ms,kind,prefetched,wait_ms,inflight,lag_ms,chunk,key
917.485,open,false,-1.000,0,-1.000,259688793,GEOS_0.5x0.625/MERRA2/2019/07/MERRA2.20190701.A3mstC.05x0625.nc4
917.594,uncovered,false,126.934,0,-1.000,0,GEOS_0.5x0.625/MERRA2/2019/07/MERRA2.20190701.A3mstC.05x0625.nc4
1044.672,hit,false,0.000,0,-1.000,0,GEOS_0.5x0.625/MERRA2/2019/07/MERRA2.20190701.A3mstC.05x0625.nc4
1044.729,hit,false,0.000,0,-1.000,0,GEOS_0.5x0.625/MERRA2/2019/07/MERRA2.20190701.A3mstC.05x0625.nc4
1044.846,hit,false,0.000,0,-1.000,0,GEOS_0.5x0.625/MERRA2/2019/07/MERRA2.20190701.A3mstC.05x0625.nc4
1044.908,hit,false,0.000,0,-1.000,0,GEOS_0.5x0.625/MERRA2/2019/07/MERRA2.20190701.A3mstC.05x0625.nc4
1045.008,hit,false,0.000,0,-1.000,0,GEOS_0.5x0.625/MERRA2/2019/07/MERRA2.20190701.A3mstC.05x0625.nc4
1045.034,hit,false,0.000,0,-1.000,0,GEOS_0.5x0.625/MERRA2/2019/07/MERRA2.20190701.A3mstC.05x0625.nc4
1045.136,hit,false,0.000,0,-1.000,0,GEOS_0.5x0.625/MERRA2/2019/07/MERRA2.20190701.A3mstC.05x0625.nc4
1045.271,uncovered,false,30.831,0,-1.000,1,GEOS_0.5x0.625/MERRA2/2019/07/MERRA2.20190701.A3mstC.05x0625.nc4
1045.495,uncovered,false,30.675,0,-1.000,1,GEOS_0.5x0.625/MERRA2/2019/07/MERRA2.20190701.A3mstC.05x0625.nc4
1076.203,hit,false,0.000,0,-1.000,1,GEOS_0.5x0.625/MERRA2/2019/07/MERRA2.20190701.A3mstC.05x0625.nc4
1076.267,hit,false,0.000,0,-1.000,1,GEOS_0.5x0.625/MERRA2/2019/07/MERRA2.20190701.A3mstC.05x0625.nc4
1076.292,hit,false,0.000,0,-1.000,1,GEOS_0.5x0.625/MERRA2/2019/07/MERRA2.20190701.A3mstC.05x0625.nc4
1076.345,hit,false,0.000,0,-1.000,1,GEOS_0.5x0.625/MERRA2/2019/07/MERRA2.20190701.A3mstC.05x0625.nc4
1076.376,hit,false,0.000,0,-1.000,1,GEOS_0.5x0.625/MERRA2/2019/07/MERRA2.20190701.A3mstC.05x0625.nc4
1076.419,hit,false,0.000,0,-1.000,1,GEOS_0.5x0.625/MERRA2/2019/07/MERRA2.20190701.A3mstC.05x0625.nc4
1076.443,uncovered,false,49.795,0,-1.000,2,GEOS_0.5x0.625/MERRA2/2019/07/MERRA2.20190701.A3mstC.05x0625.nc4
1076.494,uncovered,false,49.800,0,-1.000,2,GEOS_0.5x0.625/MERRA2/2019/07/MERRA2.20190701.A3mstC.05x0625.nc4
1126.326,hit,false,0.000,0,-1.000,2,GEOS_0.5x0.625/MERRA2/2019/07/MERRA2.20190701.A3mstC.05x0625.nc4
1126.399,hit,false,0.000,0,-1.000,2,GEOS_0.5x0.625/MERRA2/2019/07/MERRA2.20190701.A3mstC.05x0625.nc4
1126.425,hit,false,0.000,0,-1.000,2,GEOS_0.5x0.625/MERRA2/2019/07/MERRA2.20190701.A3mstC.05x0625.nc4
1126.473,hit,false,0.000,0,-1.000,2,GEOS_0.5x0.625/MERRA2/2019/07/MERRA2.20190701.A3mstC.05x0625.nc4
1126.503,hit,false,0.000,0,-1.000,2,GEOS_0.5x0.625/MERRA2/2019/07/MERRA2.20190701.A3mstC.05x0625.nc4
1126.577,hit,false,0.000,0,-1.000,2,GEOS_0.5x0.625/MERRA2/2019/07/MERRA2.20190701.A3mstC.05x0625.nc4
1126.606,uncovered,false,21.835,0,-1.000,3,GEOS_0.5x0.625/MERRA2/2019/07/MERRA2.20190701.A3mstC.05x0625.nc4
1126.650,uncovered,false,21.850,0,-1.000,3,GEOS_0.5x0.625/MERRA2/2019/07/MERRA2.20190701.A3mstC.05x0625.nc4
1148.589,hit,false,0.000,0,-1.000,3,GEOS_0.5x0.625/MERRA2/2019/07/MERRA2.20190701.A3mstC.05x0625.nc4
1148.596,hit,false,0.000,0,-1.000,3,GEOS_0.5x0.625/MERRA2/2019/07/MERRA2.20190701.A3mstC.05x0625.nc4
1148.702,hit,false,0.000,0,-1.000,3,GEOS_0.5x0.625/MERRA2/2019/07/MERRA2.20190701.A3mstC.05x0625.nc4
1148.731,hit,false,0.000,0,-1.000,3,GEOS_0.5x0.625/MERRA2/2019/07/MERRA2.20190701.A3mstC.05x0625.nc4
1148.791,hit,false,0.000,0,-1.000,3,GEOS_0.5x0.625/MERRA2/2019/07/MERRA2.20190701.A3mstC.05x0625.nc4
1148.879,hit,false,0.000,0,-1.000,3,GEOS_0.5x0.625/MERRA2/2019/07/MERRA2.20190701.A3mstC.05x0625.nc4
1148.909,uncovered,false,42.664,0,-1.000,4,GEOS_0.5x0.625/MERRA2/2019/07/MERRA2.20190701.A3mstC.05x0625.nc4
1148.960,uncovered,false,42.689,0,-1.000,4,GEOS_0.5x0.625/MERRA2/2019/07/MERRA2.20190701.A3mstC.05x0625.nc4
1191.679,hit,false,0.000,0,-1.000,4,GEOS_0.5x0.625/MERRA2/2019/07/MERRA2.20190701.A3mstC.05x0625.nc4
1191.747,hit,false,0.000,0,-1.000,4,GEOS_0.5x0.625/MERRA2/2019/07/MERRA2.20190701.A3mstC.05x0625.nc4
1191.777,hit,false,0.000,0,-1.000,4,GEOS_0.5x0.625/MERRA2/2019/07/MERRA2.20190701.A3mstC.05x0625.nc4
1191.821,hit,false,0.000,0,-1.000,4,GEOS_0.5x0.625/MERRA2/2019/07/MERRA2.20190701.A3mstC.05x0625.nc4
1191.857,hit,false,0.000,0,-1.000,4,GEOS_0.5x0.625/MERRA2/2019/07/MERRA2.20190701.A3mstC.05x0625.nc4
1191.901,hit,false,0.000,0,-1.000,4,GEOS_0.5x0.625/MERRA2/2019/07/MERRA2.20190701.A3mstC.05x0625.nc4
1191.936,uncovered,false,49.254,0,-1.000,5,GEOS_0.5x0.625/MERRA2/2019/07/MERRA2.20190701.A3mstC.05x0625.nc4
1191.983,uncovered,false,49.274,0,-1.000,5,GEOS_0.5x0.625/MERRA2/2019/07/MERRA2.20190701.A3mstC.05x0625.nc4
1241.286,hit,false,0.000,0,-1.000,5,GEOS_0.5x0.625/MERRA2/2019/07/MERRA2.20190701.A3mstC.05x0625.nc4
1241.350,hit,false,0.000,0,-1.000,5,GEOS_0.5x0.625/MERRA2/2019/07/MERRA2.20190701.A3mstC.05x0625.nc4
1241.379,hit,false,0.000,0,-1.000,5,GEOS_0.5x0.625/MERRA2/2019/07/MERRA2.20190701.A3mstC.05x0625.nc4
1241.430,hit,false,0.000,0,-1.000,5,GEOS_0.5x0.625/MERRA2/2019/07/MERRA2.20190701.A3mstC.05x0625.nc4
1241.465,hit,false,0.000,0,-1.000,5,GEOS_0.5x0.625/MERRA2/2019/07/MERRA2.20190701.A3mstC.05x0625.nc4
1241.573,hit,false,0.000,0,-1.000,5,GEOS_0.5x0.625/MERRA2/2019/07/MERRA2.20190701.A3mstC.05x0625.nc4
1241.605,uncovered,false,78.125,0,-1.000,6,GEOS_0.5x0.625/MERRA2/2019/07/MERRA2.20190701.A3mstC.05x0625.nc4
1241.645,uncovered,false,78.158,0,-1.000,6,GEOS_0.5x0.625/MERRA2/2019/07/MERRA2.20190701.A3mstC.05x0625.nc4
1319.832,hit,false,0.000,0,-1.000,6,GEOS_0.5x0.625/MERRA2/2019/07/MERRA2.20190701.A3mstC.05x0625.nc4
1319.896,hit,false,0.000,0,-1.000,6,GEOS_0.5x0.625/MERRA2/2019/07/MERRA2.20190701.A3mstC.05x0625.nc4
1319.921,hit,false,0.000,0,-1.000,6,GEOS_0.5x0.625/MERRA2/2019/07/MERRA2.20190701.A3mstC.05x0625.nc4
1319.963,hit,false,0.000,0,-1.000,6,GEOS_0.5x0.625/MERRA2/2019/07/MERRA2.20190701.A3mstC.05x0625.nc4
1319.995,hit,false,0.000,0,-1.000,6,GEOS_0.5x0.625/MERRA2/2019/07/MERRA2.20190701.A3mstC.05x0625.nc4
1320.029,hit,false,0.000,0,-1.000,6,GEOS_0.5x0.625/MERRA2/2019/07/MERRA2.20190701.A3mstC.05x0625.nc4
1320.061,uncovered,false,31.123,0,-1.000,7,GEOS_0.5x0.625/MERRA2/2019/07/MERRA2.20190701.A3mstC.05x0625.nc4
1320.091,uncovered,false,31.161,0,-1.000,7,GEOS_0.5x0.625/MERRA2/2019/07/MERRA2.20190701.A3mstC.05x0625.nc4
1351.284,hit,false,0.000,0,-1.000,7,GEOS_0.5x0.625/MERRA2/2019/07/MERRA2.20190701.A3mstC.05x0625.nc4
1351.335,hit,false,0.000,0,-1.000,7,GEOS_0.5x0.625/MERRA2/2019/07/MERRA2.20190701.A3mstC.05x0625.nc4
1351.367,hit,false,0.000,0,-1.000,7,GEOS_0.5x0.625/MERRA2/2019/07/MERRA2.20190701.A3mstC.05x0625.nc4
1351.410,hit,false,0.000,0,-1.000,7,GEOS_0.5x0.625/MERRA2/2019/07/MERRA2.20190701.A3mstC.05x0625.nc4
1351.442,hit,false,0.000,0,-1.000,7,GEOS_0.5x0.625/MERRA2/2019/07/MERRA2.20190701.A3mstC.05x0625.nc4
1351.478,hit,false,0.000,0,-1.000,7,GEOS_0.5x0.625/MERRA2/2019/07/MERRA2.20190701.A3mstC.05x0625.nc4
1351.524,uncovered,false,75.439,0,-1.000,8,GEOS_0.5x0.625/MERRA2/2019/07/MERRA2.20190701.A3mstC.05x0625.nc4
1351.555,uncovered,false,75.485,0,-1.000,8,GEOS_0.5x0.625/MERRA2/2019/07/MERRA2.20190701.A3mstC.05x0625.nc4
1427.611,hit,false,0.000,20,-1.000,8,GEOS_0.5x0.625/MERRA2/2019/07/MERRA2.20190701.A3mstC.05x0625.nc4
1427.766,hit,false,0.000,36,-1.000,8,GEOS_0.5x0.625/MERRA2/2019/07/MERRA2.20190701.A3mstC.05x0625.nc4
1427.869,hit,false,0.000,59,-1.000,8,GEOS_0.5x0.625/MERRA2/2019/07/MERRA2.20190701.A3mstC.05x0625.nc4
1428.388,hit,false,0.000,71,-1.000,8,GEOS_0.5x0.625/MERRA2/2019/07/MERRA2.20190701.A3mstC.05x0625.nc4
1428.512,hit,false,0.000,71,-1.000,8,GEOS_0.5x0.625/MERRA2/2019/07/MERRA2.20190701.A3mstC.05x0625.nc4
1428.534,hit,false,0.000,71,-1.000,8,GEOS_0.5x0.625/MERRA2/2019/07/MERRA2.20190701.A3mstC.05x0625.nc4
1428.633,uncovered,false,58.888,232,-1.000,9,GEOS_0.5x0.625/MERRA2/2019/07/MERRA2.20190701.A3mstC.05x0625.nc4
1428.653,uncovered,false,58.935,232,-1.000,9,GEOS_0.5x0.625/MERRA2/2019/07/MERRA2.20190701.A3mstC.05x0625.nc4
1487.651,hit,false,0.000,232,-1.000,9,GEOS_0.5x0.625/MERRA2/2019/07/MERRA2.20190701.A3mstC.05x0625.nc4
1487.696,hit,false,0.000,232,-1.000,9,GEOS_0.5x0.625/MERRA2/2019/07/MERRA2.20190701.A3mstC.05x0625.nc4
1487.722,hit,false,0.000,232,-1.000,9,GEOS_0.5x0.625/MERRA2/2019/07/MERRA2.20190701.A3mstC.05x0625.nc4
1487.794,hit,false,0.000,232,-1.000,9,GEOS_0.5x0.625/MERRA2/2019/07/MERRA2.20190701.A3mstC.05x0625.nc4
1487.860,hit,false,0.000,232,-1.000,9,GEOS_0.5x0.625/MERRA2/2019/07/MERRA2.20190701.A3mstC.05x0625.nc4
1487.874,hit,false,0.000,232,-1.000,9,GEOS_0.5x0.625/MERRA2/2019/07/MERRA2.20190701.A3mstC.05x0625.nc4
1487.932,uncovered,false,50.279,231,-1.000,10,GEOS_0.5x0.625/MERRA2/2019/07/MERRA2.20190701.A3mstC.05x0625.nc4
1487.966,uncovered,false,50.267,231,-1.000,10,GEOS_0.5x0.625/MERRA2/2019/07/MERRA2.20190701.A3mstC.05x0625.nc4
1538.348,hit,false,0.000,231,-1.000,10,GEOS_0.5x0.625/MERRA2/2019/07/MERRA2.20190701.A3mstC.05x0625.nc4
1538.380,hit,false,0.000,231,-1.000,10,GEOS_0.5x0.625/MERRA2/2019/07/MERRA2.20190701.A3mstC.05x0625.nc4
1538.438,hit,false,0.000,231,-1.000,10,GEOS_0.5x0.625/MERRA2/2019/07/MERRA2.20190701.A3mstC.05x0625.nc4
1538.478,hit,false,0.000,231,-1.000,10,GEOS_0.5x0.625/MERRA2/2019/07/MERRA2.20190701.A3mstC.05x0625.nc4
1538.510,hit,false,0.000,231,-1.000,10,GEOS_0.5x0.625/MERRA2/2019/07/MERRA2.20190701.A3mstC.05x0625.nc4
1538.546,hit,false,0.000,231,-1.000,10,GEOS_0.5x0.625/MERRA2/2019/07/MERRA2.20190701.A3mstC.05x0625.nc4
1538.582,uncovered,false,31.997,197,-1.000,11,GEOS_0.5x0.625/MERRA2/2019/07/MERRA2.20190701.A3mstC.05x0625.nc4
1538.618,uncovered,false,31.999,197,-1.000,11,GEOS_0.5x0.625/MERRA2/2019/07/MERRA2.20190701.A3mstC.05x0625.nc4
1570.756,hit,false,0.000,197,-1.000,11,GEOS_0.5x0.625/MERRA2/2019/07/MERRA2.20190701.A3mstC.05x0625.nc4
1570.835,hit,false,0.000,197,-1.000,11,GEOS_0.5x0.625/MERRA2/2019/07/MERRA2.20190701.A3mstC.05x0625.nc4
1570.879,hit,false,0.000,197,-1.000,11,GEOS_0.5x0.625/MERRA2/2019/07/MERRA2.20190701.A3mstC.05x0625.nc4
1570.954,hit,false,0.000,197,-1.000,11,GEOS_0.5x0.625/MERRA2/2019/07/MERRA2.20190701.A3mstC.05x0625.nc4
1571.018,hit,false,0.000,197,-1.000,11,GEOS_0.5x0.625/MERRA2/2019/07/MERRA2.20190701.A3mstC.05x0625.nc4
1571.039,hit,false,0.000,197,-1.000,11,GEOS_0.5x0.625/MERRA2/2019/07/MERRA2.20190701.A3mstC.05x0625.nc4
1571.095,uncovered,false,26.931,152,-1.000,12,GEOS_0.5x0.625/MERRA2/2019/07/MERRA2.20190701.A3mstC.05x0625.nc4
1571.128,uncovered,false,26.968,152,-1.000,12,GEOS_0.5x0.625/MERRA2/2019/07/MERRA2.20190701.A3mstC.05x0625.nc4
1598.168,hit,false,0.000,152,-1.000,12,GEOS_0.5x0.625/MERRA2/2019/07/MERRA2.20190701.A3mstC.05x0625.nc4
1598.226,hit,false,0.000,152,-1.000,12,GEOS_0.5x0.625/MERRA2/2019/07/MERRA2.20190701.A3mstC.05x0625.nc4
1598.254,hit,false,0.000,152,-1.000,12,GEOS_0.5x0.625/MERRA2/2019/07/MERRA2.20190701.A3mstC.05x0625.nc4
1598.331,hit,false,0.000,152,-1.000,12,GEOS_0.5x0.625/MERRA2/2019/07/MERRA2.20190701.A3mstC.05x0625.nc4
1598.347,hit,false,0.000,152,-1.000,12,GEOS_0.5x0.625/MERRA2/2019/07/MERRA2.20190701.A3mstC.05x0625.nc4
1598.415,hit,false,0.000,152,-1.000,12,GEOS_0.5x0.625/MERRA2/2019/07/MERRA2.20190701.A3mstC.05x0625.nc4
1598.440,uncovered,false,47.415,62,-1.000,13,GEOS_0.5x0.625/MERRA2/2019/07/MERRA2.20190701.A3mstC.05x0625.nc4
1598.489,uncovered,false,47.411,62,-1.000,13,GEOS_0.5x0.625/MERRA2/2019/07/MERRA2.20190701.A3mstC.05x0625.nc4
1645.993,hit,false,0.000,62,-1.000,13,GEOS_0.5x0.625/MERRA2/2019/07/MERRA2.20190701.A3mstC.05x0625.nc4
1646.054,hit,false,0.000,62,-1.000,13,GEOS_0.5x0.625/MERRA2/2019/07/MERRA2.20190701.A3mstC.05x0625.nc4
1646.078,hit,false,0.000,62,-1.000,13,GEOS_0.5x0.625/MERRA2/2019/07/MERRA2.20190701.A3mstC.05x0625.nc4
1646.145,hit,false,0.000,62,-1.000,13,GEOS_0.5x0.625/MERRA2/2019/07/MERRA2.20190701.A3mstC.05x0625.nc4
1646.182,hit,false,0.000,62,-1.000,13,GEOS_0.5x0.625/MERRA2/2019/07/MERRA2.20190701.A3mstC.05x0625.nc4
1646.312,hit,false,0.000,61,-1.000,13,GEOS_0.5x0.625/MERRA2/2019/07/MERRA2.20190701.A3mstC.05x0625.nc4
1646.335,uncovered,false,27.480,16,-1.000,14,GEOS_0.5x0.625/MERRA2/2019/07/MERRA2.20190701.A3mstC.05x0625.nc4
1646.387,uncovered,false,27.471,15,-1.000,14,GEOS_0.5x0.625/MERRA2/2019/07/MERRA2.20190701.A3mstC.05x0625.nc4
1673.922,hit,false,0.000,15,-1.000,14,GEOS_0.5x0.625/MERRA2/2019/07/MERRA2.20190701.A3mstC.05x0625.nc4
1673.947,hit,false,0.000,15,-1.000,14,GEOS_0.5x0.625/MERRA2/2019/07/MERRA2.20190701.A3mstC.05x0625.nc4
1673.991,hit,false,0.000,15,-1.000,14,GEOS_0.5x0.625/MERRA2/2019/07/MERRA2.20190701.A3mstC.05x0625.nc4
1674.020,hit,false,0.000,15,-1.000,14,GEOS_0.5x0.625/MERRA2/2019/07/MERRA2.20190701.A3mstC.05x0625.nc4
1674.052,hit,false,0.000,15,-1.000,14,GEOS_0.5x0.625/MERRA2/2019/07/MERRA2.20190701.A3mstC.05x0625.nc4
1674.084,hit,false,0.000,15,-1.000,14,GEOS_0.5x0.625/MERRA2/2019/07/MERRA2.20190701.A3mstC.05x0625.nc4
1674.111,uncovered,false,27.715,7,-1.000,15,GEOS_0.5x0.625/MERRA2/2019/07/MERRA2.20190701.A3mstC.05x0625.nc4
1674.145,uncovered,false,27.735,7,-1.000,15,GEOS_0.5x0.625/MERRA2/2019/07/MERRA2.20190701.A3mstC.05x0625.nc4
1701.927,hit,false,0.000,7,-1.000,15,GEOS_0.5x0.625/MERRA2/2019/07/MERRA2.20190701.A3mstC.05x0625.nc4
1701.955,hit,false,0.000,7,-1.000,15,GEOS_0.5x0.625/MERRA2/2019/07/MERRA2.20190701.A3mstC.05x0625.nc4
1702.008,hit,false,0.000,7,-1.000,15,GEOS_0.5x0.625/MERRA2/2019/07/MERRA2.20190701.A3mstC.05x0625.nc4
1702.030,hit,false,0.000,7,-1.000,15,GEOS_0.5x0.625/MERRA2/2019/07/MERRA2.20190701.A3mstC.05x0625.nc4
1702.072,hit,false,0.000,7,-1.000,15,GEOS_0.5x0.625/MERRA2/2019/07/MERRA2.20190701.A3mstC.05x0625.nc4
1702.093,hit,false,0.000,7,-1.000,15,GEOS_0.5x0.625/MERRA2/2019/07/MERRA2.20190701.A3mstC.05x0625.nc4
1702.132,hit,false,0.000,7,274.584,16,GEOS_0.5x0.625/MERRA2/2019/07/MERRA2.20190701.A3mstC.05x0625.nc4
1702.158,hit,false,0.000,7,274.610,16,GEOS_0.5x0.625/MERRA2/2019/07/MERRA2.20190701.A3mstC.05x0625.nc4
1702.208,hit,false,0.000,7,274.660,16,GEOS_0.5x0.625/MERRA2/2019/07/MERRA2.20190701.A3mstC.05x0625.nc4
1702.231,hit,false,0.000,7,274.683,16,GEOS_0.5x0.625/MERRA2/2019/07/MERRA2.20190701.A3mstC.05x0625.nc4
1702.274,hit,false,0.000,7,274.726,16,GEOS_0.5x0.625/MERRA2/2019/07/MERRA2.20190701.A3mstC.05x0625.nc4
1702.295,hit,false,0.000,7,274.747,16,GEOS_0.5x0.625/MERRA2/2019/07/MERRA2.20190701.A3mstC.05x0625.nc4
1702.334,hit,false,0.000,7,274.786,16,GEOS_0.5x0.625/MERRA2/2019/07/MERRA2.20190701.A3mstC.05x0625.nc4
1702.358,hit,false,0.000,7,274.810,16,GEOS_0.5x0.625/MERRA2/2019/07/MERRA2.20190701.A3mstC.05x0625.nc4
1702.398,hit,false,0.000,7,274.847,17,GEOS_0.5x0.625/MERRA2/2019/07/MERRA2.20190701.A3mstC.05x0625.nc4
1702.427,hit,false,0.000,7,274.875,17,GEOS_0.5x0.625/MERRA2/2019/07/MERRA2.20190701.A3mstC.05x0625.nc4
1702.468,hit,false,0.000,7,274.917,17,GEOS_0.5x0.625/MERRA2/2019/07/MERRA2.20190701.A3mstC.05x0625.nc4
1702.491,hit,false,0.000,7,274.940,17,GEOS_0.5x0.625/MERRA2/2019/07/MERRA2.20190701.A3mstC.05x0625.nc4
1702.534,hit,false,0.000,7,274.982,17,GEOS_0.5x0.625/MERRA2/2019/07/MERRA2.20190701.A3mstC.05x0625.nc4
1702.559,hit,false,0.000,7,275.008,17,GEOS_0.5x0.625/MERRA2/2019/07/MERRA2.20190701.A3mstC.05x0625.nc4
1702.597,hit,false,0.000,7,275.046,17,GEOS_0.5x0.625/MERRA2/2019/07/MERRA2.20190701.A3mstC.05x0625.nc4
1702.621,hit,false,0.000,7,275.069,17,GEOS_0.5x0.625/MERRA2/2019/07/MERRA2.20190701.A3mstC.05x0625.nc4
1702.668,hit,false,0.000,7,275.115,18,GEOS_0.5x0.625/MERRA2/2019/07/MERRA2.20190701.A3mstC.05x0625.nc4
1702.689,hit,false,0.000,7,275.136,18,GEOS_0.5x0.625/MERRA2/2019/07/MERRA2.20190701.A3mstC.05x0625.nc4
1702.757,hit,false,0.000,7,275.203,18,GEOS_0.5x0.625/MERRA2/2019/07/MERRA2.20190701.A3mstC.05x0625.nc4
1702.780,hit,false,0.000,7,275.227,18,GEOS_0.5x0.625/MERRA2/2019/07/MERRA2.20190701.A3mstC.05x0625.nc4
1702.825,hit,false,0.000,7,275.272,18,GEOS_0.5x0.625/MERRA2/2019/07/MERRA2.20190701.A3mstC.05x0625.nc4
1702.849,hit,false,0.000,7,275.296,18,GEOS_0.5x0.625/MERRA2/2019/07/MERRA2.20190701.A3mstC.05x0625.nc4
1702.886,hit,false,0.000,7,275.333,18,GEOS_0.5x0.625/MERRA2/2019/07/MERRA2.20190701.A3mstC.05x0625.nc4
1702.910,hit,false,0.000,7,275.357,18,GEOS_0.5x0.625/MERRA2/2019/07/MERRA2.20190701.A3mstC.05x0625.nc4
1702.947,hit,false,0.000,7,275.385,19,GEOS_0.5x0.625/MERRA2/2019/07/MERRA2.20190701.A3mstC.05x0625.nc4
1702.976,hit,false,0.000,7,275.413,19,GEOS_0.5x0.625/MERRA2/2019/07/MERRA2.20190701.A3mstC.05x0625.nc4
1703.019,hit,false,0.000,7,275.456,19,GEOS_0.5x0.625/MERRA2/2019/07/MERRA2.20190701.A3mstC.05x0625.nc4
1703.041,hit,false,0.000,7,275.478,19,GEOS_0.5x0.625/MERRA2/2019/07/MERRA2.20190701.A3mstC.05x0625.nc4
1703.082,hit,false,0.000,7,275.519,19,GEOS_0.5x0.625/MERRA2/2019/07/MERRA2.20190701.A3mstC.05x0625.nc4
1703.104,hit,false,0.000,7,275.541,19,GEOS_0.5x0.625/MERRA2/2019/07/MERRA2.20190701.A3mstC.05x0625.nc4
1703.140,hit,false,0.000,7,275.577,19,GEOS_0.5x0.625/MERRA2/2019/07/MERRA2.20190701.A3mstC.05x0625.nc4
1703.166,hit,false,0.000,7,275.603,19,GEOS_0.5x0.625/MERRA2/2019/07/MERRA2.20190701.A3mstC.05x0625.nc4
1703.201,hit,false,0.000,7,275.636,20,GEOS_0.5x0.625/MERRA2/2019/07/MERRA2.20190701.A3mstC.05x0625.nc4
1703.227,hit,false,0.000,7,275.663,20,GEOS_0.5x0.625/MERRA2/2019/07/MERRA2.20190701.A3mstC.05x0625.nc4
1703.263,hit,false,0.000,7,275.698,20,GEOS_0.5x0.625/MERRA2/2019/07/MERRA2.20190701.A3mstC.05x0625.nc4
1703.288,hit,false,0.000,7,275.723,20,GEOS_0.5x0.625/MERRA2/2019/07/MERRA2.20190701.A3mstC.05x0625.nc4
1703.322,hit,false,0.000,7,275.757,20,GEOS_0.5x0.625/MERRA2/2019/07/MERRA2.20190701.A3mstC.05x0625.nc4
1703.351,hit,false,0.000,7,275.787,20,GEOS_0.5x0.625/MERRA2/2019/07/MERRA2.20190701.A3mstC.05x0625.nc4
1703.376,hit,false,0.000,7,275.811,20,GEOS_0.5x0.625/MERRA2/2019/07/MERRA2.20190701.A3mstC.05x0625.nc4
1703.412,hit,false,0.000,7,275.848,20,GEOS_0.5x0.625/MERRA2/2019/07/MERRA2.20190701.A3mstC.05x0625.nc4
1703.437,hit,false,0.000,7,275.870,21,GEOS_0.5x0.625/MERRA2/2019/07/MERRA2.20190701.A3mstC.05x0625.nc4
1703.477,hit,false,0.000,7,275.910,21,GEOS_0.5x0.625/MERRA2/2019/07/MERRA2.20190701.A3mstC.05x0625.nc4
1703.500,hit,false,0.000,7,275.933,21,GEOS_0.5x0.625/MERRA2/2019/07/MERRA2.20190701.A3mstC.05x0625.nc4
1703.534,hit,false,0.000,7,275.967,21,GEOS_0.5x0.625/MERRA2/2019/07/MERRA2.20190701.A3mstC.05x0625.nc4
1703.560,hit,false,0.000,7,275.993,21,GEOS_0.5x0.625/MERRA2/2019/07/MERRA2.20190701.A3mstC.05x0625.nc4
1703.589,hit,false,0.000,7,276.022,21,GEOS_0.5x0.625/MERRA2/2019/07/MERRA2.20190701.A3mstC.05x0625.nc4
1703.695,hit,false,0.000,6,276.128,21,GEOS_0.5x0.625/MERRA2/2019/07/MERRA2.20190701.A3mstC.05x0625.nc4
1703.718,hit,false,0.000,6,276.151,21,GEOS_0.5x0.625/MERRA2/2019/07/MERRA2.20190701.A3mstC.05x0625.nc4
1703.751,hit,false,0.000,6,276.178,22,GEOS_0.5x0.625/MERRA2/2019/07/MERRA2.20190701.A3mstC.05x0625.nc4
1703.778,hit,false,0.000,6,276.206,22,GEOS_0.5x0.625/MERRA2/2019/07/MERRA2.20190701.A3mstC.05x0625.nc4
1703.816,hit,false,0.000,6,276.244,22,GEOS_0.5x0.625/MERRA2/2019/07/MERRA2.20190701.A3mstC.05x0625.nc4
1703.839,hit,false,0.000,6,276.267,22,GEOS_0.5x0.625/MERRA2/2019/07/MERRA2.20190701.A3mstC.05x0625.nc4
1703.872,hit,false,0.000,6,276.300,22,GEOS_0.5x0.625/MERRA2/2019/07/MERRA2.20190701.A3mstC.05x0625.nc4
1703.901,hit,false,0.000,6,276.329,22,GEOS_0.5x0.625/MERRA2/2019/07/MERRA2.20190701.A3mstC.05x0625.nc4
1703.938,hit,false,0.000,6,276.366,22,GEOS_0.5x0.625/MERRA2/2019/07/MERRA2.20190701.A3mstC.05x0625.nc4
1703.964,hit,false,0.000,6,276.391,22,GEOS_0.5x0.625/MERRA2/2019/07/MERRA2.20190701.A3mstC.05x0625.nc4
1703.998,hit,false,0.000,6,276.423,23,GEOS_0.5x0.625/MERRA2/2019/07/MERRA2.20190701.A3mstC.05x0625.nc4
1704.026,hit,false,0.000,6,276.451,23,GEOS_0.5x0.625/MERRA2/2019/07/MERRA2.20190701.A3mstC.05x0625.nc4
1704.059,hit,false,0.000,6,276.484,23,GEOS_0.5x0.625/MERRA2/2019/07/MERRA2.20190701.A3mstC.05x0625.nc4
1704.088,hit,false,0.000,6,276.513,23,GEOS_0.5x0.625/MERRA2/2019/07/MERRA2.20190701.A3mstC.05x0625.nc4
1704.119,hit,false,0.000,6,276.544,23,GEOS_0.5x0.625/MERRA2/2019/07/MERRA2.20190701.A3mstC.05x0625.nc4
1704.150,hit,false,0.000,6,276.575,23,GEOS_0.5x0.625/MERRA2/2019/07/MERRA2.20190701.A3mstC.05x0625.nc4
1704.172,hit,false,0.000,6,276.598,23,GEOS_0.5x0.625/MERRA2/2019/07/MERRA2.20190701.A3mstC.05x0625.nc4
1704.208,hit,false,0.000,6,276.633,23,GEOS_0.5x0.625/MERRA2/2019/07/MERRA2.20190701.A3mstC.05x0625.nc4
1704.232,hit,false,0.000,6,276.679,24,GEOS_0.5x0.625/MERRA2/2019/07/MERRA2.20190701.A3mstC.05x0625.nc4
1704.270,hit,false,0.000,6,276.717,24,GEOS_0.5x0.625/MERRA2/2019/07/MERRA2.20190701.A3mstC.05x0625.nc4
1704.303,hit,false,0.000,6,276.750,24,GEOS_0.5x0.625/MERRA2/2019/07/MERRA2.20190701.A3mstC.05x0625.nc4
1704.326,hit,false,0.000,6,276.773,24,GEOS_0.5x0.625/MERRA2/2019/07/MERRA2.20190701.A3mstC.05x0625.nc4
1704.370,hit,false,0.000,6,276.817,24,GEOS_0.5x0.625/MERRA2/2019/07/MERRA2.20190701.A3mstC.05x0625.nc4
1704.393,hit,false,0.000,6,276.840,24,GEOS_0.5x0.625/MERRA2/2019/07/MERRA2.20190701.A3mstC.05x0625.nc4
1704.429,hit,false,0.000,6,276.876,24,GEOS_0.5x0.625/MERRA2/2019/07/MERRA2.20190701.A3mstC.05x0625.nc4
1704.454,hit,false,0.000,6,276.901,24,GEOS_0.5x0.625/MERRA2/2019/07/MERRA2.20190701.A3mstC.05x0625.nc4
1704.489,hit,false,0.000,6,276.870,25,GEOS_0.5x0.625/MERRA2/2019/07/MERRA2.20190701.A3mstC.05x0625.nc4
1704.515,hit,false,0.000,6,276.896,25,GEOS_0.5x0.625/MERRA2/2019/07/MERRA2.20190701.A3mstC.05x0625.nc4
1704.548,hit,false,0.000,6,276.929,25,GEOS_0.5x0.625/MERRA2/2019/07/MERRA2.20190701.A3mstC.05x0625.nc4
1704.573,hit,false,0.000,6,276.954,25,GEOS_0.5x0.625/MERRA2/2019/07/MERRA2.20190701.A3mstC.05x0625.nc4
1704.617,hit,false,0.000,6,276.998,25,GEOS_0.5x0.625/MERRA2/2019/07/MERRA2.20190701.A3mstC.05x0625.nc4
1704.640,hit,false,0.000,6,277.021,25,GEOS_0.5x0.625/MERRA2/2019/07/MERRA2.20190701.A3mstC.05x0625.nc4
1704.674,hit,false,0.000,6,277.055,25,GEOS_0.5x0.625/MERRA2/2019/07/MERRA2.20190701.A3mstC.05x0625.nc4
1704.708,hit,false,0.000,6,277.089,25,GEOS_0.5x0.625/MERRA2/2019/07/MERRA2.20190701.A3mstC.05x0625.nc4
1704.733,hit,false,0.000,6,277.112,26,GEOS_0.5x0.625/MERRA2/2019/07/MERRA2.20190701.A3mstC.05x0625.nc4
1704.771,hit,false,0.000,6,277.150,26,GEOS_0.5x0.625/MERRA2/2019/07/MERRA2.20190701.A3mstC.05x0625.nc4
1704.800,hit,false,0.000,6,277.179,26,GEOS_0.5x0.625/MERRA2/2019/07/MERRA2.20190701.A3mstC.05x0625.nc4
1704.831,hit,false,0.000,6,277.210,26,GEOS_0.5x0.625/MERRA2/2019/07/MERRA2.20190701.A3mstC.05x0625.nc4
1704.862,hit,false,0.000,6,277.241,26,GEOS_0.5x0.625/MERRA2/2019/07/MERRA2.20190701.A3mstC.05x0625.nc4
1704.892,hit,false,0.000,6,277.271,26,GEOS_0.5x0.625/MERRA2/2019/07/MERRA2.20190701.A3mstC.05x0625.nc4
1704.922,hit,false,0.000,6,277.300,26,GEOS_0.5x0.625/MERRA2/2019/07/MERRA2.20190701.A3mstC.05x0625.nc4
1704.950,hit,false,0.000,6,277.328,26,GEOS_0.5x0.625/MERRA2/2019/07/MERRA2.20190701.A3mstC.05x0625.nc4
1704.982,hit,false,0.000,6,277.358,27,GEOS_0.5x0.625/MERRA2/2019/07/MERRA2.20190701.A3mstC.05x0625.nc4
1705.007,hit,false,0.000,6,277.384,27,GEOS_0.5x0.625/MERRA2/2019/07/MERRA2.20190701.A3mstC.05x0625.nc4
1705.045,hit,false,0.000,6,277.422,27,GEOS_0.5x0.625/MERRA2/2019/07/MERRA2.20190701.A3mstC.05x0625.nc4
1705.069,hit,false,0.000,6,277.446,27,GEOS_0.5x0.625/MERRA2/2019/07/MERRA2.20190701.A3mstC.05x0625.nc4
1705.103,hit,false,0.000,6,277.480,27,GEOS_0.5x0.625/MERRA2/2019/07/MERRA2.20190701.A3mstC.05x0625.nc4
1705.128,hit,false,0.000,6,277.505,27,GEOS_0.5x0.625/MERRA2/2019/07/MERRA2.20190701.A3mstC.05x0625.nc4
1705.159,hit,false,0.000,6,277.535,27,GEOS_0.5x0.625/MERRA2/2019/07/MERRA2.20190701.A3mstC.05x0625.nc4
1705.182,hit,false,0.000,6,277.559,27,GEOS_0.5x0.625/MERRA2/2019/07/MERRA2.20190701.A3mstC.05x0625.nc4
1705.215,hit,false,0.000,6,277.590,28,GEOS_0.5x0.625/MERRA2/2019/07/MERRA2.20190701.A3mstC.05x0625.nc4
1705.241,hit,false,0.000,6,277.616,28,GEOS_0.5x0.625/MERRA2/2019/07/MERRA2.20190701.A3mstC.05x0625.nc4
1705.274,hit,false,0.000,6,277.649,28,GEOS_0.5x0.625/MERRA2/2019/07/MERRA2.20190701.A3mstC.05x0625.nc4
1705.300,hit,false,0.000,6,277.675,28,GEOS_0.5x0.625/MERRA2/2019/07/MERRA2.20190701.A3mstC.05x0625.nc4
1705.332,hit,false,0.000,6,277.707,28,GEOS_0.5x0.625/MERRA2/2019/07/MERRA2.20190701.A3mstC.05x0625.nc4
1705.360,hit,false,0.000,6,277.735,28,GEOS_0.5x0.625/MERRA2/2019/07/MERRA2.20190701.A3mstC.05x0625.nc4
1705.391,hit,false,0.000,6,277.766,28,GEOS_0.5x0.625/MERRA2/2019/07/MERRA2.20190701.A3mstC.05x0625.nc4
1705.420,hit,false,0.000,6,277.795,28,GEOS_0.5x0.625/MERRA2/2019/07/MERRA2.20190701.A3mstC.05x0625.nc4
1705.452,hit,false,0.000,6,277.824,29,GEOS_0.5x0.625/MERRA2/2019/07/MERRA2.20190701.A3mstC.05x0625.nc4
1705.484,hit,false,0.000,6,277.856,29,GEOS_0.5x0.625/MERRA2/2019/07/MERRA2.20190701.A3mstC.05x0625.nc4
1705.514,hit,false,0.000,6,277.886,29,GEOS_0.5x0.625/MERRA2/2019/07/MERRA2.20190701.A3mstC.05x0625.nc4
1705.543,hit,false,0.000,6,277.916,29,GEOS_0.5x0.625/MERRA2/2019/07/MERRA2.20190701.A3mstC.05x0625.nc4
1705.572,hit,false,0.000,6,277.944,29,GEOS_0.5x0.625/MERRA2/2019/07/MERRA2.20190701.A3mstC.05x0625.nc4
1705.682,hit,false,0.000,6,278.054,29,GEOS_0.5x0.625/MERRA2/2019/07/MERRA2.20190701.A3mstC.05x0625.nc4
1705.706,hit,false,0.000,6,278.078,29,GEOS_0.5x0.625/MERRA2/2019/07/MERRA2.20190701.A3mstC.05x0625.nc4
1705.741,hit,false,0.000,6,278.114,29,GEOS_0.5x0.625/MERRA2/2019/07/MERRA2.20190701.A3mstC.05x0625.nc4
1705.817,hit,false,0.000,6,278.018,30,GEOS_0.5x0.625/MERRA2/2019/07/MERRA2.20190701.A3mstC.05x0625.nc4
1705.846,hit,false,0.000,6,278.047,30,GEOS_0.5x0.625/MERRA2/2019/07/MERRA2.20190701.A3mstC.05x0625.nc4
1705.878,hit,false,0.000,6,278.079,30,GEOS_0.5x0.625/MERRA2/2019/07/MERRA2.20190701.A3mstC.05x0625.nc4
1705.906,hit,false,0.000,6,278.107,30,GEOS_0.5x0.625/MERRA2/2019/07/MERRA2.20190701.A3mstC.05x0625.nc4
1705.935,hit,false,0.000,6,278.136,30,GEOS_0.5x0.625/MERRA2/2019/07/MERRA2.20190701.A3mstC.05x0625.nc4
1705.966,hit,false,0.000,6,278.167,30,GEOS_0.5x0.625/MERRA2/2019/07/MERRA2.20190701.A3mstC.05x0625.nc4
1705.997,hit,false,0.000,6,278.198,30,GEOS_0.5x0.625/MERRA2/2019/07/MERRA2.20190701.A3mstC.05x0625.nc4
1706.025,hit,false,0.000,6,278.226,30,GEOS_0.5x0.625/MERRA2/2019/07/MERRA2.20190701.A3mstC.05x0625.nc4
1706.054,hit,false,0.000,6,278.253,31,GEOS_0.5x0.625/MERRA2/2019/07/MERRA2.20190701.A3mstC.05x0625.nc4
1706.085,hit,false,0.000,6,278.284,31,GEOS_0.5x0.625/MERRA2/2019/07/MERRA2.20190701.A3mstC.05x0625.nc4
1706.114,hit,false,0.000,6,278.313,31,GEOS_0.5x0.625/MERRA2/2019/07/MERRA2.20190701.A3mstC.05x0625.nc4
1706.143,hit,false,0.000,6,278.342,31,GEOS_0.5x0.625/MERRA2/2019/07/MERRA2.20190701.A3mstC.05x0625.nc4
1706.171,hit,false,0.000,6,278.370,31,GEOS_0.5x0.625/MERRA2/2019/07/MERRA2.20190701.A3mstC.05x0625.nc4
1706.199,hit,false,0.000,6,278.398,31,GEOS_0.5x0.625/MERRA2/2019/07/MERRA2.20190701.A3mstC.05x0625.nc4
1706.228,hit,false,0.000,6,278.427,31,GEOS_0.5x0.625/MERRA2/2019/07/MERRA2.20190701.A3mstC.05x0625.nc4
1706.257,hit,false,0.000,6,278.456,31,GEOS_0.5x0.625/MERRA2/2019/07/MERRA2.20190701.A3mstC.05x0625.nc4
1706.286,hit,false,0.000,6,278.774,32,GEOS_0.5x0.625/MERRA2/2019/07/MERRA2.20190701.A3mstC.05x0625.nc4
1706.319,hit,false,0.000,6,278.807,32,GEOS_0.5x0.625/MERRA2/2019/07/MERRA2.20190701.A3mstC.05x0625.nc4
1706.354,hit,false,0.000,6,278.843,32,GEOS_0.5x0.625/MERRA2/2019/07/MERRA2.20190701.A3mstC.05x0625.nc4
1706.380,hit,false,0.000,6,278.869,32,GEOS_0.5x0.625/MERRA2/2019/07/MERRA2.20190701.A3mstC.05x0625.nc4
1706.416,hit,false,0.000,6,278.904,32,GEOS_0.5x0.625/MERRA2/2019/07/MERRA2.20190701.A3mstC.05x0625.nc4
1706.439,hit,false,0.000,6,278.928,32,GEOS_0.5x0.625/MERRA2/2019/07/MERRA2.20190701.A3mstC.05x0625.nc4
1706.470,hit,false,0.000,6,278.958,32,GEOS_0.5x0.625/MERRA2/2019/07/MERRA2.20190701.A3mstC.05x0625.nc4
1706.497,hit,false,0.000,6,278.985,32,GEOS_0.5x0.625/MERRA2/2019/07/MERRA2.20190701.A3mstC.05x0625.nc4
1706.526,hit,false,0.000,6,279.006,33,GEOS_0.5x0.625/MERRA2/2019/07/MERRA2.20190701.A3mstC.05x0625.nc4
1706.560,hit,false,0.000,6,279.040,33,GEOS_0.5x0.625/MERRA2/2019/07/MERRA2.20190701.A3mstC.05x0625.nc4
1706.584,hit,false,0.000,6,279.065,33,GEOS_0.5x0.625/MERRA2/2019/07/MERRA2.20190701.A3mstC.05x0625.nc4
1706.622,hit,false,0.000,6,279.102,33,GEOS_0.5x0.625/MERRA2/2019/07/MERRA2.20190701.A3mstC.05x0625.nc4
1706.644,hit,false,0.000,6,279.125,33,GEOS_0.5x0.625/MERRA2/2019/07/MERRA2.20190701.A3mstC.05x0625.nc4
1706.681,hit,false,0.000,6,279.162,33,GEOS_0.5x0.625/MERRA2/2019/07/MERRA2.20190701.A3mstC.05x0625.nc4
1706.705,hit,false,0.000,6,279.186,33,GEOS_0.5x0.625/MERRA2/2019/07/MERRA2.20190701.A3mstC.05x0625.nc4
1706.743,hit,false,0.000,6,279.224,33,GEOS_0.5x0.625/MERRA2/2019/07/MERRA2.20190701.A3mstC.05x0625.nc4
1706.784,hit,false,0.000,6,279.263,34,GEOS_0.5x0.625/MERRA2/2019/07/MERRA2.20190701.A3mstC.05x0625.nc4
1706.864,hit,false,0.000,6,279.342,34,GEOS_0.5x0.625/MERRA2/2019/07/MERRA2.20190701.A3mstC.05x0625.nc4
1706.887,hit,false,0.000,6,279.365,34,GEOS_0.5x0.625/MERRA2/2019/07/MERRA2.20190701.A3mstC.05x0625.nc4
1706.920,hit,false,0.000,6,279.398,34,GEOS_0.5x0.625/MERRA2/2019/07/MERRA2.20190701.A3mstC.05x0625.nc4
1706.949,hit,false,0.000,6,279.428,34,GEOS_0.5x0.625/MERRA2/2019/07/MERRA2.20190701.A3mstC.05x0625.nc4
1706.979,hit,false,0.000,6,279.458,34,GEOS_0.5x0.625/MERRA2/2019/07/MERRA2.20190701.A3mstC.05x0625.nc4
1707.014,hit,false,0.000,6,279.493,34,GEOS_0.5x0.625/MERRA2/2019/07/MERRA2.20190701.A3mstC.05x0625.nc4
1707.037,hit,false,0.000,6,279.516,34,GEOS_0.5x0.625/MERRA2/2019/07/MERRA2.20190701.A3mstC.05x0625.nc4
1707.075,hit,false,0.000,6,279.552,35,GEOS_0.5x0.625/MERRA2/2019/07/MERRA2.20190701.A3mstC.05x0625.nc4
1707.099,hit,false,0.000,6,279.576,35,GEOS_0.5x0.625/MERRA2/2019/07/MERRA2.20190701.A3mstC.05x0625.nc4
1707.138,hit,false,0.000,6,279.615,35,GEOS_0.5x0.625/MERRA2/2019/07/MERRA2.20190701.A3mstC.05x0625.nc4
1707.162,hit,false,0.000,6,279.639,35,GEOS_0.5x0.625/MERRA2/2019/07/MERRA2.20190701.A3mstC.05x0625.nc4
1707.195,hit,false,0.000,6,279.671,35,GEOS_0.5x0.625/MERRA2/2019/07/MERRA2.20190701.A3mstC.05x0625.nc4
1707.220,hit,false,0.000,6,279.696,35,GEOS_0.5x0.625/MERRA2/2019/07/MERRA2.20190701.A3mstC.05x0625.nc4
1707.250,hit,false,0.000,6,279.727,35,GEOS_0.5x0.625/MERRA2/2019/07/MERRA2.20190701.A3mstC.05x0625.nc4
1707.276,hit,false,0.000,6,279.752,35,GEOS_0.5x0.625/MERRA2/2019/07/MERRA2.20190701.A3mstC.05x0625.nc4
1707.309,hit,false,0.000,6,279.783,36,GEOS_0.5x0.625/MERRA2/2019/07/MERRA2.20190701.A3mstC.05x0625.nc4
1707.334,hit,false,0.000,6,279.809,36,GEOS_0.5x0.625/MERRA2/2019/07/MERRA2.20190701.A3mstC.05x0625.nc4
1707.368,hit,false,0.000,6,279.843,36,GEOS_0.5x0.625/MERRA2/2019/07/MERRA2.20190701.A3mstC.05x0625.nc4
1707.395,hit,false,0.000,6,279.870,36,GEOS_0.5x0.625/MERRA2/2019/07/MERRA2.20190701.A3mstC.05x0625.nc4
1707.413,hit,false,0.000,6,279.888,36,GEOS_0.5x0.625/MERRA2/2019/07/MERRA2.20190701.A3mstC.05x0625.nc4
1707.462,hit,false,0.000,6,279.937,36,GEOS_0.5x0.625/MERRA2/2019/07/MERRA2.20190701.A3mstC.05x0625.nc4
1707.484,hit,false,0.000,6,279.959,36,GEOS_0.5x0.625/MERRA2/2019/07/MERRA2.20190701.A3mstC.05x0625.nc4
1707.523,hit,false,0.000,6,279.998,36,GEOS_0.5x0.625/MERRA2/2019/07/MERRA2.20190701.A3mstC.05x0625.nc4
1707.547,hit,false,0.000,6,280.017,37,GEOS_0.5x0.625/MERRA2/2019/07/MERRA2.20190701.A3mstC.05x0625.nc4
1707.583,hit,false,0.000,6,280.052,37,GEOS_0.5x0.625/MERRA2/2019/07/MERRA2.20190701.A3mstC.05x0625.nc4
1707.610,hit,false,0.000,6,280.080,37,GEOS_0.5x0.625/MERRA2/2019/07/MERRA2.20190701.A3mstC.05x0625.nc4
1707.646,hit,false,0.000,6,280.115,37,GEOS_0.5x0.625/MERRA2/2019/07/MERRA2.20190701.A3mstC.05x0625.nc4
1707.747,hit,false,0.000,6,280.217,37,GEOS_0.5x0.625/MERRA2/2019/07/MERRA2.20190701.A3mstC.05x0625.nc4
1707.771,hit,false,0.000,6,280.241,37,GEOS_0.5x0.625/MERRA2/2019/07/MERRA2.20190701.A3mstC.05x0625.nc4
1707.805,hit,false,0.000,6,280.275,37,GEOS_0.5x0.625/MERRA2/2019/07/MERRA2.20190701.A3mstC.05x0625.nc4
1707.831,hit,false,0.000,6,280.301,37,GEOS_0.5x0.625/MERRA2/2019/07/MERRA2.20190701.A3mstC.05x0625.nc4
1707.862,hit,false,0.000,6,280.331,38,GEOS_0.5x0.625/MERRA2/2019/07/MERRA2.20190701.A3mstC.05x0625.nc4
1707.902,hit,false,0.000,6,280.370,38,GEOS_0.5x0.625/MERRA2/2019/07/MERRA2.20190701.A3mstC.05x0625.nc4
1707.935,hit,false,0.000,6,280.403,38,GEOS_0.5x0.625/MERRA2/2019/07/MERRA2.20190701.A3mstC.05x0625.nc4
1707.966,hit,false,0.000,6,280.435,38,GEOS_0.5x0.625/MERRA2/2019/07/MERRA2.20190701.A3mstC.05x0625.nc4
1708.015,hit,false,0.000,6,280.484,38,GEOS_0.5x0.625/MERRA2/2019/07/MERRA2.20190701.A3mstC.05x0625.nc4
1708.038,hit,false,0.000,6,280.506,38,GEOS_0.5x0.625/MERRA2/2019/07/MERRA2.20190701.A3mstC.05x0625.nc4
1708.079,hit,false,0.000,6,280.547,38,GEOS_0.5x0.625/MERRA2/2019/07/MERRA2.20190701.A3mstC.05x0625.nc4
1708.101,hit,false,0.000,6,280.570,38,GEOS_0.5x0.625/MERRA2/2019/07/MERRA2.20190701.A3mstC.05x0625.nc4
1708.138,hit,false,0.000,6,280.601,39,GEOS_0.5x0.625/MERRA2/2019/07/MERRA2.20190701.A3mstC.05x0625.nc4
1708.165,hit,false,0.000,6,280.628,39,GEOS_0.5x0.625/MERRA2/2019/07/MERRA2.20190701.A3mstC.05x0625.nc4
1708.197,hit,false,0.000,6,280.660,39,GEOS_0.5x0.625/MERRA2/2019/07/MERRA2.20190701.A3mstC.05x0625.nc4
1708.222,hit,false,0.000,6,280.685,39,GEOS_0.5x0.625/MERRA2/2019/07/MERRA2.20190701.A3mstC.05x0625.nc4
1708.253,hit,false,0.000,6,280.716,39,GEOS_0.5x0.625/MERRA2/2019/07/MERRA2.20190701.A3mstC.05x0625.nc4
1708.281,hit,false,0.000,6,280.744,39,GEOS_0.5x0.625/MERRA2/2019/07/MERRA2.20190701.A3mstC.05x0625.nc4
1708.313,hit,false,0.000,6,280.776,39,GEOS_0.5x0.625/MERRA2/2019/07/MERRA2.20190701.A3mstC.05x0625.nc4
1708.335,hit,false,0.000,6,280.798,39,GEOS_0.5x0.625/MERRA2/2019/07/MERRA2.20190701.A3mstC.05x0625.nc4
1708.375,hit,false,0.000,6,281.272,40,GEOS_0.5x0.625/MERRA2/2019/07/MERRA2.20190701.A3mstC.05x0625.nc4
1708.401,hit,false,0.000,6,281.298,40,GEOS_0.5x0.625/MERRA2/2019/07/MERRA2.20190701.A3mstC.05x0625.nc4
1708.445,hit,false,0.000,6,281.342,40,GEOS_0.5x0.625/MERRA2/2019/07/MERRA2.20190701.A3mstC.05x0625.nc4
1708.469,hit,false,0.000,6,281.366,40,GEOS_0.5x0.625/MERRA2/2019/07/MERRA2.20190701.A3mstC.05x0625.nc4
1708.505,hit,false,0.000,6,281.402,40,GEOS_0.5x0.625/MERRA2/2019/07/MERRA2.20190701.A3mstC.05x0625.nc4
1708.535,hit,false,0.000,5,281.432,40,GEOS_0.5x0.625/MERRA2/2019/07/MERRA2.20190701.A3mstC.05x0625.nc4
1708.564,hit,false,0.000,5,281.461,40,GEOS_0.5x0.625/MERRA2/2019/07/MERRA2.20190701.A3mstC.05x0625.nc4
1708.600,hit,false,0.000,5,281.497,40,GEOS_0.5x0.625/MERRA2/2019/07/MERRA2.20190701.A3mstC.05x0625.nc4
1708.629,hit,false,0.000,5,281.524,41,GEOS_0.5x0.625/MERRA2/2019/07/MERRA2.20190701.A3mstC.05x0625.nc4
1708.663,hit,false,0.000,5,281.558,41,GEOS_0.5x0.625/MERRA2/2019/07/MERRA2.20190701.A3mstC.05x0625.nc4
1708.690,hit,false,0.000,5,281.585,41,GEOS_0.5x0.625/MERRA2/2019/07/MERRA2.20190701.A3mstC.05x0625.nc4
1708.725,hit,false,0.000,5,281.620,41,GEOS_0.5x0.625/MERRA2/2019/07/MERRA2.20190701.A3mstC.05x0625.nc4
1708.751,hit,false,0.000,5,281.645,41,GEOS_0.5x0.625/MERRA2/2019/07/MERRA2.20190701.A3mstC.05x0625.nc4
1708.790,hit,false,0.000,5,281.684,41,GEOS_0.5x0.625/MERRA2/2019/07/MERRA2.20190701.A3mstC.05x0625.nc4
1708.847,hit,false,0.000,5,281.742,41,GEOS_0.5x0.625/MERRA2/2019/07/MERRA2.20190701.A3mstC.05x0625.nc4
1708.872,hit,false,0.000,5,281.767,41,GEOS_0.5x0.625/MERRA2/2019/07/MERRA2.20190701.A3mstC.05x0625.nc4
1708.905,hit,false,0.000,5,281.798,42,GEOS_0.5x0.625/MERRA2/2019/07/MERRA2.20190701.A3mstC.05x0625.nc4
1708.932,hit,false,0.000,5,281.825,42,GEOS_0.5x0.625/MERRA2/2019/07/MERRA2.20190701.A3mstC.05x0625.nc4
1708.968,hit,false,0.000,5,281.861,42,GEOS_0.5x0.625/MERRA2/2019/07/MERRA2.20190701.A3mstC.05x0625.nc4
1708.997,hit,false,0.000,5,281.890,42,GEOS_0.5x0.625/MERRA2/2019/07/MERRA2.20190701.A3mstC.05x0625.nc4
1709.031,hit,false,0.000,5,281.924,42,GEOS_0.5x0.625/MERRA2/2019/07/MERRA2.20190701.A3mstC.05x0625.nc4
1709.054,hit,false,0.000,5,281.947,42,GEOS_0.5x0.625/MERRA2/2019/07/MERRA2.20190701.A3mstC.05x0625.nc4
1709.095,hit,false,0.000,5,281.988,42,GEOS_0.5x0.625/MERRA2/2019/07/MERRA2.20190701.A3mstC.05x0625.nc4
1709.118,hit,false,0.000,5,282.011,42,GEOS_0.5x0.625/MERRA2/2019/07/MERRA2.20190701.A3mstC.05x0625.nc4
1709.156,hit,false,0.000,5,282.047,43,GEOS_0.5x0.625/MERRA2/2019/07/MERRA2.20190701.A3mstC.05x0625.nc4
1709.181,hit,false,0.000,5,282.072,43,GEOS_0.5x0.625/MERRA2/2019/07/MERRA2.20190701.A3mstC.05x0625.nc4
1709.216,hit,false,0.000,5,282.107,43,GEOS_0.5x0.625/MERRA2/2019/07/MERRA2.20190701.A3mstC.05x0625.nc4
1709.244,hit,false,0.000,5,282.135,43,GEOS_0.5x0.625/MERRA2/2019/07/MERRA2.20190701.A3mstC.05x0625.nc4
1709.276,hit,false,0.000,5,282.167,43,GEOS_0.5x0.625/MERRA2/2019/07/MERRA2.20190701.A3mstC.05x0625.nc4
1709.299,hit,false,0.000,5,282.190,43,GEOS_0.5x0.625/MERRA2/2019/07/MERRA2.20190701.A3mstC.05x0625.nc4
1709.333,hit,false,0.000,5,282.224,43,GEOS_0.5x0.625/MERRA2/2019/07/MERRA2.20190701.A3mstC.05x0625.nc4
1709.359,hit,false,0.000,5,282.250,43,GEOS_0.5x0.625/MERRA2/2019/07/MERRA2.20190701.A3mstC.05x0625.nc4
1709.397,hit,false,0.000,5,282.287,44,GEOS_0.5x0.625/MERRA2/2019/07/MERRA2.20190701.A3mstC.05x0625.nc4
1709.422,hit,false,0.000,5,282.312,44,GEOS_0.5x0.625/MERRA2/2019/07/MERRA2.20190701.A3mstC.05x0625.nc4
1709.454,hit,false,0.000,5,282.344,44,GEOS_0.5x0.625/MERRA2/2019/07/MERRA2.20190701.A3mstC.05x0625.nc4
1709.480,hit,false,0.000,5,282.370,44,GEOS_0.5x0.625/MERRA2/2019/07/MERRA2.20190701.A3mstC.05x0625.nc4
1709.514,hit,false,0.000,5,282.404,44,GEOS_0.5x0.625/MERRA2/2019/07/MERRA2.20190701.A3mstC.05x0625.nc4
1709.546,hit,false,0.000,5,282.436,44,GEOS_0.5x0.625/MERRA2/2019/07/MERRA2.20190701.A3mstC.05x0625.nc4
1709.571,hit,false,0.000,5,282.461,44,GEOS_0.5x0.625/MERRA2/2019/07/MERRA2.20190701.A3mstC.05x0625.nc4
1709.604,hit,false,0.000,5,282.494,44,GEOS_0.5x0.625/MERRA2/2019/07/MERRA2.20190701.A3mstC.05x0625.nc4
1709.627,hit,false,0.000,5,282.115,45,GEOS_0.5x0.625/MERRA2/2019/07/MERRA2.20190701.A3mstC.05x0625.nc4
1709.667,hit,false,0.000,5,282.154,45,GEOS_0.5x0.625/MERRA2/2019/07/MERRA2.20190701.A3mstC.05x0625.nc4
1709.693,hit,false,0.000,5,282.180,45,GEOS_0.5x0.625/MERRA2/2019/07/MERRA2.20190701.A3mstC.05x0625.nc4
1709.803,hit,false,0.000,5,282.290,45,GEOS_0.5x0.625/MERRA2/2019/07/MERRA2.20190701.A3mstC.05x0625.nc4
1709.829,hit,false,0.000,5,282.317,45,GEOS_0.5x0.625/MERRA2/2019/07/MERRA2.20190701.A3mstC.05x0625.nc4
1709.862,hit,false,0.000,5,282.349,45,GEOS_0.5x0.625/MERRA2/2019/07/MERRA2.20190701.A3mstC.05x0625.nc4
1709.890,hit,false,0.000,5,282.378,45,GEOS_0.5x0.625/MERRA2/2019/07/MERRA2.20190701.A3mstC.05x0625.nc4
1709.919,hit,false,0.000,5,282.406,45,GEOS_0.5x0.625/MERRA2/2019/07/MERRA2.20190701.A3mstC.05x0625.nc4
1709.949,hit,false,0.000,5,282.245,46,GEOS_0.5x0.625/MERRA2/2019/07/MERRA2.20190701.A3mstC.05x0625.nc4
1709.976,hit,false,0.000,4,282.272,46,GEOS_0.5x0.625/MERRA2/2019/07/MERRA2.20190701.A3mstC.05x0625.nc4
1710.008,hit,false,0.000,4,282.304,46,GEOS_0.5x0.625/MERRA2/2019/07/MERRA2.20190701.A3mstC.05x0625.nc4
1710.032,hit,false,0.000,4,282.328,46,GEOS_0.5x0.625/MERRA2/2019/07/MERRA2.20190701.A3mstC.05x0625.nc4
1710.064,hit,false,0.000,4,282.360,46,GEOS_0.5x0.625/MERRA2/2019/07/MERRA2.20190701.A3mstC.05x0625.nc4
1710.089,hit,false,0.000,4,282.385,46,GEOS_0.5x0.625/MERRA2/2019/07/MERRA2.20190701.A3mstC.05x0625.nc4
1710.121,hit,false,0.000,4,282.418,46,GEOS_0.5x0.625/MERRA2/2019/07/MERRA2.20190701.A3mstC.05x0625.nc4
1710.150,hit,false,0.000,4,282.446,46,GEOS_0.5x0.625/MERRA2/2019/07/MERRA2.20190701.A3mstC.05x0625.nc4
1710.182,hit,false,0.000,4,282.476,47,GEOS_0.5x0.625/MERRA2/2019/07/MERRA2.20190701.A3mstC.05x0625.nc4
1710.209,hit,false,0.000,4,282.502,47,GEOS_0.5x0.625/MERRA2/2019/07/MERRA2.20190701.A3mstC.05x0625.nc4
1710.246,hit,false,0.000,4,282.539,47,GEOS_0.5x0.625/MERRA2/2019/07/MERRA2.20190701.A3mstC.05x0625.nc4
1710.269,hit,false,0.000,4,282.563,47,GEOS_0.5x0.625/MERRA2/2019/07/MERRA2.20190701.A3mstC.05x0625.nc4
1710.306,hit,false,0.000,4,282.599,47,GEOS_0.5x0.625/MERRA2/2019/07/MERRA2.20190701.A3mstC.05x0625.nc4
1710.329,hit,false,0.000,4,282.622,47,GEOS_0.5x0.625/MERRA2/2019/07/MERRA2.20190701.A3mstC.05x0625.nc4
1710.365,hit,false,0.000,4,282.659,47,GEOS_0.5x0.625/MERRA2/2019/07/MERRA2.20190701.A3mstC.05x0625.nc4
1710.389,hit,false,0.000,4,282.683,47,GEOS_0.5x0.625/MERRA2/2019/07/MERRA2.20190701.A3mstC.05x0625.nc4
1710.427,hit,false,0.000,4,282.778,48,GEOS_0.5x0.625/MERRA2/2019/07/MERRA2.20190701.A3mstC.05x0625.nc4
1710.453,hit,false,0.000,4,282.804,48,GEOS_0.5x0.625/MERRA2/2019/07/MERRA2.20190701.A3mstC.05x0625.nc4
1710.503,hit,false,0.000,4,282.854,48,GEOS_0.5x0.625/MERRA2/2019/07/MERRA2.20190701.A3mstC.05x0625.nc4
1710.526,hit,false,0.000,4,282.877,48,GEOS_0.5x0.625/MERRA2/2019/07/MERRA2.20190701.A3mstC.05x0625.nc4
1710.568,hit,false,0.000,4,282.920,48,GEOS_0.5x0.625/MERRA2/2019/07/MERRA2.20190701.A3mstC.05x0625.nc4
1710.591,hit,false,0.000,4,282.942,48,GEOS_0.5x0.625/MERRA2/2019/07/MERRA2.20190701.A3mstC.05x0625.nc4
1710.635,hit,false,0.000,4,282.986,48,GEOS_0.5x0.625/MERRA2/2019/07/MERRA2.20190701.A3mstC.05x0625.nc4
1710.658,hit,false,0.000,4,283.009,48,GEOS_0.5x0.625/MERRA2/2019/07/MERRA2.20190701.A3mstC.05x0625.nc4
1710.692,hit,false,0.000,4,282.428,49,GEOS_0.5x0.625/MERRA2/2019/07/MERRA2.20190701.A3mstC.05x0625.nc4
1710.730,hit,false,0.000,4,282.466,49,GEOS_0.5x0.625/MERRA2/2019/07/MERRA2.20190701.A3mstC.05x0625.nc4
1710.757,hit,false,0.000,4,282.493,49,GEOS_0.5x0.625/MERRA2/2019/07/MERRA2.20190701.A3mstC.05x0625.nc4
1710.806,hit,false,0.000,4,282.542,49,GEOS_0.5x0.625/MERRA2/2019/07/MERRA2.20190701.A3mstC.05x0625.nc4
1710.828,hit,false,0.000,4,282.564,49,GEOS_0.5x0.625/MERRA2/2019/07/MERRA2.20190701.A3mstC.05x0625.nc4
1710.868,hit,false,0.000,4,282.604,49,GEOS_0.5x0.625/MERRA2/2019/07/MERRA2.20190701.A3mstC.05x0625.nc4
1710.895,hit,false,0.000,4,282.631,49,GEOS_0.5x0.625/MERRA2/2019/07/MERRA2.20190701.A3mstC.05x0625.nc4
1710.951,hit,false,0.000,4,282.687,49,GEOS_0.5x0.625/MERRA2/2019/07/MERRA2.20190701.A3mstC.05x0625.nc4
1710.974,hit,false,0.000,4,282.708,50,GEOS_0.5x0.625/MERRA2/2019/07/MERRA2.20190701.A3mstC.05x0625.nc4
1711.013,hit,false,0.000,4,282.747,50,GEOS_0.5x0.625/MERRA2/2019/07/MERRA2.20190701.A3mstC.05x0625.nc4
1711.039,hit,false,0.000,4,282.772,50,GEOS_0.5x0.625/MERRA2/2019/07/MERRA2.20190701.A3mstC.05x0625.nc4
1711.074,hit,false,0.000,4,282.808,50,GEOS_0.5x0.625/MERRA2/2019/07/MERRA2.20190701.A3mstC.05x0625.nc4
1711.101,hit,false,0.000,4,282.834,50,GEOS_0.5x0.625/MERRA2/2019/07/MERRA2.20190701.A3mstC.05x0625.nc4
1711.138,hit,false,0.000,4,282.871,50,GEOS_0.5x0.625/MERRA2/2019/07/MERRA2.20190701.A3mstC.05x0625.nc4
1711.160,hit,false,0.000,4,282.894,50,GEOS_0.5x0.625/MERRA2/2019/07/MERRA2.20190701.A3mstC.05x0625.nc4
1711.199,hit,false,0.000,4,282.932,50,GEOS_0.5x0.625/MERRA2/2019/07/MERRA2.20190701.A3mstC.05x0625.nc4
1711.222,hit,false,0.000,4,282.954,51,GEOS_0.5x0.625/MERRA2/2019/07/MERRA2.20190701.A3mstC.05x0625.nc4
1711.263,hit,false,0.000,4,282.994,51,GEOS_0.5x0.625/MERRA2/2019/07/MERRA2.20190701.A3mstC.05x0625.nc4
1711.286,hit,false,0.000,4,283.018,51,GEOS_0.5x0.625/MERRA2/2019/07/MERRA2.20190701.A3mstC.05x0625.nc4
1711.322,hit,false,0.000,4,283.054,51,GEOS_0.5x0.625/MERRA2/2019/07/MERRA2.20190701.A3mstC.05x0625.nc4
1711.348,hit,false,0.000,4,283.080,51,GEOS_0.5x0.625/MERRA2/2019/07/MERRA2.20190701.A3mstC.05x0625.nc4
1711.379,hit,false,0.000,4,283.110,51,GEOS_0.5x0.625/MERRA2/2019/07/MERRA2.20190701.A3mstC.05x0625.nc4
1711.405,hit,false,0.000,4,283.136,51,GEOS_0.5x0.625/MERRA2/2019/07/MERRA2.20190701.A3mstC.05x0625.nc4
1711.437,hit,false,0.000,4,283.168,51,GEOS_0.5x0.625/MERRA2/2019/07/MERRA2.20190701.A3mstC.05x0625.nc4
1711.466,hit,false,0.000,4,283.196,52,GEOS_0.5x0.625/MERRA2/2019/07/MERRA2.20190701.A3mstC.05x0625.nc4
1711.499,hit,false,0.000,4,283.229,52,GEOS_0.5x0.625/MERRA2/2019/07/MERRA2.20190701.A3mstC.05x0625.nc4
1711.528,hit,false,0.000,4,283.257,52,GEOS_0.5x0.625/MERRA2/2019/07/MERRA2.20190701.A3mstC.05x0625.nc4
1711.561,hit,false,0.000,4,283.291,52,GEOS_0.5x0.625/MERRA2/2019/07/MERRA2.20190701.A3mstC.05x0625.nc4
1711.588,hit,false,0.000,4,283.317,52,GEOS_0.5x0.625/MERRA2/2019/07/MERRA2.20190701.A3mstC.05x0625.nc4
1711.621,hit,false,0.000,4,283.351,52,GEOS_0.5x0.625/MERRA2/2019/07/MERRA2.20190701.A3mstC.05x0625.nc4
1711.647,hit,false,0.000,4,283.376,52,GEOS_0.5x0.625/MERRA2/2019/07/MERRA2.20190701.A3mstC.05x0625.nc4
1711.682,hit,false,0.000,4,283.412,52,GEOS_0.5x0.625/MERRA2/2019/07/MERRA2.20190701.A3mstC.05x0625.nc4
1711.713,hit,false,0.000,4,283.441,53,GEOS_0.5x0.625/MERRA2/2019/07/MERRA2.20190701.A3mstC.05x0625.nc4
1711.744,hit,false,0.000,4,283.472,53,GEOS_0.5x0.625/MERRA2/2019/07/MERRA2.20190701.A3mstC.05x0625.nc4
1711.861,hit,false,0.000,4,283.589,53,GEOS_0.5x0.625/MERRA2/2019/07/MERRA2.20190701.A3mstC.05x0625.nc4
1711.891,hit,false,0.000,4,283.618,53,GEOS_0.5x0.625/MERRA2/2019/07/MERRA2.20190701.A3mstC.05x0625.nc4
1711.949,hit,false,0.000,4,283.677,53,GEOS_0.5x0.625/MERRA2/2019/07/MERRA2.20190701.A3mstC.05x0625.nc4
1711.957,hit,false,0.000,4,283.685,53,GEOS_0.5x0.625/MERRA2/2019/07/MERRA2.20190701.A3mstC.05x0625.nc4
1712.023,hit,false,0.000,4,283.750,53,GEOS_0.5x0.625/MERRA2/2019/07/MERRA2.20190701.A3mstC.05x0625.nc4
1712.045,hit,false,0.000,4,283.773,53,GEOS_0.5x0.625/MERRA2/2019/07/MERRA2.20190701.A3mstC.05x0625.nc4
1712.085,hit,false,0.000,4,283.786,54,GEOS_0.5x0.625/MERRA2/2019/07/MERRA2.20190701.A3mstC.05x0625.nc4
1712.110,hit,false,0.000,4,283.812,54,GEOS_0.5x0.625/MERRA2/2019/07/MERRA2.20190701.A3mstC.05x0625.nc4
1712.153,hit,false,0.000,4,283.855,54,GEOS_0.5x0.625/MERRA2/2019/07/MERRA2.20190701.A3mstC.05x0625.nc4
1712.176,hit,false,0.000,4,283.878,54,GEOS_0.5x0.625/MERRA2/2019/07/MERRA2.20190701.A3mstC.05x0625.nc4
1712.213,hit,false,0.000,4,283.915,54,GEOS_0.5x0.625/MERRA2/2019/07/MERRA2.20190701.A3mstC.05x0625.nc4
1712.244,hit,false,0.000,4,283.945,54,GEOS_0.5x0.625/MERRA2/2019/07/MERRA2.20190701.A3mstC.05x0625.nc4
1712.277,hit,false,0.000,4,283.978,54,GEOS_0.5x0.625/MERRA2/2019/07/MERRA2.20190701.A3mstC.05x0625.nc4
1712.301,hit,false,0.000,4,284.003,54,GEOS_0.5x0.625/MERRA2/2019/07/MERRA2.20190701.A3mstC.05x0625.nc4
1712.335,hit,false,0.000,4,284.035,55,GEOS_0.5x0.625/MERRA2/2019/07/MERRA2.20190701.A3mstC.05x0625.nc4
1712.362,hit,false,0.000,4,284.063,55,GEOS_0.5x0.625/MERRA2/2019/07/MERRA2.20190701.A3mstC.05x0625.nc4
1712.397,hit,false,0.000,4,284.097,55,GEOS_0.5x0.625/MERRA2/2019/07/MERRA2.20190701.A3mstC.05x0625.nc4
1712.421,hit,false,0.000,4,284.121,55,GEOS_0.5x0.625/MERRA2/2019/07/MERRA2.20190701.A3mstC.05x0625.nc4
1712.457,hit,false,0.000,4,284.157,55,GEOS_0.5x0.625/MERRA2/2019/07/MERRA2.20190701.A3mstC.05x0625.nc4
1712.480,hit,false,0.000,4,284.180,55,GEOS_0.5x0.625/MERRA2/2019/07/MERRA2.20190701.A3mstC.05x0625.nc4
1712.514,hit,false,0.000,4,284.215,55,GEOS_0.5x0.625/MERRA2/2019/07/MERRA2.20190701.A3mstC.05x0625.nc4
1712.541,hit,false,0.000,4,284.242,55,GEOS_0.5x0.625/MERRA2/2019/07/MERRA2.20190701.A3mstC.05x0625.nc4
1712.572,hit,false,0.000,4,284.970,56,GEOS_0.5x0.625/MERRA2/2019/07/MERRA2.20190701.A3mstC.05x0625.nc4
1712.603,hit,false,0.000,4,285.002,56,GEOS_0.5x0.625/MERRA2/2019/07/MERRA2.20190701.A3mstC.05x0625.nc4
1712.648,hit,false,0.000,4,285.047,56,GEOS_0.5x0.625/MERRA2/2019/07/MERRA2.20190701.A3mstC.05x0625.nc4
1712.670,hit,false,0.000,4,285.069,56,GEOS_0.5x0.625/MERRA2/2019/07/MERRA2.20190701.A3mstC.05x0625.nc4
1712.710,hit,false,0.000,4,285.109,56,GEOS_0.5x0.625/MERRA2/2019/07/MERRA2.20190701.A3mstC.05x0625.nc4
1712.736,hit,false,0.000,4,285.134,56,GEOS_0.5x0.625/MERRA2/2019/07/MERRA2.20190701.A3mstC.05x0625.nc4
1712.790,hit,false,0.000,4,285.189,56,GEOS_0.5x0.625/MERRA2/2019/07/MERRA2.20190701.A3mstC.05x0625.nc4
1712.803,hit,false,0.000,4,285.201,56,GEOS_0.5x0.625/MERRA2/2019/07/MERRA2.20190701.A3mstC.05x0625.nc4
1712.878,hit,false,0.000,4,285.274,57,GEOS_0.5x0.625/MERRA2/2019/07/MERRA2.20190701.A3mstC.05x0625.nc4
1712.904,hit,false,0.000,4,285.300,57,GEOS_0.5x0.625/MERRA2/2019/07/MERRA2.20190701.A3mstC.05x0625.nc4
1712.948,hit,false,0.000,4,285.344,57,GEOS_0.5x0.625/MERRA2/2019/07/MERRA2.20190701.A3mstC.05x0625.nc4
1712.969,hit,false,0.000,4,285.365,57,GEOS_0.5x0.625/MERRA2/2019/07/MERRA2.20190701.A3mstC.05x0625.nc4
1713.025,hit,false,0.000,4,285.421,57,GEOS_0.5x0.625/MERRA2/2019/07/MERRA2.20190701.A3mstC.05x0625.nc4
1713.047,hit,false,0.000,4,285.443,57,GEOS_0.5x0.625/MERRA2/2019/07/MERRA2.20190701.A3mstC.05x0625.nc4
1713.085,hit,false,0.000,4,285.481,57,GEOS_0.5x0.625/MERRA2/2019/07/MERRA2.20190701.A3mstC.05x0625.nc4
1713.107,hit,false,0.000,4,285.503,57,GEOS_0.5x0.625/MERRA2/2019/07/MERRA2.20190701.A3mstC.05x0625.nc4
1713.144,hit,false,0.000,4,285.536,58,GEOS_0.5x0.625/MERRA2/2019/07/MERRA2.20190701.A3mstC.05x0625.nc4
1713.169,hit,false,0.000,4,285.561,58,GEOS_0.5x0.625/MERRA2/2019/07/MERRA2.20190701.A3mstC.05x0625.nc4
1713.202,hit,false,0.000,4,285.593,58,GEOS_0.5x0.625/MERRA2/2019/07/MERRA2.20190701.A3mstC.05x0625.nc4
1713.227,hit,false,0.000,4,285.618,58,GEOS_0.5x0.625/MERRA2/2019/07/MERRA2.20190701.A3mstC.05x0625.nc4
1713.259,hit,false,0.000,4,285.650,58,GEOS_0.5x0.625/MERRA2/2019/07/MERRA2.20190701.A3mstC.05x0625.nc4
1713.288,hit,false,0.000,4,285.680,58,GEOS_0.5x0.625/MERRA2/2019/07/MERRA2.20190701.A3mstC.05x0625.nc4
1713.316,hit,false,0.000,4,285.707,58,GEOS_0.5x0.625/MERRA2/2019/07/MERRA2.20190701.A3mstC.05x0625.nc4
1713.349,hit,false,0.000,4,285.740,58,GEOS_0.5x0.625/MERRA2/2019/07/MERRA2.20190701.A3mstC.05x0625.nc4
1713.378,hit,false,0.000,4,285.767,59,GEOS_0.5x0.625/MERRA2/2019/07/MERRA2.20190701.A3mstC.05x0625.nc4
1713.414,hit,false,0.000,4,285.803,59,GEOS_0.5x0.625/MERRA2/2019/07/MERRA2.20190701.A3mstC.05x0625.nc4
1713.444,hit,false,0.000,4,285.833,59,GEOS_0.5x0.625/MERRA2/2019/07/MERRA2.20190701.A3mstC.05x0625.nc4
1713.476,hit,false,0.000,4,285.865,59,GEOS_0.5x0.625/MERRA2/2019/07/MERRA2.20190701.A3mstC.05x0625.nc4
1713.506,hit,false,0.000,4,285.895,59,GEOS_0.5x0.625/MERRA2/2019/07/MERRA2.20190701.A3mstC.05x0625.nc4
1713.534,hit,false,0.000,4,285.923,59,GEOS_0.5x0.625/MERRA2/2019/07/MERRA2.20190701.A3mstC.05x0625.nc4
1713.564,hit,false,0.000,4,285.953,59,GEOS_0.5x0.625/MERRA2/2019/07/MERRA2.20190701.A3mstC.05x0625.nc4
1713.587,hit,false,0.000,4,285.976,59,GEOS_0.5x0.625/MERRA2/2019/07/MERRA2.20190701.A3mstC.05x0625.nc4
1713.624,hit,false,0.000,4,286.012,60,GEOS_0.5x0.625/MERRA2/2019/07/MERRA2.20190701.A3mstC.05x0625.nc4
1713.649,hit,false,0.000,4,286.037,60,GEOS_0.5x0.625/MERRA2/2019/07/MERRA2.20190701.A3mstC.05x0625.nc4
1713.682,hit,false,0.000,4,286.070,60,GEOS_0.5x0.625/MERRA2/2019/07/MERRA2.20190701.A3mstC.05x0625.nc4
1713.709,hit,false,0.000,4,286.096,60,GEOS_0.5x0.625/MERRA2/2019/07/MERRA2.20190701.A3mstC.05x0625.nc4
1713.739,hit,false,0.000,4,286.126,60,GEOS_0.5x0.625/MERRA2/2019/07/MERRA2.20190701.A3mstC.05x0625.nc4
1713.767,hit,false,0.000,4,286.154,60,GEOS_0.5x0.625/MERRA2/2019/07/MERRA2.20190701.A3mstC.05x0625.nc4
1713.801,hit,false,0.000,4,286.188,60,GEOS_0.5x0.625/MERRA2/2019/07/MERRA2.20190701.A3mstC.05x0625.nc4
1713.825,hit,false,0.000,3,286.212,60,GEOS_0.5x0.625/MERRA2/2019/07/MERRA2.20190701.A3mstC.05x0625.nc4
1713.860,hit,false,0.000,3,286.245,61,GEOS_0.5x0.625/MERRA2/2019/07/MERRA2.20190701.A3mstC.05x0625.nc4
1713.970,hit,false,0.000,3,286.355,61,GEOS_0.5x0.625/MERRA2/2019/07/MERRA2.20190701.A3mstC.05x0625.nc4
1713.993,hit,false,0.000,3,286.379,61,GEOS_0.5x0.625/MERRA2/2019/07/MERRA2.20190701.A3mstC.05x0625.nc4
1714.031,hit,false,0.000,3,286.417,61,GEOS_0.5x0.625/MERRA2/2019/07/MERRA2.20190701.A3mstC.05x0625.nc4
1714.052,hit,false,0.000,3,286.438,61,GEOS_0.5x0.625/MERRA2/2019/07/MERRA2.20190701.A3mstC.05x0625.nc4
1714.091,hit,false,0.000,3,286.477,61,GEOS_0.5x0.625/MERRA2/2019/07/MERRA2.20190701.A3mstC.05x0625.nc4
1714.113,hit,false,0.000,3,286.498,61,GEOS_0.5x0.625/MERRA2/2019/07/MERRA2.20190701.A3mstC.05x0625.nc4
1714.144,hit,false,0.000,3,286.530,61,GEOS_0.5x0.625/MERRA2/2019/07/MERRA2.20190701.A3mstC.05x0625.nc4
1714.171,hit,false,0.000,3,286.555,62,GEOS_0.5x0.625/MERRA2/2019/07/MERRA2.20190701.A3mstC.05x0625.nc4
1714.204,hit,false,0.000,3,286.587,62,GEOS_0.5x0.625/MERRA2/2019/07/MERRA2.20190701.A3mstC.05x0625.nc4
1714.227,hit,false,0.000,3,286.610,62,GEOS_0.5x0.625/MERRA2/2019/07/MERRA2.20190701.A3mstC.05x0625.nc4
1714.261,hit,false,0.000,3,286.645,62,GEOS_0.5x0.625/MERRA2/2019/07/MERRA2.20190701.A3mstC.05x0625.nc4
1714.286,hit,false,0.000,3,286.670,62,GEOS_0.5x0.625/MERRA2/2019/07/MERRA2.20190701.A3mstC.05x0625.nc4
1714.332,hit,false,0.000,3,286.716,62,GEOS_0.5x0.625/MERRA2/2019/07/MERRA2.20190701.A3mstC.05x0625.nc4
1714.355,hit,false,0.000,3,286.739,62,GEOS_0.5x0.625/MERRA2/2019/07/MERRA2.20190701.A3mstC.05x0625.nc4
1714.398,hit,false,0.000,3,286.781,62,GEOS_0.5x0.625/MERRA2/2019/07/MERRA2.20190701.A3mstC.05x0625.nc4
1714.419,hit,false,0.000,3,286.801,63,GEOS_0.5x0.625/MERRA2/2019/07/MERRA2.20190701.A3mstC.05x0625.nc4
1714.461,hit,false,0.000,2,286.843,63,GEOS_0.5x0.625/MERRA2/2019/07/MERRA2.20190701.A3mstC.05x0625.nc4
1714.483,hit,false,0.000,2,286.865,63,GEOS_0.5x0.625/MERRA2/2019/07/MERRA2.20190701.A3mstC.05x0625.nc4
1714.522,hit,false,0.000,2,286.904,63,GEOS_0.5x0.625/MERRA2/2019/07/MERRA2.20190701.A3mstC.05x0625.nc4
1714.544,hit,false,0.000,2,286.926,63,GEOS_0.5x0.625/MERRA2/2019/07/MERRA2.20190701.A3mstC.05x0625.nc4
1714.582,hit,false,0.000,2,286.964,63,GEOS_0.5x0.625/MERRA2/2019/07/MERRA2.20190701.A3mstC.05x0625.nc4
1714.604,hit,false,0.000,2,286.986,63,GEOS_0.5x0.625/MERRA2/2019/07/MERRA2.20190701.A3mstC.05x0625.nc4
1714.642,hit,false,0.000,2,287.024,63,GEOS_0.5x0.625/MERRA2/2019/07/MERRA2.20190701.A3mstC.05x0625.nc4
1714.664,hit,false,0.000,2,287.076,64,GEOS_0.5x0.625/MERRA2/2019/07/MERRA2.20190701.A3mstC.05x0625.nc4
1714.702,hit,false,0.000,2,287.115,64,GEOS_0.5x0.625/MERRA2/2019/07/MERRA2.20190701.A3mstC.05x0625.nc4
1714.738,hit,false,0.000,2,287.150,64,GEOS_0.5x0.625/MERRA2/2019/07/MERRA2.20190701.A3mstC.05x0625.nc4
1714.763,hit,false,0.000,2,287.176,64,GEOS_0.5x0.625/MERRA2/2019/07/MERRA2.20190701.A3mstC.05x0625.nc4
1714.797,hit,false,0.000,2,287.209,64,GEOS_0.5x0.625/MERRA2/2019/07/MERRA2.20190701.A3mstC.05x0625.nc4
1714.823,hit,false,0.000,2,287.236,64,GEOS_0.5x0.625/MERRA2/2019/07/MERRA2.20190701.A3mstC.05x0625.nc4
1714.856,hit,false,0.000,2,287.269,64,GEOS_0.5x0.625/MERRA2/2019/07/MERRA2.20190701.A3mstC.05x0625.nc4
1714.880,hit,false,0.000,2,287.293,64,GEOS_0.5x0.625/MERRA2/2019/07/MERRA2.20190701.A3mstC.05x0625.nc4
1714.914,hit,false,0.000,2,287.322,65,GEOS_0.5x0.625/MERRA2/2019/07/MERRA2.20190701.A3mstC.05x0625.nc4
1714.942,hit,false,0.000,2,287.350,65,GEOS_0.5x0.625/MERRA2/2019/07/MERRA2.20190701.A3mstC.05x0625.nc4
1714.974,hit,false,0.000,2,287.382,65,GEOS_0.5x0.625/MERRA2/2019/07/MERRA2.20190701.A3mstC.05x0625.nc4
1714.998,hit,false,0.000,2,287.406,65,GEOS_0.5x0.625/MERRA2/2019/07/MERRA2.20190701.A3mstC.05x0625.nc4
1715.032,hit,false,0.000,2,287.440,65,GEOS_0.5x0.625/MERRA2/2019/07/MERRA2.20190701.A3mstC.05x0625.nc4
1715.082,hit,false,0.000,2,287.490,65,GEOS_0.5x0.625/MERRA2/2019/07/MERRA2.20190701.A3mstC.05x0625.nc4
1715.104,hit,false,0.000,2,287.512,65,GEOS_0.5x0.625/MERRA2/2019/07/MERRA2.20190701.A3mstC.05x0625.nc4
1715.145,hit,false,0.000,2,287.553,65,GEOS_0.5x0.625/MERRA2/2019/07/MERRA2.20190701.A3mstC.05x0625.nc4
1715.166,hit,false,0.000,2,287.466,66,GEOS_0.5x0.625/MERRA2/2019/07/MERRA2.20190701.A3mstC.05x0625.nc4
1715.209,hit,false,0.000,2,287.509,66,GEOS_0.5x0.625/MERRA2/2019/07/MERRA2.20190701.A3mstC.05x0625.nc4
1715.232,hit,false,0.000,2,287.531,66,GEOS_0.5x0.625/MERRA2/2019/07/MERRA2.20190701.A3mstC.05x0625.nc4
1715.269,hit,false,0.000,2,287.568,66,GEOS_0.5x0.625/MERRA2/2019/07/MERRA2.20190701.A3mstC.05x0625.nc4
1715.291,hit,false,0.000,2,287.591,66,GEOS_0.5x0.625/MERRA2/2019/07/MERRA2.20190701.A3mstC.05x0625.nc4
1715.329,hit,false,0.000,2,287.629,66,GEOS_0.5x0.625/MERRA2/2019/07/MERRA2.20190701.A3mstC.05x0625.nc4
1715.352,hit,false,0.000,2,287.652,66,GEOS_0.5x0.625/MERRA2/2019/07/MERRA2.20190701.A3mstC.05x0625.nc4
1715.389,hit,false,0.000,2,287.689,66,GEOS_0.5x0.625/MERRA2/2019/07/MERRA2.20190701.A3mstC.05x0625.nc4
1715.412,hit,false,0.000,2,287.707,67,GEOS_0.5x0.625/MERRA2/2019/07/MERRA2.20190701.A3mstC.05x0625.nc4
1715.448,hit,false,0.000,2,287.743,67,GEOS_0.5x0.625/MERRA2/2019/07/MERRA2.20190701.A3mstC.05x0625.nc4
1715.473,hit,false,0.000,2,287.768,67,GEOS_0.5x0.625/MERRA2/2019/07/MERRA2.20190701.A3mstC.05x0625.nc4
1715.509,hit,false,0.000,2,287.804,67,GEOS_0.5x0.625/MERRA2/2019/07/MERRA2.20190701.A3mstC.05x0625.nc4
1715.532,hit,false,0.000,2,287.827,67,GEOS_0.5x0.625/MERRA2/2019/07/MERRA2.20190701.A3mstC.05x0625.nc4
1715.569,hit,false,0.000,2,287.864,67,GEOS_0.5x0.625/MERRA2/2019/07/MERRA2.20190701.A3mstC.05x0625.nc4
1715.592,hit,false,0.000,2,287.887,67,GEOS_0.5x0.625/MERRA2/2019/07/MERRA2.20190701.A3mstC.05x0625.nc4
1715.627,hit,false,0.000,2,287.922,67,GEOS_0.5x0.625/MERRA2/2019/07/MERRA2.20190701.A3mstC.05x0625.nc4
1715.652,hit,false,0.000,2,287.944,68,GEOS_0.5x0.625/MERRA2/2019/07/MERRA2.20190701.A3mstC.05x0625.nc4
1715.692,hit,false,0.000,2,287.983,68,GEOS_0.5x0.625/MERRA2/2019/07/MERRA2.20190701.A3mstC.05x0625.nc4
1715.718,hit,false,0.000,2,288.009,68,GEOS_0.5x0.625/MERRA2/2019/07/MERRA2.20190701.A3mstC.05x0625.nc4
1715.757,hit,false,0.000,2,288.048,68,GEOS_0.5x0.625/MERRA2/2019/07/MERRA2.20190701.A3mstC.05x0625.nc4
1715.784,hit,false,0.000,2,288.075,68,GEOS_0.5x0.625/MERRA2/2019/07/MERRA2.20190701.A3mstC.05x0625.nc4
1715.823,hit,false,0.000,2,288.114,68,GEOS_0.5x0.625/MERRA2/2019/07/MERRA2.20190701.A3mstC.05x0625.nc4
1715.848,hit,false,0.000,2,288.139,68,GEOS_0.5x0.625/MERRA2/2019/07/MERRA2.20190701.A3mstC.05x0625.nc4
1715.891,hit,false,0.000,2,288.182,68,GEOS_0.5x0.625/MERRA2/2019/07/MERRA2.20190701.A3mstC.05x0625.nc4
1715.994,hit,false,0.000,2,288.282,69,GEOS_0.5x0.625/MERRA2/2019/07/MERRA2.20190701.A3mstC.05x0625.nc4
1716.021,hit,false,0.000,2,288.309,69,GEOS_0.5x0.625/MERRA2/2019/07/MERRA2.20190701.A3mstC.05x0625.nc4
1716.053,hit,false,0.000,2,288.342,69,GEOS_0.5x0.625/MERRA2/2019/07/MERRA2.20190701.A3mstC.05x0625.nc4
1716.079,hit,false,0.000,2,288.368,69,GEOS_0.5x0.625/MERRA2/2019/07/MERRA2.20190701.A3mstC.05x0625.nc4
1716.110,hit,false,0.000,2,288.398,69,GEOS_0.5x0.625/MERRA2/2019/07/MERRA2.20190701.A3mstC.05x0625.nc4
1716.141,hit,false,0.000,2,288.429,69,GEOS_0.5x0.625/MERRA2/2019/07/MERRA2.20190701.A3mstC.05x0625.nc4
1716.170,hit,false,0.000,2,288.458,69,GEOS_0.5x0.625/MERRA2/2019/07/MERRA2.20190701.A3mstC.05x0625.nc4
1716.201,hit,false,0.000,2,288.489,69,GEOS_0.5x0.625/MERRA2/2019/07/MERRA2.20190701.A3mstC.05x0625.nc4
1716.225,hit,false,0.000,2,288.511,70,GEOS_0.5x0.625/MERRA2/2019/07/MERRA2.20190701.A3mstC.05x0625.nc4
1716.260,hit,false,0.000,2,288.546,70,GEOS_0.5x0.625/MERRA2/2019/07/MERRA2.20190701.A3mstC.05x0625.nc4
1716.285,hit,false,0.000,2,288.571,70,GEOS_0.5x0.625/MERRA2/2019/07/MERRA2.20190701.A3mstC.05x0625.nc4
1716.318,hit,false,0.000,2,288.604,70,GEOS_0.5x0.625/MERRA2/2019/07/MERRA2.20190701.A3mstC.05x0625.nc4
1716.341,hit,false,0.000,2,288.627,70,GEOS_0.5x0.625/MERRA2/2019/07/MERRA2.20190701.A3mstC.05x0625.nc4
1716.374,hit,false,0.000,2,288.660,70,GEOS_0.5x0.625/MERRA2/2019/07/MERRA2.20190701.A3mstC.05x0625.nc4
1716.399,hit,false,0.000,2,288.685,70,GEOS_0.5x0.625/MERRA2/2019/07/MERRA2.20190701.A3mstC.05x0625.nc4
1716.429,hit,false,0.000,2,288.715,70,GEOS_0.5x0.625/MERRA2/2019/07/MERRA2.20190701.A3mstC.05x0625.nc4
1716.453,hit,false,0.000,2,288.737,71,GEOS_0.5x0.625/MERRA2/2019/07/MERRA2.20190701.A3mstC.05x0625.nc4
1716.488,hit,false,0.000,2,288.771,71,GEOS_0.5x0.625/MERRA2/2019/07/MERRA2.20190701.A3mstC.05x0625.nc4
1716.509,hit,false,0.000,2,288.793,71,GEOS_0.5x0.625/MERRA2/2019/07/MERRA2.20190701.A3mstC.05x0625.nc4
1716.552,hit,false,0.000,2,288.835,71,GEOS_0.5x0.625/MERRA2/2019/07/MERRA2.20190701.A3mstC.05x0625.nc4
1716.573,hit,false,0.000,2,288.856,71,GEOS_0.5x0.625/MERRA2/2019/07/MERRA2.20190701.A3mstC.05x0625.nc4
1716.612,hit,false,0.000,2,288.896,71,GEOS_0.5x0.625/MERRA2/2019/07/MERRA2.20190701.A3mstC.05x0625.nc4
1716.634,hit,false,0.000,2,288.918,71,GEOS_0.5x0.625/MERRA2/2019/07/MERRA2.20190701.A3mstC.05x0625.nc4
1716.669,hit,false,0.000,2,288.952,71,GEOS_0.5x0.625/MERRA2/2019/07/MERRA2.20190701.A3mstC.05x0625.nc4
1716.695,hit,false,0.000,2,289.060,72,GEOS_0.5x0.625/MERRA2/2019/07/MERRA2.20190701.A3mstC.05x0625.nc4
1716.732,hit,false,0.000,2,289.097,72,GEOS_0.5x0.625/MERRA2/2019/07/MERRA2.20190701.A3mstC.05x0625.nc4
1716.765,hit,false,0.000,2,289.131,72,GEOS_0.5x0.625/MERRA2/2019/07/MERRA2.20190701.A3mstC.05x0625.nc4
1716.792,hit,false,0.000,2,289.157,72,GEOS_0.5x0.625/MERRA2/2019/07/MERRA2.20190701.A3mstC.05x0625.nc4
1716.822,hit,false,0.000,2,289.188,72,GEOS_0.5x0.625/MERRA2/2019/07/MERRA2.20190701.A3mstC.05x0625.nc4
1716.853,hit,false,0.000,2,289.218,72,GEOS_0.5x0.625/MERRA2/2019/07/MERRA2.20190701.A3mstC.05x0625.nc4
1716.879,hit,false,0.000,2,289.245,72,GEOS_0.5x0.625/MERRA2/2019/07/MERRA2.20190701.A3mstC.05x0625.nc4
1716.908,hit,false,0.000,2,289.274,72,GEOS_0.5x0.625/MERRA2/2019/07/MERRA2.20190701.A3mstC.05x0625.nc4
1716.933,hit,false,0.000,2,289.295,73,GEOS_0.5x0.625/MERRA2/2019/07/MERRA2.20190701.A3mstC.05x0625.nc4
1716.968,hit,false,0.000,2,289.330,73,GEOS_0.5x0.625/MERRA2/2019/07/MERRA2.20190701.A3mstC.05x0625.nc4
1716.995,hit,false,0.000,2,289.358,73,GEOS_0.5x0.625/MERRA2/2019/07/MERRA2.20190701.A3mstC.05x0625.nc4
1717.040,hit,false,0.000,2,289.402,73,GEOS_0.5x0.625/MERRA2/2019/07/MERRA2.20190701.A3mstC.05x0625.nc4
1717.062,hit,false,0.000,2,289.424,73,GEOS_0.5x0.625/MERRA2/2019/07/MERRA2.20190701.A3mstC.05x0625.nc4
1717.120,hit,false,0.000,2,289.482,73,GEOS_0.5x0.625/MERRA2/2019/07/MERRA2.20190701.A3mstC.05x0625.nc4
1717.144,hit,false,0.000,2,289.506,73,GEOS_0.5x0.625/MERRA2/2019/07/MERRA2.20190701.A3mstC.05x0625.nc4
1717.178,hit,false,0.000,2,289.540,73,GEOS_0.5x0.625/MERRA2/2019/07/MERRA2.20190701.A3mstC.05x0625.nc4
1717.202,hit,false,0.000,2,289.563,74,GEOS_0.5x0.625/MERRA2/2019/07/MERRA2.20190701.A3mstC.05x0625.nc4
1717.237,hit,false,0.000,2,289.597,74,GEOS_0.5x0.625/MERRA2/2019/07/MERRA2.20190701.A3mstC.05x0625.nc4
1717.262,hit,false,0.000,2,289.623,74,GEOS_0.5x0.625/MERRA2/2019/07/MERRA2.20190701.A3mstC.05x0625.nc4
1717.298,hit,false,0.000,2,289.658,74,GEOS_0.5x0.625/MERRA2/2019/07/MERRA2.20190701.A3mstC.05x0625.nc4
1717.320,hit,false,0.000,2,289.681,74,GEOS_0.5x0.625/MERRA2/2019/07/MERRA2.20190701.A3mstC.05x0625.nc4
1717.354,hit,false,0.000,2,289.715,74,GEOS_0.5x0.625/MERRA2/2019/07/MERRA2.20190701.A3mstC.05x0625.nc4
1717.381,hit,false,0.000,2,289.741,74,GEOS_0.5x0.625/MERRA2/2019/07/MERRA2.20190701.A3mstC.05x0625.nc4
1717.413,hit,false,0.000,2,289.773,74,GEOS_0.5x0.625/MERRA2/2019/07/MERRA2.20190701.A3mstC.05x0625.nc4
1717.440,hit,false,0.000,2,289.798,75,GEOS_0.5x0.625/MERRA2/2019/07/MERRA2.20190701.A3mstC.05x0625.nc4
1717.476,hit,false,0.000,2,289.835,75,GEOS_0.5x0.625/MERRA2/2019/07/MERRA2.20190701.A3mstC.05x0625.nc4
1717.500,hit,false,0.000,2,289.858,75,GEOS_0.5x0.625/MERRA2/2019/07/MERRA2.20190701.A3mstC.05x0625.nc4
1717.549,hit,false,0.000,2,289.907,75,GEOS_0.5x0.625/MERRA2/2019/07/MERRA2.20190701.A3mstC.05x0625.nc4
1717.569,hit,false,0.000,2,289.927,75,GEOS_0.5x0.625/MERRA2/2019/07/MERRA2.20190701.A3mstC.05x0625.nc4
1717.609,hit,false,0.000,2,289.967,75,GEOS_0.5x0.625/MERRA2/2019/07/MERRA2.20190701.A3mstC.05x0625.nc4
1717.632,hit,false,0.000,2,289.990,75,GEOS_0.5x0.625/MERRA2/2019/07/MERRA2.20190701.A3mstC.05x0625.nc4
1717.670,hit,false,0.000,2,290.028,75,GEOS_0.5x0.625/MERRA2/2019/07/MERRA2.20190701.A3mstC.05x0625.nc4
1717.693,hit,false,0.000,2,290.049,76,GEOS_0.5x0.625/MERRA2/2019/07/MERRA2.20190701.A3mstC.05x0625.nc4
1717.731,hit,false,0.000,2,290.087,76,GEOS_0.5x0.625/MERRA2/2019/07/MERRA2.20190701.A3mstC.05x0625.nc4
1717.756,hit,false,0.000,2,290.112,76,GEOS_0.5x0.625/MERRA2/2019/07/MERRA2.20190701.A3mstC.05x0625.nc4
1717.792,hit,false,0.000,2,290.148,76,GEOS_0.5x0.625/MERRA2/2019/07/MERRA2.20190701.A3mstC.05x0625.nc4
1717.821,hit,false,0.000,2,290.177,76,GEOS_0.5x0.625/MERRA2/2019/07/MERRA2.20190701.A3mstC.05x0625.nc4
1717.854,hit,false,0.000,2,290.210,76,GEOS_0.5x0.625/MERRA2/2019/07/MERRA2.20190701.A3mstC.05x0625.nc4
1717.882,hit,false,0.000,2,290.238,76,GEOS_0.5x0.625/MERRA2/2019/07/MERRA2.20190701.A3mstC.05x0625.nc4
1718.006,hit,false,0.000,2,290.363,76,GEOS_0.5x0.625/MERRA2/2019/07/MERRA2.20190701.A3mstC.05x0625.nc4
1718.030,hit,false,0.000,2,290.221,77,GEOS_0.5x0.625/MERRA2/2019/07/MERRA2.20190701.A3mstC.05x0625.nc4
1718.067,hit,false,0.000,2,290.258,77,GEOS_0.5x0.625/MERRA2/2019/07/MERRA2.20190701.A3mstC.05x0625.nc4
1718.104,hit,false,0.000,2,290.296,77,GEOS_0.5x0.625/MERRA2/2019/07/MERRA2.20190701.A3mstC.05x0625.nc4
1718.127,hit,false,0.000,2,290.318,77,GEOS_0.5x0.625/MERRA2/2019/07/MERRA2.20190701.A3mstC.05x0625.nc4
1718.161,hit,false,0.000,2,290.352,77,GEOS_0.5x0.625/MERRA2/2019/07/MERRA2.20190701.A3mstC.05x0625.nc4
1718.186,hit,false,0.000,2,290.378,77,GEOS_0.5x0.625/MERRA2/2019/07/MERRA2.20190701.A3mstC.05x0625.nc4
1718.223,hit,false,0.000,2,290.415,77,GEOS_0.5x0.625/MERRA2/2019/07/MERRA2.20190701.A3mstC.05x0625.nc4
1718.247,hit,false,0.000,2,290.438,77,GEOS_0.5x0.625/MERRA2/2019/07/MERRA2.20190701.A3mstC.05x0625.nc4
1718.280,hit,false,0.000,2,290.470,78,GEOS_0.5x0.625/MERRA2/2019/07/MERRA2.20190701.A3mstC.05x0625.nc4
1718.307,hit,false,0.000,2,290.497,78,GEOS_0.5x0.625/MERRA2/2019/07/MERRA2.20190701.A3mstC.05x0625.nc4
1718.341,hit,false,0.000,2,290.531,78,GEOS_0.5x0.625/MERRA2/2019/07/MERRA2.20190701.A3mstC.05x0625.nc4
1718.371,hit,false,0.000,2,290.560,78,GEOS_0.5x0.625/MERRA2/2019/07/MERRA2.20190701.A3mstC.05x0625.nc4
1718.400,hit,false,0.000,2,290.590,78,GEOS_0.5x0.625/MERRA2/2019/07/MERRA2.20190701.A3mstC.05x0625.nc4
1718.430,hit,false,0.000,2,290.620,78,GEOS_0.5x0.625/MERRA2/2019/07/MERRA2.20190701.A3mstC.05x0625.nc4
1718.460,hit,false,0.000,2,290.650,78,GEOS_0.5x0.625/MERRA2/2019/07/MERRA2.20190701.A3mstC.05x0625.nc4
1718.492,hit,false,0.000,2,290.681,78,GEOS_0.5x0.625/MERRA2/2019/07/MERRA2.20190701.A3mstC.05x0625.nc4
1718.521,hit,false,0.000,2,290.709,79,GEOS_0.5x0.625/MERRA2/2019/07/MERRA2.20190701.A3mstC.05x0625.nc4
1718.554,hit,false,0.000,2,290.741,79,GEOS_0.5x0.625/MERRA2/2019/07/MERRA2.20190701.A3mstC.05x0625.nc4
1718.582,hit,false,0.000,2,290.769,79,GEOS_0.5x0.625/MERRA2/2019/07/MERRA2.20190701.A3mstC.05x0625.nc4
1718.613,hit,false,0.000,2,290.801,79,GEOS_0.5x0.625/MERRA2/2019/07/MERRA2.20190701.A3mstC.05x0625.nc4
1718.639,hit,false,0.000,2,290.826,79,GEOS_0.5x0.625/MERRA2/2019/07/MERRA2.20190701.A3mstC.05x0625.nc4
1718.671,hit,false,0.000,2,290.859,79,GEOS_0.5x0.625/MERRA2/2019/07/MERRA2.20190701.A3mstC.05x0625.nc4
1718.695,hit,false,0.000,2,290.883,79,GEOS_0.5x0.625/MERRA2/2019/07/MERRA2.20190701.A3mstC.05x0625.nc4
1718.729,hit,false,0.000,2,290.916,79,GEOS_0.5x0.625/MERRA2/2019/07/MERRA2.20190701.A3mstC.05x0625.nc4
1718.754,hit,false,0.000,2,291.107,80,GEOS_0.5x0.625/MERRA2/2019/07/MERRA2.20190701.A3mstC.05x0625.nc4
1718.788,hit,false,0.000,2,291.141,80,GEOS_0.5x0.625/MERRA2/2019/07/MERRA2.20190701.A3mstC.05x0625.nc4
1718.825,hit,false,0.000,2,291.178,80,GEOS_0.5x0.625/MERRA2/2019/07/MERRA2.20190701.A3mstC.05x0625.nc4
1718.852,hit,false,0.000,2,291.205,80,GEOS_0.5x0.625/MERRA2/2019/07/MERRA2.20190701.A3mstC.05x0625.nc4
1718.884,hit,false,0.000,2,291.237,80,GEOS_0.5x0.625/MERRA2/2019/07/MERRA2.20190701.A3mstC.05x0625.nc4
1718.908,hit,false,0.000,2,291.261,80,GEOS_0.5x0.625/MERRA2/2019/07/MERRA2.20190701.A3mstC.05x0625.nc4
1718.942,hit,false,0.000,2,291.295,80,GEOS_0.5x0.625/MERRA2/2019/07/MERRA2.20190701.A3mstC.05x0625.nc4
1718.967,hit,false,0.000,2,291.320,80,GEOS_0.5x0.625/MERRA2/2019/07/MERRA2.20190701.A3mstC.05x0625.nc4
1718.999,hit,false,0.000,2,291.251,81,GEOS_0.5x0.625/MERRA2/2019/07/MERRA2.20190701.A3mstC.05x0625.nc4
1719.030,hit,false,0.000,2,291.282,81,GEOS_0.5x0.625/MERRA2/2019/07/MERRA2.20190701.A3mstC.05x0625.nc4
1719.059,hit,false,0.000,2,291.312,81,GEOS_0.5x0.625/MERRA2/2019/07/MERRA2.20190701.A3mstC.05x0625.nc4
1719.095,hit,false,0.000,2,291.347,81,GEOS_0.5x0.625/MERRA2/2019/07/MERRA2.20190701.A3mstC.05x0625.nc4
1719.118,hit,false,0.000,2,291.370,81,GEOS_0.5x0.625/MERRA2/2019/07/MERRA2.20190701.A3mstC.05x0625.nc4
1719.169,hit,false,0.000,2,291.422,81,GEOS_0.5x0.625/MERRA2/2019/07/MERRA2.20190701.A3mstC.05x0625.nc4
1719.191,hit,false,0.000,2,291.444,81,GEOS_0.5x0.625/MERRA2/2019/07/MERRA2.20190701.A3mstC.05x0625.nc4
1719.222,hit,false,0.000,2,291.475,81,GEOS_0.5x0.625/MERRA2/2019/07/MERRA2.20190701.A3mstC.05x0625.nc4
1719.248,hit,false,0.000,2,291.495,82,GEOS_0.5x0.625/MERRA2/2019/07/MERRA2.20190701.A3mstC.05x0625.nc4
1719.286,hit,false,0.000,2,291.533,82,GEOS_0.5x0.625/MERRA2/2019/07/MERRA2.20190701.A3mstC.05x0625.nc4
1719.310,hit,false,0.000,2,291.558,82,GEOS_0.5x0.625/MERRA2/2019/07/MERRA2.20190701.A3mstC.05x0625.nc4
1719.342,hit,false,0.000,2,291.590,82,GEOS_0.5x0.625/MERRA2/2019/07/MERRA2.20190701.A3mstC.05x0625.nc4
1719.388,hit,false,0.000,2,291.635,82,GEOS_0.5x0.625/MERRA2/2019/07/MERRA2.20190701.A3mstC.05x0625.nc4
1719.409,hit,false,0.000,2,291.657,82,GEOS_0.5x0.625/MERRA2/2019/07/MERRA2.20190701.A3mstC.05x0625.nc4
1719.447,hit,false,0.000,2,291.694,82,GEOS_0.5x0.625/MERRA2/2019/07/MERRA2.20190701.A3mstC.05x0625.nc4
1719.470,hit,false,0.000,2,291.717,82,GEOS_0.5x0.625/MERRA2/2019/07/MERRA2.20190701.A3mstC.05x0625.nc4
1719.509,hit,false,0.000,2,291.753,83,GEOS_0.5x0.625/MERRA2/2019/07/MERRA2.20190701.A3mstC.05x0625.nc4
1719.533,hit,false,0.000,2,291.778,83,GEOS_0.5x0.625/MERRA2/2019/07/MERRA2.20190701.A3mstC.05x0625.nc4
1719.573,hit,false,0.000,2,291.817,83,GEOS_0.5x0.625/MERRA2/2019/07/MERRA2.20190701.A3mstC.05x0625.nc4
1719.596,hit,false,0.000,2,291.840,83,GEOS_0.5x0.625/MERRA2/2019/07/MERRA2.20190701.A3mstC.05x0625.nc4
1719.632,hit,false,0.000,2,291.877,83,GEOS_0.5x0.625/MERRA2/2019/07/MERRA2.20190701.A3mstC.05x0625.nc4
1719.655,hit,false,0.000,2,291.899,83,GEOS_0.5x0.625/MERRA2/2019/07/MERRA2.20190701.A3mstC.05x0625.nc4
1719.691,hit,false,0.000,2,291.935,83,GEOS_0.5x0.625/MERRA2/2019/07/MERRA2.20190701.A3mstC.05x0625.nc4
1719.713,hit,false,0.000,2,291.958,83,GEOS_0.5x0.625/MERRA2/2019/07/MERRA2.20190701.A3mstC.05x0625.nc4
1719.749,hit,false,0.000,2,291.992,84,GEOS_0.5x0.625/MERRA2/2019/07/MERRA2.20190701.A3mstC.05x0625.nc4
1719.775,hit,false,0.000,2,292.017,84,GEOS_0.5x0.625/MERRA2/2019/07/MERRA2.20190701.A3mstC.05x0625.nc4
1719.813,hit,false,0.000,2,292.056,84,GEOS_0.5x0.625/MERRA2/2019/07/MERRA2.20190701.A3mstC.05x0625.nc4
1719.836,hit,false,0.000,2,292.079,84,GEOS_0.5x0.625/MERRA2/2019/07/MERRA2.20190701.A3mstC.05x0625.nc4
1719.871,hit,false,0.000,2,292.114,84,GEOS_0.5x0.625/MERRA2/2019/07/MERRA2.20190701.A3mstC.05x0625.nc4
1719.900,hit,false,0.000,2,292.143,84,GEOS_0.5x0.625/MERRA2/2019/07/MERRA2.20190701.A3mstC.05x0625.nc4
1720.019,hit,false,0.000,2,292.262,84,GEOS_0.5x0.625/MERRA2/2019/07/MERRA2.20190701.A3mstC.05x0625.nc4
1720.042,hit,false,0.000,2,292.285,84,GEOS_0.5x0.625/MERRA2/2019/07/MERRA2.20190701.A3mstC.05x0625.nc4
1720.077,hit,false,0.000,2,292.318,85,GEOS_0.5x0.625/MERRA2/2019/07/MERRA2.20190701.A3mstC.05x0625.nc4
1720.110,hit,false,0.000,2,292.350,85,GEOS_0.5x0.625/MERRA2/2019/07/MERRA2.20190701.A3mstC.05x0625.nc4
1720.140,hit,false,0.000,2,292.381,85,GEOS_0.5x0.625/MERRA2/2019/07/MERRA2.20190701.A3mstC.05x0625.nc4
1720.165,hit,false,0.000,2,292.406,85,GEOS_0.5x0.625/MERRA2/2019/07/MERRA2.20190701.A3mstC.05x0625.nc4
1720.199,hit,false,0.000,2,292.440,85,GEOS_0.5x0.625/MERRA2/2019/07/MERRA2.20190701.A3mstC.05x0625.nc4
1720.231,hit,false,0.000,2,292.472,85,GEOS_0.5x0.625/MERRA2/2019/07/MERRA2.20190701.A3mstC.05x0625.nc4
1720.257,hit,false,0.000,2,292.497,85,GEOS_0.5x0.625/MERRA2/2019/07/MERRA2.20190701.A3mstC.05x0625.nc4
1720.293,hit,false,0.000,2,292.534,85,GEOS_0.5x0.625/MERRA2/2019/07/MERRA2.20190701.A3mstC.05x0625.nc4
1720.316,hit,false,0.000,2,292.555,86,GEOS_0.5x0.625/MERRA2/2019/07/MERRA2.20190701.A3mstC.05x0625.nc4
1720.372,hit,false,0.000,2,292.610,86,GEOS_0.5x0.625/MERRA2/2019/07/MERRA2.20190701.A3mstC.05x0625.nc4
1720.377,hit,false,0.000,2,292.616,86,GEOS_0.5x0.625/MERRA2/2019/07/MERRA2.20190701.A3mstC.05x0625.nc4
1720.436,hit,false,0.000,2,292.675,86,GEOS_0.5x0.625/MERRA2/2019/07/MERRA2.20190701.A3mstC.05x0625.nc4
1720.457,hit,false,0.000,2,292.696,86,GEOS_0.5x0.625/MERRA2/2019/07/MERRA2.20190701.A3mstC.05x0625.nc4
1720.496,hit,false,0.000,2,292.734,86,GEOS_0.5x0.625/MERRA2/2019/07/MERRA2.20190701.A3mstC.05x0625.nc4
1720.520,hit,false,0.000,2,292.759,86,GEOS_0.5x0.625/MERRA2/2019/07/MERRA2.20190701.A3mstC.05x0625.nc4
1720.552,hit,false,0.000,2,292.791,86,GEOS_0.5x0.625/MERRA2/2019/07/MERRA2.20190701.A3mstC.05x0625.nc4
1720.579,hit,false,0.000,2,292.815,87,GEOS_0.5x0.625/MERRA2/2019/07/MERRA2.20190701.A3mstC.05x0625.nc4
1720.612,hit,false,0.000,2,292.848,87,GEOS_0.5x0.625/MERRA2/2019/07/MERRA2.20190701.A3mstC.05x0625.nc4
1720.638,hit,false,0.000,2,292.874,87,GEOS_0.5x0.625/MERRA2/2019/07/MERRA2.20190701.A3mstC.05x0625.nc4
1720.671,hit,false,0.000,2,292.907,87,GEOS_0.5x0.625/MERRA2/2019/07/MERRA2.20190701.A3mstC.05x0625.nc4
1720.693,hit,false,0.000,2,292.929,87,GEOS_0.5x0.625/MERRA2/2019/07/MERRA2.20190701.A3mstC.05x0625.nc4
1720.732,hit,false,0.000,2,292.968,87,GEOS_0.5x0.625/MERRA2/2019/07/MERRA2.20190701.A3mstC.05x0625.nc4
1720.755,hit,false,0.000,2,292.991,87,GEOS_0.5x0.625/MERRA2/2019/07/MERRA2.20190701.A3mstC.05x0625.nc4
1720.792,hit,false,0.000,2,293.028,87,GEOS_0.5x0.625/MERRA2/2019/07/MERRA2.20190701.A3mstC.05x0625.nc4
1720.814,hit,false,0.000,2,293.200,88,GEOS_0.5x0.625/MERRA2/2019/07/MERRA2.20190701.A3mstC.05x0625.nc4
1720.855,hit,false,0.000,2,293.240,88,GEOS_0.5x0.625/MERRA2/2019/07/MERRA2.20190701.A3mstC.05x0625.nc4
1720.884,hit,false,0.000,2,293.270,88,GEOS_0.5x0.625/MERRA2/2019/07/MERRA2.20190701.A3mstC.05x0625.nc4
1720.915,hit,false,0.000,2,293.300,88,GEOS_0.5x0.625/MERRA2/2019/07/MERRA2.20190701.A3mstC.05x0625.nc4
1720.941,hit,false,0.000,2,293.326,88,GEOS_0.5x0.625/MERRA2/2019/07/MERRA2.20190701.A3mstC.05x0625.nc4
1720.970,hit,false,0.000,2,293.355,88,GEOS_0.5x0.625/MERRA2/2019/07/MERRA2.20190701.A3mstC.05x0625.nc4
1721.004,hit,false,0.000,2,293.389,88,GEOS_0.5x0.625/MERRA2/2019/07/MERRA2.20190701.A3mstC.05x0625.nc4
1721.029,hit,false,0.000,2,293.414,88,GEOS_0.5x0.625/MERRA2/2019/07/MERRA2.20190701.A3mstC.05x0625.nc4
1721.061,hit,false,0.000,2,293.441,89,GEOS_0.5x0.625/MERRA2/2019/07/MERRA2.20190701.A3mstC.05x0625.nc4
1721.092,hit,false,0.000,2,293.472,89,GEOS_0.5x0.625/MERRA2/2019/07/MERRA2.20190701.A3mstC.05x0625.nc4
1721.123,hit,false,0.000,2,293.503,89,GEOS_0.5x0.625/MERRA2/2019/07/MERRA2.20190701.A3mstC.05x0625.nc4
1721.153,hit,false,0.000,2,293.533,89,GEOS_0.5x0.625/MERRA2/2019/07/MERRA2.20190701.A3mstC.05x0625.nc4
1721.182,hit,false,0.000,2,293.562,89,GEOS_0.5x0.625/MERRA2/2019/07/MERRA2.20190701.A3mstC.05x0625.nc4
1721.214,hit,false,0.000,2,293.594,89,GEOS_0.5x0.625/MERRA2/2019/07/MERRA2.20190701.A3mstC.05x0625.nc4
1721.241,hit,false,0.000,2,293.622,89,GEOS_0.5x0.625/MERRA2/2019/07/MERRA2.20190701.A3mstC.05x0625.nc4
1721.277,hit,false,0.000,2,293.658,89,GEOS_0.5x0.625/MERRA2/2019/07/MERRA2.20190701.A3mstC.05x0625.nc4
1721.300,hit,false,0.000,2,293.674,90,GEOS_0.5x0.625/MERRA2/2019/07/MERRA2.20190701.A3mstC.05x0625.nc4
1721.342,hit,false,0.000,2,293.716,90,GEOS_0.5x0.625/MERRA2/2019/07/MERRA2.20190701.A3mstC.05x0625.nc4
1721.365,hit,false,0.000,2,293.738,90,GEOS_0.5x0.625/MERRA2/2019/07/MERRA2.20190701.A3mstC.05x0625.nc4
1721.431,hit,false,0.000,2,293.805,90,GEOS_0.5x0.625/MERRA2/2019/07/MERRA2.20190701.A3mstC.05x0625.nc4
1721.453,hit,false,0.000,2,293.827,90,GEOS_0.5x0.625/MERRA2/2019/07/MERRA2.20190701.A3mstC.05x0625.nc4
1721.493,hit,false,0.000,2,293.867,90,GEOS_0.5x0.625/MERRA2/2019/07/MERRA2.20190701.A3mstC.05x0625.nc4
1721.517,hit,false,0.000,2,293.891,90,GEOS_0.5x0.625/MERRA2/2019/07/MERRA2.20190701.A3mstC.05x0625.nc4
1721.551,hit,false,0.000,2,293.924,90,GEOS_0.5x0.625/MERRA2/2019/07/MERRA2.20190701.A3mstC.05x0625.nc4
1721.575,hit,false,0.000,2,293.946,91,GEOS_0.5x0.625/MERRA2/2019/07/MERRA2.20190701.A3mstC.05x0625.nc4
1721.610,hit,false,0.000,2,293.981,91,GEOS_0.5x0.625/MERRA2/2019/07/MERRA2.20190701.A3mstC.05x0625.nc4
1721.636,hit,false,0.000,2,294.007,91,GEOS_0.5x0.625/MERRA2/2019/07/MERRA2.20190701.A3mstC.05x0625.nc4
1721.670,hit,false,0.000,2,294.041,91,GEOS_0.5x0.625/MERRA2/2019/07/MERRA2.20190701.A3mstC.05x0625.nc4
1721.699,hit,false,0.000,2,294.070,91,GEOS_0.5x0.625/MERRA2/2019/07/MERRA2.20190701.A3mstC.05x0625.nc4
1721.731,hit,false,0.000,2,294.102,91,GEOS_0.5x0.625/MERRA2/2019/07/MERRA2.20190701.A3mstC.05x0625.nc4
1721.759,hit,false,0.000,2,294.130,91,GEOS_0.5x0.625/MERRA2/2019/07/MERRA2.20190701.A3mstC.05x0625.nc4
1721.791,hit,false,0.000,2,294.162,91,GEOS_0.5x0.625/MERRA2/2019/07/MERRA2.20190701.A3mstC.05x0625.nc4
1721.824,hit,false,0.000,2,294.193,92,GEOS_0.5x0.625/MERRA2/2019/07/MERRA2.20190701.A3mstC.05x0625.nc4
1721.850,hit,false,0.000,2,294.219,92,GEOS_0.5x0.625/MERRA2/2019/07/MERRA2.20190701.A3mstC.05x0625.nc4
1721.887,hit,false,0.000,2,294.256,92,GEOS_0.5x0.625/MERRA2/2019/07/MERRA2.20190701.A3mstC.05x0625.nc4
1721.910,hit,false,0.000,2,294.279,92,GEOS_0.5x0.625/MERRA2/2019/07/MERRA2.20190701.A3mstC.05x0625.nc4
1721.945,hit,false,0.000,2,294.313,92,GEOS_0.5x0.625/MERRA2/2019/07/MERRA2.20190701.A3mstC.05x0625.nc4
1722.047,hit,false,0.000,2,294.416,92,GEOS_0.5x0.625/MERRA2/2019/07/MERRA2.20190701.A3mstC.05x0625.nc4
1722.069,hit,false,0.000,2,294.438,92,GEOS_0.5x0.625/MERRA2/2019/07/MERRA2.20190701.A3mstC.05x0625.nc4
1722.105,hit,false,0.000,2,294.474,92,GEOS_0.5x0.625/MERRA2/2019/07/MERRA2.20190701.A3mstC.05x0625.nc4
1722.127,hit,false,0.000,2,294.494,93,GEOS_0.5x0.625/MERRA2/2019/07/MERRA2.20190701.A3mstC.05x0625.nc4
1722.169,hit,false,0.000,2,294.536,93,GEOS_0.5x0.625/MERRA2/2019/07/MERRA2.20190701.A3mstC.05x0625.nc4
1722.192,hit,false,0.000,2,294.559,93,GEOS_0.5x0.625/MERRA2/2019/07/MERRA2.20190701.A3mstC.05x0625.nc4
1722.228,hit,false,0.000,2,294.594,93,GEOS_0.5x0.625/MERRA2/2019/07/MERRA2.20190701.A3mstC.05x0625.nc4
1722.251,hit,false,0.000,2,294.617,93,GEOS_0.5x0.625/MERRA2/2019/07/MERRA2.20190701.A3mstC.05x0625.nc4
1722.284,hit,false,0.000,2,294.650,93,GEOS_0.5x0.625/MERRA2/2019/07/MERRA2.20190701.A3mstC.05x0625.nc4
1722.310,hit,false,0.000,2,294.676,93,GEOS_0.5x0.625/MERRA2/2019/07/MERRA2.20190701.A3mstC.05x0625.nc4
1722.342,hit,false,0.000,2,294.709,93,GEOS_0.5x0.625/MERRA2/2019/07/MERRA2.20190701.A3mstC.05x0625.nc4
1722.366,hit,false,0.000,2,294.729,94,GEOS_0.5x0.625/MERRA2/2019/07/MERRA2.20190701.A3mstC.05x0625.nc4
1722.402,hit,false,0.000,2,294.765,94,GEOS_0.5x0.625/MERRA2/2019/07/MERRA2.20190701.A3mstC.05x0625.nc4
1722.431,hit,false,0.000,2,294.794,94,GEOS_0.5x0.625/MERRA2/2019/07/MERRA2.20190701.A3mstC.05x0625.nc4
1722.459,hit,false,0.000,1,294.823,94,GEOS_0.5x0.625/MERRA2/2019/07/MERRA2.20190701.A3mstC.05x0625.nc4
1722.494,hit,false,0.000,0,294.858,94,GEOS_0.5x0.625/MERRA2/2019/07/MERRA2.20190701.A3mstC.05x0625.nc4
1722.520,hit,false,0.000,0,294.884,94,GEOS_0.5x0.625/MERRA2/2019/07/MERRA2.20190701.A3mstC.05x0625.nc4
1722.553,hit,false,0.000,0,294.916,94,GEOS_0.5x0.625/MERRA2/2019/07/MERRA2.20190701.A3mstC.05x0625.nc4
1722.586,hit,false,0.000,0,294.950,94,GEOS_0.5x0.625/MERRA2/2019/07/MERRA2.20190701.A3mstC.05x0625.nc4
1722.611,hit,false,0.000,0,294.967,95,GEOS_0.5x0.625/MERRA2/2019/07/MERRA2.20190701.A3mstC.05x0625.nc4
1722.652,hit,false,0.000,0,295.008,95,GEOS_0.5x0.625/MERRA2/2019/07/MERRA2.20190701.A3mstC.05x0625.nc4
1722.675,hit,false,0.000,0,295.032,95,GEOS_0.5x0.625/MERRA2/2019/07/MERRA2.20190701.A3mstC.05x0625.nc4
1722.708,hit,false,0.000,0,295.065,95,GEOS_0.5x0.625/MERRA2/2019/07/MERRA2.20190701.A3mstC.05x0625.nc4
1722.735,hit,false,0.000,0,295.091,95,GEOS_0.5x0.625/MERRA2/2019/07/MERRA2.20190701.A3mstC.05x0625.nc4
1722.766,hit,false,0.000,0,295.123,95,GEOS_0.5x0.625/MERRA2/2019/07/MERRA2.20190701.A3mstC.05x0625.nc4
1722.795,hit,false,0.000,0,295.152,95,GEOS_0.5x0.625/MERRA2/2019/07/MERRA2.20190701.A3mstC.05x0625.nc4
1722.822,hit,false,0.000,0,295.179,95,GEOS_0.5x0.625/MERRA2/2019/07/MERRA2.20190701.A3mstC.05x0625.nc4
1722.852,hit,false,0.000,0,295.246,96,GEOS_0.5x0.625/MERRA2/2019/07/MERRA2.20190701.A3mstC.05x0625.nc4
1722.880,hit,false,0.000,0,295.274,96,GEOS_0.5x0.625/MERRA2/2019/07/MERRA2.20190701.A3mstC.05x0625.nc4
1722.924,hit,false,0.000,0,295.318,96,GEOS_0.5x0.625/MERRA2/2019/07/MERRA2.20190701.A3mstC.05x0625.nc4
1722.947,hit,false,0.000,0,295.341,96,GEOS_0.5x0.625/MERRA2/2019/07/MERRA2.20190701.A3mstC.05x0625.nc4
1722.983,hit,false,0.000,0,295.377,96,GEOS_0.5x0.625/MERRA2/2019/07/MERRA2.20190701.A3mstC.05x0625.nc4
1723.008,hit,false,0.000,0,295.403,96,GEOS_0.5x0.625/MERRA2/2019/07/MERRA2.20190701.A3mstC.05x0625.nc4
1723.042,hit,false,0.000,0,295.436,96,GEOS_0.5x0.625/MERRA2/2019/07/MERRA2.20190701.A3mstC.05x0625.nc4
1723.072,hit,false,0.000,0,295.467,96,GEOS_0.5x0.625/MERRA2/2019/07/MERRA2.20190701.A3mstC.05x0625.nc4
1723.100,hit,false,0.000,0,295.354,97,GEOS_0.5x0.625/MERRA2/2019/07/MERRA2.20190701.A3mstC.05x0625.nc4
1723.143,hit,false,0.000,0,295.397,97,GEOS_0.5x0.625/MERRA2/2019/07/MERRA2.20190701.A3mstC.05x0625.nc4
1723.166,hit,false,0.000,0,295.420,97,GEOS_0.5x0.625/MERRA2/2019/07/MERRA2.20190701.A3mstC.05x0625.nc4
1723.213,hit,false,0.000,0,295.467,97,GEOS_0.5x0.625/MERRA2/2019/07/MERRA2.20190701.A3mstC.05x0625.nc4
1723.235,hit,false,0.000,0,295.489,97,GEOS_0.5x0.625/MERRA2/2019/07/MERRA2.20190701.A3mstC.05x0625.nc4
1723.275,hit,false,0.000,0,295.528,97,GEOS_0.5x0.625/MERRA2/2019/07/MERRA2.20190701.A3mstC.05x0625.nc4
1723.297,hit,false,0.000,0,295.551,97,GEOS_0.5x0.625/MERRA2/2019/07/MERRA2.20190701.A3mstC.05x0625.nc4
1723.331,hit,false,0.000,0,295.585,97,GEOS_0.5x0.625/MERRA2/2019/07/MERRA2.20190701.A3mstC.05x0625.nc4
1723.357,hit,false,0.000,0,295.608,98,GEOS_0.5x0.625/MERRA2/2019/07/MERRA2.20190701.A3mstC.05x0625.nc4
1723.392,hit,false,0.000,0,295.643,98,GEOS_0.5x0.625/MERRA2/2019/07/MERRA2.20190701.A3mstC.05x0625.nc4
1723.415,hit,false,0.000,0,295.667,98,GEOS_0.5x0.625/MERRA2/2019/07/MERRA2.20190701.A3mstC.05x0625.nc4
1723.449,hit,false,0.000,0,295.701,98,GEOS_0.5x0.625/MERRA2/2019/07/MERRA2.20190701.A3mstC.05x0625.nc4
1723.476,hit,false,0.000,0,295.727,98,GEOS_0.5x0.625/MERRA2/2019/07/MERRA2.20190701.A3mstC.05x0625.nc4
1723.510,hit,false,0.000,0,295.761,98,GEOS_0.5x0.625/MERRA2/2019/07/MERRA2.20190701.A3mstC.05x0625.nc4
1723.535,hit,false,0.000,0,295.787,98,GEOS_0.5x0.625/MERRA2/2019/07/MERRA2.20190701.A3mstC.05x0625.nc4
1723.569,hit,false,0.000,0,295.820,98,GEOS_0.5x0.625/MERRA2/2019/07/MERRA2.20190701.A3mstC.05x0625.nc4
1723.602,hit,false,0.000,0,295.848,99,GEOS_0.5x0.625/MERRA2/2019/07/MERRA2.20190701.A3mstC.05x0625.nc4
1723.638,hit,false,0.000,0,295.884,99,GEOS_0.5x0.625/MERRA2/2019/07/MERRA2.20190701.A3mstC.05x0625.nc4
1723.661,hit,false,0.000,0,295.906,99,GEOS_0.5x0.625/MERRA2/2019/07/MERRA2.20190701.A3mstC.05x0625.nc4
1723.707,hit,false,0.000,0,295.953,99,GEOS_0.5x0.625/MERRA2/2019/07/MERRA2.20190701.A3mstC.05x0625.nc4
1723.729,hit,false,0.000,0,295.975,99,GEOS_0.5x0.625/MERRA2/2019/07/MERRA2.20190701.A3mstC.05x0625.nc4
1723.773,hit,false,0.000,0,296.019,99,GEOS_0.5x0.625/MERRA2/2019/07/MERRA2.20190701.A3mstC.05x0625.nc4
1723.797,hit,false,0.000,0,296.042,99,GEOS_0.5x0.625/MERRA2/2019/07/MERRA2.20190701.A3mstC.05x0625.nc4
1723.836,hit,false,0.000,0,296.082,99,GEOS_0.5x0.625/MERRA2/2019/07/MERRA2.20190701.A3mstC.05x0625.nc4
1723.859,hit,false,0.000,0,296.103,100,GEOS_0.5x0.625/MERRA2/2019/07/MERRA2.20190701.A3mstC.05x0625.nc4
1723.904,hit,false,0.000,0,296.147,100,GEOS_0.5x0.625/MERRA2/2019/07/MERRA2.20190701.A3mstC.05x0625.nc4
1723.929,hit,false,0.000,0,296.173,100,GEOS_0.5x0.625/MERRA2/2019/07/MERRA2.20190701.A3mstC.05x0625.nc4
1723.963,hit,false,0.000,0,296.207,100,GEOS_0.5x0.625/MERRA2/2019/07/MERRA2.20190701.A3mstC.05x0625.nc4
1724.066,hit,false,0.000,0,296.310,100,GEOS_0.5x0.625/MERRA2/2019/07/MERRA2.20190701.A3mstC.05x0625.nc4
1724.089,hit,false,0.000,0,296.333,100,GEOS_0.5x0.625/MERRA2/2019/07/MERRA2.20190701.A3mstC.05x0625.nc4
1724.122,hit,false,0.000,0,296.366,100,GEOS_0.5x0.625/MERRA2/2019/07/MERRA2.20190701.A3mstC.05x0625.nc4
1724.148,hit,false,0.000,0,296.392,100,GEOS_0.5x0.625/MERRA2/2019/07/MERRA2.20190701.A3mstC.05x0625.nc4
1724.181,hit,false,0.000,0,296.423,101,GEOS_0.5x0.625/MERRA2/2019/07/MERRA2.20190701.A3mstC.05x0625.nc4
1724.206,hit,false,0.000,0,296.448,101,GEOS_0.5x0.625/MERRA2/2019/07/MERRA2.20190701.A3mstC.05x0625.nc4
1724.241,hit,false,0.000,0,296.483,101,GEOS_0.5x0.625/MERRA2/2019/07/MERRA2.20190701.A3mstC.05x0625.nc4
1724.268,hit,false,0.000,0,296.510,101,GEOS_0.5x0.625/MERRA2/2019/07/MERRA2.20190701.A3mstC.05x0625.nc4
1724.292,hit,false,0.000,0,296.535,101,GEOS_0.5x0.625/MERRA2/2019/07/MERRA2.20190701.A3mstC.05x0625.nc4
1724.325,hit,false,0.000,0,296.567,101,GEOS_0.5x0.625/MERRA2/2019/07/MERRA2.20190701.A3mstC.05x0625.nc4
1724.351,hit,false,0.000,0,296.593,101,GEOS_0.5x0.625/MERRA2/2019/07/MERRA2.20190701.A3mstC.05x0625.nc4
1724.381,hit,false,0.000,0,296.623,101,GEOS_0.5x0.625/MERRA2/2019/07/MERRA2.20190701.A3mstC.05x0625.nc4
1724.403,hit,false,0.000,0,296.643,102,GEOS_0.5x0.625/MERRA2/2019/07/MERRA2.20190701.A3mstC.05x0625.nc4
1724.440,hit,false,0.000,0,296.679,102,GEOS_0.5x0.625/MERRA2/2019/07/MERRA2.20190701.A3mstC.05x0625.nc4
1724.466,hit,false,0.000,0,296.705,102,GEOS_0.5x0.625/MERRA2/2019/07/MERRA2.20190701.A3mstC.05x0625.nc4
1724.501,hit,false,0.000,0,296.740,102,GEOS_0.5x0.625/MERRA2/2019/07/MERRA2.20190701.A3mstC.05x0625.nc4
1724.524,hit,false,0.000,0,296.764,102,GEOS_0.5x0.625/MERRA2/2019/07/MERRA2.20190701.A3mstC.05x0625.nc4
1724.558,hit,false,0.000,0,296.797,102,GEOS_0.5x0.625/MERRA2/2019/07/MERRA2.20190701.A3mstC.05x0625.nc4
1724.583,hit,false,0.000,0,296.822,102,GEOS_0.5x0.625/MERRA2/2019/07/MERRA2.20190701.A3mstC.05x0625.nc4
1724.617,hit,false,0.000,0,296.856,102,GEOS_0.5x0.625/MERRA2/2019/07/MERRA2.20190701.A3mstC.05x0625.nc4
1724.640,hit,false,0.000,0,296.877,103,GEOS_0.5x0.625/MERRA2/2019/07/MERRA2.20190701.A3mstC.05x0625.nc4
1724.676,hit,false,0.000,0,296.913,103,GEOS_0.5x0.625/MERRA2/2019/07/MERRA2.20190701.A3mstC.05x0625.nc4
1724.703,hit,false,0.000,0,296.940,103,GEOS_0.5x0.625/MERRA2/2019/07/MERRA2.20190701.A3mstC.05x0625.nc4
1724.733,hit,false,0.000,0,296.971,103,GEOS_0.5x0.625/MERRA2/2019/07/MERRA2.20190701.A3mstC.05x0625.nc4
1724.767,hit,false,0.000,0,297.004,103,GEOS_0.5x0.625/MERRA2/2019/07/MERRA2.20190701.A3mstC.05x0625.nc4
1724.793,hit,false,0.000,0,297.031,103,GEOS_0.5x0.625/MERRA2/2019/07/MERRA2.20190701.A3mstC.05x0625.nc4
1724.827,hit,false,0.000,0,297.065,103,GEOS_0.5x0.625/MERRA2/2019/07/MERRA2.20190701.A3mstC.05x0625.nc4
1724.851,hit,false,0.000,0,297.088,103,GEOS_0.5x0.625/MERRA2/2019/07/MERRA2.20190701.A3mstC.05x0625.nc4
1724.887,hit,false,0.000,0,297.789,104,GEOS_0.5x0.625/MERRA2/2019/07/MERRA2.20190701.A3mstC.05x0625.nc4
1724.912,hit,false,0.000,0,297.814,104,GEOS_0.5x0.625/MERRA2/2019/07/MERRA2.20190701.A3mstC.05x0625.nc4
1724.959,hit,false,0.000,0,297.861,104,GEOS_0.5x0.625/MERRA2/2019/07/MERRA2.20190701.A3mstC.05x0625.nc4
1724.982,hit,false,0.000,0,297.884,104,GEOS_0.5x0.625/MERRA2/2019/07/MERRA2.20190701.A3mstC.05x0625.nc4
1725.021,hit,false,0.000,0,297.923,104,GEOS_0.5x0.625/MERRA2/2019/07/MERRA2.20190701.A3mstC.05x0625.nc4
1725.043,hit,false,0.000,0,297.945,104,GEOS_0.5x0.625/MERRA2/2019/07/MERRA2.20190701.A3mstC.05x0625.nc4
1725.075,hit,false,0.000,0,297.977,104,GEOS_0.5x0.625/MERRA2/2019/07/MERRA2.20190701.A3mstC.05x0625.nc4
1725.101,hit,false,0.000,0,298.003,104,GEOS_0.5x0.625/MERRA2/2019/07/MERRA2.20190701.A3mstC.05x0625.nc4
1725.135,hit,false,0.000,0,298.031,105,GEOS_0.5x0.625/MERRA2/2019/07/MERRA2.20190701.A3mstC.05x0625.nc4
1725.160,hit,false,0.000,0,298.056,105,GEOS_0.5x0.625/MERRA2/2019/07/MERRA2.20190701.A3mstC.05x0625.nc4
1725.198,hit,false,0.000,0,298.094,105,GEOS_0.5x0.625/MERRA2/2019/07/MERRA2.20190701.A3mstC.05x0625.nc4
1725.221,hit,false,0.000,0,298.117,105,GEOS_0.5x0.625/MERRA2/2019/07/MERRA2.20190701.A3mstC.05x0625.nc4
1725.256,hit,false,0.000,0,298.151,105,GEOS_0.5x0.625/MERRA2/2019/07/MERRA2.20190701.A3mstC.05x0625.nc4
1725.279,hit,false,0.000,0,298.174,105,GEOS_0.5x0.625/MERRA2/2019/07/MERRA2.20190701.A3mstC.05x0625.nc4
1725.312,hit,false,0.000,0,298.208,105,GEOS_0.5x0.625/MERRA2/2019/07/MERRA2.20190701.A3mstC.05x0625.nc4
1725.338,hit,false,0.000,0,298.234,105,GEOS_0.5x0.625/MERRA2/2019/07/MERRA2.20190701.A3mstC.05x0625.nc4
1725.369,hit,false,0.000,0,298.263,106,GEOS_0.5x0.625/MERRA2/2019/07/MERRA2.20190701.A3mstC.05x0625.nc4
1725.404,hit,false,0.000,0,298.297,106,GEOS_0.5x0.625/MERRA2/2019/07/MERRA2.20190701.A3mstC.05x0625.nc4
1725.430,hit,false,0.000,0,298.323,106,GEOS_0.5x0.625/MERRA2/2019/07/MERRA2.20190701.A3mstC.05x0625.nc4
1725.460,hit,false,0.000,0,298.353,106,GEOS_0.5x0.625/MERRA2/2019/07/MERRA2.20190701.A3mstC.05x0625.nc4
1725.489,hit,false,0.000,0,298.383,106,GEOS_0.5x0.625/MERRA2/2019/07/MERRA2.20190701.A3mstC.05x0625.nc4
1725.521,hit,false,0.000,0,298.414,106,GEOS_0.5x0.625/MERRA2/2019/07/MERRA2.20190701.A3mstC.05x0625.nc4
1725.544,hit,false,0.000,0,298.438,106,GEOS_0.5x0.625/MERRA2/2019/07/MERRA2.20190701.A3mstC.05x0625.nc4
1725.576,hit,false,0.000,0,298.470,106,GEOS_0.5x0.625/MERRA2/2019/07/MERRA2.20190701.A3mstC.05x0625.nc4
1725.602,hit,false,0.000,0,298.494,107,GEOS_0.5x0.625/MERRA2/2019/07/MERRA2.20190701.A3mstC.05x0625.nc4
1725.635,hit,false,0.000,0,298.527,107,GEOS_0.5x0.625/MERRA2/2019/07/MERRA2.20190701.A3mstC.05x0625.nc4
1725.661,hit,false,0.000,0,298.553,107,GEOS_0.5x0.625/MERRA2/2019/07/MERRA2.20190701.A3mstC.05x0625.nc4
1725.693,hit,false,0.000,0,298.585,107,GEOS_0.5x0.625/MERRA2/2019/07/MERRA2.20190701.A3mstC.05x0625.nc4
1725.723,hit,false,0.000,0,298.614,107,GEOS_0.5x0.625/MERRA2/2019/07/MERRA2.20190701.A3mstC.05x0625.nc4
1725.762,hit,false,0.000,0,298.654,107,GEOS_0.5x0.625/MERRA2/2019/07/MERRA2.20190701.A3mstC.05x0625.nc4
1725.788,hit,false,0.000,0,298.680,107,GEOS_0.5x0.625/MERRA2/2019/07/MERRA2.20190701.A3mstC.05x0625.nc4
1725.821,hit,false,0.000,0,298.713,107,GEOS_0.5x0.625/MERRA2/2019/07/MERRA2.20190701.A3mstC.05x0625.nc4
1725.849,hit,false,0.000,0,298.739,108,GEOS_0.5x0.625/MERRA2/2019/07/MERRA2.20190701.A3mstC.05x0625.nc4
1725.883,hit,false,0.000,0,298.773,108,GEOS_0.5x0.625/MERRA2/2019/07/MERRA2.20190701.A3mstC.05x0625.nc4
1725.913,hit,false,0.000,0,298.803,108,GEOS_0.5x0.625/MERRA2/2019/07/MERRA2.20190701.A3mstC.05x0625.nc4
1726.021,hit,false,0.000,0,298.911,108,GEOS_0.5x0.625/MERRA2/2019/07/MERRA2.20190701.A3mstC.05x0625.nc4
1726.044,hit,false,0.000,0,298.934,108,GEOS_0.5x0.625/MERRA2/2019/07/MERRA2.20190701.A3mstC.05x0625.nc4
1726.081,hit,false,0.000,0,298.970,108,GEOS_0.5x0.625/MERRA2/2019/07/MERRA2.20190701.A3mstC.05x0625.nc4
1726.104,hit,false,0.000,0,298.994,108,GEOS_0.5x0.625/MERRA2/2019/07/MERRA2.20190701.A3mstC.05x0625.nc4
1726.137,hit,false,0.000,0,299.027,108,GEOS_0.5x0.625/MERRA2/2019/07/MERRA2.20190701.A3mstC.05x0625.nc4
1726.161,hit,false,0.000,0,298.513,109,GEOS_0.5x0.625/MERRA2/2019/07/MERRA2.20190701.A3mstC.05x0625.nc4
1726.200,hit,false,0.000,0,298.552,109,GEOS_0.5x0.625/MERRA2/2019/07/MERRA2.20190701.A3mstC.05x0625.nc4
1726.224,hit,false,0.000,0,298.576,109,GEOS_0.5x0.625/MERRA2/2019/07/MERRA2.20190701.A3mstC.05x0625.nc4
1726.261,hit,false,0.000,0,298.613,109,GEOS_0.5x0.625/MERRA2/2019/07/MERRA2.20190701.A3mstC.05x0625.nc4
1726.285,hit,false,0.000,0,298.637,109,GEOS_0.5x0.625/MERRA2/2019/07/MERRA2.20190701.A3mstC.05x0625.nc4
1726.320,hit,false,0.000,0,298.672,109,GEOS_0.5x0.625/MERRA2/2019/07/MERRA2.20190701.A3mstC.05x0625.nc4
1726.348,hit,false,0.000,0,298.700,109,GEOS_0.5x0.625/MERRA2/2019/07/MERRA2.20190701.A3mstC.05x0625.nc4
1726.379,hit,false,0.000,0,298.731,109,GEOS_0.5x0.625/MERRA2/2019/07/MERRA2.20190701.A3mstC.05x0625.nc4
1726.409,hit,false,0.000,0,298.658,110,GEOS_0.5x0.625/MERRA2/2019/07/MERRA2.20190701.A3mstC.05x0625.nc4
1726.441,hit,false,0.000,0,298.691,110,GEOS_0.5x0.625/MERRA2/2019/07/MERRA2.20190701.A3mstC.05x0625.nc4
1726.522,hit,false,0.000,0,298.772,110,GEOS_0.5x0.625/MERRA2/2019/07/MERRA2.20190701.A3mstC.05x0625.nc4
1726.544,hit,false,0.000,0,298.793,110,GEOS_0.5x0.625/MERRA2/2019/07/MERRA2.20190701.A3mstC.05x0625.nc4
1726.581,hit,false,0.000,0,298.831,110,GEOS_0.5x0.625/MERRA2/2019/07/MERRA2.20190701.A3mstC.05x0625.nc4
1726.605,hit,false,0.000,0,298.854,110,GEOS_0.5x0.625/MERRA2/2019/07/MERRA2.20190701.A3mstC.05x0625.nc4
1726.638,hit,false,0.000,0,298.888,110,GEOS_0.5x0.625/MERRA2/2019/07/MERRA2.20190701.A3mstC.05x0625.nc4
1726.663,hit,false,0.000,0,298.913,110,GEOS_0.5x0.625/MERRA2/2019/07/MERRA2.20190701.A3mstC.05x0625.nc4
1726.695,hit,false,0.000,0,298.900,111,GEOS_0.5x0.625/MERRA2/2019/07/MERRA2.20190701.A3mstC.05x0625.nc4
1726.723,hit,false,0.000,0,298.928,111,GEOS_0.5x0.625/MERRA2/2019/07/MERRA2.20190701.A3mstC.05x0625.nc4
1726.754,hit,false,0.000,0,298.959,111,GEOS_0.5x0.625/MERRA2/2019/07/MERRA2.20190701.A3mstC.05x0625.nc4
1726.783,hit,false,0.000,0,298.987,111,GEOS_0.5x0.625/MERRA2/2019/07/MERRA2.20190701.A3mstC.05x0625.nc4
1726.821,hit,false,0.000,0,299.026,111,GEOS_0.5x0.625/MERRA2/2019/07/MERRA2.20190701.A3mstC.05x0625.nc4
1726.841,hit,false,0.000,0,299.046,111,GEOS_0.5x0.625/MERRA2/2019/07/MERRA2.20190701.A3mstC.05x0625.nc4
1726.882,hit,false,0.000,0,299.087,111,GEOS_0.5x0.625/MERRA2/2019/07/MERRA2.20190701.A3mstC.05x0625.nc4
1726.905,hit,false,0.000,0,299.110,111,GEOS_0.5x0.625/MERRA2/2019/07/MERRA2.20190701.A3mstC.05x0625.nc4
1726.938,hit,false,0.000,0,299.306,112,GEOS_0.5x0.625/MERRA2/2019/07/MERRA2.20190701.A3mstC.05x0625.nc4
1726.966,hit,false,0.000,0,299.334,112,GEOS_0.5x0.625/MERRA2/2019/07/MERRA2.20190701.A3mstC.05x0625.nc4
1727.032,hit,false,0.000,0,299.400,112,GEOS_0.5x0.625/MERRA2/2019/07/MERRA2.20190701.A3mstC.05x0625.nc4
1727.055,hit,false,0.000,0,299.423,112,GEOS_0.5x0.625/MERRA2/2019/07/MERRA2.20190701.A3mstC.05x0625.nc4
1727.092,hit,false,0.000,0,299.459,112,GEOS_0.5x0.625/MERRA2/2019/07/MERRA2.20190701.A3mstC.05x0625.nc4
1727.116,hit,false,0.000,0,299.484,112,GEOS_0.5x0.625/MERRA2/2019/07/MERRA2.20190701.A3mstC.05x0625.nc4
1727.153,hit,false,0.000,0,299.521,112,GEOS_0.5x0.625/MERRA2/2019/07/MERRA2.20190701.A3mstC.05x0625.nc4
1727.180,hit,false,0.000,0,299.548,112,GEOS_0.5x0.625/MERRA2/2019/07/MERRA2.20190701.A3mstC.05x0625.nc4
1727.211,hit,false,0.000,0,299.576,113,GEOS_0.5x0.625/MERRA2/2019/07/MERRA2.20190701.A3mstC.05x0625.nc4
1727.246,hit,false,0.000,0,299.611,113,GEOS_0.5x0.625/MERRA2/2019/07/MERRA2.20190701.A3mstC.05x0625.nc4
1727.270,hit,false,0.000,0,299.635,113,GEOS_0.5x0.625/MERRA2/2019/07/MERRA2.20190701.A3mstC.05x0625.nc4
1727.310,hit,false,0.000,0,299.675,113,GEOS_0.5x0.625/MERRA2/2019/07/MERRA2.20190701.A3mstC.05x0625.nc4
1727.334,hit,false,0.000,0,299.699,113,GEOS_0.5x0.625/MERRA2/2019/07/MERRA2.20190701.A3mstC.05x0625.nc4
1727.372,hit,false,0.000,0,299.737,113,GEOS_0.5x0.625/MERRA2/2019/07/MERRA2.20190701.A3mstC.05x0625.nc4
1727.395,hit,false,0.000,0,299.760,113,GEOS_0.5x0.625/MERRA2/2019/07/MERRA2.20190701.A3mstC.05x0625.nc4
1727.434,hit,false,0.000,0,299.799,113,GEOS_0.5x0.625/MERRA2/2019/07/MERRA2.20190701.A3mstC.05x0625.nc4
1727.455,hit,false,0.000,0,299.812,114,GEOS_0.5x0.625/MERRA2/2019/07/MERRA2.20190701.A3mstC.05x0625.nc4
1727.499,hit,false,0.000,0,299.855,114,GEOS_0.5x0.625/MERRA2/2019/07/MERRA2.20190701.A3mstC.05x0625.nc4
1727.520,hit,false,0.000,0,299.877,114,GEOS_0.5x0.625/MERRA2/2019/07/MERRA2.20190701.A3mstC.05x0625.nc4
1727.565,hit,false,0.000,0,299.921,114,GEOS_0.5x0.625/MERRA2/2019/07/MERRA2.20190701.A3mstC.05x0625.nc4
1727.584,hit,false,0.000,0,299.941,114,GEOS_0.5x0.625/MERRA2/2019/07/MERRA2.20190701.A3mstC.05x0625.nc4
1727.627,hit,false,0.000,0,299.983,114,GEOS_0.5x0.625/MERRA2/2019/07/MERRA2.20190701.A3mstC.05x0625.nc4
1727.649,hit,false,0.000,0,300.006,114,GEOS_0.5x0.625/MERRA2/2019/07/MERRA2.20190701.A3mstC.05x0625.nc4
1727.687,hit,false,0.000,0,300.044,114,GEOS_0.5x0.625/MERRA2/2019/07/MERRA2.20190701.A3mstC.05x0625.nc4
1727.710,hit,false,0.000,0,300.064,115,GEOS_0.5x0.625/MERRA2/2019/07/MERRA2.20190701.A3mstC.05x0625.nc4
1727.751,hit,false,0.000,0,300.105,115,GEOS_0.5x0.625/MERRA2/2019/07/MERRA2.20190701.A3mstC.05x0625.nc4
1727.776,hit,false,0.000,0,300.130,115,GEOS_0.5x0.625/MERRA2/2019/07/MERRA2.20190701.A3mstC.05x0625.nc4
1727.808,hit,false,0.000,0,300.162,115,GEOS_0.5x0.625/MERRA2/2019/07/MERRA2.20190701.A3mstC.05x0625.nc4
1727.834,hit,false,0.000,0,300.188,115,GEOS_0.5x0.625/MERRA2/2019/07/MERRA2.20190701.A3mstC.05x0625.nc4
1727.865,hit,false,0.000,0,300.219,115,GEOS_0.5x0.625/MERRA2/2019/07/MERRA2.20190701.A3mstC.05x0625.nc4
1727.897,hit,false,0.000,0,300.251,115,GEOS_0.5x0.625/MERRA2/2019/07/MERRA2.20190701.A3mstC.05x0625.nc4
1727.931,hit,false,0.000,0,300.285,115,GEOS_0.5x0.625/MERRA2/2019/07/MERRA2.20190701.A3mstC.05x0625.nc4
1727.962,hit,false,0.000,0,300.183,116,GEOS_0.5x0.625/MERRA2/2019/07/MERRA2.20190701.A3mstC.05x0625.nc4
1727.988,hit,false,0.000,0,300.209,116,GEOS_0.5x0.625/MERRA2/2019/07/MERRA2.20190701.A3mstC.05x0625.nc4
1728.103,hit,false,0.000,0,300.323,116,GEOS_0.5x0.625/MERRA2/2019/07/MERRA2.20190701.A3mstC.05x0625.nc4
1728.125,hit,false,0.000,0,300.345,116,GEOS_0.5x0.625/MERRA2/2019/07/MERRA2.20190701.A3mstC.05x0625.nc4
1728.158,hit,false,0.000,0,300.379,116,GEOS_0.5x0.625/MERRA2/2019/07/MERRA2.20190701.A3mstC.05x0625.nc4
1728.183,hit,false,0.000,0,300.404,116,GEOS_0.5x0.625/MERRA2/2019/07/MERRA2.20190701.A3mstC.05x0625.nc4
1728.214,hit,false,0.000,0,300.434,116,GEOS_0.5x0.625/MERRA2/2019/07/MERRA2.20190701.A3mstC.05x0625.nc4
1728.239,hit,false,0.000,0,300.459,116,GEOS_0.5x0.625/MERRA2/2019/07/MERRA2.20190701.A3mstC.05x0625.nc4
1728.269,hit,false,0.000,0,300.488,117,GEOS_0.5x0.625/MERRA2/2019/07/MERRA2.20190701.A3mstC.05x0625.nc4
1728.297,hit,false,0.000,0,300.516,117,GEOS_0.5x0.625/MERRA2/2019/07/MERRA2.20190701.A3mstC.05x0625.nc4
1728.329,hit,false,0.000,0,300.548,117,GEOS_0.5x0.625/MERRA2/2019/07/MERRA2.20190701.A3mstC.05x0625.nc4
1728.352,hit,false,0.000,0,300.571,117,GEOS_0.5x0.625/MERRA2/2019/07/MERRA2.20190701.A3mstC.05x0625.nc4
1728.385,hit,false,0.000,0,300.604,117,GEOS_0.5x0.625/MERRA2/2019/07/MERRA2.20190701.A3mstC.05x0625.nc4
1728.411,hit,false,0.000,0,300.630,117,GEOS_0.5x0.625/MERRA2/2019/07/MERRA2.20190701.A3mstC.05x0625.nc4
1728.441,hit,false,0.000,0,300.660,117,GEOS_0.5x0.625/MERRA2/2019/07/MERRA2.20190701.A3mstC.05x0625.nc4
1728.465,hit,false,0.000,0,300.684,117,GEOS_0.5x0.625/MERRA2/2019/07/MERRA2.20190701.A3mstC.05x0625.nc4
1728.497,hit,false,0.000,0,300.713,118,GEOS_0.5x0.625/MERRA2/2019/07/MERRA2.20190701.A3mstC.05x0625.nc4
1728.525,hit,false,0.000,0,300.742,118,GEOS_0.5x0.625/MERRA2/2019/07/MERRA2.20190701.A3mstC.05x0625.nc4
1728.556,hit,false,0.000,0,300.772,118,GEOS_0.5x0.625/MERRA2/2019/07/MERRA2.20190701.A3mstC.05x0625.nc4
1728.579,hit,false,0.000,0,300.795,118,GEOS_0.5x0.625/MERRA2/2019/07/MERRA2.20190701.A3mstC.05x0625.nc4
1728.609,hit,false,0.000,0,300.826,118,GEOS_0.5x0.625/MERRA2/2019/07/MERRA2.20190701.A3mstC.05x0625.nc4
1728.635,hit,false,0.000,0,300.852,118,GEOS_0.5x0.625/MERRA2/2019/07/MERRA2.20190701.A3mstC.05x0625.nc4
1728.665,hit,false,0.000,0,300.882,118,GEOS_0.5x0.625/MERRA2/2019/07/MERRA2.20190701.A3mstC.05x0625.nc4
1728.688,hit,false,0.000,0,300.904,118,GEOS_0.5x0.625/MERRA2/2019/07/MERRA2.20190701.A3mstC.05x0625.nc4
1728.724,hit,false,0.000,0,300.938,119,GEOS_0.5x0.625/MERRA2/2019/07/MERRA2.20190701.A3mstC.05x0625.nc4
1728.752,hit,false,0.000,0,300.966,119,GEOS_0.5x0.625/MERRA2/2019/07/MERRA2.20190701.A3mstC.05x0625.nc4
1728.781,hit,false,0.000,0,300.995,119,GEOS_0.5x0.625/MERRA2/2019/07/MERRA2.20190701.A3mstC.05x0625.nc4
1728.834,hit,false,0.000,0,301.048,119,GEOS_0.5x0.625/MERRA2/2019/07/MERRA2.20190701.A3mstC.05x0625.nc4
1728.857,hit,false,0.000,0,301.072,119,GEOS_0.5x0.625/MERRA2/2019/07/MERRA2.20190701.A3mstC.05x0625.nc4
1728.889,hit,false,0.000,0,301.104,119,GEOS_0.5x0.625/MERRA2/2019/07/MERRA2.20190701.A3mstC.05x0625.nc4
1728.915,hit,false,0.000,0,301.129,119,GEOS_0.5x0.625/MERRA2/2019/07/MERRA2.20190701.A3mstC.05x0625.nc4
1728.944,hit,false,0.000,0,301.159,119,GEOS_0.5x0.625/MERRA2/2019/07/MERRA2.20190701.A3mstC.05x0625.nc4
1728.976,hit,false,0.000,0,301.341,120,GEOS_0.5x0.625/MERRA2/2019/07/MERRA2.20190701.A3mstC.05x0625.nc4
1729.000,hit,false,0.000,0,301.365,120,GEOS_0.5x0.625/MERRA2/2019/07/MERRA2.20190701.A3mstC.05x0625.nc4
1729.058,hit,false,0.000,0,301.423,120,GEOS_0.5x0.625/MERRA2/2019/07/MERRA2.20190701.A3mstC.05x0625.nc4
1729.081,hit,false,0.000,0,301.446,120,GEOS_0.5x0.625/MERRA2/2019/07/MERRA2.20190701.A3mstC.05x0625.nc4
1729.123,hit,false,0.000,0,301.487,120,GEOS_0.5x0.625/MERRA2/2019/07/MERRA2.20190701.A3mstC.05x0625.nc4
1729.145,hit,false,0.000,0,301.509,120,GEOS_0.5x0.625/MERRA2/2019/07/MERRA2.20190701.A3mstC.05x0625.nc4
1729.185,hit,false,0.000,0,301.550,120,GEOS_0.5x0.625/MERRA2/2019/07/MERRA2.20190701.A3mstC.05x0625.nc4
1729.208,hit,false,0.000,0,301.572,120,GEOS_0.5x0.625/MERRA2/2019/07/MERRA2.20190701.A3mstC.05x0625.nc4
1729.248,hit,false,0.000,0,301.611,121,GEOS_0.5x0.625/MERRA2/2019/07/MERRA2.20190701.A3mstC.05x0625.nc4
1729.273,hit,false,0.000,0,301.635,121,GEOS_0.5x0.625/MERRA2/2019/07/MERRA2.20190701.A3mstC.05x0625.nc4
1729.314,hit,false,0.000,0,301.676,121,GEOS_0.5x0.625/MERRA2/2019/07/MERRA2.20190701.A3mstC.05x0625.nc4
1729.336,hit,false,0.000,0,301.698,121,GEOS_0.5x0.625/MERRA2/2019/07/MERRA2.20190701.A3mstC.05x0625.nc4
1729.370,hit,false,0.000,0,301.732,121,GEOS_0.5x0.625/MERRA2/2019/07/MERRA2.20190701.A3mstC.05x0625.nc4
1729.396,hit,false,0.000,0,301.758,121,GEOS_0.5x0.625/MERRA2/2019/07/MERRA2.20190701.A3mstC.05x0625.nc4
1729.428,hit,false,0.000,0,301.790,121,GEOS_0.5x0.625/MERRA2/2019/07/MERRA2.20190701.A3mstC.05x0625.nc4
1729.453,hit,false,0.000,0,301.815,121,GEOS_0.5x0.625/MERRA2/2019/07/MERRA2.20190701.A3mstC.05x0625.nc4
1729.486,hit,false,0.000,0,301.775,122,GEOS_0.5x0.625/MERRA2/2019/07/MERRA2.20190701.A3mstC.05x0625.nc4
1729.512,hit,false,0.000,0,301.801,122,GEOS_0.5x0.625/MERRA2/2019/07/MERRA2.20190701.A3mstC.05x0625.nc4
1729.546,hit,false,0.000,0,301.835,122,GEOS_0.5x0.625/MERRA2/2019/07/MERRA2.20190701.A3mstC.05x0625.nc4
1729.572,hit,false,0.000,0,301.860,122,GEOS_0.5x0.625/MERRA2/2019/07/MERRA2.20190701.A3mstC.05x0625.nc4
1729.606,hit,false,0.000,0,301.895,122,GEOS_0.5x0.625/MERRA2/2019/07/MERRA2.20190701.A3mstC.05x0625.nc4
1729.633,hit,false,0.000,0,301.921,122,GEOS_0.5x0.625/MERRA2/2019/07/MERRA2.20190701.A3mstC.05x0625.nc4
1729.663,hit,false,0.000,0,301.952,122,GEOS_0.5x0.625/MERRA2/2019/07/MERRA2.20190701.A3mstC.05x0625.nc4
1729.700,hit,false,0.000,0,301.989,122,GEOS_0.5x0.625/MERRA2/2019/07/MERRA2.20190701.A3mstC.05x0625.nc4
1729.727,hit,false,0.000,0,302.013,123,GEOS_0.5x0.625/MERRA2/2019/07/MERRA2.20190701.A3mstC.05x0625.nc4
1729.761,hit,false,0.000,0,302.047,123,GEOS_0.5x0.625/MERRA2/2019/07/MERRA2.20190701.A3mstC.05x0625.nc4
1729.783,hit,false,0.000,0,302.070,123,GEOS_0.5x0.625/MERRA2/2019/07/MERRA2.20190701.A3mstC.05x0625.nc4
1729.820,hit,false,0.000,0,302.106,123,GEOS_0.5x0.625/MERRA2/2019/07/MERRA2.20190701.A3mstC.05x0625.nc4
1729.844,hit,false,0.000,0,302.130,123,GEOS_0.5x0.625/MERRA2/2019/07/MERRA2.20190701.A3mstC.05x0625.nc4
1729.876,hit,false,0.000,0,302.162,123,GEOS_0.5x0.625/MERRA2/2019/07/MERRA2.20190701.A3mstC.05x0625.nc4
1729.902,hit,false,0.000,0,302.188,123,GEOS_0.5x0.625/MERRA2/2019/07/MERRA2.20190701.A3mstC.05x0625.nc4
1729.932,hit,false,0.000,0,302.219,123,GEOS_0.5x0.625/MERRA2/2019/07/MERRA2.20190701.A3mstC.05x0625.nc4
1729.963,hit,false,0.000,0,302.247,124,GEOS_0.5x0.625/MERRA2/2019/07/MERRA2.20190701.A3mstC.05x0625.nc4
1730.076,hit,false,0.000,0,302.360,124,GEOS_0.5x0.625/MERRA2/2019/07/MERRA2.20190701.A3mstC.05x0625.nc4
1730.097,hit,false,0.000,0,302.381,124,GEOS_0.5x0.625/MERRA2/2019/07/MERRA2.20190701.A3mstC.05x0625.nc4
1730.137,hit,false,0.000,0,302.421,124,GEOS_0.5x0.625/MERRA2/2019/07/MERRA2.20190701.A3mstC.05x0625.nc4
1730.159,hit,false,0.000,0,302.444,124,GEOS_0.5x0.625/MERRA2/2019/07/MERRA2.20190701.A3mstC.05x0625.nc4
1730.195,hit,false,0.000,0,302.479,124,GEOS_0.5x0.625/MERRA2/2019/07/MERRA2.20190701.A3mstC.05x0625.nc4
1730.217,hit,false,0.000,0,302.501,124,GEOS_0.5x0.625/MERRA2/2019/07/MERRA2.20190701.A3mstC.05x0625.nc4
1730.252,hit,false,0.000,0,302.537,124,GEOS_0.5x0.625/MERRA2/2019/07/MERRA2.20190701.A3mstC.05x0625.nc4
1730.276,hit,false,0.000,0,302.558,125,GEOS_0.5x0.625/MERRA2/2019/07/MERRA2.20190701.A3mstC.05x0625.nc4
1730.311,hit,false,0.000,0,302.594,125,GEOS_0.5x0.625/MERRA2/2019/07/MERRA2.20190701.A3mstC.05x0625.nc4
1730.336,hit,false,0.000,0,302.619,125,GEOS_0.5x0.625/MERRA2/2019/07/MERRA2.20190701.A3mstC.05x0625.nc4
1730.368,hit,false,0.000,0,302.651,125,GEOS_0.5x0.625/MERRA2/2019/07/MERRA2.20190701.A3mstC.05x0625.nc4
1730.394,hit,false,0.000,0,302.676,125,GEOS_0.5x0.625/MERRA2/2019/07/MERRA2.20190701.A3mstC.05x0625.nc4
1730.427,hit,false,0.000,0,302.710,125,GEOS_0.5x0.625/MERRA2/2019/07/MERRA2.20190701.A3mstC.05x0625.nc4
1730.450,hit,false,0.000,0,302.732,125,GEOS_0.5x0.625/MERRA2/2019/07/MERRA2.20190701.A3mstC.05x0625.nc4
1730.494,hit,false,0.000,0,302.776,125,GEOS_0.5x0.625/MERRA2/2019/07/MERRA2.20190701.A3mstC.05x0625.nc4
1730.516,hit,false,0.000,0,302.796,126,GEOS_0.5x0.625/MERRA2/2019/07/MERRA2.20190701.A3mstC.05x0625.nc4
1730.556,hit,false,0.000,0,302.836,126,GEOS_0.5x0.625/MERRA2/2019/07/MERRA2.20190701.A3mstC.05x0625.nc4
1730.580,hit,false,0.000,0,302.860,126,GEOS_0.5x0.625/MERRA2/2019/07/MERRA2.20190701.A3mstC.05x0625.nc4
1730.616,hit,false,0.000,0,302.896,126,GEOS_0.5x0.625/MERRA2/2019/07/MERRA2.20190701.A3mstC.05x0625.nc4
1730.639,hit,false,0.000,0,302.920,126,GEOS_0.5x0.625/MERRA2/2019/07/MERRA2.20190701.A3mstC.05x0625.nc4
1730.671,hit,false,0.000,0,302.951,126,GEOS_0.5x0.625/MERRA2/2019/07/MERRA2.20190701.A3mstC.05x0625.nc4
1730.697,hit,false,0.000,0,302.978,126,GEOS_0.5x0.625/MERRA2/2019/07/MERRA2.20190701.A3mstC.05x0625.nc4
1730.723,hit,false,0.000,0,303.003,126,GEOS_0.5x0.625/MERRA2/2019/07/MERRA2.20190701.A3mstC.05x0625.nc4
1730.752,hit,false,0.000,0,303.031,127,GEOS_0.5x0.625/MERRA2/2019/07/MERRA2.20190701.A3mstC.05x0625.nc4
1730.781,hit,false,0.000,0,303.060,127,GEOS_0.5x0.625/MERRA2/2019/07/MERRA2.20190701.A3mstC.05x0625.nc4
1730.811,hit,false,0.000,0,303.089,127,GEOS_0.5x0.625/MERRA2/2019/07/MERRA2.20190701.A3mstC.05x0625.nc4
1730.834,hit,false,0.000,0,303.112,127,GEOS_0.5x0.625/MERRA2/2019/07/MERRA2.20190701.A3mstC.05x0625.nc4
1730.869,hit,false,0.000,0,303.148,127,GEOS_0.5x0.625/MERRA2/2019/07/MERRA2.20190701.A3mstC.05x0625.nc4
1730.893,hit,false,0.000,0,303.171,127,GEOS_0.5x0.625/MERRA2/2019/07/MERRA2.20190701.A3mstC.05x0625.nc4
1730.924,hit,false,0.000,0,303.202,127,GEOS_0.5x0.625/MERRA2/2019/07/MERRA2.20190701.A3mstC.05x0625.nc4
1730.951,hit,false,0.000,0,303.229,127,GEOS_0.5x0.625/MERRA2/2019/07/MERRA2.20190701.A3mstC.05x0625.nc4
1730.984,hit,false,0.000,0,303.404,128,GEOS_0.5x0.625/MERRA2/2019/07/MERRA2.20190701.A3mstC.05x0625.nc4
1731.026,hit,false,0.000,0,303.446,128,GEOS_0.5x0.625/MERRA2/2019/07/MERRA2.20190701.A3mstC.05x0625.nc4
1731.056,hit,false,0.000,0,303.477,128,GEOS_0.5x0.625/MERRA2/2019/07/MERRA2.20190701.A3mstC.05x0625.nc4
1731.087,hit,false,0.000,0,303.507,128,GEOS_0.5x0.625/MERRA2/2019/07/MERRA2.20190701.A3mstC.05x0625.nc4
1731.118,hit,false,0.000,0,303.539,128,GEOS_0.5x0.625/MERRA2/2019/07/MERRA2.20190701.A3mstC.05x0625.nc4
1731.151,hit,false,0.000,0,303.571,128,GEOS_0.5x0.625/MERRA2/2019/07/MERRA2.20190701.A3mstC.05x0625.nc4
1731.176,hit,false,0.000,0,303.596,128,GEOS_0.5x0.625/MERRA2/2019/07/MERRA2.20190701.A3mstC.05x0625.nc4
1731.210,hit,false,0.000,0,303.631,128,GEOS_0.5x0.625/MERRA2/2019/07/MERRA2.20190701.A3mstC.05x0625.nc4
1731.234,hit,false,0.000,0,303.649,129,GEOS_0.5x0.625/MERRA2/2019/07/MERRA2.20190701.A3mstC.05x0625.nc4
1731.270,hit,false,0.000,0,303.685,129,GEOS_0.5x0.625/MERRA2/2019/07/MERRA2.20190701.A3mstC.05x0625.nc4
1731.296,hit,false,0.000,0,303.712,129,GEOS_0.5x0.625/MERRA2/2019/07/MERRA2.20190701.A3mstC.05x0625.nc4
1731.330,hit,false,0.000,0,303.745,129,GEOS_0.5x0.625/MERRA2/2019/07/MERRA2.20190701.A3mstC.05x0625.nc4
1731.356,hit,false,0.000,0,303.772,129,GEOS_0.5x0.625/MERRA2/2019/07/MERRA2.20190701.A3mstC.05x0625.nc4
1731.390,hit,false,0.000,0,303.806,129,GEOS_0.5x0.625/MERRA2/2019/07/MERRA2.20190701.A3mstC.05x0625.nc4
1731.414,hit,false,0.000,0,303.829,129,GEOS_0.5x0.625/MERRA2/2019/07/MERRA2.20190701.A3mstC.05x0625.nc4
1731.451,hit,false,0.000,0,303.866,129,GEOS_0.5x0.625/MERRA2/2019/07/MERRA2.20190701.A3mstC.05x0625.nc4
1731.473,hit,false,0.000,0,303.717,130,GEOS_0.5x0.625/MERRA2/2019/07/MERRA2.20190701.A3mstC.05x0625.nc4
1731.513,hit,false,0.000,0,303.757,130,GEOS_0.5x0.625/MERRA2/2019/07/MERRA2.20190701.A3mstC.05x0625.nc4
1731.536,hit,false,0.000,0,303.780,130,GEOS_0.5x0.625/MERRA2/2019/07/MERRA2.20190701.A3mstC.05x0625.nc4
1731.575,hit,false,0.000,0,303.819,130,GEOS_0.5x0.625/MERRA2/2019/07/MERRA2.20190701.A3mstC.05x0625.nc4
1731.598,hit,false,0.000,0,303.842,130,GEOS_0.5x0.625/MERRA2/2019/07/MERRA2.20190701.A3mstC.05x0625.nc4
1731.632,hit,false,0.000,0,303.875,130,GEOS_0.5x0.625/MERRA2/2019/07/MERRA2.20190701.A3mstC.05x0625.nc4
1731.660,hit,false,0.000,0,303.904,130,GEOS_0.5x0.625/MERRA2/2019/07/MERRA2.20190701.A3mstC.05x0625.nc4
1731.683,hit,false,0.000,0,303.927,130,GEOS_0.5x0.625/MERRA2/2019/07/MERRA2.20190701.A3mstC.05x0625.nc4
1731.719,hit,false,0.000,0,303.960,131,GEOS_0.5x0.625/MERRA2/2019/07/MERRA2.20190701.A3mstC.05x0625.nc4
1731.744,hit,false,0.000,0,303.986,131,GEOS_0.5x0.625/MERRA2/2019/07/MERRA2.20190701.A3mstC.05x0625.nc4
1731.776,hit,false,0.000,0,304.017,131,GEOS_0.5x0.625/MERRA2/2019/07/MERRA2.20190701.A3mstC.05x0625.nc4
1731.802,hit,false,0.000,0,304.043,131,GEOS_0.5x0.625/MERRA2/2019/07/MERRA2.20190701.A3mstC.05x0625.nc4
1731.833,hit,false,0.000,0,304.074,131,GEOS_0.5x0.625/MERRA2/2019/07/MERRA2.20190701.A3mstC.05x0625.nc4
1731.858,hit,false,0.000,0,304.099,131,GEOS_0.5x0.625/MERRA2/2019/07/MERRA2.20190701.A3mstC.05x0625.nc4
1731.895,hit,false,0.000,0,304.136,131,GEOS_0.5x0.625/MERRA2/2019/07/MERRA2.20190701.A3mstC.05x0625.nc4
1731.923,hit,false,0.000,0,304.164,131,GEOS_0.5x0.625/MERRA2/2019/07/MERRA2.20190701.A3mstC.05x0625.nc4
1732.033,hit,false,0.000,0,304.272,132,GEOS_0.5x0.625/MERRA2/2019/07/MERRA2.20190701.A3mstC.05x0625.nc4
1732.057,hit,false,0.000,0,304.296,132,GEOS_0.5x0.625/MERRA2/2019/07/MERRA2.20190701.A3mstC.05x0625.nc4
1732.095,hit,false,0.000,0,304.334,132,GEOS_0.5x0.625/MERRA2/2019/07/MERRA2.20190701.A3mstC.05x0625.nc4
1732.117,hit,false,0.000,0,304.356,132,GEOS_0.5x0.625/MERRA2/2019/07/MERRA2.20190701.A3mstC.05x0625.nc4
1732.157,hit,false,0.000,0,304.396,132,GEOS_0.5x0.625/MERRA2/2019/07/MERRA2.20190701.A3mstC.05x0625.nc4
1732.178,hit,false,0.000,0,304.417,132,GEOS_0.5x0.625/MERRA2/2019/07/MERRA2.20190701.A3mstC.05x0625.nc4
1732.212,hit,false,0.000,0,304.450,132,GEOS_0.5x0.625/MERRA2/2019/07/MERRA2.20190701.A3mstC.05x0625.nc4
1732.237,hit,false,0.000,0,304.476,132,GEOS_0.5x0.625/MERRA2/2019/07/MERRA2.20190701.A3mstC.05x0625.nc4
1732.267,hit,false,0.000,0,304.504,133,GEOS_0.5x0.625/MERRA2/2019/07/MERRA2.20190701.A3mstC.05x0625.nc4
1732.294,hit,false,0.000,0,304.530,133,GEOS_0.5x0.625/MERRA2/2019/07/MERRA2.20190701.A3mstC.05x0625.nc4
1732.327,hit,false,0.000,0,304.564,133,GEOS_0.5x0.625/MERRA2/2019/07/MERRA2.20190701.A3mstC.05x0625.nc4
1732.356,hit,false,0.000,0,304.593,133,GEOS_0.5x0.625/MERRA2/2019/07/MERRA2.20190701.A3mstC.05x0625.nc4
1732.386,hit,false,0.000,0,304.622,133,GEOS_0.5x0.625/MERRA2/2019/07/MERRA2.20190701.A3mstC.05x0625.nc4
1732.416,hit,false,0.000,0,304.652,133,GEOS_0.5x0.625/MERRA2/2019/07/MERRA2.20190701.A3mstC.05x0625.nc4
1732.439,hit,false,0.000,0,304.676,133,GEOS_0.5x0.625/MERRA2/2019/07/MERRA2.20190701.A3mstC.05x0625.nc4
1732.472,hit,false,0.000,0,304.709,133,GEOS_0.5x0.625/MERRA2/2019/07/MERRA2.20190701.A3mstC.05x0625.nc4
1732.498,hit,false,0.000,0,304.716,134,GEOS_0.5x0.625/MERRA2/2019/07/MERRA2.20190701.A3mstC.05x0625.nc4
1732.531,hit,false,0.000,0,304.749,134,GEOS_0.5x0.625/MERRA2/2019/07/MERRA2.20190701.A3mstC.05x0625.nc4
1732.556,hit,false,0.000,0,304.773,134,GEOS_0.5x0.625/MERRA2/2019/07/MERRA2.20190701.A3mstC.05x0625.nc4
1732.591,hit,false,0.000,0,304.808,134,GEOS_0.5x0.625/MERRA2/2019/07/MERRA2.20190701.A3mstC.05x0625.nc4
1732.614,hit,false,0.000,0,304.832,134,GEOS_0.5x0.625/MERRA2/2019/07/MERRA2.20190701.A3mstC.05x0625.nc4
1732.650,hit,false,0.000,0,304.868,134,GEOS_0.5x0.625/MERRA2/2019/07/MERRA2.20190701.A3mstC.05x0625.nc4
1732.673,hit,false,0.000,0,304.891,134,GEOS_0.5x0.625/MERRA2/2019/07/MERRA2.20190701.A3mstC.05x0625.nc4
1732.704,hit,false,0.000,0,304.921,134,GEOS_0.5x0.625/MERRA2/2019/07/MERRA2.20190701.A3mstC.05x0625.nc4
1732.729,hit,false,0.000,0,304.944,135,GEOS_0.5x0.625/MERRA2/2019/07/MERRA2.20190701.A3mstC.05x0625.nc4
1732.762,hit,false,0.000,0,304.977,135,GEOS_0.5x0.625/MERRA2/2019/07/MERRA2.20190701.A3mstC.05x0625.nc4
1732.788,hit,false,0.000,0,305.003,135,GEOS_0.5x0.625/MERRA2/2019/07/MERRA2.20190701.A3mstC.05x0625.nc4
1732.820,hit,false,0.000,0,305.035,135,GEOS_0.5x0.625/MERRA2/2019/07/MERRA2.20190701.A3mstC.05x0625.nc4
1732.849,hit,false,0.000,0,305.064,135,GEOS_0.5x0.625/MERRA2/2019/07/MERRA2.20190701.A3mstC.05x0625.nc4
1732.872,hit,false,0.000,0,305.087,135,GEOS_0.5x0.625/MERRA2/2019/07/MERRA2.20190701.A3mstC.05x0625.nc4
1732.906,hit,false,0.000,0,305.121,135,GEOS_0.5x0.625/MERRA2/2019/07/MERRA2.20190701.A3mstC.05x0625.nc4
1732.931,hit,false,0.000,0,305.146,135,GEOS_0.5x0.625/MERRA2/2019/07/MERRA2.20190701.A3mstC.05x0625.nc4
1732.960,hit,false,0.000,0,305.393,136,GEOS_0.5x0.625/MERRA2/2019/07/MERRA2.20190701.A3mstC.05x0625.nc4
1732.986,hit,false,0.000,0,305.419,136,GEOS_0.5x0.625/MERRA2/2019/07/MERRA2.20190701.A3mstC.05x0625.nc4
1733.031,hit,false,0.000,0,305.463,136,GEOS_0.5x0.625/MERRA2/2019/07/MERRA2.20190701.A3mstC.05x0625.nc4
1733.052,hit,false,0.000,0,305.485,136,GEOS_0.5x0.625/MERRA2/2019/07/MERRA2.20190701.A3mstC.05x0625.nc4
1733.092,hit,false,0.000,0,305.525,136,GEOS_0.5x0.625/MERRA2/2019/07/MERRA2.20190701.A3mstC.05x0625.nc4
1733.115,hit,false,0.000,0,305.548,136,GEOS_0.5x0.625/MERRA2/2019/07/MERRA2.20190701.A3mstC.05x0625.nc4
1733.154,hit,false,0.000,0,305.587,136,GEOS_0.5x0.625/MERRA2/2019/07/MERRA2.20190701.A3mstC.05x0625.nc4
1733.176,hit,false,0.000,0,305.609,136,GEOS_0.5x0.625/MERRA2/2019/07/MERRA2.20190701.A3mstC.05x0625.nc4
1733.212,hit,false,0.000,0,305.642,137,GEOS_0.5x0.625/MERRA2/2019/07/MERRA2.20190701.A3mstC.05x0625.nc4
1733.238,hit,false,0.000,0,305.668,137,GEOS_0.5x0.625/MERRA2/2019/07/MERRA2.20190701.A3mstC.05x0625.nc4
1733.269,hit,false,0.000,0,305.699,137,GEOS_0.5x0.625/MERRA2/2019/07/MERRA2.20190701.A3mstC.05x0625.nc4
1733.294,hit,false,0.000,0,305.724,137,GEOS_0.5x0.625/MERRA2/2019/07/MERRA2.20190701.A3mstC.05x0625.nc4
1733.325,hit,false,0.000,0,305.756,137,GEOS_0.5x0.625/MERRA2/2019/07/MERRA2.20190701.A3mstC.05x0625.nc4
1733.351,hit,false,0.000,0,305.781,137,GEOS_0.5x0.625/MERRA2/2019/07/MERRA2.20190701.A3mstC.05x0625.nc4
1733.384,hit,false,0.000,0,305.814,137,GEOS_0.5x0.625/MERRA2/2019/07/MERRA2.20190701.A3mstC.05x0625.nc4
1733.409,hit,false,0.000,0,305.839,137,GEOS_0.5x0.625/MERRA2/2019/07/MERRA2.20190701.A3mstC.05x0625.nc4
1733.440,hit,false,0.000,0,305.867,138,GEOS_0.5x0.625/MERRA2/2019/07/MERRA2.20190701.A3mstC.05x0625.nc4
1733.468,hit,false,0.000,0,305.896,138,GEOS_0.5x0.625/MERRA2/2019/07/MERRA2.20190701.A3mstC.05x0625.nc4
1733.500,hit,false,0.000,0,305.928,138,GEOS_0.5x0.625/MERRA2/2019/07/MERRA2.20190701.A3mstC.05x0625.nc4
1733.523,hit,false,0.000,0,305.951,138,GEOS_0.5x0.625/MERRA2/2019/07/MERRA2.20190701.A3mstC.05x0625.nc4
1733.560,hit,false,0.000,0,305.988,138,GEOS_0.5x0.625/MERRA2/2019/07/MERRA2.20190701.A3mstC.05x0625.nc4
1733.583,hit,false,0.000,0,306.011,138,GEOS_0.5x0.625/MERRA2/2019/07/MERRA2.20190701.A3mstC.05x0625.nc4
1733.619,hit,false,0.000,0,306.046,138,GEOS_0.5x0.625/MERRA2/2019/07/MERRA2.20190701.A3mstC.05x0625.nc4
1733.641,hit,false,0.000,0,306.069,138,GEOS_0.5x0.625/MERRA2/2019/07/MERRA2.20190701.A3mstC.05x0625.nc4
1733.677,hit,false,0.000,0,306.103,139,GEOS_0.5x0.625/MERRA2/2019/07/MERRA2.20190701.A3mstC.05x0625.nc4
1733.702,hit,false,0.000,0,306.128,139,GEOS_0.5x0.625/MERRA2/2019/07/MERRA2.20190701.A3mstC.05x0625.nc4
1733.736,hit,false,0.000,0,306.162,139,GEOS_0.5x0.625/MERRA2/2019/07/MERRA2.20190701.A3mstC.05x0625.nc4
1733.766,hit,false,0.000,0,306.192,139,GEOS_0.5x0.625/MERRA2/2019/07/MERRA2.20190701.A3mstC.05x0625.nc4
1733.792,hit,false,0.000,0,306.218,139,GEOS_0.5x0.625/MERRA2/2019/07/MERRA2.20190701.A3mstC.05x0625.nc4
1733.821,hit,false,0.000,0,306.247,139,GEOS_0.5x0.625/MERRA2/2019/07/MERRA2.20190701.A3mstC.05x0625.nc4
1733.845,hit,false,0.000,0,306.271,139,GEOS_0.5x0.625/MERRA2/2019/07/MERRA2.20190701.A3mstC.05x0625.nc4
1733.958,hit,false,0.000,0,306.384,139,GEOS_0.5x0.625/MERRA2/2019/07/MERRA2.20190701.A3mstC.05x0625.nc4
1733.982,hit,false,0.000,0,306.406,140,GEOS_0.5x0.625/MERRA2/2019/07/MERRA2.20190701.A3mstC.05x0625.nc4
1734.021,hit,false,0.000,0,306.445,140,GEOS_0.5x0.625/MERRA2/2019/07/MERRA2.20190701.A3mstC.05x0625.nc4
1734.044,hit,false,0.000,0,306.468,140,GEOS_0.5x0.625/MERRA2/2019/07/MERRA2.20190701.A3mstC.05x0625.nc4
1734.079,hit,false,0.000,0,306.503,140,GEOS_0.5x0.625/MERRA2/2019/07/MERRA2.20190701.A3mstC.05x0625.nc4
1734.102,hit,false,0.000,0,306.526,140,GEOS_0.5x0.625/MERRA2/2019/07/MERRA2.20190701.A3mstC.05x0625.nc4
1734.132,hit,false,0.000,0,306.556,140,GEOS_0.5x0.625/MERRA2/2019/07/MERRA2.20190701.A3mstC.05x0625.nc4
1734.158,hit,false,0.000,0,306.582,140,GEOS_0.5x0.625/MERRA2/2019/07/MERRA2.20190701.A3mstC.05x0625.nc4
1734.190,hit,false,0.000,0,306.614,140,GEOS_0.5x0.625/MERRA2/2019/07/MERRA2.20190701.A3mstC.05x0625.nc4
1734.214,hit,false,0.000,0,306.636,141,GEOS_0.5x0.625/MERRA2/2019/07/MERRA2.20190701.A3mstC.05x0625.nc4
1734.248,hit,false,0.000,0,306.670,141,GEOS_0.5x0.625/MERRA2/2019/07/MERRA2.20190701.A3mstC.05x0625.nc4
1734.277,hit,false,0.000,0,306.699,141,GEOS_0.5x0.625/MERRA2/2019/07/MERRA2.20190701.A3mstC.05x0625.nc4
1734.305,hit,false,0.000,0,306.727,141,GEOS_0.5x0.625/MERRA2/2019/07/MERRA2.20190701.A3mstC.05x0625.nc4
1734.339,hit,false,0.000,0,306.761,141,GEOS_0.5x0.625/MERRA2/2019/07/MERRA2.20190701.A3mstC.05x0625.nc4
1734.366,hit,false,0.000,0,306.788,141,GEOS_0.5x0.625/MERRA2/2019/07/MERRA2.20190701.A3mstC.05x0625.nc4
1734.397,hit,false,0.000,0,306.819,141,GEOS_0.5x0.625/MERRA2/2019/07/MERRA2.20190701.A3mstC.05x0625.nc4
1734.421,hit,false,0.000,0,306.843,141,GEOS_0.5x0.625/MERRA2/2019/07/MERRA2.20190701.A3mstC.05x0625.nc4
1734.451,hit,false,0.000,0,306.871,142,GEOS_0.5x0.625/MERRA2/2019/07/MERRA2.20190701.A3mstC.05x0625.nc4
1734.479,hit,false,0.000,0,306.899,142,GEOS_0.5x0.625/MERRA2/2019/07/MERRA2.20190701.A3mstC.05x0625.nc4
1734.509,hit,false,0.000,0,306.929,142,GEOS_0.5x0.625/MERRA2/2019/07/MERRA2.20190701.A3mstC.05x0625.nc4
1734.542,hit,false,0.000,0,306.962,142,GEOS_0.5x0.625/MERRA2/2019/07/MERRA2.20190701.A3mstC.05x0625.nc4
1734.565,hit,false,0.000,0,306.985,142,GEOS_0.5x0.625/MERRA2/2019/07/MERRA2.20190701.A3mstC.05x0625.nc4
1734.596,hit,false,0.000,0,307.016,142,GEOS_0.5x0.625/MERRA2/2019/07/MERRA2.20190701.A3mstC.05x0625.nc4
1734.621,hit,false,0.000,0,307.041,142,GEOS_0.5x0.625/MERRA2/2019/07/MERRA2.20190701.A3mstC.05x0625.nc4
1734.653,hit,false,0.000,0,307.073,142,GEOS_0.5x0.625/MERRA2/2019/07/MERRA2.20190701.A3mstC.05x0625.nc4
1734.684,hit,false,0.000,0,307.102,143,GEOS_0.5x0.625/MERRA2/2019/07/MERRA2.20190701.A3mstC.05x0625.nc4
1734.710,hit,false,0.000,0,307.127,143,GEOS_0.5x0.625/MERRA2/2019/07/MERRA2.20190701.A3mstC.05x0625.nc4
1734.748,hit,false,0.000,0,307.166,143,GEOS_0.5x0.625/MERRA2/2019/07/MERRA2.20190701.A3mstC.05x0625.nc4
1734.770,hit,false,0.000,0,307.188,143,GEOS_0.5x0.625/MERRA2/2019/07/MERRA2.20190701.A3mstC.05x0625.nc4
1734.802,hit,false,0.000,0,307.220,143,GEOS_0.5x0.625/MERRA2/2019/07/MERRA2.20190701.A3mstC.05x0625.nc4
1734.827,hit,false,0.000,0,307.245,143,GEOS_0.5x0.625/MERRA2/2019/07/MERRA2.20190701.A3mstC.05x0625.nc4
1734.859,hit,false,0.000,0,307.277,143,GEOS_0.5x0.625/MERRA2/2019/07/MERRA2.20190701.A3mstC.05x0625.nc4
1734.882,hit,false,0.000,0,307.300,143,GEOS_0.5x0.625/MERRA2/2019/07/MERRA2.20190701.A3mstC.05x0625.nc4
1734.921,hit,false,0.000,0,307.330,144,GEOS_0.5x0.625/MERRA2/2019/07/MERRA2.20190701.A3mstC.05x0625.nc4
1734.945,hit,false,0.000,0,307.355,144,GEOS_0.5x0.625/MERRA2/2019/07/MERRA2.20190701.A3mstC.05x0625.nc4
1734.994,hit,false,0.000,0,307.404,144,GEOS_0.5x0.625/MERRA2/2019/07/MERRA2.20190701.A3mstC.05x0625.nc4
1735.017,hit,false,0.000,0,307.426,144,GEOS_0.5x0.625/MERRA2/2019/07/MERRA2.20190701.A3mstC.05x0625.nc4
1735.056,hit,false,0.000,0,307.466,144,GEOS_0.5x0.625/MERRA2/2019/07/MERRA2.20190701.A3mstC.05x0625.nc4
1735.079,hit,false,0.000,0,307.488,144,GEOS_0.5x0.625/MERRA2/2019/07/MERRA2.20190701.A3mstC.05x0625.nc4
1735.113,hit,false,0.000,0,307.523,144,GEOS_0.5x0.625/MERRA2/2019/07/MERRA2.20190701.A3mstC.05x0625.nc4
1735.136,hit,false,0.000,0,307.546,144,GEOS_0.5x0.625/MERRA2/2019/07/MERRA2.20190701.A3mstC.05x0625.nc4
1735.170,hit,false,0.000,0,307.569,145,GEOS_0.5x0.625/MERRA2/2019/07/MERRA2.20190701.A3mstC.05x0625.nc4
1735.196,hit,false,0.000,0,307.594,145,GEOS_0.5x0.625/MERRA2/2019/07/MERRA2.20190701.A3mstC.05x0625.nc4
1735.229,hit,false,0.000,0,307.628,145,GEOS_0.5x0.625/MERRA2/2019/07/MERRA2.20190701.A3mstC.05x0625.nc4
1735.253,hit,false,0.000,0,307.652,145,GEOS_0.5x0.625/MERRA2/2019/07/MERRA2.20190701.A3mstC.05x0625.nc4
1735.292,hit,false,0.000,0,307.691,145,GEOS_0.5x0.625/MERRA2/2019/07/MERRA2.20190701.A3mstC.05x0625.nc4
1735.317,hit,false,0.000,0,307.716,145,GEOS_0.5x0.625/MERRA2/2019/07/MERRA2.20190701.A3mstC.05x0625.nc4
1735.360,hit,false,0.000,0,307.759,145,GEOS_0.5x0.625/MERRA2/2019/07/MERRA2.20190701.A3mstC.05x0625.nc4
1735.380,hit,false,0.000,0,307.779,145,GEOS_0.5x0.625/MERRA2/2019/07/MERRA2.20190701.A3mstC.05x0625.nc4
1735.427,hit,false,0.000,0,307.824,146,GEOS_0.5x0.625/MERRA2/2019/07/MERRA2.20190701.A3mstC.05x0625.nc4
1735.451,hit,false,0.000,0,307.848,146,GEOS_0.5x0.625/MERRA2/2019/07/MERRA2.20190701.A3mstC.05x0625.nc4
1735.491,hit,false,0.000,0,307.888,146,GEOS_0.5x0.625/MERRA2/2019/07/MERRA2.20190701.A3mstC.05x0625.nc4
1735.514,hit,false,0.000,0,307.910,146,GEOS_0.5x0.625/MERRA2/2019/07/MERRA2.20190701.A3mstC.05x0625.nc4
1735.548,hit,false,0.000,0,307.945,146,GEOS_0.5x0.625/MERRA2/2019/07/MERRA2.20190701.A3mstC.05x0625.nc4
1735.573,hit,false,0.000,0,307.970,146,GEOS_0.5x0.625/MERRA2/2019/07/MERRA2.20190701.A3mstC.05x0625.nc4
1735.606,hit,false,0.000,0,308.003,146,GEOS_0.5x0.625/MERRA2/2019/07/MERRA2.20190701.A3mstC.05x0625.nc4
1735.631,hit,false,0.000,0,308.028,146,GEOS_0.5x0.625/MERRA2/2019/07/MERRA2.20190701.A3mstC.05x0625.nc4
1735.665,hit,false,0.000,0,308.060,147,GEOS_0.5x0.625/MERRA2/2019/07/MERRA2.20190701.A3mstC.05x0625.nc4
1735.693,hit,false,0.000,0,308.087,147,GEOS_0.5x0.625/MERRA2/2019/07/MERRA2.20190701.A3mstC.05x0625.nc4
1735.725,hit,false,0.000,0,308.120,147,GEOS_0.5x0.625/MERRA2/2019/07/MERRA2.20190701.A3mstC.05x0625.nc4
1735.758,hit,false,0.000,0,308.152,147,GEOS_0.5x0.625/MERRA2/2019/07/MERRA2.20190701.A3mstC.05x0625.nc4
1735.808,hit,false,0.000,0,308.203,147,GEOS_0.5x0.625/MERRA2/2019/07/MERRA2.20190701.A3mstC.05x0625.nc4
1735.830,hit,false,0.000,0,308.224,147,GEOS_0.5x0.625/MERRA2/2019/07/MERRA2.20190701.A3mstC.05x0625.nc4
1735.958,hit,false,0.000,0,308.352,147,GEOS_0.5x0.625/MERRA2/2019/07/MERRA2.20190701.A3mstC.05x0625.nc4
1735.980,hit,false,0.000,0,308.374,147,GEOS_0.5x0.625/MERRA2/2019/07/MERRA2.20190701.A3mstC.05x0625.nc4
1736.023,hit,false,0.000,0,308.412,148,GEOS_0.5x0.625/MERRA2/2019/07/MERRA2.20190701.A3mstC.05x0625.nc4
1736.047,hit,false,0.000,0,308.437,148,GEOS_0.5x0.625/MERRA2/2019/07/MERRA2.20190701.A3mstC.05x0625.nc4
1736.085,hit,false,0.000,0,308.475,148,GEOS_0.5x0.625/MERRA2/2019/07/MERRA2.20190701.A3mstC.05x0625.nc4
1736.107,hit,false,0.000,0,308.496,148,GEOS_0.5x0.625/MERRA2/2019/07/MERRA2.20190701.A3mstC.05x0625.nc4
1736.144,hit,false,0.000,0,308.533,148,GEOS_0.5x0.625/MERRA2/2019/07/MERRA2.20190701.A3mstC.05x0625.nc4
1736.165,hit,false,0.000,0,308.555,148,GEOS_0.5x0.625/MERRA2/2019/07/MERRA2.20190701.A3mstC.05x0625.nc4
1736.201,hit,false,0.000,0,308.590,148,GEOS_0.5x0.625/MERRA2/2019/07/MERRA2.20190701.A3mstC.05x0625.nc4
1736.223,hit,false,0.000,0,308.613,148,GEOS_0.5x0.625/MERRA2/2019/07/MERRA2.20190701.A3mstC.05x0625.nc4
1736.255,hit,false,0.000,0,308.476,149,GEOS_0.5x0.625/MERRA2/2019/07/MERRA2.20190701.A3mstC.05x0625.nc4
1736.283,hit,false,0.000,0,308.504,149,GEOS_0.5x0.625/MERRA2/2019/07/MERRA2.20190701.A3mstC.05x0625.nc4
1736.318,hit,false,0.000,0,308.539,149,GEOS_0.5x0.625/MERRA2/2019/07/MERRA2.20190701.A3mstC.05x0625.nc4
1736.342,hit,false,0.000,0,308.563,149,GEOS_0.5x0.625/MERRA2/2019/07/MERRA2.20190701.A3mstC.05x0625.nc4
1736.373,hit,false,0.000,0,308.594,149,GEOS_0.5x0.625/MERRA2/2019/07/MERRA2.20190701.A3mstC.05x0625.nc4
1736.400,hit,false,0.000,0,308.621,149,GEOS_0.5x0.625/MERRA2/2019/07/MERRA2.20190701.A3mstC.05x0625.nc4
1736.424,hit,false,0.000,0,308.645,149,GEOS_0.5x0.625/MERRA2/2019/07/MERRA2.20190701.A3mstC.05x0625.nc4
1736.459,hit,false,0.000,0,308.680,149,GEOS_0.5x0.625/MERRA2/2019/07/MERRA2.20190701.A3mstC.05x0625.nc4
1736.485,hit,false,0.000,0,308.701,150,GEOS_0.5x0.625/MERRA2/2019/07/MERRA2.20190701.A3mstC.05x0625.nc4
1736.519,hit,false,0.000,0,308.736,150,GEOS_0.5x0.625/MERRA2/2019/07/MERRA2.20190701.A3mstC.05x0625.nc4
1736.546,hit,false,0.000,0,308.763,150,GEOS_0.5x0.625/MERRA2/2019/07/MERRA2.20190701.A3mstC.05x0625.nc4
1736.577,hit,false,0.000,0,308.794,150,GEOS_0.5x0.625/MERRA2/2019/07/MERRA2.20190701.A3mstC.05x0625.nc4
1736.606,hit,false,0.000,0,308.823,150,GEOS_0.5x0.625/MERRA2/2019/07/MERRA2.20190701.A3mstC.05x0625.nc4
1736.636,hit,false,0.000,0,308.852,150,GEOS_0.5x0.625/MERRA2/2019/07/MERRA2.20190701.A3mstC.05x0625.nc4
1736.661,hit,false,0.000,0,308.878,150,GEOS_0.5x0.625/MERRA2/2019/07/MERRA2.20190701.A3mstC.05x0625.nc4
1736.692,hit,false,0.000,0,308.909,150,GEOS_0.5x0.625/MERRA2/2019/07/MERRA2.20190701.A3mstC.05x0625.nc4
1736.718,hit,false,0.000,0,308.933,151,GEOS_0.5x0.625/MERRA2/2019/07/MERRA2.20190701.A3mstC.05x0625.nc4
1736.749,hit,false,0.000,0,308.964,151,GEOS_0.5x0.625/MERRA2/2019/07/MERRA2.20190701.A3mstC.05x0625.nc4
1736.773,hit,false,0.000,0,308.987,151,GEOS_0.5x0.625/MERRA2/2019/07/MERRA2.20190701.A3mstC.05x0625.nc4
1736.804,hit,false,0.000,0,309.018,151,GEOS_0.5x0.625/MERRA2/2019/07/MERRA2.20190701.A3mstC.05x0625.nc4
1736.830,hit,false,0.000,0,309.044,151,GEOS_0.5x0.625/MERRA2/2019/07/MERRA2.20190701.A3mstC.05x0625.nc4
1736.859,hit,false,0.000,0,309.074,151,GEOS_0.5x0.625/MERRA2/2019/07/MERRA2.20190701.A3mstC.05x0625.nc4
1736.889,hit,false,0.000,0,309.104,151,GEOS_0.5x0.625/MERRA2/2019/07/MERRA2.20190701.A3mstC.05x0625.nc4
1736.913,hit,false,0.000,0,309.127,151,GEOS_0.5x0.625/MERRA2/2019/07/MERRA2.20190701.A3mstC.05x0625.nc4
1736.948,hit,false,0.000,0,309.344,152,GEOS_0.5x0.625/MERRA2/2019/07/MERRA2.20190701.A3mstC.05x0625.nc4
1736.973,hit,false,0.000,0,309.369,152,GEOS_0.5x0.625/MERRA2/2019/07/MERRA2.20190701.A3mstC.05x0625.nc4
1737.017,hit,false,0.000,0,309.413,152,GEOS_0.5x0.625/MERRA2/2019/07/MERRA2.20190701.A3mstC.05x0625.nc4
1737.038,hit,false,0.000,0,309.435,152,GEOS_0.5x0.625/MERRA2/2019/07/MERRA2.20190701.A3mstC.05x0625.nc4
1737.078,hit,false,0.000,0,309.475,152,GEOS_0.5x0.625/MERRA2/2019/07/MERRA2.20190701.A3mstC.05x0625.nc4
1737.100,hit,false,0.000,0,309.496,152,GEOS_0.5x0.625/MERRA2/2019/07/MERRA2.20190701.A3mstC.05x0625.nc4
1737.138,hit,false,0.000,0,309.534,152,GEOS_0.5x0.625/MERRA2/2019/07/MERRA2.20190701.A3mstC.05x0625.nc4
1737.160,hit,false,0.000,0,309.556,152,GEOS_0.5x0.625/MERRA2/2019/07/MERRA2.20190701.A3mstC.05x0625.nc4
1737.196,hit,false,0.000,0,309.590,153,GEOS_0.5x0.625/MERRA2/2019/07/MERRA2.20190701.A3mstC.05x0625.nc4
1737.224,hit,false,0.000,0,309.618,153,GEOS_0.5x0.625/MERRA2/2019/07/MERRA2.20190701.A3mstC.05x0625.nc4
1737.258,hit,false,0.000,0,309.652,153,GEOS_0.5x0.625/MERRA2/2019/07/MERRA2.20190701.A3mstC.05x0625.nc4
1737.283,hit,false,0.000,0,309.677,153,GEOS_0.5x0.625/MERRA2/2019/07/MERRA2.20190701.A3mstC.05x0625.nc4
1737.327,hit,false,0.000,0,309.721,153,GEOS_0.5x0.625/MERRA2/2019/07/MERRA2.20190701.A3mstC.05x0625.nc4
1737.348,hit,false,0.000,0,309.742,153,GEOS_0.5x0.625/MERRA2/2019/07/MERRA2.20190701.A3mstC.05x0625.nc4
1737.386,hit,false,0.000,0,309.780,153,GEOS_0.5x0.625/MERRA2/2019/07/MERRA2.20190701.A3mstC.05x0625.nc4
1737.409,hit,false,0.000,0,309.803,153,GEOS_0.5x0.625/MERRA2/2019/07/MERRA2.20190701.A3mstC.05x0625.nc4
1737.444,hit,false,0.000,0,309.745,154,GEOS_0.5x0.625/MERRA2/2019/07/MERRA2.20190701.A3mstC.05x0625.nc4
1737.472,hit,false,0.000,0,309.773,154,GEOS_0.5x0.625/MERRA2/2019/07/MERRA2.20190701.A3mstC.05x0625.nc4
1737.508,hit,false,0.000,0,309.809,154,GEOS_0.5x0.625/MERRA2/2019/07/MERRA2.20190701.A3mstC.05x0625.nc4
1737.531,hit,false,0.000,0,309.832,154,GEOS_0.5x0.625/MERRA2/2019/07/MERRA2.20190701.A3mstC.05x0625.nc4
1737.569,hit,false,0.000,0,309.870,154,GEOS_0.5x0.625/MERRA2/2019/07/MERRA2.20190701.A3mstC.05x0625.nc4
1737.591,hit,false,0.000,0,309.892,154,GEOS_0.5x0.625/MERRA2/2019/07/MERRA2.20190701.A3mstC.05x0625.nc4
1737.629,hit,false,0.000,0,309.930,154,GEOS_0.5x0.625/MERRA2/2019/07/MERRA2.20190701.A3mstC.05x0625.nc4
1737.651,hit,false,0.000,0,309.952,154,GEOS_0.5x0.625/MERRA2/2019/07/MERRA2.20190701.A3mstC.05x0625.nc4
1737.684,hit,false,0.000,0,309.949,155,GEOS_0.5x0.625/MERRA2/2019/07/MERRA2.20190701.A3mstC.05x0625.nc4
1737.712,hit,false,0.000,0,309.977,155,GEOS_0.5x0.625/MERRA2/2019/07/MERRA2.20190701.A3mstC.05x0625.nc4
1737.745,hit,false,0.000,0,310.010,155,GEOS_0.5x0.625/MERRA2/2019/07/MERRA2.20190701.A3mstC.05x0625.nc4
1737.768,hit,false,0.000,0,310.034,155,GEOS_0.5x0.625/MERRA2/2019/07/MERRA2.20190701.A3mstC.05x0625.nc4
1737.803,hit,false,0.000,0,310.068,155,GEOS_0.5x0.625/MERRA2/2019/07/MERRA2.20190701.A3mstC.05x0625.nc4
1737.908,hit,false,0.000,0,310.174,155,GEOS_0.5x0.625/MERRA2/2019/07/MERRA2.20190701.A3mstC.05x0625.nc4
1737.931,hit,false,0.000,0,310.196,155,GEOS_0.5x0.625/MERRA2/2019/07/MERRA2.20190701.A3mstC.05x0625.nc4
1737.969,hit,false,0.000,0,310.234,155,GEOS_0.5x0.625/MERRA2/2019/07/MERRA2.20190701.A3mstC.05x0625.nc4
1737.994,hit,false,0.000,0,310.257,156,GEOS_0.5x0.625/MERRA2/2019/07/MERRA2.20190701.A3mstC.05x0625.nc4
1738.029,hit,false,0.000,0,310.292,156,GEOS_0.5x0.625/MERRA2/2019/07/MERRA2.20190701.A3mstC.05x0625.nc4
1738.055,hit,false,0.000,0,310.318,156,GEOS_0.5x0.625/MERRA2/2019/07/MERRA2.20190701.A3mstC.05x0625.nc4
1738.089,hit,false,0.000,0,310.352,156,GEOS_0.5x0.625/MERRA2/2019/07/MERRA2.20190701.A3mstC.05x0625.nc4
1738.113,hit,false,0.000,0,310.376,156,GEOS_0.5x0.625/MERRA2/2019/07/MERRA2.20190701.A3mstC.05x0625.nc4
1738.150,hit,false,0.000,0,310.413,156,GEOS_0.5x0.625/MERRA2/2019/07/MERRA2.20190701.A3mstC.05x0625.nc4
1738.173,hit,false,0.000,0,310.436,156,GEOS_0.5x0.625/MERRA2/2019/07/MERRA2.20190701.A3mstC.05x0625.nc4
1738.211,hit,false,0.000,0,310.474,156,GEOS_0.5x0.625/MERRA2/2019/07/MERRA2.20190701.A3mstC.05x0625.nc4
1738.234,hit,false,0.000,0,310.495,157,GEOS_0.5x0.625/MERRA2/2019/07/MERRA2.20190701.A3mstC.05x0625.nc4
1738.270,hit,false,0.000,0,310.531,157,GEOS_0.5x0.625/MERRA2/2019/07/MERRA2.20190701.A3mstC.05x0625.nc4
1738.295,hit,false,0.000,0,310.556,157,GEOS_0.5x0.625/MERRA2/2019/07/MERRA2.20190701.A3mstC.05x0625.nc4
1738.326,hit,false,0.000,0,310.588,157,GEOS_0.5x0.625/MERRA2/2019/07/MERRA2.20190701.A3mstC.05x0625.nc4
1738.353,hit,false,0.000,0,310.614,157,GEOS_0.5x0.625/MERRA2/2019/07/MERRA2.20190701.A3mstC.05x0625.nc4
1738.387,hit,false,0.000,0,310.648,157,GEOS_0.5x0.625/MERRA2/2019/07/MERRA2.20190701.A3mstC.05x0625.nc4
1738.415,hit,false,0.000,0,310.676,157,GEOS_0.5x0.625/MERRA2/2019/07/MERRA2.20190701.A3mstC.05x0625.nc4
1738.449,hit,false,0.000,0,310.710,157,GEOS_0.5x0.625/MERRA2/2019/07/MERRA2.20190701.A3mstC.05x0625.nc4
1738.480,hit,false,0.000,0,310.739,158,GEOS_0.5x0.625/MERRA2/2019/07/MERRA2.20190701.A3mstC.05x0625.nc4
1738.510,hit,false,0.000,0,310.770,158,GEOS_0.5x0.625/MERRA2/2019/07/MERRA2.20190701.A3mstC.05x0625.nc4
1738.544,hit,false,0.000,0,310.803,158,GEOS_0.5x0.625/MERRA2/2019/07/MERRA2.20190701.A3mstC.05x0625.nc4
1738.578,hit,false,0.000,0,310.837,158,GEOS_0.5x0.625/MERRA2/2019/07/MERRA2.20190701.A3mstC.05x0625.nc4
1738.607,hit,false,0.000,0,310.866,158,GEOS_0.5x0.625/MERRA2/2019/07/MERRA2.20190701.A3mstC.05x0625.nc4
1738.635,hit,false,0.000,0,310.894,158,GEOS_0.5x0.625/MERRA2/2019/07/MERRA2.20190701.A3mstC.05x0625.nc4
1738.667,hit,false,0.000,0,310.926,158,GEOS_0.5x0.625/MERRA2/2019/07/MERRA2.20190701.A3mstC.05x0625.nc4
1738.690,hit,false,0.000,0,310.949,158,GEOS_0.5x0.625/MERRA2/2019/07/MERRA2.20190701.A3mstC.05x0625.nc4
1738.724,hit,false,0.000,0,310.981,159,GEOS_0.5x0.625/MERRA2/2019/07/MERRA2.20190701.A3mstC.05x0625.nc4
1738.752,hit,false,0.000,0,311.009,159,GEOS_0.5x0.625/MERRA2/2019/07/MERRA2.20190701.A3mstC.05x0625.nc4
1738.783,hit,false,0.000,0,311.040,159,GEOS_0.5x0.625/MERRA2/2019/07/MERRA2.20190701.A3mstC.05x0625.nc4
1738.813,hit,false,0.000,0,311.070,159,GEOS_0.5x0.625/MERRA2/2019/07/MERRA2.20190701.A3mstC.05x0625.nc4
1738.843,hit,false,0.000,0,311.100,159,GEOS_0.5x0.625/MERRA2/2019/07/MERRA2.20190701.A3mstC.05x0625.nc4
1738.872,hit,false,0.000,0,311.129,159,GEOS_0.5x0.625/MERRA2/2019/07/MERRA2.20190701.A3mstC.05x0625.nc4
1738.900,hit,false,0.000,0,311.157,159,GEOS_0.5x0.625/MERRA2/2019/07/MERRA2.20190701.A3mstC.05x0625.nc4
1738.929,hit,false,0.000,0,311.186,159,GEOS_0.5x0.625/MERRA2/2019/07/MERRA2.20190701.A3mstC.05x0625.nc4
1738.957,hit,false,0.000,0,311.423,160,GEOS_0.5x0.625/MERRA2/2019/07/MERRA2.20190701.A3mstC.05x0625.nc4
1738.990,hit,false,0.000,0,311.456,160,GEOS_0.5x0.625/MERRA2/2019/07/MERRA2.20190701.A3mstC.05x0625.nc4
1739.025,hit,false,0.000,0,311.491,160,GEOS_0.5x0.625/MERRA2/2019/07/MERRA2.20190701.A3mstC.05x0625.nc4
1739.051,hit,false,0.000,0,311.517,160,GEOS_0.5x0.625/MERRA2/2019/07/MERRA2.20190701.A3mstC.05x0625.nc4
1739.092,hit,false,0.000,0,311.558,160,GEOS_0.5x0.625/MERRA2/2019/07/MERRA2.20190701.A3mstC.05x0625.nc4
1739.115,hit,false,0.000,0,311.581,160,GEOS_0.5x0.625/MERRA2/2019/07/MERRA2.20190701.A3mstC.05x0625.nc4
1739.162,hit,false,0.000,0,311.628,160,GEOS_0.5x0.625/MERRA2/2019/07/MERRA2.20190701.A3mstC.05x0625.nc4
1739.183,hit,false,0.000,0,311.649,160,GEOS_0.5x0.625/MERRA2/2019/07/MERRA2.20190701.A3mstC.05x0625.nc4
1739.225,hit,false,0.000,0,311.688,161,GEOS_0.5x0.625/MERRA2/2019/07/MERRA2.20190701.A3mstC.05x0625.nc4
1739.252,hit,false,0.000,0,311.715,161,GEOS_0.5x0.625/MERRA2/2019/07/MERRA2.20190701.A3mstC.05x0625.nc4
1739.292,hit,false,0.000,0,311.755,161,GEOS_0.5x0.625/MERRA2/2019/07/MERRA2.20190701.A3mstC.05x0625.nc4
1739.315,hit,false,0.000,0,311.779,161,GEOS_0.5x0.625/MERRA2/2019/07/MERRA2.20190701.A3mstC.05x0625.nc4
1739.359,hit,false,0.000,0,311.823,161,GEOS_0.5x0.625/MERRA2/2019/07/MERRA2.20190701.A3mstC.05x0625.nc4
1739.383,hit,false,0.000,0,311.847,161,GEOS_0.5x0.625/MERRA2/2019/07/MERRA2.20190701.A3mstC.05x0625.nc4
1739.428,hit,false,0.000,0,311.891,161,GEOS_0.5x0.625/MERRA2/2019/07/MERRA2.20190701.A3mstC.05x0625.nc4
1739.452,hit,false,0.000,0,311.915,161,GEOS_0.5x0.625/MERRA2/2019/07/MERRA2.20190701.A3mstC.05x0625.nc4
1739.491,hit,false,0.000,0,311.953,162,GEOS_0.5x0.625/MERRA2/2019/07/MERRA2.20190701.A3mstC.05x0625.nc4
1739.526,hit,false,0.000,0,311.988,162,GEOS_0.5x0.625/MERRA2/2019/07/MERRA2.20190701.A3mstC.05x0625.nc4
1739.558,hit,false,0.000,0,312.019,162,GEOS_0.5x0.625/MERRA2/2019/07/MERRA2.20190701.A3mstC.05x0625.nc4
1739.582,hit,false,0.000,0,312.043,162,GEOS_0.5x0.625/MERRA2/2019/07/MERRA2.20190701.A3mstC.05x0625.nc4
1739.616,hit,false,0.000,0,312.077,162,GEOS_0.5x0.625/MERRA2/2019/07/MERRA2.20190701.A3mstC.05x0625.nc4
1739.641,hit,false,0.000,0,312.102,162,GEOS_0.5x0.625/MERRA2/2019/07/MERRA2.20190701.A3mstC.05x0625.nc4
1739.673,hit,false,0.000,0,312.135,162,GEOS_0.5x0.625/MERRA2/2019/07/MERRA2.20190701.A3mstC.05x0625.nc4
1739.698,hit,false,0.000,0,312.159,162,GEOS_0.5x0.625/MERRA2/2019/07/MERRA2.20190701.A3mstC.05x0625.nc4
1739.739,hit,false,0.000,0,312.198,163,GEOS_0.5x0.625/MERRA2/2019/07/MERRA2.20190701.A3mstC.05x0625.nc4
1739.763,hit,false,0.000,0,312.222,163,GEOS_0.5x0.625/MERRA2/2019/07/MERRA2.20190701.A3mstC.05x0625.nc4
1739.804,hit,false,0.000,0,312.264,163,GEOS_0.5x0.625/MERRA2/2019/07/MERRA2.20190701.A3mstC.05x0625.nc4
1739.826,hit,false,0.000,0,312.286,163,GEOS_0.5x0.625/MERRA2/2019/07/MERRA2.20190701.A3mstC.05x0625.nc4
1739.950,hit,false,0.000,0,312.410,163,GEOS_0.5x0.625/MERRA2/2019/07/MERRA2.20190701.A3mstC.05x0625.nc4
1739.972,hit,false,0.000,0,312.431,163,GEOS_0.5x0.625/MERRA2/2019/07/MERRA2.20190701.A3mstC.05x0625.nc4
1740.007,hit,false,0.000,0,312.466,163,GEOS_0.5x0.625/MERRA2/2019/07/MERRA2.20190701.A3mstC.05x0625.nc4
1740.033,hit,false,0.000,0,312.492,163,GEOS_0.5x0.625/MERRA2/2019/07/MERRA2.20190701.A3mstC.05x0625.nc4
1740.064,hit,false,0.000,0,312.518,164,GEOS_0.5x0.625/MERRA2/2019/07/MERRA2.20190701.A3mstC.05x0625.nc4
1740.091,hit,false,0.000,0,312.545,164,GEOS_0.5x0.625/MERRA2/2019/07/MERRA2.20190701.A3mstC.05x0625.nc4
1740.121,hit,false,0.000,0,312.575,164,GEOS_0.5x0.625/MERRA2/2019/07/MERRA2.20190701.A3mstC.05x0625.nc4
1740.150,hit,false,0.000,0,312.605,164,GEOS_0.5x0.625/MERRA2/2019/07/MERRA2.20190701.A3mstC.05x0625.nc4
1740.173,hit,false,0.000,0,312.627,164,GEOS_0.5x0.625/MERRA2/2019/07/MERRA2.20190701.A3mstC.05x0625.nc4
1740.209,hit,false,0.000,0,312.664,164,GEOS_0.5x0.625/MERRA2/2019/07/MERRA2.20190701.A3mstC.05x0625.nc4
1740.233,hit,false,0.000,0,312.687,164,GEOS_0.5x0.625/MERRA2/2019/07/MERRA2.20190701.A3mstC.05x0625.nc4
1740.273,hit,false,0.000,0,312.727,164,GEOS_0.5x0.625/MERRA2/2019/07/MERRA2.20190701.A3mstC.05x0625.nc4
1740.294,hit,false,0.000,0,312.730,165,GEOS_0.5x0.625/MERRA2/2019/07/MERRA2.20190701.A3mstC.05x0625.nc4
1740.334,hit,false,0.000,0,312.770,165,GEOS_0.5x0.625/MERRA2/2019/07/MERRA2.20190701.A3mstC.05x0625.nc4
1740.358,hit,false,0.000,0,312.794,165,GEOS_0.5x0.625/MERRA2/2019/07/MERRA2.20190701.A3mstC.05x0625.nc4
1740.390,hit,false,0.000,0,312.827,165,GEOS_0.5x0.625/MERRA2/2019/07/MERRA2.20190701.A3mstC.05x0625.nc4
1740.417,hit,false,0.000,0,312.853,165,GEOS_0.5x0.625/MERRA2/2019/07/MERRA2.20190701.A3mstC.05x0625.nc4
1740.451,hit,false,0.000,0,312.888,165,GEOS_0.5x0.625/MERRA2/2019/07/MERRA2.20190701.A3mstC.05x0625.nc4
1740.483,hit,false,0.000,0,312.919,165,GEOS_0.5x0.625/MERRA2/2019/07/MERRA2.20190701.A3mstC.05x0625.nc4
1740.512,hit,false,0.000,0,312.948,165,GEOS_0.5x0.625/MERRA2/2019/07/MERRA2.20190701.A3mstC.05x0625.nc4
1740.543,hit,false,0.000,0,312.976,166,GEOS_0.5x0.625/MERRA2/2019/07/MERRA2.20190701.A3mstC.05x0625.nc4
1740.571,hit,false,0.000,0,313.005,166,GEOS_0.5x0.625/MERRA2/2019/07/MERRA2.20190701.A3mstC.05x0625.nc4
1740.601,hit,false,0.000,0,313.035,166,GEOS_0.5x0.625/MERRA2/2019/07/MERRA2.20190701.A3mstC.05x0625.nc4
1740.629,hit,false,0.000,0,313.062,166,GEOS_0.5x0.625/MERRA2/2019/07/MERRA2.20190701.A3mstC.05x0625.nc4
1740.659,hit,false,0.000,0,313.092,166,GEOS_0.5x0.625/MERRA2/2019/07/MERRA2.20190701.A3mstC.05x0625.nc4
1740.681,hit,false,0.000,0,313.114,166,GEOS_0.5x0.625/MERRA2/2019/07/MERRA2.20190701.A3mstC.05x0625.nc4
1740.718,hit,false,0.000,0,313.151,166,GEOS_0.5x0.625/MERRA2/2019/07/MERRA2.20190701.A3mstC.05x0625.nc4
1740.740,hit,false,0.000,0,313.174,166,GEOS_0.5x0.625/MERRA2/2019/07/MERRA2.20190701.A3mstC.05x0625.nc4
1740.775,hit,false,0.000,0,313.207,167,GEOS_0.5x0.625/MERRA2/2019/07/MERRA2.20190701.A3mstC.05x0625.nc4
1740.809,hit,false,0.000,0,313.241,167,GEOS_0.5x0.625/MERRA2/2019/07/MERRA2.20190701.A3mstC.05x0625.nc4
1740.838,hit,false,0.000,0,313.270,167,GEOS_0.5x0.625/MERRA2/2019/07/MERRA2.20190701.A3mstC.05x0625.nc4
1740.867,hit,false,0.000,0,313.298,167,GEOS_0.5x0.625/MERRA2/2019/07/MERRA2.20190701.A3mstC.05x0625.nc4
1740.899,hit,false,0.000,0,313.331,167,GEOS_0.5x0.625/MERRA2/2019/07/MERRA2.20190701.A3mstC.05x0625.nc4
1740.922,hit,false,0.000,0,313.353,167,GEOS_0.5x0.625/MERRA2/2019/07/MERRA2.20190701.A3mstC.05x0625.nc4
1740.955,hit,false,0.000,0,313.386,167,GEOS_0.5x0.625/MERRA2/2019/07/MERRA2.20190701.A3mstC.05x0625.nc4
1740.979,hit,false,0.000,0,313.411,167,GEOS_0.5x0.625/MERRA2/2019/07/MERRA2.20190701.A3mstC.05x0625.nc4
1741.013,hit,false,0.000,0,313.455,168,GEOS_0.5x0.625/MERRA2/2019/07/MERRA2.20190701.A3mstC.05x0625.nc4
1741.039,hit,false,0.000,0,313.480,168,GEOS_0.5x0.625/MERRA2/2019/07/MERRA2.20190701.A3mstC.05x0625.nc4
1741.091,hit,false,0.000,0,313.532,168,GEOS_0.5x0.625/MERRA2/2019/07/MERRA2.20190701.A3mstC.05x0625.nc4
1741.113,hit,false,0.000,0,313.555,168,GEOS_0.5x0.625/MERRA2/2019/07/MERRA2.20190701.A3mstC.05x0625.nc4
1741.151,hit,false,0.000,0,313.592,168,GEOS_0.5x0.625/MERRA2/2019/07/MERRA2.20190701.A3mstC.05x0625.nc4
1741.173,hit,false,0.000,0,313.614,168,GEOS_0.5x0.625/MERRA2/2019/07/MERRA2.20190701.A3mstC.05x0625.nc4
1741.209,hit,false,0.000,0,313.651,168,GEOS_0.5x0.625/MERRA2/2019/07/MERRA2.20190701.A3mstC.05x0625.nc4
1741.233,hit,false,0.000,0,313.674,168,GEOS_0.5x0.625/MERRA2/2019/07/MERRA2.20190701.A3mstC.05x0625.nc4
1741.267,hit,false,0.000,0,313.676,169,GEOS_0.5x0.625/MERRA2/2019/07/MERRA2.20190701.A3mstC.05x0625.nc4
1741.292,hit,false,0.000,0,313.701,169,GEOS_0.5x0.625/MERRA2/2019/07/MERRA2.20190701.A3mstC.05x0625.nc4
1741.326,hit,false,0.000,0,313.735,169,GEOS_0.5x0.625/MERRA2/2019/07/MERRA2.20190701.A3mstC.05x0625.nc4
1741.351,hit,false,0.000,0,313.759,169,GEOS_0.5x0.625/MERRA2/2019/07/MERRA2.20190701.A3mstC.05x0625.nc4
1741.391,hit,false,0.000,0,313.800,169,GEOS_0.5x0.625/MERRA2/2019/07/MERRA2.20190701.A3mstC.05x0625.nc4
1741.415,hit,false,0.000,0,313.823,169,GEOS_0.5x0.625/MERRA2/2019/07/MERRA2.20190701.A3mstC.05x0625.nc4
1741.448,hit,false,0.000,0,313.857,169,GEOS_0.5x0.625/MERRA2/2019/07/MERRA2.20190701.A3mstC.05x0625.nc4
1741.475,hit,false,0.000,0,313.883,169,GEOS_0.5x0.625/MERRA2/2019/07/MERRA2.20190701.A3mstC.05x0625.nc4
1741.509,hit,false,0.000,0,313.789,170,GEOS_0.5x0.625/MERRA2/2019/07/MERRA2.20190701.A3mstC.05x0625.nc4
1741.534,hit,false,0.000,0,313.814,170,GEOS_0.5x0.625/MERRA2/2019/07/MERRA2.20190701.A3mstC.05x0625.nc4
1741.568,hit,false,0.000,0,313.848,170,GEOS_0.5x0.625/MERRA2/2019/07/MERRA2.20190701.A3mstC.05x0625.nc4
1741.593,hit,false,0.000,0,313.872,170,GEOS_0.5x0.625/MERRA2/2019/07/MERRA2.20190701.A3mstC.05x0625.nc4
1741.625,hit,false,0.000,0,313.905,170,GEOS_0.5x0.625/MERRA2/2019/07/MERRA2.20190701.A3mstC.05x0625.nc4
1741.657,hit,false,0.000,0,313.936,170,GEOS_0.5x0.625/MERRA2/2019/07/MERRA2.20190701.A3mstC.05x0625.nc4
1741.680,hit,false,0.000,0,313.960,170,GEOS_0.5x0.625/MERRA2/2019/07/MERRA2.20190701.A3mstC.05x0625.nc4
1741.713,hit,false,0.000,0,313.993,170,GEOS_0.5x0.625/MERRA2/2019/07/MERRA2.20190701.A3mstC.05x0625.nc4
1741.739,hit,false,0.000,0,314.005,171,GEOS_0.5x0.625/MERRA2/2019/07/MERRA2.20190701.A3mstC.05x0625.nc4
1741.772,hit,false,0.000,0,314.039,171,GEOS_0.5x0.625/MERRA2/2019/07/MERRA2.20190701.A3mstC.05x0625.nc4
1741.797,hit,false,0.000,0,314.064,171,GEOS_0.5x0.625/MERRA2/2019/07/MERRA2.20190701.A3mstC.05x0625.nc4
1741.908,hit,false,0.000,0,314.174,171,GEOS_0.5x0.625/MERRA2/2019/07/MERRA2.20190701.A3mstC.05x0625.nc4
1741.931,hit,false,0.000,0,314.197,171,GEOS_0.5x0.625/MERRA2/2019/07/MERRA2.20190701.A3mstC.05x0625.nc4
1741.964,hit,false,0.000,0,314.230,171,GEOS_0.5x0.625/MERRA2/2019/07/MERRA2.20190701.A3mstC.05x0625.nc4
1741.989,hit,false,0.000,0,314.256,171,GEOS_0.5x0.625/MERRA2/2019/07/MERRA2.20190701.A3mstC.05x0625.nc4
1742.022,hit,false,0.000,0,314.288,171,GEOS_0.5x0.625/MERRA2/2019/07/MERRA2.20190701.A3mstC.05x0625.nc4
1742.045,hit,false,0.000,0,314.309,172,GEOS_0.5x0.625/MERRA2/2019/07/MERRA2.20190701.A3mstC.05x0625.nc4
1742.080,hit,false,0.000,0,314.344,172,GEOS_0.5x0.625/MERRA2/2019/07/MERRA2.20190701.A3mstC.05x0625.nc4
1742.106,hit,false,0.000,0,314.369,172,GEOS_0.5x0.625/MERRA2/2019/07/MERRA2.20190701.A3mstC.05x0625.nc4
1742.139,hit,false,0.000,0,314.402,172,GEOS_0.5x0.625/MERRA2/2019/07/MERRA2.20190701.A3mstC.05x0625.nc4
1742.162,hit,false,0.000,0,314.426,172,GEOS_0.5x0.625/MERRA2/2019/07/MERRA2.20190701.A3mstC.05x0625.nc4
1742.202,hit,false,0.000,0,314.466,172,GEOS_0.5x0.625/MERRA2/2019/07/MERRA2.20190701.A3mstC.05x0625.nc4
1742.225,hit,false,0.000,0,314.488,172,GEOS_0.5x0.625/MERRA2/2019/07/MERRA2.20190701.A3mstC.05x0625.nc4
1742.257,hit,false,0.000,0,314.521,172,GEOS_0.5x0.625/MERRA2/2019/07/MERRA2.20190701.A3mstC.05x0625.nc4
1742.283,hit,false,0.000,0,314.544,173,GEOS_0.5x0.625/MERRA2/2019/07/MERRA2.20190701.A3mstC.05x0625.nc4
1742.319,hit,false,0.000,0,314.580,173,GEOS_0.5x0.625/MERRA2/2019/07/MERRA2.20190701.A3mstC.05x0625.nc4
1742.341,hit,false,0.000,0,314.603,173,GEOS_0.5x0.625/MERRA2/2019/07/MERRA2.20190701.A3mstC.05x0625.nc4
1742.378,hit,false,0.000,0,314.639,173,GEOS_0.5x0.625/MERRA2/2019/07/MERRA2.20190701.A3mstC.05x0625.nc4
1742.403,hit,false,0.000,0,314.665,173,GEOS_0.5x0.625/MERRA2/2019/07/MERRA2.20190701.A3mstC.05x0625.nc4
1742.435,hit,false,0.000,0,314.696,173,GEOS_0.5x0.625/MERRA2/2019/07/MERRA2.20190701.A3mstC.05x0625.nc4
1742.461,hit,false,0.000,0,314.722,173,GEOS_0.5x0.625/MERRA2/2019/07/MERRA2.20190701.A3mstC.05x0625.nc4
1742.494,hit,false,0.000,0,314.755,173,GEOS_0.5x0.625/MERRA2/2019/07/MERRA2.20190701.A3mstC.05x0625.nc4
1742.519,hit,false,0.000,0,314.779,174,GEOS_0.5x0.625/MERRA2/2019/07/MERRA2.20190701.A3mstC.05x0625.nc4
1742.550,hit,false,0.000,0,314.810,174,GEOS_0.5x0.625/MERRA2/2019/07/MERRA2.20190701.A3mstC.05x0625.nc4
1742.575,hit,false,0.000,0,314.835,174,GEOS_0.5x0.625/MERRA2/2019/07/MERRA2.20190701.A3mstC.05x0625.nc4
1742.609,hit,false,0.000,0,314.868,174,GEOS_0.5x0.625/MERRA2/2019/07/MERRA2.20190701.A3mstC.05x0625.nc4
1742.632,hit,false,0.000,0,314.892,174,GEOS_0.5x0.625/MERRA2/2019/07/MERRA2.20190701.A3mstC.05x0625.nc4
1742.672,hit,false,0.000,0,314.932,174,GEOS_0.5x0.625/MERRA2/2019/07/MERRA2.20190701.A3mstC.05x0625.nc4
1742.695,hit,false,0.000,0,314.954,174,GEOS_0.5x0.625/MERRA2/2019/07/MERRA2.20190701.A3mstC.05x0625.nc4
1742.730,hit,false,0.000,0,314.990,174,GEOS_0.5x0.625/MERRA2/2019/07/MERRA2.20190701.A3mstC.05x0625.nc4
1742.754,hit,false,0.000,0,315.012,175,GEOS_0.5x0.625/MERRA2/2019/07/MERRA2.20190701.A3mstC.05x0625.nc4
1742.787,hit,false,0.000,0,315.044,175,GEOS_0.5x0.625/MERRA2/2019/07/MERRA2.20190701.A3mstC.05x0625.nc4
1742.813,hit,false,0.000,0,315.071,175,GEOS_0.5x0.625/MERRA2/2019/07/MERRA2.20190701.A3mstC.05x0625.nc4
1742.845,hit,false,0.000,0,315.102,175,GEOS_0.5x0.625/MERRA2/2019/07/MERRA2.20190701.A3mstC.05x0625.nc4
1742.868,hit,false,0.000,0,315.126,175,GEOS_0.5x0.625/MERRA2/2019/07/MERRA2.20190701.A3mstC.05x0625.nc4
1742.900,hit,false,0.000,0,315.157,175,GEOS_0.5x0.625/MERRA2/2019/07/MERRA2.20190701.A3mstC.05x0625.nc4
1742.926,hit,false,0.000,0,315.183,175,GEOS_0.5x0.625/MERRA2/2019/07/MERRA2.20190701.A3mstC.05x0625.nc4
1742.958,hit,false,0.000,0,315.215,175,GEOS_0.5x0.625/MERRA2/2019/07/MERRA2.20190701.A3mstC.05x0625.nc4
1742.981,hit,false,0.000,0,315.413,176,GEOS_0.5x0.625/MERRA2/2019/07/MERRA2.20190701.A3mstC.05x0625.nc4
1743.016,hit,false,0.000,0,315.449,176,GEOS_0.5x0.625/MERRA2/2019/07/MERRA2.20190701.A3mstC.05x0625.nc4
1743.050,hit,false,0.000,0,315.482,176,GEOS_0.5x0.625/MERRA2/2019/07/MERRA2.20190701.A3mstC.05x0625.nc4
1743.076,hit,false,0.000,0,315.508,176,GEOS_0.5x0.625/MERRA2/2019/07/MERRA2.20190701.A3mstC.05x0625.nc4
1743.107,hit,false,0.000,0,315.540,176,GEOS_0.5x0.625/MERRA2/2019/07/MERRA2.20190701.A3mstC.05x0625.nc4
1743.133,hit,false,0.000,0,315.565,176,GEOS_0.5x0.625/MERRA2/2019/07/MERRA2.20190701.A3mstC.05x0625.nc4
1743.164,hit,false,0.000,0,315.597,176,GEOS_0.5x0.625/MERRA2/2019/07/MERRA2.20190701.A3mstC.05x0625.nc4
1743.191,hit,false,0.000,0,315.623,176,GEOS_0.5x0.625/MERRA2/2019/07/MERRA2.20190701.A3mstC.05x0625.nc4
1743.257,hit,false,0.000,0,315.687,177,GEOS_0.5x0.625/MERRA2/2019/07/MERRA2.20190701.A3mstC.05x0625.nc4
1743.280,hit,false,0.000,0,315.710,177,GEOS_0.5x0.625/MERRA2/2019/07/MERRA2.20190701.A3mstC.05x0625.nc4
1743.321,hit,false,0.000,0,315.751,177,GEOS_0.5x0.625/MERRA2/2019/07/MERRA2.20190701.A3mstC.05x0625.nc4
1743.347,hit,false,0.000,0,315.777,177,GEOS_0.5x0.625/MERRA2/2019/07/MERRA2.20190701.A3mstC.05x0625.nc4
1743.380,hit,false,0.000,0,315.811,177,GEOS_0.5x0.625/MERRA2/2019/07/MERRA2.20190701.A3mstC.05x0625.nc4
1743.409,hit,false,0.000,0,315.839,177,GEOS_0.5x0.625/MERRA2/2019/07/MERRA2.20190701.A3mstC.05x0625.nc4
1743.432,hit,false,0.000,0,315.862,177,GEOS_0.5x0.625/MERRA2/2019/07/MERRA2.20190701.A3mstC.05x0625.nc4
1743.467,hit,false,0.000,0,315.897,177,GEOS_0.5x0.625/MERRA2/2019/07/MERRA2.20190701.A3mstC.05x0625.nc4
1743.490,hit,false,0.000,0,315.918,178,GEOS_0.5x0.625/MERRA2/2019/07/MERRA2.20190701.A3mstC.05x0625.nc4
1743.530,hit,false,0.000,0,315.958,178,GEOS_0.5x0.625/MERRA2/2019/07/MERRA2.20190701.A3mstC.05x0625.nc4
1743.552,hit,false,0.000,0,315.980,178,GEOS_0.5x0.625/MERRA2/2019/07/MERRA2.20190701.A3mstC.05x0625.nc4
1743.588,hit,false,0.000,0,316.016,178,GEOS_0.5x0.625/MERRA2/2019/07/MERRA2.20190701.A3mstC.05x0625.nc4
1743.612,hit,false,0.000,0,316.040,178,GEOS_0.5x0.625/MERRA2/2019/07/MERRA2.20190701.A3mstC.05x0625.nc4
1743.643,hit,false,0.000,0,316.071,178,GEOS_0.5x0.625/MERRA2/2019/07/MERRA2.20190701.A3mstC.05x0625.nc4
1743.670,hit,false,0.000,0,316.097,178,GEOS_0.5x0.625/MERRA2/2019/07/MERRA2.20190701.A3mstC.05x0625.nc4
1743.699,hit,false,0.000,0,316.127,178,GEOS_0.5x0.625/MERRA2/2019/07/MERRA2.20190701.A3mstC.05x0625.nc4
1743.723,hit,false,0.000,0,316.149,179,GEOS_0.5x0.625/MERRA2/2019/07/MERRA2.20190701.A3mstC.05x0625.nc4
1743.756,hit,false,0.000,0,316.182,179,GEOS_0.5x0.625/MERRA2/2019/07/MERRA2.20190701.A3mstC.05x0625.nc4
1743.861,hit,false,0.000,0,316.287,179,GEOS_0.5x0.625/MERRA2/2019/07/MERRA2.20190701.A3mstC.05x0625.nc4
1743.886,hit,false,0.000,0,316.312,179,GEOS_0.5x0.625/MERRA2/2019/07/MERRA2.20190701.A3mstC.05x0625.nc4
1743.931,hit,false,0.000,0,316.357,179,GEOS_0.5x0.625/MERRA2/2019/07/MERRA2.20190701.A3mstC.05x0625.nc4
1743.954,hit,false,0.000,0,316.379,179,GEOS_0.5x0.625/MERRA2/2019/07/MERRA2.20190701.A3mstC.05x0625.nc4
1743.988,hit,false,0.000,0,316.414,179,GEOS_0.5x0.625/MERRA2/2019/07/MERRA2.20190701.A3mstC.05x0625.nc4
1744.012,hit,false,0.000,0,316.438,179,GEOS_0.5x0.625/MERRA2/2019/07/MERRA2.20190701.A3mstC.05x0625.nc4
1744.044,hit,false,0.000,0,316.468,180,GEOS_0.5x0.625/MERRA2/2019/07/MERRA2.20190701.A3mstC.05x0625.nc4
1744.070,hit,false,0.000,0,316.494,180,GEOS_0.5x0.625/MERRA2/2019/07/MERRA2.20190701.A3mstC.05x0625.nc4
1744.104,hit,false,0.000,0,316.528,180,GEOS_0.5x0.625/MERRA2/2019/07/MERRA2.20190701.A3mstC.05x0625.nc4
1744.126,hit,false,0.000,0,316.550,180,GEOS_0.5x0.625/MERRA2/2019/07/MERRA2.20190701.A3mstC.05x0625.nc4
1744.162,hit,false,0.000,0,316.586,180,GEOS_0.5x0.625/MERRA2/2019/07/MERRA2.20190701.A3mstC.05x0625.nc4
1744.186,hit,false,0.000,0,316.609,180,GEOS_0.5x0.625/MERRA2/2019/07/MERRA2.20190701.A3mstC.05x0625.nc4
1744.223,hit,false,0.000,0,316.646,180,GEOS_0.5x0.625/MERRA2/2019/07/MERRA2.20190701.A3mstC.05x0625.nc4
1744.245,hit,false,0.000,0,316.669,180,GEOS_0.5x0.625/MERRA2/2019/07/MERRA2.20190701.A3mstC.05x0625.nc4
1744.279,hit,false,0.000,0,316.700,181,GEOS_0.5x0.625/MERRA2/2019/07/MERRA2.20190701.A3mstC.05x0625.nc4
1744.308,hit,false,0.000,0,316.729,181,GEOS_0.5x0.625/MERRA2/2019/07/MERRA2.20190701.A3mstC.05x0625.nc4
1744.338,hit,false,0.000,0,316.759,181,GEOS_0.5x0.625/MERRA2/2019/07/MERRA2.20190701.A3mstC.05x0625.nc4
1744.361,hit,false,0.000,0,316.782,181,GEOS_0.5x0.625/MERRA2/2019/07/MERRA2.20190701.A3mstC.05x0625.nc4
1744.393,hit,false,0.000,0,316.814,181,GEOS_0.5x0.625/MERRA2/2019/07/MERRA2.20190701.A3mstC.05x0625.nc4
1744.419,hit,false,0.000,0,316.840,181,GEOS_0.5x0.625/MERRA2/2019/07/MERRA2.20190701.A3mstC.05x0625.nc4
1744.449,hit,false,0.000,0,316.870,181,GEOS_0.5x0.625/MERRA2/2019/07/MERRA2.20190701.A3mstC.05x0625.nc4
1744.474,hit,false,0.000,0,316.896,181,GEOS_0.5x0.625/MERRA2/2019/07/MERRA2.20190701.A3mstC.05x0625.nc4
1744.507,hit,false,0.000,0,316.926,182,GEOS_0.5x0.625/MERRA2/2019/07/MERRA2.20190701.A3mstC.05x0625.nc4
1744.532,hit,false,0.000,0,316.951,182,GEOS_0.5x0.625/MERRA2/2019/07/MERRA2.20190701.A3mstC.05x0625.nc4
1744.570,hit,false,0.000,0,316.988,182,GEOS_0.5x0.625/MERRA2/2019/07/MERRA2.20190701.A3mstC.05x0625.nc4
1744.592,hit,false,0.000,0,317.011,182,GEOS_0.5x0.625/MERRA2/2019/07/MERRA2.20190701.A3mstC.05x0625.nc4
1744.624,hit,false,0.000,0,317.043,182,GEOS_0.5x0.625/MERRA2/2019/07/MERRA2.20190701.A3mstC.05x0625.nc4
1744.650,hit,false,0.000,0,317.068,182,GEOS_0.5x0.625/MERRA2/2019/07/MERRA2.20190701.A3mstC.05x0625.nc4
1744.680,hit,false,0.000,0,317.099,182,GEOS_0.5x0.625/MERRA2/2019/07/MERRA2.20190701.A3mstC.05x0625.nc4
1744.705,hit,false,0.000,0,317.124,182,GEOS_0.5x0.625/MERRA2/2019/07/MERRA2.20190701.A3mstC.05x0625.nc4
1744.735,hit,false,0.000,0,317.152,183,GEOS_0.5x0.625/MERRA2/2019/07/MERRA2.20190701.A3mstC.05x0625.nc4
1744.763,hit,false,0.000,0,317.179,183,GEOS_0.5x0.625/MERRA2/2019/07/MERRA2.20190701.A3mstC.05x0625.nc4
1744.792,hit,false,0.000,0,317.209,183,GEOS_0.5x0.625/MERRA2/2019/07/MERRA2.20190701.A3mstC.05x0625.nc4
1744.821,hit,false,0.000,0,317.238,183,GEOS_0.5x0.625/MERRA2/2019/07/MERRA2.20190701.A3mstC.05x0625.nc4
1744.844,hit,false,0.000,0,317.261,183,GEOS_0.5x0.625/MERRA2/2019/07/MERRA2.20190701.A3mstC.05x0625.nc4
1744.881,hit,false,0.000,0,317.298,183,GEOS_0.5x0.625/MERRA2/2019/07/MERRA2.20190701.A3mstC.05x0625.nc4
1744.904,hit,false,0.000,0,317.321,183,GEOS_0.5x0.625/MERRA2/2019/07/MERRA2.20190701.A3mstC.05x0625.nc4
1744.940,hit,false,0.000,0,317.357,183,GEOS_0.5x0.625/MERRA2/2019/07/MERRA2.20190701.A3mstC.05x0625.nc4
1744.963,hit,false,0.000,0,317.367,184,GEOS_0.5x0.625/MERRA2/2019/07/MERRA2.20190701.A3mstC.05x0625.nc4
1745.007,hit,false,0.000,0,317.411,184,GEOS_0.5x0.625/MERRA2/2019/07/MERRA2.20190701.A3mstC.05x0625.nc4
1745.040,hit,false,0.000,0,317.443,184,GEOS_0.5x0.625/MERRA2/2019/07/MERRA2.20190701.A3mstC.05x0625.nc4
1745.070,hit,false,0.000,0,317.474,184,GEOS_0.5x0.625/MERRA2/2019/07/MERRA2.20190701.A3mstC.05x0625.nc4
1745.101,hit,false,0.000,0,317.504,184,GEOS_0.5x0.625/MERRA2/2019/07/MERRA2.20190701.A3mstC.05x0625.nc4
1745.129,hit,false,0.000,0,317.533,184,GEOS_0.5x0.625/MERRA2/2019/07/MERRA2.20190701.A3mstC.05x0625.nc4
1745.162,hit,false,0.000,0,317.566,184,GEOS_0.5x0.625/MERRA2/2019/07/MERRA2.20190701.A3mstC.05x0625.nc4
1745.186,hit,false,0.000,0,317.589,184,GEOS_0.5x0.625/MERRA2/2019/07/MERRA2.20190701.A3mstC.05x0625.nc4
1745.221,hit,false,0.000,0,317.481,185,GEOS_0.5x0.625/MERRA2/2019/07/MERRA2.20190701.A3mstC.05x0625.nc4
1745.249,hit,false,0.000,0,317.509,185,GEOS_0.5x0.625/MERRA2/2019/07/MERRA2.20190701.A3mstC.05x0625.nc4
1745.282,hit,false,0.000,0,317.542,185,GEOS_0.5x0.625/MERRA2/2019/07/MERRA2.20190701.A3mstC.05x0625.nc4
1745.306,hit,false,0.000,0,317.566,185,GEOS_0.5x0.625/MERRA2/2019/07/MERRA2.20190701.A3mstC.05x0625.nc4
1745.343,hit,false,0.000,0,317.603,185,GEOS_0.5x0.625/MERRA2/2019/07/MERRA2.20190701.A3mstC.05x0625.nc4
1745.364,hit,false,0.000,0,317.625,185,GEOS_0.5x0.625/MERRA2/2019/07/MERRA2.20190701.A3mstC.05x0625.nc4
1745.398,hit,false,0.000,0,317.658,185,GEOS_0.5x0.625/MERRA2/2019/07/MERRA2.20190701.A3mstC.05x0625.nc4
1745.421,hit,false,0.000,0,317.681,185,GEOS_0.5x0.625/MERRA2/2019/07/MERRA2.20190701.A3mstC.05x0625.nc4
1745.467,hit,false,0.000,0,317.725,186,GEOS_0.5x0.625/MERRA2/2019/07/MERRA2.20190701.A3mstC.05x0625.nc4
1745.492,hit,false,0.000,0,317.749,186,GEOS_0.5x0.625/MERRA2/2019/07/MERRA2.20190701.A3mstC.05x0625.nc4
1745.528,hit,false,0.000,0,317.786,186,GEOS_0.5x0.625/MERRA2/2019/07/MERRA2.20190701.A3mstC.05x0625.nc4
1745.553,hit,false,0.000,0,317.811,186,GEOS_0.5x0.625/MERRA2/2019/07/MERRA2.20190701.A3mstC.05x0625.nc4
1745.586,hit,false,0.000,0,317.844,186,GEOS_0.5x0.625/MERRA2/2019/07/MERRA2.20190701.A3mstC.05x0625.nc4
1745.616,hit,false,0.000,0,317.874,186,GEOS_0.5x0.625/MERRA2/2019/07/MERRA2.20190701.A3mstC.05x0625.nc4
1745.645,hit,false,0.000,0,317.903,186,GEOS_0.5x0.625/MERRA2/2019/07/MERRA2.20190701.A3mstC.05x0625.nc4
1745.679,hit,false,0.000,0,317.937,186,GEOS_0.5x0.625/MERRA2/2019/07/MERRA2.20190701.A3mstC.05x0625.nc4
1745.706,hit,false,0.000,0,317.403,187,GEOS_0.5x0.625/MERRA2/2019/07/MERRA2.20190701.A3mstC.05x0625.nc4
1745.835,hit,false,0.000,0,317.532,187,GEOS_0.5x0.625/MERRA2/2019/07/MERRA2.20190701.A3mstC.05x0625.nc4
1745.857,hit,false,0.000,0,317.555,187,GEOS_0.5x0.625/MERRA2/2019/07/MERRA2.20190701.A3mstC.05x0625.nc4
1745.900,hit,false,0.000,0,317.597,187,GEOS_0.5x0.625/MERRA2/2019/07/MERRA2.20190701.A3mstC.05x0625.nc4
1745.922,hit,false,0.000,0,317.620,187,GEOS_0.5x0.625/MERRA2/2019/07/MERRA2.20190701.A3mstC.05x0625.nc4
1745.963,hit,false,0.000,0,317.660,187,GEOS_0.5x0.625/MERRA2/2019/07/MERRA2.20190701.A3mstC.05x0625.nc4
1745.986,hit,false,0.000,0,317.683,187,GEOS_0.5x0.625/MERRA2/2019/07/MERRA2.20190701.A3mstC.05x0625.nc4
1746.021,hit,false,0.000,0,317.718,187,GEOS_0.5x0.625/MERRA2/2019/07/MERRA2.20190701.A3mstC.05x0625.nc4
1746.046,hit,false,0.000,0,317.742,188,GEOS_0.5x0.625/MERRA2/2019/07/MERRA2.20190701.A3mstC.05x0625.nc4
1746.084,hit,false,0.000,0,317.780,188,GEOS_0.5x0.625/MERRA2/2019/07/MERRA2.20190701.A3mstC.05x0625.nc4
1746.106,hit,false,0.000,0,317.802,188,GEOS_0.5x0.625/MERRA2/2019/07/MERRA2.20190701.A3mstC.05x0625.nc4
1746.142,hit,false,0.000,0,317.838,188,GEOS_0.5x0.625/MERRA2/2019/07/MERRA2.20190701.A3mstC.05x0625.nc4
1746.168,hit,false,0.000,0,317.864,188,GEOS_0.5x0.625/MERRA2/2019/07/MERRA2.20190701.A3mstC.05x0625.nc4
1746.200,hit,false,0.000,0,317.896,188,GEOS_0.5x0.625/MERRA2/2019/07/MERRA2.20190701.A3mstC.05x0625.nc4
1746.225,hit,false,0.000,0,317.921,188,GEOS_0.5x0.625/MERRA2/2019/07/MERRA2.20190701.A3mstC.05x0625.nc4
1746.261,hit,false,0.000,0,317.957,188,GEOS_0.5x0.625/MERRA2/2019/07/MERRA2.20190701.A3mstC.05x0625.nc4
1746.286,hit,false,0.000,0,317.981,189,GEOS_0.5x0.625/MERRA2/2019/07/MERRA2.20190701.A3mstC.05x0625.nc4
1746.322,hit,false,0.000,0,318.017,189,GEOS_0.5x0.625/MERRA2/2019/07/MERRA2.20190701.A3mstC.05x0625.nc4
1746.348,hit,false,0.000,0,318.043,189,GEOS_0.5x0.625/MERRA2/2019/07/MERRA2.20190701.A3mstC.05x0625.nc4
1746.381,hit,false,0.000,0,318.076,189,GEOS_0.5x0.625/MERRA2/2019/07/MERRA2.20190701.A3mstC.05x0625.nc4
1746.410,hit,false,0.000,0,318.104,189,GEOS_0.5x0.625/MERRA2/2019/07/MERRA2.20190701.A3mstC.05x0625.nc4
1746.442,hit,false,0.000,0,318.137,189,GEOS_0.5x0.625/MERRA2/2019/07/MERRA2.20190701.A3mstC.05x0625.nc4
1746.469,hit,false,0.000,0,318.164,189,GEOS_0.5x0.625/MERRA2/2019/07/MERRA2.20190701.A3mstC.05x0625.nc4
1746.501,hit,false,0.000,0,318.196,189,GEOS_0.5x0.625/MERRA2/2019/07/MERRA2.20190701.A3mstC.05x0625.nc4
1746.529,hit,false,0.000,0,318.222,190,GEOS_0.5x0.625/MERRA2/2019/07/MERRA2.20190701.A3mstC.05x0625.nc4
1746.561,hit,false,0.000,0,318.255,190,GEOS_0.5x0.625/MERRA2/2019/07/MERRA2.20190701.A3mstC.05x0625.nc4
1746.587,hit,false,0.000,0,318.280,190,GEOS_0.5x0.625/MERRA2/2019/07/MERRA2.20190701.A3mstC.05x0625.nc4
1746.616,hit,false,0.000,0,318.310,190,GEOS_0.5x0.625/MERRA2/2019/07/MERRA2.20190701.A3mstC.05x0625.nc4
1746.640,hit,false,0.000,0,318.334,190,GEOS_0.5x0.625/MERRA2/2019/07/MERRA2.20190701.A3mstC.05x0625.nc4
1746.675,hit,false,0.000,0,318.368,190,GEOS_0.5x0.625/MERRA2/2019/07/MERRA2.20190701.A3mstC.05x0625.nc4
1746.698,hit,false,0.000,0,318.391,190,GEOS_0.5x0.625/MERRA2/2019/07/MERRA2.20190701.A3mstC.05x0625.nc4
1746.733,hit,false,0.000,0,318.426,190,GEOS_0.5x0.625/MERRA2/2019/07/MERRA2.20190701.A3mstC.05x0625.nc4
1746.759,hit,false,0.000,0,318.451,191,GEOS_0.5x0.625/MERRA2/2019/07/MERRA2.20190701.A3mstC.05x0625.nc4
1746.794,hit,false,0.000,0,318.486,191,GEOS_0.5x0.625/MERRA2/2019/07/MERRA2.20190701.A3mstC.05x0625.nc4
1746.819,hit,false,0.000,0,318.511,191,GEOS_0.5x0.625/MERRA2/2019/07/MERRA2.20190701.A3mstC.05x0625.nc4
1746.852,hit,false,0.000,0,318.545,191,GEOS_0.5x0.625/MERRA2/2019/07/MERRA2.20190701.A3mstC.05x0625.nc4
1746.878,hit,false,0.000,0,318.570,191,GEOS_0.5x0.625/MERRA2/2019/07/MERRA2.20190701.A3mstC.05x0625.nc4
1746.910,hit,false,0.000,0,318.603,191,GEOS_0.5x0.625/MERRA2/2019/07/MERRA2.20190701.A3mstC.05x0625.nc4
1746.936,hit,false,0.000,0,318.629,191,GEOS_0.5x0.625/MERRA2/2019/07/MERRA2.20190701.A3mstC.05x0625.nc4
1746.969,hit,false,0.000,0,318.662,191,GEOS_0.5x0.625/MERRA2/2019/07/MERRA2.20190701.A3mstC.05x0625.nc4
1746.992,hit,false,0.000,0,319.389,192,GEOS_0.5x0.625/MERRA2/2019/07/MERRA2.20190701.A3mstC.05x0625.nc4
1747.079,hit,false,0.000,0,319.477,192,GEOS_0.5x0.625/MERRA2/2019/07/MERRA2.20190701.A3mstC.05x0625.nc4
1747.156,hit,false,0.000,0,319.553,192,GEOS_0.5x0.625/MERRA2/2019/07/MERRA2.20190701.A3mstC.05x0625.nc4
1747.179,hit,false,0.000,0,319.576,192,GEOS_0.5x0.625/MERRA2/2019/07/MERRA2.20190701.A3mstC.05x0625.nc4
1747.213,hit,false,0.000,0,319.611,192,GEOS_0.5x0.625/MERRA2/2019/07/MERRA2.20190701.A3mstC.05x0625.nc4
1747.240,hit,false,0.000,0,319.637,192,GEOS_0.5x0.625/MERRA2/2019/07/MERRA2.20190701.A3mstC.05x0625.nc4
1747.273,hit,false,0.000,0,319.671,192,GEOS_0.5x0.625/MERRA2/2019/07/MERRA2.20190701.A3mstC.05x0625.nc4
1747.302,hit,false,0.000,0,319.699,192,GEOS_0.5x0.625/MERRA2/2019/07/MERRA2.20190701.A3mstC.05x0625.nc4
1747.333,hit,false,0.000,0,319.728,193,GEOS_0.5x0.625/MERRA2/2019/07/MERRA2.20190701.A3mstC.05x0625.nc4
1747.365,hit,false,0.000,0,319.760,193,GEOS_0.5x0.625/MERRA2/2019/07/MERRA2.20190701.A3mstC.05x0625.nc4
1747.395,hit,false,0.000,0,319.790,193,GEOS_0.5x0.625/MERRA2/2019/07/MERRA2.20190701.A3mstC.05x0625.nc4
1747.424,hit,false,0.000,0,319.819,193,GEOS_0.5x0.625/MERRA2/2019/07/MERRA2.20190701.A3mstC.05x0625.nc4
1747.455,hit,false,0.000,0,319.850,193,GEOS_0.5x0.625/MERRA2/2019/07/MERRA2.20190701.A3mstC.05x0625.nc4
1747.484,hit,false,0.000,0,319.879,193,GEOS_0.5x0.625/MERRA2/2019/07/MERRA2.20190701.A3mstC.05x0625.nc4
1747.514,hit,false,0.000,0,319.910,193,GEOS_0.5x0.625/MERRA2/2019/07/MERRA2.20190701.A3mstC.05x0625.nc4
1747.538,hit,false,0.000,0,319.933,193,GEOS_0.5x0.625/MERRA2/2019/07/MERRA2.20190701.A3mstC.05x0625.nc4
1747.577,hit,false,0.000,0,319.970,194,GEOS_0.5x0.625/MERRA2/2019/07/MERRA2.20190701.A3mstC.05x0625.nc4
1747.602,hit,false,0.000,0,319.995,194,GEOS_0.5x0.625/MERRA2/2019/07/MERRA2.20190701.A3mstC.05x0625.nc4
1747.633,hit,false,0.000,0,320.026,194,GEOS_0.5x0.625/MERRA2/2019/07/MERRA2.20190701.A3mstC.05x0625.nc4
1747.659,hit,false,0.000,0,320.053,194,GEOS_0.5x0.625/MERRA2/2019/07/MERRA2.20190701.A3mstC.05x0625.nc4
1747.700,hit,false,0.000,0,320.094,194,GEOS_0.5x0.625/MERRA2/2019/07/MERRA2.20190701.A3mstC.05x0625.nc4
1747.722,hit,false,0.000,0,320.115,194,GEOS_0.5x0.625/MERRA2/2019/07/MERRA2.20190701.A3mstC.05x0625.nc4
1747.762,hit,false,0.000,0,320.156,194,GEOS_0.5x0.625/MERRA2/2019/07/MERRA2.20190701.A3mstC.05x0625.nc4
1747.783,hit,false,0.000,0,320.177,194,GEOS_0.5x0.625/MERRA2/2019/07/MERRA2.20190701.A3mstC.05x0625.nc4
1747.905,hit,false,0.000,0,320.295,195,GEOS_0.5x0.625/MERRA2/2019/07/MERRA2.20190701.A3mstC.05x0625.nc4
1747.930,hit,false,0.000,0,320.320,195,GEOS_0.5x0.625/MERRA2/2019/07/MERRA2.20190701.A3mstC.05x0625.nc4
1747.968,hit,false,0.000,0,320.358,195,GEOS_0.5x0.625/MERRA2/2019/07/MERRA2.20190701.A3mstC.05x0625.nc4
1747.989,hit,false,0.000,0,320.379,195,GEOS_0.5x0.625/MERRA2/2019/07/MERRA2.20190701.A3mstC.05x0625.nc4
1748.028,hit,false,0.000,0,320.418,195,GEOS_0.5x0.625/MERRA2/2019/07/MERRA2.20190701.A3mstC.05x0625.nc4
1748.050,hit,false,0.000,0,320.440,195,GEOS_0.5x0.625/MERRA2/2019/07/MERRA2.20190701.A3mstC.05x0625.nc4
1748.084,hit,false,0.000,0,320.474,195,GEOS_0.5x0.625/MERRA2/2019/07/MERRA2.20190701.A3mstC.05x0625.nc4
1748.109,hit,false,0.000,0,320.499,195,GEOS_0.5x0.625/MERRA2/2019/07/MERRA2.20190701.A3mstC.05x0625.nc4
1748.141,hit,false,0.000,0,320.354,196,GEOS_0.5x0.625/MERRA2/2019/07/MERRA2.20190701.A3mstC.05x0625.nc4
1748.174,hit,false,0.000,0,320.387,196,GEOS_0.5x0.625/MERRA2/2019/07/MERRA2.20190701.A3mstC.05x0625.nc4
1748.203,hit,false,0.000,0,320.416,196,GEOS_0.5x0.625/MERRA2/2019/07/MERRA2.20190701.A3mstC.05x0625.nc4
1748.233,hit,false,0.000,0,320.446,196,GEOS_0.5x0.625/MERRA2/2019/07/MERRA2.20190701.A3mstC.05x0625.nc4
1748.264,hit,false,0.000,0,320.477,196,GEOS_0.5x0.625/MERRA2/2019/07/MERRA2.20190701.A3mstC.05x0625.nc4
1748.297,hit,false,0.000,0,320.509,196,GEOS_0.5x0.625/MERRA2/2019/07/MERRA2.20190701.A3mstC.05x0625.nc4
1748.326,hit,false,0.000,0,320.538,196,GEOS_0.5x0.625/MERRA2/2019/07/MERRA2.20190701.A3mstC.05x0625.nc4
1748.354,hit,false,0.000,0,320.567,196,GEOS_0.5x0.625/MERRA2/2019/07/MERRA2.20190701.A3mstC.05x0625.nc4
1748.384,hit,false,0.000,0,320.595,197,GEOS_0.5x0.625/MERRA2/2019/07/MERRA2.20190701.A3mstC.05x0625.nc4
1748.416,hit,false,0.000,0,320.626,197,GEOS_0.5x0.625/MERRA2/2019/07/MERRA2.20190701.A3mstC.05x0625.nc4
1748.446,hit,false,0.000,0,320.656,197,GEOS_0.5x0.625/MERRA2/2019/07/MERRA2.20190701.A3mstC.05x0625.nc4
1748.475,hit,false,0.000,0,320.686,197,GEOS_0.5x0.625/MERRA2/2019/07/MERRA2.20190701.A3mstC.05x0625.nc4
1748.504,hit,false,0.000,0,320.714,197,GEOS_0.5x0.625/MERRA2/2019/07/MERRA2.20190701.A3mstC.05x0625.nc4
1748.534,hit,false,0.000,0,320.744,197,GEOS_0.5x0.625/MERRA2/2019/07/MERRA2.20190701.A3mstC.05x0625.nc4
1748.557,hit,false,0.000,0,320.767,197,GEOS_0.5x0.625/MERRA2/2019/07/MERRA2.20190701.A3mstC.05x0625.nc4
1748.594,hit,false,0.000,0,320.805,197,GEOS_0.5x0.625/MERRA2/2019/07/MERRA2.20190701.A3mstC.05x0625.nc4
1748.617,hit,false,0.000,0,320.825,198,GEOS_0.5x0.625/MERRA2/2019/07/MERRA2.20190701.A3mstC.05x0625.nc4
1748.652,hit,false,0.000,0,320.860,198,GEOS_0.5x0.625/MERRA2/2019/07/MERRA2.20190701.A3mstC.05x0625.nc4
1748.677,hit,false,0.000,0,320.885,198,GEOS_0.5x0.625/MERRA2/2019/07/MERRA2.20190701.A3mstC.05x0625.nc4
1748.707,hit,false,0.000,0,320.915,198,GEOS_0.5x0.625/MERRA2/2019/07/MERRA2.20190701.A3mstC.05x0625.nc4
1748.732,hit,false,0.000,0,320.940,198,GEOS_0.5x0.625/MERRA2/2019/07/MERRA2.20190701.A3mstC.05x0625.nc4
1748.762,hit,false,0.000,0,320.970,198,GEOS_0.5x0.625/MERRA2/2019/07/MERRA2.20190701.A3mstC.05x0625.nc4
1748.786,hit,false,0.000,0,320.994,198,GEOS_0.5x0.625/MERRA2/2019/07/MERRA2.20190701.A3mstC.05x0625.nc4
1748.817,hit,false,0.000,0,321.025,198,GEOS_0.5x0.625/MERRA2/2019/07/MERRA2.20190701.A3mstC.05x0625.nc4
1748.843,hit,false,0.000,0,321.049,199,GEOS_0.5x0.625/MERRA2/2019/07/MERRA2.20190701.A3mstC.05x0625.nc4
1748.876,hit,false,0.000,0,321.081,199,GEOS_0.5x0.625/MERRA2/2019/07/MERRA2.20190701.A3mstC.05x0625.nc4
1748.904,hit,false,0.000,0,321.110,199,GEOS_0.5x0.625/MERRA2/2019/07/MERRA2.20190701.A3mstC.05x0625.nc4
1748.939,hit,false,0.000,0,321.145,199,GEOS_0.5x0.625/MERRA2/2019/07/MERRA2.20190701.A3mstC.05x0625.nc4
1748.963,hit,false,0.000,0,321.168,199,GEOS_0.5x0.625/MERRA2/2019/07/MERRA2.20190701.A3mstC.05x0625.nc4
1748.992,hit,false,0.000,0,321.198,199,GEOS_0.5x0.625/MERRA2/2019/07/MERRA2.20190701.A3mstC.05x0625.nc4
1749.018,hit,false,0.000,0,321.224,199,GEOS_0.5x0.625/MERRA2/2019/07/MERRA2.20190701.A3mstC.05x0625.nc4
1749.049,hit,false,0.000,0,321.255,199,GEOS_0.5x0.625/MERRA2/2019/07/MERRA2.20190701.A3mstC.05x0625.nc4
1749.073,hit,false,0.000,0,321.435,200,GEOS_0.5x0.625/MERRA2/2019/07/MERRA2.20190701.A3mstC.05x0625.nc4
1749.108,hit,false,0.000,0,321.470,200,GEOS_0.5x0.625/MERRA2/2019/07/MERRA2.20190701.A3mstC.05x0625.nc4
1749.141,hit,false,0.000,0,321.503,200,GEOS_0.5x0.625/MERRA2/2019/07/MERRA2.20190701.A3mstC.05x0625.nc4
1749.170,hit,false,0.000,0,321.532,200,GEOS_0.5x0.625/MERRA2/2019/07/MERRA2.20190701.A3mstC.05x0625.nc4
1749.202,hit,false,0.000,0,321.565,200,GEOS_0.5x0.625/MERRA2/2019/07/MERRA2.20190701.A3mstC.05x0625.nc4
1749.228,hit,false,0.000,0,321.590,200,GEOS_0.5x0.625/MERRA2/2019/07/MERRA2.20190701.A3mstC.05x0625.nc4
1749.258,hit,false,0.000,0,321.620,200,GEOS_0.5x0.625/MERRA2/2019/07/MERRA2.20190701.A3mstC.05x0625.nc4
1749.281,hit,false,0.000,0,321.643,200,GEOS_0.5x0.625/MERRA2/2019/07/MERRA2.20190701.A3mstC.05x0625.nc4
1749.319,hit,false,0.000,0,321.677,201,GEOS_0.5x0.625/MERRA2/2019/07/MERRA2.20190701.A3mstC.05x0625.nc4
1749.344,hit,false,0.000,0,321.702,201,GEOS_0.5x0.625/MERRA2/2019/07/MERRA2.20190701.A3mstC.05x0625.nc4
1749.376,hit,false,0.000,0,321.735,201,GEOS_0.5x0.625/MERRA2/2019/07/MERRA2.20190701.A3mstC.05x0625.nc4
1749.402,hit,false,0.000,0,321.760,201,GEOS_0.5x0.625/MERRA2/2019/07/MERRA2.20190701.A3mstC.05x0625.nc4
1749.435,hit,false,0.000,0,321.793,201,GEOS_0.5x0.625/MERRA2/2019/07/MERRA2.20190701.A3mstC.05x0625.nc4
1749.459,hit,false,0.000,0,321.817,201,GEOS_0.5x0.625/MERRA2/2019/07/MERRA2.20190701.A3mstC.05x0625.nc4
1749.493,hit,false,0.000,0,321.851,201,GEOS_0.5x0.625/MERRA2/2019/07/MERRA2.20190701.A3mstC.05x0625.nc4
1749.521,hit,false,0.000,0,321.879,201,GEOS_0.5x0.625/MERRA2/2019/07/MERRA2.20190701.A3mstC.05x0625.nc4
1749.551,hit,false,0.000,0,321.908,202,GEOS_0.5x0.625/MERRA2/2019/07/MERRA2.20190701.A3mstC.05x0625.nc4
1749.577,hit,false,0.000,0,321.933,202,GEOS_0.5x0.625/MERRA2/2019/07/MERRA2.20190701.A3mstC.05x0625.nc4
1749.613,hit,false,0.000,0,321.969,202,GEOS_0.5x0.625/MERRA2/2019/07/MERRA2.20190701.A3mstC.05x0625.nc4
1749.636,hit,false,0.000,0,321.993,202,GEOS_0.5x0.625/MERRA2/2019/07/MERRA2.20190701.A3mstC.05x0625.nc4
1749.674,hit,false,0.000,0,322.030,202,GEOS_0.5x0.625/MERRA2/2019/07/MERRA2.20190701.A3mstC.05x0625.nc4
1749.697,hit,false,0.000,0,322.053,202,GEOS_0.5x0.625/MERRA2/2019/07/MERRA2.20190701.A3mstC.05x0625.nc4
1749.760,hit,false,0.000,0,322.116,202,GEOS_0.5x0.625/MERRA2/2019/07/MERRA2.20190701.A3mstC.05x0625.nc4
1749.861,hit,false,0.000,0,322.218,202,GEOS_0.5x0.625/MERRA2/2019/07/MERRA2.20190701.A3mstC.05x0625.nc4
1749.883,hit,false,0.000,0,322.167,203,GEOS_0.5x0.625/MERRA2/2019/07/MERRA2.20190701.A3mstC.05x0625.nc4
1749.928,hit,false,0.000,0,322.212,203,GEOS_0.5x0.625/MERRA2/2019/07/MERRA2.20190701.A3mstC.05x0625.nc4
1749.949,hit,false,0.000,0,322.234,203,GEOS_0.5x0.625/MERRA2/2019/07/MERRA2.20190701.A3mstC.05x0625.nc4
1749.987,hit,false,0.000,0,322.272,203,GEOS_0.5x0.625/MERRA2/2019/07/MERRA2.20190701.A3mstC.05x0625.nc4
1750.010,hit,false,0.000,0,322.294,203,GEOS_0.5x0.625/MERRA2/2019/07/MERRA2.20190701.A3mstC.05x0625.nc4
1750.049,hit,false,0.000,0,322.334,203,GEOS_0.5x0.625/MERRA2/2019/07/MERRA2.20190701.A3mstC.05x0625.nc4
1750.073,hit,false,0.000,0,322.357,203,GEOS_0.5x0.625/MERRA2/2019/07/MERRA2.20190701.A3mstC.05x0625.nc4
1750.104,hit,false,0.000,0,322.389,203,GEOS_0.5x0.625/MERRA2/2019/07/MERRA2.20190701.A3mstC.05x0625.nc4
1750.129,hit,false,0.000,0,322.372,204,GEOS_0.5x0.625/MERRA2/2019/07/MERRA2.20190701.A3mstC.05x0625.nc4
1750.164,hit,false,0.000,0,322.407,204,GEOS_0.5x0.625/MERRA2/2019/07/MERRA2.20190701.A3mstC.05x0625.nc4
1750.196,hit,false,0.000,0,322.439,204,GEOS_0.5x0.625/MERRA2/2019/07/MERRA2.20190701.A3mstC.05x0625.nc4
1750.222,hit,false,0.000,0,322.465,204,GEOS_0.5x0.625/MERRA2/2019/07/MERRA2.20190701.A3mstC.05x0625.nc4
1750.253,hit,false,0.000,0,322.495,204,GEOS_0.5x0.625/MERRA2/2019/07/MERRA2.20190701.A3mstC.05x0625.nc4
1750.277,hit,false,0.000,0,322.519,204,GEOS_0.5x0.625/MERRA2/2019/07/MERRA2.20190701.A3mstC.05x0625.nc4
1750.309,hit,false,0.000,0,322.552,204,GEOS_0.5x0.625/MERRA2/2019/07/MERRA2.20190701.A3mstC.05x0625.nc4
1750.337,hit,false,0.000,0,322.580,204,GEOS_0.5x0.625/MERRA2/2019/07/MERRA2.20190701.A3mstC.05x0625.nc4
1750.366,hit,false,0.000,0,322.606,205,GEOS_0.5x0.625/MERRA2/2019/07/MERRA2.20190701.A3mstC.05x0625.nc4
1750.397,hit,false,0.000,0,322.636,205,GEOS_0.5x0.625/MERRA2/2019/07/MERRA2.20190701.A3mstC.05x0625.nc4
1750.427,hit,false,0.000,0,322.666,205,GEOS_0.5x0.625/MERRA2/2019/07/MERRA2.20190701.A3mstC.05x0625.nc4
1750.450,hit,false,0.000,0,322.689,205,GEOS_0.5x0.625/MERRA2/2019/07/MERRA2.20190701.A3mstC.05x0625.nc4
1750.482,hit,false,0.000,0,322.722,205,GEOS_0.5x0.625/MERRA2/2019/07/MERRA2.20190701.A3mstC.05x0625.nc4
1750.507,hit,false,0.000,0,322.747,205,GEOS_0.5x0.625/MERRA2/2019/07/MERRA2.20190701.A3mstC.05x0625.nc4
1750.539,hit,false,0.000,0,322.778,205,GEOS_0.5x0.625/MERRA2/2019/07/MERRA2.20190701.A3mstC.05x0625.nc4
1750.564,hit,false,0.000,0,322.803,205,GEOS_0.5x0.625/MERRA2/2019/07/MERRA2.20190701.A3mstC.05x0625.nc4
1750.596,hit,false,0.000,0,322.832,206,GEOS_0.5x0.625/MERRA2/2019/07/MERRA2.20190701.A3mstC.05x0625.nc4
1750.622,hit,false,0.000,0,322.859,206,GEOS_0.5x0.625/MERRA2/2019/07/MERRA2.20190701.A3mstC.05x0625.nc4
1750.655,hit,false,0.000,0,322.892,206,GEOS_0.5x0.625/MERRA2/2019/07/MERRA2.20190701.A3mstC.05x0625.nc4
1750.681,hit,false,0.000,0,322.918,206,GEOS_0.5x0.625/MERRA2/2019/07/MERRA2.20190701.A3mstC.05x0625.nc4
1750.712,hit,false,0.000,0,322.949,206,GEOS_0.5x0.625/MERRA2/2019/07/MERRA2.20190701.A3mstC.05x0625.nc4
1750.734,hit,false,0.000,0,322.971,206,GEOS_0.5x0.625/MERRA2/2019/07/MERRA2.20190701.A3mstC.05x0625.nc4
1750.769,hit,false,0.000,0,323.006,206,GEOS_0.5x0.625/MERRA2/2019/07/MERRA2.20190701.A3mstC.05x0625.nc4
1750.793,hit,false,0.000,0,323.030,206,GEOS_0.5x0.625/MERRA2/2019/07/MERRA2.20190701.A3mstC.05x0625.nc4
1750.825,hit,false,0.000,0,323.059,207,GEOS_0.5x0.625/MERRA2/2019/07/MERRA2.20190701.A3mstC.05x0625.nc4
1750.852,hit,false,0.000,0,323.087,207,GEOS_0.5x0.625/MERRA2/2019/07/MERRA2.20190701.A3mstC.05x0625.nc4
1750.888,hit,false,0.000,0,323.123,207,GEOS_0.5x0.625/MERRA2/2019/07/MERRA2.20190701.A3mstC.05x0625.nc4
1750.912,hit,false,0.000,0,323.146,207,GEOS_0.5x0.625/MERRA2/2019/07/MERRA2.20190701.A3mstC.05x0625.nc4
1750.945,hit,false,0.000,0,323.179,207,GEOS_0.5x0.625/MERRA2/2019/07/MERRA2.20190701.A3mstC.05x0625.nc4
1750.971,hit,false,0.000,0,323.205,207,GEOS_0.5x0.625/MERRA2/2019/07/MERRA2.20190701.A3mstC.05x0625.nc4
1751.003,hit,false,0.000,0,323.237,207,GEOS_0.5x0.625/MERRA2/2019/07/MERRA2.20190701.A3mstC.05x0625.nc4
1751.026,hit,false,0.000,0,323.260,207,GEOS_0.5x0.625/MERRA2/2019/07/MERRA2.20190701.A3mstC.05x0625.nc4
1751.062,hit,false,0.000,0,323.428,208,GEOS_0.5x0.625/MERRA2/2019/07/MERRA2.20190701.A3mstC.05x0625.nc4
1751.088,hit,false,0.000,0,323.454,208,GEOS_0.5x0.625/MERRA2/2019/07/MERRA2.20190701.A3mstC.05x0625.nc4
1751.138,hit,false,0.000,0,323.504,208,GEOS_0.5x0.625/MERRA2/2019/07/MERRA2.20190701.A3mstC.05x0625.nc4
1751.159,hit,false,0.000,0,323.526,208,GEOS_0.5x0.625/MERRA2/2019/07/MERRA2.20190701.A3mstC.05x0625.nc4
1751.198,hit,false,0.000,0,323.564,208,GEOS_0.5x0.625/MERRA2/2019/07/MERRA2.20190701.A3mstC.05x0625.nc4
1751.220,hit,false,0.000,0,323.586,208,GEOS_0.5x0.625/MERRA2/2019/07/MERRA2.20190701.A3mstC.05x0625.nc4
1751.261,hit,false,0.000,0,323.627,208,GEOS_0.5x0.625/MERRA2/2019/07/MERRA2.20190701.A3mstC.05x0625.nc4
1751.284,hit,false,0.000,0,323.650,208,GEOS_0.5x0.625/MERRA2/2019/07/MERRA2.20190701.A3mstC.05x0625.nc4
1751.320,hit,false,0.000,0,323.532,209,GEOS_0.5x0.625/MERRA2/2019/07/MERRA2.20190701.A3mstC.05x0625.nc4
1751.344,hit,false,0.000,0,323.557,209,GEOS_0.5x0.625/MERRA2/2019/07/MERRA2.20190701.A3mstC.05x0625.nc4
1751.378,hit,false,0.000,0,323.591,209,GEOS_0.5x0.625/MERRA2/2019/07/MERRA2.20190701.A3mstC.05x0625.nc4
1751.405,hit,false,0.000,0,323.617,209,GEOS_0.5x0.625/MERRA2/2019/07/MERRA2.20190701.A3mstC.05x0625.nc4
1751.435,hit,false,0.000,0,323.647,209,GEOS_0.5x0.625/MERRA2/2019/07/MERRA2.20190701.A3mstC.05x0625.nc4
1751.459,hit,false,0.000,0,323.671,209,GEOS_0.5x0.625/MERRA2/2019/07/MERRA2.20190701.A3mstC.05x0625.nc4
1751.494,hit,false,0.000,0,323.706,209,GEOS_0.5x0.625/MERRA2/2019/07/MERRA2.20190701.A3mstC.05x0625.nc4
1751.515,hit,false,0.000,0,323.728,209,GEOS_0.5x0.625/MERRA2/2019/07/MERRA2.20190701.A3mstC.05x0625.nc4
1751.560,hit,false,0.000,0,323.770,210,GEOS_0.5x0.625/MERRA2/2019/07/MERRA2.20190701.A3mstC.05x0625.nc4
1751.583,hit,false,0.000,0,323.793,210,GEOS_0.5x0.625/MERRA2/2019/07/MERRA2.20190701.A3mstC.05x0625.nc4
1751.623,hit,false,0.000,0,323.833,210,GEOS_0.5x0.625/MERRA2/2019/07/MERRA2.20190701.A3mstC.05x0625.nc4
1751.645,hit,false,0.000,0,323.855,210,GEOS_0.5x0.625/MERRA2/2019/07/MERRA2.20190701.A3mstC.05x0625.nc4
1751.681,hit,false,0.000,0,323.892,210,GEOS_0.5x0.625/MERRA2/2019/07/MERRA2.20190701.A3mstC.05x0625.nc4
1751.705,hit,false,0.000,0,323.915,210,GEOS_0.5x0.625/MERRA2/2019/07/MERRA2.20190701.A3mstC.05x0625.nc4
1751.821,hit,false,0.000,0,324.031,210,GEOS_0.5x0.625/MERRA2/2019/07/MERRA2.20190701.A3mstC.05x0625.nc4
1751.842,hit,false,0.000,0,324.052,210,GEOS_0.5x0.625/MERRA2/2019/07/MERRA2.20190701.A3mstC.05x0625.nc4
1751.875,hit,false,0.000,0,324.083,211,GEOS_0.5x0.625/MERRA2/2019/07/MERRA2.20190701.A3mstC.05x0625.nc4
1751.907,hit,false,0.000,0,324.115,211,GEOS_0.5x0.625/MERRA2/2019/07/MERRA2.20190701.A3mstC.05x0625.nc4
1751.945,hit,false,0.000,0,324.153,211,GEOS_0.5x0.625/MERRA2/2019/07/MERRA2.20190701.A3mstC.05x0625.nc4
1751.977,hit,false,0.000,0,324.185,211,GEOS_0.5x0.625/MERRA2/2019/07/MERRA2.20190701.A3mstC.05x0625.nc4
1752.007,hit,false,0.000,0,324.215,211,GEOS_0.5x0.625/MERRA2/2019/07/MERRA2.20190701.A3mstC.05x0625.nc4
1752.036,hit,false,0.000,0,324.244,211,GEOS_0.5x0.625/MERRA2/2019/07/MERRA2.20190701.A3mstC.05x0625.nc4
1752.065,hit,false,0.000,0,324.273,211,GEOS_0.5x0.625/MERRA2/2019/07/MERRA2.20190701.A3mstC.05x0625.nc4
1752.095,hit,false,0.000,0,324.303,211,GEOS_0.5x0.625/MERRA2/2019/07/MERRA2.20190701.A3mstC.05x0625.nc4
1752.127,hit,false,0.000,0,324.332,212,GEOS_0.5x0.625/MERRA2/2019/07/MERRA2.20190701.A3mstC.05x0625.nc4
1752.154,hit,false,0.000,0,324.360,212,GEOS_0.5x0.625/MERRA2/2019/07/MERRA2.20190701.A3mstC.05x0625.nc4
1752.184,hit,false,0.000,0,324.390,212,GEOS_0.5x0.625/MERRA2/2019/07/MERRA2.20190701.A3mstC.05x0625.nc4
1752.212,hit,false,0.000,0,324.418,212,GEOS_0.5x0.625/MERRA2/2019/07/MERRA2.20190701.A3mstC.05x0625.nc4
1752.241,hit,false,0.000,0,324.447,212,GEOS_0.5x0.625/MERRA2/2019/07/MERRA2.20190701.A3mstC.05x0625.nc4
1752.266,hit,false,0.000,0,324.471,212,GEOS_0.5x0.625/MERRA2/2019/07/MERRA2.20190701.A3mstC.05x0625.nc4
1752.298,hit,false,0.000,0,324.503,212,GEOS_0.5x0.625/MERRA2/2019/07/MERRA2.20190701.A3mstC.05x0625.nc4
1752.321,hit,false,0.000,0,324.526,212,GEOS_0.5x0.625/MERRA2/2019/07/MERRA2.20190701.A3mstC.05x0625.nc4
1752.359,hit,false,0.000,0,324.562,213,GEOS_0.5x0.625/MERRA2/2019/07/MERRA2.20190701.A3mstC.05x0625.nc4
1752.383,hit,false,0.000,0,324.586,213,GEOS_0.5x0.625/MERRA2/2019/07/MERRA2.20190701.A3mstC.05x0625.nc4
1752.416,hit,false,0.000,0,324.619,213,GEOS_0.5x0.625/MERRA2/2019/07/MERRA2.20190701.A3mstC.05x0625.nc4
1752.441,hit,false,0.000,0,324.645,213,GEOS_0.5x0.625/MERRA2/2019/07/MERRA2.20190701.A3mstC.05x0625.nc4
1752.472,hit,false,0.000,0,324.675,213,GEOS_0.5x0.625/MERRA2/2019/07/MERRA2.20190701.A3mstC.05x0625.nc4
1752.497,hit,false,0.000,0,324.700,213,GEOS_0.5x0.625/MERRA2/2019/07/MERRA2.20190701.A3mstC.05x0625.nc4
1752.530,hit,false,0.000,0,324.734,213,GEOS_0.5x0.625/MERRA2/2019/07/MERRA2.20190701.A3mstC.05x0625.nc4
1752.553,hit,false,0.000,0,324.757,213,GEOS_0.5x0.625/MERRA2/2019/07/MERRA2.20190701.A3mstC.05x0625.nc4
1752.592,hit,false,0.000,0,324.794,214,GEOS_0.5x0.625/MERRA2/2019/07/MERRA2.20190701.A3mstC.05x0625.nc4
1752.617,hit,false,0.000,0,324.819,214,GEOS_0.5x0.625/MERRA2/2019/07/MERRA2.20190701.A3mstC.05x0625.nc4
1752.649,hit,false,0.000,0,324.851,214,GEOS_0.5x0.625/MERRA2/2019/07/MERRA2.20190701.A3mstC.05x0625.nc4
1752.676,hit,false,0.000,0,324.877,214,GEOS_0.5x0.625/MERRA2/2019/07/MERRA2.20190701.A3mstC.05x0625.nc4
1752.705,hit,false,0.000,0,324.907,214,GEOS_0.5x0.625/MERRA2/2019/07/MERRA2.20190701.A3mstC.05x0625.nc4
1752.730,hit,false,0.000,0,324.931,214,GEOS_0.5x0.625/MERRA2/2019/07/MERRA2.20190701.A3mstC.05x0625.nc4
1752.760,hit,false,0.000,0,324.962,214,GEOS_0.5x0.625/MERRA2/2019/07/MERRA2.20190701.A3mstC.05x0625.nc4
1752.785,hit,false,0.000,0,324.986,214,GEOS_0.5x0.625/MERRA2/2019/07/MERRA2.20190701.A3mstC.05x0625.nc4
1752.820,hit,false,0.000,0,325.020,215,GEOS_0.5x0.625/MERRA2/2019/07/MERRA2.20190701.A3mstC.05x0625.nc4
1752.844,hit,false,0.000,0,325.044,215,GEOS_0.5x0.625/MERRA2/2019/07/MERRA2.20190701.A3mstC.05x0625.nc4
1752.883,hit,false,0.000,0,325.083,215,GEOS_0.5x0.625/MERRA2/2019/07/MERRA2.20190701.A3mstC.05x0625.nc4
1752.905,hit,false,0.000,0,325.105,215,GEOS_0.5x0.625/MERRA2/2019/07/MERRA2.20190701.A3mstC.05x0625.nc4
1752.941,hit,false,0.000,0,325.141,215,GEOS_0.5x0.625/MERRA2/2019/07/MERRA2.20190701.A3mstC.05x0625.nc4
1752.963,hit,false,0.000,0,325.163,215,GEOS_0.5x0.625/MERRA2/2019/07/MERRA2.20190701.A3mstC.05x0625.nc4
1752.998,hit,false,0.000,0,325.198,215,GEOS_0.5x0.625/MERRA2/2019/07/MERRA2.20190701.A3mstC.05x0625.nc4
1753.022,hit,false,0.000,0,325.222,215,GEOS_0.5x0.625/MERRA2/2019/07/MERRA2.20190701.A3mstC.05x0625.nc4
1753.060,hit,false,0.000,0,325.517,216,GEOS_0.5x0.625/MERRA2/2019/07/MERRA2.20190701.A3mstC.05x0625.nc4
1753.085,hit,false,0.000,0,325.542,216,GEOS_0.5x0.625/MERRA2/2019/07/MERRA2.20190701.A3mstC.05x0625.nc4
1753.132,hit,false,0.000,0,325.589,216,GEOS_0.5x0.625/MERRA2/2019/07/MERRA2.20190701.A3mstC.05x0625.nc4
1753.156,hit,false,0.000,0,325.613,216,GEOS_0.5x0.625/MERRA2/2019/07/MERRA2.20190701.A3mstC.05x0625.nc4
1753.191,hit,false,0.000,0,325.648,216,GEOS_0.5x0.625/MERRA2/2019/07/MERRA2.20190701.A3mstC.05x0625.nc4
1753.214,hit,false,0.000,0,325.671,216,GEOS_0.5x0.625/MERRA2/2019/07/MERRA2.20190701.A3mstC.05x0625.nc4
1753.258,hit,false,0.000,0,325.715,216,GEOS_0.5x0.625/MERRA2/2019/07/MERRA2.20190701.A3mstC.05x0625.nc4
1753.280,hit,false,0.000,0,325.737,216,GEOS_0.5x0.625/MERRA2/2019/07/MERRA2.20190701.A3mstC.05x0625.nc4
1753.332,hit,false,0.000,0,325.785,217,GEOS_0.5x0.625/MERRA2/2019/07/MERRA2.20190701.A3mstC.05x0625.nc4
1753.349,hit,false,0.000,0,325.802,217,GEOS_0.5x0.625/MERRA2/2019/07/MERRA2.20190701.A3mstC.05x0625.nc4
1753.402,hit,false,0.000,0,325.855,217,GEOS_0.5x0.625/MERRA2/2019/07/MERRA2.20190701.A3mstC.05x0625.nc4
1753.424,hit,false,0.000,0,325.877,217,GEOS_0.5x0.625/MERRA2/2019/07/MERRA2.20190701.A3mstC.05x0625.nc4
1753.461,hit,false,0.000,0,325.914,217,GEOS_0.5x0.625/MERRA2/2019/07/MERRA2.20190701.A3mstC.05x0625.nc4
1753.483,hit,false,0.000,0,325.936,217,GEOS_0.5x0.625/MERRA2/2019/07/MERRA2.20190701.A3mstC.05x0625.nc4
1753.527,hit,false,0.000,0,325.980,217,GEOS_0.5x0.625/MERRA2/2019/07/MERRA2.20190701.A3mstC.05x0625.nc4
1753.550,hit,false,0.000,0,326.003,217,GEOS_0.5x0.625/MERRA2/2019/07/MERRA2.20190701.A3mstC.05x0625.nc4
1753.603,hit,false,0.000,0,326.054,218,GEOS_0.5x0.625/MERRA2/2019/07/MERRA2.20190701.A3mstC.05x0625.nc4
1753.627,hit,false,0.000,0,326.078,218,GEOS_0.5x0.625/MERRA2/2019/07/MERRA2.20190701.A3mstC.05x0625.nc4
1753.684,hit,false,0.000,0,326.135,218,GEOS_0.5x0.625/MERRA2/2019/07/MERRA2.20190701.A3mstC.05x0625.nc4
1753.705,hit,false,0.000,0,326.156,218,GEOS_0.5x0.625/MERRA2/2019/07/MERRA2.20190701.A3mstC.05x0625.nc4
1753.754,hit,false,0.000,0,326.205,218,GEOS_0.5x0.625/MERRA2/2019/07/MERRA2.20190701.A3mstC.05x0625.nc4
1753.856,hit,false,0.000,0,326.307,218,GEOS_0.5x0.625/MERRA2/2019/07/MERRA2.20190701.A3mstC.05x0625.nc4
1753.878,hit,false,0.000,0,326.329,218,GEOS_0.5x0.625/MERRA2/2019/07/MERRA2.20190701.A3mstC.05x0625.nc4
1753.922,hit,false,0.000,0,326.373,218,GEOS_0.5x0.625/MERRA2/2019/07/MERRA2.20190701.A3mstC.05x0625.nc4
1753.944,hit,false,0.000,0,326.256,219,GEOS_0.5x0.625/MERRA2/2019/07/MERRA2.20190701.A3mstC.05x0625.nc4
1753.991,hit,false,0.000,0,326.304,219,GEOS_0.5x0.625/MERRA2/2019/07/MERRA2.20190701.A3mstC.05x0625.nc4
1754.012,hit,false,0.000,0,326.325,219,GEOS_0.5x0.625/MERRA2/2019/07/MERRA2.20190701.A3mstC.05x0625.nc4
1754.057,hit,false,0.000,0,326.370,219,GEOS_0.5x0.625/MERRA2/2019/07/MERRA2.20190701.A3mstC.05x0625.nc4
1754.080,hit,false,0.000,0,326.393,219,GEOS_0.5x0.625/MERRA2/2019/07/MERRA2.20190701.A3mstC.05x0625.nc4
1754.114,hit,false,0.000,0,326.426,219,GEOS_0.5x0.625/MERRA2/2019/07/MERRA2.20190701.A3mstC.05x0625.nc4
1754.141,hit,false,0.000,0,326.454,219,GEOS_0.5x0.625/MERRA2/2019/07/MERRA2.20190701.A3mstC.05x0625.nc4
1754.175,hit,false,0.000,0,326.487,219,GEOS_0.5x0.625/MERRA2/2019/07/MERRA2.20190701.A3mstC.05x0625.nc4
1754.202,hit,false,0.000,0,326.512,220,GEOS_0.5x0.625/MERRA2/2019/07/MERRA2.20190701.A3mstC.05x0625.nc4
1754.238,hit,false,0.000,0,326.548,220,GEOS_0.5x0.625/MERRA2/2019/07/MERRA2.20190701.A3mstC.05x0625.nc4
1754.267,hit,false,0.000,0,326.577,220,GEOS_0.5x0.625/MERRA2/2019/07/MERRA2.20190701.A3mstC.05x0625.nc4
1754.300,hit,false,0.000,0,326.610,220,GEOS_0.5x0.625/MERRA2/2019/07/MERRA2.20190701.A3mstC.05x0625.nc4
1754.329,hit,false,0.000,0,326.639,220,GEOS_0.5x0.625/MERRA2/2019/07/MERRA2.20190701.A3mstC.05x0625.nc4
1754.358,hit,false,0.000,0,326.668,220,GEOS_0.5x0.625/MERRA2/2019/07/MERRA2.20190701.A3mstC.05x0625.nc4
1754.390,hit,false,0.000,0,326.700,220,GEOS_0.5x0.625/MERRA2/2019/07/MERRA2.20190701.A3mstC.05x0625.nc4
1754.418,hit,false,0.000,0,326.728,220,GEOS_0.5x0.625/MERRA2/2019/07/MERRA2.20190701.A3mstC.05x0625.nc4
1754.449,hit,false,0.000,0,326.757,221,GEOS_0.5x0.625/MERRA2/2019/07/MERRA2.20190701.A3mstC.05x0625.nc4
1754.482,hit,false,0.000,0,326.790,221,GEOS_0.5x0.625/MERRA2/2019/07/MERRA2.20190701.A3mstC.05x0625.nc4
1754.516,hit,false,0.000,0,326.824,221,GEOS_0.5x0.625/MERRA2/2019/07/MERRA2.20190701.A3mstC.05x0625.nc4
1754.544,hit,false,0.000,0,326.852,221,GEOS_0.5x0.625/MERRA2/2019/07/MERRA2.20190701.A3mstC.05x0625.nc4
1754.574,hit,false,0.000,0,326.882,221,GEOS_0.5x0.625/MERRA2/2019/07/MERRA2.20190701.A3mstC.05x0625.nc4
1754.602,hit,false,0.000,0,326.911,221,GEOS_0.5x0.625/MERRA2/2019/07/MERRA2.20190701.A3mstC.05x0625.nc4
1754.633,hit,false,0.000,0,326.941,221,GEOS_0.5x0.625/MERRA2/2019/07/MERRA2.20190701.A3mstC.05x0625.nc4
1754.661,hit,false,0.000,0,326.969,221,GEOS_0.5x0.625/MERRA2/2019/07/MERRA2.20190701.A3mstC.05x0625.nc4
1754.692,hit,false,0.000,0,326.999,222,GEOS_0.5x0.625/MERRA2/2019/07/MERRA2.20190701.A3mstC.05x0625.nc4
1754.723,hit,false,0.000,0,327.029,222,GEOS_0.5x0.625/MERRA2/2019/07/MERRA2.20190701.A3mstC.05x0625.nc4
1754.753,hit,false,0.000,0,327.059,222,GEOS_0.5x0.625/MERRA2/2019/07/MERRA2.20190701.A3mstC.05x0625.nc4
1754.782,hit,false,0.000,0,327.088,222,GEOS_0.5x0.625/MERRA2/2019/07/MERRA2.20190701.A3mstC.05x0625.nc4
1754.812,hit,false,0.000,0,327.118,222,GEOS_0.5x0.625/MERRA2/2019/07/MERRA2.20190701.A3mstC.05x0625.nc4
1754.841,hit,false,0.000,0,327.148,222,GEOS_0.5x0.625/MERRA2/2019/07/MERRA2.20190701.A3mstC.05x0625.nc4
1754.870,hit,false,0.000,0,327.176,222,GEOS_0.5x0.625/MERRA2/2019/07/MERRA2.20190701.A3mstC.05x0625.nc4
1754.900,hit,false,0.000,0,327.206,222,GEOS_0.5x0.625/MERRA2/2019/07/MERRA2.20190701.A3mstC.05x0625.nc4
1754.930,hit,false,0.000,0,327.234,223,GEOS_0.5x0.625/MERRA2/2019/07/MERRA2.20190701.A3mstC.05x0625.nc4
1754.962,hit,false,0.000,0,327.267,223,GEOS_0.5x0.625/MERRA2/2019/07/MERRA2.20190701.A3mstC.05x0625.nc4
1754.985,hit,false,0.000,0,327.290,223,GEOS_0.5x0.625/MERRA2/2019/07/MERRA2.20190701.A3mstC.05x0625.nc4
1755.020,hit,false,0.000,0,327.325,223,GEOS_0.5x0.625/MERRA2/2019/07/MERRA2.20190701.A3mstC.05x0625.nc4
1755.047,hit,false,0.000,0,327.351,223,GEOS_0.5x0.625/MERRA2/2019/07/MERRA2.20190701.A3mstC.05x0625.nc4
1755.076,hit,false,0.000,0,327.380,223,GEOS_0.5x0.625/MERRA2/2019/07/MERRA2.20190701.A3mstC.05x0625.nc4
1755.109,hit,false,0.000,0,327.414,223,GEOS_0.5x0.625/MERRA2/2019/07/MERRA2.20190701.A3mstC.05x0625.nc4
1755.135,hit,false,0.000,0,327.439,223,GEOS_0.5x0.625/MERRA2/2019/07/MERRA2.20190701.A3mstC.05x0625.nc4
1755.167,hit,false,0.000,0,327.540,224,GEOS_0.5x0.625/MERRA2/2019/07/MERRA2.20190701.A3mstC.05x0625.nc4
1755.192,hit,false,0.000,0,327.565,224,GEOS_0.5x0.625/MERRA2/2019/07/MERRA2.20190701.A3mstC.05x0625.nc4
1755.236,hit,false,0.000,0,327.608,224,GEOS_0.5x0.625/MERRA2/2019/07/MERRA2.20190701.A3mstC.05x0625.nc4
1755.259,hit,false,0.000,0,327.632,224,GEOS_0.5x0.625/MERRA2/2019/07/MERRA2.20190701.A3mstC.05x0625.nc4
1755.289,hit,false,0.000,0,327.662,224,GEOS_0.5x0.625/MERRA2/2019/07/MERRA2.20190701.A3mstC.05x0625.nc4
1755.314,hit,false,0.000,0,327.686,224,GEOS_0.5x0.625/MERRA2/2019/07/MERRA2.20190701.A3mstC.05x0625.nc4
1755.347,hit,false,0.000,0,327.719,224,GEOS_0.5x0.625/MERRA2/2019/07/MERRA2.20190701.A3mstC.05x0625.nc4
1755.373,hit,false,0.000,0,327.745,224,GEOS_0.5x0.625/MERRA2/2019/07/MERRA2.20190701.A3mstC.05x0625.nc4
1755.417,hit,false,0.000,0,327.786,225,GEOS_0.5x0.625/MERRA2/2019/07/MERRA2.20190701.A3mstC.05x0625.nc4
1755.441,hit,false,0.000,0,327.810,225,GEOS_0.5x0.625/MERRA2/2019/07/MERRA2.20190701.A3mstC.05x0625.nc4
1755.475,hit,false,0.000,0,327.844,225,GEOS_0.5x0.625/MERRA2/2019/07/MERRA2.20190701.A3mstC.05x0625.nc4
1755.501,hit,false,0.000,0,327.870,225,GEOS_0.5x0.625/MERRA2/2019/07/MERRA2.20190701.A3mstC.05x0625.nc4
1755.530,hit,false,0.000,0,327.899,225,GEOS_0.5x0.625/MERRA2/2019/07/MERRA2.20190701.A3mstC.05x0625.nc4
1755.560,hit,false,0.000,0,327.930,225,GEOS_0.5x0.625/MERRA2/2019/07/MERRA2.20190701.A3mstC.05x0625.nc4
1755.592,hit,false,0.000,0,327.961,225,GEOS_0.5x0.625/MERRA2/2019/07/MERRA2.20190701.A3mstC.05x0625.nc4
1755.621,hit,false,0.000,0,327.990,225,GEOS_0.5x0.625/MERRA2/2019/07/MERRA2.20190701.A3mstC.05x0625.nc4
1755.649,hit,false,0.000,0,328.016,226,GEOS_0.5x0.625/MERRA2/2019/07/MERRA2.20190701.A3mstC.05x0625.nc4
1755.682,hit,false,0.000,0,328.049,226,GEOS_0.5x0.625/MERRA2/2019/07/MERRA2.20190701.A3mstC.05x0625.nc4
1755.705,hit,false,0.000,0,328.072,226,GEOS_0.5x0.625/MERRA2/2019/07/MERRA2.20190701.A3mstC.05x0625.nc4
1755.741,hit,false,0.000,0,328.108,226,GEOS_0.5x0.625/MERRA2/2019/07/MERRA2.20190701.A3mstC.05x0625.nc4
1755.855,hit,false,0.000,0,328.223,226,GEOS_0.5x0.625/MERRA2/2019/07/MERRA2.20190701.A3mstC.05x0625.nc4
1755.878,hit,false,0.000,0,328.245,226,GEOS_0.5x0.625/MERRA2/2019/07/MERRA2.20190701.A3mstC.05x0625.nc4
1755.925,hit,false,0.000,0,328.292,226,GEOS_0.5x0.625/MERRA2/2019/07/MERRA2.20190701.A3mstC.05x0625.nc4
1755.948,hit,false,0.000,0,328.315,226,GEOS_0.5x0.625/MERRA2/2019/07/MERRA2.20190701.A3mstC.05x0625.nc4
1755.987,hit,false,0.000,0,328.352,227,GEOS_0.5x0.625/MERRA2/2019/07/MERRA2.20190701.A3mstC.05x0625.nc4
1756.013,hit,false,0.000,0,328.377,227,GEOS_0.5x0.625/MERRA2/2019/07/MERRA2.20190701.A3mstC.05x0625.nc4
1756.046,hit,false,0.000,0,328.411,227,GEOS_0.5x0.625/MERRA2/2019/07/MERRA2.20190701.A3mstC.05x0625.nc4
1756.072,hit,false,0.000,0,328.437,227,GEOS_0.5x0.625/MERRA2/2019/07/MERRA2.20190701.A3mstC.05x0625.nc4
1756.104,hit,false,0.000,0,328.469,227,GEOS_0.5x0.625/MERRA2/2019/07/MERRA2.20190701.A3mstC.05x0625.nc4
1756.135,hit,false,0.000,0,328.500,227,GEOS_0.5x0.625/MERRA2/2019/07/MERRA2.20190701.A3mstC.05x0625.nc4
1756.161,hit,false,0.000,0,328.526,227,GEOS_0.5x0.625/MERRA2/2019/07/MERRA2.20190701.A3mstC.05x0625.nc4
1756.192,hit,false,0.000,0,328.557,227,GEOS_0.5x0.625/MERRA2/2019/07/MERRA2.20190701.A3mstC.05x0625.nc4
1756.216,hit,false,0.000,0,328.576,228,GEOS_0.5x0.625/MERRA2/2019/07/MERRA2.20190701.A3mstC.05x0625.nc4
1756.252,hit,false,0.000,0,328.612,228,GEOS_0.5x0.625/MERRA2/2019/07/MERRA2.20190701.A3mstC.05x0625.nc4
1756.278,hit,false,0.000,0,328.638,228,GEOS_0.5x0.625/MERRA2/2019/07/MERRA2.20190701.A3mstC.05x0625.nc4
1756.310,hit,false,0.000,0,328.670,228,GEOS_0.5x0.625/MERRA2/2019/07/MERRA2.20190701.A3mstC.05x0625.nc4
1756.333,hit,false,0.000,0,328.693,228,GEOS_0.5x0.625/MERRA2/2019/07/MERRA2.20190701.A3mstC.05x0625.nc4
1756.366,hit,false,0.000,0,328.726,228,GEOS_0.5x0.625/MERRA2/2019/07/MERRA2.20190701.A3mstC.05x0625.nc4
1756.392,hit,false,0.000,0,328.752,228,GEOS_0.5x0.625/MERRA2/2019/07/MERRA2.20190701.A3mstC.05x0625.nc4
1756.423,hit,false,0.000,0,328.782,228,GEOS_0.5x0.625/MERRA2/2019/07/MERRA2.20190701.A3mstC.05x0625.nc4
1756.453,hit,false,0.000,0,328.810,229,GEOS_0.5x0.625/MERRA2/2019/07/MERRA2.20190701.A3mstC.05x0625.nc4
1756.481,hit,false,0.000,0,328.838,229,GEOS_0.5x0.625/MERRA2/2019/07/MERRA2.20190701.A3mstC.05x0625.nc4
1756.514,hit,false,0.000,0,328.871,229,GEOS_0.5x0.625/MERRA2/2019/07/MERRA2.20190701.A3mstC.05x0625.nc4
1756.539,hit,false,0.000,0,328.896,229,GEOS_0.5x0.625/MERRA2/2019/07/MERRA2.20190701.A3mstC.05x0625.nc4
1756.572,hit,false,0.000,0,328.929,229,GEOS_0.5x0.625/MERRA2/2019/07/MERRA2.20190701.A3mstC.05x0625.nc4
1756.594,hit,false,0.000,0,328.951,229,GEOS_0.5x0.625/MERRA2/2019/07/MERRA2.20190701.A3mstC.05x0625.nc4
1756.627,hit,false,0.000,0,328.985,229,GEOS_0.5x0.625/MERRA2/2019/07/MERRA2.20190701.A3mstC.05x0625.nc4
1756.653,hit,false,0.000,0,329.010,229,GEOS_0.5x0.625/MERRA2/2019/07/MERRA2.20190701.A3mstC.05x0625.nc4
1756.685,hit,false,0.000,0,329.036,230,GEOS_0.5x0.625/MERRA2/2019/07/MERRA2.20190701.A3mstC.05x0625.nc4
1756.711,hit,false,0.000,0,329.061,230,GEOS_0.5x0.625/MERRA2/2019/07/MERRA2.20190701.A3mstC.05x0625.nc4
1756.748,hit,false,0.000,0,329.098,230,GEOS_0.5x0.625/MERRA2/2019/07/MERRA2.20190701.A3mstC.05x0625.nc4
1756.770,hit,false,0.000,0,329.121,230,GEOS_0.5x0.625/MERRA2/2019/07/MERRA2.20190701.A3mstC.05x0625.nc4
1756.806,hit,false,0.000,0,329.156,230,GEOS_0.5x0.625/MERRA2/2019/07/MERRA2.20190701.A3mstC.05x0625.nc4
1756.831,hit,false,0.000,0,329.181,230,GEOS_0.5x0.625/MERRA2/2019/07/MERRA2.20190701.A3mstC.05x0625.nc4
1756.865,hit,false,0.000,0,329.215,230,GEOS_0.5x0.625/MERRA2/2019/07/MERRA2.20190701.A3mstC.05x0625.nc4
1756.887,hit,false,0.000,0,329.237,230,GEOS_0.5x0.625/MERRA2/2019/07/MERRA2.20190701.A3mstC.05x0625.nc4
1756.921,hit,false,0.000,0,329.148,231,GEOS_0.5x0.625/MERRA2/2019/07/MERRA2.20190701.A3mstC.05x0625.nc4
1756.951,hit,false,0.000,0,329.178,231,GEOS_0.5x0.625/MERRA2/2019/07/MERRA2.20190701.A3mstC.05x0625.nc4
1756.981,hit,false,0.000,0,329.208,231,GEOS_0.5x0.625/MERRA2/2019/07/MERRA2.20190701.A3mstC.05x0625.nc4
1757.004,hit,false,0.000,0,329.231,231,GEOS_0.5x0.625/MERRA2/2019/07/MERRA2.20190701.A3mstC.05x0625.nc4
1757.045,hit,false,0.000,0,329.272,231,GEOS_0.5x0.625/MERRA2/2019/07/MERRA2.20190701.A3mstC.05x0625.nc4
1757.068,hit,false,0.000,0,329.295,231,GEOS_0.5x0.625/MERRA2/2019/07/MERRA2.20190701.A3mstC.05x0625.nc4
1757.102,hit,false,0.000,0,329.330,231,GEOS_0.5x0.625/MERRA2/2019/07/MERRA2.20190701.A3mstC.05x0625.nc4
1757.125,hit,false,0.000,0,329.352,231,GEOS_0.5x0.625/MERRA2/2019/07/MERRA2.20190701.A3mstC.05x0625.nc4
1757.161,hit,false,0.000,0,329.442,232,GEOS_0.5x0.625/MERRA2/2019/07/MERRA2.20190701.A3mstC.05x0625.nc4
1757.187,hit,false,0.000,0,329.468,232,GEOS_0.5x0.625/MERRA2/2019/07/MERRA2.20190701.A3mstC.05x0625.nc4
1757.235,hit,false,0.000,0,329.516,232,GEOS_0.5x0.625/MERRA2/2019/07/MERRA2.20190701.A3mstC.05x0625.nc4
1757.258,hit,false,0.000,0,329.539,232,GEOS_0.5x0.625/MERRA2/2019/07/MERRA2.20190701.A3mstC.05x0625.nc4
1757.297,hit,false,0.000,0,329.577,232,GEOS_0.5x0.625/MERRA2/2019/07/MERRA2.20190701.A3mstC.05x0625.nc4
1757.320,hit,false,0.000,0,329.600,232,GEOS_0.5x0.625/MERRA2/2019/07/MERRA2.20190701.A3mstC.05x0625.nc4
1757.358,hit,false,0.000,0,329.638,232,GEOS_0.5x0.625/MERRA2/2019/07/MERRA2.20190701.A3mstC.05x0625.nc4
1757.379,hit,false,0.000,0,329.660,232,GEOS_0.5x0.625/MERRA2/2019/07/MERRA2.20190701.A3mstC.05x0625.nc4
1757.413,hit,false,0.000,0,329.691,233,GEOS_0.5x0.625/MERRA2/2019/07/MERRA2.20190701.A3mstC.05x0625.nc4
1757.439,hit,false,0.000,0,329.716,233,GEOS_0.5x0.625/MERRA2/2019/07/MERRA2.20190701.A3mstC.05x0625.nc4
1757.476,hit,false,0.000,0,329.754,233,GEOS_0.5x0.625/MERRA2/2019/07/MERRA2.20190701.A3mstC.05x0625.nc4
1757.499,hit,false,0.000,0,329.777,233,GEOS_0.5x0.625/MERRA2/2019/07/MERRA2.20190701.A3mstC.05x0625.nc4
1757.534,hit,false,0.000,0,329.812,233,GEOS_0.5x0.625/MERRA2/2019/07/MERRA2.20190701.A3mstC.05x0625.nc4
1757.558,hit,false,0.000,0,329.836,233,GEOS_0.5x0.625/MERRA2/2019/07/MERRA2.20190701.A3mstC.05x0625.nc4
1757.597,hit,false,0.000,0,329.874,233,GEOS_0.5x0.625/MERRA2/2019/07/MERRA2.20190701.A3mstC.05x0625.nc4
1757.620,hit,false,0.000,0,329.897,233,GEOS_0.5x0.625/MERRA2/2019/07/MERRA2.20190701.A3mstC.05x0625.nc4
1757.655,hit,false,0.000,0,329.931,234,GEOS_0.5x0.625/MERRA2/2019/07/MERRA2.20190701.A3mstC.05x0625.nc4
1757.682,hit,false,0.000,0,329.957,234,GEOS_0.5x0.625/MERRA2/2019/07/MERRA2.20190701.A3mstC.05x0625.nc4
1757.722,hit,false,0.000,0,329.997,234,GEOS_0.5x0.625/MERRA2/2019/07/MERRA2.20190701.A3mstC.05x0625.nc4
1757.825,hit,false,0.000,0,330.100,234,GEOS_0.5x0.625/MERRA2/2019/07/MERRA2.20190701.A3mstC.05x0625.nc4
1757.847,hit,false,0.000,0,330.122,234,GEOS_0.5x0.625/MERRA2/2019/07/MERRA2.20190701.A3mstC.05x0625.nc4
1757.881,hit,false,0.000,0,330.156,234,GEOS_0.5x0.625/MERRA2/2019/07/MERRA2.20190701.A3mstC.05x0625.nc4
1757.908,hit,false,0.000,0,330.183,234,GEOS_0.5x0.625/MERRA2/2019/07/MERRA2.20190701.A3mstC.05x0625.nc4
1757.939,hit,false,0.000,0,330.214,234,GEOS_0.5x0.625/MERRA2/2019/07/MERRA2.20190701.A3mstC.05x0625.nc4
1757.970,hit,false,0.000,0,330.244,235,GEOS_0.5x0.625/MERRA2/2019/07/MERRA2.20190701.A3mstC.05x0625.nc4
1757.998,hit,false,0.000,0,330.272,235,GEOS_0.5x0.625/MERRA2/2019/07/MERRA2.20190701.A3mstC.05x0625.nc4
1758.029,hit,false,0.000,0,330.303,235,GEOS_0.5x0.625/MERRA2/2019/07/MERRA2.20190701.A3mstC.05x0625.nc4
1758.056,hit,false,0.000,0,330.330,235,GEOS_0.5x0.625/MERRA2/2019/07/MERRA2.20190701.A3mstC.05x0625.nc4
1758.081,hit,false,0.000,0,330.354,235,GEOS_0.5x0.625/MERRA2/2019/07/MERRA2.20190701.A3mstC.05x0625.nc4
1758.112,hit,false,0.000,0,330.386,235,GEOS_0.5x0.625/MERRA2/2019/07/MERRA2.20190701.A3mstC.05x0625.nc4
1758.136,hit,false,0.000,0,330.409,235,GEOS_0.5x0.625/MERRA2/2019/07/MERRA2.20190701.A3mstC.05x0625.nc4
1758.171,hit,false,0.000,0,330.445,235,GEOS_0.5x0.625/MERRA2/2019/07/MERRA2.20190701.A3mstC.05x0625.nc4
1758.193,hit,false,0.000,0,330.465,236,GEOS_0.5x0.625/MERRA2/2019/07/MERRA2.20190701.A3mstC.05x0625.nc4
1758.232,hit,false,0.000,0,330.504,236,GEOS_0.5x0.625/MERRA2/2019/07/MERRA2.20190701.A3mstC.05x0625.nc4
1758.255,hit,false,0.000,0,330.527,236,GEOS_0.5x0.625/MERRA2/2019/07/MERRA2.20190701.A3mstC.05x0625.nc4
1758.288,hit,false,0.000,0,330.559,236,GEOS_0.5x0.625/MERRA2/2019/07/MERRA2.20190701.A3mstC.05x0625.nc4
1758.314,hit,false,0.000,0,330.585,236,GEOS_0.5x0.625/MERRA2/2019/07/MERRA2.20190701.A3mstC.05x0625.nc4
1758.344,hit,false,0.000,0,330.616,236,GEOS_0.5x0.625/MERRA2/2019/07/MERRA2.20190701.A3mstC.05x0625.nc4
1758.369,hit,false,0.000,0,330.640,236,GEOS_0.5x0.625/MERRA2/2019/07/MERRA2.20190701.A3mstC.05x0625.nc4
1758.408,hit,false,0.000,0,330.679,236,GEOS_0.5x0.625/MERRA2/2019/07/MERRA2.20190701.A3mstC.05x0625.nc4
1758.430,hit,false,0.000,0,330.700,237,GEOS_0.5x0.625/MERRA2/2019/07/MERRA2.20190701.A3mstC.05x0625.nc4
1758.465,hit,false,0.000,0,330.735,237,GEOS_0.5x0.625/MERRA2/2019/07/MERRA2.20190701.A3mstC.05x0625.nc4
1758.490,hit,false,0.000,0,330.760,237,GEOS_0.5x0.625/MERRA2/2019/07/MERRA2.20190701.A3mstC.05x0625.nc4
1758.524,hit,false,0.000,0,330.794,237,GEOS_0.5x0.625/MERRA2/2019/07/MERRA2.20190701.A3mstC.05x0625.nc4
1758.550,hit,false,0.000,0,330.820,237,GEOS_0.5x0.625/MERRA2/2019/07/MERRA2.20190701.A3mstC.05x0625.nc4
1758.586,hit,false,0.000,0,330.856,237,GEOS_0.5x0.625/MERRA2/2019/07/MERRA2.20190701.A3mstC.05x0625.nc4
1758.609,hit,false,0.000,0,330.879,237,GEOS_0.5x0.625/MERRA2/2019/07/MERRA2.20190701.A3mstC.05x0625.nc4
1758.644,hit,false,0.000,0,330.914,237,GEOS_0.5x0.625/MERRA2/2019/07/MERRA2.20190701.A3mstC.05x0625.nc4
1758.669,hit,false,0.000,0,330.938,238,GEOS_0.5x0.625/MERRA2/2019/07/MERRA2.20190701.A3mstC.05x0625.nc4
1758.702,hit,false,0.000,0,330.970,238,GEOS_0.5x0.625/MERRA2/2019/07/MERRA2.20190701.A3mstC.05x0625.nc4
1758.725,hit,false,0.000,0,330.993,238,GEOS_0.5x0.625/MERRA2/2019/07/MERRA2.20190701.A3mstC.05x0625.nc4
1758.761,hit,false,0.000,0,331.030,238,GEOS_0.5x0.625/MERRA2/2019/07/MERRA2.20190701.A3mstC.05x0625.nc4
1758.784,hit,false,0.000,0,331.052,238,GEOS_0.5x0.625/MERRA2/2019/07/MERRA2.20190701.A3mstC.05x0625.nc4
1758.821,hit,false,0.000,0,331.089,238,GEOS_0.5x0.625/MERRA2/2019/07/MERRA2.20190701.A3mstC.05x0625.nc4
1758.843,hit,false,0.000,0,331.112,238,GEOS_0.5x0.625/MERRA2/2019/07/MERRA2.20190701.A3mstC.05x0625.nc4
1758.880,hit,false,0.000,0,331.148,238,GEOS_0.5x0.625/MERRA2/2019/07/MERRA2.20190701.A3mstC.05x0625.nc4
1758.903,hit,false,0.000,0,331.169,239,GEOS_0.5x0.625/MERRA2/2019/07/MERRA2.20190701.A3mstC.05x0625.nc4
1758.942,hit,false,0.000,0,331.208,239,GEOS_0.5x0.625/MERRA2/2019/07/MERRA2.20190701.A3mstC.05x0625.nc4
1758.967,hit,false,0.000,0,331.233,239,GEOS_0.5x0.625/MERRA2/2019/07/MERRA2.20190701.A3mstC.05x0625.nc4
1758.998,hit,false,0.000,0,331.264,239,GEOS_0.5x0.625/MERRA2/2019/07/MERRA2.20190701.A3mstC.05x0625.nc4
1759.023,hit,false,0.000,0,331.290,239,GEOS_0.5x0.625/MERRA2/2019/07/MERRA2.20190701.A3mstC.05x0625.nc4
1759.054,hit,false,0.000,0,331.320,239,GEOS_0.5x0.625/MERRA2/2019/07/MERRA2.20190701.A3mstC.05x0625.nc4
1759.077,hit,false,0.000,0,331.344,239,GEOS_0.5x0.625/MERRA2/2019/07/MERRA2.20190701.A3mstC.05x0625.nc4
1759.109,hit,false,0.000,0,331.375,239,GEOS_0.5x0.625/MERRA2/2019/07/MERRA2.20190701.A3mstC.05x0625.nc4
1759.135,hit,false,0.000,0,331.505,240,GEOS_0.5x0.625/MERRA2/2019/07/MERRA2.20190701.A3mstC.05x0625.nc4
1759.170,hit,false,0.000,0,331.540,240,GEOS_0.5x0.625/MERRA2/2019/07/MERRA2.20190701.A3mstC.05x0625.nc4
1759.206,hit,false,0.000,0,331.576,240,GEOS_0.5x0.625/MERRA2/2019/07/MERRA2.20190701.A3mstC.05x0625.nc4
1759.233,hit,false,0.000,0,331.603,240,GEOS_0.5x0.625/MERRA2/2019/07/MERRA2.20190701.A3mstC.05x0625.nc4
1759.262,hit,false,0.000,0,331.632,240,GEOS_0.5x0.625/MERRA2/2019/07/MERRA2.20190701.A3mstC.05x0625.nc4
1759.292,hit,false,0.000,0,331.662,240,GEOS_0.5x0.625/MERRA2/2019/07/MERRA2.20190701.A3mstC.05x0625.nc4
1759.326,hit,false,0.000,0,331.696,240,GEOS_0.5x0.625/MERRA2/2019/07/MERRA2.20190701.A3mstC.05x0625.nc4
1759.355,hit,false,0.000,0,331.725,240,GEOS_0.5x0.625/MERRA2/2019/07/MERRA2.20190701.A3mstC.05x0625.nc4
1759.387,hit,false,0.000,0,331.755,241,GEOS_0.5x0.625/MERRA2/2019/07/MERRA2.20190701.A3mstC.05x0625.nc4
1759.422,hit,false,0.000,0,331.790,241,GEOS_0.5x0.625/MERRA2/2019/07/MERRA2.20190701.A3mstC.05x0625.nc4
1759.462,hit,false,0.000,0,331.830,241,GEOS_0.5x0.625/MERRA2/2019/07/MERRA2.20190701.A3mstC.05x0625.nc4
1759.485,hit,false,0.000,0,331.852,241,GEOS_0.5x0.625/MERRA2/2019/07/MERRA2.20190701.A3mstC.05x0625.nc4
1759.517,hit,false,0.000,0,331.884,241,GEOS_0.5x0.625/MERRA2/2019/07/MERRA2.20190701.A3mstC.05x0625.nc4
1759.541,hit,false,0.000,0,331.909,241,GEOS_0.5x0.625/MERRA2/2019/07/MERRA2.20190701.A3mstC.05x0625.nc4
1759.573,hit,false,0.000,0,331.941,241,GEOS_0.5x0.625/MERRA2/2019/07/MERRA2.20190701.A3mstC.05x0625.nc4
1759.596,hit,false,0.000,0,331.964,241,GEOS_0.5x0.625/MERRA2/2019/07/MERRA2.20190701.A3mstC.05x0625.nc4
1759.636,hit,false,0.000,0,332.000,242,GEOS_0.5x0.625/MERRA2/2019/07/MERRA2.20190701.A3mstC.05x0625.nc4
1759.660,hit,false,0.000,0,332.025,242,GEOS_0.5x0.625/MERRA2/2019/07/MERRA2.20190701.A3mstC.05x0625.nc4
1759.778,hit,false,0.000,0,332.143,242,GEOS_0.5x0.625/MERRA2/2019/07/MERRA2.20190701.A3mstC.05x0625.nc4
1759.800,hit,false,0.000,0,332.165,242,GEOS_0.5x0.625/MERRA2/2019/07/MERRA2.20190701.A3mstC.05x0625.nc4
1759.837,hit,false,0.000,0,332.202,242,GEOS_0.5x0.625/MERRA2/2019/07/MERRA2.20190701.A3mstC.05x0625.nc4
1759.860,hit,false,0.000,0,332.224,242,GEOS_0.5x0.625/MERRA2/2019/07/MERRA2.20190701.A3mstC.05x0625.nc4
1759.898,hit,false,0.000,0,332.263,242,GEOS_0.5x0.625/MERRA2/2019/07/MERRA2.20190701.A3mstC.05x0625.nc4
1759.935,hit,false,0.000,0,332.300,242,GEOS_0.5x0.625/MERRA2/2019/07/MERRA2.20190701.A3mstC.05x0625.nc4
1759.959,hit,false,0.000,0,332.321,243,GEOS_0.5x0.625/MERRA2/2019/07/MERRA2.20190701.A3mstC.05x0625.nc4
1760.001,hit,false,0.000,0,332.362,243,GEOS_0.5x0.625/MERRA2/2019/07/MERRA2.20190701.A3mstC.05x0625.nc4
1760.023,hit,false,0.000,0,332.385,243,GEOS_0.5x0.625/MERRA2/2019/07/MERRA2.20190701.A3mstC.05x0625.nc4
1760.056,hit,false,0.000,0,332.418,243,GEOS_0.5x0.625/MERRA2/2019/07/MERRA2.20190701.A3mstC.05x0625.nc4
1760.082,hit,false,0.000,0,332.443,243,GEOS_0.5x0.625/MERRA2/2019/07/MERRA2.20190701.A3mstC.05x0625.nc4
1760.113,hit,false,0.000,0,332.474,243,GEOS_0.5x0.625/MERRA2/2019/07/MERRA2.20190701.A3mstC.05x0625.nc4
1760.136,hit,false,0.000,0,332.498,243,GEOS_0.5x0.625/MERRA2/2019/07/MERRA2.20190701.A3mstC.05x0625.nc4
1760.170,hit,false,0.000,0,332.531,243,GEOS_0.5x0.625/MERRA2/2019/07/MERRA2.20190701.A3mstC.05x0625.nc4
1760.198,hit,false,0.000,0,332.557,244,GEOS_0.5x0.625/MERRA2/2019/07/MERRA2.20190701.A3mstC.05x0625.nc4
1760.229,hit,false,0.000,0,332.588,244,GEOS_0.5x0.625/MERRA2/2019/07/MERRA2.20190701.A3mstC.05x0625.nc4
1760.253,hit,false,0.000,0,332.613,244,GEOS_0.5x0.625/MERRA2/2019/07/MERRA2.20190701.A3mstC.05x0625.nc4
1760.286,hit,false,0.000,0,332.645,244,GEOS_0.5x0.625/MERRA2/2019/07/MERRA2.20190701.A3mstC.05x0625.nc4
1760.311,hit,false,0.000,0,332.670,244,GEOS_0.5x0.625/MERRA2/2019/07/MERRA2.20190701.A3mstC.05x0625.nc4
1760.341,hit,false,0.000,0,332.701,244,GEOS_0.5x0.625/MERRA2/2019/07/MERRA2.20190701.A3mstC.05x0625.nc4
1760.364,hit,false,0.000,0,332.724,244,GEOS_0.5x0.625/MERRA2/2019/07/MERRA2.20190701.A3mstC.05x0625.nc4
1760.396,hit,false,0.000,0,332.756,244,GEOS_0.5x0.625/MERRA2/2019/07/MERRA2.20190701.A3mstC.05x0625.nc4
1760.422,hit,false,0.000,0,332.698,245,GEOS_0.5x0.625/MERRA2/2019/07/MERRA2.20190701.A3mstC.05x0625.nc4
1760.454,hit,false,0.000,0,332.730,245,GEOS_0.5x0.625/MERRA2/2019/07/MERRA2.20190701.A3mstC.05x0625.nc4
1760.484,hit,false,0.000,0,332.760,245,GEOS_0.5x0.625/MERRA2/2019/07/MERRA2.20190701.A3mstC.05x0625.nc4
1760.510,hit,false,0.000,0,332.786,245,GEOS_0.5x0.625/MERRA2/2019/07/MERRA2.20190701.A3mstC.05x0625.nc4
1760.543,hit,false,0.000,0,332.819,245,GEOS_0.5x0.625/MERRA2/2019/07/MERRA2.20190701.A3mstC.05x0625.nc4
1760.564,hit,false,0.000,0,332.840,245,GEOS_0.5x0.625/MERRA2/2019/07/MERRA2.20190701.A3mstC.05x0625.nc4
1760.603,hit,false,0.000,0,332.879,245,GEOS_0.5x0.625/MERRA2/2019/07/MERRA2.20190701.A3mstC.05x0625.nc4
1760.625,hit,false,0.000,0,332.900,245,GEOS_0.5x0.625/MERRA2/2019/07/MERRA2.20190701.A3mstC.05x0625.nc4
1760.661,hit,false,0.000,0,332.931,246,GEOS_0.5x0.625/MERRA2/2019/07/MERRA2.20190701.A3mstC.05x0625.nc4
1760.686,hit,false,0.000,0,332.957,246,GEOS_0.5x0.625/MERRA2/2019/07/MERRA2.20190701.A3mstC.05x0625.nc4
1760.722,hit,false,0.000,0,332.993,246,GEOS_0.5x0.625/MERRA2/2019/07/MERRA2.20190701.A3mstC.05x0625.nc4
1760.745,hit,false,0.000,0,333.016,246,GEOS_0.5x0.625/MERRA2/2019/07/MERRA2.20190701.A3mstC.05x0625.nc4
1760.783,hit,false,0.000,0,333.053,246,GEOS_0.5x0.625/MERRA2/2019/07/MERRA2.20190701.A3mstC.05x0625.nc4
1760.806,hit,false,0.000,0,333.076,246,GEOS_0.5x0.625/MERRA2/2019/07/MERRA2.20190701.A3mstC.05x0625.nc4
1760.838,hit,false,0.000,0,333.109,246,GEOS_0.5x0.625/MERRA2/2019/07/MERRA2.20190701.A3mstC.05x0625.nc4
1760.870,hit,false,0.000,0,333.140,246,GEOS_0.5x0.625/MERRA2/2019/07/MERRA2.20190701.A3mstC.05x0625.nc4
1760.901,hit,false,0.000,0,333.169,247,GEOS_0.5x0.625/MERRA2/2019/07/MERRA2.20190701.A3mstC.05x0625.nc4
1760.927,hit,false,0.000,0,333.195,247,GEOS_0.5x0.625/MERRA2/2019/07/MERRA2.20190701.A3mstC.05x0625.nc4
1760.960,hit,false,0.000,0,333.228,247,GEOS_0.5x0.625/MERRA2/2019/07/MERRA2.20190701.A3mstC.05x0625.nc4
1760.985,hit,false,0.000,0,333.253,247,GEOS_0.5x0.625/MERRA2/2019/07/MERRA2.20190701.A3mstC.05x0625.nc4
1761.016,hit,false,0.000,0,333.284,247,GEOS_0.5x0.625/MERRA2/2019/07/MERRA2.20190701.A3mstC.05x0625.nc4
1761.044,hit,false,0.000,0,333.312,247,GEOS_0.5x0.625/MERRA2/2019/07/MERRA2.20190701.A3mstC.05x0625.nc4
1766.449,open,false,-1.000,0,-1.000,423855882,GEOS_0.5x0.625/MERRA2/2019/07/MERRA2.20190701.A3cld.05x0625.nc4
1766.536,uncovered,false,121.278,0,-1.000,0,GEOS_0.5x0.625/MERRA2/2019/07/MERRA2.20190701.A3cld.05x0625.nc4
1887.892,hit,false,0.000,0,-1.000,0,GEOS_0.5x0.625/MERRA2/2019/07/MERRA2.20190701.A3cld.05x0625.nc4
1887.929,hit,false,0.000,0,-1.000,0,GEOS_0.5x0.625/MERRA2/2019/07/MERRA2.20190701.A3cld.05x0625.nc4
1888.009,hit,false,0.000,0,-1.000,0,GEOS_0.5x0.625/MERRA2/2019/07/MERRA2.20190701.A3cld.05x0625.nc4
1888.054,hit,false,0.000,0,-1.000,0,GEOS_0.5x0.625/MERRA2/2019/07/MERRA2.20190701.A3cld.05x0625.nc4
1888.113,hit,false,0.000,0,-1.000,0,GEOS_0.5x0.625/MERRA2/2019/07/MERRA2.20190701.A3cld.05x0625.nc4
1888.169,hit,false,0.000,0,-1.000,0,GEOS_0.5x0.625/MERRA2/2019/07/MERRA2.20190701.A3cld.05x0625.nc4
1888.222,hit,false,0.000,0,-1.000,0,GEOS_0.5x0.625/MERRA2/2019/07/MERRA2.20190701.A3cld.05x0625.nc4
1888.274,uncovered,false,34.411,0,-1.000,1,GEOS_0.5x0.625/MERRA2/2019/07/MERRA2.20190701.A3cld.05x0625.nc4
1888.333,uncovered,false,34.419,0,-1.000,1,GEOS_0.5x0.625/MERRA2/2019/07/MERRA2.20190701.A3cld.05x0625.nc4
1922.769,hit,false,0.000,0,-1.000,1,GEOS_0.5x0.625/MERRA2/2019/07/MERRA2.20190701.A3cld.05x0625.nc4
1922.832,hit,false,0.000,0,-1.000,1,GEOS_0.5x0.625/MERRA2/2019/07/MERRA2.20190701.A3cld.05x0625.nc4
1922.856,hit,false,0.000,0,-1.000,1,GEOS_0.5x0.625/MERRA2/2019/07/MERRA2.20190701.A3cld.05x0625.nc4
1922.901,hit,false,0.000,0,-1.000,1,GEOS_0.5x0.625/MERRA2/2019/07/MERRA2.20190701.A3cld.05x0625.nc4
1922.924,hit,false,0.000,0,-1.000,1,GEOS_0.5x0.625/MERRA2/2019/07/MERRA2.20190701.A3cld.05x0625.nc4
1922.965,hit,false,0.000,0,-1.000,1,GEOS_0.5x0.625/MERRA2/2019/07/MERRA2.20190701.A3cld.05x0625.nc4
1922.991,uncovered,false,28.666,0,-1.000,2,GEOS_0.5x0.625/MERRA2/2019/07/MERRA2.20190701.A3cld.05x0625.nc4
1923.031,uncovered,false,28.689,0,-1.000,2,GEOS_0.5x0.625/MERRA2/2019/07/MERRA2.20190701.A3cld.05x0625.nc4
1951.733,hit,false,0.000,0,-1.000,2,GEOS_0.5x0.625/MERRA2/2019/07/MERRA2.20190701.A3cld.05x0625.nc4
1951.783,hit,false,0.000,0,-1.000,2,GEOS_0.5x0.625/MERRA2/2019/07/MERRA2.20190701.A3cld.05x0625.nc4
1951.810,hit,false,0.000,0,-1.000,2,GEOS_0.5x0.625/MERRA2/2019/07/MERRA2.20190701.A3cld.05x0625.nc4
1951.845,hit,false,0.000,0,-1.000,2,GEOS_0.5x0.625/MERRA2/2019/07/MERRA2.20190701.A3cld.05x0625.nc4
1951.870,hit,false,0.000,0,-1.000,2,GEOS_0.5x0.625/MERRA2/2019/07/MERRA2.20190701.A3cld.05x0625.nc4
1951.910,hit,false,0.000,0,-1.000,2,GEOS_0.5x0.625/MERRA2/2019/07/MERRA2.20190701.A3cld.05x0625.nc4
1951.934,uncovered,false,34.963,0,-1.000,3,GEOS_0.5x0.625/MERRA2/2019/07/MERRA2.20190701.A3cld.05x0625.nc4
1951.972,uncovered,false,34.992,0,-1.000,3,GEOS_0.5x0.625/MERRA2/2019/07/MERRA2.20190701.A3cld.05x0625.nc4
1986.980,hit,false,0.000,0,-1.000,3,GEOS_0.5x0.625/MERRA2/2019/07/MERRA2.20190701.A3cld.05x0625.nc4
1987.038,hit,false,0.000,0,-1.000,3,GEOS_0.5x0.625/MERRA2/2019/07/MERRA2.20190701.A3cld.05x0625.nc4
1987.064,hit,false,0.000,0,-1.000,3,GEOS_0.5x0.625/MERRA2/2019/07/MERRA2.20190701.A3cld.05x0625.nc4
1987.096,hit,false,0.000,0,-1.000,3,GEOS_0.5x0.625/MERRA2/2019/07/MERRA2.20190701.A3cld.05x0625.nc4
1987.125,hit,false,0.000,0,-1.000,3,GEOS_0.5x0.625/MERRA2/2019/07/MERRA2.20190701.A3cld.05x0625.nc4
1987.153,hit,false,0.000,0,-1.000,3,GEOS_0.5x0.625/MERRA2/2019/07/MERRA2.20190701.A3cld.05x0625.nc4
1987.196,uncovered,false,31.558,0,-1.000,4,GEOS_0.5x0.625/MERRA2/2019/07/MERRA2.20190701.A3cld.05x0625.nc4
1987.219,uncovered,false,31.652,0,-1.000,4,GEOS_0.5x0.625/MERRA2/2019/07/MERRA2.20190701.A3cld.05x0625.nc4
2018.836,hit,false,0.000,0,-1.000,4,GEOS_0.5x0.625/MERRA2/2019/07/MERRA2.20190701.A3cld.05x0625.nc4
2018.946,hit,false,0.000,0,-1.000,4,GEOS_0.5x0.625/MERRA2/2019/07/MERRA2.20190701.A3cld.05x0625.nc4
2018.982,hit,false,0.000,0,-1.000,4,GEOS_0.5x0.625/MERRA2/2019/07/MERRA2.20190701.A3cld.05x0625.nc4
2019.003,hit,false,0.000,0,-1.000,4,GEOS_0.5x0.625/MERRA2/2019/07/MERRA2.20190701.A3cld.05x0625.nc4
2019.046,hit,false,0.000,0,-1.000,4,GEOS_0.5x0.625/MERRA2/2019/07/MERRA2.20190701.A3cld.05x0625.nc4
2019.067,hit,false,0.000,0,-1.000,4,GEOS_0.5x0.625/MERRA2/2019/07/MERRA2.20190701.A3cld.05x0625.nc4
2019.107,uncovered,false,38.204,0,-1.000,5,GEOS_0.5x0.625/MERRA2/2019/07/MERRA2.20190701.A3cld.05x0625.nc4
2019.135,uncovered,false,38.245,0,-1.000,5,GEOS_0.5x0.625/MERRA2/2019/07/MERRA2.20190701.A3cld.05x0625.nc4
2057.387,hit,false,0.000,0,-1.000,5,GEOS_0.5x0.625/MERRA2/2019/07/MERRA2.20190701.A3cld.05x0625.nc4
2057.451,hit,false,0.000,0,-1.000,5,GEOS_0.5x0.625/MERRA2/2019/07/MERRA2.20190701.A3cld.05x0625.nc4
2057.497,hit,false,0.000,0,-1.000,5,GEOS_0.5x0.625/MERRA2/2019/07/MERRA2.20190701.A3cld.05x0625.nc4
2057.518,hit,false,0.000,0,-1.000,5,GEOS_0.5x0.625/MERRA2/2019/07/MERRA2.20190701.A3cld.05x0625.nc4
2057.561,hit,false,0.000,0,-1.000,5,GEOS_0.5x0.625/MERRA2/2019/07/MERRA2.20190701.A3cld.05x0625.nc4
2057.586,hit,false,0.000,0,-1.000,5,GEOS_0.5x0.625/MERRA2/2019/07/MERRA2.20190701.A3cld.05x0625.nc4
2057.617,uncovered,false,26.687,0,-1.000,6,GEOS_0.5x0.625/MERRA2/2019/07/MERRA2.20190701.A3cld.05x0625.nc4
2057.646,uncovered,false,26.723,0,-1.000,6,GEOS_0.5x0.625/MERRA2/2019/07/MERRA2.20190701.A3cld.05x0625.nc4
2084.384,hit,false,0.000,0,-1.000,6,GEOS_0.5x0.625/MERRA2/2019/07/MERRA2.20190701.A3cld.05x0625.nc4
2084.436,hit,false,0.000,0,-1.000,6,GEOS_0.5x0.625/MERRA2/2019/07/MERRA2.20190701.A3cld.05x0625.nc4
2084.462,hit,false,0.000,0,-1.000,6,GEOS_0.5x0.625/MERRA2/2019/07/MERRA2.20190701.A3cld.05x0625.nc4
2084.498,hit,false,0.000,0,-1.000,6,GEOS_0.5x0.625/MERRA2/2019/07/MERRA2.20190701.A3cld.05x0625.nc4
2084.522,hit,false,0.000,0,-1.000,6,GEOS_0.5x0.625/MERRA2/2019/07/MERRA2.20190701.A3cld.05x0625.nc4
2084.553,hit,false,0.000,0,-1.000,6,GEOS_0.5x0.625/MERRA2/2019/07/MERRA2.20190701.A3cld.05x0625.nc4
2084.584,uncovered,false,31.234,0,-1.000,7,GEOS_0.5x0.625/MERRA2/2019/07/MERRA2.20190701.A3cld.05x0625.nc4
2084.615,uncovered,false,31.271,0,-1.000,7,GEOS_0.5x0.625/MERRA2/2019/07/MERRA2.20190701.A3cld.05x0625.nc4
2115.899,hit,false,0.000,0,-1.000,7,GEOS_0.5x0.625/MERRA2/2019/07/MERRA2.20190701.A3cld.05x0625.nc4
2115.948,hit,false,0.000,0,-1.000,7,GEOS_0.5x0.625/MERRA2/2019/07/MERRA2.20190701.A3cld.05x0625.nc4
2116.017,hit,false,0.000,0,-1.000,7,GEOS_0.5x0.625/MERRA2/2019/07/MERRA2.20190701.A3cld.05x0625.nc4
2116.036,hit,false,0.000,0,-1.000,7,GEOS_0.5x0.625/MERRA2/2019/07/MERRA2.20190701.A3cld.05x0625.nc4
2116.083,hit,false,0.000,0,-1.000,7,GEOS_0.5x0.625/MERRA2/2019/07/MERRA2.20190701.A3cld.05x0625.nc4
2116.106,hit,false,0.000,0,-1.000,7,GEOS_0.5x0.625/MERRA2/2019/07/MERRA2.20190701.A3cld.05x0625.nc4
2116.147,uncovered,false,103.408,0,-1.000,8,GEOS_0.5x0.625/MERRA2/2019/07/MERRA2.20190701.A3cld.05x0625.nc4
2116.171,uncovered,false,103.855,178,-1.000,8,GEOS_0.5x0.625/MERRA2/2019/07/MERRA2.20190701.A3cld.05x0625.nc4
2219.805,hit,false,0.000,110,-1.000,8,GEOS_0.5x0.625/MERRA2/2019/07/MERRA2.20190701.A3cld.05x0625.nc4
2220.160,hit,false,0.000,263,-1.000,8,GEOS_0.5x0.625/MERRA2/2019/07/MERRA2.20190701.A3cld.05x0625.nc4
2220.200,hit,false,0.000,290,-1.000,8,GEOS_0.5x0.625/MERRA2/2019/07/MERRA2.20190701.A3cld.05x0625.nc4
2220.531,hit,false,0.000,389,-1.000,8,GEOS_0.5x0.625/MERRA2/2019/07/MERRA2.20190701.A3cld.05x0625.nc4
2220.545,hit,false,0.000,389,-1.000,8,GEOS_0.5x0.625/MERRA2/2019/07/MERRA2.20190701.A3cld.05x0625.nc4
2220.618,hit,false,0.000,389,-1.000,8,GEOS_0.5x0.625/MERRA2/2019/07/MERRA2.20190701.A3cld.05x0625.nc4
2220.636,uncovered,false,56.614,389,-1.000,9,GEOS_0.5x0.625/MERRA2/2019/07/MERRA2.20190701.A3cld.05x0625.nc4
2220.708,uncovered,false,56.611,389,-1.000,9,GEOS_0.5x0.625/MERRA2/2019/07/MERRA2.20190701.A3cld.05x0625.nc4
2277.389,hit,false,0.000,389,-1.000,9,GEOS_0.5x0.625/MERRA2/2019/07/MERRA2.20190701.A3cld.05x0625.nc4
2277.415,hit,false,0.000,389,-1.000,9,GEOS_0.5x0.625/MERRA2/2019/07/MERRA2.20190701.A3cld.05x0625.nc4
2277.478,hit,false,0.000,389,-1.000,9,GEOS_0.5x0.625/MERRA2/2019/07/MERRA2.20190701.A3cld.05x0625.nc4
2277.502,hit,false,0.000,389,-1.000,9,GEOS_0.5x0.625/MERRA2/2019/07/MERRA2.20190701.A3cld.05x0625.nc4
2277.538,hit,false,0.000,389,-1.000,9,GEOS_0.5x0.625/MERRA2/2019/07/MERRA2.20190701.A3cld.05x0625.nc4
2277.566,hit,false,0.000,389,-1.000,9,GEOS_0.5x0.625/MERRA2/2019/07/MERRA2.20190701.A3cld.05x0625.nc4
2277.600,uncovered,false,46.499,357,-1.000,10,GEOS_0.5x0.625/MERRA2/2019/07/MERRA2.20190701.A3cld.05x0625.nc4
2277.638,uncovered,false,46.514,357,-1.000,10,GEOS_0.5x0.625/MERRA2/2019/07/MERRA2.20190701.A3cld.05x0625.nc4
2324.254,hit,false,0.000,357,-1.000,10,GEOS_0.5x0.625/MERRA2/2019/07/MERRA2.20190701.A3cld.05x0625.nc4
2324.255,hit,false,0.000,357,-1.000,10,GEOS_0.5x0.625/MERRA2/2019/07/MERRA2.20190701.A3cld.05x0625.nc4
2324.359,hit,false,0.000,357,-1.000,10,GEOS_0.5x0.625/MERRA2/2019/07/MERRA2.20190701.A3cld.05x0625.nc4
2324.383,hit,false,0.000,357,-1.000,10,GEOS_0.5x0.625/MERRA2/2019/07/MERRA2.20190701.A3cld.05x0625.nc4
2324.439,hit,false,0.000,357,-1.000,10,GEOS_0.5x0.625/MERRA2/2019/07/MERRA2.20190701.A3cld.05x0625.nc4
2324.455,hit,false,0.000,357,-1.000,10,GEOS_0.5x0.625/MERRA2/2019/07/MERRA2.20190701.A3cld.05x0625.nc4
2324.505,uncovered,false,32.542,312,-1.000,11,GEOS_0.5x0.625/MERRA2/2019/07/MERRA2.20190701.A3cld.05x0625.nc4
2324.535,uncovered,false,32.543,312,-1.000,11,GEOS_0.5x0.625/MERRA2/2019/07/MERRA2.20190701.A3cld.05x0625.nc4
2357.213,hit,false,0.000,312,-1.000,11,GEOS_0.5x0.625/MERRA2/2019/07/MERRA2.20190701.A3cld.05x0625.nc4
2357.239,hit,false,0.000,312,-1.000,11,GEOS_0.5x0.625/MERRA2/2019/07/MERRA2.20190701.A3cld.05x0625.nc4
2357.319,hit,false,0.000,312,-1.000,11,GEOS_0.5x0.625/MERRA2/2019/07/MERRA2.20190701.A3cld.05x0625.nc4
2357.341,hit,false,0.000,312,-1.000,11,GEOS_0.5x0.625/MERRA2/2019/07/MERRA2.20190701.A3cld.05x0625.nc4
2357.384,hit,false,0.000,312,-1.000,11,GEOS_0.5x0.625/MERRA2/2019/07/MERRA2.20190701.A3cld.05x0625.nc4
2357.425,hit,false,0.000,312,-1.000,11,GEOS_0.5x0.625/MERRA2/2019/07/MERRA2.20190701.A3cld.05x0625.nc4
2357.456,uncovered,false,37.772,247,-1.000,12,GEOS_0.5x0.625/MERRA2/2019/07/MERRA2.20190701.A3cld.05x0625.nc4
2357.519,uncovered,false,37.761,247,-1.000,12,GEOS_0.5x0.625/MERRA2/2019/07/MERRA2.20190701.A3cld.05x0625.nc4
2395.398,hit,false,0.000,247,-1.000,12,GEOS_0.5x0.625/MERRA2/2019/07/MERRA2.20190701.A3cld.05x0625.nc4
2395.455,hit,false,0.000,247,-1.000,12,GEOS_0.5x0.625/MERRA2/2019/07/MERRA2.20190701.A3cld.05x0625.nc4
2395.509,hit,false,0.000,247,-1.000,12,GEOS_0.5x0.625/MERRA2/2019/07/MERRA2.20190701.A3cld.05x0625.nc4
2395.546,hit,false,0.000,247,-1.000,12,GEOS_0.5x0.625/MERRA2/2019/07/MERRA2.20190701.A3cld.05x0625.nc4
2395.574,hit,false,0.000,247,-1.000,12,GEOS_0.5x0.625/MERRA2/2019/07/MERRA2.20190701.A3cld.05x0625.nc4
2395.609,hit,false,0.000,247,-1.000,12,GEOS_0.5x0.625/MERRA2/2019/07/MERRA2.20190701.A3cld.05x0625.nc4
2395.641,uncovered,false,38.090,178,-1.000,13,GEOS_0.5x0.625/MERRA2/2019/07/MERRA2.20190701.A3cld.05x0625.nc4
2395.715,uncovered,false,38.050,178,-1.000,13,GEOS_0.5x0.625/MERRA2/2019/07/MERRA2.20190701.A3cld.05x0625.nc4
2433.887,hit,false,0.000,178,-1.000,13,GEOS_0.5x0.625/MERRA2/2019/07/MERRA2.20190701.A3cld.05x0625.nc4
2433.938,hit,false,0.000,178,-1.000,13,GEOS_0.5x0.625/MERRA2/2019/07/MERRA2.20190701.A3cld.05x0625.nc4
2434.058,hit,false,0.000,178,-1.000,13,GEOS_0.5x0.625/MERRA2/2019/07/MERRA2.20190701.A3cld.05x0625.nc4
2434.091,hit,false,0.000,178,-1.000,13,GEOS_0.5x0.625/MERRA2/2019/07/MERRA2.20190701.A3cld.05x0625.nc4
2434.141,hit,false,0.000,178,-1.000,13,GEOS_0.5x0.625/MERRA2/2019/07/MERRA2.20190701.A3cld.05x0625.nc4
2434.182,hit,false,0.000,178,-1.000,13,GEOS_0.5x0.625/MERRA2/2019/07/MERRA2.20190701.A3cld.05x0625.nc4
2434.224,uncovered,false,45.043,97,-1.000,14,GEOS_0.5x0.625/MERRA2/2019/07/MERRA2.20190701.A3cld.05x0625.nc4
2434.282,uncovered,false,45.037,97,-1.000,14,GEOS_0.5x0.625/MERRA2/2019/07/MERRA2.20190701.A3cld.05x0625.nc4
2479.435,hit,false,0.000,97,-1.000,14,GEOS_0.5x0.625/MERRA2/2019/07/MERRA2.20190701.A3cld.05x0625.nc4
2479.459,hit,false,0.000,97,-1.000,14,GEOS_0.5x0.625/MERRA2/2019/07/MERRA2.20190701.A3cld.05x0625.nc4
2479.570,hit,false,0.000,97,-1.000,14,GEOS_0.5x0.625/MERRA2/2019/07/MERRA2.20190701.A3cld.05x0625.nc4
2479.594,hit,false,0.000,97,-1.000,14,GEOS_0.5x0.625/MERRA2/2019/07/MERRA2.20190701.A3cld.05x0625.nc4
2479.636,hit,false,0.000,97,-1.000,14,GEOS_0.5x0.625/MERRA2/2019/07/MERRA2.20190701.A3cld.05x0625.nc4
2479.670,hit,false,0.000,96,-1.000,14,GEOS_0.5x0.625/MERRA2/2019/07/MERRA2.20190701.A3cld.05x0625.nc4
2479.701,uncovered,false,28.235,36,-1.000,15,GEOS_0.5x0.625/MERRA2/2019/07/MERRA2.20190701.A3cld.05x0625.nc4
2479.757,uncovered,false,28.209,36,-1.000,15,GEOS_0.5x0.625/MERRA2/2019/07/MERRA2.20190701.A3cld.05x0625.nc4
2508.087,hit,false,0.000,35,-1.000,15,GEOS_0.5x0.625/MERRA2/2019/07/MERRA2.20190701.A3cld.05x0625.nc4
2508.146,hit,false,0.000,35,-1.000,15,GEOS_0.5x0.625/MERRA2/2019/07/MERRA2.20190701.A3cld.05x0625.nc4
2508.183,hit,false,0.000,35,-1.000,15,GEOS_0.5x0.625/MERRA2/2019/07/MERRA2.20190701.A3cld.05x0625.nc4
2508.241,hit,false,0.000,34,-1.000,15,GEOS_0.5x0.625/MERRA2/2019/07/MERRA2.20190701.A3cld.05x0625.nc4
2508.270,hit,false,0.000,34,-1.000,15,GEOS_0.5x0.625/MERRA2/2019/07/MERRA2.20190701.A3cld.05x0625.nc4
2508.305,hit,false,0.000,34,-1.000,15,GEOS_0.5x0.625/MERRA2/2019/07/MERRA2.20190701.A3cld.05x0625.nc4
2508.352,hit,false,0.000,34,288.238,16,GEOS_0.5x0.625/MERRA2/2019/07/MERRA2.20190701.A3cld.05x0625.nc4
2508.464,hit,false,0.000,34,288.350,16,GEOS_0.5x0.625/MERRA2/2019/07/MERRA2.20190701.A3cld.05x0625.nc4
2508.490,hit,false,0.000,34,288.375,16,GEOS_0.5x0.625/MERRA2/2019/07/MERRA2.20190701.A3cld.05x0625.nc4
2508.532,hit,false,0.000,34,288.417,16,GEOS_0.5x0.625/MERRA2/2019/07/MERRA2.20190701.A3cld.05x0625.nc4
2508.565,hit,false,0.000,34,288.450,16,GEOS_0.5x0.625/MERRA2/2019/07/MERRA2.20190701.A3cld.05x0625.nc4
2508.605,hit,false,0.000,34,288.490,16,GEOS_0.5x0.625/MERRA2/2019/07/MERRA2.20190701.A3cld.05x0625.nc4
2508.637,hit,false,0.000,34,288.523,16,GEOS_0.5x0.625/MERRA2/2019/07/MERRA2.20190701.A3cld.05x0625.nc4
2508.662,hit,false,0.000,34,288.548,16,GEOS_0.5x0.625/MERRA2/2019/07/MERRA2.20190701.A3cld.05x0625.nc4
2508.701,hit,false,0.000,34,288.585,17,GEOS_0.5x0.625/MERRA2/2019/07/MERRA2.20190701.A3cld.05x0625.nc4
2508.737,hit,false,0.000,34,288.620,17,GEOS_0.5x0.625/MERRA2/2019/07/MERRA2.20190701.A3cld.05x0625.nc4
2508.761,hit,false,0.000,34,288.644,17,GEOS_0.5x0.625/MERRA2/2019/07/MERRA2.20190701.A3cld.05x0625.nc4
2508.811,hit,false,0.000,34,288.695,17,GEOS_0.5x0.625/MERRA2/2019/07/MERRA2.20190701.A3cld.05x0625.nc4
2508.835,hit,false,0.000,34,288.718,17,GEOS_0.5x0.625/MERRA2/2019/07/MERRA2.20190701.A3cld.05x0625.nc4
2508.874,hit,false,0.000,34,288.757,17,GEOS_0.5x0.625/MERRA2/2019/07/MERRA2.20190701.A3cld.05x0625.nc4
2508.896,hit,false,0.000,34,288.780,17,GEOS_0.5x0.625/MERRA2/2019/07/MERRA2.20190701.A3cld.05x0625.nc4
2508.955,hit,false,0.000,34,288.839,17,GEOS_0.5x0.625/MERRA2/2019/07/MERRA2.20190701.A3cld.05x0625.nc4
2508.976,hit,false,0.000,33,288.858,18,GEOS_0.5x0.625/MERRA2/2019/07/MERRA2.20190701.A3cld.05x0625.nc4
2509.027,hit,false,0.000,33,288.908,18,GEOS_0.5x0.625/MERRA2/2019/07/MERRA2.20190701.A3cld.05x0625.nc4
2509.049,hit,false,0.000,33,288.931,18,GEOS_0.5x0.625/MERRA2/2019/07/MERRA2.20190701.A3cld.05x0625.nc4
2509.093,hit,false,0.000,33,288.975,18,GEOS_0.5x0.625/MERRA2/2019/07/MERRA2.20190701.A3cld.05x0625.nc4
2509.115,hit,false,0.000,33,288.997,18,GEOS_0.5x0.625/MERRA2/2019/07/MERRA2.20190701.A3cld.05x0625.nc4
2509.161,hit,false,0.000,33,289.042,18,GEOS_0.5x0.625/MERRA2/2019/07/MERRA2.20190701.A3cld.05x0625.nc4
2509.181,hit,false,0.000,33,289.063,18,GEOS_0.5x0.625/MERRA2/2019/07/MERRA2.20190701.A3cld.05x0625.nc4
2509.227,hit,false,0.000,33,289.108,18,GEOS_0.5x0.625/MERRA2/2019/07/MERRA2.20190701.A3cld.05x0625.nc4
2509.249,hit,false,0.000,33,289.129,19,GEOS_0.5x0.625/MERRA2/2019/07/MERRA2.20190701.A3cld.05x0625.nc4
2509.296,hit,false,0.000,32,289.176,19,GEOS_0.5x0.625/MERRA2/2019/07/MERRA2.20190701.A3cld.05x0625.nc4
2509.318,hit,false,0.000,32,289.198,19,GEOS_0.5x0.625/MERRA2/2019/07/MERRA2.20190701.A3cld.05x0625.nc4
2509.354,hit,false,0.000,32,289.234,19,GEOS_0.5x0.625/MERRA2/2019/07/MERRA2.20190701.A3cld.05x0625.nc4
2509.402,hit,false,0.000,32,289.282,19,GEOS_0.5x0.625/MERRA2/2019/07/MERRA2.20190701.A3cld.05x0625.nc4
2509.436,hit,false,0.000,32,289.315,19,GEOS_0.5x0.625/MERRA2/2019/07/MERRA2.20190701.A3cld.05x0625.nc4
2509.461,hit,false,0.000,32,289.341,19,GEOS_0.5x0.625/MERRA2/2019/07/MERRA2.20190701.A3cld.05x0625.nc4
2509.501,hit,false,0.000,32,289.380,19,GEOS_0.5x0.625/MERRA2/2019/07/MERRA2.20190701.A3cld.05x0625.nc4
2509.524,hit,false,0.000,32,289.403,20,GEOS_0.5x0.625/MERRA2/2019/07/MERRA2.20190701.A3cld.05x0625.nc4
2509.624,hit,false,0.000,32,289.502,20,GEOS_0.5x0.625/MERRA2/2019/07/MERRA2.20190701.A3cld.05x0625.nc4
2509.651,hit,false,0.000,32,289.529,20,GEOS_0.5x0.625/MERRA2/2019/07/MERRA2.20190701.A3cld.05x0625.nc4
2509.692,hit,false,0.000,32,289.570,20,GEOS_0.5x0.625/MERRA2/2019/07/MERRA2.20190701.A3cld.05x0625.nc4
2509.717,hit,false,0.000,32,289.595,20,GEOS_0.5x0.625/MERRA2/2019/07/MERRA2.20190701.A3cld.05x0625.nc4
2509.752,hit,false,0.000,32,289.631,20,GEOS_0.5x0.625/MERRA2/2019/07/MERRA2.20190701.A3cld.05x0625.nc4
2509.782,hit,false,0.000,32,289.661,20,GEOS_0.5x0.625/MERRA2/2019/07/MERRA2.20190701.A3cld.05x0625.nc4
2509.826,hit,false,0.000,32,289.705,20,GEOS_0.5x0.625/MERRA2/2019/07/MERRA2.20190701.A3cld.05x0625.nc4
2509.944,hit,false,0.000,32,289.820,21,GEOS_0.5x0.625/MERRA2/2019/07/MERRA2.20190701.A3cld.05x0625.nc4
2509.968,hit,false,0.000,32,289.845,21,GEOS_0.5x0.625/MERRA2/2019/07/MERRA2.20190701.A3cld.05x0625.nc4
2510.010,hit,false,0.000,32,289.887,21,GEOS_0.5x0.625/MERRA2/2019/07/MERRA2.20190701.A3cld.05x0625.nc4
2510.033,hit,false,0.000,32,289.909,21,GEOS_0.5x0.625/MERRA2/2019/07/MERRA2.20190701.A3cld.05x0625.nc4
2510.069,hit,false,0.000,32,289.946,21,GEOS_0.5x0.625/MERRA2/2019/07/MERRA2.20190701.A3cld.05x0625.nc4
2510.094,hit,false,0.000,32,289.971,21,GEOS_0.5x0.625/MERRA2/2019/07/MERRA2.20190701.A3cld.05x0625.nc4
2510.128,hit,false,0.000,32,290.005,21,GEOS_0.5x0.625/MERRA2/2019/07/MERRA2.20190701.A3cld.05x0625.nc4
2510.161,hit,false,0.000,32,290.038,21,GEOS_0.5x0.625/MERRA2/2019/07/MERRA2.20190701.A3cld.05x0625.nc4
2510.206,hit,false,0.000,32,290.081,22,GEOS_0.5x0.625/MERRA2/2019/07/MERRA2.20190701.A3cld.05x0625.nc4
2510.233,hit,false,0.000,31,290.108,22,GEOS_0.5x0.625/MERRA2/2019/07/MERRA2.20190701.A3cld.05x0625.nc4
2510.269,hit,false,0.000,31,290.145,22,GEOS_0.5x0.625/MERRA2/2019/07/MERRA2.20190701.A3cld.05x0625.nc4
2510.313,hit,false,0.000,31,290.189,22,GEOS_0.5x0.625/MERRA2/2019/07/MERRA2.20190701.A3cld.05x0625.nc4
2510.336,hit,false,0.000,31,290.211,22,GEOS_0.5x0.625/MERRA2/2019/07/MERRA2.20190701.A3cld.05x0625.nc4
2510.376,hit,false,0.000,31,290.251,22,GEOS_0.5x0.625/MERRA2/2019/07/MERRA2.20190701.A3cld.05x0625.nc4
2510.398,hit,false,0.000,31,290.274,22,GEOS_0.5x0.625/MERRA2/2019/07/MERRA2.20190701.A3cld.05x0625.nc4
2510.461,hit,false,0.000,31,290.336,22,GEOS_0.5x0.625/MERRA2/2019/07/MERRA2.20190701.A3cld.05x0625.nc4
2510.498,hit,false,0.000,31,290.372,23,GEOS_0.5x0.625/MERRA2/2019/07/MERRA2.20190701.A3cld.05x0625.nc4
2510.527,hit,false,0.000,31,290.400,23,GEOS_0.5x0.625/MERRA2/2019/07/MERRA2.20190701.A3cld.05x0625.nc4
2510.563,hit,false,0.000,31,290.436,23,GEOS_0.5x0.625/MERRA2/2019/07/MERRA2.20190701.A3cld.05x0625.nc4
2510.625,hit,false,0.000,31,290.499,23,GEOS_0.5x0.625/MERRA2/2019/07/MERRA2.20190701.A3cld.05x0625.nc4
2510.657,hit,false,0.000,31,290.531,23,GEOS_0.5x0.625/MERRA2/2019/07/MERRA2.20190701.A3cld.05x0625.nc4
2510.680,hit,false,0.000,31,290.554,23,GEOS_0.5x0.625/MERRA2/2019/07/MERRA2.20190701.A3cld.05x0625.nc4
2510.715,hit,false,0.000,31,290.589,23,GEOS_0.5x0.625/MERRA2/2019/07/MERRA2.20190701.A3cld.05x0625.nc4
2510.758,hit,false,0.000,30,290.632,23,GEOS_0.5x0.625/MERRA2/2019/07/MERRA2.20190701.A3cld.05x0625.nc4
2510.855,hit,false,0.000,30,290.830,24,GEOS_0.5x0.625/MERRA2/2019/07/MERRA2.20190701.A3cld.05x0625.nc4
2510.885,hit,false,0.000,30,290.861,24,GEOS_0.5x0.625/MERRA2/2019/07/MERRA2.20190701.A3cld.05x0625.nc4
2510.937,hit,false,0.000,30,290.913,24,GEOS_0.5x0.625/MERRA2/2019/07/MERRA2.20190701.A3cld.05x0625.nc4
2510.963,hit,false,0.000,30,290.938,24,GEOS_0.5x0.625/MERRA2/2019/07/MERRA2.20190701.A3cld.05x0625.nc4
2511.003,hit,false,0.000,30,290.979,24,GEOS_0.5x0.625/MERRA2/2019/07/MERRA2.20190701.A3cld.05x0625.nc4
2511.026,hit,false,0.000,30,291.001,24,GEOS_0.5x0.625/MERRA2/2019/07/MERRA2.20190701.A3cld.05x0625.nc4
2511.065,hit,false,0.000,30,291.041,24,GEOS_0.5x0.625/MERRA2/2019/07/MERRA2.20190701.A3cld.05x0625.nc4
2511.093,hit,false,0.000,30,291.068,24,GEOS_0.5x0.625/MERRA2/2019/07/MERRA2.20190701.A3cld.05x0625.nc4
2511.123,hit,false,0.000,30,290.711,25,GEOS_0.5x0.625/MERRA2/2019/07/MERRA2.20190701.A3cld.05x0625.nc4
2511.151,hit,false,0.000,30,290.738,25,GEOS_0.5x0.625/MERRA2/2019/07/MERRA2.20190701.A3cld.05x0625.nc4
2511.188,hit,false,0.000,30,290.775,25,GEOS_0.5x0.625/MERRA2/2019/07/MERRA2.20190701.A3cld.05x0625.nc4
2511.228,hit,false,0.000,29,290.816,25,GEOS_0.5x0.625/MERRA2/2019/07/MERRA2.20190701.A3cld.05x0625.nc4
2511.254,hit,false,0.000,29,290.842,25,GEOS_0.5x0.625/MERRA2/2019/07/MERRA2.20190701.A3cld.05x0625.nc4
2511.302,hit,false,0.000,29,290.890,25,GEOS_0.5x0.625/MERRA2/2019/07/MERRA2.20190701.A3cld.05x0625.nc4
2511.328,hit,false,0.000,29,290.916,25,GEOS_0.5x0.625/MERRA2/2019/07/MERRA2.20190701.A3cld.05x0625.nc4
2511.362,hit,false,0.000,29,290.950,25,GEOS_0.5x0.625/MERRA2/2019/07/MERRA2.20190701.A3cld.05x0625.nc4
2511.387,hit,false,0.000,29,290.961,26,GEOS_0.5x0.625/MERRA2/2019/07/MERRA2.20190701.A3cld.05x0625.nc4
2511.450,hit,false,0.000,29,291.025,26,GEOS_0.5x0.625/MERRA2/2019/07/MERRA2.20190701.A3cld.05x0625.nc4
2511.472,hit,false,0.000,29,291.046,26,GEOS_0.5x0.625/MERRA2/2019/07/MERRA2.20190701.A3cld.05x0625.nc4
2511.512,hit,false,0.000,29,291.086,26,GEOS_0.5x0.625/MERRA2/2019/07/MERRA2.20190701.A3cld.05x0625.nc4
2511.534,hit,false,0.000,29,291.108,26,GEOS_0.5x0.625/MERRA2/2019/07/MERRA2.20190701.A3cld.05x0625.nc4
2511.579,hit,false,0.000,29,291.153,26,GEOS_0.5x0.625/MERRA2/2019/07/MERRA2.20190701.A3cld.05x0625.nc4
2511.600,hit,false,0.000,29,291.174,26,GEOS_0.5x0.625/MERRA2/2019/07/MERRA2.20190701.A3cld.05x0625.nc4
2511.645,hit,false,0.000,29,291.219,26,GEOS_0.5x0.625/MERRA2/2019/07/MERRA2.20190701.A3cld.05x0625.nc4
2511.662,hit,false,0.000,29,291.234,27,GEOS_0.5x0.625/MERRA2/2019/07/MERRA2.20190701.A3cld.05x0625.nc4
2511.726,hit,false,0.000,29,291.299,27,GEOS_0.5x0.625/MERRA2/2019/07/MERRA2.20190701.A3cld.05x0625.nc4
2511.750,hit,false,0.000,28,291.323,27,GEOS_0.5x0.625/MERRA2/2019/07/MERRA2.20190701.A3cld.05x0625.nc4
2511.781,hit,false,0.000,28,291.353,27,GEOS_0.5x0.625/MERRA2/2019/07/MERRA2.20190701.A3cld.05x0625.nc4
2511.807,hit,false,0.000,28,291.379,27,GEOS_0.5x0.625/MERRA2/2019/07/MERRA2.20190701.A3cld.05x0625.nc4
2511.844,hit,false,0.000,28,291.416,27,GEOS_0.5x0.625/MERRA2/2019/07/MERRA2.20190701.A3cld.05x0625.nc4
2511.867,hit,false,0.000,27,291.439,27,GEOS_0.5x0.625/MERRA2/2019/07/MERRA2.20190701.A3cld.05x0625.nc4
2511.907,hit,false,0.000,27,291.479,27,GEOS_0.5x0.625/MERRA2/2019/07/MERRA2.20190701.A3cld.05x0625.nc4
2511.930,hit,false,0.000,27,291.501,28,GEOS_0.5x0.625/MERRA2/2019/07/MERRA2.20190701.A3cld.05x0625.nc4
2511.964,hit,false,0.000,27,291.534,28,GEOS_0.5x0.625/MERRA2/2019/07/MERRA2.20190701.A3cld.05x0625.nc4
2512.004,hit,false,0.000,27,291.575,28,GEOS_0.5x0.625/MERRA2/2019/07/MERRA2.20190701.A3cld.05x0625.nc4
2512.037,hit,false,0.000,27,291.608,28,GEOS_0.5x0.625/MERRA2/2019/07/MERRA2.20190701.A3cld.05x0625.nc4
2512.062,hit,false,0.000,27,291.633,28,GEOS_0.5x0.625/MERRA2/2019/07/MERRA2.20190701.A3cld.05x0625.nc4
2512.102,hit,false,0.000,27,291.672,28,GEOS_0.5x0.625/MERRA2/2019/07/MERRA2.20190701.A3cld.05x0625.nc4
2512.128,hit,false,0.000,27,291.698,28,GEOS_0.5x0.625/MERRA2/2019/07/MERRA2.20190701.A3cld.05x0625.nc4
2512.163,hit,false,0.000,27,291.733,28,GEOS_0.5x0.625/MERRA2/2019/07/MERRA2.20190701.A3cld.05x0625.nc4
2512.208,hit,false,0.000,27,291.777,29,GEOS_0.5x0.625/MERRA2/2019/07/MERRA2.20190701.A3cld.05x0625.nc4
2512.235,hit,false,0.000,27,291.804,29,GEOS_0.5x0.625/MERRA2/2019/07/MERRA2.20190701.A3cld.05x0625.nc4
2512.274,hit,false,0.000,27,291.843,29,GEOS_0.5x0.625/MERRA2/2019/07/MERRA2.20190701.A3cld.05x0625.nc4
2512.296,hit,false,0.000,27,291.865,29,GEOS_0.5x0.625/MERRA2/2019/07/MERRA2.20190701.A3cld.05x0625.nc4
2512.346,hit,false,0.000,27,291.915,29,GEOS_0.5x0.625/MERRA2/2019/07/MERRA2.20190701.A3cld.05x0625.nc4
2512.367,hit,false,0.000,27,291.936,29,GEOS_0.5x0.625/MERRA2/2019/07/MERRA2.20190701.A3cld.05x0625.nc4
2512.411,hit,false,0.000,27,291.980,29,GEOS_0.5x0.625/MERRA2/2019/07/MERRA2.20190701.A3cld.05x0625.nc4
2512.429,hit,false,0.000,27,291.998,29,GEOS_0.5x0.625/MERRA2/2019/07/MERRA2.20190701.A3cld.05x0625.nc4
2512.475,hit,false,0.000,27,292.042,30,GEOS_0.5x0.625/MERRA2/2019/07/MERRA2.20190701.A3cld.05x0625.nc4
2512.505,hit,false,0.000,27,292.073,30,GEOS_0.5x0.625/MERRA2/2019/07/MERRA2.20190701.A3cld.05x0625.nc4
2512.546,hit,false,0.000,27,292.113,30,GEOS_0.5x0.625/MERRA2/2019/07/MERRA2.20190701.A3cld.05x0625.nc4
2512.568,hit,false,0.000,27,292.136,30,GEOS_0.5x0.625/MERRA2/2019/07/MERRA2.20190701.A3cld.05x0625.nc4
2512.613,hit,false,0.000,27,292.181,30,GEOS_0.5x0.625/MERRA2/2019/07/MERRA2.20190701.A3cld.05x0625.nc4
2512.634,hit,false,0.000,27,292.202,30,GEOS_0.5x0.625/MERRA2/2019/07/MERRA2.20190701.A3cld.05x0625.nc4
2512.677,hit,false,0.000,27,292.245,30,GEOS_0.5x0.625/MERRA2/2019/07/MERRA2.20190701.A3cld.05x0625.nc4
2512.698,hit,false,0.000,27,292.266,30,GEOS_0.5x0.625/MERRA2/2019/07/MERRA2.20190701.A3cld.05x0625.nc4
2512.755,hit,false,0.000,27,292.322,31,GEOS_0.5x0.625/MERRA2/2019/07/MERRA2.20190701.A3cld.05x0625.nc4
2512.786,hit,false,0.000,27,292.352,31,GEOS_0.5x0.625/MERRA2/2019/07/MERRA2.20190701.A3cld.05x0625.nc4
2512.817,hit,false,0.000,27,292.383,31,GEOS_0.5x0.625/MERRA2/2019/07/MERRA2.20190701.A3cld.05x0625.nc4
2512.854,hit,false,0.000,27,292.420,31,GEOS_0.5x0.625/MERRA2/2019/07/MERRA2.20190701.A3cld.05x0625.nc4
2512.902,hit,false,0.000,27,292.468,31,GEOS_0.5x0.625/MERRA2/2019/07/MERRA2.20190701.A3cld.05x0625.nc4
2512.925,hit,false,0.000,26,292.491,31,GEOS_0.5x0.625/MERRA2/2019/07/MERRA2.20190701.A3cld.05x0625.nc4
2512.957,hit,false,0.000,26,292.523,31,GEOS_0.5x0.625/MERRA2/2019/07/MERRA2.20190701.A3cld.05x0625.nc4
2513.074,hit,false,0.000,26,292.641,31,GEOS_0.5x0.625/MERRA2/2019/07/MERRA2.20190701.A3cld.05x0625.nc4
2513.100,hit,false,0.000,26,293.015,32,GEOS_0.5x0.625/MERRA2/2019/07/MERRA2.20190701.A3cld.05x0625.nc4
2513.143,hit,false,0.000,26,293.057,32,GEOS_0.5x0.625/MERRA2/2019/07/MERRA2.20190701.A3cld.05x0625.nc4
2513.173,hit,false,0.000,26,293.087,32,GEOS_0.5x0.625/MERRA2/2019/07/MERRA2.20190701.A3cld.05x0625.nc4
2513.204,hit,false,0.000,26,293.118,32,GEOS_0.5x0.625/MERRA2/2019/07/MERRA2.20190701.A3cld.05x0625.nc4
2513.228,hit,false,0.000,26,293.142,32,GEOS_0.5x0.625/MERRA2/2019/07/MERRA2.20190701.A3cld.05x0625.nc4
2513.283,hit,false,0.000,26,293.197,32,GEOS_0.5x0.625/MERRA2/2019/07/MERRA2.20190701.A3cld.05x0625.nc4
2513.304,hit,false,0.000,26,293.218,32,GEOS_0.5x0.625/MERRA2/2019/07/MERRA2.20190701.A3cld.05x0625.nc4
2513.339,hit,false,0.000,26,293.254,32,GEOS_0.5x0.625/MERRA2/2019/07/MERRA2.20190701.A3cld.05x0625.nc4
2513.365,hit,false,0.000,26,293.277,33,GEOS_0.5x0.625/MERRA2/2019/07/MERRA2.20190701.A3cld.05x0625.nc4
2513.402,hit,false,0.000,26,293.314,33,GEOS_0.5x0.625/MERRA2/2019/07/MERRA2.20190701.A3cld.05x0625.nc4
2513.428,hit,false,0.000,25,293.340,33,GEOS_0.5x0.625/MERRA2/2019/07/MERRA2.20190701.A3cld.05x0625.nc4
2513.459,hit,false,0.000,25,293.371,33,GEOS_0.5x0.625/MERRA2/2019/07/MERRA2.20190701.A3cld.05x0625.nc4
2513.505,hit,false,0.000,25,293.417,33,GEOS_0.5x0.625/MERRA2/2019/07/MERRA2.20190701.A3cld.05x0625.nc4
2513.531,hit,false,0.000,25,293.443,33,GEOS_0.5x0.625/MERRA2/2019/07/MERRA2.20190701.A3cld.05x0625.nc4
2513.563,hit,false,0.000,25,293.476,33,GEOS_0.5x0.625/MERRA2/2019/07/MERRA2.20190701.A3cld.05x0625.nc4
2513.601,hit,false,0.000,25,293.513,33,GEOS_0.5x0.625/MERRA2/2019/07/MERRA2.20190701.A3cld.05x0625.nc4
2513.631,hit,false,0.000,25,293.542,34,GEOS_0.5x0.625/MERRA2/2019/07/MERRA2.20190701.A3cld.05x0625.nc4
2513.658,hit,false,0.000,25,293.568,34,GEOS_0.5x0.625/MERRA2/2019/07/MERRA2.20190701.A3cld.05x0625.nc4
2513.703,hit,false,0.000,25,293.613,34,GEOS_0.5x0.625/MERRA2/2019/07/MERRA2.20190701.A3cld.05x0625.nc4
2513.724,hit,false,0.000,25,293.635,34,GEOS_0.5x0.625/MERRA2/2019/07/MERRA2.20190701.A3cld.05x0625.nc4
2513.768,hit,false,0.000,25,293.678,34,GEOS_0.5x0.625/MERRA2/2019/07/MERRA2.20190701.A3cld.05x0625.nc4
2513.787,hit,false,0.000,25,293.697,34,GEOS_0.5x0.625/MERRA2/2019/07/MERRA2.20190701.A3cld.05x0625.nc4
2513.829,hit,false,0.000,25,293.739,34,GEOS_0.5x0.625/MERRA2/2019/07/MERRA2.20190701.A3cld.05x0625.nc4
2513.871,hit,false,0.000,25,293.782,34,GEOS_0.5x0.625/MERRA2/2019/07/MERRA2.20190701.A3cld.05x0625.nc4
2513.898,hit,false,0.000,25,293.806,35,GEOS_0.5x0.625/MERRA2/2019/07/MERRA2.20190701.A3cld.05x0625.nc4
2513.934,hit,false,0.000,25,293.843,35,GEOS_0.5x0.625/MERRA2/2019/07/MERRA2.20190701.A3cld.05x0625.nc4
2514.004,hit,false,0.000,25,293.912,35,GEOS_0.5x0.625/MERRA2/2019/07/MERRA2.20190701.A3cld.05x0625.nc4
2514.026,hit,false,0.000,25,293.935,35,GEOS_0.5x0.625/MERRA2/2019/07/MERRA2.20190701.A3cld.05x0625.nc4
2514.080,hit,false,0.000,25,293.988,35,GEOS_0.5x0.625/MERRA2/2019/07/MERRA2.20190701.A3cld.05x0625.nc4
2514.107,hit,false,0.000,25,294.015,35,GEOS_0.5x0.625/MERRA2/2019/07/MERRA2.20190701.A3cld.05x0625.nc4
2514.142,hit,false,0.000,24,294.050,35,GEOS_0.5x0.625/MERRA2/2019/07/MERRA2.20190701.A3cld.05x0625.nc4
2514.165,hit,false,0.000,24,294.073,35,GEOS_0.5x0.625/MERRA2/2019/07/MERRA2.20190701.A3cld.05x0625.nc4
2514.202,hit,false,0.000,24,294.109,36,GEOS_0.5x0.625/MERRA2/2019/07/MERRA2.20190701.A3cld.05x0625.nc4
2514.253,hit,false,0.000,24,294.159,36,GEOS_0.5x0.625/MERRA2/2019/07/MERRA2.20190701.A3cld.05x0625.nc4
2514.283,hit,false,0.000,24,294.190,36,GEOS_0.5x0.625/MERRA2/2019/07/MERRA2.20190701.A3cld.05x0625.nc4
2514.340,hit,false,0.000,24,294.246,36,GEOS_0.5x0.625/MERRA2/2019/07/MERRA2.20190701.A3cld.05x0625.nc4
2514.365,hit,false,0.000,24,294.272,36,GEOS_0.5x0.625/MERRA2/2019/07/MERRA2.20190701.A3cld.05x0625.nc4
2514.401,hit,false,0.000,24,294.308,36,GEOS_0.5x0.625/MERRA2/2019/07/MERRA2.20190701.A3cld.05x0625.nc4
2514.428,hit,false,0.000,24,294.334,36,GEOS_0.5x0.625/MERRA2/2019/07/MERRA2.20190701.A3cld.05x0625.nc4
2514.459,hit,false,0.000,24,294.366,36,GEOS_0.5x0.625/MERRA2/2019/07/MERRA2.20190701.A3cld.05x0625.nc4
2514.556,hit,false,0.000,24,294.461,37,GEOS_0.5x0.625/MERRA2/2019/07/MERRA2.20190701.A3cld.05x0625.nc4
2514.588,hit,false,0.000,24,294.493,37,GEOS_0.5x0.625/MERRA2/2019/07/MERRA2.20190701.A3cld.05x0625.nc4
2514.619,hit,false,0.000,24,294.524,37,GEOS_0.5x0.625/MERRA2/2019/07/MERRA2.20190701.A3cld.05x0625.nc4
2514.645,hit,false,0.000,24,294.550,37,GEOS_0.5x0.625/MERRA2/2019/07/MERRA2.20190701.A3cld.05x0625.nc4
2514.677,hit,false,0.000,24,294.581,37,GEOS_0.5x0.625/MERRA2/2019/07/MERRA2.20190701.A3cld.05x0625.nc4
2514.707,hit,false,0.000,24,294.612,37,GEOS_0.5x0.625/MERRA2/2019/07/MERRA2.20190701.A3cld.05x0625.nc4
2514.751,hit,false,0.000,24,294.656,37,GEOS_0.5x0.625/MERRA2/2019/07/MERRA2.20190701.A3cld.05x0625.nc4
2514.772,hit,false,0.000,24,294.677,37,GEOS_0.5x0.625/MERRA2/2019/07/MERRA2.20190701.A3cld.05x0625.nc4
2514.814,hit,false,0.000,24,294.717,38,GEOS_0.5x0.625/MERRA2/2019/07/MERRA2.20190701.A3cld.05x0625.nc4
2514.840,hit,false,0.000,24,294.743,38,GEOS_0.5x0.625/MERRA2/2019/07/MERRA2.20190701.A3cld.05x0625.nc4
2514.891,hit,false,0.000,24,294.795,38,GEOS_0.5x0.625/MERRA2/2019/07/MERRA2.20190701.A3cld.05x0625.nc4
2514.912,hit,false,0.000,24,294.815,38,GEOS_0.5x0.625/MERRA2/2019/07/MERRA2.20190701.A3cld.05x0625.nc4
2515.024,hit,false,0.000,24,294.927,38,GEOS_0.5x0.625/MERRA2/2019/07/MERRA2.20190701.A3cld.05x0625.nc4
2515.070,hit,false,0.000,24,294.974,38,GEOS_0.5x0.625/MERRA2/2019/07/MERRA2.20190701.A3cld.05x0625.nc4
2515.106,hit,false,0.000,24,295.009,38,GEOS_0.5x0.625/MERRA2/2019/07/MERRA2.20190701.A3cld.05x0625.nc4
2515.130,hit,false,0.000,24,295.034,38,GEOS_0.5x0.625/MERRA2/2019/07/MERRA2.20190701.A3cld.05x0625.nc4
2515.175,hit,false,0.000,24,295.077,39,GEOS_0.5x0.625/MERRA2/2019/07/MERRA2.20190701.A3cld.05x0625.nc4
2515.199,hit,false,0.000,24,295.101,39,GEOS_0.5x0.625/MERRA2/2019/07/MERRA2.20190701.A3cld.05x0625.nc4
2515.242,hit,false,0.000,22,295.143,39,GEOS_0.5x0.625/MERRA2/2019/07/MERRA2.20190701.A3cld.05x0625.nc4
2515.264,hit,false,0.000,22,295.166,39,GEOS_0.5x0.625/MERRA2/2019/07/MERRA2.20190701.A3cld.05x0625.nc4
2515.298,hit,false,0.000,22,295.200,39,GEOS_0.5x0.625/MERRA2/2019/07/MERRA2.20190701.A3cld.05x0625.nc4
2515.325,hit,false,0.000,21,295.227,39,GEOS_0.5x0.625/MERRA2/2019/07/MERRA2.20190701.A3cld.05x0625.nc4
2515.357,hit,false,0.000,21,295.258,39,GEOS_0.5x0.625/MERRA2/2019/07/MERRA2.20190701.A3cld.05x0625.nc4
2515.382,hit,false,0.000,21,295.284,39,GEOS_0.5x0.625/MERRA2/2019/07/MERRA2.20190701.A3cld.05x0625.nc4
2515.427,hit,false,0.000,21,295.274,40,GEOS_0.5x0.625/MERRA2/2019/07/MERRA2.20190701.A3cld.05x0625.nc4
2515.467,hit,false,0.000,21,295.313,40,GEOS_0.5x0.625/MERRA2/2019/07/MERRA2.20190701.A3cld.05x0625.nc4
2515.500,hit,false,0.000,21,295.346,40,GEOS_0.5x0.625/MERRA2/2019/07/MERRA2.20190701.A3cld.05x0625.nc4
2515.526,hit,false,0.000,21,295.372,40,GEOS_0.5x0.625/MERRA2/2019/07/MERRA2.20190701.A3cld.05x0625.nc4
2515.558,hit,false,0.000,21,295.404,40,GEOS_0.5x0.625/MERRA2/2019/07/MERRA2.20190701.A3cld.05x0625.nc4
2515.580,hit,false,0.000,21,295.427,40,GEOS_0.5x0.625/MERRA2/2019/07/MERRA2.20190701.A3cld.05x0625.nc4
2515.631,hit,false,0.000,21,295.477,40,GEOS_0.5x0.625/MERRA2/2019/07/MERRA2.20190701.A3cld.05x0625.nc4
2515.655,hit,false,0.000,21,295.502,40,GEOS_0.5x0.625/MERRA2/2019/07/MERRA2.20190701.A3cld.05x0625.nc4
2515.686,hit,false,0.000,21,295.531,41,GEOS_0.5x0.625/MERRA2/2019/07/MERRA2.20190701.A3cld.05x0625.nc4
2515.714,hit,false,0.000,21,295.559,41,GEOS_0.5x0.625/MERRA2/2019/07/MERRA2.20190701.A3cld.05x0625.nc4
2515.762,hit,false,0.000,21,295.607,41,GEOS_0.5x0.625/MERRA2/2019/07/MERRA2.20190701.A3cld.05x0625.nc4
2515.791,hit,false,0.000,21,295.636,41,GEOS_0.5x0.625/MERRA2/2019/07/MERRA2.20190701.A3cld.05x0625.nc4
2515.824,hit,false,0.000,21,295.669,41,GEOS_0.5x0.625/MERRA2/2019/07/MERRA2.20190701.A3cld.05x0625.nc4
2515.865,hit,false,0.000,21,295.709,41,GEOS_0.5x0.625/MERRA2/2019/07/MERRA2.20190701.A3cld.05x0625.nc4
2515.900,hit,false,0.000,21,295.745,41,GEOS_0.5x0.625/MERRA2/2019/07/MERRA2.20190701.A3cld.05x0625.nc4
2515.930,hit,false,0.000,21,295.775,41,GEOS_0.5x0.625/MERRA2/2019/07/MERRA2.20190701.A3cld.05x0625.nc4
2515.957,hit,false,0.000,21,295.801,42,GEOS_0.5x0.625/MERRA2/2019/07/MERRA2.20190701.A3cld.05x0625.nc4
2516.066,hit,false,0.000,21,295.909,42,GEOS_0.5x0.625/MERRA2/2019/07/MERRA2.20190701.A3cld.05x0625.nc4
2516.089,hit,false,0.000,21,295.932,42,GEOS_0.5x0.625/MERRA2/2019/07/MERRA2.20190701.A3cld.05x0625.nc4
2516.121,hit,false,0.000,21,295.964,42,GEOS_0.5x0.625/MERRA2/2019/07/MERRA2.20190701.A3cld.05x0625.nc4
2516.147,hit,false,0.000,21,295.991,42,GEOS_0.5x0.625/MERRA2/2019/07/MERRA2.20190701.A3cld.05x0625.nc4
2516.177,hit,false,0.000,21,296.020,42,GEOS_0.5x0.625/MERRA2/2019/07/MERRA2.20190701.A3cld.05x0625.nc4
2516.208,hit,false,0.000,21,296.051,42,GEOS_0.5x0.625/MERRA2/2019/07/MERRA2.20190701.A3cld.05x0625.nc4
2516.245,hit,false,0.000,21,296.088,42,GEOS_0.5x0.625/MERRA2/2019/07/MERRA2.20190701.A3cld.05x0625.nc4
2516.268,hit,false,0.000,21,296.109,43,GEOS_0.5x0.625/MERRA2/2019/07/MERRA2.20190701.A3cld.05x0625.nc4
2516.310,hit,false,0.000,21,296.152,43,GEOS_0.5x0.625/MERRA2/2019/07/MERRA2.20190701.A3cld.05x0625.nc4
2516.336,hit,false,0.000,21,296.177,43,GEOS_0.5x0.625/MERRA2/2019/07/MERRA2.20190701.A3cld.05x0625.nc4
2516.368,hit,false,0.000,21,296.209,43,GEOS_0.5x0.625/MERRA2/2019/07/MERRA2.20190701.A3cld.05x0625.nc4
2516.393,hit,false,0.000,21,296.235,43,GEOS_0.5x0.625/MERRA2/2019/07/MERRA2.20190701.A3cld.05x0625.nc4
2516.425,hit,false,0.000,21,296.266,43,GEOS_0.5x0.625/MERRA2/2019/07/MERRA2.20190701.A3cld.05x0625.nc4
2516.455,hit,false,0.000,21,296.297,43,GEOS_0.5x0.625/MERRA2/2019/07/MERRA2.20190701.A3cld.05x0625.nc4
2516.479,hit,false,0.000,21,296.320,43,GEOS_0.5x0.625/MERRA2/2019/07/MERRA2.20190701.A3cld.05x0625.nc4
2516.517,hit,false,0.000,21,296.357,44,GEOS_0.5x0.625/MERRA2/2019/07/MERRA2.20190701.A3cld.05x0625.nc4
2516.546,hit,false,0.000,21,296.386,44,GEOS_0.5x0.625/MERRA2/2019/07/MERRA2.20190701.A3cld.05x0625.nc4
2516.578,hit,false,0.000,21,296.418,44,GEOS_0.5x0.625/MERRA2/2019/07/MERRA2.20190701.A3cld.05x0625.nc4
2516.601,hit,false,0.000,21,296.441,44,GEOS_0.5x0.625/MERRA2/2019/07/MERRA2.20190701.A3cld.05x0625.nc4
2516.647,hit,false,0.000,21,296.486,44,GEOS_0.5x0.625/MERRA2/2019/07/MERRA2.20190701.A3cld.05x0625.nc4
2516.667,hit,false,0.000,21,296.507,44,GEOS_0.5x0.625/MERRA2/2019/07/MERRA2.20190701.A3cld.05x0625.nc4
2516.726,hit,false,0.000,21,296.566,44,GEOS_0.5x0.625/MERRA2/2019/07/MERRA2.20190701.A3cld.05x0625.nc4
2516.749,hit,false,0.000,21,296.589,44,GEOS_0.5x0.625/MERRA2/2019/07/MERRA2.20190701.A3cld.05x0625.nc4
2516.792,hit,false,0.000,21,296.629,45,GEOS_0.5x0.625/MERRA2/2019/07/MERRA2.20190701.A3cld.05x0625.nc4
2516.818,hit,false,0.000,21,296.655,45,GEOS_0.5x0.625/MERRA2/2019/07/MERRA2.20190701.A3cld.05x0625.nc4
2516.854,hit,false,0.000,21,296.691,45,GEOS_0.5x0.625/MERRA2/2019/07/MERRA2.20190701.A3cld.05x0625.nc4
2516.877,hit,false,0.000,21,296.714,45,GEOS_0.5x0.625/MERRA2/2019/07/MERRA2.20190701.A3cld.05x0625.nc4
2516.912,hit,false,0.000,21,296.749,45,GEOS_0.5x0.625/MERRA2/2019/07/MERRA2.20190701.A3cld.05x0625.nc4
2516.936,hit,false,0.000,21,296.772,45,GEOS_0.5x0.625/MERRA2/2019/07/MERRA2.20190701.A3cld.05x0625.nc4
2516.967,hit,false,0.000,21,296.804,45,GEOS_0.5x0.625/MERRA2/2019/07/MERRA2.20190701.A3cld.05x0625.nc4
2517.017,hit,false,0.000,21,296.854,45,GEOS_0.5x0.625/MERRA2/2019/07/MERRA2.20190701.A3cld.05x0625.nc4
2517.040,hit,false,0.000,21,296.875,46,GEOS_0.5x0.625/MERRA2/2019/07/MERRA2.20190701.A3cld.05x0625.nc4
2517.082,hit,false,0.000,21,296.917,46,GEOS_0.5x0.625/MERRA2/2019/07/MERRA2.20190701.A3cld.05x0625.nc4
2517.105,hit,false,0.000,21,296.940,46,GEOS_0.5x0.625/MERRA2/2019/07/MERRA2.20190701.A3cld.05x0625.nc4
2517.163,hit,false,0.000,21,296.998,46,GEOS_0.5x0.625/MERRA2/2019/07/MERRA2.20190701.A3cld.05x0625.nc4
2517.185,hit,false,0.000,21,297.020,46,GEOS_0.5x0.625/MERRA2/2019/07/MERRA2.20190701.A3cld.05x0625.nc4
2517.222,hit,false,0.000,21,297.057,46,GEOS_0.5x0.625/MERRA2/2019/07/MERRA2.20190701.A3cld.05x0625.nc4
2517.252,hit,false,0.000,21,297.087,46,GEOS_0.5x0.625/MERRA2/2019/07/MERRA2.20190701.A3cld.05x0625.nc4
2517.274,hit,false,0.000,21,297.109,46,GEOS_0.5x0.625/MERRA2/2019/07/MERRA2.20190701.A3cld.05x0625.nc4
2517.314,hit,false,0.000,21,297.147,47,GEOS_0.5x0.625/MERRA2/2019/07/MERRA2.20190701.A3cld.05x0625.nc4
2517.341,hit,false,0.000,21,297.174,47,GEOS_0.5x0.625/MERRA2/2019/07/MERRA2.20190701.A3cld.05x0625.nc4
2517.373,hit,false,0.000,21,297.207,47,GEOS_0.5x0.625/MERRA2/2019/07/MERRA2.20190701.A3cld.05x0625.nc4
2517.398,hit,false,0.000,21,297.232,47,GEOS_0.5x0.625/MERRA2/2019/07/MERRA2.20190701.A3cld.05x0625.nc4
2517.428,hit,false,0.000,21,297.262,47,GEOS_0.5x0.625/MERRA2/2019/07/MERRA2.20190701.A3cld.05x0625.nc4
2517.453,hit,false,0.000,21,297.287,47,GEOS_0.5x0.625/MERRA2/2019/07/MERRA2.20190701.A3cld.05x0625.nc4
2517.493,hit,false,0.000,21,297.327,47,GEOS_0.5x0.625/MERRA2/2019/07/MERRA2.20190701.A3cld.05x0625.nc4
2517.534,hit,false,0.000,21,297.367,47,GEOS_0.5x0.625/MERRA2/2019/07/MERRA2.20190701.A3cld.05x0625.nc4
2517.559,hit,false,0.000,21,297.729,48,GEOS_0.5x0.625/MERRA2/2019/07/MERRA2.20190701.A3cld.05x0625.nc4
2517.597,hit,false,0.000,21,297.766,48,GEOS_0.5x0.625/MERRA2/2019/07/MERRA2.20190701.A3cld.05x0625.nc4
2517.628,hit,false,0.000,21,297.798,48,GEOS_0.5x0.625/MERRA2/2019/07/MERRA2.20190701.A3cld.05x0625.nc4
2517.659,hit,false,0.000,21,297.829,48,GEOS_0.5x0.625/MERRA2/2019/07/MERRA2.20190701.A3cld.05x0625.nc4
2517.688,hit,false,0.000,21,297.858,48,GEOS_0.5x0.625/MERRA2/2019/07/MERRA2.20190701.A3cld.05x0625.nc4
2517.718,hit,false,0.000,20,297.888,48,GEOS_0.5x0.625/MERRA2/2019/07/MERRA2.20190701.A3cld.05x0625.nc4
2517.744,hit,false,0.000,20,297.913,48,GEOS_0.5x0.625/MERRA2/2019/07/MERRA2.20190701.A3cld.05x0625.nc4
2517.773,hit,false,0.000,20,297.943,48,GEOS_0.5x0.625/MERRA2/2019/07/MERRA2.20190701.A3cld.05x0625.nc4
2517.799,hit,false,0.000,20,297.963,49,GEOS_0.5x0.625/MERRA2/2019/07/MERRA2.20190701.A3cld.05x0625.nc4
2517.844,hit,false,0.000,20,298.008,49,GEOS_0.5x0.625/MERRA2/2019/07/MERRA2.20190701.A3cld.05x0625.nc4
2517.876,hit,false,0.000,20,298.040,49,GEOS_0.5x0.625/MERRA2/2019/07/MERRA2.20190701.A3cld.05x0625.nc4
2517.902,hit,false,0.000,20,298.066,49,GEOS_0.5x0.625/MERRA2/2019/07/MERRA2.20190701.A3cld.05x0625.nc4
2517.934,hit,false,0.000,20,298.098,49,GEOS_0.5x0.625/MERRA2/2019/07/MERRA2.20190701.A3cld.05x0625.nc4
2517.961,hit,false,0.000,20,298.125,49,GEOS_0.5x0.625/MERRA2/2019/07/MERRA2.20190701.A3cld.05x0625.nc4
2517.992,hit,false,0.000,20,298.156,49,GEOS_0.5x0.625/MERRA2/2019/07/MERRA2.20190701.A3cld.05x0625.nc4
2518.018,hit,false,0.000,20,298.182,49,GEOS_0.5x0.625/MERRA2/2019/07/MERRA2.20190701.A3cld.05x0625.nc4
2518.135,hit,false,0.000,20,298.297,50,GEOS_0.5x0.625/MERRA2/2019/07/MERRA2.20190701.A3cld.05x0625.nc4
2518.161,hit,false,0.000,20,298.324,50,GEOS_0.5x0.625/MERRA2/2019/07/MERRA2.20190701.A3cld.05x0625.nc4
2518.199,hit,false,0.000,20,298.362,50,GEOS_0.5x0.625/MERRA2/2019/07/MERRA2.20190701.A3cld.05x0625.nc4
2518.223,hit,false,0.000,20,298.385,50,GEOS_0.5x0.625/MERRA2/2019/07/MERRA2.20190701.A3cld.05x0625.nc4
2518.268,hit,false,0.000,20,298.430,50,GEOS_0.5x0.625/MERRA2/2019/07/MERRA2.20190701.A3cld.05x0625.nc4
2518.315,hit,false,0.000,19,298.477,50,GEOS_0.5x0.625/MERRA2/2019/07/MERRA2.20190701.A3cld.05x0625.nc4
2518.343,hit,false,0.000,19,298.505,50,GEOS_0.5x0.625/MERRA2/2019/07/MERRA2.20190701.A3cld.05x0625.nc4
2518.377,hit,false,0.000,19,298.539,50,GEOS_0.5x0.625/MERRA2/2019/07/MERRA2.20190701.A3cld.05x0625.nc4
2518.406,hit,false,0.000,19,298.566,51,GEOS_0.5x0.625/MERRA2/2019/07/MERRA2.20190701.A3cld.05x0625.nc4
2518.441,hit,false,0.000,19,298.601,51,GEOS_0.5x0.625/MERRA2/2019/07/MERRA2.20190701.A3cld.05x0625.nc4
2518.466,hit,false,0.000,19,298.626,51,GEOS_0.5x0.625/MERRA2/2019/07/MERRA2.20190701.A3cld.05x0625.nc4
2518.499,hit,false,0.000,19,298.659,51,GEOS_0.5x0.625/MERRA2/2019/07/MERRA2.20190701.A3cld.05x0625.nc4
2518.524,hit,false,0.000,19,298.684,51,GEOS_0.5x0.625/MERRA2/2019/07/MERRA2.20190701.A3cld.05x0625.nc4
2518.558,hit,false,0.000,19,298.718,51,GEOS_0.5x0.625/MERRA2/2019/07/MERRA2.20190701.A3cld.05x0625.nc4
2518.581,hit,false,0.000,19,298.741,51,GEOS_0.5x0.625/MERRA2/2019/07/MERRA2.20190701.A3cld.05x0625.nc4
2518.628,hit,false,0.000,19,298.788,51,GEOS_0.5x0.625/MERRA2/2019/07/MERRA2.20190701.A3cld.05x0625.nc4
2518.650,hit,false,0.000,19,298.809,52,GEOS_0.5x0.625/MERRA2/2019/07/MERRA2.20190701.A3cld.05x0625.nc4
2518.696,hit,false,0.000,19,298.855,52,GEOS_0.5x0.625/MERRA2/2019/07/MERRA2.20190701.A3cld.05x0625.nc4
2518.721,hit,false,0.000,19,298.879,52,GEOS_0.5x0.625/MERRA2/2019/07/MERRA2.20190701.A3cld.05x0625.nc4
2518.754,hit,false,0.000,19,298.912,52,GEOS_0.5x0.625/MERRA2/2019/07/MERRA2.20190701.A3cld.05x0625.nc4
2518.780,hit,false,0.000,19,298.939,52,GEOS_0.5x0.625/MERRA2/2019/07/MERRA2.20190701.A3cld.05x0625.nc4
2518.812,hit,false,0.000,19,298.970,52,GEOS_0.5x0.625/MERRA2/2019/07/MERRA2.20190701.A3cld.05x0625.nc4
2518.840,hit,false,0.000,19,298.998,52,GEOS_0.5x0.625/MERRA2/2019/07/MERRA2.20190701.A3cld.05x0625.nc4
2518.886,hit,false,0.000,19,299.045,52,GEOS_0.5x0.625/MERRA2/2019/07/MERRA2.20190701.A3cld.05x0625.nc4
2518.909,hit,false,0.000,19,299.065,53,GEOS_0.5x0.625/MERRA2/2019/07/MERRA2.20190701.A3cld.05x0625.nc4
2518.950,hit,false,0.000,19,299.106,53,GEOS_0.5x0.625/MERRA2/2019/07/MERRA2.20190701.A3cld.05x0625.nc4
2518.974,hit,false,0.000,18,299.130,53,GEOS_0.5x0.625/MERRA2/2019/07/MERRA2.20190701.A3cld.05x0625.nc4
2519.004,hit,false,0.000,18,299.160,53,GEOS_0.5x0.625/MERRA2/2019/07/MERRA2.20190701.A3cld.05x0625.nc4
2519.030,hit,false,0.000,18,299.187,53,GEOS_0.5x0.625/MERRA2/2019/07/MERRA2.20190701.A3cld.05x0625.nc4
2519.061,hit,false,0.000,18,299.218,53,GEOS_0.5x0.625/MERRA2/2019/07/MERRA2.20190701.A3cld.05x0625.nc4
2519.105,hit,false,0.000,18,299.261,53,GEOS_0.5x0.625/MERRA2/2019/07/MERRA2.20190701.A3cld.05x0625.nc4
2519.131,hit,false,0.000,18,299.288,53,GEOS_0.5x0.625/MERRA2/2019/07/MERRA2.20190701.A3cld.05x0625.nc4
2519.170,hit,false,0.000,18,299.325,54,GEOS_0.5x0.625/MERRA2/2019/07/MERRA2.20190701.A3cld.05x0625.nc4
2519.196,hit,false,0.000,18,299.351,54,GEOS_0.5x0.625/MERRA2/2019/07/MERRA2.20190701.A3cld.05x0625.nc4
2519.229,hit,false,0.000,18,299.384,54,GEOS_0.5x0.625/MERRA2/2019/07/MERRA2.20190701.A3cld.05x0625.nc4
2519.254,hit,false,0.000,18,299.409,54,GEOS_0.5x0.625/MERRA2/2019/07/MERRA2.20190701.A3cld.05x0625.nc4
2519.292,hit,false,0.000,18,299.447,54,GEOS_0.5x0.625/MERRA2/2019/07/MERRA2.20190701.A3cld.05x0625.nc4
2519.315,hit,false,0.000,18,299.470,54,GEOS_0.5x0.625/MERRA2/2019/07/MERRA2.20190701.A3cld.05x0625.nc4
2519.352,hit,false,0.000,18,299.507,54,GEOS_0.5x0.625/MERRA2/2019/07/MERRA2.20190701.A3cld.05x0625.nc4
2519.386,hit,false,0.000,18,299.541,54,GEOS_0.5x0.625/MERRA2/2019/07/MERRA2.20190701.A3cld.05x0625.nc4
2519.412,hit,false,0.000,18,299.564,55,GEOS_0.5x0.625/MERRA2/2019/07/MERRA2.20190701.A3cld.05x0625.nc4
2519.474,hit,false,0.000,18,299.627,55,GEOS_0.5x0.625/MERRA2/2019/07/MERRA2.20190701.A3cld.05x0625.nc4
2519.495,hit,false,0.000,17,299.648,55,GEOS_0.5x0.625/MERRA2/2019/07/MERRA2.20190701.A3cld.05x0625.nc4
2519.540,hit,false,0.000,17,299.692,55,GEOS_0.5x0.625/MERRA2/2019/07/MERRA2.20190701.A3cld.05x0625.nc4
2519.561,hit,false,0.000,17,299.714,55,GEOS_0.5x0.625/MERRA2/2019/07/MERRA2.20190701.A3cld.05x0625.nc4
2519.594,hit,false,0.000,17,299.747,55,GEOS_0.5x0.625/MERRA2/2019/07/MERRA2.20190701.A3cld.05x0625.nc4
2519.620,hit,false,0.000,17,299.773,55,GEOS_0.5x0.625/MERRA2/2019/07/MERRA2.20190701.A3cld.05x0625.nc4
2519.660,hit,false,0.000,17,299.812,55,GEOS_0.5x0.625/MERRA2/2019/07/MERRA2.20190701.A3cld.05x0625.nc4
2519.682,hit,false,0.000,17,299.660,56,GEOS_0.5x0.625/MERRA2/2019/07/MERRA2.20190701.A3cld.05x0625.nc4
2519.723,hit,false,0.000,17,299.701,56,GEOS_0.5x0.625/MERRA2/2019/07/MERRA2.20190701.A3cld.05x0625.nc4
2519.750,hit,false,0.000,17,299.728,56,GEOS_0.5x0.625/MERRA2/2019/07/MERRA2.20190701.A3cld.05x0625.nc4
2519.782,hit,false,0.000,17,299.760,56,GEOS_0.5x0.625/MERRA2/2019/07/MERRA2.20190701.A3cld.05x0625.nc4
2519.813,hit,false,0.000,17,299.791,56,GEOS_0.5x0.625/MERRA2/2019/07/MERRA2.20190701.A3cld.05x0625.nc4
2519.836,hit,false,0.000,17,299.814,56,GEOS_0.5x0.625/MERRA2/2019/07/MERRA2.20190701.A3cld.05x0625.nc4
2519.908,hit,false,0.000,17,299.886,56,GEOS_0.5x0.625/MERRA2/2019/07/MERRA2.20190701.A3cld.05x0625.nc4
2519.930,hit,false,0.000,17,299.908,56,GEOS_0.5x0.625/MERRA2/2019/07/MERRA2.20190701.A3cld.05x0625.nc4
2519.974,hit,false,0.000,16,299.644,57,GEOS_0.5x0.625/MERRA2/2019/07/MERRA2.20190701.A3cld.05x0625.nc4
2520.000,hit,false,0.000,16,299.671,57,GEOS_0.5x0.625/MERRA2/2019/07/MERRA2.20190701.A3cld.05x0625.nc4
2520.033,hit,false,0.000,16,299.704,57,GEOS_0.5x0.625/MERRA2/2019/07/MERRA2.20190701.A3cld.05x0625.nc4
2520.058,hit,false,0.000,16,299.729,57,GEOS_0.5x0.625/MERRA2/2019/07/MERRA2.20190701.A3cld.05x0625.nc4
2520.090,hit,false,0.000,15,299.761,57,GEOS_0.5x0.625/MERRA2/2019/07/MERRA2.20190701.A3cld.05x0625.nc4
2520.114,hit,false,0.000,15,299.785,57,GEOS_0.5x0.625/MERRA2/2019/07/MERRA2.20190701.A3cld.05x0625.nc4
2520.146,hit,false,0.000,15,299.817,57,GEOS_0.5x0.625/MERRA2/2019/07/MERRA2.20190701.A3cld.05x0625.nc4
2520.260,hit,false,0.000,15,299.931,57,GEOS_0.5x0.625/MERRA2/2019/07/MERRA2.20190701.A3cld.05x0625.nc4
2520.283,hit,false,0.000,15,299.951,58,GEOS_0.5x0.625/MERRA2/2019/07/MERRA2.20190701.A3cld.05x0625.nc4
2520.345,hit,false,0.000,15,300.013,58,GEOS_0.5x0.625/MERRA2/2019/07/MERRA2.20190701.A3cld.05x0625.nc4
2520.367,hit,false,0.000,15,300.035,58,GEOS_0.5x0.625/MERRA2/2019/07/MERRA2.20190701.A3cld.05x0625.nc4
2520.407,hit,false,0.000,15,300.075,58,GEOS_0.5x0.625/MERRA2/2019/07/MERRA2.20190701.A3cld.05x0625.nc4
2520.433,hit,false,0.000,15,300.101,58,GEOS_0.5x0.625/MERRA2/2019/07/MERRA2.20190701.A3cld.05x0625.nc4
2520.486,hit,false,0.000,15,300.154,58,GEOS_0.5x0.625/MERRA2/2019/07/MERRA2.20190701.A3cld.05x0625.nc4
2520.508,hit,false,0.000,15,300.176,58,GEOS_0.5x0.625/MERRA2/2019/07/MERRA2.20190701.A3cld.05x0625.nc4
2520.548,hit,false,0.000,15,300.216,58,GEOS_0.5x0.625/MERRA2/2019/07/MERRA2.20190701.A3cld.05x0625.nc4
2520.568,hit,false,0.000,15,300.235,59,GEOS_0.5x0.625/MERRA2/2019/07/MERRA2.20190701.A3cld.05x0625.nc4
2520.619,hit,false,0.000,15,300.285,59,GEOS_0.5x0.625/MERRA2/2019/07/MERRA2.20190701.A3cld.05x0625.nc4
2520.663,hit,false,0.000,15,300.330,59,GEOS_0.5x0.625/MERRA2/2019/07/MERRA2.20190701.A3cld.05x0625.nc4
2520.691,hit,false,0.000,15,300.358,59,GEOS_0.5x0.625/MERRA2/2019/07/MERRA2.20190701.A3cld.05x0625.nc4
2520.725,hit,false,0.000,15,300.392,59,GEOS_0.5x0.625/MERRA2/2019/07/MERRA2.20190701.A3cld.05x0625.nc4
2520.751,hit,false,0.000,15,300.417,59,GEOS_0.5x0.625/MERRA2/2019/07/MERRA2.20190701.A3cld.05x0625.nc4
2520.782,hit,false,0.000,14,300.449,59,GEOS_0.5x0.625/MERRA2/2019/07/MERRA2.20190701.A3cld.05x0625.nc4
2520.804,hit,false,0.000,14,300.471,59,GEOS_0.5x0.625/MERRA2/2019/07/MERRA2.20190701.A3cld.05x0625.nc4
2520.844,hit,false,0.000,14,300.509,60,GEOS_0.5x0.625/MERRA2/2019/07/MERRA2.20190701.A3cld.05x0625.nc4
2520.871,hit,false,0.000,14,300.537,60,GEOS_0.5x0.625/MERRA2/2019/07/MERRA2.20190701.A3cld.05x0625.nc4
2520.902,hit,false,0.000,14,300.567,60,GEOS_0.5x0.625/MERRA2/2019/07/MERRA2.20190701.A3cld.05x0625.nc4
2520.927,hit,false,0.000,14,300.592,60,GEOS_0.5x0.625/MERRA2/2019/07/MERRA2.20190701.A3cld.05x0625.nc4
2520.966,hit,false,0.000,14,300.632,60,GEOS_0.5x0.625/MERRA2/2019/07/MERRA2.20190701.A3cld.05x0625.nc4
2520.992,hit,false,0.000,14,300.657,60,GEOS_0.5x0.625/MERRA2/2019/07/MERRA2.20190701.A3cld.05x0625.nc4
2521.031,hit,false,0.000,14,300.696,60,GEOS_0.5x0.625/MERRA2/2019/07/MERRA2.20190701.A3cld.05x0625.nc4
2521.055,hit,false,0.000,14,300.721,60,GEOS_0.5x0.625/MERRA2/2019/07/MERRA2.20190701.A3cld.05x0625.nc4
2521.087,hit,false,0.000,14,300.751,61,GEOS_0.5x0.625/MERRA2/2019/07/MERRA2.20190701.A3cld.05x0625.nc4
2521.117,hit,false,0.000,14,300.780,61,GEOS_0.5x0.625/MERRA2/2019/07/MERRA2.20190701.A3cld.05x0625.nc4
2521.147,hit,false,0.000,14,300.811,61,GEOS_0.5x0.625/MERRA2/2019/07/MERRA2.20190701.A3cld.05x0625.nc4
2521.169,hit,false,0.000,14,300.833,61,GEOS_0.5x0.625/MERRA2/2019/07/MERRA2.20190701.A3cld.05x0625.nc4
2521.214,hit,false,0.000,14,300.877,61,GEOS_0.5x0.625/MERRA2/2019/07/MERRA2.20190701.A3cld.05x0625.nc4
2521.227,hit,false,0.000,14,300.891,61,GEOS_0.5x0.625/MERRA2/2019/07/MERRA2.20190701.A3cld.05x0625.nc4
2521.284,hit,false,0.000,14,300.948,61,GEOS_0.5x0.625/MERRA2/2019/07/MERRA2.20190701.A3cld.05x0625.nc4
2521.306,hit,false,0.000,14,300.970,61,GEOS_0.5x0.625/MERRA2/2019/07/MERRA2.20190701.A3cld.05x0625.nc4
2521.345,hit,false,0.000,14,301.007,62,GEOS_0.5x0.625/MERRA2/2019/07/MERRA2.20190701.A3cld.05x0625.nc4
2521.372,hit,false,0.000,14,301.035,62,GEOS_0.5x0.625/MERRA2/2019/07/MERRA2.20190701.A3cld.05x0625.nc4
2521.422,hit,false,0.000,14,301.084,62,GEOS_0.5x0.625/MERRA2/2019/07/MERRA2.20190701.A3cld.05x0625.nc4
2521.444,hit,false,0.000,13,301.106,62,GEOS_0.5x0.625/MERRA2/2019/07/MERRA2.20190701.A3cld.05x0625.nc4
2521.497,hit,false,0.000,13,301.159,62,GEOS_0.5x0.625/MERRA2/2019/07/MERRA2.20190701.A3cld.05x0625.nc4
2521.516,hit,false,0.000,13,301.178,62,GEOS_0.5x0.625/MERRA2/2019/07/MERRA2.20190701.A3cld.05x0625.nc4
2521.556,hit,false,0.000,13,301.219,62,GEOS_0.5x0.625/MERRA2/2019/07/MERRA2.20190701.A3cld.05x0625.nc4
2521.578,hit,false,0.000,13,301.240,62,GEOS_0.5x0.625/MERRA2/2019/07/MERRA2.20190701.A3cld.05x0625.nc4
2521.616,hit,false,0.000,13,301.277,63,GEOS_0.5x0.625/MERRA2/2019/07/MERRA2.20190701.A3cld.05x0625.nc4
2521.640,hit,false,0.000,13,301.301,63,GEOS_0.5x0.625/MERRA2/2019/07/MERRA2.20190701.A3cld.05x0625.nc4
2521.679,hit,false,0.000,13,301.339,63,GEOS_0.5x0.625/MERRA2/2019/07/MERRA2.20190701.A3cld.05x0625.nc4
2521.701,hit,false,0.000,13,301.361,63,GEOS_0.5x0.625/MERRA2/2019/07/MERRA2.20190701.A3cld.05x0625.nc4
2521.739,hit,false,0.000,13,301.400,63,GEOS_0.5x0.625/MERRA2/2019/07/MERRA2.20190701.A3cld.05x0625.nc4
2521.762,hit,false,0.000,13,301.422,63,GEOS_0.5x0.625/MERRA2/2019/07/MERRA2.20190701.A3cld.05x0625.nc4
2521.796,hit,false,0.000,13,301.457,63,GEOS_0.5x0.625/MERRA2/2019/07/MERRA2.20190701.A3cld.05x0625.nc4
2521.838,hit,false,0.000,13,301.498,63,GEOS_0.5x0.625/MERRA2/2019/07/MERRA2.20190701.A3cld.05x0625.nc4
2521.862,hit,false,0.000,13,301.838,64,GEOS_0.5x0.625/MERRA2/2019/07/MERRA2.20190701.A3cld.05x0625.nc4
2521.900,hit,false,0.000,13,301.875,64,GEOS_0.5x0.625/MERRA2/2019/07/MERRA2.20190701.A3cld.05x0625.nc4
2521.929,hit,false,0.000,13,301.905,64,GEOS_0.5x0.625/MERRA2/2019/07/MERRA2.20190701.A3cld.05x0625.nc4
2521.957,hit,false,0.000,13,301.933,64,GEOS_0.5x0.625/MERRA2/2019/07/MERRA2.20190701.A3cld.05x0625.nc4
2521.997,hit,false,0.000,13,301.972,64,GEOS_0.5x0.625/MERRA2/2019/07/MERRA2.20190701.A3cld.05x0625.nc4
2522.019,hit,false,0.000,13,301.995,64,GEOS_0.5x0.625/MERRA2/2019/07/MERRA2.20190701.A3cld.05x0625.nc4
2522.059,hit,false,0.000,13,302.034,64,GEOS_0.5x0.625/MERRA2/2019/07/MERRA2.20190701.A3cld.05x0625.nc4
2522.082,hit,false,0.000,13,302.057,64,GEOS_0.5x0.625/MERRA2/2019/07/MERRA2.20190701.A3cld.05x0625.nc4
2522.136,hit,false,0.000,13,301.664,65,GEOS_0.5x0.625/MERRA2/2019/07/MERRA2.20190701.A3cld.05x0625.nc4
2522.168,hit,false,0.000,13,301.695,65,GEOS_0.5x0.625/MERRA2/2019/07/MERRA2.20190701.A3cld.05x0625.nc4
2522.193,hit,false,0.000,13,301.720,65,GEOS_0.5x0.625/MERRA2/2019/07/MERRA2.20190701.A3cld.05x0625.nc4
2522.223,hit,false,0.000,13,301.750,65,GEOS_0.5x0.625/MERRA2/2019/07/MERRA2.20190701.A3cld.05x0625.nc4
2522.270,hit,false,0.000,13,301.797,65,GEOS_0.5x0.625/MERRA2/2019/07/MERRA2.20190701.A3cld.05x0625.nc4
2522.294,hit,false,0.000,13,301.821,65,GEOS_0.5x0.625/MERRA2/2019/07/MERRA2.20190701.A3cld.05x0625.nc4
2522.397,hit,false,0.000,12,301.924,65,GEOS_0.5x0.625/MERRA2/2019/07/MERRA2.20190701.A3cld.05x0625.nc4
2522.419,hit,false,0.000,12,301.946,65,GEOS_0.5x0.625/MERRA2/2019/07/MERRA2.20190701.A3cld.05x0625.nc4
2522.460,hit,false,0.000,12,301.985,66,GEOS_0.5x0.625/MERRA2/2019/07/MERRA2.20190701.A3cld.05x0625.nc4
2522.484,hit,false,0.000,12,302.009,66,GEOS_0.5x0.625/MERRA2/2019/07/MERRA2.20190701.A3cld.05x0625.nc4
2522.528,hit,false,0.000,12,302.053,66,GEOS_0.5x0.625/MERRA2/2019/07/MERRA2.20190701.A3cld.05x0625.nc4
2522.549,hit,false,0.000,12,302.074,66,GEOS_0.5x0.625/MERRA2/2019/07/MERRA2.20190701.A3cld.05x0625.nc4
2522.583,hit,false,0.000,12,302.108,66,GEOS_0.5x0.625/MERRA2/2019/07/MERRA2.20190701.A3cld.05x0625.nc4
2522.608,hit,false,0.000,12,302.133,66,GEOS_0.5x0.625/MERRA2/2019/07/MERRA2.20190701.A3cld.05x0625.nc4
2522.643,hit,false,0.000,12,302.168,66,GEOS_0.5x0.625/MERRA2/2019/07/MERRA2.20190701.A3cld.05x0625.nc4
2522.667,hit,false,0.000,12,302.192,66,GEOS_0.5x0.625/MERRA2/2019/07/MERRA2.20190701.A3cld.05x0625.nc4
2522.704,hit,false,0.000,12,302.227,67,GEOS_0.5x0.625/MERRA2/2019/07/MERRA2.20190701.A3cld.05x0625.nc4
2522.735,hit,false,0.000,12,302.258,67,GEOS_0.5x0.625/MERRA2/2019/07/MERRA2.20190701.A3cld.05x0625.nc4
2522.765,hit,false,0.000,12,302.289,67,GEOS_0.5x0.625/MERRA2/2019/07/MERRA2.20190701.A3cld.05x0625.nc4
2522.790,hit,false,0.000,12,302.313,67,GEOS_0.5x0.625/MERRA2/2019/07/MERRA2.20190701.A3cld.05x0625.nc4
2522.821,hit,false,0.000,12,302.345,67,GEOS_0.5x0.625/MERRA2/2019/07/MERRA2.20190701.A3cld.05x0625.nc4
2522.844,hit,false,0.000,12,302.367,67,GEOS_0.5x0.625/MERRA2/2019/07/MERRA2.20190701.A3cld.05x0625.nc4
2522.881,hit,false,0.000,12,302.404,67,GEOS_0.5x0.625/MERRA2/2019/07/MERRA2.20190701.A3cld.05x0625.nc4
2522.903,hit,false,0.000,12,302.426,67,GEOS_0.5x0.625/MERRA2/2019/07/MERRA2.20190701.A3cld.05x0625.nc4
2522.934,hit,false,0.000,12,302.455,68,GEOS_0.5x0.625/MERRA2/2019/07/MERRA2.20190701.A3cld.05x0625.nc4
2522.961,hit,false,0.000,12,302.482,68,GEOS_0.5x0.625/MERRA2/2019/07/MERRA2.20190701.A3cld.05x0625.nc4
2522.999,hit,false,0.000,12,302.520,68,GEOS_0.5x0.625/MERRA2/2019/07/MERRA2.20190701.A3cld.05x0625.nc4
2523.024,hit,false,0.000,12,302.545,68,GEOS_0.5x0.625/MERRA2/2019/07/MERRA2.20190701.A3cld.05x0625.nc4
2523.057,hit,false,0.000,12,302.578,68,GEOS_0.5x0.625/MERRA2/2019/07/MERRA2.20190701.A3cld.05x0625.nc4
2523.087,hit,false,0.000,12,302.608,68,GEOS_0.5x0.625/MERRA2/2019/07/MERRA2.20190701.A3cld.05x0625.nc4
2523.111,hit,false,0.000,12,302.632,68,GEOS_0.5x0.625/MERRA2/2019/07/MERRA2.20190701.A3cld.05x0625.nc4
2523.144,hit,false,0.000,12,302.665,68,GEOS_0.5x0.625/MERRA2/2019/07/MERRA2.20190701.A3cld.05x0625.nc4
2523.170,hit,false,0.000,12,302.689,69,GEOS_0.5x0.625/MERRA2/2019/07/MERRA2.20190701.A3cld.05x0625.nc4
2523.203,hit,false,0.000,12,302.722,69,GEOS_0.5x0.625/MERRA2/2019/07/MERRA2.20190701.A3cld.05x0625.nc4
2523.227,hit,false,0.000,12,302.747,69,GEOS_0.5x0.625/MERRA2/2019/07/MERRA2.20190701.A3cld.05x0625.nc4
2523.260,hit,false,0.000,12,302.779,69,GEOS_0.5x0.625/MERRA2/2019/07/MERRA2.20190701.A3cld.05x0625.nc4
2523.290,hit,false,0.000,12,302.810,69,GEOS_0.5x0.625/MERRA2/2019/07/MERRA2.20190701.A3cld.05x0625.nc4
2523.320,hit,false,0.000,12,302.839,69,GEOS_0.5x0.625/MERRA2/2019/07/MERRA2.20190701.A3cld.05x0625.nc4
2523.349,hit,false,0.000,12,302.869,69,GEOS_0.5x0.625/MERRA2/2019/07/MERRA2.20190701.A3cld.05x0625.nc4
2523.378,hit,false,0.000,12,302.898,69,GEOS_0.5x0.625/MERRA2/2019/07/MERRA2.20190701.A3cld.05x0625.nc4
2523.411,hit,false,0.000,12,302.929,70,GEOS_0.5x0.625/MERRA2/2019/07/MERRA2.20190701.A3cld.05x0625.nc4
2523.437,hit,false,0.000,12,302.955,70,GEOS_0.5x0.625/MERRA2/2019/07/MERRA2.20190701.A3cld.05x0625.nc4
2523.474,hit,false,0.000,12,302.992,70,GEOS_0.5x0.625/MERRA2/2019/07/MERRA2.20190701.A3cld.05x0625.nc4
2523.496,hit,false,0.000,12,303.014,70,GEOS_0.5x0.625/MERRA2/2019/07/MERRA2.20190701.A3cld.05x0625.nc4
2523.557,hit,false,0.000,12,303.075,70,GEOS_0.5x0.625/MERRA2/2019/07/MERRA2.20190701.A3cld.05x0625.nc4
2523.578,hit,false,0.000,12,303.096,70,GEOS_0.5x0.625/MERRA2/2019/07/MERRA2.20190701.A3cld.05x0625.nc4
2523.620,hit,false,0.000,12,303.138,70,GEOS_0.5x0.625/MERRA2/2019/07/MERRA2.20190701.A3cld.05x0625.nc4
2523.656,hit,false,0.000,12,303.174,70,GEOS_0.5x0.625/MERRA2/2019/07/MERRA2.20190701.A3cld.05x0625.nc4
2523.678,hit,false,0.000,12,303.195,71,GEOS_0.5x0.625/MERRA2/2019/07/MERRA2.20190701.A3cld.05x0625.nc4
2523.716,hit,false,0.000,12,303.232,71,GEOS_0.5x0.625/MERRA2/2019/07/MERRA2.20190701.A3cld.05x0625.nc4
2523.748,hit,false,0.000,12,303.265,71,GEOS_0.5x0.625/MERRA2/2019/07/MERRA2.20190701.A3cld.05x0625.nc4
2523.772,hit,false,0.000,12,303.289,71,GEOS_0.5x0.625/MERRA2/2019/07/MERRA2.20190701.A3cld.05x0625.nc4
2523.805,hit,false,0.000,12,303.322,71,GEOS_0.5x0.625/MERRA2/2019/07/MERRA2.20190701.A3cld.05x0625.nc4
2523.831,hit,false,0.000,12,303.348,71,GEOS_0.5x0.625/MERRA2/2019/07/MERRA2.20190701.A3cld.05x0625.nc4
2523.865,hit,false,0.000,12,303.381,71,GEOS_0.5x0.625/MERRA2/2019/07/MERRA2.20190701.A3cld.05x0625.nc4
2523.896,hit,false,0.000,12,303.412,71,GEOS_0.5x0.625/MERRA2/2019/07/MERRA2.20190701.A3cld.05x0625.nc4
2523.932,hit,false,0.000,12,303.914,72,GEOS_0.5x0.625/MERRA2/2019/07/MERRA2.20190701.A3cld.05x0625.nc4
2523.958,hit,false,0.000,12,303.940,72,GEOS_0.5x0.625/MERRA2/2019/07/MERRA2.20190701.A3cld.05x0625.nc4
2524.009,hit,false,0.000,12,303.990,72,GEOS_0.5x0.625/MERRA2/2019/07/MERRA2.20190701.A3cld.05x0625.nc4
2524.028,hit,false,0.000,12,304.010,72,GEOS_0.5x0.625/MERRA2/2019/07/MERRA2.20190701.A3cld.05x0625.nc4
2524.068,hit,false,0.000,12,304.049,72,GEOS_0.5x0.625/MERRA2/2019/07/MERRA2.20190701.A3cld.05x0625.nc4
2524.089,hit,false,0.000,12,304.071,72,GEOS_0.5x0.625/MERRA2/2019/07/MERRA2.20190701.A3cld.05x0625.nc4
2524.129,hit,false,0.000,12,304.111,72,GEOS_0.5x0.625/MERRA2/2019/07/MERRA2.20190701.A3cld.05x0625.nc4
2524.154,hit,false,0.000,12,304.135,72,GEOS_0.5x0.625/MERRA2/2019/07/MERRA2.20190701.A3cld.05x0625.nc4
2524.184,hit,false,0.000,12,303.991,73,GEOS_0.5x0.625/MERRA2/2019/07/MERRA2.20190701.A3cld.05x0625.nc4
2524.212,hit,false,0.000,12,304.019,73,GEOS_0.5x0.625/MERRA2/2019/07/MERRA2.20190701.A3cld.05x0625.nc4
2524.251,hit,false,0.000,12,304.058,73,GEOS_0.5x0.625/MERRA2/2019/07/MERRA2.20190701.A3cld.05x0625.nc4
2524.272,hit,false,0.000,12,304.080,73,GEOS_0.5x0.625/MERRA2/2019/07/MERRA2.20190701.A3cld.05x0625.nc4
2524.313,hit,false,0.000,12,304.120,73,GEOS_0.5x0.625/MERRA2/2019/07/MERRA2.20190701.A3cld.05x0625.nc4
2524.405,hit,false,0.000,12,304.212,73,GEOS_0.5x0.625/MERRA2/2019/07/MERRA2.20190701.A3cld.05x0625.nc4
2524.427,hit,false,0.000,12,304.234,73,GEOS_0.5x0.625/MERRA2/2019/07/MERRA2.20190701.A3cld.05x0625.nc4
2524.462,hit,false,0.000,12,304.269,73,GEOS_0.5x0.625/MERRA2/2019/07/MERRA2.20190701.A3cld.05x0625.nc4
2524.488,hit,false,0.000,12,304.294,74,GEOS_0.5x0.625/MERRA2/2019/07/MERRA2.20190701.A3cld.05x0625.nc4
2524.521,hit,false,0.000,12,304.327,74,GEOS_0.5x0.625/MERRA2/2019/07/MERRA2.20190701.A3cld.05x0625.nc4
2524.550,hit,false,0.000,12,304.356,74,GEOS_0.5x0.625/MERRA2/2019/07/MERRA2.20190701.A3cld.05x0625.nc4
2524.581,hit,false,0.000,12,304.387,74,GEOS_0.5x0.625/MERRA2/2019/07/MERRA2.20190701.A3cld.05x0625.nc4
2524.612,hit,false,0.000,12,304.418,74,GEOS_0.5x0.625/MERRA2/2019/07/MERRA2.20190701.A3cld.05x0625.nc4
2524.641,hit,false,0.000,12,304.447,74,GEOS_0.5x0.625/MERRA2/2019/07/MERRA2.20190701.A3cld.05x0625.nc4
2524.677,hit,false,0.000,12,304.483,74,GEOS_0.5x0.625/MERRA2/2019/07/MERRA2.20190701.A3cld.05x0625.nc4
2524.698,hit,false,0.000,12,304.504,74,GEOS_0.5x0.625/MERRA2/2019/07/MERRA2.20190701.A3cld.05x0625.nc4
2524.781,hit,false,0.000,12,304.586,75,GEOS_0.5x0.625/MERRA2/2019/07/MERRA2.20190701.A3cld.05x0625.nc4
2524.805,hit,false,0.000,12,304.610,75,GEOS_0.5x0.625/MERRA2/2019/07/MERRA2.20190701.A3cld.05x0625.nc4
2524.845,hit,false,0.000,12,304.649,75,GEOS_0.5x0.625/MERRA2/2019/07/MERRA2.20190701.A3cld.05x0625.nc4
2524.868,hit,false,0.000,12,304.672,75,GEOS_0.5x0.625/MERRA2/2019/07/MERRA2.20190701.A3cld.05x0625.nc4
2524.902,hit,false,0.000,12,304.707,75,GEOS_0.5x0.625/MERRA2/2019/07/MERRA2.20190701.A3cld.05x0625.nc4
2524.927,hit,false,0.000,12,304.732,75,GEOS_0.5x0.625/MERRA2/2019/07/MERRA2.20190701.A3cld.05x0625.nc4
2524.960,hit,false,0.000,12,304.764,75,GEOS_0.5x0.625/MERRA2/2019/07/MERRA2.20190701.A3cld.05x0625.nc4
2524.985,hit,false,0.000,12,304.789,75,GEOS_0.5x0.625/MERRA2/2019/07/MERRA2.20190701.A3cld.05x0625.nc4
2525.017,hit,false,0.000,12,304.820,76,GEOS_0.5x0.625/MERRA2/2019/07/MERRA2.20190701.A3cld.05x0625.nc4
2525.046,hit,false,0.000,12,304.849,76,GEOS_0.5x0.625/MERRA2/2019/07/MERRA2.20190701.A3cld.05x0625.nc4
2525.077,hit,false,0.000,12,304.881,76,GEOS_0.5x0.625/MERRA2/2019/07/MERRA2.20190701.A3cld.05x0625.nc4
2525.109,hit,false,0.000,12,304.912,76,GEOS_0.5x0.625/MERRA2/2019/07/MERRA2.20190701.A3cld.05x0625.nc4
2525.133,hit,false,0.000,12,304.936,76,GEOS_0.5x0.625/MERRA2/2019/07/MERRA2.20190701.A3cld.05x0625.nc4
2525.170,hit,false,0.000,12,304.974,76,GEOS_0.5x0.625/MERRA2/2019/07/MERRA2.20190701.A3cld.05x0625.nc4
2525.195,hit,false,0.000,12,304.998,76,GEOS_0.5x0.625/MERRA2/2019/07/MERRA2.20190701.A3cld.05x0625.nc4
2525.227,hit,false,0.000,12,305.030,76,GEOS_0.5x0.625/MERRA2/2019/07/MERRA2.20190701.A3cld.05x0625.nc4
2525.251,hit,false,0.000,12,305.053,77,GEOS_0.5x0.625/MERRA2/2019/07/MERRA2.20190701.A3cld.05x0625.nc4
2525.291,hit,false,0.000,12,305.093,77,GEOS_0.5x0.625/MERRA2/2019/07/MERRA2.20190701.A3cld.05x0625.nc4
2525.313,hit,false,0.000,12,305.115,77,GEOS_0.5x0.625/MERRA2/2019/07/MERRA2.20190701.A3cld.05x0625.nc4
2525.350,hit,false,0.000,12,305.152,77,GEOS_0.5x0.625/MERRA2/2019/07/MERRA2.20190701.A3cld.05x0625.nc4
2525.372,hit,false,0.000,12,305.174,77,GEOS_0.5x0.625/MERRA2/2019/07/MERRA2.20190701.A3cld.05x0625.nc4
2525.408,hit,false,0.000,12,305.210,77,GEOS_0.5x0.625/MERRA2/2019/07/MERRA2.20190701.A3cld.05x0625.nc4
2525.430,hit,false,0.000,12,305.232,77,GEOS_0.5x0.625/MERRA2/2019/07/MERRA2.20190701.A3cld.05x0625.nc4
2525.464,hit,false,0.000,12,305.266,77,GEOS_0.5x0.625/MERRA2/2019/07/MERRA2.20190701.A3cld.05x0625.nc4
2525.488,hit,false,0.000,12,305.286,78,GEOS_0.5x0.625/MERRA2/2019/07/MERRA2.20190701.A3cld.05x0625.nc4
2525.521,hit,false,0.000,12,305.318,78,GEOS_0.5x0.625/MERRA2/2019/07/MERRA2.20190701.A3cld.05x0625.nc4
2525.546,hit,false,0.000,12,305.344,78,GEOS_0.5x0.625/MERRA2/2019/07/MERRA2.20190701.A3cld.05x0625.nc4
2525.579,hit,false,0.000,12,305.377,78,GEOS_0.5x0.625/MERRA2/2019/07/MERRA2.20190701.A3cld.05x0625.nc4
2525.626,hit,false,0.000,12,305.424,78,GEOS_0.5x0.625/MERRA2/2019/07/MERRA2.20190701.A3cld.05x0625.nc4
2525.650,hit,false,0.000,12,305.447,78,GEOS_0.5x0.625/MERRA2/2019/07/MERRA2.20190701.A3cld.05x0625.nc4
2525.690,hit,false,0.000,12,305.487,78,GEOS_0.5x0.625/MERRA2/2019/07/MERRA2.20190701.A3cld.05x0625.nc4
2525.711,hit,false,0.000,12,305.508,78,GEOS_0.5x0.625/MERRA2/2019/07/MERRA2.20190701.A3cld.05x0625.nc4
2525.785,hit,false,0.000,12,305.581,79,GEOS_0.5x0.625/MERRA2/2019/07/MERRA2.20190701.A3cld.05x0625.nc4
2525.808,hit,false,0.000,12,305.605,79,GEOS_0.5x0.625/MERRA2/2019/07/MERRA2.20190701.A3cld.05x0625.nc4
2525.847,hit,false,0.000,12,305.643,79,GEOS_0.5x0.625/MERRA2/2019/07/MERRA2.20190701.A3cld.05x0625.nc4
2525.870,hit,false,0.000,12,305.666,79,GEOS_0.5x0.625/MERRA2/2019/07/MERRA2.20190701.A3cld.05x0625.nc4
2525.904,hit,false,0.000,12,305.700,79,GEOS_0.5x0.625/MERRA2/2019/07/MERRA2.20190701.A3cld.05x0625.nc4
2525.929,hit,false,0.000,12,305.726,79,GEOS_0.5x0.625/MERRA2/2019/07/MERRA2.20190701.A3cld.05x0625.nc4
2525.960,hit,false,0.000,12,305.757,79,GEOS_0.5x0.625/MERRA2/2019/07/MERRA2.20190701.A3cld.05x0625.nc4
2525.985,hit,false,0.000,12,305.782,79,GEOS_0.5x0.625/MERRA2/2019/07/MERRA2.20190701.A3cld.05x0625.nc4
2526.020,hit,false,0.000,12,305.999,80,GEOS_0.5x0.625/MERRA2/2019/07/MERRA2.20190701.A3cld.05x0625.nc4
2526.047,hit,false,0.000,12,306.026,80,GEOS_0.5x0.625/MERRA2/2019/07/MERRA2.20190701.A3cld.05x0625.nc4
2526.084,hit,false,0.000,12,306.063,80,GEOS_0.5x0.625/MERRA2/2019/07/MERRA2.20190701.A3cld.05x0625.nc4
2526.109,hit,false,0.000,12,306.087,80,GEOS_0.5x0.625/MERRA2/2019/07/MERRA2.20190701.A3cld.05x0625.nc4
2526.141,hit,false,0.000,11,306.119,80,GEOS_0.5x0.625/MERRA2/2019/07/MERRA2.20190701.A3cld.05x0625.nc4
2526.167,hit,false,0.000,11,306.146,80,GEOS_0.5x0.625/MERRA2/2019/07/MERRA2.20190701.A3cld.05x0625.nc4
2526.199,hit,false,0.000,11,306.178,80,GEOS_0.5x0.625/MERRA2/2019/07/MERRA2.20190701.A3cld.05x0625.nc4
2526.226,hit,false,0.000,11,306.205,80,GEOS_0.5x0.625/MERRA2/2019/07/MERRA2.20190701.A3cld.05x0625.nc4
2526.257,hit,false,0.000,11,305.874,81,GEOS_0.5x0.625/MERRA2/2019/07/MERRA2.20190701.A3cld.05x0625.nc4
2526.289,hit,false,0.000,11,305.906,81,GEOS_0.5x0.625/MERRA2/2019/07/MERRA2.20190701.A3cld.05x0625.nc4
2526.320,hit,false,0.000,11,305.937,81,GEOS_0.5x0.625/MERRA2/2019/07/MERRA2.20190701.A3cld.05x0625.nc4
2526.348,hit,false,0.000,11,305.965,81,GEOS_0.5x0.625/MERRA2/2019/07/MERRA2.20190701.A3cld.05x0625.nc4
2526.449,hit,false,0.000,11,306.066,81,GEOS_0.5x0.625/MERRA2/2019/07/MERRA2.20190701.A3cld.05x0625.nc4
2526.471,hit,false,0.000,11,306.088,81,GEOS_0.5x0.625/MERRA2/2019/07/MERRA2.20190701.A3cld.05x0625.nc4
2526.505,hit,false,0.000,11,306.122,81,GEOS_0.5x0.625/MERRA2/2019/07/MERRA2.20190701.A3cld.05x0625.nc4
2526.529,hit,false,0.000,11,306.146,81,GEOS_0.5x0.625/MERRA2/2019/07/MERRA2.20190701.A3cld.05x0625.nc4
2526.561,hit,false,0.000,11,306.176,82,GEOS_0.5x0.625/MERRA2/2019/07/MERRA2.20190701.A3cld.05x0625.nc4
2526.589,hit,false,0.000,11,306.204,82,GEOS_0.5x0.625/MERRA2/2019/07/MERRA2.20190701.A3cld.05x0625.nc4
2526.622,hit,false,0.000,11,306.237,82,GEOS_0.5x0.625/MERRA2/2019/07/MERRA2.20190701.A3cld.05x0625.nc4
2526.647,hit,false,0.000,11,306.262,82,GEOS_0.5x0.625/MERRA2/2019/07/MERRA2.20190701.A3cld.05x0625.nc4
2526.680,hit,false,0.000,11,306.295,82,GEOS_0.5x0.625/MERRA2/2019/07/MERRA2.20190701.A3cld.05x0625.nc4
2526.702,hit,false,0.000,11,306.316,82,GEOS_0.5x0.625/MERRA2/2019/07/MERRA2.20190701.A3cld.05x0625.nc4
2526.734,hit,false,0.000,11,306.348,82,GEOS_0.5x0.625/MERRA2/2019/07/MERRA2.20190701.A3cld.05x0625.nc4
2526.759,hit,false,0.000,10,306.374,82,GEOS_0.5x0.625/MERRA2/2019/07/MERRA2.20190701.A3cld.05x0625.nc4
2526.792,hit,false,0.000,10,306.404,83,GEOS_0.5x0.625/MERRA2/2019/07/MERRA2.20190701.A3cld.05x0625.nc4
2526.839,hit,false,0.000,10,306.452,83,GEOS_0.5x0.625/MERRA2/2019/07/MERRA2.20190701.A3cld.05x0625.nc4
2526.861,hit,false,0.000,10,306.473,83,GEOS_0.5x0.625/MERRA2/2019/07/MERRA2.20190701.A3cld.05x0625.nc4
2526.900,hit,false,0.000,10,306.513,83,GEOS_0.5x0.625/MERRA2/2019/07/MERRA2.20190701.A3cld.05x0625.nc4
2526.922,hit,false,0.000,10,306.534,83,GEOS_0.5x0.625/MERRA2/2019/07/MERRA2.20190701.A3cld.05x0625.nc4
2526.963,hit,false,0.000,10,306.575,83,GEOS_0.5x0.625/MERRA2/2019/07/MERRA2.20190701.A3cld.05x0625.nc4
2526.986,hit,false,0.000,10,306.598,83,GEOS_0.5x0.625/MERRA2/2019/07/MERRA2.20190701.A3cld.05x0625.nc4
2527.026,hit,false,0.000,10,306.638,83,GEOS_0.5x0.625/MERRA2/2019/07/MERRA2.20190701.A3cld.05x0625.nc4
2527.048,hit,false,0.000,10,306.653,84,GEOS_0.5x0.625/MERRA2/2019/07/MERRA2.20190701.A3cld.05x0625.nc4
2527.084,hit,false,0.000,10,306.689,84,GEOS_0.5x0.625/MERRA2/2019/07/MERRA2.20190701.A3cld.05x0625.nc4
2527.109,hit,false,0.000,10,306.714,84,GEOS_0.5x0.625/MERRA2/2019/07/MERRA2.20190701.A3cld.05x0625.nc4
2527.142,hit,false,0.000,10,306.747,84,GEOS_0.5x0.625/MERRA2/2019/07/MERRA2.20190701.A3cld.05x0625.nc4
2527.165,hit,false,0.000,10,306.770,84,GEOS_0.5x0.625/MERRA2/2019/07/MERRA2.20190701.A3cld.05x0625.nc4
2527.200,hit,false,0.000,10,306.805,84,GEOS_0.5x0.625/MERRA2/2019/07/MERRA2.20190701.A3cld.05x0625.nc4
2527.223,hit,false,0.000,10,306.828,84,GEOS_0.5x0.625/MERRA2/2019/07/MERRA2.20190701.A3cld.05x0625.nc4
2527.257,hit,false,0.000,10,306.862,84,GEOS_0.5x0.625/MERRA2/2019/07/MERRA2.20190701.A3cld.05x0625.nc4
2527.285,hit,false,0.000,10,306.888,85,GEOS_0.5x0.625/MERRA2/2019/07/MERRA2.20190701.A3cld.05x0625.nc4
2527.318,hit,false,0.000,10,306.921,85,GEOS_0.5x0.625/MERRA2/2019/07/MERRA2.20190701.A3cld.05x0625.nc4
2527.344,hit,false,0.000,10,306.947,85,GEOS_0.5x0.625/MERRA2/2019/07/MERRA2.20190701.A3cld.05x0625.nc4
2527.374,hit,false,0.000,10,306.977,85,GEOS_0.5x0.625/MERRA2/2019/07/MERRA2.20190701.A3cld.05x0625.nc4
2527.400,hit,false,0.000,10,307.002,85,GEOS_0.5x0.625/MERRA2/2019/07/MERRA2.20190701.A3cld.05x0625.nc4
2527.429,hit,false,0.000,10,307.032,85,GEOS_0.5x0.625/MERRA2/2019/07/MERRA2.20190701.A3cld.05x0625.nc4
2527.459,hit,false,0.000,10,307.062,85,GEOS_0.5x0.625/MERRA2/2019/07/MERRA2.20190701.A3cld.05x0625.nc4
2527.483,hit,false,0.000,10,307.086,85,GEOS_0.5x0.625/MERRA2/2019/07/MERRA2.20190701.A3cld.05x0625.nc4
2527.520,hit,false,0.000,10,307.121,86,GEOS_0.5x0.625/MERRA2/2019/07/MERRA2.20190701.A3cld.05x0625.nc4
2527.545,hit,false,0.000,10,307.146,86,GEOS_0.5x0.625/MERRA2/2019/07/MERRA2.20190701.A3cld.05x0625.nc4
2527.579,hit,false,0.000,10,307.180,86,GEOS_0.5x0.625/MERRA2/2019/07/MERRA2.20190701.A3cld.05x0625.nc4
2527.605,hit,false,0.000,10,307.205,86,GEOS_0.5x0.625/MERRA2/2019/07/MERRA2.20190701.A3cld.05x0625.nc4
2527.637,hit,false,0.000,10,307.237,86,GEOS_0.5x0.625/MERRA2/2019/07/MERRA2.20190701.A3cld.05x0625.nc4
2527.687,hit,false,0.000,10,307.288,86,GEOS_0.5x0.625/MERRA2/2019/07/MERRA2.20190701.A3cld.05x0625.nc4
2527.709,hit,false,0.000,10,307.310,86,GEOS_0.5x0.625/MERRA2/2019/07/MERRA2.20190701.A3cld.05x0625.nc4
2527.742,hit,false,0.000,10,307.343,86,GEOS_0.5x0.625/MERRA2/2019/07/MERRA2.20190701.A3cld.05x0625.nc4
2527.768,hit,false,0.000,10,307.368,87,GEOS_0.5x0.625/MERRA2/2019/07/MERRA2.20190701.A3cld.05x0625.nc4
2527.802,hit,false,0.000,10,307.401,87,GEOS_0.5x0.625/MERRA2/2019/07/MERRA2.20190701.A3cld.05x0625.nc4
2527.825,hit,false,0.000,10,307.425,87,GEOS_0.5x0.625/MERRA2/2019/07/MERRA2.20190701.A3cld.05x0625.nc4
2527.860,hit,false,0.000,10,307.460,87,GEOS_0.5x0.625/MERRA2/2019/07/MERRA2.20190701.A3cld.05x0625.nc4
2527.914,hit,false,0.000,10,307.513,87,GEOS_0.5x0.625/MERRA2/2019/07/MERRA2.20190701.A3cld.05x0625.nc4
2527.934,hit,false,0.000,10,307.533,87,GEOS_0.5x0.625/MERRA2/2019/07/MERRA2.20190701.A3cld.05x0625.nc4
2527.977,hit,false,0.000,10,307.577,87,GEOS_0.5x0.625/MERRA2/2019/07/MERRA2.20190701.A3cld.05x0625.nc4
2527.999,hit,false,0.000,10,307.598,87,GEOS_0.5x0.625/MERRA2/2019/07/MERRA2.20190701.A3cld.05x0625.nc4
2528.038,hit,false,0.000,10,308.272,88,GEOS_0.5x0.625/MERRA2/2019/07/MERRA2.20190701.A3cld.05x0625.nc4
2528.063,hit,false,0.000,10,308.297,88,GEOS_0.5x0.625/MERRA2/2019/07/MERRA2.20190701.A3cld.05x0625.nc4
2528.107,hit,false,0.000,10,308.341,88,GEOS_0.5x0.625/MERRA2/2019/07/MERRA2.20190701.A3cld.05x0625.nc4
2528.128,hit,false,0.000,10,308.362,88,GEOS_0.5x0.625/MERRA2/2019/07/MERRA2.20190701.A3cld.05x0625.nc4
2528.164,hit,false,0.000,10,308.398,88,GEOS_0.5x0.625/MERRA2/2019/07/MERRA2.20190701.A3cld.05x0625.nc4
2528.186,hit,false,0.000,10,308.420,88,GEOS_0.5x0.625/MERRA2/2019/07/MERRA2.20190701.A3cld.05x0625.nc4
2528.222,hit,false,0.000,10,308.456,88,GEOS_0.5x0.625/MERRA2/2019/07/MERRA2.20190701.A3cld.05x0625.nc4
2528.245,hit,false,0.000,10,308.479,88,GEOS_0.5x0.625/MERRA2/2019/07/MERRA2.20190701.A3cld.05x0625.nc4
2528.283,hit,false,0.000,10,308.509,89,GEOS_0.5x0.625/MERRA2/2019/07/MERRA2.20190701.A3cld.05x0625.nc4
2528.307,hit,false,0.000,10,308.533,89,GEOS_0.5x0.625/MERRA2/2019/07/MERRA2.20190701.A3cld.05x0625.nc4
2528.347,hit,false,0.000,10,308.573,89,GEOS_0.5x0.625/MERRA2/2019/07/MERRA2.20190701.A3cld.05x0625.nc4
2528.440,hit,false,0.000,10,308.667,89,GEOS_0.5x0.625/MERRA2/2019/07/MERRA2.20190701.A3cld.05x0625.nc4
2528.463,hit,false,0.000,10,308.689,89,GEOS_0.5x0.625/MERRA2/2019/07/MERRA2.20190701.A3cld.05x0625.nc4
2528.500,hit,false,0.000,10,308.726,89,GEOS_0.5x0.625/MERRA2/2019/07/MERRA2.20190701.A3cld.05x0625.nc4
2528.525,hit,false,0.000,10,308.752,89,GEOS_0.5x0.625/MERRA2/2019/07/MERRA2.20190701.A3cld.05x0625.nc4
2528.564,hit,false,0.000,10,308.791,89,GEOS_0.5x0.625/MERRA2/2019/07/MERRA2.20190701.A3cld.05x0625.nc4
2528.587,hit,false,0.000,10,308.811,90,GEOS_0.5x0.625/MERRA2/2019/07/MERRA2.20190701.A3cld.05x0625.nc4
2528.622,hit,false,0.000,10,308.846,90,GEOS_0.5x0.625/MERRA2/2019/07/MERRA2.20190701.A3cld.05x0625.nc4
2528.647,hit,false,0.000,10,308.871,90,GEOS_0.5x0.625/MERRA2/2019/07/MERRA2.20190701.A3cld.05x0625.nc4
2528.677,hit,false,0.000,10,308.901,90,GEOS_0.5x0.625/MERRA2/2019/07/MERRA2.20190701.A3cld.05x0625.nc4
2528.702,hit,false,0.000,10,308.926,90,GEOS_0.5x0.625/MERRA2/2019/07/MERRA2.20190701.A3cld.05x0625.nc4
2528.735,hit,false,0.000,10,308.959,90,GEOS_0.5x0.625/MERRA2/2019/07/MERRA2.20190701.A3cld.05x0625.nc4
2528.763,hit,false,0.000,10,308.987,90,GEOS_0.5x0.625/MERRA2/2019/07/MERRA2.20190701.A3cld.05x0625.nc4
2528.795,hit,false,0.000,10,309.018,90,GEOS_0.5x0.625/MERRA2/2019/07/MERRA2.20190701.A3cld.05x0625.nc4
2528.817,uncovered,false,3.057,8,309.038,91,GEOS_0.5x0.625/MERRA2/2019/07/MERRA2.20190701.A3cld.05x0625.nc4
2528.852,uncovered,false,3.011,8,309.074,91,GEOS_0.5x0.625/MERRA2/2019/07/MERRA2.20190701.A3cld.05x0625.nc4
2531.961,hit,false,0.000,8,312.183,91,GEOS_0.5x0.625/MERRA2/2019/07/MERRA2.20190701.A3cld.05x0625.nc4
2531.981,hit,false,0.000,8,312.203,91,GEOS_0.5x0.625/MERRA2/2019/07/MERRA2.20190701.A3cld.05x0625.nc4
2532.032,hit,false,0.000,8,312.253,91,GEOS_0.5x0.625/MERRA2/2019/07/MERRA2.20190701.A3cld.05x0625.nc4
2532.058,hit,false,0.000,8,312.280,91,GEOS_0.5x0.625/MERRA2/2019/07/MERRA2.20190701.A3cld.05x0625.nc4
2532.094,hit,false,0.000,8,312.316,91,GEOS_0.5x0.625/MERRA2/2019/07/MERRA2.20190701.A3cld.05x0625.nc4
2532.123,hit,false,0.000,8,312.345,91,GEOS_0.5x0.625/MERRA2/2019/07/MERRA2.20190701.A3cld.05x0625.nc4
2532.153,uncovered,false,9.116,4,312.373,92,GEOS_0.5x0.625/MERRA2/2019/07/MERRA2.20190701.A3cld.05x0625.nc4
2532.181,uncovered,false,9.063,4,312.401,92,GEOS_0.5x0.625/MERRA2/2019/07/MERRA2.20190701.A3cld.05x0625.nc4
2541.342,hit,false,0.000,4,321.562,92,GEOS_0.5x0.625/MERRA2/2019/07/MERRA2.20190701.A3cld.05x0625.nc4
2541.366,hit,false,0.000,4,321.586,92,GEOS_0.5x0.625/MERRA2/2019/07/MERRA2.20190701.A3cld.05x0625.nc4
2541.404,hit,false,0.000,4,321.624,92,GEOS_0.5x0.625/MERRA2/2019/07/MERRA2.20190701.A3cld.05x0625.nc4
2541.432,hit,false,0.000,4,321.652,92,GEOS_0.5x0.625/MERRA2/2019/07/MERRA2.20190701.A3cld.05x0625.nc4
2541.470,hit,false,0.000,4,321.690,92,GEOS_0.5x0.625/MERRA2/2019/07/MERRA2.20190701.A3cld.05x0625.nc4
2541.492,hit,false,0.000,4,321.712,92,GEOS_0.5x0.625/MERRA2/2019/07/MERRA2.20190701.A3cld.05x0625.nc4
2541.530,uncovered,false,10.091,2,321.748,93,GEOS_0.5x0.625/MERRA2/2019/07/MERRA2.20190701.A3cld.05x0625.nc4
2541.559,uncovered,false,10.004,2,321.777,93,GEOS_0.5x0.625/MERRA2/2019/07/MERRA2.20190701.A3cld.05x0625.nc4
2551.692,hit,false,0.000,2,331.910,93,GEOS_0.5x0.625/MERRA2/2019/07/MERRA2.20190701.A3cld.05x0625.nc4
2551.713,hit,false,0.000,2,331.931,93,GEOS_0.5x0.625/MERRA2/2019/07/MERRA2.20190701.A3cld.05x0625.nc4
2551.757,hit,false,0.000,2,331.975,93,GEOS_0.5x0.625/MERRA2/2019/07/MERRA2.20190701.A3cld.05x0625.nc4
2551.778,hit,false,0.000,2,331.996,93,GEOS_0.5x0.625/MERRA2/2019/07/MERRA2.20190701.A3cld.05x0625.nc4
2551.819,hit,false,0.000,2,332.037,93,GEOS_0.5x0.625/MERRA2/2019/07/MERRA2.20190701.A3cld.05x0625.nc4
2551.840,hit,false,0.000,2,332.059,93,GEOS_0.5x0.625/MERRA2/2019/07/MERRA2.20190701.A3cld.05x0625.nc4
2551.876,uncovered,false,9.154,1,332.092,94,GEOS_0.5x0.625/MERRA2/2019/07/MERRA2.20190701.A3cld.05x0625.nc4
2551.908,uncovered,false,9.062,1,332.124,94,GEOS_0.5x0.625/MERRA2/2019/07/MERRA2.20190701.A3cld.05x0625.nc4
2561.228,hit,false,0.000,1,341.445,94,GEOS_0.5x0.625/MERRA2/2019/07/MERRA2.20190701.A3cld.05x0625.nc4
2561.257,hit,false,0.000,1,341.473,94,GEOS_0.5x0.625/MERRA2/2019/07/MERRA2.20190701.A3cld.05x0625.nc4
2561.346,hit,false,0.000,1,341.562,94,GEOS_0.5x0.625/MERRA2/2019/07/MERRA2.20190701.A3cld.05x0625.nc4
2561.374,hit,false,0.000,1,341.590,94,GEOS_0.5x0.625/MERRA2/2019/07/MERRA2.20190701.A3cld.05x0625.nc4
2561.413,hit,false,0.000,1,341.629,94,GEOS_0.5x0.625/MERRA2/2019/07/MERRA2.20190701.A3cld.05x0625.nc4
2561.452,hit,false,0.000,1,341.668,94,GEOS_0.5x0.625/MERRA2/2019/07/MERRA2.20190701.A3cld.05x0625.nc4
2561.485,uncovered,false,9.829,0,341.700,95,GEOS_0.5x0.625/MERRA2/2019/07/MERRA2.20190701.A3cld.05x0625.nc4
2561.518,uncovered,false,9.847,0,341.733,95,GEOS_0.5x0.625/MERRA2/2019/07/MERRA2.20190701.A3cld.05x0625.nc4
2571.406,hit,false,0.000,0,351.621,95,GEOS_0.5x0.625/MERRA2/2019/07/MERRA2.20190701.A3cld.05x0625.nc4
2571.444,hit,false,0.000,0,351.658,95,GEOS_0.5x0.625/MERRA2/2019/07/MERRA2.20190701.A3cld.05x0625.nc4
2571.487,hit,false,0.000,0,351.701,95,GEOS_0.5x0.625/MERRA2/2019/07/MERRA2.20190701.A3cld.05x0625.nc4
2571.512,hit,false,0.000,0,351.726,95,GEOS_0.5x0.625/MERRA2/2019/07/MERRA2.20190701.A3cld.05x0625.nc4
2571.545,hit,false,0.000,0,351.759,95,GEOS_0.5x0.625/MERRA2/2019/07/MERRA2.20190701.A3cld.05x0625.nc4
2571.570,hit,false,0.000,0,351.784,95,GEOS_0.5x0.625/MERRA2/2019/07/MERRA2.20190701.A3cld.05x0625.nc4
2571.598,hit,false,0.000,0,351.746,96,GEOS_0.5x0.625/MERRA2/2019/07/MERRA2.20190701.A3cld.05x0625.nc4
2571.631,hit,false,0.000,0,351.779,96,GEOS_0.5x0.625/MERRA2/2019/07/MERRA2.20190701.A3cld.05x0625.nc4
2571.668,hit,false,0.000,0,351.815,96,GEOS_0.5x0.625/MERRA2/2019/07/MERRA2.20190701.A3cld.05x0625.nc4
2571.690,hit,false,0.000,0,351.838,96,GEOS_0.5x0.625/MERRA2/2019/07/MERRA2.20190701.A3cld.05x0625.nc4
2571.726,hit,false,0.000,0,351.874,96,GEOS_0.5x0.625/MERRA2/2019/07/MERRA2.20190701.A3cld.05x0625.nc4
2571.749,hit,false,0.000,0,351.897,96,GEOS_0.5x0.625/MERRA2/2019/07/MERRA2.20190701.A3cld.05x0625.nc4
2571.783,hit,false,0.000,0,351.931,96,GEOS_0.5x0.625/MERRA2/2019/07/MERRA2.20190701.A3cld.05x0625.nc4
2571.807,hit,false,0.000,0,351.955,96,GEOS_0.5x0.625/MERRA2/2019/07/MERRA2.20190701.A3cld.05x0625.nc4
2571.841,hit,false,0.000,0,351.985,97,GEOS_0.5x0.625/MERRA2/2019/07/MERRA2.20190701.A3cld.05x0625.nc4
2571.867,hit,false,0.000,0,352.012,97,GEOS_0.5x0.625/MERRA2/2019/07/MERRA2.20190701.A3cld.05x0625.nc4
2571.907,hit,false,0.000,0,352.052,97,GEOS_0.5x0.625/MERRA2/2019/07/MERRA2.20190701.A3cld.05x0625.nc4
2571.931,hit,false,0.000,0,352.076,97,GEOS_0.5x0.625/MERRA2/2019/07/MERRA2.20190701.A3cld.05x0625.nc4
2571.964,hit,false,0.000,0,352.109,97,GEOS_0.5x0.625/MERRA2/2019/07/MERRA2.20190701.A3cld.05x0625.nc4
2571.991,hit,false,0.000,0,352.135,97,GEOS_0.5x0.625/MERRA2/2019/07/MERRA2.20190701.A3cld.05x0625.nc4
2572.024,hit,false,0.000,0,352.168,97,GEOS_0.5x0.625/MERRA2/2019/07/MERRA2.20190701.A3cld.05x0625.nc4
2572.047,hit,false,0.000,0,352.191,97,GEOS_0.5x0.625/MERRA2/2019/07/MERRA2.20190701.A3cld.05x0625.nc4
2572.080,hit,false,0.000,0,352.222,98,GEOS_0.5x0.625/MERRA2/2019/07/MERRA2.20190701.A3cld.05x0625.nc4
2572.109,hit,false,0.000,0,352.251,98,GEOS_0.5x0.625/MERRA2/2019/07/MERRA2.20190701.A3cld.05x0625.nc4
2572.213,hit,false,0.000,0,352.356,98,GEOS_0.5x0.625/MERRA2/2019/07/MERRA2.20190701.A3cld.05x0625.nc4
2572.236,hit,false,0.000,0,352.379,98,GEOS_0.5x0.625/MERRA2/2019/07/MERRA2.20190701.A3cld.05x0625.nc4
2572.270,hit,false,0.000,0,352.412,98,GEOS_0.5x0.625/MERRA2/2019/07/MERRA2.20190701.A3cld.05x0625.nc4
2572.296,hit,false,0.000,0,352.438,98,GEOS_0.5x0.625/MERRA2/2019/07/MERRA2.20190701.A3cld.05x0625.nc4
2572.328,hit,false,0.000,0,352.470,98,GEOS_0.5x0.625/MERRA2/2019/07/MERRA2.20190701.A3cld.05x0625.nc4
2572.352,hit,false,0.000,0,352.494,98,GEOS_0.5x0.625/MERRA2/2019/07/MERRA2.20190701.A3cld.05x0625.nc4
2572.391,hit,false,0.000,0,352.532,99,GEOS_0.5x0.625/MERRA2/2019/07/MERRA2.20190701.A3cld.05x0625.nc4
2572.417,hit,false,0.000,0,352.558,99,GEOS_0.5x0.625/MERRA2/2019/07/MERRA2.20190701.A3cld.05x0625.nc4
2572.453,hit,false,0.000,0,352.593,99,GEOS_0.5x0.625/MERRA2/2019/07/MERRA2.20190701.A3cld.05x0625.nc4
2572.477,hit,false,0.000,0,352.618,99,GEOS_0.5x0.625/MERRA2/2019/07/MERRA2.20190701.A3cld.05x0625.nc4
2572.509,hit,false,0.000,0,352.650,99,GEOS_0.5x0.625/MERRA2/2019/07/MERRA2.20190701.A3cld.05x0625.nc4
2572.533,hit,false,0.000,0,352.674,99,GEOS_0.5x0.625/MERRA2/2019/07/MERRA2.20190701.A3cld.05x0625.nc4
2572.567,hit,false,0.000,0,352.708,99,GEOS_0.5x0.625/MERRA2/2019/07/MERRA2.20190701.A3cld.05x0625.nc4
2572.589,hit,false,0.000,0,352.730,99,GEOS_0.5x0.625/MERRA2/2019/07/MERRA2.20190701.A3cld.05x0625.nc4
2572.627,hit,false,0.000,0,352.767,100,GEOS_0.5x0.625/MERRA2/2019/07/MERRA2.20190701.A3cld.05x0625.nc4
2572.652,hit,false,0.000,0,352.792,100,GEOS_0.5x0.625/MERRA2/2019/07/MERRA2.20190701.A3cld.05x0625.nc4
2572.685,hit,false,0.000,0,352.825,100,GEOS_0.5x0.625/MERRA2/2019/07/MERRA2.20190701.A3cld.05x0625.nc4
2572.710,hit,false,0.000,0,352.850,100,GEOS_0.5x0.625/MERRA2/2019/07/MERRA2.20190701.A3cld.05x0625.nc4
2572.743,hit,false,0.000,0,352.882,100,GEOS_0.5x0.625/MERRA2/2019/07/MERRA2.20190701.A3cld.05x0625.nc4
2572.766,hit,false,0.000,0,352.905,100,GEOS_0.5x0.625/MERRA2/2019/07/MERRA2.20190701.A3cld.05x0625.nc4
2572.799,hit,false,0.000,0,352.938,100,GEOS_0.5x0.625/MERRA2/2019/07/MERRA2.20190701.A3cld.05x0625.nc4
2572.825,hit,false,0.000,0,352.964,100,GEOS_0.5x0.625/MERRA2/2019/07/MERRA2.20190701.A3cld.05x0625.nc4
2572.855,hit,false,0.000,0,352.993,101,GEOS_0.5x0.625/MERRA2/2019/07/MERRA2.20190701.A3cld.05x0625.nc4
2572.881,hit,false,0.000,0,353.018,101,GEOS_0.5x0.625/MERRA2/2019/07/MERRA2.20190701.A3cld.05x0625.nc4
2572.914,hit,false,0.000,0,353.051,101,GEOS_0.5x0.625/MERRA2/2019/07/MERRA2.20190701.A3cld.05x0625.nc4
2572.938,hit,false,0.000,0,353.076,101,GEOS_0.5x0.625/MERRA2/2019/07/MERRA2.20190701.A3cld.05x0625.nc4
2572.969,hit,false,0.000,0,353.106,101,GEOS_0.5x0.625/MERRA2/2019/07/MERRA2.20190701.A3cld.05x0625.nc4
2572.993,hit,false,0.000,0,353.130,101,GEOS_0.5x0.625/MERRA2/2019/07/MERRA2.20190701.A3cld.05x0625.nc4
2573.023,hit,false,0.000,0,353.161,101,GEOS_0.5x0.625/MERRA2/2019/07/MERRA2.20190701.A3cld.05x0625.nc4
2573.048,hit,false,0.000,0,353.186,101,GEOS_0.5x0.625/MERRA2/2019/07/MERRA2.20190701.A3cld.05x0625.nc4
2573.079,hit,false,0.000,0,353.215,102,GEOS_0.5x0.625/MERRA2/2019/07/MERRA2.20190701.A3cld.05x0625.nc4
2573.106,hit,false,0.000,0,353.242,102,GEOS_0.5x0.625/MERRA2/2019/07/MERRA2.20190701.A3cld.05x0625.nc4
2573.139,hit,false,0.000,0,353.275,102,GEOS_0.5x0.625/MERRA2/2019/07/MERRA2.20190701.A3cld.05x0625.nc4
2573.162,hit,false,0.000,0,353.298,102,GEOS_0.5x0.625/MERRA2/2019/07/MERRA2.20190701.A3cld.05x0625.nc4
2573.193,hit,false,0.000,0,353.329,102,GEOS_0.5x0.625/MERRA2/2019/07/MERRA2.20190701.A3cld.05x0625.nc4
2573.220,hit,false,0.000,0,353.356,102,GEOS_0.5x0.625/MERRA2/2019/07/MERRA2.20190701.A3cld.05x0625.nc4
2573.250,hit,false,0.000,0,353.385,102,GEOS_0.5x0.625/MERRA2/2019/07/MERRA2.20190701.A3cld.05x0625.nc4
2573.276,hit,false,0.000,0,353.412,102,GEOS_0.5x0.625/MERRA2/2019/07/MERRA2.20190701.A3cld.05x0625.nc4
2573.306,hit,false,0.000,0,353.065,103,GEOS_0.5x0.625/MERRA2/2019/07/MERRA2.20190701.A3cld.05x0625.nc4
2573.338,hit,false,0.000,0,353.097,103,GEOS_0.5x0.625/MERRA2/2019/07/MERRA2.20190701.A3cld.05x0625.nc4
2573.368,hit,false,0.000,0,353.127,103,GEOS_0.5x0.625/MERRA2/2019/07/MERRA2.20190701.A3cld.05x0625.nc4
2573.391,hit,false,0.000,0,353.150,103,GEOS_0.5x0.625/MERRA2/2019/07/MERRA2.20190701.A3cld.05x0625.nc4
2573.422,hit,false,0.000,0,353.180,103,GEOS_0.5x0.625/MERRA2/2019/07/MERRA2.20190701.A3cld.05x0625.nc4
2573.447,hit,false,0.000,0,353.205,103,GEOS_0.5x0.625/MERRA2/2019/07/MERRA2.20190701.A3cld.05x0625.nc4
2573.477,hit,false,0.000,0,353.235,103,GEOS_0.5x0.625/MERRA2/2019/07/MERRA2.20190701.A3cld.05x0625.nc4
2573.499,hit,false,0.000,0,353.258,103,GEOS_0.5x0.625/MERRA2/2019/07/MERRA2.20190701.A3cld.05x0625.nc4
2573.535,hit,false,0.000,0,353.668,104,GEOS_0.5x0.625/MERRA2/2019/07/MERRA2.20190701.A3cld.05x0625.nc4
2573.561,hit,false,0.000,0,353.694,104,GEOS_0.5x0.625/MERRA2/2019/07/MERRA2.20190701.A3cld.05x0625.nc4
2573.603,hit,false,0.000,0,353.736,104,GEOS_0.5x0.625/MERRA2/2019/07/MERRA2.20190701.A3cld.05x0625.nc4
2573.625,hit,false,0.000,0,353.758,104,GEOS_0.5x0.625/MERRA2/2019/07/MERRA2.20190701.A3cld.05x0625.nc4
2573.657,hit,false,0.000,0,353.790,104,GEOS_0.5x0.625/MERRA2/2019/07/MERRA2.20190701.A3cld.05x0625.nc4
2573.683,hit,false,0.000,0,353.816,104,GEOS_0.5x0.625/MERRA2/2019/07/MERRA2.20190701.A3cld.05x0625.nc4
2573.713,hit,false,0.000,0,353.846,104,GEOS_0.5x0.625/MERRA2/2019/07/MERRA2.20190701.A3cld.05x0625.nc4
2573.737,hit,false,0.000,0,353.870,104,GEOS_0.5x0.625/MERRA2/2019/07/MERRA2.20190701.A3cld.05x0625.nc4
2573.774,hit,false,0.000,0,353.905,105,GEOS_0.5x0.625/MERRA2/2019/07/MERRA2.20190701.A3cld.05x0625.nc4
2573.799,hit,false,0.000,0,353.930,105,GEOS_0.5x0.625/MERRA2/2019/07/MERRA2.20190701.A3cld.05x0625.nc4
2573.831,hit,false,0.000,0,353.962,105,GEOS_0.5x0.625/MERRA2/2019/07/MERRA2.20190701.A3cld.05x0625.nc4
2573.856,hit,false,0.000,0,353.987,105,GEOS_0.5x0.625/MERRA2/2019/07/MERRA2.20190701.A3cld.05x0625.nc4
2573.892,hit,false,0.000,0,354.024,105,GEOS_0.5x0.625/MERRA2/2019/07/MERRA2.20190701.A3cld.05x0625.nc4
2573.915,hit,false,0.000,0,354.046,105,GEOS_0.5x0.625/MERRA2/2019/07/MERRA2.20190701.A3cld.05x0625.nc4
2573.947,hit,false,0.000,0,354.078,105,GEOS_0.5x0.625/MERRA2/2019/07/MERRA2.20190701.A3cld.05x0625.nc4
2573.972,hit,false,0.000,0,354.104,105,GEOS_0.5x0.625/MERRA2/2019/07/MERRA2.20190701.A3cld.05x0625.nc4
2574.004,hit,false,0.000,0,354.133,106,GEOS_0.5x0.625/MERRA2/2019/07/MERRA2.20190701.A3cld.05x0625.nc4
2574.100,hit,false,0.000,0,354.230,106,GEOS_0.5x0.625/MERRA2/2019/07/MERRA2.20190701.A3cld.05x0625.nc4
2574.123,hit,false,0.000,0,354.253,106,GEOS_0.5x0.625/MERRA2/2019/07/MERRA2.20190701.A3cld.05x0625.nc4
2574.158,hit,false,0.000,0,354.288,106,GEOS_0.5x0.625/MERRA2/2019/07/MERRA2.20190701.A3cld.05x0625.nc4
2574.184,hit,false,0.000,0,354.313,106,GEOS_0.5x0.625/MERRA2/2019/07/MERRA2.20190701.A3cld.05x0625.nc4
2574.217,hit,false,0.000,0,354.346,106,GEOS_0.5x0.625/MERRA2/2019/07/MERRA2.20190701.A3cld.05x0625.nc4
2574.246,hit,false,0.000,0,354.376,106,GEOS_0.5x0.625/MERRA2/2019/07/MERRA2.20190701.A3cld.05x0625.nc4
2574.276,hit,false,0.000,0,354.405,106,GEOS_0.5x0.625/MERRA2/2019/07/MERRA2.20190701.A3cld.05x0625.nc4
2574.306,hit,false,0.000,0,354.434,107,GEOS_0.5x0.625/MERRA2/2019/07/MERRA2.20190701.A3cld.05x0625.nc4
2574.338,hit,false,0.000,0,354.466,107,GEOS_0.5x0.625/MERRA2/2019/07/MERRA2.20190701.A3cld.05x0625.nc4
2574.372,hit,false,0.000,0,354.500,107,GEOS_0.5x0.625/MERRA2/2019/07/MERRA2.20190701.A3cld.05x0625.nc4
2574.402,hit,false,0.000,0,354.530,107,GEOS_0.5x0.625/MERRA2/2019/07/MERRA2.20190701.A3cld.05x0625.nc4
2574.435,hit,false,0.000,0,354.563,107,GEOS_0.5x0.625/MERRA2/2019/07/MERRA2.20190701.A3cld.05x0625.nc4
2574.461,hit,false,0.000,0,354.589,107,GEOS_0.5x0.625/MERRA2/2019/07/MERRA2.20190701.A3cld.05x0625.nc4
2574.493,hit,false,0.000,0,354.621,107,GEOS_0.5x0.625/MERRA2/2019/07/MERRA2.20190701.A3cld.05x0625.nc4
2574.517,hit,false,0.000,0,354.645,107,GEOS_0.5x0.625/MERRA2/2019/07/MERRA2.20190701.A3cld.05x0625.nc4
2574.550,hit,false,0.000,0,354.676,108,GEOS_0.5x0.625/MERRA2/2019/07/MERRA2.20190701.A3cld.05x0625.nc4
2574.577,hit,false,0.000,0,354.703,108,GEOS_0.5x0.625/MERRA2/2019/07/MERRA2.20190701.A3cld.05x0625.nc4
2574.609,hit,false,0.000,0,354.736,108,GEOS_0.5x0.625/MERRA2/2019/07/MERRA2.20190701.A3cld.05x0625.nc4
2574.635,hit,false,0.000,0,354.761,108,GEOS_0.5x0.625/MERRA2/2019/07/MERRA2.20190701.A3cld.05x0625.nc4
2574.667,hit,false,0.000,0,354.793,108,GEOS_0.5x0.625/MERRA2/2019/07/MERRA2.20190701.A3cld.05x0625.nc4
2574.697,hit,false,0.000,0,354.823,108,GEOS_0.5x0.625/MERRA2/2019/07/MERRA2.20190701.A3cld.05x0625.nc4
2574.727,hit,false,0.000,0,354.853,108,GEOS_0.5x0.625/MERRA2/2019/07/MERRA2.20190701.A3cld.05x0625.nc4
2574.756,hit,false,0.000,0,354.882,108,GEOS_0.5x0.625/MERRA2/2019/07/MERRA2.20190701.A3cld.05x0625.nc4
2574.783,hit,false,0.000,0,354.908,109,GEOS_0.5x0.625/MERRA2/2019/07/MERRA2.20190701.A3cld.05x0625.nc4
2574.818,hit,false,0.000,0,354.942,109,GEOS_0.5x0.625/MERRA2/2019/07/MERRA2.20190701.A3cld.05x0625.nc4
2574.847,hit,false,0.000,0,354.971,109,GEOS_0.5x0.625/MERRA2/2019/07/MERRA2.20190701.A3cld.05x0625.nc4
2574.877,hit,false,0.000,0,355.002,109,GEOS_0.5x0.625/MERRA2/2019/07/MERRA2.20190701.A3cld.05x0625.nc4
2574.907,hit,false,0.000,0,355.031,109,GEOS_0.5x0.625/MERRA2/2019/07/MERRA2.20190701.A3cld.05x0625.nc4
2574.938,hit,false,0.000,0,355.062,109,GEOS_0.5x0.625/MERRA2/2019/07/MERRA2.20190701.A3cld.05x0625.nc4
2574.966,hit,false,0.000,0,355.091,109,GEOS_0.5x0.625/MERRA2/2019/07/MERRA2.20190701.A3cld.05x0625.nc4
2574.998,hit,false,0.000,0,355.123,109,GEOS_0.5x0.625/MERRA2/2019/07/MERRA2.20190701.A3cld.05x0625.nc4
2575.022,hit,false,0.000,0,355.145,110,GEOS_0.5x0.625/MERRA2/2019/07/MERRA2.20190701.A3cld.05x0625.nc4
2575.056,hit,false,0.000,0,355.179,110,GEOS_0.5x0.625/MERRA2/2019/07/MERRA2.20190701.A3cld.05x0625.nc4
2575.083,hit,false,0.000,0,355.206,110,GEOS_0.5x0.625/MERRA2/2019/07/MERRA2.20190701.A3cld.05x0625.nc4
2575.113,hit,false,0.000,0,355.236,110,GEOS_0.5x0.625/MERRA2/2019/07/MERRA2.20190701.A3cld.05x0625.nc4
2575.136,hit,false,0.000,0,355.259,110,GEOS_0.5x0.625/MERRA2/2019/07/MERRA2.20190701.A3cld.05x0625.nc4
2575.175,hit,false,0.000,0,355.298,110,GEOS_0.5x0.625/MERRA2/2019/07/MERRA2.20190701.A3cld.05x0625.nc4
2575.197,hit,false,0.000,0,355.320,110,GEOS_0.5x0.625/MERRA2/2019/07/MERRA2.20190701.A3cld.05x0625.nc4
2575.228,hit,false,0.000,0,355.351,110,GEOS_0.5x0.625/MERRA2/2019/07/MERRA2.20190701.A3cld.05x0625.nc4
2575.252,hit,false,0.000,0,355.374,111,GEOS_0.5x0.625/MERRA2/2019/07/MERRA2.20190701.A3cld.05x0625.nc4
2575.283,hit,false,0.000,0,355.405,111,GEOS_0.5x0.625/MERRA2/2019/07/MERRA2.20190701.A3cld.05x0625.nc4
2575.308,hit,false,0.000,0,355.429,111,GEOS_0.5x0.625/MERRA2/2019/07/MERRA2.20190701.A3cld.05x0625.nc4
2575.342,hit,false,0.000,0,355.463,111,GEOS_0.5x0.625/MERRA2/2019/07/MERRA2.20190701.A3cld.05x0625.nc4
2575.363,hit,false,0.000,0,355.484,111,GEOS_0.5x0.625/MERRA2/2019/07/MERRA2.20190701.A3cld.05x0625.nc4
2575.403,hit,false,0.000,0,355.524,111,GEOS_0.5x0.625/MERRA2/2019/07/MERRA2.20190701.A3cld.05x0625.nc4
2575.425,hit,false,0.000,0,355.547,111,GEOS_0.5x0.625/MERRA2/2019/07/MERRA2.20190701.A3cld.05x0625.nc4
2575.460,hit,false,0.000,0,355.582,111,GEOS_0.5x0.625/MERRA2/2019/07/MERRA2.20190701.A3cld.05x0625.nc4
2575.487,hit,false,0.000,0,355.383,112,GEOS_0.5x0.625/MERRA2/2019/07/MERRA2.20190701.A3cld.05x0625.nc4
2575.520,hit,false,0.000,0,355.416,112,GEOS_0.5x0.625/MERRA2/2019/07/MERRA2.20190701.A3cld.05x0625.nc4
2575.560,hit,false,0.000,0,355.456,112,GEOS_0.5x0.625/MERRA2/2019/07/MERRA2.20190701.A3cld.05x0625.nc4
2575.581,hit,false,0.000,0,355.478,112,GEOS_0.5x0.625/MERRA2/2019/07/MERRA2.20190701.A3cld.05x0625.nc4
2575.621,hit,false,0.000,0,355.518,112,GEOS_0.5x0.625/MERRA2/2019/07/MERRA2.20190701.A3cld.05x0625.nc4
2575.642,hit,false,0.000,0,355.539,112,GEOS_0.5x0.625/MERRA2/2019/07/MERRA2.20190701.A3cld.05x0625.nc4
2575.679,hit,false,0.000,0,355.575,112,GEOS_0.5x0.625/MERRA2/2019/07/MERRA2.20190701.A3cld.05x0625.nc4
2575.701,hit,false,0.000,0,355.597,112,GEOS_0.5x0.625/MERRA2/2019/07/MERRA2.20190701.A3cld.05x0625.nc4
2575.736,hit,false,0.000,0,355.630,113,GEOS_0.5x0.625/MERRA2/2019/07/MERRA2.20190701.A3cld.05x0625.nc4
2575.772,hit,false,0.000,0,355.665,113,GEOS_0.5x0.625/MERRA2/2019/07/MERRA2.20190701.A3cld.05x0625.nc4
2575.802,hit,false,0.000,0,355.696,113,GEOS_0.5x0.625/MERRA2/2019/07/MERRA2.20190701.A3cld.05x0625.nc4
2575.828,hit,false,0.000,0,355.722,113,GEOS_0.5x0.625/MERRA2/2019/07/MERRA2.20190701.A3cld.05x0625.nc4
2575.858,hit,false,0.000,0,355.752,113,GEOS_0.5x0.625/MERRA2/2019/07/MERRA2.20190701.A3cld.05x0625.nc4
2575.896,hit,false,0.000,0,355.790,113,GEOS_0.5x0.625/MERRA2/2019/07/MERRA2.20190701.A3cld.05x0625.nc4
2575.919,hit,false,0.000,0,355.813,113,GEOS_0.5x0.625/MERRA2/2019/07/MERRA2.20190701.A3cld.05x0625.nc4
2575.956,hit,false,0.000,0,355.849,113,GEOS_0.5x0.625/MERRA2/2019/07/MERRA2.20190701.A3cld.05x0625.nc4
2576.048,hit,false,0.000,0,355.940,114,GEOS_0.5x0.625/MERRA2/2019/07/MERRA2.20190701.A3cld.05x0625.nc4
2576.076,hit,false,0.000,0,355.967,114,GEOS_0.5x0.625/MERRA2/2019/07/MERRA2.20190701.A3cld.05x0625.nc4
2576.111,hit,false,0.000,0,356.002,114,GEOS_0.5x0.625/MERRA2/2019/07/MERRA2.20190701.A3cld.05x0625.nc4
2576.135,hit,false,0.000,0,356.026,114,GEOS_0.5x0.625/MERRA2/2019/07/MERRA2.20190701.A3cld.05x0625.nc4
2576.173,hit,false,0.000,0,356.064,114,GEOS_0.5x0.625/MERRA2/2019/07/MERRA2.20190701.A3cld.05x0625.nc4
2576.195,hit,false,0.000,0,356.086,114,GEOS_0.5x0.625/MERRA2/2019/07/MERRA2.20190701.A3cld.05x0625.nc4
2576.233,hit,false,0.000,0,356.124,114,GEOS_0.5x0.625/MERRA2/2019/07/MERRA2.20190701.A3cld.05x0625.nc4
2576.254,hit,false,0.000,0,356.146,114,GEOS_0.5x0.625/MERRA2/2019/07/MERRA2.20190701.A3cld.05x0625.nc4
2576.286,hit,false,0.000,0,356.175,115,GEOS_0.5x0.625/MERRA2/2019/07/MERRA2.20190701.A3cld.05x0625.nc4
2576.313,hit,false,0.000,0,356.202,115,GEOS_0.5x0.625/MERRA2/2019/07/MERRA2.20190701.A3cld.05x0625.nc4
2576.344,hit,false,0.000,0,356.234,115,GEOS_0.5x0.625/MERRA2/2019/07/MERRA2.20190701.A3cld.05x0625.nc4
2576.369,hit,false,0.000,0,356.258,115,GEOS_0.5x0.625/MERRA2/2019/07/MERRA2.20190701.A3cld.05x0625.nc4
2576.402,hit,false,0.000,0,356.291,115,GEOS_0.5x0.625/MERRA2/2019/07/MERRA2.20190701.A3cld.05x0625.nc4
2576.430,hit,false,0.000,0,356.319,115,GEOS_0.5x0.625/MERRA2/2019/07/MERRA2.20190701.A3cld.05x0625.nc4
2576.461,hit,false,0.000,0,356.350,115,GEOS_0.5x0.625/MERRA2/2019/07/MERRA2.20190701.A3cld.05x0625.nc4
2576.484,hit,false,0.000,0,356.373,115,GEOS_0.5x0.625/MERRA2/2019/07/MERRA2.20190701.A3cld.05x0625.nc4
2576.517,hit,false,0.000,0,356.404,116,GEOS_0.5x0.625/MERRA2/2019/07/MERRA2.20190701.A3cld.05x0625.nc4
2576.545,hit,false,0.000,0,356.432,116,GEOS_0.5x0.625/MERRA2/2019/07/MERRA2.20190701.A3cld.05x0625.nc4
2576.577,hit,false,0.000,0,356.464,116,GEOS_0.5x0.625/MERRA2/2019/07/MERRA2.20190701.A3cld.05x0625.nc4
2576.603,hit,false,0.000,0,356.490,116,GEOS_0.5x0.625/MERRA2/2019/07/MERRA2.20190701.A3cld.05x0625.nc4
2576.636,hit,false,0.000,0,356.523,116,GEOS_0.5x0.625/MERRA2/2019/07/MERRA2.20190701.A3cld.05x0625.nc4
2576.659,hit,false,0.000,0,356.546,116,GEOS_0.5x0.625/MERRA2/2019/07/MERRA2.20190701.A3cld.05x0625.nc4
2576.693,hit,false,0.000,0,356.580,116,GEOS_0.5x0.625/MERRA2/2019/07/MERRA2.20190701.A3cld.05x0625.nc4
2576.715,hit,false,0.000,0,356.602,116,GEOS_0.5x0.625/MERRA2/2019/07/MERRA2.20190701.A3cld.05x0625.nc4
2576.753,hit,false,0.000,0,356.638,117,GEOS_0.5x0.625/MERRA2/2019/07/MERRA2.20190701.A3cld.05x0625.nc4
2576.777,hit,false,0.000,0,356.662,117,GEOS_0.5x0.625/MERRA2/2019/07/MERRA2.20190701.A3cld.05x0625.nc4
2576.812,hit,false,0.000,0,356.697,117,GEOS_0.5x0.625/MERRA2/2019/07/MERRA2.20190701.A3cld.05x0625.nc4
2576.834,hit,false,0.000,0,356.719,117,GEOS_0.5x0.625/MERRA2/2019/07/MERRA2.20190701.A3cld.05x0625.nc4
2576.871,hit,false,0.000,0,356.756,117,GEOS_0.5x0.625/MERRA2/2019/07/MERRA2.20190701.A3cld.05x0625.nc4
2576.893,hit,false,0.000,0,356.778,117,GEOS_0.5x0.625/MERRA2/2019/07/MERRA2.20190701.A3cld.05x0625.nc4
2576.933,hit,false,0.000,0,356.818,117,GEOS_0.5x0.625/MERRA2/2019/07/MERRA2.20190701.A3cld.05x0625.nc4
2576.958,hit,false,0.000,0,356.843,117,GEOS_0.5x0.625/MERRA2/2019/07/MERRA2.20190701.A3cld.05x0625.nc4
2576.988,hit,false,0.000,0,356.871,118,GEOS_0.5x0.625/MERRA2/2019/07/MERRA2.20190701.A3cld.05x0625.nc4
2577.016,hit,false,0.000,0,356.899,118,GEOS_0.5x0.625/MERRA2/2019/07/MERRA2.20190701.A3cld.05x0625.nc4
2577.046,hit,false,0.000,0,356.929,118,GEOS_0.5x0.625/MERRA2/2019/07/MERRA2.20190701.A3cld.05x0625.nc4
2577.075,hit,false,0.000,0,356.958,118,GEOS_0.5x0.625/MERRA2/2019/07/MERRA2.20190701.A3cld.05x0625.nc4
2577.098,hit,false,0.000,0,356.981,118,GEOS_0.5x0.625/MERRA2/2019/07/MERRA2.20190701.A3cld.05x0625.nc4
2577.129,hit,false,0.000,0,357.012,118,GEOS_0.5x0.625/MERRA2/2019/07/MERRA2.20190701.A3cld.05x0625.nc4
2577.158,hit,false,0.000,0,357.041,118,GEOS_0.5x0.625/MERRA2/2019/07/MERRA2.20190701.A3cld.05x0625.nc4
2577.186,hit,false,0.000,0,357.069,118,GEOS_0.5x0.625/MERRA2/2019/07/MERRA2.20190701.A3cld.05x0625.nc4
2577.215,hit,false,0.000,0,357.096,119,GEOS_0.5x0.625/MERRA2/2019/07/MERRA2.20190701.A3cld.05x0625.nc4
2577.242,hit,false,0.000,0,357.124,119,GEOS_0.5x0.625/MERRA2/2019/07/MERRA2.20190701.A3cld.05x0625.nc4
2577.270,hit,false,0.000,0,357.152,119,GEOS_0.5x0.625/MERRA2/2019/07/MERRA2.20190701.A3cld.05x0625.nc4
2577.300,hit,false,0.000,0,357.181,119,GEOS_0.5x0.625/MERRA2/2019/07/MERRA2.20190701.A3cld.05x0625.nc4
2577.323,hit,false,0.000,0,357.205,119,GEOS_0.5x0.625/MERRA2/2019/07/MERRA2.20190701.A3cld.05x0625.nc4
2577.353,hit,false,0.000,0,357.235,119,GEOS_0.5x0.625/MERRA2/2019/07/MERRA2.20190701.A3cld.05x0625.nc4
2577.378,hit,false,0.000,0,357.260,119,GEOS_0.5x0.625/MERRA2/2019/07/MERRA2.20190701.A3cld.05x0625.nc4
2577.408,hit,false,0.000,0,357.289,119,GEOS_0.5x0.625/MERRA2/2019/07/MERRA2.20190701.A3cld.05x0625.nc4
2577.435,hit,false,0.000,0,357.324,120,GEOS_0.5x0.625/MERRA2/2019/07/MERRA2.20190701.A3cld.05x0625.nc4
2577.468,hit,false,0.000,0,357.357,120,GEOS_0.5x0.625/MERRA2/2019/07/MERRA2.20190701.A3cld.05x0625.nc4
2577.508,hit,false,0.000,0,357.397,120,GEOS_0.5x0.625/MERRA2/2019/07/MERRA2.20190701.A3cld.05x0625.nc4
2577.530,hit,false,0.000,0,357.419,120,GEOS_0.5x0.625/MERRA2/2019/07/MERRA2.20190701.A3cld.05x0625.nc4
2577.569,hit,false,0.000,0,357.458,120,GEOS_0.5x0.625/MERRA2/2019/07/MERRA2.20190701.A3cld.05x0625.nc4
2577.591,hit,false,0.000,0,357.480,120,GEOS_0.5x0.625/MERRA2/2019/07/MERRA2.20190701.A3cld.05x0625.nc4
2577.628,hit,false,0.000,0,357.517,120,GEOS_0.5x0.625/MERRA2/2019/07/MERRA2.20190701.A3cld.05x0625.nc4
2577.650,hit,false,0.000,0,357.539,120,GEOS_0.5x0.625/MERRA2/2019/07/MERRA2.20190701.A3cld.05x0625.nc4
2577.688,hit,false,0.000,0,357.571,121,GEOS_0.5x0.625/MERRA2/2019/07/MERRA2.20190701.A3cld.05x0625.nc4
2577.713,hit,false,0.000,0,357.595,121,GEOS_0.5x0.625/MERRA2/2019/07/MERRA2.20190701.A3cld.05x0625.nc4
2577.752,hit,false,0.000,0,357.635,121,GEOS_0.5x0.625/MERRA2/2019/07/MERRA2.20190701.A3cld.05x0625.nc4
2577.775,hit,false,0.000,0,357.658,121,GEOS_0.5x0.625/MERRA2/2019/07/MERRA2.20190701.A3cld.05x0625.nc4
2577.812,hit,false,0.000,0,357.694,121,GEOS_0.5x0.625/MERRA2/2019/07/MERRA2.20190701.A3cld.05x0625.nc4
2577.833,hit,false,0.000,0,357.716,121,GEOS_0.5x0.625/MERRA2/2019/07/MERRA2.20190701.A3cld.05x0625.nc4
2577.873,hit,false,0.000,0,357.756,121,GEOS_0.5x0.625/MERRA2/2019/07/MERRA2.20190701.A3cld.05x0625.nc4
2577.964,hit,false,0.000,0,357.847,121,GEOS_0.5x0.625/MERRA2/2019/07/MERRA2.20190701.A3cld.05x0625.nc4
2577.990,hit,false,0.000,0,357.868,122,GEOS_0.5x0.625/MERRA2/2019/07/MERRA2.20190701.A3cld.05x0625.nc4
2578.024,hit,false,0.000,0,357.902,122,GEOS_0.5x0.625/MERRA2/2019/07/MERRA2.20190701.A3cld.05x0625.nc4
2578.052,hit,false,0.000,0,357.930,122,GEOS_0.5x0.625/MERRA2/2019/07/MERRA2.20190701.A3cld.05x0625.nc4
2578.081,hit,false,0.000,0,357.959,122,GEOS_0.5x0.625/MERRA2/2019/07/MERRA2.20190701.A3cld.05x0625.nc4
2578.110,hit,false,0.000,0,357.987,122,GEOS_0.5x0.625/MERRA2/2019/07/MERRA2.20190701.A3cld.05x0625.nc4
2578.140,hit,false,0.000,0,358.018,122,GEOS_0.5x0.625/MERRA2/2019/07/MERRA2.20190701.A3cld.05x0625.nc4
2578.162,hit,false,0.000,0,358.040,122,GEOS_0.5x0.625/MERRA2/2019/07/MERRA2.20190701.A3cld.05x0625.nc4
2578.199,hit,false,0.000,0,358.076,122,GEOS_0.5x0.625/MERRA2/2019/07/MERRA2.20190701.A3cld.05x0625.nc4
2578.221,hit,false,0.000,0,358.096,123,GEOS_0.5x0.625/MERRA2/2019/07/MERRA2.20190701.A3cld.05x0625.nc4
2578.258,hit,false,0.000,0,358.133,123,GEOS_0.5x0.625/MERRA2/2019/07/MERRA2.20190701.A3cld.05x0625.nc4
2578.280,hit,false,0.000,0,358.155,123,GEOS_0.5x0.625/MERRA2/2019/07/MERRA2.20190701.A3cld.05x0625.nc4
2578.387,hit,false,0.000,0,358.263,123,GEOS_0.5x0.625/MERRA2/2019/07/MERRA2.20190701.A3cld.05x0625.nc4
2578.456,hit,false,0.000,0,358.332,123,GEOS_0.5x0.625/MERRA2/2019/07/MERRA2.20190701.A3cld.05x0625.nc4
2578.481,hit,false,0.000,0,358.356,123,GEOS_0.5x0.625/MERRA2/2019/07/MERRA2.20190701.A3cld.05x0625.nc4
2578.516,hit,false,0.000,0,358.391,123,GEOS_0.5x0.625/MERRA2/2019/07/MERRA2.20190701.A3cld.05x0625.nc4
2578.541,hit,false,0.000,0,358.416,123,GEOS_0.5x0.625/MERRA2/2019/07/MERRA2.20190701.A3cld.05x0625.nc4
2578.576,hit,false,0.000,0,358.449,124,GEOS_0.5x0.625/MERRA2/2019/07/MERRA2.20190701.A3cld.05x0625.nc4
2578.599,hit,false,0.000,0,358.473,124,GEOS_0.5x0.625/MERRA2/2019/07/MERRA2.20190701.A3cld.05x0625.nc4
2578.640,hit,false,0.000,0,358.514,124,GEOS_0.5x0.625/MERRA2/2019/07/MERRA2.20190701.A3cld.05x0625.nc4
2578.662,hit,false,0.000,0,358.536,124,GEOS_0.5x0.625/MERRA2/2019/07/MERRA2.20190701.A3cld.05x0625.nc4
2578.701,hit,false,0.000,0,358.575,124,GEOS_0.5x0.625/MERRA2/2019/07/MERRA2.20190701.A3cld.05x0625.nc4
2578.724,hit,false,0.000,0,358.598,124,GEOS_0.5x0.625/MERRA2/2019/07/MERRA2.20190701.A3cld.05x0625.nc4
2578.763,hit,false,0.000,0,358.637,124,GEOS_0.5x0.625/MERRA2/2019/07/MERRA2.20190701.A3cld.05x0625.nc4
2578.785,hit,false,0.000,0,358.658,124,GEOS_0.5x0.625/MERRA2/2019/07/MERRA2.20190701.A3cld.05x0625.nc4
2578.821,hit,false,0.000,0,358.693,125,GEOS_0.5x0.625/MERRA2/2019/07/MERRA2.20190701.A3cld.05x0625.nc4
2578.848,hit,false,0.000,0,358.720,125,GEOS_0.5x0.625/MERRA2/2019/07/MERRA2.20190701.A3cld.05x0625.nc4
2578.883,hit,false,0.000,0,358.754,125,GEOS_0.5x0.625/MERRA2/2019/07/MERRA2.20190701.A3cld.05x0625.nc4
2578.908,hit,false,0.000,0,358.780,125,GEOS_0.5x0.625/MERRA2/2019/07/MERRA2.20190701.A3cld.05x0625.nc4
2578.941,hit,false,0.000,0,358.812,125,GEOS_0.5x0.625/MERRA2/2019/07/MERRA2.20190701.A3cld.05x0625.nc4
2578.966,hit,false,0.000,0,358.838,125,GEOS_0.5x0.625/MERRA2/2019/07/MERRA2.20190701.A3cld.05x0625.nc4
2578.999,hit,false,0.000,0,358.870,125,GEOS_0.5x0.625/MERRA2/2019/07/MERRA2.20190701.A3cld.05x0625.nc4
2579.023,hit,false,0.000,0,358.894,125,GEOS_0.5x0.625/MERRA2/2019/07/MERRA2.20190701.A3cld.05x0625.nc4
2579.055,hit,false,0.000,0,358.925,126,GEOS_0.5x0.625/MERRA2/2019/07/MERRA2.20190701.A3cld.05x0625.nc4
2579.089,hit,false,0.000,0,358.959,126,GEOS_0.5x0.625/MERRA2/2019/07/MERRA2.20190701.A3cld.05x0625.nc4
2579.114,hit,false,0.000,0,358.984,126,GEOS_0.5x0.625/MERRA2/2019/07/MERRA2.20190701.A3cld.05x0625.nc4
2579.145,hit,false,0.000,0,359.015,126,GEOS_0.5x0.625/MERRA2/2019/07/MERRA2.20190701.A3cld.05x0625.nc4
2579.169,hit,false,0.000,0,359.039,126,GEOS_0.5x0.625/MERRA2/2019/07/MERRA2.20190701.A3cld.05x0625.nc4
2579.201,hit,false,0.000,0,359.071,126,GEOS_0.5x0.625/MERRA2/2019/07/MERRA2.20190701.A3cld.05x0625.nc4
2579.225,hit,false,0.000,0,359.095,126,GEOS_0.5x0.625/MERRA2/2019/07/MERRA2.20190701.A3cld.05x0625.nc4
2579.257,hit,false,0.000,0,359.127,126,GEOS_0.5x0.625/MERRA2/2019/07/MERRA2.20190701.A3cld.05x0625.nc4
2579.279,hit,false,0.000,0,359.148,127,GEOS_0.5x0.625/MERRA2/2019/07/MERRA2.20190701.A3cld.05x0625.nc4
2579.319,hit,false,0.000,0,359.188,127,GEOS_0.5x0.625/MERRA2/2019/07/MERRA2.20190701.A3cld.05x0625.nc4
2579.341,hit,false,0.000,0,359.210,127,GEOS_0.5x0.625/MERRA2/2019/07/MERRA2.20190701.A3cld.05x0625.nc4
2579.379,hit,false,0.000,0,359.247,127,GEOS_0.5x0.625/MERRA2/2019/07/MERRA2.20190701.A3cld.05x0625.nc4
2579.401,hit,false,0.000,0,359.269,127,GEOS_0.5x0.625/MERRA2/2019/07/MERRA2.20190701.A3cld.05x0625.nc4
2579.437,hit,false,0.000,0,359.306,127,GEOS_0.5x0.625/MERRA2/2019/07/MERRA2.20190701.A3cld.05x0625.nc4
2579.459,hit,false,0.000,0,359.328,127,GEOS_0.5x0.625/MERRA2/2019/07/MERRA2.20190701.A3cld.05x0625.nc4
2579.491,hit,false,0.000,0,359.359,127,GEOS_0.5x0.625/MERRA2/2019/07/MERRA2.20190701.A3cld.05x0625.nc4
2579.516,hit,false,0.000,0,359.682,128,GEOS_0.5x0.625/MERRA2/2019/07/MERRA2.20190701.A3cld.05x0625.nc4
2579.550,hit,false,0.000,0,359.716,128,GEOS_0.5x0.625/MERRA2/2019/07/MERRA2.20190701.A3cld.05x0625.nc4
2579.585,hit,false,0.000,0,359.751,128,GEOS_0.5x0.625/MERRA2/2019/07/MERRA2.20190701.A3cld.05x0625.nc4
2579.611,hit,false,0.000,0,359.777,128,GEOS_0.5x0.625/MERRA2/2019/07/MERRA2.20190701.A3cld.05x0625.nc4
2579.643,hit,false,0.000,0,359.809,128,GEOS_0.5x0.625/MERRA2/2019/07/MERRA2.20190701.A3cld.05x0625.nc4
2579.667,hit,false,0.000,0,359.833,128,GEOS_0.5x0.625/MERRA2/2019/07/MERRA2.20190701.A3cld.05x0625.nc4
2579.705,hit,false,0.000,0,359.871,128,GEOS_0.5x0.625/MERRA2/2019/07/MERRA2.20190701.A3cld.05x0625.nc4
2579.727,hit,false,0.000,0,359.893,128,GEOS_0.5x0.625/MERRA2/2019/07/MERRA2.20190701.A3cld.05x0625.nc4
2579.765,hit,false,0.000,0,359.930,129,GEOS_0.5x0.625/MERRA2/2019/07/MERRA2.20190701.A3cld.05x0625.nc4
2579.791,hit,false,0.000,0,359.956,129,GEOS_0.5x0.625/MERRA2/2019/07/MERRA2.20190701.A3cld.05x0625.nc4
2579.824,hit,false,0.000,0,359.988,129,GEOS_0.5x0.625/MERRA2/2019/07/MERRA2.20190701.A3cld.05x0625.nc4
2579.849,hit,false,0.000,0,360.013,129,GEOS_0.5x0.625/MERRA2/2019/07/MERRA2.20190701.A3cld.05x0625.nc4
2579.892,hit,false,0.000,0,360.056,129,GEOS_0.5x0.625/MERRA2/2019/07/MERRA2.20190701.A3cld.05x0625.nc4
2579.917,hit,false,0.000,0,360.082,129,GEOS_0.5x0.625/MERRA2/2019/07/MERRA2.20190701.A3cld.05x0625.nc4
2580.026,hit,false,0.000,0,360.191,129,GEOS_0.5x0.625/MERRA2/2019/07/MERRA2.20190701.A3cld.05x0625.nc4
2580.047,hit,false,0.000,0,360.212,129,GEOS_0.5x0.625/MERRA2/2019/07/MERRA2.20190701.A3cld.05x0625.nc4
2580.094,hit,false,0.000,0,360.256,130,GEOS_0.5x0.625/MERRA2/2019/07/MERRA2.20190701.A3cld.05x0625.nc4
2580.117,hit,false,0.000,0,360.279,130,GEOS_0.5x0.625/MERRA2/2019/07/MERRA2.20190701.A3cld.05x0625.nc4
2580.157,hit,false,0.000,0,360.319,130,GEOS_0.5x0.625/MERRA2/2019/07/MERRA2.20190701.A3cld.05x0625.nc4
2580.178,hit,false,0.000,0,360.340,130,GEOS_0.5x0.625/MERRA2/2019/07/MERRA2.20190701.A3cld.05x0625.nc4
2580.216,hit,false,0.000,0,360.378,130,GEOS_0.5x0.625/MERRA2/2019/07/MERRA2.20190701.A3cld.05x0625.nc4
2580.238,hit,false,0.000,0,360.400,130,GEOS_0.5x0.625/MERRA2/2019/07/MERRA2.20190701.A3cld.05x0625.nc4
2580.270,hit,false,0.000,0,360.433,130,GEOS_0.5x0.625/MERRA2/2019/07/MERRA2.20190701.A3cld.05x0625.nc4
2580.296,hit,false,0.000,0,360.458,130,GEOS_0.5x0.625/MERRA2/2019/07/MERRA2.20190701.A3cld.05x0625.nc4
2580.329,hit,false,0.000,0,360.488,131,GEOS_0.5x0.625/MERRA2/2019/07/MERRA2.20190701.A3cld.05x0625.nc4
2580.361,hit,false,0.000,0,360.521,131,GEOS_0.5x0.625/MERRA2/2019/07/MERRA2.20190701.A3cld.05x0625.nc4
2580.390,hit,false,0.000,0,360.550,131,GEOS_0.5x0.625/MERRA2/2019/07/MERRA2.20190701.A3cld.05x0625.nc4
2580.421,hit,false,0.000,0,360.580,131,GEOS_0.5x0.625/MERRA2/2019/07/MERRA2.20190701.A3cld.05x0625.nc4
2580.451,hit,false,0.000,0,360.610,131,GEOS_0.5x0.625/MERRA2/2019/07/MERRA2.20190701.A3cld.05x0625.nc4
2580.481,hit,false,0.000,0,360.641,131,GEOS_0.5x0.625/MERRA2/2019/07/MERRA2.20190701.A3cld.05x0625.nc4
2580.509,hit,false,0.000,0,360.669,131,GEOS_0.5x0.625/MERRA2/2019/07/MERRA2.20190701.A3cld.05x0625.nc4
2580.542,hit,false,0.000,0,360.701,131,GEOS_0.5x0.625/MERRA2/2019/07/MERRA2.20190701.A3cld.05x0625.nc4
2580.568,hit,false,0.000,0,360.726,132,GEOS_0.5x0.625/MERRA2/2019/07/MERRA2.20190701.A3cld.05x0625.nc4
2580.604,hit,false,0.000,0,360.762,132,GEOS_0.5x0.625/MERRA2/2019/07/MERRA2.20190701.A3cld.05x0625.nc4
2580.633,hit,false,0.000,0,360.791,132,GEOS_0.5x0.625/MERRA2/2019/07/MERRA2.20190701.A3cld.05x0625.nc4
2580.662,hit,false,0.000,0,360.820,132,GEOS_0.5x0.625/MERRA2/2019/07/MERRA2.20190701.A3cld.05x0625.nc4
2580.693,hit,false,0.000,0,360.852,132,GEOS_0.5x0.625/MERRA2/2019/07/MERRA2.20190701.A3cld.05x0625.nc4
2580.720,hit,false,0.000,0,360.879,132,GEOS_0.5x0.625/MERRA2/2019/07/MERRA2.20190701.A3cld.05x0625.nc4
2580.750,hit,false,0.000,0,360.908,132,GEOS_0.5x0.625/MERRA2/2019/07/MERRA2.20190701.A3cld.05x0625.nc4
2580.780,hit,false,0.000,0,360.938,132,GEOS_0.5x0.625/MERRA2/2019/07/MERRA2.20190701.A3cld.05x0625.nc4
2580.809,hit,false,0.000,0,360.965,133,GEOS_0.5x0.625/MERRA2/2019/07/MERRA2.20190701.A3cld.05x0625.nc4
2580.843,hit,false,0.000,0,360.999,133,GEOS_0.5x0.625/MERRA2/2019/07/MERRA2.20190701.A3cld.05x0625.nc4
2580.870,hit,false,0.000,0,361.026,133,GEOS_0.5x0.625/MERRA2/2019/07/MERRA2.20190701.A3cld.05x0625.nc4
2580.901,hit,false,0.000,0,361.057,133,GEOS_0.5x0.625/MERRA2/2019/07/MERRA2.20190701.A3cld.05x0625.nc4
2580.925,hit,false,0.000,0,361.081,133,GEOS_0.5x0.625/MERRA2/2019/07/MERRA2.20190701.A3cld.05x0625.nc4
2580.959,hit,false,0.000,0,361.115,133,GEOS_0.5x0.625/MERRA2/2019/07/MERRA2.20190701.A3cld.05x0625.nc4
2580.984,hit,false,0.000,0,361.141,133,GEOS_0.5x0.625/MERRA2/2019/07/MERRA2.20190701.A3cld.05x0625.nc4
2581.020,hit,false,0.000,0,361.176,133,GEOS_0.5x0.625/MERRA2/2019/07/MERRA2.20190701.A3cld.05x0625.nc4
2581.042,hit,false,0.000,0,361.197,134,GEOS_0.5x0.625/MERRA2/2019/07/MERRA2.20190701.A3cld.05x0625.nc4
2581.084,hit,false,0.000,0,361.239,134,GEOS_0.5x0.625/MERRA2/2019/07/MERRA2.20190701.A3cld.05x0625.nc4
2581.106,hit,false,0.000,0,361.261,134,GEOS_0.5x0.625/MERRA2/2019/07/MERRA2.20190701.A3cld.05x0625.nc4
2581.143,hit,false,0.000,0,361.298,134,GEOS_0.5x0.625/MERRA2/2019/07/MERRA2.20190701.A3cld.05x0625.nc4
2581.165,hit,false,0.000,0,361.320,134,GEOS_0.5x0.625/MERRA2/2019/07/MERRA2.20190701.A3cld.05x0625.nc4
2581.202,hit,false,0.000,0,361.357,134,GEOS_0.5x0.625/MERRA2/2019/07/MERRA2.20190701.A3cld.05x0625.nc4
2581.224,hit,false,0.000,0,361.379,134,GEOS_0.5x0.625/MERRA2/2019/07/MERRA2.20190701.A3cld.05x0625.nc4
2581.260,hit,false,0.000,0,361.415,134,GEOS_0.5x0.625/MERRA2/2019/07/MERRA2.20190701.A3cld.05x0625.nc4
2581.282,hit,false,0.000,0,361.435,135,GEOS_0.5x0.625/MERRA2/2019/07/MERRA2.20190701.A3cld.05x0625.nc4
2581.321,hit,false,0.000,0,361.474,135,GEOS_0.5x0.625/MERRA2/2019/07/MERRA2.20190701.A3cld.05x0625.nc4
2581.343,hit,false,0.000,0,361.496,135,GEOS_0.5x0.625/MERRA2/2019/07/MERRA2.20190701.A3cld.05x0625.nc4
2581.374,hit,false,0.000,0,361.527,135,GEOS_0.5x0.625/MERRA2/2019/07/MERRA2.20190701.A3cld.05x0625.nc4
2581.399,hit,false,0.000,0,361.552,135,GEOS_0.5x0.625/MERRA2/2019/07/MERRA2.20190701.A3cld.05x0625.nc4
2581.436,hit,false,0.000,0,361.589,135,GEOS_0.5x0.625/MERRA2/2019/07/MERRA2.20190701.A3cld.05x0625.nc4
2581.457,hit,false,0.000,0,361.610,135,GEOS_0.5x0.625/MERRA2/2019/07/MERRA2.20190701.A3cld.05x0625.nc4
2581.500,hit,false,0.000,0,361.653,135,GEOS_0.5x0.625/MERRA2/2019/07/MERRA2.20190701.A3cld.05x0625.nc4
2581.521,hit,false,0.000,0,361.502,136,GEOS_0.5x0.625/MERRA2/2019/07/MERRA2.20190701.A3cld.05x0625.nc4
2581.564,hit,false,0.000,0,361.545,136,GEOS_0.5x0.625/MERRA2/2019/07/MERRA2.20190701.A3cld.05x0625.nc4
2581.592,hit,false,0.000,0,361.574,136,GEOS_0.5x0.625/MERRA2/2019/07/MERRA2.20190701.A3cld.05x0625.nc4
2581.625,hit,false,0.000,0,361.607,136,GEOS_0.5x0.625/MERRA2/2019/07/MERRA2.20190701.A3cld.05x0625.nc4
2581.648,hit,false,0.000,0,361.629,136,GEOS_0.5x0.625/MERRA2/2019/07/MERRA2.20190701.A3cld.05x0625.nc4
2581.685,hit,false,0.000,0,361.667,136,GEOS_0.5x0.625/MERRA2/2019/07/MERRA2.20190701.A3cld.05x0625.nc4
2581.707,hit,false,0.000,0,361.689,136,GEOS_0.5x0.625/MERRA2/2019/07/MERRA2.20190701.A3cld.05x0625.nc4
2581.744,hit,false,0.000,0,361.725,136,GEOS_0.5x0.625/MERRA2/2019/07/MERRA2.20190701.A3cld.05x0625.nc4
2581.766,hit,false,0.000,0,361.592,137,GEOS_0.5x0.625/MERRA2/2019/07/MERRA2.20190701.A3cld.05x0625.nc4
2581.801,hit,false,0.000,0,361.627,137,GEOS_0.5x0.625/MERRA2/2019/07/MERRA2.20190701.A3cld.05x0625.nc4
2581.827,hit,false,0.000,0,361.653,137,GEOS_0.5x0.625/MERRA2/2019/07/MERRA2.20190701.A3cld.05x0625.nc4
2581.859,hit,false,0.000,0,361.686,137,GEOS_0.5x0.625/MERRA2/2019/07/MERRA2.20190701.A3cld.05x0625.nc4
2581.884,hit,false,0.000,0,361.710,137,GEOS_0.5x0.625/MERRA2/2019/07/MERRA2.20190701.A3cld.05x0625.nc4
2581.990,hit,false,0.000,0,361.816,137,GEOS_0.5x0.625/MERRA2/2019/07/MERRA2.20190701.A3cld.05x0625.nc4
2582.016,hit,false,0.000,0,361.842,137,GEOS_0.5x0.625/MERRA2/2019/07/MERRA2.20190701.A3cld.05x0625.nc4
2582.047,hit,false,0.000,0,361.874,137,GEOS_0.5x0.625/MERRA2/2019/07/MERRA2.20190701.A3cld.05x0625.nc4
2582.071,hit,false,0.000,0,361.895,138,GEOS_0.5x0.625/MERRA2/2019/07/MERRA2.20190701.A3cld.05x0625.nc4
2582.106,hit,false,0.000,0,361.930,138,GEOS_0.5x0.625/MERRA2/2019/07/MERRA2.20190701.A3cld.05x0625.nc4
2582.136,hit,false,0.000,0,361.961,138,GEOS_0.5x0.625/MERRA2/2019/07/MERRA2.20190701.A3cld.05x0625.nc4
2582.166,hit,false,0.000,0,361.990,138,GEOS_0.5x0.625/MERRA2/2019/07/MERRA2.20190701.A3cld.05x0625.nc4
2582.197,hit,false,0.000,0,362.022,138,GEOS_0.5x0.625/MERRA2/2019/07/MERRA2.20190701.A3cld.05x0625.nc4
2582.224,hit,false,0.000,0,362.049,138,GEOS_0.5x0.625/MERRA2/2019/07/MERRA2.20190701.A3cld.05x0625.nc4
2582.256,hit,false,0.000,0,362.081,138,GEOS_0.5x0.625/MERRA2/2019/07/MERRA2.20190701.A3cld.05x0625.nc4
2582.285,hit,false,0.000,0,362.110,138,GEOS_0.5x0.625/MERRA2/2019/07/MERRA2.20190701.A3cld.05x0625.nc4
2582.317,hit,false,0.000,0,362.141,139,GEOS_0.5x0.625/MERRA2/2019/07/MERRA2.20190701.A3cld.05x0625.nc4
2582.348,hit,false,0.000,0,362.171,139,GEOS_0.5x0.625/MERRA2/2019/07/MERRA2.20190701.A3cld.05x0625.nc4
2582.382,hit,false,0.000,0,362.205,139,GEOS_0.5x0.625/MERRA2/2019/07/MERRA2.20190701.A3cld.05x0625.nc4
2582.404,hit,false,0.000,0,362.228,139,GEOS_0.5x0.625/MERRA2/2019/07/MERRA2.20190701.A3cld.05x0625.nc4
2582.439,hit,false,0.000,0,362.262,139,GEOS_0.5x0.625/MERRA2/2019/07/MERRA2.20190701.A3cld.05x0625.nc4
2582.464,hit,false,0.000,0,362.287,139,GEOS_0.5x0.625/MERRA2/2019/07/MERRA2.20190701.A3cld.05x0625.nc4
2582.498,hit,false,0.000,0,362.321,139,GEOS_0.5x0.625/MERRA2/2019/07/MERRA2.20190701.A3cld.05x0625.nc4
2582.524,hit,false,0.000,0,362.347,139,GEOS_0.5x0.625/MERRA2/2019/07/MERRA2.20190701.A3cld.05x0625.nc4
2582.558,hit,false,0.000,0,362.379,140,GEOS_0.5x0.625/MERRA2/2019/07/MERRA2.20190701.A3cld.05x0625.nc4
2582.584,hit,false,0.000,0,362.406,140,GEOS_0.5x0.625/MERRA2/2019/07/MERRA2.20190701.A3cld.05x0625.nc4
2582.618,hit,false,0.000,0,362.439,140,GEOS_0.5x0.625/MERRA2/2019/07/MERRA2.20190701.A3cld.05x0625.nc4
2582.643,hit,false,0.000,0,362.464,140,GEOS_0.5x0.625/MERRA2/2019/07/MERRA2.20190701.A3cld.05x0625.nc4
2582.677,hit,false,0.000,0,362.499,140,GEOS_0.5x0.625/MERRA2/2019/07/MERRA2.20190701.A3cld.05x0625.nc4
2582.705,hit,false,0.000,0,362.527,140,GEOS_0.5x0.625/MERRA2/2019/07/MERRA2.20190701.A3cld.05x0625.nc4
2582.738,hit,false,0.000,0,362.560,140,GEOS_0.5x0.625/MERRA2/2019/07/MERRA2.20190701.A3cld.05x0625.nc4
2582.767,hit,false,0.000,0,362.588,140,GEOS_0.5x0.625/MERRA2/2019/07/MERRA2.20190701.A3cld.05x0625.nc4
2582.799,hit,false,0.000,0,362.619,141,GEOS_0.5x0.625/MERRA2/2019/07/MERRA2.20190701.A3cld.05x0625.nc4
2582.824,hit,false,0.000,0,362.644,141,GEOS_0.5x0.625/MERRA2/2019/07/MERRA2.20190701.A3cld.05x0625.nc4
2582.861,hit,false,0.000,0,362.682,141,GEOS_0.5x0.625/MERRA2/2019/07/MERRA2.20190701.A3cld.05x0625.nc4
2582.884,hit,false,0.000,0,362.704,141,GEOS_0.5x0.625/MERRA2/2019/07/MERRA2.20190701.A3cld.05x0625.nc4
2582.917,hit,false,0.000,0,362.738,141,GEOS_0.5x0.625/MERRA2/2019/07/MERRA2.20190701.A3cld.05x0625.nc4
2582.945,hit,false,0.000,0,362.766,141,GEOS_0.5x0.625/MERRA2/2019/07/MERRA2.20190701.A3cld.05x0625.nc4
2582.976,hit,false,0.000,0,362.797,141,GEOS_0.5x0.625/MERRA2/2019/07/MERRA2.20190701.A3cld.05x0625.nc4
2582.999,hit,false,0.000,0,362.820,141,GEOS_0.5x0.625/MERRA2/2019/07/MERRA2.20190701.A3cld.05x0625.nc4
2583.033,hit,false,0.000,0,362.852,142,GEOS_0.5x0.625/MERRA2/2019/07/MERRA2.20190701.A3cld.05x0625.nc4
2583.060,hit,false,0.000,0,362.879,142,GEOS_0.5x0.625/MERRA2/2019/07/MERRA2.20190701.A3cld.05x0625.nc4
2583.091,hit,false,0.000,0,362.910,142,GEOS_0.5x0.625/MERRA2/2019/07/MERRA2.20190701.A3cld.05x0625.nc4
2583.114,hit,false,0.000,0,362.933,142,GEOS_0.5x0.625/MERRA2/2019/07/MERRA2.20190701.A3cld.05x0625.nc4
2583.150,hit,false,0.000,0,362.968,142,GEOS_0.5x0.625/MERRA2/2019/07/MERRA2.20190701.A3cld.05x0625.nc4
2583.177,hit,false,0.000,0,362.996,142,GEOS_0.5x0.625/MERRA2/2019/07/MERRA2.20190701.A3cld.05x0625.nc4
2583.209,hit,false,0.000,0,363.028,142,GEOS_0.5x0.625/MERRA2/2019/07/MERRA2.20190701.A3cld.05x0625.nc4
2583.232,hit,false,0.000,0,363.050,142,GEOS_0.5x0.625/MERRA2/2019/07/MERRA2.20190701.A3cld.05x0625.nc4
2583.266,hit,false,0.000,0,363.083,143,GEOS_0.5x0.625/MERRA2/2019/07/MERRA2.20190701.A3cld.05x0625.nc4
2583.295,hit,false,0.000,0,363.112,143,GEOS_0.5x0.625/MERRA2/2019/07/MERRA2.20190701.A3cld.05x0625.nc4
2583.325,hit,false,0.000,0,363.142,143,GEOS_0.5x0.625/MERRA2/2019/07/MERRA2.20190701.A3cld.05x0625.nc4
2583.354,hit,false,0.000,0,363.171,143,GEOS_0.5x0.625/MERRA2/2019/07/MERRA2.20190701.A3cld.05x0625.nc4
2583.385,hit,false,0.000,0,363.202,143,GEOS_0.5x0.625/MERRA2/2019/07/MERRA2.20190701.A3cld.05x0625.nc4
2583.409,hit,false,0.000,0,363.226,143,GEOS_0.5x0.625/MERRA2/2019/07/MERRA2.20190701.A3cld.05x0625.nc4
2583.439,hit,false,0.000,0,363.257,143,GEOS_0.5x0.625/MERRA2/2019/07/MERRA2.20190701.A3cld.05x0625.nc4
2583.462,hit,false,0.000,0,363.279,143,GEOS_0.5x0.625/MERRA2/2019/07/MERRA2.20190701.A3cld.05x0625.nc4
2583.496,hit,false,0.000,0,363.475,144,GEOS_0.5x0.625/MERRA2/2019/07/MERRA2.20190701.A3cld.05x0625.nc4
2583.524,hit,false,0.000,0,363.504,144,GEOS_0.5x0.625/MERRA2/2019/07/MERRA2.20190701.A3cld.05x0625.nc4
2583.566,hit,false,0.000,0,363.545,144,GEOS_0.5x0.625/MERRA2/2019/07/MERRA2.20190701.A3cld.05x0625.nc4
2583.589,hit,false,0.000,0,363.568,144,GEOS_0.5x0.625/MERRA2/2019/07/MERRA2.20190701.A3cld.05x0625.nc4
2583.622,hit,false,0.000,0,363.602,144,GEOS_0.5x0.625/MERRA2/2019/07/MERRA2.20190701.A3cld.05x0625.nc4
2583.648,hit,false,0.000,0,363.627,144,GEOS_0.5x0.625/MERRA2/2019/07/MERRA2.20190701.A3cld.05x0625.nc4
2583.681,hit,false,0.000,0,363.661,144,GEOS_0.5x0.625/MERRA2/2019/07/MERRA2.20190701.A3cld.05x0625.nc4
2583.704,hit,false,0.000,0,363.683,144,GEOS_0.5x0.625/MERRA2/2019/07/MERRA2.20190701.A3cld.05x0625.nc4
2583.737,hit,false,0.000,0,363.304,145,GEOS_0.5x0.625/MERRA2/2019/07/MERRA2.20190701.A3cld.05x0625.nc4
2583.766,hit,false,0.000,0,363.333,145,GEOS_0.5x0.625/MERRA2/2019/07/MERRA2.20190701.A3cld.05x0625.nc4
2583.797,hit,false,0.000,0,363.364,145,GEOS_0.5x0.625/MERRA2/2019/07/MERRA2.20190701.A3cld.05x0625.nc4
2583.821,hit,false,0.000,0,363.388,145,GEOS_0.5x0.625/MERRA2/2019/07/MERRA2.20190701.A3cld.05x0625.nc4
2583.937,hit,false,0.000,0,363.504,145,GEOS_0.5x0.625/MERRA2/2019/07/MERRA2.20190701.A3cld.05x0625.nc4
2583.960,hit,false,0.000,0,363.527,145,GEOS_0.5x0.625/MERRA2/2019/07/MERRA2.20190701.A3cld.05x0625.nc4
2583.993,hit,false,0.000,0,363.560,145,GEOS_0.5x0.625/MERRA2/2019/07/MERRA2.20190701.A3cld.05x0625.nc4
2584.019,hit,false,0.000,0,363.586,145,GEOS_0.5x0.625/MERRA2/2019/07/MERRA2.20190701.A3cld.05x0625.nc4
2584.051,hit,false,0.000,0,363.615,146,GEOS_0.5x0.625/MERRA2/2019/07/MERRA2.20190701.A3cld.05x0625.nc4
2584.075,hit,false,0.000,0,363.640,146,GEOS_0.5x0.625/MERRA2/2019/07/MERRA2.20190701.A3cld.05x0625.nc4
2584.113,hit,false,0.000,0,363.678,146,GEOS_0.5x0.625/MERRA2/2019/07/MERRA2.20190701.A3cld.05x0625.nc4
2584.135,hit,false,0.000,0,363.700,146,GEOS_0.5x0.625/MERRA2/2019/07/MERRA2.20190701.A3cld.05x0625.nc4
2584.173,hit,false,0.000,0,363.737,146,GEOS_0.5x0.625/MERRA2/2019/07/MERRA2.20190701.A3cld.05x0625.nc4
2584.195,hit,false,0.000,0,363.760,146,GEOS_0.5x0.625/MERRA2/2019/07/MERRA2.20190701.A3cld.05x0625.nc4
2584.233,hit,false,0.000,0,363.798,146,GEOS_0.5x0.625/MERRA2/2019/07/MERRA2.20190701.A3cld.05x0625.nc4
2584.255,hit,false,0.000,0,363.819,146,GEOS_0.5x0.625/MERRA2/2019/07/MERRA2.20190701.A3cld.05x0625.nc4
2584.289,hit,false,0.000,0,363.848,147,GEOS_0.5x0.625/MERRA2/2019/07/MERRA2.20190701.A3cld.05x0625.nc4
2584.314,hit,false,0.000,0,363.873,147,GEOS_0.5x0.625/MERRA2/2019/07/MERRA2.20190701.A3cld.05x0625.nc4
2584.344,hit,false,0.000,0,363.902,147,GEOS_0.5x0.625/MERRA2/2019/07/MERRA2.20190701.A3cld.05x0625.nc4
2584.369,hit,false,0.000,0,363.928,147,GEOS_0.5x0.625/MERRA2/2019/07/MERRA2.20190701.A3cld.05x0625.nc4
2584.401,hit,false,0.000,0,363.960,147,GEOS_0.5x0.625/MERRA2/2019/07/MERRA2.20190701.A3cld.05x0625.nc4
2584.433,hit,false,0.000,0,363.992,147,GEOS_0.5x0.625/MERRA2/2019/07/MERRA2.20190701.A3cld.05x0625.nc4
2584.457,hit,false,0.000,0,364.015,147,GEOS_0.5x0.625/MERRA2/2019/07/MERRA2.20190701.A3cld.05x0625.nc4
2584.493,hit,false,0.000,0,364.052,147,GEOS_0.5x0.625/MERRA2/2019/07/MERRA2.20190701.A3cld.05x0625.nc4
2584.515,hit,false,0.000,0,364.072,148,GEOS_0.5x0.625/MERRA2/2019/07/MERRA2.20190701.A3cld.05x0625.nc4
2584.557,hit,false,0.000,0,364.114,148,GEOS_0.5x0.625/MERRA2/2019/07/MERRA2.20190701.A3cld.05x0625.nc4
2584.579,hit,false,0.000,0,364.136,148,GEOS_0.5x0.625/MERRA2/2019/07/MERRA2.20190701.A3cld.05x0625.nc4
2584.622,hit,false,0.000,0,364.179,148,GEOS_0.5x0.625/MERRA2/2019/07/MERRA2.20190701.A3cld.05x0625.nc4
2584.642,hit,false,0.000,0,364.200,148,GEOS_0.5x0.625/MERRA2/2019/07/MERRA2.20190701.A3cld.05x0625.nc4
2584.683,hit,false,0.000,0,364.240,148,GEOS_0.5x0.625/MERRA2/2019/07/MERRA2.20190701.A3cld.05x0625.nc4
2584.705,hit,false,0.000,0,364.262,148,GEOS_0.5x0.625/MERRA2/2019/07/MERRA2.20190701.A3cld.05x0625.nc4
2584.738,hit,false,0.000,0,364.295,148,GEOS_0.5x0.625/MERRA2/2019/07/MERRA2.20190701.A3cld.05x0625.nc4
2584.762,hit,false,0.000,0,364.317,149,GEOS_0.5x0.625/MERRA2/2019/07/MERRA2.20190701.A3cld.05x0625.nc4
2584.796,hit,false,0.000,0,364.351,149,GEOS_0.5x0.625/MERRA2/2019/07/MERRA2.20190701.A3cld.05x0625.nc4
2584.821,hit,false,0.000,0,364.376,149,GEOS_0.5x0.625/MERRA2/2019/07/MERRA2.20190701.A3cld.05x0625.nc4
2584.859,hit,false,0.000,0,364.414,149,GEOS_0.5x0.625/MERRA2/2019/07/MERRA2.20190701.A3cld.05x0625.nc4
2584.881,hit,false,0.000,0,364.436,149,GEOS_0.5x0.625/MERRA2/2019/07/MERRA2.20190701.A3cld.05x0625.nc4
2584.914,hit,false,0.000,0,364.469,149,GEOS_0.5x0.625/MERRA2/2019/07/MERRA2.20190701.A3cld.05x0625.nc4
2584.941,hit,false,0.000,0,364.496,149,GEOS_0.5x0.625/MERRA2/2019/07/MERRA2.20190701.A3cld.05x0625.nc4
2584.970,hit,false,0.000,0,364.525,149,GEOS_0.5x0.625/MERRA2/2019/07/MERRA2.20190701.A3cld.05x0625.nc4
2584.999,hit,false,0.000,0,364.552,150,GEOS_0.5x0.625/MERRA2/2019/07/MERRA2.20190701.A3cld.05x0625.nc4
2585.031,hit,false,0.000,0,364.584,150,GEOS_0.5x0.625/MERRA2/2019/07/MERRA2.20190701.A3cld.05x0625.nc4
2585.063,hit,false,0.000,0,364.616,150,GEOS_0.5x0.625/MERRA2/2019/07/MERRA2.20190701.A3cld.05x0625.nc4
2585.085,hit,false,0.000,0,364.638,150,GEOS_0.5x0.625/MERRA2/2019/07/MERRA2.20190701.A3cld.05x0625.nc4
2585.116,hit,false,0.000,0,364.669,150,GEOS_0.5x0.625/MERRA2/2019/07/MERRA2.20190701.A3cld.05x0625.nc4
2585.142,hit,false,0.000,0,364.695,150,GEOS_0.5x0.625/MERRA2/2019/07/MERRA2.20190701.A3cld.05x0625.nc4
2585.173,hit,false,0.000,0,364.726,150,GEOS_0.5x0.625/MERRA2/2019/07/MERRA2.20190701.A3cld.05x0625.nc4
2585.201,hit,false,0.000,0,364.754,150,GEOS_0.5x0.625/MERRA2/2019/07/MERRA2.20190701.A3cld.05x0625.nc4
2585.233,hit,false,0.000,0,364.784,151,GEOS_0.5x0.625/MERRA2/2019/07/MERRA2.20190701.A3cld.05x0625.nc4
2585.260,hit,false,0.000,0,364.811,151,GEOS_0.5x0.625/MERRA2/2019/07/MERRA2.20190701.A3cld.05x0625.nc4
2585.292,hit,false,0.000,0,364.843,151,GEOS_0.5x0.625/MERRA2/2019/07/MERRA2.20190701.A3cld.05x0625.nc4
2585.319,hit,false,0.000,0,364.870,151,GEOS_0.5x0.625/MERRA2/2019/07/MERRA2.20190701.A3cld.05x0625.nc4
2585.350,hit,false,0.000,0,364.901,151,GEOS_0.5x0.625/MERRA2/2019/07/MERRA2.20190701.A3cld.05x0625.nc4
2585.374,hit,false,0.000,0,364.925,151,GEOS_0.5x0.625/MERRA2/2019/07/MERRA2.20190701.A3cld.05x0625.nc4
2585.406,hit,false,0.000,0,364.957,151,GEOS_0.5x0.625/MERRA2/2019/07/MERRA2.20190701.A3cld.05x0625.nc4
2585.430,hit,false,0.000,0,364.981,151,GEOS_0.5x0.625/MERRA2/2019/07/MERRA2.20190701.A3cld.05x0625.nc4
2585.462,hit,false,0.000,0,365.447,152,GEOS_0.5x0.625/MERRA2/2019/07/MERRA2.20190701.A3cld.05x0625.nc4
2585.489,hit,false,0.000,0,365.474,152,GEOS_0.5x0.625/MERRA2/2019/07/MERRA2.20190701.A3cld.05x0625.nc4
2585.536,hit,false,0.000,0,365.521,152,GEOS_0.5x0.625/MERRA2/2019/07/MERRA2.20190701.A3cld.05x0625.nc4
2585.556,hit,false,0.000,0,365.541,152,GEOS_0.5x0.625/MERRA2/2019/07/MERRA2.20190701.A3cld.05x0625.nc4
2585.597,hit,false,0.000,0,365.582,152,GEOS_0.5x0.625/MERRA2/2019/07/MERRA2.20190701.A3cld.05x0625.nc4
2585.621,hit,false,0.000,0,365.606,152,GEOS_0.5x0.625/MERRA2/2019/07/MERRA2.20190701.A3cld.05x0625.nc4
2585.659,hit,false,0.000,0,365.643,152,GEOS_0.5x0.625/MERRA2/2019/07/MERRA2.20190701.A3cld.05x0625.nc4
2585.682,hit,false,0.000,0,365.667,152,GEOS_0.5x0.625/MERRA2/2019/07/MERRA2.20190701.A3cld.05x0625.nc4
2585.720,hit,false,0.000,0,365.445,153,GEOS_0.5x0.625/MERRA2/2019/07/MERRA2.20190701.A3cld.05x0625.nc4
2585.746,hit,false,0.000,0,365.472,153,GEOS_0.5x0.625/MERRA2/2019/07/MERRA2.20190701.A3cld.05x0625.nc4
2585.801,hit,false,0.000,0,365.526,153,GEOS_0.5x0.625/MERRA2/2019/07/MERRA2.20190701.A3cld.05x0625.nc4
2585.895,hit,false,0.000,0,365.621,153,GEOS_0.5x0.625/MERRA2/2019/07/MERRA2.20190701.A3cld.05x0625.nc4
2585.917,hit,false,0.000,0,365.643,153,GEOS_0.5x0.625/MERRA2/2019/07/MERRA2.20190701.A3cld.05x0625.nc4
2585.957,hit,false,0.000,0,365.683,153,GEOS_0.5x0.625/MERRA2/2019/07/MERRA2.20190701.A3cld.05x0625.nc4
2585.980,hit,false,0.000,0,365.705,153,GEOS_0.5x0.625/MERRA2/2019/07/MERRA2.20190701.A3cld.05x0625.nc4
2586.015,hit,false,0.000,0,365.740,153,GEOS_0.5x0.625/MERRA2/2019/07/MERRA2.20190701.A3cld.05x0625.nc4
2586.040,hit,false,0.000,0,365.763,154,GEOS_0.5x0.625/MERRA2/2019/07/MERRA2.20190701.A3cld.05x0625.nc4
2586.075,hit,false,0.000,0,365.798,154,GEOS_0.5x0.625/MERRA2/2019/07/MERRA2.20190701.A3cld.05x0625.nc4
2586.097,hit,false,0.000,0,365.820,154,GEOS_0.5x0.625/MERRA2/2019/07/MERRA2.20190701.A3cld.05x0625.nc4
2586.139,hit,false,0.000,0,365.861,154,GEOS_0.5x0.625/MERRA2/2019/07/MERRA2.20190701.A3cld.05x0625.nc4
2586.160,hit,false,0.000,0,365.883,154,GEOS_0.5x0.625/MERRA2/2019/07/MERRA2.20190701.A3cld.05x0625.nc4
2586.199,hit,false,0.000,0,365.922,154,GEOS_0.5x0.625/MERRA2/2019/07/MERRA2.20190701.A3cld.05x0625.nc4
2586.221,hit,false,0.000,0,365.944,154,GEOS_0.5x0.625/MERRA2/2019/07/MERRA2.20190701.A3cld.05x0625.nc4
2586.253,hit,false,0.000,0,365.976,154,GEOS_0.5x0.625/MERRA2/2019/07/MERRA2.20190701.A3cld.05x0625.nc4
2586.279,hit,false,0.000,0,365.992,155,GEOS_0.5x0.625/MERRA2/2019/07/MERRA2.20190701.A3cld.05x0625.nc4
2586.313,hit,false,0.000,0,366.027,155,GEOS_0.5x0.625/MERRA2/2019/07/MERRA2.20190701.A3cld.05x0625.nc4
2586.336,hit,false,0.000,0,366.050,155,GEOS_0.5x0.625/MERRA2/2019/07/MERRA2.20190701.A3cld.05x0625.nc4
2586.378,hit,false,0.000,0,366.092,155,GEOS_0.5x0.625/MERRA2/2019/07/MERRA2.20190701.A3cld.05x0625.nc4
2586.399,hit,false,0.000,0,366.113,155,GEOS_0.5x0.625/MERRA2/2019/07/MERRA2.20190701.A3cld.05x0625.nc4
2586.443,hit,false,0.000,0,366.157,155,GEOS_0.5x0.625/MERRA2/2019/07/MERRA2.20190701.A3cld.05x0625.nc4
2586.464,hit,false,0.000,0,366.178,155,GEOS_0.5x0.625/MERRA2/2019/07/MERRA2.20190701.A3cld.05x0625.nc4
2586.502,hit,false,0.000,0,366.216,155,GEOS_0.5x0.625/MERRA2/2019/07/MERRA2.20190701.A3cld.05x0625.nc4
2586.525,hit,false,0.000,0,366.237,156,GEOS_0.5x0.625/MERRA2/2019/07/MERRA2.20190701.A3cld.05x0625.nc4
2586.566,hit,false,0.000,0,366.279,156,GEOS_0.5x0.625/MERRA2/2019/07/MERRA2.20190701.A3cld.05x0625.nc4
2586.589,hit,false,0.000,0,366.301,156,GEOS_0.5x0.625/MERRA2/2019/07/MERRA2.20190701.A3cld.05x0625.nc4
2586.628,hit,false,0.000,0,366.340,156,GEOS_0.5x0.625/MERRA2/2019/07/MERRA2.20190701.A3cld.05x0625.nc4
2586.650,hit,false,0.000,0,366.363,156,GEOS_0.5x0.625/MERRA2/2019/07/MERRA2.20190701.A3cld.05x0625.nc4
2586.688,hit,false,0.000,0,366.401,156,GEOS_0.5x0.625/MERRA2/2019/07/MERRA2.20190701.A3cld.05x0625.nc4
2586.710,hit,false,0.000,0,366.423,156,GEOS_0.5x0.625/MERRA2/2019/07/MERRA2.20190701.A3cld.05x0625.nc4
2586.749,hit,false,0.000,0,366.461,156,GEOS_0.5x0.625/MERRA2/2019/07/MERRA2.20190701.A3cld.05x0625.nc4
2586.772,hit,false,0.000,0,366.482,157,GEOS_0.5x0.625/MERRA2/2019/07/MERRA2.20190701.A3cld.05x0625.nc4
2586.815,hit,false,0.000,0,366.525,157,GEOS_0.5x0.625/MERRA2/2019/07/MERRA2.20190701.A3cld.05x0625.nc4
2586.838,hit,false,0.000,0,366.548,157,GEOS_0.5x0.625/MERRA2/2019/07/MERRA2.20190701.A3cld.05x0625.nc4
2586.872,hit,false,0.000,0,366.582,157,GEOS_0.5x0.625/MERRA2/2019/07/MERRA2.20190701.A3cld.05x0625.nc4
2586.897,hit,false,0.000,0,366.607,157,GEOS_0.5x0.625/MERRA2/2019/07/MERRA2.20190701.A3cld.05x0625.nc4
2586.933,hit,false,0.000,0,366.644,157,GEOS_0.5x0.625/MERRA2/2019/07/MERRA2.20190701.A3cld.05x0625.nc4
2586.955,hit,false,0.000,0,366.666,157,GEOS_0.5x0.625/MERRA2/2019/07/MERRA2.20190701.A3cld.05x0625.nc4
2586.988,hit,false,0.000,0,366.699,157,GEOS_0.5x0.625/MERRA2/2019/07/MERRA2.20190701.A3cld.05x0625.nc4
2587.013,hit,false,0.000,0,366.722,158,GEOS_0.5x0.625/MERRA2/2019/07/MERRA2.20190701.A3cld.05x0625.nc4
2587.049,hit,false,0.000,0,366.758,158,GEOS_0.5x0.625/MERRA2/2019/07/MERRA2.20190701.A3cld.05x0625.nc4
2587.072,hit,false,0.000,0,366.781,158,GEOS_0.5x0.625/MERRA2/2019/07/MERRA2.20190701.A3cld.05x0625.nc4
2587.103,hit,false,0.000,0,366.812,158,GEOS_0.5x0.625/MERRA2/2019/07/MERRA2.20190701.A3cld.05x0625.nc4
2587.129,hit,false,0.000,0,366.838,158,GEOS_0.5x0.625/MERRA2/2019/07/MERRA2.20190701.A3cld.05x0625.nc4
2587.160,hit,false,0.000,0,366.869,158,GEOS_0.5x0.625/MERRA2/2019/07/MERRA2.20190701.A3cld.05x0625.nc4
2587.182,hit,false,0.000,0,366.892,158,GEOS_0.5x0.625/MERRA2/2019/07/MERRA2.20190701.A3cld.05x0625.nc4
2587.216,hit,false,0.000,0,366.925,158,GEOS_0.5x0.625/MERRA2/2019/07/MERRA2.20190701.A3cld.05x0625.nc4
2587.240,hit,false,0.000,0,366.948,159,GEOS_0.5x0.625/MERRA2/2019/07/MERRA2.20190701.A3cld.05x0625.nc4
2587.274,hit,false,0.000,0,366.982,159,GEOS_0.5x0.625/MERRA2/2019/07/MERRA2.20190701.A3cld.05x0625.nc4
2587.299,hit,false,0.000,0,367.007,159,GEOS_0.5x0.625/MERRA2/2019/07/MERRA2.20190701.A3cld.05x0625.nc4
2587.336,hit,false,0.000,0,367.044,159,GEOS_0.5x0.625/MERRA2/2019/07/MERRA2.20190701.A3cld.05x0625.nc4
2587.359,hit,false,0.000,0,367.066,159,GEOS_0.5x0.625/MERRA2/2019/07/MERRA2.20190701.A3cld.05x0625.nc4
2587.396,hit,false,0.000,0,367.104,159,GEOS_0.5x0.625/MERRA2/2019/07/MERRA2.20190701.A3cld.05x0625.nc4
2587.419,hit,false,0.000,0,367.127,159,GEOS_0.5x0.625/MERRA2/2019/07/MERRA2.20190701.A3cld.05x0625.nc4
2587.451,hit,false,0.000,0,367.158,159,GEOS_0.5x0.625/MERRA2/2019/07/MERRA2.20190701.A3cld.05x0625.nc4
2587.477,hit,false,0.000,0,367.372,160,GEOS_0.5x0.625/MERRA2/2019/07/MERRA2.20190701.A3cld.05x0625.nc4
2587.510,hit,false,0.000,0,367.406,160,GEOS_0.5x0.625/MERRA2/2019/07/MERRA2.20190701.A3cld.05x0625.nc4
2587.550,hit,false,0.000,0,367.446,160,GEOS_0.5x0.625/MERRA2/2019/07/MERRA2.20190701.A3cld.05x0625.nc4
2587.574,hit,false,0.000,0,367.470,160,GEOS_0.5x0.625/MERRA2/2019/07/MERRA2.20190701.A3cld.05x0625.nc4
2587.612,hit,false,0.000,0,367.507,160,GEOS_0.5x0.625/MERRA2/2019/07/MERRA2.20190701.A3cld.05x0625.nc4
2587.633,hit,false,0.000,0,367.529,160,GEOS_0.5x0.625/MERRA2/2019/07/MERRA2.20190701.A3cld.05x0625.nc4
2587.673,hit,false,0.000,0,367.569,160,GEOS_0.5x0.625/MERRA2/2019/07/MERRA2.20190701.A3cld.05x0625.nc4
2587.695,hit,false,0.000,0,367.591,160,GEOS_0.5x0.625/MERRA2/2019/07/MERRA2.20190701.A3cld.05x0625.nc4
2587.737,hit,false,0.000,0,367.626,161,GEOS_0.5x0.625/MERRA2/2019/07/MERRA2.20190701.A3cld.05x0625.nc4
2587.760,hit,false,0.000,0,367.650,161,GEOS_0.5x0.625/MERRA2/2019/07/MERRA2.20190701.A3cld.05x0625.nc4
2587.867,hit,false,0.000,0,367.757,161,GEOS_0.5x0.625/MERRA2/2019/07/MERRA2.20190701.A3cld.05x0625.nc4
2587.896,hit,false,0.000,0,367.785,161,GEOS_0.5x0.625/MERRA2/2019/07/MERRA2.20190701.A3cld.05x0625.nc4
2587.935,hit,false,0.000,0,367.825,161,GEOS_0.5x0.625/MERRA2/2019/07/MERRA2.20190701.A3cld.05x0625.nc4
2587.957,hit,false,0.000,0,367.846,161,GEOS_0.5x0.625/MERRA2/2019/07/MERRA2.20190701.A3cld.05x0625.nc4
2587.995,hit,false,0.000,0,367.885,161,GEOS_0.5x0.625/MERRA2/2019/07/MERRA2.20190701.A3cld.05x0625.nc4
2588.017,hit,false,0.000,0,367.907,161,GEOS_0.5x0.625/MERRA2/2019/07/MERRA2.20190701.A3cld.05x0625.nc4
2588.056,hit,false,0.000,0,367.944,162,GEOS_0.5x0.625/MERRA2/2019/07/MERRA2.20190701.A3cld.05x0625.nc4
2588.081,hit,false,0.000,0,367.968,162,GEOS_0.5x0.625/MERRA2/2019/07/MERRA2.20190701.A3cld.05x0625.nc4
2588.119,hit,false,0.000,0,368.007,162,GEOS_0.5x0.625/MERRA2/2019/07/MERRA2.20190701.A3cld.05x0625.nc4
2588.141,hit,false,0.000,0,368.028,162,GEOS_0.5x0.625/MERRA2/2019/07/MERRA2.20190701.A3cld.05x0625.nc4
2588.179,hit,false,0.000,0,368.067,162,GEOS_0.5x0.625/MERRA2/2019/07/MERRA2.20190701.A3cld.05x0625.nc4
2588.201,hit,false,0.000,0,368.088,162,GEOS_0.5x0.625/MERRA2/2019/07/MERRA2.20190701.A3cld.05x0625.nc4
2588.237,hit,false,0.000,0,368.125,162,GEOS_0.5x0.625/MERRA2/2019/07/MERRA2.20190701.A3cld.05x0625.nc4
2588.259,hit,false,0.000,0,368.147,162,GEOS_0.5x0.625/MERRA2/2019/07/MERRA2.20190701.A3cld.05x0625.nc4
2588.292,hit,false,0.000,0,368.179,163,GEOS_0.5x0.625/MERRA2/2019/07/MERRA2.20190701.A3cld.05x0625.nc4
2588.319,hit,false,0.000,0,368.206,163,GEOS_0.5x0.625/MERRA2/2019/07/MERRA2.20190701.A3cld.05x0625.nc4
2588.352,hit,false,0.000,0,368.239,163,GEOS_0.5x0.625/MERRA2/2019/07/MERRA2.20190701.A3cld.05x0625.nc4
2588.378,hit,false,0.000,0,368.264,163,GEOS_0.5x0.625/MERRA2/2019/07/MERRA2.20190701.A3cld.05x0625.nc4
2588.411,hit,false,0.000,0,368.298,163,GEOS_0.5x0.625/MERRA2/2019/07/MERRA2.20190701.A3cld.05x0625.nc4
2588.433,hit,false,0.000,0,368.320,163,GEOS_0.5x0.625/MERRA2/2019/07/MERRA2.20190701.A3cld.05x0625.nc4
2588.466,hit,false,0.000,0,368.352,163,GEOS_0.5x0.625/MERRA2/2019/07/MERRA2.20190701.A3cld.05x0625.nc4
2588.491,hit,false,0.000,0,368.378,163,GEOS_0.5x0.625/MERRA2/2019/07/MERRA2.20190701.A3cld.05x0625.nc4
2588.524,hit,false,0.000,0,368.409,164,GEOS_0.5x0.625/MERRA2/2019/07/MERRA2.20190701.A3cld.05x0625.nc4
2588.550,hit,false,0.000,0,368.435,164,GEOS_0.5x0.625/MERRA2/2019/07/MERRA2.20190701.A3cld.05x0625.nc4
2588.588,hit,false,0.000,0,368.472,164,GEOS_0.5x0.625/MERRA2/2019/07/MERRA2.20190701.A3cld.05x0625.nc4
2588.611,hit,false,0.000,0,368.495,164,GEOS_0.5x0.625/MERRA2/2019/07/MERRA2.20190701.A3cld.05x0625.nc4
2588.647,hit,false,0.000,0,368.532,164,GEOS_0.5x0.625/MERRA2/2019/07/MERRA2.20190701.A3cld.05x0625.nc4
2588.670,hit,false,0.000,0,368.555,164,GEOS_0.5x0.625/MERRA2/2019/07/MERRA2.20190701.A3cld.05x0625.nc4
2588.705,hit,false,0.000,0,368.590,164,GEOS_0.5x0.625/MERRA2/2019/07/MERRA2.20190701.A3cld.05x0625.nc4
2588.731,hit,false,0.000,0,368.615,164,GEOS_0.5x0.625/MERRA2/2019/07/MERRA2.20190701.A3cld.05x0625.nc4
2588.762,hit,false,0.000,0,368.645,165,GEOS_0.5x0.625/MERRA2/2019/07/MERRA2.20190701.A3cld.05x0625.nc4
2588.787,hit,false,0.000,0,368.670,165,GEOS_0.5x0.625/MERRA2/2019/07/MERRA2.20190701.A3cld.05x0625.nc4
2588.818,hit,false,0.000,0,368.701,165,GEOS_0.5x0.625/MERRA2/2019/07/MERRA2.20190701.A3cld.05x0625.nc4
2588.844,hit,false,0.000,0,368.727,165,GEOS_0.5x0.625/MERRA2/2019/07/MERRA2.20190701.A3cld.05x0625.nc4
2588.874,hit,false,0.000,0,368.756,165,GEOS_0.5x0.625/MERRA2/2019/07/MERRA2.20190701.A3cld.05x0625.nc4
2588.903,hit,false,0.000,0,368.785,165,GEOS_0.5x0.625/MERRA2/2019/07/MERRA2.20190701.A3cld.05x0625.nc4
2588.928,hit,false,0.000,0,368.811,165,GEOS_0.5x0.625/MERRA2/2019/07/MERRA2.20190701.A3cld.05x0625.nc4
2588.957,hit,false,0.000,0,368.840,165,GEOS_0.5x0.625/MERRA2/2019/07/MERRA2.20190701.A3cld.05x0625.nc4
2588.984,hit,false,0.000,0,368.865,166,GEOS_0.5x0.625/MERRA2/2019/07/MERRA2.20190701.A3cld.05x0625.nc4
2589.017,hit,false,0.000,0,368.898,166,GEOS_0.5x0.625/MERRA2/2019/07/MERRA2.20190701.A3cld.05x0625.nc4
2589.047,hit,false,0.000,0,368.929,166,GEOS_0.5x0.625/MERRA2/2019/07/MERRA2.20190701.A3cld.05x0625.nc4
2589.070,hit,false,0.000,0,368.951,166,GEOS_0.5x0.625/MERRA2/2019/07/MERRA2.20190701.A3cld.05x0625.nc4
2589.107,hit,false,0.000,0,368.988,166,GEOS_0.5x0.625/MERRA2/2019/07/MERRA2.20190701.A3cld.05x0625.nc4
2589.128,hit,false,0.000,0,369.009,166,GEOS_0.5x0.625/MERRA2/2019/07/MERRA2.20190701.A3cld.05x0625.nc4
2589.163,hit,false,0.000,0,369.044,166,GEOS_0.5x0.625/MERRA2/2019/07/MERRA2.20190701.A3cld.05x0625.nc4
2589.186,hit,false,0.000,0,369.067,166,GEOS_0.5x0.625/MERRA2/2019/07/MERRA2.20190701.A3cld.05x0625.nc4
2589.217,hit,false,0.000,0,369.096,167,GEOS_0.5x0.625/MERRA2/2019/07/MERRA2.20190701.A3cld.05x0625.nc4
2589.245,hit,false,0.000,0,369.125,167,GEOS_0.5x0.625/MERRA2/2019/07/MERRA2.20190701.A3cld.05x0625.nc4
2589.275,hit,false,0.000,0,369.155,167,GEOS_0.5x0.625/MERRA2/2019/07/MERRA2.20190701.A3cld.05x0625.nc4
2589.300,hit,false,0.000,0,369.180,167,GEOS_0.5x0.625/MERRA2/2019/07/MERRA2.20190701.A3cld.05x0625.nc4
2589.333,hit,false,0.000,0,369.212,167,GEOS_0.5x0.625/MERRA2/2019/07/MERRA2.20190701.A3cld.05x0625.nc4
2589.355,hit,false,0.000,0,369.234,167,GEOS_0.5x0.625/MERRA2/2019/07/MERRA2.20190701.A3cld.05x0625.nc4
2589.395,hit,false,0.000,0,369.275,167,GEOS_0.5x0.625/MERRA2/2019/07/MERRA2.20190701.A3cld.05x0625.nc4
2589.416,hit,false,0.000,0,369.296,167,GEOS_0.5x0.625/MERRA2/2019/07/MERRA2.20190701.A3cld.05x0625.nc4
2589.453,hit,false,0.000,0,369.321,168,GEOS_0.5x0.625/MERRA2/2019/07/MERRA2.20190701.A3cld.05x0625.nc4
2589.478,hit,false,0.000,0,369.346,168,GEOS_0.5x0.625/MERRA2/2019/07/MERRA2.20190701.A3cld.05x0625.nc4
2589.523,hit,false,0.000,0,369.390,168,GEOS_0.5x0.625/MERRA2/2019/07/MERRA2.20190701.A3cld.05x0625.nc4
2589.545,hit,false,0.000,0,369.413,168,GEOS_0.5x0.625/MERRA2/2019/07/MERRA2.20190701.A3cld.05x0625.nc4
2589.578,hit,false,0.000,0,369.445,168,GEOS_0.5x0.625/MERRA2/2019/07/MERRA2.20190701.A3cld.05x0625.nc4
2589.605,hit,false,0.000,0,369.472,168,GEOS_0.5x0.625/MERRA2/2019/07/MERRA2.20190701.A3cld.05x0625.nc4
2589.645,hit,false,0.000,0,369.512,168,GEOS_0.5x0.625/MERRA2/2019/07/MERRA2.20190701.A3cld.05x0625.nc4
2589.667,hit,false,0.000,0,369.535,168,GEOS_0.5x0.625/MERRA2/2019/07/MERRA2.20190701.A3cld.05x0625.nc4
2589.702,hit,false,0.000,0,369.565,169,GEOS_0.5x0.625/MERRA2/2019/07/MERRA2.20190701.A3cld.05x0625.nc4
2589.801,hit,false,0.000,0,369.663,169,GEOS_0.5x0.625/MERRA2/2019/07/MERRA2.20190701.A3cld.05x0625.nc4
2589.824,hit,false,0.000,0,369.687,169,GEOS_0.5x0.625/MERRA2/2019/07/MERRA2.20190701.A3cld.05x0625.nc4
2589.862,hit,false,0.000,0,369.725,169,GEOS_0.5x0.625/MERRA2/2019/07/MERRA2.20190701.A3cld.05x0625.nc4
2589.884,hit,false,0.000,0,369.747,169,GEOS_0.5x0.625/MERRA2/2019/07/MERRA2.20190701.A3cld.05x0625.nc4
2589.923,hit,false,0.000,0,369.785,169,GEOS_0.5x0.625/MERRA2/2019/07/MERRA2.20190701.A3cld.05x0625.nc4
2589.945,hit,false,0.000,0,369.808,169,GEOS_0.5x0.625/MERRA2/2019/07/MERRA2.20190701.A3cld.05x0625.nc4
2589.977,hit,false,0.000,0,369.840,169,GEOS_0.5x0.625/MERRA2/2019/07/MERRA2.20190701.A3cld.05x0625.nc4
2590.003,hit,false,0.000,0,369.864,170,GEOS_0.5x0.625/MERRA2/2019/07/MERRA2.20190701.A3cld.05x0625.nc4
2590.035,hit,false,0.000,0,369.896,170,GEOS_0.5x0.625/MERRA2/2019/07/MERRA2.20190701.A3cld.05x0625.nc4
2590.065,hit,false,0.000,0,369.926,170,GEOS_0.5x0.625/MERRA2/2019/07/MERRA2.20190701.A3cld.05x0625.nc4
2590.095,hit,false,0.000,0,369.956,170,GEOS_0.5x0.625/MERRA2/2019/07/MERRA2.20190701.A3cld.05x0625.nc4
2590.124,hit,false,0.000,0,369.984,170,GEOS_0.5x0.625/MERRA2/2019/07/MERRA2.20190701.A3cld.05x0625.nc4
2590.155,hit,false,0.000,0,370.015,170,GEOS_0.5x0.625/MERRA2/2019/07/MERRA2.20190701.A3cld.05x0625.nc4
2590.183,hit,false,0.000,0,370.044,170,GEOS_0.5x0.625/MERRA2/2019/07/MERRA2.20190701.A3cld.05x0625.nc4
2590.214,hit,false,0.000,0,370.075,170,GEOS_0.5x0.625/MERRA2/2019/07/MERRA2.20190701.A3cld.05x0625.nc4
2590.242,hit,false,0.000,0,370.101,171,GEOS_0.5x0.625/MERRA2/2019/07/MERRA2.20190701.A3cld.05x0625.nc4
2590.274,hit,false,0.000,0,370.133,171,GEOS_0.5x0.625/MERRA2/2019/07/MERRA2.20190701.A3cld.05x0625.nc4
2590.304,hit,false,0.000,0,370.162,171,GEOS_0.5x0.625/MERRA2/2019/07/MERRA2.20190701.A3cld.05x0625.nc4
2590.334,hit,false,0.000,0,370.193,171,GEOS_0.5x0.625/MERRA2/2019/07/MERRA2.20190701.A3cld.05x0625.nc4
2590.364,hit,false,0.000,0,370.223,171,GEOS_0.5x0.625/MERRA2/2019/07/MERRA2.20190701.A3cld.05x0625.nc4
2590.394,hit,false,0.000,0,370.253,171,GEOS_0.5x0.625/MERRA2/2019/07/MERRA2.20190701.A3cld.05x0625.nc4
2590.424,hit,false,0.000,0,370.283,171,GEOS_0.5x0.625/MERRA2/2019/07/MERRA2.20190701.A3cld.05x0625.nc4
2590.447,hit,false,0.000,0,370.306,171,GEOS_0.5x0.625/MERRA2/2019/07/MERRA2.20190701.A3cld.05x0625.nc4
2590.480,hit,false,0.000,0,370.338,172,GEOS_0.5x0.625/MERRA2/2019/07/MERRA2.20190701.A3cld.05x0625.nc4
2590.508,hit,false,0.000,0,370.365,172,GEOS_0.5x0.625/MERRA2/2019/07/MERRA2.20190701.A3cld.05x0625.nc4
2590.538,hit,false,0.000,0,370.396,172,GEOS_0.5x0.625/MERRA2/2019/07/MERRA2.20190701.A3cld.05x0625.nc4
2590.563,hit,false,0.000,0,370.420,172,GEOS_0.5x0.625/MERRA2/2019/07/MERRA2.20190701.A3cld.05x0625.nc4
2590.595,hit,false,0.000,0,370.452,172,GEOS_0.5x0.625/MERRA2/2019/07/MERRA2.20190701.A3cld.05x0625.nc4
2590.623,hit,false,0.000,0,370.480,172,GEOS_0.5x0.625/MERRA2/2019/07/MERRA2.20190701.A3cld.05x0625.nc4
2590.652,hit,false,0.000,0,370.509,172,GEOS_0.5x0.625/MERRA2/2019/07/MERRA2.20190701.A3cld.05x0625.nc4
2590.680,hit,false,0.000,0,370.537,172,GEOS_0.5x0.625/MERRA2/2019/07/MERRA2.20190701.A3cld.05x0625.nc4
2590.709,hit,false,0.000,0,370.564,173,GEOS_0.5x0.625/MERRA2/2019/07/MERRA2.20190701.A3cld.05x0625.nc4
2590.739,hit,false,0.000,0,370.595,173,GEOS_0.5x0.625/MERRA2/2019/07/MERRA2.20190701.A3cld.05x0625.nc4
2590.768,hit,false,0.000,0,370.623,173,GEOS_0.5x0.625/MERRA2/2019/07/MERRA2.20190701.A3cld.05x0625.nc4
2590.798,hit,false,0.000,0,370.654,173,GEOS_0.5x0.625/MERRA2/2019/07/MERRA2.20190701.A3cld.05x0625.nc4
2590.827,hit,false,0.000,0,370.682,173,GEOS_0.5x0.625/MERRA2/2019/07/MERRA2.20190701.A3cld.05x0625.nc4
2590.856,hit,false,0.000,0,370.711,173,GEOS_0.5x0.625/MERRA2/2019/07/MERRA2.20190701.A3cld.05x0625.nc4
2590.885,hit,false,0.000,0,370.740,173,GEOS_0.5x0.625/MERRA2/2019/07/MERRA2.20190701.A3cld.05x0625.nc4
2590.913,hit,false,0.000,0,370.769,173,GEOS_0.5x0.625/MERRA2/2019/07/MERRA2.20190701.A3cld.05x0625.nc4
2590.943,hit,false,0.000,0,370.797,174,GEOS_0.5x0.625/MERRA2/2019/07/MERRA2.20190701.A3cld.05x0625.nc4
2590.969,hit,false,0.000,0,370.823,174,GEOS_0.5x0.625/MERRA2/2019/07/MERRA2.20190701.A3cld.05x0625.nc4
2591.002,hit,false,0.000,0,370.856,174,GEOS_0.5x0.625/MERRA2/2019/07/MERRA2.20190701.A3cld.05x0625.nc4
2591.027,hit,false,0.000,0,370.881,174,GEOS_0.5x0.625/MERRA2/2019/07/MERRA2.20190701.A3cld.05x0625.nc4
2591.057,hit,false,0.000,0,370.912,174,GEOS_0.5x0.625/MERRA2/2019/07/MERRA2.20190701.A3cld.05x0625.nc4
2591.080,hit,false,0.000,0,370.935,174,GEOS_0.5x0.625/MERRA2/2019/07/MERRA2.20190701.A3cld.05x0625.nc4
2591.113,hit,false,0.000,0,370.968,174,GEOS_0.5x0.625/MERRA2/2019/07/MERRA2.20190701.A3cld.05x0625.nc4
2591.139,hit,false,0.000,0,370.993,174,GEOS_0.5x0.625/MERRA2/2019/07/MERRA2.20190701.A3cld.05x0625.nc4
2591.170,hit,false,0.000,0,371.022,175,GEOS_0.5x0.625/MERRA2/2019/07/MERRA2.20190701.A3cld.05x0625.nc4
2591.201,hit,false,0.000,0,371.054,175,GEOS_0.5x0.625/MERRA2/2019/07/MERRA2.20190701.A3cld.05x0625.nc4
2591.232,hit,false,0.000,0,371.084,175,GEOS_0.5x0.625/MERRA2/2019/07/MERRA2.20190701.A3cld.05x0625.nc4
2591.258,hit,false,0.000,0,371.111,175,GEOS_0.5x0.625/MERRA2/2019/07/MERRA2.20190701.A3cld.05x0625.nc4
2591.289,hit,false,0.000,0,371.142,175,GEOS_0.5x0.625/MERRA2/2019/07/MERRA2.20190701.A3cld.05x0625.nc4
2591.317,hit,false,0.000,0,371.169,175,GEOS_0.5x0.625/MERRA2/2019/07/MERRA2.20190701.A3cld.05x0625.nc4
2591.345,hit,false,0.000,0,371.198,175,GEOS_0.5x0.625/MERRA2/2019/07/MERRA2.20190701.A3cld.05x0625.nc4
2591.376,hit,false,0.000,0,371.228,175,GEOS_0.5x0.625/MERRA2/2019/07/MERRA2.20190701.A3cld.05x0625.nc4
2591.404,hit,false,0.000,0,371.759,176,GEOS_0.5x0.625/MERRA2/2019/07/MERRA2.20190701.A3cld.05x0625.nc4
2591.436,hit,false,0.000,0,371.791,176,GEOS_0.5x0.625/MERRA2/2019/07/MERRA2.20190701.A3cld.05x0625.nc4
2591.467,hit,false,0.000,0,371.822,176,GEOS_0.5x0.625/MERRA2/2019/07/MERRA2.20190701.A3cld.05x0625.nc4
2591.493,hit,false,0.000,0,371.848,176,GEOS_0.5x0.625/MERRA2/2019/07/MERRA2.20190701.A3cld.05x0625.nc4
2591.527,hit,false,0.000,0,371.881,176,GEOS_0.5x0.625/MERRA2/2019/07/MERRA2.20190701.A3cld.05x0625.nc4
2591.554,hit,false,0.000,0,371.909,176,GEOS_0.5x0.625/MERRA2/2019/07/MERRA2.20190701.A3cld.05x0625.nc4
2591.584,hit,false,0.000,0,371.939,176,GEOS_0.5x0.625/MERRA2/2019/07/MERRA2.20190701.A3cld.05x0625.nc4
2591.612,hit,false,0.000,0,371.967,176,GEOS_0.5x0.625/MERRA2/2019/07/MERRA2.20190701.A3cld.05x0625.nc4
2591.712,hit,false,0.000,0,372.063,177,GEOS_0.5x0.625/MERRA2/2019/07/MERRA2.20190701.A3cld.05x0625.nc4
2591.738,hit,false,0.000,0,372.089,177,GEOS_0.5x0.625/MERRA2/2019/07/MERRA2.20190701.A3cld.05x0625.nc4
2591.772,hit,false,0.000,0,372.122,177,GEOS_0.5x0.625/MERRA2/2019/07/MERRA2.20190701.A3cld.05x0625.nc4
2591.794,hit,false,0.000,0,372.145,177,GEOS_0.5x0.625/MERRA2/2019/07/MERRA2.20190701.A3cld.05x0625.nc4
2591.832,hit,false,0.000,0,372.183,177,GEOS_0.5x0.625/MERRA2/2019/07/MERRA2.20190701.A3cld.05x0625.nc4
2591.854,hit,false,0.000,0,372.205,177,GEOS_0.5x0.625/MERRA2/2019/07/MERRA2.20190701.A3cld.05x0625.nc4
2591.894,hit,false,0.000,0,372.245,177,GEOS_0.5x0.625/MERRA2/2019/07/MERRA2.20190701.A3cld.05x0625.nc4
2591.917,hit,false,0.000,0,372.268,177,GEOS_0.5x0.625/MERRA2/2019/07/MERRA2.20190701.A3cld.05x0625.nc4
2591.958,hit,false,0.000,0,372.306,178,GEOS_0.5x0.625/MERRA2/2019/07/MERRA2.20190701.A3cld.05x0625.nc4
2591.982,hit,false,0.000,0,372.330,178,GEOS_0.5x0.625/MERRA2/2019/07/MERRA2.20190701.A3cld.05x0625.nc4
2592.022,hit,false,0.000,0,372.370,178,GEOS_0.5x0.625/MERRA2/2019/07/MERRA2.20190701.A3cld.05x0625.nc4
2592.043,hit,false,0.000,0,372.391,178,GEOS_0.5x0.625/MERRA2/2019/07/MERRA2.20190701.A3cld.05x0625.nc4
2592.085,hit,false,0.000,0,372.433,178,GEOS_0.5x0.625/MERRA2/2019/07/MERRA2.20190701.A3cld.05x0625.nc4
2592.106,hit,false,0.000,0,372.454,178,GEOS_0.5x0.625/MERRA2/2019/07/MERRA2.20190701.A3cld.05x0625.nc4
2592.138,hit,false,0.000,0,372.486,178,GEOS_0.5x0.625/MERRA2/2019/07/MERRA2.20190701.A3cld.05x0625.nc4
2592.163,hit,false,0.000,0,372.511,178,GEOS_0.5x0.625/MERRA2/2019/07/MERRA2.20190701.A3cld.05x0625.nc4
2592.194,hit,false,0.000,0,372.540,179,GEOS_0.5x0.625/MERRA2/2019/07/MERRA2.20190701.A3cld.05x0625.nc4
2592.220,hit,false,0.000,0,372.565,179,GEOS_0.5x0.625/MERRA2/2019/07/MERRA2.20190701.A3cld.05x0625.nc4
2592.251,hit,false,0.000,0,372.596,179,GEOS_0.5x0.625/MERRA2/2019/07/MERRA2.20190701.A3cld.05x0625.nc4
2592.276,hit,false,0.000,0,372.622,179,GEOS_0.5x0.625/MERRA2/2019/07/MERRA2.20190701.A3cld.05x0625.nc4
2592.308,hit,false,0.000,0,372.654,179,GEOS_0.5x0.625/MERRA2/2019/07/MERRA2.20190701.A3cld.05x0625.nc4
2592.332,hit,false,0.000,0,372.677,179,GEOS_0.5x0.625/MERRA2/2019/07/MERRA2.20190701.A3cld.05x0625.nc4
2592.369,hit,false,0.000,0,372.714,179,GEOS_0.5x0.625/MERRA2/2019/07/MERRA2.20190701.A3cld.05x0625.nc4
2592.390,hit,false,0.000,0,372.736,179,GEOS_0.5x0.625/MERRA2/2019/07/MERRA2.20190701.A3cld.05x0625.nc4
2592.429,hit,false,0.000,0,372.772,180,GEOS_0.5x0.625/MERRA2/2019/07/MERRA2.20190701.A3cld.05x0625.nc4
2592.453,hit,false,0.000,0,372.796,180,GEOS_0.5x0.625/MERRA2/2019/07/MERRA2.20190701.A3cld.05x0625.nc4
2592.490,hit,false,0.000,0,372.833,180,GEOS_0.5x0.625/MERRA2/2019/07/MERRA2.20190701.A3cld.05x0625.nc4
2592.515,hit,false,0.000,0,372.858,180,GEOS_0.5x0.625/MERRA2/2019/07/MERRA2.20190701.A3cld.05x0625.nc4
2592.545,hit,false,0.000,0,372.888,180,GEOS_0.5x0.625/MERRA2/2019/07/MERRA2.20190701.A3cld.05x0625.nc4
2592.569,hit,false,0.000,0,372.912,180,GEOS_0.5x0.625/MERRA2/2019/07/MERRA2.20190701.A3cld.05x0625.nc4
2592.600,hit,false,0.000,0,372.943,180,GEOS_0.5x0.625/MERRA2/2019/07/MERRA2.20190701.A3cld.05x0625.nc4
2592.622,hit,false,0.000,0,372.965,180,GEOS_0.5x0.625/MERRA2/2019/07/MERRA2.20190701.A3cld.05x0625.nc4
2592.658,hit,false,0.000,0,372.999,181,GEOS_0.5x0.625/MERRA2/2019/07/MERRA2.20190701.A3cld.05x0625.nc4
2592.683,hit,false,0.000,0,373.024,181,GEOS_0.5x0.625/MERRA2/2019/07/MERRA2.20190701.A3cld.05x0625.nc4
2592.713,hit,false,0.000,0,373.054,181,GEOS_0.5x0.625/MERRA2/2019/07/MERRA2.20190701.A3cld.05x0625.nc4
2592.739,hit,false,0.000,0,373.080,181,GEOS_0.5x0.625/MERRA2/2019/07/MERRA2.20190701.A3cld.05x0625.nc4
2592.767,hit,false,0.000,0,373.109,181,GEOS_0.5x0.625/MERRA2/2019/07/MERRA2.20190701.A3cld.05x0625.nc4
2592.792,hit,false,0.000,0,373.133,181,GEOS_0.5x0.625/MERRA2/2019/07/MERRA2.20190701.A3cld.05x0625.nc4
2592.824,hit,false,0.000,0,373.165,181,GEOS_0.5x0.625/MERRA2/2019/07/MERRA2.20190701.A3cld.05x0625.nc4
2592.852,hit,false,0.000,0,373.193,181,GEOS_0.5x0.625/MERRA2/2019/07/MERRA2.20190701.A3cld.05x0625.nc4
2592.882,hit,false,0.000,0,373.221,182,GEOS_0.5x0.625/MERRA2/2019/07/MERRA2.20190701.A3cld.05x0625.nc4
2592.908,hit,false,0.000,0,373.247,182,GEOS_0.5x0.625/MERRA2/2019/07/MERRA2.20190701.A3cld.05x0625.nc4
2592.942,hit,false,0.000,0,373.281,182,GEOS_0.5x0.625/MERRA2/2019/07/MERRA2.20190701.A3cld.05x0625.nc4
2592.965,hit,false,0.000,0,373.304,182,GEOS_0.5x0.625/MERRA2/2019/07/MERRA2.20190701.A3cld.05x0625.nc4
2592.997,hit,false,0.000,0,373.336,182,GEOS_0.5x0.625/MERRA2/2019/07/MERRA2.20190701.A3cld.05x0625.nc4
2593.023,hit,false,0.000,0,373.362,182,GEOS_0.5x0.625/MERRA2/2019/07/MERRA2.20190701.A3cld.05x0625.nc4
2593.052,hit,false,0.000,0,373.391,182,GEOS_0.5x0.625/MERRA2/2019/07/MERRA2.20190701.A3cld.05x0625.nc4
2593.075,hit,false,0.000,0,373.414,182,GEOS_0.5x0.625/MERRA2/2019/07/MERRA2.20190701.A3cld.05x0625.nc4
2593.106,hit,false,0.000,0,373.442,183,GEOS_0.5x0.625/MERRA2/2019/07/MERRA2.20190701.A3cld.05x0625.nc4
2593.133,hit,false,0.000,0,373.469,183,GEOS_0.5x0.625/MERRA2/2019/07/MERRA2.20190701.A3cld.05x0625.nc4
2593.164,hit,false,0.000,0,373.500,183,GEOS_0.5x0.625/MERRA2/2019/07/MERRA2.20190701.A3cld.05x0625.nc4
2593.187,hit,false,0.000,0,373.523,183,GEOS_0.5x0.625/MERRA2/2019/07/MERRA2.20190701.A3cld.05x0625.nc4
2593.223,hit,false,0.000,0,373.559,183,GEOS_0.5x0.625/MERRA2/2019/07/MERRA2.20190701.A3cld.05x0625.nc4
2593.246,hit,false,0.000,0,373.582,183,GEOS_0.5x0.625/MERRA2/2019/07/MERRA2.20190701.A3cld.05x0625.nc4
2593.280,hit,false,0.000,0,373.616,183,GEOS_0.5x0.625/MERRA2/2019/07/MERRA2.20190701.A3cld.05x0625.nc4
2593.303,hit,false,0.000,0,373.639,183,GEOS_0.5x0.625/MERRA2/2019/07/MERRA2.20190701.A3cld.05x0625.nc4
2593.337,hit,false,0.000,0,373.644,184,GEOS_0.5x0.625/MERRA2/2019/07/MERRA2.20190701.A3cld.05x0625.nc4
2593.363,hit,false,0.000,0,373.671,184,GEOS_0.5x0.625/MERRA2/2019/07/MERRA2.20190701.A3cld.05x0625.nc4
2593.410,hit,false,0.000,0,373.718,184,GEOS_0.5x0.625/MERRA2/2019/07/MERRA2.20190701.A3cld.05x0625.nc4
2593.431,hit,false,0.000,0,373.738,184,GEOS_0.5x0.625/MERRA2/2019/07/MERRA2.20190701.A3cld.05x0625.nc4
2593.468,hit,false,0.000,0,373.775,184,GEOS_0.5x0.625/MERRA2/2019/07/MERRA2.20190701.A3cld.05x0625.nc4
2593.491,hit,false,0.000,0,373.798,184,GEOS_0.5x0.625/MERRA2/2019/07/MERRA2.20190701.A3cld.05x0625.nc4
2593.523,hit,false,0.000,0,373.830,184,GEOS_0.5x0.625/MERRA2/2019/07/MERRA2.20190701.A3cld.05x0625.nc4
2593.619,hit,false,0.000,0,373.927,184,GEOS_0.5x0.625/MERRA2/2019/07/MERRA2.20190701.A3cld.05x0625.nc4
2593.643,hit,false,0.000,0,373.948,185,GEOS_0.5x0.625/MERRA2/2019/07/MERRA2.20190701.A3cld.05x0625.nc4
2593.683,hit,false,0.000,0,373.989,185,GEOS_0.5x0.625/MERRA2/2019/07/MERRA2.20190701.A3cld.05x0625.nc4
2593.708,hit,false,0.000,0,374.013,185,GEOS_0.5x0.625/MERRA2/2019/07/MERRA2.20190701.A3cld.05x0625.nc4
2593.741,hit,false,0.000,0,374.046,185,GEOS_0.5x0.625/MERRA2/2019/07/MERRA2.20190701.A3cld.05x0625.nc4
2593.765,hit,false,0.000,0,374.071,185,GEOS_0.5x0.625/MERRA2/2019/07/MERRA2.20190701.A3cld.05x0625.nc4
2593.805,hit,false,0.000,0,374.110,185,GEOS_0.5x0.625/MERRA2/2019/07/MERRA2.20190701.A3cld.05x0625.nc4
2593.827,hit,false,0.000,0,374.132,185,GEOS_0.5x0.625/MERRA2/2019/07/MERRA2.20190701.A3cld.05x0625.nc4
2593.864,hit,false,0.000,0,374.169,185,GEOS_0.5x0.625/MERRA2/2019/07/MERRA2.20190701.A3cld.05x0625.nc4
2593.885,hit,false,0.000,0,374.186,186,GEOS_0.5x0.625/MERRA2/2019/07/MERRA2.20190701.A3cld.05x0625.nc4
2593.925,hit,false,0.000,0,374.226,186,GEOS_0.5x0.625/MERRA2/2019/07/MERRA2.20190701.A3cld.05x0625.nc4
2593.947,hit,false,0.000,0,374.248,186,GEOS_0.5x0.625/MERRA2/2019/07/MERRA2.20190701.A3cld.05x0625.nc4
2593.979,hit,false,0.000,0,374.280,186,GEOS_0.5x0.625/MERRA2/2019/07/MERRA2.20190701.A3cld.05x0625.nc4
2594.004,hit,false,0.000,0,374.305,186,GEOS_0.5x0.625/MERRA2/2019/07/MERRA2.20190701.A3cld.05x0625.nc4
2594.034,hit,false,0.000,0,374.335,186,GEOS_0.5x0.625/MERRA2/2019/07/MERRA2.20190701.A3cld.05x0625.nc4
2594.060,hit,false,0.000,0,374.360,186,GEOS_0.5x0.625/MERRA2/2019/07/MERRA2.20190701.A3cld.05x0625.nc4
2594.093,hit,false,0.000,0,374.393,186,GEOS_0.5x0.625/MERRA2/2019/07/MERRA2.20190701.A3cld.05x0625.nc4
2594.121,hit,false,0.000,0,374.420,187,GEOS_0.5x0.625/MERRA2/2019/07/MERRA2.20190701.A3cld.05x0625.nc4
2594.154,hit,false,0.000,0,374.453,187,GEOS_0.5x0.625/MERRA2/2019/07/MERRA2.20190701.A3cld.05x0625.nc4
2594.172,hit,false,0.000,0,374.471,187,GEOS_0.5x0.625/MERRA2/2019/07/MERRA2.20190701.A3cld.05x0625.nc4
2594.221,hit,false,0.000,0,374.520,187,GEOS_0.5x0.625/MERRA2/2019/07/MERRA2.20190701.A3cld.05x0625.nc4
2594.242,hit,false,0.000,0,374.541,187,GEOS_0.5x0.625/MERRA2/2019/07/MERRA2.20190701.A3cld.05x0625.nc4
2594.278,hit,false,0.000,0,374.577,187,GEOS_0.5x0.625/MERRA2/2019/07/MERRA2.20190701.A3cld.05x0625.nc4
2594.301,hit,false,0.000,0,374.600,187,GEOS_0.5x0.625/MERRA2/2019/07/MERRA2.20190701.A3cld.05x0625.nc4
2594.334,hit,false,0.000,0,374.632,187,GEOS_0.5x0.625/MERRA2/2019/07/MERRA2.20190701.A3cld.05x0625.nc4
2594.360,hit,false,0.000,0,374.656,188,GEOS_0.5x0.625/MERRA2/2019/07/MERRA2.20190701.A3cld.05x0625.nc4
2594.394,hit,false,0.000,0,374.690,188,GEOS_0.5x0.625/MERRA2/2019/07/MERRA2.20190701.A3cld.05x0625.nc4
2594.419,hit,false,0.000,0,374.715,188,GEOS_0.5x0.625/MERRA2/2019/07/MERRA2.20190701.A3cld.05x0625.nc4
2594.452,hit,false,0.000,0,374.748,188,GEOS_0.5x0.625/MERRA2/2019/07/MERRA2.20190701.A3cld.05x0625.nc4
2594.473,hit,false,0.000,0,374.769,188,GEOS_0.5x0.625/MERRA2/2019/07/MERRA2.20190701.A3cld.05x0625.nc4
2594.512,hit,false,0.000,0,374.808,188,GEOS_0.5x0.625/MERRA2/2019/07/MERRA2.20190701.A3cld.05x0625.nc4
2594.536,hit,false,0.000,0,374.832,188,GEOS_0.5x0.625/MERRA2/2019/07/MERRA2.20190701.A3cld.05x0625.nc4
2594.573,hit,false,0.000,0,374.869,188,GEOS_0.5x0.625/MERRA2/2019/07/MERRA2.20190701.A3cld.05x0625.nc4
2594.596,hit,false,0.000,0,374.888,189,GEOS_0.5x0.625/MERRA2/2019/07/MERRA2.20190701.A3cld.05x0625.nc4
2594.638,hit,false,0.000,0,374.931,189,GEOS_0.5x0.625/MERRA2/2019/07/MERRA2.20190701.A3cld.05x0625.nc4
2594.660,hit,false,0.000,0,374.953,189,GEOS_0.5x0.625/MERRA2/2019/07/MERRA2.20190701.A3cld.05x0625.nc4
2594.692,hit,false,0.000,0,374.985,189,GEOS_0.5x0.625/MERRA2/2019/07/MERRA2.20190701.A3cld.05x0625.nc4
2594.718,hit,false,0.000,0,375.011,189,GEOS_0.5x0.625/MERRA2/2019/07/MERRA2.20190701.A3cld.05x0625.nc4
2594.749,hit,false,0.000,0,375.042,189,GEOS_0.5x0.625/MERRA2/2019/07/MERRA2.20190701.A3cld.05x0625.nc4
2594.773,hit,false,0.000,0,375.066,189,GEOS_0.5x0.625/MERRA2/2019/07/MERRA2.20190701.A3cld.05x0625.nc4
2594.806,hit,false,0.000,0,375.099,189,GEOS_0.5x0.625/MERRA2/2019/07/MERRA2.20190701.A3cld.05x0625.nc4
2594.828,hit,false,0.000,0,375.118,190,GEOS_0.5x0.625/MERRA2/2019/07/MERRA2.20190701.A3cld.05x0625.nc4
2594.867,hit,false,0.000,0,375.156,190,GEOS_0.5x0.625/MERRA2/2019/07/MERRA2.20190701.A3cld.05x0625.nc4
2594.890,hit,false,0.000,0,375.179,190,GEOS_0.5x0.625/MERRA2/2019/07/MERRA2.20190701.A3cld.05x0625.nc4
2594.922,hit,false,0.000,0,375.211,190,GEOS_0.5x0.625/MERRA2/2019/07/MERRA2.20190701.A3cld.05x0625.nc4
2594.947,hit,false,0.000,0,375.237,190,GEOS_0.5x0.625/MERRA2/2019/07/MERRA2.20190701.A3cld.05x0625.nc4
2594.979,hit,false,0.000,0,375.268,190,GEOS_0.5x0.625/MERRA2/2019/07/MERRA2.20190701.A3cld.05x0625.nc4
2595.004,hit,false,0.000,0,375.293,190,GEOS_0.5x0.625/MERRA2/2019/07/MERRA2.20190701.A3cld.05x0625.nc4
2595.035,hit,false,0.000,0,375.324,190,GEOS_0.5x0.625/MERRA2/2019/07/MERRA2.20190701.A3cld.05x0625.nc4
2595.061,hit,false,0.000,0,375.349,191,GEOS_0.5x0.625/MERRA2/2019/07/MERRA2.20190701.A3cld.05x0625.nc4
2595.094,hit,false,0.000,0,375.382,191,GEOS_0.5x0.625/MERRA2/2019/07/MERRA2.20190701.A3cld.05x0625.nc4
2595.124,hit,false,0.000,0,375.412,191,GEOS_0.5x0.625/MERRA2/2019/07/MERRA2.20190701.A3cld.05x0625.nc4
2595.153,hit,false,0.000,0,375.441,191,GEOS_0.5x0.625/MERRA2/2019/07/MERRA2.20190701.A3cld.05x0625.nc4
2595.188,hit,false,0.000,0,375.475,191,GEOS_0.5x0.625/MERRA2/2019/07/MERRA2.20190701.A3cld.05x0625.nc4
2595.210,hit,false,0.000,0,375.497,191,GEOS_0.5x0.625/MERRA2/2019/07/MERRA2.20190701.A3cld.05x0625.nc4
2595.246,hit,false,0.000,0,375.534,191,GEOS_0.5x0.625/MERRA2/2019/07/MERRA2.20190701.A3cld.05x0625.nc4
2595.269,hit,false,0.000,0,375.556,191,GEOS_0.5x0.625/MERRA2/2019/07/MERRA2.20190701.A3cld.05x0625.nc4
2595.308,hit,false,0.000,0,375.255,192,GEOS_0.5x0.625/MERRA2/2019/07/MERRA2.20190701.A3cld.05x0625.nc4
2595.334,hit,false,0.000,0,375.280,192,GEOS_0.5x0.625/MERRA2/2019/07/MERRA2.20190701.A3cld.05x0625.nc4
2595.377,hit,false,0.000,0,375.323,192,GEOS_0.5x0.625/MERRA2/2019/07/MERRA2.20190701.A3cld.05x0625.nc4
2595.398,hit,false,0.000,0,375.345,192,GEOS_0.5x0.625/MERRA2/2019/07/MERRA2.20190701.A3cld.05x0625.nc4
2595.438,hit,false,0.000,0,375.384,192,GEOS_0.5x0.625/MERRA2/2019/07/MERRA2.20190701.A3cld.05x0625.nc4
2595.460,hit,false,0.000,0,375.406,192,GEOS_0.5x0.625/MERRA2/2019/07/MERRA2.20190701.A3cld.05x0625.nc4
2595.566,hit,false,0.000,0,375.512,192,GEOS_0.5x0.625/MERRA2/2019/07/MERRA2.20190701.A3cld.05x0625.nc4
2595.588,hit,false,0.000,0,375.535,192,GEOS_0.5x0.625/MERRA2/2019/07/MERRA2.20190701.A3cld.05x0625.nc4
2595.626,hit,false,0.000,0,375.570,193,GEOS_0.5x0.625/MERRA2/2019/07/MERRA2.20190701.A3cld.05x0625.nc4
2595.650,hit,false,0.000,0,375.594,193,GEOS_0.5x0.625/MERRA2/2019/07/MERRA2.20190701.A3cld.05x0625.nc4
2595.688,hit,false,0.000,0,375.632,193,GEOS_0.5x0.625/MERRA2/2019/07/MERRA2.20190701.A3cld.05x0625.nc4
2595.710,hit,false,0.000,0,375.654,193,GEOS_0.5x0.625/MERRA2/2019/07/MERRA2.20190701.A3cld.05x0625.nc4
2595.752,hit,false,0.000,0,375.696,193,GEOS_0.5x0.625/MERRA2/2019/07/MERRA2.20190701.A3cld.05x0625.nc4
2595.783,hit,false,0.000,0,375.727,193,GEOS_0.5x0.625/MERRA2/2019/07/MERRA2.20190701.A3cld.05x0625.nc4
2595.814,hit,false,0.000,0,375.758,193,GEOS_0.5x0.625/MERRA2/2019/07/MERRA2.20190701.A3cld.05x0625.nc4
2595.848,hit,false,0.000,0,375.791,193,GEOS_0.5x0.625/MERRA2/2019/07/MERRA2.20190701.A3cld.05x0625.nc4
2595.876,hit,false,0.000,0,375.818,194,GEOS_0.5x0.625/MERRA2/2019/07/MERRA2.20190701.A3cld.05x0625.nc4
2595.924,hit,false,0.000,0,375.866,194,GEOS_0.5x0.625/MERRA2/2019/07/MERRA2.20190701.A3cld.05x0625.nc4
2595.945,hit,false,0.000,0,375.887,194,GEOS_0.5x0.625/MERRA2/2019/07/MERRA2.20190701.A3cld.05x0625.nc4
2596.008,hit,false,0.000,0,375.950,194,GEOS_0.5x0.625/MERRA2/2019/07/MERRA2.20190701.A3cld.05x0625.nc4
2596.010,hit,false,0.000,0,375.952,194,GEOS_0.5x0.625/MERRA2/2019/07/MERRA2.20190701.A3cld.05x0625.nc4
2596.090,hit,false,0.000,0,376.033,194,GEOS_0.5x0.625/MERRA2/2019/07/MERRA2.20190701.A3cld.05x0625.nc4
2596.112,hit,false,0.000,0,376.054,194,GEOS_0.5x0.625/MERRA2/2019/07/MERRA2.20190701.A3cld.05x0625.nc4
2596.155,hit,false,0.000,0,376.097,194,GEOS_0.5x0.625/MERRA2/2019/07/MERRA2.20190701.A3cld.05x0625.nc4
2596.179,hit,false,0.000,0,376.120,195,GEOS_0.5x0.625/MERRA2/2019/07/MERRA2.20190701.A3cld.05x0625.nc4
2596.218,hit,false,0.000,0,376.159,195,GEOS_0.5x0.625/MERRA2/2019/07/MERRA2.20190701.A3cld.05x0625.nc4
2596.245,hit,false,0.000,0,376.186,195,GEOS_0.5x0.625/MERRA2/2019/07/MERRA2.20190701.A3cld.05x0625.nc4
2596.277,hit,false,0.000,0,376.218,195,GEOS_0.5x0.625/MERRA2/2019/07/MERRA2.20190701.A3cld.05x0625.nc4
2596.303,hit,false,0.000,0,376.243,195,GEOS_0.5x0.625/MERRA2/2019/07/MERRA2.20190701.A3cld.05x0625.nc4
2596.337,hit,false,0.000,0,376.278,195,GEOS_0.5x0.625/MERRA2/2019/07/MERRA2.20190701.A3cld.05x0625.nc4
2596.367,hit,false,0.000,0,376.308,195,GEOS_0.5x0.625/MERRA2/2019/07/MERRA2.20190701.A3cld.05x0625.nc4
2596.399,hit,false,0.000,0,376.339,195,GEOS_0.5x0.625/MERRA2/2019/07/MERRA2.20190701.A3cld.05x0625.nc4
2596.429,hit,false,0.000,0,376.367,196,GEOS_0.5x0.625/MERRA2/2019/07/MERRA2.20190701.A3cld.05x0625.nc4
2596.459,hit,false,0.000,0,376.397,196,GEOS_0.5x0.625/MERRA2/2019/07/MERRA2.20190701.A3cld.05x0625.nc4
2596.493,hit,false,0.000,0,376.431,196,GEOS_0.5x0.625/MERRA2/2019/07/MERRA2.20190701.A3cld.05x0625.nc4
2596.515,hit,false,0.000,0,376.453,196,GEOS_0.5x0.625/MERRA2/2019/07/MERRA2.20190701.A3cld.05x0625.nc4
2596.559,hit,false,0.000,0,376.498,196,GEOS_0.5x0.625/MERRA2/2019/07/MERRA2.20190701.A3cld.05x0625.nc4
2596.617,hit,false,0.000,0,376.555,196,GEOS_0.5x0.625/MERRA2/2019/07/MERRA2.20190701.A3cld.05x0625.nc4
2596.641,hit,false,0.000,0,376.579,196,GEOS_0.5x0.625/MERRA2/2019/07/MERRA2.20190701.A3cld.05x0625.nc4
2596.676,hit,false,0.000,0,376.614,196,GEOS_0.5x0.625/MERRA2/2019/07/MERRA2.20190701.A3cld.05x0625.nc4
2596.699,hit,false,0.000,0,376.635,197,GEOS_0.5x0.625/MERRA2/2019/07/MERRA2.20190701.A3cld.05x0625.nc4
2596.735,hit,false,0.000,0,376.671,197,GEOS_0.5x0.625/MERRA2/2019/07/MERRA2.20190701.A3cld.05x0625.nc4
2596.762,hit,false,0.000,0,376.699,197,GEOS_0.5x0.625/MERRA2/2019/07/MERRA2.20190701.A3cld.05x0625.nc4
2596.796,hit,false,0.000,0,376.733,197,GEOS_0.5x0.625/MERRA2/2019/07/MERRA2.20190701.A3cld.05x0625.nc4
2596.825,hit,false,0.000,0,376.761,197,GEOS_0.5x0.625/MERRA2/2019/07/MERRA2.20190701.A3cld.05x0625.nc4
2596.853,hit,false,0.000,0,376.789,197,GEOS_0.5x0.625/MERRA2/2019/07/MERRA2.20190701.A3cld.05x0625.nc4
2596.880,hit,false,0.000,0,376.816,197,GEOS_0.5x0.625/MERRA2/2019/07/MERRA2.20190701.A3cld.05x0625.nc4
2596.907,hit,false,0.000,0,376.843,197,GEOS_0.5x0.625/MERRA2/2019/07/MERRA2.20190701.A3cld.05x0625.nc4
2596.939,hit,false,0.000,0,376.873,198,GEOS_0.5x0.625/MERRA2/2019/07/MERRA2.20190701.A3cld.05x0625.nc4
2596.966,hit,false,0.000,0,376.900,198,GEOS_0.5x0.625/MERRA2/2019/07/MERRA2.20190701.A3cld.05x0625.nc4
2596.998,hit,false,0.000,0,376.933,198,GEOS_0.5x0.625/MERRA2/2019/07/MERRA2.20190701.A3cld.05x0625.nc4
2597.025,hit,false,0.000,0,376.959,198,GEOS_0.5x0.625/MERRA2/2019/07/MERRA2.20190701.A3cld.05x0625.nc4
2597.058,hit,false,0.000,0,376.992,198,GEOS_0.5x0.625/MERRA2/2019/07/MERRA2.20190701.A3cld.05x0625.nc4
2597.087,hit,false,0.000,0,377.021,198,GEOS_0.5x0.625/MERRA2/2019/07/MERRA2.20190701.A3cld.05x0625.nc4
2597.115,hit,false,0.000,0,377.049,198,GEOS_0.5x0.625/MERRA2/2019/07/MERRA2.20190701.A3cld.05x0625.nc4
2597.146,hit,false,0.000,0,377.080,198,GEOS_0.5x0.625/MERRA2/2019/07/MERRA2.20190701.A3cld.05x0625.nc4
2597.171,hit,false,0.000,0,377.104,199,GEOS_0.5x0.625/MERRA2/2019/07/MERRA2.20190701.A3cld.05x0625.nc4
2597.205,hit,false,0.000,0,377.138,199,GEOS_0.5x0.625/MERRA2/2019/07/MERRA2.20190701.A3cld.05x0625.nc4
2597.231,hit,false,0.000,0,377.163,199,GEOS_0.5x0.625/MERRA2/2019/07/MERRA2.20190701.A3cld.05x0625.nc4
2597.261,hit,false,0.000,0,377.194,199,GEOS_0.5x0.625/MERRA2/2019/07/MERRA2.20190701.A3cld.05x0625.nc4
2597.294,hit,false,0.000,0,377.227,199,GEOS_0.5x0.625/MERRA2/2019/07/MERRA2.20190701.A3cld.05x0625.nc4
2597.319,hit,false,0.000,0,377.252,199,GEOS_0.5x0.625/MERRA2/2019/07/MERRA2.20190701.A3cld.05x0625.nc4
2597.374,hit,false,0.000,0,377.307,199,GEOS_0.5x0.625/MERRA2/2019/07/MERRA2.20190701.A3cld.05x0625.nc4
2597.395,hit,false,0.000,0,377.327,199,GEOS_0.5x0.625/MERRA2/2019/07/MERRA2.20190701.A3cld.05x0625.nc4
2597.434,hit,false,0.000,0,377.283,200,GEOS_0.5x0.625/MERRA2/2019/07/MERRA2.20190701.A3cld.05x0625.nc4
2597.458,hit,false,0.000,0,377.307,200,GEOS_0.5x0.625/MERRA2/2019/07/MERRA2.20190701.A3cld.05x0625.nc4
2597.502,hit,false,0.000,0,377.352,200,GEOS_0.5x0.625/MERRA2/2019/07/MERRA2.20190701.A3cld.05x0625.nc4
2597.524,hit,false,0.000,0,377.374,200,GEOS_0.5x0.625/MERRA2/2019/07/MERRA2.20190701.A3cld.05x0625.nc4
2597.566,hit,false,0.000,0,377.415,200,GEOS_0.5x0.625/MERRA2/2019/07/MERRA2.20190701.A3cld.05x0625.nc4
2597.657,hit,false,0.000,0,377.506,200,GEOS_0.5x0.625/MERRA2/2019/07/MERRA2.20190701.A3cld.05x0625.nc4
2597.680,hit,false,0.000,0,377.529,200,GEOS_0.5x0.625/MERRA2/2019/07/MERRA2.20190701.A3cld.05x0625.nc4
2597.719,hit,false,0.000,0,377.569,200,GEOS_0.5x0.625/MERRA2/2019/07/MERRA2.20190701.A3cld.05x0625.nc4
2597.741,hit,false,0.000,0,377.583,201,GEOS_0.5x0.625/MERRA2/2019/07/MERRA2.20190701.A3cld.05x0625.nc4
2597.783,hit,false,0.000,0,377.624,201,GEOS_0.5x0.625/MERRA2/2019/07/MERRA2.20190701.A3cld.05x0625.nc4
2597.805,hit,false,0.000,0,377.646,201,GEOS_0.5x0.625/MERRA2/2019/07/MERRA2.20190701.A3cld.05x0625.nc4
2597.843,hit,false,0.000,0,377.685,201,GEOS_0.5x0.625/MERRA2/2019/07/MERRA2.20190701.A3cld.05x0625.nc4
2597.866,hit,false,0.000,0,377.708,201,GEOS_0.5x0.625/MERRA2/2019/07/MERRA2.20190701.A3cld.05x0625.nc4
2597.900,hit,false,0.000,0,377.742,201,GEOS_0.5x0.625/MERRA2/2019/07/MERRA2.20190701.A3cld.05x0625.nc4
2597.924,hit,false,0.000,0,377.766,201,GEOS_0.5x0.625/MERRA2/2019/07/MERRA2.20190701.A3cld.05x0625.nc4
2597.957,hit,false,0.000,0,377.799,201,GEOS_0.5x0.625/MERRA2/2019/07/MERRA2.20190701.A3cld.05x0625.nc4
2597.982,hit,false,0.000,0,377.822,202,GEOS_0.5x0.625/MERRA2/2019/07/MERRA2.20190701.A3cld.05x0625.nc4
2598.019,hit,false,0.000,0,377.859,202,GEOS_0.5x0.625/MERRA2/2019/07/MERRA2.20190701.A3cld.05x0625.nc4
2598.041,hit,false,0.000,0,377.881,202,GEOS_0.5x0.625/MERRA2/2019/07/MERRA2.20190701.A3cld.05x0625.nc4
2598.075,hit,false,0.000,0,377.915,202,GEOS_0.5x0.625/MERRA2/2019/07/MERRA2.20190701.A3cld.05x0625.nc4
2598.101,hit,false,0.000,0,377.941,202,GEOS_0.5x0.625/MERRA2/2019/07/MERRA2.20190701.A3cld.05x0625.nc4
2598.133,hit,false,0.000,0,377.972,202,GEOS_0.5x0.625/MERRA2/2019/07/MERRA2.20190701.A3cld.05x0625.nc4
2598.158,hit,false,0.000,0,377.997,202,GEOS_0.5x0.625/MERRA2/2019/07/MERRA2.20190701.A3cld.05x0625.nc4
2598.191,hit,false,0.000,0,378.031,202,GEOS_0.5x0.625/MERRA2/2019/07/MERRA2.20190701.A3cld.05x0625.nc4
2598.219,hit,false,0.000,0,378.056,203,GEOS_0.5x0.625/MERRA2/2019/07/MERRA2.20190701.A3cld.05x0625.nc4
2598.251,hit,false,0.000,0,378.088,203,GEOS_0.5x0.625/MERRA2/2019/07/MERRA2.20190701.A3cld.05x0625.nc4
2598.281,hit,false,0.000,0,378.118,203,GEOS_0.5x0.625/MERRA2/2019/07/MERRA2.20190701.A3cld.05x0625.nc4
2598.310,hit,false,0.000,0,378.147,203,GEOS_0.5x0.625/MERRA2/2019/07/MERRA2.20190701.A3cld.05x0625.nc4
2598.342,hit,false,0.000,0,378.180,203,GEOS_0.5x0.625/MERRA2/2019/07/MERRA2.20190701.A3cld.05x0625.nc4
2598.369,hit,false,0.000,0,378.207,203,GEOS_0.5x0.625/MERRA2/2019/07/MERRA2.20190701.A3cld.05x0625.nc4
2598.403,hit,false,0.000,0,378.240,203,GEOS_0.5x0.625/MERRA2/2019/07/MERRA2.20190701.A3cld.05x0625.nc4
2598.431,hit,false,0.000,0,378.269,203,GEOS_0.5x0.625/MERRA2/2019/07/MERRA2.20190701.A3cld.05x0625.nc4
2598.463,hit,false,0.000,0,378.299,204,GEOS_0.5x0.625/MERRA2/2019/07/MERRA2.20190701.A3cld.05x0625.nc4
2598.494,hit,false,0.000,0,378.330,204,GEOS_0.5x0.625/MERRA2/2019/07/MERRA2.20190701.A3cld.05x0625.nc4
2598.525,hit,false,0.000,0,378.361,204,GEOS_0.5x0.625/MERRA2/2019/07/MERRA2.20190701.A3cld.05x0625.nc4
2598.552,hit,false,0.000,0,378.388,204,GEOS_0.5x0.625/MERRA2/2019/07/MERRA2.20190701.A3cld.05x0625.nc4
2598.585,hit,false,0.000,0,378.421,204,GEOS_0.5x0.625/MERRA2/2019/07/MERRA2.20190701.A3cld.05x0625.nc4
2598.609,hit,false,0.000,0,378.444,204,GEOS_0.5x0.625/MERRA2/2019/07/MERRA2.20190701.A3cld.05x0625.nc4
2598.642,hit,false,0.000,0,378.478,204,GEOS_0.5x0.625/MERRA2/2019/07/MERRA2.20190701.A3cld.05x0625.nc4
2598.667,hit,false,0.000,0,378.503,204,GEOS_0.5x0.625/MERRA2/2019/07/MERRA2.20190701.A3cld.05x0625.nc4
2598.699,hit,false,0.000,0,378.533,205,GEOS_0.5x0.625/MERRA2/2019/07/MERRA2.20190701.A3cld.05x0625.nc4
2598.724,hit,false,0.000,0,378.558,205,GEOS_0.5x0.625/MERRA2/2019/07/MERRA2.20190701.A3cld.05x0625.nc4
2598.757,hit,false,0.000,0,378.591,205,GEOS_0.5x0.625/MERRA2/2019/07/MERRA2.20190701.A3cld.05x0625.nc4
2598.783,hit,false,0.000,0,378.617,205,GEOS_0.5x0.625/MERRA2/2019/07/MERRA2.20190701.A3cld.05x0625.nc4
2598.814,hit,false,0.000,0,378.648,205,GEOS_0.5x0.625/MERRA2/2019/07/MERRA2.20190701.A3cld.05x0625.nc4
2598.843,hit,false,0.000,0,378.676,205,GEOS_0.5x0.625/MERRA2/2019/07/MERRA2.20190701.A3cld.05x0625.nc4
2598.870,hit,false,0.000,0,378.704,205,GEOS_0.5x0.625/MERRA2/2019/07/MERRA2.20190701.A3cld.05x0625.nc4
2598.900,hit,false,0.000,0,378.734,205,GEOS_0.5x0.625/MERRA2/2019/07/MERRA2.20190701.A3cld.05x0625.nc4
2598.925,hit,false,0.000,0,378.757,206,GEOS_0.5x0.625/MERRA2/2019/07/MERRA2.20190701.A3cld.05x0625.nc4
2598.959,hit,false,0.000,0,378.792,206,GEOS_0.5x0.625/MERRA2/2019/07/MERRA2.20190701.A3cld.05x0625.nc4
2598.984,hit,false,0.000,0,378.817,206,GEOS_0.5x0.625/MERRA2/2019/07/MERRA2.20190701.A3cld.05x0625.nc4
2599.017,hit,false,0.000,0,378.849,206,GEOS_0.5x0.625/MERRA2/2019/07/MERRA2.20190701.A3cld.05x0625.nc4
2599.041,hit,false,0.000,0,378.873,206,GEOS_0.5x0.625/MERRA2/2019/07/MERRA2.20190701.A3cld.05x0625.nc4
2599.073,hit,false,0.000,0,378.905,206,GEOS_0.5x0.625/MERRA2/2019/07/MERRA2.20190701.A3cld.05x0625.nc4
2599.099,hit,false,0.000,0,378.931,206,GEOS_0.5x0.625/MERRA2/2019/07/MERRA2.20190701.A3cld.05x0625.nc4
2599.130,hit,false,0.000,0,378.962,206,GEOS_0.5x0.625/MERRA2/2019/07/MERRA2.20190701.A3cld.05x0625.nc4
2599.159,hit,false,0.000,0,378.990,207,GEOS_0.5x0.625/MERRA2/2019/07/MERRA2.20190701.A3cld.05x0625.nc4
2599.190,hit,false,0.000,0,379.021,207,GEOS_0.5x0.625/MERRA2/2019/07/MERRA2.20190701.A3cld.05x0625.nc4
2599.220,hit,false,0.000,0,379.051,207,GEOS_0.5x0.625/MERRA2/2019/07/MERRA2.20190701.A3cld.05x0625.nc4
2599.246,hit,false,0.000,0,379.076,207,GEOS_0.5x0.625/MERRA2/2019/07/MERRA2.20190701.A3cld.05x0625.nc4
2599.280,hit,false,0.000,0,379.111,207,GEOS_0.5x0.625/MERRA2/2019/07/MERRA2.20190701.A3cld.05x0625.nc4
2599.306,hit,false,0.000,0,379.137,207,GEOS_0.5x0.625/MERRA2/2019/07/MERRA2.20190701.A3cld.05x0625.nc4
2599.337,hit,false,0.000,0,379.168,207,GEOS_0.5x0.625/MERRA2/2019/07/MERRA2.20190701.A3cld.05x0625.nc4
2599.364,hit,false,0.000,0,379.195,207,GEOS_0.5x0.625/MERRA2/2019/07/MERRA2.20190701.A3cld.05x0625.nc4
2599.394,hit,false,0.000,0,379.582,208,GEOS_0.5x0.625/MERRA2/2019/07/MERRA2.20190701.A3cld.05x0625.nc4
2599.425,hit,false,0.000,0,379.613,208,GEOS_0.5x0.625/MERRA2/2019/07/MERRA2.20190701.A3cld.05x0625.nc4
2599.468,hit,false,0.000,0,379.656,208,GEOS_0.5x0.625/MERRA2/2019/07/MERRA2.20190701.A3cld.05x0625.nc4
2599.490,hit,false,0.000,0,379.678,208,GEOS_0.5x0.625/MERRA2/2019/07/MERRA2.20190701.A3cld.05x0625.nc4
2599.599,hit,false,0.000,0,379.786,208,GEOS_0.5x0.625/MERRA2/2019/07/MERRA2.20190701.A3cld.05x0625.nc4
2599.622,hit,false,0.000,0,379.809,208,GEOS_0.5x0.625/MERRA2/2019/07/MERRA2.20190701.A3cld.05x0625.nc4
2599.659,hit,false,0.000,0,379.847,208,GEOS_0.5x0.625/MERRA2/2019/07/MERRA2.20190701.A3cld.05x0625.nc4
2599.681,hit,false,0.000,0,379.868,208,GEOS_0.5x0.625/MERRA2/2019/07/MERRA2.20190701.A3cld.05x0625.nc4
2599.718,hit,false,0.000,0,379.903,209,GEOS_0.5x0.625/MERRA2/2019/07/MERRA2.20190701.A3cld.05x0625.nc4
2599.742,hit,false,0.000,0,379.927,209,GEOS_0.5x0.625/MERRA2/2019/07/MERRA2.20190701.A3cld.05x0625.nc4
2599.783,hit,false,0.000,0,379.968,209,GEOS_0.5x0.625/MERRA2/2019/07/MERRA2.20190701.A3cld.05x0625.nc4
2599.803,hit,false,0.000,0,379.989,209,GEOS_0.5x0.625/MERRA2/2019/07/MERRA2.20190701.A3cld.05x0625.nc4
2599.839,hit,false,0.000,0,380.024,209,GEOS_0.5x0.625/MERRA2/2019/07/MERRA2.20190701.A3cld.05x0625.nc4
2599.864,hit,false,0.000,0,380.049,209,GEOS_0.5x0.625/MERRA2/2019/07/MERRA2.20190701.A3cld.05x0625.nc4
2599.903,hit,false,0.000,0,380.088,209,GEOS_0.5x0.625/MERRA2/2019/07/MERRA2.20190701.A3cld.05x0625.nc4
2599.925,hit,false,0.000,0,380.110,209,GEOS_0.5x0.625/MERRA2/2019/07/MERRA2.20190701.A3cld.05x0625.nc4
2599.964,hit,false,0.000,0,380.147,210,GEOS_0.5x0.625/MERRA2/2019/07/MERRA2.20190701.A3cld.05x0625.nc4
2599.990,hit,false,0.000,0,380.173,210,GEOS_0.5x0.625/MERRA2/2019/07/MERRA2.20190701.A3cld.05x0625.nc4
2600.026,hit,false,0.000,0,380.208,210,GEOS_0.5x0.625/MERRA2/2019/07/MERRA2.20190701.A3cld.05x0625.nc4
2600.048,hit,false,0.000,0,380.230,210,GEOS_0.5x0.625/MERRA2/2019/07/MERRA2.20190701.A3cld.05x0625.nc4
2600.081,hit,false,0.000,0,380.264,210,GEOS_0.5x0.625/MERRA2/2019/07/MERRA2.20190701.A3cld.05x0625.nc4
2600.106,hit,false,0.000,0,380.288,210,GEOS_0.5x0.625/MERRA2/2019/07/MERRA2.20190701.A3cld.05x0625.nc4
2600.143,hit,false,0.000,0,380.326,210,GEOS_0.5x0.625/MERRA2/2019/07/MERRA2.20190701.A3cld.05x0625.nc4
2600.166,hit,false,0.000,0,380.348,210,GEOS_0.5x0.625/MERRA2/2019/07/MERRA2.20190701.A3cld.05x0625.nc4
2600.203,hit,false,0.000,0,380.383,211,GEOS_0.5x0.625/MERRA2/2019/07/MERRA2.20190701.A3cld.05x0625.nc4
2600.228,hit,false,0.000,0,380.408,211,GEOS_0.5x0.625/MERRA2/2019/07/MERRA2.20190701.A3cld.05x0625.nc4
2600.265,hit,false,0.000,0,380.445,211,GEOS_0.5x0.625/MERRA2/2019/07/MERRA2.20190701.A3cld.05x0625.nc4
2600.290,hit,false,0.000,0,380.470,211,GEOS_0.5x0.625/MERRA2/2019/07/MERRA2.20190701.A3cld.05x0625.nc4
2600.321,hit,false,0.000,0,380.502,211,GEOS_0.5x0.625/MERRA2/2019/07/MERRA2.20190701.A3cld.05x0625.nc4
2600.351,hit,false,0.000,0,380.531,211,GEOS_0.5x0.625/MERRA2/2019/07/MERRA2.20190701.A3cld.05x0625.nc4
2600.379,hit,false,0.000,0,380.559,211,GEOS_0.5x0.625/MERRA2/2019/07/MERRA2.20190701.A3cld.05x0625.nc4
2600.408,hit,false,0.000,0,380.588,211,GEOS_0.5x0.625/MERRA2/2019/07/MERRA2.20190701.A3cld.05x0625.nc4
2600.432,hit,false,0.000,0,380.611,212,GEOS_0.5x0.625/MERRA2/2019/07/MERRA2.20190701.A3cld.05x0625.nc4
2600.466,hit,false,0.000,0,380.644,212,GEOS_0.5x0.625/MERRA2/2019/07/MERRA2.20190701.A3cld.05x0625.nc4
2600.493,hit,false,0.000,0,380.672,212,GEOS_0.5x0.625/MERRA2/2019/07/MERRA2.20190701.A3cld.05x0625.nc4
2600.523,hit,false,0.000,0,380.702,212,GEOS_0.5x0.625/MERRA2/2019/07/MERRA2.20190701.A3cld.05x0625.nc4
2600.551,hit,false,0.000,0,380.730,212,GEOS_0.5x0.625/MERRA2/2019/07/MERRA2.20190701.A3cld.05x0625.nc4
2600.580,hit,false,0.000,0,380.759,212,GEOS_0.5x0.625/MERRA2/2019/07/MERRA2.20190701.A3cld.05x0625.nc4
2600.609,hit,false,0.000,0,380.788,212,GEOS_0.5x0.625/MERRA2/2019/07/MERRA2.20190701.A3cld.05x0625.nc4
2600.638,hit,false,0.000,0,380.817,212,GEOS_0.5x0.625/MERRA2/2019/07/MERRA2.20190701.A3cld.05x0625.nc4
2600.662,hit,false,0.000,0,380.838,213,GEOS_0.5x0.625/MERRA2/2019/07/MERRA2.20190701.A3cld.05x0625.nc4
2600.696,hit,false,0.000,0,380.872,213,GEOS_0.5x0.625/MERRA2/2019/07/MERRA2.20190701.A3cld.05x0625.nc4
2600.722,hit,false,0.000,0,380.898,213,GEOS_0.5x0.625/MERRA2/2019/07/MERRA2.20190701.A3cld.05x0625.nc4
2600.754,hit,false,0.000,0,380.930,213,GEOS_0.5x0.625/MERRA2/2019/07/MERRA2.20190701.A3cld.05x0625.nc4
2600.782,hit,false,0.000,0,380.958,213,GEOS_0.5x0.625/MERRA2/2019/07/MERRA2.20190701.A3cld.05x0625.nc4
2600.811,hit,false,0.000,0,380.987,213,GEOS_0.5x0.625/MERRA2/2019/07/MERRA2.20190701.A3cld.05x0625.nc4
2600.839,hit,false,0.000,0,381.015,213,GEOS_0.5x0.625/MERRA2/2019/07/MERRA2.20190701.A3cld.05x0625.nc4
2600.867,hit,false,0.000,0,381.043,213,GEOS_0.5x0.625/MERRA2/2019/07/MERRA2.20190701.A3cld.05x0625.nc4
2600.895,hit,false,0.000,0,381.070,214,GEOS_0.5x0.625/MERRA2/2019/07/MERRA2.20190701.A3cld.05x0625.nc4
2600.929,hit,false,0.000,0,381.103,214,GEOS_0.5x0.625/MERRA2/2019/07/MERRA2.20190701.A3cld.05x0625.nc4
2600.952,hit,false,0.000,0,381.127,214,GEOS_0.5x0.625/MERRA2/2019/07/MERRA2.20190701.A3cld.05x0625.nc4
2600.990,hit,false,0.000,0,381.164,214,GEOS_0.5x0.625/MERRA2/2019/07/MERRA2.20190701.A3cld.05x0625.nc4
2601.012,hit,false,0.000,0,381.187,214,GEOS_0.5x0.625/MERRA2/2019/07/MERRA2.20190701.A3cld.05x0625.nc4
2601.049,hit,false,0.000,0,381.224,214,GEOS_0.5x0.625/MERRA2/2019/07/MERRA2.20190701.A3cld.05x0625.nc4
2601.072,hit,false,0.000,0,381.247,214,GEOS_0.5x0.625/MERRA2/2019/07/MERRA2.20190701.A3cld.05x0625.nc4
2601.108,hit,false,0.000,0,381.282,214,GEOS_0.5x0.625/MERRA2/2019/07/MERRA2.20190701.A3cld.05x0625.nc4
2601.130,hit,false,0.000,0,381.303,215,GEOS_0.5x0.625/MERRA2/2019/07/MERRA2.20190701.A3cld.05x0625.nc4
2601.169,hit,false,0.000,0,381.341,215,GEOS_0.5x0.625/MERRA2/2019/07/MERRA2.20190701.A3cld.05x0625.nc4
2601.194,hit,false,0.000,0,381.367,215,GEOS_0.5x0.625/MERRA2/2019/07/MERRA2.20190701.A3cld.05x0625.nc4
2601.225,hit,false,0.000,0,381.398,215,GEOS_0.5x0.625/MERRA2/2019/07/MERRA2.20190701.A3cld.05x0625.nc4
2601.248,hit,false,0.000,0,381.420,215,GEOS_0.5x0.625/MERRA2/2019/07/MERRA2.20190701.A3cld.05x0625.nc4
2601.283,hit,false,0.000,0,381.456,215,GEOS_0.5x0.625/MERRA2/2019/07/MERRA2.20190701.A3cld.05x0625.nc4
2601.306,hit,false,0.000,0,381.478,215,GEOS_0.5x0.625/MERRA2/2019/07/MERRA2.20190701.A3cld.05x0625.nc4
2601.342,hit,false,0.000,0,381.515,215,GEOS_0.5x0.625/MERRA2/2019/07/MERRA2.20190701.A3cld.05x0625.nc4
2601.364,hit,false,0.000,0,381.571,216,GEOS_0.5x0.625/MERRA2/2019/07/MERRA2.20190701.A3cld.05x0625.nc4
2601.403,hit,false,0.000,0,381.610,216,GEOS_0.5x0.625/MERRA2/2019/07/MERRA2.20190701.A3cld.05x0625.nc4
2601.433,hit,false,0.000,0,381.640,216,GEOS_0.5x0.625/MERRA2/2019/07/MERRA2.20190701.A3cld.05x0625.nc4
2601.530,hit,false,0.000,0,381.738,216,GEOS_0.5x0.625/MERRA2/2019/07/MERRA2.20190701.A3cld.05x0625.nc4
2601.553,hit,false,0.000,0,381.760,216,GEOS_0.5x0.625/MERRA2/2019/07/MERRA2.20190701.A3cld.05x0625.nc4
2601.592,hit,false,0.000,0,381.800,216,GEOS_0.5x0.625/MERRA2/2019/07/MERRA2.20190701.A3cld.05x0625.nc4
2601.615,hit,false,0.000,0,381.822,216,GEOS_0.5x0.625/MERRA2/2019/07/MERRA2.20190701.A3cld.05x0625.nc4
2601.646,hit,false,0.000,0,381.854,216,GEOS_0.5x0.625/MERRA2/2019/07/MERRA2.20190701.A3cld.05x0625.nc4
2601.672,hit,false,0.000,0,381.878,217,GEOS_0.5x0.625/MERRA2/2019/07/MERRA2.20190701.A3cld.05x0625.nc4
2601.706,hit,false,0.000,0,381.912,217,GEOS_0.5x0.625/MERRA2/2019/07/MERRA2.20190701.A3cld.05x0625.nc4
2601.732,hit,false,0.000,0,381.938,217,GEOS_0.5x0.625/MERRA2/2019/07/MERRA2.20190701.A3cld.05x0625.nc4
2601.762,hit,false,0.000,0,381.968,217,GEOS_0.5x0.625/MERRA2/2019/07/MERRA2.20190701.A3cld.05x0625.nc4
2601.789,hit,false,0.000,0,381.995,217,GEOS_0.5x0.625/MERRA2/2019/07/MERRA2.20190701.A3cld.05x0625.nc4
2601.831,hit,false,0.000,0,382.037,217,GEOS_0.5x0.625/MERRA2/2019/07/MERRA2.20190701.A3cld.05x0625.nc4
2601.852,hit,false,0.000,0,382.058,217,GEOS_0.5x0.625/MERRA2/2019/07/MERRA2.20190701.A3cld.05x0625.nc4
2601.888,hit,false,0.000,0,382.094,217,GEOS_0.5x0.625/MERRA2/2019/07/MERRA2.20190701.A3cld.05x0625.nc4
2601.910,hit,false,0.000,0,382.114,218,GEOS_0.5x0.625/MERRA2/2019/07/MERRA2.20190701.A3cld.05x0625.nc4
2601.946,hit,false,0.000,0,382.150,218,GEOS_0.5x0.625/MERRA2/2019/07/MERRA2.20190701.A3cld.05x0625.nc4
2601.971,hit,false,0.000,0,382.175,218,GEOS_0.5x0.625/MERRA2/2019/07/MERRA2.20190701.A3cld.05x0625.nc4
2602.003,hit,false,0.000,0,382.207,218,GEOS_0.5x0.625/MERRA2/2019/07/MERRA2.20190701.A3cld.05x0625.nc4
2602.027,hit,false,0.000,0,382.231,218,GEOS_0.5x0.625/MERRA2/2019/07/MERRA2.20190701.A3cld.05x0625.nc4
2602.059,hit,false,0.000,0,382.263,218,GEOS_0.5x0.625/MERRA2/2019/07/MERRA2.20190701.A3cld.05x0625.nc4
2602.085,hit,false,0.000,0,382.289,218,GEOS_0.5x0.625/MERRA2/2019/07/MERRA2.20190701.A3cld.05x0625.nc4
2602.116,hit,false,0.000,0,382.320,218,GEOS_0.5x0.625/MERRA2/2019/07/MERRA2.20190701.A3cld.05x0625.nc4
2602.141,hit,false,0.000,0,382.343,219,GEOS_0.5x0.625/MERRA2/2019/07/MERRA2.20190701.A3cld.05x0625.nc4
2602.178,hit,false,0.000,0,382.380,219,GEOS_0.5x0.625/MERRA2/2019/07/MERRA2.20190701.A3cld.05x0625.nc4
2602.203,hit,false,0.000,0,382.406,219,GEOS_0.5x0.625/MERRA2/2019/07/MERRA2.20190701.A3cld.05x0625.nc4
2602.239,hit,false,0.000,0,382.442,219,GEOS_0.5x0.625/MERRA2/2019/07/MERRA2.20190701.A3cld.05x0625.nc4
2602.258,hit,false,0.000,0,382.461,219,GEOS_0.5x0.625/MERRA2/2019/07/MERRA2.20190701.A3cld.05x0625.nc4
2602.300,hit,false,0.000,0,382.503,219,GEOS_0.5x0.625/MERRA2/2019/07/MERRA2.20190701.A3cld.05x0625.nc4
2602.324,hit,false,0.000,0,382.527,219,GEOS_0.5x0.625/MERRA2/2019/07/MERRA2.20190701.A3cld.05x0625.nc4
2602.357,hit,false,0.000,0,382.559,219,GEOS_0.5x0.625/MERRA2/2019/07/MERRA2.20190701.A3cld.05x0625.nc4
2602.379,hit,false,0.000,0,382.580,220,GEOS_0.5x0.625/MERRA2/2019/07/MERRA2.20190701.A3cld.05x0625.nc4
2602.414,hit,false,0.000,0,382.615,220,GEOS_0.5x0.625/MERRA2/2019/07/MERRA2.20190701.A3cld.05x0625.nc4
2602.440,hit,false,0.000,0,382.641,220,GEOS_0.5x0.625/MERRA2/2019/07/MERRA2.20190701.A3cld.05x0625.nc4
2602.470,hit,false,0.000,0,382.671,220,GEOS_0.5x0.625/MERRA2/2019/07/MERRA2.20190701.A3cld.05x0625.nc4
2602.499,hit,false,0.000,0,382.700,220,GEOS_0.5x0.625/MERRA2/2019/07/MERRA2.20190701.A3cld.05x0625.nc4
2602.525,hit,false,0.000,0,382.726,220,GEOS_0.5x0.625/MERRA2/2019/07/MERRA2.20190701.A3cld.05x0625.nc4
2602.553,hit,false,0.000,0,382.755,220,GEOS_0.5x0.625/MERRA2/2019/07/MERRA2.20190701.A3cld.05x0625.nc4
2602.582,hit,false,0.000,0,382.783,220,GEOS_0.5x0.625/MERRA2/2019/07/MERRA2.20190701.A3cld.05x0625.nc4
2602.611,hit,false,0.000,0,382.810,221,GEOS_0.5x0.625/MERRA2/2019/07/MERRA2.20190701.A3cld.05x0625.nc4
2602.636,hit,false,0.000,0,382.835,221,GEOS_0.5x0.625/MERRA2/2019/07/MERRA2.20190701.A3cld.05x0625.nc4
2602.668,hit,false,0.000,0,382.867,221,GEOS_0.5x0.625/MERRA2/2019/07/MERRA2.20190701.A3cld.05x0625.nc4
2602.693,hit,false,0.000,0,382.892,221,GEOS_0.5x0.625/MERRA2/2019/07/MERRA2.20190701.A3cld.05x0625.nc4
2602.721,hit,false,0.000,0,382.920,221,GEOS_0.5x0.625/MERRA2/2019/07/MERRA2.20190701.A3cld.05x0625.nc4
2602.751,hit,false,0.000,0,382.950,221,GEOS_0.5x0.625/MERRA2/2019/07/MERRA2.20190701.A3cld.05x0625.nc4
2602.774,hit,false,0.000,0,382.974,221,GEOS_0.5x0.625/MERRA2/2019/07/MERRA2.20190701.A3cld.05x0625.nc4
2602.804,hit,false,0.000,0,383.003,221,GEOS_0.5x0.625/MERRA2/2019/07/MERRA2.20190701.A3cld.05x0625.nc4
2602.829,hit,false,0.000,0,383.027,222,GEOS_0.5x0.625/MERRA2/2019/07/MERRA2.20190701.A3cld.05x0625.nc4
2602.859,hit,false,0.000,0,383.057,222,GEOS_0.5x0.625/MERRA2/2019/07/MERRA2.20190701.A3cld.05x0625.nc4
2602.882,hit,false,0.000,0,383.080,222,GEOS_0.5x0.625/MERRA2/2019/07/MERRA2.20190701.A3cld.05x0625.nc4
2602.913,hit,false,0.000,0,383.111,222,GEOS_0.5x0.625/MERRA2/2019/07/MERRA2.20190701.A3cld.05x0625.nc4
2602.939,hit,false,0.000,0,383.137,222,GEOS_0.5x0.625/MERRA2/2019/07/MERRA2.20190701.A3cld.05x0625.nc4
2602.969,hit,false,0.000,0,383.167,222,GEOS_0.5x0.625/MERRA2/2019/07/MERRA2.20190701.A3cld.05x0625.nc4
2602.998,hit,false,0.000,0,383.196,222,GEOS_0.5x0.625/MERRA2/2019/07/MERRA2.20190701.A3cld.05x0625.nc4
2603.022,hit,false,0.000,0,383.220,222,GEOS_0.5x0.625/MERRA2/2019/07/MERRA2.20190701.A3cld.05x0625.nc4
2603.057,hit,false,0.000,0,383.253,223,GEOS_0.5x0.625/MERRA2/2019/07/MERRA2.20190701.A3cld.05x0625.nc4
2603.082,hit,false,0.000,0,383.278,223,GEOS_0.5x0.625/MERRA2/2019/07/MERRA2.20190701.A3cld.05x0625.nc4
2603.115,hit,false,0.000,0,383.311,223,GEOS_0.5x0.625/MERRA2/2019/07/MERRA2.20190701.A3cld.05x0625.nc4
2603.137,hit,false,0.000,0,383.334,223,GEOS_0.5x0.625/MERRA2/2019/07/MERRA2.20190701.A3cld.05x0625.nc4
2603.168,hit,false,0.000,0,383.365,223,GEOS_0.5x0.625/MERRA2/2019/07/MERRA2.20190701.A3cld.05x0625.nc4
2603.193,hit,false,0.000,0,383.389,223,GEOS_0.5x0.625/MERRA2/2019/07/MERRA2.20190701.A3cld.05x0625.nc4
2603.221,hit,false,0.000,0,383.418,223,GEOS_0.5x0.625/MERRA2/2019/07/MERRA2.20190701.A3cld.05x0625.nc4
2603.246,hit,false,0.000,0,383.442,223,GEOS_0.5x0.625/MERRA2/2019/07/MERRA2.20190701.A3cld.05x0625.nc4
2603.276,hit,false,0.000,0,383.559,224,GEOS_0.5x0.625/MERRA2/2019/07/MERRA2.20190701.A3cld.05x0625.nc4
2603.301,hit,false,0.000,0,383.584,224,GEOS_0.5x0.625/MERRA2/2019/07/MERRA2.20190701.A3cld.05x0625.nc4
2603.417,hit,false,0.000,0,383.700,224,GEOS_0.5x0.625/MERRA2/2019/07/MERRA2.20190701.A3cld.05x0625.nc4
2603.438,hit,false,0.000,0,383.721,224,GEOS_0.5x0.625/MERRA2/2019/07/MERRA2.20190701.A3cld.05x0625.nc4
2603.477,hit,false,0.000,0,383.760,224,GEOS_0.5x0.625/MERRA2/2019/07/MERRA2.20190701.A3cld.05x0625.nc4
2603.499,hit,false,0.000,0,383.783,224,GEOS_0.5x0.625/MERRA2/2019/07/MERRA2.20190701.A3cld.05x0625.nc4
2603.538,hit,false,0.000,0,383.821,224,GEOS_0.5x0.625/MERRA2/2019/07/MERRA2.20190701.A3cld.05x0625.nc4
2603.559,hit,false,0.000,0,383.842,224,GEOS_0.5x0.625/MERRA2/2019/07/MERRA2.20190701.A3cld.05x0625.nc4
2603.592,hit,false,0.000,0,383.871,225,GEOS_0.5x0.625/MERRA2/2019/07/MERRA2.20190701.A3cld.05x0625.nc4
2603.619,hit,false,0.000,0,383.898,225,GEOS_0.5x0.625/MERRA2/2019/07/MERRA2.20190701.A3cld.05x0625.nc4
2603.653,hit,false,0.000,0,383.931,225,GEOS_0.5x0.625/MERRA2/2019/07/MERRA2.20190701.A3cld.05x0625.nc4
2603.675,hit,false,0.000,0,383.953,225,GEOS_0.5x0.625/MERRA2/2019/07/MERRA2.20190701.A3cld.05x0625.nc4
2603.710,hit,false,0.000,0,383.989,225,GEOS_0.5x0.625/MERRA2/2019/07/MERRA2.20190701.A3cld.05x0625.nc4
2603.736,hit,false,0.000,0,384.014,225,GEOS_0.5x0.625/MERRA2/2019/07/MERRA2.20190701.A3cld.05x0625.nc4
2603.768,hit,false,0.000,0,384.047,225,GEOS_0.5x0.625/MERRA2/2019/07/MERRA2.20190701.A3cld.05x0625.nc4
2603.793,hit,false,0.000,0,384.072,225,GEOS_0.5x0.625/MERRA2/2019/07/MERRA2.20190701.A3cld.05x0625.nc4
2603.827,hit,false,0.000,0,384.104,226,GEOS_0.5x0.625/MERRA2/2019/07/MERRA2.20190701.A3cld.05x0625.nc4
2603.855,hit,false,0.000,0,384.131,226,GEOS_0.5x0.625/MERRA2/2019/07/MERRA2.20190701.A3cld.05x0625.nc4
2603.893,hit,false,0.000,0,384.170,226,GEOS_0.5x0.625/MERRA2/2019/07/MERRA2.20190701.A3cld.05x0625.nc4
2603.916,hit,false,0.000,0,384.192,226,GEOS_0.5x0.625/MERRA2/2019/07/MERRA2.20190701.A3cld.05x0625.nc4
2603.951,hit,false,0.000,0,384.228,226,GEOS_0.5x0.625/MERRA2/2019/07/MERRA2.20190701.A3cld.05x0625.nc4
2603.975,hit,false,0.000,0,384.252,226,GEOS_0.5x0.625/MERRA2/2019/07/MERRA2.20190701.A3cld.05x0625.nc4
2604.014,hit,false,0.000,0,384.291,226,GEOS_0.5x0.625/MERRA2/2019/07/MERRA2.20190701.A3cld.05x0625.nc4
2604.039,hit,false,0.000,0,384.316,226,GEOS_0.5x0.625/MERRA2/2019/07/MERRA2.20190701.A3cld.05x0625.nc4
2604.070,hit,false,0.000,0,384.344,227,GEOS_0.5x0.625/MERRA2/2019/07/MERRA2.20190701.A3cld.05x0625.nc4
2604.096,hit,false,0.000,0,384.370,227,GEOS_0.5x0.625/MERRA2/2019/07/MERRA2.20190701.A3cld.05x0625.nc4
2604.131,hit,false,0.000,0,384.405,227,GEOS_0.5x0.625/MERRA2/2019/07/MERRA2.20190701.A3cld.05x0625.nc4
2604.153,hit,false,0.000,0,384.427,227,GEOS_0.5x0.625/MERRA2/2019/07/MERRA2.20190701.A3cld.05x0625.nc4
2604.190,hit,false,0.000,0,384.464,227,GEOS_0.5x0.625/MERRA2/2019/07/MERRA2.20190701.A3cld.05x0625.nc4
2604.213,hit,false,0.000,0,384.486,227,GEOS_0.5x0.625/MERRA2/2019/07/MERRA2.20190701.A3cld.05x0625.nc4
2604.252,hit,false,0.000,0,384.525,227,GEOS_0.5x0.625/MERRA2/2019/07/MERRA2.20190701.A3cld.05x0625.nc4
2604.274,hit,false,0.000,0,384.547,227,GEOS_0.5x0.625/MERRA2/2019/07/MERRA2.20190701.A3cld.05x0625.nc4
2604.313,hit,false,0.000,0,384.583,228,GEOS_0.5x0.625/MERRA2/2019/07/MERRA2.20190701.A3cld.05x0625.nc4
2604.337,hit,false,0.000,0,384.608,228,GEOS_0.5x0.625/MERRA2/2019/07/MERRA2.20190701.A3cld.05x0625.nc4
2604.374,hit,false,0.000,0,384.644,228,GEOS_0.5x0.625/MERRA2/2019/07/MERRA2.20190701.A3cld.05x0625.nc4
2604.396,hit,false,0.000,0,384.667,228,GEOS_0.5x0.625/MERRA2/2019/07/MERRA2.20190701.A3cld.05x0625.nc4
2604.430,hit,false,0.000,0,384.701,228,GEOS_0.5x0.625/MERRA2/2019/07/MERRA2.20190701.A3cld.05x0625.nc4
2604.455,hit,false,0.000,0,384.726,228,GEOS_0.5x0.625/MERRA2/2019/07/MERRA2.20190701.A3cld.05x0625.nc4
2604.492,hit,false,0.000,0,384.762,228,GEOS_0.5x0.625/MERRA2/2019/07/MERRA2.20190701.A3cld.05x0625.nc4
2604.514,hit,false,0.000,0,384.785,228,GEOS_0.5x0.625/MERRA2/2019/07/MERRA2.20190701.A3cld.05x0625.nc4
2604.547,hit,false,0.000,0,384.815,229,GEOS_0.5x0.625/MERRA2/2019/07/MERRA2.20190701.A3cld.05x0625.nc4
2604.574,hit,false,0.000,0,384.843,229,GEOS_0.5x0.625/MERRA2/2019/07/MERRA2.20190701.A3cld.05x0625.nc4
2604.607,hit,false,0.000,0,384.875,229,GEOS_0.5x0.625/MERRA2/2019/07/MERRA2.20190701.A3cld.05x0625.nc4
2604.630,hit,false,0.000,0,384.899,229,GEOS_0.5x0.625/MERRA2/2019/07/MERRA2.20190701.A3cld.05x0625.nc4
2604.670,hit,false,0.000,0,384.939,229,GEOS_0.5x0.625/MERRA2/2019/07/MERRA2.20190701.A3cld.05x0625.nc4
2604.692,hit,false,0.000,0,384.961,229,GEOS_0.5x0.625/MERRA2/2019/07/MERRA2.20190701.A3cld.05x0625.nc4
2604.725,hit,false,0.000,0,384.993,229,GEOS_0.5x0.625/MERRA2/2019/07/MERRA2.20190701.A3cld.05x0625.nc4
2604.750,hit,false,0.000,0,385.018,229,GEOS_0.5x0.625/MERRA2/2019/07/MERRA2.20190701.A3cld.05x0625.nc4
2604.782,hit,false,0.000,0,385.049,230,GEOS_0.5x0.625/MERRA2/2019/07/MERRA2.20190701.A3cld.05x0625.nc4
2604.808,hit,false,0.000,0,385.076,230,GEOS_0.5x0.625/MERRA2/2019/07/MERRA2.20190701.A3cld.05x0625.nc4
2604.841,hit,false,0.000,0,385.109,230,GEOS_0.5x0.625/MERRA2/2019/07/MERRA2.20190701.A3cld.05x0625.nc4
2604.867,hit,false,0.000,0,385.134,230,GEOS_0.5x0.625/MERRA2/2019/07/MERRA2.20190701.A3cld.05x0625.nc4
2604.891,hit,false,0.000,0,385.158,230,GEOS_0.5x0.625/MERRA2/2019/07/MERRA2.20190701.A3cld.05x0625.nc4
2604.928,hit,false,0.000,0,385.196,230,GEOS_0.5x0.625/MERRA2/2019/07/MERRA2.20190701.A3cld.05x0625.nc4
2604.954,hit,false,0.000,0,385.221,230,GEOS_0.5x0.625/MERRA2/2019/07/MERRA2.20190701.A3cld.05x0625.nc4
2604.987,hit,false,0.000,0,385.254,230,GEOS_0.5x0.625/MERRA2/2019/07/MERRA2.20190701.A3cld.05x0625.nc4
2605.010,hit,false,0.000,0,385.274,231,GEOS_0.5x0.625/MERRA2/2019/07/MERRA2.20190701.A3cld.05x0625.nc4
2605.047,hit,false,0.000,0,385.312,231,GEOS_0.5x0.625/MERRA2/2019/07/MERRA2.20190701.A3cld.05x0625.nc4
2605.069,hit,false,0.000,0,385.334,231,GEOS_0.5x0.625/MERRA2/2019/07/MERRA2.20190701.A3cld.05x0625.nc4
2605.105,hit,false,0.000,0,385.369,231,GEOS_0.5x0.625/MERRA2/2019/07/MERRA2.20190701.A3cld.05x0625.nc4
2605.127,hit,false,0.000,0,385.391,231,GEOS_0.5x0.625/MERRA2/2019/07/MERRA2.20190701.A3cld.05x0625.nc4
2605.161,hit,false,0.000,0,385.426,231,GEOS_0.5x0.625/MERRA2/2019/07/MERRA2.20190701.A3cld.05x0625.nc4
2605.184,hit,false,0.000,0,385.448,231,GEOS_0.5x0.625/MERRA2/2019/07/MERRA2.20190701.A3cld.05x0625.nc4
2605.215,hit,false,0.000,0,385.480,231,GEOS_0.5x0.625/MERRA2/2019/07/MERRA2.20190701.A3cld.05x0625.nc4
2605.239,hit,false,0.000,0,385.178,232,GEOS_0.5x0.625/MERRA2/2019/07/MERRA2.20190701.A3cld.05x0625.nc4
2605.344,hit,false,0.000,0,385.284,232,GEOS_0.5x0.625/MERRA2/2019/07/MERRA2.20190701.A3cld.05x0625.nc4
2605.367,hit,false,0.000,0,385.306,232,GEOS_0.5x0.625/MERRA2/2019/07/MERRA2.20190701.A3cld.05x0625.nc4
2605.399,hit,false,0.000,0,385.339,232,GEOS_0.5x0.625/MERRA2/2019/07/MERRA2.20190701.A3cld.05x0625.nc4
2605.425,hit,false,0.000,0,385.365,232,GEOS_0.5x0.625/MERRA2/2019/07/MERRA2.20190701.A3cld.05x0625.nc4
2605.456,hit,false,0.000,0,385.395,232,GEOS_0.5x0.625/MERRA2/2019/07/MERRA2.20190701.A3cld.05x0625.nc4
2605.486,hit,false,0.000,0,385.425,232,GEOS_0.5x0.625/MERRA2/2019/07/MERRA2.20190701.A3cld.05x0625.nc4
2605.516,hit,false,0.000,0,385.455,232,GEOS_0.5x0.625/MERRA2/2019/07/MERRA2.20190701.A3cld.05x0625.nc4
2605.545,hit,false,0.000,0,385.482,233,GEOS_0.5x0.625/MERRA2/2019/07/MERRA2.20190701.A3cld.05x0625.nc4
2605.580,hit,false,0.000,0,385.517,233,GEOS_0.5x0.625/MERRA2/2019/07/MERRA2.20190701.A3cld.05x0625.nc4
2605.610,hit,false,0.000,0,385.548,233,GEOS_0.5x0.625/MERRA2/2019/07/MERRA2.20190701.A3cld.05x0625.nc4
2605.638,hit,false,0.000,0,385.575,233,GEOS_0.5x0.625/MERRA2/2019/07/MERRA2.20190701.A3cld.05x0625.nc4
2605.669,hit,false,0.000,0,385.606,233,GEOS_0.5x0.625/MERRA2/2019/07/MERRA2.20190701.A3cld.05x0625.nc4
2605.697,hit,false,0.000,0,385.634,233,GEOS_0.5x0.625/MERRA2/2019/07/MERRA2.20190701.A3cld.05x0625.nc4
2605.730,hit,false,0.000,0,385.667,233,GEOS_0.5x0.625/MERRA2/2019/07/MERRA2.20190701.A3cld.05x0625.nc4
2605.763,hit,false,0.000,0,385.700,233,GEOS_0.5x0.625/MERRA2/2019/07/MERRA2.20190701.A3cld.05x0625.nc4
2605.797,hit,false,0.000,0,385.732,234,GEOS_0.5x0.625/MERRA2/2019/07/MERRA2.20190701.A3cld.05x0625.nc4
2605.825,hit,false,0.000,0,385.761,234,GEOS_0.5x0.625/MERRA2/2019/07/MERRA2.20190701.A3cld.05x0625.nc4
2605.858,hit,false,0.000,0,385.793,234,GEOS_0.5x0.625/MERRA2/2019/07/MERRA2.20190701.A3cld.05x0625.nc4
2605.881,hit,false,0.000,0,385.817,234,GEOS_0.5x0.625/MERRA2/2019/07/MERRA2.20190701.A3cld.05x0625.nc4
2605.914,hit,false,0.000,0,385.850,234,GEOS_0.5x0.625/MERRA2/2019/07/MERRA2.20190701.A3cld.05x0625.nc4
2605.942,hit,false,0.000,0,385.878,234,GEOS_0.5x0.625/MERRA2/2019/07/MERRA2.20190701.A3cld.05x0625.nc4
2605.971,hit,false,0.000,0,385.907,234,GEOS_0.5x0.625/MERRA2/2019/07/MERRA2.20190701.A3cld.05x0625.nc4
2606.001,hit,false,0.000,0,385.937,234,GEOS_0.5x0.625/MERRA2/2019/07/MERRA2.20190701.A3cld.05x0625.nc4
2606.025,hit,false,0.000,0,385.958,235,GEOS_0.5x0.625/MERRA2/2019/07/MERRA2.20190701.A3cld.05x0625.nc4
2606.060,hit,false,0.000,0,385.993,235,GEOS_0.5x0.625/MERRA2/2019/07/MERRA2.20190701.A3cld.05x0625.nc4
2606.084,hit,false,0.000,0,386.017,235,GEOS_0.5x0.625/MERRA2/2019/07/MERRA2.20190701.A3cld.05x0625.nc4
2606.116,hit,false,0.000,0,386.049,235,GEOS_0.5x0.625/MERRA2/2019/07/MERRA2.20190701.A3cld.05x0625.nc4
2606.139,hit,false,0.000,0,386.072,235,GEOS_0.5x0.625/MERRA2/2019/07/MERRA2.20190701.A3cld.05x0625.nc4
2606.178,hit,false,0.000,0,386.111,235,GEOS_0.5x0.625/MERRA2/2019/07/MERRA2.20190701.A3cld.05x0625.nc4
2606.200,hit,false,0.000,0,386.133,235,GEOS_0.5x0.625/MERRA2/2019/07/MERRA2.20190701.A3cld.05x0625.nc4
2606.235,hit,false,0.000,0,386.168,235,GEOS_0.5x0.625/MERRA2/2019/07/MERRA2.20190701.A3cld.05x0625.nc4
2606.258,hit,false,0.000,0,386.189,236,GEOS_0.5x0.625/MERRA2/2019/07/MERRA2.20190701.A3cld.05x0625.nc4
2606.296,hit,false,0.000,0,386.228,236,GEOS_0.5x0.625/MERRA2/2019/07/MERRA2.20190701.A3cld.05x0625.nc4
2606.318,hit,false,0.000,0,386.250,236,GEOS_0.5x0.625/MERRA2/2019/07/MERRA2.20190701.A3cld.05x0625.nc4
2606.357,hit,false,0.000,0,386.288,236,GEOS_0.5x0.625/MERRA2/2019/07/MERRA2.20190701.A3cld.05x0625.nc4
2606.378,hit,false,0.000,0,386.310,236,GEOS_0.5x0.625/MERRA2/2019/07/MERRA2.20190701.A3cld.05x0625.nc4
2606.415,hit,false,0.000,0,386.347,236,GEOS_0.5x0.625/MERRA2/2019/07/MERRA2.20190701.A3cld.05x0625.nc4
2606.437,hit,false,0.000,0,386.369,236,GEOS_0.5x0.625/MERRA2/2019/07/MERRA2.20190701.A3cld.05x0625.nc4
2606.468,hit,false,0.000,0,386.400,236,GEOS_0.5x0.625/MERRA2/2019/07/MERRA2.20190701.A3cld.05x0625.nc4
2606.494,hit,false,0.000,0,386.424,237,GEOS_0.5x0.625/MERRA2/2019/07/MERRA2.20190701.A3cld.05x0625.nc4
2606.537,hit,false,0.000,0,386.467,237,GEOS_0.5x0.625/MERRA2/2019/07/MERRA2.20190701.A3cld.05x0625.nc4
2606.558,hit,false,0.000,0,386.488,237,GEOS_0.5x0.625/MERRA2/2019/07/MERRA2.20190701.A3cld.05x0625.nc4
2606.594,hit,false,0.000,0,386.524,237,GEOS_0.5x0.625/MERRA2/2019/07/MERRA2.20190701.A3cld.05x0625.nc4
2606.619,hit,false,0.000,0,386.549,237,GEOS_0.5x0.625/MERRA2/2019/07/MERRA2.20190701.A3cld.05x0625.nc4
2606.652,hit,false,0.000,0,386.582,237,GEOS_0.5x0.625/MERRA2/2019/07/MERRA2.20190701.A3cld.05x0625.nc4
2606.677,hit,false,0.000,0,386.607,237,GEOS_0.5x0.625/MERRA2/2019/07/MERRA2.20190701.A3cld.05x0625.nc4
2606.710,hit,false,0.000,0,386.640,237,GEOS_0.5x0.625/MERRA2/2019/07/MERRA2.20190701.A3cld.05x0625.nc4
2606.735,hit,false,0.000,0,386.664,238,GEOS_0.5x0.625/MERRA2/2019/07/MERRA2.20190701.A3cld.05x0625.nc4
2606.771,hit,false,0.000,0,386.700,238,GEOS_0.5x0.625/MERRA2/2019/07/MERRA2.20190701.A3cld.05x0625.nc4
2606.794,hit,false,0.000,0,386.723,238,GEOS_0.5x0.625/MERRA2/2019/07/MERRA2.20190701.A3cld.05x0625.nc4
2606.828,hit,false,0.000,0,386.756,238,GEOS_0.5x0.625/MERRA2/2019/07/MERRA2.20190701.A3cld.05x0625.nc4
2606.856,hit,false,0.000,0,386.785,238,GEOS_0.5x0.625/MERRA2/2019/07/MERRA2.20190701.A3cld.05x0625.nc4
2606.885,hit,false,0.000,0,386.814,238,GEOS_0.5x0.625/MERRA2/2019/07/MERRA2.20190701.A3cld.05x0625.nc4
2606.913,hit,false,0.000,0,386.842,238,GEOS_0.5x0.625/MERRA2/2019/07/MERRA2.20190701.A3cld.05x0625.nc4
2606.936,hit,false,0.000,0,386.865,238,GEOS_0.5x0.625/MERRA2/2019/07/MERRA2.20190701.A3cld.05x0625.nc4
2606.966,hit,false,0.000,0,386.893,239,GEOS_0.5x0.625/MERRA2/2019/07/MERRA2.20190701.A3cld.05x0625.nc4
2606.994,hit,false,0.000,0,386.921,239,GEOS_0.5x0.625/MERRA2/2019/07/MERRA2.20190701.A3cld.05x0625.nc4
2607.023,hit,false,0.000,0,386.950,239,GEOS_0.5x0.625/MERRA2/2019/07/MERRA2.20190701.A3cld.05x0625.nc4
2607.051,hit,false,0.000,0,386.978,239,GEOS_0.5x0.625/MERRA2/2019/07/MERRA2.20190701.A3cld.05x0625.nc4
2607.079,hit,false,0.000,0,387.007,239,GEOS_0.5x0.625/MERRA2/2019/07/MERRA2.20190701.A3cld.05x0625.nc4
2607.107,hit,false,0.000,0,387.034,239,GEOS_0.5x0.625/MERRA2/2019/07/MERRA2.20190701.A3cld.05x0625.nc4
2607.138,hit,false,0.000,0,387.065,239,GEOS_0.5x0.625/MERRA2/2019/07/MERRA2.20190701.A3cld.05x0625.nc4
2607.166,hit,false,0.000,0,387.093,239,GEOS_0.5x0.625/MERRA2/2019/07/MERRA2.20190701.A3cld.05x0625.nc4
2607.268,hit,false,0.000,0,387.135,240,GEOS_0.5x0.625/MERRA2/2019/07/MERRA2.20190701.A3cld.05x0625.nc4
2607.294,hit,false,0.000,0,387.160,240,GEOS_0.5x0.625/MERRA2/2019/07/MERRA2.20190701.A3cld.05x0625.nc4
2607.339,hit,false,0.000,0,387.206,240,GEOS_0.5x0.625/MERRA2/2019/07/MERRA2.20190701.A3cld.05x0625.nc4
2607.360,hit,false,0.000,0,387.227,240,GEOS_0.5x0.625/MERRA2/2019/07/MERRA2.20190701.A3cld.05x0625.nc4
2607.401,hit,false,0.000,0,387.267,240,GEOS_0.5x0.625/MERRA2/2019/07/MERRA2.20190701.A3cld.05x0625.nc4
2607.422,hit,false,0.000,0,387.288,240,GEOS_0.5x0.625/MERRA2/2019/07/MERRA2.20190701.A3cld.05x0625.nc4
2607.455,hit,false,0.000,0,387.322,240,GEOS_0.5x0.625/MERRA2/2019/07/MERRA2.20190701.A3cld.05x0625.nc4
2607.480,hit,false,0.000,0,387.347,240,GEOS_0.5x0.625/MERRA2/2019/07/MERRA2.20190701.A3cld.05x0625.nc4
2607.509,hit,false,0.000,0,387.373,241,GEOS_0.5x0.625/MERRA2/2019/07/MERRA2.20190701.A3cld.05x0625.nc4
2607.536,hit,false,0.000,0,387.399,241,GEOS_0.5x0.625/MERRA2/2019/07/MERRA2.20190701.A3cld.05x0625.nc4
2607.568,hit,false,0.000,0,387.432,241,GEOS_0.5x0.625/MERRA2/2019/07/MERRA2.20190701.A3cld.05x0625.nc4
2607.594,hit,false,0.000,0,387.458,241,GEOS_0.5x0.625/MERRA2/2019/07/MERRA2.20190701.A3cld.05x0625.nc4
2607.626,hit,false,0.000,0,387.489,241,GEOS_0.5x0.625/MERRA2/2019/07/MERRA2.20190701.A3cld.05x0625.nc4
2607.648,hit,false,0.000,0,387.512,241,GEOS_0.5x0.625/MERRA2/2019/07/MERRA2.20190701.A3cld.05x0625.nc4
2607.680,hit,false,0.000,0,387.543,241,GEOS_0.5x0.625/MERRA2/2019/07/MERRA2.20190701.A3cld.05x0625.nc4
2607.706,hit,false,0.000,0,387.569,241,GEOS_0.5x0.625/MERRA2/2019/07/MERRA2.20190701.A3cld.05x0625.nc4
2607.735,hit,false,0.000,0,387.597,242,GEOS_0.5x0.625/MERRA2/2019/07/MERRA2.20190701.A3cld.05x0625.nc4
2607.768,hit,false,0.000,0,387.630,242,GEOS_0.5x0.625/MERRA2/2019/07/MERRA2.20190701.A3cld.05x0625.nc4
2607.794,hit,false,0.000,0,387.657,242,GEOS_0.5x0.625/MERRA2/2019/07/MERRA2.20190701.A3cld.05x0625.nc4
2607.825,hit,false,0.000,0,387.688,242,GEOS_0.5x0.625/MERRA2/2019/07/MERRA2.20190701.A3cld.05x0625.nc4
2607.854,hit,false,0.000,0,387.716,242,GEOS_0.5x0.625/MERRA2/2019/07/MERRA2.20190701.A3cld.05x0625.nc4
2607.889,hit,false,0.000,0,387.751,242,GEOS_0.5x0.625/MERRA2/2019/07/MERRA2.20190701.A3cld.05x0625.nc4
2607.917,hit,false,0.000,0,387.779,242,GEOS_0.5x0.625/MERRA2/2019/07/MERRA2.20190701.A3cld.05x0625.nc4
2607.947,hit,false,0.000,0,387.809,242,GEOS_0.5x0.625/MERRA2/2019/07/MERRA2.20190701.A3cld.05x0625.nc4
2607.968,hit,false,0.000,0,387.828,243,GEOS_0.5x0.625/MERRA2/2019/07/MERRA2.20190701.A3cld.05x0625.nc4
2608.007,hit,false,0.000,0,387.867,243,GEOS_0.5x0.625/MERRA2/2019/07/MERRA2.20190701.A3cld.05x0625.nc4
2608.029,hit,false,0.000,0,387.889,243,GEOS_0.5x0.625/MERRA2/2019/07/MERRA2.20190701.A3cld.05x0625.nc4
2608.065,hit,false,0.000,0,387.925,243,GEOS_0.5x0.625/MERRA2/2019/07/MERRA2.20190701.A3cld.05x0625.nc4
2608.088,hit,false,0.000,0,387.948,243,GEOS_0.5x0.625/MERRA2/2019/07/MERRA2.20190701.A3cld.05x0625.nc4
2608.120,hit,false,0.000,0,387.980,243,GEOS_0.5x0.625/MERRA2/2019/07/MERRA2.20190701.A3cld.05x0625.nc4
2608.150,hit,false,0.000,0,388.010,243,GEOS_0.5x0.625/MERRA2/2019/07/MERRA2.20190701.A3cld.05x0625.nc4
2608.176,hit,false,0.000,0,388.036,243,GEOS_0.5x0.625/MERRA2/2019/07/MERRA2.20190701.A3cld.05x0625.nc4
2608.199,hit,false,0.000,0,388.058,244,GEOS_0.5x0.625/MERRA2/2019/07/MERRA2.20190701.A3cld.05x0625.nc4
2608.232,hit,false,0.000,0,388.091,244,GEOS_0.5x0.625/MERRA2/2019/07/MERRA2.20190701.A3cld.05x0625.nc4
2608.258,hit,false,0.000,0,388.116,244,GEOS_0.5x0.625/MERRA2/2019/07/MERRA2.20190701.A3cld.05x0625.nc4
2608.287,hit,false,0.000,0,388.146,244,GEOS_0.5x0.625/MERRA2/2019/07/MERRA2.20190701.A3cld.05x0625.nc4
2608.312,hit,false,0.000,0,388.170,244,GEOS_0.5x0.625/MERRA2/2019/07/MERRA2.20190701.A3cld.05x0625.nc4
2608.343,hit,false,0.000,0,388.202,244,GEOS_0.5x0.625/MERRA2/2019/07/MERRA2.20190701.A3cld.05x0625.nc4
2608.366,hit,false,0.000,0,388.225,244,GEOS_0.5x0.625/MERRA2/2019/07/MERRA2.20190701.A3cld.05x0625.nc4
2608.399,hit,false,0.000,0,388.257,244,GEOS_0.5x0.625/MERRA2/2019/07/MERRA2.20190701.A3cld.05x0625.nc4
2608.424,hit,false,0.000,0,388.281,245,GEOS_0.5x0.625/MERRA2/2019/07/MERRA2.20190701.A3cld.05x0625.nc4
2608.456,hit,false,0.000,0,388.313,245,GEOS_0.5x0.625/MERRA2/2019/07/MERRA2.20190701.A3cld.05x0625.nc4
2608.481,hit,false,0.000,0,388.337,245,GEOS_0.5x0.625/MERRA2/2019/07/MERRA2.20190701.A3cld.05x0625.nc4
2608.514,hit,false,0.000,0,388.371,245,GEOS_0.5x0.625/MERRA2/2019/07/MERRA2.20190701.A3cld.05x0625.nc4
2608.537,hit,false,0.000,0,388.394,245,GEOS_0.5x0.625/MERRA2/2019/07/MERRA2.20190701.A3cld.05x0625.nc4
2608.574,hit,false,0.000,0,388.430,245,GEOS_0.5x0.625/MERRA2/2019/07/MERRA2.20190701.A3cld.05x0625.nc4
2608.596,hit,false,0.000,0,388.452,245,GEOS_0.5x0.625/MERRA2/2019/07/MERRA2.20190701.A3cld.05x0625.nc4
2608.633,hit,false,0.000,0,388.489,245,GEOS_0.5x0.625/MERRA2/2019/07/MERRA2.20190701.A3cld.05x0625.nc4
2608.656,hit,false,0.000,0,388.510,246,GEOS_0.5x0.625/MERRA2/2019/07/MERRA2.20190701.A3cld.05x0625.nc4
2608.695,hit,false,0.000,0,388.550,246,GEOS_0.5x0.625/MERRA2/2019/07/MERRA2.20190701.A3cld.05x0625.nc4
2608.720,hit,false,0.000,0,388.575,246,GEOS_0.5x0.625/MERRA2/2019/07/MERRA2.20190701.A3cld.05x0625.nc4
2608.752,hit,false,0.000,0,388.607,246,GEOS_0.5x0.625/MERRA2/2019/07/MERRA2.20190701.A3cld.05x0625.nc4
2608.789,hit,false,0.000,0,388.644,246,GEOS_0.5x0.625/MERRA2/2019/07/MERRA2.20190701.A3cld.05x0625.nc4
2608.812,hit,false,0.000,0,388.667,246,GEOS_0.5x0.625/MERRA2/2019/07/MERRA2.20190701.A3cld.05x0625.nc4
2608.845,hit,false,0.000,0,388.700,246,GEOS_0.5x0.625/MERRA2/2019/07/MERRA2.20190701.A3cld.05x0625.nc4
2608.870,hit,false,0.000,0,388.725,246,GEOS_0.5x0.625/MERRA2/2019/07/MERRA2.20190701.A3cld.05x0625.nc4
2608.899,hit,false,0.000,0,388.752,247,GEOS_0.5x0.625/MERRA2/2019/07/MERRA2.20190701.A3cld.05x0625.nc4
2608.924,hit,false,0.000,0,388.777,247,GEOS_0.5x0.625/MERRA2/2019/07/MERRA2.20190701.A3cld.05x0625.nc4
2608.957,hit,false,0.000,0,388.810,247,GEOS_0.5x0.625/MERRA2/2019/07/MERRA2.20190701.A3cld.05x0625.nc4
2608.980,hit,false,0.000,0,388.833,247,GEOS_0.5x0.625/MERRA2/2019/07/MERRA2.20190701.A3cld.05x0625.nc4
2609.011,hit,false,0.000,0,388.865,247,GEOS_0.5x0.625/MERRA2/2019/07/MERRA2.20190701.A3cld.05x0625.nc4
2609.038,hit,false,0.000,0,388.891,247,GEOS_0.5x0.625/MERRA2/2019/07/MERRA2.20190701.A3cld.05x0625.nc4
2609.068,hit,false,0.000,0,388.921,247,GEOS_0.5x0.625/MERRA2/2019/07/MERRA2.20190701.A3cld.05x0625.nc4
2609.160,hit,false,0.000,0,389.013,247,GEOS_0.5x0.625/MERRA2/2019/07/MERRA2.20190701.A3cld.05x0625.nc4
2609.184,hit,false,0.000,0,389.208,248,GEOS_0.5x0.625/MERRA2/2019/07/MERRA2.20190701.A3cld.05x0625.nc4
2609.218,hit,false,0.000,0,389.243,248,GEOS_0.5x0.625/MERRA2/2019/07/MERRA2.20190701.A3cld.05x0625.nc4
2609.252,hit,false,0.000,0,389.276,248,GEOS_0.5x0.625/MERRA2/2019/07/MERRA2.20190701.A3cld.05x0625.nc4
2609.282,hit,false,0.000,0,389.306,248,GEOS_0.5x0.625/MERRA2/2019/07/MERRA2.20190701.A3cld.05x0625.nc4
2609.310,hit,false,0.000,0,389.335,248,GEOS_0.5x0.625/MERRA2/2019/07/MERRA2.20190701.A3cld.05x0625.nc4
2609.338,hit,false,0.000,0,389.362,248,GEOS_0.5x0.625/MERRA2/2019/07/MERRA2.20190701.A3cld.05x0625.nc4
2609.368,hit,false,0.000,0,389.392,248,GEOS_0.5x0.625/MERRA2/2019/07/MERRA2.20190701.A3cld.05x0625.nc4
2609.396,hit,false,0.000,0,389.421,248,GEOS_0.5x0.625/MERRA2/2019/07/MERRA2.20190701.A3cld.05x0625.nc4
2609.427,hit,false,0.000,0,389.449,249,GEOS_0.5x0.625/MERRA2/2019/07/MERRA2.20190701.A3cld.05x0625.nc4
2609.458,hit,false,0.000,0,389.480,249,GEOS_0.5x0.625/MERRA2/2019/07/MERRA2.20190701.A3cld.05x0625.nc4
2609.489,hit,false,0.000,0,389.511,249,GEOS_0.5x0.625/MERRA2/2019/07/MERRA2.20190701.A3cld.05x0625.nc4
2609.513,hit,false,0.000,0,389.535,249,GEOS_0.5x0.625/MERRA2/2019/07/MERRA2.20190701.A3cld.05x0625.nc4
2609.548,hit,false,0.000,0,389.570,249,GEOS_0.5x0.625/MERRA2/2019/07/MERRA2.20190701.A3cld.05x0625.nc4
2609.571,hit,false,0.000,0,389.593,249,GEOS_0.5x0.625/MERRA2/2019/07/MERRA2.20190701.A3cld.05x0625.nc4
2609.610,hit,false,0.000,0,389.632,249,GEOS_0.5x0.625/MERRA2/2019/07/MERRA2.20190701.A3cld.05x0625.nc4
2609.632,hit,false,0.000,0,389.654,249,GEOS_0.5x0.625/MERRA2/2019/07/MERRA2.20190701.A3cld.05x0625.nc4
2609.664,hit,false,0.000,0,389.684,250,GEOS_0.5x0.625/MERRA2/2019/07/MERRA2.20190701.A3cld.05x0625.nc4
2609.694,hit,false,0.000,0,389.714,250,GEOS_0.5x0.625/MERRA2/2019/07/MERRA2.20190701.A3cld.05x0625.nc4
2609.733,hit,false,0.000,0,389.753,250,GEOS_0.5x0.625/MERRA2/2019/07/MERRA2.20190701.A3cld.05x0625.nc4
2609.756,hit,false,0.000,0,389.776,250,GEOS_0.5x0.625/MERRA2/2019/07/MERRA2.20190701.A3cld.05x0625.nc4
2609.789,hit,false,0.000,0,389.809,250,GEOS_0.5x0.625/MERRA2/2019/07/MERRA2.20190701.A3cld.05x0625.nc4
2609.815,hit,false,0.000,0,389.835,250,GEOS_0.5x0.625/MERRA2/2019/07/MERRA2.20190701.A3cld.05x0625.nc4
2609.845,hit,false,0.000,0,389.865,250,GEOS_0.5x0.625/MERRA2/2019/07/MERRA2.20190701.A3cld.05x0625.nc4
2609.873,hit,false,0.000,0,389.893,250,GEOS_0.5x0.625/MERRA2/2019/07/MERRA2.20190701.A3cld.05x0625.nc4
2609.903,hit,false,0.000,0,389.874,251,GEOS_0.5x0.625/MERRA2/2019/07/MERRA2.20190701.A3cld.05x0625.nc4
2609.930,hit,false,0.000,0,389.900,251,GEOS_0.5x0.625/MERRA2/2019/07/MERRA2.20190701.A3cld.05x0625.nc4
2609.962,hit,false,0.000,0,389.932,251,GEOS_0.5x0.625/MERRA2/2019/07/MERRA2.20190701.A3cld.05x0625.nc4
2610.108,hit,false,0.000,0,390.079,251,GEOS_0.5x0.625/MERRA2/2019/07/MERRA2.20190701.A3cld.05x0625.nc4
2610.182,hit,false,0.000,0,390.153,251,GEOS_0.5x0.625/MERRA2/2019/07/MERRA2.20190701.A3cld.05x0625.nc4
2610.204,hit,false,0.000,0,390.175,251,GEOS_0.5x0.625/MERRA2/2019/07/MERRA2.20190701.A3cld.05x0625.nc4
2610.242,hit,false,0.000,0,390.213,251,GEOS_0.5x0.625/MERRA2/2019/07/MERRA2.20190701.A3cld.05x0625.nc4
2610.265,hit,false,0.000,0,390.235,251,GEOS_0.5x0.625/MERRA2/2019/07/MERRA2.20190701.A3cld.05x0625.nc4
2610.296,hit,false,0.000,0,390.265,252,GEOS_0.5x0.625/MERRA2/2019/07/MERRA2.20190701.A3cld.05x0625.nc4
2610.323,hit,false,0.000,0,390.292,252,GEOS_0.5x0.625/MERRA2/2019/07/MERRA2.20190701.A3cld.05x0625.nc4
2610.355,hit,false,0.000,0,390.324,252,GEOS_0.5x0.625/MERRA2/2019/07/MERRA2.20190701.A3cld.05x0625.nc4
2610.379,hit,false,0.000,0,390.348,252,GEOS_0.5x0.625/MERRA2/2019/07/MERRA2.20190701.A3cld.05x0625.nc4
2610.410,hit,false,0.000,0,390.379,252,GEOS_0.5x0.625/MERRA2/2019/07/MERRA2.20190701.A3cld.05x0625.nc4
2610.434,hit,false,0.000,0,390.403,252,GEOS_0.5x0.625/MERRA2/2019/07/MERRA2.20190701.A3cld.05x0625.nc4
2610.465,hit,false,0.000,0,390.434,252,GEOS_0.5x0.625/MERRA2/2019/07/MERRA2.20190701.A3cld.05x0625.nc4
2610.488,hit,false,0.000,0,390.457,252,GEOS_0.5x0.625/MERRA2/2019/07/MERRA2.20190701.A3cld.05x0625.nc4
2610.525,hit,false,0.000,0,390.493,253,GEOS_0.5x0.625/MERRA2/2019/07/MERRA2.20190701.A3cld.05x0625.nc4
2610.550,hit,false,0.000,0,390.518,253,GEOS_0.5x0.625/MERRA2/2019/07/MERRA2.20190701.A3cld.05x0625.nc4
2610.583,hit,false,0.000,0,390.551,253,GEOS_0.5x0.625/MERRA2/2019/07/MERRA2.20190701.A3cld.05x0625.nc4
2610.608,hit,false,0.000,0,390.576,253,GEOS_0.5x0.625/MERRA2/2019/07/MERRA2.20190701.A3cld.05x0625.nc4
2610.637,hit,false,0.000,0,390.605,253,GEOS_0.5x0.625/MERRA2/2019/07/MERRA2.20190701.A3cld.05x0625.nc4
2610.661,hit,false,0.000,0,390.629,253,GEOS_0.5x0.625/MERRA2/2019/07/MERRA2.20190701.A3cld.05x0625.nc4
2610.693,hit,false,0.000,0,390.661,253,GEOS_0.5x0.625/MERRA2/2019/07/MERRA2.20190701.A3cld.05x0625.nc4
2610.715,hit,false,0.000,0,390.683,253,GEOS_0.5x0.625/MERRA2/2019/07/MERRA2.20190701.A3cld.05x0625.nc4
2610.755,hit,false,0.000,0,390.721,254,GEOS_0.5x0.625/MERRA2/2019/07/MERRA2.20190701.A3cld.05x0625.nc4
2610.778,hit,false,0.000,0,390.744,254,GEOS_0.5x0.625/MERRA2/2019/07/MERRA2.20190701.A3cld.05x0625.nc4
2610.814,hit,false,0.000,0,390.780,254,GEOS_0.5x0.625/MERRA2/2019/07/MERRA2.20190701.A3cld.05x0625.nc4
2610.836,hit,false,0.000,0,390.802,254,GEOS_0.5x0.625/MERRA2/2019/07/MERRA2.20190701.A3cld.05x0625.nc4
2610.872,hit,false,0.000,0,390.838,254,GEOS_0.5x0.625/MERRA2/2019/07/MERRA2.20190701.A3cld.05x0625.nc4
2610.893,hit,false,0.000,0,390.860,254,GEOS_0.5x0.625/MERRA2/2019/07/MERRA2.20190701.A3cld.05x0625.nc4
2610.925,hit,false,0.000,0,390.891,254,GEOS_0.5x0.625/MERRA2/2019/07/MERRA2.20190701.A3cld.05x0625.nc4
2610.950,hit,false,0.000,0,390.916,254,GEOS_0.5x0.625/MERRA2/2019/07/MERRA2.20190701.A3cld.05x0625.nc4
2610.981,hit,false,0.000,0,390.946,255,GEOS_0.5x0.625/MERRA2/2019/07/MERRA2.20190701.A3cld.05x0625.nc4
2611.011,hit,false,0.000,0,390.976,255,GEOS_0.5x0.625/MERRA2/2019/07/MERRA2.20190701.A3cld.05x0625.nc4
2611.038,hit,false,0.000,0,391.002,255,GEOS_0.5x0.625/MERRA2/2019/07/MERRA2.20190701.A3cld.05x0625.nc4
2611.065,hit,false,0.000,0,391.030,255,GEOS_0.5x0.625/MERRA2/2019/07/MERRA2.20190701.A3cld.05x0625.nc4
2611.088,hit,false,0.000,0,391.053,255,GEOS_0.5x0.625/MERRA2/2019/07/MERRA2.20190701.A3cld.05x0625.nc4
2611.119,hit,false,0.000,0,391.083,255,GEOS_0.5x0.625/MERRA2/2019/07/MERRA2.20190701.A3cld.05x0625.nc4
2611.216,hit,false,0.000,0,391.181,255,GEOS_0.5x0.625/MERRA2/2019/07/MERRA2.20190701.A3cld.05x0625.nc4
2611.239,hit,false,0.000,0,391.204,255,GEOS_0.5x0.625/MERRA2/2019/07/MERRA2.20190701.A3cld.05x0625.nc4
2611.274,hit,false,0.000,0,391.265,256,GEOS_0.5x0.625/MERRA2/2019/07/MERRA2.20190701.A3cld.05x0625.nc4
2611.298,hit,false,0.000,0,391.289,256,GEOS_0.5x0.625/MERRA2/2019/07/MERRA2.20190701.A3cld.05x0625.nc4
2611.344,hit,false,0.000,0,391.335,256,GEOS_0.5x0.625/MERRA2/2019/07/MERRA2.20190701.A3cld.05x0625.nc4
2611.365,hit,false,0.000,0,391.356,256,GEOS_0.5x0.625/MERRA2/2019/07/MERRA2.20190701.A3cld.05x0625.nc4
2611.400,hit,false,0.000,0,391.391,256,GEOS_0.5x0.625/MERRA2/2019/07/MERRA2.20190701.A3cld.05x0625.nc4
2611.425,hit,false,0.000,0,391.416,256,GEOS_0.5x0.625/MERRA2/2019/07/MERRA2.20190701.A3cld.05x0625.nc4
2611.459,hit,false,0.000,0,391.450,256,GEOS_0.5x0.625/MERRA2/2019/07/MERRA2.20190701.A3cld.05x0625.nc4
2611.484,hit,false,0.000,0,391.475,256,GEOS_0.5x0.625/MERRA2/2019/07/MERRA2.20190701.A3cld.05x0625.nc4
2611.518,hit,false,0.000,0,391.477,257,GEOS_0.5x0.625/MERRA2/2019/07/MERRA2.20190701.A3cld.05x0625.nc4
2611.546,hit,false,0.000,0,391.505,257,GEOS_0.5x0.625/MERRA2/2019/07/MERRA2.20190701.A3cld.05x0625.nc4
2611.577,hit,false,0.000,0,391.536,257,GEOS_0.5x0.625/MERRA2/2019/07/MERRA2.20190701.A3cld.05x0625.nc4
2611.599,hit,false,0.000,0,391.558,257,GEOS_0.5x0.625/MERRA2/2019/07/MERRA2.20190701.A3cld.05x0625.nc4
2611.641,hit,false,0.000,0,391.600,257,GEOS_0.5x0.625/MERRA2/2019/07/MERRA2.20190701.A3cld.05x0625.nc4
2611.660,hit,false,0.000,0,391.619,257,GEOS_0.5x0.625/MERRA2/2019/07/MERRA2.20190701.A3cld.05x0625.nc4
2611.706,hit,false,0.000,0,391.665,257,GEOS_0.5x0.625/MERRA2/2019/07/MERRA2.20190701.A3cld.05x0625.nc4
2611.729,hit,false,0.000,0,391.688,257,GEOS_0.5x0.625/MERRA2/2019/07/MERRA2.20190701.A3cld.05x0625.nc4
2611.766,hit,false,0.000,0,391.724,258,GEOS_0.5x0.625/MERRA2/2019/07/MERRA2.20190701.A3cld.05x0625.nc4
2611.796,hit,false,0.000,0,391.753,258,GEOS_0.5x0.625/MERRA2/2019/07/MERRA2.20190701.A3cld.05x0625.nc4
2611.825,hit,false,0.000,0,391.783,258,GEOS_0.5x0.625/MERRA2/2019/07/MERRA2.20190701.A3cld.05x0625.nc4
2611.855,hit,false,0.000,0,391.812,258,GEOS_0.5x0.625/MERRA2/2019/07/MERRA2.20190701.A3cld.05x0625.nc4
2611.891,hit,false,0.000,0,391.848,258,GEOS_0.5x0.625/MERRA2/2019/07/MERRA2.20190701.A3cld.05x0625.nc4
2611.920,hit,false,0.000,0,391.877,258,GEOS_0.5x0.625/MERRA2/2019/07/MERRA2.20190701.A3cld.05x0625.nc4
2611.949,hit,false,0.000,0,391.906,258,GEOS_0.5x0.625/MERRA2/2019/07/MERRA2.20190701.A3cld.05x0625.nc4
2611.978,hit,false,0.000,0,391.935,258,GEOS_0.5x0.625/MERRA2/2019/07/MERRA2.20190701.A3cld.05x0625.nc4
2612.007,hit,false,0.000,0,391.962,259,GEOS_0.5x0.625/MERRA2/2019/07/MERRA2.20190701.A3cld.05x0625.nc4
2612.039,hit,false,0.000,0,391.995,259,GEOS_0.5x0.625/MERRA2/2019/07/MERRA2.20190701.A3cld.05x0625.nc4
2612.062,hit,false,0.000,0,392.018,259,GEOS_0.5x0.625/MERRA2/2019/07/MERRA2.20190701.A3cld.05x0625.nc4
2612.100,hit,false,0.000,0,392.056,259,GEOS_0.5x0.625/MERRA2/2019/07/MERRA2.20190701.A3cld.05x0625.nc4
2612.123,hit,false,0.000,0,392.079,259,GEOS_0.5x0.625/MERRA2/2019/07/MERRA2.20190701.A3cld.05x0625.nc4
2612.155,hit,false,0.000,0,392.111,259,GEOS_0.5x0.625/MERRA2/2019/07/MERRA2.20190701.A3cld.05x0625.nc4
2612.181,hit,false,0.000,0,392.137,259,GEOS_0.5x0.625/MERRA2/2019/07/MERRA2.20190701.A3cld.05x0625.nc4
2612.212,hit,false,0.000,0,392.168,259,GEOS_0.5x0.625/MERRA2/2019/07/MERRA2.20190701.A3cld.05x0625.nc4
2612.235,hit,false,0.000,0,392.189,260,GEOS_0.5x0.625/MERRA2/2019/07/MERRA2.20190701.A3cld.05x0625.nc4
2612.271,hit,false,0.000,0,392.225,260,GEOS_0.5x0.625/MERRA2/2019/07/MERRA2.20190701.A3cld.05x0625.nc4
2612.297,hit,false,0.000,0,392.251,260,GEOS_0.5x0.625/MERRA2/2019/07/MERRA2.20190701.A3cld.05x0625.nc4
2612.327,hit,false,0.000,0,392.281,260,GEOS_0.5x0.625/MERRA2/2019/07/MERRA2.20190701.A3cld.05x0625.nc4
2612.352,hit,false,0.000,0,392.306,260,GEOS_0.5x0.625/MERRA2/2019/07/MERRA2.20190701.A3cld.05x0625.nc4
2612.385,hit,false,0.000,0,392.339,260,GEOS_0.5x0.625/MERRA2/2019/07/MERRA2.20190701.A3cld.05x0625.nc4
2612.408,hit,false,0.000,0,392.362,260,GEOS_0.5x0.625/MERRA2/2019/07/MERRA2.20190701.A3cld.05x0625.nc4
2612.440,hit,false,0.000,0,392.394,260,GEOS_0.5x0.625/MERRA2/2019/07/MERRA2.20190701.A3cld.05x0625.nc4
2612.466,hit,false,0.000,0,392.419,261,GEOS_0.5x0.625/MERRA2/2019/07/MERRA2.20190701.A3cld.05x0625.nc4
2612.500,hit,false,0.000,0,392.453,261,GEOS_0.5x0.625/MERRA2/2019/07/MERRA2.20190701.A3cld.05x0625.nc4
2612.526,hit,false,0.000,0,392.478,261,GEOS_0.5x0.625/MERRA2/2019/07/MERRA2.20190701.A3cld.05x0625.nc4
2612.558,hit,false,0.000,0,392.510,261,GEOS_0.5x0.625/MERRA2/2019/07/MERRA2.20190701.A3cld.05x0625.nc4
2612.583,hit,false,0.000,0,392.535,261,GEOS_0.5x0.625/MERRA2/2019/07/MERRA2.20190701.A3cld.05x0625.nc4
2612.612,hit,false,0.000,0,392.565,261,GEOS_0.5x0.625/MERRA2/2019/07/MERRA2.20190701.A3cld.05x0625.nc4
2612.644,hit,false,0.000,0,392.596,261,GEOS_0.5x0.625/MERRA2/2019/07/MERRA2.20190701.A3cld.05x0625.nc4
2612.666,hit,false,0.000,0,392.619,261,GEOS_0.5x0.625/MERRA2/2019/07/MERRA2.20190701.A3cld.05x0625.nc4
2612.699,hit,false,0.000,0,392.650,262,GEOS_0.5x0.625/MERRA2/2019/07/MERRA2.20190701.A3cld.05x0625.nc4
2612.725,hit,false,0.000,0,392.676,262,GEOS_0.5x0.625/MERRA2/2019/07/MERRA2.20190701.A3cld.05x0625.nc4
2612.763,hit,false,0.000,0,392.714,262,GEOS_0.5x0.625/MERRA2/2019/07/MERRA2.20190701.A3cld.05x0625.nc4
2612.785,hit,false,0.000,0,392.736,262,GEOS_0.5x0.625/MERRA2/2019/07/MERRA2.20190701.A3cld.05x0625.nc4
2612.826,hit,false,0.000,0,392.777,262,GEOS_0.5x0.625/MERRA2/2019/07/MERRA2.20190701.A3cld.05x0625.nc4
2612.847,hit,false,0.000,0,392.798,262,GEOS_0.5x0.625/MERRA2/2019/07/MERRA2.20190701.A3cld.05x0625.nc4
2612.887,hit,false,0.000,0,392.838,262,GEOS_0.5x0.625/MERRA2/2019/07/MERRA2.20190701.A3cld.05x0625.nc4
2612.909,hit,false,0.000,0,392.860,262,GEOS_0.5x0.625/MERRA2/2019/07/MERRA2.20190701.A3cld.05x0625.nc4
2612.945,hit,false,0.000,0,392.894,263,GEOS_0.5x0.625/MERRA2/2019/07/MERRA2.20190701.A3cld.05x0625.nc4
2612.969,hit,false,0.000,0,392.919,263,GEOS_0.5x0.625/MERRA2/2019/07/MERRA2.20190701.A3cld.05x0625.nc4
2613.010,hit,false,0.000,0,392.959,263,GEOS_0.5x0.625/MERRA2/2019/07/MERRA2.20190701.A3cld.05x0625.nc4
2613.030,hit,false,0.000,0,392.980,263,GEOS_0.5x0.625/MERRA2/2019/07/MERRA2.20190701.A3cld.05x0625.nc4
2613.064,hit,false,0.000,0,393.014,263,GEOS_0.5x0.625/MERRA2/2019/07/MERRA2.20190701.A3cld.05x0625.nc4
2613.158,hit,false,0.000,0,393.107,263,GEOS_0.5x0.625/MERRA2/2019/07/MERRA2.20190701.A3cld.05x0625.nc4
2613.180,hit,false,0.000,0,393.129,263,GEOS_0.5x0.625/MERRA2/2019/07/MERRA2.20190701.A3cld.05x0625.nc4
2613.219,hit,false,0.000,0,393.169,263,GEOS_0.5x0.625/MERRA2/2019/07/MERRA2.20190701.A3cld.05x0625.nc4
2613.241,hit,false,0.000,0,393.557,264,GEOS_0.5x0.625/MERRA2/2019/07/MERRA2.20190701.A3cld.05x0625.nc4
2613.280,hit,false,0.000,0,393.595,264,GEOS_0.5x0.625/MERRA2/2019/07/MERRA2.20190701.A3cld.05x0625.nc4
2613.315,hit,false,0.000,0,393.631,264,GEOS_0.5x0.625/MERRA2/2019/07/MERRA2.20190701.A3cld.05x0625.nc4
2613.340,hit,false,0.000,0,393.656,264,GEOS_0.5x0.625/MERRA2/2019/07/MERRA2.20190701.A3cld.05x0625.nc4
2613.373,hit,false,0.000,0,393.689,264,GEOS_0.5x0.625/MERRA2/2019/07/MERRA2.20190701.A3cld.05x0625.nc4
2613.395,hit,false,0.000,0,393.711,264,GEOS_0.5x0.625/MERRA2/2019/07/MERRA2.20190701.A3cld.05x0625.nc4
2613.438,hit,false,0.000,0,393.754,264,GEOS_0.5x0.625/MERRA2/2019/07/MERRA2.20190701.A3cld.05x0625.nc4
2613.458,hit,false,0.000,0,393.774,264,GEOS_0.5x0.625/MERRA2/2019/07/MERRA2.20190701.A3cld.05x0625.nc4
2613.492,hit,false,0.000,0,393.783,265,GEOS_0.5x0.625/MERRA2/2019/07/MERRA2.20190701.A3cld.05x0625.nc4
2613.521,hit,false,0.000,0,393.811,265,GEOS_0.5x0.625/MERRA2/2019/07/MERRA2.20190701.A3cld.05x0625.nc4
2613.553,hit,false,0.000,0,393.843,265,GEOS_0.5x0.625/MERRA2/2019/07/MERRA2.20190701.A3cld.05x0625.nc4
2613.576,hit,false,0.000,0,393.867,265,GEOS_0.5x0.625/MERRA2/2019/07/MERRA2.20190701.A3cld.05x0625.nc4
2613.609,hit,false,0.000,0,393.900,265,GEOS_0.5x0.625/MERRA2/2019/07/MERRA2.20190701.A3cld.05x0625.nc4
2613.637,hit,false,0.000,0,393.927,265,GEOS_0.5x0.625/MERRA2/2019/07/MERRA2.20190701.A3cld.05x0625.nc4
2613.666,hit,false,0.000,0,393.957,265,GEOS_0.5x0.625/MERRA2/2019/07/MERRA2.20190701.A3cld.05x0625.nc4
2613.695,hit,false,0.000,0,393.985,265,GEOS_0.5x0.625/MERRA2/2019/07/MERRA2.20190701.A3cld.05x0625.nc4
2613.725,hit,false,0.000,0,394.013,266,GEOS_0.5x0.625/MERRA2/2019/07/MERRA2.20190701.A3cld.05x0625.nc4
2613.757,hit,false,0.000,0,394.045,266,GEOS_0.5x0.625/MERRA2/2019/07/MERRA2.20190701.A3cld.05x0625.nc4
2613.785,hit,false,0.000,0,394.073,266,GEOS_0.5x0.625/MERRA2/2019/07/MERRA2.20190701.A3cld.05x0625.nc4
2613.814,hit,false,0.000,0,394.102,266,GEOS_0.5x0.625/MERRA2/2019/07/MERRA2.20190701.A3cld.05x0625.nc4
2613.843,hit,false,0.000,0,394.131,266,GEOS_0.5x0.625/MERRA2/2019/07/MERRA2.20190701.A3cld.05x0625.nc4
2613.870,hit,false,0.000,0,394.158,266,GEOS_0.5x0.625/MERRA2/2019/07/MERRA2.20190701.A3cld.05x0625.nc4
2613.901,hit,false,0.000,0,394.189,266,GEOS_0.5x0.625/MERRA2/2019/07/MERRA2.20190701.A3cld.05x0625.nc4
2613.923,hit,false,0.000,0,394.211,266,GEOS_0.5x0.625/MERRA2/2019/07/MERRA2.20190701.A3cld.05x0625.nc4
2613.961,hit,false,0.000,0,394.247,267,GEOS_0.5x0.625/MERRA2/2019/07/MERRA2.20190701.A3cld.05x0625.nc4
2613.986,hit,false,0.000,0,394.272,267,GEOS_0.5x0.625/MERRA2/2019/07/MERRA2.20190701.A3cld.05x0625.nc4
2614.022,hit,false,0.000,0,394.309,267,GEOS_0.5x0.625/MERRA2/2019/07/MERRA2.20190701.A3cld.05x0625.nc4
2614.045,hit,false,0.000,0,394.331,267,GEOS_0.5x0.625/MERRA2/2019/07/MERRA2.20190701.A3cld.05x0625.nc4
2614.078,hit,false,0.000,0,394.364,267,GEOS_0.5x0.625/MERRA2/2019/07/MERRA2.20190701.A3cld.05x0625.nc4
2614.102,hit,false,0.000,0,394.388,267,GEOS_0.5x0.625/MERRA2/2019/07/MERRA2.20190701.A3cld.05x0625.nc4
2614.140,hit,false,0.000,0,394.426,267,GEOS_0.5x0.625/MERRA2/2019/07/MERRA2.20190701.A3cld.05x0625.nc4
2614.161,hit,false,0.000,0,394.447,267,GEOS_0.5x0.625/MERRA2/2019/07/MERRA2.20190701.A3cld.05x0625.nc4
2614.194,hit,false,0.000,0,394.478,268,GEOS_0.5x0.625/MERRA2/2019/07/MERRA2.20190701.A3cld.05x0625.nc4
2614.222,hit,false,0.000,0,394.506,268,GEOS_0.5x0.625/MERRA2/2019/07/MERRA2.20190701.A3cld.05x0625.nc4
2614.250,hit,false,0.000,0,394.534,268,GEOS_0.5x0.625/MERRA2/2019/07/MERRA2.20190701.A3cld.05x0625.nc4
2614.280,hit,false,0.000,0,394.564,268,GEOS_0.5x0.625/MERRA2/2019/07/MERRA2.20190701.A3cld.05x0625.nc4
2614.309,hit,false,0.000,0,394.593,268,GEOS_0.5x0.625/MERRA2/2019/07/MERRA2.20190701.A3cld.05x0625.nc4
2614.332,hit,false,0.000,0,394.616,268,GEOS_0.5x0.625/MERRA2/2019/07/MERRA2.20190701.A3cld.05x0625.nc4
2614.363,hit,false,0.000,0,394.647,268,GEOS_0.5x0.625/MERRA2/2019/07/MERRA2.20190701.A3cld.05x0625.nc4
2614.388,hit,false,0.000,0,394.672,268,GEOS_0.5x0.625/MERRA2/2019/07/MERRA2.20190701.A3cld.05x0625.nc4
2614.417,hit,false,0.000,0,394.699,269,GEOS_0.5x0.625/MERRA2/2019/07/MERRA2.20190701.A3cld.05x0625.nc4
2614.443,hit,false,0.000,0,394.725,269,GEOS_0.5x0.625/MERRA2/2019/07/MERRA2.20190701.A3cld.05x0625.nc4
2614.474,hit,false,0.000,0,394.756,269,GEOS_0.5x0.625/MERRA2/2019/07/MERRA2.20190701.A3cld.05x0625.nc4
2614.499,hit,false,0.000,0,394.781,269,GEOS_0.5x0.625/MERRA2/2019/07/MERRA2.20190701.A3cld.05x0625.nc4
2614.526,hit,false,0.000,0,394.808,269,GEOS_0.5x0.625/MERRA2/2019/07/MERRA2.20190701.A3cld.05x0625.nc4
2614.554,hit,false,0.000,0,394.836,269,GEOS_0.5x0.625/MERRA2/2019/07/MERRA2.20190701.A3cld.05x0625.nc4
2614.583,hit,false,0.000,0,394.865,269,GEOS_0.5x0.625/MERRA2/2019/07/MERRA2.20190701.A3cld.05x0625.nc4
2614.606,hit,false,0.000,0,394.888,269,GEOS_0.5x0.625/MERRA2/2019/07/MERRA2.20190701.A3cld.05x0625.nc4
2614.640,hit,false,0.000,0,394.899,270,GEOS_0.5x0.625/MERRA2/2019/07/MERRA2.20190701.A3cld.05x0625.nc4
2614.664,hit,false,0.000,0,394.923,270,GEOS_0.5x0.625/MERRA2/2019/07/MERRA2.20190701.A3cld.05x0625.nc4
2614.702,hit,false,0.000,0,394.961,270,GEOS_0.5x0.625/MERRA2/2019/07/MERRA2.20190701.A3cld.05x0625.nc4
2614.723,hit,false,0.000,0,394.982,270,GEOS_0.5x0.625/MERRA2/2019/07/MERRA2.20190701.A3cld.05x0625.nc4
2614.755,hit,false,0.000,0,395.014,270,GEOS_0.5x0.625/MERRA2/2019/07/MERRA2.20190701.A3cld.05x0625.nc4
2614.780,hit,false,0.000,0,395.039,270,GEOS_0.5x0.625/MERRA2/2019/07/MERRA2.20190701.A3cld.05x0625.nc4
2614.810,hit,false,0.000,0,395.069,270,GEOS_0.5x0.625/MERRA2/2019/07/MERRA2.20190701.A3cld.05x0625.nc4
2614.833,hit,false,0.000,0,395.091,270,GEOS_0.5x0.625/MERRA2/2019/07/MERRA2.20190701.A3cld.05x0625.nc4
2614.872,hit,false,0.000,0,395.129,271,GEOS_0.5x0.625/MERRA2/2019/07/MERRA2.20190701.A3cld.05x0625.nc4
2614.896,hit,false,0.000,0,395.153,271,GEOS_0.5x0.625/MERRA2/2019/07/MERRA2.20190701.A3cld.05x0625.nc4
2614.930,hit,false,0.000,0,395.187,271,GEOS_0.5x0.625/MERRA2/2019/07/MERRA2.20190701.A3cld.05x0625.nc4
2614.952,hit,false,0.000,0,395.209,271,GEOS_0.5x0.625/MERRA2/2019/07/MERRA2.20190701.A3cld.05x0625.nc4
2615.058,hit,false,0.000,0,395.315,271,GEOS_0.5x0.625/MERRA2/2019/07/MERRA2.20190701.A3cld.05x0625.nc4
2615.080,hit,false,0.000,0,395.337,271,GEOS_0.5x0.625/MERRA2/2019/07/MERRA2.20190701.A3cld.05x0625.nc4
2615.114,hit,false,0.000,0,395.371,271,GEOS_0.5x0.625/MERRA2/2019/07/MERRA2.20190701.A3cld.05x0625.nc4
2615.136,hit,false,0.000,0,395.393,271,GEOS_0.5x0.625/MERRA2/2019/07/MERRA2.20190701.A3cld.05x0625.nc4
2615.167,hit,false,0.000,0,395.423,272,GEOS_0.5x0.625/MERRA2/2019/07/MERRA2.20190701.A3cld.05x0625.nc4
2615.195,hit,false,0.000,0,395.451,272,GEOS_0.5x0.625/MERRA2/2019/07/MERRA2.20190701.A3cld.05x0625.nc4
2615.241,hit,false,0.000,0,395.498,272,GEOS_0.5x0.625/MERRA2/2019/07/MERRA2.20190701.A3cld.05x0625.nc4
2615.262,hit,false,0.000,0,395.518,272,GEOS_0.5x0.625/MERRA2/2019/07/MERRA2.20190701.A3cld.05x0625.nc4
2615.300,hit,false,0.000,0,395.556,272,GEOS_0.5x0.625/MERRA2/2019/07/MERRA2.20190701.A3cld.05x0625.nc4
2615.322,hit,false,0.000,0,395.578,272,GEOS_0.5x0.625/MERRA2/2019/07/MERRA2.20190701.A3cld.05x0625.nc4
2615.358,hit,false,0.000,0,395.615,272,GEOS_0.5x0.625/MERRA2/2019/07/MERRA2.20190701.A3cld.05x0625.nc4
2615.380,hit,false,0.000,0,395.637,272,GEOS_0.5x0.625/MERRA2/2019/07/MERRA2.20190701.A3cld.05x0625.nc4
2615.417,hit,false,0.000,0,395.671,273,GEOS_0.5x0.625/MERRA2/2019/07/MERRA2.20190701.A3cld.05x0625.nc4
2615.442,hit,false,0.000,0,395.696,273,GEOS_0.5x0.625/MERRA2/2019/07/MERRA2.20190701.A3cld.05x0625.nc4
2615.479,hit,false,0.000,0,395.733,273,GEOS_0.5x0.625/MERRA2/2019/07/MERRA2.20190701.A3cld.05x0625.nc4
2615.503,hit,false,0.000,0,395.758,273,GEOS_0.5x0.625/MERRA2/2019/07/MERRA2.20190701.A3cld.05x0625.nc4
2615.537,hit,false,0.000,0,395.791,273,GEOS_0.5x0.625/MERRA2/2019/07/MERRA2.20190701.A3cld.05x0625.nc4
2615.559,hit,false,0.000,0,395.814,273,GEOS_0.5x0.625/MERRA2/2019/07/MERRA2.20190701.A3cld.05x0625.nc4
2615.596,hit,false,0.000,0,395.850,273,GEOS_0.5x0.625/MERRA2/2019/07/MERRA2.20190701.A3cld.05x0625.nc4
2615.616,hit,false,0.000,0,395.871,273,GEOS_0.5x0.625/MERRA2/2019/07/MERRA2.20190701.A3cld.05x0625.nc4
2615.652,hit,false,0.000,0,395.905,274,GEOS_0.5x0.625/MERRA2/2019/07/MERRA2.20190701.A3cld.05x0625.nc4
2615.677,hit,false,0.000,0,395.929,274,GEOS_0.5x0.625/MERRA2/2019/07/MERRA2.20190701.A3cld.05x0625.nc4
2615.711,hit,false,0.000,0,395.964,274,GEOS_0.5x0.625/MERRA2/2019/07/MERRA2.20190701.A3cld.05x0625.nc4
2615.736,hit,false,0.000,0,395.989,274,GEOS_0.5x0.625/MERRA2/2019/07/MERRA2.20190701.A3cld.05x0625.nc4
2615.783,hit,false,0.000,0,396.035,274,GEOS_0.5x0.625/MERRA2/2019/07/MERRA2.20190701.A3cld.05x0625.nc4
2615.808,hit,false,0.000,0,396.061,274,GEOS_0.5x0.625/MERRA2/2019/07/MERRA2.20190701.A3cld.05x0625.nc4
2615.842,hit,false,0.000,0,396.095,274,GEOS_0.5x0.625/MERRA2/2019/07/MERRA2.20190701.A3cld.05x0625.nc4
2615.866,hit,false,0.000,0,396.119,274,GEOS_0.5x0.625/MERRA2/2019/07/MERRA2.20190701.A3cld.05x0625.nc4
2615.906,hit,false,0.000,0,396.156,275,GEOS_0.5x0.625/MERRA2/2019/07/MERRA2.20190701.A3cld.05x0625.nc4
2615.933,hit,false,0.000,0,396.183,275,GEOS_0.5x0.625/MERRA2/2019/07/MERRA2.20190701.A3cld.05x0625.nc4
2615.966,hit,false,0.000,0,396.216,275,GEOS_0.5x0.625/MERRA2/2019/07/MERRA2.20190701.A3cld.05x0625.nc4
2615.991,hit,false,0.000,0,396.241,275,GEOS_0.5x0.625/MERRA2/2019/07/MERRA2.20190701.A3cld.05x0625.nc4
2616.025,hit,false,0.000,0,396.275,275,GEOS_0.5x0.625/MERRA2/2019/07/MERRA2.20190701.A3cld.05x0625.nc4
2616.049,hit,false,0.000,0,396.299,275,GEOS_0.5x0.625/MERRA2/2019/07/MERRA2.20190701.A3cld.05x0625.nc4
2616.082,hit,false,0.000,0,396.332,275,GEOS_0.5x0.625/MERRA2/2019/07/MERRA2.20190701.A3cld.05x0625.nc4
2616.107,hit,false,0.000,0,396.358,275,GEOS_0.5x0.625/MERRA2/2019/07/MERRA2.20190701.A3cld.05x0625.nc4
2616.139,hit,false,0.000,0,396.385,276,GEOS_0.5x0.625/MERRA2/2019/07/MERRA2.20190701.A3cld.05x0625.nc4
2616.168,hit,false,0.000,0,396.414,276,GEOS_0.5x0.625/MERRA2/2019/07/MERRA2.20190701.A3cld.05x0625.nc4
2616.199,hit,false,0.000,0,396.445,276,GEOS_0.5x0.625/MERRA2/2019/07/MERRA2.20190701.A3cld.05x0625.nc4
2616.222,hit,false,0.000,0,396.468,276,GEOS_0.5x0.625/MERRA2/2019/07/MERRA2.20190701.A3cld.05x0625.nc4
2616.261,hit,false,0.000,0,396.507,276,GEOS_0.5x0.625/MERRA2/2019/07/MERRA2.20190701.A3cld.05x0625.nc4
2616.282,hit,false,0.000,0,396.528,276,GEOS_0.5x0.625/MERRA2/2019/07/MERRA2.20190701.A3cld.05x0625.nc4
2616.315,hit,false,0.000,0,396.561,276,GEOS_0.5x0.625/MERRA2/2019/07/MERRA2.20190701.A3cld.05x0625.nc4
2616.339,hit,false,0.000,0,396.586,276,GEOS_0.5x0.625/MERRA2/2019/07/MERRA2.20190701.A3cld.05x0625.nc4
2616.377,hit,false,0.000,0,396.621,277,GEOS_0.5x0.625/MERRA2/2019/07/MERRA2.20190701.A3cld.05x0625.nc4
2616.402,hit,false,0.000,0,396.646,277,GEOS_0.5x0.625/MERRA2/2019/07/MERRA2.20190701.A3cld.05x0625.nc4
2616.443,hit,false,0.000,0,396.687,277,GEOS_0.5x0.625/MERRA2/2019/07/MERRA2.20190701.A3cld.05x0625.nc4
2616.463,hit,false,0.000,0,396.707,277,GEOS_0.5x0.625/MERRA2/2019/07/MERRA2.20190701.A3cld.05x0625.nc4
2616.500,hit,false,0.000,0,396.744,277,GEOS_0.5x0.625/MERRA2/2019/07/MERRA2.20190701.A3cld.05x0625.nc4
2616.523,hit,false,0.000,0,396.767,277,GEOS_0.5x0.625/MERRA2/2019/07/MERRA2.20190701.A3cld.05x0625.nc4
2616.555,hit,false,0.000,0,396.799,277,GEOS_0.5x0.625/MERRA2/2019/07/MERRA2.20190701.A3cld.05x0625.nc4
2616.578,hit,false,0.000,0,396.822,277,GEOS_0.5x0.625/MERRA2/2019/07/MERRA2.20190701.A3cld.05x0625.nc4
2616.612,hit,false,0.000,0,396.854,278,GEOS_0.5x0.625/MERRA2/2019/07/MERRA2.20190701.A3cld.05x0625.nc4
2616.639,hit,false,0.000,0,396.881,278,GEOS_0.5x0.625/MERRA2/2019/07/MERRA2.20190701.A3cld.05x0625.nc4
2616.676,hit,false,0.000,0,396.918,278,GEOS_0.5x0.625/MERRA2/2019/07/MERRA2.20190701.A3cld.05x0625.nc4
2616.697,hit,false,0.000,0,396.939,278,GEOS_0.5x0.625/MERRA2/2019/07/MERRA2.20190701.A3cld.05x0625.nc4
2616.737,hit,false,0.000,0,396.980,278,GEOS_0.5x0.625/MERRA2/2019/07/MERRA2.20190701.A3cld.05x0625.nc4
2616.760,hit,false,0.000,0,397.002,278,GEOS_0.5x0.625/MERRA2/2019/07/MERRA2.20190701.A3cld.05x0625.nc4
2616.800,hit,false,0.000,0,397.043,278,GEOS_0.5x0.625/MERRA2/2019/07/MERRA2.20190701.A3cld.05x0625.nc4
2616.822,hit,false,0.000,0,397.064,278,GEOS_0.5x0.625/MERRA2/2019/07/MERRA2.20190701.A3cld.05x0625.nc4
2616.856,hit,false,0.000,0,397.096,279,GEOS_0.5x0.625/MERRA2/2019/07/MERRA2.20190701.A3cld.05x0625.nc4
2616.885,hit,false,0.000,0,397.125,279,GEOS_0.5x0.625/MERRA2/2019/07/MERRA2.20190701.A3cld.05x0625.nc4
2616.916,hit,false,0.000,0,397.156,279,GEOS_0.5x0.625/MERRA2/2019/07/MERRA2.20190701.A3cld.05x0625.nc4
2617.014,hit,false,0.000,0,397.254,279,GEOS_0.5x0.625/MERRA2/2019/07/MERRA2.20190701.A3cld.05x0625.nc4
2617.039,hit,false,0.000,0,397.279,279,GEOS_0.5x0.625/MERRA2/2019/07/MERRA2.20190701.A3cld.05x0625.nc4
2617.072,hit,false,0.000,0,397.312,279,GEOS_0.5x0.625/MERRA2/2019/07/MERRA2.20190701.A3cld.05x0625.nc4
2617.098,hit,false,0.000,0,397.338,279,GEOS_0.5x0.625/MERRA2/2019/07/MERRA2.20190701.A3cld.05x0625.nc4
2617.129,hit,false,0.000,0,397.369,279,GEOS_0.5x0.625/MERRA2/2019/07/MERRA2.20190701.A3cld.05x0625.nc4
2617.158,hit,false,0.000,0,397.424,280,GEOS_0.5x0.625/MERRA2/2019/07/MERRA2.20190701.A3cld.05x0625.nc4
2617.217,hit,false,0.000,0,397.483,280,GEOS_0.5x0.625/MERRA2/2019/07/MERRA2.20190701.A3cld.05x0625.nc4
2617.268,hit,false,0.000,0,397.534,280,GEOS_0.5x0.625/MERRA2/2019/07/MERRA2.20190701.A3cld.05x0625.nc4
2617.287,hit,false,0.000,0,397.554,280,GEOS_0.5x0.625/MERRA2/2019/07/MERRA2.20190701.A3cld.05x0625.nc4
2617.329,hit,false,0.000,0,397.596,280,GEOS_0.5x0.625/MERRA2/2019/07/MERRA2.20190701.A3cld.05x0625.nc4
2617.352,hit,false,0.000,0,397.618,280,GEOS_0.5x0.625/MERRA2/2019/07/MERRA2.20190701.A3cld.05x0625.nc4
2617.391,hit,false,0.000,0,397.658,280,GEOS_0.5x0.625/MERRA2/2019/07/MERRA2.20190701.A3cld.05x0625.nc4
2617.413,hit,false,0.000,0,397.679,280,GEOS_0.5x0.625/MERRA2/2019/07/MERRA2.20190701.A3cld.05x0625.nc4
2617.453,hit,false,0.000,0,397.715,281,GEOS_0.5x0.625/MERRA2/2019/07/MERRA2.20190701.A3cld.05x0625.nc4
2617.480,hit,false,0.000,0,397.742,281,GEOS_0.5x0.625/MERRA2/2019/07/MERRA2.20190701.A3cld.05x0625.nc4
2617.513,hit,false,0.000,0,397.776,281,GEOS_0.5x0.625/MERRA2/2019/07/MERRA2.20190701.A3cld.05x0625.nc4
2617.537,hit,false,0.000,0,397.800,281,GEOS_0.5x0.625/MERRA2/2019/07/MERRA2.20190701.A3cld.05x0625.nc4
2617.569,hit,false,0.000,0,397.832,281,GEOS_0.5x0.625/MERRA2/2019/07/MERRA2.20190701.A3cld.05x0625.nc4
2617.594,hit,false,0.000,0,397.856,281,GEOS_0.5x0.625/MERRA2/2019/07/MERRA2.20190701.A3cld.05x0625.nc4
2617.627,hit,false,0.000,0,397.890,281,GEOS_0.5x0.625/MERRA2/2019/07/MERRA2.20190701.A3cld.05x0625.nc4
2617.655,hit,false,0.000,0,397.917,281,GEOS_0.5x0.625/MERRA2/2019/07/MERRA2.20190701.A3cld.05x0625.nc4
2617.685,hit,false,0.000,0,397.782,282,GEOS_0.5x0.625/MERRA2/2019/07/MERRA2.20190701.A3cld.05x0625.nc4
2617.716,hit,false,0.000,0,397.813,282,GEOS_0.5x0.625/MERRA2/2019/07/MERRA2.20190701.A3cld.05x0625.nc4
2617.745,hit,false,0.000,0,397.843,282,GEOS_0.5x0.625/MERRA2/2019/07/MERRA2.20190701.A3cld.05x0625.nc4
2617.773,hit,false,0.000,0,397.870,282,GEOS_0.5x0.625/MERRA2/2019/07/MERRA2.20190701.A3cld.05x0625.nc4
2617.802,hit,false,0.000,0,397.899,282,GEOS_0.5x0.625/MERRA2/2019/07/MERRA2.20190701.A3cld.05x0625.nc4
2617.831,hit,false,0.000,0,397.928,282,GEOS_0.5x0.625/MERRA2/2019/07/MERRA2.20190701.A3cld.05x0625.nc4
2617.861,hit,false,0.000,0,397.958,282,GEOS_0.5x0.625/MERRA2/2019/07/MERRA2.20190701.A3cld.05x0625.nc4
2617.889,hit,false,0.000,0,397.986,282,GEOS_0.5x0.625/MERRA2/2019/07/MERRA2.20190701.A3cld.05x0625.nc4
2617.917,hit,false,0.000,0,398.011,283,GEOS_0.5x0.625/MERRA2/2019/07/MERRA2.20190701.A3cld.05x0625.nc4
2617.949,hit,false,0.000,0,398.043,283,GEOS_0.5x0.625/MERRA2/2019/07/MERRA2.20190701.A3cld.05x0625.nc4
2617.978,hit,false,0.000,0,398.071,283,GEOS_0.5x0.625/MERRA2/2019/07/MERRA2.20190701.A3cld.05x0625.nc4
2618.011,hit,false,0.000,0,398.104,283,GEOS_0.5x0.625/MERRA2/2019/07/MERRA2.20190701.A3cld.05x0625.nc4
2618.036,hit,false,0.000,0,398.130,283,GEOS_0.5x0.625/MERRA2/2019/07/MERRA2.20190701.A3cld.05x0625.nc4
2618.068,hit,false,0.000,0,398.162,283,GEOS_0.5x0.625/MERRA2/2019/07/MERRA2.20190701.A3cld.05x0625.nc4
2618.091,hit,false,0.000,0,398.185,283,GEOS_0.5x0.625/MERRA2/2019/07/MERRA2.20190701.A3cld.05x0625.nc4
2618.127,hit,false,0.000,0,398.220,283,GEOS_0.5x0.625/MERRA2/2019/07/MERRA2.20190701.A3cld.05x0625.nc4
2618.149,hit,false,0.000,0,398.241,284,GEOS_0.5x0.625/MERRA2/2019/07/MERRA2.20190701.A3cld.05x0625.nc4
2618.181,hit,false,0.000,0,398.272,284,GEOS_0.5x0.625/MERRA2/2019/07/MERRA2.20190701.A3cld.05x0625.nc4
2618.207,hit,false,0.000,0,398.299,284,GEOS_0.5x0.625/MERRA2/2019/07/MERRA2.20190701.A3cld.05x0625.nc4
2618.231,hit,false,0.000,0,398.323,284,GEOS_0.5x0.625/MERRA2/2019/07/MERRA2.20190701.A3cld.05x0625.nc4
2618.263,hit,false,0.000,0,398.354,284,GEOS_0.5x0.625/MERRA2/2019/07/MERRA2.20190701.A3cld.05x0625.nc4
2618.288,hit,false,0.000,0,398.379,284,GEOS_0.5x0.625/MERRA2/2019/07/MERRA2.20190701.A3cld.05x0625.nc4
2618.319,hit,false,0.000,0,398.411,284,GEOS_0.5x0.625/MERRA2/2019/07/MERRA2.20190701.A3cld.05x0625.nc4
2618.342,hit,false,0.000,0,398.433,284,GEOS_0.5x0.625/MERRA2/2019/07/MERRA2.20190701.A3cld.05x0625.nc4
2618.381,hit,false,0.000,0,398.470,285,GEOS_0.5x0.625/MERRA2/2019/07/MERRA2.20190701.A3cld.05x0625.nc4
2618.404,hit,false,0.000,0,398.493,285,GEOS_0.5x0.625/MERRA2/2019/07/MERRA2.20190701.A3cld.05x0625.nc4
2618.438,hit,false,0.000,0,398.527,285,GEOS_0.5x0.625/MERRA2/2019/07/MERRA2.20190701.A3cld.05x0625.nc4
2618.463,hit,false,0.000,0,398.552,285,GEOS_0.5x0.625/MERRA2/2019/07/MERRA2.20190701.A3cld.05x0625.nc4
2618.495,hit,false,0.000,0,398.584,285,GEOS_0.5x0.625/MERRA2/2019/07/MERRA2.20190701.A3cld.05x0625.nc4
2618.519,hit,false,0.000,0,398.608,285,GEOS_0.5x0.625/MERRA2/2019/07/MERRA2.20190701.A3cld.05x0625.nc4
2618.551,hit,false,0.000,0,398.641,285,GEOS_0.5x0.625/MERRA2/2019/07/MERRA2.20190701.A3cld.05x0625.nc4
2618.579,hit,false,0.000,0,398.668,285,GEOS_0.5x0.625/MERRA2/2019/07/MERRA2.20190701.A3cld.05x0625.nc4
2618.610,hit,false,0.000,0,398.697,286,GEOS_0.5x0.625/MERRA2/2019/07/MERRA2.20190701.A3cld.05x0625.nc4
2618.641,hit,false,0.000,0,398.728,286,GEOS_0.5x0.625/MERRA2/2019/07/MERRA2.20190701.A3cld.05x0625.nc4
2618.669,hit,false,0.000,0,398.756,286,GEOS_0.5x0.625/MERRA2/2019/07/MERRA2.20190701.A3cld.05x0625.nc4
2618.699,hit,false,0.000,0,398.786,286,GEOS_0.5x0.625/MERRA2/2019/07/MERRA2.20190701.A3cld.05x0625.nc4
2618.727,hit,false,0.000,0,398.814,286,GEOS_0.5x0.625/MERRA2/2019/07/MERRA2.20190701.A3cld.05x0625.nc4
2618.756,hit,false,0.000,0,398.843,286,GEOS_0.5x0.625/MERRA2/2019/07/MERRA2.20190701.A3cld.05x0625.nc4
2618.785,hit,false,0.000,0,398.872,286,GEOS_0.5x0.625/MERRA2/2019/07/MERRA2.20190701.A3cld.05x0625.nc4
2618.814,hit,false,0.000,0,398.901,286,GEOS_0.5x0.625/MERRA2/2019/07/MERRA2.20190701.A3cld.05x0625.nc4
2618.845,hit,false,0.000,0,398.930,287,GEOS_0.5x0.625/MERRA2/2019/07/MERRA2.20190701.A3cld.05x0625.nc4
2618.870,hit,false,0.000,0,398.955,287,GEOS_0.5x0.625/MERRA2/2019/07/MERRA2.20190701.A3cld.05x0625.nc4
2618.975,hit,false,0.000,0,399.060,287,GEOS_0.5x0.625/MERRA2/2019/07/MERRA2.20190701.A3cld.05x0625.nc4
2618.998,hit,false,0.000,0,399.084,287,GEOS_0.5x0.625/MERRA2/2019/07/MERRA2.20190701.A3cld.05x0625.nc4
2619.034,hit,false,0.000,0,399.120,287,GEOS_0.5x0.625/MERRA2/2019/07/MERRA2.20190701.A3cld.05x0625.nc4
2619.057,hit,false,0.000,0,399.142,287,GEOS_0.5x0.625/MERRA2/2019/07/MERRA2.20190701.A3cld.05x0625.nc4
2619.088,hit,false,0.000,0,399.174,287,GEOS_0.5x0.625/MERRA2/2019/07/MERRA2.20190701.A3cld.05x0625.nc4
2619.114,hit,false,0.000,0,399.200,287,GEOS_0.5x0.625/MERRA2/2019/07/MERRA2.20190701.A3cld.05x0625.nc4
2619.146,hit,false,0.000,0,399.422,288,GEOS_0.5x0.625/MERRA2/2019/07/MERRA2.20190701.A3cld.05x0625.nc4
2619.177,hit,false,0.000,0,399.453,288,GEOS_0.5x0.625/MERRA2/2019/07/MERRA2.20190701.A3cld.05x0625.nc4
2619.219,hit,false,0.000,0,399.495,288,GEOS_0.5x0.625/MERRA2/2019/07/MERRA2.20190701.A3cld.05x0625.nc4
2619.241,hit,false,0.000,0,399.517,288,GEOS_0.5x0.625/MERRA2/2019/07/MERRA2.20190701.A3cld.05x0625.nc4
2619.281,hit,false,0.000,0,399.558,288,GEOS_0.5x0.625/MERRA2/2019/07/MERRA2.20190701.A3cld.05x0625.nc4
2619.303,hit,false,0.000,0,399.579,288,GEOS_0.5x0.625/MERRA2/2019/07/MERRA2.20190701.A3cld.05x0625.nc4
2619.344,hit,false,0.000,0,399.620,288,GEOS_0.5x0.625/MERRA2/2019/07/MERRA2.20190701.A3cld.05x0625.nc4
2619.368,hit,false,0.000,0,399.644,288,GEOS_0.5x0.625/MERRA2/2019/07/MERRA2.20190701.A3cld.05x0625.nc4
2619.400,hit,false,0.000,0,399.672,289,GEOS_0.5x0.625/MERRA2/2019/07/MERRA2.20190701.A3cld.05x0625.nc4
2619.427,hit,false,0.000,0,399.699,289,GEOS_0.5x0.625/MERRA2/2019/07/MERRA2.20190701.A3cld.05x0625.nc4
2619.458,hit,false,0.000,0,399.731,289,GEOS_0.5x0.625/MERRA2/2019/07/MERRA2.20190701.A3cld.05x0625.nc4
2619.483,hit,false,0.000,0,399.755,289,GEOS_0.5x0.625/MERRA2/2019/07/MERRA2.20190701.A3cld.05x0625.nc4
2619.512,hit,false,0.000,0,399.785,289,GEOS_0.5x0.625/MERRA2/2019/07/MERRA2.20190701.A3cld.05x0625.nc4
2619.540,hit,false,0.000,0,399.812,289,GEOS_0.5x0.625/MERRA2/2019/07/MERRA2.20190701.A3cld.05x0625.nc4
2619.570,hit,false,0.000,0,399.842,289,GEOS_0.5x0.625/MERRA2/2019/07/MERRA2.20190701.A3cld.05x0625.nc4
2619.594,hit,false,0.000,0,399.866,289,GEOS_0.5x0.625/MERRA2/2019/07/MERRA2.20190701.A3cld.05x0625.nc4
2619.624,hit,false,0.000,0,399.894,290,GEOS_0.5x0.625/MERRA2/2019/07/MERRA2.20190701.A3cld.05x0625.nc4
2619.649,hit,false,0.000,0,399.919,290,GEOS_0.5x0.625/MERRA2/2019/07/MERRA2.20190701.A3cld.05x0625.nc4
2619.688,hit,false,0.000,0,399.958,290,GEOS_0.5x0.625/MERRA2/2019/07/MERRA2.20190701.A3cld.05x0625.nc4
2619.709,hit,false,0.000,0,399.979,290,GEOS_0.5x0.625/MERRA2/2019/07/MERRA2.20190701.A3cld.05x0625.nc4
2619.748,hit,false,0.000,0,400.019,290,GEOS_0.5x0.625/MERRA2/2019/07/MERRA2.20190701.A3cld.05x0625.nc4
2619.769,hit,false,0.000,0,400.039,290,GEOS_0.5x0.625/MERRA2/2019/07/MERRA2.20190701.A3cld.05x0625.nc4
2619.805,hit,false,0.000,0,400.075,290,GEOS_0.5x0.625/MERRA2/2019/07/MERRA2.20190701.A3cld.05x0625.nc4
2619.827,hit,false,0.000,0,400.097,290,GEOS_0.5x0.625/MERRA2/2019/07/MERRA2.20190701.A3cld.05x0625.nc4
2619.865,hit,false,0.000,0,400.134,291,GEOS_0.5x0.625/MERRA2/2019/07/MERRA2.20190701.A3cld.05x0625.nc4
2619.896,hit,false,0.000,0,400.165,291,GEOS_0.5x0.625/MERRA2/2019/07/MERRA2.20190701.A3cld.05x0625.nc4
2619.929,hit,false,0.000,0,400.197,291,GEOS_0.5x0.625/MERRA2/2019/07/MERRA2.20190701.A3cld.05x0625.nc4
2619.955,hit,false,0.000,0,400.223,291,GEOS_0.5x0.625/MERRA2/2019/07/MERRA2.20190701.A3cld.05x0625.nc4
2619.987,hit,false,0.000,0,400.255,291,GEOS_0.5x0.625/MERRA2/2019/07/MERRA2.20190701.A3cld.05x0625.nc4
2620.010,hit,false,0.000,0,400.279,291,GEOS_0.5x0.625/MERRA2/2019/07/MERRA2.20190701.A3cld.05x0625.nc4
2620.044,hit,false,0.000,0,400.313,291,GEOS_0.5x0.625/MERRA2/2019/07/MERRA2.20190701.A3cld.05x0625.nc4
2620.070,hit,false,0.000,0,400.338,291,GEOS_0.5x0.625/MERRA2/2019/07/MERRA2.20190701.A3cld.05x0625.nc4
2620.101,hit,false,0.000,0,400.368,292,GEOS_0.5x0.625/MERRA2/2019/07/MERRA2.20190701.A3cld.05x0625.nc4
2620.133,hit,false,0.000,0,400.399,292,GEOS_0.5x0.625/MERRA2/2019/07/MERRA2.20190701.A3cld.05x0625.nc4
2620.163,hit,false,0.000,0,400.429,292,GEOS_0.5x0.625/MERRA2/2019/07/MERRA2.20190701.A3cld.05x0625.nc4
2620.194,hit,false,0.000,0,400.460,292,GEOS_0.5x0.625/MERRA2/2019/07/MERRA2.20190701.A3cld.05x0625.nc4
2620.223,hit,false,0.000,0,400.489,292,GEOS_0.5x0.625/MERRA2/2019/07/MERRA2.20190701.A3cld.05x0625.nc4
2620.252,hit,false,0.000,0,400.519,292,GEOS_0.5x0.625/MERRA2/2019/07/MERRA2.20190701.A3cld.05x0625.nc4
2620.284,hit,false,0.000,0,400.551,292,GEOS_0.5x0.625/MERRA2/2019/07/MERRA2.20190701.A3cld.05x0625.nc4
2620.306,hit,false,0.000,0,400.573,292,GEOS_0.5x0.625/MERRA2/2019/07/MERRA2.20190701.A3cld.05x0625.nc4
2620.343,hit,false,0.000,0,400.607,293,GEOS_0.5x0.625/MERRA2/2019/07/MERRA2.20190701.A3cld.05x0625.nc4
2620.366,hit,false,0.000,0,400.631,293,GEOS_0.5x0.625/MERRA2/2019/07/MERRA2.20190701.A3cld.05x0625.nc4
2620.398,hit,false,0.000,0,400.662,293,GEOS_0.5x0.625/MERRA2/2019/07/MERRA2.20190701.A3cld.05x0625.nc4
2620.423,hit,false,0.000,0,400.687,293,GEOS_0.5x0.625/MERRA2/2019/07/MERRA2.20190701.A3cld.05x0625.nc4
2620.469,hit,false,0.000,0,400.733,293,GEOS_0.5x0.625/MERRA2/2019/07/MERRA2.20190701.A3cld.05x0625.nc4
2620.491,hit,false,0.000,0,400.755,293,GEOS_0.5x0.625/MERRA2/2019/07/MERRA2.20190701.A3cld.05x0625.nc4
2620.523,hit,false,0.000,0,400.787,293,GEOS_0.5x0.625/MERRA2/2019/07/MERRA2.20190701.A3cld.05x0625.nc4
2620.548,hit,false,0.000,0,400.813,293,GEOS_0.5x0.625/MERRA2/2019/07/MERRA2.20190701.A3cld.05x0625.nc4
2620.578,hit,false,0.000,0,400.840,294,GEOS_0.5x0.625/MERRA2/2019/07/MERRA2.20190701.A3cld.05x0625.nc4
2620.602,hit,false,0.000,0,400.865,294,GEOS_0.5x0.625/MERRA2/2019/07/MERRA2.20190701.A3cld.05x0625.nc4
2620.634,hit,false,0.000,0,400.897,294,GEOS_0.5x0.625/MERRA2/2019/07/MERRA2.20190701.A3cld.05x0625.nc4
2620.659,hit,false,0.000,0,400.921,294,GEOS_0.5x0.625/MERRA2/2019/07/MERRA2.20190701.A3cld.05x0625.nc4
2620.689,hit,false,0.000,0,400.951,294,GEOS_0.5x0.625/MERRA2/2019/07/MERRA2.20190701.A3cld.05x0625.nc4
2620.715,hit,false,0.000,0,400.977,294,GEOS_0.5x0.625/MERRA2/2019/07/MERRA2.20190701.A3cld.05x0625.nc4
2620.746,hit,false,0.000,0,401.009,294,GEOS_0.5x0.625/MERRA2/2019/07/MERRA2.20190701.A3cld.05x0625.nc4
2620.777,hit,false,0.000,0,401.039,294,GEOS_0.5x0.625/MERRA2/2019/07/MERRA2.20190701.A3cld.05x0625.nc4
2620.805,hit,false,0.000,0,401.066,295,GEOS_0.5x0.625/MERRA2/2019/07/MERRA2.20190701.A3cld.05x0625.nc4
2620.907,hit,false,0.000,0,401.168,295,GEOS_0.5x0.625/MERRA2/2019/07/MERRA2.20190701.A3cld.05x0625.nc4
2620.930,hit,false,0.000,0,401.190,295,GEOS_0.5x0.625/MERRA2/2019/07/MERRA2.20190701.A3cld.05x0625.nc4
2620.963,hit,false,0.000,0,401.224,295,GEOS_0.5x0.625/MERRA2/2019/07/MERRA2.20190701.A3cld.05x0625.nc4
2620.988,hit,false,0.000,0,401.249,295,GEOS_0.5x0.625/MERRA2/2019/07/MERRA2.20190701.A3cld.05x0625.nc4
2621.017,hit,false,0.000,0,401.278,295,GEOS_0.5x0.625/MERRA2/2019/07/MERRA2.20190701.A3cld.05x0625.nc4
2621.042,hit,false,0.000,0,401.302,295,GEOS_0.5x0.625/MERRA2/2019/07/MERRA2.20190701.A3cld.05x0625.nc4
2621.073,hit,false,0.000,0,401.334,295,GEOS_0.5x0.625/MERRA2/2019/07/MERRA2.20190701.A3cld.05x0625.nc4
2621.096,hit,false,0.000,0,401.358,296,GEOS_0.5x0.625/MERRA2/2019/07/MERRA2.20190701.A3cld.05x0625.nc4
2621.133,hit,false,0.000,0,401.394,296,GEOS_0.5x0.625/MERRA2/2019/07/MERRA2.20190701.A3cld.05x0625.nc4
2621.167,hit,false,0.000,0,401.428,296,GEOS_0.5x0.625/MERRA2/2019/07/MERRA2.20190701.A3cld.05x0625.nc4
2621.192,hit,false,0.000,0,401.453,296,GEOS_0.5x0.625/MERRA2/2019/07/MERRA2.20190701.A3cld.05x0625.nc4
2621.226,hit,false,0.000,0,401.487,296,GEOS_0.5x0.625/MERRA2/2019/07/MERRA2.20190701.A3cld.05x0625.nc4
2621.251,hit,false,0.000,0,401.512,296,GEOS_0.5x0.625/MERRA2/2019/07/MERRA2.20190701.A3cld.05x0625.nc4
2621.282,hit,false,0.000,0,401.544,296,GEOS_0.5x0.625/MERRA2/2019/07/MERRA2.20190701.A3cld.05x0625.nc4
2621.303,hit,false,0.000,0,401.564,296,GEOS_0.5x0.625/MERRA2/2019/07/MERRA2.20190701.A3cld.05x0625.nc4
2621.340,hit,false,0.000,0,401.598,297,GEOS_0.5x0.625/MERRA2/2019/07/MERRA2.20190701.A3cld.05x0625.nc4
2621.364,hit,false,0.000,0,401.623,297,GEOS_0.5x0.625/MERRA2/2019/07/MERRA2.20190701.A3cld.05x0625.nc4
2621.398,hit,false,0.000,0,401.656,297,GEOS_0.5x0.625/MERRA2/2019/07/MERRA2.20190701.A3cld.05x0625.nc4
2621.422,hit,false,0.000,0,401.680,297,GEOS_0.5x0.625/MERRA2/2019/07/MERRA2.20190701.A3cld.05x0625.nc4
2621.453,hit,false,0.000,0,401.711,297,GEOS_0.5x0.625/MERRA2/2019/07/MERRA2.20190701.A3cld.05x0625.nc4
2621.478,hit,false,0.000,0,401.736,297,GEOS_0.5x0.625/MERRA2/2019/07/MERRA2.20190701.A3cld.05x0625.nc4
2621.511,hit,false,0.000,0,401.769,297,GEOS_0.5x0.625/MERRA2/2019/07/MERRA2.20190701.A3cld.05x0625.nc4
2621.535,hit,false,0.000,0,401.793,297,GEOS_0.5x0.625/MERRA2/2019/07/MERRA2.20190701.A3cld.05x0625.nc4
2621.568,hit,false,0.000,0,401.823,298,GEOS_0.5x0.625/MERRA2/2019/07/MERRA2.20190701.A3cld.05x0625.nc4
2621.598,hit,false,0.000,0,401.854,298,GEOS_0.5x0.625/MERRA2/2019/07/MERRA2.20190701.A3cld.05x0625.nc4
2621.629,hit,false,0.000,0,401.885,298,GEOS_0.5x0.625/MERRA2/2019/07/MERRA2.20190701.A3cld.05x0625.nc4
2621.659,hit,false,0.000,0,401.914,298,GEOS_0.5x0.625/MERRA2/2019/07/MERRA2.20190701.A3cld.05x0625.nc4
2621.685,hit,false,0.000,0,401.941,298,GEOS_0.5x0.625/MERRA2/2019/07/MERRA2.20190701.A3cld.05x0625.nc4
2621.716,hit,false,0.000,0,401.972,298,GEOS_0.5x0.625/MERRA2/2019/07/MERRA2.20190701.A3cld.05x0625.nc4
2621.745,hit,false,0.000,0,402.001,298,GEOS_0.5x0.625/MERRA2/2019/07/MERRA2.20190701.A3cld.05x0625.nc4
2621.775,hit,false,0.000,0,402.031,298,GEOS_0.5x0.625/MERRA2/2019/07/MERRA2.20190701.A3cld.05x0625.nc4
2621.807,hit,false,0.000,0,402.060,299,GEOS_0.5x0.625/MERRA2/2019/07/MERRA2.20190701.A3cld.05x0625.nc4
2621.834,hit,false,0.000,0,402.088,299,GEOS_0.5x0.625/MERRA2/2019/07/MERRA2.20190701.A3cld.05x0625.nc4
2621.864,hit,false,0.000,0,402.117,299,GEOS_0.5x0.625/MERRA2/2019/07/MERRA2.20190701.A3cld.05x0625.nc4
2621.892,hit,false,0.000,0,402.146,299,GEOS_0.5x0.625/MERRA2/2019/07/MERRA2.20190701.A3cld.05x0625.nc4
2621.925,hit,false,0.000,0,402.179,299,GEOS_0.5x0.625/MERRA2/2019/07/MERRA2.20190701.A3cld.05x0625.nc4
2621.949,hit,false,0.000,0,402.203,299,GEOS_0.5x0.625/MERRA2/2019/07/MERRA2.20190701.A3cld.05x0625.nc4
2621.985,hit,false,0.000,0,402.239,299,GEOS_0.5x0.625/MERRA2/2019/07/MERRA2.20190701.A3cld.05x0625.nc4
2622.010,hit,false,0.000,0,402.264,299,GEOS_0.5x0.625/MERRA2/2019/07/MERRA2.20190701.A3cld.05x0625.nc4
2622.054,hit,false,0.000,0,402.304,300,GEOS_0.5x0.625/MERRA2/2019/07/MERRA2.20190701.A3cld.05x0625.nc4
2622.072,hit,false,0.000,0,402.323,300,GEOS_0.5x0.625/MERRA2/2019/07/MERRA2.20190701.A3cld.05x0625.nc4
2622.123,hit,false,0.000,0,402.374,300,GEOS_0.5x0.625/MERRA2/2019/07/MERRA2.20190701.A3cld.05x0625.nc4
2622.143,hit,false,0.000,0,402.393,300,GEOS_0.5x0.625/MERRA2/2019/07/MERRA2.20190701.A3cld.05x0625.nc4
2622.201,hit,false,0.000,0,402.451,300,GEOS_0.5x0.625/MERRA2/2019/07/MERRA2.20190701.A3cld.05x0625.nc4
2622.219,hit,false,0.000,0,402.470,300,GEOS_0.5x0.625/MERRA2/2019/07/MERRA2.20190701.A3cld.05x0625.nc4
2622.259,hit,false,0.000,0,402.510,300,GEOS_0.5x0.625/MERRA2/2019/07/MERRA2.20190701.A3cld.05x0625.nc4
2622.280,hit,false,0.000,0,402.531,300,GEOS_0.5x0.625/MERRA2/2019/07/MERRA2.20190701.A3cld.05x0625.nc4
2622.321,hit,false,0.000,0,402.569,301,GEOS_0.5x0.625/MERRA2/2019/07/MERRA2.20190701.A3cld.05x0625.nc4
2622.344,hit,false,0.000,0,402.593,301,GEOS_0.5x0.625/MERRA2/2019/07/MERRA2.20190701.A3cld.05x0625.nc4
2622.384,hit,false,0.000,0,402.632,301,GEOS_0.5x0.625/MERRA2/2019/07/MERRA2.20190701.A3cld.05x0625.nc4
2622.405,hit,false,0.000,0,402.654,301,GEOS_0.5x0.625/MERRA2/2019/07/MERRA2.20190701.A3cld.05x0625.nc4
2622.445,hit,false,0.000,0,402.694,301,GEOS_0.5x0.625/MERRA2/2019/07/MERRA2.20190701.A3cld.05x0625.nc4
2622.467,hit,false,0.000,0,402.715,301,GEOS_0.5x0.625/MERRA2/2019/07/MERRA2.20190701.A3cld.05x0625.nc4
2622.505,hit,false,0.000,0,402.754,301,GEOS_0.5x0.625/MERRA2/2019/07/MERRA2.20190701.A3cld.05x0625.nc4
2622.525,hit,false,0.000,0,402.774,301,GEOS_0.5x0.625/MERRA2/2019/07/MERRA2.20190701.A3cld.05x0625.nc4
2622.567,hit,false,0.000,0,402.813,302,GEOS_0.5x0.625/MERRA2/2019/07/MERRA2.20190701.A3cld.05x0625.nc4
2622.590,hit,false,0.000,0,402.836,302,GEOS_0.5x0.625/MERRA2/2019/07/MERRA2.20190701.A3cld.05x0625.nc4
2622.631,hit,false,0.000,0,402.877,302,GEOS_0.5x0.625/MERRA2/2019/07/MERRA2.20190701.A3cld.05x0625.nc4
2622.652,hit,false,0.000,0,402.899,302,GEOS_0.5x0.625/MERRA2/2019/07/MERRA2.20190701.A3cld.05x0625.nc4
2622.687,hit,false,0.000,0,402.933,302,GEOS_0.5x0.625/MERRA2/2019/07/MERRA2.20190701.A3cld.05x0625.nc4
2622.712,hit,false,0.000,0,402.958,302,GEOS_0.5x0.625/MERRA2/2019/07/MERRA2.20190701.A3cld.05x0625.nc4
2622.749,hit,false,0.000,0,402.995,302,GEOS_0.5x0.625/MERRA2/2019/07/MERRA2.20190701.A3cld.05x0625.nc4
2622.771,hit,false,0.000,0,403.017,302,GEOS_0.5x0.625/MERRA2/2019/07/MERRA2.20190701.A3cld.05x0625.nc4
2622.879,hit,false,0.000,0,403.123,303,GEOS_0.5x0.625/MERRA2/2019/07/MERRA2.20190701.A3cld.05x0625.nc4
2622.903,hit,false,0.000,0,403.147,303,GEOS_0.5x0.625/MERRA2/2019/07/MERRA2.20190701.A3cld.05x0625.nc4
2622.935,hit,false,0.000,0,403.179,303,GEOS_0.5x0.625/MERRA2/2019/07/MERRA2.20190701.A3cld.05x0625.nc4
2622.961,hit,false,0.000,0,403.205,303,GEOS_0.5x0.625/MERRA2/2019/07/MERRA2.20190701.A3cld.05x0625.nc4
2622.992,hit,false,0.000,0,403.236,303,GEOS_0.5x0.625/MERRA2/2019/07/MERRA2.20190701.A3cld.05x0625.nc4
2623.018,hit,false,0.000,0,403.262,303,GEOS_0.5x0.625/MERRA2/2019/07/MERRA2.20190701.A3cld.05x0625.nc4
2623.049,hit,false,0.000,0,403.293,303,GEOS_0.5x0.625/MERRA2/2019/07/MERRA2.20190701.A3cld.05x0625.nc4
2623.081,hit,false,0.000,0,403.325,303,GEOS_0.5x0.625/MERRA2/2019/07/MERRA2.20190701.A3cld.05x0625.nc4
2623.105,hit,false,0.000,0,403.424,304,GEOS_0.5x0.625/MERRA2/2019/07/MERRA2.20190701.A3cld.05x0625.nc4
2623.141,hit,false,0.000,0,403.460,304,GEOS_0.5x0.625/MERRA2/2019/07/MERRA2.20190701.A3cld.05x0625.nc4
2623.176,hit,false,0.000,0,403.495,304,GEOS_0.5x0.625/MERRA2/2019/07/MERRA2.20190701.A3cld.05x0625.nc4
2623.205,hit,false,0.000,0,403.524,304,GEOS_0.5x0.625/MERRA2/2019/07/MERRA2.20190701.A3cld.05x0625.nc4
2623.235,hit,false,0.000,0,403.554,304,GEOS_0.5x0.625/MERRA2/2019/07/MERRA2.20190701.A3cld.05x0625.nc4
2623.262,hit,false,0.000,0,403.581,304,GEOS_0.5x0.625/MERRA2/2019/07/MERRA2.20190701.A3cld.05x0625.nc4
2623.296,hit,false,0.000,0,403.614,304,GEOS_0.5x0.625/MERRA2/2019/07/MERRA2.20190701.A3cld.05x0625.nc4
2623.324,hit,false,0.000,0,403.642,304,GEOS_0.5x0.625/MERRA2/2019/07/MERRA2.20190701.A3cld.05x0625.nc4
2623.356,hit,false,0.000,0,403.672,305,GEOS_0.5x0.625/MERRA2/2019/07/MERRA2.20190701.A3cld.05x0625.nc4
2623.381,hit,false,0.000,0,403.697,305,GEOS_0.5x0.625/MERRA2/2019/07/MERRA2.20190701.A3cld.05x0625.nc4
2623.415,hit,false,0.000,0,403.731,305,GEOS_0.5x0.625/MERRA2/2019/07/MERRA2.20190701.A3cld.05x0625.nc4
2623.441,hit,false,0.000,0,403.757,305,GEOS_0.5x0.625/MERRA2/2019/07/MERRA2.20190701.A3cld.05x0625.nc4
2623.473,hit,false,0.000,0,403.789,305,GEOS_0.5x0.625/MERRA2/2019/07/MERRA2.20190701.A3cld.05x0625.nc4
2623.499,hit,false,0.000,0,403.815,305,GEOS_0.5x0.625/MERRA2/2019/07/MERRA2.20190701.A3cld.05x0625.nc4
2623.531,hit,false,0.000,0,403.847,305,GEOS_0.5x0.625/MERRA2/2019/07/MERRA2.20190701.A3cld.05x0625.nc4
2623.560,hit,false,0.000,0,403.876,305,GEOS_0.5x0.625/MERRA2/2019/07/MERRA2.20190701.A3cld.05x0625.nc4
2623.590,hit,false,0.000,0,403.899,306,GEOS_0.5x0.625/MERRA2/2019/07/MERRA2.20190701.A3cld.05x0625.nc4
2623.621,hit,false,0.000,0,403.930,306,GEOS_0.5x0.625/MERRA2/2019/07/MERRA2.20190701.A3cld.05x0625.nc4
2623.649,hit,false,0.000,0,403.958,306,GEOS_0.5x0.625/MERRA2/2019/07/MERRA2.20190701.A3cld.05x0625.nc4
2623.681,hit,false,0.000,0,403.990,306,GEOS_0.5x0.625/MERRA2/2019/07/MERRA2.20190701.A3cld.05x0625.nc4
2623.703,hit,false,0.000,0,404.013,306,GEOS_0.5x0.625/MERRA2/2019/07/MERRA2.20190701.A3cld.05x0625.nc4
2623.741,hit,false,0.000,0,404.051,306,GEOS_0.5x0.625/MERRA2/2019/07/MERRA2.20190701.A3cld.05x0625.nc4
2623.763,hit,false,0.000,0,404.073,306,GEOS_0.5x0.625/MERRA2/2019/07/MERRA2.20190701.A3cld.05x0625.nc4
2623.796,hit,false,0.000,0,404.105,306,GEOS_0.5x0.625/MERRA2/2019/07/MERRA2.20190701.A3cld.05x0625.nc4
2623.821,hit,false,0.000,0,404.129,307,GEOS_0.5x0.625/MERRA2/2019/07/MERRA2.20190701.A3cld.05x0625.nc4
2623.855,hit,false,0.000,0,404.163,307,GEOS_0.5x0.625/MERRA2/2019/07/MERRA2.20190701.A3cld.05x0625.nc4
2623.879,hit,false,0.000,0,404.187,307,GEOS_0.5x0.625/MERRA2/2019/07/MERRA2.20190701.A3cld.05x0625.nc4
2623.919,hit,false,0.000,0,404.227,307,GEOS_0.5x0.625/MERRA2/2019/07/MERRA2.20190701.A3cld.05x0625.nc4
2623.942,hit,false,0.000,0,404.250,307,GEOS_0.5x0.625/MERRA2/2019/07/MERRA2.20190701.A3cld.05x0625.nc4
2623.976,hit,false,0.000,0,404.284,307,GEOS_0.5x0.625/MERRA2/2019/07/MERRA2.20190701.A3cld.05x0625.nc4
2624.003,hit,false,0.000,0,404.311,307,GEOS_0.5x0.625/MERRA2/2019/07/MERRA2.20190701.A3cld.05x0625.nc4
2624.033,hit,false,0.000,0,404.341,307,GEOS_0.5x0.625/MERRA2/2019/07/MERRA2.20190701.A3cld.05x0625.nc4
2624.063,hit,false,0.000,0,404.361,308,GEOS_0.5x0.625/MERRA2/2019/07/MERRA2.20190701.A3cld.05x0625.nc4
2624.092,hit,false,0.000,0,404.391,308,GEOS_0.5x0.625/MERRA2/2019/07/MERRA2.20190701.A3cld.05x0625.nc4
2624.124,hit,false,0.000,0,404.423,308,GEOS_0.5x0.625/MERRA2/2019/07/MERRA2.20190701.A3cld.05x0625.nc4
2624.152,hit,false,0.000,0,404.451,308,GEOS_0.5x0.625/MERRA2/2019/07/MERRA2.20190701.A3cld.05x0625.nc4
2624.184,hit,false,0.000,0,404.482,308,GEOS_0.5x0.625/MERRA2/2019/07/MERRA2.20190701.A3cld.05x0625.nc4
2624.208,hit,false,0.000,0,404.507,308,GEOS_0.5x0.625/MERRA2/2019/07/MERRA2.20190701.A3cld.05x0625.nc4
2624.240,hit,false,0.000,0,404.538,308,GEOS_0.5x0.625/MERRA2/2019/07/MERRA2.20190701.A3cld.05x0625.nc4
2624.262,hit,false,0.000,0,404.560,308,GEOS_0.5x0.625/MERRA2/2019/07/MERRA2.20190701.A3cld.05x0625.nc4
2624.305,hit,false,0.000,0,404.601,309,GEOS_0.5x0.625/MERRA2/2019/07/MERRA2.20190701.A3cld.05x0625.nc4
2624.328,hit,false,0.000,0,404.625,309,GEOS_0.5x0.625/MERRA2/2019/07/MERRA2.20190701.A3cld.05x0625.nc4
2624.367,hit,false,0.000,0,404.664,309,GEOS_0.5x0.625/MERRA2/2019/07/MERRA2.20190701.A3cld.05x0625.nc4
2624.389,hit,false,0.000,0,404.685,309,GEOS_0.5x0.625/MERRA2/2019/07/MERRA2.20190701.A3cld.05x0625.nc4
2624.427,hit,false,0.000,0,404.723,309,GEOS_0.5x0.625/MERRA2/2019/07/MERRA2.20190701.A3cld.05x0625.nc4
2624.449,hit,false,0.000,0,404.745,309,GEOS_0.5x0.625/MERRA2/2019/07/MERRA2.20190701.A3cld.05x0625.nc4
2624.487,hit,false,0.000,0,404.784,309,GEOS_0.5x0.625/MERRA2/2019/07/MERRA2.20190701.A3cld.05x0625.nc4
2624.508,hit,false,0.000,0,404.804,309,GEOS_0.5x0.625/MERRA2/2019/07/MERRA2.20190701.A3cld.05x0625.nc4
2624.547,hit,false,0.000,0,404.841,310,GEOS_0.5x0.625/MERRA2/2019/07/MERRA2.20190701.A3cld.05x0625.nc4
2624.571,hit,false,0.000,0,404.866,310,GEOS_0.5x0.625/MERRA2/2019/07/MERRA2.20190701.A3cld.05x0625.nc4
2624.611,hit,false,0.000,0,404.905,310,GEOS_0.5x0.625/MERRA2/2019/07/MERRA2.20190701.A3cld.05x0625.nc4
2624.633,hit,false,0.000,0,404.927,310,GEOS_0.5x0.625/MERRA2/2019/07/MERRA2.20190701.A3cld.05x0625.nc4
2624.673,hit,false,0.000,0,404.968,310,GEOS_0.5x0.625/MERRA2/2019/07/MERRA2.20190701.A3cld.05x0625.nc4
2624.695,hit,false,0.000,0,404.990,310,GEOS_0.5x0.625/MERRA2/2019/07/MERRA2.20190701.A3cld.05x0625.nc4
2624.729,hit,false,0.000,0,405.024,310,GEOS_0.5x0.625/MERRA2/2019/07/MERRA2.20190701.A3cld.05x0625.nc4
2624.824,hit,false,0.000,0,405.118,310,GEOS_0.5x0.625/MERRA2/2019/07/MERRA2.20190701.A3cld.05x0625.nc4
2624.847,hit,false,0.000,0,405.140,311,GEOS_0.5x0.625/MERRA2/2019/07/MERRA2.20190701.A3cld.05x0625.nc4
2624.890,hit,false,0.000,0,405.183,311,GEOS_0.5x0.625/MERRA2/2019/07/MERRA2.20190701.A3cld.05x0625.nc4
2624.913,hit,false,0.000,0,405.205,311,GEOS_0.5x0.625/MERRA2/2019/07/MERRA2.20190701.A3cld.05x0625.nc4
2624.946,hit,false,0.000,0,405.238,311,GEOS_0.5x0.625/MERRA2/2019/07/MERRA2.20190701.A3cld.05x0625.nc4
2624.973,hit,false,0.000,0,405.265,311,GEOS_0.5x0.625/MERRA2/2019/07/MERRA2.20190701.A3cld.05x0625.nc4
2625.003,hit,false,0.000,0,405.296,311,GEOS_0.5x0.625/MERRA2/2019/07/MERRA2.20190701.A3cld.05x0625.nc4
2625.026,hit,false,0.000,0,405.318,311,GEOS_0.5x0.625/MERRA2/2019/07/MERRA2.20190701.A3cld.05x0625.nc4
2625.063,hit,false,0.000,0,405.355,311,GEOS_0.5x0.625/MERRA2/2019/07/MERRA2.20190701.A3cld.05x0625.nc4
2625.085,hit,false,0.000,0,405.306,312,GEOS_0.5x0.625/MERRA2/2019/07/MERRA2.20190701.A3cld.05x0625.nc4
2625.126,hit,false,0.000,0,405.347,312,GEOS_0.5x0.625/MERRA2/2019/07/MERRA2.20190701.A3cld.05x0625.nc4
2625.152,hit,false,0.000,0,405.373,312,GEOS_0.5x0.625/MERRA2/2019/07/MERRA2.20190701.A3cld.05x0625.nc4
2625.184,hit,false,0.000,0,405.405,312,GEOS_0.5x0.625/MERRA2/2019/07/MERRA2.20190701.A3cld.05x0625.nc4
2625.207,hit,false,0.000,0,405.428,312,GEOS_0.5x0.625/MERRA2/2019/07/MERRA2.20190701.A3cld.05x0625.nc4
2625.245,hit,false,0.000,0,405.465,312,GEOS_0.5x0.625/MERRA2/2019/07/MERRA2.20190701.A3cld.05x0625.nc4
2625.267,hit,false,0.000,0,405.487,312,GEOS_0.5x0.625/MERRA2/2019/07/MERRA2.20190701.A3cld.05x0625.nc4
2625.301,hit,false,0.000,0,405.522,312,GEOS_0.5x0.625/MERRA2/2019/07/MERRA2.20190701.A3cld.05x0625.nc4
2625.324,hit,false,0.000,0,405.542,313,GEOS_0.5x0.625/MERRA2/2019/07/MERRA2.20190701.A3cld.05x0625.nc4
2625.362,hit,false,0.000,0,405.581,313,GEOS_0.5x0.625/MERRA2/2019/07/MERRA2.20190701.A3cld.05x0625.nc4
2625.386,hit,false,0.000,0,405.605,313,GEOS_0.5x0.625/MERRA2/2019/07/MERRA2.20190701.A3cld.05x0625.nc4
2625.420,hit,false,0.000,0,405.639,313,GEOS_0.5x0.625/MERRA2/2019/07/MERRA2.20190701.A3cld.05x0625.nc4
2625.446,hit,false,0.000,0,405.665,313,GEOS_0.5x0.625/MERRA2/2019/07/MERRA2.20190701.A3cld.05x0625.nc4
2625.486,hit,false,0.000,0,405.704,313,GEOS_0.5x0.625/MERRA2/2019/07/MERRA2.20190701.A3cld.05x0625.nc4
2625.508,hit,false,0.000,0,405.726,313,GEOS_0.5x0.625/MERRA2/2019/07/MERRA2.20190701.A3cld.05x0625.nc4
2625.545,hit,false,0.000,0,405.764,313,GEOS_0.5x0.625/MERRA2/2019/07/MERRA2.20190701.A3cld.05x0625.nc4
2625.588,hit,false,0.000,0,405.805,314,GEOS_0.5x0.625/MERRA2/2019/07/MERRA2.20190701.A3cld.05x0625.nc4
2625.612,hit,false,0.000,0,405.829,314,GEOS_0.5x0.625/MERRA2/2019/07/MERRA2.20190701.A3cld.05x0625.nc4
2625.655,hit,false,0.000,0,405.872,314,GEOS_0.5x0.625/MERRA2/2019/07/MERRA2.20190701.A3cld.05x0625.nc4
2625.676,hit,false,0.000,0,405.893,314,GEOS_0.5x0.625/MERRA2/2019/07/MERRA2.20190701.A3cld.05x0625.nc4
2625.718,hit,false,0.000,0,405.935,314,GEOS_0.5x0.625/MERRA2/2019/07/MERRA2.20190701.A3cld.05x0625.nc4
2625.739,hit,false,0.000,0,405.956,314,GEOS_0.5x0.625/MERRA2/2019/07/MERRA2.20190701.A3cld.05x0625.nc4
2625.788,hit,false,0.000,0,406.004,314,GEOS_0.5x0.625/MERRA2/2019/07/MERRA2.20190701.A3cld.05x0625.nc4
2625.810,hit,false,0.000,0,406.026,314,GEOS_0.5x0.625/MERRA2/2019/07/MERRA2.20190701.A3cld.05x0625.nc4
2625.844,hit,false,0.000,0,406.059,315,GEOS_0.5x0.625/MERRA2/2019/07/MERRA2.20190701.A3cld.05x0625.nc4
2625.871,hit,false,0.000,0,406.087,315,GEOS_0.5x0.625/MERRA2/2019/07/MERRA2.20190701.A3cld.05x0625.nc4
2625.907,hit,false,0.000,0,406.122,315,GEOS_0.5x0.625/MERRA2/2019/07/MERRA2.20190701.A3cld.05x0625.nc4
2625.930,hit,false,0.000,0,406.145,315,GEOS_0.5x0.625/MERRA2/2019/07/MERRA2.20190701.A3cld.05x0625.nc4
2625.964,hit,false,0.000,0,406.179,315,GEOS_0.5x0.625/MERRA2/2019/07/MERRA2.20190701.A3cld.05x0625.nc4
2625.990,hit,false,0.000,0,406.205,315,GEOS_0.5x0.625/MERRA2/2019/07/MERRA2.20190701.A3cld.05x0625.nc4
2626.024,hit,false,0.000,0,406.239,315,GEOS_0.5x0.625/MERRA2/2019/07/MERRA2.20190701.A3cld.05x0625.nc4
2626.058,hit,false,0.000,0,406.273,315,GEOS_0.5x0.625/MERRA2/2019/07/MERRA2.20190701.A3cld.05x0625.nc4
2626.089,hit,false,0.000,0,406.302,316,GEOS_0.5x0.625/MERRA2/2019/07/MERRA2.20190701.A3cld.05x0625.nc4
2626.119,hit,false,0.000,0,406.332,316,GEOS_0.5x0.625/MERRA2/2019/07/MERRA2.20190701.A3cld.05x0625.nc4
2626.150,hit,false,0.000,0,406.364,316,GEOS_0.5x0.625/MERRA2/2019/07/MERRA2.20190701.A3cld.05x0625.nc4
2626.176,hit,false,0.000,0,406.389,316,GEOS_0.5x0.625/MERRA2/2019/07/MERRA2.20190701.A3cld.05x0625.nc4
2626.208,hit,false,0.000,0,406.421,316,GEOS_0.5x0.625/MERRA2/2019/07/MERRA2.20190701.A3cld.05x0625.nc4
2626.235,hit,false,0.000,0,406.448,316,GEOS_0.5x0.625/MERRA2/2019/07/MERRA2.20190701.A3cld.05x0625.nc4
2626.267,hit,false,0.000,0,406.480,316,GEOS_0.5x0.625/MERRA2/2019/07/MERRA2.20190701.A3cld.05x0625.nc4
2626.296,hit,false,0.000,0,406.509,316,GEOS_0.5x0.625/MERRA2/2019/07/MERRA2.20190701.A3cld.05x0625.nc4
2626.326,hit,false,0.000,0,406.538,317,GEOS_0.5x0.625/MERRA2/2019/07/MERRA2.20190701.A3cld.05x0625.nc4
2626.357,hit,false,0.000,0,406.569,317,GEOS_0.5x0.625/MERRA2/2019/07/MERRA2.20190701.A3cld.05x0625.nc4
2626.388,hit,false,0.000,0,406.600,317,GEOS_0.5x0.625/MERRA2/2019/07/MERRA2.20190701.A3cld.05x0625.nc4
2626.416,hit,false,0.000,0,406.628,317,GEOS_0.5x0.625/MERRA2/2019/07/MERRA2.20190701.A3cld.05x0625.nc4
2626.449,hit,false,0.000,0,406.661,317,GEOS_0.5x0.625/MERRA2/2019/07/MERRA2.20190701.A3cld.05x0625.nc4
2626.471,hit,false,0.000,0,406.683,317,GEOS_0.5x0.625/MERRA2/2019/07/MERRA2.20190701.A3cld.05x0625.nc4
2626.509,hit,false,0.000,0,406.721,317,GEOS_0.5x0.625/MERRA2/2019/07/MERRA2.20190701.A3cld.05x0625.nc4
2626.531,hit,false,0.000,0,406.743,317,GEOS_0.5x0.625/MERRA2/2019/07/MERRA2.20190701.A3cld.05x0625.nc4
2626.572,hit,false,0.000,0,406.782,318,GEOS_0.5x0.625/MERRA2/2019/07/MERRA2.20190701.A3cld.05x0625.nc4
2626.595,hit,false,0.000,0,406.806,318,GEOS_0.5x0.625/MERRA2/2019/07/MERRA2.20190701.A3cld.05x0625.nc4
2626.629,hit,false,0.000,0,406.840,318,GEOS_0.5x0.625/MERRA2/2019/07/MERRA2.20190701.A3cld.05x0625.nc4
2626.654,hit,false,0.000,0,406.865,318,GEOS_0.5x0.625/MERRA2/2019/07/MERRA2.20190701.A3cld.05x0625.nc4
2626.685,hit,false,0.000,0,406.896,318,GEOS_0.5x0.625/MERRA2/2019/07/MERRA2.20190701.A3cld.05x0625.nc4
2626.709,hit,false,0.000,0,406.920,318,GEOS_0.5x0.625/MERRA2/2019/07/MERRA2.20190701.A3cld.05x0625.nc4
2626.819,hit,false,0.000,0,407.029,318,GEOS_0.5x0.625/MERRA2/2019/07/MERRA2.20190701.A3cld.05x0625.nc4
2626.841,hit,false,0.000,0,407.051,318,GEOS_0.5x0.625/MERRA2/2019/07/MERRA2.20190701.A3cld.05x0625.nc4
2626.875,hit,false,0.000,0,407.085,319,GEOS_0.5x0.625/MERRA2/2019/07/MERRA2.20190701.A3cld.05x0625.nc4
2626.904,hit,false,0.000,0,407.114,319,GEOS_0.5x0.625/MERRA2/2019/07/MERRA2.20190701.A3cld.05x0625.nc4
2626.937,hit,false,0.000,0,407.146,319,GEOS_0.5x0.625/MERRA2/2019/07/MERRA2.20190701.A3cld.05x0625.nc4
2626.960,hit,false,0.000,0,407.170,319,GEOS_0.5x0.625/MERRA2/2019/07/MERRA2.20190701.A3cld.05x0625.nc4
2626.998,hit,false,0.000,0,407.207,319,GEOS_0.5x0.625/MERRA2/2019/07/MERRA2.20190701.A3cld.05x0625.nc4
2627.021,hit,false,0.000,0,407.231,319,GEOS_0.5x0.625/MERRA2/2019/07/MERRA2.20190701.A3cld.05x0625.nc4
2627.051,hit,false,0.000,0,407.260,319,GEOS_0.5x0.625/MERRA2/2019/07/MERRA2.20190701.A3cld.05x0625.nc4
2627.079,hit,false,0.000,0,407.289,319,GEOS_0.5x0.625/MERRA2/2019/07/MERRA2.20190701.A3cld.05x0625.nc4
2627.103,hit,false,0.000,0,407.345,320,GEOS_0.5x0.625/MERRA2/2019/07/MERRA2.20190701.A3cld.05x0625.nc4
2627.139,hit,false,0.000,0,407.381,320,GEOS_0.5x0.625/MERRA2/2019/07/MERRA2.20190701.A3cld.05x0625.nc4
2627.172,hit,false,0.000,0,407.415,320,GEOS_0.5x0.625/MERRA2/2019/07/MERRA2.20190701.A3cld.05x0625.nc4
2627.195,hit,false,0.000,0,407.437,320,GEOS_0.5x0.625/MERRA2/2019/07/MERRA2.20190701.A3cld.05x0625.nc4
2627.234,hit,false,0.000,0,407.476,320,GEOS_0.5x0.625/MERRA2/2019/07/MERRA2.20190701.A3cld.05x0625.nc4
2627.256,hit,false,0.000,0,407.498,320,GEOS_0.5x0.625/MERRA2/2019/07/MERRA2.20190701.A3cld.05x0625.nc4
2627.295,hit,false,0.000,0,407.537,320,GEOS_0.5x0.625/MERRA2/2019/07/MERRA2.20190701.A3cld.05x0625.nc4
2627.316,hit,false,0.000,0,407.558,320,GEOS_0.5x0.625/MERRA2/2019/07/MERRA2.20190701.A3cld.05x0625.nc4
2627.354,hit,false,0.000,0,407.594,321,GEOS_0.5x0.625/MERRA2/2019/07/MERRA2.20190701.A3cld.05x0625.nc4
2627.379,hit,false,0.000,0,407.619,321,GEOS_0.5x0.625/MERRA2/2019/07/MERRA2.20190701.A3cld.05x0625.nc4
2627.415,hit,false,0.000,0,407.656,321,GEOS_0.5x0.625/MERRA2/2019/07/MERRA2.20190701.A3cld.05x0625.nc4
2627.437,hit,false,0.000,0,407.678,321,GEOS_0.5x0.625/MERRA2/2019/07/MERRA2.20190701.A3cld.05x0625.nc4
2627.475,hit,false,0.000,0,407.715,321,GEOS_0.5x0.625/MERRA2/2019/07/MERRA2.20190701.A3cld.05x0625.nc4
2627.496,hit,false,0.000,0,407.737,321,GEOS_0.5x0.625/MERRA2/2019/07/MERRA2.20190701.A3cld.05x0625.nc4
2627.541,hit,false,0.000,0,407.782,321,GEOS_0.5x0.625/MERRA2/2019/07/MERRA2.20190701.A3cld.05x0625.nc4
2627.562,hit,false,0.000,0,407.803,321,GEOS_0.5x0.625/MERRA2/2019/07/MERRA2.20190701.A3cld.05x0625.nc4
2627.606,hit,false,0.000,0,407.845,322,GEOS_0.5x0.625/MERRA2/2019/07/MERRA2.20190701.A3cld.05x0625.nc4
2627.629,hit,false,0.000,0,407.868,322,GEOS_0.5x0.625/MERRA2/2019/07/MERRA2.20190701.A3cld.05x0625.nc4
2627.671,hit,false,0.000,0,407.911,322,GEOS_0.5x0.625/MERRA2/2019/07/MERRA2.20190701.A3cld.05x0625.nc4
2627.692,hit,false,0.000,0,407.931,322,GEOS_0.5x0.625/MERRA2/2019/07/MERRA2.20190701.A3cld.05x0625.nc4
2627.735,hit,false,0.000,0,407.974,322,GEOS_0.5x0.625/MERRA2/2019/07/MERRA2.20190701.A3cld.05x0625.nc4
2627.756,hit,false,0.000,0,407.995,322,GEOS_0.5x0.625/MERRA2/2019/07/MERRA2.20190701.A3cld.05x0625.nc4
2627.795,hit,false,0.000,0,408.035,322,GEOS_0.5x0.625/MERRA2/2019/07/MERRA2.20190701.A3cld.05x0625.nc4
2627.817,hit,false,0.000,0,408.056,322,GEOS_0.5x0.625/MERRA2/2019/07/MERRA2.20190701.A3cld.05x0625.nc4
2627.858,hit,false,0.000,0,408.095,323,GEOS_0.5x0.625/MERRA2/2019/07/MERRA2.20190701.A3cld.05x0625.nc4
2627.892,hit,false,0.000,0,408.129,323,GEOS_0.5x0.625/MERRA2/2019/07/MERRA2.20190701.A3cld.05x0625.nc4
2627.926,hit,false,0.000,0,408.163,323,GEOS_0.5x0.625/MERRA2/2019/07/MERRA2.20190701.A3cld.05x0625.nc4
2627.949,hit,false,0.000,0,408.186,323,GEOS_0.5x0.625/MERRA2/2019/07/MERRA2.20190701.A3cld.05x0625.nc4
2627.988,hit,false,0.000,0,408.225,323,GEOS_0.5x0.625/MERRA2/2019/07/MERRA2.20190701.A3cld.05x0625.nc4
2628.010,hit,false,0.000,0,408.248,323,GEOS_0.5x0.625/MERRA2/2019/07/MERRA2.20190701.A3cld.05x0625.nc4
2628.050,hit,false,0.000,0,408.287,323,GEOS_0.5x0.625/MERRA2/2019/07/MERRA2.20190701.A3cld.05x0625.nc4
2628.071,hit,false,0.000,0,408.309,323,GEOS_0.5x0.625/MERRA2/2019/07/MERRA2.20190701.A3cld.05x0625.nc4
2628.109,hit,false,0.000,0,408.344,324,GEOS_0.5x0.625/MERRA2/2019/07/MERRA2.20190701.A3cld.05x0625.nc4
2628.134,hit,false,0.000,0,408.369,324,GEOS_0.5x0.625/MERRA2/2019/07/MERRA2.20190701.A3cld.05x0625.nc4
2628.165,hit,false,0.000,0,408.401,324,GEOS_0.5x0.625/MERRA2/2019/07/MERRA2.20190701.A3cld.05x0625.nc4
2628.191,hit,false,0.000,0,408.426,324,GEOS_0.5x0.625/MERRA2/2019/07/MERRA2.20190701.A3cld.05x0625.nc4
2628.223,hit,false,0.000,0,408.458,324,GEOS_0.5x0.625/MERRA2/2019/07/MERRA2.20190701.A3cld.05x0625.nc4
2628.248,hit,false,0.000,0,408.484,324,GEOS_0.5x0.625/MERRA2/2019/07/MERRA2.20190701.A3cld.05x0625.nc4
2628.283,hit,false,0.000,0,408.519,324,GEOS_0.5x0.625/MERRA2/2019/07/MERRA2.20190701.A3cld.05x0625.nc4
2628.305,hit,false,0.000,0,408.540,324,GEOS_0.5x0.625/MERRA2/2019/07/MERRA2.20190701.A3cld.05x0625.nc4
2628.344,hit,false,0.000,0,408.578,325,GEOS_0.5x0.625/MERRA2/2019/07/MERRA2.20190701.A3cld.05x0625.nc4
2628.368,hit,false,0.000,0,408.602,325,GEOS_0.5x0.625/MERRA2/2019/07/MERRA2.20190701.A3cld.05x0625.nc4
2628.408,hit,false,0.000,0,408.642,325,GEOS_0.5x0.625/MERRA2/2019/07/MERRA2.20190701.A3cld.05x0625.nc4
2628.429,hit,false,0.000,0,408.663,325,GEOS_0.5x0.625/MERRA2/2019/07/MERRA2.20190701.A3cld.05x0625.nc4
2628.462,hit,false,0.000,0,408.696,325,GEOS_0.5x0.625/MERRA2/2019/07/MERRA2.20190701.A3cld.05x0625.nc4
2628.488,hit,false,0.000,0,408.722,325,GEOS_0.5x0.625/MERRA2/2019/07/MERRA2.20190701.A3cld.05x0625.nc4
2628.521,hit,false,0.000,0,408.755,325,GEOS_0.5x0.625/MERRA2/2019/07/MERRA2.20190701.A3cld.05x0625.nc4
2628.543,hit,false,0.000,0,408.777,325,GEOS_0.5x0.625/MERRA2/2019/07/MERRA2.20190701.A3cld.05x0625.nc4
2628.582,hit,false,0.000,0,408.814,326,GEOS_0.5x0.625/MERRA2/2019/07/MERRA2.20190701.A3cld.05x0625.nc4
2628.607,hit,false,0.000,0,408.839,326,GEOS_0.5x0.625/MERRA2/2019/07/MERRA2.20190701.A3cld.05x0625.nc4
2628.642,hit,false,0.000,0,408.875,326,GEOS_0.5x0.625/MERRA2/2019/07/MERRA2.20190701.A3cld.05x0625.nc4
2628.666,hit,false,0.000,0,408.899,326,GEOS_0.5x0.625/MERRA2/2019/07/MERRA2.20190701.A3cld.05x0625.nc4
2628.701,hit,false,0.000,0,408.933,326,GEOS_0.5x0.625/MERRA2/2019/07/MERRA2.20190701.A3cld.05x0625.nc4
2628.799,hit,false,0.000,0,409.032,326,GEOS_0.5x0.625/MERRA2/2019/07/MERRA2.20190701.A3cld.05x0625.nc4
2628.824,hit,false,0.000,0,409.057,326,GEOS_0.5x0.625/MERRA2/2019/07/MERRA2.20190701.A3cld.05x0625.nc4
2628.857,hit,false,0.000,0,409.090,326,GEOS_0.5x0.625/MERRA2/2019/07/MERRA2.20190701.A3cld.05x0625.nc4
2628.883,hit,false,0.000,0,409.113,327,GEOS_0.5x0.625/MERRA2/2019/07/MERRA2.20190701.A3cld.05x0625.nc4
2628.917,hit,false,0.000,0,409.148,327,GEOS_0.5x0.625/MERRA2/2019/07/MERRA2.20190701.A3cld.05x0625.nc4
2628.943,hit,false,0.000,0,409.173,327,GEOS_0.5x0.625/MERRA2/2019/07/MERRA2.20190701.A3cld.05x0625.nc4
2628.975,hit,false,0.000,0,409.206,327,GEOS_0.5x0.625/MERRA2/2019/07/MERRA2.20190701.A3cld.05x0625.nc4
2629.000,hit,false,0.000,0,409.231,327,GEOS_0.5x0.625/MERRA2/2019/07/MERRA2.20190701.A3cld.05x0625.nc4
2629.037,hit,false,0.000,0,409.267,327,GEOS_0.5x0.625/MERRA2/2019/07/MERRA2.20190701.A3cld.05x0625.nc4
2629.059,hit,false,0.000,0,409.290,327,GEOS_0.5x0.625/MERRA2/2019/07/MERRA2.20190701.A3cld.05x0625.nc4
2629.095,hit,false,0.000,0,409.326,327,GEOS_0.5x0.625/MERRA2/2019/07/MERRA2.20190701.A3cld.05x0625.nc4
2629.117,hit,false,0.000,0,409.413,328,GEOS_0.5x0.625/MERRA2/2019/07/MERRA2.20190701.A3cld.05x0625.nc4
2629.155,hit,false,0.000,0,409.450,328,GEOS_0.5x0.625/MERRA2/2019/07/MERRA2.20190701.A3cld.05x0625.nc4
2629.192,hit,false,0.000,0,409.487,328,GEOS_0.5x0.625/MERRA2/2019/07/MERRA2.20190701.A3cld.05x0625.nc4
2629.214,hit,false,0.000,0,409.510,328,GEOS_0.5x0.625/MERRA2/2019/07/MERRA2.20190701.A3cld.05x0625.nc4
2629.254,hit,false,0.000,0,409.550,328,GEOS_0.5x0.625/MERRA2/2019/07/MERRA2.20190701.A3cld.05x0625.nc4
2629.276,hit,false,0.000,0,409.572,328,GEOS_0.5x0.625/MERRA2/2019/07/MERRA2.20190701.A3cld.05x0625.nc4
2629.315,hit,false,0.000,0,409.611,328,GEOS_0.5x0.625/MERRA2/2019/07/MERRA2.20190701.A3cld.05x0625.nc4
2629.337,hit,false,0.000,0,409.632,328,GEOS_0.5x0.625/MERRA2/2019/07/MERRA2.20190701.A3cld.05x0625.nc4
2629.371,hit,false,0.000,0,409.659,329,GEOS_0.5x0.625/MERRA2/2019/07/MERRA2.20190701.A3cld.05x0625.nc4
2629.398,hit,false,0.000,0,409.686,329,GEOS_0.5x0.625/MERRA2/2019/07/MERRA2.20190701.A3cld.05x0625.nc4
2629.429,hit,false,0.000,0,409.717,329,GEOS_0.5x0.625/MERRA2/2019/07/MERRA2.20190701.A3cld.05x0625.nc4
2629.453,hit,false,0.000,0,409.741,329,GEOS_0.5x0.625/MERRA2/2019/07/MERRA2.20190701.A3cld.05x0625.nc4
2629.486,hit,false,0.000,0,409.775,329,GEOS_0.5x0.625/MERRA2/2019/07/MERRA2.20190701.A3cld.05x0625.nc4
2629.515,hit,false,0.000,0,409.803,329,GEOS_0.5x0.625/MERRA2/2019/07/MERRA2.20190701.A3cld.05x0625.nc4
2629.544,hit,false,0.000,0,409.833,329,GEOS_0.5x0.625/MERRA2/2019/07/MERRA2.20190701.A3cld.05x0625.nc4
2629.567,hit,false,0.000,0,409.855,329,GEOS_0.5x0.625/MERRA2/2019/07/MERRA2.20190701.A3cld.05x0625.nc4
2629.599,hit,false,0.000,0,409.885,330,GEOS_0.5x0.625/MERRA2/2019/07/MERRA2.20190701.A3cld.05x0625.nc4
2629.628,hit,false,0.000,0,409.914,330,GEOS_0.5x0.625/MERRA2/2019/07/MERRA2.20190701.A3cld.05x0625.nc4
2629.660,hit,false,0.000,0,409.945,330,GEOS_0.5x0.625/MERRA2/2019/07/MERRA2.20190701.A3cld.05x0625.nc4
2629.683,hit,false,0.000,0,409.968,330,GEOS_0.5x0.625/MERRA2/2019/07/MERRA2.20190701.A3cld.05x0625.nc4
2629.714,hit,false,0.000,0,410.000,330,GEOS_0.5x0.625/MERRA2/2019/07/MERRA2.20190701.A3cld.05x0625.nc4
2629.740,hit,false,0.000,0,410.026,330,GEOS_0.5x0.625/MERRA2/2019/07/MERRA2.20190701.A3cld.05x0625.nc4
2629.770,hit,false,0.000,0,410.056,330,GEOS_0.5x0.625/MERRA2/2019/07/MERRA2.20190701.A3cld.05x0625.nc4
2629.793,hit,false,0.000,0,410.079,330,GEOS_0.5x0.625/MERRA2/2019/07/MERRA2.20190701.A3cld.05x0625.nc4
2629.824,hit,false,0.000,0,410.109,331,GEOS_0.5x0.625/MERRA2/2019/07/MERRA2.20190701.A3cld.05x0625.nc4
2629.854,hit,false,0.000,0,410.138,331,GEOS_0.5x0.625/MERRA2/2019/07/MERRA2.20190701.A3cld.05x0625.nc4
2629.882,hit,false,0.000,0,410.166,331,GEOS_0.5x0.625/MERRA2/2019/07/MERRA2.20190701.A3cld.05x0625.nc4
2629.918,hit,false,0.000,0,410.202,331,GEOS_0.5x0.625/MERRA2/2019/07/MERRA2.20190701.A3cld.05x0625.nc4
2629.945,hit,false,0.000,0,410.229,331,GEOS_0.5x0.625/MERRA2/2019/07/MERRA2.20190701.A3cld.05x0625.nc4
2629.976,hit,false,0.000,0,410.260,331,GEOS_0.5x0.625/MERRA2/2019/07/MERRA2.20190701.A3cld.05x0625.nc4
2629.998,hit,false,0.000,0,410.283,331,GEOS_0.5x0.625/MERRA2/2019/07/MERRA2.20190701.A3cld.05x0625.nc4
2630.035,hit,false,0.000,0,410.319,331,GEOS_0.5x0.625/MERRA2/2019/07/MERRA2.20190701.A3cld.05x0625.nc4
2630.057,hit,false,0.000,0,410.340,332,GEOS_0.5x0.625/MERRA2/2019/07/MERRA2.20190701.A3cld.05x0625.nc4
2630.098,hit,false,0.000,0,410.381,332,GEOS_0.5x0.625/MERRA2/2019/07/MERRA2.20190701.A3cld.05x0625.nc4
2630.121,hit,false,0.000,0,410.404,332,GEOS_0.5x0.625/MERRA2/2019/07/MERRA2.20190701.A3cld.05x0625.nc4
2630.156,hit,false,0.000,0,410.439,332,GEOS_0.5x0.625/MERRA2/2019/07/MERRA2.20190701.A3cld.05x0625.nc4
2630.180,hit,false,0.000,0,410.462,332,GEOS_0.5x0.625/MERRA2/2019/07/MERRA2.20190701.A3cld.05x0625.nc4
2630.211,hit,false,0.000,0,410.494,332,GEOS_0.5x0.625/MERRA2/2019/07/MERRA2.20190701.A3cld.05x0625.nc4
2630.236,hit,false,0.000,0,410.519,332,GEOS_0.5x0.625/MERRA2/2019/07/MERRA2.20190701.A3cld.05x0625.nc4
2630.268,hit,false,0.000,0,410.551,332,GEOS_0.5x0.625/MERRA2/2019/07/MERRA2.20190701.A3cld.05x0625.nc4
2630.295,hit,false,0.000,0,410.575,333,GEOS_0.5x0.625/MERRA2/2019/07/MERRA2.20190701.A3cld.05x0625.nc4
2630.329,hit,false,0.000,0,410.610,333,GEOS_0.5x0.625/MERRA2/2019/07/MERRA2.20190701.A3cld.05x0625.nc4
2630.353,hit,false,0.000,0,410.633,333,GEOS_0.5x0.625/MERRA2/2019/07/MERRA2.20190701.A3cld.05x0625.nc4
2630.390,hit,false,0.000,0,410.670,333,GEOS_0.5x0.625/MERRA2/2019/07/MERRA2.20190701.A3cld.05x0625.nc4
2630.412,hit,false,0.000,0,410.692,333,GEOS_0.5x0.625/MERRA2/2019/07/MERRA2.20190701.A3cld.05x0625.nc4
2630.449,hit,false,0.000,0,410.730,333,GEOS_0.5x0.625/MERRA2/2019/07/MERRA2.20190701.A3cld.05x0625.nc4
2630.471,hit,false,0.000,0,410.751,333,GEOS_0.5x0.625/MERRA2/2019/07/MERRA2.20190701.A3cld.05x0625.nc4
2630.512,hit,false,0.000,0,410.793,333,GEOS_0.5x0.625/MERRA2/2019/07/MERRA2.20190701.A3cld.05x0625.nc4
2630.534,hit,false,0.000,0,410.811,334,GEOS_0.5x0.625/MERRA2/2019/07/MERRA2.20190701.A3cld.05x0625.nc4
2630.572,hit,false,0.000,0,410.849,334,GEOS_0.5x0.625/MERRA2/2019/07/MERRA2.20190701.A3cld.05x0625.nc4
2630.595,hit,false,0.000,0,410.872,334,GEOS_0.5x0.625/MERRA2/2019/07/MERRA2.20190701.A3cld.05x0625.nc4
2630.633,hit,false,0.000,0,410.911,334,GEOS_0.5x0.625/MERRA2/2019/07/MERRA2.20190701.A3cld.05x0625.nc4
2630.727,hit,false,0.000,0,411.004,334,GEOS_0.5x0.625/MERRA2/2019/07/MERRA2.20190701.A3cld.05x0625.nc4
2630.751,hit,false,0.000,0,411.028,334,GEOS_0.5x0.625/MERRA2/2019/07/MERRA2.20190701.A3cld.05x0625.nc4
2630.788,hit,false,0.000,0,411.066,334,GEOS_0.5x0.625/MERRA2/2019/07/MERRA2.20190701.A3cld.05x0625.nc4
2630.811,hit,false,0.000,0,411.088,334,GEOS_0.5x0.625/MERRA2/2019/07/MERRA2.20190701.A3cld.05x0625.nc4
2630.844,hit,false,0.000,0,411.119,335,GEOS_0.5x0.625/MERRA2/2019/07/MERRA2.20190701.A3cld.05x0625.nc4
2630.873,hit,false,0.000,0,411.148,335,GEOS_0.5x0.625/MERRA2/2019/07/MERRA2.20190701.A3cld.05x0625.nc4
2630.902,hit,false,0.000,0,411.177,335,GEOS_0.5x0.625/MERRA2/2019/07/MERRA2.20190701.A3cld.05x0625.nc4
2630.927,hit,false,0.000,0,411.202,335,GEOS_0.5x0.625/MERRA2/2019/07/MERRA2.20190701.A3cld.05x0625.nc4
2630.958,hit,false,0.000,0,411.233,335,GEOS_0.5x0.625/MERRA2/2019/07/MERRA2.20190701.A3cld.05x0625.nc4
2630.984,hit,false,0.000,0,411.259,335,GEOS_0.5x0.625/MERRA2/2019/07/MERRA2.20190701.A3cld.05x0625.nc4
2631.006,hit,false,0.000,0,411.281,335,GEOS_0.5x0.625/MERRA2/2019/07/MERRA2.20190701.A3cld.05x0625.nc4
2631.042,hit,false,0.000,0,411.317,335,GEOS_0.5x0.625/MERRA2/2019/07/MERRA2.20190701.A3cld.05x0625.nc4
2631.065,hit,false,0.000,0,411.212,336,GEOS_0.5x0.625/MERRA2/2019/07/MERRA2.20190701.A3cld.05x0625.nc4
2631.101,hit,false,0.000,0,411.248,336,GEOS_0.5x0.625/MERRA2/2019/07/MERRA2.20190701.A3cld.05x0625.nc4
2631.134,hit,false,0.000,0,411.280,336,GEOS_0.5x0.625/MERRA2/2019/07/MERRA2.20190701.A3cld.05x0625.nc4
2631.168,hit,false,0.000,0,411.314,336,GEOS_0.5x0.625/MERRA2/2019/07/MERRA2.20190701.A3cld.05x0625.nc4
2631.192,hit,false,0.000,0,411.339,336,GEOS_0.5x0.625/MERRA2/2019/07/MERRA2.20190701.A3cld.05x0625.nc4
2631.223,hit,false,0.000,0,411.369,336,GEOS_0.5x0.625/MERRA2/2019/07/MERRA2.20190701.A3cld.05x0625.nc4
2631.247,hit,false,0.000,0,411.393,336,GEOS_0.5x0.625/MERRA2/2019/07/MERRA2.20190701.A3cld.05x0625.nc4
2631.277,hit,false,0.000,0,411.424,336,GEOS_0.5x0.625/MERRA2/2019/07/MERRA2.20190701.A3cld.05x0625.nc4
2631.302,hit,false,0.000,0,411.445,337,GEOS_0.5x0.625/MERRA2/2019/07/MERRA2.20190701.A3cld.05x0625.nc4
2631.335,hit,false,0.000,0,411.478,337,GEOS_0.5x0.625/MERRA2/2019/07/MERRA2.20190701.A3cld.05x0625.nc4
2631.361,hit,false,0.000,0,411.504,337,GEOS_0.5x0.625/MERRA2/2019/07/MERRA2.20190701.A3cld.05x0625.nc4
2631.392,hit,false,0.000,0,411.535,337,GEOS_0.5x0.625/MERRA2/2019/07/MERRA2.20190701.A3cld.05x0625.nc4
2631.414,hit,false,0.000,0,411.557,337,GEOS_0.5x0.625/MERRA2/2019/07/MERRA2.20190701.A3cld.05x0625.nc4
2631.446,hit,false,0.000,0,411.590,337,GEOS_0.5x0.625/MERRA2/2019/07/MERRA2.20190701.A3cld.05x0625.nc4
2631.472,hit,false,0.000,0,411.616,337,GEOS_0.5x0.625/MERRA2/2019/07/MERRA2.20190701.A3cld.05x0625.nc4
2631.503,hit,false,0.000,0,411.646,337,GEOS_0.5x0.625/MERRA2/2019/07/MERRA2.20190701.A3cld.05x0625.nc4
2631.532,hit,false,0.000,0,411.672,338,GEOS_0.5x0.625/MERRA2/2019/07/MERRA2.20190701.A3cld.05x0625.nc4
2631.563,hit,false,0.000,0,411.703,338,GEOS_0.5x0.625/MERRA2/2019/07/MERRA2.20190701.A3cld.05x0625.nc4
2631.593,hit,false,0.000,0,411.733,338,GEOS_0.5x0.625/MERRA2/2019/07/MERRA2.20190701.A3cld.05x0625.nc4
2631.620,hit,false,0.000,0,411.760,338,GEOS_0.5x0.625/MERRA2/2019/07/MERRA2.20190701.A3cld.05x0625.nc4
2631.652,hit,false,0.000,0,411.791,338,GEOS_0.5x0.625/MERRA2/2019/07/MERRA2.20190701.A3cld.05x0625.nc4
2631.677,hit,false,0.000,0,411.817,338,GEOS_0.5x0.625/MERRA2/2019/07/MERRA2.20190701.A3cld.05x0625.nc4
2631.708,hit,false,0.000,0,411.848,338,GEOS_0.5x0.625/MERRA2/2019/07/MERRA2.20190701.A3cld.05x0625.nc4
2631.733,hit,false,0.000,0,411.873,338,GEOS_0.5x0.625/MERRA2/2019/07/MERRA2.20190701.A3cld.05x0625.nc4
2631.767,hit,false,0.000,0,411.904,339,GEOS_0.5x0.625/MERRA2/2019/07/MERRA2.20190701.A3cld.05x0625.nc4
2631.794,hit,false,0.000,0,411.931,339,GEOS_0.5x0.625/MERRA2/2019/07/MERRA2.20190701.A3cld.05x0625.nc4
2631.833,hit,false,0.000,0,411.971,339,GEOS_0.5x0.625/MERRA2/2019/07/MERRA2.20190701.A3cld.05x0625.nc4
2631.856,hit,false,0.000,0,411.993,339,GEOS_0.5x0.625/MERRA2/2019/07/MERRA2.20190701.A3cld.05x0625.nc4
2631.894,hit,false,0.000,0,412.032,339,GEOS_0.5x0.625/MERRA2/2019/07/MERRA2.20190701.A3cld.05x0625.nc4
2631.920,hit,false,0.000,0,412.058,339,GEOS_0.5x0.625/MERRA2/2019/07/MERRA2.20190701.A3cld.05x0625.nc4
2631.952,hit,false,0.000,0,412.090,339,GEOS_0.5x0.625/MERRA2/2019/07/MERRA2.20190701.A3cld.05x0625.nc4
2631.980,hit,false,0.000,0,412.118,339,GEOS_0.5x0.625/MERRA2/2019/07/MERRA2.20190701.A3cld.05x0625.nc4
2632.014,hit,false,0.000,0,412.149,340,GEOS_0.5x0.625/MERRA2/2019/07/MERRA2.20190701.A3cld.05x0625.nc4
2632.039,hit,false,0.000,0,412.175,340,GEOS_0.5x0.625/MERRA2/2019/07/MERRA2.20190701.A3cld.05x0625.nc4
2632.075,hit,false,0.000,0,412.211,340,GEOS_0.5x0.625/MERRA2/2019/07/MERRA2.20190701.A3cld.05x0625.nc4
2632.103,hit,false,0.000,0,412.239,340,GEOS_0.5x0.625/MERRA2/2019/07/MERRA2.20190701.A3cld.05x0625.nc4
2632.136,hit,false,0.000,0,412.272,340,GEOS_0.5x0.625/MERRA2/2019/07/MERRA2.20190701.A3cld.05x0625.nc4
2632.163,hit,false,0.000,0,412.299,340,GEOS_0.5x0.625/MERRA2/2019/07/MERRA2.20190701.A3cld.05x0625.nc4
2632.195,hit,false,0.000,0,412.331,340,GEOS_0.5x0.625/MERRA2/2019/07/MERRA2.20190701.A3cld.05x0625.nc4
2632.223,hit,false,0.000,0,412.359,340,GEOS_0.5x0.625/MERRA2/2019/07/MERRA2.20190701.A3cld.05x0625.nc4
2632.263,hit,false,0.000,0,412.396,341,GEOS_0.5x0.625/MERRA2/2019/07/MERRA2.20190701.A3cld.05x0625.nc4
2632.287,hit,false,0.000,0,412.420,341,GEOS_0.5x0.625/MERRA2/2019/07/MERRA2.20190701.A3cld.05x0625.nc4
2632.327,hit,false,0.000,0,412.460,341,GEOS_0.5x0.625/MERRA2/2019/07/MERRA2.20190701.A3cld.05x0625.nc4
2632.350,hit,false,0.000,0,412.482,341,GEOS_0.5x0.625/MERRA2/2019/07/MERRA2.20190701.A3cld.05x0625.nc4
2632.387,hit,false,0.000,0,412.520,341,GEOS_0.5x0.625/MERRA2/2019/07/MERRA2.20190701.A3cld.05x0625.nc4
2632.410,hit,false,0.000,0,412.542,341,GEOS_0.5x0.625/MERRA2/2019/07/MERRA2.20190701.A3cld.05x0625.nc4
2632.448,hit,false,0.000,0,412.581,341,GEOS_0.5x0.625/MERRA2/2019/07/MERRA2.20190701.A3cld.05x0625.nc4
2632.471,hit,false,0.000,0,412.603,341,GEOS_0.5x0.625/MERRA2/2019/07/MERRA2.20190701.A3cld.05x0625.nc4
2632.505,hit,false,0.000,0,412.635,342,GEOS_0.5x0.625/MERRA2/2019/07/MERRA2.20190701.A3cld.05x0625.nc4
2632.533,hit,false,0.000,0,412.663,342,GEOS_0.5x0.625/MERRA2/2019/07/MERRA2.20190701.A3cld.05x0625.nc4
2632.563,hit,false,0.000,0,412.693,342,GEOS_0.5x0.625/MERRA2/2019/07/MERRA2.20190701.A3cld.05x0625.nc4
2632.661,hit,false,0.000,0,412.791,342,GEOS_0.5x0.625/MERRA2/2019/07/MERRA2.20190701.A3cld.05x0625.nc4
2632.684,hit,false,0.000,0,412.815,342,GEOS_0.5x0.625/MERRA2/2019/07/MERRA2.20190701.A3cld.05x0625.nc4
2632.727,hit,false,0.000,0,412.857,342,GEOS_0.5x0.625/MERRA2/2019/07/MERRA2.20190701.A3cld.05x0625.nc4
2632.748,hit,false,0.000,0,412.878,342,GEOS_0.5x0.625/MERRA2/2019/07/MERRA2.20190701.A3cld.05x0625.nc4
2632.783,hit,false,0.000,0,412.913,342,GEOS_0.5x0.625/MERRA2/2019/07/MERRA2.20190701.A3cld.05x0625.nc4
2632.809,hit,false,0.000,0,412.937,343,GEOS_0.5x0.625/MERRA2/2019/07/MERRA2.20190701.A3cld.05x0625.nc4
2632.850,hit,false,0.000,0,412.978,343,GEOS_0.5x0.625/MERRA2/2019/07/MERRA2.20190701.A3cld.05x0625.nc4
2632.873,hit,false,0.000,0,413.001,343,GEOS_0.5x0.625/MERRA2/2019/07/MERRA2.20190701.A3cld.05x0625.nc4
2632.905,hit,false,0.000,0,413.033,343,GEOS_0.5x0.625/MERRA2/2019/07/MERRA2.20190701.A3cld.05x0625.nc4
2632.930,hit,false,0.000,0,413.058,343,GEOS_0.5x0.625/MERRA2/2019/07/MERRA2.20190701.A3cld.05x0625.nc4
2632.961,hit,false,0.000,0,413.089,343,GEOS_0.5x0.625/MERRA2/2019/07/MERRA2.20190701.A3cld.05x0625.nc4
2632.989,hit,false,0.000,0,413.118,343,GEOS_0.5x0.625/MERRA2/2019/07/MERRA2.20190701.A3cld.05x0625.nc4
2633.018,hit,false,0.000,0,413.147,343,GEOS_0.5x0.625/MERRA2/2019/07/MERRA2.20190701.A3cld.05x0625.nc4
2633.049,hit,false,0.000,0,413.135,344,GEOS_0.5x0.625/MERRA2/2019/07/MERRA2.20190701.A3cld.05x0625.nc4
2633.081,hit,false,0.000,0,413.167,344,GEOS_0.5x0.625/MERRA2/2019/07/MERRA2.20190701.A3cld.05x0625.nc4
2633.113,hit,false,0.000,0,413.199,344,GEOS_0.5x0.625/MERRA2/2019/07/MERRA2.20190701.A3cld.05x0625.nc4
2633.139,hit,false,0.000,0,413.225,344,GEOS_0.5x0.625/MERRA2/2019/07/MERRA2.20190701.A3cld.05x0625.nc4
2633.170,hit,false,0.000,0,413.257,344,GEOS_0.5x0.625/MERRA2/2019/07/MERRA2.20190701.A3cld.05x0625.nc4
2633.200,hit,false,0.000,0,413.286,344,GEOS_0.5x0.625/MERRA2/2019/07/MERRA2.20190701.A3cld.05x0625.nc4
2633.223,hit,false,0.000,0,413.309,344,GEOS_0.5x0.625/MERRA2/2019/07/MERRA2.20190701.A3cld.05x0625.nc4
2633.254,hit,false,0.000,0,413.341,344,GEOS_0.5x0.625/MERRA2/2019/07/MERRA2.20190701.A3cld.05x0625.nc4
2633.281,hit,false,0.000,0,413.364,345,GEOS_0.5x0.625/MERRA2/2019/07/MERRA2.20190701.A3cld.05x0625.nc4
2633.311,hit,false,0.000,0,413.395,345,GEOS_0.5x0.625/MERRA2/2019/07/MERRA2.20190701.A3cld.05x0625.nc4
2633.342,hit,false,0.000,0,413.426,345,GEOS_0.5x0.625/MERRA2/2019/07/MERRA2.20190701.A3cld.05x0625.nc4
2633.368,hit,false,0.000,0,413.451,345,GEOS_0.5x0.625/MERRA2/2019/07/MERRA2.20190701.A3cld.05x0625.nc4
2633.397,hit,false,0.000,0,413.481,345,GEOS_0.5x0.625/MERRA2/2019/07/MERRA2.20190701.A3cld.05x0625.nc4
2633.427,hit,false,0.000,0,413.511,345,GEOS_0.5x0.625/MERRA2/2019/07/MERRA2.20190701.A3cld.05x0625.nc4
2633.455,hit,false,0.000,0,413.539,345,GEOS_0.5x0.625/MERRA2/2019/07/MERRA2.20190701.A3cld.05x0625.nc4
2633.489,hit,false,0.000,0,413.573,345,GEOS_0.5x0.625/MERRA2/2019/07/MERRA2.20190701.A3cld.05x0625.nc4
2633.512,hit,false,0.000,0,413.592,346,GEOS_0.5x0.625/MERRA2/2019/07/MERRA2.20190701.A3cld.05x0625.nc4
2633.553,hit,false,0.000,0,413.634,346,GEOS_0.5x0.625/MERRA2/2019/07/MERRA2.20190701.A3cld.05x0625.nc4
2633.575,hit,false,0.000,0,413.656,346,GEOS_0.5x0.625/MERRA2/2019/07/MERRA2.20190701.A3cld.05x0625.nc4
2633.611,hit,false,0.000,0,413.692,346,GEOS_0.5x0.625/MERRA2/2019/07/MERRA2.20190701.A3cld.05x0625.nc4
2633.636,hit,false,0.000,0,413.717,346,GEOS_0.5x0.625/MERRA2/2019/07/MERRA2.20190701.A3cld.05x0625.nc4
2633.670,hit,false,0.000,0,413.750,346,GEOS_0.5x0.625/MERRA2/2019/07/MERRA2.20190701.A3cld.05x0625.nc4
2633.692,hit,false,0.000,0,413.773,346,GEOS_0.5x0.625/MERRA2/2019/07/MERRA2.20190701.A3cld.05x0625.nc4
2633.726,hit,false,0.000,0,413.807,346,GEOS_0.5x0.625/MERRA2/2019/07/MERRA2.20190701.A3cld.05x0625.nc4
2633.754,hit,false,0.000,0,413.833,347,GEOS_0.5x0.625/MERRA2/2019/07/MERRA2.20190701.A3cld.05x0625.nc4
2633.787,hit,false,0.000,0,413.866,347,GEOS_0.5x0.625/MERRA2/2019/07/MERRA2.20190701.A3cld.05x0625.nc4
2633.809,hit,false,0.000,0,413.888,347,GEOS_0.5x0.625/MERRA2/2019/07/MERRA2.20190701.A3cld.05x0625.nc4
2633.848,hit,false,0.000,0,413.927,347,GEOS_0.5x0.625/MERRA2/2019/07/MERRA2.20190701.A3cld.05x0625.nc4
2633.870,hit,false,0.000,0,413.949,347,GEOS_0.5x0.625/MERRA2/2019/07/MERRA2.20190701.A3cld.05x0625.nc4
2633.904,hit,false,0.000,0,413.983,347,GEOS_0.5x0.625/MERRA2/2019/07/MERRA2.20190701.A3cld.05x0625.nc4
2633.930,hit,false,0.000,0,414.009,347,GEOS_0.5x0.625/MERRA2/2019/07/MERRA2.20190701.A3cld.05x0625.nc4
2633.961,hit,false,0.000,0,414.040,347,GEOS_0.5x0.625/MERRA2/2019/07/MERRA2.20190701.A3cld.05x0625.nc4
2633.984,hit,false,0.000,0,414.061,348,GEOS_0.5x0.625/MERRA2/2019/07/MERRA2.20190701.A3cld.05x0625.nc4
2634.019,hit,false,0.000,0,414.096,348,GEOS_0.5x0.625/MERRA2/2019/07/MERRA2.20190701.A3cld.05x0625.nc4
2634.045,hit,false,0.000,0,414.122,348,GEOS_0.5x0.625/MERRA2/2019/07/MERRA2.20190701.A3cld.05x0625.nc4
2634.076,hit,false,0.000,0,414.153,348,GEOS_0.5x0.625/MERRA2/2019/07/MERRA2.20190701.A3cld.05x0625.nc4
2634.101,hit,false,0.000,0,414.178,348,GEOS_0.5x0.625/MERRA2/2019/07/MERRA2.20190701.A3cld.05x0625.nc4
2634.136,hit,false,0.000,0,414.213,348,GEOS_0.5x0.625/MERRA2/2019/07/MERRA2.20190701.A3cld.05x0625.nc4
2634.158,hit,false,0.000,0,414.235,348,GEOS_0.5x0.625/MERRA2/2019/07/MERRA2.20190701.A3cld.05x0625.nc4
2634.192,hit,false,0.000,0,414.269,348,GEOS_0.5x0.625/MERRA2/2019/07/MERRA2.20190701.A3cld.05x0625.nc4
2634.218,hit,false,0.000,0,414.293,349,GEOS_0.5x0.625/MERRA2/2019/07/MERRA2.20190701.A3cld.05x0625.nc4
2634.251,hit,false,0.000,0,414.327,349,GEOS_0.5x0.625/MERRA2/2019/07/MERRA2.20190701.A3cld.05x0625.nc4
2634.276,hit,false,0.000,0,414.351,349,GEOS_0.5x0.625/MERRA2/2019/07/MERRA2.20190701.A3cld.05x0625.nc4
2634.307,hit,false,0.000,0,414.383,349,GEOS_0.5x0.625/MERRA2/2019/07/MERRA2.20190701.A3cld.05x0625.nc4
2634.331,hit,false,0.000,0,414.407,349,GEOS_0.5x0.625/MERRA2/2019/07/MERRA2.20190701.A3cld.05x0625.nc4
2634.364,hit,false,0.000,0,414.439,349,GEOS_0.5x0.625/MERRA2/2019/07/MERRA2.20190701.A3cld.05x0625.nc4
2634.388,hit,false,0.000,0,414.463,349,GEOS_0.5x0.625/MERRA2/2019/07/MERRA2.20190701.A3cld.05x0625.nc4
2634.423,hit,false,0.000,0,414.498,349,GEOS_0.5x0.625/MERRA2/2019/07/MERRA2.20190701.A3cld.05x0625.nc4
2634.448,hit,false,0.000,0,414.521,350,GEOS_0.5x0.625/MERRA2/2019/07/MERRA2.20190701.A3cld.05x0625.nc4
2634.484,hit,false,0.000,0,414.558,350,GEOS_0.5x0.625/MERRA2/2019/07/MERRA2.20190701.A3cld.05x0625.nc4
2634.575,hit,false,0.000,0,414.649,350,GEOS_0.5x0.625/MERRA2/2019/07/MERRA2.20190701.A3cld.05x0625.nc4
2634.599,hit,false,0.000,0,414.673,350,GEOS_0.5x0.625/MERRA2/2019/07/MERRA2.20190701.A3cld.05x0625.nc4
2634.632,hit,false,0.000,0,414.706,350,GEOS_0.5x0.625/MERRA2/2019/07/MERRA2.20190701.A3cld.05x0625.nc4
2634.659,hit,false,0.000,0,414.733,350,GEOS_0.5x0.625/MERRA2/2019/07/MERRA2.20190701.A3cld.05x0625.nc4
2634.689,hit,false,0.000,0,414.763,350,GEOS_0.5x0.625/MERRA2/2019/07/MERRA2.20190701.A3cld.05x0625.nc4
2634.715,hit,false,0.000,0,414.789,350,GEOS_0.5x0.625/MERRA2/2019/07/MERRA2.20190701.A3cld.05x0625.nc4
2634.745,hit,false,0.000,0,414.817,351,GEOS_0.5x0.625/MERRA2/2019/07/MERRA2.20190701.A3cld.05x0625.nc4
2634.780,hit,false,0.000,0,414.852,351,GEOS_0.5x0.625/MERRA2/2019/07/MERRA2.20190701.A3cld.05x0625.nc4
2634.807,hit,false,0.000,0,414.879,351,GEOS_0.5x0.625/MERRA2/2019/07/MERRA2.20190701.A3cld.05x0625.nc4
2634.838,hit,false,0.000,0,414.910,351,GEOS_0.5x0.625/MERRA2/2019/07/MERRA2.20190701.A3cld.05x0625.nc4
2634.863,hit,false,0.000,0,414.935,351,GEOS_0.5x0.625/MERRA2/2019/07/MERRA2.20190701.A3cld.05x0625.nc4
2634.894,hit,false,0.000,0,414.966,351,GEOS_0.5x0.625/MERRA2/2019/07/MERRA2.20190701.A3cld.05x0625.nc4
2634.918,hit,false,0.000,0,414.990,351,GEOS_0.5x0.625/MERRA2/2019/07/MERRA2.20190701.A3cld.05x0625.nc4
2634.957,hit,false,0.000,0,415.029,351,GEOS_0.5x0.625/MERRA2/2019/07/MERRA2.20190701.A3cld.05x0625.nc4
2634.980,hit,false,0.000,0,415.342,352,GEOS_0.5x0.625/MERRA2/2019/07/MERRA2.20190701.A3cld.05x0625.nc4
2635.017,hit,false,0.000,0,415.380,352,GEOS_0.5x0.625/MERRA2/2019/07/MERRA2.20190701.A3cld.05x0625.nc4
2635.047,hit,false,0.000,0,415.410,352,GEOS_0.5x0.625/MERRA2/2019/07/MERRA2.20190701.A3cld.05x0625.nc4
2635.076,hit,false,0.000,0,415.439,352,GEOS_0.5x0.625/MERRA2/2019/07/MERRA2.20190701.A3cld.05x0625.nc4
2635.106,hit,false,0.000,0,415.469,352,GEOS_0.5x0.625/MERRA2/2019/07/MERRA2.20190701.A3cld.05x0625.nc4
2635.134,hit,false,0.000,0,415.497,352,GEOS_0.5x0.625/MERRA2/2019/07/MERRA2.20190701.A3cld.05x0625.nc4
2635.166,hit,false,0.000,0,415.528,352,GEOS_0.5x0.625/MERRA2/2019/07/MERRA2.20190701.A3cld.05x0625.nc4
2635.189,hit,false,0.000,0,415.551,352,GEOS_0.5x0.625/MERRA2/2019/07/MERRA2.20190701.A3cld.05x0625.nc4
2635.219,hit,false,0.000,0,415.579,353,GEOS_0.5x0.625/MERRA2/2019/07/MERRA2.20190701.A3cld.05x0625.nc4
2635.247,hit,false,0.000,0,415.607,353,GEOS_0.5x0.625/MERRA2/2019/07/MERRA2.20190701.A3cld.05x0625.nc4
2635.278,hit,false,0.000,0,415.638,353,GEOS_0.5x0.625/MERRA2/2019/07/MERRA2.20190701.A3cld.05x0625.nc4
2635.302,hit,false,0.000,0,415.662,353,GEOS_0.5x0.625/MERRA2/2019/07/MERRA2.20190701.A3cld.05x0625.nc4
2635.333,hit,false,0.000,0,415.693,353,GEOS_0.5x0.625/MERRA2/2019/07/MERRA2.20190701.A3cld.05x0625.nc4
2635.358,hit,false,0.000,0,415.718,353,GEOS_0.5x0.625/MERRA2/2019/07/MERRA2.20190701.A3cld.05x0625.nc4
2635.396,hit,false,0.000,0,415.755,353,GEOS_0.5x0.625/MERRA2/2019/07/MERRA2.20190701.A3cld.05x0625.nc4
2635.419,hit,false,0.000,0,415.778,353,GEOS_0.5x0.625/MERRA2/2019/07/MERRA2.20190701.A3cld.05x0625.nc4
2635.453,hit,false,0.000,0,415.810,354,GEOS_0.5x0.625/MERRA2/2019/07/MERRA2.20190701.A3cld.05x0625.nc4
2635.480,hit,false,0.000,0,415.838,354,GEOS_0.5x0.625/MERRA2/2019/07/MERRA2.20190701.A3cld.05x0625.nc4
2635.514,hit,false,0.000,0,415.872,354,GEOS_0.5x0.625/MERRA2/2019/07/MERRA2.20190701.A3cld.05x0625.nc4
2635.540,hit,false,0.000,0,415.897,354,GEOS_0.5x0.625/MERRA2/2019/07/MERRA2.20190701.A3cld.05x0625.nc4
2635.572,hit,false,0.000,0,415.930,354,GEOS_0.5x0.625/MERRA2/2019/07/MERRA2.20190701.A3cld.05x0625.nc4
2635.598,hit,false,0.000,0,415.955,354,GEOS_0.5x0.625/MERRA2/2019/07/MERRA2.20190701.A3cld.05x0625.nc4
2635.632,hit,false,0.000,0,415.989,354,GEOS_0.5x0.625/MERRA2/2019/07/MERRA2.20190701.A3cld.05x0625.nc4
2635.656,hit,false,0.000,0,416.014,354,GEOS_0.5x0.625/MERRA2/2019/07/MERRA2.20190701.A3cld.05x0625.nc4
2635.687,hit,false,0.000,0,416.042,355,GEOS_0.5x0.625/MERRA2/2019/07/MERRA2.20190701.A3cld.05x0625.nc4
2635.715,hit,false,0.000,0,416.070,355,GEOS_0.5x0.625/MERRA2/2019/07/MERRA2.20190701.A3cld.05x0625.nc4
2635.755,hit,false,0.000,0,416.110,355,GEOS_0.5x0.625/MERRA2/2019/07/MERRA2.20190701.A3cld.05x0625.nc4
2635.783,hit,false,0.000,0,416.139,355,GEOS_0.5x0.625/MERRA2/2019/07/MERRA2.20190701.A3cld.05x0625.nc4
2635.817,hit,false,0.000,0,416.172,355,GEOS_0.5x0.625/MERRA2/2019/07/MERRA2.20190701.A3cld.05x0625.nc4
2635.844,hit,false,0.000,0,416.200,355,GEOS_0.5x0.625/MERRA2/2019/07/MERRA2.20190701.A3cld.05x0625.nc4
2635.876,hit,false,0.000,0,416.231,355,GEOS_0.5x0.625/MERRA2/2019/07/MERRA2.20190701.A3cld.05x0625.nc4
2635.910,hit,false,0.000,0,416.265,355,GEOS_0.5x0.625/MERRA2/2019/07/MERRA2.20190701.A3cld.05x0625.nc4
2635.940,hit,false,0.000,0,416.293,356,GEOS_0.5x0.625/MERRA2/2019/07/MERRA2.20190701.A3cld.05x0625.nc4
2635.972,hit,false,0.000,0,416.324,356,GEOS_0.5x0.625/MERRA2/2019/07/MERRA2.20190701.A3cld.05x0625.nc4
2636.003,hit,false,0.000,0,416.355,356,GEOS_0.5x0.625/MERRA2/2019/07/MERRA2.20190701.A3cld.05x0625.nc4
2636.032,hit,false,0.000,0,416.384,356,GEOS_0.5x0.625/MERRA2/2019/07/MERRA2.20190701.A3cld.05x0625.nc4
2636.064,hit,false,0.000,0,416.416,356,GEOS_0.5x0.625/MERRA2/2019/07/MERRA2.20190701.A3cld.05x0625.nc4
2636.092,hit,false,0.000,0,416.444,356,GEOS_0.5x0.625/MERRA2/2019/07/MERRA2.20190701.A3cld.05x0625.nc4
2636.123,hit,false,0.000,0,416.475,356,GEOS_0.5x0.625/MERRA2/2019/07/MERRA2.20190701.A3cld.05x0625.nc4
2636.145,hit,false,0.000,0,416.498,356,GEOS_0.5x0.625/MERRA2/2019/07/MERRA2.20190701.A3cld.05x0625.nc4
2636.177,hit,false,0.000,0,416.527,357,GEOS_0.5x0.625/MERRA2/2019/07/MERRA2.20190701.A3cld.05x0625.nc4
2636.206,hit,false,0.000,0,416.556,357,GEOS_0.5x0.625/MERRA2/2019/07/MERRA2.20190701.A3cld.05x0625.nc4
2636.237,hit,false,0.000,0,416.586,357,GEOS_0.5x0.625/MERRA2/2019/07/MERRA2.20190701.A3cld.05x0625.nc4
2636.267,hit,false,0.000,0,416.617,357,GEOS_0.5x0.625/MERRA2/2019/07/MERRA2.20190701.A3cld.05x0625.nc4
2636.290,hit,false,0.000,0,416.640,357,GEOS_0.5x0.625/MERRA2/2019/07/MERRA2.20190701.A3cld.05x0625.nc4
2636.327,hit,false,0.000,0,416.677,357,GEOS_0.5x0.625/MERRA2/2019/07/MERRA2.20190701.A3cld.05x0625.nc4
2636.352,hit,false,0.000,0,416.702,357,GEOS_0.5x0.625/MERRA2/2019/07/MERRA2.20190701.A3cld.05x0625.nc4
2636.385,hit,false,0.000,0,416.735,357,GEOS_0.5x0.625/MERRA2/2019/07/MERRA2.20190701.A3cld.05x0625.nc4
2636.410,hit,false,0.000,0,416.751,358,GEOS_0.5x0.625/MERRA2/2019/07/MERRA2.20190701.A3cld.05x0625.nc4
2636.519,hit,false,0.000,0,416.860,358,GEOS_0.5x0.625/MERRA2/2019/07/MERRA2.20190701.A3cld.05x0625.nc4
2636.542,hit,false,0.000,0,416.883,358,GEOS_0.5x0.625/MERRA2/2019/07/MERRA2.20190701.A3cld.05x0625.nc4
2636.576,hit,false,0.000,0,416.916,358,GEOS_0.5x0.625/MERRA2/2019/07/MERRA2.20190701.A3cld.05x0625.nc4
2636.602,hit,false,0.000,0,416.943,358,GEOS_0.5x0.625/MERRA2/2019/07/MERRA2.20190701.A3cld.05x0625.nc4
2636.633,hit,false,0.000,0,416.974,358,GEOS_0.5x0.625/MERRA2/2019/07/MERRA2.20190701.A3cld.05x0625.nc4
2636.659,hit,false,0.000,0,417.000,358,GEOS_0.5x0.625/MERRA2/2019/07/MERRA2.20190701.A3cld.05x0625.nc4
2636.689,hit,false,0.000,0,417.030,358,GEOS_0.5x0.625/MERRA2/2019/07/MERRA2.20190701.A3cld.05x0625.nc4
2636.717,hit,false,0.000,0,417.056,359,GEOS_0.5x0.625/MERRA2/2019/07/MERRA2.20190701.A3cld.05x0625.nc4
2636.750,hit,false,0.000,0,417.089,359,GEOS_0.5x0.625/MERRA2/2019/07/MERRA2.20190701.A3cld.05x0625.nc4
2636.778,hit,false,0.000,0,417.117,359,GEOS_0.5x0.625/MERRA2/2019/07/MERRA2.20190701.A3cld.05x0625.nc4
2636.806,hit,false,0.000,0,417.145,359,GEOS_0.5x0.625/MERRA2/2019/07/MERRA2.20190701.A3cld.05x0625.nc4
2636.835,hit,false,0.000,0,417.174,359,GEOS_0.5x0.625/MERRA2/2019/07/MERRA2.20190701.A3cld.05x0625.nc4
2636.863,hit,false,0.000,0,417.202,359,GEOS_0.5x0.625/MERRA2/2019/07/MERRA2.20190701.A3cld.05x0625.nc4
2636.892,hit,false,0.000,0,417.231,359,GEOS_0.5x0.625/MERRA2/2019/07/MERRA2.20190701.A3cld.05x0625.nc4
2636.920,hit,false,0.000,0,417.258,359,GEOS_0.5x0.625/MERRA2/2019/07/MERRA2.20190701.A3cld.05x0625.nc4
2636.950,hit,false,0.000,0,417.306,360,GEOS_0.5x0.625/MERRA2/2019/07/MERRA2.20190701.A3cld.05x0625.nc4
2636.980,hit,false,0.000,0,417.336,360,GEOS_0.5x0.625/MERRA2/2019/07/MERRA2.20190701.A3cld.05x0625.nc4
2637.021,hit,false,0.000,0,417.378,360,GEOS_0.5x0.625/MERRA2/2019/07/MERRA2.20190701.A3cld.05x0625.nc4
2637.043,hit,false,0.000,0,417.399,360,GEOS_0.5x0.625/MERRA2/2019/07/MERRA2.20190701.A3cld.05x0625.nc4
2637.075,hit,false,0.000,0,417.431,360,GEOS_0.5x0.625/MERRA2/2019/07/MERRA2.20190701.A3cld.05x0625.nc4
2637.100,hit,false,0.000,0,417.456,360,GEOS_0.5x0.625/MERRA2/2019/07/MERRA2.20190701.A3cld.05x0625.nc4
2637.130,hit,false,0.000,0,417.486,360,GEOS_0.5x0.625/MERRA2/2019/07/MERRA2.20190701.A3cld.05x0625.nc4
2637.162,hit,false,0.000,0,417.518,360,GEOS_0.5x0.625/MERRA2/2019/07/MERRA2.20190701.A3cld.05x0625.nc4
2637.185,hit,false,0.000,0,417.536,361,GEOS_0.5x0.625/MERRA2/2019/07/MERRA2.20190701.A3cld.05x0625.nc4
2637.219,hit,false,0.000,0,417.570,361,GEOS_0.5x0.625/MERRA2/2019/07/MERRA2.20190701.A3cld.05x0625.nc4
2637.245,hit,false,0.000,0,417.596,361,GEOS_0.5x0.625/MERRA2/2019/07/MERRA2.20190701.A3cld.05x0625.nc4
2637.275,hit,false,0.000,0,417.627,361,GEOS_0.5x0.625/MERRA2/2019/07/MERRA2.20190701.A3cld.05x0625.nc4
2637.303,hit,false,0.000,0,417.654,361,GEOS_0.5x0.625/MERRA2/2019/07/MERRA2.20190701.A3cld.05x0625.nc4
2637.333,hit,false,0.000,0,417.684,361,GEOS_0.5x0.625/MERRA2/2019/07/MERRA2.20190701.A3cld.05x0625.nc4
2637.362,hit,false,0.000,0,417.713,361,GEOS_0.5x0.625/MERRA2/2019/07/MERRA2.20190701.A3cld.05x0625.nc4
2637.390,hit,false,0.000,0,417.742,361,GEOS_0.5x0.625/MERRA2/2019/07/MERRA2.20190701.A3cld.05x0625.nc4
2637.421,hit,false,0.000,0,417.770,362,GEOS_0.5x0.625/MERRA2/2019/07/MERRA2.20190701.A3cld.05x0625.nc4
2637.448,hit,false,0.000,0,417.797,362,GEOS_0.5x0.625/MERRA2/2019/07/MERRA2.20190701.A3cld.05x0625.nc4
2637.480,hit,false,0.000,0,417.828,362,GEOS_0.5x0.625/MERRA2/2019/07/MERRA2.20190701.A3cld.05x0625.nc4
2637.504,hit,false,0.000,0,417.853,362,GEOS_0.5x0.625/MERRA2/2019/07/MERRA2.20190701.A3cld.05x0625.nc4
2637.538,hit,false,0.000,0,417.886,362,GEOS_0.5x0.625/MERRA2/2019/07/MERRA2.20190701.A3cld.05x0625.nc4
2637.562,hit,false,0.000,0,417.911,362,GEOS_0.5x0.625/MERRA2/2019/07/MERRA2.20190701.A3cld.05x0625.nc4
2637.594,hit,false,0.000,0,417.942,362,GEOS_0.5x0.625/MERRA2/2019/07/MERRA2.20190701.A3cld.05x0625.nc4
2637.616,hit,false,0.000,0,417.965,362,GEOS_0.5x0.625/MERRA2/2019/07/MERRA2.20190701.A3cld.05x0625.nc4
2637.647,hit,false,0.000,0,417.993,363,GEOS_0.5x0.625/MERRA2/2019/07/MERRA2.20190701.A3cld.05x0625.nc4
2637.674,hit,false,0.000,0,418.021,363,GEOS_0.5x0.625/MERRA2/2019/07/MERRA2.20190701.A3cld.05x0625.nc4
2637.706,hit,false,0.000,0,418.053,363,GEOS_0.5x0.625/MERRA2/2019/07/MERRA2.20190701.A3cld.05x0625.nc4
2637.728,hit,false,0.000,0,418.075,363,GEOS_0.5x0.625/MERRA2/2019/07/MERRA2.20190701.A3cld.05x0625.nc4
2637.768,hit,false,0.000,0,418.114,363,GEOS_0.5x0.625/MERRA2/2019/07/MERRA2.20190701.A3cld.05x0625.nc4
2637.789,hit,false,0.000,0,418.135,363,GEOS_0.5x0.625/MERRA2/2019/07/MERRA2.20190701.A3cld.05x0625.nc4
2637.824,hit,false,0.000,0,418.171,363,GEOS_0.5x0.625/MERRA2/2019/07/MERRA2.20190701.A3cld.05x0625.nc4
2637.850,hit,false,0.000,0,418.196,363,GEOS_0.5x0.625/MERRA2/2019/07/MERRA2.20190701.A3cld.05x0625.nc4
2637.883,hit,false,0.000,0,418.227,364,GEOS_0.5x0.625/MERRA2/2019/07/MERRA2.20190701.A3cld.05x0625.nc4
2637.910,hit,false,0.000,0,418.254,364,GEOS_0.5x0.625/MERRA2/2019/07/MERRA2.20190701.A3cld.05x0625.nc4
2637.943,hit,false,0.000,0,418.287,364,GEOS_0.5x0.625/MERRA2/2019/07/MERRA2.20190701.A3cld.05x0625.nc4
2637.968,hit,false,0.000,0,418.313,364,GEOS_0.5x0.625/MERRA2/2019/07/MERRA2.20190701.A3cld.05x0625.nc4
2638.001,hit,false,0.000,0,418.346,364,GEOS_0.5x0.625/MERRA2/2019/07/MERRA2.20190701.A3cld.05x0625.nc4
2638.031,hit,false,0.000,0,418.376,364,GEOS_0.5x0.625/MERRA2/2019/07/MERRA2.20190701.A3cld.05x0625.nc4
2638.061,hit,false,0.000,0,418.405,364,GEOS_0.5x0.625/MERRA2/2019/07/MERRA2.20190701.A3cld.05x0625.nc4
2638.102,hit,false,0.000,0,418.447,364,GEOS_0.5x0.625/MERRA2/2019/07/MERRA2.20190701.A3cld.05x0625.nc4
2638.125,hit,false,0.000,0,418.450,365,GEOS_0.5x0.625/MERRA2/2019/07/MERRA2.20190701.A3cld.05x0625.nc4
2638.167,hit,false,0.000,0,418.492,365,GEOS_0.5x0.625/MERRA2/2019/07/MERRA2.20190701.A3cld.05x0625.nc4
2638.189,hit,false,0.000,0,418.515,365,GEOS_0.5x0.625/MERRA2/2019/07/MERRA2.20190701.A3cld.05x0625.nc4
2638.228,hit,false,0.000,0,418.554,365,GEOS_0.5x0.625/MERRA2/2019/07/MERRA2.20190701.A3cld.05x0625.nc4
2638.251,hit,false,0.000,0,418.577,365,GEOS_0.5x0.625/MERRA2/2019/07/MERRA2.20190701.A3cld.05x0625.nc4
2638.290,hit,false,0.000,0,418.615,365,GEOS_0.5x0.625/MERRA2/2019/07/MERRA2.20190701.A3cld.05x0625.nc4
2638.311,hit,false,0.000,0,418.637,365,GEOS_0.5x0.625/MERRA2/2019/07/MERRA2.20190701.A3cld.05x0625.nc4
2638.346,hit,false,0.000,0,418.671,365,GEOS_0.5x0.625/MERRA2/2019/07/MERRA2.20190701.A3cld.05x0625.nc4
2638.443,hit,false,0.000,0,418.767,366,GEOS_0.5x0.625/MERRA2/2019/07/MERRA2.20190701.A3cld.05x0625.nc4
2638.469,hit,false,0.000,0,418.793,366,GEOS_0.5x0.625/MERRA2/2019/07/MERRA2.20190701.A3cld.05x0625.nc4
2638.510,hit,false,0.000,0,418.833,366,GEOS_0.5x0.625/MERRA2/2019/07/MERRA2.20190701.A3cld.05x0625.nc4
2638.535,hit,false,0.000,0,418.858,366,GEOS_0.5x0.625/MERRA2/2019/07/MERRA2.20190701.A3cld.05x0625.nc4
2638.569,hit,false,0.000,0,418.892,366,GEOS_0.5x0.625/MERRA2/2019/07/MERRA2.20190701.A3cld.05x0625.nc4
2638.600,hit,false,0.000,0,418.924,366,GEOS_0.5x0.625/MERRA2/2019/07/MERRA2.20190701.A3cld.05x0625.nc4
2638.630,hit,false,0.000,0,418.953,366,GEOS_0.5x0.625/MERRA2/2019/07/MERRA2.20190701.A3cld.05x0625.nc4
2638.659,hit,false,0.000,0,418.983,366,GEOS_0.5x0.625/MERRA2/2019/07/MERRA2.20190701.A3cld.05x0625.nc4
2638.690,hit,false,0.000,0,419.011,367,GEOS_0.5x0.625/MERRA2/2019/07/MERRA2.20190701.A3cld.05x0625.nc4
2638.721,hit,false,0.000,0,419.042,367,GEOS_0.5x0.625/MERRA2/2019/07/MERRA2.20190701.A3cld.05x0625.nc4
2638.753,hit,false,0.000,0,419.074,367,GEOS_0.5x0.625/MERRA2/2019/07/MERRA2.20190701.A3cld.05x0625.nc4
2638.775,hit,false,0.000,0,419.097,367,GEOS_0.5x0.625/MERRA2/2019/07/MERRA2.20190701.A3cld.05x0625.nc4
2638.813,hit,false,0.000,0,419.135,367,GEOS_0.5x0.625/MERRA2/2019/07/MERRA2.20190701.A3cld.05x0625.nc4
2638.835,hit,false,0.000,0,419.156,367,GEOS_0.5x0.625/MERRA2/2019/07/MERRA2.20190701.A3cld.05x0625.nc4
2638.866,hit,false,0.000,0,419.187,367,GEOS_0.5x0.625/MERRA2/2019/07/MERRA2.20190701.A3cld.05x0625.nc4
2638.892,hit,false,0.000,0,419.213,367,GEOS_0.5x0.625/MERRA2/2019/07/MERRA2.20190701.A3cld.05x0625.nc4
2638.922,hit,false,0.000,0,419.262,368,GEOS_0.5x0.625/MERRA2/2019/07/MERRA2.20190701.A3cld.05x0625.nc4
2638.949,hit,false,0.000,0,419.288,368,GEOS_0.5x0.625/MERRA2/2019/07/MERRA2.20190701.A3cld.05x0625.nc4
2638.993,hit,false,0.000,0,419.333,368,GEOS_0.5x0.625/MERRA2/2019/07/MERRA2.20190701.A3cld.05x0625.nc4
2639.014,hit,false,0.000,0,419.353,368,GEOS_0.5x0.625/MERRA2/2019/07/MERRA2.20190701.A3cld.05x0625.nc4
2639.055,hit,false,0.000,0,419.394,368,GEOS_0.5x0.625/MERRA2/2019/07/MERRA2.20190701.A3cld.05x0625.nc4
2639.075,hit,false,0.000,0,419.414,368,GEOS_0.5x0.625/MERRA2/2019/07/MERRA2.20190701.A3cld.05x0625.nc4
2639.114,hit,false,0.000,0,419.454,368,GEOS_0.5x0.625/MERRA2/2019/07/MERRA2.20190701.A3cld.05x0625.nc4
2639.137,hit,false,0.000,0,419.477,368,GEOS_0.5x0.625/MERRA2/2019/07/MERRA2.20190701.A3cld.05x0625.nc4
2639.169,hit,false,0.000,0,419.506,369,GEOS_0.5x0.625/MERRA2/2019/07/MERRA2.20190701.A3cld.05x0625.nc4
2639.198,hit,false,0.000,0,419.534,369,GEOS_0.5x0.625/MERRA2/2019/07/MERRA2.20190701.A3cld.05x0625.nc4
2639.229,hit,false,0.000,0,419.566,369,GEOS_0.5x0.625/MERRA2/2019/07/MERRA2.20190701.A3cld.05x0625.nc4
2639.254,hit,false,0.000,0,419.590,369,GEOS_0.5x0.625/MERRA2/2019/07/MERRA2.20190701.A3cld.05x0625.nc4
2639.286,hit,false,0.000,0,419.622,369,GEOS_0.5x0.625/MERRA2/2019/07/MERRA2.20190701.A3cld.05x0625.nc4
2639.310,hit,false,0.000,0,419.647,369,GEOS_0.5x0.625/MERRA2/2019/07/MERRA2.20190701.A3cld.05x0625.nc4
2639.343,hit,false,0.000,0,419.680,369,GEOS_0.5x0.625/MERRA2/2019/07/MERRA2.20190701.A3cld.05x0625.nc4
2639.365,hit,false,0.000,0,419.702,369,GEOS_0.5x0.625/MERRA2/2019/07/MERRA2.20190701.A3cld.05x0625.nc4
2639.403,hit,false,0.000,0,419.737,370,GEOS_0.5x0.625/MERRA2/2019/07/MERRA2.20190701.A3cld.05x0625.nc4
2639.427,hit,false,0.000,0,419.762,370,GEOS_0.5x0.625/MERRA2/2019/07/MERRA2.20190701.A3cld.05x0625.nc4
2639.464,hit,false,0.000,0,419.798,370,GEOS_0.5x0.625/MERRA2/2019/07/MERRA2.20190701.A3cld.05x0625.nc4
2639.486,hit,false,0.000,0,419.820,370,GEOS_0.5x0.625/MERRA2/2019/07/MERRA2.20190701.A3cld.05x0625.nc4
2639.519,hit,false,0.000,0,419.853,370,GEOS_0.5x0.625/MERRA2/2019/07/MERRA2.20190701.A3cld.05x0625.nc4
2639.544,hit,false,0.000,0,419.878,370,GEOS_0.5x0.625/MERRA2/2019/07/MERRA2.20190701.A3cld.05x0625.nc4
2639.574,hit,false,0.000,0,419.908,370,GEOS_0.5x0.625/MERRA2/2019/07/MERRA2.20190701.A3cld.05x0625.nc4
2639.599,hit,false,0.000,0,419.934,370,GEOS_0.5x0.625/MERRA2/2019/07/MERRA2.20190701.A3cld.05x0625.nc4
2639.631,hit,false,0.000,0,419.964,371,GEOS_0.5x0.625/MERRA2/2019/07/MERRA2.20190701.A3cld.05x0625.nc4
2639.656,hit,false,0.000,0,419.989,371,GEOS_0.5x0.625/MERRA2/2019/07/MERRA2.20190701.A3cld.05x0625.nc4
2639.687,hit,false,0.000,0,420.020,371,GEOS_0.5x0.625/MERRA2/2019/07/MERRA2.20190701.A3cld.05x0625.nc4
2639.713,hit,false,0.000,0,420.045,371,GEOS_0.5x0.625/MERRA2/2019/07/MERRA2.20190701.A3cld.05x0625.nc4
2639.745,hit,false,0.000,0,420.077,371,GEOS_0.5x0.625/MERRA2/2019/07/MERRA2.20190701.A3cld.05x0625.nc4
2639.767,hit,false,0.000,0,420.099,371,GEOS_0.5x0.625/MERRA2/2019/07/MERRA2.20190701.A3cld.05x0625.nc4
2639.806,hit,false,0.000,0,420.139,371,GEOS_0.5x0.625/MERRA2/2019/07/MERRA2.20190701.A3cld.05x0625.nc4
2639.828,hit,false,0.000,0,420.160,371,GEOS_0.5x0.625/MERRA2/2019/07/MERRA2.20190701.A3cld.05x0625.nc4
2639.865,hit,false,0.000,0,420.195,372,GEOS_0.5x0.625/MERRA2/2019/07/MERRA2.20190701.A3cld.05x0625.nc4
2639.895,hit,false,0.000,0,420.226,372,GEOS_0.5x0.625/MERRA2/2019/07/MERRA2.20190701.A3cld.05x0625.nc4
2639.939,hit,false,0.000,0,420.270,372,GEOS_0.5x0.625/MERRA2/2019/07/MERRA2.20190701.A3cld.05x0625.nc4
2639.960,hit,false,0.000,0,420.291,372,GEOS_0.5x0.625/MERRA2/2019/07/MERRA2.20190701.A3cld.05x0625.nc4
2639.996,hit,false,0.000,0,420.327,372,GEOS_0.5x0.625/MERRA2/2019/07/MERRA2.20190701.A3cld.05x0625.nc4
2640.021,hit,false,0.000,0,420.352,372,GEOS_0.5x0.625/MERRA2/2019/07/MERRA2.20190701.A3cld.05x0625.nc4
2640.054,hit,false,0.000,0,420.385,372,GEOS_0.5x0.625/MERRA2/2019/07/MERRA2.20190701.A3cld.05x0625.nc4
2640.076,hit,false,0.000,0,420.406,372,GEOS_0.5x0.625/MERRA2/2019/07/MERRA2.20190701.A3cld.05x0625.nc4
2640.119,hit,false,0.000,0,420.448,373,GEOS_0.5x0.625/MERRA2/2019/07/MERRA2.20190701.A3cld.05x0625.nc4
2640.145,hit,false,0.000,0,420.473,373,GEOS_0.5x0.625/MERRA2/2019/07/MERRA2.20190701.A3cld.05x0625.nc4
2640.178,hit,false,0.000,0,420.507,373,GEOS_0.5x0.625/MERRA2/2019/07/MERRA2.20190701.A3cld.05x0625.nc4
2640.204,hit,false,0.000,0,420.533,373,GEOS_0.5x0.625/MERRA2/2019/07/MERRA2.20190701.A3cld.05x0625.nc4
2640.238,hit,false,0.000,0,420.567,373,GEOS_0.5x0.625/MERRA2/2019/07/MERRA2.20190701.A3cld.05x0625.nc4
2640.263,hit,false,0.000,0,420.592,373,GEOS_0.5x0.625/MERRA2/2019/07/MERRA2.20190701.A3cld.05x0625.nc4
2640.297,hit,false,0.000,0,420.625,373,GEOS_0.5x0.625/MERRA2/2019/07/MERRA2.20190701.A3cld.05x0625.nc4
2640.393,hit,false,0.000,0,420.722,373,GEOS_0.5x0.625/MERRA2/2019/07/MERRA2.20190701.A3cld.05x0625.nc4
2640.417,hit,false,0.000,0,420.745,374,GEOS_0.5x0.625/MERRA2/2019/07/MERRA2.20190701.A3cld.05x0625.nc4
2640.458,hit,false,0.000,0,420.785,374,GEOS_0.5x0.625/MERRA2/2019/07/MERRA2.20190701.A3cld.05x0625.nc4
2640.481,hit,false,0.000,0,420.808,374,GEOS_0.5x0.625/MERRA2/2019/07/MERRA2.20190701.A3cld.05x0625.nc4
2640.515,hit,false,0.000,0,420.842,374,GEOS_0.5x0.625/MERRA2/2019/07/MERRA2.20190701.A3cld.05x0625.nc4
2640.541,hit,false,0.000,0,420.868,374,GEOS_0.5x0.625/MERRA2/2019/07/MERRA2.20190701.A3cld.05x0625.nc4
2640.574,hit,false,0.000,0,420.901,374,GEOS_0.5x0.625/MERRA2/2019/07/MERRA2.20190701.A3cld.05x0625.nc4
2640.599,hit,false,0.000,0,420.926,374,GEOS_0.5x0.625/MERRA2/2019/07/MERRA2.20190701.A3cld.05x0625.nc4
2640.633,hit,false,0.000,0,420.960,374,GEOS_0.5x0.625/MERRA2/2019/07/MERRA2.20190701.A3cld.05x0625.nc4
2640.659,hit,false,0.000,0,420.984,375,GEOS_0.5x0.625/MERRA2/2019/07/MERRA2.20190701.A3cld.05x0625.nc4
2640.700,hit,false,0.000,0,421.025,375,GEOS_0.5x0.625/MERRA2/2019/07/MERRA2.20190701.A3cld.05x0625.nc4
2640.721,hit,false,0.000,0,421.046,375,GEOS_0.5x0.625/MERRA2/2019/07/MERRA2.20190701.A3cld.05x0625.nc4
2640.764,hit,false,0.000,0,421.089,375,GEOS_0.5x0.625/MERRA2/2019/07/MERRA2.20190701.A3cld.05x0625.nc4
2640.785,hit,false,0.000,0,421.110,375,GEOS_0.5x0.625/MERRA2/2019/07/MERRA2.20190701.A3cld.05x0625.nc4
2640.825,hit,false,0.000,0,421.150,375,GEOS_0.5x0.625/MERRA2/2019/07/MERRA2.20190701.A3cld.05x0625.nc4
2640.847,hit,false,0.000,0,421.172,375,GEOS_0.5x0.625/MERRA2/2019/07/MERRA2.20190701.A3cld.05x0625.nc4
2640.879,hit,false,0.000,0,421.204,375,GEOS_0.5x0.625/MERRA2/2019/07/MERRA2.20190701.A3cld.05x0625.nc4
2640.904,hit,false,0.000,0,421.219,376,GEOS_0.5x0.625/MERRA2/2019/07/MERRA2.20190701.A3cld.05x0625.nc4
2640.939,hit,false,0.000,0,421.254,376,GEOS_0.5x0.625/MERRA2/2019/07/MERRA2.20190701.A3cld.05x0625.nc4
2640.975,hit,false,0.000,0,421.290,376,GEOS_0.5x0.625/MERRA2/2019/07/MERRA2.20190701.A3cld.05x0625.nc4
2641.006,hit,false,0.000,0,421.321,376,GEOS_0.5x0.625/MERRA2/2019/07/MERRA2.20190701.A3cld.05x0625.nc4
2641.034,hit,false,0.000,0,421.350,376,GEOS_0.5x0.625/MERRA2/2019/07/MERRA2.20190701.A3cld.05x0625.nc4
2641.066,hit,false,0.000,0,421.381,376,GEOS_0.5x0.625/MERRA2/2019/07/MERRA2.20190701.A3cld.05x0625.nc4
2641.093,hit,false,0.000,0,421.408,376,GEOS_0.5x0.625/MERRA2/2019/07/MERRA2.20190701.A3cld.05x0625.nc4
2641.123,hit,false,0.000,0,421.438,376,GEOS_0.5x0.625/MERRA2/2019/07/MERRA2.20190701.A3cld.05x0625.nc4
2641.146,hit,false,0.000,0,421.459,377,GEOS_0.5x0.625/MERRA2/2019/07/MERRA2.20190701.A3cld.05x0625.nc4
2641.183,hit,false,0.000,0,421.496,377,GEOS_0.5x0.625/MERRA2/2019/07/MERRA2.20190701.A3cld.05x0625.nc4
2641.206,hit,false,0.000,0,421.520,377,GEOS_0.5x0.625/MERRA2/2019/07/MERRA2.20190701.A3cld.05x0625.nc4
2641.240,hit,false,0.000,0,421.553,377,GEOS_0.5x0.625/MERRA2/2019/07/MERRA2.20190701.A3cld.05x0625.nc4
2641.266,hit,false,0.000,0,421.580,377,GEOS_0.5x0.625/MERRA2/2019/07/MERRA2.20190701.A3cld.05x0625.nc4
2641.297,hit,false,0.000,0,421.610,377,GEOS_0.5x0.625/MERRA2/2019/07/MERRA2.20190701.A3cld.05x0625.nc4
2641.319,hit,false,0.000,0,421.633,377,GEOS_0.5x0.625/MERRA2/2019/07/MERRA2.20190701.A3cld.05x0625.nc4
2641.358,hit,false,0.000,0,421.671,377,GEOS_0.5x0.625/MERRA2/2019/07/MERRA2.20190701.A3cld.05x0625.nc4
2641.390,hit,false,0.000,0,421.700,378,GEOS_0.5x0.625/MERRA2/2019/07/MERRA2.20190701.A3cld.05x0625.nc4
2641.421,hit,false,0.000,0,421.731,378,GEOS_0.5x0.625/MERRA2/2019/07/MERRA2.20190701.A3cld.05x0625.nc4
2641.453,hit,false,0.000,0,421.763,378,GEOS_0.5x0.625/MERRA2/2019/07/MERRA2.20190701.A3cld.05x0625.nc4
2641.481,hit,false,0.000,0,421.791,378,GEOS_0.5x0.625/MERRA2/2019/07/MERRA2.20190701.A3cld.05x0625.nc4
2641.511,hit,false,0.000,0,421.821,378,GEOS_0.5x0.625/MERRA2/2019/07/MERRA2.20190701.A3cld.05x0625.nc4
2641.543,hit,false,0.000,0,421.853,378,GEOS_0.5x0.625/MERRA2/2019/07/MERRA2.20190701.A3cld.05x0625.nc4
2641.566,hit,false,0.000,0,421.876,378,GEOS_0.5x0.625/MERRA2/2019/07/MERRA2.20190701.A3cld.05x0625.nc4
2641.600,hit,false,0.000,0,421.910,378,GEOS_0.5x0.625/MERRA2/2019/07/MERRA2.20190701.A3cld.05x0625.nc4
2641.622,hit,false,0.000,0,421.611,379,GEOS_0.5x0.625/MERRA2/2019/07/MERRA2.20190701.A3cld.05x0625.nc4
2641.657,hit,false,0.000,0,421.645,379,GEOS_0.5x0.625/MERRA2/2019/07/MERRA2.20190701.A3cld.05x0625.nc4
2641.683,hit,false,0.000,0,421.671,379,GEOS_0.5x0.625/MERRA2/2019/07/MERRA2.20190701.A3cld.05x0625.nc4
2641.716,hit,false,0.000,0,421.705,379,GEOS_0.5x0.625/MERRA2/2019/07/MERRA2.20190701.A3cld.05x0625.nc4
2641.744,hit,false,0.000,0,421.732,379,GEOS_0.5x0.625/MERRA2/2019/07/MERRA2.20190701.A3cld.05x0625.nc4
2641.776,hit,false,0.000,0,421.764,379,GEOS_0.5x0.625/MERRA2/2019/07/MERRA2.20190701.A3cld.05x0625.nc4
2641.799,hit,false,0.000,0,421.787,379,GEOS_0.5x0.625/MERRA2/2019/07/MERRA2.20190701.A3cld.05x0625.nc4
2641.831,hit,false,0.000,0,421.820,379,GEOS_0.5x0.625/MERRA2/2019/07/MERRA2.20190701.A3cld.05x0625.nc4
2641.854,hit,false,0.000,0,421.625,380,GEOS_0.5x0.625/MERRA2/2019/07/MERRA2.20190701.A3cld.05x0625.nc4
2641.890,hit,false,0.000,0,421.662,380,GEOS_0.5x0.625/MERRA2/2019/07/MERRA2.20190701.A3cld.05x0625.nc4
2641.918,hit,false,0.000,0,421.689,380,GEOS_0.5x0.625/MERRA2/2019/07/MERRA2.20190701.A3cld.05x0625.nc4
2641.950,hit,false,0.000,0,421.721,380,GEOS_0.5x0.625/MERRA2/2019/07/MERRA2.20190701.A3cld.05x0625.nc4
2641.975,hit,false,0.000,0,421.746,380,GEOS_0.5x0.625/MERRA2/2019/07/MERRA2.20190701.A3cld.05x0625.nc4
2642.009,hit,false,0.000,0,421.781,380,GEOS_0.5x0.625/MERRA2/2019/07/MERRA2.20190701.A3cld.05x0625.nc4
2642.034,hit,false,0.000,0,421.806,380,GEOS_0.5x0.625/MERRA2/2019/07/MERRA2.20190701.A3cld.05x0625.nc4
2642.069,hit,false,0.000,0,421.840,380,GEOS_0.5x0.625/MERRA2/2019/07/MERRA2.20190701.A3cld.05x0625.nc4
2642.091,hit,false,0.000,0,421.860,381,GEOS_0.5x0.625/MERRA2/2019/07/MERRA2.20190701.A3cld.05x0625.nc4
2642.128,hit,false,0.000,0,421.897,381,GEOS_0.5x0.625/MERRA2/2019/07/MERRA2.20190701.A3cld.05x0625.nc4
2642.154,hit,false,0.000,0,421.923,381,GEOS_0.5x0.625/MERRA2/2019/07/MERRA2.20190701.A3cld.05x0625.nc4
2642.187,hit,false,0.000,0,421.956,381,GEOS_0.5x0.625/MERRA2/2019/07/MERRA2.20190701.A3cld.05x0625.nc4
2642.210,hit,false,0.000,0,421.979,381,GEOS_0.5x0.625/MERRA2/2019/07/MERRA2.20190701.A3cld.05x0625.nc4
2642.244,hit,false,0.000,0,422.013,381,GEOS_0.5x0.625/MERRA2/2019/07/MERRA2.20190701.A3cld.05x0625.nc4
2642.344,hit,false,0.000,0,422.113,381,GEOS_0.5x0.625/MERRA2/2019/07/MERRA2.20190701.A3cld.05x0625.nc4
2642.369,hit,false,0.000,0,422.138,381,GEOS_0.5x0.625/MERRA2/2019/07/MERRA2.20190701.A3cld.05x0625.nc4
2642.400,hit,false,0.000,0,422.167,382,GEOS_0.5x0.625/MERRA2/2019/07/MERRA2.20190701.A3cld.05x0625.nc4
2642.426,hit,false,0.000,0,422.194,382,GEOS_0.5x0.625/MERRA2/2019/07/MERRA2.20190701.A3cld.05x0625.nc4
2642.464,hit,false,0.000,0,422.232,382,GEOS_0.5x0.625/MERRA2/2019/07/MERRA2.20190701.A3cld.05x0625.nc4
2642.487,hit,false,0.000,0,422.255,382,GEOS_0.5x0.625/MERRA2/2019/07/MERRA2.20190701.A3cld.05x0625.nc4
2642.519,hit,false,0.000,0,422.286,382,GEOS_0.5x0.625/MERRA2/2019/07/MERRA2.20190701.A3cld.05x0625.nc4
2642.544,hit,false,0.000,0,422.311,382,GEOS_0.5x0.625/MERRA2/2019/07/MERRA2.20190701.A3cld.05x0625.nc4
2642.575,hit,false,0.000,0,422.342,382,GEOS_0.5x0.625/MERRA2/2019/07/MERRA2.20190701.A3cld.05x0625.nc4
2642.597,hit,false,0.000,0,422.364,382,GEOS_0.5x0.625/MERRA2/2019/07/MERRA2.20190701.A3cld.05x0625.nc4
2642.637,hit,false,0.000,0,422.402,383,GEOS_0.5x0.625/MERRA2/2019/07/MERRA2.20190701.A3cld.05x0625.nc4
2642.660,hit,false,0.000,0,422.425,383,GEOS_0.5x0.625/MERRA2/2019/07/MERRA2.20190701.A3cld.05x0625.nc4
2642.699,hit,false,0.000,0,422.465,383,GEOS_0.5x0.625/MERRA2/2019/07/MERRA2.20190701.A3cld.05x0625.nc4
2642.721,hit,false,0.000,0,422.486,383,GEOS_0.5x0.625/MERRA2/2019/07/MERRA2.20190701.A3cld.05x0625.nc4
2642.759,hit,false,0.000,0,422.524,383,GEOS_0.5x0.625/MERRA2/2019/07/MERRA2.20190701.A3cld.05x0625.nc4
2642.780,hit,false,0.000,0,422.546,383,GEOS_0.5x0.625/MERRA2/2019/07/MERRA2.20190701.A3cld.05x0625.nc4
2642.817,hit,false,0.000,0,422.583,383,GEOS_0.5x0.625/MERRA2/2019/07/MERRA2.20190701.A3cld.05x0625.nc4
2642.839,hit,false,0.000,0,422.605,383,GEOS_0.5x0.625/MERRA2/2019/07/MERRA2.20190701.A3cld.05x0625.nc4
2642.878,hit,false,0.000,0,423.181,384,GEOS_0.5x0.625/MERRA2/2019/07/MERRA2.20190701.A3cld.05x0625.nc4
2642.903,hit,false,0.000,0,423.207,384,GEOS_0.5x0.625/MERRA2/2019/07/MERRA2.20190701.A3cld.05x0625.nc4
2642.947,hit,false,0.000,0,423.250,384,GEOS_0.5x0.625/MERRA2/2019/07/MERRA2.20190701.A3cld.05x0625.nc4
2642.968,hit,false,0.000,0,423.271,384,GEOS_0.5x0.625/MERRA2/2019/07/MERRA2.20190701.A3cld.05x0625.nc4
2643.003,hit,false,0.000,0,423.306,384,GEOS_0.5x0.625/MERRA2/2019/07/MERRA2.20190701.A3cld.05x0625.nc4
2643.028,hit,false,0.000,0,423.331,384,GEOS_0.5x0.625/MERRA2/2019/07/MERRA2.20190701.A3cld.05x0625.nc4
2643.060,hit,false,0.000,0,423.363,384,GEOS_0.5x0.625/MERRA2/2019/07/MERRA2.20190701.A3cld.05x0625.nc4
2643.086,hit,false,0.000,0,423.390,384,GEOS_0.5x0.625/MERRA2/2019/07/MERRA2.20190701.A3cld.05x0625.nc4
2643.126,hit,false,0.000,0,423.427,385,GEOS_0.5x0.625/MERRA2/2019/07/MERRA2.20190701.A3cld.05x0625.nc4
2643.151,hit,false,0.000,0,423.452,385,GEOS_0.5x0.625/MERRA2/2019/07/MERRA2.20190701.A3cld.05x0625.nc4
2643.183,hit,false,0.000,0,423.484,385,GEOS_0.5x0.625/MERRA2/2019/07/MERRA2.20190701.A3cld.05x0625.nc4
2643.209,hit,false,0.000,0,423.510,385,GEOS_0.5x0.625/MERRA2/2019/07/MERRA2.20190701.A3cld.05x0625.nc4
2643.241,hit,false,0.000,0,423.542,385,GEOS_0.5x0.625/MERRA2/2019/07/MERRA2.20190701.A3cld.05x0625.nc4
2643.265,hit,false,0.000,0,423.566,385,GEOS_0.5x0.625/MERRA2/2019/07/MERRA2.20190701.A3cld.05x0625.nc4
2643.309,hit,false,0.000,0,423.610,385,GEOS_0.5x0.625/MERRA2/2019/07/MERRA2.20190701.A3cld.05x0625.nc4
2643.333,hit,false,0.000,0,423.634,385,GEOS_0.5x0.625/MERRA2/2019/07/MERRA2.20190701.A3cld.05x0625.nc4
2643.365,hit,false,0.000,0,423.664,386,GEOS_0.5x0.625/MERRA2/2019/07/MERRA2.20190701.A3cld.05x0625.nc4
2643.392,hit,false,0.000,0,423.692,386,GEOS_0.5x0.625/MERRA2/2019/07/MERRA2.20190701.A3cld.05x0625.nc4
2643.429,hit,false,0.000,0,423.729,386,GEOS_0.5x0.625/MERRA2/2019/07/MERRA2.20190701.A3cld.05x0625.nc4
2643.451,hit,false,0.000,0,423.751,386,GEOS_0.5x0.625/MERRA2/2019/07/MERRA2.20190701.A3cld.05x0625.nc4
2643.487,hit,false,0.000,0,423.786,386,GEOS_0.5x0.625/MERRA2/2019/07/MERRA2.20190701.A3cld.05x0625.nc4
2643.508,hit,false,0.000,0,423.807,386,GEOS_0.5x0.625/MERRA2/2019/07/MERRA2.20190701.A3cld.05x0625.nc4
2643.547,hit,false,0.000,0,423.847,386,GEOS_0.5x0.625/MERRA2/2019/07/MERRA2.20190701.A3cld.05x0625.nc4
2643.569,hit,false,0.000,0,423.869,386,GEOS_0.5x0.625/MERRA2/2019/07/MERRA2.20190701.A3cld.05x0625.nc4
2643.602,hit,false,0.000,0,423.899,387,GEOS_0.5x0.625/MERRA2/2019/07/MERRA2.20190701.A3cld.05x0625.nc4
2643.630,hit,false,0.000,0,423.927,387,GEOS_0.5x0.625/MERRA2/2019/07/MERRA2.20190701.A3cld.05x0625.nc4
2643.660,hit,false,0.000,0,423.958,387,GEOS_0.5x0.625/MERRA2/2019/07/MERRA2.20190701.A3cld.05x0625.nc4
2643.685,hit,false,0.000,0,423.983,387,GEOS_0.5x0.625/MERRA2/2019/07/MERRA2.20190701.A3cld.05x0625.nc4
2643.719,hit,false,0.000,0,424.016,387,GEOS_0.5x0.625/MERRA2/2019/07/MERRA2.20190701.A3cld.05x0625.nc4
2643.744,hit,false,0.000,0,424.041,387,GEOS_0.5x0.625/MERRA2/2019/07/MERRA2.20190701.A3cld.05x0625.nc4
2643.777,hit,false,0.000,0,424.075,387,GEOS_0.5x0.625/MERRA2/2019/07/MERRA2.20190701.A3cld.05x0625.nc4
2643.799,hit,false,0.000,0,424.096,387,GEOS_0.5x0.625/MERRA2/2019/07/MERRA2.20190701.A3cld.05x0625.nc4
2643.840,hit,false,0.000,0,424.135,388,GEOS_0.5x0.625/MERRA2/2019/07/MERRA2.20190701.A3cld.05x0625.nc4
2643.863,hit,false,0.000,0,424.158,388,GEOS_0.5x0.625/MERRA2/2019/07/MERRA2.20190701.A3cld.05x0625.nc4
2643.908,hit,false,0.000,0,424.204,388,GEOS_0.5x0.625/MERRA2/2019/07/MERRA2.20190701.A3cld.05x0625.nc4
2643.931,hit,false,0.000,0,424.227,388,GEOS_0.5x0.625/MERRA2/2019/07/MERRA2.20190701.A3cld.05x0625.nc4
2643.963,hit,false,0.000,0,424.259,388,GEOS_0.5x0.625/MERRA2/2019/07/MERRA2.20190701.A3cld.05x0625.nc4
2643.989,hit,false,0.000,0,424.285,388,GEOS_0.5x0.625/MERRA2/2019/07/MERRA2.20190701.A3cld.05x0625.nc4
2644.018,hit,false,0.000,0,424.314,388,GEOS_0.5x0.625/MERRA2/2019/07/MERRA2.20190701.A3cld.05x0625.nc4
2644.042,hit,false,0.000,0,424.338,388,GEOS_0.5x0.625/MERRA2/2019/07/MERRA2.20190701.A3cld.05x0625.nc4
2644.072,hit,false,0.000,0,424.364,389,GEOS_0.5x0.625/MERRA2/2019/07/MERRA2.20190701.A3cld.05x0625.nc4
2644.103,hit,false,0.000,0,424.396,389,GEOS_0.5x0.625/MERRA2/2019/07/MERRA2.20190701.A3cld.05x0625.nc4
2644.133,hit,false,0.000,0,424.425,389,GEOS_0.5x0.625/MERRA2/2019/07/MERRA2.20190701.A3cld.05x0625.nc4
2644.156,hit,false,0.000,0,424.449,389,GEOS_0.5x0.625/MERRA2/2019/07/MERRA2.20190701.A3cld.05x0625.nc4
2644.188,hit,false,0.000,0,424.481,389,GEOS_0.5x0.625/MERRA2/2019/07/MERRA2.20190701.A3cld.05x0625.nc4
2644.287,hit,false,0.000,0,424.580,389,GEOS_0.5x0.625/MERRA2/2019/07/MERRA2.20190701.A3cld.05x0625.nc4
2644.309,hit,false,0.000,0,424.601,389,GEOS_0.5x0.625/MERRA2/2019/07/MERRA2.20190701.A3cld.05x0625.nc4
2644.341,hit,false,0.000,0,424.633,389,GEOS_0.5x0.625/MERRA2/2019/07/MERRA2.20190701.A3cld.05x0625.nc4
2644.367,hit,false,0.000,0,424.553,390,GEOS_0.5x0.625/MERRA2/2019/07/MERRA2.20190701.A3cld.05x0625.nc4
2644.400,hit,false,0.000,0,424.586,390,GEOS_0.5x0.625/MERRA2/2019/07/MERRA2.20190701.A3cld.05x0625.nc4
2644.432,hit,false,0.000,0,424.617,390,GEOS_0.5x0.625/MERRA2/2019/07/MERRA2.20190701.A3cld.05x0625.nc4
2644.454,hit,false,0.000,0,424.640,390,GEOS_0.5x0.625/MERRA2/2019/07/MERRA2.20190701.A3cld.05x0625.nc4
2644.486,hit,false,0.000,0,424.672,390,GEOS_0.5x0.625/MERRA2/2019/07/MERRA2.20190701.A3cld.05x0625.nc4
2644.512,hit,false,0.000,0,424.697,390,GEOS_0.5x0.625/MERRA2/2019/07/MERRA2.20190701.A3cld.05x0625.nc4
2644.543,hit,false,0.000,0,424.729,390,GEOS_0.5x0.625/MERRA2/2019/07/MERRA2.20190701.A3cld.05x0625.nc4
2644.566,hit,false,0.000,0,424.751,390,GEOS_0.5x0.625/MERRA2/2019/07/MERRA2.20190701.A3cld.05x0625.nc4
2644.599,hit,false,0.000,0,424.782,391,GEOS_0.5x0.625/MERRA2/2019/07/MERRA2.20190701.A3cld.05x0625.nc4
2644.627,hit,false,0.000,0,424.810,391,GEOS_0.5x0.625/MERRA2/2019/07/MERRA2.20190701.A3cld.05x0625.nc4
2644.658,hit,false,0.000,0,424.841,391,GEOS_0.5x0.625/MERRA2/2019/07/MERRA2.20190701.A3cld.05x0625.nc4
2644.687,hit,false,0.000,0,424.870,391,GEOS_0.5x0.625/MERRA2/2019/07/MERRA2.20190701.A3cld.05x0625.nc4
2644.718,hit,false,0.000,0,424.901,391,GEOS_0.5x0.625/MERRA2/2019/07/MERRA2.20190701.A3cld.05x0625.nc4
2644.749,hit,false,0.000,0,424.932,391,GEOS_0.5x0.625/MERRA2/2019/07/MERRA2.20190701.A3cld.05x0625.nc4
2644.777,hit,false,0.000,0,424.960,391,GEOS_0.5x0.625/MERRA2/2019/07/MERRA2.20190701.A3cld.05x0625.nc4
2644.806,hit,false,0.000,0,424.989,391,GEOS_0.5x0.625/MERRA2/2019/07/MERRA2.20190701.A3cld.05x0625.nc4
2644.837,hit,false,0.000,0,425.116,392,GEOS_0.5x0.625/MERRA2/2019/07/MERRA2.20190701.A3cld.05x0625.nc4
2644.867,hit,false,0.000,0,425.147,392,GEOS_0.5x0.625/MERRA2/2019/07/MERRA2.20190701.A3cld.05x0625.nc4
2644.909,hit,false,0.000,0,425.189,392,GEOS_0.5x0.625/MERRA2/2019/07/MERRA2.20190701.A3cld.05x0625.nc4
2644.931,hit,false,0.000,0,425.211,392,GEOS_0.5x0.625/MERRA2/2019/07/MERRA2.20190701.A3cld.05x0625.nc4
2644.970,hit,false,0.000,0,425.249,392,GEOS_0.5x0.625/MERRA2/2019/07/MERRA2.20190701.A3cld.05x0625.nc4
2644.992,hit,false,0.000,0,425.271,392,GEOS_0.5x0.625/MERRA2/2019/07/MERRA2.20190701.A3cld.05x0625.nc4
2645.029,hit,false,0.000,0,425.308,392,GEOS_0.5x0.625/MERRA2/2019/07/MERRA2.20190701.A3cld.05x0625.nc4
2645.051,hit,false,0.000,0,425.331,392,GEOS_0.5x0.625/MERRA2/2019/07/MERRA2.20190701.A3cld.05x0625.nc4
2645.085,hit,false,0.000,0,425.363,393,GEOS_0.5x0.625/MERRA2/2019/07/MERRA2.20190701.A3cld.05x0625.nc4
2645.114,hit,false,0.000,0,425.391,393,GEOS_0.5x0.625/MERRA2/2019/07/MERRA2.20190701.A3cld.05x0625.nc4
2645.147,hit,false,0.000,0,425.425,393,GEOS_0.5x0.625/MERRA2/2019/07/MERRA2.20190701.A3cld.05x0625.nc4
2645.176,hit,false,0.000,0,425.454,393,GEOS_0.5x0.625/MERRA2/2019/07/MERRA2.20190701.A3cld.05x0625.nc4
2645.210,hit,false,0.000,0,425.488,393,GEOS_0.5x0.625/MERRA2/2019/07/MERRA2.20190701.A3cld.05x0625.nc4
2645.233,hit,false,0.000,0,425.510,393,GEOS_0.5x0.625/MERRA2/2019/07/MERRA2.20190701.A3cld.05x0625.nc4
2645.269,hit,false,0.000,0,425.547,393,GEOS_0.5x0.625/MERRA2/2019/07/MERRA2.20190701.A3cld.05x0625.nc4
2645.292,hit,false,0.000,0,425.569,393,GEOS_0.5x0.625/MERRA2/2019/07/MERRA2.20190701.A3cld.05x0625.nc4
2645.324,hit,false,0.000,0,425.600,394,GEOS_0.5x0.625/MERRA2/2019/07/MERRA2.20190701.A3cld.05x0625.nc4
2645.352,hit,false,0.000,0,425.627,394,GEOS_0.5x0.625/MERRA2/2019/07/MERRA2.20190701.A3cld.05x0625.nc4
2645.390,hit,false,0.000,0,425.666,394,GEOS_0.5x0.625/MERRA2/2019/07/MERRA2.20190701.A3cld.05x0625.nc4
2645.412,hit,false,0.000,0,425.687,394,GEOS_0.5x0.625/MERRA2/2019/07/MERRA2.20190701.A3cld.05x0625.nc4
2645.452,hit,false,0.000,0,425.728,394,GEOS_0.5x0.625/MERRA2/2019/07/MERRA2.20190701.A3cld.05x0625.nc4
2645.473,hit,false,0.000,0,425.749,394,GEOS_0.5x0.625/MERRA2/2019/07/MERRA2.20190701.A3cld.05x0625.nc4
2645.511,hit,false,0.000,0,425.786,394,GEOS_0.5x0.625/MERRA2/2019/07/MERRA2.20190701.A3cld.05x0625.nc4
2645.532,hit,false,0.000,0,425.808,394,GEOS_0.5x0.625/MERRA2/2019/07/MERRA2.20190701.A3cld.05x0625.nc4
2645.566,hit,false,0.000,0,425.839,395,GEOS_0.5x0.625/MERRA2/2019/07/MERRA2.20190701.A3cld.05x0625.nc4
2645.593,hit,false,0.000,0,425.867,395,GEOS_0.5x0.625/MERRA2/2019/07/MERRA2.20190701.A3cld.05x0625.nc4
2645.623,hit,false,0.000,0,425.897,395,GEOS_0.5x0.625/MERRA2/2019/07/MERRA2.20190701.A3cld.05x0625.nc4
2645.646,hit,false,0.000,0,425.920,395,GEOS_0.5x0.625/MERRA2/2019/07/MERRA2.20190701.A3cld.05x0625.nc4
2645.679,hit,false,0.000,0,425.953,395,GEOS_0.5x0.625/MERRA2/2019/07/MERRA2.20190701.A3cld.05x0625.nc4
2645.704,hit,false,0.000,0,425.978,395,GEOS_0.5x0.625/MERRA2/2019/07/MERRA2.20190701.A3cld.05x0625.nc4
2645.734,hit,false,0.000,0,426.008,395,GEOS_0.5x0.625/MERRA2/2019/07/MERRA2.20190701.A3cld.05x0625.nc4
2645.771,hit,false,0.000,0,426.045,395,GEOS_0.5x0.625/MERRA2/2019/07/MERRA2.20190701.A3cld.05x0625.nc4
2645.825,hit,false,0.000,0,426.097,396,GEOS_0.5x0.625/MERRA2/2019/07/MERRA2.20190701.A3cld.05x0625.nc4
2645.848,hit,false,0.000,0,426.120,396,GEOS_0.5x0.625/MERRA2/2019/07/MERRA2.20190701.A3cld.05x0625.nc4
2645.892,hit,false,0.000,0,426.163,396,GEOS_0.5x0.625/MERRA2/2019/07/MERRA2.20190701.A3cld.05x0625.nc4
2645.911,hit,false,0.000,0,426.183,396,GEOS_0.5x0.625/MERRA2/2019/07/MERRA2.20190701.A3cld.05x0625.nc4
2645.955,hit,false,0.000,0,426.226,396,GEOS_0.5x0.625/MERRA2/2019/07/MERRA2.20190701.A3cld.05x0625.nc4
2645.976,hit,false,0.000,0,426.247,396,GEOS_0.5x0.625/MERRA2/2019/07/MERRA2.20190701.A3cld.05x0625.nc4
2646.015,hit,false,0.000,0,426.286,396,GEOS_0.5x0.625/MERRA2/2019/07/MERRA2.20190701.A3cld.05x0625.nc4
2646.037,hit,false,0.000,0,426.308,396,GEOS_0.5x0.625/MERRA2/2019/07/MERRA2.20190701.A3cld.05x0625.nc4
2646.078,hit,false,0.000,0,426.348,397,GEOS_0.5x0.625/MERRA2/2019/07/MERRA2.20190701.A3cld.05x0625.nc4
2646.102,hit,false,0.000,0,426.371,397,GEOS_0.5x0.625/MERRA2/2019/07/MERRA2.20190701.A3cld.05x0625.nc4
2646.138,hit,false,0.000,0,426.408,397,GEOS_0.5x0.625/MERRA2/2019/07/MERRA2.20190701.A3cld.05x0625.nc4
2646.166,hit,false,0.000,0,426.435,397,GEOS_0.5x0.625/MERRA2/2019/07/MERRA2.20190701.A3cld.05x0625.nc4
2646.267,hit,false,0.000,0,426.536,397,GEOS_0.5x0.625/MERRA2/2019/07/MERRA2.20190701.A3cld.05x0625.nc4
2646.289,hit,false,0.000,0,426.558,397,GEOS_0.5x0.625/MERRA2/2019/07/MERRA2.20190701.A3cld.05x0625.nc4
2646.322,hit,false,0.000,0,426.592,397,GEOS_0.5x0.625/MERRA2/2019/07/MERRA2.20190701.A3cld.05x0625.nc4
2646.347,hit,false,0.000,0,426.616,397,GEOS_0.5x0.625/MERRA2/2019/07/MERRA2.20190701.A3cld.05x0625.nc4
2646.376,hit,false,0.000,0,426.644,398,GEOS_0.5x0.625/MERRA2/2019/07/MERRA2.20190701.A3cld.05x0625.nc4
2646.404,hit,false,0.000,0,426.672,398,GEOS_0.5x0.625/MERRA2/2019/07/MERRA2.20190701.A3cld.05x0625.nc4
2646.436,hit,false,0.000,0,426.704,398,GEOS_0.5x0.625/MERRA2/2019/07/MERRA2.20190701.A3cld.05x0625.nc4
2646.461,hit,false,0.000,0,426.729,398,GEOS_0.5x0.625/MERRA2/2019/07/MERRA2.20190701.A3cld.05x0625.nc4
2646.494,hit,false,0.000,0,426.762,398,GEOS_0.5x0.625/MERRA2/2019/07/MERRA2.20190701.A3cld.05x0625.nc4
2646.523,hit,false,0.000,0,426.791,398,GEOS_0.5x0.625/MERRA2/2019/07/MERRA2.20190701.A3cld.05x0625.nc4
2646.552,hit,false,0.000,0,426.820,398,GEOS_0.5x0.625/MERRA2/2019/07/MERRA2.20190701.A3cld.05x0625.nc4
2646.581,hit,false,0.000,0,426.848,398,GEOS_0.5x0.625/MERRA2/2019/07/MERRA2.20190701.A3cld.05x0625.nc4
2646.609,hit,false,0.000,0,426.875,399,GEOS_0.5x0.625/MERRA2/2019/07/MERRA2.20190701.A3cld.05x0625.nc4
2646.640,hit,false,0.000,0,426.907,399,GEOS_0.5x0.625/MERRA2/2019/07/MERRA2.20190701.A3cld.05x0625.nc4
2646.671,hit,false,0.000,0,426.937,399,GEOS_0.5x0.625/MERRA2/2019/07/MERRA2.20190701.A3cld.05x0625.nc4
2646.699,hit,false,0.000,0,426.965,399,GEOS_0.5x0.625/MERRA2/2019/07/MERRA2.20190701.A3cld.05x0625.nc4
2646.731,hit,false,0.000,0,426.998,399,GEOS_0.5x0.625/MERRA2/2019/07/MERRA2.20190701.A3cld.05x0625.nc4
2646.760,hit,false,0.000,0,427.027,399,GEOS_0.5x0.625/MERRA2/2019/07/MERRA2.20190701.A3cld.05x0625.nc4
2646.792,hit,false,0.000,0,427.058,399,GEOS_0.5x0.625/MERRA2/2019/07/MERRA2.20190701.A3cld.05x0625.nc4
2646.820,hit,false,0.000,0,427.086,399,GEOS_0.5x0.625/MERRA2/2019/07/MERRA2.20190701.A3cld.05x0625.nc4
2646.849,hit,false,0.000,0,427.104,400,GEOS_0.5x0.625/MERRA2/2019/07/MERRA2.20190701.A3cld.05x0625.nc4
2646.881,hit,false,0.000,0,427.137,400,GEOS_0.5x0.625/MERRA2/2019/07/MERRA2.20190701.A3cld.05x0625.nc4
2646.914,hit,false,0.000,0,427.170,400,GEOS_0.5x0.625/MERRA2/2019/07/MERRA2.20190701.A3cld.05x0625.nc4
2646.944,hit,false,0.000,0,427.199,400,GEOS_0.5x0.625/MERRA2/2019/07/MERRA2.20190701.A3cld.05x0625.nc4
2646.976,hit,false,0.000,0,427.232,400,GEOS_0.5x0.625/MERRA2/2019/07/MERRA2.20190701.A3cld.05x0625.nc4
2647.006,hit,false,0.000,0,427.261,400,GEOS_0.5x0.625/MERRA2/2019/07/MERRA2.20190701.A3cld.05x0625.nc4
2647.039,hit,false,0.000,0,427.295,400,GEOS_0.5x0.625/MERRA2/2019/07/MERRA2.20190701.A3cld.05x0625.nc4
2647.063,hit,false,0.000,0,427.319,400,GEOS_0.5x0.625/MERRA2/2019/07/MERRA2.20190701.A3cld.05x0625.nc4
2647.098,hit,false,0.000,0,427.352,401,GEOS_0.5x0.625/MERRA2/2019/07/MERRA2.20190701.A3cld.05x0625.nc4
2647.127,hit,false,0.000,0,427.381,401,GEOS_0.5x0.625/MERRA2/2019/07/MERRA2.20190701.A3cld.05x0625.nc4
2647.163,hit,false,0.000,0,427.417,401,GEOS_0.5x0.625/MERRA2/2019/07/MERRA2.20190701.A3cld.05x0625.nc4
2647.186,hit,false,0.000,0,427.439,401,GEOS_0.5x0.625/MERRA2/2019/07/MERRA2.20190701.A3cld.05x0625.nc4
2647.226,hit,false,0.000,0,427.480,401,GEOS_0.5x0.625/MERRA2/2019/07/MERRA2.20190701.A3cld.05x0625.nc4
2647.247,hit,false,0.000,0,427.501,401,GEOS_0.5x0.625/MERRA2/2019/07/MERRA2.20190701.A3cld.05x0625.nc4
2647.287,hit,false,0.000,0,427.541,401,GEOS_0.5x0.625/MERRA2/2019/07/MERRA2.20190701.A3cld.05x0625.nc4
2647.309,hit,false,0.000,0,427.563,401,GEOS_0.5x0.625/MERRA2/2019/07/MERRA2.20190701.A3cld.05x0625.nc4
2647.344,hit,false,0.000,0,427.579,402,GEOS_0.5x0.625/MERRA2/2019/07/MERRA2.20190701.A3cld.05x0625.nc4
2647.372,hit,false,0.000,0,427.607,402,GEOS_0.5x0.625/MERRA2/2019/07/MERRA2.20190701.A3cld.05x0625.nc4
2647.431,hit,false,0.000,0,427.666,402,GEOS_0.5x0.625/MERRA2/2019/07/MERRA2.20190701.A3cld.05x0625.nc4
2647.453,hit,false,0.000,0,427.688,402,GEOS_0.5x0.625/MERRA2/2019/07/MERRA2.20190701.A3cld.05x0625.nc4
2647.492,hit,false,0.000,0,427.727,402,GEOS_0.5x0.625/MERRA2/2019/07/MERRA2.20190701.A3cld.05x0625.nc4
2647.516,hit,false,0.000,0,427.751,402,GEOS_0.5x0.625/MERRA2/2019/07/MERRA2.20190701.A3cld.05x0625.nc4
2647.552,hit,false,0.000,0,427.787,402,GEOS_0.5x0.625/MERRA2/2019/07/MERRA2.20190701.A3cld.05x0625.nc4
2647.580,hit,false,0.000,0,427.815,402,GEOS_0.5x0.625/MERRA2/2019/07/MERRA2.20190701.A3cld.05x0625.nc4
2647.611,hit,false,0.000,0,427.844,403,GEOS_0.5x0.625/MERRA2/2019/07/MERRA2.20190701.A3cld.05x0625.nc4
2647.644,hit,false,0.000,0,427.877,403,GEOS_0.5x0.625/MERRA2/2019/07/MERRA2.20190701.A3cld.05x0625.nc4
2647.675,hit,false,0.000,0,427.908,403,GEOS_0.5x0.625/MERRA2/2019/07/MERRA2.20190701.A3cld.05x0625.nc4
2647.706,hit,false,0.000,0,427.939,403,GEOS_0.5x0.625/MERRA2/2019/07/MERRA2.20190701.A3cld.05x0625.nc4
2647.736,hit,false,0.000,0,427.969,403,GEOS_0.5x0.625/MERRA2/2019/07/MERRA2.20190701.A3cld.05x0625.nc4
2647.767,hit,false,0.000,0,428.001,403,GEOS_0.5x0.625/MERRA2/2019/07/MERRA2.20190701.A3cld.05x0625.nc4
2647.791,hit,false,0.000,0,428.024,403,GEOS_0.5x0.625/MERRA2/2019/07/MERRA2.20190701.A3cld.05x0625.nc4
2647.824,hit,false,0.000,0,428.057,403,GEOS_0.5x0.625/MERRA2/2019/07/MERRA2.20190701.A3cld.05x0625.nc4
2647.851,hit,false,0.000,0,428.082,404,GEOS_0.5x0.625/MERRA2/2019/07/MERRA2.20190701.A3cld.05x0625.nc4
2647.894,hit,false,0.000,0,428.125,404,GEOS_0.5x0.625/MERRA2/2019/07/MERRA2.20190701.A3cld.05x0625.nc4
