ms,kind,prefetched,wait_ms,inflight,lag_ms,chunk,key
905.031,open,false,-1.000,0,-1.000,259688793,GEOS_0.5x0.625/MERRA2/2019/07/MERRA2.20190701.A3mstC.05x0625.nc4
905.176,uncovered,false,25.242,0,-1.000,0,GEOS_0.5x0.625/MERRA2/2019/07/MERRA2.20190701.A3mstC.05x0625.nc4
930.588,hit,false,0.000,0,-1.000,0,GEOS_0.5x0.625/MERRA2/2019/07/MERRA2.20190701.A3mstC.05x0625.nc4
930.664,hit,false,0.000,0,-1.000,0,GEOS_0.5x0.625/MERRA2/2019/07/MERRA2.20190701.A3mstC.05x0625.nc4
930.788,hit,false,0.000,0,-1.000,0,GEOS_0.5x0.625/MERRA2/2019/07/MERRA2.20190701.A3mstC.05x0625.nc4
930.873,hit,false,0.000,0,-1.000,0,GEOS_0.5x0.625/MERRA2/2019/07/MERRA2.20190701.A3mstC.05x0625.nc4
930.942,hit,false,0.000,0,-1.000,0,GEOS_0.5x0.625/MERRA2/2019/07/MERRA2.20190701.A3mstC.05x0625.nc4
931.023,hit,false,0.000,0,-1.000,0,GEOS_0.5x0.625/MERRA2/2019/07/MERRA2.20190701.A3mstC.05x0625.nc4
931.086,hit,false,0.000,0,-1.000,0,GEOS_0.5x0.625/MERRA2/2019/07/MERRA2.20190701.A3mstC.05x0625.nc4
931.150,uncovered,false,25.377,0,-1.000,1,GEOS_0.5x0.625/MERRA2/2019/07/MERRA2.20190701.A3mstC.05x0625.nc4
931.221,uncovered,false,25.374,0,-1.000,1,GEOS_0.5x0.625/MERRA2/2019/07/MERRA2.20190701.A3mstC.05x0625.nc4
956.688,hit,false,0.000,0,-1.000,1,GEOS_0.5x0.625/MERRA2/2019/07/MERRA2.20190701.A3mstC.05x0625.nc4
956.717,hit,false,0.000,0,-1.000,1,GEOS_0.5x0.625/MERRA2/2019/07/MERRA2.20190701.A3mstC.05x0625.nc4
956.779,hit,false,0.000,0,-1.000,1,GEOS_0.5x0.625/MERRA2/2019/07/MERRA2.20190701.A3mstC.05x0625.nc4
956.810,hit,false,0.000,0,-1.000,1,GEOS_0.5x0.625/MERRA2/2019/07/MERRA2.20190701.A3mstC.05x0625.nc4
956.856,hit,false,0.000,0,-1.000,1,GEOS_0.5x0.625/MERRA2/2019/07/MERRA2.20190701.A3mstC.05x0625.nc4
956.888,hit,false,0.000,0,-1.000,1,GEOS_0.5x0.625/MERRA2/2019/07/MERRA2.20190701.A3mstC.05x0625.nc4
956.931,uncovered,false,29.222,0,-1.000,2,GEOS_0.5x0.625/MERRA2/2019/07/MERRA2.20190701.A3mstC.05x0625.nc4
956.986,uncovered,false,29.220,0,-1.000,2,GEOS_0.5x0.625/MERRA2/2019/07/MERRA2.20190701.A3mstC.05x0625.nc4
986.277,hit,false,0.000,0,-1.000,2,GEOS_0.5x0.625/MERRA2/2019/07/MERRA2.20190701.A3mstC.05x0625.nc4
986.304,hit,false,0.000,0,-1.000,2,GEOS_0.5x0.625/MERRA2/2019/07/MERRA2.20190701.A3mstC.05x0625.nc4
986.371,hit,false,0.000,0,-1.000,2,GEOS_0.5x0.625/MERRA2/2019/07/MERRA2.20190701.A3mstC.05x0625.nc4
986.402,hit,false,0.000,0,-1.000,2,GEOS_0.5x0.625/MERRA2/2019/07/MERRA2.20190701.A3mstC.05x0625.nc4
986.454,hit,false,0.000,0,-1.000,2,GEOS_0.5x0.625/MERRA2/2019/07/MERRA2.20190701.A3mstC.05x0625.nc4
986.505,hit,false,0.000,0,-1.000,2,GEOS_0.5x0.625/MERRA2/2019/07/MERRA2.20190701.A3mstC.05x0625.nc4
986.542,uncovered,false,32.218,0,-1.000,3,GEOS_0.5x0.625/MERRA2/2019/07/MERRA2.20190701.A3mstC.05x0625.nc4
986.711,uncovered,false,32.114,0,-1.000,3,GEOS_0.5x0.625/MERRA2/2019/07/MERRA2.20190701.A3mstC.05x0625.nc4
1018.857,hit,false,0.000,0,-1.000,3,GEOS_0.5x0.625/MERRA2/2019/07/MERRA2.20190701.A3mstC.05x0625.nc4
1018.898,hit,false,0.000,0,-1.000,3,GEOS_0.5x0.625/MERRA2/2019/07/MERRA2.20190701.A3mstC.05x0625.nc4
1018.935,hit,false,0.000,0,-1.000,3,GEOS_0.5x0.625/MERRA2/2019/07/MERRA2.20190701.A3mstC.05x0625.nc4
1018.972,hit,false,0.000,0,-1.000,3,GEOS_0.5x0.625/MERRA2/2019/07/MERRA2.20190701.A3mstC.05x0625.nc4
1019.007,hit,false,0.000,0,-1.000,3,GEOS_0.5x0.625/MERRA2/2019/07/MERRA2.20190701.A3mstC.05x0625.nc4
1019.053,hit,false,0.000,0,-1.000,3,GEOS_0.5x0.625/MERRA2/2019/07/MERRA2.20190701.A3mstC.05x0625.nc4
1019.079,uncovered,false,33.152,0,-1.000,4,GEOS_0.5x0.625/MERRA2/2019/07/MERRA2.20190701.A3mstC.05x0625.nc4
1019.131,uncovered,false,33.165,0,-1.000,4,GEOS_0.5x0.625/MERRA2/2019/07/MERRA2.20190701.A3mstC.05x0625.nc4
1052.361,hit,false,0.000,0,-1.000,4,GEOS_0.5x0.625/MERRA2/2019/07/MERRA2.20190701.A3mstC.05x0625.nc4
1052.394,hit,false,0.000,0,-1.000,4,GEOS_0.5x0.625/MERRA2/2019/07/MERRA2.20190701.A3mstC.05x0625.nc4
1052.436,hit,false,0.000,0,-1.000,4,GEOS_0.5x0.625/MERRA2/2019/07/MERRA2.20190701.A3mstC.05x0625.nc4
1052.472,hit,false,0.000,0,-1.000,4,GEOS_0.5x0.625/MERRA2/2019/07/MERRA2.20190701.A3mstC.05x0625.nc4
1052.506,hit,false,0.000,0,-1.000,4,GEOS_0.5x0.625/MERRA2/2019/07/MERRA2.20190701.A3mstC.05x0625.nc4
1052.545,hit,false,0.000,0,-1.000,4,GEOS_0.5x0.625/MERRA2/2019/07/MERRA2.20190701.A3mstC.05x0625.nc4
1052.580,uncovered,false,21.469,0,-1.000,5,GEOS_0.5x0.625/MERRA2/2019/07/MERRA2.20190701.A3mstC.05x0625.nc4
1052.617,uncovered,false,21.489,0,-1.000,5,GEOS_0.5x0.625/MERRA2/2019/07/MERRA2.20190701.A3mstC.05x0625.nc4
1074.148,hit,false,0.000,0,-1.000,5,GEOS_0.5x0.625/MERRA2/2019/07/MERRA2.20190701.A3mstC.05x0625.nc4
1074.191,hit,false,0.000,0,-1.000,5,GEOS_0.5x0.625/MERRA2/2019/07/MERRA2.20190701.A3mstC.05x0625.nc4
1074.230,hit,false,0.000,0,-1.000,5,GEOS_0.5x0.625/MERRA2/2019/07/MERRA2.20190701.A3mstC.05x0625.nc4
1074.267,hit,false,0.000,0,-1.000,5,GEOS_0.5x0.625/MERRA2/2019/07/MERRA2.20190701.A3mstC.05x0625.nc4
1074.307,hit,false,0.000,0,-1.000,5,GEOS_0.5x0.625/MERRA2/2019/07/MERRA2.20190701.A3mstC.05x0625.nc4
1074.345,hit,false,0.000,0,-1.000,5,GEOS_0.5x0.625/MERRA2/2019/07/MERRA2.20190701.A3mstC.05x0625.nc4
1074.379,uncovered,false,25.881,0,-1.000,6,GEOS_0.5x0.625/MERRA2/2019/07/MERRA2.20190701.A3mstC.05x0625.nc4
1074.423,uncovered,false,25.906,0,-1.000,6,GEOS_0.5x0.625/MERRA2/2019/07/MERRA2.20190701.A3mstC.05x0625.nc4
1100.376,hit,false,0.000,0,-1.000,6,GEOS_0.5x0.625/MERRA2/2019/07/MERRA2.20190701.A3mstC.05x0625.nc4
1100.488,hit,false,0.000,0,-1.000,6,GEOS_0.5x0.625/MERRA2/2019/07/MERRA2.20190701.A3mstC.05x0625.nc4
1100.519,hit,false,0.000,0,-1.000,6,GEOS_0.5x0.625/MERRA2/2019/07/MERRA2.20190701.A3mstC.05x0625.nc4
1100.566,hit,false,0.000,0,-1.000,6,GEOS_0.5x0.625/MERRA2/2019/07/MERRA2.20190701.A3mstC.05x0625.nc4
1100.596,hit,false,0.000,0,-1.000,6,GEOS_0.5x0.625/MERRA2/2019/07/MERRA2.20190701.A3mstC.05x0625.nc4
1100.645,hit,false,0.000,0,-1.000,6,GEOS_0.5x0.625/MERRA2/2019/07/MERRA2.20190701.A3mstC.05x0625.nc4
1100.675,uncovered,false,33.283,0,-1.000,7,GEOS_0.5x0.625/MERRA2/2019/07/MERRA2.20190701.A3mstC.05x0625.nc4
1100.726,uncovered,false,33.286,0,-1.000,7,GEOS_0.5x0.625/MERRA2/2019/07/MERRA2.20190701.A3mstC.05x0625.nc4
1134.055,hit,false,0.000,0,-1.000,7,GEOS_0.5x0.625/MERRA2/2019/07/MERRA2.20190701.A3mstC.05x0625.nc4
1134.099,hit,false,0.000,0,-1.000,7,GEOS_0.5x0.625/MERRA2/2019/07/MERRA2.20190701.A3mstC.05x0625.nc4
1134.138,hit,false,0.000,0,-1.000,7,GEOS_0.5x0.625/MERRA2/2019/07/MERRA2.20190701.A3mstC.05x0625.nc4
1134.179,hit,false,0.000,0,-1.000,7,GEOS_0.5x0.625/MERRA2/2019/07/MERRA2.20190701.A3mstC.05x0625.nc4
1134.220,hit,false,0.000,0,-1.000,7,GEOS_0.5x0.625/MERRA2/2019/07/MERRA2.20190701.A3mstC.05x0625.nc4
1134.259,hit,false,0.000,0,-1.000,7,GEOS_0.5x0.625/MERRA2/2019/07/MERRA2.20190701.A3mstC.05x0625.nc4
1134.294,uncovered,false,26.578,0,-1.000,8,GEOS_0.5x0.625/MERRA2/2019/07/MERRA2.20190701.A3mstC.05x0625.nc4
1134.340,uncovered,false,26.588,0,-1.000,8,GEOS_0.5x0.625/MERRA2/2019/07/MERRA2.20190701.A3mstC.05x0625.nc4
1161.168,hit,false,0.000,63,-1.000,8,GEOS_0.5x0.625/MERRA2/2019/07/MERRA2.20190701.A3mstC.05x0625.nc4
1161.357,hit,false,0.000,118,-1.000,8,GEOS_0.5x0.625/MERRA2/2019/07/MERRA2.20190701.A3mstC.05x0625.nc4
1161.384,hit,false,0.000,136,-1.000,8,GEOS_0.5x0.625/MERRA2/2019/07/MERRA2.20190701.A3mstC.05x0625.nc4
1161.540,hit,false,0.000,202,-1.000,8,GEOS_0.5x0.625/MERRA2/2019/07/MERRA2.20190701.A3mstC.05x0625.nc4
1161.549,hit,false,0.000,202,-1.000,8,GEOS_0.5x0.625/MERRA2/2019/07/MERRA2.20190701.A3mstC.05x0625.nc4
1161.807,hit,false,0.000,232,-1.000,8,GEOS_0.5x0.625/MERRA2/2019/07/MERRA2.20190701.A3mstC.05x0625.nc4
1161.846,uncovered,false,102.762,146,-1.000,9,GEOS_0.5x0.625/MERRA2/2019/07/MERRA2.20190701.A3mstC.05x0625.nc4
1161.921,uncovered,false,102.737,146,-1.000,9,GEOS_0.5x0.625/MERRA2/2019/07/MERRA2.20190701.A3mstC.05x0625.nc4
1264.779,hit,false,0.000,146,-1.000,9,GEOS_0.5x0.625/MERRA2/2019/07/MERRA2.20190701.A3mstC.05x0625.nc4
1264.821,hit,false,0.000,146,-1.000,9,GEOS_0.5x0.625/MERRA2/2019/07/MERRA2.20190701.A3mstC.05x0625.nc4
1264.889,hit,false,0.000,146,-1.000,9,GEOS_0.5x0.625/MERRA2/2019/07/MERRA2.20190701.A3mstC.05x0625.nc4
1264.940,hit,false,0.000,146,-1.000,9,GEOS_0.5x0.625/MERRA2/2019/07/MERRA2.20190701.A3mstC.05x0625.nc4
1264.973,hit,false,0.000,146,-1.000,9,GEOS_0.5x0.625/MERRA2/2019/07/MERRA2.20190701.A3mstC.05x0625.nc4
1265.022,hit,false,0.000,146,-1.000,9,GEOS_0.5x0.625/MERRA2/2019/07/MERRA2.20190701.A3mstC.05x0625.nc4
1265.064,uncovered,false,49.831,52,-1.000,10,GEOS_0.5x0.625/MERRA2/2019/07/MERRA2.20190701.A3mstC.05x0625.nc4
1265.106,uncovered,false,49.853,52,-1.000,10,GEOS_0.5x0.625/MERRA2/2019/07/MERRA2.20190701.A3mstC.05x0625.nc4
1315.061,hit,false,0.000,52,-1.000,10,GEOS_0.5x0.625/MERRA2/2019/07/MERRA2.20190701.A3mstC.05x0625.nc4
1315.062,hit,false,0.000,52,-1.000,10,GEOS_0.5x0.625/MERRA2/2019/07/MERRA2.20190701.A3mstC.05x0625.nc4
1315.156,hit,false,0.000,52,-1.000,10,GEOS_0.5x0.625/MERRA2/2019/07/MERRA2.20190701.A3mstC.05x0625.nc4
1315.189,hit,false,0.000,52,-1.000,10,GEOS_0.5x0.625/MERRA2/2019/07/MERRA2.20190701.A3mstC.05x0625.nc4
1315.242,hit,false,0.000,52,-1.000,10,GEOS_0.5x0.625/MERRA2/2019/07/MERRA2.20190701.A3mstC.05x0625.nc4
1315.266,hit,false,0.000,52,-1.000,10,GEOS_0.5x0.625/MERRA2/2019/07/MERRA2.20190701.A3mstC.05x0625.nc4
1315.311,uncovered,false,28.671,12,-1.000,11,GEOS_0.5x0.625/MERRA2/2019/07/MERRA2.20190701.A3mstC.05x0625.nc4
1315.356,uncovered,false,28.692,12,-1.000,11,GEOS_0.5x0.625/MERRA2/2019/07/MERRA2.20190701.A3mstC.05x0625.nc4
1344.085,hit,false,0.000,12,-1.000,11,GEOS_0.5x0.625/MERRA2/2019/07/MERRA2.20190701.A3mstC.05x0625.nc4
1344.126,hit,false,0.000,12,-1.000,11,GEOS_0.5x0.625/MERRA2/2019/07/MERRA2.20190701.A3mstC.05x0625.nc4
1344.157,hit,false,0.000,12,-1.000,11,GEOS_0.5x0.625/MERRA2/2019/07/MERRA2.20190701.A3mstC.05x0625.nc4
1344.188,hit,false,0.000,12,-1.000,11,GEOS_0.5x0.625/MERRA2/2019/07/MERRA2.20190701.A3mstC.05x0625.nc4
1344.222,hit,false,0.000,12,-1.000,11,GEOS_0.5x0.625/MERRA2/2019/07/MERRA2.20190701.A3mstC.05x0625.nc4
1344.247,hit,false,0.000,12,-1.000,11,GEOS_0.5x0.625/MERRA2/2019/07/MERRA2.20190701.A3mstC.05x0625.nc4
1344.280,uncovered,false,24.122,4,-1.000,12,GEOS_0.5x0.625/MERRA2/2019/07/MERRA2.20190701.A3mstC.05x0625.nc4
1344.318,uncovered,false,24.100,4,-1.000,12,GEOS_0.5x0.625/MERRA2/2019/07/MERRA2.20190701.A3mstC.05x0625.nc4
1368.525,hit,false,0.000,4,-1.000,12,GEOS_0.5x0.625/MERRA2/2019/07/MERRA2.20190701.A3mstC.05x0625.nc4
1368.548,hit,false,0.000,4,-1.000,12,GEOS_0.5x0.625/MERRA2/2019/07/MERRA2.20190701.A3mstC.05x0625.nc4
1368.586,hit,false,0.000,4,-1.000,12,GEOS_0.5x0.625/MERRA2/2019/07/MERRA2.20190701.A3mstC.05x0625.nc4
1368.612,hit,false,0.000,4,-1.000,12,GEOS_0.5x0.625/MERRA2/2019/07/MERRA2.20190701.A3mstC.05x0625.nc4
1368.648,hit,false,0.000,4,-1.000,12,GEOS_0.5x0.625/MERRA2/2019/07/MERRA2.20190701.A3mstC.05x0625.nc4
1368.670,hit,false,0.000,4,-1.000,12,GEOS_0.5x0.625/MERRA2/2019/07/MERRA2.20190701.A3mstC.05x0625.nc4
1368.716,uncovered,false,28.252,1,-1.000,13,GEOS_0.5x0.625/MERRA2/2019/07/MERRA2.20190701.A3mstC.05x0625.nc4
1368.743,uncovered,false,28.293,1,-1.000,13,GEOS_0.5x0.625/MERRA2/2019/07/MERRA2.20190701.A3mstC.05x0625.nc4
1397.135,hit,false,0.000,1,-1.000,13,GEOS_0.5x0.625/MERRA2/2019/07/MERRA2.20190701.A3mstC.05x0625.nc4
1397.159,hit,false,0.000,1,-1.000,13,GEOS_0.5x0.625/MERRA2/2019/07/MERRA2.20190701.A3mstC.05x0625.nc4
1397.202,hit,false,0.000,1,-1.000,13,GEOS_0.5x0.625/MERRA2/2019/07/MERRA2.20190701.A3mstC.05x0625.nc4
1397.224,hit,false,0.000,1,-1.000,13,GEOS_0.5x0.625/MERRA2/2019/07/MERRA2.20190701.A3mstC.05x0625.nc4
1397.265,hit,false,0.000,1,-1.000,13,GEOS_0.5x0.625/MERRA2/2019/07/MERRA2.20190701.A3mstC.05x0625.nc4
1397.288,hit,false,0.000,1,-1.000,13,GEOS_0.5x0.625/MERRA2/2019/07/MERRA2.20190701.A3mstC.05x0625.nc4
1397.320,uncovered,false,60.882,0,-1.000,14,GEOS_0.5x0.625/MERRA2/2019/07/MERRA2.20190701.A3mstC.05x0625.nc4
1397.349,uncovered,false,60.912,0,-1.000,14,GEOS_0.5x0.625/MERRA2/2019/07/MERRA2.20190701.A3mstC.05x0625.nc4
1458.287,hit,false,0.000,0,-1.000,14,GEOS_0.5x0.625/MERRA2/2019/07/MERRA2.20190701.A3mstC.05x0625.nc4
1458.336,hit,false,0.000,0,-1.000,14,GEOS_0.5x0.625/MERRA2/2019/07/MERRA2.20190701.A3mstC.05x0625.nc4
1458.357,hit,false,0.000,0,-1.000,14,GEOS_0.5x0.625/MERRA2/2019/07/MERRA2.20190701.A3mstC.05x0625.nc4
1458.396,hit,false,0.000,0,-1.000,14,GEOS_0.5x0.625/MERRA2/2019/07/MERRA2.20190701.A3mstC.05x0625.nc4
1458.422,hit,false,0.000,0,-1.000,14,GEOS_0.5x0.625/MERRA2/2019/07/MERRA2.20190701.A3mstC.05x0625.nc4
1458.451,hit,false,0.000,0,-1.000,14,GEOS_0.5x0.625/MERRA2/2019/07/MERRA2.20190701.A3mstC.05x0625.nc4
1458.477,uncovered,false,30.719,0,-1.000,15,GEOS_0.5x0.625/MERRA2/2019/07/MERRA2.20190701.A3mstC.05x0625.nc4
1458.509,uncovered,false,30.753,0,-1.000,15,GEOS_0.5x0.625/MERRA2/2019/07/MERRA2.20190701.A3mstC.05x0625.nc4
1489.274,hit,false,0.000,0,-1.000,15,GEOS_0.5x0.625/MERRA2/2019/07/MERRA2.20190701.A3mstC.05x0625.nc4
1489.327,hit,false,0.000,0,-1.000,15,GEOS_0.5x0.625/MERRA2/2019/07/MERRA2.20190701.A3mstC.05x0625.nc4
1489.348,hit,false,0.000,0,-1.000,15,GEOS_0.5x0.625/MERRA2/2019/07/MERRA2.20190701.A3mstC.05x0625.nc4
1489.387,hit,false,0.000,0,-1.000,15,GEOS_0.5x0.625/MERRA2/2019/07/MERRA2.20190701.A3mstC.05x0625.nc4
1489.411,hit,false,0.000,0,-1.000,15,GEOS_0.5x0.625/MERRA2/2019/07/MERRA2.20190701.A3mstC.05x0625.nc4
1489.443,hit,false,0.000,0,-1.000,15,GEOS_0.5x0.625/MERRA2/2019/07/MERRA2.20190701.A3mstC.05x0625.nc4
1489.470,hit,false,0.000,0,328.411,16,GEOS_0.5x0.625/MERRA2/2019/07/MERRA2.20190701.A3mstC.05x0625.nc4
1489.498,hit,false,0.000,0,328.438,16,GEOS_0.5x0.625/MERRA2/2019/07/MERRA2.20190701.A3mstC.05x0625.nc4
1489.569,hit,false,0.000,0,328.510,16,GEOS_0.5x0.625/MERRA2/2019/07/MERRA2.20190701.A3mstC.05x0625.nc4
1489.573,hit,false,0.000,0,328.514,16,GEOS_0.5x0.625/MERRA2/2019/07/MERRA2.20190701.A3mstC.05x0625.nc4
1489.642,hit,false,0.000,0,328.583,16,GEOS_0.5x0.625/MERRA2/2019/07/MERRA2.20190701.A3mstC.05x0625.nc4
1489.666,hit,false,0.000,0,328.607,16,GEOS_0.5x0.625/MERRA2/2019/07/MERRA2.20190701.A3mstC.05x0625.nc4
1489.712,hit,false,0.000,0,328.652,16,GEOS_0.5x0.625/MERRA2/2019/07/MERRA2.20190701.A3mstC.05x0625.nc4
1489.734,hit,false,0.000,0,328.675,16,GEOS_0.5x0.625/MERRA2/2019/07/MERRA2.20190701.A3mstC.05x0625.nc4
1489.776,hit,false,0.000,0,328.695,17,GEOS_0.5x0.625/MERRA2/2019/07/MERRA2.20190701.A3mstC.05x0625.nc4
1489.802,hit,false,0.000,0,328.721,17,GEOS_0.5x0.625/MERRA2/2019/07/MERRA2.20190701.A3mstC.05x0625.nc4
1489.835,hit,false,0.000,0,328.753,17,GEOS_0.5x0.625/MERRA2/2019/07/MERRA2.20190701.A3mstC.05x0625.nc4
1489.861,hit,false,0.000,0,328.779,17,GEOS_0.5x0.625/MERRA2/2019/07/MERRA2.20190701.A3mstC.05x0625.nc4
1489.895,hit,false,0.000,0,328.813,17,GEOS_0.5x0.625/MERRA2/2019/07/MERRA2.20190701.A3mstC.05x0625.nc4
1489.919,hit,false,0.000,0,328.837,17,GEOS_0.5x0.625/MERRA2/2019/07/MERRA2.20190701.A3mstC.05x0625.nc4
1489.961,hit,false,0.000,0,328.880,17,GEOS_0.5x0.625/MERRA2/2019/07/MERRA2.20190701.A3mstC.05x0625.nc4
1489.987,hit,false,0.000,0,328.906,17,GEOS_0.5x0.625/MERRA2/2019/07/MERRA2.20190701.A3mstC.05x0625.nc4
1490.024,hit,false,0.000,0,328.941,18,GEOS_0.5x0.625/MERRA2/2019/07/MERRA2.20190701.A3mstC.05x0625.nc4
1490.053,hit,false,0.000,0,328.970,18,GEOS_0.5x0.625/MERRA2/2019/07/MERRA2.20190701.A3mstC.05x0625.nc4
1490.094,hit,false,0.000,0,329.011,18,GEOS_0.5x0.625/MERRA2/2019/07/MERRA2.20190701.A3mstC.05x0625.nc4
1490.118,hit,false,0.000,0,329.035,18,GEOS_0.5x0.625/MERRA2/2019/07/MERRA2.20190701.A3mstC.05x0625.nc4
1490.158,hit,false,0.000,0,329.075,18,GEOS_0.5x0.625/MERRA2/2019/07/MERRA2.20190701.A3mstC.05x0625.nc4
1490.185,hit,false,0.000,0,329.102,18,GEOS_0.5x0.625/MERRA2/2019/07/MERRA2.20190701.A3mstC.05x0625.nc4
1490.223,hit,false,0.000,0,329.140,18,GEOS_0.5x0.625/MERRA2/2019/07/MERRA2.20190701.A3mstC.05x0625.nc4
1490.248,hit,false,0.000,0,329.164,18,GEOS_0.5x0.625/MERRA2/2019/07/MERRA2.20190701.A3mstC.05x0625.nc4
1490.285,hit,false,0.000,0,329.200,19,GEOS_0.5x0.625/MERRA2/2019/07/MERRA2.20190701.A3mstC.05x0625.nc4
1490.314,hit,false,0.000,0,329.229,19,GEOS_0.5x0.625/MERRA2/2019/07/MERRA2.20190701.A3mstC.05x0625.nc4
1490.357,hit,false,0.000,0,329.272,19,GEOS_0.5x0.625/MERRA2/2019/07/MERRA2.20190701.A3mstC.05x0625.nc4
1490.380,hit,false,0.000,0,329.296,19,GEOS_0.5x0.625/MERRA2/2019/07/MERRA2.20190701.A3mstC.05x0625.nc4
1490.422,hit,false,0.000,0,329.337,19,GEOS_0.5x0.625/MERRA2/2019/07/MERRA2.20190701.A3mstC.05x0625.nc4
1490.445,hit,false,0.000,0,329.360,19,GEOS_0.5x0.625/MERRA2/2019/07/MERRA2.20190701.A3mstC.05x0625.nc4
1490.486,hit,false,0.000,0,329.402,19,GEOS_0.5x0.625/MERRA2/2019/07/MERRA2.20190701.A3mstC.05x0625.nc4
1490.511,hit,false,0.000,0,329.426,19,GEOS_0.5x0.625/MERRA2/2019/07/MERRA2.20190701.A3mstC.05x0625.nc4
1490.552,hit,false,0.000,0,329.466,20,GEOS_0.5x0.625/MERRA2/2019/07/MERRA2.20190701.A3mstC.05x0625.nc4
1490.581,hit,false,0.000,0,329.494,20,GEOS_0.5x0.625/MERRA2/2019/07/MERRA2.20190701.A3mstC.05x0625.nc4
1490.617,hit,false,0.000,0,329.530,20,GEOS_0.5x0.625/MERRA2/2019/07/MERRA2.20190701.A3mstC.05x0625.nc4
1490.644,hit,false,0.000,0,329.557,20,GEOS_0.5x0.625/MERRA2/2019/07/MERRA2.20190701.A3mstC.05x0625.nc4
1490.674,hit,false,0.000,0,329.587,20,GEOS_0.5x0.625/MERRA2/2019/07/MERRA2.20190701.A3mstC.05x0625.nc4
1490.708,hit,false,0.000,0,329.622,20,GEOS_0.5x0.625/MERRA2/2019/07/MERRA2.20190701.A3mstC.05x0625.nc4
1490.739,hit,false,0.000,0,329.652,20,GEOS_0.5x0.625/MERRA2/2019/07/MERRA2.20190701.A3mstC.05x0625.nc4
1490.762,hit,false,0.000,0,329.676,20,GEOS_0.5x0.625/MERRA2/2019/07/MERRA2.20190701.A3mstC.05x0625.nc4
1490.797,hit,false,0.000,0,329.708,21,GEOS_0.5x0.625/MERRA2/2019/07/MERRA2.20190701.A3mstC.05x0625.nc4
1490.909,hit,false,0.000,0,329.820,21,GEOS_0.5x0.625/MERRA2/2019/07/MERRA2.20190701.A3mstC.05x0625.nc4
1490.931,hit,false,0.000,0,329.842,21,GEOS_0.5x0.625/MERRA2/2019/07/MERRA2.20190701.A3mstC.05x0625.nc4
1490.971,hit,false,0.000,0,329.883,21,GEOS_0.5x0.625/MERRA2/2019/07/MERRA2.20190701.A3mstC.05x0625.nc4
1490.995,hit,false,0.000,0,329.906,21,GEOS_0.5x0.625/MERRA2/2019/07/MERRA2.20190701.A3mstC.05x0625.nc4
1491.030,hit,false,0.000,0,329.942,21,GEOS_0.5x0.625/MERRA2/2019/07/MERRA2.20190701.A3mstC.05x0625.nc4
1491.057,hit,false,0.000,0,329.968,21,GEOS_0.5x0.625/MERRA2/2019/07/MERRA2.20190701.A3mstC.05x0625.nc4
1491.090,hit,false,0.000,0,330.001,21,GEOS_0.5x0.625/MERRA2/2019/07/MERRA2.20190701.A3mstC.05x0625.nc4
1491.114,hit,false,0.000,0,330.024,22,GEOS_0.5x0.625/MERRA2/2019/07/MERRA2.20190701.A3mstC.05x0625.nc4
1491.154,hit,false,0.000,0,330.064,22,GEOS_0.5x0.625/MERRA2/2019/07/MERRA2.20190701.A3mstC.05x0625.nc4
1491.180,hit,false,0.000,0,330.090,22,GEOS_0.5x0.625/MERRA2/2019/07/MERRA2.20190701.A3mstC.05x0625.nc4
1491.213,hit,false,0.000,0,330.123,22,GEOS_0.5x0.625/MERRA2/2019/07/MERRA2.20190701.A3mstC.05x0625.nc4
1491.240,hit,false,0.000,0,330.149,22,GEOS_0.5x0.625/MERRA2/2019/07/MERRA2.20190701.A3mstC.05x0625.nc4
1491.271,hit,false,0.000,0,330.181,22,GEOS_0.5x0.625/MERRA2/2019/07/MERRA2.20190701.A3mstC.05x0625.nc4
1491.297,hit,false,0.000,0,330.207,22,GEOS_0.5x0.625/MERRA2/2019/07/MERRA2.20190701.A3mstC.05x0625.nc4
1491.330,hit,false,0.000,0,330.239,22,GEOS_0.5x0.625/MERRA2/2019/07/MERRA2.20190701.A3mstC.05x0625.nc4
1491.357,hit,false,0.000,0,330.265,23,GEOS_0.5x0.625/MERRA2/2019/07/MERRA2.20190701.A3mstC.05x0625.nc4
1491.390,hit,false,0.000,0,330.298,23,GEOS_0.5x0.625/MERRA2/2019/07/MERRA2.20190701.A3mstC.05x0625.nc4
1491.420,hit,false,0.000,0,330.328,23,GEOS_0.5x0.625/MERRA2/2019/07/MERRA2.20190701.A3mstC.05x0625.nc4
1491.449,hit,false,0.000,0,330.357,23,GEOS_0.5x0.625/MERRA2/2019/07/MERRA2.20190701.A3mstC.05x0625.nc4
1491.481,hit,false,0.000,0,330.389,23,GEOS_0.5x0.625/MERRA2/2019/07/MERRA2.20190701.A3mstC.05x0625.nc4
1491.506,hit,false,0.000,0,330.414,23,GEOS_0.5x0.625/MERRA2/2019/07/MERRA2.20190701.A3mstC.05x0625.nc4
1491.539,hit,false,0.000,0,330.446,23,GEOS_0.5x0.625/MERRA2/2019/07/MERRA2.20190701.A3mstC.05x0625.nc4
1491.565,hit,false,0.000,0,330.473,23,GEOS_0.5x0.625/MERRA2/2019/07/MERRA2.20190701.A3mstC.05x0625.nc4
1491.598,hit,false,0.000,0,330.521,24,GEOS_0.5x0.625/MERRA2/2019/07/MERRA2.20190701.A3mstC.05x0625.nc4
1491.626,hit,false,0.000,0,330.549,24,GEOS_0.5x0.625/MERRA2/2019/07/MERRA2.20190701.A3mstC.05x0625.nc4
1491.673,hit,false,0.000,0,330.595,24,GEOS_0.5x0.625/MERRA2/2019/07/MERRA2.20190701.A3mstC.05x0625.nc4
1491.698,hit,false,0.000,0,330.620,24,GEOS_0.5x0.625/MERRA2/2019/07/MERRA2.20190701.A3mstC.05x0625.nc4
1491.734,hit,false,0.000,0,330.656,24,GEOS_0.5x0.625/MERRA2/2019/07/MERRA2.20190701.A3mstC.05x0625.nc4
1491.759,hit,false,0.000,0,330.682,24,GEOS_0.5x0.625/MERRA2/2019/07/MERRA2.20190701.A3mstC.05x0625.nc4
1491.792,hit,false,0.000,0,330.714,24,GEOS_0.5x0.625/MERRA2/2019/07/MERRA2.20190701.A3mstC.05x0625.nc4
1491.822,hit,false,0.000,0,330.745,24,GEOS_0.5x0.625/MERRA2/2019/07/MERRA2.20190701.A3mstC.05x0625.nc4
1491.854,hit,false,0.000,0,330.774,25,GEOS_0.5x0.625/MERRA2/2019/07/MERRA2.20190701.A3mstC.05x0625.nc4
1491.886,hit,false,0.000,0,330.806,25,GEOS_0.5x0.625/MERRA2/2019/07/MERRA2.20190701.A3mstC.05x0625.nc4
1491.918,hit,false,0.000,0,330.839,25,GEOS_0.5x0.625/MERRA2/2019/07/MERRA2.20190701.A3mstC.05x0625.nc4
1491.950,hit,false,0.000,0,330.870,25,GEOS_0.5x0.625/MERRA2/2019/07/MERRA2.20190701.A3mstC.05x0625.nc4
1491.980,hit,false,0.000,0,330.900,25,GEOS_0.5x0.625/MERRA2/2019/07/MERRA2.20190701.A3mstC.05x0625.nc4
1492.013,hit,false,0.000,0,330.933,25,GEOS_0.5x0.625/MERRA2/2019/07/MERRA2.20190701.A3mstC.05x0625.nc4
1492.041,hit,false,0.000,0,330.961,25,GEOS_0.5x0.625/MERRA2/2019/07/MERRA2.20190701.A3mstC.05x0625.nc4
1492.075,hit,false,0.000,0,330.995,25,GEOS_0.5x0.625/MERRA2/2019/07/MERRA2.20190701.A3mstC.05x0625.nc4
1492.107,hit,false,0.000,0,331.025,26,GEOS_0.5x0.625/MERRA2/2019/07/MERRA2.20190701.A3mstC.05x0625.nc4
1492.142,hit,false,0.000,0,331.060,26,GEOS_0.5x0.625/MERRA2/2019/07/MERRA2.20190701.A3mstC.05x0625.nc4
1492.175,hit,false,0.000,0,331.093,26,GEOS_0.5x0.625/MERRA2/2019/07/MERRA2.20190701.A3mstC.05x0625.nc4
1492.206,hit,false,0.000,0,331.124,26,GEOS_0.5x0.625/MERRA2/2019/07/MERRA2.20190701.A3mstC.05x0625.nc4
1492.238,hit,false,0.000,0,331.156,26,GEOS_0.5x0.625/MERRA2/2019/07/MERRA2.20190701.A3mstC.05x0625.nc4
1492.267,hit,false,0.000,0,331.185,26,GEOS_0.5x0.625/MERRA2/2019/07/MERRA2.20190701.A3mstC.05x0625.nc4
1492.302,hit,false,0.000,0,331.220,26,GEOS_0.5x0.625/MERRA2/2019/07/MERRA2.20190701.A3mstC.05x0625.nc4
1492.330,hit,false,0.000,0,331.248,26,GEOS_0.5x0.625/MERRA2/2019/07/MERRA2.20190701.A3mstC.05x0625.nc4
1492.363,hit,false,0.000,0,331.279,27,GEOS_0.5x0.625/MERRA2/2019/07/MERRA2.20190701.A3mstC.05x0625.nc4
1492.395,hit,false,0.000,0,331.312,27,GEOS_0.5x0.625/MERRA2/2019/07/MERRA2.20190701.A3mstC.05x0625.nc4
1492.427,hit,false,0.000,0,331.343,27,GEOS_0.5x0.625/MERRA2/2019/07/MERRA2.20190701.A3mstC.05x0625.nc4
1492.462,hit,false,0.000,0,331.378,27,GEOS_0.5x0.625/MERRA2/2019/07/MERRA2.20190701.A3mstC.05x0625.nc4
1492.488,hit,false,0.000,0,331.405,27,GEOS_0.5x0.625/MERRA2/2019/07/MERRA2.20190701.A3mstC.05x0625.nc4
1492.521,hit,false,0.000,0,331.437,27,GEOS_0.5x0.625/MERRA2/2019/07/MERRA2.20190701.A3mstC.05x0625.nc4
1492.577,hit,false,0.000,0,331.493,27,GEOS_0.5x0.625/MERRA2/2019/07/MERRA2.20190701.A3mstC.05x0625.nc4
1492.600,hit,false,0.000,0,331.517,27,GEOS_0.5x0.625/MERRA2/2019/07/MERRA2.20190701.A3mstC.05x0625.nc4
1492.635,hit,false,0.000,0,331.550,28,GEOS_0.5x0.625/MERRA2/2019/07/MERRA2.20190701.A3mstC.05x0625.nc4
1492.664,hit,false,0.000,0,331.579,28,GEOS_0.5x0.625/MERRA2/2019/07/MERRA2.20190701.A3mstC.05x0625.nc4
1492.698,hit,false,0.000,0,331.613,28,GEOS_0.5x0.625/MERRA2/2019/07/MERRA2.20190701.A3mstC.05x0625.nc4
1492.724,hit,false,0.000,0,331.639,28,GEOS_0.5x0.625/MERRA2/2019/07/MERRA2.20190701.A3mstC.05x0625.nc4
1492.759,hit,false,0.000,0,331.674,28,GEOS_0.5x0.625/MERRA2/2019/07/MERRA2.20190701.A3mstC.05x0625.nc4
1492.783,hit,false,0.000,0,331.698,28,GEOS_0.5x0.625/MERRA2/2019/07/MERRA2.20190701.A3mstC.05x0625.nc4
1492.822,hit,false,0.000,0,331.737,28,GEOS_0.5x0.625/MERRA2/2019/07/MERRA2.20190701.A3mstC.05x0625.nc4
1492.846,hit,false,0.000,0,331.760,28,GEOS_0.5x0.625/MERRA2/2019/07/MERRA2.20190701.A3mstC.05x0625.nc4
1492.962,hit,false,0.000,0,331.875,29,GEOS_0.5x0.625/MERRA2/2019/07/MERRA2.20190701.A3mstC.05x0625.nc4
1492.988,hit,false,0.000,0,331.901,29,GEOS_0.5x0.625/MERRA2/2019/07/MERRA2.20190701.A3mstC.05x0625.nc4
1493.024,hit,false,0.000,0,331.937,29,GEOS_0.5x0.625/MERRA2/2019/07/MERRA2.20190701.A3mstC.05x0625.nc4
1493.050,hit,false,0.000,0,331.962,29,GEOS_0.5x0.625/MERRA2/2019/07/MERRA2.20190701.A3mstC.05x0625.nc4
1493.084,hit,false,0.000,0,331.997,29,GEOS_0.5x0.625/MERRA2/2019/07/MERRA2.20190701.A3mstC.05x0625.nc4
1493.109,hit,false,0.000,0,332.022,29,GEOS_0.5x0.625/MERRA2/2019/07/MERRA2.20190701.A3mstC.05x0625.nc4
1493.144,hit,false,0.000,0,332.057,29,GEOS_0.5x0.625/MERRA2/2019/07/MERRA2.20190701.A3mstC.05x0625.nc4
1493.169,hit,false,0.000,0,332.082,29,GEOS_0.5x0.625/MERRA2/2019/07/MERRA2.20190701.A3mstC.05x0625.nc4
1493.203,hit,false,0.000,0,332.114,30,GEOS_0.5x0.625/MERRA2/2019/07/MERRA2.20190701.A3mstC.05x0625.nc4
1493.231,hit,false,0.000,0,332.141,30,GEOS_0.5x0.625/MERRA2/2019/07/MERRA2.20190701.A3mstC.05x0625.nc4
1493.266,hit,false,0.000,0,332.177,30,GEOS_0.5x0.625/MERRA2/2019/07/MERRA2.20190701.A3mstC.05x0625.nc4
1493.295,hit,false,0.000,0,332.206,30,GEOS_0.5x0.625/MERRA2/2019/07/MERRA2.20190701.A3mstC.05x0625.nc4
1493.328,hit,false,0.000,0,332.239,30,GEOS_0.5x0.625/MERRA2/2019/07/MERRA2.20190701.A3mstC.05x0625.nc4
1493.353,hit,false,0.000,0,332.264,30,GEOS_0.5x0.625/MERRA2/2019/07/MERRA2.20190701.A3mstC.05x0625.nc4
1493.385,hit,false,0.000,0,332.296,30,GEOS_0.5x0.625/MERRA2/2019/07/MERRA2.20190701.A3mstC.05x0625.nc4
1493.411,hit,false,0.000,0,332.322,30,GEOS_0.5x0.625/MERRA2/2019/07/MERRA2.20190701.A3mstC.05x0625.nc4
1493.443,hit,false,0.000,0,332.352,31,GEOS_0.5x0.625/MERRA2/2019/07/MERRA2.20190701.A3mstC.05x0625.nc4
1493.476,hit,false,0.000,0,332.384,31,GEOS_0.5x0.625/MERRA2/2019/07/MERRA2.20190701.A3mstC.05x0625.nc4
1493.498,hit,false,0.000,0,332.407,31,GEOS_0.5x0.625/MERRA2/2019/07/MERRA2.20190701.A3mstC.05x0625.nc4
1493.535,hit,false,0.000,0,332.444,31,GEOS_0.5x0.625/MERRA2/2019/07/MERRA2.20190701.A3mstC.05x0625.nc4
1493.559,hit,false,0.000,0,332.467,31,GEOS_0.5x0.625/MERRA2/2019/07/MERRA2.20190701.A3mstC.05x0625.nc4
1493.590,hit,false,0.000,0,332.498,31,GEOS_0.5x0.625/MERRA2/2019/07/MERRA2.20190701.A3mstC.05x0625.nc4
1493.619,hit,false,0.000,0,332.527,31,GEOS_0.5x0.625/MERRA2/2019/07/MERRA2.20190701.A3mstC.05x0625.nc4
1493.641,hit,false,0.000,0,332.549,31,GEOS_0.5x0.625/MERRA2/2019/07/MERRA2.20190701.A3mstC.05x0625.nc4
1493.677,hit,false,0.000,0,332.569,32,GEOS_0.5x0.625/MERRA2/2019/07/MERRA2.20190701.A3mstC.05x0625.nc4
1493.703,hit,false,0.000,0,332.594,32,GEOS_0.5x0.625/MERRA2/2019/07/MERRA2.20190701.A3mstC.05x0625.nc4
1493.759,hit,false,0.000,0,332.651,32,GEOS_0.5x0.625/MERRA2/2019/07/MERRA2.20190701.A3mstC.05x0625.nc4
1493.783,hit,false,0.000,0,332.675,32,GEOS_0.5x0.625/MERRA2/2019/07/MERRA2.20190701.A3mstC.05x0625.nc4
1493.820,hit,false,0.000,0,332.712,32,GEOS_0.5x0.625/MERRA2/2019/07/MERRA2.20190701.A3mstC.05x0625.nc4
1493.845,hit,false,0.000,0,332.737,32,GEOS_0.5x0.625/MERRA2/2019/07/MERRA2.20190701.A3mstC.05x0625.nc4
1493.879,hit,false,0.000,0,332.771,32,GEOS_0.5x0.625/MERRA2/2019/07/MERRA2.20190701.A3mstC.05x0625.nc4
1493.909,hit,false,0.000,0,332.801,32,GEOS_0.5x0.625/MERRA2/2019/07/MERRA2.20190701.A3mstC.05x0625.nc4
1493.944,hit,false,0.000,0,332.834,33,GEOS_0.5x0.625/MERRA2/2019/07/MERRA2.20190701.A3mstC.05x0625.nc4
1493.972,hit,false,0.000,0,332.862,33,GEOS_0.5x0.625/MERRA2/2019/07/MERRA2.20190701.A3mstC.05x0625.nc4
1494.005,hit,false,0.000,0,332.895,33,GEOS_0.5x0.625/MERRA2/2019/07/MERRA2.20190701.A3mstC.05x0625.nc4
1494.036,hit,false,0.000,0,332.926,33,GEOS_0.5x0.625/MERRA2/2019/07/MERRA2.20190701.A3mstC.05x0625.nc4
1494.069,hit,false,0.000,0,332.959,33,GEOS_0.5x0.625/MERRA2/2019/07/MERRA2.20190701.A3mstC.05x0625.nc4
1494.098,hit,false,0.000,0,332.988,33,GEOS_0.5x0.625/MERRA2/2019/07/MERRA2.20190701.A3mstC.05x0625.nc4
1494.134,hit,false,0.000,0,333.024,33,GEOS_0.5x0.625/MERRA2/2019/07/MERRA2.20190701.A3mstC.05x0625.nc4
1494.157,hit,false,0.000,0,333.047,33,GEOS_0.5x0.625/MERRA2/2019/07/MERRA2.20190701.A3mstC.05x0625.nc4
1494.197,hit,false,0.000,0,333.057,34,GEOS_0.5x0.625/MERRA2/2019/07/MERRA2.20190701.A3mstC.05x0625.nc4
1494.223,hit,false,0.000,0,333.083,34,GEOS_0.5x0.625/MERRA2/2019/07/MERRA2.20190701.A3mstC.05x0625.nc4
1494.259,hit,false,0.000,0,333.119,34,GEOS_0.5x0.625/MERRA2/2019/07/MERRA2.20190701.A3mstC.05x0625.nc4
1494.286,hit,false,0.000,0,333.145,34,GEOS_0.5x0.625/MERRA2/2019/07/MERRA2.20190701.A3mstC.05x0625.nc4
1494.317,hit,false,0.000,0,333.177,34,GEOS_0.5x0.625/MERRA2/2019/07/MERRA2.20190701.A3mstC.05x0625.nc4
1494.347,hit,false,0.000,0,333.207,34,GEOS_0.5x0.625/MERRA2/2019/07/MERRA2.20190701.A3mstC.05x0625.nc4
1494.377,hit,false,0.000,0,333.237,34,GEOS_0.5x0.625/MERRA2/2019/07/MERRA2.20190701.A3mstC.05x0625.nc4
1494.407,hit,false,0.000,0,333.267,34,GEOS_0.5x0.625/MERRA2/2019/07/MERRA2.20190701.A3mstC.05x0625.nc4
1494.437,hit,false,0.000,0,333.295,35,GEOS_0.5x0.625/MERRA2/2019/07/MERRA2.20190701.A3mstC.05x0625.nc4
1494.465,hit,false,0.000,0,333.323,35,GEOS_0.5x0.625/MERRA2/2019/07/MERRA2.20190701.A3mstC.05x0625.nc4
1494.496,hit,false,0.000,0,333.354,35,GEOS_0.5x0.625/MERRA2/2019/07/MERRA2.20190701.A3mstC.05x0625.nc4
1494.525,hit,false,0.000,0,333.383,35,GEOS_0.5x0.625/MERRA2/2019/07/MERRA2.20190701.A3mstC.05x0625.nc4
1494.557,hit,false,0.000,0,333.415,35,GEOS_0.5x0.625/MERRA2/2019/07/MERRA2.20190701.A3mstC.05x0625.nc4
1494.590,hit,false,0.000,0,333.448,35,GEOS_0.5x0.625/MERRA2/2019/07/MERRA2.20190701.A3mstC.05x0625.nc4
1494.624,hit,false,0.000,0,333.482,35,GEOS_0.5x0.625/MERRA2/2019/07/MERRA2.20190701.A3mstC.05x0625.nc4
1494.656,hit,false,0.000,0,333.514,35,GEOS_0.5x0.625/MERRA2/2019/07/MERRA2.20190701.A3mstC.05x0625.nc4
1494.680,hit,false,0.000,0,333.536,36,GEOS_0.5x0.625/MERRA2/2019/07/MERRA2.20190701.A3mstC.05x0625.nc4
1494.716,hit,false,0.000,0,333.572,36,GEOS_0.5x0.625/MERRA2/2019/07/MERRA2.20190701.A3mstC.05x0625.nc4
1494.742,hit,false,0.000,0,333.598,36,GEOS_0.5x0.625/MERRA2/2019/07/MERRA2.20190701.A3mstC.05x0625.nc4
1494.774,hit,false,0.000,0,333.630,36,GEOS_0.5x0.625/MERRA2/2019/07/MERRA2.20190701.A3mstC.05x0625.nc4
1494.799,hit,false,0.000,0,333.655,36,GEOS_0.5x0.625/MERRA2/2019/07/MERRA2.20190701.A3mstC.05x0625.nc4
1494.831,hit,false,0.000,0,333.688,36,GEOS_0.5x0.625/MERRA2/2019/07/MERRA2.20190701.A3mstC.05x0625.nc4
1494.858,hit,false,0.000,0,333.714,36,GEOS_0.5x0.625/MERRA2/2019/07/MERRA2.20190701.A3mstC.05x0625.nc4
1494.971,hit,false,0.000,0,333.827,36,GEOS_0.5x0.625/MERRA2/2019/07/MERRA2.20190701.A3mstC.05x0625.nc4
1494.994,hit,false,0.000,0,333.849,37,GEOS_0.5x0.625/MERRA2/2019/07/MERRA2.20190701.A3mstC.05x0625.nc4
1495.033,hit,false,0.000,0,333.888,37,GEOS_0.5x0.625/MERRA2/2019/07/MERRA2.20190701.A3mstC.05x0625.nc4
1495.057,hit,false,0.000,0,333.911,37,GEOS_0.5x0.625/MERRA2/2019/07/MERRA2.20190701.A3mstC.05x0625.nc4
1495.088,hit,false,0.000,0,333.943,37,GEOS_0.5x0.625/MERRA2/2019/07/MERRA2.20190701.A3mstC.05x0625.nc4
1495.114,hit,false,0.000,0,333.969,37,GEOS_0.5x0.625/MERRA2/2019/07/MERRA2.20190701.A3mstC.05x0625.nc4
1495.147,hit,false,0.000,0,334.001,37,GEOS_0.5x0.625/MERRA2/2019/07/MERRA2.20190701.A3mstC.05x0625.nc4
1495.175,hit,false,0.000,0,334.030,37,GEOS_0.5x0.625/MERRA2/2019/07/MERRA2.20190701.A3mstC.05x0625.nc4
1495.207,hit,false,0.000,0,334.062,37,GEOS_0.5x0.625/MERRA2/2019/07/MERRA2.20190701.A3mstC.05x0625.nc4
1495.231,hit,false,0.000,0,334.084,38,GEOS_0.5x0.625/MERRA2/2019/07/MERRA2.20190701.A3mstC.05x0625.nc4
1495.266,hit,false,0.000,0,334.119,38,GEOS_0.5x0.625/MERRA2/2019/07/MERRA2.20190701.A3mstC.05x0625.nc4
1495.292,hit,false,0.000,0,334.145,38,GEOS_0.5x0.625/MERRA2/2019/07/MERRA2.20190701.A3mstC.05x0625.nc4
1495.323,hit,false,0.000,0,334.176,38,GEOS_0.5x0.625/MERRA2/2019/07/MERRA2.20190701.A3mstC.05x0625.nc4
1495.366,hit,false,0.000,0,334.219,38,GEOS_0.5x0.625/MERRA2/2019/07/MERRA2.20190701.A3mstC.05x0625.nc4
1495.388,hit,false,0.000,0,334.242,38,GEOS_0.5x0.625/MERRA2/2019/07/MERRA2.20190701.A3mstC.05x0625.nc4
1495.422,hit,false,0.000,0,334.276,38,GEOS_0.5x0.625/MERRA2/2019/07/MERRA2.20190701.A3mstC.05x0625.nc4
1495.447,hit,false,0.000,0,334.300,38,GEOS_0.5x0.625/MERRA2/2019/07/MERRA2.20190701.A3mstC.05x0625.nc4
1495.482,hit,false,0.000,0,334.334,39,GEOS_0.5x0.625/MERRA2/2019/07/MERRA2.20190701.A3mstC.05x0625.nc4
1495.511,hit,false,0.000,0,334.363,39,GEOS_0.5x0.625/MERRA2/2019/07/MERRA2.20190701.A3mstC.05x0625.nc4
1495.541,hit,false,0.000,0,334.393,39,GEOS_0.5x0.625/MERRA2/2019/07/MERRA2.20190701.A3mstC.05x0625.nc4
1495.566,hit,false,0.000,0,334.417,39,GEOS_0.5x0.625/MERRA2/2019/07/MERRA2.20190701.A3mstC.05x0625.nc4
1495.603,hit,false,0.000,0,334.454,39,GEOS_0.5x0.625/MERRA2/2019/07/MERRA2.20190701.A3mstC.05x0625.nc4
1495.632,hit,false,0.000,0,334.484,39,GEOS_0.5x0.625/MERRA2/2019/07/MERRA2.20190701.A3mstC.05x0625.nc4
1495.663,hit,false,0.000,0,334.515,39,GEOS_0.5x0.625/MERRA2/2019/07/MERRA2.20190701.A3mstC.05x0625.nc4
1495.686,hit,false,0.000,0,334.537,39,GEOS_0.5x0.625/MERRA2/2019/07/MERRA2.20190701.A3mstC.05x0625.nc4
1495.722,hit,false,0.000,0,334.668,40,GEOS_0.5x0.625/MERRA2/2019/07/MERRA2.20190701.A3mstC.05x0625.nc4
1495.748,hit,false,0.000,0,334.693,40,GEOS_0.5x0.625/MERRA2/2019/07/MERRA2.20190701.A3mstC.05x0625.nc4
1495.794,hit,false,0.000,0,334.740,40,GEOS_0.5x0.625/MERRA2/2019/07/MERRA2.20190701.A3mstC.05x0625.nc4
1495.817,hit,false,0.000,0,334.762,40,GEOS_0.5x0.625/MERRA2/2019/07/MERRA2.20190701.A3mstC.05x0625.nc4
1495.854,hit,false,0.000,0,334.800,40,GEOS_0.5x0.625/MERRA2/2019/07/MERRA2.20190701.A3mstC.05x0625.nc4
1495.880,hit,false,0.000,0,334.826,40,GEOS_0.5x0.625/MERRA2/2019/07/MERRA2.20190701.A3mstC.05x0625.nc4
1495.915,hit,false,0.000,0,334.861,40,GEOS_0.5x0.625/MERRA2/2019/07/MERRA2.20190701.A3mstC.05x0625.nc4
1495.940,hit,false,0.000,0,334.886,40,GEOS_0.5x0.625/MERRA2/2019/07/MERRA2.20190701.A3mstC.05x0625.nc4
1495.977,hit,false,0.000,0,334.790,41,GEOS_0.5x0.625/MERRA2/2019/07/MERRA2.20190701.A3mstC.05x0625.nc4
1496.006,hit,false,0.000,0,334.819,41,GEOS_0.5x0.625/MERRA2/2019/07/MERRA2.20190701.A3mstC.05x0625.nc4
1496.044,hit,false,0.000,0,334.857,41,GEOS_0.5x0.625/MERRA2/2019/07/MERRA2.20190701.A3mstC.05x0625.nc4
1496.070,hit,false,0.000,0,334.882,41,GEOS_0.5x0.625/MERRA2/2019/07/MERRA2.20190701.A3mstC.05x0625.nc4
1496.106,hit,false,0.000,0,334.919,41,GEOS_0.5x0.625/MERRA2/2019/07/MERRA2.20190701.A3mstC.05x0625.nc4
1496.136,hit,false,0.000,0,334.949,41,GEOS_0.5x0.625/MERRA2/2019/07/MERRA2.20190701.A3mstC.05x0625.nc4
1496.169,hit,false,0.000,0,334.982,41,GEOS_0.5x0.625/MERRA2/2019/07/MERRA2.20190701.A3mstC.05x0625.nc4
1496.195,hit,false,0.000,0,335.007,41,GEOS_0.5x0.625/MERRA2/2019/07/MERRA2.20190701.A3mstC.05x0625.nc4
1496.230,hit,false,0.000,0,335.041,42,GEOS_0.5x0.625/MERRA2/2019/07/MERRA2.20190701.A3mstC.05x0625.nc4
1496.256,hit,false,0.000,0,335.068,42,GEOS_0.5x0.625/MERRA2/2019/07/MERRA2.20190701.A3mstC.05x0625.nc4
1496.293,hit,false,0.000,0,335.104,42,GEOS_0.5x0.625/MERRA2/2019/07/MERRA2.20190701.A3mstC.05x0625.nc4
1496.319,hit,false,0.000,0,335.130,42,GEOS_0.5x0.625/MERRA2/2019/07/MERRA2.20190701.A3mstC.05x0625.nc4
1496.362,hit,false,0.000,0,335.173,42,GEOS_0.5x0.625/MERRA2/2019/07/MERRA2.20190701.A3mstC.05x0625.nc4
1496.386,hit,false,0.000,0,335.197,42,GEOS_0.5x0.625/MERRA2/2019/07/MERRA2.20190701.A3mstC.05x0625.nc4
1496.427,hit,false,0.000,0,335.238,42,GEOS_0.5x0.625/MERRA2/2019/07/MERRA2.20190701.A3mstC.05x0625.nc4
1496.450,hit,false,0.000,0,335.262,42,GEOS_0.5x0.625/MERRA2/2019/07/MERRA2.20190701.A3mstC.05x0625.nc4
1496.502,hit,false,0.000,0,335.312,43,GEOS_0.5x0.625/MERRA2/2019/07/MERRA2.20190701.A3mstC.05x0625.nc4
1496.529,hit,false,0.000,0,335.339,43,GEOS_0.5x0.625/MERRA2/2019/07/MERRA2.20190701.A3mstC.05x0625.nc4
1496.565,hit,false,0.000,0,335.375,43,GEOS_0.5x0.625/MERRA2/2019/07/MERRA2.20190701.A3mstC.05x0625.nc4
1496.591,hit,false,0.000,0,335.401,43,GEOS_0.5x0.625/MERRA2/2019/07/MERRA2.20190701.A3mstC.05x0625.nc4
1496.624,hit,false,0.000,0,335.434,43,GEOS_0.5x0.625/MERRA2/2019/07/MERRA2.20190701.A3mstC.05x0625.nc4
1496.649,hit,false,0.000,0,335.459,43,GEOS_0.5x0.625/MERRA2/2019/07/MERRA2.20190701.A3mstC.05x0625.nc4
1496.681,hit,false,0.000,0,335.491,43,GEOS_0.5x0.625/MERRA2/2019/07/MERRA2.20190701.A3mstC.05x0625.nc4
1496.710,hit,false,0.000,0,335.520,43,GEOS_0.5x0.625/MERRA2/2019/07/MERRA2.20190701.A3mstC.05x0625.nc4
1496.744,hit,false,0.000,0,335.552,44,GEOS_0.5x0.625/MERRA2/2019/07/MERRA2.20190701.A3mstC.05x0625.nc4
1496.769,hit,false,0.000,0,335.578,44,GEOS_0.5x0.625/MERRA2/2019/07/MERRA2.20190701.A3mstC.05x0625.nc4
1496.809,hit,false,0.000,0,335.618,44,GEOS_0.5x0.625/MERRA2/2019/07/MERRA2.20190701.A3mstC.05x0625.nc4
1496.832,hit,false,0.000,0,335.641,44,GEOS_0.5x0.625/MERRA2/2019/07/MERRA2.20190701.A3mstC.05x0625.nc4
1496.865,hit,false,0.000,0,335.673,44,GEOS_0.5x0.625/MERRA2/2019/07/MERRA2.20190701.A3mstC.05x0625.nc4
1496.891,hit,false,0.000,0,335.699,44,GEOS_0.5x0.625/MERRA2/2019/07/MERRA2.20190701.A3mstC.05x0625.nc4
1497.002,hit,false,0.000,0,335.810,44,GEOS_0.5x0.625/MERRA2/2019/07/MERRA2.20190701.A3mstC.05x0625.nc4
1497.026,hit,false,0.000,0,335.834,44,GEOS_0.5x0.625/MERRA2/2019/07/MERRA2.20190701.A3mstC.05x0625.nc4
1497.058,hit,false,0.000,0,335.865,45,GEOS_0.5x0.625/MERRA2/2019/07/MERRA2.20190701.A3mstC.05x0625.nc4
1497.086,hit,false,0.000,0,335.893,45,GEOS_0.5x0.625/MERRA2/2019/07/MERRA2.20190701.A3mstC.05x0625.nc4
1497.119,hit,false,0.000,0,335.926,45,GEOS_0.5x0.625/MERRA2/2019/07/MERRA2.20190701.A3mstC.05x0625.nc4
1497.143,hit,false,0.000,0,335.950,45,GEOS_0.5x0.625/MERRA2/2019/07/MERRA2.20190701.A3mstC.05x0625.nc4
1497.176,hit,false,0.000,0,335.983,45,GEOS_0.5x0.625/MERRA2/2019/07/MERRA2.20190701.A3mstC.05x0625.nc4
1497.201,hit,false,0.000,0,336.007,45,GEOS_0.5x0.625/MERRA2/2019/07/MERRA2.20190701.A3mstC.05x0625.nc4
1497.234,hit,false,0.000,0,336.041,45,GEOS_0.5x0.625/MERRA2/2019/07/MERRA2.20190701.A3mstC.05x0625.nc4
1497.261,hit,false,0.000,0,336.068,45,GEOS_0.5x0.625/MERRA2/2019/07/MERRA2.20190701.A3mstC.05x0625.nc4
1497.294,hit,false,0.000,0,336.099,46,GEOS_0.5x0.625/MERRA2/2019/07/MERRA2.20190701.A3mstC.05x0625.nc4
1497.321,hit,false,0.000,0,336.127,46,GEOS_0.5x0.625/MERRA2/2019/07/MERRA2.20190701.A3mstC.05x0625.nc4
1497.354,hit,false,0.000,0,336.159,46,GEOS_0.5x0.625/MERRA2/2019/07/MERRA2.20190701.A3mstC.05x0625.nc4
1497.380,hit,false,0.000,0,336.186,46,GEOS_0.5x0.625/MERRA2/2019/07/MERRA2.20190701.A3mstC.05x0625.nc4
1497.414,hit,false,0.000,0,336.220,46,GEOS_0.5x0.625/MERRA2/2019/07/MERRA2.20190701.A3mstC.05x0625.nc4
1497.444,hit,false,0.000,0,336.250,46,GEOS_0.5x0.625/MERRA2/2019/07/MERRA2.20190701.A3mstC.05x0625.nc4
1497.474,hit,false,0.000,0,336.279,46,GEOS_0.5x0.625/MERRA2/2019/07/MERRA2.20190701.A3mstC.05x0625.nc4
1497.503,hit,false,0.000,0,336.309,46,GEOS_0.5x0.625/MERRA2/2019/07/MERRA2.20190701.A3mstC.05x0625.nc4
1497.535,hit,false,0.000,0,336.339,47,GEOS_0.5x0.625/MERRA2/2019/07/MERRA2.20190701.A3mstC.05x0625.nc4
1497.562,hit,false,0.000,0,336.366,47,GEOS_0.5x0.625/MERRA2/2019/07/MERRA2.20190701.A3mstC.05x0625.nc4
1497.618,hit,false,0.000,0,336.422,47,GEOS_0.5x0.625/MERRA2/2019/07/MERRA2.20190701.A3mstC.05x0625.nc4
1497.639,hit,false,0.000,0,336.443,47,GEOS_0.5x0.625/MERRA2/2019/07/MERRA2.20190701.A3mstC.05x0625.nc4
1497.677,hit,false,0.000,0,336.481,47,GEOS_0.5x0.625/MERRA2/2019/07/MERRA2.20190701.A3mstC.05x0625.nc4
1497.700,hit,false,0.000,0,336.504,47,GEOS_0.5x0.625/MERRA2/2019/07/MERRA2.20190701.A3mstC.05x0625.nc4
1497.733,hit,false,0.000,0,336.537,47,GEOS_0.5x0.625/MERRA2/2019/07/MERRA2.20190701.A3mstC.05x0625.nc4
1497.759,hit,false,0.000,0,336.563,47,GEOS_0.5x0.625/MERRA2/2019/07/MERRA2.20190701.A3mstC.05x0625.nc4
1497.790,hit,false,0.000,0,336.670,48,GEOS_0.5x0.625/MERRA2/2019/07/MERRA2.20190701.A3mstC.05x0625.nc4
1497.822,hit,false,0.000,0,336.703,48,GEOS_0.5x0.625/MERRA2/2019/07/MERRA2.20190701.A3mstC.05x0625.nc4
1497.862,hit,false,0.000,0,336.742,48,GEOS_0.5x0.625/MERRA2/2019/07/MERRA2.20190701.A3mstC.05x0625.nc4
1497.888,hit,false,0.000,0,336.768,48,GEOS_0.5x0.625/MERRA2/2019/07/MERRA2.20190701.A3mstC.05x0625.nc4
1497.923,hit,false,0.000,0,336.803,48,GEOS_0.5x0.625/MERRA2/2019/07/MERRA2.20190701.A3mstC.05x0625.nc4
1497.951,hit,false,0.000,0,336.831,48,GEOS_0.5x0.625/MERRA2/2019/07/MERRA2.20190701.A3mstC.05x0625.nc4
1497.984,hit,false,0.000,0,336.864,48,GEOS_0.5x0.625/MERRA2/2019/07/MERRA2.20190701.A3mstC.05x0625.nc4
1498.010,hit,false,0.000,0,336.890,48,GEOS_0.5x0.625/MERRA2/2019/07/MERRA2.20190701.A3mstC.05x0625.nc4
1498.045,hit,false,0.000,0,336.923,49,GEOS_0.5x0.625/MERRA2/2019/07/MERRA2.20190701.A3mstC.05x0625.nc4
1498.078,hit,false,0.000,0,336.956,49,GEOS_0.5x0.625/MERRA2/2019/07/MERRA2.20190701.A3mstC.05x0625.nc4
1498.112,hit,false,0.000,0,336.990,49,GEOS_0.5x0.625/MERRA2/2019/07/MERRA2.20190701.A3mstC.05x0625.nc4
1498.144,hit,false,0.000,0,337.022,49,GEOS_0.5x0.625/MERRA2/2019/07/MERRA2.20190701.A3mstC.05x0625.nc4
1498.169,hit,false,0.000,0,337.047,49,GEOS_0.5x0.625/MERRA2/2019/07/MERRA2.20190701.A3mstC.05x0625.nc4
1498.205,hit,false,0.000,0,337.083,49,GEOS_0.5x0.625/MERRA2/2019/07/MERRA2.20190701.A3mstC.05x0625.nc4
1498.229,hit,false,0.000,0,337.107,49,GEOS_0.5x0.625/MERRA2/2019/07/MERRA2.20190701.A3mstC.05x0625.nc4
1498.271,hit,false,0.000,0,337.149,49,GEOS_0.5x0.625/MERRA2/2019/07/MERRA2.20190701.A3mstC.05x0625.nc4
1498.295,hit,false,0.000,0,337.171,50,GEOS_0.5x0.625/MERRA2/2019/07/MERRA2.20190701.A3mstC.05x0625.nc4
1498.347,hit,false,0.000,0,337.223,50,GEOS_0.5x0.625/MERRA2/2019/07/MERRA2.20190701.A3mstC.05x0625.nc4
1498.370,hit,false,0.000,0,337.246,50,GEOS_0.5x0.625/MERRA2/2019/07/MERRA2.20190701.A3mstC.05x0625.nc4
1498.408,hit,false,0.000,0,337.284,50,GEOS_0.5x0.625/MERRA2/2019/07/MERRA2.20190701.A3mstC.05x0625.nc4
1498.434,hit,false,0.000,0,337.310,50,GEOS_0.5x0.625/MERRA2/2019/07/MERRA2.20190701.A3mstC.05x0625.nc4
1498.469,hit,false,0.000,0,337.345,50,GEOS_0.5x0.625/MERRA2/2019/07/MERRA2.20190701.A3mstC.05x0625.nc4
1498.496,hit,false,0.000,0,337.372,50,GEOS_0.5x0.625/MERRA2/2019/07/MERRA2.20190701.A3mstC.05x0625.nc4
1498.532,hit,false,0.000,0,337.408,50,GEOS_0.5x0.625/MERRA2/2019/07/MERRA2.20190701.A3mstC.05x0625.nc4
1498.565,hit,false,0.000,0,337.439,51,GEOS_0.5x0.625/MERRA2/2019/07/MERRA2.20190701.A3mstC.05x0625.nc4
1498.607,hit,false,0.000,0,337.481,51,GEOS_0.5x0.625/MERRA2/2019/07/MERRA2.20190701.A3mstC.05x0625.nc4
1498.630,hit,false,0.000,0,337.505,51,GEOS_0.5x0.625/MERRA2/2019/07/MERRA2.20190701.A3mstC.05x0625.nc4
1498.667,hit,false,0.000,0,337.541,51,GEOS_0.5x0.625/MERRA2/2019/07/MERRA2.20190701.A3mstC.05x0625.nc4
1498.694,hit,false,0.000,0,337.568,51,GEOS_0.5x0.625/MERRA2/2019/07/MERRA2.20190701.A3mstC.05x0625.nc4
1498.728,hit,false,0.000,0,337.603,51,GEOS_0.5x0.625/MERRA2/2019/07/MERRA2.20190701.A3mstC.05x0625.nc4
1498.755,hit,false,0.000,0,337.629,51,GEOS_0.5x0.625/MERRA2/2019/07/MERRA2.20190701.A3mstC.05x0625.nc4
1498.787,hit,false,0.000,0,337.661,51,GEOS_0.5x0.625/MERRA2/2019/07/MERRA2.20190701.A3mstC.05x0625.nc4
1498.812,hit,false,0.000,0,337.684,52,GEOS_0.5x0.625/MERRA2/2019/07/MERRA2.20190701.A3mstC.05x0625.nc4
1498.855,hit,false,0.000,0,337.728,52,GEOS_0.5x0.625/MERRA2/2019/07/MERRA2.20190701.A3mstC.05x0625.nc4
1498.878,hit,false,0.000,0,337.751,52,GEOS_0.5x0.625/MERRA2/2019/07/MERRA2.20190701.A3mstC.05x0625.nc4
1498.913,hit,false,0.000,0,337.786,52,GEOS_0.5x0.625/MERRA2/2019/07/MERRA2.20190701.A3mstC.05x0625.nc4
1498.939,hit,false,0.000,0,337.812,52,GEOS_0.5x0.625/MERRA2/2019/07/MERRA2.20190701.A3mstC.05x0625.nc4
1499.053,hit,false,0.000,0,337.926,52,GEOS_0.5x0.625/MERRA2/2019/07/MERRA2.20190701.A3mstC.05x0625.nc4
1499.079,hit,false,0.000,0,337.952,52,GEOS_0.5x0.625/MERRA2/2019/07/MERRA2.20190701.A3mstC.05x0625.nc4
1499.113,hit,false,0.000,0,337.986,52,GEOS_0.5x0.625/MERRA2/2019/07/MERRA2.20190701.A3mstC.05x0625.nc4
1499.137,hit,false,0.000,0,338.008,53,GEOS_0.5x0.625/MERRA2/2019/07/MERRA2.20190701.A3mstC.05x0625.nc4
1499.178,hit,false,0.000,0,338.050,53,GEOS_0.5x0.625/MERRA2/2019/07/MERRA2.20190701.A3mstC.05x0625.nc4
1499.201,hit,false,0.000,0,338.072,53,GEOS_0.5x0.625/MERRA2/2019/07/MERRA2.20190701.A3mstC.05x0625.nc4
1499.238,hit,false,0.000,0,338.110,53,GEOS_0.5x0.625/MERRA2/2019/07/MERRA2.20190701.A3mstC.05x0625.nc4
1499.262,hit,false,0.000,0,338.134,53,GEOS_0.5x0.625/MERRA2/2019/07/MERRA2.20190701.A3mstC.05x0625.nc4
1499.295,hit,false,0.000,0,338.167,53,GEOS_0.5x0.625/MERRA2/2019/07/MERRA2.20190701.A3mstC.05x0625.nc4
1499.320,hit,false,0.000,0,338.192,53,GEOS_0.5x0.625/MERRA2/2019/07/MERRA2.20190701.A3mstC.05x0625.nc4
1499.353,hit,false,0.000,0,338.224,53,GEOS_0.5x0.625/MERRA2/2019/07/MERRA2.20190701.A3mstC.05x0625.nc4
1499.378,hit,false,0.000,0,338.248,54,GEOS_0.5x0.625/MERRA2/2019/07/MERRA2.20190701.A3mstC.05x0625.nc4
1499.413,hit,false,0.000,0,338.283,54,GEOS_0.5x0.625/MERRA2/2019/07/MERRA2.20190701.A3mstC.05x0625.nc4
1499.440,hit,false,0.000,0,338.310,54,GEOS_0.5x0.625/MERRA2/2019/07/MERRA2.20190701.A3mstC.05x0625.nc4
1499.469,hit,false,0.000,0,338.339,54,GEOS_0.5x0.625/MERRA2/2019/07/MERRA2.20190701.A3mstC.05x0625.nc4
1499.501,hit,false,0.000,0,338.371,54,GEOS_0.5x0.625/MERRA2/2019/07/MERRA2.20190701.A3mstC.05x0625.nc4
1499.531,hit,false,0.000,0,338.401,54,GEOS_0.5x0.625/MERRA2/2019/07/MERRA2.20190701.A3mstC.05x0625.nc4
1499.560,hit,false,0.000,0,338.430,54,GEOS_0.5x0.625/MERRA2/2019/07/MERRA2.20190701.A3mstC.05x0625.nc4
1499.591,hit,false,0.000,0,338.461,54,GEOS_0.5x0.625/MERRA2/2019/07/MERRA2.20190701.A3mstC.05x0625.nc4
1499.616,hit,false,0.000,0,338.485,55,GEOS_0.5x0.625/MERRA2/2019/07/MERRA2.20190701.A3mstC.05x0625.nc4
1499.649,hit,false,0.000,0,338.517,55,GEOS_0.5x0.625/MERRA2/2019/07/MERRA2.20190701.A3mstC.05x0625.nc4
1499.675,hit,false,0.000,0,338.543,55,GEOS_0.5x0.625/MERRA2/2019/07/MERRA2.20190701.A3mstC.05x0625.nc4
1499.704,hit,false,0.000,0,338.572,55,GEOS_0.5x0.625/MERRA2/2019/07/MERRA2.20190701.A3mstC.05x0625.nc4
1499.734,hit,false,0.000,0,338.602,55,GEOS_0.5x0.625/MERRA2/2019/07/MERRA2.20190701.A3mstC.05x0625.nc4
1499.762,hit,false,0.000,0,338.631,55,GEOS_0.5x0.625/MERRA2/2019/07/MERRA2.20190701.A3mstC.05x0625.nc4
1499.793,hit,false,0.000,0,338.662,55,GEOS_0.5x0.625/MERRA2/2019/07/MERRA2.20190701.A3mstC.05x0625.nc4
1499.816,hit,false,0.000,0,338.684,55,GEOS_0.5x0.625/MERRA2/2019/07/MERRA2.20190701.A3mstC.05x0625.nc4
1499.854,hit,false,0.000,0,338.739,56,GEOS_0.5x0.625/MERRA2/2019/07/MERRA2.20190701.A3mstC.05x0625.nc4
1499.880,hit,false,0.000,0,338.766,56,GEOS_0.5x0.625/MERRA2/2019/07/MERRA2.20190701.A3mstC.05x0625.nc4
1499.920,hit,false,0.000,0,338.806,56,GEOS_0.5x0.625/MERRA2/2019/07/MERRA2.20190701.A3mstC.05x0625.nc4
1499.946,hit,false,0.000,0,338.831,56,GEOS_0.5x0.625/MERRA2/2019/07/MERRA2.20190701.A3mstC.05x0625.nc4
1499.983,hit,false,0.000,0,338.868,56,GEOS_0.5x0.625/MERRA2/2019/07/MERRA2.20190701.A3mstC.05x0625.nc4
1500.007,hit,false,0.000,0,338.893,56,GEOS_0.5x0.625/MERRA2/2019/07/MERRA2.20190701.A3mstC.05x0625.nc4
1500.046,hit,false,0.000,0,338.931,56,GEOS_0.5x0.625/MERRA2/2019/07/MERRA2.20190701.A3mstC.05x0625.nc4
1500.068,hit,false,0.000,0,338.954,56,GEOS_0.5x0.625/MERRA2/2019/07/MERRA2.20190701.A3mstC.05x0625.nc4
1500.109,hit,false,0.000,0,338.697,57,GEOS_0.5x0.625/MERRA2/2019/07/MERRA2.20190701.A3mstC.05x0625.nc4
1500.134,hit,false,0.000,0,338.723,57,GEOS_0.5x0.625/MERRA2/2019/07/MERRA2.20190701.A3mstC.05x0625.nc4
1500.170,hit,false,0.000,0,338.759,57,GEOS_0.5x0.625/MERRA2/2019/07/MERRA2.20190701.A3mstC.05x0625.nc4
1500.197,hit,false,0.000,0,338.785,57,GEOS_0.5x0.625/MERRA2/2019/07/MERRA2.20190701.A3mstC.05x0625.nc4
1500.228,hit,false,0.000,0,338.816,57,GEOS_0.5x0.625/MERRA2/2019/07/MERRA2.20190701.A3mstC.05x0625.nc4
1500.257,hit,false,0.000,0,338.846,57,GEOS_0.5x0.625/MERRA2/2019/07/MERRA2.20190701.A3mstC.05x0625.nc4
1500.287,hit,false,0.000,0,338.876,57,GEOS_0.5x0.625/MERRA2/2019/07/MERRA2.20190701.A3mstC.05x0625.nc4
1500.311,hit,false,0.000,0,338.899,57,GEOS_0.5x0.625/MERRA2/2019/07/MERRA2.20190701.A3mstC.05x0625.nc4
1500.347,hit,false,0.000,0,338.928,58,GEOS_0.5x0.625/MERRA2/2019/07/MERRA2.20190701.A3mstC.05x0625.nc4
1500.373,hit,false,0.000,0,338.955,58,GEOS_0.5x0.625/MERRA2/2019/07/MERRA2.20190701.A3mstC.05x0625.nc4
1500.404,hit,false,0.000,0,338.986,58,GEOS_0.5x0.625/MERRA2/2019/07/MERRA2.20190701.A3mstC.05x0625.nc4
1500.431,hit,false,0.000,0,339.013,58,GEOS_0.5x0.625/MERRA2/2019/07/MERRA2.20190701.A3mstC.05x0625.nc4
1500.462,hit,false,0.000,0,339.044,58,GEOS_0.5x0.625/MERRA2/2019/07/MERRA2.20190701.A3mstC.05x0625.nc4
1500.486,hit,false,0.000,0,339.067,58,GEOS_0.5x0.625/MERRA2/2019/07/MERRA2.20190701.A3mstC.05x0625.nc4
1500.519,hit,false,0.000,0,339.101,58,GEOS_0.5x0.625/MERRA2/2019/07/MERRA2.20190701.A3mstC.05x0625.nc4
1500.547,hit,false,0.000,0,339.129,58,GEOS_0.5x0.625/MERRA2/2019/07/MERRA2.20190701.A3mstC.05x0625.nc4
1500.577,hit,false,0.000,0,339.157,59,GEOS_0.5x0.625/MERRA2/2019/07/MERRA2.20190701.A3mstC.05x0625.nc4
1500.609,hit,false,0.000,0,339.190,59,GEOS_0.5x0.625/MERRA2/2019/07/MERRA2.20190701.A3mstC.05x0625.nc4
1500.638,hit,false,0.000,0,339.219,59,GEOS_0.5x0.625/MERRA2/2019/07/MERRA2.20190701.A3mstC.05x0625.nc4
1500.670,hit,false,0.000,0,339.251,59,GEOS_0.5x0.625/MERRA2/2019/07/MERRA2.20190701.A3mstC.05x0625.nc4
1500.696,hit,false,0.000,0,339.276,59,GEOS_0.5x0.625/MERRA2/2019/07/MERRA2.20190701.A3mstC.05x0625.nc4
1500.730,hit,false,0.000,0,339.310,59,GEOS_0.5x0.625/MERRA2/2019/07/MERRA2.20190701.A3mstC.05x0625.nc4
1500.754,hit,false,0.000,0,339.334,59,GEOS_0.5x0.625/MERRA2/2019/07/MERRA2.20190701.A3mstC.05x0625.nc4
1500.789,hit,false,0.000,0,339.369,59,GEOS_0.5x0.625/MERRA2/2019/07/MERRA2.20190701.A3mstC.05x0625.nc4
1500.813,hit,false,0.000,0,339.392,60,GEOS_0.5x0.625/MERRA2/2019/07/MERRA2.20190701.A3mstC.05x0625.nc4
1500.848,hit,false,0.000,0,339.427,60,GEOS_0.5x0.625/MERRA2/2019/07/MERRA2.20190701.A3mstC.05x0625.nc4
1500.874,hit,false,0.000,0,339.453,60,GEOS_0.5x0.625/MERRA2/2019/07/MERRA2.20190701.A3mstC.05x0625.nc4
1500.916,hit,false,0.000,0,339.495,60,GEOS_0.5x0.625/MERRA2/2019/07/MERRA2.20190701.A3mstC.05x0625.nc4
1501.020,hit,false,0.000,0,339.599,60,GEOS_0.5x0.625/MERRA2/2019/07/MERRA2.20190701.A3mstC.05x0625.nc4
1501.042,hit,false,0.000,0,339.621,60,GEOS_0.5x0.625/MERRA2/2019/07/MERRA2.20190701.A3mstC.05x0625.nc4
1501.078,hit,false,0.000,0,339.657,60,GEOS_0.5x0.625/MERRA2/2019/07/MERRA2.20190701.A3mstC.05x0625.nc4
1501.101,hit,false,0.000,0,339.680,60,GEOS_0.5x0.625/MERRA2/2019/07/MERRA2.20190701.A3mstC.05x0625.nc4
1501.139,hit,false,0.000,0,339.716,61,GEOS_0.5x0.625/MERRA2/2019/07/MERRA2.20190701.A3mstC.05x0625.nc4
1501.165,hit,false,0.000,0,339.742,61,GEOS_0.5x0.625/MERRA2/2019/07/MERRA2.20190701.A3mstC.05x0625.nc4
1501.196,hit,false,0.000,0,339.774,61,GEOS_0.5x0.625/MERRA2/2019/07/MERRA2.20190701.A3mstC.05x0625.nc4
1501.222,hit,false,0.000,0,339.799,61,GEOS_0.5x0.625/MERRA2/2019/07/MERRA2.20190701.A3mstC.05x0625.nc4
1501.251,hit,false,0.000,0,339.829,61,GEOS_0.5x0.625/MERRA2/2019/07/MERRA2.20190701.A3mstC.05x0625.nc4
1501.275,hit,false,0.000,0,339.853,61,GEOS_0.5x0.625/MERRA2/2019/07/MERRA2.20190701.A3mstC.05x0625.nc4
1501.311,hit,false,0.000,0,339.888,61,GEOS_0.5x0.625/MERRA2/2019/07/MERRA2.20190701.A3mstC.05x0625.nc4
1501.335,hit,false,0.000,0,339.913,61,GEOS_0.5x0.625/MERRA2/2019/07/MERRA2.20190701.A3mstC.05x0625.nc4
1501.366,hit,false,0.000,0,339.942,62,GEOS_0.5x0.625/MERRA2/2019/07/MERRA2.20190701.A3mstC.05x0625.nc4
1501.395,hit,false,0.000,0,339.970,62,GEOS_0.5x0.625/MERRA2/2019/07/MERRA2.20190701.A3mstC.05x0625.nc4
1501.440,hit,false,0.000,0,340.016,62,GEOS_0.5x0.625/MERRA2/2019/07/MERRA2.20190701.A3mstC.05x0625.nc4
1501.463,hit,false,0.000,0,340.039,62,GEOS_0.5x0.625/MERRA2/2019/07/MERRA2.20190701.A3mstC.05x0625.nc4
1501.510,hit,false,0.000,0,340.086,62,GEOS_0.5x0.625/MERRA2/2019/07/MERRA2.20190701.A3mstC.05x0625.nc4
1501.533,hit,false,0.000,0,340.109,62,GEOS_0.5x0.625/MERRA2/2019/07/MERRA2.20190701.A3mstC.05x0625.nc4
1501.576,hit,false,0.000,0,340.152,62,GEOS_0.5x0.625/MERRA2/2019/07/MERRA2.20190701.A3mstC.05x0625.nc4
1501.598,hit,false,0.000,0,340.174,62,GEOS_0.5x0.625/MERRA2/2019/07/MERRA2.20190701.A3mstC.05x0625.nc4
1501.631,hit,false,0.000,0,340.206,63,GEOS_0.5x0.625/MERRA2/2019/07/MERRA2.20190701.A3mstC.05x0625.nc4
1501.660,hit,false,0.000,0,340.235,63,GEOS_0.5x0.625/MERRA2/2019/07/MERRA2.20190701.A3mstC.05x0625.nc4
1501.693,hit,false,0.000,0,340.267,63,GEOS_0.5x0.625/MERRA2/2019/07/MERRA2.20190701.A3mstC.05x0625.nc4
1501.716,hit,false,0.000,0,340.291,63,GEOS_0.5x0.625/MERRA2/2019/07/MERRA2.20190701.A3mstC.05x0625.nc4
1501.754,hit,false,0.000,0,340.329,63,GEOS_0.5x0.625/MERRA2/2019/07/MERRA2.20190701.A3mstC.05x0625.nc4
1501.777,hit,false,0.000,0,340.352,63,GEOS_0.5x0.625/MERRA2/2019/07/MERRA2.20190701.A3mstC.05x0625.nc4
1501.816,hit,false,0.000,0,340.391,63,GEOS_0.5x0.625/MERRA2/2019/07/MERRA2.20190701.A3mstC.05x0625.nc4
1501.839,hit,false,0.000,0,340.414,63,GEOS_0.5x0.625/MERRA2/2019/07/MERRA2.20190701.A3mstC.05x0625.nc4
1501.879,hit,false,0.000,0,340.757,64,GEOS_0.5x0.625/MERRA2/2019/07/MERRA2.20190701.A3mstC.05x0625.nc4
1501.905,hit,false,0.000,0,340.783,64,GEOS_0.5x0.625/MERRA2/2019/07/MERRA2.20190701.A3mstC.05x0625.nc4
1501.953,hit,false,0.000,0,340.831,64,GEOS_0.5x0.625/MERRA2/2019/07/MERRA2.20190701.A3mstC.05x0625.nc4
1501.975,hit,false,0.000,0,340.853,64,GEOS_0.5x0.625/MERRA2/2019/07/MERRA2.20190701.A3mstC.05x0625.nc4
1502.014,hit,false,0.000,0,340.892,64,GEOS_0.5x0.625/MERRA2/2019/07/MERRA2.20190701.A3mstC.05x0625.nc4
1502.036,hit,false,0.000,0,340.914,64,GEOS_0.5x0.625/MERRA2/2019/07/MERRA2.20190701.A3mstC.05x0625.nc4
1502.075,hit,false,0.000,0,340.953,64,GEOS_0.5x0.625/MERRA2/2019/07/MERRA2.20190701.A3mstC.05x0625.nc4
1502.098,hit,false,0.000,0,340.976,64,GEOS_0.5x0.625/MERRA2/2019/07/MERRA2.20190701.A3mstC.05x0625.nc4
1502.139,hit,false,0.000,0,341.015,65,GEOS_0.5x0.625/MERRA2/2019/07/MERRA2.20190701.A3mstC.05x0625.nc4
1502.164,hit,false,0.000,0,341.041,65,GEOS_0.5x0.625/MERRA2/2019/07/MERRA2.20190701.A3mstC.05x0625.nc4
1502.203,hit,false,0.000,0,341.079,65,GEOS_0.5x0.625/MERRA2/2019/07/MERRA2.20190701.A3mstC.05x0625.nc4
1502.232,hit,false,0.000,0,341.109,65,GEOS_0.5x0.625/MERRA2/2019/07/MERRA2.20190701.A3mstC.05x0625.nc4
1502.263,hit,false,0.000,0,341.139,65,GEOS_0.5x0.625/MERRA2/2019/07/MERRA2.20190701.A3mstC.05x0625.nc4
1502.295,hit,false,0.000,0,341.172,65,GEOS_0.5x0.625/MERRA2/2019/07/MERRA2.20190701.A3mstC.05x0625.nc4
1502.320,hit,false,0.000,0,341.196,65,GEOS_0.5x0.625/MERRA2/2019/07/MERRA2.20190701.A3mstC.05x0625.nc4
1502.354,hit,false,0.000,0,341.230,65,GEOS_0.5x0.625/MERRA2/2019/07/MERRA2.20190701.A3mstC.05x0625.nc4
1502.379,hit,false,0.000,0,341.253,66,GEOS_0.5x0.625/MERRA2/2019/07/MERRA2.20190701.A3mstC.05x0625.nc4
1502.415,hit,false,0.000,0,341.289,66,GEOS_0.5x0.625/MERRA2/2019/07/MERRA2.20190701.A3mstC.05x0625.nc4
1502.442,hit,false,0.000,0,341.316,66,GEOS_0.5x0.625/MERRA2/2019/07/MERRA2.20190701.A3mstC.05x0625.nc4
1502.474,hit,false,0.000,0,341.348,66,GEOS_0.5x0.625/MERRA2/2019/07/MERRA2.20190701.A3mstC.05x0625.nc4
1502.503,hit,false,0.000,0,341.378,66,GEOS_0.5x0.625/MERRA2/2019/07/MERRA2.20190701.A3mstC.05x0625.nc4
1502.536,hit,false,0.000,0,341.410,66,GEOS_0.5x0.625/MERRA2/2019/07/MERRA2.20190701.A3mstC.05x0625.nc4
1502.559,hit,false,0.000,0,341.434,66,GEOS_0.5x0.625/MERRA2/2019/07/MERRA2.20190701.A3mstC.05x0625.nc4
1502.592,hit,false,0.000,0,341.467,66,GEOS_0.5x0.625/MERRA2/2019/07/MERRA2.20190701.A3mstC.05x0625.nc4
1502.625,hit,false,0.000,0,341.498,67,GEOS_0.5x0.625/MERRA2/2019/07/MERRA2.20190701.A3mstC.05x0625.nc4
1502.660,hit,false,0.000,0,341.532,67,GEOS_0.5x0.625/MERRA2/2019/07/MERRA2.20190701.A3mstC.05x0625.nc4
1502.699,hit,false,0.000,0,341.571,67,GEOS_0.5x0.625/MERRA2/2019/07/MERRA2.20190701.A3mstC.05x0625.nc4
1502.722,hit,false,0.000,0,341.594,67,GEOS_0.5x0.625/MERRA2/2019/07/MERRA2.20190701.A3mstC.05x0625.nc4
1502.755,hit,false,0.000,0,341.628,67,GEOS_0.5x0.625/MERRA2/2019/07/MERRA2.20190701.A3mstC.05x0625.nc4
1502.779,hit,false,0.000,0,341.652,67,GEOS_0.5x0.625/MERRA2/2019/07/MERRA2.20190701.A3mstC.05x0625.nc4
1502.811,hit,false,0.000,0,341.683,67,GEOS_0.5x0.625/MERRA2/2019/07/MERRA2.20190701.A3mstC.05x0625.nc4
1502.836,hit,false,0.000,0,341.709,67,GEOS_0.5x0.625/MERRA2/2019/07/MERRA2.20190701.A3mstC.05x0625.nc4
1502.867,hit,false,0.000,0,341.738,68,GEOS_0.5x0.625/MERRA2/2019/07/MERRA2.20190701.A3mstC.05x0625.nc4
1502.895,hit,false,0.000,0,341.766,68,GEOS_0.5x0.625/MERRA2/2019/07/MERRA2.20190701.A3mstC.05x0625.nc4
1502.926,hit,false,0.000,0,341.797,68,GEOS_0.5x0.625/MERRA2/2019/07/MERRA2.20190701.A3mstC.05x0625.nc4
1503.030,hit,false,0.000,0,341.901,68,GEOS_0.5x0.625/MERRA2/2019/07/MERRA2.20190701.A3mstC.05x0625.nc4
1503.053,hit,false,0.000,0,341.924,68,GEOS_0.5x0.625/MERRA2/2019/07/MERRA2.20190701.A3mstC.05x0625.nc4
1503.084,hit,false,0.000,0,341.956,68,GEOS_0.5x0.625/MERRA2/2019/07/MERRA2.20190701.A3mstC.05x0625.nc4
1503.111,hit,false,0.000,0,341.982,68,GEOS_0.5x0.625/MERRA2/2019/07/MERRA2.20190701.A3mstC.05x0625.nc4
1503.142,hit,false,0.000,0,342.013,68,GEOS_0.5x0.625/MERRA2/2019/07/MERRA2.20190701.A3mstC.05x0625.nc4
1503.166,hit,false,0.000,0,342.036,69,GEOS_0.5x0.625/MERRA2/2019/07/MERRA2.20190701.A3mstC.05x0625.nc4
1503.203,hit,false,0.000,0,342.072,69,GEOS_0.5x0.625/MERRA2/2019/07/MERRA2.20190701.A3mstC.05x0625.nc4
1503.228,hit,false,0.000,0,342.098,69,GEOS_0.5x0.625/MERRA2/2019/07/MERRA2.20190701.A3mstC.05x0625.nc4
1503.259,hit,false,0.000,0,342.129,69,GEOS_0.5x0.625/MERRA2/2019/07/MERRA2.20190701.A3mstC.05x0625.nc4
1503.286,hit,false,0.000,0,342.156,69,GEOS_0.5x0.625/MERRA2/2019/07/MERRA2.20190701.A3mstC.05x0625.nc4
1503.317,hit,false,0.000,0,342.187,69,GEOS_0.5x0.625/MERRA2/2019/07/MERRA2.20190701.A3mstC.05x0625.nc4
1503.342,hit,false,0.000,0,342.212,69,GEOS_0.5x0.625/MERRA2/2019/07/MERRA2.20190701.A3mstC.05x0625.nc4
1503.379,hit,false,0.000,0,342.249,69,GEOS_0.5x0.625/MERRA2/2019/07/MERRA2.20190701.A3mstC.05x0625.nc4
1503.402,hit,false,0.000,0,342.270,70,GEOS_0.5x0.625/MERRA2/2019/07/MERRA2.20190701.A3mstC.05x0625.nc4
1503.437,hit,false,0.000,0,342.305,70,GEOS_0.5x0.625/MERRA2/2019/07/MERRA2.20190701.A3mstC.05x0625.nc4
1503.462,hit,false,0.000,0,342.330,70,GEOS_0.5x0.625/MERRA2/2019/07/MERRA2.20190701.A3mstC.05x0625.nc4
1503.494,hit,false,0.000,0,342.362,70,GEOS_0.5x0.625/MERRA2/2019/07/MERRA2.20190701.A3mstC.05x0625.nc4
1503.523,hit,false,0.000,0,342.391,70,GEOS_0.5x0.625/MERRA2/2019/07/MERRA2.20190701.A3mstC.05x0625.nc4
1503.551,hit,false,0.000,0,342.419,70,GEOS_0.5x0.625/MERRA2/2019/07/MERRA2.20190701.A3mstC.05x0625.nc4
1503.580,hit,false,0.000,0,342.448,70,GEOS_0.5x0.625/MERRA2/2019/07/MERRA2.20190701.A3mstC.05x0625.nc4
1503.610,hit,false,0.000,0,342.478,70,GEOS_0.5x0.625/MERRA2/2019/07/MERRA2.20190701.A3mstC.05x0625.nc4
1503.663,hit,false,0.000,0,342.530,71,GEOS_0.5x0.625/MERRA2/2019/07/MERRA2.20190701.A3mstC.05x0625.nc4
1503.689,hit,false,0.000,0,342.555,71,GEOS_0.5x0.625/MERRA2/2019/07/MERRA2.20190701.A3mstC.05x0625.nc4
1503.720,hit,false,0.000,0,342.587,71,GEOS_0.5x0.625/MERRA2/2019/07/MERRA2.20190701.A3mstC.05x0625.nc4
1503.747,hit,false,0.000,0,342.613,71,GEOS_0.5x0.625/MERRA2/2019/07/MERRA2.20190701.A3mstC.05x0625.nc4
1503.777,hit,false,0.000,0,342.643,71,GEOS_0.5x0.625/MERRA2/2019/07/MERRA2.20190701.A3mstC.05x0625.nc4
1503.806,hit,false,0.000,0,342.673,71,GEOS_0.5x0.625/MERRA2/2019/07/MERRA2.20190701.A3mstC.05x0625.nc4
1503.834,hit,false,0.000,0,342.701,71,GEOS_0.5x0.625/MERRA2/2019/07/MERRA2.20190701.A3mstC.05x0625.nc4
1503.858,hit,false,0.000,0,342.724,71,GEOS_0.5x0.625/MERRA2/2019/07/MERRA2.20190701.A3mstC.05x0625.nc4
1503.888,hit,false,0.000,0,342.736,72,GEOS_0.5x0.625/MERRA2/2019/07/MERRA2.20190701.A3mstC.05x0625.nc4
1503.917,hit,false,0.000,0,342.764,72,GEOS_0.5x0.625/MERRA2/2019/07/MERRA2.20190701.A3mstC.05x0625.nc4
1503.961,hit,false,0.000,0,342.809,72,GEOS_0.5x0.625/MERRA2/2019/07/MERRA2.20190701.A3mstC.05x0625.nc4
1503.985,hit,false,0.000,0,342.832,72,GEOS_0.5x0.625/MERRA2/2019/07/MERRA2.20190701.A3mstC.05x0625.nc4
1504.023,hit,false,0.000,0,342.870,72,GEOS_0.5x0.625/MERRA2/2019/07/MERRA2.20190701.A3mstC.05x0625.nc4
1504.049,hit,false,0.000,0,342.896,72,GEOS_0.5x0.625/MERRA2/2019/07/MERRA2.20190701.A3mstC.05x0625.nc4
1504.083,hit,false,0.000,0,342.930,72,GEOS_0.5x0.625/MERRA2/2019/07/MERRA2.20190701.A3mstC.05x0625.nc4
1504.112,hit,false,0.000,0,342.960,72,GEOS_0.5x0.625/MERRA2/2019/07/MERRA2.20190701.A3mstC.05x0625.nc4
1504.145,hit,false,0.000,0,342.990,73,GEOS_0.5x0.625/MERRA2/2019/07/MERRA2.20190701.A3mstC.05x0625.nc4
1504.177,hit,false,0.000,0,343.021,73,GEOS_0.5x0.625/MERRA2/2019/07/MERRA2.20190701.A3mstC.05x0625.nc4
1504.209,hit,false,0.000,0,343.054,73,GEOS_0.5x0.625/MERRA2/2019/07/MERRA2.20190701.A3mstC.05x0625.nc4
1504.238,hit,false,0.000,0,343.083,73,GEOS_0.5x0.625/MERRA2/2019/07/MERRA2.20190701.A3mstC.05x0625.nc4
1504.271,hit,false,0.000,0,343.116,73,GEOS_0.5x0.625/MERRA2/2019/07/MERRA2.20190701.A3mstC.05x0625.nc4
1504.296,hit,false,0.000,0,343.141,73,GEOS_0.5x0.625/MERRA2/2019/07/MERRA2.20190701.A3mstC.05x0625.nc4
1504.332,hit,false,0.000,0,343.177,73,GEOS_0.5x0.625/MERRA2/2019/07/MERRA2.20190701.A3mstC.05x0625.nc4
1504.356,hit,false,0.000,0,343.201,73,GEOS_0.5x0.625/MERRA2/2019/07/MERRA2.20190701.A3mstC.05x0625.nc4
1504.394,hit,false,0.000,0,343.237,74,GEOS_0.5x0.625/MERRA2/2019/07/MERRA2.20190701.A3mstC.05x0625.nc4
1504.420,hit,false,0.000,0,343.263,74,GEOS_0.5x0.625/MERRA2/2019/07/MERRA2.20190701.A3mstC.05x0625.nc4
1504.459,hit,false,0.000,0,343.301,74,GEOS_0.5x0.625/MERRA2/2019/07/MERRA2.20190701.A3mstC.05x0625.nc4
1504.485,hit,false,0.000,0,343.327,74,GEOS_0.5x0.625/MERRA2/2019/07/MERRA2.20190701.A3mstC.05x0625.nc4
1504.517,hit,false,0.000,0,343.360,74,GEOS_0.5x0.625/MERRA2/2019/07/MERRA2.20190701.A3mstC.05x0625.nc4
1504.541,hit,false,0.000,0,343.384,74,GEOS_0.5x0.625/MERRA2/2019/07/MERRA2.20190701.A3mstC.05x0625.nc4
1504.574,hit,false,0.000,0,343.417,74,GEOS_0.5x0.625/MERRA2/2019/07/MERRA2.20190701.A3mstC.05x0625.nc4
1504.600,hit,false,0.000,0,343.443,74,GEOS_0.5x0.625/MERRA2/2019/07/MERRA2.20190701.A3mstC.05x0625.nc4
1504.632,hit,false,0.000,0,343.473,75,GEOS_0.5x0.625/MERRA2/2019/07/MERRA2.20190701.A3mstC.05x0625.nc4
1504.658,hit,false,0.000,0,343.499,75,GEOS_0.5x0.625/MERRA2/2019/07/MERRA2.20190701.A3mstC.05x0625.nc4
1504.693,hit,false,0.000,0,343.534,75,GEOS_0.5x0.625/MERRA2/2019/07/MERRA2.20190701.A3mstC.05x0625.nc4
1504.716,hit,false,0.000,0,343.557,75,GEOS_0.5x0.625/MERRA2/2019/07/MERRA2.20190701.A3mstC.05x0625.nc4
1504.750,hit,false,0.000,0,343.591,75,GEOS_0.5x0.625/MERRA2/2019/07/MERRA2.20190701.A3mstC.05x0625.nc4
1504.775,hit,false,0.000,0,343.616,75,GEOS_0.5x0.625/MERRA2/2019/07/MERRA2.20190701.A3mstC.05x0625.nc4
1504.808,hit,false,0.000,0,343.649,75,GEOS_0.5x0.625/MERRA2/2019/07/MERRA2.20190701.A3mstC.05x0625.nc4
1504.834,hit,false,0.000,0,343.675,75,GEOS_0.5x0.625/MERRA2/2019/07/MERRA2.20190701.A3mstC.05x0625.nc4
1504.865,hit,false,0.000,0,343.705,76,GEOS_0.5x0.625/MERRA2/2019/07/MERRA2.20190701.A3mstC.05x0625.nc4
1504.893,hit,false,0.000,0,343.733,76,GEOS_0.5x0.625/MERRA2/2019/07/MERRA2.20190701.A3mstC.05x0625.nc4
1505.006,hit,false,0.000,0,343.846,76,GEOS_0.5x0.625/MERRA2/2019/07/MERRA2.20190701.A3mstC.05x0625.nc4
1505.030,hit,false,0.000,0,343.870,76,GEOS_0.5x0.625/MERRA2/2019/07/MERRA2.20190701.A3mstC.05x0625.nc4
1505.063,hit,false,0.000,0,343.903,76,GEOS_0.5x0.625/MERRA2/2019/07/MERRA2.20190701.A3mstC.05x0625.nc4
1505.089,hit,false,0.000,0,343.928,76,GEOS_0.5x0.625/MERRA2/2019/07/MERRA2.20190701.A3mstC.05x0625.nc4
1505.121,hit,false,0.000,0,343.961,76,GEOS_0.5x0.625/MERRA2/2019/07/MERRA2.20190701.A3mstC.05x0625.nc4
1505.175,hit,false,0.000,0,344.014,76,GEOS_0.5x0.625/MERRA2/2019/07/MERRA2.20190701.A3mstC.05x0625.nc4
1505.197,hit,false,0.000,0,344.035,77,GEOS_0.5x0.625/MERRA2/2019/07/MERRA2.20190701.A3mstC.05x0625.nc4
1505.234,hit,false,0.000,0,344.072,77,GEOS_0.5x0.625/MERRA2/2019/07/MERRA2.20190701.A3mstC.05x0625.nc4
1505.260,hit,false,0.000,0,344.098,77,GEOS_0.5x0.625/MERRA2/2019/07/MERRA2.20190701.A3mstC.05x0625.nc4
1505.290,hit,false,0.000,0,344.128,77,GEOS_0.5x0.625/MERRA2/2019/07/MERRA2.20190701.A3mstC.05x0625.nc4
1505.320,hit,false,0.000,0,344.158,77,GEOS_0.5x0.625/MERRA2/2019/07/MERRA2.20190701.A3mstC.05x0625.nc4
1505.343,hit,false,0.000,0,344.182,77,GEOS_0.5x0.625/MERRA2/2019/07/MERRA2.20190701.A3mstC.05x0625.nc4
1505.376,hit,false,0.000,0,344.214,77,GEOS_0.5x0.625/MERRA2/2019/07/MERRA2.20190701.A3mstC.05x0625.nc4
1505.401,hit,false,0.000,0,344.239,77,GEOS_0.5x0.625/MERRA2/2019/07/MERRA2.20190701.A3mstC.05x0625.nc4
1505.431,hit,false,0.000,0,344.267,78,GEOS_0.5x0.625/MERRA2/2019/07/MERRA2.20190701.A3mstC.05x0625.nc4
1505.463,hit,false,0.000,0,344.300,78,GEOS_0.5x0.625/MERRA2/2019/07/MERRA2.20190701.A3mstC.05x0625.nc4
1505.493,hit,false,0.000,0,344.330,78,GEOS_0.5x0.625/MERRA2/2019/07/MERRA2.20190701.A3mstC.05x0625.nc4
1505.519,hit,false,0.000,0,344.355,78,GEOS_0.5x0.625/MERRA2/2019/07/MERRA2.20190701.A3mstC.05x0625.nc4
1505.548,hit,false,0.000,0,344.385,78,GEOS_0.5x0.625/MERRA2/2019/07/MERRA2.20190701.A3mstC.05x0625.nc4
1505.578,hit,false,0.000,0,344.414,78,GEOS_0.5x0.625/MERRA2/2019/07/MERRA2.20190701.A3mstC.05x0625.nc4
1505.600,hit,false,0.000,0,344.437,78,GEOS_0.5x0.625/MERRA2/2019/07/MERRA2.20190701.A3mstC.05x0625.nc4
1505.631,hit,false,0.000,0,344.468,78,GEOS_0.5x0.625/MERRA2/2019/07/MERRA2.20190701.A3mstC.05x0625.nc4
1505.657,hit,false,0.000,0,344.492,79,GEOS_0.5x0.625/MERRA2/2019/07/MERRA2.20190701.A3mstC.05x0625.nc4
1505.688,hit,false,0.000,0,344.523,79,GEOS_0.5x0.625/MERRA2/2019/07/MERRA2.20190701.A3mstC.05x0625.nc4
1505.715,hit,false,0.000,0,344.550,79,GEOS_0.5x0.625/MERRA2/2019/07/MERRA2.20190701.A3mstC.05x0625.nc4
1505.744,hit,false,0.000,0,344.580,79,GEOS_0.5x0.625/MERRA2/2019/07/MERRA2.20190701.A3mstC.05x0625.nc4
1505.775,hit,false,0.000,0,344.610,79,GEOS_0.5x0.625/MERRA2/2019/07/MERRA2.20190701.A3mstC.05x0625.nc4
1505.797,hit,false,0.000,0,344.633,79,GEOS_0.5x0.625/MERRA2/2019/07/MERRA2.20190701.A3mstC.05x0625.nc4
1505.830,hit,false,0.000,0,344.665,79,GEOS_0.5x0.625/MERRA2/2019/07/MERRA2.20190701.A3mstC.05x0625.nc4
1505.856,hit,false,0.000,0,344.691,79,GEOS_0.5x0.625/MERRA2/2019/07/MERRA2.20190701.A3mstC.05x0625.nc4
1505.885,hit,false,0.000,0,344.825,80,GEOS_0.5x0.625/MERRA2/2019/07/MERRA2.20190701.A3mstC.05x0625.nc4
1505.912,hit,false,0.000,0,344.852,80,GEOS_0.5x0.625/MERRA2/2019/07/MERRA2.20190701.A3mstC.05x0625.nc4
1505.958,hit,false,0.000,0,344.898,80,GEOS_0.5x0.625/MERRA2/2019/07/MERRA2.20190701.A3mstC.05x0625.nc4
1505.981,hit,false,0.000,0,344.921,80,GEOS_0.5x0.625/MERRA2/2019/07/MERRA2.20190701.A3mstC.05x0625.nc4
1506.013,hit,false,0.000,0,344.953,80,GEOS_0.5x0.625/MERRA2/2019/07/MERRA2.20190701.A3mstC.05x0625.nc4
1506.037,hit,false,0.000,0,344.978,80,GEOS_0.5x0.625/MERRA2/2019/07/MERRA2.20190701.A3mstC.05x0625.nc4
1506.070,hit,false,0.000,0,345.011,80,GEOS_0.5x0.625/MERRA2/2019/07/MERRA2.20190701.A3mstC.05x0625.nc4
1506.096,hit,false,0.000,0,345.037,80,GEOS_0.5x0.625/MERRA2/2019/07/MERRA2.20190701.A3mstC.05x0625.nc4
1506.128,hit,false,0.000,0,345.066,81,GEOS_0.5x0.625/MERRA2/2019/07/MERRA2.20190701.A3mstC.05x0625.nc4
1506.156,hit,false,0.000,0,345.094,81,GEOS_0.5x0.625/MERRA2/2019/07/MERRA2.20190701.A3mstC.05x0625.nc4
1506.191,hit,false,0.000,0,345.129,81,GEOS_0.5x0.625/MERRA2/2019/07/MERRA2.20190701.A3mstC.05x0625.nc4
1506.215,hit,false,0.000,0,345.153,81,GEOS_0.5x0.625/MERRA2/2019/07/MERRA2.20190701.A3mstC.05x0625.nc4
1506.249,hit,false,0.000,0,345.187,81,GEOS_0.5x0.625/MERRA2/2019/07/MERRA2.20190701.A3mstC.05x0625.nc4
1506.276,hit,false,0.000,0,345.214,81,GEOS_0.5x0.625/MERRA2/2019/07/MERRA2.20190701.A3mstC.05x0625.nc4
1506.308,hit,false,0.000,0,345.246,81,GEOS_0.5x0.625/MERRA2/2019/07/MERRA2.20190701.A3mstC.05x0625.nc4
1506.341,hit,false,0.000,0,345.279,81,GEOS_0.5x0.625/MERRA2/2019/07/MERRA2.20190701.A3mstC.05x0625.nc4
1506.364,hit,false,0.000,0,345.300,82,GEOS_0.5x0.625/MERRA2/2019/07/MERRA2.20190701.A3mstC.05x0625.nc4
1506.407,hit,false,0.000,0,345.343,82,GEOS_0.5x0.625/MERRA2/2019/07/MERRA2.20190701.A3mstC.05x0625.nc4
1506.433,hit,false,0.000,0,345.369,82,GEOS_0.5x0.625/MERRA2/2019/07/MERRA2.20190701.A3mstC.05x0625.nc4
1506.475,hit,false,0.000,0,345.410,82,GEOS_0.5x0.625/MERRA2/2019/07/MERRA2.20190701.A3mstC.05x0625.nc4
1506.509,hit,false,0.000,0,345.445,82,GEOS_0.5x0.625/MERRA2/2019/07/MERRA2.20190701.A3mstC.05x0625.nc4
1506.541,hit,false,0.000,0,345.476,82,GEOS_0.5x0.625/MERRA2/2019/07/MERRA2.20190701.A3mstC.05x0625.nc4
1506.571,hit,false,0.000,0,345.507,82,GEOS_0.5x0.625/MERRA2/2019/07/MERRA2.20190701.A3mstC.05x0625.nc4
1506.612,hit,false,0.000,0,345.548,82,GEOS_0.5x0.625/MERRA2/2019/07/MERRA2.20190701.A3mstC.05x0625.nc4
1506.642,hit,false,0.000,0,345.576,83,GEOS_0.5x0.625/MERRA2/2019/07/MERRA2.20190701.A3mstC.05x0625.nc4
1506.681,hit,false,0.000,0,345.615,83,GEOS_0.5x0.625/MERRA2/2019/07/MERRA2.20190701.A3mstC.05x0625.nc4
1506.711,hit,false,0.000,0,345.645,83,GEOS_0.5x0.625/MERRA2/2019/07/MERRA2.20190701.A3mstC.05x0625.nc4
1506.745,hit,false,0.000,0,345.679,83,GEOS_0.5x0.625/MERRA2/2019/07/MERRA2.20190701.A3mstC.05x0625.nc4
1506.776,hit,false,0.000,0,345.710,83,GEOS_0.5x0.625/MERRA2/2019/07/MERRA2.20190701.A3mstC.05x0625.nc4
1506.807,hit,false,0.000,0,345.741,83,GEOS_0.5x0.625/MERRA2/2019/07/MERRA2.20190701.A3mstC.05x0625.nc4
1506.841,hit,false,0.000,0,345.775,83,GEOS_0.5x0.625/MERRA2/2019/07/MERRA2.20190701.A3mstC.05x0625.nc4
1506.870,hit,false,0.000,0,345.804,83,GEOS_0.5x0.625/MERRA2/2019/07/MERRA2.20190701.A3mstC.05x0625.nc4
1506.903,hit,false,0.000,0,345.836,84,GEOS_0.5x0.625/MERRA2/2019/07/MERRA2.20190701.A3mstC.05x0625.nc4
1507.010,hit,false,0.000,0,345.943,84,GEOS_0.5x0.625/MERRA2/2019/07/MERRA2.20190701.A3mstC.05x0625.nc4
1507.033,hit,false,0.000,0,345.966,84,GEOS_0.5x0.625/MERRA2/2019/07/MERRA2.20190701.A3mstC.05x0625.nc4
1507.074,hit,false,0.000,0,346.007,84,GEOS_0.5x0.625/MERRA2/2019/07/MERRA2.20190701.A3mstC.05x0625.nc4
1507.098,hit,false,0.000,0,346.031,84,GEOS_0.5x0.625/MERRA2/2019/07/MERRA2.20190701.A3mstC.05x0625.nc4
1507.132,hit,false,0.000,0,346.065,84,GEOS_0.5x0.625/MERRA2/2019/07/MERRA2.20190701.A3mstC.05x0625.nc4
1507.157,hit,false,0.000,0,346.090,84,GEOS_0.5x0.625/MERRA2/2019/07/MERRA2.20190701.A3mstC.05x0625.nc4
1507.192,hit,false,0.000,0,346.124,84,GEOS_0.5x0.625/MERRA2/2019/07/MERRA2.20190701.A3mstC.05x0625.nc4
1507.215,hit,false,0.000,0,346.147,85,GEOS_0.5x0.625/MERRA2/2019/07/MERRA2.20190701.A3mstC.05x0625.nc4
1507.255,hit,false,0.000,0,346.187,85,GEOS_0.5x0.625/MERRA2/2019/07/MERRA2.20190701.A3mstC.05x0625.nc4
1507.281,hit,false,0.000,0,346.212,85,GEOS_0.5x0.625/MERRA2/2019/07/MERRA2.20190701.A3mstC.05x0625.nc4
1507.314,hit,false,0.000,0,346.245,85,GEOS_0.5x0.625/MERRA2/2019/07/MERRA2.20190701.A3mstC.05x0625.nc4
1507.340,hit,false,0.000,0,346.271,85,GEOS_0.5x0.625/MERRA2/2019/07/MERRA2.20190701.A3mstC.05x0625.nc4
1507.370,hit,false,0.000,0,346.301,85,GEOS_0.5x0.625/MERRA2/2019/07/MERRA2.20190701.A3mstC.05x0625.nc4
1507.399,hit,false,0.000,0,346.331,85,GEOS_0.5x0.625/MERRA2/2019/07/MERRA2.20190701.A3mstC.05x0625.nc4
1507.433,hit,false,0.000,0,346.364,85,GEOS_0.5x0.625/MERRA2/2019/07/MERRA2.20190701.A3mstC.05x0625.nc4
1507.459,hit,false,0.000,0,346.388,86,GEOS_0.5x0.625/MERRA2/2019/07/MERRA2.20190701.A3mstC.05x0625.nc4
1507.492,hit,false,0.000,0,346.422,86,GEOS_0.5x0.625/MERRA2/2019/07/MERRA2.20190701.A3mstC.05x0625.nc4
1507.518,hit,false,0.000,0,346.448,86,GEOS_0.5x0.625/MERRA2/2019/07/MERRA2.20190701.A3mstC.05x0625.nc4
1507.551,hit,false,0.000,0,346.481,86,GEOS_0.5x0.625/MERRA2/2019/07/MERRA2.20190701.A3mstC.05x0625.nc4
1507.580,hit,false,0.000,0,346.510,86,GEOS_0.5x0.625/MERRA2/2019/07/MERRA2.20190701.A3mstC.05x0625.nc4
1507.613,hit,false,0.000,0,346.543,86,GEOS_0.5x0.625/MERRA2/2019/07/MERRA2.20190701.A3mstC.05x0625.nc4
1507.636,hit,false,0.000,0,346.566,86,GEOS_0.5x0.625/MERRA2/2019/07/MERRA2.20190701.A3mstC.05x0625.nc4
1507.675,hit,false,0.000,0,346.604,86,GEOS_0.5x0.625/MERRA2/2019/07/MERRA2.20190701.A3mstC.05x0625.nc4
1507.697,hit,false,0.000,0,346.626,87,GEOS_0.5x0.625/MERRA2/2019/07/MERRA2.20190701.A3mstC.05x0625.nc4
1507.734,hit,false,0.000,0,346.663,87,GEOS_0.5x0.625/MERRA2/2019/07/MERRA2.20190701.A3mstC.05x0625.nc4
1507.760,hit,false,0.000,0,346.689,87,GEOS_0.5x0.625/MERRA2/2019/07/MERRA2.20190701.A3mstC.05x0625.nc4
1507.794,hit,false,0.000,0,346.722,87,GEOS_0.5x0.625/MERRA2/2019/07/MERRA2.20190701.A3mstC.05x0625.nc4
1507.818,hit,false,0.000,0,346.747,87,GEOS_0.5x0.625/MERRA2/2019/07/MERRA2.20190701.A3mstC.05x0625.nc4
1507.850,hit,false,0.000,0,346.778,87,GEOS_0.5x0.625/MERRA2/2019/07/MERRA2.20190701.A3mstC.05x0625.nc4
1507.875,hit,false,0.000,0,346.803,87,GEOS_0.5x0.625/MERRA2/2019/07/MERRA2.20190701.A3mstC.05x0625.nc4
1507.910,hit,false,0.000,0,346.838,87,GEOS_0.5x0.625/MERRA2/2019/07/MERRA2.20190701.A3mstC.05x0625.nc4
1507.936,hit,false,0.000,0,346.837,88,GEOS_0.5x0.625/MERRA2/2019/07/MERRA2.20190701.A3mstC.05x0625.nc4
1507.968,hit,false,0.000,0,346.869,88,GEOS_0.5x0.625/MERRA2/2019/07/MERRA2.20190701.A3mstC.05x0625.nc4
1507.999,hit,false,0.000,0,346.900,88,GEOS_0.5x0.625/MERRA2/2019/07/MERRA2.20190701.A3mstC.05x0625.nc4
1508.024,hit,false,0.000,0,346.925,88,GEOS_0.5x0.625/MERRA2/2019/07/MERRA2.20190701.A3mstC.05x0625.nc4
1508.061,hit,false,0.000,0,346.962,88,GEOS_0.5x0.625/MERRA2/2019/07/MERRA2.20190701.A3mstC.05x0625.nc4
1508.085,hit,false,0.000,0,346.986,88,GEOS_0.5x0.625/MERRA2/2019/07/MERRA2.20190701.A3mstC.05x0625.nc4
1508.123,hit,false,0.000,0,347.024,88,GEOS_0.5x0.625/MERRA2/2019/07/MERRA2.20190701.A3mstC.05x0625.nc4
1508.149,hit,false,0.000,0,347.050,88,GEOS_0.5x0.625/MERRA2/2019/07/MERRA2.20190701.A3mstC.05x0625.nc4
1508.180,hit,false,0.000,0,347.079,89,GEOS_0.5x0.625/MERRA2/2019/07/MERRA2.20190701.A3mstC.05x0625.nc4
1508.216,hit,false,0.000,0,347.115,89,GEOS_0.5x0.625/MERRA2/2019/07/MERRA2.20190701.A3mstC.05x0625.nc4
1508.247,hit,false,0.000,0,347.146,89,GEOS_0.5x0.625/MERRA2/2019/07/MERRA2.20190701.A3mstC.05x0625.nc4
1508.281,hit,false,0.000,0,347.180,89,GEOS_0.5x0.625/MERRA2/2019/07/MERRA2.20190701.A3mstC.05x0625.nc4
1508.305,hit,false,0.000,0,347.204,89,GEOS_0.5x0.625/MERRA2/2019/07/MERRA2.20190701.A3mstC.05x0625.nc4
1508.347,hit,false,0.000,0,347.246,89,GEOS_0.5x0.625/MERRA2/2019/07/MERRA2.20190701.A3mstC.05x0625.nc4
1508.369,hit,false,0.000,0,347.268,89,GEOS_0.5x0.625/MERRA2/2019/07/MERRA2.20190701.A3mstC.05x0625.nc4
1508.410,hit,false,0.000,0,347.309,89,GEOS_0.5x0.625/MERRA2/2019/07/MERRA2.20190701.A3mstC.05x0625.nc4
1508.435,hit,false,0.000,0,347.333,90,GEOS_0.5x0.625/MERRA2/2019/07/MERRA2.20190701.A3mstC.05x0625.nc4
1508.474,hit,false,0.000,0,347.372,90,GEOS_0.5x0.625/MERRA2/2019/07/MERRA2.20190701.A3mstC.05x0625.nc4
1508.492,hit,false,0.000,0,347.390,90,GEOS_0.5x0.625/MERRA2/2019/07/MERRA2.20190701.A3mstC.05x0625.nc4
1508.542,hit,false,0.000,0,347.440,90,GEOS_0.5x0.625/MERRA2/2019/07/MERRA2.20190701.A3mstC.05x0625.nc4
1508.565,hit,false,0.000,0,347.463,90,GEOS_0.5x0.625/MERRA2/2019/07/MERRA2.20190701.A3mstC.05x0625.nc4
1508.609,hit,false,0.000,0,347.507,90,GEOS_0.5x0.625/MERRA2/2019/07/MERRA2.20190701.A3mstC.05x0625.nc4
1508.632,hit,false,0.000,0,347.530,90,GEOS_0.5x0.625/MERRA2/2019/07/MERRA2.20190701.A3mstC.05x0625.nc4
1508.668,hit,false,0.000,0,347.566,90,GEOS_0.5x0.625/MERRA2/2019/07/MERRA2.20190701.A3mstC.05x0625.nc4
1508.783,hit,false,0.000,0,347.680,91,GEOS_0.5x0.625/MERRA2/2019/07/MERRA2.20190701.A3mstC.05x0625.nc4
1508.789,hit,false,0.000,0,347.686,91,GEOS_0.5x0.625/MERRA2/2019/07/MERRA2.20190701.A3mstC.05x0625.nc4
1508.854,hit,false,0.000,0,347.750,91,GEOS_0.5x0.625/MERRA2/2019/07/MERRA2.20190701.A3mstC.05x0625.nc4
1508.874,hit,false,0.000,0,347.771,91,GEOS_0.5x0.625/MERRA2/2019/07/MERRA2.20190701.A3mstC.05x0625.nc4
1508.920,hit,false,0.000,0,347.816,91,GEOS_0.5x0.625/MERRA2/2019/07/MERRA2.20190701.A3mstC.05x0625.nc4
1508.942,hit,false,0.000,0,347.838,91,GEOS_0.5x0.625/MERRA2/2019/07/MERRA2.20190701.A3mstC.05x0625.nc4
1508.979,hit,false,0.000,0,347.876,91,GEOS_0.5x0.625/MERRA2/2019/07/MERRA2.20190701.A3mstC.05x0625.nc4
1509.005,hit,false,0.000,0,347.901,91,GEOS_0.5x0.625/MERRA2/2019/07/MERRA2.20190701.A3mstC.05x0625.nc4
1509.120,hit,false,0.000,0,348.009,92,GEOS_0.5x0.625/MERRA2/2019/07/MERRA2.20190701.A3mstC.05x0625.nc4
1509.147,hit,false,0.000,0,348.035,92,GEOS_0.5x0.625/MERRA2/2019/07/MERRA2.20190701.A3mstC.05x0625.nc4
1509.189,hit,false,0.000,0,348.078,92,GEOS_0.5x0.625/MERRA2/2019/07/MERRA2.20190701.A3mstC.05x0625.nc4
1509.213,hit,false,0.000,0,348.101,92,GEOS_0.5x0.625/MERRA2/2019/07/MERRA2.20190701.A3mstC.05x0625.nc4
1509.255,hit,false,0.000,0,348.143,92,GEOS_0.5x0.625/MERRA2/2019/07/MERRA2.20190701.A3mstC.05x0625.nc4
1509.278,hit,false,0.000,0,348.166,92,GEOS_0.5x0.625/MERRA2/2019/07/MERRA2.20190701.A3mstC.05x0625.nc4
1509.323,hit,false,0.000,0,348.211,92,GEOS_0.5x0.625/MERRA2/2019/07/MERRA2.20190701.A3mstC.05x0625.nc4
1509.344,hit,false,0.000,0,348.232,92,GEOS_0.5x0.625/MERRA2/2019/07/MERRA2.20190701.A3mstC.05x0625.nc4
1509.388,hit,false,0.000,0,348.163,93,GEOS_0.5x0.625/MERRA2/2019/07/MERRA2.20190701.A3mstC.05x0625.nc4
1509.414,hit,false,0.000,0,348.189,93,GEOS_0.5x0.625/MERRA2/2019/07/MERRA2.20190701.A3mstC.05x0625.nc4
1509.454,hit,false,0.000,0,348.229,93,GEOS_0.5x0.625/MERRA2/2019/07/MERRA2.20190701.A3mstC.05x0625.nc4
1509.478,hit,false,0.000,0,348.253,93,GEOS_0.5x0.625/MERRA2/2019/07/MERRA2.20190701.A3mstC.05x0625.nc4
1509.519,hit,false,0.000,0,348.294,93,GEOS_0.5x0.625/MERRA2/2019/07/MERRA2.20190701.A3mstC.05x0625.nc4
1509.543,hit,false,0.000,0,348.318,93,GEOS_0.5x0.625/MERRA2/2019/07/MERRA2.20190701.A3mstC.05x0625.nc4
1509.585,hit,false,0.000,0,348.360,93,GEOS_0.5x0.625/MERRA2/2019/07/MERRA2.20190701.A3mstC.05x0625.nc4
1509.608,hit,false,0.000,0,348.383,93,GEOS_0.5x0.625/MERRA2/2019/07/MERRA2.20190701.A3mstC.05x0625.nc4
1509.646,hit,false,0.000,0,348.420,94,GEOS_0.5x0.625/MERRA2/2019/07/MERRA2.20190701.A3mstC.05x0625.nc4
1509.671,hit,false,0.000,0,348.444,94,GEOS_0.5x0.625/MERRA2/2019/07/MERRA2.20190701.A3mstC.05x0625.nc4
1509.709,hit,false,0.000,0,348.482,94,GEOS_0.5x0.625/MERRA2/2019/07/MERRA2.20190701.A3mstC.05x0625.nc4
1509.731,hit,false,0.000,0,348.505,94,GEOS_0.5x0.625/MERRA2/2019/07/MERRA2.20190701.A3mstC.05x0625.nc4
1509.770,hit,false,0.000,0,348.543,94,GEOS_0.5x0.625/MERRA2/2019/07/MERRA2.20190701.A3mstC.05x0625.nc4
1509.793,hit,false,0.000,0,348.566,94,GEOS_0.5x0.625/MERRA2/2019/07/MERRA2.20190701.A3mstC.05x0625.nc4
1509.828,hit,false,0.000,0,348.602,94,GEOS_0.5x0.625/MERRA2/2019/07/MERRA2.20190701.A3mstC.05x0625.nc4
1509.854,hit,false,0.000,0,348.627,94,GEOS_0.5x0.625/MERRA2/2019/07/MERRA2.20190701.A3mstC.05x0625.nc4
1509.889,hit,false,0.000,0,348.661,95,GEOS_0.5x0.625/MERRA2/2019/07/MERRA2.20190701.A3mstC.05x0625.nc4
1509.916,hit,false,0.000,0,348.688,95,GEOS_0.5x0.625/MERRA2/2019/07/MERRA2.20190701.A3mstC.05x0625.nc4
1509.950,hit,false,0.000,0,348.722,95,GEOS_0.5x0.625/MERRA2/2019/07/MERRA2.20190701.A3mstC.05x0625.nc4
1509.975,hit,false,0.000,0,348.747,95,GEOS_0.5x0.625/MERRA2/2019/07/MERRA2.20190701.A3mstC.05x0625.nc4
1510.006,hit,false,0.000,0,348.779,95,GEOS_0.5x0.625/MERRA2/2019/07/MERRA2.20190701.A3mstC.05x0625.nc4
1510.032,hit,false,0.000,0,348.804,95,GEOS_0.5x0.625/MERRA2/2019/07/MERRA2.20190701.A3mstC.05x0625.nc4
1510.064,hit,false,0.000,0,348.836,95,GEOS_0.5x0.625/MERRA2/2019/07/MERRA2.20190701.A3mstC.05x0625.nc4
1510.094,hit,false,0.000,0,348.866,95,GEOS_0.5x0.625/MERRA2/2019/07/MERRA2.20190701.A3mstC.05x0625.nc4
1510.126,hit,false,0.000,0,349.011,96,GEOS_0.5x0.625/MERRA2/2019/07/MERRA2.20190701.A3mstC.05x0625.nc4
1510.152,hit,false,0.000,0,349.037,96,GEOS_0.5x0.625/MERRA2/2019/07/MERRA2.20190701.A3mstC.05x0625.nc4
1510.198,hit,false,0.000,0,349.083,96,GEOS_0.5x0.625/MERRA2/2019/07/MERRA2.20190701.A3mstC.05x0625.nc4
1510.220,hit,false,0.000,0,349.105,96,GEOS_0.5x0.625/MERRA2/2019/07/MERRA2.20190701.A3mstC.05x0625.nc4
1510.260,hit,false,0.000,0,349.144,96,GEOS_0.5x0.625/MERRA2/2019/07/MERRA2.20190701.A3mstC.05x0625.nc4
1510.282,hit,false,0.000,0,349.167,96,GEOS_0.5x0.625/MERRA2/2019/07/MERRA2.20190701.A3mstC.05x0625.nc4
1510.320,hit,false,0.000,0,349.205,96,GEOS_0.5x0.625/MERRA2/2019/07/MERRA2.20190701.A3mstC.05x0625.nc4
1510.344,hit,false,0.000,0,349.228,96,GEOS_0.5x0.625/MERRA2/2019/07/MERRA2.20190701.A3mstC.05x0625.nc4
1510.389,hit,false,0.000,0,348.960,97,GEOS_0.5x0.625/MERRA2/2019/07/MERRA2.20190701.A3mstC.05x0625.nc4
1510.413,hit,false,0.000,0,348.984,97,GEOS_0.5x0.625/MERRA2/2019/07/MERRA2.20190701.A3mstC.05x0625.nc4
1510.457,hit,false,0.000,0,349.028,97,GEOS_0.5x0.625/MERRA2/2019/07/MERRA2.20190701.A3mstC.05x0625.nc4
1510.480,hit,false,0.000,0,349.051,97,GEOS_0.5x0.625/MERRA2/2019/07/MERRA2.20190701.A3mstC.05x0625.nc4
1510.523,hit,false,0.000,0,349.094,97,GEOS_0.5x0.625/MERRA2/2019/07/MERRA2.20190701.A3mstC.05x0625.nc4
1510.549,hit,false,0.000,0,349.120,97,GEOS_0.5x0.625/MERRA2/2019/07/MERRA2.20190701.A3mstC.05x0625.nc4
1510.581,hit,false,0.000,0,349.152,97,GEOS_0.5x0.625/MERRA2/2019/07/MERRA2.20190701.A3mstC.05x0625.nc4
1510.610,hit,false,0.000,0,349.181,97,GEOS_0.5x0.625/MERRA2/2019/07/MERRA2.20190701.A3mstC.05x0625.nc4
1510.645,hit,false,0.000,0,349.214,98,GEOS_0.5x0.625/MERRA2/2019/07/MERRA2.20190701.A3mstC.05x0625.nc4
1510.671,hit,false,0.000,0,349.240,98,GEOS_0.5x0.625/MERRA2/2019/07/MERRA2.20190701.A3mstC.05x0625.nc4
1510.705,hit,false,0.000,0,349.274,98,GEOS_0.5x0.625/MERRA2/2019/07/MERRA2.20190701.A3mstC.05x0625.nc4
1510.727,hit,false,0.000,0,349.297,98,GEOS_0.5x0.625/MERRA2/2019/07/MERRA2.20190701.A3mstC.05x0625.nc4
1510.763,hit,false,0.000,0,349.332,98,GEOS_0.5x0.625/MERRA2/2019/07/MERRA2.20190701.A3mstC.05x0625.nc4
1510.789,hit,false,0.000,0,349.358,98,GEOS_0.5x0.625/MERRA2/2019/07/MERRA2.20190701.A3mstC.05x0625.nc4
1510.824,hit,false,0.000,0,349.393,98,GEOS_0.5x0.625/MERRA2/2019/07/MERRA2.20190701.A3mstC.05x0625.nc4
1510.853,hit,false,0.000,0,349.423,98,GEOS_0.5x0.625/MERRA2/2019/07/MERRA2.20190701.A3mstC.05x0625.nc4
1510.886,hit,false,0.000,0,349.454,99,GEOS_0.5x0.625/MERRA2/2019/07/MERRA2.20190701.A3mstC.05x0625.nc4
1510.919,hit,false,0.000,0,349.487,99,GEOS_0.5x0.625/MERRA2/2019/07/MERRA2.20190701.A3mstC.05x0625.nc4
1510.952,hit,false,0.000,0,349.520,99,GEOS_0.5x0.625/MERRA2/2019/07/MERRA2.20190701.A3mstC.05x0625.nc4
1510.982,hit,false,0.000,0,349.549,99,GEOS_0.5x0.625/MERRA2/2019/07/MERRA2.20190701.A3mstC.05x0625.nc4
1511.014,hit,false,0.000,0,349.582,99,GEOS_0.5x0.625/MERRA2/2019/07/MERRA2.20190701.A3mstC.05x0625.nc4
1511.039,hit,false,0.000,0,349.607,99,GEOS_0.5x0.625/MERRA2/2019/07/MERRA2.20190701.A3mstC.05x0625.nc4
1511.071,hit,false,0.000,0,349.639,99,GEOS_0.5x0.625/MERRA2/2019/07/MERRA2.20190701.A3mstC.05x0625.nc4
1511.176,hit,false,0.000,0,349.744,99,GEOS_0.5x0.625/MERRA2/2019/07/MERRA2.20190701.A3mstC.05x0625.nc4
1511.199,hit,false,0.000,0,349.765,100,GEOS_0.5x0.625/MERRA2/2019/07/MERRA2.20190701.A3mstC.05x0625.nc4
1511.239,hit,false,0.000,0,349.805,100,GEOS_0.5x0.625/MERRA2/2019/07/MERRA2.20190701.A3mstC.05x0625.nc4
1511.262,hit,false,0.000,0,349.829,100,GEOS_0.5x0.625/MERRA2/2019/07/MERRA2.20190701.A3mstC.05x0625.nc4
1511.295,hit,false,0.000,0,349.861,100,GEOS_0.5x0.625/MERRA2/2019/07/MERRA2.20190701.A3mstC.05x0625.nc4
1511.320,hit,false,0.000,0,349.886,100,GEOS_0.5x0.625/MERRA2/2019/07/MERRA2.20190701.A3mstC.05x0625.nc4
1511.353,hit,false,0.000,0,349.920,100,GEOS_0.5x0.625/MERRA2/2019/07/MERRA2.20190701.A3mstC.05x0625.nc4
1511.377,hit,false,0.000,0,349.944,100,GEOS_0.5x0.625/MERRA2/2019/07/MERRA2.20190701.A3mstC.05x0625.nc4
1511.417,hit,false,0.000,0,349.984,100,GEOS_0.5x0.625/MERRA2/2019/07/MERRA2.20190701.A3mstC.05x0625.nc4
1511.440,hit,false,0.000,0,350.006,101,GEOS_0.5x0.625/MERRA2/2019/07/MERRA2.20190701.A3mstC.05x0625.nc4
1511.478,hit,false,0.000,0,350.043,101,GEOS_0.5x0.625/MERRA2/2019/07/MERRA2.20190701.A3mstC.05x0625.nc4
1511.504,hit,false,0.000,0,350.069,101,GEOS_0.5x0.625/MERRA2/2019/07/MERRA2.20190701.A3mstC.05x0625.nc4
1511.536,hit,false,0.000,0,350.101,101,GEOS_0.5x0.625/MERRA2/2019/07/MERRA2.20190701.A3mstC.05x0625.nc4
1511.565,hit,false,0.000,0,350.130,101,GEOS_0.5x0.625/MERRA2/2019/07/MERRA2.20190701.A3mstC.05x0625.nc4
1511.594,hit,false,0.000,0,350.159,101,GEOS_0.5x0.625/MERRA2/2019/07/MERRA2.20190701.A3mstC.05x0625.nc4
1511.623,hit,false,0.000,0,350.188,101,GEOS_0.5x0.625/MERRA2/2019/07/MERRA2.20190701.A3mstC.05x0625.nc4
1511.652,hit,false,0.000,0,350.218,101,GEOS_0.5x0.625/MERRA2/2019/07/MERRA2.20190701.A3mstC.05x0625.nc4
1511.682,hit,false,0.000,0,350.246,102,GEOS_0.5x0.625/MERRA2/2019/07/MERRA2.20190701.A3mstC.05x0625.nc4
1511.713,hit,false,0.000,0,350.277,102,GEOS_0.5x0.625/MERRA2/2019/07/MERRA2.20190701.A3mstC.05x0625.nc4
1511.742,hit,false,0.000,0,350.306,102,GEOS_0.5x0.625/MERRA2/2019/07/MERRA2.20190701.A3mstC.05x0625.nc4
1511.771,hit,false,0.000,0,350.334,102,GEOS_0.5x0.625/MERRA2/2019/07/MERRA2.20190701.A3mstC.05x0625.nc4
1511.801,hit,false,0.000,0,350.365,102,GEOS_0.5x0.625/MERRA2/2019/07/MERRA2.20190701.A3mstC.05x0625.nc4
1511.824,hit,false,0.000,0,350.388,102,GEOS_0.5x0.625/MERRA2/2019/07/MERRA2.20190701.A3mstC.05x0625.nc4
1511.857,hit,false,0.000,0,350.421,102,GEOS_0.5x0.625/MERRA2/2019/07/MERRA2.20190701.A3mstC.05x0625.nc4
1511.880,hit,false,0.000,0,350.443,102,GEOS_0.5x0.625/MERRA2/2019/07/MERRA2.20190701.A3mstC.05x0625.nc4
1511.919,hit,false,0.000,0,350.481,103,GEOS_0.5x0.625/MERRA2/2019/07/MERRA2.20190701.A3mstC.05x0625.nc4
1511.945,hit,false,0.000,0,350.507,103,GEOS_0.5x0.625/MERRA2/2019/07/MERRA2.20190701.A3mstC.05x0625.nc4
1511.993,hit,false,0.000,0,350.555,103,GEOS_0.5x0.625/MERRA2/2019/07/MERRA2.20190701.A3mstC.05x0625.nc4
1512.015,hit,false,0.000,0,350.577,103,GEOS_0.5x0.625/MERRA2/2019/07/MERRA2.20190701.A3mstC.05x0625.nc4
1512.055,hit,false,0.000,0,350.617,103,GEOS_0.5x0.625/MERRA2/2019/07/MERRA2.20190701.A3mstC.05x0625.nc4
1512.076,hit,false,0.000,0,350.639,103,GEOS_0.5x0.625/MERRA2/2019/07/MERRA2.20190701.A3mstC.05x0625.nc4
1512.114,hit,false,0.000,0,350.676,103,GEOS_0.5x0.625/MERRA2/2019/07/MERRA2.20190701.A3mstC.05x0625.nc4
1512.137,hit,false,0.000,0,350.699,103,GEOS_0.5x0.625/MERRA2/2019/07/MERRA2.20190701.A3mstC.05x0625.nc4
1512.176,hit,false,0.000,0,351.121,104,GEOS_0.5x0.625/MERRA2/2019/07/MERRA2.20190701.A3mstC.05x0625.nc4
1512.202,hit,false,0.000,0,351.147,104,GEOS_0.5x0.625/MERRA2/2019/07/MERRA2.20190701.A3mstC.05x0625.nc4
1512.250,hit,false,0.000,0,351.194,104,GEOS_0.5x0.625/MERRA2/2019/07/MERRA2.20190701.A3mstC.05x0625.nc4
1512.271,hit,false,0.000,0,351.216,104,GEOS_0.5x0.625/MERRA2/2019/07/MERRA2.20190701.A3mstC.05x0625.nc4
1512.316,hit,false,0.000,0,351.261,104,GEOS_0.5x0.625/MERRA2/2019/07/MERRA2.20190701.A3mstC.05x0625.nc4
1512.337,hit,false,0.000,0,351.282,104,GEOS_0.5x0.625/MERRA2/2019/07/MERRA2.20190701.A3mstC.05x0625.nc4
1512.373,hit,false,0.000,0,351.318,104,GEOS_0.5x0.625/MERRA2/2019/07/MERRA2.20190701.A3mstC.05x0625.nc4
1512.399,hit,false,0.000,0,351.343,104,GEOS_0.5x0.625/MERRA2/2019/07/MERRA2.20190701.A3mstC.05x0625.nc4
1512.444,hit,false,0.000,0,351.244,105,GEOS_0.5x0.625/MERRA2/2019/07/MERRA2.20190701.A3mstC.05x0625.nc4
1512.469,hit,false,0.000,0,351.269,105,GEOS_0.5x0.625/MERRA2/2019/07/MERRA2.20190701.A3mstC.05x0625.nc4
1512.510,hit,false,0.000,0,351.310,105,GEOS_0.5x0.625/MERRA2/2019/07/MERRA2.20190701.A3mstC.05x0625.nc4
1512.536,hit,false,0.000,0,351.336,105,GEOS_0.5x0.625/MERRA2/2019/07/MERRA2.20190701.A3mstC.05x0625.nc4
1512.569,hit,false,0.000,0,351.369,105,GEOS_0.5x0.625/MERRA2/2019/07/MERRA2.20190701.A3mstC.05x0625.nc4
1512.594,hit,false,0.000,0,351.395,105,GEOS_0.5x0.625/MERRA2/2019/07/MERRA2.20190701.A3mstC.05x0625.nc4
1512.624,hit,false,0.000,0,351.424,105,GEOS_0.5x0.625/MERRA2/2019/07/MERRA2.20190701.A3mstC.05x0625.nc4
1512.650,hit,false,0.000,0,351.450,105,GEOS_0.5x0.625/MERRA2/2019/07/MERRA2.20190701.A3mstC.05x0625.nc4
1512.682,hit,false,0.000,0,351.481,106,GEOS_0.5x0.625/MERRA2/2019/07/MERRA2.20190701.A3mstC.05x0625.nc4
1512.708,hit,false,0.000,0,351.507,106,GEOS_0.5x0.625/MERRA2/2019/07/MERRA2.20190701.A3mstC.05x0625.nc4
1512.743,hit,false,0.000,0,351.542,106,GEOS_0.5x0.625/MERRA2/2019/07/MERRA2.20190701.A3mstC.05x0625.nc4
1512.766,hit,false,0.000,0,351.565,106,GEOS_0.5x0.625/MERRA2/2019/07/MERRA2.20190701.A3mstC.05x0625.nc4
1512.806,hit,false,0.000,0,351.605,106,GEOS_0.5x0.625/MERRA2/2019/07/MERRA2.20190701.A3mstC.05x0625.nc4
1512.828,hit,false,0.000,0,351.627,106,GEOS_0.5x0.625/MERRA2/2019/07/MERRA2.20190701.A3mstC.05x0625.nc4
1512.861,hit,false,0.000,0,351.660,106,GEOS_0.5x0.625/MERRA2/2019/07/MERRA2.20190701.A3mstC.05x0625.nc4
1512.887,hit,false,0.000,0,351.686,106,GEOS_0.5x0.625/MERRA2/2019/07/MERRA2.20190701.A3mstC.05x0625.nc4
1512.919,hit,false,0.000,0,351.717,107,GEOS_0.5x0.625/MERRA2/2019/07/MERRA2.20190701.A3mstC.05x0625.nc4
1512.948,hit,false,0.000,0,351.745,107,GEOS_0.5x0.625/MERRA2/2019/07/MERRA2.20190701.A3mstC.05x0625.nc4
1512.979,hit,false,0.000,0,351.777,107,GEOS_0.5x0.625/MERRA2/2019/07/MERRA2.20190701.A3mstC.05x0625.nc4
1513.004,hit,false,0.000,0,351.802,107,GEOS_0.5x0.625/MERRA2/2019/07/MERRA2.20190701.A3mstC.05x0625.nc4
1513.037,hit,false,0.000,0,351.835,107,GEOS_0.5x0.625/MERRA2/2019/07/MERRA2.20190701.A3mstC.05x0625.nc4
1513.061,hit,false,0.000,0,351.858,107,GEOS_0.5x0.625/MERRA2/2019/07/MERRA2.20190701.A3mstC.05x0625.nc4
1513.181,hit,false,0.000,0,351.978,107,GEOS_0.5x0.625/MERRA2/2019/07/MERRA2.20190701.A3mstC.05x0625.nc4
1513.202,hit,false,0.000,0,352.000,107,GEOS_0.5x0.625/MERRA2/2019/07/MERRA2.20190701.A3mstC.05x0625.nc4
1513.242,hit,false,0.000,0,352.038,108,GEOS_0.5x0.625/MERRA2/2019/07/MERRA2.20190701.A3mstC.05x0625.nc4
1513.266,hit,false,0.000,0,352.062,108,GEOS_0.5x0.625/MERRA2/2019/07/MERRA2.20190701.A3mstC.05x0625.nc4
1513.305,hit,false,0.000,0,352.101,108,GEOS_0.5x0.625/MERRA2/2019/07/MERRA2.20190701.A3mstC.05x0625.nc4
1513.328,hit,false,0.000,0,352.124,108,GEOS_0.5x0.625/MERRA2/2019/07/MERRA2.20190701.A3mstC.05x0625.nc4
1513.366,hit,false,0.000,0,352.162,108,GEOS_0.5x0.625/MERRA2/2019/07/MERRA2.20190701.A3mstC.05x0625.nc4
1513.389,hit,false,0.000,0,352.185,108,GEOS_0.5x0.625/MERRA2/2019/07/MERRA2.20190701.A3mstC.05x0625.nc4
1513.429,hit,false,0.000,0,352.225,108,GEOS_0.5x0.625/MERRA2/2019/07/MERRA2.20190701.A3mstC.05x0625.nc4
1513.453,hit,false,0.000,0,352.249,108,GEOS_0.5x0.625/MERRA2/2019/07/MERRA2.20190701.A3mstC.05x0625.nc4
1513.484,hit,false,0.000,0,352.279,109,GEOS_0.5x0.625/MERRA2/2019/07/MERRA2.20190701.A3mstC.05x0625.nc4
1513.512,hit,false,0.000,0,352.307,109,GEOS_0.5x0.625/MERRA2/2019/07/MERRA2.20190701.A3mstC.05x0625.nc4
1513.545,hit,false,0.000,0,352.340,109,GEOS_0.5x0.625/MERRA2/2019/07/MERRA2.20190701.A3mstC.05x0625.nc4
1513.570,hit,false,0.000,0,352.365,109,GEOS_0.5x0.625/MERRA2/2019/07/MERRA2.20190701.A3mstC.05x0625.nc4
1513.598,hit,false,0.000,0,352.393,109,GEOS_0.5x0.625/MERRA2/2019/07/MERRA2.20190701.A3mstC.05x0625.nc4
1513.628,hit,false,0.000,0,352.422,109,GEOS_0.5x0.625/MERRA2/2019/07/MERRA2.20190701.A3mstC.05x0625.nc4
1513.651,hit,false,0.000,0,352.446,109,GEOS_0.5x0.625/MERRA2/2019/07/MERRA2.20190701.A3mstC.05x0625.nc4
1513.680,hit,false,0.000,0,352.475,109,GEOS_0.5x0.625/MERRA2/2019/07/MERRA2.20190701.A3mstC.05x0625.nc4
1513.706,hit,false,0.000,0,352.497,110,GEOS_0.5x0.625/MERRA2/2019/07/MERRA2.20190701.A3mstC.05x0625.nc4
1513.738,hit,false,0.000,0,352.528,110,GEOS_0.5x0.625/MERRA2/2019/07/MERRA2.20190701.A3mstC.05x0625.nc4
1513.762,hit,false,0.000,0,352.552,110,GEOS_0.5x0.625/MERRA2/2019/07/MERRA2.20190701.A3mstC.05x0625.nc4
1513.793,hit,false,0.000,0,352.583,110,GEOS_0.5x0.625/MERRA2/2019/07/MERRA2.20190701.A3mstC.05x0625.nc4
1513.819,hit,false,0.000,0,352.610,110,GEOS_0.5x0.625/MERRA2/2019/07/MERRA2.20190701.A3mstC.05x0625.nc4
1513.851,hit,false,0.000,0,352.641,110,GEOS_0.5x0.625/MERRA2/2019/07/MERRA2.20190701.A3mstC.05x0625.nc4
1513.875,hit,false,0.000,0,352.666,110,GEOS_0.5x0.625/MERRA2/2019/07/MERRA2.20190701.A3mstC.05x0625.nc4
1513.907,hit,false,0.000,0,352.698,110,GEOS_0.5x0.625/MERRA2/2019/07/MERRA2.20190701.A3mstC.05x0625.nc4
1513.937,hit,false,0.000,0,352.725,111,GEOS_0.5x0.625/MERRA2/2019/07/MERRA2.20190701.A3mstC.05x0625.nc4
1513.963,hit,false,0.000,0,352.751,111,GEOS_0.5x0.625/MERRA2/2019/07/MERRA2.20190701.A3mstC.05x0625.nc4
1514.000,hit,false,0.000,0,352.788,111,GEOS_0.5x0.625/MERRA2/2019/07/MERRA2.20190701.A3mstC.05x0625.nc4
1514.020,hit,false,0.000,0,352.808,111,GEOS_0.5x0.625/MERRA2/2019/07/MERRA2.20190701.A3mstC.05x0625.nc4
1514.085,hit,false,0.000,0,352.874,111,GEOS_0.5x0.625/MERRA2/2019/07/MERRA2.20190701.A3mstC.05x0625.nc4
1514.092,hit,false,0.000,0,352.880,111,GEOS_0.5x0.625/MERRA2/2019/07/MERRA2.20190701.A3mstC.05x0625.nc4
1514.159,hit,false,0.000,0,352.948,111,GEOS_0.5x0.625/MERRA2/2019/07/MERRA2.20190701.A3mstC.05x0625.nc4
1514.179,hit,false,0.000,0,352.967,111,GEOS_0.5x0.625/MERRA2/2019/07/MERRA2.20190701.A3mstC.05x0625.nc4
1514.228,hit,false,0.000,0,353.051,112,GEOS_0.5x0.625/MERRA2/2019/07/MERRA2.20190701.A3mstC.05x0625.nc4
1514.258,hit,false,0.000,0,353.081,112,GEOS_0.5x0.625/MERRA2/2019/07/MERRA2.20190701.A3mstC.05x0625.nc4
1514.304,hit,false,0.000,0,353.127,112,GEOS_0.5x0.625/MERRA2/2019/07/MERRA2.20190701.A3mstC.05x0625.nc4
1514.326,hit,false,0.000,0,353.149,112,GEOS_0.5x0.625/MERRA2/2019/07/MERRA2.20190701.A3mstC.05x0625.nc4
1514.373,hit,false,0.000,0,353.196,112,GEOS_0.5x0.625/MERRA2/2019/07/MERRA2.20190701.A3mstC.05x0625.nc4
1514.395,hit,false,0.000,0,353.218,112,GEOS_0.5x0.625/MERRA2/2019/07/MERRA2.20190701.A3mstC.05x0625.nc4
1514.441,hit,false,0.000,0,353.264,112,GEOS_0.5x0.625/MERRA2/2019/07/MERRA2.20190701.A3mstC.05x0625.nc4
1514.464,hit,false,0.000,0,353.287,112,GEOS_0.5x0.625/MERRA2/2019/07/MERRA2.20190701.A3mstC.05x0625.nc4
1514.506,hit,false,0.000,0,353.328,113,GEOS_0.5x0.625/MERRA2/2019/07/MERRA2.20190701.A3mstC.05x0625.nc4
1514.535,hit,false,0.000,0,353.357,113,GEOS_0.5x0.625/MERRA2/2019/07/MERRA2.20190701.A3mstC.05x0625.nc4
1514.570,hit,false,0.000,0,353.391,113,GEOS_0.5x0.625/MERRA2/2019/07/MERRA2.20190701.A3mstC.05x0625.nc4
1514.595,hit,false,0.000,0,353.417,113,GEOS_0.5x0.625/MERRA2/2019/07/MERRA2.20190701.A3mstC.05x0625.nc4
1514.642,hit,false,0.000,0,353.464,113,GEOS_0.5x0.625/MERRA2/2019/07/MERRA2.20190701.A3mstC.05x0625.nc4
1514.665,hit,false,0.000,0,353.486,113,GEOS_0.5x0.625/MERRA2/2019/07/MERRA2.20190701.A3mstC.05x0625.nc4
1514.708,hit,false,0.000,0,353.530,113,GEOS_0.5x0.625/MERRA2/2019/07/MERRA2.20190701.A3mstC.05x0625.nc4
1514.730,hit,false,0.000,0,353.551,113,GEOS_0.5x0.625/MERRA2/2019/07/MERRA2.20190701.A3mstC.05x0625.nc4
1514.771,hit,false,0.000,0,353.592,114,GEOS_0.5x0.625/MERRA2/2019/07/MERRA2.20190701.A3mstC.05x0625.nc4
1514.797,hit,false,0.000,0,353.617,114,GEOS_0.5x0.625/MERRA2/2019/07/MERRA2.20190701.A3mstC.05x0625.nc4
1514.828,hit,false,0.000,0,353.649,114,GEOS_0.5x0.625/MERRA2/2019/07/MERRA2.20190701.A3mstC.05x0625.nc4
1514.854,hit,false,0.000,0,353.675,114,GEOS_0.5x0.625/MERRA2/2019/07/MERRA2.20190701.A3mstC.05x0625.nc4
1514.889,hit,false,0.000,0,353.710,114,GEOS_0.5x0.625/MERRA2/2019/07/MERRA2.20190701.A3mstC.05x0625.nc4
1514.914,hit,false,0.000,0,353.734,114,GEOS_0.5x0.625/MERRA2/2019/07/MERRA2.20190701.A3mstC.05x0625.nc4
1514.948,hit,false,0.000,0,353.769,114,GEOS_0.5x0.625/MERRA2/2019/07/MERRA2.20190701.A3mstC.05x0625.nc4
1514.974,hit,false,0.000,0,353.795,114,GEOS_0.5x0.625/MERRA2/2019/07/MERRA2.20190701.A3mstC.05x0625.nc4
1515.005,hit,false,0.000,0,353.824,115,GEOS_0.5x0.625/MERRA2/2019/07/MERRA2.20190701.A3mstC.05x0625.nc4
1515.032,hit,false,0.000,0,353.852,115,GEOS_0.5x0.625/MERRA2/2019/07/MERRA2.20190701.A3mstC.05x0625.nc4
1515.073,hit,false,0.000,0,353.893,115,GEOS_0.5x0.625/MERRA2/2019/07/MERRA2.20190701.A3mstC.05x0625.nc4
1515.096,hit,false,0.000,0,353.915,115,GEOS_0.5x0.625/MERRA2/2019/07/MERRA2.20190701.A3mstC.05x0625.nc4
1515.135,hit,false,0.000,0,353.954,115,GEOS_0.5x0.625/MERRA2/2019/07/MERRA2.20190701.A3mstC.05x0625.nc4
1515.238,hit,false,0.000,0,354.058,115,GEOS_0.5x0.625/MERRA2/2019/07/MERRA2.20190701.A3mstC.05x0625.nc4
1515.263,hit,false,0.000,0,354.082,115,GEOS_0.5x0.625/MERRA2/2019/07/MERRA2.20190701.A3mstC.05x0625.nc4
1515.299,hit,false,0.000,0,354.118,115,GEOS_0.5x0.625/MERRA2/2019/07/MERRA2.20190701.A3mstC.05x0625.nc4
1515.322,hit,false,0.000,0,354.140,116,GEOS_0.5x0.625/MERRA2/2019/07/MERRA2.20190701.A3mstC.05x0625.nc4
1515.358,hit,false,0.000,0,354.176,116,GEOS_0.5x0.625/MERRA2/2019/07/MERRA2.20190701.A3mstC.05x0625.nc4
1515.384,hit,false,0.000,0,354.202,116,GEOS_0.5x0.625/MERRA2/2019/07/MERRA2.20190701.A3mstC.05x0625.nc4
1515.418,hit,false,0.000,0,354.235,116,GEOS_0.5x0.625/MERRA2/2019/07/MERRA2.20190701.A3mstC.05x0625.nc4
1515.441,hit,false,0.000,0,354.259,116,GEOS_0.5x0.625/MERRA2/2019/07/MERRA2.20190701.A3mstC.05x0625.nc4
1515.480,hit,false,0.000,0,354.298,116,GEOS_0.5x0.625/MERRA2/2019/07/MERRA2.20190701.A3mstC.05x0625.nc4
1515.504,hit,false,0.000,0,354.322,116,GEOS_0.5x0.625/MERRA2/2019/07/MERRA2.20190701.A3mstC.05x0625.nc4
1515.538,hit,false,0.000,0,354.356,116,GEOS_0.5x0.625/MERRA2/2019/07/MERRA2.20190701.A3mstC.05x0625.nc4
1515.573,hit,false,0.000,0,354.390,117,GEOS_0.5x0.625/MERRA2/2019/07/MERRA2.20190701.A3mstC.05x0625.nc4
1515.602,hit,false,0.000,0,354.418,117,GEOS_0.5x0.625/MERRA2/2019/07/MERRA2.20190701.A3mstC.05x0625.nc4
1515.634,hit,false,0.000,0,354.450,117,GEOS_0.5x0.625/MERRA2/2019/07/MERRA2.20190701.A3mstC.05x0625.nc4
1515.661,hit,false,0.000,0,354.478,117,GEOS_0.5x0.625/MERRA2/2019/07/MERRA2.20190701.A3mstC.05x0625.nc4
1515.694,hit,false,0.000,0,354.510,117,GEOS_0.5x0.625/MERRA2/2019/07/MERRA2.20190701.A3mstC.05x0625.nc4
1515.716,hit,false,0.000,0,354.532,117,GEOS_0.5x0.625/MERRA2/2019/07/MERRA2.20190701.A3mstC.05x0625.nc4
1515.755,hit,false,0.000,0,354.571,117,GEOS_0.5x0.625/MERRA2/2019/07/MERRA2.20190701.A3mstC.05x0625.nc4
1515.777,hit,false,0.000,0,354.593,117,GEOS_0.5x0.625/MERRA2/2019/07/MERRA2.20190701.A3mstC.05x0625.nc4
1515.809,hit,false,0.000,0,354.624,118,GEOS_0.5x0.625/MERRA2/2019/07/MERRA2.20190701.A3mstC.05x0625.nc4
1515.838,hit,false,0.000,0,354.653,118,GEOS_0.5x0.625/MERRA2/2019/07/MERRA2.20190701.A3mstC.05x0625.nc4
1515.871,hit,false,0.000,0,354.686,118,GEOS_0.5x0.625/MERRA2/2019/07/MERRA2.20190701.A3mstC.05x0625.nc4
1515.897,hit,false,0.000,0,354.711,118,GEOS_0.5x0.625/MERRA2/2019/07/MERRA2.20190701.A3mstC.05x0625.nc4
1515.928,hit,false,0.000,0,354.743,118,GEOS_0.5x0.625/MERRA2/2019/07/MERRA2.20190701.A3mstC.05x0625.nc4
1515.953,hit,false,0.000,0,354.767,118,GEOS_0.5x0.625/MERRA2/2019/07/MERRA2.20190701.A3mstC.05x0625.nc4
1515.983,hit,false,0.000,0,354.798,118,GEOS_0.5x0.625/MERRA2/2019/07/MERRA2.20190701.A3mstC.05x0625.nc4
1516.008,hit,false,0.000,0,354.823,118,GEOS_0.5x0.625/MERRA2/2019/07/MERRA2.20190701.A3mstC.05x0625.nc4
1516.043,hit,false,0.000,0,354.853,119,GEOS_0.5x0.625/MERRA2/2019/07/MERRA2.20190701.A3mstC.05x0625.nc4
1516.068,hit,false,0.000,0,354.878,119,GEOS_0.5x0.625/MERRA2/2019/07/MERRA2.20190701.A3mstC.05x0625.nc4
1516.102,hit,false,0.000,0,354.911,119,GEOS_0.5x0.625/MERRA2/2019/07/MERRA2.20190701.A3mstC.05x0625.nc4
1516.126,hit,false,0.000,0,354.935,119,GEOS_0.5x0.625/MERRA2/2019/07/MERRA2.20190701.A3mstC.05x0625.nc4
1516.160,hit,false,0.000,0,354.969,119,GEOS_0.5x0.625/MERRA2/2019/07/MERRA2.20190701.A3mstC.05x0625.nc4
1516.190,hit,false,0.000,0,354.999,119,GEOS_0.5x0.625/MERRA2/2019/07/MERRA2.20190701.A3mstC.05x0625.nc4
1516.215,hit,false,0.000,0,355.024,119,GEOS_0.5x0.625/MERRA2/2019/07/MERRA2.20190701.A3mstC.05x0625.nc4
1516.253,hit,false,0.000,0,355.062,119,GEOS_0.5x0.625/MERRA2/2019/07/MERRA2.20190701.A3mstC.05x0625.nc4
1516.275,hit,false,0.000,0,355.122,120,GEOS_0.5x0.625/MERRA2/2019/07/MERRA2.20190701.A3mstC.05x0625.nc4
1516.316,hit,false,0.000,0,355.163,120,GEOS_0.5x0.625/MERRA2/2019/07/MERRA2.20190701.A3mstC.05x0625.nc4
1516.345,hit,false,0.000,0,355.192,120,GEOS_0.5x0.625/MERRA2/2019/07/MERRA2.20190701.A3mstC.05x0625.nc4
1516.379,hit,false,0.000,0,355.226,120,GEOS_0.5x0.625/MERRA2/2019/07/MERRA2.20190701.A3mstC.05x0625.nc4
1516.411,hit,false,0.000,0,355.257,120,GEOS_0.5x0.625/MERRA2/2019/07/MERRA2.20190701.A3mstC.05x0625.nc4
1516.444,hit,false,0.000,0,355.291,120,GEOS_0.5x0.625/MERRA2/2019/07/MERRA2.20190701.A3mstC.05x0625.nc4
1516.482,hit,false,0.000,0,355.329,120,GEOS_0.5x0.625/MERRA2/2019/07/MERRA2.20190701.A3mstC.05x0625.nc4
1516.512,hit,false,0.000,0,355.359,120,GEOS_0.5x0.625/MERRA2/2019/07/MERRA2.20190701.A3mstC.05x0625.nc4
1516.539,hit,false,0.000,0,355.384,121,GEOS_0.5x0.625/MERRA2/2019/07/MERRA2.20190701.A3mstC.05x0625.nc4
1516.570,hit,false,0.000,0,355.416,121,GEOS_0.5x0.625/MERRA2/2019/07/MERRA2.20190701.A3mstC.05x0625.nc4
1516.603,hit,false,0.000,0,355.448,121,GEOS_0.5x0.625/MERRA2/2019/07/MERRA2.20190701.A3mstC.05x0625.nc4
1516.634,hit,false,0.000,0,355.479,121,GEOS_0.5x0.625/MERRA2/2019/07/MERRA2.20190701.A3mstC.05x0625.nc4
1516.663,hit,false,0.000,0,355.508,121,GEOS_0.5x0.625/MERRA2/2019/07/MERRA2.20190701.A3mstC.05x0625.nc4
1516.695,hit,false,0.000,0,355.540,121,GEOS_0.5x0.625/MERRA2/2019/07/MERRA2.20190701.A3mstC.05x0625.nc4
1516.727,hit,false,0.000,0,355.572,121,GEOS_0.5x0.625/MERRA2/2019/07/MERRA2.20190701.A3mstC.05x0625.nc4
1516.756,hit,false,0.000,0,355.601,121,GEOS_0.5x0.625/MERRA2/2019/07/MERRA2.20190701.A3mstC.05x0625.nc4
1516.789,hit,false,0.000,0,355.633,122,GEOS_0.5x0.625/MERRA2/2019/07/MERRA2.20190701.A3mstC.05x0625.nc4
1516.818,hit,false,0.000,0,355.662,122,GEOS_0.5x0.625/MERRA2/2019/07/MERRA2.20190701.A3mstC.05x0625.nc4
1516.851,hit,false,0.000,0,355.695,122,GEOS_0.5x0.625/MERRA2/2019/07/MERRA2.20190701.A3mstC.05x0625.nc4
1516.881,hit,false,0.000,0,355.724,122,GEOS_0.5x0.625/MERRA2/2019/07/MERRA2.20190701.A3mstC.05x0625.nc4
1516.913,hit,false,0.000,0,355.757,122,GEOS_0.5x0.625/MERRA2/2019/07/MERRA2.20190701.A3mstC.05x0625.nc4
1516.943,hit,false,0.000,0,355.787,122,GEOS_0.5x0.625/MERRA2/2019/07/MERRA2.20190701.A3mstC.05x0625.nc4
1516.972,hit,false,0.000,0,355.816,122,GEOS_0.5x0.625/MERRA2/2019/07/MERRA2.20190701.A3mstC.05x0625.nc4
1517.001,hit,false,0.000,0,355.845,122,GEOS_0.5x0.625/MERRA2/2019/07/MERRA2.20190701.A3mstC.05x0625.nc4
1517.031,hit,false,0.000,0,355.874,123,GEOS_0.5x0.625/MERRA2/2019/07/MERRA2.20190701.A3mstC.05x0625.nc4
1517.063,hit,false,0.000,0,355.905,123,GEOS_0.5x0.625/MERRA2/2019/07/MERRA2.20190701.A3mstC.05x0625.nc4
1517.094,hit,false,0.000,0,355.936,123,GEOS_0.5x0.625/MERRA2/2019/07/MERRA2.20190701.A3mstC.05x0625.nc4
1517.123,hit,false,0.000,0,355.966,123,GEOS_0.5x0.625/MERRA2/2019/07/MERRA2.20190701.A3mstC.05x0625.nc4
1517.231,hit,false,0.000,0,356.073,123,GEOS_0.5x0.625/MERRA2/2019/07/MERRA2.20190701.A3mstC.05x0625.nc4
1517.254,hit,false,0.000,0,356.097,123,GEOS_0.5x0.625/MERRA2/2019/07/MERRA2.20190701.A3mstC.05x0625.nc4
1517.289,hit,false,0.000,0,356.131,123,GEOS_0.5x0.625/MERRA2/2019/07/MERRA2.20190701.A3mstC.05x0625.nc4
1517.315,hit,false,0.000,0,356.157,123,GEOS_0.5x0.625/MERRA2/2019/07/MERRA2.20190701.A3mstC.05x0625.nc4
1517.348,hit,false,0.000,0,356.189,124,GEOS_0.5x0.625/MERRA2/2019/07/MERRA2.20190701.A3mstC.05x0625.nc4
1517.379,hit,false,0.000,0,356.220,124,GEOS_0.5x0.625/MERRA2/2019/07/MERRA2.20190701.A3mstC.05x0625.nc4
1517.411,hit,false,0.000,0,356.252,124,GEOS_0.5x0.625/MERRA2/2019/07/MERRA2.20190701.A3mstC.05x0625.nc4
1517.434,hit,false,0.000,0,356.275,124,GEOS_0.5x0.625/MERRA2/2019/07/MERRA2.20190701.A3mstC.05x0625.nc4
1517.471,hit,false,0.000,0,356.312,124,GEOS_0.5x0.625/MERRA2/2019/07/MERRA2.20190701.A3mstC.05x0625.nc4
1517.494,hit,false,0.000,0,356.335,124,GEOS_0.5x0.625/MERRA2/2019/07/MERRA2.20190701.A3mstC.05x0625.nc4
1517.529,hit,false,0.000,0,356.370,124,GEOS_0.5x0.625/MERRA2/2019/07/MERRA2.20190701.A3mstC.05x0625.nc4
1517.555,hit,false,0.000,0,356.396,124,GEOS_0.5x0.625/MERRA2/2019/07/MERRA2.20190701.A3mstC.05x0625.nc4
1517.589,hit,false,0.000,0,356.428,125,GEOS_0.5x0.625/MERRA2/2019/07/MERRA2.20190701.A3mstC.05x0625.nc4
1517.615,hit,false,0.000,0,356.454,125,GEOS_0.5x0.625/MERRA2/2019/07/MERRA2.20190701.A3mstC.05x0625.nc4
1517.647,hit,false,0.000,0,356.486,125,GEOS_0.5x0.625/MERRA2/2019/07/MERRA2.20190701.A3mstC.05x0625.nc4
1517.672,hit,false,0.000,0,356.511,125,GEOS_0.5x0.625/MERRA2/2019/07/MERRA2.20190701.A3mstC.05x0625.nc4
1517.703,hit,false,0.000,0,356.542,125,GEOS_0.5x0.625/MERRA2/2019/07/MERRA2.20190701.A3mstC.05x0625.nc4
1517.728,hit,false,0.000,0,356.567,125,GEOS_0.5x0.625/MERRA2/2019/07/MERRA2.20190701.A3mstC.05x0625.nc4
1517.760,hit,false,0.000,0,356.599,125,GEOS_0.5x0.625/MERRA2/2019/07/MERRA2.20190701.A3mstC.05x0625.nc4
1517.782,hit,false,0.000,0,356.621,125,GEOS_0.5x0.625/MERRA2/2019/07/MERRA2.20190701.A3mstC.05x0625.nc4
1517.821,hit,false,0.000,0,356.659,126,GEOS_0.5x0.625/MERRA2/2019/07/MERRA2.20190701.A3mstC.05x0625.nc4
1517.846,hit,false,0.000,0,356.683,126,GEOS_0.5x0.625/MERRA2/2019/07/MERRA2.20190701.A3mstC.05x0625.nc4
1517.889,hit,false,0.000,0,356.727,126,GEOS_0.5x0.625/MERRA2/2019/07/MERRA2.20190701.A3mstC.05x0625.nc4
1517.911,hit,false,0.000,0,356.748,126,GEOS_0.5x0.625/MERRA2/2019/07/MERRA2.20190701.A3mstC.05x0625.nc4
1517.949,hit,false,0.000,0,356.787,126,GEOS_0.5x0.625/MERRA2/2019/07/MERRA2.20190701.A3mstC.05x0625.nc4
1517.971,hit,false,0.000,0,356.809,126,GEOS_0.5x0.625/MERRA2/2019/07/MERRA2.20190701.A3mstC.05x0625.nc4
1518.008,hit,false,0.000,0,356.846,126,GEOS_0.5x0.625/MERRA2/2019/07/MERRA2.20190701.A3mstC.05x0625.nc4
1518.031,hit,false,0.000,0,356.868,126,GEOS_0.5x0.625/MERRA2/2019/07/MERRA2.20190701.A3mstC.05x0625.nc4
1518.071,hit,false,0.000,0,356.900,127,GEOS_0.5x0.625/MERRA2/2019/07/MERRA2.20190701.A3mstC.05x0625.nc4
1518.095,hit,false,0.000,0,356.924,127,GEOS_0.5x0.625/MERRA2/2019/07/MERRA2.20190701.A3mstC.05x0625.nc4
1518.131,hit,false,0.000,0,356.960,127,GEOS_0.5x0.625/MERRA2/2019/07/MERRA2.20190701.A3mstC.05x0625.nc4
1518.154,hit,false,0.000,0,356.983,127,GEOS_0.5x0.625/MERRA2/2019/07/MERRA2.20190701.A3mstC.05x0625.nc4
1518.193,hit,false,0.000,0,357.022,127,GEOS_0.5x0.625/MERRA2/2019/07/MERRA2.20190701.A3mstC.05x0625.nc4
1518.215,hit,false,0.000,0,357.044,127,GEOS_0.5x0.625/MERRA2/2019/07/MERRA2.20190701.A3mstC.05x0625.nc4
1518.247,hit,false,0.000,0,357.076,127,GEOS_0.5x0.625/MERRA2/2019/07/MERRA2.20190701.A3mstC.05x0625.nc4
1518.273,hit,false,0.000,0,357.102,127,GEOS_0.5x0.625/MERRA2/2019/07/MERRA2.20190701.A3mstC.05x0625.nc4
1518.310,hit,false,0.000,0,357.172,128,GEOS_0.5x0.625/MERRA2/2019/07/MERRA2.20190701.A3mstC.05x0625.nc4
1518.365,hit,false,0.000,0,357.226,128,GEOS_0.5x0.625/MERRA2/2019/07/MERRA2.20190701.A3mstC.05x0625.nc4
1518.389,hit,false,0.000,0,357.251,128,GEOS_0.5x0.625/MERRA2/2019/07/MERRA2.20190701.A3mstC.05x0625.nc4
1518.432,hit,false,0.000,0,357.293,128,GEOS_0.5x0.625/MERRA2/2019/07/MERRA2.20190701.A3mstC.05x0625.nc4
1518.461,hit,false,0.000,0,357.322,128,GEOS_0.5x0.625/MERRA2/2019/07/MERRA2.20190701.A3mstC.05x0625.nc4
1518.499,hit,false,0.000,0,357.361,128,GEOS_0.5x0.625/MERRA2/2019/07/MERRA2.20190701.A3mstC.05x0625.nc4
1518.526,hit,false,0.000,0,357.388,128,GEOS_0.5x0.625/MERRA2/2019/07/MERRA2.20190701.A3mstC.05x0625.nc4
1518.567,hit,false,0.000,0,357.428,128,GEOS_0.5x0.625/MERRA2/2019/07/MERRA2.20190701.A3mstC.05x0625.nc4
1518.589,hit,false,0.000,0,357.449,129,GEOS_0.5x0.625/MERRA2/2019/07/MERRA2.20190701.A3mstC.05x0625.nc4
1518.644,hit,false,0.000,0,357.504,129,GEOS_0.5x0.625/MERRA2/2019/07/MERRA2.20190701.A3mstC.05x0625.nc4
1518.667,hit,false,0.000,0,357.527,129,GEOS_0.5x0.625/MERRA2/2019/07/MERRA2.20190701.A3mstC.05x0625.nc4
1518.704,hit,false,0.000,0,357.564,129,GEOS_0.5x0.625/MERRA2/2019/07/MERRA2.20190701.A3mstC.05x0625.nc4
1518.730,hit,false,0.000,0,357.590,129,GEOS_0.5x0.625/MERRA2/2019/07/MERRA2.20190701.A3mstC.05x0625.nc4
1518.765,hit,false,0.000,0,357.625,129,GEOS_0.5x0.625/MERRA2/2019/07/MERRA2.20190701.A3mstC.05x0625.nc4
1518.794,hit,false,0.000,0,357.654,129,GEOS_0.5x0.625/MERRA2/2019/07/MERRA2.20190701.A3mstC.05x0625.nc4
1518.823,hit,false,0.000,0,357.683,129,GEOS_0.5x0.625/MERRA2/2019/07/MERRA2.20190701.A3mstC.05x0625.nc4
1518.854,hit,false,0.000,0,357.713,130,GEOS_0.5x0.625/MERRA2/2019/07/MERRA2.20190701.A3mstC.05x0625.nc4
1518.882,hit,false,0.000,0,357.740,130,GEOS_0.5x0.625/MERRA2/2019/07/MERRA2.20190701.A3mstC.05x0625.nc4
1518.914,hit,false,0.000,0,357.773,130,GEOS_0.5x0.625/MERRA2/2019/07/MERRA2.20190701.A3mstC.05x0625.nc4
1518.943,hit,false,0.000,0,357.802,130,GEOS_0.5x0.625/MERRA2/2019/07/MERRA2.20190701.A3mstC.05x0625.nc4
1518.978,hit,false,0.000,0,357.837,130,GEOS_0.5x0.625/MERRA2/2019/07/MERRA2.20190701.A3mstC.05x0625.nc4
1519.001,hit,false,0.000,0,357.859,130,GEOS_0.5x0.625/MERRA2/2019/07/MERRA2.20190701.A3mstC.05x0625.nc4
1519.046,hit,false,0.000,0,357.904,130,GEOS_0.5x0.625/MERRA2/2019/07/MERRA2.20190701.A3mstC.05x0625.nc4
1519.068,hit,false,0.000,0,357.926,130,GEOS_0.5x0.625/MERRA2/2019/07/MERRA2.20190701.A3mstC.05x0625.nc4
1519.105,hit,false,0.000,0,357.962,131,GEOS_0.5x0.625/MERRA2/2019/07/MERRA2.20190701.A3mstC.05x0625.nc4
1519.133,hit,false,0.000,0,357.990,131,GEOS_0.5x0.625/MERRA2/2019/07/MERRA2.20190701.A3mstC.05x0625.nc4
1519.170,hit,false,0.000,0,358.027,131,GEOS_0.5x0.625/MERRA2/2019/07/MERRA2.20190701.A3mstC.05x0625.nc4
1519.272,hit,false,0.000,0,358.129,131,GEOS_0.5x0.625/MERRA2/2019/07/MERRA2.20190701.A3mstC.05x0625.nc4
1519.296,hit,false,0.000,0,358.153,131,GEOS_0.5x0.625/MERRA2/2019/07/MERRA2.20190701.A3mstC.05x0625.nc4
1519.337,hit,false,0.000,0,358.194,131,GEOS_0.5x0.625/MERRA2/2019/07/MERRA2.20190701.A3mstC.05x0625.nc4
1519.359,hit,false,0.000,0,358.216,131,GEOS_0.5x0.625/MERRA2/2019/07/MERRA2.20190701.A3mstC.05x0625.nc4
1519.403,hit,false,0.000,0,358.260,131,GEOS_0.5x0.625/MERRA2/2019/07/MERRA2.20190701.A3mstC.05x0625.nc4
1519.426,hit,false,0.000,0,358.282,132,GEOS_0.5x0.625/MERRA2/2019/07/MERRA2.20190701.A3mstC.05x0625.nc4
1519.464,hit,false,0.000,0,358.319,132,GEOS_0.5x0.625/MERRA2/2019/07/MERRA2.20190701.A3mstC.05x0625.nc4
1519.490,hit,false,0.000,0,358.345,132,GEOS_0.5x0.625/MERRA2/2019/07/MERRA2.20190701.A3mstC.05x0625.nc4
1519.525,hit,false,0.000,0,358.380,132,GEOS_0.5x0.625/MERRA2/2019/07/MERRA2.20190701.A3mstC.05x0625.nc4
1519.552,hit,false,0.000,0,358.407,132,GEOS_0.5x0.625/MERRA2/2019/07/MERRA2.20190701.A3mstC.05x0625.nc4
1519.586,hit,false,0.000,0,358.441,132,GEOS_0.5x0.625/MERRA2/2019/07/MERRA2.20190701.A3mstC.05x0625.nc4
1519.615,hit,false,0.000,0,358.470,132,GEOS_0.5x0.625/MERRA2/2019/07/MERRA2.20190701.A3mstC.05x0625.nc4
1519.648,hit,false,0.000,0,358.503,132,GEOS_0.5x0.625/MERRA2/2019/07/MERRA2.20190701.A3mstC.05x0625.nc4
1519.670,hit,false,0.000,0,358.524,133,GEOS_0.5x0.625/MERRA2/2019/07/MERRA2.20190701.A3mstC.05x0625.nc4
1519.713,hit,false,0.000,0,358.567,133,GEOS_0.5x0.625/MERRA2/2019/07/MERRA2.20190701.A3mstC.05x0625.nc4
1519.736,hit,false,0.000,0,358.590,133,GEOS_0.5x0.625/MERRA2/2019/07/MERRA2.20190701.A3mstC.05x0625.nc4
1519.771,hit,false,0.000,0,358.625,133,GEOS_0.5x0.625/MERRA2/2019/07/MERRA2.20190701.A3mstC.05x0625.nc4
1519.797,hit,false,0.000,0,358.651,133,GEOS_0.5x0.625/MERRA2/2019/07/MERRA2.20190701.A3mstC.05x0625.nc4
1519.829,hit,false,0.000,0,358.683,133,GEOS_0.5x0.625/MERRA2/2019/07/MERRA2.20190701.A3mstC.05x0625.nc4
1519.855,hit,false,0.000,0,358.709,133,GEOS_0.5x0.625/MERRA2/2019/07/MERRA2.20190701.A3mstC.05x0625.nc4
1519.887,hit,false,0.000,0,358.741,133,GEOS_0.5x0.625/MERRA2/2019/07/MERRA2.20190701.A3mstC.05x0625.nc4
1519.913,hit,false,0.000,0,358.765,134,GEOS_0.5x0.625/MERRA2/2019/07/MERRA2.20190701.A3mstC.05x0625.nc4
1519.946,hit,false,0.000,0,358.799,134,GEOS_0.5x0.625/MERRA2/2019/07/MERRA2.20190701.A3mstC.05x0625.nc4
1519.975,hit,false,0.000,0,358.827,134,GEOS_0.5x0.625/MERRA2/2019/07/MERRA2.20190701.A3mstC.05x0625.nc4
1520.009,hit,false,0.000,0,358.862,134,GEOS_0.5x0.625/MERRA2/2019/07/MERRA2.20190701.A3mstC.05x0625.nc4
1520.032,hit,false,0.000,0,358.885,134,GEOS_0.5x0.625/MERRA2/2019/07/MERRA2.20190701.A3mstC.05x0625.nc4
1520.066,hit,false,0.000,0,358.919,134,GEOS_0.5x0.625/MERRA2/2019/07/MERRA2.20190701.A3mstC.05x0625.nc4
1520.090,hit,false,0.000,0,358.942,134,GEOS_0.5x0.625/MERRA2/2019/07/MERRA2.20190701.A3mstC.05x0625.nc4
1520.126,hit,false,0.000,0,358.978,134,GEOS_0.5x0.625/MERRA2/2019/07/MERRA2.20190701.A3mstC.05x0625.nc4
1520.149,hit,false,0.000,0,359.001,135,GEOS_0.5x0.625/MERRA2/2019/07/MERRA2.20190701.A3mstC.05x0625.nc4
1520.187,hit,false,0.000,0,359.038,135,GEOS_0.5x0.625/MERRA2/2019/07/MERRA2.20190701.A3mstC.05x0625.nc4
1520.210,hit,false,0.000,0,359.061,135,GEOS_0.5x0.625/MERRA2/2019/07/MERRA2.20190701.A3mstC.05x0625.nc4
1520.246,hit,false,0.000,0,359.097,135,GEOS_0.5x0.625/MERRA2/2019/07/MERRA2.20190701.A3mstC.05x0625.nc4
1520.270,hit,false,0.000,0,359.121,135,GEOS_0.5x0.625/MERRA2/2019/07/MERRA2.20190701.A3mstC.05x0625.nc4
1520.301,hit,false,0.000,0,359.152,135,GEOS_0.5x0.625/MERRA2/2019/07/MERRA2.20190701.A3mstC.05x0625.nc4
1520.327,hit,false,0.000,0,359.178,135,GEOS_0.5x0.625/MERRA2/2019/07/MERRA2.20190701.A3mstC.05x0625.nc4
1520.357,hit,false,0.000,0,359.208,135,GEOS_0.5x0.625/MERRA2/2019/07/MERRA2.20190701.A3mstC.05x0625.nc4
1520.383,hit,false,0.000,0,359.191,136,GEOS_0.5x0.625/MERRA2/2019/07/MERRA2.20190701.A3mstC.05x0625.nc4
1520.417,hit,false,0.000,0,359.226,136,GEOS_0.5x0.625/MERRA2/2019/07/MERRA2.20190701.A3mstC.05x0625.nc4
1520.450,hit,false,0.000,0,359.258,136,GEOS_0.5x0.625/MERRA2/2019/07/MERRA2.20190701.A3mstC.05x0625.nc4
1520.485,hit,false,0.000,0,359.293,136,GEOS_0.5x0.625/MERRA2/2019/07/MERRA2.20190701.A3mstC.05x0625.nc4
1520.507,hit,false,0.000,0,359.315,136,GEOS_0.5x0.625/MERRA2/2019/07/MERRA2.20190701.A3mstC.05x0625.nc4
1520.543,hit,false,0.000,0,359.352,136,GEOS_0.5x0.625/MERRA2/2019/07/MERRA2.20190701.A3mstC.05x0625.nc4
1520.569,hit,false,0.000,0,359.377,136,GEOS_0.5x0.625/MERRA2/2019/07/MERRA2.20190701.A3mstC.05x0625.nc4
1520.602,hit,false,0.000,0,359.410,136,GEOS_0.5x0.625/MERRA2/2019/07/MERRA2.20190701.A3mstC.05x0625.nc4
1520.627,hit,false,0.000,0,359.434,137,GEOS_0.5x0.625/MERRA2/2019/07/MERRA2.20190701.A3mstC.05x0625.nc4
1520.665,hit,false,0.000,0,359.472,137,GEOS_0.5x0.625/MERRA2/2019/07/MERRA2.20190701.A3mstC.05x0625.nc4
1520.691,hit,false,0.000,0,359.497,137,GEOS_0.5x0.625/MERRA2/2019/07/MERRA2.20190701.A3mstC.05x0625.nc4
1520.726,hit,false,0.000,0,359.533,137,GEOS_0.5x0.625/MERRA2/2019/07/MERRA2.20190701.A3mstC.05x0625.nc4
1520.749,hit,false,0.000,0,359.555,137,GEOS_0.5x0.625/MERRA2/2019/07/MERRA2.20190701.A3mstC.05x0625.nc4
1520.785,hit,false,0.000,0,359.591,137,GEOS_0.5x0.625/MERRA2/2019/07/MERRA2.20190701.A3mstC.05x0625.nc4
1520.811,hit,false,0.000,0,359.618,137,GEOS_0.5x0.625/MERRA2/2019/07/MERRA2.20190701.A3mstC.05x0625.nc4
1520.845,hit,false,0.000,0,359.652,137,GEOS_0.5x0.625/MERRA2/2019/07/MERRA2.20190701.A3mstC.05x0625.nc4
1520.875,hit,false,0.000,0,359.680,138,GEOS_0.5x0.625/MERRA2/2019/07/MERRA2.20190701.A3mstC.05x0625.nc4
1520.909,hit,false,0.000,0,359.714,138,GEOS_0.5x0.625/MERRA2/2019/07/MERRA2.20190701.A3mstC.05x0625.nc4
1520.938,hit,false,0.000,0,359.744,138,GEOS_0.5x0.625/MERRA2/2019/07/MERRA2.20190701.A3mstC.05x0625.nc4
1520.972,hit,false,0.000,0,359.777,138,GEOS_0.5x0.625/MERRA2/2019/07/MERRA2.20190701.A3mstC.05x0625.nc4
1520.996,hit,false,0.000,0,359.801,138,GEOS_0.5x0.625/MERRA2/2019/07/MERRA2.20190701.A3mstC.05x0625.nc4
1521.031,hit,false,0.000,0,359.836,138,GEOS_0.5x0.625/MERRA2/2019/07/MERRA2.20190701.A3mstC.05x0625.nc4
1521.058,hit,false,0.000,0,359.863,138,GEOS_0.5x0.625/MERRA2/2019/07/MERRA2.20190701.A3mstC.05x0625.nc4
1521.087,hit,false,0.000,0,359.893,138,GEOS_0.5x0.625/MERRA2/2019/07/MERRA2.20190701.A3mstC.05x0625.nc4
1521.117,hit,false,0.000,0,359.920,139,GEOS_0.5x0.625/MERRA2/2019/07/MERRA2.20190701.A3mstC.05x0625.nc4
1521.149,hit,false,0.000,0,359.953,139,GEOS_0.5x0.625/MERRA2/2019/07/MERRA2.20190701.A3mstC.05x0625.nc4
1521.252,hit,false,0.000,0,360.055,139,GEOS_0.5x0.625/MERRA2/2019/07/MERRA2.20190701.A3mstC.05x0625.nc4
1521.275,hit,false,0.000,0,360.079,139,GEOS_0.5x0.625/MERRA2/2019/07/MERRA2.20190701.A3mstC.05x0625.nc4
1521.309,hit,false,0.000,0,360.112,139,GEOS_0.5x0.625/MERRA2/2019/07/MERRA2.20190701.A3mstC.05x0625.nc4
1521.335,hit,false,0.000,0,360.139,139,GEOS_0.5x0.625/MERRA2/2019/07/MERRA2.20190701.A3mstC.05x0625.nc4
1521.365,hit,false,0.000,0,360.169,139,GEOS_0.5x0.625/MERRA2/2019/07/MERRA2.20190701.A3mstC.05x0625.nc4
1521.395,hit,false,0.000,0,360.198,139,GEOS_0.5x0.625/MERRA2/2019/07/MERRA2.20190701.A3mstC.05x0625.nc4
1521.426,hit,false,0.000,0,360.228,140,GEOS_0.5x0.625/MERRA2/2019/07/MERRA2.20190701.A3mstC.05x0625.nc4
1521.460,hit,false,0.000,0,360.262,140,GEOS_0.5x0.625/MERRA2/2019/07/MERRA2.20190701.A3mstC.05x0625.nc4
1521.485,hit,false,0.000,0,360.287,140,GEOS_0.5x0.625/MERRA2/2019/07/MERRA2.20190701.A3mstC.05x0625.nc4
1521.516,hit,false,0.000,0,360.318,140,GEOS_0.5x0.625/MERRA2/2019/07/MERRA2.20190701.A3mstC.05x0625.nc4
1521.540,hit,false,0.000,0,360.342,140,GEOS_0.5x0.625/MERRA2/2019/07/MERRA2.20190701.A3mstC.05x0625.nc4
1521.573,hit,false,0.000,0,360.376,140,GEOS_0.5x0.625/MERRA2/2019/07/MERRA2.20190701.A3mstC.05x0625.nc4
1521.596,hit,false,0.000,0,360.398,140,GEOS_0.5x0.625/MERRA2/2019/07/MERRA2.20190701.A3mstC.05x0625.nc4
1521.627,hit,false,0.000,0,360.429,140,GEOS_0.5x0.625/MERRA2/2019/07/MERRA2.20190701.A3mstC.05x0625.nc4
1521.652,hit,false,0.000,0,360.445,141,GEOS_0.5x0.625/MERRA2/2019/07/MERRA2.20190701.A3mstC.05x0625.nc4
1521.685,hit,false,0.000,0,360.477,141,GEOS_0.5x0.625/MERRA2/2019/07/MERRA2.20190701.A3mstC.05x0625.nc4
1521.711,hit,false,0.000,0,360.504,141,GEOS_0.5x0.625/MERRA2/2019/07/MERRA2.20190701.A3mstC.05x0625.nc4
1521.742,hit,false,0.000,0,360.535,141,GEOS_0.5x0.625/MERRA2/2019/07/MERRA2.20190701.A3mstC.05x0625.nc4
1521.767,hit,false,0.000,0,360.560,141,GEOS_0.5x0.625/MERRA2/2019/07/MERRA2.20190701.A3mstC.05x0625.nc4
1521.799,hit,false,0.000,0,360.592,141,GEOS_0.5x0.625/MERRA2/2019/07/MERRA2.20190701.A3mstC.05x0625.nc4
1521.827,hit,false,0.000,0,360.620,141,GEOS_0.5x0.625/MERRA2/2019/07/MERRA2.20190701.A3mstC.05x0625.nc4
1521.859,hit,false,0.000,0,360.652,141,GEOS_0.5x0.625/MERRA2/2019/07/MERRA2.20190701.A3mstC.05x0625.nc4
1521.883,hit,false,0.000,0,360.674,142,GEOS_0.5x0.625/MERRA2/2019/07/MERRA2.20190701.A3mstC.05x0625.nc4
1521.927,hit,false,0.000,0,360.718,142,GEOS_0.5x0.625/MERRA2/2019/07/MERRA2.20190701.A3mstC.05x0625.nc4
1521.949,hit,false,0.000,0,360.740,142,GEOS_0.5x0.625/MERRA2/2019/07/MERRA2.20190701.A3mstC.05x0625.nc4
1521.983,hit,false,0.000,0,360.774,142,GEOS_0.5x0.625/MERRA2/2019/07/MERRA2.20190701.A3mstC.05x0625.nc4
1522.010,hit,false,0.000,0,360.801,142,GEOS_0.5x0.625/MERRA2/2019/07/MERRA2.20190701.A3mstC.05x0625.nc4
1522.041,hit,false,0.000,0,360.832,142,GEOS_0.5x0.625/MERRA2/2019/07/MERRA2.20190701.A3mstC.05x0625.nc4
1522.065,hit,false,0.000,0,360.856,142,GEOS_0.5x0.625/MERRA2/2019/07/MERRA2.20190701.A3mstC.05x0625.nc4
1522.098,hit,false,0.000,0,360.889,142,GEOS_0.5x0.625/MERRA2/2019/07/MERRA2.20190701.A3mstC.05x0625.nc4
1522.124,hit,false,0.000,0,360.914,143,GEOS_0.5x0.625/MERRA2/2019/07/MERRA2.20190701.A3mstC.05x0625.nc4
1522.156,hit,false,0.000,0,360.945,143,GEOS_0.5x0.625/MERRA2/2019/07/MERRA2.20190701.A3mstC.05x0625.nc4
1522.186,hit,false,0.000,0,360.976,143,GEOS_0.5x0.625/MERRA2/2019/07/MERRA2.20190701.A3mstC.05x0625.nc4
1522.216,hit,false,0.000,0,361.006,143,GEOS_0.5x0.625/MERRA2/2019/07/MERRA2.20190701.A3mstC.05x0625.nc4
1522.246,hit,false,0.000,0,361.036,143,GEOS_0.5x0.625/MERRA2/2019/07/MERRA2.20190701.A3mstC.05x0625.nc4
1522.274,hit,false,0.000,0,361.064,143,GEOS_0.5x0.625/MERRA2/2019/07/MERRA2.20190701.A3mstC.05x0625.nc4
1522.306,hit,false,0.000,0,361.095,143,GEOS_0.5x0.625/MERRA2/2019/07/MERRA2.20190701.A3mstC.05x0625.nc4
1522.335,hit,false,0.000,0,361.125,143,GEOS_0.5x0.625/MERRA2/2019/07/MERRA2.20190701.A3mstC.05x0625.nc4
1522.364,hit,false,0.000,0,361.404,144,GEOS_0.5x0.625/MERRA2/2019/07/MERRA2.20190701.A3mstC.05x0625.nc4
1522.398,hit,false,0.000,0,361.437,144,GEOS_0.5x0.625/MERRA2/2019/07/MERRA2.20190701.A3mstC.05x0625.nc4
1522.431,hit,false,0.000,0,361.470,144,GEOS_0.5x0.625/MERRA2/2019/07/MERRA2.20190701.A3mstC.05x0625.nc4
1522.456,hit,false,0.000,0,361.495,144,GEOS_0.5x0.625/MERRA2/2019/07/MERRA2.20190701.A3mstC.05x0625.nc4
1522.491,hit,false,0.000,0,361.531,144,GEOS_0.5x0.625/MERRA2/2019/07/MERRA2.20190701.A3mstC.05x0625.nc4
1522.514,hit,false,0.000,0,361.554,144,GEOS_0.5x0.625/MERRA2/2019/07/MERRA2.20190701.A3mstC.05x0625.nc4
1522.547,hit,false,0.000,0,361.587,144,GEOS_0.5x0.625/MERRA2/2019/07/MERRA2.20190701.A3mstC.05x0625.nc4
1522.571,hit,false,0.000,0,361.610,144,GEOS_0.5x0.625/MERRA2/2019/07/MERRA2.20190701.A3mstC.05x0625.nc4
1522.614,hit,false,0.000,0,361.649,145,GEOS_0.5x0.625/MERRA2/2019/07/MERRA2.20190701.A3mstC.05x0625.nc4
1522.643,hit,false,0.000,0,361.678,145,GEOS_0.5x0.625/MERRA2/2019/07/MERRA2.20190701.A3mstC.05x0625.nc4
1522.676,hit,false,0.000,0,361.710,145,GEOS_0.5x0.625/MERRA2/2019/07/MERRA2.20190701.A3mstC.05x0625.nc4
1522.701,hit,false,0.000,0,361.736,145,GEOS_0.5x0.625/MERRA2/2019/07/MERRA2.20190701.A3mstC.05x0625.nc4
1522.730,hit,false,0.000,0,361.765,145,GEOS_0.5x0.625/MERRA2/2019/07/MERRA2.20190701.A3mstC.05x0625.nc4
1522.755,hit,false,0.000,0,361.790,145,GEOS_0.5x0.625/MERRA2/2019/07/MERRA2.20190701.A3mstC.05x0625.nc4
1522.793,hit,false,0.000,0,361.828,145,GEOS_0.5x0.625/MERRA2/2019/07/MERRA2.20190701.A3mstC.05x0625.nc4
1522.816,hit,false,0.000,0,361.850,145,GEOS_0.5x0.625/MERRA2/2019/07/MERRA2.20190701.A3mstC.05x0625.nc4
1522.857,hit,false,0.000,0,361.891,146,GEOS_0.5x0.625/MERRA2/2019/07/MERRA2.20190701.A3mstC.05x0625.nc4
1522.883,hit,false,0.000,0,361.916,146,GEOS_0.5x0.625/MERRA2/2019/07/MERRA2.20190701.A3mstC.05x0625.nc4
1522.918,hit,false,0.000,0,361.951,146,GEOS_0.5x0.625/MERRA2/2019/07/MERRA2.20190701.A3mstC.05x0625.nc4
1522.944,hit,false,0.000,0,361.978,146,GEOS_0.5x0.625/MERRA2/2019/07/MERRA2.20190701.A3mstC.05x0625.nc4
1522.979,hit,false,0.000,0,362.013,146,GEOS_0.5x0.625/MERRA2/2019/07/MERRA2.20190701.A3mstC.05x0625.nc4
1523.006,hit,false,0.000,0,362.039,146,GEOS_0.5x0.625/MERRA2/2019/07/MERRA2.20190701.A3mstC.05x0625.nc4
1523.043,hit,false,0.000,0,362.076,146,GEOS_0.5x0.625/MERRA2/2019/07/MERRA2.20190701.A3mstC.05x0625.nc4
1523.066,hit,false,0.000,0,362.099,146,GEOS_0.5x0.625/MERRA2/2019/07/MERRA2.20190701.A3mstC.05x0625.nc4
1523.099,hit,false,0.000,0,362.131,147,GEOS_0.5x0.625/MERRA2/2019/07/MERRA2.20190701.A3mstC.05x0625.nc4
1523.207,hit,false,0.000,0,362.239,147,GEOS_0.5x0.625/MERRA2/2019/07/MERRA2.20190701.A3mstC.05x0625.nc4
1523.231,hit,false,0.000,0,362.263,147,GEOS_0.5x0.625/MERRA2/2019/07/MERRA2.20190701.A3mstC.05x0625.nc4
1523.264,hit,false,0.000,0,362.296,147,GEOS_0.5x0.625/MERRA2/2019/07/MERRA2.20190701.A3mstC.05x0625.nc4
1523.290,hit,false,0.000,0,362.322,147,GEOS_0.5x0.625/MERRA2/2019/07/MERRA2.20190701.A3mstC.05x0625.nc4
1523.322,hit,false,0.000,0,362.354,147,GEOS_0.5x0.625/MERRA2/2019/07/MERRA2.20190701.A3mstC.05x0625.nc4
1523.347,hit,false,0.000,0,362.379,147,GEOS_0.5x0.625/MERRA2/2019/07/MERRA2.20190701.A3mstC.05x0625.nc4
1523.380,hit,false,0.000,0,362.412,147,GEOS_0.5x0.625/MERRA2/2019/07/MERRA2.20190701.A3mstC.05x0625.nc4
1523.409,hit,false,0.000,0,362.440,148,GEOS_0.5x0.625/MERRA2/2019/07/MERRA2.20190701.A3mstC.05x0625.nc4
1523.441,hit,false,0.000,0,362.472,148,GEOS_0.5x0.625/MERRA2/2019/07/MERRA2.20190701.A3mstC.05x0625.nc4
1523.464,hit,false,0.000,0,362.495,148,GEOS_0.5x0.625/MERRA2/2019/07/MERRA2.20190701.A3mstC.05x0625.nc4
1523.497,hit,false,0.000,0,362.528,148,GEOS_0.5x0.625/MERRA2/2019/07/MERRA2.20190701.A3mstC.05x0625.nc4
1523.524,hit,false,0.000,0,362.555,148,GEOS_0.5x0.625/MERRA2/2019/07/MERRA2.20190701.A3mstC.05x0625.nc4
1523.555,hit,false,0.000,0,362.586,148,GEOS_0.5x0.625/MERRA2/2019/07/MERRA2.20190701.A3mstC.05x0625.nc4
1523.588,hit,false,0.000,0,362.618,148,GEOS_0.5x0.625/MERRA2/2019/07/MERRA2.20190701.A3mstC.05x0625.nc4
1523.611,hit,false,0.000,0,362.642,148,GEOS_0.5x0.625/MERRA2/2019/07/MERRA2.20190701.A3mstC.05x0625.nc4
1523.643,hit,false,0.000,0,362.671,149,GEOS_0.5x0.625/MERRA2/2019/07/MERRA2.20190701.A3mstC.05x0625.nc4
1523.671,hit,false,0.000,0,362.699,149,GEOS_0.5x0.625/MERRA2/2019/07/MERRA2.20190701.A3mstC.05x0625.nc4
1523.702,hit,false,0.000,0,362.729,149,GEOS_0.5x0.625/MERRA2/2019/07/MERRA2.20190701.A3mstC.05x0625.nc4
1523.727,hit,false,0.000,0,362.755,149,GEOS_0.5x0.625/MERRA2/2019/07/MERRA2.20190701.A3mstC.05x0625.nc4
1523.759,hit,false,0.000,0,362.786,149,GEOS_0.5x0.625/MERRA2/2019/07/MERRA2.20190701.A3mstC.05x0625.nc4
1523.782,hit,false,0.000,0,362.810,149,GEOS_0.5x0.625/MERRA2/2019/07/MERRA2.20190701.A3mstC.05x0625.nc4
1523.816,hit,false,0.000,0,362.844,149,GEOS_0.5x0.625/MERRA2/2019/07/MERRA2.20190701.A3mstC.05x0625.nc4
1523.841,hit,false,0.000,0,362.869,149,GEOS_0.5x0.625/MERRA2/2019/07/MERRA2.20190701.A3mstC.05x0625.nc4
1523.873,hit,false,0.000,0,362.899,150,GEOS_0.5x0.625/MERRA2/2019/07/MERRA2.20190701.A3mstC.05x0625.nc4
1523.900,hit,false,0.000,0,362.926,150,GEOS_0.5x0.625/MERRA2/2019/07/MERRA2.20190701.A3mstC.05x0625.nc4
1523.931,hit,false,0.000,0,362.958,150,GEOS_0.5x0.625/MERRA2/2019/07/MERRA2.20190701.A3mstC.05x0625.nc4
1523.957,hit,false,0.000,0,362.984,150,GEOS_0.5x0.625/MERRA2/2019/07/MERRA2.20190701.A3mstC.05x0625.nc4
1523.987,hit,false,0.000,0,363.014,150,GEOS_0.5x0.625/MERRA2/2019/07/MERRA2.20190701.A3mstC.05x0625.nc4
1524.017,hit,false,0.000,0,363.044,150,GEOS_0.5x0.625/MERRA2/2019/07/MERRA2.20190701.A3mstC.05x0625.nc4
1524.048,hit,false,0.000,0,363.075,150,GEOS_0.5x0.625/MERRA2/2019/07/MERRA2.20190701.A3mstC.05x0625.nc4
1524.072,hit,false,0.000,0,363.098,150,GEOS_0.5x0.625/MERRA2/2019/07/MERRA2.20190701.A3mstC.05x0625.nc4
1524.106,hit,false,0.000,0,363.131,151,GEOS_0.5x0.625/MERRA2/2019/07/MERRA2.20190701.A3mstC.05x0625.nc4
1524.133,hit,false,0.000,0,363.158,151,GEOS_0.5x0.625/MERRA2/2019/07/MERRA2.20190701.A3mstC.05x0625.nc4
1524.164,hit,false,0.000,0,363.189,151,GEOS_0.5x0.625/MERRA2/2019/07/MERRA2.20190701.A3mstC.05x0625.nc4
1524.189,hit,false,0.000,0,363.214,151,GEOS_0.5x0.625/MERRA2/2019/07/MERRA2.20190701.A3mstC.05x0625.nc4
1524.220,hit,false,0.000,0,363.246,151,GEOS_0.5x0.625/MERRA2/2019/07/MERRA2.20190701.A3mstC.05x0625.nc4
1524.251,hit,false,0.000,0,363.276,151,GEOS_0.5x0.625/MERRA2/2019/07/MERRA2.20190701.A3mstC.05x0625.nc4
1524.275,hit,false,0.000,0,363.300,151,GEOS_0.5x0.625/MERRA2/2019/07/MERRA2.20190701.A3mstC.05x0625.nc4
1524.314,hit,false,0.000,0,363.339,151,GEOS_0.5x0.625/MERRA2/2019/07/MERRA2.20190701.A3mstC.05x0625.nc4
1524.337,hit,false,0.000,0,363.179,152,GEOS_0.5x0.625/MERRA2/2019/07/MERRA2.20190701.A3mstC.05x0625.nc4
1524.378,hit,false,0.000,0,363.220,152,GEOS_0.5x0.625/MERRA2/2019/07/MERRA2.20190701.A3mstC.05x0625.nc4
1524.409,hit,false,0.000,0,363.251,152,GEOS_0.5x0.625/MERRA2/2019/07/MERRA2.20190701.A3mstC.05x0625.nc4
1524.437,hit,false,0.000,0,363.279,152,GEOS_0.5x0.625/MERRA2/2019/07/MERRA2.20190701.A3mstC.05x0625.nc4
1524.466,hit,false,0.000,0,363.308,152,GEOS_0.5x0.625/MERRA2/2019/07/MERRA2.20190701.A3mstC.05x0625.nc4
1524.498,hit,false,0.000,0,363.340,152,GEOS_0.5x0.625/MERRA2/2019/07/MERRA2.20190701.A3mstC.05x0625.nc4
1524.531,hit,false,0.000,0,363.374,152,GEOS_0.5x0.625/MERRA2/2019/07/MERRA2.20190701.A3mstC.05x0625.nc4
1524.559,hit,false,0.000,0,363.401,152,GEOS_0.5x0.625/MERRA2/2019/07/MERRA2.20190701.A3mstC.05x0625.nc4
1524.596,hit,false,0.000,0,363.436,153,GEOS_0.5x0.625/MERRA2/2019/07/MERRA2.20190701.A3mstC.05x0625.nc4
1524.628,hit,false,0.000,0,363.468,153,GEOS_0.5x0.625/MERRA2/2019/07/MERRA2.20190701.A3mstC.05x0625.nc4
1524.655,hit,false,0.000,0,363.495,153,GEOS_0.5x0.625/MERRA2/2019/07/MERRA2.20190701.A3mstC.05x0625.nc4
1524.689,hit,false,0.000,0,363.529,153,GEOS_0.5x0.625/MERRA2/2019/07/MERRA2.20190701.A3mstC.05x0625.nc4
1524.712,hit,false,0.000,0,363.552,153,GEOS_0.5x0.625/MERRA2/2019/07/MERRA2.20190701.A3mstC.05x0625.nc4
1524.747,hit,false,0.000,0,363.588,153,GEOS_0.5x0.625/MERRA2/2019/07/MERRA2.20190701.A3mstC.05x0625.nc4
1524.773,hit,false,0.000,0,363.614,153,GEOS_0.5x0.625/MERRA2/2019/07/MERRA2.20190701.A3mstC.05x0625.nc4
1524.805,hit,false,0.000,0,363.645,153,GEOS_0.5x0.625/MERRA2/2019/07/MERRA2.20190701.A3mstC.05x0625.nc4
1524.830,hit,false,0.000,0,363.669,154,GEOS_0.5x0.625/MERRA2/2019/07/MERRA2.20190701.A3mstC.05x0625.nc4
1524.864,hit,false,0.000,0,363.703,154,GEOS_0.5x0.625/MERRA2/2019/07/MERRA2.20190701.A3mstC.05x0625.nc4
1524.892,hit,false,0.000,0,363.730,154,GEOS_0.5x0.625/MERRA2/2019/07/MERRA2.20190701.A3mstC.05x0625.nc4
1524.924,hit,false,0.000,0,363.763,154,GEOS_0.5x0.625/MERRA2/2019/07/MERRA2.20190701.A3mstC.05x0625.nc4
1524.954,hit,false,0.000,0,363.793,154,GEOS_0.5x0.625/MERRA2/2019/07/MERRA2.20190701.A3mstC.05x0625.nc4
1524.983,hit,false,0.000,0,363.822,154,GEOS_0.5x0.625/MERRA2/2019/07/MERRA2.20190701.A3mstC.05x0625.nc4
1525.014,hit,false,0.000,0,363.853,154,GEOS_0.5x0.625/MERRA2/2019/07/MERRA2.20190701.A3mstC.05x0625.nc4
1525.038,hit,false,0.000,0,363.876,154,GEOS_0.5x0.625/MERRA2/2019/07/MERRA2.20190701.A3mstC.05x0625.nc4
1525.162,hit,false,0.000,0,364.000,155,GEOS_0.5x0.625/MERRA2/2019/07/MERRA2.20190701.A3mstC.05x0625.nc4
1525.186,hit,false,0.000,0,364.023,155,GEOS_0.5x0.625/MERRA2/2019/07/MERRA2.20190701.A3mstC.05x0625.nc4
1525.221,hit,false,0.000,0,364.058,155,GEOS_0.5x0.625/MERRA2/2019/07/MERRA2.20190701.A3mstC.05x0625.nc4
1525.246,hit,false,0.000,0,364.083,155,GEOS_0.5x0.625/MERRA2/2019/07/MERRA2.20190701.A3mstC.05x0625.nc4
1525.280,hit,false,0.000,0,364.117,155,GEOS_0.5x0.625/MERRA2/2019/07/MERRA2.20190701.A3mstC.05x0625.nc4
1525.305,hit,false,0.000,0,364.142,155,GEOS_0.5x0.625/MERRA2/2019/07/MERRA2.20190701.A3mstC.05x0625.nc4
1525.347,hit,false,0.000,0,364.184,155,GEOS_0.5x0.625/MERRA2/2019/07/MERRA2.20190701.A3mstC.05x0625.nc4
1525.369,hit,false,0.000,0,364.207,155,GEOS_0.5x0.625/MERRA2/2019/07/MERRA2.20190701.A3mstC.05x0625.nc4
1525.408,hit,false,0.000,0,364.244,156,GEOS_0.5x0.625/MERRA2/2019/07/MERRA2.20190701.A3mstC.05x0625.nc4
1525.432,hit,false,0.000,0,364.268,156,GEOS_0.5x0.625/MERRA2/2019/07/MERRA2.20190701.A3mstC.05x0625.nc4
1525.478,hit,false,0.000,0,364.313,156,GEOS_0.5x0.625/MERRA2/2019/07/MERRA2.20190701.A3mstC.05x0625.nc4
1525.500,hit,false,0.000,0,364.336,156,GEOS_0.5x0.625/MERRA2/2019/07/MERRA2.20190701.A3mstC.05x0625.nc4
1525.539,hit,false,0.000,0,364.374,156,GEOS_0.5x0.625/MERRA2/2019/07/MERRA2.20190701.A3mstC.05x0625.nc4
1525.565,hit,false,0.000,0,364.401,156,GEOS_0.5x0.625/MERRA2/2019/07/MERRA2.20190701.A3mstC.05x0625.nc4
1525.598,hit,false,0.000,0,364.434,156,GEOS_0.5x0.625/MERRA2/2019/07/MERRA2.20190701.A3mstC.05x0625.nc4
1525.623,hit,false,0.000,0,364.459,156,GEOS_0.5x0.625/MERRA2/2019/07/MERRA2.20190701.A3mstC.05x0625.nc4
1525.657,hit,false,0.000,0,364.491,157,GEOS_0.5x0.625/MERRA2/2019/07/MERRA2.20190701.A3mstC.05x0625.nc4
1525.684,hit,false,0.000,0,364.519,157,GEOS_0.5x0.625/MERRA2/2019/07/MERRA2.20190701.A3mstC.05x0625.nc4
1525.719,hit,false,0.000,0,364.553,157,GEOS_0.5x0.625/MERRA2/2019/07/MERRA2.20190701.A3mstC.05x0625.nc4
1525.743,hit,false,0.000,0,364.577,157,GEOS_0.5x0.625/MERRA2/2019/07/MERRA2.20190701.A3mstC.05x0625.nc4
1525.779,hit,false,0.000,0,364.613,157,GEOS_0.5x0.625/MERRA2/2019/07/MERRA2.20190701.A3mstC.05x0625.nc4
1525.804,hit,false,0.000,0,364.639,157,GEOS_0.5x0.625/MERRA2/2019/07/MERRA2.20190701.A3mstC.05x0625.nc4
1525.840,hit,false,0.000,0,364.675,157,GEOS_0.5x0.625/MERRA2/2019/07/MERRA2.20190701.A3mstC.05x0625.nc4
1525.863,hit,false,0.000,0,364.697,157,GEOS_0.5x0.625/MERRA2/2019/07/MERRA2.20190701.A3mstC.05x0625.nc4
1525.899,hit,false,0.000,0,364.732,158,GEOS_0.5x0.625/MERRA2/2019/07/MERRA2.20190701.A3mstC.05x0625.nc4
1525.927,hit,false,0.000,0,364.760,158,GEOS_0.5x0.625/MERRA2/2019/07/MERRA2.20190701.A3mstC.05x0625.nc4
1525.965,hit,false,0.000,0,364.798,158,GEOS_0.5x0.625/MERRA2/2019/07/MERRA2.20190701.A3mstC.05x0625.nc4
1525.988,hit,false,0.000,0,364.821,158,GEOS_0.5x0.625/MERRA2/2019/07/MERRA2.20190701.A3mstC.05x0625.nc4
1526.026,hit,false,0.000,0,364.859,158,GEOS_0.5x0.625/MERRA2/2019/07/MERRA2.20190701.A3mstC.05x0625.nc4
1526.052,hit,false,0.000,0,364.885,158,GEOS_0.5x0.625/MERRA2/2019/07/MERRA2.20190701.A3mstC.05x0625.nc4
1526.090,hit,false,0.000,0,364.923,158,GEOS_0.5x0.625/MERRA2/2019/07/MERRA2.20190701.A3mstC.05x0625.nc4
1526.114,hit,false,0.000,0,364.947,158,GEOS_0.5x0.625/MERRA2/2019/07/MERRA2.20190701.A3mstC.05x0625.nc4
1526.157,hit,false,0.000,0,364.989,159,GEOS_0.5x0.625/MERRA2/2019/07/MERRA2.20190701.A3mstC.05x0625.nc4
1526.181,hit,false,0.000,0,365.013,159,GEOS_0.5x0.625/MERRA2/2019/07/MERRA2.20190701.A3mstC.05x0625.nc4
1526.222,hit,false,0.000,0,365.054,159,GEOS_0.5x0.625/MERRA2/2019/07/MERRA2.20190701.A3mstC.05x0625.nc4
1526.244,hit,false,0.000,0,365.076,159,GEOS_0.5x0.625/MERRA2/2019/07/MERRA2.20190701.A3mstC.05x0625.nc4
1526.289,hit,false,0.000,0,365.121,159,GEOS_0.5x0.625/MERRA2/2019/07/MERRA2.20190701.A3mstC.05x0625.nc4
1526.314,hit,false,0.000,0,365.146,159,GEOS_0.5x0.625/MERRA2/2019/07/MERRA2.20190701.A3mstC.05x0625.nc4
1526.351,hit,false,0.000,0,365.182,159,GEOS_0.5x0.625/MERRA2/2019/07/MERRA2.20190701.A3mstC.05x0625.nc4
1526.374,hit,false,0.000,0,365.206,159,GEOS_0.5x0.625/MERRA2/2019/07/MERRA2.20190701.A3mstC.05x0625.nc4
1526.410,hit,false,0.000,0,365.380,160,GEOS_0.5x0.625/MERRA2/2019/07/MERRA2.20190701.A3mstC.05x0625.nc4
1526.437,hit,false,0.000,0,365.407,160,GEOS_0.5x0.625/MERRA2/2019/07/MERRA2.20190701.A3mstC.05x0625.nc4
1526.489,hit,false,0.000,0,365.459,160,GEOS_0.5x0.625/MERRA2/2019/07/MERRA2.20190701.A3mstC.05x0625.nc4
1526.512,hit,false,0.000,0,365.482,160,GEOS_0.5x0.625/MERRA2/2019/07/MERRA2.20190701.A3mstC.05x0625.nc4
1526.556,hit,false,0.000,0,365.526,160,GEOS_0.5x0.625/MERRA2/2019/07/MERRA2.20190701.A3mstC.05x0625.nc4
1526.577,hit,false,0.000,0,365.548,160,GEOS_0.5x0.625/MERRA2/2019/07/MERRA2.20190701.A3mstC.05x0625.nc4
1526.617,hit,false,0.000,0,365.587,160,GEOS_0.5x0.625/MERRA2/2019/07/MERRA2.20190701.A3mstC.05x0625.nc4
1526.642,hit,false,0.000,0,365.613,160,GEOS_0.5x0.625/MERRA2/2019/07/MERRA2.20190701.A3mstC.05x0625.nc4
1526.679,hit,false,0.000,0,365.643,161,GEOS_0.5x0.625/MERRA2/2019/07/MERRA2.20190701.A3mstC.05x0625.nc4
1526.706,hit,false,0.000,0,365.670,161,GEOS_0.5x0.625/MERRA2/2019/07/MERRA2.20190701.A3mstC.05x0625.nc4
1526.748,hit,false,0.000,0,365.712,161,GEOS_0.5x0.625/MERRA2/2019/07/MERRA2.20190701.A3mstC.05x0625.nc4
1526.771,hit,false,0.000,0,365.735,161,GEOS_0.5x0.625/MERRA2/2019/07/MERRA2.20190701.A3mstC.05x0625.nc4
1526.816,hit,false,0.000,0,365.779,161,GEOS_0.5x0.625/MERRA2/2019/07/MERRA2.20190701.A3mstC.05x0625.nc4
1526.838,hit,false,0.000,0,365.801,161,GEOS_0.5x0.625/MERRA2/2019/07/MERRA2.20190701.A3mstC.05x0625.nc4
1526.873,hit,false,0.000,0,365.836,161,GEOS_0.5x0.625/MERRA2/2019/07/MERRA2.20190701.A3mstC.05x0625.nc4
1526.899,hit,false,0.000,0,365.863,161,GEOS_0.5x0.625/MERRA2/2019/07/MERRA2.20190701.A3mstC.05x0625.nc4
1526.932,hit,false,0.000,0,365.894,162,GEOS_0.5x0.625/MERRA2/2019/07/MERRA2.20190701.A3mstC.05x0625.nc4
1526.960,hit,false,0.000,0,365.922,162,GEOS_0.5x0.625/MERRA2/2019/07/MERRA2.20190701.A3mstC.05x0625.nc4
1526.996,hit,false,0.000,0,365.957,162,GEOS_0.5x0.625/MERRA2/2019/07/MERRA2.20190701.A3mstC.05x0625.nc4
1527.023,hit,false,0.000,0,365.984,162,GEOS_0.5x0.625/MERRA2/2019/07/MERRA2.20190701.A3mstC.05x0625.nc4
1527.057,hit,false,0.000,0,366.018,162,GEOS_0.5x0.625/MERRA2/2019/07/MERRA2.20190701.A3mstC.05x0625.nc4
1527.080,hit,false,0.000,0,366.041,162,GEOS_0.5x0.625/MERRA2/2019/07/MERRA2.20190701.A3mstC.05x0625.nc4
1527.123,hit,false,0.000,0,366.085,162,GEOS_0.5x0.625/MERRA2/2019/07/MERRA2.20190701.A3mstC.05x0625.nc4
1527.225,hit,false,0.000,0,366.186,162,GEOS_0.5x0.625/MERRA2/2019/07/MERRA2.20190701.A3mstC.05x0625.nc4
1527.248,hit,false,0.000,0,366.206,163,GEOS_0.5x0.625/MERRA2/2019/07/MERRA2.20190701.A3mstC.05x0625.nc4
1527.293,hit,false,0.000,0,366.251,163,GEOS_0.5x0.625/MERRA2/2019/07/MERRA2.20190701.A3mstC.05x0625.nc4
1527.314,hit,false,0.000,0,366.273,163,GEOS_0.5x0.625/MERRA2/2019/07/MERRA2.20190701.A3mstC.05x0625.nc4
1527.357,hit,false,0.000,0,366.316,163,GEOS_0.5x0.625/MERRA2/2019/07/MERRA2.20190701.A3mstC.05x0625.nc4
1527.383,hit,false,0.000,0,366.341,163,GEOS_0.5x0.625/MERRA2/2019/07/MERRA2.20190701.A3mstC.05x0625.nc4
1527.419,hit,false,0.000,0,366.377,163,GEOS_0.5x0.625/MERRA2/2019/07/MERRA2.20190701.A3mstC.05x0625.nc4
1527.448,hit,false,0.000,0,366.407,163,GEOS_0.5x0.625/MERRA2/2019/07/MERRA2.20190701.A3mstC.05x0625.nc4
1527.482,hit,false,0.000,0,366.440,163,GEOS_0.5x0.625/MERRA2/2019/07/MERRA2.20190701.A3mstC.05x0625.nc4
1527.512,hit,false,0.000,0,366.469,164,GEOS_0.5x0.625/MERRA2/2019/07/MERRA2.20190701.A3mstC.05x0625.nc4
1527.545,hit,false,0.000,0,366.502,164,GEOS_0.5x0.625/MERRA2/2019/07/MERRA2.20190701.A3mstC.05x0625.nc4
1527.574,hit,false,0.000,0,366.531,164,GEOS_0.5x0.625/MERRA2/2019/07/MERRA2.20190701.A3mstC.05x0625.nc4
1527.607,hit,false,0.000,0,366.564,164,GEOS_0.5x0.625/MERRA2/2019/07/MERRA2.20190701.A3mstC.05x0625.nc4
1527.631,hit,false,0.000,0,366.587,164,GEOS_0.5x0.625/MERRA2/2019/07/MERRA2.20190701.A3mstC.05x0625.nc4
1527.671,hit,false,0.000,0,366.628,164,GEOS_0.5x0.625/MERRA2/2019/07/MERRA2.20190701.A3mstC.05x0625.nc4
1527.694,hit,false,0.000,0,366.650,164,GEOS_0.5x0.625/MERRA2/2019/07/MERRA2.20190701.A3mstC.05x0625.nc4
1527.733,hit,false,0.000,0,366.689,164,GEOS_0.5x0.625/MERRA2/2019/07/MERRA2.20190701.A3mstC.05x0625.nc4
1527.755,hit,false,0.000,0,366.711,165,GEOS_0.5x0.625/MERRA2/2019/07/MERRA2.20190701.A3mstC.05x0625.nc4
1527.802,hit,false,0.000,0,366.757,165,GEOS_0.5x0.625/MERRA2/2019/07/MERRA2.20190701.A3mstC.05x0625.nc4
1527.823,hit,false,0.000,0,366.778,165,GEOS_0.5x0.625/MERRA2/2019/07/MERRA2.20190701.A3mstC.05x0625.nc4
1527.859,hit,false,0.000,0,366.815,165,GEOS_0.5x0.625/MERRA2/2019/07/MERRA2.20190701.A3mstC.05x0625.nc4
1527.886,hit,false,0.000,0,366.841,165,GEOS_0.5x0.625/MERRA2/2019/07/MERRA2.20190701.A3mstC.05x0625.nc4
1527.920,hit,false,0.000,0,366.875,165,GEOS_0.5x0.625/MERRA2/2019/07/MERRA2.20190701.A3mstC.05x0625.nc4
1527.943,hit,false,0.000,0,366.898,165,GEOS_0.5x0.625/MERRA2/2019/07/MERRA2.20190701.A3mstC.05x0625.nc4
1527.974,hit,false,0.000,0,366.929,165,GEOS_0.5x0.625/MERRA2/2019/07/MERRA2.20190701.A3mstC.05x0625.nc4
1528.000,hit,false,0.000,0,366.954,166,GEOS_0.5x0.625/MERRA2/2019/07/MERRA2.20190701.A3mstC.05x0625.nc4
1528.032,hit,false,0.000,0,366.986,166,GEOS_0.5x0.625/MERRA2/2019/07/MERRA2.20190701.A3mstC.05x0625.nc4
1528.055,hit,false,0.000,0,367.009,166,GEOS_0.5x0.625/MERRA2/2019/07/MERRA2.20190701.A3mstC.05x0625.nc4
1528.095,hit,false,0.000,0,367.049,166,GEOS_0.5x0.625/MERRA2/2019/07/MERRA2.20190701.A3mstC.05x0625.nc4
1528.119,hit,false,0.000,0,367.073,166,GEOS_0.5x0.625/MERRA2/2019/07/MERRA2.20190701.A3mstC.05x0625.nc4
1528.154,hit,false,0.000,0,367.108,166,GEOS_0.5x0.625/MERRA2/2019/07/MERRA2.20190701.A3mstC.05x0625.nc4
1528.179,hit,false,0.000,0,367.133,166,GEOS_0.5x0.625/MERRA2/2019/07/MERRA2.20190701.A3mstC.05x0625.nc4
1528.218,hit,false,0.000,0,367.172,166,GEOS_0.5x0.625/MERRA2/2019/07/MERRA2.20190701.A3mstC.05x0625.nc4
1528.241,hit,false,0.000,0,367.194,167,GEOS_0.5x0.625/MERRA2/2019/07/MERRA2.20190701.A3mstC.05x0625.nc4
1528.279,hit,false,0.000,0,367.231,167,GEOS_0.5x0.625/MERRA2/2019/07/MERRA2.20190701.A3mstC.05x0625.nc4
1528.304,hit,false,0.000,0,367.256,167,GEOS_0.5x0.625/MERRA2/2019/07/MERRA2.20190701.A3mstC.05x0625.nc4
1528.340,hit,false,0.000,0,367.292,167,GEOS_0.5x0.625/MERRA2/2019/07/MERRA2.20190701.A3mstC.05x0625.nc4
1528.368,hit,false,0.000,0,367.321,167,GEOS_0.5x0.625/MERRA2/2019/07/MERRA2.20190701.A3mstC.05x0625.nc4
1528.398,hit,false,0.000,0,367.351,167,GEOS_0.5x0.625/MERRA2/2019/07/MERRA2.20190701.A3mstC.05x0625.nc4
1528.430,hit,false,0.000,0,367.382,167,GEOS_0.5x0.625/MERRA2/2019/07/MERRA2.20190701.A3mstC.05x0625.nc4
1528.454,hit,false,0.000,0,367.406,167,GEOS_0.5x0.625/MERRA2/2019/07/MERRA2.20190701.A3mstC.05x0625.nc4
1528.485,hit,false,0.000,0,367.445,168,GEOS_0.5x0.625/MERRA2/2019/07/MERRA2.20190701.A3mstC.05x0625.nc4
1528.514,hit,false,0.000,0,367.474,168,GEOS_0.5x0.625/MERRA2/2019/07/MERRA2.20190701.A3mstC.05x0625.nc4
1528.558,hit,false,0.000,0,367.519,168,GEOS_0.5x0.625/MERRA2/2019/07/MERRA2.20190701.A3mstC.05x0625.nc4
1528.582,hit,false,0.000,0,367.542,168,GEOS_0.5x0.625/MERRA2/2019/07/MERRA2.20190701.A3mstC.05x0625.nc4
1528.619,hit,false,0.000,0,367.580,168,GEOS_0.5x0.625/MERRA2/2019/07/MERRA2.20190701.A3mstC.05x0625.nc4
1528.648,hit,false,0.000,0,367.608,168,GEOS_0.5x0.625/MERRA2/2019/07/MERRA2.20190701.A3mstC.05x0625.nc4
1528.679,hit,false,0.000,0,367.639,168,GEOS_0.5x0.625/MERRA2/2019/07/MERRA2.20190701.A3mstC.05x0625.nc4
1528.703,hit,false,0.000,0,367.663,168,GEOS_0.5x0.625/MERRA2/2019/07/MERRA2.20190701.A3mstC.05x0625.nc4
1528.737,hit,false,0.000,0,367.695,169,GEOS_0.5x0.625/MERRA2/2019/07/MERRA2.20190701.A3mstC.05x0625.nc4
1528.767,hit,false,0.000,0,367.725,169,GEOS_0.5x0.625/MERRA2/2019/07/MERRA2.20190701.A3mstC.05x0625.nc4
1528.802,hit,false,0.000,0,367.760,169,GEOS_0.5x0.625/MERRA2/2019/07/MERRA2.20190701.A3mstC.05x0625.nc4
1528.833,hit,false,0.000,0,367.791,169,GEOS_0.5x0.625/MERRA2/2019/07/MERRA2.20190701.A3mstC.05x0625.nc4
1528.867,hit,false,0.000,0,367.825,169,GEOS_0.5x0.625/MERRA2/2019/07/MERRA2.20190701.A3mstC.05x0625.nc4
1528.895,hit,false,0.000,0,367.853,169,GEOS_0.5x0.625/MERRA2/2019/07/MERRA2.20190701.A3mstC.05x0625.nc4
1528.929,hit,false,0.000,0,367.887,169,GEOS_0.5x0.625/MERRA2/2019/07/MERRA2.20190701.A3mstC.05x0625.nc4
1528.959,hit,false,0.000,0,367.917,169,GEOS_0.5x0.625/MERRA2/2019/07/MERRA2.20190701.A3mstC.05x0625.nc4
1528.990,hit,false,0.000,0,367.947,170,GEOS_0.5x0.625/MERRA2/2019/07/MERRA2.20190701.A3mstC.05x0625.nc4
1529.026,hit,false,0.000,0,367.982,170,GEOS_0.5x0.625/MERRA2/2019/07/MERRA2.20190701.A3mstC.05x0625.nc4
1529.055,hit,false,0.000,0,368.011,170,GEOS_0.5x0.625/MERRA2/2019/07/MERRA2.20190701.A3mstC.05x0625.nc4
1529.092,hit,false,0.000,0,368.048,170,GEOS_0.5x0.625/MERRA2/2019/07/MERRA2.20190701.A3mstC.05x0625.nc4
1529.122,hit,false,0.000,0,368.078,170,GEOS_0.5x0.625/MERRA2/2019/07/MERRA2.20190701.A3mstC.05x0625.nc4
1529.155,hit,false,0.000,0,368.112,170,GEOS_0.5x0.625/MERRA2/2019/07/MERRA2.20190701.A3mstC.05x0625.nc4
1529.263,hit,false,0.000,0,368.219,170,GEOS_0.5x0.625/MERRA2/2019/07/MERRA2.20190701.A3mstC.05x0625.nc4
1529.286,hit,false,0.000,0,368.242,170,GEOS_0.5x0.625/MERRA2/2019/07/MERRA2.20190701.A3mstC.05x0625.nc4
1529.321,hit,false,0.000,0,368.275,171,GEOS_0.5x0.625/MERRA2/2019/07/MERRA2.20190701.A3mstC.05x0625.nc4
1529.350,hit,false,0.000,0,368.304,171,GEOS_0.5x0.625/MERRA2/2019/07/MERRA2.20190701.A3mstC.05x0625.nc4
1529.384,hit,false,0.000,0,368.339,171,GEOS_0.5x0.625/MERRA2/2019/07/MERRA2.20190701.A3mstC.05x0625.nc4
1529.409,hit,false,0.000,0,368.363,171,GEOS_0.5x0.625/MERRA2/2019/07/MERRA2.20190701.A3mstC.05x0625.nc4
1529.444,hit,false,0.000,0,368.399,171,GEOS_0.5x0.625/MERRA2/2019/07/MERRA2.20190701.A3mstC.05x0625.nc4
1529.467,hit,false,0.000,0,368.422,171,GEOS_0.5x0.625/MERRA2/2019/07/MERRA2.20190701.A3mstC.05x0625.nc4
1529.502,hit,false,0.000,0,368.457,171,GEOS_0.5x0.625/MERRA2/2019/07/MERRA2.20190701.A3mstC.05x0625.nc4
1529.530,hit,false,0.000,0,368.485,171,GEOS_0.5x0.625/MERRA2/2019/07/MERRA2.20190701.A3mstC.05x0625.nc4
1529.562,hit,false,0.000,0,368.514,172,GEOS_0.5x0.625/MERRA2/2019/07/MERRA2.20190701.A3mstC.05x0625.nc4
1529.594,hit,false,0.000,0,368.547,172,GEOS_0.5x0.625/MERRA2/2019/07/MERRA2.20190701.A3mstC.05x0625.nc4
1529.632,hit,false,0.000,0,368.584,172,GEOS_0.5x0.625/MERRA2/2019/07/MERRA2.20190701.A3mstC.05x0625.nc4
1529.655,hit,false,0.000,0,368.607,172,GEOS_0.5x0.625/MERRA2/2019/07/MERRA2.20190701.A3mstC.05x0625.nc4
1529.689,hit,false,0.000,0,368.641,172,GEOS_0.5x0.625/MERRA2/2019/07/MERRA2.20190701.A3mstC.05x0625.nc4
1529.715,hit,false,0.000,0,368.667,172,GEOS_0.5x0.625/MERRA2/2019/07/MERRA2.20190701.A3mstC.05x0625.nc4
1529.749,hit,false,0.000,0,368.701,172,GEOS_0.5x0.625/MERRA2/2019/07/MERRA2.20190701.A3mstC.05x0625.nc4
1529.772,hit,false,0.000,0,368.725,172,GEOS_0.5x0.625/MERRA2/2019/07/MERRA2.20190701.A3mstC.05x0625.nc4
1529.812,hit,false,0.000,0,368.763,173,GEOS_0.5x0.625/MERRA2/2019/07/MERRA2.20190701.A3mstC.05x0625.nc4
1529.836,hit,false,0.000,0,368.788,173,GEOS_0.5x0.625/MERRA2/2019/07/MERRA2.20190701.A3mstC.05x0625.nc4
1529.876,hit,false,0.000,0,368.827,173,GEOS_0.5x0.625/MERRA2/2019/07/MERRA2.20190701.A3mstC.05x0625.nc4
1529.898,hit,false,0.000,0,368.850,173,GEOS_0.5x0.625/MERRA2/2019/07/MERRA2.20190701.A3mstC.05x0625.nc4
1529.933,hit,false,0.000,0,368.884,173,GEOS_0.5x0.625/MERRA2/2019/07/MERRA2.20190701.A3mstC.05x0625.nc4
1529.959,hit,false,0.000,0,368.910,173,GEOS_0.5x0.625/MERRA2/2019/07/MERRA2.20190701.A3mstC.05x0625.nc4
1529.992,hit,false,0.000,0,368.943,173,GEOS_0.5x0.625/MERRA2/2019/07/MERRA2.20190701.A3mstC.05x0625.nc4
1530.023,hit,false,0.000,0,368.974,173,GEOS_0.5x0.625/MERRA2/2019/07/MERRA2.20190701.A3mstC.05x0625.nc4
1530.046,hit,false,0.000,0,368.946,174,GEOS_0.5x0.625/MERRA2/2019/07/MERRA2.20190701.A3mstC.05x0625.nc4
1530.092,hit,false,0.000,0,368.991,174,GEOS_0.5x0.625/MERRA2/2019/07/MERRA2.20190701.A3mstC.05x0625.nc4
1530.113,hit,false,0.000,0,369.013,174,GEOS_0.5x0.625/MERRA2/2019/07/MERRA2.20190701.A3mstC.05x0625.nc4
1530.155,hit,false,0.000,0,369.055,174,GEOS_0.5x0.625/MERRA2/2019/07/MERRA2.20190701.A3mstC.05x0625.nc4
1530.176,hit,false,0.000,0,369.076,174,GEOS_0.5x0.625/MERRA2/2019/07/MERRA2.20190701.A3mstC.05x0625.nc4
1530.217,hit,false,0.000,0,369.117,174,GEOS_0.5x0.625/MERRA2/2019/07/MERRA2.20190701.A3mstC.05x0625.nc4
1530.240,hit,false,0.000,0,369.140,174,GEOS_0.5x0.625/MERRA2/2019/07/MERRA2.20190701.A3mstC.05x0625.nc4
1530.279,hit,false,0.000,0,369.179,174,GEOS_0.5x0.625/MERRA2/2019/07/MERRA2.20190701.A3mstC.05x0625.nc4
1530.302,hit,false,0.000,0,369.200,175,GEOS_0.5x0.625/MERRA2/2019/07/MERRA2.20190701.A3mstC.05x0625.nc4
1530.352,hit,false,0.000,0,369.250,175,GEOS_0.5x0.625/MERRA2/2019/07/MERRA2.20190701.A3mstC.05x0625.nc4
1530.373,hit,false,0.000,0,369.271,175,GEOS_0.5x0.625/MERRA2/2019/07/MERRA2.20190701.A3mstC.05x0625.nc4
1530.411,hit,false,0.000,0,369.309,175,GEOS_0.5x0.625/MERRA2/2019/07/MERRA2.20190701.A3mstC.05x0625.nc4
1530.434,hit,false,0.000,0,369.332,175,GEOS_0.5x0.625/MERRA2/2019/07/MERRA2.20190701.A3mstC.05x0625.nc4
1530.472,hit,false,0.000,0,369.370,175,GEOS_0.5x0.625/MERRA2/2019/07/MERRA2.20190701.A3mstC.05x0625.nc4
1530.497,hit,false,0.000,0,369.395,175,GEOS_0.5x0.625/MERRA2/2019/07/MERRA2.20190701.A3mstC.05x0625.nc4
1530.527,hit,false,0.000,0,369.424,175,GEOS_0.5x0.625/MERRA2/2019/07/MERRA2.20190701.A3mstC.05x0625.nc4
1530.553,hit,false,0.000,0,369.558,176,GEOS_0.5x0.625/MERRA2/2019/07/MERRA2.20190701.A3mstC.05x0625.nc4
1530.590,hit,false,0.000,0,369.595,176,GEOS_0.5x0.625/MERRA2/2019/07/MERRA2.20190701.A3mstC.05x0625.nc4
1530.636,hit,false,0.000,0,369.641,176,GEOS_0.5x0.625/MERRA2/2019/07/MERRA2.20190701.A3mstC.05x0625.nc4
1530.664,hit,false,0.000,0,369.668,176,GEOS_0.5x0.625/MERRA2/2019/07/MERRA2.20190701.A3mstC.05x0625.nc4
1530.695,hit,false,0.000,0,369.699,176,GEOS_0.5x0.625/MERRA2/2019/07/MERRA2.20190701.A3mstC.05x0625.nc4
1530.725,hit,false,0.000,0,369.730,176,GEOS_0.5x0.625/MERRA2/2019/07/MERRA2.20190701.A3mstC.05x0625.nc4
1530.749,hit,false,0.000,0,369.754,176,GEOS_0.5x0.625/MERRA2/2019/07/MERRA2.20190701.A3mstC.05x0625.nc4
1530.781,hit,false,0.000,0,369.786,176,GEOS_0.5x0.625/MERRA2/2019/07/MERRA2.20190701.A3mstC.05x0625.nc4
1530.806,hit,false,0.000,0,369.808,177,GEOS_0.5x0.625/MERRA2/2019/07/MERRA2.20190701.A3mstC.05x0625.nc4
1530.842,hit,false,0.000,0,369.844,177,GEOS_0.5x0.625/MERRA2/2019/07/MERRA2.20190701.A3mstC.05x0625.nc4
1530.867,hit,false,0.000,0,369.869,177,GEOS_0.5x0.625/MERRA2/2019/07/MERRA2.20190701.A3mstC.05x0625.nc4
1530.903,hit,false,0.000,0,369.905,177,GEOS_0.5x0.625/MERRA2/2019/07/MERRA2.20190701.A3mstC.05x0625.nc4
1530.926,hit,false,0.000,0,369.928,177,GEOS_0.5x0.625/MERRA2/2019/07/MERRA2.20190701.A3mstC.05x0625.nc4
1530.967,hit,false,0.000,0,369.969,177,GEOS_0.5x0.625/MERRA2/2019/07/MERRA2.20190701.A3mstC.05x0625.nc4
1530.991,hit,false,0.000,0,369.993,177,GEOS_0.5x0.625/MERRA2/2019/07/MERRA2.20190701.A3mstC.05x0625.nc4
1531.027,hit,false,0.000,0,370.029,177,GEOS_0.5x0.625/MERRA2/2019/07/MERRA2.20190701.A3mstC.05x0625.nc4
1531.053,hit,false,0.000,0,370.048,178,GEOS_0.5x0.625/MERRA2/2019/07/MERRA2.20190701.A3mstC.05x0625.nc4
1531.092,hit,false,0.000,0,370.087,178,GEOS_0.5x0.625/MERRA2/2019/07/MERRA2.20190701.A3mstC.05x0625.nc4
1531.115,hit,false,0.000,0,370.110,178,GEOS_0.5x0.625/MERRA2/2019/07/MERRA2.20190701.A3mstC.05x0625.nc4
1531.148,hit,false,0.000,0,370.143,178,GEOS_0.5x0.625/MERRA2/2019/07/MERRA2.20190701.A3mstC.05x0625.nc4
1531.174,hit,false,0.000,0,370.169,178,GEOS_0.5x0.625/MERRA2/2019/07/MERRA2.20190701.A3mstC.05x0625.nc4
1531.285,hit,false,0.000,0,370.280,178,GEOS_0.5x0.625/MERRA2/2019/07/MERRA2.20190701.A3mstC.05x0625.nc4
1531.309,hit,false,0.000,0,370.304,178,GEOS_0.5x0.625/MERRA2/2019/07/MERRA2.20190701.A3mstC.05x0625.nc4
1531.343,hit,false,0.000,0,370.338,178,GEOS_0.5x0.625/MERRA2/2019/07/MERRA2.20190701.A3mstC.05x0625.nc4
1531.372,hit,false,0.000,0,370.359,179,GEOS_0.5x0.625/MERRA2/2019/07/MERRA2.20190701.A3mstC.05x0625.nc4
1531.404,hit,false,0.000,0,370.392,179,GEOS_0.5x0.625/MERRA2/2019/07/MERRA2.20190701.A3mstC.05x0625.nc4
1531.436,hit,false,0.000,0,370.423,179,GEOS_0.5x0.625/MERRA2/2019/07/MERRA2.20190701.A3mstC.05x0625.nc4
1531.464,hit,false,0.000,0,370.452,179,GEOS_0.5x0.625/MERRA2/2019/07/MERRA2.20190701.A3mstC.05x0625.nc4
1531.494,hit,false,0.000,0,370.482,179,GEOS_0.5x0.625/MERRA2/2019/07/MERRA2.20190701.A3mstC.05x0625.nc4
1531.521,hit,false,0.000,0,370.509,179,GEOS_0.5x0.625/MERRA2/2019/07/MERRA2.20190701.A3mstC.05x0625.nc4
1531.553,hit,false,0.000,0,370.540,179,GEOS_0.5x0.625/MERRA2/2019/07/MERRA2.20190701.A3mstC.05x0625.nc4
1531.586,hit,false,0.000,0,370.573,179,GEOS_0.5x0.625/MERRA2/2019/07/MERRA2.20190701.A3mstC.05x0625.nc4
1531.612,hit,false,0.000,0,370.597,180,GEOS_0.5x0.625/MERRA2/2019/07/MERRA2.20190701.A3mstC.05x0625.nc4
1531.646,hit,false,0.000,0,370.631,180,GEOS_0.5x0.625/MERRA2/2019/07/MERRA2.20190701.A3mstC.05x0625.nc4
1531.671,hit,false,0.000,0,370.656,180,GEOS_0.5x0.625/MERRA2/2019/07/MERRA2.20190701.A3mstC.05x0625.nc4
1531.703,hit,false,0.000,0,370.689,180,GEOS_0.5x0.625/MERRA2/2019/07/MERRA2.20190701.A3mstC.05x0625.nc4
1531.728,hit,false,0.000,0,370.714,180,GEOS_0.5x0.625/MERRA2/2019/07/MERRA2.20190701.A3mstC.05x0625.nc4
1531.768,hit,false,0.000,0,370.753,180,GEOS_0.5x0.625/MERRA2/2019/07/MERRA2.20190701.A3mstC.05x0625.nc4
1531.790,hit,false,0.000,0,370.775,180,GEOS_0.5x0.625/MERRA2/2019/07/MERRA2.20190701.A3mstC.05x0625.nc4
1531.827,hit,false,0.000,0,370.812,180,GEOS_0.5x0.625/MERRA2/2019/07/MERRA2.20190701.A3mstC.05x0625.nc4
1531.852,hit,false,0.000,0,370.836,181,GEOS_0.5x0.625/MERRA2/2019/07/MERRA2.20190701.A3mstC.05x0625.nc4
1531.888,hit,false,0.000,0,370.871,181,GEOS_0.5x0.625/MERRA2/2019/07/MERRA2.20190701.A3mstC.05x0625.nc4
1531.911,hit,false,0.000,0,370.895,181,GEOS_0.5x0.625/MERRA2/2019/07/MERRA2.20190701.A3mstC.05x0625.nc4
1531.944,hit,false,0.000,0,370.927,181,GEOS_0.5x0.625/MERRA2/2019/07/MERRA2.20190701.A3mstC.05x0625.nc4
1531.971,hit,false,0.000,0,370.954,181,GEOS_0.5x0.625/MERRA2/2019/07/MERRA2.20190701.A3mstC.05x0625.nc4
1532.002,hit,false,0.000,0,370.986,181,GEOS_0.5x0.625/MERRA2/2019/07/MERRA2.20190701.A3mstC.05x0625.nc4
1532.034,hit,false,0.000,0,371.017,181,GEOS_0.5x0.625/MERRA2/2019/07/MERRA2.20190701.A3mstC.05x0625.nc4
1532.061,hit,false,0.000,0,371.044,181,GEOS_0.5x0.625/MERRA2/2019/07/MERRA2.20190701.A3mstC.05x0625.nc4
1532.093,hit,false,0.000,0,371.074,182,GEOS_0.5x0.625/MERRA2/2019/07/MERRA2.20190701.A3mstC.05x0625.nc4
1532.120,hit,false,0.000,0,371.101,182,GEOS_0.5x0.625/MERRA2/2019/07/MERRA2.20190701.A3mstC.05x0625.nc4
1532.158,hit,false,0.000,0,371.139,182,GEOS_0.5x0.625/MERRA2/2019/07/MERRA2.20190701.A3mstC.05x0625.nc4
1532.180,hit,false,0.000,0,371.161,182,GEOS_0.5x0.625/MERRA2/2019/07/MERRA2.20190701.A3mstC.05x0625.nc4
1532.214,hit,false,0.000,0,371.195,182,GEOS_0.5x0.625/MERRA2/2019/07/MERRA2.20190701.A3mstC.05x0625.nc4
1532.240,hit,false,0.000,0,371.221,182,GEOS_0.5x0.625/MERRA2/2019/07/MERRA2.20190701.A3mstC.05x0625.nc4
1532.272,hit,false,0.000,0,371.253,182,GEOS_0.5x0.625/MERRA2/2019/07/MERRA2.20190701.A3mstC.05x0625.nc4
1532.300,hit,false,0.000,0,371.281,182,GEOS_0.5x0.625/MERRA2/2019/07/MERRA2.20190701.A3mstC.05x0625.nc4
1532.329,hit,false,0.000,0,371.309,183,GEOS_0.5x0.625/MERRA2/2019/07/MERRA2.20190701.A3mstC.05x0625.nc4
1532.360,hit,false,0.000,0,371.339,183,GEOS_0.5x0.625/MERRA2/2019/07/MERRA2.20190701.A3mstC.05x0625.nc4
1532.390,hit,false,0.000,0,371.369,183,GEOS_0.5x0.625/MERRA2/2019/07/MERRA2.20190701.A3mstC.05x0625.nc4
1532.415,hit,false,0.000,0,371.395,183,GEOS_0.5x0.625/MERRA2/2019/07/MERRA2.20190701.A3mstC.05x0625.nc4
1532.446,hit,false,0.000,0,371.426,183,GEOS_0.5x0.625/MERRA2/2019/07/MERRA2.20190701.A3mstC.05x0625.nc4
1532.470,hit,false,0.000,0,371.449,183,GEOS_0.5x0.625/MERRA2/2019/07/MERRA2.20190701.A3mstC.05x0625.nc4
1532.514,hit,false,0.000,0,371.493,183,GEOS_0.5x0.625/MERRA2/2019/07/MERRA2.20190701.A3mstC.05x0625.nc4
1532.535,hit,false,0.000,0,371.515,183,GEOS_0.5x0.625/MERRA2/2019/07/MERRA2.20190701.A3mstC.05x0625.nc4
1532.570,hit,false,0.000,0,371.532,184,GEOS_0.5x0.625/MERRA2/2019/07/MERRA2.20190701.A3mstC.05x0625.nc4
1532.599,hit,false,0.000,0,371.561,184,GEOS_0.5x0.625/MERRA2/2019/07/MERRA2.20190701.A3mstC.05x0625.nc4
1532.638,hit,false,0.000,0,371.599,184,GEOS_0.5x0.625/MERRA2/2019/07/MERRA2.20190701.A3mstC.05x0625.nc4
1532.664,hit,false,0.000,0,371.625,184,GEOS_0.5x0.625/MERRA2/2019/07/MERRA2.20190701.A3mstC.05x0625.nc4
1532.699,hit,false,0.000,0,371.660,184,GEOS_0.5x0.625/MERRA2/2019/07/MERRA2.20190701.A3mstC.05x0625.nc4
1532.728,hit,false,0.000,0,371.689,184,GEOS_0.5x0.625/MERRA2/2019/07/MERRA2.20190701.A3mstC.05x0625.nc4
1532.761,hit,false,0.000,0,371.722,184,GEOS_0.5x0.625/MERRA2/2019/07/MERRA2.20190701.A3mstC.05x0625.nc4
1532.791,hit,false,0.000,0,371.752,184,GEOS_0.5x0.625/MERRA2/2019/07/MERRA2.20190701.A3mstC.05x0625.nc4
1532.825,hit,false,0.000,0,371.785,185,GEOS_0.5x0.625/MERRA2/2019/07/MERRA2.20190701.A3mstC.05x0625.nc4
1532.852,hit,false,0.000,0,371.812,185,GEOS_0.5x0.625/MERRA2/2019/07/MERRA2.20190701.A3mstC.05x0625.nc4
1532.895,hit,false,0.000,0,371.855,185,GEOS_0.5x0.625/MERRA2/2019/07/MERRA2.20190701.A3mstC.05x0625.nc4
1532.921,hit,false,0.000,0,371.881,185,GEOS_0.5x0.625/MERRA2/2019/07/MERRA2.20190701.A3mstC.05x0625.nc4
1532.963,hit,false,0.000,0,371.922,185,GEOS_0.5x0.625/MERRA2/2019/07/MERRA2.20190701.A3mstC.05x0625.nc4
1532.989,hit,false,0.000,0,371.949,185,GEOS_0.5x0.625/MERRA2/2019/07/MERRA2.20190701.A3mstC.05x0625.nc4
1533.026,hit,false,0.000,0,371.986,185,GEOS_0.5x0.625/MERRA2/2019/07/MERRA2.20190701.A3mstC.05x0625.nc4
1533.054,hit,false,0.000,0,372.013,185,GEOS_0.5x0.625/MERRA2/2019/07/MERRA2.20190701.A3mstC.05x0625.nc4
1533.087,hit,false,0.000,0,372.045,186,GEOS_0.5x0.625/MERRA2/2019/07/MERRA2.20190701.A3mstC.05x0625.nc4
1533.114,hit,false,0.000,0,372.072,186,GEOS_0.5x0.625/MERRA2/2019/07/MERRA2.20190701.A3mstC.05x0625.nc4
1533.148,hit,false,0.000,0,372.107,186,GEOS_0.5x0.625/MERRA2/2019/07/MERRA2.20190701.A3mstC.05x0625.nc4
1533.177,hit,false,0.000,0,372.135,186,GEOS_0.5x0.625/MERRA2/2019/07/MERRA2.20190701.A3mstC.05x0625.nc4
1533.288,hit,false,0.000,0,372.246,186,GEOS_0.5x0.625/MERRA2/2019/07/MERRA2.20190701.A3mstC.05x0625.nc4
1533.311,hit,false,0.000,0,372.269,186,GEOS_0.5x0.625/MERRA2/2019/07/MERRA2.20190701.A3mstC.05x0625.nc4
1533.355,hit,false,0.000,0,372.313,186,GEOS_0.5x0.625/MERRA2/2019/07/MERRA2.20190701.A3mstC.05x0625.nc4
1533.378,hit,false,0.000,0,372.336,186,GEOS_0.5x0.625/MERRA2/2019/07/MERRA2.20190701.A3mstC.05x0625.nc4
1533.418,hit,false,0.000,0,372.374,187,GEOS_0.5x0.625/MERRA2/2019/07/MERRA2.20190701.A3mstC.05x0625.nc4
1533.443,hit,false,0.000,0,372.399,187,GEOS_0.5x0.625/MERRA2/2019/07/MERRA2.20190701.A3mstC.05x0625.nc4
1533.480,hit,false,0.000,0,372.436,187,GEOS_0.5x0.625/MERRA2/2019/07/MERRA2.20190701.A3mstC.05x0625.nc4
1533.502,hit,false,0.000,0,372.459,187,GEOS_0.5x0.625/MERRA2/2019/07/MERRA2.20190701.A3mstC.05x0625.nc4
1533.544,hit,false,0.000,0,372.500,187,GEOS_0.5x0.625/MERRA2/2019/07/MERRA2.20190701.A3mstC.05x0625.nc4
1533.567,hit,false,0.000,0,372.523,187,GEOS_0.5x0.625/MERRA2/2019/07/MERRA2.20190701.A3mstC.05x0625.nc4
1533.608,hit,false,0.000,0,372.564,187,GEOS_0.5x0.625/MERRA2/2019/07/MERRA2.20190701.A3mstC.05x0625.nc4
1533.630,hit,false,0.000,0,372.586,187,GEOS_0.5x0.625/MERRA2/2019/07/MERRA2.20190701.A3mstC.05x0625.nc4
1533.672,hit,false,0.000,0,372.626,188,GEOS_0.5x0.625/MERRA2/2019/07/MERRA2.20190701.A3mstC.05x0625.nc4
1533.697,hit,false,0.000,0,372.652,188,GEOS_0.5x0.625/MERRA2/2019/07/MERRA2.20190701.A3mstC.05x0625.nc4
1533.737,hit,false,0.000,0,372.691,188,GEOS_0.5x0.625/MERRA2/2019/07/MERRA2.20190701.A3mstC.05x0625.nc4
1533.760,hit,false,0.000,0,372.715,188,GEOS_0.5x0.625/MERRA2/2019/07/MERRA2.20190701.A3mstC.05x0625.nc4
1533.801,hit,false,0.000,0,372.755,188,GEOS_0.5x0.625/MERRA2/2019/07/MERRA2.20190701.A3mstC.05x0625.nc4
1533.824,hit,false,0.000,0,372.778,188,GEOS_0.5x0.625/MERRA2/2019/07/MERRA2.20190701.A3mstC.05x0625.nc4
1533.859,hit,false,0.000,0,372.813,188,GEOS_0.5x0.625/MERRA2/2019/07/MERRA2.20190701.A3mstC.05x0625.nc4
1533.885,hit,false,0.000,0,372.839,188,GEOS_0.5x0.625/MERRA2/2019/07/MERRA2.20190701.A3mstC.05x0625.nc4
1533.917,hit,false,0.000,0,372.870,189,GEOS_0.5x0.625/MERRA2/2019/07/MERRA2.20190701.A3mstC.05x0625.nc4
1533.945,hit,false,0.000,0,372.898,189,GEOS_0.5x0.625/MERRA2/2019/07/MERRA2.20190701.A3mstC.05x0625.nc4
1533.979,hit,false,0.000,0,372.932,189,GEOS_0.5x0.625/MERRA2/2019/07/MERRA2.20190701.A3mstC.05x0625.nc4
1534.004,hit,false,0.000,0,372.956,189,GEOS_0.5x0.625/MERRA2/2019/07/MERRA2.20190701.A3mstC.05x0625.nc4
1534.037,hit,false,0.000,0,372.989,189,GEOS_0.5x0.625/MERRA2/2019/07/MERRA2.20190701.A3mstC.05x0625.nc4
1534.062,hit,false,0.000,0,373.015,189,GEOS_0.5x0.625/MERRA2/2019/07/MERRA2.20190701.A3mstC.05x0625.nc4
1534.097,hit,false,0.000,0,373.050,189,GEOS_0.5x0.625/MERRA2/2019/07/MERRA2.20190701.A3mstC.05x0625.nc4
1534.119,hit,false,0.000,0,373.072,189,GEOS_0.5x0.625/MERRA2/2019/07/MERRA2.20190701.A3mstC.05x0625.nc4
1534.162,hit,false,0.000,0,373.113,190,GEOS_0.5x0.625/MERRA2/2019/07/MERRA2.20190701.A3mstC.05x0625.nc4
1534.186,hit,false,0.000,0,373.138,190,GEOS_0.5x0.625/MERRA2/2019/07/MERRA2.20190701.A3mstC.05x0625.nc4
1534.221,hit,false,0.000,0,373.173,190,GEOS_0.5x0.625/MERRA2/2019/07/MERRA2.20190701.A3mstC.05x0625.nc4
1534.248,hit,false,0.000,0,373.200,190,GEOS_0.5x0.625/MERRA2/2019/07/MERRA2.20190701.A3mstC.05x0625.nc4
1534.280,hit,false,0.000,0,373.232,190,GEOS_0.5x0.625/MERRA2/2019/07/MERRA2.20190701.A3mstC.05x0625.nc4
1534.306,hit,false,0.000,0,373.257,190,GEOS_0.5x0.625/MERRA2/2019/07/MERRA2.20190701.A3mstC.05x0625.nc4
1534.337,hit,false,0.000,0,373.288,190,GEOS_0.5x0.625/MERRA2/2019/07/MERRA2.20190701.A3mstC.05x0625.nc4
1534.365,hit,false,0.000,0,373.317,190,GEOS_0.5x0.625/MERRA2/2019/07/MERRA2.20190701.A3mstC.05x0625.nc4
1534.395,hit,false,0.000,0,373.084,191,GEOS_0.5x0.625/MERRA2/2019/07/MERRA2.20190701.A3mstC.05x0625.nc4
1534.429,hit,false,0.000,0,373.117,191,GEOS_0.5x0.625/MERRA2/2019/07/MERRA2.20190701.A3mstC.05x0625.nc4
1534.458,hit,false,0.000,0,373.146,191,GEOS_0.5x0.625/MERRA2/2019/07/MERRA2.20190701.A3mstC.05x0625.nc4
1534.488,hit,false,0.000,0,373.176,191,GEOS_0.5x0.625/MERRA2/2019/07/MERRA2.20190701.A3mstC.05x0625.nc4
1534.517,hit,false,0.000,0,373.206,191,GEOS_0.5x0.625/MERRA2/2019/07/MERRA2.20190701.A3mstC.05x0625.nc4
1534.546,hit,false,0.000,0,373.235,191,GEOS_0.5x0.625/MERRA2/2019/07/MERRA2.20190701.A3mstC.05x0625.nc4
1534.577,hit,false,0.000,0,373.265,191,GEOS_0.5x0.625/MERRA2/2019/07/MERRA2.20190701.A3mstC.05x0625.nc4
1534.610,hit,false,0.000,0,373.299,191,GEOS_0.5x0.625/MERRA2/2019/07/MERRA2.20190701.A3mstC.05x0625.nc4
1534.643,hit,false,0.000,0,373.642,192,GEOS_0.5x0.625/MERRA2/2019/07/MERRA2.20190701.A3mstC.05x0625.nc4
1534.750,hit,false,0.000,0,373.748,192,GEOS_0.5x0.625/MERRA2/2019/07/MERRA2.20190701.A3mstC.05x0625.nc4
1534.826,hit,false,0.000,0,373.825,192,GEOS_0.5x0.625/MERRA2/2019/07/MERRA2.20190701.A3mstC.05x0625.nc4
1534.849,hit,false,0.000,0,373.848,192,GEOS_0.5x0.625/MERRA2/2019/07/MERRA2.20190701.A3mstC.05x0625.nc4
1534.887,hit,false,0.000,0,373.886,192,GEOS_0.5x0.625/MERRA2/2019/07/MERRA2.20190701.A3mstC.05x0625.nc4
1534.916,hit,false,0.000,0,373.914,192,GEOS_0.5x0.625/MERRA2/2019/07/MERRA2.20190701.A3mstC.05x0625.nc4
1534.952,hit,false,0.000,0,373.950,192,GEOS_0.5x0.625/MERRA2/2019/07/MERRA2.20190701.A3mstC.05x0625.nc4
1534.980,hit,false,0.000,0,373.979,192,GEOS_0.5x0.625/MERRA2/2019/07/MERRA2.20190701.A3mstC.05x0625.nc4
1535.015,hit,false,0.000,0,374.008,193,GEOS_0.5x0.625/MERRA2/2019/07/MERRA2.20190701.A3mstC.05x0625.nc4
1535.044,hit,false,0.000,0,374.037,193,GEOS_0.5x0.625/MERRA2/2019/07/MERRA2.20190701.A3mstC.05x0625.nc4
1535.081,hit,false,0.000,0,374.074,193,GEOS_0.5x0.625/MERRA2/2019/07/MERRA2.20190701.A3mstC.05x0625.nc4
1535.104,hit,false,0.000,0,374.097,193,GEOS_0.5x0.625/MERRA2/2019/07/MERRA2.20190701.A3mstC.05x0625.nc4
1535.145,hit,false,0.000,0,374.138,193,GEOS_0.5x0.625/MERRA2/2019/07/MERRA2.20190701.A3mstC.05x0625.nc4
1535.167,hit,false,0.000,0,374.160,193,GEOS_0.5x0.625/MERRA2/2019/07/MERRA2.20190701.A3mstC.05x0625.nc4
1535.202,hit,false,0.000,0,374.195,193,GEOS_0.5x0.625/MERRA2/2019/07/MERRA2.20190701.A3mstC.05x0625.nc4
1535.225,hit,false,0.000,0,374.218,193,GEOS_0.5x0.625/MERRA2/2019/07/MERRA2.20190701.A3mstC.05x0625.nc4
1535.259,hit,false,0.000,0,374.235,194,GEOS_0.5x0.625/MERRA2/2019/07/MERRA2.20190701.A3mstC.05x0625.nc4
1535.287,hit,false,0.000,0,374.264,194,GEOS_0.5x0.625/MERRA2/2019/07/MERRA2.20190701.A3mstC.05x0625.nc4
1535.321,hit,false,0.000,0,374.297,194,GEOS_0.5x0.625/MERRA2/2019/07/MERRA2.20190701.A3mstC.05x0625.nc4
1535.426,hit,false,0.000,0,374.402,194,GEOS_0.5x0.625/MERRA2/2019/07/MERRA2.20190701.A3mstC.05x0625.nc4
1535.453,hit,false,0.000,0,374.429,194,GEOS_0.5x0.625/MERRA2/2019/07/MERRA2.20190701.A3mstC.05x0625.nc4
1535.495,hit,false,0.000,0,374.471,194,GEOS_0.5x0.625/MERRA2/2019/07/MERRA2.20190701.A3mstC.05x0625.nc4
1535.519,hit,false,0.000,0,374.495,194,GEOS_0.5x0.625/MERRA2/2019/07/MERRA2.20190701.A3mstC.05x0625.nc4
1535.555,hit,false,0.000,0,374.531,194,GEOS_0.5x0.625/MERRA2/2019/07/MERRA2.20190701.A3mstC.05x0625.nc4
1535.580,hit,false,0.000,0,374.554,195,GEOS_0.5x0.625/MERRA2/2019/07/MERRA2.20190701.A3mstC.05x0625.nc4
1535.625,hit,false,0.000,0,374.599,195,GEOS_0.5x0.625/MERRA2/2019/07/MERRA2.20190701.A3mstC.05x0625.nc4
1535.648,hit,false,0.000,0,374.622,195,GEOS_0.5x0.625/MERRA2/2019/07/MERRA2.20190701.A3mstC.05x0625.nc4
1535.690,hit,false,0.000,0,374.664,195,GEOS_0.5x0.625/MERRA2/2019/07/MERRA2.20190701.A3mstC.05x0625.nc4
1535.713,hit,false,0.000,0,374.687,195,GEOS_0.5x0.625/MERRA2/2019/07/MERRA2.20190701.A3mstC.05x0625.nc4
1535.752,hit,false,0.000,0,374.726,195,GEOS_0.5x0.625/MERRA2/2019/07/MERRA2.20190701.A3mstC.05x0625.nc4
1535.775,hit,false,0.000,0,374.749,195,GEOS_0.5x0.625/MERRA2/2019/07/MERRA2.20190701.A3mstC.05x0625.nc4
1535.811,hit,false,0.000,0,374.785,195,GEOS_0.5x0.625/MERRA2/2019/07/MERRA2.20190701.A3mstC.05x0625.nc4
1535.834,hit,false,0.000,0,374.736,196,GEOS_0.5x0.625/MERRA2/2019/07/MERRA2.20190701.A3mstC.05x0625.nc4
1535.874,hit,false,0.000,0,374.776,196,GEOS_0.5x0.625/MERRA2/2019/07/MERRA2.20190701.A3mstC.05x0625.nc4
1535.905,hit,false,0.000,0,374.807,196,GEOS_0.5x0.625/MERRA2/2019/07/MERRA2.20190701.A3mstC.05x0625.nc4
1535.933,hit,false,0.000,0,374.835,196,GEOS_0.5x0.625/MERRA2/2019/07/MERRA2.20190701.A3mstC.05x0625.nc4
1535.965,hit,false,0.000,0,374.867,196,GEOS_0.5x0.625/MERRA2/2019/07/MERRA2.20190701.A3mstC.05x0625.nc4
1535.990,hit,false,0.000,0,374.892,196,GEOS_0.5x0.625/MERRA2/2019/07/MERRA2.20190701.A3mstC.05x0625.nc4
1536.025,hit,false,0.000,0,374.927,196,GEOS_0.5x0.625/MERRA2/2019/07/MERRA2.20190701.A3mstC.05x0625.nc4
1536.053,hit,false,0.000,0,374.955,196,GEOS_0.5x0.625/MERRA2/2019/07/MERRA2.20190701.A3mstC.05x0625.nc4
1536.088,hit,false,0.000,0,374.988,197,GEOS_0.5x0.625/MERRA2/2019/07/MERRA2.20190701.A3mstC.05x0625.nc4
1536.114,hit,false,0.000,0,375.014,197,GEOS_0.5x0.625/MERRA2/2019/07/MERRA2.20190701.A3mstC.05x0625.nc4
1536.147,hit,false,0.000,0,375.047,197,GEOS_0.5x0.625/MERRA2/2019/07/MERRA2.20190701.A3mstC.05x0625.nc4
1536.174,hit,false,0.000,0,375.074,197,GEOS_0.5x0.625/MERRA2/2019/07/MERRA2.20190701.A3mstC.05x0625.nc4
1536.204,hit,false,0.000,0,375.104,197,GEOS_0.5x0.625/MERRA2/2019/07/MERRA2.20190701.A3mstC.05x0625.nc4
1536.235,hit,false,0.000,0,375.135,197,GEOS_0.5x0.625/MERRA2/2019/07/MERRA2.20190701.A3mstC.05x0625.nc4
1536.259,hit,false,0.000,0,375.160,197,GEOS_0.5x0.625/MERRA2/2019/07/MERRA2.20190701.A3mstC.05x0625.nc4
1536.292,hit,false,0.000,0,375.192,197,GEOS_0.5x0.625/MERRA2/2019/07/MERRA2.20190701.A3mstC.05x0625.nc4
1536.318,hit,false,0.000,0,375.216,198,GEOS_0.5x0.625/MERRA2/2019/07/MERRA2.20190701.A3mstC.05x0625.nc4
1536.352,hit,false,0.000,0,375.251,198,GEOS_0.5x0.625/MERRA2/2019/07/MERRA2.20190701.A3mstC.05x0625.nc4
1536.379,hit,false,0.000,0,375.278,198,GEOS_0.5x0.625/MERRA2/2019/07/MERRA2.20190701.A3mstC.05x0625.nc4
1536.412,hit,false,0.000,0,375.310,198,GEOS_0.5x0.625/MERRA2/2019/07/MERRA2.20190701.A3mstC.05x0625.nc4
1536.437,hit,false,0.000,0,375.335,198,GEOS_0.5x0.625/MERRA2/2019/07/MERRA2.20190701.A3mstC.05x0625.nc4
1536.479,hit,false,0.000,0,375.377,198,GEOS_0.5x0.625/MERRA2/2019/07/MERRA2.20190701.A3mstC.05x0625.nc4
1536.506,hit,false,0.000,0,375.405,198,GEOS_0.5x0.625/MERRA2/2019/07/MERRA2.20190701.A3mstC.05x0625.nc4
1536.538,hit,false,0.000,0,375.436,198,GEOS_0.5x0.625/MERRA2/2019/07/MERRA2.20190701.A3mstC.05x0625.nc4
1536.563,hit,false,0.000,0,375.461,199,GEOS_0.5x0.625/MERRA2/2019/07/MERRA2.20190701.A3mstC.05x0625.nc4
1536.598,hit,false,0.000,0,375.495,199,GEOS_0.5x0.625/MERRA2/2019/07/MERRA2.20190701.A3mstC.05x0625.nc4
1536.622,hit,false,0.000,0,375.519,199,GEOS_0.5x0.625/MERRA2/2019/07/MERRA2.20190701.A3mstC.05x0625.nc4
1536.656,hit,false,0.000,0,375.553,199,GEOS_0.5x0.625/MERRA2/2019/07/MERRA2.20190701.A3mstC.05x0625.nc4
1536.680,hit,false,0.000,0,375.578,199,GEOS_0.5x0.625/MERRA2/2019/07/MERRA2.20190701.A3mstC.05x0625.nc4
1536.711,hit,false,0.000,0,375.608,199,GEOS_0.5x0.625/MERRA2/2019/07/MERRA2.20190701.A3mstC.05x0625.nc4
1536.737,hit,false,0.000,0,375.634,199,GEOS_0.5x0.625/MERRA2/2019/07/MERRA2.20190701.A3mstC.05x0625.nc4
1536.769,hit,false,0.000,0,375.667,199,GEOS_0.5x0.625/MERRA2/2019/07/MERRA2.20190701.A3mstC.05x0625.nc4
1536.792,hit,false,0.000,0,375.734,200,GEOS_0.5x0.625/MERRA2/2019/07/MERRA2.20190701.A3mstC.05x0625.nc4
1536.831,hit,false,0.000,0,375.772,200,GEOS_0.5x0.625/MERRA2/2019/07/MERRA2.20190701.A3mstC.05x0625.nc4
1536.860,hit,false,0.000,0,375.802,200,GEOS_0.5x0.625/MERRA2/2019/07/MERRA2.20190701.A3mstC.05x0625.nc4
1536.893,hit,false,0.000,0,375.835,200,GEOS_0.5x0.625/MERRA2/2019/07/MERRA2.20190701.A3mstC.05x0625.nc4
1536.923,hit,false,0.000,0,375.864,200,GEOS_0.5x0.625/MERRA2/2019/07/MERRA2.20190701.A3mstC.05x0625.nc4
1536.956,hit,false,0.000,0,375.897,200,GEOS_0.5x0.625/MERRA2/2019/07/MERRA2.20190701.A3mstC.05x0625.nc4
1536.979,hit,false,0.000,0,375.921,200,GEOS_0.5x0.625/MERRA2/2019/07/MERRA2.20190701.A3mstC.05x0625.nc4
1537.014,hit,false,0.000,0,375.956,200,GEOS_0.5x0.625/MERRA2/2019/07/MERRA2.20190701.A3mstC.05x0625.nc4
1537.040,hit,false,0.000,0,375.978,201,GEOS_0.5x0.625/MERRA2/2019/07/MERRA2.20190701.A3mstC.05x0625.nc4
1537.075,hit,false,0.000,0,376.013,201,GEOS_0.5x0.625/MERRA2/2019/07/MERRA2.20190701.A3mstC.05x0625.nc4
1537.100,hit,false,0.000,0,376.038,201,GEOS_0.5x0.625/MERRA2/2019/07/MERRA2.20190701.A3mstC.05x0625.nc4
1537.136,hit,false,0.000,0,376.074,201,GEOS_0.5x0.625/MERRA2/2019/07/MERRA2.20190701.A3mstC.05x0625.nc4
1537.161,hit,false,0.000,0,376.099,201,GEOS_0.5x0.625/MERRA2/2019/07/MERRA2.20190701.A3mstC.05x0625.nc4
1537.196,hit,false,0.000,0,376.134,201,GEOS_0.5x0.625/MERRA2/2019/07/MERRA2.20190701.A3mstC.05x0625.nc4
1537.219,hit,false,0.000,0,376.157,201,GEOS_0.5x0.625/MERRA2/2019/07/MERRA2.20190701.A3mstC.05x0625.nc4
1537.259,hit,false,0.000,0,376.197,201,GEOS_0.5x0.625/MERRA2/2019/07/MERRA2.20190701.A3mstC.05x0625.nc4
1537.282,hit,false,0.000,0,376.217,202,GEOS_0.5x0.625/MERRA2/2019/07/MERRA2.20190701.A3mstC.05x0625.nc4
1537.326,hit,false,0.000,0,376.262,202,GEOS_0.5x0.625/MERRA2/2019/07/MERRA2.20190701.A3mstC.05x0625.nc4
1537.430,hit,false,0.000,0,376.366,202,GEOS_0.5x0.625/MERRA2/2019/07/MERRA2.20190701.A3mstC.05x0625.nc4
1537.454,hit,false,0.000,0,376.390,202,GEOS_0.5x0.625/MERRA2/2019/07/MERRA2.20190701.A3mstC.05x0625.nc4
1537.491,hit,false,0.000,0,376.427,202,GEOS_0.5x0.625/MERRA2/2019/07/MERRA2.20190701.A3mstC.05x0625.nc4
1537.516,hit,false,0.000,0,376.452,202,GEOS_0.5x0.625/MERRA2/2019/07/MERRA2.20190701.A3mstC.05x0625.nc4
1537.554,hit,false,0.000,0,376.490,202,GEOS_0.5x0.625/MERRA2/2019/07/MERRA2.20190701.A3mstC.05x0625.nc4
1537.578,hit,false,0.000,0,376.514,202,GEOS_0.5x0.625/MERRA2/2019/07/MERRA2.20190701.A3mstC.05x0625.nc4
1537.613,hit,false,0.000,0,376.547,203,GEOS_0.5x0.625/MERRA2/2019/07/MERRA2.20190701.A3mstC.05x0625.nc4
1537.641,hit,false,0.000,0,376.575,203,GEOS_0.5x0.625/MERRA2/2019/07/MERRA2.20190701.A3mstC.05x0625.nc4
1537.676,hit,false,0.000,0,376.610,203,GEOS_0.5x0.625/MERRA2/2019/07/MERRA2.20190701.A3mstC.05x0625.nc4
1537.702,hit,false,0.000,0,376.636,203,GEOS_0.5x0.625/MERRA2/2019/07/MERRA2.20190701.A3mstC.05x0625.nc4
1537.736,hit,false,0.000,0,376.670,203,GEOS_0.5x0.625/MERRA2/2019/07/MERRA2.20190701.A3mstC.05x0625.nc4
1537.766,hit,false,0.000,0,376.700,203,GEOS_0.5x0.625/MERRA2/2019/07/MERRA2.20190701.A3mstC.05x0625.nc4
1537.799,hit,false,0.000,0,376.732,203,GEOS_0.5x0.625/MERRA2/2019/07/MERRA2.20190701.A3mstC.05x0625.nc4
1537.832,hit,false,0.000,0,376.766,203,GEOS_0.5x0.625/MERRA2/2019/07/MERRA2.20190701.A3mstC.05x0625.nc4
1537.863,hit,false,0.000,0,376.790,204,GEOS_0.5x0.625/MERRA2/2019/07/MERRA2.20190701.A3mstC.05x0625.nc4
1537.897,hit,false,0.000,0,376.825,204,GEOS_0.5x0.625/MERRA2/2019/07/MERRA2.20190701.A3mstC.05x0625.nc4
1537.928,hit,false,0.000,0,376.856,204,GEOS_0.5x0.625/MERRA2/2019/07/MERRA2.20190701.A3mstC.05x0625.nc4
1537.960,hit,false,0.000,0,376.887,204,GEOS_0.5x0.625/MERRA2/2019/07/MERRA2.20190701.A3mstC.05x0625.nc4
1537.989,hit,false,0.000,0,376.917,204,GEOS_0.5x0.625/MERRA2/2019/07/MERRA2.20190701.A3mstC.05x0625.nc4
1538.021,hit,false,0.000,0,376.949,204,GEOS_0.5x0.625/MERRA2/2019/07/MERRA2.20190701.A3mstC.05x0625.nc4
1538.053,hit,false,0.000,0,376.981,204,GEOS_0.5x0.625/MERRA2/2019/07/MERRA2.20190701.A3mstC.05x0625.nc4
1538.086,hit,false,0.000,0,377.014,204,GEOS_0.5x0.625/MERRA2/2019/07/MERRA2.20190701.A3mstC.05x0625.nc4
1538.116,hit,false,0.000,0,377.042,205,GEOS_0.5x0.625/MERRA2/2019/07/MERRA2.20190701.A3mstC.05x0625.nc4
1538.151,hit,false,0.000,0,377.077,205,GEOS_0.5x0.625/MERRA2/2019/07/MERRA2.20190701.A3mstC.05x0625.nc4
1538.183,hit,false,0.000,0,377.109,205,GEOS_0.5x0.625/MERRA2/2019/07/MERRA2.20190701.A3mstC.05x0625.nc4
1538.212,hit,false,0.000,0,377.138,205,GEOS_0.5x0.625/MERRA2/2019/07/MERRA2.20190701.A3mstC.05x0625.nc4
1538.246,hit,false,0.000,0,377.173,205,GEOS_0.5x0.625/MERRA2/2019/07/MERRA2.20190701.A3mstC.05x0625.nc4
1538.270,hit,false,0.000,0,377.196,205,GEOS_0.5x0.625/MERRA2/2019/07/MERRA2.20190701.A3mstC.05x0625.nc4
1538.305,hit,false,0.000,0,377.231,205,GEOS_0.5x0.625/MERRA2/2019/07/MERRA2.20190701.A3mstC.05x0625.nc4
1538.331,hit,false,0.000,0,377.257,205,GEOS_0.5x0.625/MERRA2/2019/07/MERRA2.20190701.A3mstC.05x0625.nc4
1538.364,hit,false,0.000,0,377.289,206,GEOS_0.5x0.625/MERRA2/2019/07/MERRA2.20190701.A3mstC.05x0625.nc4
1538.395,hit,false,0.000,0,377.320,206,GEOS_0.5x0.625/MERRA2/2019/07/MERRA2.20190701.A3mstC.05x0625.nc4
1538.429,hit,false,0.000,0,377.354,206,GEOS_0.5x0.625/MERRA2/2019/07/MERRA2.20190701.A3mstC.05x0625.nc4
1538.454,hit,false,0.000,0,377.379,206,GEOS_0.5x0.625/MERRA2/2019/07/MERRA2.20190701.A3mstC.05x0625.nc4
1538.490,hit,false,0.000,0,377.414,206,GEOS_0.5x0.625/MERRA2/2019/07/MERRA2.20190701.A3mstC.05x0625.nc4
1538.517,hit,false,0.000,0,377.442,206,GEOS_0.5x0.625/MERRA2/2019/07/MERRA2.20190701.A3mstC.05x0625.nc4
1538.554,hit,false,0.000,0,377.479,206,GEOS_0.5x0.625/MERRA2/2019/07/MERRA2.20190701.A3mstC.05x0625.nc4
1538.578,hit,false,0.000,0,377.502,206,GEOS_0.5x0.625/MERRA2/2019/07/MERRA2.20190701.A3mstC.05x0625.nc4
1538.617,hit,false,0.000,0,377.540,207,GEOS_0.5x0.625/MERRA2/2019/07/MERRA2.20190701.A3mstC.05x0625.nc4
1538.646,hit,false,0.000,0,377.569,207,GEOS_0.5x0.625/MERRA2/2019/07/MERRA2.20190701.A3mstC.05x0625.nc4
1538.676,hit,false,0.000,0,377.599,207,GEOS_0.5x0.625/MERRA2/2019/07/MERRA2.20190701.A3mstC.05x0625.nc4
1538.702,hit,false,0.000,0,377.625,207,GEOS_0.5x0.625/MERRA2/2019/07/MERRA2.20190701.A3mstC.05x0625.nc4
1538.732,hit,false,0.000,0,377.655,207,GEOS_0.5x0.625/MERRA2/2019/07/MERRA2.20190701.A3mstC.05x0625.nc4
1538.768,hit,false,0.000,0,377.691,207,GEOS_0.5x0.625/MERRA2/2019/07/MERRA2.20190701.A3mstC.05x0625.nc4
1538.805,hit,false,0.000,0,377.728,207,GEOS_0.5x0.625/MERRA2/2019/07/MERRA2.20190701.A3mstC.05x0625.nc4
1538.846,hit,false,0.000,0,377.769,207,GEOS_0.5x0.625/MERRA2/2019/07/MERRA2.20190701.A3mstC.05x0625.nc4
1538.874,hit,false,0.000,0,377.845,208,GEOS_0.5x0.625/MERRA2/2019/07/MERRA2.20190701.A3mstC.05x0625.nc4
1538.908,hit,false,0.000,0,377.879,208,GEOS_0.5x0.625/MERRA2/2019/07/MERRA2.20190701.A3mstC.05x0625.nc4
1538.953,hit,false,0.000,0,377.924,208,GEOS_0.5x0.625/MERRA2/2019/07/MERRA2.20190701.A3mstC.05x0625.nc4
1538.973,hit,false,0.000,0,377.944,208,GEOS_0.5x0.625/MERRA2/2019/07/MERRA2.20190701.A3mstC.05x0625.nc4
1539.022,hit,false,0.000,0,377.993,208,GEOS_0.5x0.625/MERRA2/2019/07/MERRA2.20190701.A3mstC.05x0625.nc4
1539.043,hit,false,0.000,0,378.014,208,GEOS_0.5x0.625/MERRA2/2019/07/MERRA2.20190701.A3mstC.05x0625.nc4
1539.088,hit,false,0.000,0,378.059,208,GEOS_0.5x0.625/MERRA2/2019/07/MERRA2.20190701.A3mstC.05x0625.nc4
1539.109,hit,false,0.000,0,378.080,208,GEOS_0.5x0.625/MERRA2/2019/07/MERRA2.20190701.A3mstC.05x0625.nc4
1539.153,hit,false,0.000,0,378.123,209,GEOS_0.5x0.625/MERRA2/2019/07/MERRA2.20190701.A3mstC.05x0625.nc4
1539.178,hit,false,0.000,0,378.147,209,GEOS_0.5x0.625/MERRA2/2019/07/MERRA2.20190701.A3mstC.05x0625.nc4
1539.221,hit,false,0.000,0,378.190,209,GEOS_0.5x0.625/MERRA2/2019/07/MERRA2.20190701.A3mstC.05x0625.nc4
1539.244,hit,false,0.000,0,378.213,209,GEOS_0.5x0.625/MERRA2/2019/07/MERRA2.20190701.A3mstC.05x0625.nc4
1539.286,hit,false,0.000,0,378.256,209,GEOS_0.5x0.625/MERRA2/2019/07/MERRA2.20190701.A3mstC.05x0625.nc4
1539.310,hit,false,0.000,0,378.279,209,GEOS_0.5x0.625/MERRA2/2019/07/MERRA2.20190701.A3mstC.05x0625.nc4
1539.346,hit,false,0.000,0,378.315,209,GEOS_0.5x0.625/MERRA2/2019/07/MERRA2.20190701.A3mstC.05x0625.nc4
1539.372,hit,false,0.000,0,378.341,209,GEOS_0.5x0.625/MERRA2/2019/07/MERRA2.20190701.A3mstC.05x0625.nc4
1539.415,hit,false,0.000,0,378.383,210,GEOS_0.5x0.625/MERRA2/2019/07/MERRA2.20190701.A3mstC.05x0625.nc4
1539.521,hit,false,0.000,0,378.489,210,GEOS_0.5x0.625/MERRA2/2019/07/MERRA2.20190701.A3mstC.05x0625.nc4
1539.567,hit,false,0.000,0,378.534,210,GEOS_0.5x0.625/MERRA2/2019/07/MERRA2.20190701.A3mstC.05x0625.nc4
1539.586,hit,false,0.000,0,378.554,210,GEOS_0.5x0.625/MERRA2/2019/07/MERRA2.20190701.A3mstC.05x0625.nc4
1539.635,hit,false,0.000,0,378.602,210,GEOS_0.5x0.625/MERRA2/2019/07/MERRA2.20190701.A3mstC.05x0625.nc4
1539.658,hit,false,0.000,0,378.625,210,GEOS_0.5x0.625/MERRA2/2019/07/MERRA2.20190701.A3mstC.05x0625.nc4
1539.697,hit,false,0.000,0,378.665,210,GEOS_0.5x0.625/MERRA2/2019/07/MERRA2.20190701.A3mstC.05x0625.nc4
1539.719,hit,false,0.000,0,378.687,210,GEOS_0.5x0.625/MERRA2/2019/07/MERRA2.20190701.A3mstC.05x0625.nc4
1539.760,hit,false,0.000,0,378.652,211,GEOS_0.5x0.625/MERRA2/2019/07/MERRA2.20190701.A3mstC.05x0625.nc4
1539.785,hit,false,0.000,0,378.677,211,GEOS_0.5x0.625/MERRA2/2019/07/MERRA2.20190701.A3mstC.05x0625.nc4
1539.824,hit,false,0.000,0,378.716,211,GEOS_0.5x0.625/MERRA2/2019/07/MERRA2.20190701.A3mstC.05x0625.nc4
1539.848,hit,false,0.000,0,378.740,211,GEOS_0.5x0.625/MERRA2/2019/07/MERRA2.20190701.A3mstC.05x0625.nc4
1539.883,hit,false,0.000,0,378.775,211,GEOS_0.5x0.625/MERRA2/2019/07/MERRA2.20190701.A3mstC.05x0625.nc4
1539.908,hit,false,0.000,0,378.800,211,GEOS_0.5x0.625/MERRA2/2019/07/MERRA2.20190701.A3mstC.05x0625.nc4
1539.945,hit,false,0.000,0,378.837,211,GEOS_0.5x0.625/MERRA2/2019/07/MERRA2.20190701.A3mstC.05x0625.nc4
1539.970,hit,false,0.000,0,378.862,211,GEOS_0.5x0.625/MERRA2/2019/07/MERRA2.20190701.A3mstC.05x0625.nc4
1540.007,hit,false,0.000,0,378.897,212,GEOS_0.5x0.625/MERRA2/2019/07/MERRA2.20190701.A3mstC.05x0625.nc4
1540.032,hit,false,0.000,0,378.922,212,GEOS_0.5x0.625/MERRA2/2019/07/MERRA2.20190701.A3mstC.05x0625.nc4
1540.078,hit,false,0.000,0,378.968,212,GEOS_0.5x0.625/MERRA2/2019/07/MERRA2.20190701.A3mstC.05x0625.nc4
1540.099,hit,false,0.000,0,378.989,212,GEOS_0.5x0.625/MERRA2/2019/07/MERRA2.20190701.A3mstC.05x0625.nc4
1540.139,hit,false,0.000,0,379.029,212,GEOS_0.5x0.625/MERRA2/2019/07/MERRA2.20190701.A3mstC.05x0625.nc4
1540.161,hit,false,0.000,0,379.051,212,GEOS_0.5x0.625/MERRA2/2019/07/MERRA2.20190701.A3mstC.05x0625.nc4
1540.203,hit,false,0.000,0,379.093,212,GEOS_0.5x0.625/MERRA2/2019/07/MERRA2.20190701.A3mstC.05x0625.nc4
1540.226,hit,false,0.000,0,379.116,212,GEOS_0.5x0.625/MERRA2/2019/07/MERRA2.20190701.A3mstC.05x0625.nc4
1540.265,hit,false,0.000,0,379.144,213,GEOS_0.5x0.625/MERRA2/2019/07/MERRA2.20190701.A3mstC.05x0625.nc4
1540.291,hit,false,0.000,0,379.170,213,GEOS_0.5x0.625/MERRA2/2019/07/MERRA2.20190701.A3mstC.05x0625.nc4
1540.330,hit,false,0.000,0,379.209,213,GEOS_0.5x0.625/MERRA2/2019/07/MERRA2.20190701.A3mstC.05x0625.nc4
1540.353,hit,false,0.000,0,379.231,213,GEOS_0.5x0.625/MERRA2/2019/07/MERRA2.20190701.A3mstC.05x0625.nc4
1540.393,hit,false,0.000,0,379.271,213,GEOS_0.5x0.625/MERRA2/2019/07/MERRA2.20190701.A3mstC.05x0625.nc4
1540.416,hit,false,0.000,0,379.294,213,GEOS_0.5x0.625/MERRA2/2019/07/MERRA2.20190701.A3mstC.05x0625.nc4
1540.451,hit,false,0.000,0,379.330,213,GEOS_0.5x0.625/MERRA2/2019/07/MERRA2.20190701.A3mstC.05x0625.nc4
1540.499,hit,false,0.000,0,379.377,213,GEOS_0.5x0.625/MERRA2/2019/07/MERRA2.20190701.A3mstC.05x0625.nc4
1540.523,hit,false,0.000,0,379.400,214,GEOS_0.5x0.625/MERRA2/2019/07/MERRA2.20190701.A3mstC.05x0625.nc4
1540.564,hit,false,0.000,0,379.441,214,GEOS_0.5x0.625/MERRA2/2019/07/MERRA2.20190701.A3mstC.05x0625.nc4
1540.589,hit,false,0.000,0,379.466,214,GEOS_0.5x0.625/MERRA2/2019/07/MERRA2.20190701.A3mstC.05x0625.nc4
1540.624,hit,false,0.000,0,379.501,214,GEOS_0.5x0.625/MERRA2/2019/07/MERRA2.20190701.A3mstC.05x0625.nc4
1540.649,hit,false,0.000,0,379.526,214,GEOS_0.5x0.625/MERRA2/2019/07/MERRA2.20190701.A3mstC.05x0625.nc4
1540.683,hit,false,0.000,0,379.560,214,GEOS_0.5x0.625/MERRA2/2019/07/MERRA2.20190701.A3mstC.05x0625.nc4
1540.712,hit,false,0.000,0,379.589,214,GEOS_0.5x0.625/MERRA2/2019/07/MERRA2.20190701.A3mstC.05x0625.nc4
1540.744,hit,false,0.000,0,379.621,214,GEOS_0.5x0.625/MERRA2/2019/07/MERRA2.20190701.A3mstC.05x0625.nc4
1540.772,hit,false,0.000,0,379.647,215,GEOS_0.5x0.625/MERRA2/2019/07/MERRA2.20190701.A3mstC.05x0625.nc4
1540.805,hit,false,0.000,0,379.681,215,GEOS_0.5x0.625/MERRA2/2019/07/MERRA2.20190701.A3mstC.05x0625.nc4
1540.831,hit,false,0.000,0,379.706,215,GEOS_0.5x0.625/MERRA2/2019/07/MERRA2.20190701.A3mstC.05x0625.nc4
1540.863,hit,false,0.000,0,379.739,215,GEOS_0.5x0.625/MERRA2/2019/07/MERRA2.20190701.A3mstC.05x0625.nc4
1540.889,hit,false,0.000,0,379.765,215,GEOS_0.5x0.625/MERRA2/2019/07/MERRA2.20190701.A3mstC.05x0625.nc4
1540.920,hit,false,0.000,0,379.796,215,GEOS_0.5x0.625/MERRA2/2019/07/MERRA2.20190701.A3mstC.05x0625.nc4
1540.949,hit,false,0.000,0,379.825,215,GEOS_0.5x0.625/MERRA2/2019/07/MERRA2.20190701.A3mstC.05x0625.nc4
1540.979,hit,false,0.000,0,379.854,215,GEOS_0.5x0.625/MERRA2/2019/07/MERRA2.20190701.A3mstC.05x0625.nc4
1541.007,hit,false,0.000,0,380.024,216,GEOS_0.5x0.625/MERRA2/2019/07/MERRA2.20190701.A3mstC.05x0625.nc4
1541.041,hit,false,0.000,0,380.058,216,GEOS_0.5x0.625/MERRA2/2019/07/MERRA2.20190701.A3mstC.05x0625.nc4
1541.078,hit,false,0.000,0,380.095,216,GEOS_0.5x0.625/MERRA2/2019/07/MERRA2.20190701.A3mstC.05x0625.nc4
1541.104,hit,false,0.000,0,380.121,216,GEOS_0.5x0.625/MERRA2/2019/07/MERRA2.20190701.A3mstC.05x0625.nc4
1541.141,hit,false,0.000,0,380.158,216,GEOS_0.5x0.625/MERRA2/2019/07/MERRA2.20190701.A3mstC.05x0625.nc4
1541.168,hit,false,0.000,0,380.185,216,GEOS_0.5x0.625/MERRA2/2019/07/MERRA2.20190701.A3mstC.05x0625.nc4
1541.206,hit,false,0.000,0,380.223,216,GEOS_0.5x0.625/MERRA2/2019/07/MERRA2.20190701.A3mstC.05x0625.nc4
1541.235,hit,false,0.000,0,380.252,216,GEOS_0.5x0.625/MERRA2/2019/07/MERRA2.20190701.A3mstC.05x0625.nc4
1541.270,hit,false,0.000,0,380.280,217,GEOS_0.5x0.625/MERRA2/2019/07/MERRA2.20190701.A3mstC.05x0625.nc4
1541.296,hit,false,0.000,0,380.306,217,GEOS_0.5x0.625/MERRA2/2019/07/MERRA2.20190701.A3mstC.05x0625.nc4
1541.331,hit,false,0.000,0,380.342,217,GEOS_0.5x0.625/MERRA2/2019/07/MERRA2.20190701.A3mstC.05x0625.nc4
1541.357,hit,false,0.000,0,380.367,217,GEOS_0.5x0.625/MERRA2/2019/07/MERRA2.20190701.A3mstC.05x0625.nc4
1541.391,hit,false,0.000,0,380.402,217,GEOS_0.5x0.625/MERRA2/2019/07/MERRA2.20190701.A3mstC.05x0625.nc4
1541.416,hit,false,0.000,0,380.427,217,GEOS_0.5x0.625/MERRA2/2019/07/MERRA2.20190701.A3mstC.05x0625.nc4
1541.453,hit,false,0.000,0,380.463,217,GEOS_0.5x0.625/MERRA2/2019/07/MERRA2.20190701.A3mstC.05x0625.nc4
1541.475,hit,false,0.000,0,380.486,217,GEOS_0.5x0.625/MERRA2/2019/07/MERRA2.20190701.A3mstC.05x0625.nc4
1541.595,hit,false,0.000,0,380.602,218,GEOS_0.5x0.625/MERRA2/2019/07/MERRA2.20190701.A3mstC.05x0625.nc4
1541.620,hit,false,0.000,0,380.627,218,GEOS_0.5x0.625/MERRA2/2019/07/MERRA2.20190701.A3mstC.05x0625.nc4
1541.660,hit,false,0.000,0,380.667,218,GEOS_0.5x0.625/MERRA2/2019/07/MERRA2.20190701.A3mstC.05x0625.nc4
1541.682,hit,false,0.000,0,380.689,218,GEOS_0.5x0.625/MERRA2/2019/07/MERRA2.20190701.A3mstC.05x0625.nc4
1541.717,hit,false,0.000,0,380.724,218,GEOS_0.5x0.625/MERRA2/2019/07/MERRA2.20190701.A3mstC.05x0625.nc4
1541.743,hit,false,0.000,0,380.750,218,GEOS_0.5x0.625/MERRA2/2019/07/MERRA2.20190701.A3mstC.05x0625.nc4
1541.779,hit,false,0.000,0,380.786,218,GEOS_0.5x0.625/MERRA2/2019/07/MERRA2.20190701.A3mstC.05x0625.nc4
1541.808,hit,false,0.000,0,380.815,218,GEOS_0.5x0.625/MERRA2/2019/07/MERRA2.20190701.A3mstC.05x0625.nc4
1541.843,hit,false,0.000,0,380.849,219,GEOS_0.5x0.625/MERRA2/2019/07/MERRA2.20190701.A3mstC.05x0625.nc4
1541.869,hit,false,0.000,0,380.874,219,GEOS_0.5x0.625/MERRA2/2019/07/MERRA2.20190701.A3mstC.05x0625.nc4
1541.902,hit,false,0.000,0,380.908,219,GEOS_0.5x0.625/MERRA2/2019/07/MERRA2.20190701.A3mstC.05x0625.nc4
1541.928,hit,false,0.000,0,380.933,219,GEOS_0.5x0.625/MERRA2/2019/07/MERRA2.20190701.A3mstC.05x0625.nc4
1541.958,hit,false,0.000,0,380.963,219,GEOS_0.5x0.625/MERRA2/2019/07/MERRA2.20190701.A3mstC.05x0625.nc4
1541.986,hit,false,0.000,0,380.992,219,GEOS_0.5x0.625/MERRA2/2019/07/MERRA2.20190701.A3mstC.05x0625.nc4
1542.026,hit,false,0.000,0,381.032,219,GEOS_0.5x0.625/MERRA2/2019/07/MERRA2.20190701.A3mstC.05x0625.nc4
1542.049,hit,false,0.000,0,381.054,219,GEOS_0.5x0.625/MERRA2/2019/07/MERRA2.20190701.A3mstC.05x0625.nc4
1542.082,hit,false,0.000,0,381.086,220,GEOS_0.5x0.625/MERRA2/2019/07/MERRA2.20190701.A3mstC.05x0625.nc4
1542.110,hit,false,0.000,0,381.114,220,GEOS_0.5x0.625/MERRA2/2019/07/MERRA2.20190701.A3mstC.05x0625.nc4
1542.142,hit,false,0.000,0,381.146,220,GEOS_0.5x0.625/MERRA2/2019/07/MERRA2.20190701.A3mstC.05x0625.nc4
1542.166,hit,false,0.000,0,381.170,220,GEOS_0.5x0.625/MERRA2/2019/07/MERRA2.20190701.A3mstC.05x0625.nc4
1542.200,hit,false,0.000,0,381.204,220,GEOS_0.5x0.625/MERRA2/2019/07/MERRA2.20190701.A3mstC.05x0625.nc4
1542.226,hit,false,0.000,0,381.230,220,GEOS_0.5x0.625/MERRA2/2019/07/MERRA2.20190701.A3mstC.05x0625.nc4
1542.259,hit,false,0.000,0,381.263,220,GEOS_0.5x0.625/MERRA2/2019/07/MERRA2.20190701.A3mstC.05x0625.nc4
1542.284,hit,false,0.000,0,381.288,220,GEOS_0.5x0.625/MERRA2/2019/07/MERRA2.20190701.A3mstC.05x0625.nc4
1542.327,hit,false,0.000,0,381.323,221,GEOS_0.5x0.625/MERRA2/2019/07/MERRA2.20190701.A3mstC.05x0625.nc4
1542.352,hit,false,0.000,0,381.348,221,GEOS_0.5x0.625/MERRA2/2019/07/MERRA2.20190701.A3mstC.05x0625.nc4
1542.390,hit,false,0.000,0,381.387,221,GEOS_0.5x0.625/MERRA2/2019/07/MERRA2.20190701.A3mstC.05x0625.nc4
1542.413,hit,false,0.000,0,381.409,221,GEOS_0.5x0.625/MERRA2/2019/07/MERRA2.20190701.A3mstC.05x0625.nc4
1542.446,hit,false,0.000,0,381.443,221,GEOS_0.5x0.625/MERRA2/2019/07/MERRA2.20190701.A3mstC.05x0625.nc4
1542.477,hit,false,0.000,0,381.473,221,GEOS_0.5x0.625/MERRA2/2019/07/MERRA2.20190701.A3mstC.05x0625.nc4
1542.508,hit,false,0.000,0,381.505,221,GEOS_0.5x0.625/MERRA2/2019/07/MERRA2.20190701.A3mstC.05x0625.nc4
1542.537,hit,false,0.000,0,381.533,221,GEOS_0.5x0.625/MERRA2/2019/07/MERRA2.20190701.A3mstC.05x0625.nc4
1542.568,hit,false,0.000,0,381.557,222,GEOS_0.5x0.625/MERRA2/2019/07/MERRA2.20190701.A3mstC.05x0625.nc4
1542.607,hit,false,0.000,0,381.595,222,GEOS_0.5x0.625/MERRA2/2019/07/MERRA2.20190701.A3mstC.05x0625.nc4
1542.646,hit,false,0.000,0,381.635,222,GEOS_0.5x0.625/MERRA2/2019/07/MERRA2.20190701.A3mstC.05x0625.nc4
1542.669,hit,false,0.000,0,381.658,222,GEOS_0.5x0.625/MERRA2/2019/07/MERRA2.20190701.A3mstC.05x0625.nc4
1542.708,hit,false,0.000,0,381.696,222,GEOS_0.5x0.625/MERRA2/2019/07/MERRA2.20190701.A3mstC.05x0625.nc4
1542.730,hit,false,0.000,0,381.719,222,GEOS_0.5x0.625/MERRA2/2019/07/MERRA2.20190701.A3mstC.05x0625.nc4
1542.764,hit,false,0.000,0,381.753,222,GEOS_0.5x0.625/MERRA2/2019/07/MERRA2.20190701.A3mstC.05x0625.nc4
1542.790,hit,false,0.000,0,381.779,222,GEOS_0.5x0.625/MERRA2/2019/07/MERRA2.20190701.A3mstC.05x0625.nc4
1542.822,hit,false,0.000,0,381.809,223,GEOS_0.5x0.625/MERRA2/2019/07/MERRA2.20190701.A3mstC.05x0625.nc4
1542.849,hit,false,0.000,0,381.836,223,GEOS_0.5x0.625/MERRA2/2019/07/MERRA2.20190701.A3mstC.05x0625.nc4
1542.883,hit,false,0.000,0,381.870,223,GEOS_0.5x0.625/MERRA2/2019/07/MERRA2.20190701.A3mstC.05x0625.nc4
1542.909,hit,false,0.000,0,381.895,223,GEOS_0.5x0.625/MERRA2/2019/07/MERRA2.20190701.A3mstC.05x0625.nc4
1542.943,hit,false,0.000,0,381.929,223,GEOS_0.5x0.625/MERRA2/2019/07/MERRA2.20190701.A3mstC.05x0625.nc4
1542.965,hit,false,0.000,0,381.952,223,GEOS_0.5x0.625/MERRA2/2019/07/MERRA2.20190701.A3mstC.05x0625.nc4
1543.002,hit,false,0.000,0,381.989,223,GEOS_0.5x0.625/MERRA2/2019/07/MERRA2.20190701.A3mstC.05x0625.nc4
1543.028,hit,false,0.000,0,382.015,223,GEOS_0.5x0.625/MERRA2/2019/07/MERRA2.20190701.A3mstC.05x0625.nc4
1543.061,hit,false,0.000,0,381.981,224,GEOS_0.5x0.625/MERRA2/2019/07/MERRA2.20190701.A3mstC.05x0625.nc4
1543.088,hit,false,0.000,0,382.008,224,GEOS_0.5x0.625/MERRA2/2019/07/MERRA2.20190701.A3mstC.05x0625.nc4
1543.135,hit,false,0.000,0,382.055,224,GEOS_0.5x0.625/MERRA2/2019/07/MERRA2.20190701.A3mstC.05x0625.nc4
1543.155,hit,false,0.000,0,382.075,224,GEOS_0.5x0.625/MERRA2/2019/07/MERRA2.20190701.A3mstC.05x0625.nc4
1543.194,hit,false,0.000,0,382.114,224,GEOS_0.5x0.625/MERRA2/2019/07/MERRA2.20190701.A3mstC.05x0625.nc4
1543.220,hit,false,0.000,0,382.140,224,GEOS_0.5x0.625/MERRA2/2019/07/MERRA2.20190701.A3mstC.05x0625.nc4
1543.255,hit,false,0.000,0,382.175,224,GEOS_0.5x0.625/MERRA2/2019/07/MERRA2.20190701.A3mstC.05x0625.nc4
1543.278,hit,false,0.000,0,382.198,224,GEOS_0.5x0.625/MERRA2/2019/07/MERRA2.20190701.A3mstC.05x0625.nc4
1543.320,hit,false,0.000,0,382.237,225,GEOS_0.5x0.625/MERRA2/2019/07/MERRA2.20190701.A3mstC.05x0625.nc4
1543.345,hit,false,0.000,0,382.262,225,GEOS_0.5x0.625/MERRA2/2019/07/MERRA2.20190701.A3mstC.05x0625.nc4
1543.381,hit,false,0.000,0,382.298,225,GEOS_0.5x0.625/MERRA2/2019/07/MERRA2.20190701.A3mstC.05x0625.nc4
1543.406,hit,false,0.000,0,382.323,225,GEOS_0.5x0.625/MERRA2/2019/07/MERRA2.20190701.A3mstC.05x0625.nc4
1543.448,hit,false,0.000,0,382.365,225,GEOS_0.5x0.625/MERRA2/2019/07/MERRA2.20190701.A3mstC.05x0625.nc4
1543.471,hit,false,0.000,0,382.388,225,GEOS_0.5x0.625/MERRA2/2019/07/MERRA2.20190701.A3mstC.05x0625.nc4
1543.509,hit,false,0.000,0,382.427,225,GEOS_0.5x0.625/MERRA2/2019/07/MERRA2.20190701.A3mstC.05x0625.nc4
1543.614,hit,false,0.000,0,382.531,225,GEOS_0.5x0.625/MERRA2/2019/07/MERRA2.20190701.A3mstC.05x0625.nc4
1543.637,hit,false,0.000,0,382.552,226,GEOS_0.5x0.625/MERRA2/2019/07/MERRA2.20190701.A3mstC.05x0625.nc4
1543.679,hit,false,0.000,0,382.594,226,GEOS_0.5x0.625/MERRA2/2019/07/MERRA2.20190701.A3mstC.05x0625.nc4
1543.702,hit,false,0.000,0,382.617,226,GEOS_0.5x0.625/MERRA2/2019/07/MERRA2.20190701.A3mstC.05x0625.nc4
1543.742,hit,false,0.000,0,382.658,226,GEOS_0.5x0.625/MERRA2/2019/07/MERRA2.20190701.A3mstC.05x0625.nc4
1543.766,hit,false,0.000,0,382.681,226,GEOS_0.5x0.625/MERRA2/2019/07/MERRA2.20190701.A3mstC.05x0625.nc4
1543.797,hit,false,0.000,0,382.712,226,GEOS_0.5x0.625/MERRA2/2019/07/MERRA2.20190701.A3mstC.05x0625.nc4
1543.822,hit,false,0.000,0,382.738,226,GEOS_0.5x0.625/MERRA2/2019/07/MERRA2.20190701.A3mstC.05x0625.nc4
1543.854,hit,false,0.000,0,382.770,226,GEOS_0.5x0.625/MERRA2/2019/07/MERRA2.20190701.A3mstC.05x0625.nc4
1543.885,hit,false,0.000,0,382.799,227,GEOS_0.5x0.625/MERRA2/2019/07/MERRA2.20190701.A3mstC.05x0625.nc4
1543.912,hit,false,0.000,0,382.826,227,GEOS_0.5x0.625/MERRA2/2019/07/MERRA2.20190701.A3mstC.05x0625.nc4
1543.945,hit,false,0.000,0,382.859,227,GEOS_0.5x0.625/MERRA2/2019/07/MERRA2.20190701.A3mstC.05x0625.nc4
1543.970,hit,false,0.000,0,382.884,227,GEOS_0.5x0.625/MERRA2/2019/07/MERRA2.20190701.A3mstC.05x0625.nc4
1544.002,hit,false,0.000,0,382.916,227,GEOS_0.5x0.625/MERRA2/2019/07/MERRA2.20190701.A3mstC.05x0625.nc4
1544.028,hit,false,0.000,0,382.942,227,GEOS_0.5x0.625/MERRA2/2019/07/MERRA2.20190701.A3mstC.05x0625.nc4
1544.067,hit,false,0.000,0,382.981,227,GEOS_0.5x0.625/MERRA2/2019/07/MERRA2.20190701.A3mstC.05x0625.nc4
1544.090,hit,false,0.000,0,383.004,227,GEOS_0.5x0.625/MERRA2/2019/07/MERRA2.20190701.A3mstC.05x0625.nc4
1544.129,hit,false,0.000,0,383.041,228,GEOS_0.5x0.625/MERRA2/2019/07/MERRA2.20190701.A3mstC.05x0625.nc4
1544.155,hit,false,0.000,0,383.067,228,GEOS_0.5x0.625/MERRA2/2019/07/MERRA2.20190701.A3mstC.05x0625.nc4
1544.187,hit,false,0.000,0,383.099,228,GEOS_0.5x0.625/MERRA2/2019/07/MERRA2.20190701.A3mstC.05x0625.nc4
1544.212,hit,false,0.000,0,383.124,228,GEOS_0.5x0.625/MERRA2/2019/07/MERRA2.20190701.A3mstC.05x0625.nc4
1544.246,hit,false,0.000,0,383.159,228,GEOS_0.5x0.625/MERRA2/2019/07/MERRA2.20190701.A3mstC.05x0625.nc4
1544.270,hit,false,0.000,0,383.182,228,GEOS_0.5x0.625/MERRA2/2019/07/MERRA2.20190701.A3mstC.05x0625.nc4
1544.304,hit,false,0.000,0,383.216,228,GEOS_0.5x0.625/MERRA2/2019/07/MERRA2.20190701.A3mstC.05x0625.nc4
1544.329,hit,false,0.000,0,383.242,228,GEOS_0.5x0.625/MERRA2/2019/07/MERRA2.20190701.A3mstC.05x0625.nc4
1544.359,hit,false,0.000,0,383.270,229,GEOS_0.5x0.625/MERRA2/2019/07/MERRA2.20190701.A3mstC.05x0625.nc4
1544.388,hit,false,0.000,0,383.298,229,GEOS_0.5x0.625/MERRA2/2019/07/MERRA2.20190701.A3mstC.05x0625.nc4
1544.419,hit,false,0.000,0,383.329,229,GEOS_0.5x0.625/MERRA2/2019/07/MERRA2.20190701.A3mstC.05x0625.nc4
1544.451,hit,false,0.000,0,383.361,229,GEOS_0.5x0.625/MERRA2/2019/07/MERRA2.20190701.A3mstC.05x0625.nc4
1544.476,hit,false,0.000,0,383.386,229,GEOS_0.5x0.625/MERRA2/2019/07/MERRA2.20190701.A3mstC.05x0625.nc4
1544.506,hit,false,0.000,0,383.417,229,GEOS_0.5x0.625/MERRA2/2019/07/MERRA2.20190701.A3mstC.05x0625.nc4
1544.530,hit,false,0.000,0,383.440,229,GEOS_0.5x0.625/MERRA2/2019/07/MERRA2.20190701.A3mstC.05x0625.nc4
1544.565,hit,false,0.000,0,383.476,229,GEOS_0.5x0.625/MERRA2/2019/07/MERRA2.20190701.A3mstC.05x0625.nc4
1544.588,hit,false,0.000,0,383.496,230,GEOS_0.5x0.625/MERRA2/2019/07/MERRA2.20190701.A3mstC.05x0625.nc4
1544.621,hit,false,0.000,0,383.530,230,GEOS_0.5x0.625/MERRA2/2019/07/MERRA2.20190701.A3mstC.05x0625.nc4
1544.648,hit,false,0.000,0,383.557,230,GEOS_0.5x0.625/MERRA2/2019/07/MERRA2.20190701.A3mstC.05x0625.nc4
1544.680,hit,false,0.000,0,383.589,230,GEOS_0.5x0.625/MERRA2/2019/07/MERRA2.20190701.A3mstC.05x0625.nc4
1544.710,hit,false,0.000,0,383.619,230,GEOS_0.5x0.625/MERRA2/2019/07/MERRA2.20190701.A3mstC.05x0625.nc4
1544.739,hit,false,0.000,0,383.647,230,GEOS_0.5x0.625/MERRA2/2019/07/MERRA2.20190701.A3mstC.05x0625.nc4
1544.770,hit,false,0.000,0,383.679,230,GEOS_0.5x0.625/MERRA2/2019/07/MERRA2.20190701.A3mstC.05x0625.nc4
1544.799,hit,false,0.000,0,383.707,230,GEOS_0.5x0.625/MERRA2/2019/07/MERRA2.20190701.A3mstC.05x0625.nc4
1544.830,hit,false,0.000,0,383.736,231,GEOS_0.5x0.625/MERRA2/2019/07/MERRA2.20190701.A3mstC.05x0625.nc4
1544.855,hit,false,0.000,0,383.762,231,GEOS_0.5x0.625/MERRA2/2019/07/MERRA2.20190701.A3mstC.05x0625.nc4
1544.893,hit,false,0.000,0,383.800,231,GEOS_0.5x0.625/MERRA2/2019/07/MERRA2.20190701.A3mstC.05x0625.nc4
1544.916,hit,false,0.000,0,383.822,231,GEOS_0.5x0.625/MERRA2/2019/07/MERRA2.20190701.A3mstC.05x0625.nc4
1544.957,hit,false,0.000,0,383.863,231,GEOS_0.5x0.625/MERRA2/2019/07/MERRA2.20190701.A3mstC.05x0625.nc4
1544.978,hit,false,0.000,0,383.885,231,GEOS_0.5x0.625/MERRA2/2019/07/MERRA2.20190701.A3mstC.05x0625.nc4
1545.014,hit,false,0.000,0,383.921,231,GEOS_0.5x0.625/MERRA2/2019/07/MERRA2.20190701.A3mstC.05x0625.nc4
1545.037,hit,false,0.000,0,383.944,231,GEOS_0.5x0.625/MERRA2/2019/07/MERRA2.20190701.A3mstC.05x0625.nc4
1545.072,hit,false,0.000,0,383.968,232,GEOS_0.5x0.625/MERRA2/2019/07/MERRA2.20190701.A3mstC.05x0625.nc4
1545.097,hit,false,0.000,0,383.993,232,GEOS_0.5x0.625/MERRA2/2019/07/MERRA2.20190701.A3mstC.05x0625.nc4
1545.141,hit,false,0.000,0,384.038,232,GEOS_0.5x0.625/MERRA2/2019/07/MERRA2.20190701.A3mstC.05x0625.nc4
1545.163,hit,false,0.000,0,384.059,232,GEOS_0.5x0.625/MERRA2/2019/07/MERRA2.20190701.A3mstC.05x0625.nc4
1545.199,hit,false,0.000,0,384.095,232,GEOS_0.5x0.625/MERRA2/2019/07/MERRA2.20190701.A3mstC.05x0625.nc4
1545.222,hit,false,0.000,0,384.118,232,GEOS_0.5x0.625/MERRA2/2019/07/MERRA2.20190701.A3mstC.05x0625.nc4
1545.258,hit,false,0.000,0,384.154,232,GEOS_0.5x0.625/MERRA2/2019/07/MERRA2.20190701.A3mstC.05x0625.nc4
1545.281,hit,false,0.000,0,384.177,232,GEOS_0.5x0.625/MERRA2/2019/07/MERRA2.20190701.A3mstC.05x0625.nc4
1545.313,hit,false,0.000,0,384.202,233,GEOS_0.5x0.625/MERRA2/2019/07/MERRA2.20190701.A3mstC.05x0625.nc4
1545.349,hit,false,0.000,0,384.238,233,GEOS_0.5x0.625/MERRA2/2019/07/MERRA2.20190701.A3mstC.05x0625.nc4
1545.380,hit,false,0.000,0,384.269,233,GEOS_0.5x0.625/MERRA2/2019/07/MERRA2.20190701.A3mstC.05x0625.nc4
1545.406,hit,false,0.000,0,384.295,233,GEOS_0.5x0.625/MERRA2/2019/07/MERRA2.20190701.A3mstC.05x0625.nc4
1545.444,hit,false,0.000,0,384.332,233,GEOS_0.5x0.625/MERRA2/2019/07/MERRA2.20190701.A3mstC.05x0625.nc4
1545.472,hit,false,0.000,0,384.361,233,GEOS_0.5x0.625/MERRA2/2019/07/MERRA2.20190701.A3mstC.05x0625.nc4
1545.584,hit,false,0.000,0,384.473,233,GEOS_0.5x0.625/MERRA2/2019/07/MERRA2.20190701.A3mstC.05x0625.nc4
1545.607,hit,false,0.000,0,384.495,233,GEOS_0.5x0.625/MERRA2/2019/07/MERRA2.20190701.A3mstC.05x0625.nc4
1545.643,hit,false,0.000,0,384.147,234,GEOS_0.5x0.625/MERRA2/2019/07/MERRA2.20190701.A3mstC.05x0625.nc4
1545.672,hit,false,0.000,0,384.175,234,GEOS_0.5x0.625/MERRA2/2019/07/MERRA2.20190701.A3mstC.05x0625.nc4
1545.711,hit,false,0.000,0,384.214,234,GEOS_0.5x0.625/MERRA2/2019/07/MERRA2.20190701.A3mstC.05x0625.nc4
1545.733,hit,false,0.000,0,384.236,234,GEOS_0.5x0.625/MERRA2/2019/07/MERRA2.20190701.A3mstC.05x0625.nc4
1545.775,hit,false,0.000,0,384.278,234,GEOS_0.5x0.625/MERRA2/2019/07/MERRA2.20190701.A3mstC.05x0625.nc4
1545.797,hit,false,0.000,0,384.300,234,GEOS_0.5x0.625/MERRA2/2019/07/MERRA2.20190701.A3mstC.05x0625.nc4
1545.839,hit,false,0.000,0,384.343,234,GEOS_0.5x0.625/MERRA2/2019/07/MERRA2.20190701.A3mstC.05x0625.nc4
1545.862,hit,false,0.000,0,384.365,234,GEOS_0.5x0.625/MERRA2/2019/07/MERRA2.20190701.A3mstC.05x0625.nc4
1545.896,hit,false,0.000,0,384.397,235,GEOS_0.5x0.625/MERRA2/2019/07/MERRA2.20190701.A3mstC.05x0625.nc4
1545.924,hit,false,0.000,0,384.425,235,GEOS_0.5x0.625/MERRA2/2019/07/MERRA2.20190701.A3mstC.05x0625.nc4
1545.958,hit,false,0.000,0,384.459,235,GEOS_0.5x0.625/MERRA2/2019/07/MERRA2.20190701.A3mstC.05x0625.nc4
1545.988,hit,false,0.000,0,384.489,235,GEOS_0.5x0.625/MERRA2/2019/07/MERRA2.20190701.A3mstC.05x0625.nc4
1546.021,hit,false,0.000,0,384.522,235,GEOS_0.5x0.625/MERRA2/2019/07/MERRA2.20190701.A3mstC.05x0625.nc4
1546.054,hit,false,0.000,0,384.555,235,GEOS_0.5x0.625/MERRA2/2019/07/MERRA2.20190701.A3mstC.05x0625.nc4
1546.084,hit,false,0.000,0,384.585,235,GEOS_0.5x0.625/MERRA2/2019/07/MERRA2.20190701.A3mstC.05x0625.nc4
1546.118,hit,false,0.000,0,384.619,235,GEOS_0.5x0.625/MERRA2/2019/07/MERRA2.20190701.A3mstC.05x0625.nc4
1546.146,hit,false,0.000,0,384.646,236,GEOS_0.5x0.625/MERRA2/2019/07/MERRA2.20190701.A3mstC.05x0625.nc4
1546.182,hit,false,0.000,0,384.682,236,GEOS_0.5x0.625/MERRA2/2019/07/MERRA2.20190701.A3mstC.05x0625.nc4
1546.212,hit,false,0.000,0,384.712,236,GEOS_0.5x0.625/MERRA2/2019/07/MERRA2.20190701.A3mstC.05x0625.nc4
1546.244,hit,false,0.000,0,384.744,236,GEOS_0.5x0.625/MERRA2/2019/07/MERRA2.20190701.A3mstC.05x0625.nc4
1546.275,hit,false,0.000,0,384.775,236,GEOS_0.5x0.625/MERRA2/2019/07/MERRA2.20190701.A3mstC.05x0625.nc4
1546.304,hit,false,0.000,0,384.804,236,GEOS_0.5x0.625/MERRA2/2019/07/MERRA2.20190701.A3mstC.05x0625.nc4
1546.336,hit,false,0.000,0,384.835,236,GEOS_0.5x0.625/MERRA2/2019/07/MERRA2.20190701.A3mstC.05x0625.nc4
1546.364,hit,false,0.000,0,384.864,236,GEOS_0.5x0.625/MERRA2/2019/07/MERRA2.20190701.A3mstC.05x0625.nc4
1546.398,hit,false,0.000,0,384.896,237,GEOS_0.5x0.625/MERRA2/2019/07/MERRA2.20190701.A3mstC.05x0625.nc4
1546.426,hit,false,0.000,0,384.925,237,GEOS_0.5x0.625/MERRA2/2019/07/MERRA2.20190701.A3mstC.05x0625.nc4
1546.459,hit,false,0.000,0,384.957,237,GEOS_0.5x0.625/MERRA2/2019/07/MERRA2.20190701.A3mstC.05x0625.nc4
1546.499,hit,false,0.000,0,384.998,237,GEOS_0.5x0.625/MERRA2/2019/07/MERRA2.20190701.A3mstC.05x0625.nc4
1546.530,hit,false,0.000,0,385.028,237,GEOS_0.5x0.625/MERRA2/2019/07/MERRA2.20190701.A3mstC.05x0625.nc4
1546.558,hit,false,0.000,0,385.056,237,GEOS_0.5x0.625/MERRA2/2019/07/MERRA2.20190701.A3mstC.05x0625.nc4
1546.589,hit,false,0.000,0,385.087,237,GEOS_0.5x0.625/MERRA2/2019/07/MERRA2.20190701.A3mstC.05x0625.nc4
1546.624,hit,false,0.000,0,385.122,237,GEOS_0.5x0.625/MERRA2/2019/07/MERRA2.20190701.A3mstC.05x0625.nc4
1546.655,hit,false,0.000,0,385.152,238,GEOS_0.5x0.625/MERRA2/2019/07/MERRA2.20190701.A3mstC.05x0625.nc4
1546.687,hit,false,0.000,0,385.183,238,GEOS_0.5x0.625/MERRA2/2019/07/MERRA2.20190701.A3mstC.05x0625.nc4
1546.716,hit,false,0.000,0,385.213,238,GEOS_0.5x0.625/MERRA2/2019/07/MERRA2.20190701.A3mstC.05x0625.nc4
1546.744,hit,false,0.000,0,385.241,238,GEOS_0.5x0.625/MERRA2/2019/07/MERRA2.20190701.A3mstC.05x0625.nc4
1546.776,hit,false,0.000,0,385.272,238,GEOS_0.5x0.625/MERRA2/2019/07/MERRA2.20190701.A3mstC.05x0625.nc4
1546.805,hit,false,0.000,0,385.302,238,GEOS_0.5x0.625/MERRA2/2019/07/MERRA2.20190701.A3mstC.05x0625.nc4
1546.835,hit,false,0.000,0,385.332,238,GEOS_0.5x0.625/MERRA2/2019/07/MERRA2.20190701.A3mstC.05x0625.nc4
1546.864,hit,false,0.000,0,385.361,238,GEOS_0.5x0.625/MERRA2/2019/07/MERRA2.20190701.A3mstC.05x0625.nc4
1546.892,hit,false,0.000,0,385.387,239,GEOS_0.5x0.625/MERRA2/2019/07/MERRA2.20190701.A3mstC.05x0625.nc4
1546.925,hit,false,0.000,0,385.420,239,GEOS_0.5x0.625/MERRA2/2019/07/MERRA2.20190701.A3mstC.05x0625.nc4
1546.950,hit,false,0.000,0,385.445,239,GEOS_0.5x0.625/MERRA2/2019/07/MERRA2.20190701.A3mstC.05x0625.nc4
1546.982,hit,false,0.000,0,385.477,239,GEOS_0.5x0.625/MERRA2/2019/07/MERRA2.20190701.A3mstC.05x0625.nc4
1547.008,hit,false,0.000,0,385.504,239,GEOS_0.5x0.625/MERRA2/2019/07/MERRA2.20190701.A3mstC.05x0625.nc4
1547.039,hit,false,0.000,0,385.535,239,GEOS_0.5x0.625/MERRA2/2019/07/MERRA2.20190701.A3mstC.05x0625.nc4
1547.068,hit,false,0.000,0,385.564,239,GEOS_0.5x0.625/MERRA2/2019/07/MERRA2.20190701.A3mstC.05x0625.nc4
1547.100,hit,false,0.000,0,385.595,239,GEOS_0.5x0.625/MERRA2/2019/07/MERRA2.20190701.A3mstC.05x0625.nc4
1547.124,hit,false,0.000,0,386.108,240,GEOS_0.5x0.625/MERRA2/2019/07/MERRA2.20190701.A3mstC.05x0625.nc4
1547.160,hit,false,0.000,0,386.145,240,GEOS_0.5x0.625/MERRA2/2019/07/MERRA2.20190701.A3mstC.05x0625.nc4
1547.200,hit,false,0.000,0,386.185,240,GEOS_0.5x0.625/MERRA2/2019/07/MERRA2.20190701.A3mstC.05x0625.nc4
1547.230,hit,false,0.000,0,386.214,240,GEOS_0.5x0.625/MERRA2/2019/07/MERRA2.20190701.A3mstC.05x0625.nc4
1547.266,hit,false,0.000,0,386.251,240,GEOS_0.5x0.625/MERRA2/2019/07/MERRA2.20190701.A3mstC.05x0625.nc4
1547.295,hit,false,0.000,0,386.280,240,GEOS_0.5x0.625/MERRA2/2019/07/MERRA2.20190701.A3mstC.05x0625.nc4
1547.335,hit,false,0.000,0,386.320,240,GEOS_0.5x0.625/MERRA2/2019/07/MERRA2.20190701.A3mstC.05x0625.nc4
1547.367,hit,false,0.000,0,386.351,240,GEOS_0.5x0.625/MERRA2/2019/07/MERRA2.20190701.A3mstC.05x0625.nc4
1547.405,hit,false,0.000,0,386.388,241,GEOS_0.5x0.625/MERRA2/2019/07/MERRA2.20190701.A3mstC.05x0625.nc4
1547.431,hit,false,0.000,0,386.413,241,GEOS_0.5x0.625/MERRA2/2019/07/MERRA2.20190701.A3mstC.05x0625.nc4
1547.475,hit,false,0.000,0,386.458,241,GEOS_0.5x0.625/MERRA2/2019/07/MERRA2.20190701.A3mstC.05x0625.nc4
1547.498,hit,false,0.000,0,386.480,241,GEOS_0.5x0.625/MERRA2/2019/07/MERRA2.20190701.A3mstC.05x0625.nc4
1547.540,hit,false,0.000,0,386.522,241,GEOS_0.5x0.625/MERRA2/2019/07/MERRA2.20190701.A3mstC.05x0625.nc4
1547.643,hit,false,0.000,0,386.626,241,GEOS_0.5x0.625/MERRA2/2019/07/MERRA2.20190701.A3mstC.05x0625.nc4
1547.666,hit,false,0.000,0,386.648,241,GEOS_0.5x0.625/MERRA2/2019/07/MERRA2.20190701.A3mstC.05x0625.nc4
1547.697,hit,false,0.000,0,386.679,241,GEOS_0.5x0.625/MERRA2/2019/07/MERRA2.20190701.A3mstC.05x0625.nc4
1547.722,hit,false,0.000,0,386.703,242,GEOS_0.5x0.625/MERRA2/2019/07/MERRA2.20190701.A3mstC.05x0625.nc4
1547.754,hit,false,0.000,0,386.735,242,GEOS_0.5x0.625/MERRA2/2019/07/MERRA2.20190701.A3mstC.05x0625.nc4
1547.779,hit,false,0.000,0,386.760,242,GEOS_0.5x0.625/MERRA2/2019/07/MERRA2.20190701.A3mstC.05x0625.nc4
1547.815,hit,false,0.000,0,386.796,242,GEOS_0.5x0.625/MERRA2/2019/07/MERRA2.20190701.A3mstC.05x0625.nc4
1547.841,hit,false,0.000,0,386.822,242,GEOS_0.5x0.625/MERRA2/2019/07/MERRA2.20190701.A3mstC.05x0625.nc4
1547.877,hit,false,0.000,0,386.858,242,GEOS_0.5x0.625/MERRA2/2019/07/MERRA2.20190701.A3mstC.05x0625.nc4
1547.899,hit,false,0.000,0,386.880,242,GEOS_0.5x0.625/MERRA2/2019/07/MERRA2.20190701.A3mstC.05x0625.nc4
1547.935,hit,false,0.000,0,386.916,242,GEOS_0.5x0.625/MERRA2/2019/07/MERRA2.20190701.A3mstC.05x0625.nc4
1547.961,hit,false,0.000,0,386.940,243,GEOS_0.5x0.625/MERRA2/2019/07/MERRA2.20190701.A3mstC.05x0625.nc4
1547.994,hit,false,0.000,0,386.973,243,GEOS_0.5x0.625/MERRA2/2019/07/MERRA2.20190701.A3mstC.05x0625.nc4
1548.016,hit,false,0.000,0,386.996,243,GEOS_0.5x0.625/MERRA2/2019/07/MERRA2.20190701.A3mstC.05x0625.nc4
1548.051,hit,false,0.000,0,387.031,243,GEOS_0.5x0.625/MERRA2/2019/07/MERRA2.20190701.A3mstC.05x0625.nc4
1548.074,hit,false,0.000,0,387.054,243,GEOS_0.5x0.625/MERRA2/2019/07/MERRA2.20190701.A3mstC.05x0625.nc4
1548.113,hit,false,0.000,0,387.092,243,GEOS_0.5x0.625/MERRA2/2019/07/MERRA2.20190701.A3mstC.05x0625.nc4
1548.136,hit,false,0.000,0,387.115,243,GEOS_0.5x0.625/MERRA2/2019/07/MERRA2.20190701.A3mstC.05x0625.nc4
1548.170,hit,false,0.000,0,387.149,243,GEOS_0.5x0.625/MERRA2/2019/07/MERRA2.20190701.A3mstC.05x0625.nc4
1548.196,hit,false,0.000,0,387.170,244,GEOS_0.5x0.625/MERRA2/2019/07/MERRA2.20190701.A3mstC.05x0625.nc4
1548.234,hit,false,0.000,0,387.209,244,GEOS_0.5x0.625/MERRA2/2019/07/MERRA2.20190701.A3mstC.05x0625.nc4
1548.260,hit,false,0.000,0,387.234,244,GEOS_0.5x0.625/MERRA2/2019/07/MERRA2.20190701.A3mstC.05x0625.nc4
1548.294,hit,false,0.000,0,387.269,244,GEOS_0.5x0.625/MERRA2/2019/07/MERRA2.20190701.A3mstC.05x0625.nc4
1548.320,hit,false,0.000,0,387.294,244,GEOS_0.5x0.625/MERRA2/2019/07/MERRA2.20190701.A3mstC.05x0625.nc4
1548.354,hit,false,0.000,0,387.328,244,GEOS_0.5x0.625/MERRA2/2019/07/MERRA2.20190701.A3mstC.05x0625.nc4
1548.382,hit,false,0.000,0,387.357,244,GEOS_0.5x0.625/MERRA2/2019/07/MERRA2.20190701.A3mstC.05x0625.nc4
1548.417,hit,false,0.000,0,387.391,244,GEOS_0.5x0.625/MERRA2/2019/07/MERRA2.20190701.A3mstC.05x0625.nc4
1548.440,hit,false,0.000,0,387.413,245,GEOS_0.5x0.625/MERRA2/2019/07/MERRA2.20190701.A3mstC.05x0625.nc4
1548.482,hit,false,0.000,0,387.455,245,GEOS_0.5x0.625/MERRA2/2019/07/MERRA2.20190701.A3mstC.05x0625.nc4
1548.504,hit,false,0.000,0,387.477,245,GEOS_0.5x0.625/MERRA2/2019/07/MERRA2.20190701.A3mstC.05x0625.nc4
1548.548,hit,false,0.000,0,387.521,245,GEOS_0.5x0.625/MERRA2/2019/07/MERRA2.20190701.A3mstC.05x0625.nc4
1548.566,hit,false,0.000,0,387.539,245,GEOS_0.5x0.625/MERRA2/2019/07/MERRA2.20190701.A3mstC.05x0625.nc4
1548.611,hit,false,0.000,0,387.583,245,GEOS_0.5x0.625/MERRA2/2019/07/MERRA2.20190701.A3mstC.05x0625.nc4
1548.634,hit,false,0.000,0,387.606,245,GEOS_0.5x0.625/MERRA2/2019/07/MERRA2.20190701.A3mstC.05x0625.nc4
1548.667,hit,false,0.000,0,387.639,245,GEOS_0.5x0.625/MERRA2/2019/07/MERRA2.20190701.A3mstC.05x0625.nc4
1548.693,hit,false,0.000,0,387.664,246,GEOS_0.5x0.625/MERRA2/2019/07/MERRA2.20190701.A3mstC.05x0625.nc4
1548.729,hit,false,0.000,0,387.700,246,GEOS_0.5x0.625/MERRA2/2019/07/MERRA2.20190701.A3mstC.05x0625.nc4
1548.752,hit,false,0.000,0,387.724,246,GEOS_0.5x0.625/MERRA2/2019/07/MERRA2.20190701.A3mstC.05x0625.nc4
1548.801,hit,false,0.000,0,387.772,246,GEOS_0.5x0.625/MERRA2/2019/07/MERRA2.20190701.A3mstC.05x0625.nc4
1548.824,hit,false,0.000,0,387.795,246,GEOS_0.5x0.625/MERRA2/2019/07/MERRA2.20190701.A3mstC.05x0625.nc4
1548.864,hit,false,0.000,0,387.835,246,GEOS_0.5x0.625/MERRA2/2019/07/MERRA2.20190701.A3mstC.05x0625.nc4
1548.886,hit,false,0.000,0,387.857,246,GEOS_0.5x0.625/MERRA2/2019/07/MERRA2.20190701.A3mstC.05x0625.nc4
1548.922,hit,false,0.000,0,387.894,246,GEOS_0.5x0.625/MERRA2/2019/07/MERRA2.20190701.A3mstC.05x0625.nc4
1548.949,hit,false,0.000,0,387.918,247,GEOS_0.5x0.625/MERRA2/2019/07/MERRA2.20190701.A3mstC.05x0625.nc4
1548.987,hit,false,0.000,0,387.957,247,GEOS_0.5x0.625/MERRA2/2019/07/MERRA2.20190701.A3mstC.05x0625.nc4
1549.013,hit,false,0.000,0,387.982,247,GEOS_0.5x0.625/MERRA2/2019/07/MERRA2.20190701.A3mstC.05x0625.nc4
1549.054,hit,false,0.000,0,388.023,247,GEOS_0.5x0.625/MERRA2/2019/07/MERRA2.20190701.A3mstC.05x0625.nc4
1549.076,hit,false,0.000,0,388.046,247,GEOS_0.5x0.625/MERRA2/2019/07/MERRA2.20190701.A3mstC.05x0625.nc4
1549.117,hit,false,0.000,0,388.087,247,GEOS_0.5x0.625/MERRA2/2019/07/MERRA2.20190701.A3mstC.05x0625.nc4
1555.229,open,false,-1.000,0,-1.000,423855882,GEOS_0.5x0.625/MERRA2/2019/07/MERRA2.20190701.A3cld.05x0625.nc4
1555.314,uncovered,false,25.126,0,-1.000,0,GEOS_0.5x0.625/MERRA2/2019/07/MERRA2.20190701.A3cld.05x0625.nc4
1580.510,hit,false,0.000,0,-1.000,0,GEOS_0.5x0.625/MERRA2/2019/07/MERRA2.20190701.A3cld.05x0625.nc4
1580.555,hit,false,0.000,0,-1.000,0,GEOS_0.5x0.625/MERRA2/2019/07/MERRA2.20190701.A3cld.05x0625.nc4
1580.631,hit,false,0.000,0,-1.000,0,GEOS_0.5x0.625/MERRA2/2019/07/MERRA2.20190701.A3cld.05x0625.nc4
1580.683,hit,false,0.000,0,-1.000,0,GEOS_0.5x0.625/MERRA2/2019/07/MERRA2.20190701.A3cld.05x0625.nc4
1580.731,hit,false,0.000,0,-1.000,0,GEOS_0.5x0.625/MERRA2/2019/07/MERRA2.20190701.A3cld.05x0625.nc4
1580.787,hit,false,0.000,0,-1.000,0,GEOS_0.5x0.625/MERRA2/2019/07/MERRA2.20190701.A3cld.05x0625.nc4
1580.853,hit,false,0.000,0,-1.000,0,GEOS_0.5x0.625/MERRA2/2019/07/MERRA2.20190701.A3cld.05x0625.nc4
1580.906,uncovered,false,26.120,0,-1.000,1,GEOS_0.5x0.625/MERRA2/2019/07/MERRA2.20190701.A3cld.05x0625.nc4
1580.969,uncovered,false,26.172,0,-1.000,1,GEOS_0.5x0.625/MERRA2/2019/07/MERRA2.20190701.A3cld.05x0625.nc4
1607.112,hit,false,0.000,0,-1.000,1,GEOS_0.5x0.625/MERRA2/2019/07/MERRA2.20190701.A3cld.05x0625.nc4
1607.245,hit,false,0.000,0,-1.000,1,GEOS_0.5x0.625/MERRA2/2019/07/MERRA2.20190701.A3cld.05x0625.nc4
1607.248,hit,false,0.000,0,-1.000,1,GEOS_0.5x0.625/MERRA2/2019/07/MERRA2.20190701.A3cld.05x0625.nc4
1607.312,hit,false,0.000,0,-1.000,1,GEOS_0.5x0.625/MERRA2/2019/07/MERRA2.20190701.A3cld.05x0625.nc4
1607.383,hit,false,0.000,0,-1.000,1,GEOS_0.5x0.625/MERRA2/2019/07/MERRA2.20190701.A3cld.05x0625.nc4
1607.405,hit,false,0.000,0,-1.000,1,GEOS_0.5x0.625/MERRA2/2019/07/MERRA2.20190701.A3cld.05x0625.nc4
1607.473,uncovered,false,25.267,0,-1.000,2,GEOS_0.5x0.625/MERRA2/2019/07/MERRA2.20190701.A3cld.05x0625.nc4
1607.480,uncovered,false,25.315,0,-1.000,2,GEOS_0.5x0.625/MERRA2/2019/07/MERRA2.20190701.A3cld.05x0625.nc4
1632.828,hit,false,0.000,0,-1.000,2,GEOS_0.5x0.625/MERRA2/2019/07/MERRA2.20190701.A3cld.05x0625.nc4
1632.862,hit,false,0.000,0,-1.000,2,GEOS_0.5x0.625/MERRA2/2019/07/MERRA2.20190701.A3cld.05x0625.nc4
1632.892,hit,false,0.000,0,-1.000,2,GEOS_0.5x0.625/MERRA2/2019/07/MERRA2.20190701.A3cld.05x0625.nc4
1632.921,hit,false,0.000,0,-1.000,2,GEOS_0.5x0.625/MERRA2/2019/07/MERRA2.20190701.A3cld.05x0625.nc4
1632.945,hit,false,0.000,0,-1.000,2,GEOS_0.5x0.625/MERRA2/2019/07/MERRA2.20190701.A3cld.05x0625.nc4
1632.978,hit,false,0.000,0,-1.000,2,GEOS_0.5x0.625/MERRA2/2019/07/MERRA2.20190701.A3cld.05x0625.nc4
1633.006,uncovered,false,25.582,0,-1.000,3,GEOS_0.5x0.625/MERRA2/2019/07/MERRA2.20190701.A3cld.05x0625.nc4
1633.037,uncovered,false,25.607,0,-1.000,3,GEOS_0.5x0.625/MERRA2/2019/07/MERRA2.20190701.A3cld.05x0625.nc4
1658.672,hit,false,0.000,0,-1.000,3,GEOS_0.5x0.625/MERRA2/2019/07/MERRA2.20190701.A3cld.05x0625.nc4
1658.725,hit,false,0.000,0,-1.000,3,GEOS_0.5x0.625/MERRA2/2019/07/MERRA2.20190701.A3cld.05x0625.nc4
1658.748,hit,false,0.000,0,-1.000,3,GEOS_0.5x0.625/MERRA2/2019/07/MERRA2.20190701.A3cld.05x0625.nc4
1658.801,hit,false,0.000,0,-1.000,3,GEOS_0.5x0.625/MERRA2/2019/07/MERRA2.20190701.A3cld.05x0625.nc4
1658.824,hit,false,0.000,0,-1.000,3,GEOS_0.5x0.625/MERRA2/2019/07/MERRA2.20190701.A3cld.05x0625.nc4
1658.867,hit,false,0.000,0,-1.000,3,GEOS_0.5x0.625/MERRA2/2019/07/MERRA2.20190701.A3cld.05x0625.nc4
1658.892,uncovered,false,25.313,0,-1.000,4,GEOS_0.5x0.625/MERRA2/2019/07/MERRA2.20190701.A3cld.05x0625.nc4
1658.939,uncovered,false,25.331,0,-1.000,4,GEOS_0.5x0.625/MERRA2/2019/07/MERRA2.20190701.A3cld.05x0625.nc4
1684.285,hit,false,0.000,0,-1.000,4,GEOS_0.5x0.625/MERRA2/2019/07/MERRA2.20190701.A3cld.05x0625.nc4
1684.351,hit,false,0.000,0,-1.000,4,GEOS_0.5x0.625/MERRA2/2019/07/MERRA2.20190701.A3cld.05x0625.nc4
1684.371,hit,false,0.000,0,-1.000,4,GEOS_0.5x0.625/MERRA2/2019/07/MERRA2.20190701.A3cld.05x0625.nc4
1684.423,hit,false,0.000,0,-1.000,4,GEOS_0.5x0.625/MERRA2/2019/07/MERRA2.20190701.A3cld.05x0625.nc4
1684.446,hit,false,0.000,0,-1.000,4,GEOS_0.5x0.625/MERRA2/2019/07/MERRA2.20190701.A3cld.05x0625.nc4
1684.485,hit,false,0.000,0,-1.000,4,GEOS_0.5x0.625/MERRA2/2019/07/MERRA2.20190701.A3cld.05x0625.nc4
1684.511,uncovered,false,28.106,0,-1.000,5,GEOS_0.5x0.625/MERRA2/2019/07/MERRA2.20190701.A3cld.05x0625.nc4
1684.551,uncovered,false,28.141,0,-1.000,5,GEOS_0.5x0.625/MERRA2/2019/07/MERRA2.20190701.A3cld.05x0625.nc4
1712.701,hit,false,0.000,0,-1.000,5,GEOS_0.5x0.625/MERRA2/2019/07/MERRA2.20190701.A3cld.05x0625.nc4
1712.785,hit,false,0.000,0,-1.000,5,GEOS_0.5x0.625/MERRA2/2019/07/MERRA2.20190701.A3cld.05x0625.nc4
1712.801,hit,false,0.000,0,-1.000,5,GEOS_0.5x0.625/MERRA2/2019/07/MERRA2.20190701.A3cld.05x0625.nc4
1712.865,hit,false,0.000,0,-1.000,5,GEOS_0.5x0.625/MERRA2/2019/07/MERRA2.20190701.A3cld.05x0625.nc4
1712.893,hit,false,0.000,0,-1.000,5,GEOS_0.5x0.625/MERRA2/2019/07/MERRA2.20190701.A3cld.05x0625.nc4
1712.933,hit,false,0.000,0,-1.000,5,GEOS_0.5x0.625/MERRA2/2019/07/MERRA2.20190701.A3cld.05x0625.nc4
1712.964,uncovered,false,27.630,0,-1.000,6,GEOS_0.5x0.625/MERRA2/2019/07/MERRA2.20190701.A3cld.05x0625.nc4
1713.000,uncovered,false,27.661,0,-1.000,6,GEOS_0.5x0.625/MERRA2/2019/07/MERRA2.20190701.A3cld.05x0625.nc4
1740.672,hit,false,0.000,0,-1.000,6,GEOS_0.5x0.625/MERRA2/2019/07/MERRA2.20190701.A3cld.05x0625.nc4
1740.732,hit,false,0.000,0,-1.000,6,GEOS_0.5x0.625/MERRA2/2019/07/MERRA2.20190701.A3cld.05x0625.nc4
1740.757,hit,false,0.000,0,-1.000,6,GEOS_0.5x0.625/MERRA2/2019/07/MERRA2.20190701.A3cld.05x0625.nc4
1740.790,hit,false,0.000,0,-1.000,6,GEOS_0.5x0.625/MERRA2/2019/07/MERRA2.20190701.A3cld.05x0625.nc4
1740.817,hit,false,0.000,0,-1.000,6,GEOS_0.5x0.625/MERRA2/2019/07/MERRA2.20190701.A3cld.05x0625.nc4
1740.844,hit,false,0.000,0,-1.000,6,GEOS_0.5x0.625/MERRA2/2019/07/MERRA2.20190701.A3cld.05x0625.nc4
1740.881,uncovered,false,22.043,0,-1.000,7,GEOS_0.5x0.625/MERRA2/2019/07/MERRA2.20190701.A3cld.05x0625.nc4
1740.911,uncovered,false,22.080,0,-1.000,7,GEOS_0.5x0.625/MERRA2/2019/07/MERRA2.20190701.A3cld.05x0625.nc4
1763.003,hit,false,0.000,0,-1.000,7,GEOS_0.5x0.625/MERRA2/2019/07/MERRA2.20190701.A3cld.05x0625.nc4
1763.065,hit,false,0.000,0,-1.000,7,GEOS_0.5x0.625/MERRA2/2019/07/MERRA2.20190701.A3cld.05x0625.nc4
1763.091,hit,false,0.000,0,-1.000,7,GEOS_0.5x0.625/MERRA2/2019/07/MERRA2.20190701.A3cld.05x0625.nc4
1763.130,hit,false,0.000,0,-1.000,7,GEOS_0.5x0.625/MERRA2/2019/07/MERRA2.20190701.A3cld.05x0625.nc4
1763.178,hit,false,0.000,0,-1.000,7,GEOS_0.5x0.625/MERRA2/2019/07/MERRA2.20190701.A3cld.05x0625.nc4
1763.203,hit,false,0.000,0,-1.000,7,GEOS_0.5x0.625/MERRA2/2019/07/MERRA2.20190701.A3cld.05x0625.nc4
1763.241,uncovered,false,30.007,0,-1.000,8,GEOS_0.5x0.625/MERRA2/2019/07/MERRA2.20190701.A3cld.05x0625.nc4
1763.270,uncovered,false,30.082,0,-1.000,8,GEOS_0.5x0.625/MERRA2/2019/07/MERRA2.20190701.A3cld.05x0625.nc4
1793.554,hit,false,0.000,91,-1.000,8,GEOS_0.5x0.625/MERRA2/2019/07/MERRA2.20190701.A3cld.05x0625.nc4
1793.575,hit,false,0.000,115,-1.000,8,GEOS_0.5x0.625/MERRA2/2019/07/MERRA2.20190701.A3cld.05x0625.nc4
1793.688,hit,false,0.000,148,-1.000,8,GEOS_0.5x0.625/MERRA2/2019/07/MERRA2.20190701.A3cld.05x0625.nc4
1793.725,hit,false,0.000,163,-1.000,8,GEOS_0.5x0.625/MERRA2/2019/07/MERRA2.20190701.A3cld.05x0625.nc4
1794.096,hit,false,0.000,364,-1.000,8,GEOS_0.5x0.625/MERRA2/2019/07/MERRA2.20190701.A3cld.05x0625.nc4
1794.124,hit,false,0.000,366,-1.000,8,GEOS_0.5x0.625/MERRA2/2019/07/MERRA2.20190701.A3cld.05x0625.nc4
1794.193,uncovered,false,175.574,125,-1.000,9,GEOS_0.5x0.625/MERRA2/2019/07/MERRA2.20190701.A3cld.05x0625.nc4
1794.220,uncovered,false,175.587,125,-1.000,9,GEOS_0.5x0.625/MERRA2/2019/07/MERRA2.20190701.A3cld.05x0625.nc4
1969.934,hit,false,0.000,124,-1.000,9,GEOS_0.5x0.625/MERRA2/2019/07/MERRA2.20190701.A3cld.05x0625.nc4
1969.940,hit,false,0.000,124,-1.000,9,GEOS_0.5x0.625/MERRA2/2019/07/MERRA2.20190701.A3cld.05x0625.nc4
1970.052,hit,false,0.000,123,-1.000,9,GEOS_0.5x0.625/MERRA2/2019/07/MERRA2.20190701.A3cld.05x0625.nc4
1970.056,hit,false,0.000,123,-1.000,9,GEOS_0.5x0.625/MERRA2/2019/07/MERRA2.20190701.A3cld.05x0625.nc4
1970.163,hit,false,0.000,123,-1.000,9,GEOS_0.5x0.625/MERRA2/2019/07/MERRA2.20190701.A3cld.05x0625.nc4
1970.170,hit,false,0.000,123,-1.000,9,GEOS_0.5x0.625/MERRA2/2019/07/MERRA2.20190701.A3cld.05x0625.nc4
1970.238,uncovered,false,35.433,58,-1.000,10,GEOS_0.5x0.625/MERRA2/2019/07/MERRA2.20190701.A3cld.05x0625.nc4
1970.274,uncovered,false,35.440,58,-1.000,10,GEOS_0.5x0.625/MERRA2/2019/07/MERRA2.20190701.A3cld.05x0625.nc4
2005.798,hit,false,0.000,57,-1.000,10,GEOS_0.5x0.625/MERRA2/2019/07/MERRA2.20190701.A3cld.05x0625.nc4
2005.825,hit,false,0.000,57,-1.000,10,GEOS_0.5x0.625/MERRA2/2019/07/MERRA2.20190701.A3cld.05x0625.nc4
2005.893,hit,false,0.000,57,-1.000,10,GEOS_0.5x0.625/MERRA2/2019/07/MERRA2.20190701.A3cld.05x0625.nc4
2005.915,hit,false,0.000,57,-1.000,10,GEOS_0.5x0.625/MERRA2/2019/07/MERRA2.20190701.A3cld.05x0625.nc4
2005.965,hit,false,0.000,57,-1.000,10,GEOS_0.5x0.625/MERRA2/2019/07/MERRA2.20190701.A3cld.05x0625.nc4
2005.992,hit,false,0.000,57,-1.000,10,GEOS_0.5x0.625/MERRA2/2019/07/MERRA2.20190701.A3cld.05x0625.nc4
2006.031,uncovered,false,28.823,9,-1.000,11,GEOS_0.5x0.625/MERRA2/2019/07/MERRA2.20190701.A3cld.05x0625.nc4
2006.072,uncovered,false,28.806,9,-1.000,11,GEOS_0.5x0.625/MERRA2/2019/07/MERRA2.20190701.A3cld.05x0625.nc4
2034.997,hit,false,0.000,9,-1.000,11,GEOS_0.5x0.625/MERRA2/2019/07/MERRA2.20190701.A3cld.05x0625.nc4
2035.018,hit,false,0.000,9,-1.000,11,GEOS_0.5x0.625/MERRA2/2019/07/MERRA2.20190701.A3cld.05x0625.nc4
2035.086,hit,false,0.000,9,-1.000,11,GEOS_0.5x0.625/MERRA2/2019/07/MERRA2.20190701.A3cld.05x0625.nc4
2035.112,hit,false,0.000,9,-1.000,11,GEOS_0.5x0.625/MERRA2/2019/07/MERRA2.20190701.A3cld.05x0625.nc4
2035.151,hit,false,0.000,9,-1.000,11,GEOS_0.5x0.625/MERRA2/2019/07/MERRA2.20190701.A3cld.05x0625.nc4
2035.184,hit,false,0.000,9,-1.000,11,GEOS_0.5x0.625/MERRA2/2019/07/MERRA2.20190701.A3cld.05x0625.nc4
2035.212,uncovered,false,23.716,0,-1.000,12,GEOS_0.5x0.625/MERRA2/2019/07/MERRA2.20190701.A3cld.05x0625.nc4
2035.251,uncovered,false,23.734,0,-1.000,12,GEOS_0.5x0.625/MERRA2/2019/07/MERRA2.20190701.A3cld.05x0625.nc4
2059.019,hit,false,0.000,0,-1.000,12,GEOS_0.5x0.625/MERRA2/2019/07/MERRA2.20190701.A3cld.05x0625.nc4
2059.057,hit,false,0.000,0,-1.000,12,GEOS_0.5x0.625/MERRA2/2019/07/MERRA2.20190701.A3cld.05x0625.nc4
2059.089,hit,false,0.000,0,-1.000,12,GEOS_0.5x0.625/MERRA2/2019/07/MERRA2.20190701.A3cld.05x0625.nc4
2059.119,hit,false,0.000,0,-1.000,12,GEOS_0.5x0.625/MERRA2/2019/07/MERRA2.20190701.A3cld.05x0625.nc4
2059.145,hit,false,0.000,0,-1.000,12,GEOS_0.5x0.625/MERRA2/2019/07/MERRA2.20190701.A3cld.05x0625.nc4
2059.191,hit,false,0.000,0,-1.000,12,GEOS_0.5x0.625/MERRA2/2019/07/MERRA2.20190701.A3cld.05x0625.nc4
2059.208,uncovered,false,27.482,0,-1.000,13,GEOS_0.5x0.625/MERRA2/2019/07/MERRA2.20190701.A3cld.05x0625.nc4
2059.276,uncovered,false,27.528,0,-1.000,13,GEOS_0.5x0.625/MERRA2/2019/07/MERRA2.20190701.A3cld.05x0625.nc4
2086.781,hit,false,0.000,0,-1.000,13,GEOS_0.5x0.625/MERRA2/2019/07/MERRA2.20190701.A3cld.05x0625.nc4
2086.887,hit,false,0.000,0,-1.000,13,GEOS_0.5x0.625/MERRA2/2019/07/MERRA2.20190701.A3cld.05x0625.nc4
2086.914,hit,false,0.000,0,-1.000,13,GEOS_0.5x0.625/MERRA2/2019/07/MERRA2.20190701.A3cld.05x0625.nc4
2086.963,hit,false,0.000,0,-1.000,13,GEOS_0.5x0.625/MERRA2/2019/07/MERRA2.20190701.A3cld.05x0625.nc4
2086.992,hit,false,0.000,0,-1.000,13,GEOS_0.5x0.625/MERRA2/2019/07/MERRA2.20190701.A3cld.05x0625.nc4
2087.024,hit,false,0.000,0,-1.000,13,GEOS_0.5x0.625/MERRA2/2019/07/MERRA2.20190701.A3cld.05x0625.nc4
2087.052,uncovered,false,24.330,0,-1.000,14,GEOS_0.5x0.625/MERRA2/2019/07/MERRA2.20190701.A3cld.05x0625.nc4
2087.093,uncovered,false,24.355,0,-1.000,14,GEOS_0.5x0.625/MERRA2/2019/07/MERRA2.20190701.A3cld.05x0625.nc4
2111.478,hit,false,0.000,0,-1.000,14,GEOS_0.5x0.625/MERRA2/2019/07/MERRA2.20190701.A3cld.05x0625.nc4
2111.515,hit,false,0.000,0,-1.000,14,GEOS_0.5x0.625/MERRA2/2019/07/MERRA2.20190701.A3cld.05x0625.nc4
2111.550,hit,false,0.000,0,-1.000,14,GEOS_0.5x0.625/MERRA2/2019/07/MERRA2.20190701.A3cld.05x0625.nc4
2111.579,hit,false,0.000,0,-1.000,14,GEOS_0.5x0.625/MERRA2/2019/07/MERRA2.20190701.A3cld.05x0625.nc4
2111.610,hit,false,0.000,0,-1.000,14,GEOS_0.5x0.625/MERRA2/2019/07/MERRA2.20190701.A3cld.05x0625.nc4
2111.636,hit,false,0.000,0,-1.000,14,GEOS_0.5x0.625/MERRA2/2019/07/MERRA2.20190701.A3cld.05x0625.nc4
2111.662,uncovered,false,24.168,0,-1.000,15,GEOS_0.5x0.625/MERRA2/2019/07/MERRA2.20190701.A3cld.05x0625.nc4
2111.698,uncovered,false,24.186,0,-1.000,15,GEOS_0.5x0.625/MERRA2/2019/07/MERRA2.20190701.A3cld.05x0625.nc4
2135.921,hit,false,0.000,0,-1.000,15,GEOS_0.5x0.625/MERRA2/2019/07/MERRA2.20190701.A3cld.05x0625.nc4
2135.962,hit,false,0.000,0,-1.000,15,GEOS_0.5x0.625/MERRA2/2019/07/MERRA2.20190701.A3cld.05x0625.nc4
2135.993,hit,false,0.000,0,-1.000,15,GEOS_0.5x0.625/MERRA2/2019/07/MERRA2.20190701.A3cld.05x0625.nc4
2136.024,hit,false,0.000,0,-1.000,15,GEOS_0.5x0.625/MERRA2/2019/07/MERRA2.20190701.A3cld.05x0625.nc4
2136.058,hit,false,0.000,0,-1.000,15,GEOS_0.5x0.625/MERRA2/2019/07/MERRA2.20190701.A3cld.05x0625.nc4
2136.090,hit,false,0.000,0,-1.000,15,GEOS_0.5x0.625/MERRA2/2019/07/MERRA2.20190701.A3cld.05x0625.nc4
2136.123,hit,false,0.000,0,342.643,16,GEOS_0.5x0.625/MERRA2/2019/07/MERRA2.20190701.A3cld.05x0625.nc4
2136.156,hit,false,0.000,0,342.676,16,GEOS_0.5x0.625/MERRA2/2019/07/MERRA2.20190701.A3cld.05x0625.nc4
2136.230,hit,false,0.000,0,342.750,16,GEOS_0.5x0.625/MERRA2/2019/07/MERRA2.20190701.A3cld.05x0625.nc4
2136.255,hit,false,0.000,0,342.774,16,GEOS_0.5x0.625/MERRA2/2019/07/MERRA2.20190701.A3cld.05x0625.nc4
2136.294,hit,false,0.000,0,342.814,16,GEOS_0.5x0.625/MERRA2/2019/07/MERRA2.20190701.A3cld.05x0625.nc4
2136.324,hit,false,0.000,0,342.844,16,GEOS_0.5x0.625/MERRA2/2019/07/MERRA2.20190701.A3cld.05x0625.nc4
2136.365,hit,false,0.000,0,342.885,16,GEOS_0.5x0.625/MERRA2/2019/07/MERRA2.20190701.A3cld.05x0625.nc4
2136.389,hit,false,0.000,0,342.909,16,GEOS_0.5x0.625/MERRA2/2019/07/MERRA2.20190701.A3cld.05x0625.nc4
2136.450,hit,false,0.000,0,342.968,17,GEOS_0.5x0.625/MERRA2/2019/07/MERRA2.20190701.A3cld.05x0625.nc4
2136.492,hit,false,0.000,0,343.009,17,GEOS_0.5x0.625/MERRA2/2019/07/MERRA2.20190701.A3cld.05x0625.nc4
2136.529,hit,false,0.000,0,343.047,17,GEOS_0.5x0.625/MERRA2/2019/07/MERRA2.20190701.A3cld.05x0625.nc4
2136.562,hit,false,0.000,0,343.079,17,GEOS_0.5x0.625/MERRA2/2019/07/MERRA2.20190701.A3cld.05x0625.nc4
2136.593,hit,false,0.000,0,343.110,17,GEOS_0.5x0.625/MERRA2/2019/07/MERRA2.20190701.A3cld.05x0625.nc4
2136.631,hit,false,0.000,0,343.148,17,GEOS_0.5x0.625/MERRA2/2019/07/MERRA2.20190701.A3cld.05x0625.nc4
2136.658,hit,false,0.000,0,343.176,17,GEOS_0.5x0.625/MERRA2/2019/07/MERRA2.20190701.A3cld.05x0625.nc4
2136.695,hit,false,0.000,0,343.213,17,GEOS_0.5x0.625/MERRA2/2019/07/MERRA2.20190701.A3cld.05x0625.nc4
2136.721,hit,false,0.000,0,343.237,18,GEOS_0.5x0.625/MERRA2/2019/07/MERRA2.20190701.A3cld.05x0625.nc4
2136.762,hit,false,0.000,0,343.278,18,GEOS_0.5x0.625/MERRA2/2019/07/MERRA2.20190701.A3cld.05x0625.nc4
2136.789,hit,false,0.000,0,343.305,18,GEOS_0.5x0.625/MERRA2/2019/07/MERRA2.20190701.A3cld.05x0625.nc4
2136.824,hit,false,0.000,0,343.340,18,GEOS_0.5x0.625/MERRA2/2019/07/MERRA2.20190701.A3cld.05x0625.nc4
2136.854,hit,false,0.000,0,343.369,18,GEOS_0.5x0.625/MERRA2/2019/07/MERRA2.20190701.A3cld.05x0625.nc4
2136.888,hit,false,0.000,0,343.404,18,GEOS_0.5x0.625/MERRA2/2019/07/MERRA2.20190701.A3cld.05x0625.nc4
2136.923,hit,false,0.000,0,343.439,18,GEOS_0.5x0.625/MERRA2/2019/07/MERRA2.20190701.A3cld.05x0625.nc4
2136.955,hit,false,0.000,0,343.471,18,GEOS_0.5x0.625/MERRA2/2019/07/MERRA2.20190701.A3cld.05x0625.nc4
2136.989,hit,false,0.000,0,343.503,19,GEOS_0.5x0.625/MERRA2/2019/07/MERRA2.20190701.A3cld.05x0625.nc4
2137.020,hit,false,0.000,0,343.534,19,GEOS_0.5x0.625/MERRA2/2019/07/MERRA2.20190701.A3cld.05x0625.nc4
2137.055,hit,false,0.000,0,343.569,19,GEOS_0.5x0.625/MERRA2/2019/07/MERRA2.20190701.A3cld.05x0625.nc4
2137.084,hit,false,0.000,0,343.598,19,GEOS_0.5x0.625/MERRA2/2019/07/MERRA2.20190701.A3cld.05x0625.nc4
2137.120,hit,false,0.000,0,343.634,19,GEOS_0.5x0.625/MERRA2/2019/07/MERRA2.20190701.A3cld.05x0625.nc4
2137.146,hit,false,0.000,0,343.660,19,GEOS_0.5x0.625/MERRA2/2019/07/MERRA2.20190701.A3cld.05x0625.nc4
2137.182,hit,false,0.000,0,343.696,19,GEOS_0.5x0.625/MERRA2/2019/07/MERRA2.20190701.A3cld.05x0625.nc4
2137.211,hit,false,0.000,0,343.725,19,GEOS_0.5x0.625/MERRA2/2019/07/MERRA2.20190701.A3cld.05x0625.nc4
2137.245,hit,false,0.000,0,343.757,20,GEOS_0.5x0.625/MERRA2/2019/07/MERRA2.20190701.A3cld.05x0625.nc4
2137.273,hit,false,0.000,0,343.785,20,GEOS_0.5x0.625/MERRA2/2019/07/MERRA2.20190701.A3cld.05x0625.nc4
2137.306,hit,false,0.000,0,343.818,20,GEOS_0.5x0.625/MERRA2/2019/07/MERRA2.20190701.A3cld.05x0625.nc4
2137.337,hit,false,0.000,0,343.849,20,GEOS_0.5x0.625/MERRA2/2019/07/MERRA2.20190701.A3cld.05x0625.nc4
2137.362,hit,false,0.000,0,343.874,20,GEOS_0.5x0.625/MERRA2/2019/07/MERRA2.20190701.A3cld.05x0625.nc4
2137.403,hit,false,0.000,0,343.915,20,GEOS_0.5x0.625/MERRA2/2019/07/MERRA2.20190701.A3cld.05x0625.nc4
2137.428,hit,false,0.000,0,343.941,20,GEOS_0.5x0.625/MERRA2/2019/07/MERRA2.20190701.A3cld.05x0625.nc4
2137.467,hit,false,0.000,0,343.979,20,GEOS_0.5x0.625/MERRA2/2019/07/MERRA2.20190701.A3cld.05x0625.nc4
2137.569,hit,false,0.000,0,344.079,21,GEOS_0.5x0.625/MERRA2/2019/07/MERRA2.20190701.A3cld.05x0625.nc4
2137.645,hit,false,0.000,0,344.156,21,GEOS_0.5x0.625/MERRA2/2019/07/MERRA2.20190701.A3cld.05x0625.nc4
2137.672,hit,false,0.000,0,344.182,21,GEOS_0.5x0.625/MERRA2/2019/07/MERRA2.20190701.A3cld.05x0625.nc4
2137.707,hit,false,0.000,0,344.217,21,GEOS_0.5x0.625/MERRA2/2019/07/MERRA2.20190701.A3cld.05x0625.nc4
2137.736,hit,false,0.000,0,344.247,21,GEOS_0.5x0.625/MERRA2/2019/07/MERRA2.20190701.A3cld.05x0625.nc4
2137.768,hit,false,0.000,0,344.279,21,GEOS_0.5x0.625/MERRA2/2019/07/MERRA2.20190701.A3cld.05x0625.nc4
2137.801,hit,false,0.000,0,344.312,21,GEOS_0.5x0.625/MERRA2/2019/07/MERRA2.20190701.A3cld.05x0625.nc4
2137.828,hit,false,0.000,0,344.338,21,GEOS_0.5x0.625/MERRA2/2019/07/MERRA2.20190701.A3cld.05x0625.nc4
2137.866,hit,false,0.000,0,344.374,22,GEOS_0.5x0.625/MERRA2/2019/07/MERRA2.20190701.A3cld.05x0625.nc4
2137.895,hit,false,0.000,0,344.403,22,GEOS_0.5x0.625/MERRA2/2019/07/MERRA2.20190701.A3cld.05x0625.nc4
2137.935,hit,false,0.000,0,344.443,22,GEOS_0.5x0.625/MERRA2/2019/07/MERRA2.20190701.A3cld.05x0625.nc4
2137.961,hit,false,0.000,0,344.469,22,GEOS_0.5x0.625/MERRA2/2019/07/MERRA2.20190701.A3cld.05x0625.nc4
2137.995,hit,false,0.000,0,344.503,22,GEOS_0.5x0.625/MERRA2/2019/07/MERRA2.20190701.A3cld.05x0625.nc4
2138.024,hit,false,0.000,0,344.532,22,GEOS_0.5x0.625/MERRA2/2019/07/MERRA2.20190701.A3cld.05x0625.nc4
2138.049,hit,false,0.000,0,344.557,22,GEOS_0.5x0.625/MERRA2/2019/07/MERRA2.20190701.A3cld.05x0625.nc4
2138.089,hit,false,0.000,0,344.597,22,GEOS_0.5x0.625/MERRA2/2019/07/MERRA2.20190701.A3cld.05x0625.nc4
2138.115,hit,false,0.000,0,344.621,23,GEOS_0.5x0.625/MERRA2/2019/07/MERRA2.20190701.A3cld.05x0625.nc4
2138.156,hit,false,0.000,0,344.663,23,GEOS_0.5x0.625/MERRA2/2019/07/MERRA2.20190701.A3cld.05x0625.nc4
2138.182,hit,false,0.000,0,344.689,23,GEOS_0.5x0.625/MERRA2/2019/07/MERRA2.20190701.A3cld.05x0625.nc4
2138.223,hit,false,0.000,0,344.729,23,GEOS_0.5x0.625/MERRA2/2019/07/MERRA2.20190701.A3cld.05x0625.nc4
2138.248,hit,false,0.000,0,344.754,23,GEOS_0.5x0.625/MERRA2/2019/07/MERRA2.20190701.A3cld.05x0625.nc4
2138.286,hit,false,0.000,0,344.793,23,GEOS_0.5x0.625/MERRA2/2019/07/MERRA2.20190701.A3cld.05x0625.nc4
2138.313,hit,false,0.000,0,344.819,23,GEOS_0.5x0.625/MERRA2/2019/07/MERRA2.20190701.A3cld.05x0625.nc4
2138.349,hit,false,0.000,0,344.855,23,GEOS_0.5x0.625/MERRA2/2019/07/MERRA2.20190701.A3cld.05x0625.nc4
2138.373,hit,false,0.000,0,344.876,24,GEOS_0.5x0.625/MERRA2/2019/07/MERRA2.20190701.A3cld.05x0625.nc4
2138.413,hit,false,0.000,0,344.915,24,GEOS_0.5x0.625/MERRA2/2019/07/MERRA2.20190701.A3cld.05x0625.nc4
2138.456,hit,false,0.000,0,344.959,24,GEOS_0.5x0.625/MERRA2/2019/07/MERRA2.20190701.A3cld.05x0625.nc4
2138.483,hit,false,0.000,0,344.985,24,GEOS_0.5x0.625/MERRA2/2019/07/MERRA2.20190701.A3cld.05x0625.nc4
2138.521,hit,false,0.000,0,345.024,24,GEOS_0.5x0.625/MERRA2/2019/07/MERRA2.20190701.A3cld.05x0625.nc4
2138.548,hit,false,0.000,0,345.051,24,GEOS_0.5x0.625/MERRA2/2019/07/MERRA2.20190701.A3cld.05x0625.nc4
2138.581,hit,false,0.000,0,345.084,24,GEOS_0.5x0.625/MERRA2/2019/07/MERRA2.20190701.A3cld.05x0625.nc4
2138.615,hit,false,0.000,0,345.118,24,GEOS_0.5x0.625/MERRA2/2019/07/MERRA2.20190701.A3cld.05x0625.nc4
2138.652,hit,false,0.000,0,345.152,25,GEOS_0.5x0.625/MERRA2/2019/07/MERRA2.20190701.A3cld.05x0625.nc4
2138.680,hit,false,0.000,0,345.181,25,GEOS_0.5x0.625/MERRA2/2019/07/MERRA2.20190701.A3cld.05x0625.nc4
2138.716,hit,false,0.000,0,345.217,25,GEOS_0.5x0.625/MERRA2/2019/07/MERRA2.20190701.A3cld.05x0625.nc4
2138.745,hit,false,0.000,0,345.246,25,GEOS_0.5x0.625/MERRA2/2019/07/MERRA2.20190701.A3cld.05x0625.nc4
2138.779,hit,false,0.000,0,345.280,25,GEOS_0.5x0.625/MERRA2/2019/07/MERRA2.20190701.A3cld.05x0625.nc4
2138.805,hit,false,0.000,0,345.306,25,GEOS_0.5x0.625/MERRA2/2019/07/MERRA2.20190701.A3cld.05x0625.nc4
2138.842,hit,false,0.000,0,345.343,25,GEOS_0.5x0.625/MERRA2/2019/07/MERRA2.20190701.A3cld.05x0625.nc4
2138.867,hit,false,0.000,0,345.368,25,GEOS_0.5x0.625/MERRA2/2019/07/MERRA2.20190701.A3cld.05x0625.nc4
2138.902,hit,false,0.000,0,345.401,26,GEOS_0.5x0.625/MERRA2/2019/07/MERRA2.20190701.A3cld.05x0625.nc4
2138.932,hit,false,0.000,0,345.430,26,GEOS_0.5x0.625/MERRA2/2019/07/MERRA2.20190701.A3cld.05x0625.nc4
2138.965,hit,false,0.000,0,345.464,26,GEOS_0.5x0.625/MERRA2/2019/07/MERRA2.20190701.A3cld.05x0625.nc4
2138.993,hit,false,0.000,0,345.492,26,GEOS_0.5x0.625/MERRA2/2019/07/MERRA2.20190701.A3cld.05x0625.nc4
2139.026,hit,false,0.000,0,345.525,26,GEOS_0.5x0.625/MERRA2/2019/07/MERRA2.20190701.A3cld.05x0625.nc4
2139.059,hit,false,0.000,0,345.558,26,GEOS_0.5x0.625/MERRA2/2019/07/MERRA2.20190701.A3cld.05x0625.nc4
2139.089,hit,false,0.000,0,345.588,26,GEOS_0.5x0.625/MERRA2/2019/07/MERRA2.20190701.A3cld.05x0625.nc4
2139.121,hit,false,0.000,0,345.620,26,GEOS_0.5x0.625/MERRA2/2019/07/MERRA2.20190701.A3cld.05x0625.nc4
2139.149,hit,false,0.000,0,345.194,27,GEOS_0.5x0.625/MERRA2/2019/07/MERRA2.20190701.A3cld.05x0625.nc4
2139.185,hit,false,0.000,0,345.230,27,GEOS_0.5x0.625/MERRA2/2019/07/MERRA2.20190701.A3cld.05x0625.nc4
2139.210,hit,false,0.000,0,345.255,27,GEOS_0.5x0.625/MERRA2/2019/07/MERRA2.20190701.A3cld.05x0625.nc4
2139.253,hit,false,0.000,0,345.298,27,GEOS_0.5x0.625/MERRA2/2019/07/MERRA2.20190701.A3cld.05x0625.nc4
2139.277,hit,false,0.000,0,345.322,27,GEOS_0.5x0.625/MERRA2/2019/07/MERRA2.20190701.A3cld.05x0625.nc4
2139.315,hit,false,0.000,0,345.359,27,GEOS_0.5x0.625/MERRA2/2019/07/MERRA2.20190701.A3cld.05x0625.nc4
2139.341,hit,false,0.000,0,345.385,27,GEOS_0.5x0.625/MERRA2/2019/07/MERRA2.20190701.A3cld.05x0625.nc4
2139.379,hit,false,0.000,0,345.423,27,GEOS_0.5x0.625/MERRA2/2019/07/MERRA2.20190701.A3cld.05x0625.nc4
2139.404,hit,false,0.000,0,345.439,28,GEOS_0.5x0.625/MERRA2/2019/07/MERRA2.20190701.A3cld.05x0625.nc4
2139.446,hit,false,0.000,0,345.481,28,GEOS_0.5x0.625/MERRA2/2019/07/MERRA2.20190701.A3cld.05x0625.nc4
2139.472,hit,false,0.000,0,345.507,28,GEOS_0.5x0.625/MERRA2/2019/07/MERRA2.20190701.A3cld.05x0625.nc4
2139.512,hit,false,0.000,0,345.547,28,GEOS_0.5x0.625/MERRA2/2019/07/MERRA2.20190701.A3cld.05x0625.nc4
2139.536,hit,false,0.000,0,345.571,28,GEOS_0.5x0.625/MERRA2/2019/07/MERRA2.20190701.A3cld.05x0625.nc4
2139.572,hit,false,0.000,0,345.607,28,GEOS_0.5x0.625/MERRA2/2019/07/MERRA2.20190701.A3cld.05x0625.nc4
2139.598,hit,false,0.000,0,345.633,28,GEOS_0.5x0.625/MERRA2/2019/07/MERRA2.20190701.A3cld.05x0625.nc4
2139.634,hit,false,0.000,0,345.669,28,GEOS_0.5x0.625/MERRA2/2019/07/MERRA2.20190701.A3cld.05x0625.nc4
2139.659,hit,false,0.000,0,345.692,29,GEOS_0.5x0.625/MERRA2/2019/07/MERRA2.20190701.A3cld.05x0625.nc4
2139.699,hit,false,0.000,0,345.732,29,GEOS_0.5x0.625/MERRA2/2019/07/MERRA2.20190701.A3cld.05x0625.nc4
2139.725,hit,false,0.000,0,345.758,29,GEOS_0.5x0.625/MERRA2/2019/07/MERRA2.20190701.A3cld.05x0625.nc4
2139.757,hit,false,0.000,0,345.790,29,GEOS_0.5x0.625/MERRA2/2019/07/MERRA2.20190701.A3cld.05x0625.nc4
2139.783,hit,false,0.000,0,345.816,29,GEOS_0.5x0.625/MERRA2/2019/07/MERRA2.20190701.A3cld.05x0625.nc4
2139.819,hit,false,0.000,0,345.852,29,GEOS_0.5x0.625/MERRA2/2019/07/MERRA2.20190701.A3cld.05x0625.nc4
2139.845,hit,false,0.000,0,345.878,29,GEOS_0.5x0.625/MERRA2/2019/07/MERRA2.20190701.A3cld.05x0625.nc4
2139.878,hit,false,0.000,0,345.911,29,GEOS_0.5x0.625/MERRA2/2019/07/MERRA2.20190701.A3cld.05x0625.nc4
2139.904,hit,false,0.000,0,345.935,30,GEOS_0.5x0.625/MERRA2/2019/07/MERRA2.20190701.A3cld.05x0625.nc4
2139.939,hit,false,0.000,0,345.970,30,GEOS_0.5x0.625/MERRA2/2019/07/MERRA2.20190701.A3cld.05x0625.nc4
2139.966,hit,false,0.000,0,345.997,30,GEOS_0.5x0.625/MERRA2/2019/07/MERRA2.20190701.A3cld.05x0625.nc4
2139.998,hit,false,0.000,0,346.029,30,GEOS_0.5x0.625/MERRA2/2019/07/MERRA2.20190701.A3cld.05x0625.nc4
2140.026,hit,false,0.000,0,346.057,30,GEOS_0.5x0.625/MERRA2/2019/07/MERRA2.20190701.A3cld.05x0625.nc4
2140.059,hit,false,0.000,0,346.090,30,GEOS_0.5x0.625/MERRA2/2019/07/MERRA2.20190701.A3cld.05x0625.nc4
2140.087,hit,false,0.000,0,346.118,30,GEOS_0.5x0.625/MERRA2/2019/07/MERRA2.20190701.A3cld.05x0625.nc4
2140.114,hit,false,0.000,0,346.145,30,GEOS_0.5x0.625/MERRA2/2019/07/MERRA2.20190701.A3cld.05x0625.nc4
2140.151,hit,false,0.000,0,346.180,31,GEOS_0.5x0.625/MERRA2/2019/07/MERRA2.20190701.A3cld.05x0625.nc4
2140.181,hit,false,0.000,0,346.210,31,GEOS_0.5x0.625/MERRA2/2019/07/MERRA2.20190701.A3cld.05x0625.nc4
2140.214,hit,false,0.000,0,346.243,31,GEOS_0.5x0.625/MERRA2/2019/07/MERRA2.20190701.A3cld.05x0625.nc4
2140.240,hit,false,0.000,0,346.269,31,GEOS_0.5x0.625/MERRA2/2019/07/MERRA2.20190701.A3cld.05x0625.nc4
2140.273,hit,false,0.000,0,346.302,31,GEOS_0.5x0.625/MERRA2/2019/07/MERRA2.20190701.A3cld.05x0625.nc4
2140.301,hit,false,0.000,0,346.330,31,GEOS_0.5x0.625/MERRA2/2019/07/MERRA2.20190701.A3cld.05x0625.nc4
2140.334,hit,false,0.000,0,346.363,31,GEOS_0.5x0.625/MERRA2/2019/07/MERRA2.20190701.A3cld.05x0625.nc4
2140.360,hit,false,0.000,0,346.389,31,GEOS_0.5x0.625/MERRA2/2019/07/MERRA2.20190701.A3cld.05x0625.nc4
2140.405,hit,false,0.000,0,346.899,32,GEOS_0.5x0.625/MERRA2/2019/07/MERRA2.20190701.A3cld.05x0625.nc4
2140.433,hit,false,0.000,0,346.926,32,GEOS_0.5x0.625/MERRA2/2019/07/MERRA2.20190701.A3cld.05x0625.nc4
2140.481,hit,false,0.000,0,346.974,32,GEOS_0.5x0.625/MERRA2/2019/07/MERRA2.20190701.A3cld.05x0625.nc4
2140.504,hit,false,0.000,0,346.998,32,GEOS_0.5x0.625/MERRA2/2019/07/MERRA2.20190701.A3cld.05x0625.nc4
2140.538,hit,false,0.000,0,347.032,32,GEOS_0.5x0.625/MERRA2/2019/07/MERRA2.20190701.A3cld.05x0625.nc4
2140.566,hit,false,0.000,0,347.060,32,GEOS_0.5x0.625/MERRA2/2019/07/MERRA2.20190701.A3cld.05x0625.nc4
2140.602,hit,false,0.000,0,347.096,32,GEOS_0.5x0.625/MERRA2/2019/07/MERRA2.20190701.A3cld.05x0625.nc4
2140.627,hit,false,0.000,0,347.121,32,GEOS_0.5x0.625/MERRA2/2019/07/MERRA2.20190701.A3cld.05x0625.nc4
2140.661,hit,false,0.000,0,347.153,33,GEOS_0.5x0.625/MERRA2/2019/07/MERRA2.20190701.A3cld.05x0625.nc4
2140.690,hit,false,0.000,0,347.182,33,GEOS_0.5x0.625/MERRA2/2019/07/MERRA2.20190701.A3cld.05x0625.nc4
2140.723,hit,false,0.000,0,347.215,33,GEOS_0.5x0.625/MERRA2/2019/07/MERRA2.20190701.A3cld.05x0625.nc4
2140.754,hit,false,0.000,0,347.246,33,GEOS_0.5x0.625/MERRA2/2019/07/MERRA2.20190701.A3cld.05x0625.nc4
2140.785,hit,false,0.000,0,347.277,33,GEOS_0.5x0.625/MERRA2/2019/07/MERRA2.20190701.A3cld.05x0625.nc4
2140.817,hit,false,0.000,0,347.309,33,GEOS_0.5x0.625/MERRA2/2019/07/MERRA2.20190701.A3cld.05x0625.nc4
2140.848,hit,false,0.000,0,347.340,33,GEOS_0.5x0.625/MERRA2/2019/07/MERRA2.20190701.A3cld.05x0625.nc4
2140.881,hit,false,0.000,0,347.373,33,GEOS_0.5x0.625/MERRA2/2019/07/MERRA2.20190701.A3cld.05x0625.nc4
2140.908,hit,false,0.000,0,347.397,34,GEOS_0.5x0.625/MERRA2/2019/07/MERRA2.20190701.A3cld.05x0625.nc4
2140.945,hit,false,0.000,0,347.435,34,GEOS_0.5x0.625/MERRA2/2019/07/MERRA2.20190701.A3cld.05x0625.nc4
2140.974,hit,false,0.000,0,347.464,34,GEOS_0.5x0.625/MERRA2/2019/07/MERRA2.20190701.A3cld.05x0625.nc4
2141.005,hit,false,0.000,0,347.494,34,GEOS_0.5x0.625/MERRA2/2019/07/MERRA2.20190701.A3cld.05x0625.nc4
2141.033,hit,false,0.000,0,347.523,34,GEOS_0.5x0.625/MERRA2/2019/07/MERRA2.20190701.A3cld.05x0625.nc4
2141.065,hit,false,0.000,0,347.555,34,GEOS_0.5x0.625/MERRA2/2019/07/MERRA2.20190701.A3cld.05x0625.nc4
2141.090,hit,false,0.000,0,347.579,34,GEOS_0.5x0.625/MERRA2/2019/07/MERRA2.20190701.A3cld.05x0625.nc4
2141.128,hit,false,0.000,0,347.617,34,GEOS_0.5x0.625/MERRA2/2019/07/MERRA2.20190701.A3cld.05x0625.nc4
2141.156,hit,false,0.000,0,347.643,35,GEOS_0.5x0.625/MERRA2/2019/07/MERRA2.20190701.A3cld.05x0625.nc4
2141.195,hit,false,0.000,0,347.683,35,GEOS_0.5x0.625/MERRA2/2019/07/MERRA2.20190701.A3cld.05x0625.nc4
2141.220,hit,false,0.000,0,347.707,35,GEOS_0.5x0.625/MERRA2/2019/07/MERRA2.20190701.A3cld.05x0625.nc4
2141.262,hit,false,0.000,0,347.749,35,GEOS_0.5x0.625/MERRA2/2019/07/MERRA2.20190701.A3cld.05x0625.nc4
2141.289,hit,false,0.000,0,347.777,35,GEOS_0.5x0.625/MERRA2/2019/07/MERRA2.20190701.A3cld.05x0625.nc4
2141.321,hit,false,0.000,0,347.809,35,GEOS_0.5x0.625/MERRA2/2019/07/MERRA2.20190701.A3cld.05x0625.nc4
2141.350,hit,false,0.000,0,347.837,35,GEOS_0.5x0.625/MERRA2/2019/07/MERRA2.20190701.A3cld.05x0625.nc4
2141.388,hit,false,0.000,0,347.875,35,GEOS_0.5x0.625/MERRA2/2019/07/MERRA2.20190701.A3cld.05x0625.nc4
2141.414,hit,false,0.000,0,347.895,36,GEOS_0.5x0.625/MERRA2/2019/07/MERRA2.20190701.A3cld.05x0625.nc4
2141.450,hit,false,0.000,0,347.931,36,GEOS_0.5x0.625/MERRA2/2019/07/MERRA2.20190701.A3cld.05x0625.nc4
2141.467,hit,false,0.000,0,347.948,36,GEOS_0.5x0.625/MERRA2/2019/07/MERRA2.20190701.A3cld.05x0625.nc4
2141.522,hit,false,0.000,0,348.003,36,GEOS_0.5x0.625/MERRA2/2019/07/MERRA2.20190701.A3cld.05x0625.nc4
2141.548,hit,false,0.000,0,348.029,36,GEOS_0.5x0.625/MERRA2/2019/07/MERRA2.20190701.A3cld.05x0625.nc4
2141.582,hit,false,0.000,0,348.062,36,GEOS_0.5x0.625/MERRA2/2019/07/MERRA2.20190701.A3cld.05x0625.nc4
2141.607,hit,false,0.000,0,348.088,36,GEOS_0.5x0.625/MERRA2/2019/07/MERRA2.20190701.A3cld.05x0625.nc4
2141.641,hit,false,0.000,0,348.122,36,GEOS_0.5x0.625/MERRA2/2019/07/MERRA2.20190701.A3cld.05x0625.nc4
2141.667,hit,false,0.000,0,348.147,37,GEOS_0.5x0.625/MERRA2/2019/07/MERRA2.20190701.A3cld.05x0625.nc4
2141.703,hit,false,0.000,0,348.183,37,GEOS_0.5x0.625/MERRA2/2019/07/MERRA2.20190701.A3cld.05x0625.nc4
2141.731,hit,false,0.000,0,348.210,37,GEOS_0.5x0.625/MERRA2/2019/07/MERRA2.20190701.A3cld.05x0625.nc4
2141.765,hit,false,0.000,0,348.244,37,GEOS_0.5x0.625/MERRA2/2019/07/MERRA2.20190701.A3cld.05x0625.nc4
2141.793,hit,false,0.000,0,348.272,37,GEOS_0.5x0.625/MERRA2/2019/07/MERRA2.20190701.A3cld.05x0625.nc4
2141.829,hit,false,0.000,0,348.308,37,GEOS_0.5x0.625/MERRA2/2019/07/MERRA2.20190701.A3cld.05x0625.nc4
2141.854,hit,false,0.000,0,348.333,37,GEOS_0.5x0.625/MERRA2/2019/07/MERRA2.20190701.A3cld.05x0625.nc4
2141.894,hit,false,0.000,0,348.373,37,GEOS_0.5x0.625/MERRA2/2019/07/MERRA2.20190701.A3cld.05x0625.nc4
2141.920,hit,false,0.000,0,348.397,38,GEOS_0.5x0.625/MERRA2/2019/07/MERRA2.20190701.A3cld.05x0625.nc4
2141.956,hit,false,0.000,0,348.433,38,GEOS_0.5x0.625/MERRA2/2019/07/MERRA2.20190701.A3cld.05x0625.nc4
2141.981,hit,false,0.000,0,348.458,38,GEOS_0.5x0.625/MERRA2/2019/07/MERRA2.20190701.A3cld.05x0625.nc4
2142.017,hit,false,0.000,0,348.494,38,GEOS_0.5x0.625/MERRA2/2019/07/MERRA2.20190701.A3cld.05x0625.nc4
2142.044,hit,false,0.000,0,348.521,38,GEOS_0.5x0.625/MERRA2/2019/07/MERRA2.20190701.A3cld.05x0625.nc4
2142.079,hit,false,0.000,0,348.556,38,GEOS_0.5x0.625/MERRA2/2019/07/MERRA2.20190701.A3cld.05x0625.nc4
2142.104,hit,false,0.000,0,348.581,38,GEOS_0.5x0.625/MERRA2/2019/07/MERRA2.20190701.A3cld.05x0625.nc4
2142.139,hit,false,0.000,0,348.616,38,GEOS_0.5x0.625/MERRA2/2019/07/MERRA2.20190701.A3cld.05x0625.nc4
2142.165,hit,false,0.000,0,348.640,39,GEOS_0.5x0.625/MERRA2/2019/07/MERRA2.20190701.A3cld.05x0625.nc4
2142.202,hit,false,0.000,0,348.678,39,GEOS_0.5x0.625/MERRA2/2019/07/MERRA2.20190701.A3cld.05x0625.nc4
2142.227,hit,false,0.000,0,348.703,39,GEOS_0.5x0.625/MERRA2/2019/07/MERRA2.20190701.A3cld.05x0625.nc4
2142.262,hit,false,0.000,0,348.738,39,GEOS_0.5x0.625/MERRA2/2019/07/MERRA2.20190701.A3cld.05x0625.nc4
2142.289,hit,false,0.000,0,348.764,39,GEOS_0.5x0.625/MERRA2/2019/07/MERRA2.20190701.A3cld.05x0625.nc4
2142.321,hit,false,0.000,0,348.796,39,GEOS_0.5x0.625/MERRA2/2019/07/MERRA2.20190701.A3cld.05x0625.nc4
2142.351,hit,false,0.000,0,348.826,39,GEOS_0.5x0.625/MERRA2/2019/07/MERRA2.20190701.A3cld.05x0625.nc4
2142.383,hit,false,0.000,0,348.859,39,GEOS_0.5x0.625/MERRA2/2019/07/MERRA2.20190701.A3cld.05x0625.nc4
2142.409,hit,false,0.000,0,348.640,40,GEOS_0.5x0.625/MERRA2/2019/07/MERRA2.20190701.A3cld.05x0625.nc4
2142.449,hit,false,0.000,0,348.680,40,GEOS_0.5x0.625/MERRA2/2019/07/MERRA2.20190701.A3cld.05x0625.nc4
2142.483,hit,false,0.000,0,348.714,40,GEOS_0.5x0.625/MERRA2/2019/07/MERRA2.20190701.A3cld.05x0625.nc4
2142.507,hit,false,0.000,0,348.738,40,GEOS_0.5x0.625/MERRA2/2019/07/MERRA2.20190701.A3cld.05x0625.nc4
2142.550,hit,false,0.000,0,348.781,40,GEOS_0.5x0.625/MERRA2/2019/07/MERRA2.20190701.A3cld.05x0625.nc4
2142.575,hit,false,0.000,0,348.805,40,GEOS_0.5x0.625/MERRA2/2019/07/MERRA2.20190701.A3cld.05x0625.nc4
2142.616,hit,false,0.000,0,348.847,40,GEOS_0.5x0.625/MERRA2/2019/07/MERRA2.20190701.A3cld.05x0625.nc4
2142.647,hit,false,0.000,0,348.878,40,GEOS_0.5x0.625/MERRA2/2019/07/MERRA2.20190701.A3cld.05x0625.nc4
2142.679,hit,false,0.000,0,348.907,41,GEOS_0.5x0.625/MERRA2/2019/07/MERRA2.20190701.A3cld.05x0625.nc4
2142.714,hit,false,0.000,0,348.942,41,GEOS_0.5x0.625/MERRA2/2019/07/MERRA2.20190701.A3cld.05x0625.nc4
2142.738,hit,false,0.000,0,348.967,41,GEOS_0.5x0.625/MERRA2/2019/07/MERRA2.20190701.A3cld.05x0625.nc4
2142.772,hit,false,0.000,0,349.000,41,GEOS_0.5x0.625/MERRA2/2019/07/MERRA2.20190701.A3cld.05x0625.nc4
2142.801,hit,false,0.000,0,349.029,41,GEOS_0.5x0.625/MERRA2/2019/07/MERRA2.20190701.A3cld.05x0625.nc4
2142.833,hit,false,0.000,0,349.061,41,GEOS_0.5x0.625/MERRA2/2019/07/MERRA2.20190701.A3cld.05x0625.nc4
2142.859,hit,false,0.000,0,349.087,41,GEOS_0.5x0.625/MERRA2/2019/07/MERRA2.20190701.A3cld.05x0625.nc4
2142.897,hit,false,0.000,0,349.125,41,GEOS_0.5x0.625/MERRA2/2019/07/MERRA2.20190701.A3cld.05x0625.nc4
2142.923,hit,false,0.000,0,349.149,42,GEOS_0.5x0.625/MERRA2/2019/07/MERRA2.20190701.A3cld.05x0625.nc4
2142.963,hit,false,0.000,0,349.190,42,GEOS_0.5x0.625/MERRA2/2019/07/MERRA2.20190701.A3cld.05x0625.nc4
2142.988,hit,false,0.000,0,349.215,42,GEOS_0.5x0.625/MERRA2/2019/07/MERRA2.20190701.A3cld.05x0625.nc4
2143.026,hit,false,0.000,0,349.253,42,GEOS_0.5x0.625/MERRA2/2019/07/MERRA2.20190701.A3cld.05x0625.nc4
2143.053,hit,false,0.000,0,349.280,42,GEOS_0.5x0.625/MERRA2/2019/07/MERRA2.20190701.A3cld.05x0625.nc4
2143.085,hit,false,0.000,0,349.312,42,GEOS_0.5x0.625/MERRA2/2019/07/MERRA2.20190701.A3cld.05x0625.nc4
2143.112,hit,false,0.000,0,349.339,42,GEOS_0.5x0.625/MERRA2/2019/07/MERRA2.20190701.A3cld.05x0625.nc4
2143.145,hit,false,0.000,0,349.371,42,GEOS_0.5x0.625/MERRA2/2019/07/MERRA2.20190701.A3cld.05x0625.nc4
2143.174,hit,false,0.000,0,349.398,43,GEOS_0.5x0.625/MERRA2/2019/07/MERRA2.20190701.A3cld.05x0625.nc4
2143.210,hit,false,0.000,0,349.435,43,GEOS_0.5x0.625/MERRA2/2019/07/MERRA2.20190701.A3cld.05x0625.nc4
2143.239,hit,false,0.000,0,349.463,43,GEOS_0.5x0.625/MERRA2/2019/07/MERRA2.20190701.A3cld.05x0625.nc4
2143.272,hit,false,0.000,0,349.496,43,GEOS_0.5x0.625/MERRA2/2019/07/MERRA2.20190701.A3cld.05x0625.nc4
2143.298,hit,false,0.000,0,349.522,43,GEOS_0.5x0.625/MERRA2/2019/07/MERRA2.20190701.A3cld.05x0625.nc4
2143.338,hit,false,0.000,0,349.563,43,GEOS_0.5x0.625/MERRA2/2019/07/MERRA2.20190701.A3cld.05x0625.nc4
2143.364,hit,false,0.000,0,349.588,43,GEOS_0.5x0.625/MERRA2/2019/07/MERRA2.20190701.A3cld.05x0625.nc4
2143.396,hit,false,0.000,0,349.620,43,GEOS_0.5x0.625/MERRA2/2019/07/MERRA2.20190701.A3cld.05x0625.nc4
2143.423,hit,false,0.000,0,349.641,44,GEOS_0.5x0.625/MERRA2/2019/07/MERRA2.20190701.A3cld.05x0625.nc4
2143.458,hit,false,0.000,0,349.677,44,GEOS_0.5x0.625/MERRA2/2019/07/MERRA2.20190701.A3cld.05x0625.nc4
2143.486,hit,false,0.000,0,349.705,44,GEOS_0.5x0.625/MERRA2/2019/07/MERRA2.20190701.A3cld.05x0625.nc4
2143.518,hit,false,0.000,0,349.737,44,GEOS_0.5x0.625/MERRA2/2019/07/MERRA2.20190701.A3cld.05x0625.nc4
2143.548,hit,false,0.000,0,349.766,44,GEOS_0.5x0.625/MERRA2/2019/07/MERRA2.20190701.A3cld.05x0625.nc4
2143.580,hit,false,0.000,0,349.799,44,GEOS_0.5x0.625/MERRA2/2019/07/MERRA2.20190701.A3cld.05x0625.nc4
2143.610,hit,false,0.000,0,349.829,44,GEOS_0.5x0.625/MERRA2/2019/07/MERRA2.20190701.A3cld.05x0625.nc4
2143.637,hit,false,0.000,0,349.855,44,GEOS_0.5x0.625/MERRA2/2019/07/MERRA2.20190701.A3cld.05x0625.nc4
2143.676,hit,false,0.000,0,349.893,45,GEOS_0.5x0.625/MERRA2/2019/07/MERRA2.20190701.A3cld.05x0625.nc4
2143.703,hit,false,0.000,0,349.920,45,GEOS_0.5x0.625/MERRA2/2019/07/MERRA2.20190701.A3cld.05x0625.nc4
2143.738,hit,false,0.000,0,349.955,45,GEOS_0.5x0.625/MERRA2/2019/07/MERRA2.20190701.A3cld.05x0625.nc4
2143.764,hit,false,0.000,0,349.981,45,GEOS_0.5x0.625/MERRA2/2019/07/MERRA2.20190701.A3cld.05x0625.nc4
2143.801,hit,false,0.000,0,350.018,45,GEOS_0.5x0.625/MERRA2/2019/07/MERRA2.20190701.A3cld.05x0625.nc4
2143.827,hit,false,0.000,0,350.044,45,GEOS_0.5x0.625/MERRA2/2019/07/MERRA2.20190701.A3cld.05x0625.nc4
2143.861,hit,false,0.000,0,350.078,45,GEOS_0.5x0.625/MERRA2/2019/07/MERRA2.20190701.A3cld.05x0625.nc4
2143.888,hit,false,0.000,0,350.105,45,GEOS_0.5x0.625/MERRA2/2019/07/MERRA2.20190701.A3cld.05x0625.nc4
2143.920,hit,false,0.000,0,350.135,46,GEOS_0.5x0.625/MERRA2/2019/07/MERRA2.20190701.A3cld.05x0625.nc4
2143.952,hit,false,0.000,0,350.167,46,GEOS_0.5x0.625/MERRA2/2019/07/MERRA2.20190701.A3cld.05x0625.nc4
2143.979,hit,false,0.000,0,350.194,46,GEOS_0.5x0.625/MERRA2/2019/07/MERRA2.20190701.A3cld.05x0625.nc4
2144.012,hit,false,0.000,0,350.227,46,GEOS_0.5x0.625/MERRA2/2019/07/MERRA2.20190701.A3cld.05x0625.nc4
2144.041,hit,false,0.000,0,350.256,46,GEOS_0.5x0.625/MERRA2/2019/07/MERRA2.20190701.A3cld.05x0625.nc4
2144.072,hit,false,0.000,0,350.287,46,GEOS_0.5x0.625/MERRA2/2019/07/MERRA2.20190701.A3cld.05x0625.nc4
2144.100,hit,false,0.000,0,350.315,46,GEOS_0.5x0.625/MERRA2/2019/07/MERRA2.20190701.A3cld.05x0625.nc4
2144.138,hit,false,0.000,0,350.353,46,GEOS_0.5x0.625/MERRA2/2019/07/MERRA2.20190701.A3cld.05x0625.nc4
2144.163,hit,false,0.000,0,350.376,47,GEOS_0.5x0.625/MERRA2/2019/07/MERRA2.20190701.A3cld.05x0625.nc4
2144.202,hit,false,0.000,0,350.415,47,GEOS_0.5x0.625/MERRA2/2019/07/MERRA2.20190701.A3cld.05x0625.nc4
2144.230,hit,false,0.000,0,350.443,47,GEOS_0.5x0.625/MERRA2/2019/07/MERRA2.20190701.A3cld.05x0625.nc4
2144.262,hit,false,0.000,0,350.476,47,GEOS_0.5x0.625/MERRA2/2019/07/MERRA2.20190701.A3cld.05x0625.nc4
2144.291,hit,false,0.000,0,350.505,47,GEOS_0.5x0.625/MERRA2/2019/07/MERRA2.20190701.A3cld.05x0625.nc4
2144.319,hit,false,0.000,0,350.533,47,GEOS_0.5x0.625/MERRA2/2019/07/MERRA2.20190701.A3cld.05x0625.nc4
2144.351,hit,false,0.000,0,350.565,47,GEOS_0.5x0.625/MERRA2/2019/07/MERRA2.20190701.A3cld.05x0625.nc4
2144.378,hit,false,0.000,0,350.591,47,GEOS_0.5x0.625/MERRA2/2019/07/MERRA2.20190701.A3cld.05x0625.nc4
2144.405,hit,false,0.000,0,350.457,48,GEOS_0.5x0.625/MERRA2/2019/07/MERRA2.20190701.A3cld.05x0625.nc4
2144.444,hit,false,0.000,0,350.496,48,GEOS_0.5x0.625/MERRA2/2019/07/MERRA2.20190701.A3cld.05x0625.nc4
2144.476,hit,false,0.000,0,350.528,48,GEOS_0.5x0.625/MERRA2/2019/07/MERRA2.20190701.A3cld.05x0625.nc4
2144.508,hit,false,0.000,0,350.560,48,GEOS_0.5x0.625/MERRA2/2019/07/MERRA2.20190701.A3cld.05x0625.nc4
2144.540,hit,false,0.000,0,350.592,48,GEOS_0.5x0.625/MERRA2/2019/07/MERRA2.20190701.A3cld.05x0625.nc4
2144.568,hit,false,0.000,0,350.620,48,GEOS_0.5x0.625/MERRA2/2019/07/MERRA2.20190701.A3cld.05x0625.nc4
2144.599,hit,false,0.000,0,350.651,48,GEOS_0.5x0.625/MERRA2/2019/07/MERRA2.20190701.A3cld.05x0625.nc4
2144.626,hit,false,0.000,0,350.678,48,GEOS_0.5x0.625/MERRA2/2019/07/MERRA2.20190701.A3cld.05x0625.nc4
2144.659,hit,false,0.000,0,350.709,49,GEOS_0.5x0.625/MERRA2/2019/07/MERRA2.20190701.A3cld.05x0625.nc4
2144.688,hit,false,0.000,0,350.737,49,GEOS_0.5x0.625/MERRA2/2019/07/MERRA2.20190701.A3cld.05x0625.nc4
2144.720,hit,false,0.000,0,350.769,49,GEOS_0.5x0.625/MERRA2/2019/07/MERRA2.20190701.A3cld.05x0625.nc4
2144.747,hit,false,0.000,0,350.797,49,GEOS_0.5x0.625/MERRA2/2019/07/MERRA2.20190701.A3cld.05x0625.nc4
2144.778,hit,false,0.000,0,350.828,49,GEOS_0.5x0.625/MERRA2/2019/07/MERRA2.20190701.A3cld.05x0625.nc4
2144.813,hit,false,0.000,0,350.863,49,GEOS_0.5x0.625/MERRA2/2019/07/MERRA2.20190701.A3cld.05x0625.nc4
2144.840,hit,false,0.000,0,350.889,49,GEOS_0.5x0.625/MERRA2/2019/07/MERRA2.20190701.A3cld.05x0625.nc4
2144.876,hit,false,0.000,0,350.926,49,GEOS_0.5x0.625/MERRA2/2019/07/MERRA2.20190701.A3cld.05x0625.nc4
2144.901,hit,false,0.000,0,350.949,50,GEOS_0.5x0.625/MERRA2/2019/07/MERRA2.20190701.A3cld.05x0625.nc4
2144.943,hit,false,0.000,0,350.991,50,GEOS_0.5x0.625/MERRA2/2019/07/MERRA2.20190701.A3cld.05x0625.nc4
2144.969,hit,false,0.000,0,351.017,50,GEOS_0.5x0.625/MERRA2/2019/07/MERRA2.20190701.A3cld.05x0625.nc4
2145.007,hit,false,0.000,0,351.055,50,GEOS_0.5x0.625/MERRA2/2019/07/MERRA2.20190701.A3cld.05x0625.nc4
2145.031,hit,false,0.000,0,351.079,50,GEOS_0.5x0.625/MERRA2/2019/07/MERRA2.20190701.A3cld.05x0625.nc4
2145.063,hit,false,0.000,0,351.111,50,GEOS_0.5x0.625/MERRA2/2019/07/MERRA2.20190701.A3cld.05x0625.nc4
2145.093,hit,false,0.000,0,351.141,50,GEOS_0.5x0.625/MERRA2/2019/07/MERRA2.20190701.A3cld.05x0625.nc4
2145.118,hit,false,0.000,0,351.166,50,GEOS_0.5x0.625/MERRA2/2019/07/MERRA2.20190701.A3cld.05x0625.nc4
2145.151,hit,false,0.000,0,351.197,51,GEOS_0.5x0.625/MERRA2/2019/07/MERRA2.20190701.A3cld.05x0625.nc4
2145.185,hit,false,0.000,0,351.231,51,GEOS_0.5x0.625/MERRA2/2019/07/MERRA2.20190701.A3cld.05x0625.nc4
2145.216,hit,false,0.000,0,351.262,51,GEOS_0.5x0.625/MERRA2/2019/07/MERRA2.20190701.A3cld.05x0625.nc4
2145.246,hit,false,0.000,0,351.292,51,GEOS_0.5x0.625/MERRA2/2019/07/MERRA2.20190701.A3cld.05x0625.nc4
2145.277,hit,false,0.000,0,351.323,51,GEOS_0.5x0.625/MERRA2/2019/07/MERRA2.20190701.A3cld.05x0625.nc4
2145.304,hit,false,0.000,0,351.350,51,GEOS_0.5x0.625/MERRA2/2019/07/MERRA2.20190701.A3cld.05x0625.nc4
2145.330,hit,false,0.000,0,351.376,51,GEOS_0.5x0.625/MERRA2/2019/07/MERRA2.20190701.A3cld.05x0625.nc4
2145.362,hit,false,0.000,0,351.408,51,GEOS_0.5x0.625/MERRA2/2019/07/MERRA2.20190701.A3cld.05x0625.nc4
2145.392,hit,false,0.000,0,351.431,52,GEOS_0.5x0.625/MERRA2/2019/07/MERRA2.20190701.A3cld.05x0625.nc4
2145.419,hit,false,0.000,0,351.459,52,GEOS_0.5x0.625/MERRA2/2019/07/MERRA2.20190701.A3cld.05x0625.nc4
2145.452,hit,false,0.000,0,351.491,52,GEOS_0.5x0.625/MERRA2/2019/07/MERRA2.20190701.A3cld.05x0625.nc4
2145.479,hit,false,0.000,0,351.519,52,GEOS_0.5x0.625/MERRA2/2019/07/MERRA2.20190701.A3cld.05x0625.nc4
2145.511,hit,false,0.000,0,351.551,52,GEOS_0.5x0.625/MERRA2/2019/07/MERRA2.20190701.A3cld.05x0625.nc4
2145.542,hit,false,0.000,0,351.582,52,GEOS_0.5x0.625/MERRA2/2019/07/MERRA2.20190701.A3cld.05x0625.nc4
2145.569,hit,false,0.000,0,351.608,52,GEOS_0.5x0.625/MERRA2/2019/07/MERRA2.20190701.A3cld.05x0625.nc4
2145.603,hit,false,0.000,0,351.642,52,GEOS_0.5x0.625/MERRA2/2019/07/MERRA2.20190701.A3cld.05x0625.nc4
2145.629,hit,false,0.000,0,351.667,53,GEOS_0.5x0.625/MERRA2/2019/07/MERRA2.20190701.A3cld.05x0625.nc4
2145.660,hit,false,0.000,0,351.698,53,GEOS_0.5x0.625/MERRA2/2019/07/MERRA2.20190701.A3cld.05x0625.nc4
2145.688,hit,false,0.000,0,351.726,53,GEOS_0.5x0.625/MERRA2/2019/07/MERRA2.20190701.A3cld.05x0625.nc4
2145.713,hit,false,0.000,0,351.751,53,GEOS_0.5x0.625/MERRA2/2019/07/MERRA2.20190701.A3cld.05x0625.nc4
2145.750,hit,false,0.000,0,351.788,53,GEOS_0.5x0.625/MERRA2/2019/07/MERRA2.20190701.A3cld.05x0625.nc4
2145.776,hit,false,0.000,0,351.814,53,GEOS_0.5x0.625/MERRA2/2019/07/MERRA2.20190701.A3cld.05x0625.nc4
2145.813,hit,false,0.000,0,351.851,53,GEOS_0.5x0.625/MERRA2/2019/07/MERRA2.20190701.A3cld.05x0625.nc4
2145.838,hit,false,0.000,0,351.876,53,GEOS_0.5x0.625/MERRA2/2019/07/MERRA2.20190701.A3cld.05x0625.nc4
2145.873,hit,false,0.000,0,351.909,54,GEOS_0.5x0.625/MERRA2/2019/07/MERRA2.20190701.A3cld.05x0625.nc4
2145.901,hit,false,0.000,0,351.937,54,GEOS_0.5x0.625/MERRA2/2019/07/MERRA2.20190701.A3cld.05x0625.nc4
2145.934,hit,false,0.000,0,351.971,54,GEOS_0.5x0.625/MERRA2/2019/07/MERRA2.20190701.A3cld.05x0625.nc4
2145.962,hit,false,0.000,0,351.999,54,GEOS_0.5x0.625/MERRA2/2019/07/MERRA2.20190701.A3cld.05x0625.nc4
2145.989,hit,false,0.000,0,352.025,54,GEOS_0.5x0.625/MERRA2/2019/07/MERRA2.20190701.A3cld.05x0625.nc4
2146.024,hit,false,0.000,0,352.060,54,GEOS_0.5x0.625/MERRA2/2019/07/MERRA2.20190701.A3cld.05x0625.nc4
2146.053,hit,false,0.000,0,352.090,54,GEOS_0.5x0.625/MERRA2/2019/07/MERRA2.20190701.A3cld.05x0625.nc4
2146.083,hit,false,0.000,0,352.120,54,GEOS_0.5x0.625/MERRA2/2019/07/MERRA2.20190701.A3cld.05x0625.nc4
2146.110,hit,false,0.000,0,352.145,55,GEOS_0.5x0.625/MERRA2/2019/07/MERRA2.20190701.A3cld.05x0625.nc4
2146.143,hit,false,0.000,0,352.178,55,GEOS_0.5x0.625/MERRA2/2019/07/MERRA2.20190701.A3cld.05x0625.nc4
2146.171,hit,false,0.000,0,352.206,55,GEOS_0.5x0.625/MERRA2/2019/07/MERRA2.20190701.A3cld.05x0625.nc4
2146.199,hit,false,0.000,0,352.233,55,GEOS_0.5x0.625/MERRA2/2019/07/MERRA2.20190701.A3cld.05x0625.nc4
2146.230,hit,false,0.000,0,352.264,55,GEOS_0.5x0.625/MERRA2/2019/07/MERRA2.20190701.A3cld.05x0625.nc4
2146.258,hit,false,0.000,0,352.292,55,GEOS_0.5x0.625/MERRA2/2019/07/MERRA2.20190701.A3cld.05x0625.nc4
2146.288,hit,false,0.000,0,352.323,55,GEOS_0.5x0.625/MERRA2/2019/07/MERRA2.20190701.A3cld.05x0625.nc4
2146.317,hit,false,0.000,0,352.351,55,GEOS_0.5x0.625/MERRA2/2019/07/MERRA2.20190701.A3cld.05x0625.nc4
2146.353,hit,false,0.000,0,352.899,56,GEOS_0.5x0.625/MERRA2/2019/07/MERRA2.20190701.A3cld.05x0625.nc4
2146.381,hit,false,0.000,0,352.927,56,GEOS_0.5x0.625/MERRA2/2019/07/MERRA2.20190701.A3cld.05x0625.nc4
2146.426,hit,false,0.000,0,352.972,56,GEOS_0.5x0.625/MERRA2/2019/07/MERRA2.20190701.A3cld.05x0625.nc4
2146.450,hit,false,0.000,0,352.996,56,GEOS_0.5x0.625/MERRA2/2019/07/MERRA2.20190701.A3cld.05x0625.nc4
2146.500,hit,false,0.000,0,353.046,56,GEOS_0.5x0.625/MERRA2/2019/07/MERRA2.20190701.A3cld.05x0625.nc4
2146.525,hit,false,0.000,0,353.071,56,GEOS_0.5x0.625/MERRA2/2019/07/MERRA2.20190701.A3cld.05x0625.nc4
2146.568,hit,false,0.000,0,353.114,56,GEOS_0.5x0.625/MERRA2/2019/07/MERRA2.20190701.A3cld.05x0625.nc4
2146.592,hit,false,0.000,0,353.138,56,GEOS_0.5x0.625/MERRA2/2019/07/MERRA2.20190701.A3cld.05x0625.nc4
2146.638,hit,false,0.000,0,353.180,57,GEOS_0.5x0.625/MERRA2/2019/07/MERRA2.20190701.A3cld.05x0625.nc4
2146.666,hit,false,0.000,0,353.209,57,GEOS_0.5x0.625/MERRA2/2019/07/MERRA2.20190701.A3cld.05x0625.nc4
2146.697,hit,false,0.000,0,353.240,57,GEOS_0.5x0.625/MERRA2/2019/07/MERRA2.20190701.A3cld.05x0625.nc4
2146.726,hit,false,0.000,0,353.269,57,GEOS_0.5x0.625/MERRA2/2019/07/MERRA2.20190701.A3cld.05x0625.nc4
2146.750,hit,false,0.000,0,353.293,57,GEOS_0.5x0.625/MERRA2/2019/07/MERRA2.20190701.A3cld.05x0625.nc4
2146.789,hit,false,0.000,0,353.332,57,GEOS_0.5x0.625/MERRA2/2019/07/MERRA2.20190701.A3cld.05x0625.nc4
2146.815,hit,false,0.000,0,353.358,57,GEOS_0.5x0.625/MERRA2/2019/07/MERRA2.20190701.A3cld.05x0625.nc4
2146.851,hit,false,0.000,0,353.394,57,GEOS_0.5x0.625/MERRA2/2019/07/MERRA2.20190701.A3cld.05x0625.nc4
2146.876,hit,false,0.000,0,353.416,58,GEOS_0.5x0.625/MERRA2/2019/07/MERRA2.20190701.A3cld.05x0625.nc4
2146.916,hit,false,0.000,0,353.456,58,GEOS_0.5x0.625/MERRA2/2019/07/MERRA2.20190701.A3cld.05x0625.nc4
2146.941,hit,false,0.000,0,353.481,58,GEOS_0.5x0.625/MERRA2/2019/07/MERRA2.20190701.A3cld.05x0625.nc4
2146.977,hit,false,0.000,0,353.518,58,GEOS_0.5x0.625/MERRA2/2019/07/MERRA2.20190701.A3cld.05x0625.nc4
2147.001,hit,false,0.000,0,353.542,58,GEOS_0.5x0.625/MERRA2/2019/07/MERRA2.20190701.A3cld.05x0625.nc4
2147.039,hit,false,0.000,0,353.580,58,GEOS_0.5x0.625/MERRA2/2019/07/MERRA2.20190701.A3cld.05x0625.nc4
2147.065,hit,false,0.000,0,353.606,58,GEOS_0.5x0.625/MERRA2/2019/07/MERRA2.20190701.A3cld.05x0625.nc4
2147.100,hit,false,0.000,0,353.640,58,GEOS_0.5x0.625/MERRA2/2019/07/MERRA2.20190701.A3cld.05x0625.nc4
2147.128,hit,false,0.000,0,353.667,59,GEOS_0.5x0.625/MERRA2/2019/07/MERRA2.20190701.A3cld.05x0625.nc4
2147.158,hit,false,0.000,0,353.697,59,GEOS_0.5x0.625/MERRA2/2019/07/MERRA2.20190701.A3cld.05x0625.nc4
2147.190,hit,false,0.000,0,353.729,59,GEOS_0.5x0.625/MERRA2/2019/07/MERRA2.20190701.A3cld.05x0625.nc4
2147.218,hit,false,0.000,0,353.757,59,GEOS_0.5x0.625/MERRA2/2019/07/MERRA2.20190701.A3cld.05x0625.nc4
2147.250,hit,false,0.000,0,353.789,59,GEOS_0.5x0.625/MERRA2/2019/07/MERRA2.20190701.A3cld.05x0625.nc4
2147.277,hit,false,0.000,0,353.816,59,GEOS_0.5x0.625/MERRA2/2019/07/MERRA2.20190701.A3cld.05x0625.nc4
2147.317,hit,false,0.000,0,353.856,59,GEOS_0.5x0.625/MERRA2/2019/07/MERRA2.20190701.A3cld.05x0625.nc4
2147.341,hit,false,0.000,0,353.880,59,GEOS_0.5x0.625/MERRA2/2019/07/MERRA2.20190701.A3cld.05x0625.nc4
2147.380,hit,false,0.000,0,353.911,60,GEOS_0.5x0.625/MERRA2/2019/07/MERRA2.20190701.A3cld.05x0625.nc4
2147.405,hit,false,0.000,0,353.936,60,GEOS_0.5x0.625/MERRA2/2019/07/MERRA2.20190701.A3cld.05x0625.nc4
2147.442,hit,false,0.000,0,353.973,60,GEOS_0.5x0.625/MERRA2/2019/07/MERRA2.20190701.A3cld.05x0625.nc4
2147.463,hit,false,0.000,0,353.995,60,GEOS_0.5x0.625/MERRA2/2019/07/MERRA2.20190701.A3cld.05x0625.nc4
2147.510,hit,false,0.000,0,354.041,60,GEOS_0.5x0.625/MERRA2/2019/07/MERRA2.20190701.A3cld.05x0625.nc4
2147.533,hit,false,0.000,0,354.064,60,GEOS_0.5x0.625/MERRA2/2019/07/MERRA2.20190701.A3cld.05x0625.nc4
2147.564,hit,false,0.000,0,354.095,60,GEOS_0.5x0.625/MERRA2/2019/07/MERRA2.20190701.A3cld.05x0625.nc4
2147.587,hit,false,0.000,0,354.118,60,GEOS_0.5x0.625/MERRA2/2019/07/MERRA2.20190701.A3cld.05x0625.nc4
2147.620,hit,false,0.000,0,354.149,61,GEOS_0.5x0.625/MERRA2/2019/07/MERRA2.20190701.A3cld.05x0625.nc4
2147.648,hit,false,0.000,0,354.177,61,GEOS_0.5x0.625/MERRA2/2019/07/MERRA2.20190701.A3cld.05x0625.nc4
2147.680,hit,false,0.000,0,354.209,61,GEOS_0.5x0.625/MERRA2/2019/07/MERRA2.20190701.A3cld.05x0625.nc4
2147.703,hit,false,0.000,0,354.232,61,GEOS_0.5x0.625/MERRA2/2019/07/MERRA2.20190701.A3cld.05x0625.nc4
2147.761,hit,false,0.000,0,354.290,61,GEOS_0.5x0.625/MERRA2/2019/07/MERRA2.20190701.A3cld.05x0625.nc4
2147.781,hit,false,0.000,0,354.311,61,GEOS_0.5x0.625/MERRA2/2019/07/MERRA2.20190701.A3cld.05x0625.nc4
2147.816,hit,false,0.000,0,354.345,61,GEOS_0.5x0.625/MERRA2/2019/07/MERRA2.20190701.A3cld.05x0625.nc4
2147.840,hit,false,0.000,0,354.369,61,GEOS_0.5x0.625/MERRA2/2019/07/MERRA2.20190701.A3cld.05x0625.nc4
2147.869,hit,false,0.000,0,354.396,62,GEOS_0.5x0.625/MERRA2/2019/07/MERRA2.20190701.A3cld.05x0625.nc4
2147.897,hit,false,0.000,0,354.424,62,GEOS_0.5x0.625/MERRA2/2019/07/MERRA2.20190701.A3cld.05x0625.nc4
2147.929,hit,false,0.000,0,354.456,62,GEOS_0.5x0.625/MERRA2/2019/07/MERRA2.20190701.A3cld.05x0625.nc4
2147.951,hit,false,0.000,0,354.478,62,GEOS_0.5x0.625/MERRA2/2019/07/MERRA2.20190701.A3cld.05x0625.nc4
2147.983,hit,false,0.000,0,354.509,62,GEOS_0.5x0.625/MERRA2/2019/07/MERRA2.20190701.A3cld.05x0625.nc4
2148.009,hit,false,0.000,0,354.536,62,GEOS_0.5x0.625/MERRA2/2019/07/MERRA2.20190701.A3cld.05x0625.nc4
2148.039,hit,false,0.000,0,354.566,62,GEOS_0.5x0.625/MERRA2/2019/07/MERRA2.20190701.A3cld.05x0625.nc4
2148.061,hit,false,0.000,0,354.587,62,GEOS_0.5x0.625/MERRA2/2019/07/MERRA2.20190701.A3cld.05x0625.nc4
2148.100,hit,false,0.000,0,354.625,63,GEOS_0.5x0.625/MERRA2/2019/07/MERRA2.20190701.A3cld.05x0625.nc4
2148.125,hit,false,0.000,0,354.650,63,GEOS_0.5x0.625/MERRA2/2019/07/MERRA2.20190701.A3cld.05x0625.nc4
2148.154,hit,false,0.000,0,354.679,63,GEOS_0.5x0.625/MERRA2/2019/07/MERRA2.20190701.A3cld.05x0625.nc4
2148.178,hit,false,0.000,0,354.704,63,GEOS_0.5x0.625/MERRA2/2019/07/MERRA2.20190701.A3cld.05x0625.nc4
2148.246,hit,false,0.000,0,354.772,63,GEOS_0.5x0.625/MERRA2/2019/07/MERRA2.20190701.A3cld.05x0625.nc4
2148.269,hit,false,0.000,0,354.794,63,GEOS_0.5x0.625/MERRA2/2019/07/MERRA2.20190701.A3cld.05x0625.nc4
2148.301,hit,false,0.000,0,354.826,63,GEOS_0.5x0.625/MERRA2/2019/07/MERRA2.20190701.A3cld.05x0625.nc4
2148.323,hit,false,0.000,0,354.849,63,GEOS_0.5x0.625/MERRA2/2019/07/MERRA2.20190701.A3cld.05x0625.nc4
2148.359,hit,false,0.000,0,354.882,64,GEOS_0.5x0.625/MERRA2/2019/07/MERRA2.20190701.A3cld.05x0625.nc4
2148.384,hit,false,0.000,0,354.906,64,GEOS_0.5x0.625/MERRA2/2019/07/MERRA2.20190701.A3cld.05x0625.nc4
2148.430,hit,false,0.000,0,354.953,64,GEOS_0.5x0.625/MERRA2/2019/07/MERRA2.20190701.A3cld.05x0625.nc4
2148.451,hit,false,0.000,0,354.973,64,GEOS_0.5x0.625/MERRA2/2019/07/MERRA2.20190701.A3cld.05x0625.nc4
2148.492,hit,false,0.000,0,355.015,64,GEOS_0.5x0.625/MERRA2/2019/07/MERRA2.20190701.A3cld.05x0625.nc4
2148.515,hit,false,0.000,0,355.037,64,GEOS_0.5x0.625/MERRA2/2019/07/MERRA2.20190701.A3cld.05x0625.nc4
2148.553,hit,false,0.000,0,355.075,64,GEOS_0.5x0.625/MERRA2/2019/07/MERRA2.20190701.A3cld.05x0625.nc4
2148.574,hit,false,0.000,0,355.096,64,GEOS_0.5x0.625/MERRA2/2019/07/MERRA2.20190701.A3cld.05x0625.nc4
2148.611,hit,false,0.000,0,355.132,65,GEOS_0.5x0.625/MERRA2/2019/07/MERRA2.20190701.A3cld.05x0625.nc4
2148.636,hit,false,0.000,0,355.156,65,GEOS_0.5x0.625/MERRA2/2019/07/MERRA2.20190701.A3cld.05x0625.nc4
2148.671,hit,false,0.000,0,355.191,65,GEOS_0.5x0.625/MERRA2/2019/07/MERRA2.20190701.A3cld.05x0625.nc4
2148.692,hit,false,0.000,0,355.212,65,GEOS_0.5x0.625/MERRA2/2019/07/MERRA2.20190701.A3cld.05x0625.nc4
2148.733,hit,false,0.000,0,355.253,65,GEOS_0.5x0.625/MERRA2/2019/07/MERRA2.20190701.A3cld.05x0625.nc4
2148.755,hit,false,0.000,0,355.275,65,GEOS_0.5x0.625/MERRA2/2019/07/MERRA2.20190701.A3cld.05x0625.nc4
2148.796,hit,false,0.000,0,355.317,65,GEOS_0.5x0.625/MERRA2/2019/07/MERRA2.20190701.A3cld.05x0625.nc4
2148.816,hit,false,0.000,0,355.337,65,GEOS_0.5x0.625/MERRA2/2019/07/MERRA2.20190701.A3cld.05x0625.nc4
2148.859,hit,false,0.000,0,355.378,66,GEOS_0.5x0.625/MERRA2/2019/07/MERRA2.20190701.A3cld.05x0625.nc4
2148.882,hit,false,0.000,0,355.401,66,GEOS_0.5x0.625/MERRA2/2019/07/MERRA2.20190701.A3cld.05x0625.nc4
2148.923,hit,false,0.000,0,355.442,66,GEOS_0.5x0.625/MERRA2/2019/07/MERRA2.20190701.A3cld.05x0625.nc4
2148.943,hit,false,0.000,0,355.462,66,GEOS_0.5x0.625/MERRA2/2019/07/MERRA2.20190701.A3cld.05x0625.nc4
2148.983,hit,false,0.000,0,355.502,66,GEOS_0.5x0.625/MERRA2/2019/07/MERRA2.20190701.A3cld.05x0625.nc4
2149.006,hit,false,0.000,0,355.525,66,GEOS_0.5x0.625/MERRA2/2019/07/MERRA2.20190701.A3cld.05x0625.nc4
2149.040,hit,false,0.000,0,355.559,66,GEOS_0.5x0.625/MERRA2/2019/07/MERRA2.20190701.A3cld.05x0625.nc4
2149.067,hit,false,0.000,0,355.586,66,GEOS_0.5x0.625/MERRA2/2019/07/MERRA2.20190701.A3cld.05x0625.nc4
2149.104,hit,false,0.000,0,355.621,67,GEOS_0.5x0.625/MERRA2/2019/07/MERRA2.20190701.A3cld.05x0625.nc4
2149.129,hit,false,0.000,0,355.646,67,GEOS_0.5x0.625/MERRA2/2019/07/MERRA2.20190701.A3cld.05x0625.nc4
2149.162,hit,false,0.000,0,355.679,67,GEOS_0.5x0.625/MERRA2/2019/07/MERRA2.20190701.A3cld.05x0625.nc4
2149.255,hit,false,0.000,0,355.772,67,GEOS_0.5x0.625/MERRA2/2019/07/MERRA2.20190701.A3cld.05x0625.nc4
2149.278,hit,false,0.000,0,355.795,67,GEOS_0.5x0.625/MERRA2/2019/07/MERRA2.20190701.A3cld.05x0625.nc4
2149.320,hit,false,0.000,0,355.837,67,GEOS_0.5x0.625/MERRA2/2019/07/MERRA2.20190701.A3cld.05x0625.nc4
2149.343,hit,false,0.000,0,355.860,67,GEOS_0.5x0.625/MERRA2/2019/07/MERRA2.20190701.A3cld.05x0625.nc4
2149.385,hit,false,0.000,0,355.902,67,GEOS_0.5x0.625/MERRA2/2019/07/MERRA2.20190701.A3cld.05x0625.nc4
2149.407,hit,false,0.000,0,355.922,68,GEOS_0.5x0.625/MERRA2/2019/07/MERRA2.20190701.A3cld.05x0625.nc4
2149.447,hit,false,0.000,0,355.962,68,GEOS_0.5x0.625/MERRA2/2019/07/MERRA2.20190701.A3cld.05x0625.nc4
2149.469,hit,false,0.000,0,355.984,68,GEOS_0.5x0.625/MERRA2/2019/07/MERRA2.20190701.A3cld.05x0625.nc4
2149.507,hit,false,0.000,0,356.022,68,GEOS_0.5x0.625/MERRA2/2019/07/MERRA2.20190701.A3cld.05x0625.nc4
2149.530,hit,false,0.000,0,356.045,68,GEOS_0.5x0.625/MERRA2/2019/07/MERRA2.20190701.A3cld.05x0625.nc4
2149.566,hit,false,0.000,0,356.081,68,GEOS_0.5x0.625/MERRA2/2019/07/MERRA2.20190701.A3cld.05x0625.nc4
2149.590,hit,false,0.000,0,356.105,68,GEOS_0.5x0.625/MERRA2/2019/07/MERRA2.20190701.A3cld.05x0625.nc4
2149.624,hit,false,0.000,0,356.139,68,GEOS_0.5x0.625/MERRA2/2019/07/MERRA2.20190701.A3cld.05x0625.nc4
2149.648,hit,false,0.000,0,356.162,69,GEOS_0.5x0.625/MERRA2/2019/07/MERRA2.20190701.A3cld.05x0625.nc4
2149.683,hit,false,0.000,0,356.197,69,GEOS_0.5x0.625/MERRA2/2019/07/MERRA2.20190701.A3cld.05x0625.nc4
2149.708,hit,false,0.000,0,356.222,69,GEOS_0.5x0.625/MERRA2/2019/07/MERRA2.20190701.A3cld.05x0625.nc4
2149.746,hit,false,0.000,0,356.260,69,GEOS_0.5x0.625/MERRA2/2019/07/MERRA2.20190701.A3cld.05x0625.nc4
2149.769,hit,false,0.000,0,356.283,69,GEOS_0.5x0.625/MERRA2/2019/07/MERRA2.20190701.A3cld.05x0625.nc4
2149.806,hit,false,0.000,0,356.319,69,GEOS_0.5x0.625/MERRA2/2019/07/MERRA2.20190701.A3cld.05x0625.nc4
2149.828,hit,false,0.000,0,356.341,69,GEOS_0.5x0.625/MERRA2/2019/07/MERRA2.20190701.A3cld.05x0625.nc4
2149.867,hit,false,0.000,0,356.380,69,GEOS_0.5x0.625/MERRA2/2019/07/MERRA2.20190701.A3cld.05x0625.nc4
2149.890,hit,false,0.000,0,356.402,70,GEOS_0.5x0.625/MERRA2/2019/07/MERRA2.20190701.A3cld.05x0625.nc4
2149.926,hit,false,0.000,0,356.438,70,GEOS_0.5x0.625/MERRA2/2019/07/MERRA2.20190701.A3cld.05x0625.nc4
2149.951,hit,false,0.000,0,356.463,70,GEOS_0.5x0.625/MERRA2/2019/07/MERRA2.20190701.A3cld.05x0625.nc4
2149.982,hit,false,0.000,0,356.494,70,GEOS_0.5x0.625/MERRA2/2019/07/MERRA2.20190701.A3cld.05x0625.nc4
2150.006,hit,false,0.000,0,356.518,70,GEOS_0.5x0.625/MERRA2/2019/07/MERRA2.20190701.A3cld.05x0625.nc4
2150.040,hit,false,0.000,0,356.552,70,GEOS_0.5x0.625/MERRA2/2019/07/MERRA2.20190701.A3cld.05x0625.nc4
2150.067,hit,false,0.000,0,356.579,70,GEOS_0.5x0.625/MERRA2/2019/07/MERRA2.20190701.A3cld.05x0625.nc4
2150.101,hit,false,0.000,0,356.613,70,GEOS_0.5x0.625/MERRA2/2019/07/MERRA2.20190701.A3cld.05x0625.nc4
2150.127,hit,false,0.000,0,356.637,71,GEOS_0.5x0.625/MERRA2/2019/07/MERRA2.20190701.A3cld.05x0625.nc4
2150.161,hit,false,0.000,0,356.671,71,GEOS_0.5x0.625/MERRA2/2019/07/MERRA2.20190701.A3cld.05x0625.nc4
2150.182,hit,false,0.000,0,356.692,71,GEOS_0.5x0.625/MERRA2/2019/07/MERRA2.20190701.A3cld.05x0625.nc4
2150.215,hit,false,0.000,0,356.725,71,GEOS_0.5x0.625/MERRA2/2019/07/MERRA2.20190701.A3cld.05x0625.nc4
2150.240,hit,false,0.000,0,356.750,71,GEOS_0.5x0.625/MERRA2/2019/07/MERRA2.20190701.A3cld.05x0625.nc4
2150.268,hit,false,0.000,0,356.778,71,GEOS_0.5x0.625/MERRA2/2019/07/MERRA2.20190701.A3cld.05x0625.nc4
2150.291,hit,false,0.000,0,356.801,71,GEOS_0.5x0.625/MERRA2/2019/07/MERRA2.20190701.A3cld.05x0625.nc4
2150.322,hit,false,0.000,0,356.832,71,GEOS_0.5x0.625/MERRA2/2019/07/MERRA2.20190701.A3cld.05x0625.nc4
2150.347,hit,false,0.000,0,356.849,72,GEOS_0.5x0.625/MERRA2/2019/07/MERRA2.20190701.A3cld.05x0625.nc4
2150.378,hit,false,0.000,0,356.880,72,GEOS_0.5x0.625/MERRA2/2019/07/MERRA2.20190701.A3cld.05x0625.nc4
2150.413,hit,false,0.000,0,356.915,72,GEOS_0.5x0.625/MERRA2/2019/07/MERRA2.20190701.A3cld.05x0625.nc4
2150.438,hit,false,0.000,0,356.939,72,GEOS_0.5x0.625/MERRA2/2019/07/MERRA2.20190701.A3cld.05x0625.nc4
2150.471,hit,false,0.000,0,356.973,72,GEOS_0.5x0.625/MERRA2/2019/07/MERRA2.20190701.A3cld.05x0625.nc4
2150.495,hit,false,0.000,0,356.997,72,GEOS_0.5x0.625/MERRA2/2019/07/MERRA2.20190701.A3cld.05x0625.nc4
2150.527,hit,false,0.000,0,357.029,72,GEOS_0.5x0.625/MERRA2/2019/07/MERRA2.20190701.A3cld.05x0625.nc4
2150.551,hit,false,0.000,0,357.053,72,GEOS_0.5x0.625/MERRA2/2019/07/MERRA2.20190701.A3cld.05x0625.nc4
2150.592,hit,false,0.000,0,357.091,73,GEOS_0.5x0.625/MERRA2/2019/07/MERRA2.20190701.A3cld.05x0625.nc4
2150.621,hit,false,0.000,0,357.120,73,GEOS_0.5x0.625/MERRA2/2019/07/MERRA2.20190701.A3cld.05x0625.nc4
2150.664,hit,false,0.000,0,357.163,73,GEOS_0.5x0.625/MERRA2/2019/07/MERRA2.20190701.A3cld.05x0625.nc4
2150.685,hit,false,0.000,0,357.184,73,GEOS_0.5x0.625/MERRA2/2019/07/MERRA2.20190701.A3cld.05x0625.nc4
2150.725,hit,false,0.000,0,357.224,73,GEOS_0.5x0.625/MERRA2/2019/07/MERRA2.20190701.A3cld.05x0625.nc4
2150.747,hit,false,0.000,0,357.246,73,GEOS_0.5x0.625/MERRA2/2019/07/MERRA2.20190701.A3cld.05x0625.nc4
2150.786,hit,false,0.000,0,357.285,73,GEOS_0.5x0.625/MERRA2/2019/07/MERRA2.20190701.A3cld.05x0625.nc4
2150.809,hit,false,0.000,0,357.308,73,GEOS_0.5x0.625/MERRA2/2019/07/MERRA2.20190701.A3cld.05x0625.nc4
2150.846,hit,false,0.000,0,357.342,74,GEOS_0.5x0.625/MERRA2/2019/07/MERRA2.20190701.A3cld.05x0625.nc4
2150.871,hit,false,0.000,0,357.367,74,GEOS_0.5x0.625/MERRA2/2019/07/MERRA2.20190701.A3cld.05x0625.nc4
2150.905,hit,false,0.000,0,357.401,74,GEOS_0.5x0.625/MERRA2/2019/07/MERRA2.20190701.A3cld.05x0625.nc4
2150.929,hit,false,0.000,0,357.425,74,GEOS_0.5x0.625/MERRA2/2019/07/MERRA2.20190701.A3cld.05x0625.nc4
2150.963,hit,false,0.000,0,357.458,74,GEOS_0.5x0.625/MERRA2/2019/07/MERRA2.20190701.A3cld.05x0625.nc4
2150.990,hit,false,0.000,0,357.486,74,GEOS_0.5x0.625/MERRA2/2019/07/MERRA2.20190701.A3cld.05x0625.nc4
2151.020,hit,false,0.000,0,357.516,74,GEOS_0.5x0.625/MERRA2/2019/07/MERRA2.20190701.A3cld.05x0625.nc4
2151.046,hit,false,0.000,0,357.542,74,GEOS_0.5x0.625/MERRA2/2019/07/MERRA2.20190701.A3cld.05x0625.nc4
2151.076,hit,false,0.000,0,357.570,75,GEOS_0.5x0.625/MERRA2/2019/07/MERRA2.20190701.A3cld.05x0625.nc4
2151.102,hit,false,0.000,0,357.596,75,GEOS_0.5x0.625/MERRA2/2019/07/MERRA2.20190701.A3cld.05x0625.nc4
2151.202,hit,false,0.000,0,357.697,75,GEOS_0.5x0.625/MERRA2/2019/07/MERRA2.20190701.A3cld.05x0625.nc4
2151.225,hit,false,0.000,0,357.719,75,GEOS_0.5x0.625/MERRA2/2019/07/MERRA2.20190701.A3cld.05x0625.nc4
2151.260,hit,false,0.000,0,357.755,75,GEOS_0.5x0.625/MERRA2/2019/07/MERRA2.20190701.A3cld.05x0625.nc4
2151.282,hit,false,0.000,0,357.776,75,GEOS_0.5x0.625/MERRA2/2019/07/MERRA2.20190701.A3cld.05x0625.nc4
2151.317,hit,false,0.000,0,357.811,75,GEOS_0.5x0.625/MERRA2/2019/07/MERRA2.20190701.A3cld.05x0625.nc4
2151.340,hit,false,0.000,0,357.834,75,GEOS_0.5x0.625/MERRA2/2019/07/MERRA2.20190701.A3cld.05x0625.nc4
2151.371,hit,false,0.000,0,357.864,76,GEOS_0.5x0.625/MERRA2/2019/07/MERRA2.20190701.A3cld.05x0625.nc4
2151.398,hit,false,0.000,0,357.891,76,GEOS_0.5x0.625/MERRA2/2019/07/MERRA2.20190701.A3cld.05x0625.nc4
2151.436,hit,false,0.000,0,357.928,76,GEOS_0.5x0.625/MERRA2/2019/07/MERRA2.20190701.A3cld.05x0625.nc4
2151.457,hit,false,0.000,0,357.950,76,GEOS_0.5x0.625/MERRA2/2019/07/MERRA2.20190701.A3cld.05x0625.nc4
2151.490,hit,false,0.000,0,357.983,76,GEOS_0.5x0.625/MERRA2/2019/07/MERRA2.20190701.A3cld.05x0625.nc4
2151.515,hit,false,0.000,0,358.008,76,GEOS_0.5x0.625/MERRA2/2019/07/MERRA2.20190701.A3cld.05x0625.nc4
2151.544,hit,false,0.000,0,358.037,76,GEOS_0.5x0.625/MERRA2/2019/07/MERRA2.20190701.A3cld.05x0625.nc4
2151.573,hit,false,0.000,0,358.066,76,GEOS_0.5x0.625/MERRA2/2019/07/MERRA2.20190701.A3cld.05x0625.nc4
2151.597,hit,false,0.000,0,358.088,77,GEOS_0.5x0.625/MERRA2/2019/07/MERRA2.20190701.A3cld.05x0625.nc4
2151.629,hit,false,0.000,0,358.121,77,GEOS_0.5x0.625/MERRA2/2019/07/MERRA2.20190701.A3cld.05x0625.nc4
2151.660,hit,false,0.000,0,358.151,77,GEOS_0.5x0.625/MERRA2/2019/07/MERRA2.20190701.A3cld.05x0625.nc4
2151.692,hit,false,0.000,0,358.183,77,GEOS_0.5x0.625/MERRA2/2019/07/MERRA2.20190701.A3cld.05x0625.nc4
2151.720,hit,false,0.000,0,358.211,77,GEOS_0.5x0.625/MERRA2/2019/07/MERRA2.20190701.A3cld.05x0625.nc4
2151.752,hit,false,0.000,0,358.244,77,GEOS_0.5x0.625/MERRA2/2019/07/MERRA2.20190701.A3cld.05x0625.nc4
2151.776,hit,false,0.000,0,358.267,77,GEOS_0.5x0.625/MERRA2/2019/07/MERRA2.20190701.A3cld.05x0625.nc4
2151.808,hit,false,0.000,0,358.300,77,GEOS_0.5x0.625/MERRA2/2019/07/MERRA2.20190701.A3cld.05x0625.nc4
2151.833,hit,false,0.000,0,358.323,78,GEOS_0.5x0.625/MERRA2/2019/07/MERRA2.20190701.A3cld.05x0625.nc4
2151.864,hit,false,0.000,0,358.354,78,GEOS_0.5x0.625/MERRA2/2019/07/MERRA2.20190701.A3cld.05x0625.nc4
2151.888,hit,false,0.000,0,358.378,78,GEOS_0.5x0.625/MERRA2/2019/07/MERRA2.20190701.A3cld.05x0625.nc4
2151.920,hit,false,0.000,0,358.410,78,GEOS_0.5x0.625/MERRA2/2019/07/MERRA2.20190701.A3cld.05x0625.nc4
2151.948,hit,false,0.000,0,358.438,78,GEOS_0.5x0.625/MERRA2/2019/07/MERRA2.20190701.A3cld.05x0625.nc4
2151.977,hit,false,0.000,0,358.466,78,GEOS_0.5x0.625/MERRA2/2019/07/MERRA2.20190701.A3cld.05x0625.nc4
2152.004,hit,false,0.000,0,358.494,78,GEOS_0.5x0.625/MERRA2/2019/07/MERRA2.20190701.A3cld.05x0625.nc4
2152.033,hit,false,0.000,0,358.523,78,GEOS_0.5x0.625/MERRA2/2019/07/MERRA2.20190701.A3cld.05x0625.nc4
2152.062,hit,false,0.000,0,358.550,79,GEOS_0.5x0.625/MERRA2/2019/07/MERRA2.20190701.A3cld.05x0625.nc4
2152.086,hit,false,0.000,0,358.574,79,GEOS_0.5x0.625/MERRA2/2019/07/MERRA2.20190701.A3cld.05x0625.nc4
2152.125,hit,false,0.000,0,358.613,79,GEOS_0.5x0.625/MERRA2/2019/07/MERRA2.20190701.A3cld.05x0625.nc4
2152.146,hit,false,0.000,0,358.634,79,GEOS_0.5x0.625/MERRA2/2019/07/MERRA2.20190701.A3cld.05x0625.nc4
2152.184,hit,false,0.000,0,358.672,79,GEOS_0.5x0.625/MERRA2/2019/07/MERRA2.20190701.A3cld.05x0625.nc4
2152.205,hit,false,0.000,0,358.693,79,GEOS_0.5x0.625/MERRA2/2019/07/MERRA2.20190701.A3cld.05x0625.nc4
2152.242,hit,false,0.000,0,358.729,79,GEOS_0.5x0.625/MERRA2/2019/07/MERRA2.20190701.A3cld.05x0625.nc4
2152.263,hit,false,0.000,0,358.750,79,GEOS_0.5x0.625/MERRA2/2019/07/MERRA2.20190701.A3cld.05x0625.nc4
2152.302,hit,false,0.000,0,358.772,80,GEOS_0.5x0.625/MERRA2/2019/07/MERRA2.20190701.A3cld.05x0625.nc4
2152.326,hit,false,0.000,0,358.795,80,GEOS_0.5x0.625/MERRA2/2019/07/MERRA2.20190701.A3cld.05x0625.nc4
2152.376,hit,false,0.000,0,358.846,80,GEOS_0.5x0.625/MERRA2/2019/07/MERRA2.20190701.A3cld.05x0625.nc4
2152.396,hit,false,0.000,0,358.866,80,GEOS_0.5x0.625/MERRA2/2019/07/MERRA2.20190701.A3cld.05x0625.nc4
2152.435,hit,false,0.000,0,358.904,80,GEOS_0.5x0.625/MERRA2/2019/07/MERRA2.20190701.A3cld.05x0625.nc4
2152.456,hit,false,0.000,0,358.926,80,GEOS_0.5x0.625/MERRA2/2019/07/MERRA2.20190701.A3cld.05x0625.nc4
2152.493,hit,false,0.000,0,358.963,80,GEOS_0.5x0.625/MERRA2/2019/07/MERRA2.20190701.A3cld.05x0625.nc4
2152.515,hit,false,0.000,0,358.984,80,GEOS_0.5x0.625/MERRA2/2019/07/MERRA2.20190701.A3cld.05x0625.nc4
2152.555,hit,false,0.000,0,359.023,81,GEOS_0.5x0.625/MERRA2/2019/07/MERRA2.20190701.A3cld.05x0625.nc4
2152.580,hit,false,0.000,0,359.048,81,GEOS_0.5x0.625/MERRA2/2019/07/MERRA2.20190701.A3cld.05x0625.nc4
2152.621,hit,false,0.000,0,359.089,81,GEOS_0.5x0.625/MERRA2/2019/07/MERRA2.20190701.A3cld.05x0625.nc4
2152.641,hit,false,0.000,0,359.109,81,GEOS_0.5x0.625/MERRA2/2019/07/MERRA2.20190701.A3cld.05x0625.nc4
2152.683,hit,false,0.000,0,359.151,81,GEOS_0.5x0.625/MERRA2/2019/07/MERRA2.20190701.A3cld.05x0625.nc4
2152.704,hit,false,0.000,0,359.173,81,GEOS_0.5x0.625/MERRA2/2019/07/MERRA2.20190701.A3cld.05x0625.nc4
2152.745,hit,false,0.000,0,359.213,81,GEOS_0.5x0.625/MERRA2/2019/07/MERRA2.20190701.A3cld.05x0625.nc4
2152.766,hit,false,0.000,0,359.234,81,GEOS_0.5x0.625/MERRA2/2019/07/MERRA2.20190701.A3cld.05x0625.nc4
2152.808,hit,false,0.000,0,359.274,82,GEOS_0.5x0.625/MERRA2/2019/07/MERRA2.20190701.A3cld.05x0625.nc4
2152.832,hit,false,0.000,0,359.298,82,GEOS_0.5x0.625/MERRA2/2019/07/MERRA2.20190701.A3cld.05x0625.nc4
2152.873,hit,false,0.000,0,359.339,82,GEOS_0.5x0.625/MERRA2/2019/07/MERRA2.20190701.A3cld.05x0625.nc4
2152.896,hit,false,0.000,0,359.362,82,GEOS_0.5x0.625/MERRA2/2019/07/MERRA2.20190701.A3cld.05x0625.nc4
2152.930,hit,false,0.000,0,359.396,82,GEOS_0.5x0.625/MERRA2/2019/07/MERRA2.20190701.A3cld.05x0625.nc4
2152.954,hit,false,0.000,0,359.420,82,GEOS_0.5x0.625/MERRA2/2019/07/MERRA2.20190701.A3cld.05x0625.nc4
2152.993,hit,false,0.000,0,359.459,82,GEOS_0.5x0.625/MERRA2/2019/07/MERRA2.20190701.A3cld.05x0625.nc4
2153.014,hit,false,0.000,0,359.480,82,GEOS_0.5x0.625/MERRA2/2019/07/MERRA2.20190701.A3cld.05x0625.nc4
2153.048,hit,false,0.000,0,359.512,83,GEOS_0.5x0.625/MERRA2/2019/07/MERRA2.20190701.A3cld.05x0625.nc4
2153.145,hit,false,0.000,0,359.610,83,GEOS_0.5x0.625/MERRA2/2019/07/MERRA2.20190701.A3cld.05x0625.nc4
2153.168,hit,false,0.000,0,359.632,83,GEOS_0.5x0.625/MERRA2/2019/07/MERRA2.20190701.A3cld.05x0625.nc4
2153.206,hit,false,0.000,0,359.671,83,GEOS_0.5x0.625/MERRA2/2019/07/MERRA2.20190701.A3cld.05x0625.nc4
2153.230,hit,false,0.000,0,359.695,83,GEOS_0.5x0.625/MERRA2/2019/07/MERRA2.20190701.A3cld.05x0625.nc4
2153.264,hit,false,0.000,0,359.729,83,GEOS_0.5x0.625/MERRA2/2019/07/MERRA2.20190701.A3cld.05x0625.nc4
2153.290,hit,false,0.000,0,359.755,83,GEOS_0.5x0.625/MERRA2/2019/07/MERRA2.20190701.A3cld.05x0625.nc4
2153.320,hit,false,0.000,0,359.785,83,GEOS_0.5x0.625/MERRA2/2019/07/MERRA2.20190701.A3cld.05x0625.nc4
2153.345,hit,false,0.000,0,359.808,84,GEOS_0.5x0.625/MERRA2/2019/07/MERRA2.20190701.A3cld.05x0625.nc4
2153.379,hit,false,0.000,0,359.843,84,GEOS_0.5x0.625/MERRA2/2019/07/MERRA2.20190701.A3cld.05x0625.nc4
2153.407,hit,false,0.000,0,359.870,84,GEOS_0.5x0.625/MERRA2/2019/07/MERRA2.20190701.A3cld.05x0625.nc4
2153.440,hit,false,0.000,0,359.903,84,GEOS_0.5x0.625/MERRA2/2019/07/MERRA2.20190701.A3cld.05x0625.nc4
2153.467,hit,false,0.000,0,359.930,84,GEOS_0.5x0.625/MERRA2/2019/07/MERRA2.20190701.A3cld.05x0625.nc4
2153.500,hit,false,0.000,0,359.964,84,GEOS_0.5x0.625/MERRA2/2019/07/MERRA2.20190701.A3cld.05x0625.nc4
2153.528,hit,false,0.000,0,359.991,84,GEOS_0.5x0.625/MERRA2/2019/07/MERRA2.20190701.A3cld.05x0625.nc4
2153.560,hit,false,0.000,0,360.023,84,GEOS_0.5x0.625/MERRA2/2019/07/MERRA2.20190701.A3cld.05x0625.nc4
2153.582,hit,false,0.000,0,360.043,85,GEOS_0.5x0.625/MERRA2/2019/07/MERRA2.20190701.A3cld.05x0625.nc4
2153.618,hit,false,0.000,0,360.079,85,GEOS_0.5x0.625/MERRA2/2019/07/MERRA2.20190701.A3cld.05x0625.nc4
2153.642,hit,false,0.000,0,360.104,85,GEOS_0.5x0.625/MERRA2/2019/07/MERRA2.20190701.A3cld.05x0625.nc4
2153.674,hit,false,0.000,0,360.135,85,GEOS_0.5x0.625/MERRA2/2019/07/MERRA2.20190701.A3cld.05x0625.nc4
2153.699,hit,false,0.000,0,360.160,85,GEOS_0.5x0.625/MERRA2/2019/07/MERRA2.20190701.A3cld.05x0625.nc4
2153.729,hit,false,0.000,0,360.191,85,GEOS_0.5x0.625/MERRA2/2019/07/MERRA2.20190701.A3cld.05x0625.nc4
2153.759,hit,false,0.000,0,360.220,85,GEOS_0.5x0.625/MERRA2/2019/07/MERRA2.20190701.A3cld.05x0625.nc4
2153.782,hit,false,0.000,0,360.243,85,GEOS_0.5x0.625/MERRA2/2019/07/MERRA2.20190701.A3cld.05x0625.nc4
2153.820,hit,false,0.000,0,360.252,86,GEOS_0.5x0.625/MERRA2/2019/07/MERRA2.20190701.A3cld.05x0625.nc4
2153.844,hit,false,0.000,0,360.276,86,GEOS_0.5x0.625/MERRA2/2019/07/MERRA2.20190701.A3cld.05x0625.nc4
2153.885,hit,false,0.000,0,360.318,86,GEOS_0.5x0.625/MERRA2/2019/07/MERRA2.20190701.A3cld.05x0625.nc4
2153.906,hit,false,0.000,0,360.339,86,GEOS_0.5x0.625/MERRA2/2019/07/MERRA2.20190701.A3cld.05x0625.nc4
2153.943,hit,false,0.000,0,360.376,86,GEOS_0.5x0.625/MERRA2/2019/07/MERRA2.20190701.A3cld.05x0625.nc4
2153.965,hit,false,0.000,0,360.397,86,GEOS_0.5x0.625/MERRA2/2019/07/MERRA2.20190701.A3cld.05x0625.nc4
2154.002,hit,false,0.000,0,360.435,86,GEOS_0.5x0.625/MERRA2/2019/07/MERRA2.20190701.A3cld.05x0625.nc4
2154.023,hit,false,0.000,0,360.455,86,GEOS_0.5x0.625/MERRA2/2019/07/MERRA2.20190701.A3cld.05x0625.nc4
2154.055,hit,false,0.000,0,360.486,87,GEOS_0.5x0.625/MERRA2/2019/07/MERRA2.20190701.A3cld.05x0625.nc4
2154.082,hit,false,0.000,0,360.512,87,GEOS_0.5x0.625/MERRA2/2019/07/MERRA2.20190701.A3cld.05x0625.nc4
2154.113,hit,false,0.000,0,360.543,87,GEOS_0.5x0.625/MERRA2/2019/07/MERRA2.20190701.A3cld.05x0625.nc4
2154.137,hit,false,0.000,0,360.568,87,GEOS_0.5x0.625/MERRA2/2019/07/MERRA2.20190701.A3cld.05x0625.nc4
2154.170,hit,false,0.000,0,360.600,87,GEOS_0.5x0.625/MERRA2/2019/07/MERRA2.20190701.A3cld.05x0625.nc4
2154.193,hit,false,0.000,0,360.623,87,GEOS_0.5x0.625/MERRA2/2019/07/MERRA2.20190701.A3cld.05x0625.nc4
2154.227,hit,false,0.000,0,360.657,87,GEOS_0.5x0.625/MERRA2/2019/07/MERRA2.20190701.A3cld.05x0625.nc4
2154.249,hit,false,0.000,0,360.680,87,GEOS_0.5x0.625/MERRA2/2019/07/MERRA2.20190701.A3cld.05x0625.nc4
2154.287,hit,false,0.000,0,360.734,88,GEOS_0.5x0.625/MERRA2/2019/07/MERRA2.20190701.A3cld.05x0625.nc4
2154.313,hit,false,0.000,0,360.759,88,GEOS_0.5x0.625/MERRA2/2019/07/MERRA2.20190701.A3cld.05x0625.nc4
2154.357,hit,false,0.000,0,360.803,88,GEOS_0.5x0.625/MERRA2/2019/07/MERRA2.20190701.A3cld.05x0625.nc4
2154.378,hit,false,0.000,0,360.825,88,GEOS_0.5x0.625/MERRA2/2019/07/MERRA2.20190701.A3cld.05x0625.nc4
2154.417,hit,false,0.000,0,360.863,88,GEOS_0.5x0.625/MERRA2/2019/07/MERRA2.20190701.A3cld.05x0625.nc4
2154.440,hit,false,0.000,0,360.886,88,GEOS_0.5x0.625/MERRA2/2019/07/MERRA2.20190701.A3cld.05x0625.nc4
2154.471,hit,false,0.000,0,360.918,88,GEOS_0.5x0.625/MERRA2/2019/07/MERRA2.20190701.A3cld.05x0625.nc4
2154.497,hit,false,0.000,0,360.943,88,GEOS_0.5x0.625/MERRA2/2019/07/MERRA2.20190701.A3cld.05x0625.nc4
2154.535,hit,false,0.000,0,360.979,89,GEOS_0.5x0.625/MERRA2/2019/07/MERRA2.20190701.A3cld.05x0625.nc4
2154.560,hit,false,0.000,0,361.004,89,GEOS_0.5x0.625/MERRA2/2019/07/MERRA2.20190701.A3cld.05x0625.nc4
2154.595,hit,false,0.000,0,361.040,89,GEOS_0.5x0.625/MERRA2/2019/07/MERRA2.20190701.A3cld.05x0625.nc4
2154.627,hit,false,0.000,0,361.072,89,GEOS_0.5x0.625/MERRA2/2019/07/MERRA2.20190701.A3cld.05x0625.nc4
2154.662,hit,false,0.000,0,361.107,89,GEOS_0.5x0.625/MERRA2/2019/07/MERRA2.20190701.A3cld.05x0625.nc4
2154.694,hit,false,0.000,0,361.138,89,GEOS_0.5x0.625/MERRA2/2019/07/MERRA2.20190701.A3cld.05x0625.nc4
2154.724,hit,false,0.000,0,361.169,89,GEOS_0.5x0.625/MERRA2/2019/07/MERRA2.20190701.A3cld.05x0625.nc4
2154.752,hit,false,0.000,0,361.197,89,GEOS_0.5x0.625/MERRA2/2019/07/MERRA2.20190701.A3cld.05x0625.nc4
2154.780,hit,false,0.000,0,361.223,90,GEOS_0.5x0.625/MERRA2/2019/07/MERRA2.20190701.A3cld.05x0625.nc4
2154.819,hit,false,0.000,0,361.262,90,GEOS_0.5x0.625/MERRA2/2019/07/MERRA2.20190701.A3cld.05x0625.nc4
2154.841,hit,false,0.000,0,361.284,90,GEOS_0.5x0.625/MERRA2/2019/07/MERRA2.20190701.A3cld.05x0625.nc4
2154.873,hit,false,0.000,0,361.316,90,GEOS_0.5x0.625/MERRA2/2019/07/MERRA2.20190701.A3cld.05x0625.nc4
2154.898,hit,false,0.000,0,361.341,90,GEOS_0.5x0.625/MERRA2/2019/07/MERRA2.20190701.A3cld.05x0625.nc4
2154.927,hit,false,0.000,0,361.370,90,GEOS_0.5x0.625/MERRA2/2019/07/MERRA2.20190701.A3cld.05x0625.nc4
2154.956,hit,false,0.000,0,361.399,90,GEOS_0.5x0.625/MERRA2/2019/07/MERRA2.20190701.A3cld.05x0625.nc4
2154.983,hit,false,0.000,0,361.426,90,GEOS_0.5x0.625/MERRA2/2019/07/MERRA2.20190701.A3cld.05x0625.nc4
2155.083,hit,false,0.000,0,361.524,91,GEOS_0.5x0.625/MERRA2/2019/07/MERRA2.20190701.A3cld.05x0625.nc4
2155.109,hit,false,0.000,0,361.550,91,GEOS_0.5x0.625/MERRA2/2019/07/MERRA2.20190701.A3cld.05x0625.nc4
2155.145,hit,false,0.000,0,361.586,91,GEOS_0.5x0.625/MERRA2/2019/07/MERRA2.20190701.A3cld.05x0625.nc4
2155.166,hit,false,0.000,0,361.607,91,GEOS_0.5x0.625/MERRA2/2019/07/MERRA2.20190701.A3cld.05x0625.nc4
2155.207,hit,false,0.000,0,361.648,91,GEOS_0.5x0.625/MERRA2/2019/07/MERRA2.20190701.A3cld.05x0625.nc4
2155.229,hit,false,0.000,0,361.670,91,GEOS_0.5x0.625/MERRA2/2019/07/MERRA2.20190701.A3cld.05x0625.nc4
2155.264,hit,false,0.000,0,361.706,91,GEOS_0.5x0.625/MERRA2/2019/07/MERRA2.20190701.A3cld.05x0625.nc4
2155.289,hit,false,0.000,0,361.730,91,GEOS_0.5x0.625/MERRA2/2019/07/MERRA2.20190701.A3cld.05x0625.nc4
2155.323,hit,false,0.000,0,361.763,92,GEOS_0.5x0.625/MERRA2/2019/07/MERRA2.20190701.A3cld.05x0625.nc4
2155.349,hit,false,0.000,0,361.789,92,GEOS_0.5x0.625/MERRA2/2019/07/MERRA2.20190701.A3cld.05x0625.nc4
2155.386,hit,false,0.000,0,361.825,92,GEOS_0.5x0.625/MERRA2/2019/07/MERRA2.20190701.A3cld.05x0625.nc4
2155.411,hit,false,0.000,0,361.850,92,GEOS_0.5x0.625/MERRA2/2019/07/MERRA2.20190701.A3cld.05x0625.nc4
2155.447,hit,false,0.000,0,361.886,92,GEOS_0.5x0.625/MERRA2/2019/07/MERRA2.20190701.A3cld.05x0625.nc4
2155.470,hit,false,0.000,0,361.909,92,GEOS_0.5x0.625/MERRA2/2019/07/MERRA2.20190701.A3cld.05x0625.nc4
2155.505,hit,false,0.000,0,361.944,92,GEOS_0.5x0.625/MERRA2/2019/07/MERRA2.20190701.A3cld.05x0625.nc4
2155.530,hit,false,0.000,0,361.970,92,GEOS_0.5x0.625/MERRA2/2019/07/MERRA2.20190701.A3cld.05x0625.nc4
2155.563,hit,false,0.000,0,362.000,93,GEOS_0.5x0.625/MERRA2/2019/07/MERRA2.20190701.A3cld.05x0625.nc4
2155.590,hit,false,0.000,0,362.027,93,GEOS_0.5x0.625/MERRA2/2019/07/MERRA2.20190701.A3cld.05x0625.nc4
2155.626,hit,false,0.000,0,362.064,93,GEOS_0.5x0.625/MERRA2/2019/07/MERRA2.20190701.A3cld.05x0625.nc4
2155.650,hit,false,0.000,0,362.088,93,GEOS_0.5x0.625/MERRA2/2019/07/MERRA2.20190701.A3cld.05x0625.nc4
2155.685,hit,false,0.000,0,362.123,93,GEOS_0.5x0.625/MERRA2/2019/07/MERRA2.20190701.A3cld.05x0625.nc4
2155.708,hit,false,0.000,0,362.146,93,GEOS_0.5x0.625/MERRA2/2019/07/MERRA2.20190701.A3cld.05x0625.nc4
2155.742,hit,false,0.000,0,362.179,93,GEOS_0.5x0.625/MERRA2/2019/07/MERRA2.20190701.A3cld.05x0625.nc4
2155.765,hit,false,0.000,0,362.203,93,GEOS_0.5x0.625/MERRA2/2019/07/MERRA2.20190701.A3cld.05x0625.nc4
2155.802,hit,false,0.000,0,362.238,94,GEOS_0.5x0.625/MERRA2/2019/07/MERRA2.20190701.A3cld.05x0625.nc4
2155.827,hit,false,0.000,0,362.263,94,GEOS_0.5x0.625/MERRA2/2019/07/MERRA2.20190701.A3cld.05x0625.nc4
2155.861,hit,false,0.000,0,362.297,94,GEOS_0.5x0.625/MERRA2/2019/07/MERRA2.20190701.A3cld.05x0625.nc4
2155.885,hit,false,0.000,0,362.321,94,GEOS_0.5x0.625/MERRA2/2019/07/MERRA2.20190701.A3cld.05x0625.nc4
2155.917,hit,false,0.000,0,362.353,94,GEOS_0.5x0.625/MERRA2/2019/07/MERRA2.20190701.A3cld.05x0625.nc4
2155.942,hit,false,0.000,0,362.379,94,GEOS_0.5x0.625/MERRA2/2019/07/MERRA2.20190701.A3cld.05x0625.nc4
2155.975,hit,false,0.000,0,362.411,94,GEOS_0.5x0.625/MERRA2/2019/07/MERRA2.20190701.A3cld.05x0625.nc4
2155.997,hit,false,0.000,0,362.434,94,GEOS_0.5x0.625/MERRA2/2019/07/MERRA2.20190701.A3cld.05x0625.nc4
2156.031,hit,false,0.000,0,362.466,95,GEOS_0.5x0.625/MERRA2/2019/07/MERRA2.20190701.A3cld.05x0625.nc4
2156.059,hit,false,0.000,0,362.494,95,GEOS_0.5x0.625/MERRA2/2019/07/MERRA2.20190701.A3cld.05x0625.nc4
2156.089,hit,false,0.000,0,362.523,95,GEOS_0.5x0.625/MERRA2/2019/07/MERRA2.20190701.A3cld.05x0625.nc4
2156.118,hit,false,0.000,0,362.553,95,GEOS_0.5x0.625/MERRA2/2019/07/MERRA2.20190701.A3cld.05x0625.nc4
2156.149,hit,false,0.000,0,362.584,95,GEOS_0.5x0.625/MERRA2/2019/07/MERRA2.20190701.A3cld.05x0625.nc4
2156.178,hit,false,0.000,0,362.613,95,GEOS_0.5x0.625/MERRA2/2019/07/MERRA2.20190701.A3cld.05x0625.nc4
2156.209,hit,false,0.000,0,362.644,95,GEOS_0.5x0.625/MERRA2/2019/07/MERRA2.20190701.A3cld.05x0625.nc4
2156.230,hit,false,0.000,0,362.665,95,GEOS_0.5x0.625/MERRA2/2019/07/MERRA2.20190701.A3cld.05x0625.nc4
2156.269,hit,false,0.000,0,362.695,96,GEOS_0.5x0.625/MERRA2/2019/07/MERRA2.20190701.A3cld.05x0625.nc4
2156.293,hit,false,0.000,0,362.719,96,GEOS_0.5x0.625/MERRA2/2019/07/MERRA2.20190701.A3cld.05x0625.nc4
2156.341,hit,false,0.000,0,362.767,96,GEOS_0.5x0.625/MERRA2/2019/07/MERRA2.20190701.A3cld.05x0625.nc4
2156.361,hit,false,0.000,0,362.787,96,GEOS_0.5x0.625/MERRA2/2019/07/MERRA2.20190701.A3cld.05x0625.nc4
2156.403,hit,false,0.000,0,362.829,96,GEOS_0.5x0.625/MERRA2/2019/07/MERRA2.20190701.A3cld.05x0625.nc4
2156.424,hit,false,0.000,0,362.851,96,GEOS_0.5x0.625/MERRA2/2019/07/MERRA2.20190701.A3cld.05x0625.nc4
2156.471,hit,false,0.000,0,362.897,96,GEOS_0.5x0.625/MERRA2/2019/07/MERRA2.20190701.A3cld.05x0625.nc4
2156.496,hit,false,0.000,0,362.922,96,GEOS_0.5x0.625/MERRA2/2019/07/MERRA2.20190701.A3cld.05x0625.nc4
2156.533,hit,false,0.000,0,362.957,97,GEOS_0.5x0.625/MERRA2/2019/07/MERRA2.20190701.A3cld.05x0625.nc4
2156.558,hit,false,0.000,0,362.983,97,GEOS_0.5x0.625/MERRA2/2019/07/MERRA2.20190701.A3cld.05x0625.nc4
2156.590,hit,false,0.000,0,363.015,97,GEOS_0.5x0.625/MERRA2/2019/07/MERRA2.20190701.A3cld.05x0625.nc4
2156.614,hit,false,0.000,0,363.038,97,GEOS_0.5x0.625/MERRA2/2019/07/MERRA2.20190701.A3cld.05x0625.nc4
2156.654,hit,false,0.000,0,363.078,97,GEOS_0.5x0.625/MERRA2/2019/07/MERRA2.20190701.A3cld.05x0625.nc4
2156.677,hit,false,0.000,0,363.101,97,GEOS_0.5x0.625/MERRA2/2019/07/MERRA2.20190701.A3cld.05x0625.nc4
2156.713,hit,false,0.000,0,363.137,97,GEOS_0.5x0.625/MERRA2/2019/07/MERRA2.20190701.A3cld.05x0625.nc4
2156.740,hit,false,0.000,0,363.164,97,GEOS_0.5x0.625/MERRA2/2019/07/MERRA2.20190701.A3cld.05x0625.nc4
2156.772,hit,false,0.000,0,363.195,98,GEOS_0.5x0.625/MERRA2/2019/07/MERRA2.20190701.A3cld.05x0625.nc4
2156.804,hit,false,0.000,0,363.227,98,GEOS_0.5x0.625/MERRA2/2019/07/MERRA2.20190701.A3cld.05x0625.nc4
2156.833,hit,false,0.000,0,363.256,98,GEOS_0.5x0.625/MERRA2/2019/07/MERRA2.20190701.A3cld.05x0625.nc4
2156.864,hit,false,0.000,0,363.287,98,GEOS_0.5x0.625/MERRA2/2019/07/MERRA2.20190701.A3cld.05x0625.nc4
2156.894,hit,false,0.000,0,363.317,98,GEOS_0.5x0.625/MERRA2/2019/07/MERRA2.20190701.A3cld.05x0625.nc4
2156.924,hit,false,0.000,0,363.346,98,GEOS_0.5x0.625/MERRA2/2019/07/MERRA2.20190701.A3cld.05x0625.nc4
2156.955,hit,false,0.000,0,363.378,98,GEOS_0.5x0.625/MERRA2/2019/07/MERRA2.20190701.A3cld.05x0625.nc4
2157.047,hit,false,0.000,0,363.470,98,GEOS_0.5x0.625/MERRA2/2019/07/MERRA2.20190701.A3cld.05x0625.nc4
2157.069,hit,false,0.000,0,363.490,99,GEOS_0.5x0.625/MERRA2/2019/07/MERRA2.20190701.A3cld.05x0625.nc4
2157.113,hit,false,0.000,0,363.534,99,GEOS_0.5x0.625/MERRA2/2019/07/MERRA2.20190701.A3cld.05x0625.nc4
2157.135,hit,false,0.000,0,363.556,99,GEOS_0.5x0.625/MERRA2/2019/07/MERRA2.20190701.A3cld.05x0625.nc4
2157.171,hit,false,0.000,0,363.592,99,GEOS_0.5x0.625/MERRA2/2019/07/MERRA2.20190701.A3cld.05x0625.nc4
2157.197,hit,false,0.000,0,363.618,99,GEOS_0.5x0.625/MERRA2/2019/07/MERRA2.20190701.A3cld.05x0625.nc4
2157.231,hit,false,0.000,0,363.652,99,GEOS_0.5x0.625/MERRA2/2019/07/MERRA2.20190701.A3cld.05x0625.nc4
2157.252,hit,false,0.000,0,363.673,99,GEOS_0.5x0.625/MERRA2/2019/07/MERRA2.20190701.A3cld.05x0625.nc4
2157.287,hit,false,0.000,0,363.708,99,GEOS_0.5x0.625/MERRA2/2019/07/MERRA2.20190701.A3cld.05x0625.nc4
2157.313,hit,false,0.000,0,363.733,100,GEOS_0.5x0.625/MERRA2/2019/07/MERRA2.20190701.A3cld.05x0625.nc4
2157.349,hit,false,0.000,0,363.769,100,GEOS_0.5x0.625/MERRA2/2019/07/MERRA2.20190701.A3cld.05x0625.nc4
2157.366,hit,false,0.000,0,363.786,100,GEOS_0.5x0.625/MERRA2/2019/07/MERRA2.20190701.A3cld.05x0625.nc4
2157.414,hit,false,0.000,0,363.834,100,GEOS_0.5x0.625/MERRA2/2019/07/MERRA2.20190701.A3cld.05x0625.nc4
2157.436,hit,false,0.000,0,363.856,100,GEOS_0.5x0.625/MERRA2/2019/07/MERRA2.20190701.A3cld.05x0625.nc4
2157.474,hit,false,0.000,0,363.894,100,GEOS_0.5x0.625/MERRA2/2019/07/MERRA2.20190701.A3cld.05x0625.nc4
2157.497,hit,false,0.000,0,363.917,100,GEOS_0.5x0.625/MERRA2/2019/07/MERRA2.20190701.A3cld.05x0625.nc4
2157.531,hit,false,0.000,0,363.951,100,GEOS_0.5x0.625/MERRA2/2019/07/MERRA2.20190701.A3cld.05x0625.nc4
2157.555,hit,false,0.000,0,363.973,101,GEOS_0.5x0.625/MERRA2/2019/07/MERRA2.20190701.A3cld.05x0625.nc4
2157.595,hit,false,0.000,0,364.013,101,GEOS_0.5x0.625/MERRA2/2019/07/MERRA2.20190701.A3cld.05x0625.nc4
2157.618,hit,false,0.000,0,364.036,101,GEOS_0.5x0.625/MERRA2/2019/07/MERRA2.20190701.A3cld.05x0625.nc4
2157.651,hit,false,0.000,0,364.069,101,GEOS_0.5x0.625/MERRA2/2019/07/MERRA2.20190701.A3cld.05x0625.nc4
2157.682,hit,false,0.000,0,364.100,101,GEOS_0.5x0.625/MERRA2/2019/07/MERRA2.20190701.A3cld.05x0625.nc4
2157.706,hit,false,0.000,0,364.124,101,GEOS_0.5x0.625/MERRA2/2019/07/MERRA2.20190701.A3cld.05x0625.nc4
2157.749,hit,false,0.000,0,364.167,101,GEOS_0.5x0.625/MERRA2/2019/07/MERRA2.20190701.A3cld.05x0625.nc4
2157.770,hit,false,0.000,0,364.189,101,GEOS_0.5x0.625/MERRA2/2019/07/MERRA2.20190701.A3cld.05x0625.nc4
2157.809,hit,false,0.000,0,364.225,102,GEOS_0.5x0.625/MERRA2/2019/07/MERRA2.20190701.A3cld.05x0625.nc4
2157.833,hit,false,0.000,0,364.250,102,GEOS_0.5x0.625/MERRA2/2019/07/MERRA2.20190701.A3cld.05x0625.nc4
2157.872,hit,false,0.000,0,364.288,102,GEOS_0.5x0.625/MERRA2/2019/07/MERRA2.20190701.A3cld.05x0625.nc4
2157.893,hit,false,0.000,0,364.309,102,GEOS_0.5x0.625/MERRA2/2019/07/MERRA2.20190701.A3cld.05x0625.nc4
2157.932,hit,false,0.000,0,364.348,102,GEOS_0.5x0.625/MERRA2/2019/07/MERRA2.20190701.A3cld.05x0625.nc4
2157.954,hit,false,0.000,0,364.370,102,GEOS_0.5x0.625/MERRA2/2019/07/MERRA2.20190701.A3cld.05x0625.nc4
2158.000,hit,false,0.000,0,364.417,102,GEOS_0.5x0.625/MERRA2/2019/07/MERRA2.20190701.A3cld.05x0625.nc4
2158.021,hit,false,0.000,0,364.437,102,GEOS_0.5x0.625/MERRA2/2019/07/MERRA2.20190701.A3cld.05x0625.nc4
2158.059,hit,false,0.000,0,364.474,103,GEOS_0.5x0.625/MERRA2/2019/07/MERRA2.20190701.A3cld.05x0625.nc4
2158.084,hit,false,0.000,0,364.499,103,GEOS_0.5x0.625/MERRA2/2019/07/MERRA2.20190701.A3cld.05x0625.nc4
2158.116,hit,false,0.000,0,364.531,103,GEOS_0.5x0.625/MERRA2/2019/07/MERRA2.20190701.A3cld.05x0625.nc4
2158.141,hit,false,0.000,0,364.556,103,GEOS_0.5x0.625/MERRA2/2019/07/MERRA2.20190701.A3cld.05x0625.nc4
2158.176,hit,false,0.000,0,364.591,103,GEOS_0.5x0.625/MERRA2/2019/07/MERRA2.20190701.A3cld.05x0625.nc4
2158.199,hit,false,0.000,0,364.614,103,GEOS_0.5x0.625/MERRA2/2019/07/MERRA2.20190701.A3cld.05x0625.nc4
2158.233,hit,false,0.000,0,364.648,103,GEOS_0.5x0.625/MERRA2/2019/07/MERRA2.20190701.A3cld.05x0625.nc4
2158.257,hit,false,0.000,0,364.672,103,GEOS_0.5x0.625/MERRA2/2019/07/MERRA2.20190701.A3cld.05x0625.nc4
2158.293,hit,false,0.000,0,364.856,104,GEOS_0.5x0.625/MERRA2/2019/07/MERRA2.20190701.A3cld.05x0625.nc4
2158.318,hit,false,0.000,0,364.882,104,GEOS_0.5x0.625/MERRA2/2019/07/MERRA2.20190701.A3cld.05x0625.nc4
2158.362,hit,false,0.000,0,364.926,104,GEOS_0.5x0.625/MERRA2/2019/07/MERRA2.20190701.A3cld.05x0625.nc4
2158.382,hit,false,0.000,0,364.946,104,GEOS_0.5x0.625/MERRA2/2019/07/MERRA2.20190701.A3cld.05x0625.nc4
2158.423,hit,false,0.000,0,364.986,104,GEOS_0.5x0.625/MERRA2/2019/07/MERRA2.20190701.A3cld.05x0625.nc4
2158.445,hit,false,0.000,0,365.009,104,GEOS_0.5x0.625/MERRA2/2019/07/MERRA2.20190701.A3cld.05x0625.nc4
2158.477,hit,false,0.000,0,365.040,104,GEOS_0.5x0.625/MERRA2/2019/07/MERRA2.20190701.A3cld.05x0625.nc4
2158.501,hit,false,0.000,0,365.064,104,GEOS_0.5x0.625/MERRA2/2019/07/MERRA2.20190701.A3cld.05x0625.nc4
2158.533,hit,false,0.000,0,365.090,105,GEOS_0.5x0.625/MERRA2/2019/07/MERRA2.20190701.A3cld.05x0625.nc4
2158.558,hit,false,0.000,0,365.115,105,GEOS_0.5x0.625/MERRA2/2019/07/MERRA2.20190701.A3cld.05x0625.nc4
2158.592,hit,false,0.000,0,365.149,105,GEOS_0.5x0.625/MERRA2/2019/07/MERRA2.20190701.A3cld.05x0625.nc4
2158.625,hit,false,0.000,0,365.182,105,GEOS_0.5x0.625/MERRA2/2019/07/MERRA2.20190701.A3cld.05x0625.nc4
2158.659,hit,false,0.000,0,365.217,105,GEOS_0.5x0.625/MERRA2/2019/07/MERRA2.20190701.A3cld.05x0625.nc4
2158.688,hit,false,0.000,0,365.245,105,GEOS_0.5x0.625/MERRA2/2019/07/MERRA2.20190701.A3cld.05x0625.nc4
2158.718,hit,false,0.000,0,365.275,105,GEOS_0.5x0.625/MERRA2/2019/07/MERRA2.20190701.A3cld.05x0625.nc4
2158.747,hit,false,0.000,0,365.305,105,GEOS_0.5x0.625/MERRA2/2019/07/MERRA2.20190701.A3cld.05x0625.nc4
2158.769,hit,false,0.000,0,365.325,106,GEOS_0.5x0.625/MERRA2/2019/07/MERRA2.20190701.A3cld.05x0625.nc4
2158.804,hit,false,0.000,0,365.360,106,GEOS_0.5x0.625/MERRA2/2019/07/MERRA2.20190701.A3cld.05x0625.nc4
2158.830,hit,false,0.000,0,365.385,106,GEOS_0.5x0.625/MERRA2/2019/07/MERRA2.20190701.A3cld.05x0625.nc4
2158.858,hit,false,0.000,0,365.414,106,GEOS_0.5x0.625/MERRA2/2019/07/MERRA2.20190701.A3cld.05x0625.nc4
2158.886,hit,false,0.000,0,365.442,106,GEOS_0.5x0.625/MERRA2/2019/07/MERRA2.20190701.A3cld.05x0625.nc4
2158.914,hit,false,0.000,0,365.470,106,GEOS_0.5x0.625/MERRA2/2019/07/MERRA2.20190701.A3cld.05x0625.nc4
2159.017,hit,false,0.000,0,365.573,106,GEOS_0.5x0.625/MERRA2/2019/07/MERRA2.20190701.A3cld.05x0625.nc4
2159.038,hit,false,0.000,0,365.594,106,GEOS_0.5x0.625/MERRA2/2019/07/MERRA2.20190701.A3cld.05x0625.nc4
2159.078,hit,false,0.000,0,365.629,107,GEOS_0.5x0.625/MERRA2/2019/07/MERRA2.20190701.A3cld.05x0625.nc4
2159.101,hit,false,0.000,0,365.653,107,GEOS_0.5x0.625/MERRA2/2019/07/MERRA2.20190701.A3cld.05x0625.nc4
2159.143,hit,false,0.000,0,365.695,107,GEOS_0.5x0.625/MERRA2/2019/07/MERRA2.20190701.A3cld.05x0625.nc4
2159.164,hit,false,0.000,0,365.716,107,GEOS_0.5x0.625/MERRA2/2019/07/MERRA2.20190701.A3cld.05x0625.nc4
2159.204,hit,false,0.000,0,365.756,107,GEOS_0.5x0.625/MERRA2/2019/07/MERRA2.20190701.A3cld.05x0625.nc4
2159.225,hit,false,0.000,0,365.776,107,GEOS_0.5x0.625/MERRA2/2019/07/MERRA2.20190701.A3cld.05x0625.nc4
2159.264,hit,false,0.000,0,365.815,107,GEOS_0.5x0.625/MERRA2/2019/07/MERRA2.20190701.A3cld.05x0625.nc4
2159.286,hit,false,0.000,0,365.837,107,GEOS_0.5x0.625/MERRA2/2019/07/MERRA2.20190701.A3cld.05x0625.nc4
2159.328,hit,false,0.000,0,365.877,108,GEOS_0.5x0.625/MERRA2/2019/07/MERRA2.20190701.A3cld.05x0625.nc4
2159.350,hit,false,0.000,0,365.900,108,GEOS_0.5x0.625/MERRA2/2019/07/MERRA2.20190701.A3cld.05x0625.nc4
2159.390,hit,false,0.000,0,365.940,108,GEOS_0.5x0.625/MERRA2/2019/07/MERRA2.20190701.A3cld.05x0625.nc4
2159.412,hit,false,0.000,0,365.961,108,GEOS_0.5x0.625/MERRA2/2019/07/MERRA2.20190701.A3cld.05x0625.nc4
2159.452,hit,false,0.000,0,366.002,108,GEOS_0.5x0.625/MERRA2/2019/07/MERRA2.20190701.A3cld.05x0625.nc4
2159.473,hit,false,0.000,0,366.022,108,GEOS_0.5x0.625/MERRA2/2019/07/MERRA2.20190701.A3cld.05x0625.nc4
2159.511,hit,false,0.000,0,366.061,108,GEOS_0.5x0.625/MERRA2/2019/07/MERRA2.20190701.A3cld.05x0625.nc4
2159.534,hit,false,0.000,0,366.083,108,GEOS_0.5x0.625/MERRA2/2019/07/MERRA2.20190701.A3cld.05x0625.nc4
2159.572,hit,false,0.000,0,366.120,109,GEOS_0.5x0.625/MERRA2/2019/07/MERRA2.20190701.A3cld.05x0625.nc4
2159.595,hit,false,0.000,0,366.143,109,GEOS_0.5x0.625/MERRA2/2019/07/MERRA2.20190701.A3cld.05x0625.nc4
2159.629,hit,false,0.000,0,366.176,109,GEOS_0.5x0.625/MERRA2/2019/07/MERRA2.20190701.A3cld.05x0625.nc4
2159.654,hit,false,0.000,0,366.202,109,GEOS_0.5x0.625/MERRA2/2019/07/MERRA2.20190701.A3cld.05x0625.nc4
2159.690,hit,false,0.000,0,366.238,109,GEOS_0.5x0.625/MERRA2/2019/07/MERRA2.20190701.A3cld.05x0625.nc4
2159.712,hit,false,0.000,0,366.260,109,GEOS_0.5x0.625/MERRA2/2019/07/MERRA2.20190701.A3cld.05x0625.nc4
2159.747,hit,false,0.000,0,366.294,109,GEOS_0.5x0.625/MERRA2/2019/07/MERRA2.20190701.A3cld.05x0625.nc4
2159.770,hit,false,0.000,0,366.317,109,GEOS_0.5x0.625/MERRA2/2019/07/MERRA2.20190701.A3cld.05x0625.nc4
2159.810,hit,false,0.000,0,366.355,110,GEOS_0.5x0.625/MERRA2/2019/07/MERRA2.20190701.A3cld.05x0625.nc4
2159.834,hit,false,0.000,0,366.380,110,GEOS_0.5x0.625/MERRA2/2019/07/MERRA2.20190701.A3cld.05x0625.nc4
2159.870,hit,false,0.000,0,366.416,110,GEOS_0.5x0.625/MERRA2/2019/07/MERRA2.20190701.A3cld.05x0625.nc4
2159.893,hit,false,0.000,0,366.438,110,GEOS_0.5x0.625/MERRA2/2019/07/MERRA2.20190701.A3cld.05x0625.nc4
2159.926,hit,false,0.000,0,366.472,110,GEOS_0.5x0.625/MERRA2/2019/07/MERRA2.20190701.A3cld.05x0625.nc4
2159.952,hit,false,0.000,0,366.498,110,GEOS_0.5x0.625/MERRA2/2019/07/MERRA2.20190701.A3cld.05x0625.nc4
2159.984,hit,false,0.000,0,366.530,110,GEOS_0.5x0.625/MERRA2/2019/07/MERRA2.20190701.A3cld.05x0625.nc4
2160.015,hit,false,0.000,0,366.560,110,GEOS_0.5x0.625/MERRA2/2019/07/MERRA2.20190701.A3cld.05x0625.nc4
2160.043,hit,false,0.000,0,366.587,111,GEOS_0.5x0.625/MERRA2/2019/07/MERRA2.20190701.A3cld.05x0625.nc4
2160.075,hit,false,0.000,0,366.619,111,GEOS_0.5x0.625/MERRA2/2019/07/MERRA2.20190701.A3cld.05x0625.nc4
2160.099,hit,false,0.000,0,366.643,111,GEOS_0.5x0.625/MERRA2/2019/07/MERRA2.20190701.A3cld.05x0625.nc4
2160.131,hit,false,0.000,0,366.675,111,GEOS_0.5x0.625/MERRA2/2019/07/MERRA2.20190701.A3cld.05x0625.nc4
2160.159,hit,false,0.000,0,366.703,111,GEOS_0.5x0.625/MERRA2/2019/07/MERRA2.20190701.A3cld.05x0625.nc4
2160.192,hit,false,0.000,0,366.736,111,GEOS_0.5x0.625/MERRA2/2019/07/MERRA2.20190701.A3cld.05x0625.nc4
2160.218,hit,false,0.000,0,366.762,111,GEOS_0.5x0.625/MERRA2/2019/07/MERRA2.20190701.A3cld.05x0625.nc4
2160.255,hit,false,0.000,0,366.799,111,GEOS_0.5x0.625/MERRA2/2019/07/MERRA2.20190701.A3cld.05x0625.nc4
2160.278,hit,false,0.000,0,366.431,112,GEOS_0.5x0.625/MERRA2/2019/07/MERRA2.20190701.A3cld.05x0625.nc4
2160.315,hit,false,0.000,0,366.469,112,GEOS_0.5x0.625/MERRA2/2019/07/MERRA2.20190701.A3cld.05x0625.nc4
2160.345,hit,false,0.000,0,366.499,112,GEOS_0.5x0.625/MERRA2/2019/07/MERRA2.20190701.A3cld.05x0625.nc4
2160.369,hit,false,0.000,0,366.523,112,GEOS_0.5x0.625/MERRA2/2019/07/MERRA2.20190701.A3cld.05x0625.nc4
2160.404,hit,false,0.000,0,366.557,112,GEOS_0.5x0.625/MERRA2/2019/07/MERRA2.20190701.A3cld.05x0625.nc4
2160.429,hit,false,0.000,0,366.582,112,GEOS_0.5x0.625/MERRA2/2019/07/MERRA2.20190701.A3cld.05x0625.nc4
2160.462,hit,false,0.000,0,366.615,112,GEOS_0.5x0.625/MERRA2/2019/07/MERRA2.20190701.A3cld.05x0625.nc4
2160.487,hit,false,0.000,0,366.640,112,GEOS_0.5x0.625/MERRA2/2019/07/MERRA2.20190701.A3cld.05x0625.nc4
2160.519,hit,false,0.000,0,366.670,113,GEOS_0.5x0.625/MERRA2/2019/07/MERRA2.20190701.A3cld.05x0625.nc4
2160.546,hit,false,0.000,0,366.697,113,GEOS_0.5x0.625/MERRA2/2019/07/MERRA2.20190701.A3cld.05x0625.nc4
2160.577,hit,false,0.000,0,366.727,113,GEOS_0.5x0.625/MERRA2/2019/07/MERRA2.20190701.A3cld.05x0625.nc4
2160.602,hit,false,0.000,0,366.753,113,GEOS_0.5x0.625/MERRA2/2019/07/MERRA2.20190701.A3cld.05x0625.nc4
2160.633,hit,false,0.000,0,366.784,113,GEOS_0.5x0.625/MERRA2/2019/07/MERRA2.20190701.A3cld.05x0625.nc4
2160.654,hit,false,0.000,0,366.805,113,GEOS_0.5x0.625/MERRA2/2019/07/MERRA2.20190701.A3cld.05x0625.nc4
2160.693,hit,false,0.000,0,366.844,113,GEOS_0.5x0.625/MERRA2/2019/07/MERRA2.20190701.A3cld.05x0625.nc4
2160.716,hit,false,0.000,0,366.867,113,GEOS_0.5x0.625/MERRA2/2019/07/MERRA2.20190701.A3cld.05x0625.nc4
2160.750,hit,false,0.000,0,366.899,114,GEOS_0.5x0.625/MERRA2/2019/07/MERRA2.20190701.A3cld.05x0625.nc4
2160.774,hit,false,0.000,0,366.923,114,GEOS_0.5x0.625/MERRA2/2019/07/MERRA2.20190701.A3cld.05x0625.nc4
2160.815,hit,false,0.000,0,366.964,114,GEOS_0.5x0.625/MERRA2/2019/07/MERRA2.20190701.A3cld.05x0625.nc4
2160.838,hit,false,0.000,0,366.987,114,GEOS_0.5x0.625/MERRA2/2019/07/MERRA2.20190701.A3cld.05x0625.nc4
2160.876,hit,false,0.000,0,367.025,114,GEOS_0.5x0.625/MERRA2/2019/07/MERRA2.20190701.A3cld.05x0625.nc4
2161.001,hit,false,0.000,0,367.150,114,GEOS_0.5x0.625/MERRA2/2019/07/MERRA2.20190701.A3cld.05x0625.nc4
2161.024,hit,false,0.000,0,367.173,114,GEOS_0.5x0.625/MERRA2/2019/07/MERRA2.20190701.A3cld.05x0625.nc4
2161.062,hit,false,0.000,0,367.211,114,GEOS_0.5x0.625/MERRA2/2019/07/MERRA2.20190701.A3cld.05x0625.nc4
2161.091,hit,false,0.000,0,367.238,115,GEOS_0.5x0.625/MERRA2/2019/07/MERRA2.20190701.A3cld.05x0625.nc4
2161.123,hit,false,0.000,0,367.270,115,GEOS_0.5x0.625/MERRA2/2019/07/MERRA2.20190701.A3cld.05x0625.nc4
2161.159,hit,false,0.000,0,367.306,115,GEOS_0.5x0.625/MERRA2/2019/07/MERRA2.20190701.A3cld.05x0625.nc4
2161.184,hit,false,0.000,0,367.331,115,GEOS_0.5x0.625/MERRA2/2019/07/MERRA2.20190701.A3cld.05x0625.nc4
2161.220,hit,false,0.000,0,367.367,115,GEOS_0.5x0.625/MERRA2/2019/07/MERRA2.20190701.A3cld.05x0625.nc4
2161.247,hit,false,0.000,0,367.394,115,GEOS_0.5x0.625/MERRA2/2019/07/MERRA2.20190701.A3cld.05x0625.nc4
2161.287,hit,false,0.000,0,367.434,115,GEOS_0.5x0.625/MERRA2/2019/07/MERRA2.20190701.A3cld.05x0625.nc4
2161.308,hit,false,0.000,0,367.455,115,GEOS_0.5x0.625/MERRA2/2019/07/MERRA2.20190701.A3cld.05x0625.nc4
2161.347,hit,false,0.000,0,367.493,116,GEOS_0.5x0.625/MERRA2/2019/07/MERRA2.20190701.A3cld.05x0625.nc4
2161.385,hit,false,0.000,0,367.531,116,GEOS_0.5x0.625/MERRA2/2019/07/MERRA2.20190701.A3cld.05x0625.nc4
2161.415,hit,false,0.000,0,367.560,116,GEOS_0.5x0.625/MERRA2/2019/07/MERRA2.20190701.A3cld.05x0625.nc4
2161.469,hit,false,0.000,0,367.614,116,GEOS_0.5x0.625/MERRA2/2019/07/MERRA2.20190701.A3cld.05x0625.nc4
2161.491,hit,false,0.000,0,367.636,116,GEOS_0.5x0.625/MERRA2/2019/07/MERRA2.20190701.A3cld.05x0625.nc4
2161.528,hit,false,0.000,0,367.673,116,GEOS_0.5x0.625/MERRA2/2019/07/MERRA2.20190701.A3cld.05x0625.nc4
2161.553,hit,false,0.000,0,367.699,116,GEOS_0.5x0.625/MERRA2/2019/07/MERRA2.20190701.A3cld.05x0625.nc4
2161.592,hit,false,0.000,0,367.737,116,GEOS_0.5x0.625/MERRA2/2019/07/MERRA2.20190701.A3cld.05x0625.nc4
2161.616,hit,false,0.000,0,367.760,117,GEOS_0.5x0.625/MERRA2/2019/07/MERRA2.20190701.A3cld.05x0625.nc4
2161.653,hit,false,0.000,0,367.796,117,GEOS_0.5x0.625/MERRA2/2019/07/MERRA2.20190701.A3cld.05x0625.nc4
2161.684,hit,false,0.000,0,367.828,117,GEOS_0.5x0.625/MERRA2/2019/07/MERRA2.20190701.A3cld.05x0625.nc4
2161.713,hit,false,0.000,0,367.856,117,GEOS_0.5x0.625/MERRA2/2019/07/MERRA2.20190701.A3cld.05x0625.nc4
2161.746,hit,false,0.000,0,367.889,117,GEOS_0.5x0.625/MERRA2/2019/07/MERRA2.20190701.A3cld.05x0625.nc4
2161.770,hit,false,0.000,0,367.913,117,GEOS_0.5x0.625/MERRA2/2019/07/MERRA2.20190701.A3cld.05x0625.nc4
2161.806,hit,false,0.000,0,367.950,117,GEOS_0.5x0.625/MERRA2/2019/07/MERRA2.20190701.A3cld.05x0625.nc4
2161.829,hit,false,0.000,0,367.973,117,GEOS_0.5x0.625/MERRA2/2019/07/MERRA2.20190701.A3cld.05x0625.nc4
2161.868,hit,false,0.000,0,368.010,118,GEOS_0.5x0.625/MERRA2/2019/07/MERRA2.20190701.A3cld.05x0625.nc4
2161.892,hit,false,0.000,0,368.034,118,GEOS_0.5x0.625/MERRA2/2019/07/MERRA2.20190701.A3cld.05x0625.nc4
2161.929,hit,false,0.000,0,368.071,118,GEOS_0.5x0.625/MERRA2/2019/07/MERRA2.20190701.A3cld.05x0625.nc4
2161.954,hit,false,0.000,0,368.096,118,GEOS_0.5x0.625/MERRA2/2019/07/MERRA2.20190701.A3cld.05x0625.nc4
2161.988,hit,false,0.000,0,368.130,118,GEOS_0.5x0.625/MERRA2/2019/07/MERRA2.20190701.A3cld.05x0625.nc4
2162.010,hit,false,0.000,0,368.152,118,GEOS_0.5x0.625/MERRA2/2019/07/MERRA2.20190701.A3cld.05x0625.nc4
2162.047,hit,false,0.000,0,368.189,118,GEOS_0.5x0.625/MERRA2/2019/07/MERRA2.20190701.A3cld.05x0625.nc4
2162.069,hit,false,0.000,0,368.211,118,GEOS_0.5x0.625/MERRA2/2019/07/MERRA2.20190701.A3cld.05x0625.nc4
2162.106,hit,false,0.000,0,368.247,119,GEOS_0.5x0.625/MERRA2/2019/07/MERRA2.20190701.A3cld.05x0625.nc4
2162.131,hit,false,0.000,0,368.271,119,GEOS_0.5x0.625/MERRA2/2019/07/MERRA2.20190701.A3cld.05x0625.nc4
2162.167,hit,false,0.000,0,368.307,119,GEOS_0.5x0.625/MERRA2/2019/07/MERRA2.20190701.A3cld.05x0625.nc4
2162.195,hit,false,0.000,0,368.335,119,GEOS_0.5x0.625/MERRA2/2019/07/MERRA2.20190701.A3cld.05x0625.nc4
2162.228,hit,false,0.000,0,368.368,119,GEOS_0.5x0.625/MERRA2/2019/07/MERRA2.20190701.A3cld.05x0625.nc4
2162.251,hit,false,0.000,0,368.391,119,GEOS_0.5x0.625/MERRA2/2019/07/MERRA2.20190701.A3cld.05x0625.nc4
2162.290,hit,false,0.000,0,368.430,119,GEOS_0.5x0.625/MERRA2/2019/07/MERRA2.20190701.A3cld.05x0625.nc4
2162.311,hit,false,0.000,0,368.451,119,GEOS_0.5x0.625/MERRA2/2019/07/MERRA2.20190701.A3cld.05x0625.nc4
2162.354,hit,false,0.000,0,368.577,120,GEOS_0.5x0.625/MERRA2/2019/07/MERRA2.20190701.A3cld.05x0625.nc4
2162.378,hit,false,0.000,0,368.601,120,GEOS_0.5x0.625/MERRA2/2019/07/MERRA2.20190701.A3cld.05x0625.nc4
2162.441,hit,false,0.000,0,368.664,120,GEOS_0.5x0.625/MERRA2/2019/07/MERRA2.20190701.A3cld.05x0625.nc4
2162.452,hit,false,0.000,0,368.675,120,GEOS_0.5x0.625/MERRA2/2019/07/MERRA2.20190701.A3cld.05x0625.nc4
2162.505,hit,false,0.000,0,368.729,120,GEOS_0.5x0.625/MERRA2/2019/07/MERRA2.20190701.A3cld.05x0625.nc4
2162.524,hit,false,0.000,0,368.747,120,GEOS_0.5x0.625/MERRA2/2019/07/MERRA2.20190701.A3cld.05x0625.nc4
2162.571,hit,false,0.000,0,368.795,120,GEOS_0.5x0.625/MERRA2/2019/07/MERRA2.20190701.A3cld.05x0625.nc4
2162.590,hit,false,0.000,0,368.814,120,GEOS_0.5x0.625/MERRA2/2019/07/MERRA2.20190701.A3cld.05x0625.nc4
2162.642,hit,false,0.000,0,368.863,121,GEOS_0.5x0.625/MERRA2/2019/07/MERRA2.20190701.A3cld.05x0625.nc4
2162.667,hit,false,0.000,0,368.888,121,GEOS_0.5x0.625/MERRA2/2019/07/MERRA2.20190701.A3cld.05x0625.nc4
2162.704,hit,false,0.000,0,368.925,121,GEOS_0.5x0.625/MERRA2/2019/07/MERRA2.20190701.A3cld.05x0625.nc4
2162.729,hit,false,0.000,0,368.950,121,GEOS_0.5x0.625/MERRA2/2019/07/MERRA2.20190701.A3cld.05x0625.nc4
2162.765,hit,false,0.000,0,368.986,121,GEOS_0.5x0.625/MERRA2/2019/07/MERRA2.20190701.A3cld.05x0625.nc4
2162.794,hit,false,0.000,0,369.014,121,GEOS_0.5x0.625/MERRA2/2019/07/MERRA2.20190701.A3cld.05x0625.nc4
2162.823,hit,false,0.000,0,369.043,121,GEOS_0.5x0.625/MERRA2/2019/07/MERRA2.20190701.A3cld.05x0625.nc4
2162.851,hit,false,0.000,0,369.072,121,GEOS_0.5x0.625/MERRA2/2019/07/MERRA2.20190701.A3cld.05x0625.nc4
2162.874,hit,false,0.000,0,369.093,122,GEOS_0.5x0.625/MERRA2/2019/07/MERRA2.20190701.A3cld.05x0625.nc4
2162.915,hit,false,0.000,0,369.134,122,GEOS_0.5x0.625/MERRA2/2019/07/MERRA2.20190701.A3cld.05x0625.nc4
2162.935,hit,false,0.000,0,369.154,122,GEOS_0.5x0.625/MERRA2/2019/07/MERRA2.20190701.A3cld.05x0625.nc4
2162.975,hit,false,0.000,0,369.194,122,GEOS_0.5x0.625/MERRA2/2019/07/MERRA2.20190701.A3cld.05x0625.nc4
2163.065,hit,false,0.000,0,369.284,122,GEOS_0.5x0.625/MERRA2/2019/07/MERRA2.20190701.A3cld.05x0625.nc4
2163.087,hit,false,0.000,0,369.306,122,GEOS_0.5x0.625/MERRA2/2019/07/MERRA2.20190701.A3cld.05x0625.nc4
2163.119,hit,false,0.000,0,369.338,122,GEOS_0.5x0.625/MERRA2/2019/07/MERRA2.20190701.A3cld.05x0625.nc4
2163.144,hit,false,0.000,0,369.363,122,GEOS_0.5x0.625/MERRA2/2019/07/MERRA2.20190701.A3cld.05x0625.nc4
2163.174,hit,false,0.000,0,369.391,123,GEOS_0.5x0.625/MERRA2/2019/07/MERRA2.20190701.A3cld.05x0625.nc4
2163.200,hit,false,0.000,0,369.418,123,GEOS_0.5x0.625/MERRA2/2019/07/MERRA2.20190701.A3cld.05x0625.nc4
2163.233,hit,false,0.000,0,369.451,123,GEOS_0.5x0.625/MERRA2/2019/07/MERRA2.20190701.A3cld.05x0625.nc4
2163.339,hit,false,0.000,0,369.557,123,GEOS_0.5x0.625/MERRA2/2019/07/MERRA2.20190701.A3cld.05x0625.nc4
2163.411,hit,false,0.000,0,369.629,123,GEOS_0.5x0.625/MERRA2/2019/07/MERRA2.20190701.A3cld.05x0625.nc4
2163.433,hit,false,0.000,0,369.651,123,GEOS_0.5x0.625/MERRA2/2019/07/MERRA2.20190701.A3cld.05x0625.nc4
2163.464,hit,false,0.000,0,369.682,123,GEOS_0.5x0.625/MERRA2/2019/07/MERRA2.20190701.A3cld.05x0625.nc4
2163.490,hit,false,0.000,0,369.707,123,GEOS_0.5x0.625/MERRA2/2019/07/MERRA2.20190701.A3cld.05x0625.nc4
2163.520,hit,false,0.000,0,369.736,124,GEOS_0.5x0.625/MERRA2/2019/07/MERRA2.20190701.A3cld.05x0625.nc4
2163.545,hit,false,0.000,0,369.761,124,GEOS_0.5x0.625/MERRA2/2019/07/MERRA2.20190701.A3cld.05x0625.nc4
2163.575,hit,false,0.000,0,369.791,124,GEOS_0.5x0.625/MERRA2/2019/07/MERRA2.20190701.A3cld.05x0625.nc4
2163.600,hit,false,0.000,0,369.816,124,GEOS_0.5x0.625/MERRA2/2019/07/MERRA2.20190701.A3cld.05x0625.nc4
2163.629,hit,false,0.000,0,369.845,124,GEOS_0.5x0.625/MERRA2/2019/07/MERRA2.20190701.A3cld.05x0625.nc4
2163.659,hit,false,0.000,0,369.875,124,GEOS_0.5x0.625/MERRA2/2019/07/MERRA2.20190701.A3cld.05x0625.nc4
2163.683,hit,false,0.000,0,369.899,124,GEOS_0.5x0.625/MERRA2/2019/07/MERRA2.20190701.A3cld.05x0625.nc4
2163.713,hit,false,0.000,0,369.929,124,GEOS_0.5x0.625/MERRA2/2019/07/MERRA2.20190701.A3cld.05x0625.nc4
2163.741,hit,false,0.000,0,369.954,125,GEOS_0.5x0.625/MERRA2/2019/07/MERRA2.20190701.A3cld.05x0625.nc4
2163.766,hit,false,0.000,0,369.979,125,GEOS_0.5x0.625/MERRA2/2019/07/MERRA2.20190701.A3cld.05x0625.nc4
2163.796,hit,false,0.000,0,370.010,125,GEOS_0.5x0.625/MERRA2/2019/07/MERRA2.20190701.A3cld.05x0625.nc4
2163.821,hit,false,0.000,0,370.034,125,GEOS_0.5x0.625/MERRA2/2019/07/MERRA2.20190701.A3cld.05x0625.nc4
2163.850,hit,false,0.000,0,370.063,125,GEOS_0.5x0.625/MERRA2/2019/07/MERRA2.20190701.A3cld.05x0625.nc4
2163.878,hit,false,0.000,0,370.091,125,GEOS_0.5x0.625/MERRA2/2019/07/MERRA2.20190701.A3cld.05x0625.nc4
2163.902,hit,false,0.000,0,370.115,125,GEOS_0.5x0.625/MERRA2/2019/07/MERRA2.20190701.A3cld.05x0625.nc4
2163.930,hit,false,0.000,0,370.143,125,GEOS_0.5x0.625/MERRA2/2019/07/MERRA2.20190701.A3cld.05x0625.nc4
2163.952,hit,false,0.000,0,370.164,126,GEOS_0.5x0.625/MERRA2/2019/07/MERRA2.20190701.A3cld.05x0625.nc4
2163.989,hit,false,0.000,0,370.201,126,GEOS_0.5x0.625/MERRA2/2019/07/MERRA2.20190701.A3cld.05x0625.nc4
2164.010,hit,false,0.000,0,370.222,126,GEOS_0.5x0.625/MERRA2/2019/07/MERRA2.20190701.A3cld.05x0625.nc4
2164.040,hit,false,0.000,0,370.252,126,GEOS_0.5x0.625/MERRA2/2019/07/MERRA2.20190701.A3cld.05x0625.nc4
2164.065,hit,false,0.000,0,370.277,126,GEOS_0.5x0.625/MERRA2/2019/07/MERRA2.20190701.A3cld.05x0625.nc4
2164.095,hit,false,0.000,0,370.307,126,GEOS_0.5x0.625/MERRA2/2019/07/MERRA2.20190701.A3cld.05x0625.nc4
2164.118,hit,false,0.000,0,370.330,126,GEOS_0.5x0.625/MERRA2/2019/07/MERRA2.20190701.A3cld.05x0625.nc4
2164.148,hit,false,0.000,0,370.359,126,GEOS_0.5x0.625/MERRA2/2019/07/MERRA2.20190701.A3cld.05x0625.nc4
2164.171,hit,false,0.000,0,370.381,127,GEOS_0.5x0.625/MERRA2/2019/07/MERRA2.20190701.A3cld.05x0625.nc4
2164.203,hit,false,0.000,0,370.413,127,GEOS_0.5x0.625/MERRA2/2019/07/MERRA2.20190701.A3cld.05x0625.nc4
2164.227,hit,false,0.000,0,370.438,127,GEOS_0.5x0.625/MERRA2/2019/07/MERRA2.20190701.A3cld.05x0625.nc4
2164.257,hit,false,0.000,0,370.467,127,GEOS_0.5x0.625/MERRA2/2019/07/MERRA2.20190701.A3cld.05x0625.nc4
2164.282,hit,false,0.000,0,370.493,127,GEOS_0.5x0.625/MERRA2/2019/07/MERRA2.20190701.A3cld.05x0625.nc4
2164.311,hit,false,0.000,0,370.521,127,GEOS_0.5x0.625/MERRA2/2019/07/MERRA2.20190701.A3cld.05x0625.nc4
2164.335,hit,false,0.000,0,370.545,127,GEOS_0.5x0.625/MERRA2/2019/07/MERRA2.20190701.A3cld.05x0625.nc4
2164.365,hit,false,0.000,0,370.575,127,GEOS_0.5x0.625/MERRA2/2019/07/MERRA2.20190701.A3cld.05x0625.nc4
2164.389,hit,false,0.000,0,370.414,128,GEOS_0.5x0.625/MERRA2/2019/07/MERRA2.20190701.A3cld.05x0625.nc4
2164.422,hit,false,0.000,0,370.447,128,GEOS_0.5x0.625/MERRA2/2019/07/MERRA2.20190701.A3cld.05x0625.nc4
2164.455,hit,false,0.000,0,370.480,128,GEOS_0.5x0.625/MERRA2/2019/07/MERRA2.20190701.A3cld.05x0625.nc4
2164.481,hit,false,0.000,0,370.506,128,GEOS_0.5x0.625/MERRA2/2019/07/MERRA2.20190701.A3cld.05x0625.nc4
2164.513,hit,false,0.000,0,370.539,128,GEOS_0.5x0.625/MERRA2/2019/07/MERRA2.20190701.A3cld.05x0625.nc4
2164.541,hit,false,0.000,0,370.566,128,GEOS_0.5x0.625/MERRA2/2019/07/MERRA2.20190701.A3cld.05x0625.nc4
2164.571,hit,false,0.000,0,370.596,128,GEOS_0.5x0.625/MERRA2/2019/07/MERRA2.20190701.A3cld.05x0625.nc4
2164.596,hit,false,0.000,0,370.621,128,GEOS_0.5x0.625/MERRA2/2019/07/MERRA2.20190701.A3cld.05x0625.nc4
2164.627,hit,false,0.000,0,370.650,129,GEOS_0.5x0.625/MERRA2/2019/07/MERRA2.20190701.A3cld.05x0625.nc4
2164.654,hit,false,0.000,0,370.676,129,GEOS_0.5x0.625/MERRA2/2019/07/MERRA2.20190701.A3cld.05x0625.nc4
2164.686,hit,false,0.000,0,370.708,129,GEOS_0.5x0.625/MERRA2/2019/07/MERRA2.20190701.A3cld.05x0625.nc4
2164.714,hit,false,0.000,0,370.736,129,GEOS_0.5x0.625/MERRA2/2019/07/MERRA2.20190701.A3cld.05x0625.nc4
2164.743,hit,false,0.000,0,370.766,129,GEOS_0.5x0.625/MERRA2/2019/07/MERRA2.20190701.A3cld.05x0625.nc4
2164.772,hit,false,0.000,0,370.795,129,GEOS_0.5x0.625/MERRA2/2019/07/MERRA2.20190701.A3cld.05x0625.nc4
2164.801,hit,false,0.000,0,370.824,129,GEOS_0.5x0.625/MERRA2/2019/07/MERRA2.20190701.A3cld.05x0625.nc4
2164.830,hit,false,0.000,0,370.852,129,GEOS_0.5x0.625/MERRA2/2019/07/MERRA2.20190701.A3cld.05x0625.nc4
2164.858,hit,false,0.000,0,370.879,130,GEOS_0.5x0.625/MERRA2/2019/07/MERRA2.20190701.A3cld.05x0625.nc4
2164.888,hit,false,0.000,0,370.909,130,GEOS_0.5x0.625/MERRA2/2019/07/MERRA2.20190701.A3cld.05x0625.nc4
2164.918,hit,false,0.000,0,370.939,130,GEOS_0.5x0.625/MERRA2/2019/07/MERRA2.20190701.A3cld.05x0625.nc4
2165.018,hit,false,0.000,0,371.039,130,GEOS_0.5x0.625/MERRA2/2019/07/MERRA2.20190701.A3cld.05x0625.nc4
2165.041,hit,false,0.000,0,371.062,130,GEOS_0.5x0.625/MERRA2/2019/07/MERRA2.20190701.A3cld.05x0625.nc4
2165.077,hit,false,0.000,0,371.098,130,GEOS_0.5x0.625/MERRA2/2019/07/MERRA2.20190701.A3cld.05x0625.nc4
2165.100,hit,false,0.000,0,371.120,130,GEOS_0.5x0.625/MERRA2/2019/07/MERRA2.20190701.A3cld.05x0625.nc4
2165.130,hit,false,0.000,0,371.151,130,GEOS_0.5x0.625/MERRA2/2019/07/MERRA2.20190701.A3cld.05x0625.nc4
2165.156,hit,false,0.000,0,371.175,131,GEOS_0.5x0.625/MERRA2/2019/07/MERRA2.20190701.A3cld.05x0625.nc4
2165.189,hit,false,0.000,0,371.207,131,GEOS_0.5x0.625/MERRA2/2019/07/MERRA2.20190701.A3cld.05x0625.nc4
2165.218,hit,false,0.000,0,371.236,131,GEOS_0.5x0.625/MERRA2/2019/07/MERRA2.20190701.A3cld.05x0625.nc4
2165.249,hit,false,0.000,0,371.268,131,GEOS_0.5x0.625/MERRA2/2019/07/MERRA2.20190701.A3cld.05x0625.nc4
2165.274,hit,false,0.000,0,371.292,131,GEOS_0.5x0.625/MERRA2/2019/07/MERRA2.20190701.A3cld.05x0625.nc4
2165.305,hit,false,0.000,0,371.324,131,GEOS_0.5x0.625/MERRA2/2019/07/MERRA2.20190701.A3cld.05x0625.nc4
2165.328,hit,false,0.000,0,371.347,131,GEOS_0.5x0.625/MERRA2/2019/07/MERRA2.20190701.A3cld.05x0625.nc4
2165.360,hit,false,0.000,0,371.378,131,GEOS_0.5x0.625/MERRA2/2019/07/MERRA2.20190701.A3cld.05x0625.nc4
2165.385,hit,false,0.000,0,371.402,132,GEOS_0.5x0.625/MERRA2/2019/07/MERRA2.20190701.A3cld.05x0625.nc4
2165.420,hit,false,0.000,0,371.437,132,GEOS_0.5x0.625/MERRA2/2019/07/MERRA2.20190701.A3cld.05x0625.nc4
2165.443,hit,false,0.000,0,371.459,132,GEOS_0.5x0.625/MERRA2/2019/07/MERRA2.20190701.A3cld.05x0625.nc4
2165.473,hit,false,0.000,0,371.489,132,GEOS_0.5x0.625/MERRA2/2019/07/MERRA2.20190701.A3cld.05x0625.nc4
2165.498,hit,false,0.000,0,371.515,132,GEOS_0.5x0.625/MERRA2/2019/07/MERRA2.20190701.A3cld.05x0625.nc4
2165.520,hit,false,0.000,0,371.537,132,GEOS_0.5x0.625/MERRA2/2019/07/MERRA2.20190701.A3cld.05x0625.nc4
2165.562,hit,false,0.000,0,371.579,132,GEOS_0.5x0.625/MERRA2/2019/07/MERRA2.20190701.A3cld.05x0625.nc4
2165.585,hit,false,0.000,0,371.602,132,GEOS_0.5x0.625/MERRA2/2019/07/MERRA2.20190701.A3cld.05x0625.nc4
2165.620,hit,false,0.000,0,371.635,133,GEOS_0.5x0.625/MERRA2/2019/07/MERRA2.20190701.A3cld.05x0625.nc4
2165.643,hit,false,0.000,0,371.658,133,GEOS_0.5x0.625/MERRA2/2019/07/MERRA2.20190701.A3cld.05x0625.nc4
2165.679,hit,false,0.000,0,371.694,133,GEOS_0.5x0.625/MERRA2/2019/07/MERRA2.20190701.A3cld.05x0625.nc4
2165.701,hit,false,0.000,0,371.716,133,GEOS_0.5x0.625/MERRA2/2019/07/MERRA2.20190701.A3cld.05x0625.nc4
2165.732,hit,false,0.000,0,371.746,133,GEOS_0.5x0.625/MERRA2/2019/07/MERRA2.20190701.A3cld.05x0625.nc4
2165.756,hit,false,0.000,0,371.771,133,GEOS_0.5x0.625/MERRA2/2019/07/MERRA2.20190701.A3cld.05x0625.nc4
2165.784,hit,false,0.000,0,371.799,133,GEOS_0.5x0.625/MERRA2/2019/07/MERRA2.20190701.A3cld.05x0625.nc4
2165.808,hit,false,0.000,0,371.823,133,GEOS_0.5x0.625/MERRA2/2019/07/MERRA2.20190701.A3cld.05x0625.nc4
2165.838,hit,false,0.000,0,371.852,134,GEOS_0.5x0.625/MERRA2/2019/07/MERRA2.20190701.A3cld.05x0625.nc4
2165.865,hit,false,0.000,0,371.878,134,GEOS_0.5x0.625/MERRA2/2019/07/MERRA2.20190701.A3cld.05x0625.nc4
2165.894,hit,false,0.000,0,371.907,134,GEOS_0.5x0.625/MERRA2/2019/07/MERRA2.20190701.A3cld.05x0625.nc4
2165.916,hit,false,0.000,0,371.929,134,GEOS_0.5x0.625/MERRA2/2019/07/MERRA2.20190701.A3cld.05x0625.nc4
2165.953,hit,false,0.000,0,371.967,134,GEOS_0.5x0.625/MERRA2/2019/07/MERRA2.20190701.A3cld.05x0625.nc4
2165.975,hit,false,0.000,0,371.989,134,GEOS_0.5x0.625/MERRA2/2019/07/MERRA2.20190701.A3cld.05x0625.nc4
2166.011,hit,false,0.000,0,372.025,134,GEOS_0.5x0.625/MERRA2/2019/07/MERRA2.20190701.A3cld.05x0625.nc4
2166.034,hit,false,0.000,0,372.048,134,GEOS_0.5x0.625/MERRA2/2019/07/MERRA2.20190701.A3cld.05x0625.nc4
2166.072,hit,false,0.000,0,372.084,135,GEOS_0.5x0.625/MERRA2/2019/07/MERRA2.20190701.A3cld.05x0625.nc4
2166.096,hit,false,0.000,0,372.108,135,GEOS_0.5x0.625/MERRA2/2019/07/MERRA2.20190701.A3cld.05x0625.nc4
2166.131,hit,false,0.000,0,372.143,135,GEOS_0.5x0.625/MERRA2/2019/07/MERRA2.20190701.A3cld.05x0625.nc4
2166.153,hit,false,0.000,0,372.165,135,GEOS_0.5x0.625/MERRA2/2019/07/MERRA2.20190701.A3cld.05x0625.nc4
2166.186,hit,false,0.000,0,372.198,135,GEOS_0.5x0.625/MERRA2/2019/07/MERRA2.20190701.A3cld.05x0625.nc4
2166.208,hit,false,0.000,0,372.220,135,GEOS_0.5x0.625/MERRA2/2019/07/MERRA2.20190701.A3cld.05x0625.nc4
2166.242,hit,false,0.000,0,372.254,135,GEOS_0.5x0.625/MERRA2/2019/07/MERRA2.20190701.A3cld.05x0625.nc4
2166.264,hit,false,0.000,0,372.276,135,GEOS_0.5x0.625/MERRA2/2019/07/MERRA2.20190701.A3cld.05x0625.nc4
2166.300,hit,false,0.000,0,372.548,136,GEOS_0.5x0.625/MERRA2/2019/07/MERRA2.20190701.A3cld.05x0625.nc4
2166.325,hit,false,0.000,0,372.573,136,GEOS_0.5x0.625/MERRA2/2019/07/MERRA2.20190701.A3cld.05x0625.nc4
2166.370,hit,false,0.000,0,372.618,136,GEOS_0.5x0.625/MERRA2/2019/07/MERRA2.20190701.A3cld.05x0625.nc4
2166.392,hit,false,0.000,0,372.639,136,GEOS_0.5x0.625/MERRA2/2019/07/MERRA2.20190701.A3cld.05x0625.nc4
2166.431,hit,false,0.000,0,372.678,136,GEOS_0.5x0.625/MERRA2/2019/07/MERRA2.20190701.A3cld.05x0625.nc4
2166.456,hit,false,0.000,0,372.703,136,GEOS_0.5x0.625/MERRA2/2019/07/MERRA2.20190701.A3cld.05x0625.nc4
2166.497,hit,false,0.000,0,372.745,136,GEOS_0.5x0.625/MERRA2/2019/07/MERRA2.20190701.A3cld.05x0625.nc4
2166.527,hit,false,0.000,0,372.774,136,GEOS_0.5x0.625/MERRA2/2019/07/MERRA2.20190701.A3cld.05x0625.nc4
2166.556,hit,false,0.000,0,372.802,137,GEOS_0.5x0.625/MERRA2/2019/07/MERRA2.20190701.A3cld.05x0625.nc4
2166.580,hit,false,0.000,0,372.826,137,GEOS_0.5x0.625/MERRA2/2019/07/MERRA2.20190701.A3cld.05x0625.nc4
2166.623,hit,false,0.000,0,372.869,137,GEOS_0.5x0.625/MERRA2/2019/07/MERRA2.20190701.A3cld.05x0625.nc4
2166.646,hit,false,0.000,0,372.891,137,GEOS_0.5x0.625/MERRA2/2019/07/MERRA2.20190701.A3cld.05x0625.nc4
2166.680,hit,false,0.000,0,372.926,137,GEOS_0.5x0.625/MERRA2/2019/07/MERRA2.20190701.A3cld.05x0625.nc4
2166.705,hit,false,0.000,0,372.951,137,GEOS_0.5x0.625/MERRA2/2019/07/MERRA2.20190701.A3cld.05x0625.nc4
2166.737,hit,false,0.000,0,372.983,137,GEOS_0.5x0.625/MERRA2/2019/07/MERRA2.20190701.A3cld.05x0625.nc4
2166.766,hit,false,0.000,0,373.012,137,GEOS_0.5x0.625/MERRA2/2019/07/MERRA2.20190701.A3cld.05x0625.nc4
2166.795,hit,false,0.000,0,373.039,138,GEOS_0.5x0.625/MERRA2/2019/07/MERRA2.20190701.A3cld.05x0625.nc4
2166.828,hit,false,0.000,0,373.072,138,GEOS_0.5x0.625/MERRA2/2019/07/MERRA2.20190701.A3cld.05x0625.nc4
2166.924,hit,false,0.000,0,373.168,138,GEOS_0.5x0.625/MERRA2/2019/07/MERRA2.20190701.A3cld.05x0625.nc4
2166.947,hit,false,0.000,0,373.191,138,GEOS_0.5x0.625/MERRA2/2019/07/MERRA2.20190701.A3cld.05x0625.nc4
2166.982,hit,false,0.000,0,373.226,138,GEOS_0.5x0.625/MERRA2/2019/07/MERRA2.20190701.A3cld.05x0625.nc4
2167.006,hit,false,0.000,0,373.250,138,GEOS_0.5x0.625/MERRA2/2019/07/MERRA2.20190701.A3cld.05x0625.nc4
2167.040,hit,false,0.000,0,373.284,138,GEOS_0.5x0.625/MERRA2/2019/07/MERRA2.20190701.A3cld.05x0625.nc4
2167.063,hit,false,0.000,0,373.307,138,GEOS_0.5x0.625/MERRA2/2019/07/MERRA2.20190701.A3cld.05x0625.nc4
2167.096,hit,false,0.000,0,373.339,139,GEOS_0.5x0.625/MERRA2/2019/07/MERRA2.20190701.A3cld.05x0625.nc4
2167.123,hit,false,0.000,0,373.365,139,GEOS_0.5x0.625/MERRA2/2019/07/MERRA2.20190701.A3cld.05x0625.nc4
2167.155,hit,false,0.000,0,373.398,139,GEOS_0.5x0.625/MERRA2/2019/07/MERRA2.20190701.A3cld.05x0625.nc4
2167.179,hit,false,0.000,0,373.422,139,GEOS_0.5x0.625/MERRA2/2019/07/MERRA2.20190701.A3cld.05x0625.nc4
2167.218,hit,false,0.000,0,373.461,139,GEOS_0.5x0.625/MERRA2/2019/07/MERRA2.20190701.A3cld.05x0625.nc4
2167.240,hit,false,0.000,0,373.482,139,GEOS_0.5x0.625/MERRA2/2019/07/MERRA2.20190701.A3cld.05x0625.nc4
2167.278,hit,false,0.000,0,373.521,139,GEOS_0.5x0.625/MERRA2/2019/07/MERRA2.20190701.A3cld.05x0625.nc4
2167.300,hit,false,0.000,0,373.542,139,GEOS_0.5x0.625/MERRA2/2019/07/MERRA2.20190701.A3cld.05x0625.nc4
2167.339,hit,false,0.000,0,373.579,140,GEOS_0.5x0.625/MERRA2/2019/07/MERRA2.20190701.A3cld.05x0625.nc4
2167.364,hit,false,0.000,0,373.605,140,GEOS_0.5x0.625/MERRA2/2019/07/MERRA2.20190701.A3cld.05x0625.nc4
2167.400,hit,false,0.000,0,373.641,140,GEOS_0.5x0.625/MERRA2/2019/07/MERRA2.20190701.A3cld.05x0625.nc4
2167.422,hit,false,0.000,0,373.663,140,GEOS_0.5x0.625/MERRA2/2019/07/MERRA2.20190701.A3cld.05x0625.nc4
2167.462,hit,false,0.000,0,373.703,140,GEOS_0.5x0.625/MERRA2/2019/07/MERRA2.20190701.A3cld.05x0625.nc4
2167.484,hit,false,0.000,0,373.725,140,GEOS_0.5x0.625/MERRA2/2019/07/MERRA2.20190701.A3cld.05x0625.nc4
2167.518,hit,false,0.000,0,373.759,140,GEOS_0.5x0.625/MERRA2/2019/07/MERRA2.20190701.A3cld.05x0625.nc4
2167.544,hit,false,0.000,0,373.784,140,GEOS_0.5x0.625/MERRA2/2019/07/MERRA2.20190701.A3cld.05x0625.nc4
2167.576,hit,false,0.000,0,373.815,141,GEOS_0.5x0.625/MERRA2/2019/07/MERRA2.20190701.A3cld.05x0625.nc4
2167.600,hit,false,0.000,0,373.839,141,GEOS_0.5x0.625/MERRA2/2019/07/MERRA2.20190701.A3cld.05x0625.nc4
2167.633,hit,false,0.000,0,373.872,141,GEOS_0.5x0.625/MERRA2/2019/07/MERRA2.20190701.A3cld.05x0625.nc4
2167.658,hit,false,0.000,0,373.897,141,GEOS_0.5x0.625/MERRA2/2019/07/MERRA2.20190701.A3cld.05x0625.nc4
2167.688,hit,false,0.000,0,373.927,141,GEOS_0.5x0.625/MERRA2/2019/07/MERRA2.20190701.A3cld.05x0625.nc4
2167.711,hit,false,0.000,0,373.950,141,GEOS_0.5x0.625/MERRA2/2019/07/MERRA2.20190701.A3cld.05x0625.nc4
2167.745,hit,false,0.000,0,373.984,141,GEOS_0.5x0.625/MERRA2/2019/07/MERRA2.20190701.A3cld.05x0625.nc4
2167.770,hit,false,0.000,0,374.009,141,GEOS_0.5x0.625/MERRA2/2019/07/MERRA2.20190701.A3cld.05x0625.nc4
2167.802,hit,false,0.000,0,374.039,142,GEOS_0.5x0.625/MERRA2/2019/07/MERRA2.20190701.A3cld.05x0625.nc4
2167.828,hit,false,0.000,0,374.065,142,GEOS_0.5x0.625/MERRA2/2019/07/MERRA2.20190701.A3cld.05x0625.nc4
2167.861,hit,false,0.000,0,374.099,142,GEOS_0.5x0.625/MERRA2/2019/07/MERRA2.20190701.A3cld.05x0625.nc4
2167.890,hit,false,0.000,0,374.127,142,GEOS_0.5x0.625/MERRA2/2019/07/MERRA2.20190701.A3cld.05x0625.nc4
2167.920,hit,false,0.000,0,374.158,142,GEOS_0.5x0.625/MERRA2/2019/07/MERRA2.20190701.A3cld.05x0625.nc4
2167.954,hit,false,0.000,0,374.191,142,GEOS_0.5x0.625/MERRA2/2019/07/MERRA2.20190701.A3cld.05x0625.nc4
2167.976,hit,false,0.000,0,374.213,142,GEOS_0.5x0.625/MERRA2/2019/07/MERRA2.20190701.A3cld.05x0625.nc4
2168.015,hit,false,0.000,0,374.253,142,GEOS_0.5x0.625/MERRA2/2019/07/MERRA2.20190701.A3cld.05x0625.nc4
2168.036,hit,false,0.000,0,374.272,143,GEOS_0.5x0.625/MERRA2/2019/07/MERRA2.20190701.A3cld.05x0625.nc4
2168.081,hit,false,0.000,0,374.317,143,GEOS_0.5x0.625/MERRA2/2019/07/MERRA2.20190701.A3cld.05x0625.nc4
2168.102,hit,false,0.000,0,374.338,143,GEOS_0.5x0.625/MERRA2/2019/07/MERRA2.20190701.A3cld.05x0625.nc4
2168.136,hit,false,0.000,0,374.372,143,GEOS_0.5x0.625/MERRA2/2019/07/MERRA2.20190701.A3cld.05x0625.nc4
2168.161,hit,false,0.000,0,374.397,143,GEOS_0.5x0.625/MERRA2/2019/07/MERRA2.20190701.A3cld.05x0625.nc4
2168.195,hit,false,0.000,0,374.431,143,GEOS_0.5x0.625/MERRA2/2019/07/MERRA2.20190701.A3cld.05x0625.nc4
2168.223,hit,false,0.000,0,374.460,143,GEOS_0.5x0.625/MERRA2/2019/07/MERRA2.20190701.A3cld.05x0625.nc4
2168.252,hit,false,0.000,0,374.488,143,GEOS_0.5x0.625/MERRA2/2019/07/MERRA2.20190701.A3cld.05x0625.nc4
2168.275,hit,false,0.000,0,374.550,144,GEOS_0.5x0.625/MERRA2/2019/07/MERRA2.20190701.A3cld.05x0625.nc4
2168.314,hit,false,0.000,0,374.589,144,GEOS_0.5x0.625/MERRA2/2019/07/MERRA2.20190701.A3cld.05x0625.nc4
2168.341,hit,false,0.000,0,374.616,144,GEOS_0.5x0.625/MERRA2/2019/07/MERRA2.20190701.A3cld.05x0625.nc4
2168.376,hit,false,0.000,0,374.650,144,GEOS_0.5x0.625/MERRA2/2019/07/MERRA2.20190701.A3cld.05x0625.nc4
2168.399,hit,false,0.000,0,374.674,144,GEOS_0.5x0.625/MERRA2/2019/07/MERRA2.20190701.A3cld.05x0625.nc4
2168.433,hit,false,0.000,0,374.707,144,GEOS_0.5x0.625/MERRA2/2019/07/MERRA2.20190701.A3cld.05x0625.nc4
2168.458,hit,false,0.000,0,374.733,144,GEOS_0.5x0.625/MERRA2/2019/07/MERRA2.20190701.A3cld.05x0625.nc4
2168.488,hit,false,0.000,0,374.762,144,GEOS_0.5x0.625/MERRA2/2019/07/MERRA2.20190701.A3cld.05x0625.nc4
2168.517,hit,false,0.000,0,374.789,145,GEOS_0.5x0.625/MERRA2/2019/07/MERRA2.20190701.A3cld.05x0625.nc4
2168.549,hit,false,0.000,0,374.821,145,GEOS_0.5x0.625/MERRA2/2019/07/MERRA2.20190701.A3cld.05x0625.nc4
2168.578,hit,false,0.000,0,374.850,145,GEOS_0.5x0.625/MERRA2/2019/07/MERRA2.20190701.A3cld.05x0625.nc4
2168.604,hit,false,0.000,0,374.876,145,GEOS_0.5x0.625/MERRA2/2019/07/MERRA2.20190701.A3cld.05x0625.nc4
2168.634,hit,false,0.000,0,374.905,145,GEOS_0.5x0.625/MERRA2/2019/07/MERRA2.20190701.A3cld.05x0625.nc4
2168.662,hit,false,0.000,0,374.934,145,GEOS_0.5x0.625/MERRA2/2019/07/MERRA2.20190701.A3cld.05x0625.nc4
2168.693,hit,false,0.000,0,374.964,145,GEOS_0.5x0.625/MERRA2/2019/07/MERRA2.20190701.A3cld.05x0625.nc4
2168.719,hit,false,0.000,0,374.991,145,GEOS_0.5x0.625/MERRA2/2019/07/MERRA2.20190701.A3cld.05x0625.nc4
2168.750,hit,false,0.000,0,375.019,146,GEOS_0.5x0.625/MERRA2/2019/07/MERRA2.20190701.A3cld.05x0625.nc4
2168.848,hit,false,0.000,0,375.117,146,GEOS_0.5x0.625/MERRA2/2019/07/MERRA2.20190701.A3cld.05x0625.nc4
2168.872,hit,false,0.000,0,375.141,146,GEOS_0.5x0.625/MERRA2/2019/07/MERRA2.20190701.A3cld.05x0625.nc4
2168.904,hit,false,0.000,0,375.173,146,GEOS_0.5x0.625/MERRA2/2019/07/MERRA2.20190701.A3cld.05x0625.nc4
2168.928,hit,false,0.000,0,375.197,146,GEOS_0.5x0.625/MERRA2/2019/07/MERRA2.20190701.A3cld.05x0625.nc4
2168.961,hit,false,0.000,0,375.230,146,GEOS_0.5x0.625/MERRA2/2019/07/MERRA2.20190701.A3cld.05x0625.nc4
2168.985,hit,false,0.000,0,375.254,146,GEOS_0.5x0.625/MERRA2/2019/07/MERRA2.20190701.A3cld.05x0625.nc4
2169.019,hit,false,0.000,0,375.288,146,GEOS_0.5x0.625/MERRA2/2019/07/MERRA2.20190701.A3cld.05x0625.nc4
2169.043,hit,false,0.000,0,375.310,147,GEOS_0.5x0.625/MERRA2/2019/07/MERRA2.20190701.A3cld.05x0625.nc4
2169.078,hit,false,0.000,0,375.346,147,GEOS_0.5x0.625/MERRA2/2019/07/MERRA2.20190701.A3cld.05x0625.nc4
2169.103,hit,false,0.000,0,375.371,147,GEOS_0.5x0.625/MERRA2/2019/07/MERRA2.20190701.A3cld.05x0625.nc4
2169.137,hit,false,0.000,0,375.405,147,GEOS_0.5x0.625/MERRA2/2019/07/MERRA2.20190701.A3cld.05x0625.nc4
2169.160,hit,false,0.000,0,375.427,147,GEOS_0.5x0.625/MERRA2/2019/07/MERRA2.20190701.A3cld.05x0625.nc4
2169.197,hit,false,0.000,0,375.464,147,GEOS_0.5x0.625/MERRA2/2019/07/MERRA2.20190701.A3cld.05x0625.nc4
2169.219,hit,false,0.000,0,375.487,147,GEOS_0.5x0.625/MERRA2/2019/07/MERRA2.20190701.A3cld.05x0625.nc4
2169.258,hit,false,0.000,0,375.526,147,GEOS_0.5x0.625/MERRA2/2019/07/MERRA2.20190701.A3cld.05x0625.nc4
2169.281,hit,false,0.000,0,375.547,148,GEOS_0.5x0.625/MERRA2/2019/07/MERRA2.20190701.A3cld.05x0625.nc4
2169.320,hit,false,0.000,0,375.586,148,GEOS_0.5x0.625/MERRA2/2019/07/MERRA2.20190701.A3cld.05x0625.nc4
2169.345,hit,false,0.000,0,375.611,148,GEOS_0.5x0.625/MERRA2/2019/07/MERRA2.20190701.A3cld.05x0625.nc4
2169.374,hit,false,0.000,0,375.640,148,GEOS_0.5x0.625/MERRA2/2019/07/MERRA2.20190701.A3cld.05x0625.nc4
2169.407,hit,false,0.000,0,375.673,148,GEOS_0.5x0.625/MERRA2/2019/07/MERRA2.20190701.A3cld.05x0625.nc4
2169.430,hit,false,0.000,0,375.695,148,GEOS_0.5x0.625/MERRA2/2019/07/MERRA2.20190701.A3cld.05x0625.nc4
2169.461,hit,false,0.000,0,375.727,148,GEOS_0.5x0.625/MERRA2/2019/07/MERRA2.20190701.A3cld.05x0625.nc4
2169.486,hit,false,0.000,0,375.752,148,GEOS_0.5x0.625/MERRA2/2019/07/MERRA2.20190701.A3cld.05x0625.nc4
2169.519,hit,false,0.000,0,375.783,149,GEOS_0.5x0.625/MERRA2/2019/07/MERRA2.20190701.A3cld.05x0625.nc4
2169.544,hit,false,0.000,0,375.808,149,GEOS_0.5x0.625/MERRA2/2019/07/MERRA2.20190701.A3cld.05x0625.nc4
2169.577,hit,false,0.000,0,375.841,149,GEOS_0.5x0.625/MERRA2/2019/07/MERRA2.20190701.A3cld.05x0625.nc4
2169.601,hit,false,0.000,0,375.865,149,GEOS_0.5x0.625/MERRA2/2019/07/MERRA2.20190701.A3cld.05x0625.nc4
2169.633,hit,false,0.000,0,375.897,149,GEOS_0.5x0.625/MERRA2/2019/07/MERRA2.20190701.A3cld.05x0625.nc4
2169.657,hit,false,0.000,0,375.921,149,GEOS_0.5x0.625/MERRA2/2019/07/MERRA2.20190701.A3cld.05x0625.nc4
2169.688,hit,false,0.000,0,375.952,149,GEOS_0.5x0.625/MERRA2/2019/07/MERRA2.20190701.A3cld.05x0625.nc4
2169.713,hit,false,0.000,0,375.977,149,GEOS_0.5x0.625/MERRA2/2019/07/MERRA2.20190701.A3cld.05x0625.nc4
2169.743,hit,false,0.000,0,376.005,150,GEOS_0.5x0.625/MERRA2/2019/07/MERRA2.20190701.A3cld.05x0625.nc4
2169.774,hit,false,0.000,0,376.036,150,GEOS_0.5x0.625/MERRA2/2019/07/MERRA2.20190701.A3cld.05x0625.nc4
2169.803,hit,false,0.000,0,376.066,150,GEOS_0.5x0.625/MERRA2/2019/07/MERRA2.20190701.A3cld.05x0625.nc4
2169.834,hit,false,0.000,0,376.096,150,GEOS_0.5x0.625/MERRA2/2019/07/MERRA2.20190701.A3cld.05x0625.nc4
2169.860,hit,false,0.000,0,376.123,150,GEOS_0.5x0.625/MERRA2/2019/07/MERRA2.20190701.A3cld.05x0625.nc4
2169.893,hit,false,0.000,0,376.156,150,GEOS_0.5x0.625/MERRA2/2019/07/MERRA2.20190701.A3cld.05x0625.nc4
2169.916,hit,false,0.000,0,376.178,150,GEOS_0.5x0.625/MERRA2/2019/07/MERRA2.20190701.A3cld.05x0625.nc4
2169.951,hit,false,0.000,0,376.214,150,GEOS_0.5x0.625/MERRA2/2019/07/MERRA2.20190701.A3cld.05x0625.nc4
2169.973,hit,false,0.000,0,376.233,151,GEOS_0.5x0.625/MERRA2/2019/07/MERRA2.20190701.A3cld.05x0625.nc4
2170.014,hit,false,0.000,0,376.274,151,GEOS_0.5x0.625/MERRA2/2019/07/MERRA2.20190701.A3cld.05x0625.nc4
2170.035,hit,false,0.000,0,376.295,151,GEOS_0.5x0.625/MERRA2/2019/07/MERRA2.20190701.A3cld.05x0625.nc4
2170.071,hit,false,0.000,0,376.332,151,GEOS_0.5x0.625/MERRA2/2019/07/MERRA2.20190701.A3cld.05x0625.nc4
2170.094,hit,false,0.000,0,376.354,151,GEOS_0.5x0.625/MERRA2/2019/07/MERRA2.20190701.A3cld.05x0625.nc4
2170.129,hit,false,0.000,0,376.389,151,GEOS_0.5x0.625/MERRA2/2019/07/MERRA2.20190701.A3cld.05x0625.nc4
2170.153,hit,false,0.000,0,376.414,151,GEOS_0.5x0.625/MERRA2/2019/07/MERRA2.20190701.A3cld.05x0625.nc4
2170.186,hit,false,0.000,0,376.447,151,GEOS_0.5x0.625/MERRA2/2019/07/MERRA2.20190701.A3cld.05x0625.nc4
2170.212,hit,false,0.000,0,376.728,152,GEOS_0.5x0.625/MERRA2/2019/07/MERRA2.20190701.A3cld.05x0625.nc4
2170.252,hit,false,0.000,0,376.768,152,GEOS_0.5x0.625/MERRA2/2019/07/MERRA2.20190701.A3cld.05x0625.nc4
2170.274,hit,false,0.000,0,376.791,152,GEOS_0.5x0.625/MERRA2/2019/07/MERRA2.20190701.A3cld.05x0625.nc4
2170.309,hit,false,0.000,0,376.826,152,GEOS_0.5x0.625/MERRA2/2019/07/MERRA2.20190701.A3cld.05x0625.nc4
2170.332,hit,false,0.000,0,376.849,152,GEOS_0.5x0.625/MERRA2/2019/07/MERRA2.20190701.A3cld.05x0625.nc4
2170.366,hit,false,0.000,0,376.882,152,GEOS_0.5x0.625/MERRA2/2019/07/MERRA2.20190701.A3cld.05x0625.nc4
2170.391,hit,false,0.000,0,376.907,152,GEOS_0.5x0.625/MERRA2/2019/07/MERRA2.20190701.A3cld.05x0625.nc4
2170.423,hit,false,0.000,0,376.940,152,GEOS_0.5x0.625/MERRA2/2019/07/MERRA2.20190701.A3cld.05x0625.nc4
2170.448,hit,false,0.000,0,376.955,153,GEOS_0.5x0.625/MERRA2/2019/07/MERRA2.20190701.A3cld.05x0625.nc4
2170.488,hit,false,0.000,0,376.995,153,GEOS_0.5x0.625/MERRA2/2019/07/MERRA2.20190701.A3cld.05x0625.nc4
2170.509,hit,false,0.000,0,377.016,153,GEOS_0.5x0.625/MERRA2/2019/07/MERRA2.20190701.A3cld.05x0625.nc4
2170.548,hit,false,0.000,0,377.055,153,GEOS_0.5x0.625/MERRA2/2019/07/MERRA2.20190701.A3cld.05x0625.nc4
2170.571,hit,false,0.000,0,377.078,153,GEOS_0.5x0.625/MERRA2/2019/07/MERRA2.20190701.A3cld.05x0625.nc4
2170.614,hit,false,0.000,0,377.121,153,GEOS_0.5x0.625/MERRA2/2019/07/MERRA2.20190701.A3cld.05x0625.nc4
2170.639,hit,false,0.000,0,377.146,153,GEOS_0.5x0.625/MERRA2/2019/07/MERRA2.20190701.A3cld.05x0625.nc4
2170.673,hit,false,0.000,0,377.180,153,GEOS_0.5x0.625/MERRA2/2019/07/MERRA2.20190701.A3cld.05x0625.nc4
2170.763,hit,false,0.000,0,377.267,154,GEOS_0.5x0.625/MERRA2/2019/07/MERRA2.20190701.A3cld.05x0625.nc4
2170.790,hit,false,0.000,0,377.294,154,GEOS_0.5x0.625/MERRA2/2019/07/MERRA2.20190701.A3cld.05x0625.nc4
2170.820,hit,false,0.000,0,377.324,154,GEOS_0.5x0.625/MERRA2/2019/07/MERRA2.20190701.A3cld.05x0625.nc4
2170.845,hit,false,0.000,0,377.349,154,GEOS_0.5x0.625/MERRA2/2019/07/MERRA2.20190701.A3cld.05x0625.nc4
2170.878,hit,false,0.000,0,377.382,154,GEOS_0.5x0.625/MERRA2/2019/07/MERRA2.20190701.A3cld.05x0625.nc4
2170.901,hit,false,0.000,0,377.405,154,GEOS_0.5x0.625/MERRA2/2019/07/MERRA2.20190701.A3cld.05x0625.nc4
2170.930,hit,false,0.000,0,377.434,154,GEOS_0.5x0.625/MERRA2/2019/07/MERRA2.20190701.A3cld.05x0625.nc4
2170.955,hit,false,0.000,0,377.459,154,GEOS_0.5x0.625/MERRA2/2019/07/MERRA2.20190701.A3cld.05x0625.nc4
2170.986,hit,false,0.000,0,377.486,155,GEOS_0.5x0.625/MERRA2/2019/07/MERRA2.20190701.A3cld.05x0625.nc4
2171.012,hit,false,0.000,0,377.513,155,GEOS_0.5x0.625/MERRA2/2019/07/MERRA2.20190701.A3cld.05x0625.nc4
2171.045,hit,false,0.000,0,377.545,155,GEOS_0.5x0.625/MERRA2/2019/07/MERRA2.20190701.A3cld.05x0625.nc4
2171.069,hit,false,0.000,0,377.570,155,GEOS_0.5x0.625/MERRA2/2019/07/MERRA2.20190701.A3cld.05x0625.nc4
2171.102,hit,false,0.000,0,377.603,155,GEOS_0.5x0.625/MERRA2/2019/07/MERRA2.20190701.A3cld.05x0625.nc4
2171.123,hit,false,0.000,0,377.624,155,GEOS_0.5x0.625/MERRA2/2019/07/MERRA2.20190701.A3cld.05x0625.nc4
2171.163,hit,false,0.000,0,377.664,155,GEOS_0.5x0.625/MERRA2/2019/07/MERRA2.20190701.A3cld.05x0625.nc4
2171.184,hit,false,0.000,0,377.685,155,GEOS_0.5x0.625/MERRA2/2019/07/MERRA2.20190701.A3cld.05x0625.nc4
2171.222,hit,false,0.000,0,377.721,156,GEOS_0.5x0.625/MERRA2/2019/07/MERRA2.20190701.A3cld.05x0625.nc4
2171.246,hit,false,0.000,0,377.745,156,GEOS_0.5x0.625/MERRA2/2019/07/MERRA2.20190701.A3cld.05x0625.nc4
2171.287,hit,false,0.000,0,377.786,156,GEOS_0.5x0.625/MERRA2/2019/07/MERRA2.20190701.A3cld.05x0625.nc4
2171.309,hit,false,0.000,0,377.808,156,GEOS_0.5x0.625/MERRA2/2019/07/MERRA2.20190701.A3cld.05x0625.nc4
2171.341,hit,false,0.000,0,377.840,156,GEOS_0.5x0.625/MERRA2/2019/07/MERRA2.20190701.A3cld.05x0625.nc4
2171.365,hit,false,0.000,0,377.864,156,GEOS_0.5x0.625/MERRA2/2019/07/MERRA2.20190701.A3cld.05x0625.nc4
2171.404,hit,false,0.000,0,377.903,156,GEOS_0.5x0.625/MERRA2/2019/07/MERRA2.20190701.A3cld.05x0625.nc4
2171.425,hit,false,0.000,0,377.924,156,GEOS_0.5x0.625/MERRA2/2019/07/MERRA2.20190701.A3cld.05x0625.nc4
2171.463,hit,false,0.000,0,377.959,157,GEOS_0.5x0.625/MERRA2/2019/07/MERRA2.20190701.A3cld.05x0625.nc4
2171.486,hit,false,0.000,0,377.983,157,GEOS_0.5x0.625/MERRA2/2019/07/MERRA2.20190701.A3cld.05x0625.nc4
2171.523,hit,false,0.000,0,378.020,157,GEOS_0.5x0.625/MERRA2/2019/07/MERRA2.20190701.A3cld.05x0625.nc4
2171.545,hit,false,0.000,0,378.042,157,GEOS_0.5x0.625/MERRA2/2019/07/MERRA2.20190701.A3cld.05x0625.nc4
2171.584,hit,false,0.000,0,378.081,157,GEOS_0.5x0.625/MERRA2/2019/07/MERRA2.20190701.A3cld.05x0625.nc4
2171.605,hit,false,0.000,0,378.102,157,GEOS_0.5x0.625/MERRA2/2019/07/MERRA2.20190701.A3cld.05x0625.nc4
2171.637,hit,false,0.000,0,378.134,157,GEOS_0.5x0.625/MERRA2/2019/07/MERRA2.20190701.A3cld.05x0625.nc4
2171.662,hit,false,0.000,0,378.159,157,GEOS_0.5x0.625/MERRA2/2019/07/MERRA2.20190701.A3cld.05x0625.nc4
2171.694,hit,false,0.000,0,378.189,158,GEOS_0.5x0.625/MERRA2/2019/07/MERRA2.20190701.A3cld.05x0625.nc4
2171.721,hit,false,0.000,0,378.216,158,GEOS_0.5x0.625/MERRA2/2019/07/MERRA2.20190701.A3cld.05x0625.nc4
2171.751,hit,false,0.000,0,378.246,158,GEOS_0.5x0.625/MERRA2/2019/07/MERRA2.20190701.A3cld.05x0625.nc4
2171.773,hit,false,0.000,0,378.269,158,GEOS_0.5x0.625/MERRA2/2019/07/MERRA2.20190701.A3cld.05x0625.nc4
2171.811,hit,false,0.000,0,378.306,158,GEOS_0.5x0.625/MERRA2/2019/07/MERRA2.20190701.A3cld.05x0625.nc4
2171.833,hit,false,0.000,0,378.328,158,GEOS_0.5x0.625/MERRA2/2019/07/MERRA2.20190701.A3cld.05x0625.nc4
2171.864,hit,false,0.000,0,378.359,158,GEOS_0.5x0.625/MERRA2/2019/07/MERRA2.20190701.A3cld.05x0625.nc4
2171.888,hit,false,0.000,0,378.383,158,GEOS_0.5x0.625/MERRA2/2019/07/MERRA2.20190701.A3cld.05x0625.nc4
2171.918,hit,false,0.000,0,378.412,159,GEOS_0.5x0.625/MERRA2/2019/07/MERRA2.20190701.A3cld.05x0625.nc4
2171.944,hit,false,0.000,0,378.437,159,GEOS_0.5x0.625/MERRA2/2019/07/MERRA2.20190701.A3cld.05x0625.nc4
2171.973,hit,false,0.000,0,378.466,159,GEOS_0.5x0.625/MERRA2/2019/07/MERRA2.20190701.A3cld.05x0625.nc4
2171.998,hit,false,0.000,0,378.491,159,GEOS_0.5x0.625/MERRA2/2019/07/MERRA2.20190701.A3cld.05x0625.nc4
2172.026,hit,false,0.000,0,378.519,159,GEOS_0.5x0.625/MERRA2/2019/07/MERRA2.20190701.A3cld.05x0625.nc4
2172.050,hit,false,0.000,0,378.543,159,GEOS_0.5x0.625/MERRA2/2019/07/MERRA2.20190701.A3cld.05x0625.nc4
2172.087,hit,false,0.000,0,378.580,159,GEOS_0.5x0.625/MERRA2/2019/07/MERRA2.20190701.A3cld.05x0625.nc4
2172.111,hit,false,0.000,0,378.605,159,GEOS_0.5x0.625/MERRA2/2019/07/MERRA2.20190701.A3cld.05x0625.nc4
2172.144,hit,false,0.000,0,378.543,160,GEOS_0.5x0.625/MERRA2/2019/07/MERRA2.20190701.A3cld.05x0625.nc4
2172.169,hit,false,0.000,0,378.569,160,GEOS_0.5x0.625/MERRA2/2019/07/MERRA2.20190701.A3cld.05x0625.nc4
2172.215,hit,false,0.000,0,378.615,160,GEOS_0.5x0.625/MERRA2/2019/07/MERRA2.20190701.A3cld.05x0625.nc4
2172.238,hit,false,0.000,0,378.637,160,GEOS_0.5x0.625/MERRA2/2019/07/MERRA2.20190701.A3cld.05x0625.nc4
2172.270,hit,false,0.000,0,378.670,160,GEOS_0.5x0.625/MERRA2/2019/07/MERRA2.20190701.A3cld.05x0625.nc4
2172.295,hit,false,0.000,0,378.694,160,GEOS_0.5x0.625/MERRA2/2019/07/MERRA2.20190701.A3cld.05x0625.nc4
2172.333,hit,false,0.000,0,378.733,160,GEOS_0.5x0.625/MERRA2/2019/07/MERRA2.20190701.A3cld.05x0625.nc4
2172.356,hit,false,0.000,0,378.755,160,GEOS_0.5x0.625/MERRA2/2019/07/MERRA2.20190701.A3cld.05x0625.nc4
2172.389,hit,false,0.000,0,378.786,161,GEOS_0.5x0.625/MERRA2/2019/07/MERRA2.20190701.A3cld.05x0625.nc4
2172.417,hit,false,0.000,0,378.814,161,GEOS_0.5x0.625/MERRA2/2019/07/MERRA2.20190701.A3cld.05x0625.nc4
2172.448,hit,false,0.000,0,378.845,161,GEOS_0.5x0.625/MERRA2/2019/07/MERRA2.20190701.A3cld.05x0625.nc4
2172.478,hit,false,0.000,0,378.874,161,GEOS_0.5x0.625/MERRA2/2019/07/MERRA2.20190701.A3cld.05x0625.nc4
2172.508,hit,false,0.000,0,378.904,161,GEOS_0.5x0.625/MERRA2/2019/07/MERRA2.20190701.A3cld.05x0625.nc4
2172.542,hit,false,0.000,0,378.938,161,GEOS_0.5x0.625/MERRA2/2019/07/MERRA2.20190701.A3cld.05x0625.nc4
2172.569,hit,false,0.000,0,378.965,161,GEOS_0.5x0.625/MERRA2/2019/07/MERRA2.20190701.A3cld.05x0625.nc4
2172.669,hit,false,0.000,0,379.066,161,GEOS_0.5x0.625/MERRA2/2019/07/MERRA2.20190701.A3cld.05x0625.nc4
2172.691,hit,false,0.000,0,379.086,162,GEOS_0.5x0.625/MERRA2/2019/07/MERRA2.20190701.A3cld.05x0625.nc4
2172.732,hit,false,0.000,0,379.127,162,GEOS_0.5x0.625/MERRA2/2019/07/MERRA2.20190701.A3cld.05x0625.nc4
2172.753,hit,false,0.000,0,379.148,162,GEOS_0.5x0.625/MERRA2/2019/07/MERRA2.20190701.A3cld.05x0625.nc4
2172.788,hit,false,0.000,0,379.183,162,GEOS_0.5x0.625/MERRA2/2019/07/MERRA2.20190701.A3cld.05x0625.nc4
2172.811,hit,false,0.000,0,379.206,162,GEOS_0.5x0.625/MERRA2/2019/07/MERRA2.20190701.A3cld.05x0625.nc4
2172.846,hit,false,0.000,0,379.241,162,GEOS_0.5x0.625/MERRA2/2019/07/MERRA2.20190701.A3cld.05x0625.nc4
2172.868,hit,false,0.000,0,379.263,162,GEOS_0.5x0.625/MERRA2/2019/07/MERRA2.20190701.A3cld.05x0625.nc4
2172.903,hit,false,0.000,0,379.298,162,GEOS_0.5x0.625/MERRA2/2019/07/MERRA2.20190701.A3cld.05x0625.nc4
2172.928,hit,false,0.000,0,379.321,163,GEOS_0.5x0.625/MERRA2/2019/07/MERRA2.20190701.A3cld.05x0625.nc4
2172.963,hit,false,0.000,0,379.356,163,GEOS_0.5x0.625/MERRA2/2019/07/MERRA2.20190701.A3cld.05x0625.nc4
2172.987,hit,false,0.000,0,379.380,163,GEOS_0.5x0.625/MERRA2/2019/07/MERRA2.20190701.A3cld.05x0625.nc4
2173.023,hit,false,0.000,0,379.416,163,GEOS_0.5x0.625/MERRA2/2019/07/MERRA2.20190701.A3cld.05x0625.nc4
2173.046,hit,false,0.000,0,379.439,163,GEOS_0.5x0.625/MERRA2/2019/07/MERRA2.20190701.A3cld.05x0625.nc4
2173.084,hit,false,0.000,0,379.477,163,GEOS_0.5x0.625/MERRA2/2019/07/MERRA2.20190701.A3cld.05x0625.nc4
2173.109,hit,false,0.000,0,379.502,163,GEOS_0.5x0.625/MERRA2/2019/07/MERRA2.20190701.A3cld.05x0625.nc4
2173.139,hit,false,0.000,0,379.532,163,GEOS_0.5x0.625/MERRA2/2019/07/MERRA2.20190701.A3cld.05x0625.nc4
2173.163,hit,false,0.000,0,379.554,164,GEOS_0.5x0.625/MERRA2/2019/07/MERRA2.20190701.A3cld.05x0625.nc4
2173.200,hit,false,0.000,0,379.591,164,GEOS_0.5x0.625/MERRA2/2019/07/MERRA2.20190701.A3cld.05x0625.nc4
2173.222,hit,false,0.000,0,379.613,164,GEOS_0.5x0.625/MERRA2/2019/07/MERRA2.20190701.A3cld.05x0625.nc4
2173.255,hit,false,0.000,0,379.646,164,GEOS_0.5x0.625/MERRA2/2019/07/MERRA2.20190701.A3cld.05x0625.nc4
2173.287,hit,false,0.000,0,379.678,164,GEOS_0.5x0.625/MERRA2/2019/07/MERRA2.20190701.A3cld.05x0625.nc4
2173.311,hit,false,0.000,0,379.703,164,GEOS_0.5x0.625/MERRA2/2019/07/MERRA2.20190701.A3cld.05x0625.nc4
2173.361,hit,false,0.000,0,379.752,164,GEOS_0.5x0.625/MERRA2/2019/07/MERRA2.20190701.A3cld.05x0625.nc4
2173.383,hit,false,0.000,0,379.774,164,GEOS_0.5x0.625/MERRA2/2019/07/MERRA2.20190701.A3cld.05x0625.nc4
2173.415,hit,false,0.000,0,379.804,165,GEOS_0.5x0.625/MERRA2/2019/07/MERRA2.20190701.A3cld.05x0625.nc4
2173.443,hit,false,0.000,0,379.832,165,GEOS_0.5x0.625/MERRA2/2019/07/MERRA2.20190701.A3cld.05x0625.nc4
2173.473,hit,false,0.000,0,379.863,165,GEOS_0.5x0.625/MERRA2/2019/07/MERRA2.20190701.A3cld.05x0625.nc4
2173.504,hit,false,0.000,0,379.894,165,GEOS_0.5x0.625/MERRA2/2019/07/MERRA2.20190701.A3cld.05x0625.nc4
2173.533,hit,false,0.000,0,379.923,165,GEOS_0.5x0.625/MERRA2/2019/07/MERRA2.20190701.A3cld.05x0625.nc4
2173.565,hit,false,0.000,0,379.955,165,GEOS_0.5x0.625/MERRA2/2019/07/MERRA2.20190701.A3cld.05x0625.nc4
2173.589,hit,false,0.000,0,379.979,165,GEOS_0.5x0.625/MERRA2/2019/07/MERRA2.20190701.A3cld.05x0625.nc4
2173.619,hit,false,0.000,0,380.009,165,GEOS_0.5x0.625/MERRA2/2019/07/MERRA2.20190701.A3cld.05x0625.nc4
2173.643,hit,false,0.000,0,380.031,166,GEOS_0.5x0.625/MERRA2/2019/07/MERRA2.20190701.A3cld.05x0625.nc4
2173.674,hit,false,0.000,0,380.062,166,GEOS_0.5x0.625/MERRA2/2019/07/MERRA2.20190701.A3cld.05x0625.nc4
2173.700,hit,false,0.000,0,380.088,166,GEOS_0.5x0.625/MERRA2/2019/07/MERRA2.20190701.A3cld.05x0625.nc4
2173.731,hit,false,0.000,0,380.119,166,GEOS_0.5x0.625/MERRA2/2019/07/MERRA2.20190701.A3cld.05x0625.nc4
2173.760,hit,false,0.000,0,380.148,166,GEOS_0.5x0.625/MERRA2/2019/07/MERRA2.20190701.A3cld.05x0625.nc4
2173.789,hit,false,0.000,0,380.177,166,GEOS_0.5x0.625/MERRA2/2019/07/MERRA2.20190701.A3cld.05x0625.nc4
2173.820,hit,false,0.000,0,380.208,166,GEOS_0.5x0.625/MERRA2/2019/07/MERRA2.20190701.A3cld.05x0625.nc4
2173.842,hit,false,0.000,0,380.230,166,GEOS_0.5x0.625/MERRA2/2019/07/MERRA2.20190701.A3cld.05x0625.nc4
2173.881,hit,false,0.000,0,380.267,167,GEOS_0.5x0.625/MERRA2/2019/07/MERRA2.20190701.A3cld.05x0625.nc4
2173.906,hit,false,0.000,0,380.292,167,GEOS_0.5x0.625/MERRA2/2019/07/MERRA2.20190701.A3cld.05x0625.nc4
2173.939,hit,false,0.000,0,380.325,167,GEOS_0.5x0.625/MERRA2/2019/07/MERRA2.20190701.A3cld.05x0625.nc4
2173.964,hit,false,0.000,0,380.350,167,GEOS_0.5x0.625/MERRA2/2019/07/MERRA2.20190701.A3cld.05x0625.nc4
2174.000,hit,false,0.000,0,380.386,167,GEOS_0.5x0.625/MERRA2/2019/07/MERRA2.20190701.A3cld.05x0625.nc4
2174.024,hit,false,0.000,0,380.410,167,GEOS_0.5x0.625/MERRA2/2019/07/MERRA2.20190701.A3cld.05x0625.nc4
2174.057,hit,false,0.000,0,380.443,167,GEOS_0.5x0.625/MERRA2/2019/07/MERRA2.20190701.A3cld.05x0625.nc4
2174.078,hit,false,0.000,0,380.464,167,GEOS_0.5x0.625/MERRA2/2019/07/MERRA2.20190701.A3cld.05x0625.nc4
2174.114,hit,false,0.000,0,380.291,168,GEOS_0.5x0.625/MERRA2/2019/07/MERRA2.20190701.A3cld.05x0625.nc4
2174.140,hit,false,0.000,0,380.316,168,GEOS_0.5x0.625/MERRA2/2019/07/MERRA2.20190701.A3cld.05x0625.nc4
2174.181,hit,false,0.000,0,380.357,168,GEOS_0.5x0.625/MERRA2/2019/07/MERRA2.20190701.A3cld.05x0625.nc4
2174.206,hit,false,0.000,0,380.382,168,GEOS_0.5x0.625/MERRA2/2019/07/MERRA2.20190701.A3cld.05x0625.nc4
2174.238,hit,false,0.000,0,380.414,168,GEOS_0.5x0.625/MERRA2/2019/07/MERRA2.20190701.A3cld.05x0625.nc4
2174.271,hit,false,0.000,0,380.447,168,GEOS_0.5x0.625/MERRA2/2019/07/MERRA2.20190701.A3cld.05x0625.nc4
2174.293,hit,false,0.000,0,380.470,168,GEOS_0.5x0.625/MERRA2/2019/07/MERRA2.20190701.A3cld.05x0625.nc4
2174.332,hit,false,0.000,0,380.508,168,GEOS_0.5x0.625/MERRA2/2019/07/MERRA2.20190701.A3cld.05x0625.nc4
2174.353,hit,false,0.000,0,380.527,169,GEOS_0.5x0.625/MERRA2/2019/07/MERRA2.20190701.A3cld.05x0625.nc4
2174.398,hit,false,0.000,0,380.572,169,GEOS_0.5x0.625/MERRA2/2019/07/MERRA2.20190701.A3cld.05x0625.nc4
2174.420,hit,false,0.000,0,380.594,169,GEOS_0.5x0.625/MERRA2/2019/07/MERRA2.20190701.A3cld.05x0625.nc4
2174.456,hit,false,0.000,0,380.629,169,GEOS_0.5x0.625/MERRA2/2019/07/MERRA2.20190701.A3cld.05x0625.nc4
2174.482,hit,false,0.000,0,380.656,169,GEOS_0.5x0.625/MERRA2/2019/07/MERRA2.20190701.A3cld.05x0625.nc4
2174.514,hit,false,0.000,0,380.688,169,GEOS_0.5x0.625/MERRA2/2019/07/MERRA2.20190701.A3cld.05x0625.nc4
2174.619,hit,false,0.000,0,380.793,169,GEOS_0.5x0.625/MERRA2/2019/07/MERRA2.20190701.A3cld.05x0625.nc4
2174.642,hit,false,0.000,0,380.816,169,GEOS_0.5x0.625/MERRA2/2019/07/MERRA2.20190701.A3cld.05x0625.nc4
2174.682,hit,false,0.000,0,380.854,170,GEOS_0.5x0.625/MERRA2/2019/07/MERRA2.20190701.A3cld.05x0625.nc4
2174.707,hit,false,0.000,0,380.878,170,GEOS_0.5x0.625/MERRA2/2019/07/MERRA2.20190701.A3cld.05x0625.nc4
2174.741,hit,false,0.000,0,380.912,170,GEOS_0.5x0.625/MERRA2/2019/07/MERRA2.20190701.A3cld.05x0625.nc4
2174.765,hit,false,0.000,0,380.937,170,GEOS_0.5x0.625/MERRA2/2019/07/MERRA2.20190701.A3cld.05x0625.nc4
2174.799,hit,false,0.000,0,380.971,170,GEOS_0.5x0.625/MERRA2/2019/07/MERRA2.20190701.A3cld.05x0625.nc4
2174.820,hit,false,0.000,0,380.992,170,GEOS_0.5x0.625/MERRA2/2019/07/MERRA2.20190701.A3cld.05x0625.nc4
2174.861,hit,false,0.000,0,381.033,170,GEOS_0.5x0.625/MERRA2/2019/07/MERRA2.20190701.A3cld.05x0625.nc4
2174.882,hit,false,0.000,0,381.054,170,GEOS_0.5x0.625/MERRA2/2019/07/MERRA2.20190701.A3cld.05x0625.nc4
2174.923,hit,false,0.000,0,381.093,171,GEOS_0.5x0.625/MERRA2/2019/07/MERRA2.20190701.A3cld.05x0625.nc4
2174.947,hit,false,0.000,0,381.117,171,GEOS_0.5x0.625/MERRA2/2019/07/MERRA2.20190701.A3cld.05x0625.nc4
2174.985,hit,false,0.000,0,381.155,171,GEOS_0.5x0.625/MERRA2/2019/07/MERRA2.20190701.A3cld.05x0625.nc4
2175.007,hit,false,0.000,0,381.177,171,GEOS_0.5x0.625/MERRA2/2019/07/MERRA2.20190701.A3cld.05x0625.nc4
2175.047,hit,false,0.000,0,381.217,171,GEOS_0.5x0.625/MERRA2/2019/07/MERRA2.20190701.A3cld.05x0625.nc4
2175.068,hit,false,0.000,0,381.238,171,GEOS_0.5x0.625/MERRA2/2019/07/MERRA2.20190701.A3cld.05x0625.nc4
2175.107,hit,false,0.000,0,381.277,171,GEOS_0.5x0.625/MERRA2/2019/07/MERRA2.20190701.A3cld.05x0625.nc4
2175.129,hit,false,0.000,0,381.299,171,GEOS_0.5x0.625/MERRA2/2019/07/MERRA2.20190701.A3cld.05x0625.nc4
2175.168,hit,false,0.000,0,381.330,172,GEOS_0.5x0.625/MERRA2/2019/07/MERRA2.20190701.A3cld.05x0625.nc4
2175.191,hit,false,0.000,0,381.353,172,GEOS_0.5x0.625/MERRA2/2019/07/MERRA2.20190701.A3cld.05x0625.nc4
2175.232,hit,false,0.000,0,381.394,172,GEOS_0.5x0.625/MERRA2/2019/07/MERRA2.20190701.A3cld.05x0625.nc4
2175.253,hit,false,0.000,0,381.415,172,GEOS_0.5x0.625/MERRA2/2019/07/MERRA2.20190701.A3cld.05x0625.nc4
2175.287,hit,false,0.000,0,381.449,172,GEOS_0.5x0.625/MERRA2/2019/07/MERRA2.20190701.A3cld.05x0625.nc4
2175.311,hit,false,0.000,0,381.473,172,GEOS_0.5x0.625/MERRA2/2019/07/MERRA2.20190701.A3cld.05x0625.nc4
2175.348,hit,false,0.000,0,381.509,172,GEOS_0.5x0.625/MERRA2/2019/07/MERRA2.20190701.A3cld.05x0625.nc4
2175.369,hit,false,0.000,0,381.531,172,GEOS_0.5x0.625/MERRA2/2019/07/MERRA2.20190701.A3cld.05x0625.nc4
2175.407,hit,false,0.000,0,381.567,173,GEOS_0.5x0.625/MERRA2/2019/07/MERRA2.20190701.A3cld.05x0625.nc4
2175.431,hit,false,0.000,0,381.591,173,GEOS_0.5x0.625/MERRA2/2019/07/MERRA2.20190701.A3cld.05x0625.nc4
2175.471,hit,false,0.000,0,381.630,173,GEOS_0.5x0.625/MERRA2/2019/07/MERRA2.20190701.A3cld.05x0625.nc4
2175.493,hit,false,0.000,0,381.652,173,GEOS_0.5x0.625/MERRA2/2019/07/MERRA2.20190701.A3cld.05x0625.nc4
2175.530,hit,false,0.000,0,381.690,173,GEOS_0.5x0.625/MERRA2/2019/07/MERRA2.20190701.A3cld.05x0625.nc4
2175.552,hit,false,0.000,0,381.711,173,GEOS_0.5x0.625/MERRA2/2019/07/MERRA2.20190701.A3cld.05x0625.nc4
2175.591,hit,false,0.000,0,381.751,173,GEOS_0.5x0.625/MERRA2/2019/07/MERRA2.20190701.A3cld.05x0625.nc4
2175.613,hit,false,0.000,0,381.773,173,GEOS_0.5x0.625/MERRA2/2019/07/MERRA2.20190701.A3cld.05x0625.nc4
2175.654,hit,false,0.000,0,381.812,174,GEOS_0.5x0.625/MERRA2/2019/07/MERRA2.20190701.A3cld.05x0625.nc4
2175.678,hit,false,0.000,0,381.836,174,GEOS_0.5x0.625/MERRA2/2019/07/MERRA2.20190701.A3cld.05x0625.nc4
2175.717,hit,false,0.000,0,381.875,174,GEOS_0.5x0.625/MERRA2/2019/07/MERRA2.20190701.A3cld.05x0625.nc4
2175.739,hit,false,0.000,0,381.897,174,GEOS_0.5x0.625/MERRA2/2019/07/MERRA2.20190701.A3cld.05x0625.nc4
2175.778,hit,false,0.000,0,381.936,174,GEOS_0.5x0.625/MERRA2/2019/07/MERRA2.20190701.A3cld.05x0625.nc4
2175.799,hit,false,0.000,0,381.957,174,GEOS_0.5x0.625/MERRA2/2019/07/MERRA2.20190701.A3cld.05x0625.nc4
2175.838,hit,false,0.000,0,381.996,174,GEOS_0.5x0.625/MERRA2/2019/07/MERRA2.20190701.A3cld.05x0625.nc4
2175.861,hit,false,0.000,0,382.019,174,GEOS_0.5x0.625/MERRA2/2019/07/MERRA2.20190701.A3cld.05x0625.nc4
2175.904,hit,false,0.000,0,382.060,175,GEOS_0.5x0.625/MERRA2/2019/07/MERRA2.20190701.A3cld.05x0625.nc4
2175.926,hit,false,0.000,0,382.082,175,GEOS_0.5x0.625/MERRA2/2019/07/MERRA2.20190701.A3cld.05x0625.nc4
2175.964,hit,false,0.000,0,382.120,175,GEOS_0.5x0.625/MERRA2/2019/07/MERRA2.20190701.A3cld.05x0625.nc4
2175.988,hit,false,0.000,0,382.144,175,GEOS_0.5x0.625/MERRA2/2019/07/MERRA2.20190701.A3cld.05x0625.nc4
2176.022,hit,false,0.000,0,382.178,175,GEOS_0.5x0.625/MERRA2/2019/07/MERRA2.20190701.A3cld.05x0625.nc4
2176.047,hit,false,0.000,0,382.203,175,GEOS_0.5x0.625/MERRA2/2019/07/MERRA2.20190701.A3cld.05x0625.nc4
2176.081,hit,false,0.000,0,382.237,175,GEOS_0.5x0.625/MERRA2/2019/07/MERRA2.20190701.A3cld.05x0625.nc4
2176.105,hit,false,0.000,0,382.262,175,GEOS_0.5x0.625/MERRA2/2019/07/MERRA2.20190701.A3cld.05x0625.nc4
2176.143,hit,false,0.000,0,382.182,176,GEOS_0.5x0.625/MERRA2/2019/07/MERRA2.20190701.A3cld.05x0625.nc4
2176.167,hit,false,0.000,0,382.206,176,GEOS_0.5x0.625/MERRA2/2019/07/MERRA2.20190701.A3cld.05x0625.nc4
2176.219,hit,false,0.000,0,382.258,176,GEOS_0.5x0.625/MERRA2/2019/07/MERRA2.20190701.A3cld.05x0625.nc4
2176.241,hit,false,0.000,0,382.280,176,GEOS_0.5x0.625/MERRA2/2019/07/MERRA2.20190701.A3cld.05x0625.nc4
2176.280,hit,false,0.000,0,382.319,176,GEOS_0.5x0.625/MERRA2/2019/07/MERRA2.20190701.A3cld.05x0625.nc4
2176.301,hit,false,0.000,0,382.340,176,GEOS_0.5x0.625/MERRA2/2019/07/MERRA2.20190701.A3cld.05x0625.nc4
2176.336,hit,false,0.000,0,382.375,176,GEOS_0.5x0.625/MERRA2/2019/07/MERRA2.20190701.A3cld.05x0625.nc4
2176.359,hit,false,0.000,0,382.398,176,GEOS_0.5x0.625/MERRA2/2019/07/MERRA2.20190701.A3cld.05x0625.nc4
2176.396,hit,false,0.000,0,382.433,177,GEOS_0.5x0.625/MERRA2/2019/07/MERRA2.20190701.A3cld.05x0625.nc4
2176.420,hit,false,0.000,0,382.457,177,GEOS_0.5x0.625/MERRA2/2019/07/MERRA2.20190701.A3cld.05x0625.nc4
2176.454,hit,false,0.000,0,382.491,177,GEOS_0.5x0.625/MERRA2/2019/07/MERRA2.20190701.A3cld.05x0625.nc4
2176.491,hit,false,0.000,0,382.528,177,GEOS_0.5x0.625/MERRA2/2019/07/MERRA2.20190701.A3cld.05x0625.nc4
2176.534,hit,false,0.000,0,382.571,177,GEOS_0.5x0.625/MERRA2/2019/07/MERRA2.20190701.A3cld.05x0625.nc4
2176.626,hit,false,0.000,0,382.663,177,GEOS_0.5x0.625/MERRA2/2019/07/MERRA2.20190701.A3cld.05x0625.nc4
2176.650,hit,false,0.000,0,382.687,177,GEOS_0.5x0.625/MERRA2/2019/07/MERRA2.20190701.A3cld.05x0625.nc4
2176.685,hit,false,0.000,0,382.722,177,GEOS_0.5x0.625/MERRA2/2019/07/MERRA2.20190701.A3cld.05x0625.nc4
2176.709,hit,false,0.000,0,382.744,178,GEOS_0.5x0.625/MERRA2/2019/07/MERRA2.20190701.A3cld.05x0625.nc4
2176.742,hit,false,0.000,0,382.777,178,GEOS_0.5x0.625/MERRA2/2019/07/MERRA2.20190701.A3cld.05x0625.nc4
2176.767,hit,false,0.000,0,382.803,178,GEOS_0.5x0.625/MERRA2/2019/07/MERRA2.20190701.A3cld.05x0625.nc4
2176.800,hit,false,0.000,0,382.835,178,GEOS_0.5x0.625/MERRA2/2019/07/MERRA2.20190701.A3cld.05x0625.nc4
2176.826,hit,false,0.000,0,382.861,178,GEOS_0.5x0.625/MERRA2/2019/07/MERRA2.20190701.A3cld.05x0625.nc4
2176.859,hit,false,0.000,0,382.894,178,GEOS_0.5x0.625/MERRA2/2019/07/MERRA2.20190701.A3cld.05x0625.nc4
2176.884,hit,false,0.000,0,382.919,178,GEOS_0.5x0.625/MERRA2/2019/07/MERRA2.20190701.A3cld.05x0625.nc4
2176.917,hit,false,0.000,0,382.952,178,GEOS_0.5x0.625/MERRA2/2019/07/MERRA2.20190701.A3cld.05x0625.nc4
2176.939,hit,false,0.000,0,382.973,179,GEOS_0.5x0.625/MERRA2/2019/07/MERRA2.20190701.A3cld.05x0625.nc4
2176.976,hit,false,0.000,0,383.009,179,GEOS_0.5x0.625/MERRA2/2019/07/MERRA2.20190701.A3cld.05x0625.nc4
2177.004,hit,false,0.000,0,383.037,179,GEOS_0.5x0.625/MERRA2/2019/07/MERRA2.20190701.A3cld.05x0625.nc4
2177.026,hit,false,0.000,0,383.059,179,GEOS_0.5x0.625/MERRA2/2019/07/MERRA2.20190701.A3cld.05x0625.nc4
2177.064,hit,false,0.000,0,383.097,179,GEOS_0.5x0.625/MERRA2/2019/07/MERRA2.20190701.A3cld.05x0625.nc4
2177.086,hit,false,0.000,0,383.120,179,GEOS_0.5x0.625/MERRA2/2019/07/MERRA2.20190701.A3cld.05x0625.nc4
2177.119,hit,false,0.000,0,383.153,179,GEOS_0.5x0.625/MERRA2/2019/07/MERRA2.20190701.A3cld.05x0625.nc4
2177.142,hit,false,0.000,0,383.175,179,GEOS_0.5x0.625/MERRA2/2019/07/MERRA2.20190701.A3cld.05x0625.nc4
2177.178,hit,false,0.000,0,383.209,180,GEOS_0.5x0.625/MERRA2/2019/07/MERRA2.20190701.A3cld.05x0625.nc4
2177.202,hit,false,0.000,0,383.234,180,GEOS_0.5x0.625/MERRA2/2019/07/MERRA2.20190701.A3cld.05x0625.nc4
2177.236,hit,false,0.000,0,383.268,180,GEOS_0.5x0.625/MERRA2/2019/07/MERRA2.20190701.A3cld.05x0625.nc4
2177.258,hit,false,0.000,0,383.290,180,GEOS_0.5x0.625/MERRA2/2019/07/MERRA2.20190701.A3cld.05x0625.nc4
2177.291,hit,false,0.000,0,383.322,180,GEOS_0.5x0.625/MERRA2/2019/07/MERRA2.20190701.A3cld.05x0625.nc4
2177.315,hit,false,0.000,0,383.347,180,GEOS_0.5x0.625/MERRA2/2019/07/MERRA2.20190701.A3cld.05x0625.nc4
2177.347,hit,false,0.000,0,383.379,180,GEOS_0.5x0.625/MERRA2/2019/07/MERRA2.20190701.A3cld.05x0625.nc4
2177.372,hit,false,0.000,0,383.403,180,GEOS_0.5x0.625/MERRA2/2019/07/MERRA2.20190701.A3cld.05x0625.nc4
2177.409,hit,false,0.000,0,383.439,181,GEOS_0.5x0.625/MERRA2/2019/07/MERRA2.20190701.A3cld.05x0625.nc4
2177.433,hit,false,0.000,0,383.464,181,GEOS_0.5x0.625/MERRA2/2019/07/MERRA2.20190701.A3cld.05x0625.nc4
2177.470,hit,false,0.000,0,383.500,181,GEOS_0.5x0.625/MERRA2/2019/07/MERRA2.20190701.A3cld.05x0625.nc4
2177.492,hit,false,0.000,0,383.522,181,GEOS_0.5x0.625/MERRA2/2019/07/MERRA2.20190701.A3cld.05x0625.nc4
2177.530,hit,false,0.000,0,383.560,181,GEOS_0.5x0.625/MERRA2/2019/07/MERRA2.20190701.A3cld.05x0625.nc4
2177.553,hit,false,0.000,0,383.583,181,GEOS_0.5x0.625/MERRA2/2019/07/MERRA2.20190701.A3cld.05x0625.nc4
2177.590,hit,false,0.000,0,383.620,181,GEOS_0.5x0.625/MERRA2/2019/07/MERRA2.20190701.A3cld.05x0625.nc4
2177.613,hit,false,0.000,0,383.643,181,GEOS_0.5x0.625/MERRA2/2019/07/MERRA2.20190701.A3cld.05x0625.nc4
2177.646,hit,false,0.000,0,383.675,182,GEOS_0.5x0.625/MERRA2/2019/07/MERRA2.20190701.A3cld.05x0625.nc4
2177.673,hit,false,0.000,0,383.701,182,GEOS_0.5x0.625/MERRA2/2019/07/MERRA2.20190701.A3cld.05x0625.nc4
2177.704,hit,false,0.000,0,383.733,182,GEOS_0.5x0.625/MERRA2/2019/07/MERRA2.20190701.A3cld.05x0625.nc4
2177.729,hit,false,0.000,0,383.758,182,GEOS_0.5x0.625/MERRA2/2019/07/MERRA2.20190701.A3cld.05x0625.nc4
2177.759,hit,false,0.000,0,383.788,182,GEOS_0.5x0.625/MERRA2/2019/07/MERRA2.20190701.A3cld.05x0625.nc4
2177.785,hit,false,0.000,0,383.813,182,GEOS_0.5x0.625/MERRA2/2019/07/MERRA2.20190701.A3cld.05x0625.nc4
2177.814,hit,false,0.000,0,383.843,182,GEOS_0.5x0.625/MERRA2/2019/07/MERRA2.20190701.A3cld.05x0625.nc4
2177.839,hit,false,0.000,0,383.867,182,GEOS_0.5x0.625/MERRA2/2019/07/MERRA2.20190701.A3cld.05x0625.nc4
2177.874,hit,false,0.000,0,383.901,183,GEOS_0.5x0.625/MERRA2/2019/07/MERRA2.20190701.A3cld.05x0625.nc4
2177.901,hit,false,0.000,0,383.928,183,GEOS_0.5x0.625/MERRA2/2019/07/MERRA2.20190701.A3cld.05x0625.nc4
2177.930,hit,false,0.000,0,383.957,183,GEOS_0.5x0.625/MERRA2/2019/07/MERRA2.20190701.A3cld.05x0625.nc4
2177.955,hit,false,0.000,0,383.982,183,GEOS_0.5x0.625/MERRA2/2019/07/MERRA2.20190701.A3cld.05x0625.nc4
2177.983,hit,false,0.000,0,384.010,183,GEOS_0.5x0.625/MERRA2/2019/07/MERRA2.20190701.A3cld.05x0625.nc4
2178.008,hit,false,0.000,0,384.035,183,GEOS_0.5x0.625/MERRA2/2019/07/MERRA2.20190701.A3cld.05x0625.nc4
2178.040,hit,false,0.000,0,384.066,183,GEOS_0.5x0.625/MERRA2/2019/07/MERRA2.20190701.A3cld.05x0625.nc4
2178.068,hit,false,0.000,0,384.095,183,GEOS_0.5x0.625/MERRA2/2019/07/MERRA2.20190701.A3cld.05x0625.nc4
2178.091,hit,false,0.000,0,384.156,184,GEOS_0.5x0.625/MERRA2/2019/07/MERRA2.20190701.A3cld.05x0625.nc4
2178.126,hit,false,0.000,0,384.191,184,GEOS_0.5x0.625/MERRA2/2019/07/MERRA2.20190701.A3cld.05x0625.nc4
2178.160,hit,false,0.000,0,384.226,184,GEOS_0.5x0.625/MERRA2/2019/07/MERRA2.20190701.A3cld.05x0625.nc4
2178.183,hit,false,0.000,0,384.248,184,GEOS_0.5x0.625/MERRA2/2019/07/MERRA2.20190701.A3cld.05x0625.nc4
2178.221,hit,false,0.000,0,384.286,184,GEOS_0.5x0.625/MERRA2/2019/07/MERRA2.20190701.A3cld.05x0625.nc4
2178.243,hit,false,0.000,0,384.309,184,GEOS_0.5x0.625/MERRA2/2019/07/MERRA2.20190701.A3cld.05x0625.nc4
2178.279,hit,false,0.000,0,384.344,184,GEOS_0.5x0.625/MERRA2/2019/07/MERRA2.20190701.A3cld.05x0625.nc4
2178.304,hit,false,0.000,0,384.369,184,GEOS_0.5x0.625/MERRA2/2019/07/MERRA2.20190701.A3cld.05x0625.nc4
2178.336,hit,false,0.000,0,384.399,185,GEOS_0.5x0.625/MERRA2/2019/07/MERRA2.20190701.A3cld.05x0625.nc4
2178.363,hit,false,0.000,0,384.426,185,GEOS_0.5x0.625/MERRA2/2019/07/MERRA2.20190701.A3cld.05x0625.nc4
2178.396,hit,false,0.000,0,384.459,185,GEOS_0.5x0.625/MERRA2/2019/07/MERRA2.20190701.A3cld.05x0625.nc4
2178.419,hit,false,0.000,0,384.482,185,GEOS_0.5x0.625/MERRA2/2019/07/MERRA2.20190701.A3cld.05x0625.nc4
2178.522,hit,false,0.000,0,384.585,185,GEOS_0.5x0.625/MERRA2/2019/07/MERRA2.20190701.A3cld.05x0625.nc4
2178.544,hit,false,0.000,0,384.607,185,GEOS_0.5x0.625/MERRA2/2019/07/MERRA2.20190701.A3cld.05x0625.nc4
2178.576,hit,false,0.000,0,384.639,185,GEOS_0.5x0.625/MERRA2/2019/07/MERRA2.20190701.A3cld.05x0625.nc4
2178.608,hit,false,0.000,0,384.671,185,GEOS_0.5x0.625/MERRA2/2019/07/MERRA2.20190701.A3cld.05x0625.nc4
2178.639,hit,false,0.000,0,384.699,186,GEOS_0.5x0.625/MERRA2/2019/07/MERRA2.20190701.A3cld.05x0625.nc4
2178.666,hit,false,0.000,0,384.726,186,GEOS_0.5x0.625/MERRA2/2019/07/MERRA2.20190701.A3cld.05x0625.nc4
2178.697,hit,false,0.000,0,384.758,186,GEOS_0.5x0.625/MERRA2/2019/07/MERRA2.20190701.A3cld.05x0625.nc4
2178.725,hit,false,0.000,0,384.786,186,GEOS_0.5x0.625/MERRA2/2019/07/MERRA2.20190701.A3cld.05x0625.nc4
2178.757,hit,false,0.000,0,384.818,186,GEOS_0.5x0.625/MERRA2/2019/07/MERRA2.20190701.A3cld.05x0625.nc4
2178.781,hit,false,0.000,0,384.842,186,GEOS_0.5x0.625/MERRA2/2019/07/MERRA2.20190701.A3cld.05x0625.nc4
2178.814,hit,false,0.000,0,384.875,186,GEOS_0.5x0.625/MERRA2/2019/07/MERRA2.20190701.A3cld.05x0625.nc4
2178.842,hit,false,0.000,0,384.903,186,GEOS_0.5x0.625/MERRA2/2019/07/MERRA2.20190701.A3cld.05x0625.nc4
2178.872,hit,false,0.000,0,384.930,187,GEOS_0.5x0.625/MERRA2/2019/07/MERRA2.20190701.A3cld.05x0625.nc4
2178.899,hit,false,0.000,0,384.957,187,GEOS_0.5x0.625/MERRA2/2019/07/MERRA2.20190701.A3cld.05x0625.nc4
2178.929,hit,false,0.000,0,384.988,187,GEOS_0.5x0.625/MERRA2/2019/07/MERRA2.20190701.A3cld.05x0625.nc4
2178.952,hit,false,0.000,0,385.010,187,GEOS_0.5x0.625/MERRA2/2019/07/MERRA2.20190701.A3cld.05x0625.nc4
2178.990,hit,false,0.000,0,385.048,187,GEOS_0.5x0.625/MERRA2/2019/07/MERRA2.20190701.A3cld.05x0625.nc4
2179.012,hit,false,0.000,0,385.070,187,GEOS_0.5x0.625/MERRA2/2019/07/MERRA2.20190701.A3cld.05x0625.nc4
2179.049,hit,false,0.000,0,385.107,187,GEOS_0.5x0.625/MERRA2/2019/07/MERRA2.20190701.A3cld.05x0625.nc4
2179.071,hit,false,0.000,0,385.129,187,GEOS_0.5x0.625/MERRA2/2019/07/MERRA2.20190701.A3cld.05x0625.nc4
2179.109,hit,false,0.000,0,385.166,188,GEOS_0.5x0.625/MERRA2/2019/07/MERRA2.20190701.A3cld.05x0625.nc4
2179.134,hit,false,0.000,0,385.190,188,GEOS_0.5x0.625/MERRA2/2019/07/MERRA2.20190701.A3cld.05x0625.nc4
2179.166,hit,false,0.000,0,385.223,188,GEOS_0.5x0.625/MERRA2/2019/07/MERRA2.20190701.A3cld.05x0625.nc4
2179.191,hit,false,0.000,0,385.248,188,GEOS_0.5x0.625/MERRA2/2019/07/MERRA2.20190701.A3cld.05x0625.nc4
2179.224,hit,false,0.000,0,385.280,188,GEOS_0.5x0.625/MERRA2/2019/07/MERRA2.20190701.A3cld.05x0625.nc4
2179.248,hit,false,0.000,0,385.305,188,GEOS_0.5x0.625/MERRA2/2019/07/MERRA2.20190701.A3cld.05x0625.nc4
2179.282,hit,false,0.000,0,385.339,188,GEOS_0.5x0.625/MERRA2/2019/07/MERRA2.20190701.A3cld.05x0625.nc4
2179.309,hit,false,0.000,0,385.366,188,GEOS_0.5x0.625/MERRA2/2019/07/MERRA2.20190701.A3cld.05x0625.nc4
2179.340,hit,false,0.000,0,385.395,189,GEOS_0.5x0.625/MERRA2/2019/07/MERRA2.20190701.A3cld.05x0625.nc4
2179.385,hit,false,0.000,0,385.440,189,GEOS_0.5x0.625/MERRA2/2019/07/MERRA2.20190701.A3cld.05x0625.nc4
2179.406,hit,false,0.000,0,385.461,189,GEOS_0.5x0.625/MERRA2/2019/07/MERRA2.20190701.A3cld.05x0625.nc4
2179.445,hit,false,0.000,0,385.500,189,GEOS_0.5x0.625/MERRA2/2019/07/MERRA2.20190701.A3cld.05x0625.nc4
2179.468,hit,false,0.000,0,385.523,189,GEOS_0.5x0.625/MERRA2/2019/07/MERRA2.20190701.A3cld.05x0625.nc4
2179.499,hit,false,0.000,0,385.554,189,GEOS_0.5x0.625/MERRA2/2019/07/MERRA2.20190701.A3cld.05x0625.nc4
2179.523,hit,false,0.000,0,385.578,189,GEOS_0.5x0.625/MERRA2/2019/07/MERRA2.20190701.A3cld.05x0625.nc4
2179.557,hit,false,0.000,0,385.612,189,GEOS_0.5x0.625/MERRA2/2019/07/MERRA2.20190701.A3cld.05x0625.nc4
2179.580,hit,false,0.000,0,385.633,190,GEOS_0.5x0.625/MERRA2/2019/07/MERRA2.20190701.A3cld.05x0625.nc4
2179.615,hit,false,0.000,0,385.669,190,GEOS_0.5x0.625/MERRA2/2019/07/MERRA2.20190701.A3cld.05x0625.nc4
2179.640,hit,false,0.000,0,385.693,190,GEOS_0.5x0.625/MERRA2/2019/07/MERRA2.20190701.A3cld.05x0625.nc4
2179.670,hit,false,0.000,0,385.723,190,GEOS_0.5x0.625/MERRA2/2019/07/MERRA2.20190701.A3cld.05x0625.nc4
2179.697,hit,false,0.000,0,385.750,190,GEOS_0.5x0.625/MERRA2/2019/07/MERRA2.20190701.A3cld.05x0625.nc4
2179.727,hit,false,0.000,0,385.781,190,GEOS_0.5x0.625/MERRA2/2019/07/MERRA2.20190701.A3cld.05x0625.nc4
2179.757,hit,false,0.000,0,385.810,190,GEOS_0.5x0.625/MERRA2/2019/07/MERRA2.20190701.A3cld.05x0625.nc4
2179.788,hit,false,0.000,0,385.841,190,GEOS_0.5x0.625/MERRA2/2019/07/MERRA2.20190701.A3cld.05x0625.nc4
2179.811,hit,false,0.000,0,385.862,191,GEOS_0.5x0.625/MERRA2/2019/07/MERRA2.20190701.A3cld.05x0625.nc4
2179.847,hit,false,0.000,0,385.898,191,GEOS_0.5x0.625/MERRA2/2019/07/MERRA2.20190701.A3cld.05x0625.nc4
2179.869,hit,false,0.000,0,385.921,191,GEOS_0.5x0.625/MERRA2/2019/07/MERRA2.20190701.A3cld.05x0625.nc4
2179.901,hit,false,0.000,0,385.953,191,GEOS_0.5x0.625/MERRA2/2019/07/MERRA2.20190701.A3cld.05x0625.nc4
2179.926,hit,false,0.000,0,385.978,191,GEOS_0.5x0.625/MERRA2/2019/07/MERRA2.20190701.A3cld.05x0625.nc4
2179.957,hit,false,0.000,0,386.008,191,GEOS_0.5x0.625/MERRA2/2019/07/MERRA2.20190701.A3cld.05x0625.nc4
2179.986,hit,false,0.000,0,386.038,191,GEOS_0.5x0.625/MERRA2/2019/07/MERRA2.20190701.A3cld.05x0625.nc4
2180.009,hit,false,0.000,0,386.061,191,GEOS_0.5x0.625/MERRA2/2019/07/MERRA2.20190701.A3cld.05x0625.nc4
2180.042,hit,false,0.000,0,386.103,192,GEOS_0.5x0.625/MERRA2/2019/07/MERRA2.20190701.A3cld.05x0625.nc4
2180.067,hit,false,0.000,0,386.127,192,GEOS_0.5x0.625/MERRA2/2019/07/MERRA2.20190701.A3cld.05x0625.nc4
2180.110,hit,false,0.000,0,386.171,192,GEOS_0.5x0.625/MERRA2/2019/07/MERRA2.20190701.A3cld.05x0625.nc4
2180.132,hit,false,0.000,0,386.193,192,GEOS_0.5x0.625/MERRA2/2019/07/MERRA2.20190701.A3cld.05x0625.nc4
2180.170,hit,false,0.000,0,386.231,192,GEOS_0.5x0.625/MERRA2/2019/07/MERRA2.20190701.A3cld.05x0625.nc4
2180.192,hit,false,0.000,0,386.253,192,GEOS_0.5x0.625/MERRA2/2019/07/MERRA2.20190701.A3cld.05x0625.nc4
2180.231,hit,false,0.000,0,386.292,192,GEOS_0.5x0.625/MERRA2/2019/07/MERRA2.20190701.A3cld.05x0625.nc4
2180.252,hit,false,0.000,0,386.313,192,GEOS_0.5x0.625/MERRA2/2019/07/MERRA2.20190701.A3cld.05x0625.nc4
2180.284,hit,false,0.000,0,386.342,193,GEOS_0.5x0.625/MERRA2/2019/07/MERRA2.20190701.A3cld.05x0625.nc4
2180.311,hit,false,0.000,0,386.370,193,GEOS_0.5x0.625/MERRA2/2019/07/MERRA2.20190701.A3cld.05x0625.nc4
2180.342,hit,false,0.000,0,386.400,193,GEOS_0.5x0.625/MERRA2/2019/07/MERRA2.20190701.A3cld.05x0625.nc4
2180.436,hit,false,0.000,0,386.495,193,GEOS_0.5x0.625/MERRA2/2019/07/MERRA2.20190701.A3cld.05x0625.nc4
2180.460,hit,false,0.000,0,386.518,193,GEOS_0.5x0.625/MERRA2/2019/07/MERRA2.20190701.A3cld.05x0625.nc4
2180.493,hit,false,0.000,0,386.551,193,GEOS_0.5x0.625/MERRA2/2019/07/MERRA2.20190701.A3cld.05x0625.nc4
2180.518,hit,false,0.000,0,386.576,193,GEOS_0.5x0.625/MERRA2/2019/07/MERRA2.20190701.A3cld.05x0625.nc4
2180.548,hit,false,0.000,0,386.607,193,GEOS_0.5x0.625/MERRA2/2019/07/MERRA2.20190701.A3cld.05x0625.nc4
2180.573,hit,false,0.000,0,386.629,194,GEOS_0.5x0.625/MERRA2/2019/07/MERRA2.20190701.A3cld.05x0625.nc4
2180.607,hit,false,0.000,0,386.663,194,GEOS_0.5x0.625/MERRA2/2019/07/MERRA2.20190701.A3cld.05x0625.nc4
2180.633,hit,false,0.000,0,386.688,194,GEOS_0.5x0.625/MERRA2/2019/07/MERRA2.20190701.A3cld.05x0625.nc4
2180.664,hit,false,0.000,0,386.720,194,GEOS_0.5x0.625/MERRA2/2019/07/MERRA2.20190701.A3cld.05x0625.nc4
2180.691,hit,false,0.000,0,386.747,194,GEOS_0.5x0.625/MERRA2/2019/07/MERRA2.20190701.A3cld.05x0625.nc4
2180.726,hit,false,0.000,0,386.782,194,GEOS_0.5x0.625/MERRA2/2019/07/MERRA2.20190701.A3cld.05x0625.nc4
2180.751,hit,false,0.000,0,386.807,194,GEOS_0.5x0.625/MERRA2/2019/07/MERRA2.20190701.A3cld.05x0625.nc4
2180.782,hit,false,0.000,0,386.838,194,GEOS_0.5x0.625/MERRA2/2019/07/MERRA2.20190701.A3cld.05x0625.nc4
2180.807,hit,false,0.000,0,386.861,195,GEOS_0.5x0.625/MERRA2/2019/07/MERRA2.20190701.A3cld.05x0625.nc4
2180.841,hit,false,0.000,0,386.895,195,GEOS_0.5x0.625/MERRA2/2019/07/MERRA2.20190701.A3cld.05x0625.nc4
2180.869,hit,false,0.000,0,386.923,195,GEOS_0.5x0.625/MERRA2/2019/07/MERRA2.20190701.A3cld.05x0625.nc4
2180.898,hit,false,0.000,0,386.952,195,GEOS_0.5x0.625/MERRA2/2019/07/MERRA2.20190701.A3cld.05x0625.nc4
2180.930,hit,false,0.000,0,386.984,195,GEOS_0.5x0.625/MERRA2/2019/07/MERRA2.20190701.A3cld.05x0625.nc4
2180.952,hit,false,0.000,0,387.006,195,GEOS_0.5x0.625/MERRA2/2019/07/MERRA2.20190701.A3cld.05x0625.nc4
2180.989,hit,false,0.000,0,387.042,195,GEOS_0.5x0.625/MERRA2/2019/07/MERRA2.20190701.A3cld.05x0625.nc4
2181.010,hit,false,0.000,0,387.064,195,GEOS_0.5x0.625/MERRA2/2019/07/MERRA2.20190701.A3cld.05x0625.nc4
2181.049,hit,false,0.000,0,387.101,196,GEOS_0.5x0.625/MERRA2/2019/07/MERRA2.20190701.A3cld.05x0625.nc4
2181.072,hit,false,0.000,0,387.124,196,GEOS_0.5x0.625/MERRA2/2019/07/MERRA2.20190701.A3cld.05x0625.nc4
2181.108,hit,false,0.000,0,387.160,196,GEOS_0.5x0.625/MERRA2/2019/07/MERRA2.20190701.A3cld.05x0625.nc4
2181.130,hit,false,0.000,0,387.182,196,GEOS_0.5x0.625/MERRA2/2019/07/MERRA2.20190701.A3cld.05x0625.nc4
2181.167,hit,false,0.000,0,387.219,196,GEOS_0.5x0.625/MERRA2/2019/07/MERRA2.20190701.A3cld.05x0625.nc4
2181.188,hit,false,0.000,0,387.240,196,GEOS_0.5x0.625/MERRA2/2019/07/MERRA2.20190701.A3cld.05x0625.nc4
2181.227,hit,false,0.000,0,387.279,196,GEOS_0.5x0.625/MERRA2/2019/07/MERRA2.20190701.A3cld.05x0625.nc4
2181.248,hit,false,0.000,0,387.300,196,GEOS_0.5x0.625/MERRA2/2019/07/MERRA2.20190701.A3cld.05x0625.nc4
2181.282,hit,false,0.000,0,387.333,197,GEOS_0.5x0.625/MERRA2/2019/07/MERRA2.20190701.A3cld.05x0625.nc4
2181.310,hit,false,0.000,0,387.361,197,GEOS_0.5x0.625/MERRA2/2019/07/MERRA2.20190701.A3cld.05x0625.nc4
2181.340,hit,false,0.000,0,387.390,197,GEOS_0.5x0.625/MERRA2/2019/07/MERRA2.20190701.A3cld.05x0625.nc4
2181.364,hit,false,0.000,0,387.415,197,GEOS_0.5x0.625/MERRA2/2019/07/MERRA2.20190701.A3cld.05x0625.nc4
2181.399,hit,false,0.000,0,387.449,197,GEOS_0.5x0.625/MERRA2/2019/07/MERRA2.20190701.A3cld.05x0625.nc4
2181.420,hit,false,0.000,0,387.471,197,GEOS_0.5x0.625/MERRA2/2019/07/MERRA2.20190701.A3cld.05x0625.nc4
2181.457,hit,false,0.000,0,387.507,197,GEOS_0.5x0.625/MERRA2/2019/07/MERRA2.20190701.A3cld.05x0625.nc4
2181.479,hit,false,0.000,0,387.529,197,GEOS_0.5x0.625/MERRA2/2019/07/MERRA2.20190701.A3cld.05x0625.nc4
2181.513,hit,false,0.000,0,387.562,198,GEOS_0.5x0.625/MERRA2/2019/07/MERRA2.20190701.A3cld.05x0625.nc4
2181.537,hit,false,0.000,0,387.586,198,GEOS_0.5x0.625/MERRA2/2019/07/MERRA2.20190701.A3cld.05x0625.nc4
2181.572,hit,false,0.000,0,387.621,198,GEOS_0.5x0.625/MERRA2/2019/07/MERRA2.20190701.A3cld.05x0625.nc4
2181.595,hit,false,0.000,0,387.644,198,GEOS_0.5x0.625/MERRA2/2019/07/MERRA2.20190701.A3cld.05x0625.nc4
2181.627,hit,false,0.000,0,387.676,198,GEOS_0.5x0.625/MERRA2/2019/07/MERRA2.20190701.A3cld.05x0625.nc4
2181.654,hit,false,0.000,0,387.703,198,GEOS_0.5x0.625/MERRA2/2019/07/MERRA2.20190701.A3cld.05x0625.nc4
2181.684,hit,false,0.000,0,387.733,198,GEOS_0.5x0.625/MERRA2/2019/07/MERRA2.20190701.A3cld.05x0625.nc4
2181.714,hit,false,0.000,0,387.763,198,GEOS_0.5x0.625/MERRA2/2019/07/MERRA2.20190701.A3cld.05x0625.nc4
2181.737,hit,false,0.000,0,387.783,199,GEOS_0.5x0.625/MERRA2/2019/07/MERRA2.20190701.A3cld.05x0625.nc4
2181.770,hit,false,0.000,0,387.817,199,GEOS_0.5x0.625/MERRA2/2019/07/MERRA2.20190701.A3cld.05x0625.nc4
2181.795,hit,false,0.000,0,387.841,199,GEOS_0.5x0.625/MERRA2/2019/07/MERRA2.20190701.A3cld.05x0625.nc4
2181.825,hit,false,0.000,0,387.872,199,GEOS_0.5x0.625/MERRA2/2019/07/MERRA2.20190701.A3cld.05x0625.nc4
2181.850,hit,false,0.000,0,387.897,199,GEOS_0.5x0.625/MERRA2/2019/07/MERRA2.20190701.A3cld.05x0625.nc4
2181.880,hit,false,0.000,0,387.926,199,GEOS_0.5x0.625/MERRA2/2019/07/MERRA2.20190701.A3cld.05x0625.nc4
2181.909,hit,false,0.000,0,387.955,199,GEOS_0.5x0.625/MERRA2/2019/07/MERRA2.20190701.A3cld.05x0625.nc4
2181.931,hit,false,0.000,0,387.978,199,GEOS_0.5x0.625/MERRA2/2019/07/MERRA2.20190701.A3cld.05x0625.nc4
2181.963,hit,false,0.000,0,388.592,200,GEOS_0.5x0.625/MERRA2/2019/07/MERRA2.20190701.A3cld.05x0625.nc4
2181.991,hit,false,0.000,0,388.620,200,GEOS_0.5x0.625/MERRA2/2019/07/MERRA2.20190701.A3cld.05x0625.nc4
2182.031,hit,false,0.000,0,388.661,200,GEOS_0.5x0.625/MERRA2/2019/07/MERRA2.20190701.A3cld.05x0625.nc4
2182.053,hit,false,0.000,0,388.683,200,GEOS_0.5x0.625/MERRA2/2019/07/MERRA2.20190701.A3cld.05x0625.nc4
2182.087,hit,false,0.000,0,388.717,200,GEOS_0.5x0.625/MERRA2/2019/07/MERRA2.20190701.A3cld.05x0625.nc4
2182.113,hit,false,0.000,0,388.742,200,GEOS_0.5x0.625/MERRA2/2019/07/MERRA2.20190701.A3cld.05x0625.nc4
2182.144,hit,false,0.000,0,388.773,200,GEOS_0.5x0.625/MERRA2/2019/07/MERRA2.20190701.A3cld.05x0625.nc4
2182.174,hit,false,0.000,0,388.803,200,GEOS_0.5x0.625/MERRA2/2019/07/MERRA2.20190701.A3cld.05x0625.nc4
2182.203,hit,false,0.000,0,388.828,201,GEOS_0.5x0.625/MERRA2/2019/07/MERRA2.20190701.A3cld.05x0625.nc4
2182.233,hit,false,0.000,0,388.859,201,GEOS_0.5x0.625/MERRA2/2019/07/MERRA2.20190701.A3cld.05x0625.nc4
2182.336,hit,false,0.000,0,388.961,201,GEOS_0.5x0.625/MERRA2/2019/07/MERRA2.20190701.A3cld.05x0625.nc4
2182.354,hit,false,0.000,0,388.979,201,GEOS_0.5x0.625/MERRA2/2019/07/MERRA2.20190701.A3cld.05x0625.nc4
2182.403,hit,false,0.000,0,389.028,201,GEOS_0.5x0.625/MERRA2/2019/07/MERRA2.20190701.A3cld.05x0625.nc4
2182.424,hit,false,0.000,0,389.050,201,GEOS_0.5x0.625/MERRA2/2019/07/MERRA2.20190701.A3cld.05x0625.nc4
2182.458,hit,false,0.000,0,389.084,201,GEOS_0.5x0.625/MERRA2/2019/07/MERRA2.20190701.A3cld.05x0625.nc4
2182.483,hit,false,0.000,0,389.108,201,GEOS_0.5x0.625/MERRA2/2019/07/MERRA2.20190701.A3cld.05x0625.nc4
2182.516,hit,false,0.000,0,389.139,202,GEOS_0.5x0.625/MERRA2/2019/07/MERRA2.20190701.A3cld.05x0625.nc4
2182.544,hit,false,0.000,0,389.167,202,GEOS_0.5x0.625/MERRA2/2019/07/MERRA2.20190701.A3cld.05x0625.nc4
2182.579,hit,false,0.000,0,389.202,202,GEOS_0.5x0.625/MERRA2/2019/07/MERRA2.20190701.A3cld.05x0625.nc4
2182.612,hit,false,0.000,0,389.235,202,GEOS_0.5x0.625/MERRA2/2019/07/MERRA2.20190701.A3cld.05x0625.nc4
2182.650,hit,false,0.000,0,389.273,202,GEOS_0.5x0.625/MERRA2/2019/07/MERRA2.20190701.A3cld.05x0625.nc4
2182.672,hit,false,0.000,0,389.295,202,GEOS_0.5x0.625/MERRA2/2019/07/MERRA2.20190701.A3cld.05x0625.nc4
2182.705,hit,false,0.000,0,389.328,202,GEOS_0.5x0.625/MERRA2/2019/07/MERRA2.20190701.A3cld.05x0625.nc4
2182.731,hit,false,0.000,0,389.354,202,GEOS_0.5x0.625/MERRA2/2019/07/MERRA2.20190701.A3cld.05x0625.nc4
2182.762,hit,false,0.000,0,389.382,203,GEOS_0.5x0.625/MERRA2/2019/07/MERRA2.20190701.A3cld.05x0625.nc4
2182.787,hit,false,0.000,0,389.408,203,GEOS_0.5x0.625/MERRA2/2019/07/MERRA2.20190701.A3cld.05x0625.nc4
2182.821,hit,false,0.000,0,389.441,203,GEOS_0.5x0.625/MERRA2/2019/07/MERRA2.20190701.A3cld.05x0625.nc4
2182.843,hit,false,0.000,0,389.463,203,GEOS_0.5x0.625/MERRA2/2019/07/MERRA2.20190701.A3cld.05x0625.nc4
2182.881,hit,false,0.000,0,389.502,203,GEOS_0.5x0.625/MERRA2/2019/07/MERRA2.20190701.A3cld.05x0625.nc4
2182.903,hit,false,0.000,0,389.524,203,GEOS_0.5x0.625/MERRA2/2019/07/MERRA2.20190701.A3cld.05x0625.nc4
2182.936,hit,false,0.000,0,389.556,203,GEOS_0.5x0.625/MERRA2/2019/07/MERRA2.20190701.A3cld.05x0625.nc4
2182.964,hit,false,0.000,0,389.584,203,GEOS_0.5x0.625/MERRA2/2019/07/MERRA2.20190701.A3cld.05x0625.nc4
2182.992,hit,false,0.000,0,389.611,204,GEOS_0.5x0.625/MERRA2/2019/07/MERRA2.20190701.A3cld.05x0625.nc4
2183.025,hit,false,0.000,0,389.643,204,GEOS_0.5x0.625/MERRA2/2019/07/MERRA2.20190701.A3cld.05x0625.nc4
2183.053,hit,false,0.000,0,389.671,204,GEOS_0.5x0.625/MERRA2/2019/07/MERRA2.20190701.A3cld.05x0625.nc4
2183.086,hit,false,0.000,0,389.705,204,GEOS_0.5x0.625/MERRA2/2019/07/MERRA2.20190701.A3cld.05x0625.nc4
2183.109,hit,false,0.000,0,389.727,204,GEOS_0.5x0.625/MERRA2/2019/07/MERRA2.20190701.A3cld.05x0625.nc4
2183.146,hit,false,0.000,0,389.764,204,GEOS_0.5x0.625/MERRA2/2019/07/MERRA2.20190701.A3cld.05x0625.nc4
2183.169,hit,false,0.000,0,389.787,204,GEOS_0.5x0.625/MERRA2/2019/07/MERRA2.20190701.A3cld.05x0625.nc4
2183.206,hit,false,0.000,0,389.824,204,GEOS_0.5x0.625/MERRA2/2019/07/MERRA2.20190701.A3cld.05x0625.nc4
2183.228,hit,false,0.000,0,389.844,205,GEOS_0.5x0.625/MERRA2/2019/07/MERRA2.20190701.A3cld.05x0625.nc4
2183.270,hit,false,0.000,0,389.886,205,GEOS_0.5x0.625/MERRA2/2019/07/MERRA2.20190701.A3cld.05x0625.nc4
2183.292,hit,false,0.000,0,389.908,205,GEOS_0.5x0.625/MERRA2/2019/07/MERRA2.20190701.A3cld.05x0625.nc4
2183.323,hit,false,0.000,0,389.939,205,GEOS_0.5x0.625/MERRA2/2019/07/MERRA2.20190701.A3cld.05x0625.nc4
2183.348,hit,false,0.000,0,389.964,205,GEOS_0.5x0.625/MERRA2/2019/07/MERRA2.20190701.A3cld.05x0625.nc4
2183.377,hit,false,0.000,0,389.993,205,GEOS_0.5x0.625/MERRA2/2019/07/MERRA2.20190701.A3cld.05x0625.nc4
2183.406,hit,false,0.000,0,390.022,205,GEOS_0.5x0.625/MERRA2/2019/07/MERRA2.20190701.A3cld.05x0625.nc4
2183.431,hit,false,0.000,0,390.047,205,GEOS_0.5x0.625/MERRA2/2019/07/MERRA2.20190701.A3cld.05x0625.nc4
2183.462,hit,false,0.000,0,390.077,206,GEOS_0.5x0.625/MERRA2/2019/07/MERRA2.20190701.A3cld.05x0625.nc4
2183.489,hit,false,0.000,0,390.103,206,GEOS_0.5x0.625/MERRA2/2019/07/MERRA2.20190701.A3cld.05x0625.nc4
2183.521,hit,false,0.000,0,390.135,206,GEOS_0.5x0.625/MERRA2/2019/07/MERRA2.20190701.A3cld.05x0625.nc4
2183.545,hit,false,0.000,0,390.160,206,GEOS_0.5x0.625/MERRA2/2019/07/MERRA2.20190701.A3cld.05x0625.nc4
2183.575,hit,false,0.000,0,390.190,206,GEOS_0.5x0.625/MERRA2/2019/07/MERRA2.20190701.A3cld.05x0625.nc4
2183.600,hit,false,0.000,0,390.214,206,GEOS_0.5x0.625/MERRA2/2019/07/MERRA2.20190701.A3cld.05x0625.nc4
2183.631,hit,false,0.000,0,390.245,206,GEOS_0.5x0.625/MERRA2/2019/07/MERRA2.20190701.A3cld.05x0625.nc4
2183.655,hit,false,0.000,0,390.270,206,GEOS_0.5x0.625/MERRA2/2019/07/MERRA2.20190701.A3cld.05x0625.nc4
2183.685,hit,false,0.000,0,390.293,207,GEOS_0.5x0.625/MERRA2/2019/07/MERRA2.20190701.A3cld.05x0625.nc4
2183.710,hit,false,0.000,0,390.318,207,GEOS_0.5x0.625/MERRA2/2019/07/MERRA2.20190701.A3cld.05x0625.nc4
2183.747,hit,false,0.000,0,390.355,207,GEOS_0.5x0.625/MERRA2/2019/07/MERRA2.20190701.A3cld.05x0625.nc4
2183.768,hit,false,0.000,0,390.376,207,GEOS_0.5x0.625/MERRA2/2019/07/MERRA2.20190701.A3cld.05x0625.nc4
2183.804,hit,false,0.000,0,390.412,207,GEOS_0.5x0.625/MERRA2/2019/07/MERRA2.20190701.A3cld.05x0625.nc4
2183.825,hit,false,0.000,0,390.434,207,GEOS_0.5x0.625/MERRA2/2019/07/MERRA2.20190701.A3cld.05x0625.nc4
2183.878,hit,false,0.000,0,390.487,207,GEOS_0.5x0.625/MERRA2/2019/07/MERRA2.20190701.A3cld.05x0625.nc4
2183.899,hit,false,0.000,0,390.508,207,GEOS_0.5x0.625/MERRA2/2019/07/MERRA2.20190701.A3cld.05x0625.nc4
2183.937,hit,false,0.000,0,390.283,208,GEOS_0.5x0.625/MERRA2/2019/07/MERRA2.20190701.A3cld.05x0625.nc4
2183.961,hit,false,0.000,0,390.307,208,GEOS_0.5x0.625/MERRA2/2019/07/MERRA2.20190701.A3cld.05x0625.nc4
2184.004,hit,false,0.000,0,390.351,208,GEOS_0.5x0.625/MERRA2/2019/07/MERRA2.20190701.A3cld.05x0625.nc4
2184.026,hit,false,0.000,0,390.373,208,GEOS_0.5x0.625/MERRA2/2019/07/MERRA2.20190701.A3cld.05x0625.nc4
2184.061,hit,false,0.000,0,390.407,208,GEOS_0.5x0.625/MERRA2/2019/07/MERRA2.20190701.A3cld.05x0625.nc4
2184.087,hit,false,0.000,0,390.433,208,GEOS_0.5x0.625/MERRA2/2019/07/MERRA2.20190701.A3cld.05x0625.nc4
2184.118,hit,false,0.000,0,390.464,208,GEOS_0.5x0.625/MERRA2/2019/07/MERRA2.20190701.A3cld.05x0625.nc4
2184.143,hit,false,0.000,0,390.489,208,GEOS_0.5x0.625/MERRA2/2019/07/MERRA2.20190701.A3cld.05x0625.nc4
2184.174,hit,false,0.000,0,390.518,209,GEOS_0.5x0.625/MERRA2/2019/07/MERRA2.20190701.A3cld.05x0625.nc4
2184.271,hit,false,0.000,0,390.615,209,GEOS_0.5x0.625/MERRA2/2019/07/MERRA2.20190701.A3cld.05x0625.nc4
2184.294,hit,false,0.000,0,390.638,209,GEOS_0.5x0.625/MERRA2/2019/07/MERRA2.20190701.A3cld.05x0625.nc4
2184.326,hit,false,0.000,0,390.670,209,GEOS_0.5x0.625/MERRA2/2019/07/MERRA2.20190701.A3cld.05x0625.nc4
2184.352,hit,false,0.000,0,390.696,209,GEOS_0.5x0.625/MERRA2/2019/07/MERRA2.20190701.A3cld.05x0625.nc4
2184.383,hit,false,0.000,0,390.727,209,GEOS_0.5x0.625/MERRA2/2019/07/MERRA2.20190701.A3cld.05x0625.nc4
2184.407,hit,false,0.000,0,390.751,209,GEOS_0.5x0.625/MERRA2/2019/07/MERRA2.20190701.A3cld.05x0625.nc4
2184.438,hit,false,0.000,0,390.782,209,GEOS_0.5x0.625/MERRA2/2019/07/MERRA2.20190701.A3cld.05x0625.nc4
2184.464,hit,false,0.000,0,390.806,210,GEOS_0.5x0.625/MERRA2/2019/07/MERRA2.20190701.A3cld.05x0625.nc4
2184.497,hit,false,0.000,0,390.839,210,GEOS_0.5x0.625/MERRA2/2019/07/MERRA2.20190701.A3cld.05x0625.nc4
2184.522,hit,false,0.000,0,390.864,210,GEOS_0.5x0.625/MERRA2/2019/07/MERRA2.20190701.A3cld.05x0625.nc4
2184.554,hit,false,0.000,0,390.896,210,GEOS_0.5x0.625/MERRA2/2019/07/MERRA2.20190701.A3cld.05x0625.nc4
2184.576,hit,false,0.000,0,390.918,210,GEOS_0.5x0.625/MERRA2/2019/07/MERRA2.20190701.A3cld.05x0625.nc4
2184.610,hit,false,0.000,0,390.952,210,GEOS_0.5x0.625/MERRA2/2019/07/MERRA2.20190701.A3cld.05x0625.nc4
2184.635,hit,false,0.000,0,390.977,210,GEOS_0.5x0.625/MERRA2/2019/07/MERRA2.20190701.A3cld.05x0625.nc4
2184.666,hit,false,0.000,0,391.008,210,GEOS_0.5x0.625/MERRA2/2019/07/MERRA2.20190701.A3cld.05x0625.nc4
2184.688,hit,false,0.000,0,391.029,211,GEOS_0.5x0.625/MERRA2/2019/07/MERRA2.20190701.A3cld.05x0625.nc4
2184.724,hit,false,0.000,0,391.064,211,GEOS_0.5x0.625/MERRA2/2019/07/MERRA2.20190701.A3cld.05x0625.nc4
2184.749,hit,false,0.000,0,391.089,211,GEOS_0.5x0.625/MERRA2/2019/07/MERRA2.20190701.A3cld.05x0625.nc4
2184.780,hit,false,0.000,0,391.120,211,GEOS_0.5x0.625/MERRA2/2019/07/MERRA2.20190701.A3cld.05x0625.nc4
2184.803,hit,false,0.000,0,391.143,211,GEOS_0.5x0.625/MERRA2/2019/07/MERRA2.20190701.A3cld.05x0625.nc4
2184.838,hit,false,0.000,0,391.178,211,GEOS_0.5x0.625/MERRA2/2019/07/MERRA2.20190701.A3cld.05x0625.nc4
2184.864,hit,false,0.000,0,391.204,211,GEOS_0.5x0.625/MERRA2/2019/07/MERRA2.20190701.A3cld.05x0625.nc4
2184.893,hit,false,0.000,0,391.234,211,GEOS_0.5x0.625/MERRA2/2019/07/MERRA2.20190701.A3cld.05x0625.nc4
2184.931,hit,false,0.000,0,391.269,212,GEOS_0.5x0.625/MERRA2/2019/07/MERRA2.20190701.A3cld.05x0625.nc4
2184.955,hit,false,0.000,0,391.293,212,GEOS_0.5x0.625/MERRA2/2019/07/MERRA2.20190701.A3cld.05x0625.nc4
2184.998,hit,false,0.000,0,391.336,212,GEOS_0.5x0.625/MERRA2/2019/07/MERRA2.20190701.A3cld.05x0625.nc4
2185.018,hit,false,0.000,0,391.356,212,GEOS_0.5x0.625/MERRA2/2019/07/MERRA2.20190701.A3cld.05x0625.nc4
2185.061,hit,false,0.000,0,391.399,212,GEOS_0.5x0.625/MERRA2/2019/07/MERRA2.20190701.A3cld.05x0625.nc4
2185.081,hit,false,0.000,0,391.419,212,GEOS_0.5x0.625/MERRA2/2019/07/MERRA2.20190701.A3cld.05x0625.nc4
2185.120,hit,false,0.000,0,391.458,212,GEOS_0.5x0.625/MERRA2/2019/07/MERRA2.20190701.A3cld.05x0625.nc4
2185.142,hit,false,0.000,0,391.480,212,GEOS_0.5x0.625/MERRA2/2019/07/MERRA2.20190701.A3cld.05x0625.nc4
2185.181,hit,false,0.000,0,391.518,213,GEOS_0.5x0.625/MERRA2/2019/07/MERRA2.20190701.A3cld.05x0625.nc4
2185.206,hit,false,0.000,0,391.542,213,GEOS_0.5x0.625/MERRA2/2019/07/MERRA2.20190701.A3cld.05x0625.nc4
2185.238,hit,false,0.000,0,391.575,213,GEOS_0.5x0.625/MERRA2/2019/07/MERRA2.20190701.A3cld.05x0625.nc4
2185.264,hit,false,0.000,0,391.601,213,GEOS_0.5x0.625/MERRA2/2019/07/MERRA2.20190701.A3cld.05x0625.nc4
2185.294,hit,false,0.000,0,391.631,213,GEOS_0.5x0.625/MERRA2/2019/07/MERRA2.20190701.A3cld.05x0625.nc4
2185.319,hit,false,0.000,0,391.656,213,GEOS_0.5x0.625/MERRA2/2019/07/MERRA2.20190701.A3cld.05x0625.nc4
2185.353,hit,false,0.000,0,391.689,213,GEOS_0.5x0.625/MERRA2/2019/07/MERRA2.20190701.A3cld.05x0625.nc4
2185.380,hit,false,0.000,0,391.716,213,GEOS_0.5x0.625/MERRA2/2019/07/MERRA2.20190701.A3cld.05x0625.nc4
2185.412,hit,false,0.000,0,391.747,214,GEOS_0.5x0.625/MERRA2/2019/07/MERRA2.20190701.A3cld.05x0625.nc4
2185.439,hit,false,0.000,0,391.774,214,GEOS_0.5x0.625/MERRA2/2019/07/MERRA2.20190701.A3cld.05x0625.nc4
2185.470,hit,false,0.000,0,391.805,214,GEOS_0.5x0.625/MERRA2/2019/07/MERRA2.20190701.A3cld.05x0625.nc4
2185.494,hit,false,0.000,0,391.829,214,GEOS_0.5x0.625/MERRA2/2019/07/MERRA2.20190701.A3cld.05x0625.nc4
2185.524,hit,false,0.000,0,391.858,214,GEOS_0.5x0.625/MERRA2/2019/07/MERRA2.20190701.A3cld.05x0625.nc4
2185.549,hit,false,0.000,0,391.883,214,GEOS_0.5x0.625/MERRA2/2019/07/MERRA2.20190701.A3cld.05x0625.nc4
2185.581,hit,false,0.000,0,391.916,214,GEOS_0.5x0.625/MERRA2/2019/07/MERRA2.20190701.A3cld.05x0625.nc4
2185.603,hit,false,0.000,0,391.938,214,GEOS_0.5x0.625/MERRA2/2019/07/MERRA2.20190701.A3cld.05x0625.nc4
2185.636,hit,false,0.000,0,391.929,215,GEOS_0.5x0.625/MERRA2/2019/07/MERRA2.20190701.A3cld.05x0625.nc4
2185.664,hit,false,0.000,0,391.956,215,GEOS_0.5x0.625/MERRA2/2019/07/MERRA2.20190701.A3cld.05x0625.nc4
2185.696,hit,false,0.000,0,391.988,215,GEOS_0.5x0.625/MERRA2/2019/07/MERRA2.20190701.A3cld.05x0625.nc4
2185.721,hit,false,0.000,0,392.013,215,GEOS_0.5x0.625/MERRA2/2019/07/MERRA2.20190701.A3cld.05x0625.nc4
2185.753,hit,false,0.000,0,392.045,215,GEOS_0.5x0.625/MERRA2/2019/07/MERRA2.20190701.A3cld.05x0625.nc4
2185.776,hit,false,0.000,0,392.068,215,GEOS_0.5x0.625/MERRA2/2019/07/MERRA2.20190701.A3cld.05x0625.nc4
2185.812,hit,false,0.000,0,392.104,215,GEOS_0.5x0.625/MERRA2/2019/07/MERRA2.20190701.A3cld.05x0625.nc4
2185.833,hit,false,0.000,0,392.125,215,GEOS_0.5x0.625/MERRA2/2019/07/MERRA2.20190701.A3cld.05x0625.nc4
2185.868,hit,false,0.000,0,391.971,216,GEOS_0.5x0.625/MERRA2/2019/07/MERRA2.20190701.A3cld.05x0625.nc4
2185.892,hit,false,0.000,0,391.996,216,GEOS_0.5x0.625/MERRA2/2019/07/MERRA2.20190701.A3cld.05x0625.nc4
2185.937,hit,false,0.000,0,392.040,216,GEOS_0.5x0.625/MERRA2/2019/07/MERRA2.20190701.A3cld.05x0625.nc4
2185.958,hit,false,0.000,0,392.061,216,GEOS_0.5x0.625/MERRA2/2019/07/MERRA2.20190701.A3cld.05x0625.nc4
2186.002,hit,false,0.000,0,392.106,216,GEOS_0.5x0.625/MERRA2/2019/07/MERRA2.20190701.A3cld.05x0625.nc4
2186.023,hit,false,0.000,0,392.126,216,GEOS_0.5x0.625/MERRA2/2019/07/MERRA2.20190701.A3cld.05x0625.nc4
2186.062,hit,false,0.000,0,392.165,216,GEOS_0.5x0.625/MERRA2/2019/07/MERRA2.20190701.A3cld.05x0625.nc4
2186.083,hit,false,0.000,0,392.187,216,GEOS_0.5x0.625/MERRA2/2019/07/MERRA2.20190701.A3cld.05x0625.nc4
2186.192,hit,false,0.000,0,392.294,217,GEOS_0.5x0.625/MERRA2/2019/07/MERRA2.20190701.A3cld.05x0625.nc4
2186.217,hit,false,0.000,0,392.318,217,GEOS_0.5x0.625/MERRA2/2019/07/MERRA2.20190701.A3cld.05x0625.nc4
2186.253,hit,false,0.000,0,392.354,217,GEOS_0.5x0.625/MERRA2/2019/07/MERRA2.20190701.A3cld.05x0625.nc4
2186.274,hit,false,0.000,0,392.376,217,GEOS_0.5x0.625/MERRA2/2019/07/MERRA2.20190701.A3cld.05x0625.nc4
2186.310,hit,false,0.000,0,392.412,217,GEOS_0.5x0.625/MERRA2/2019/07/MERRA2.20190701.A3cld.05x0625.nc4
2186.333,hit,false,0.000,0,392.434,217,GEOS_0.5x0.625/MERRA2/2019/07/MERRA2.20190701.A3cld.05x0625.nc4
2186.367,hit,false,0.000,0,392.469,217,GEOS_0.5x0.625/MERRA2/2019/07/MERRA2.20190701.A3cld.05x0625.nc4
2186.390,hit,false,0.000,0,392.491,217,GEOS_0.5x0.625/MERRA2/2019/07/MERRA2.20190701.A3cld.05x0625.nc4
2186.430,hit,false,0.000,0,392.530,218,GEOS_0.5x0.625/MERRA2/2019/07/MERRA2.20190701.A3cld.05x0625.nc4
2186.455,hit,false,0.000,0,392.554,218,GEOS_0.5x0.625/MERRA2/2019/07/MERRA2.20190701.A3cld.05x0625.nc4
2186.498,hit,false,0.000,0,392.598,218,GEOS_0.5x0.625/MERRA2/2019/07/MERRA2.20190701.A3cld.05x0625.nc4
2186.528,hit,false,0.000,0,392.628,218,GEOS_0.5x0.625/MERRA2/2019/07/MERRA2.20190701.A3cld.05x0625.nc4
2186.559,hit,false,0.000,0,392.659,218,GEOS_0.5x0.625/MERRA2/2019/07/MERRA2.20190701.A3cld.05x0625.nc4
2186.585,hit,false,0.000,0,392.684,218,GEOS_0.5x0.625/MERRA2/2019/07/MERRA2.20190701.A3cld.05x0625.nc4
2186.622,hit,false,0.000,0,392.722,218,GEOS_0.5x0.625/MERRA2/2019/07/MERRA2.20190701.A3cld.05x0625.nc4
2186.645,hit,false,0.000,0,392.744,218,GEOS_0.5x0.625/MERRA2/2019/07/MERRA2.20190701.A3cld.05x0625.nc4
2186.681,hit,false,0.000,0,392.779,219,GEOS_0.5x0.625/MERRA2/2019/07/MERRA2.20190701.A3cld.05x0625.nc4
2186.705,hit,false,0.000,0,392.803,219,GEOS_0.5x0.625/MERRA2/2019/07/MERRA2.20190701.A3cld.05x0625.nc4
2186.737,hit,false,0.000,0,392.835,219,GEOS_0.5x0.625/MERRA2/2019/07/MERRA2.20190701.A3cld.05x0625.nc4
2186.762,hit,false,0.000,0,392.860,219,GEOS_0.5x0.625/MERRA2/2019/07/MERRA2.20190701.A3cld.05x0625.nc4
2186.795,hit,false,0.000,0,392.893,219,GEOS_0.5x0.625/MERRA2/2019/07/MERRA2.20190701.A3cld.05x0625.nc4
2186.818,hit,false,0.000,0,392.915,219,GEOS_0.5x0.625/MERRA2/2019/07/MERRA2.20190701.A3cld.05x0625.nc4
2186.850,hit,false,0.000,0,392.947,219,GEOS_0.5x0.625/MERRA2/2019/07/MERRA2.20190701.A3cld.05x0625.nc4
2186.875,hit,false,0.000,0,392.973,219,GEOS_0.5x0.625/MERRA2/2019/07/MERRA2.20190701.A3cld.05x0625.nc4
2186.905,hit,false,0.000,0,393.001,220,GEOS_0.5x0.625/MERRA2/2019/07/MERRA2.20190701.A3cld.05x0625.nc4
2186.937,hit,false,0.000,0,393.033,220,GEOS_0.5x0.625/MERRA2/2019/07/MERRA2.20190701.A3cld.05x0625.nc4
2186.965,hit,false,0.000,0,393.061,220,GEOS_0.5x0.625/MERRA2/2019/07/MERRA2.20190701.A3cld.05x0625.nc4
2186.995,hit,false,0.000,0,393.091,220,GEOS_0.5x0.625/MERRA2/2019/07/MERRA2.20190701.A3cld.05x0625.nc4
2187.018,hit,false,0.000,0,393.114,220,GEOS_0.5x0.625/MERRA2/2019/07/MERRA2.20190701.A3cld.05x0625.nc4
2187.054,hit,false,0.000,0,393.150,220,GEOS_0.5x0.625/MERRA2/2019/07/MERRA2.20190701.A3cld.05x0625.nc4
2187.077,hit,false,0.000,0,393.173,220,GEOS_0.5x0.625/MERRA2/2019/07/MERRA2.20190701.A3cld.05x0625.nc4
2187.110,hit,false,0.000,0,393.206,220,GEOS_0.5x0.625/MERRA2/2019/07/MERRA2.20190701.A3cld.05x0625.nc4
2187.133,hit,false,0.000,0,393.227,221,GEOS_0.5x0.625/MERRA2/2019/07/MERRA2.20190701.A3cld.05x0625.nc4
2187.173,hit,false,0.000,0,393.268,221,GEOS_0.5x0.625/MERRA2/2019/07/MERRA2.20190701.A3cld.05x0625.nc4
2187.195,hit,false,0.000,0,393.289,221,GEOS_0.5x0.625/MERRA2/2019/07/MERRA2.20190701.A3cld.05x0625.nc4
2187.229,hit,false,0.000,0,393.324,221,GEOS_0.5x0.625/MERRA2/2019/07/MERRA2.20190701.A3cld.05x0625.nc4
2187.254,hit,false,0.000,0,393.348,221,GEOS_0.5x0.625/MERRA2/2019/07/MERRA2.20190701.A3cld.05x0625.nc4
2187.287,hit,false,0.000,0,393.381,221,GEOS_0.5x0.625/MERRA2/2019/07/MERRA2.20190701.A3cld.05x0625.nc4
2187.312,hit,false,0.000,0,393.407,221,GEOS_0.5x0.625/MERRA2/2019/07/MERRA2.20190701.A3cld.05x0625.nc4
2187.344,hit,false,0.000,0,393.439,221,GEOS_0.5x0.625/MERRA2/2019/07/MERRA2.20190701.A3cld.05x0625.nc4
2187.368,hit,false,0.000,0,393.461,222,GEOS_0.5x0.625/MERRA2/2019/07/MERRA2.20190701.A3cld.05x0625.nc4
2187.402,hit,false,0.000,0,393.495,222,GEOS_0.5x0.625/MERRA2/2019/07/MERRA2.20190701.A3cld.05x0625.nc4
2187.419,hit,false,0.000,0,393.512,222,GEOS_0.5x0.625/MERRA2/2019/07/MERRA2.20190701.A3cld.05x0625.nc4
2187.464,hit,false,0.000,0,393.557,222,GEOS_0.5x0.625/MERRA2/2019/07/MERRA2.20190701.A3cld.05x0625.nc4
2187.486,hit,false,0.000,0,393.578,222,GEOS_0.5x0.625/MERRA2/2019/07/MERRA2.20190701.A3cld.05x0625.nc4
2187.522,hit,false,0.000,0,393.615,222,GEOS_0.5x0.625/MERRA2/2019/07/MERRA2.20190701.A3cld.05x0625.nc4
2187.544,hit,false,0.000,0,393.637,222,GEOS_0.5x0.625/MERRA2/2019/07/MERRA2.20190701.A3cld.05x0625.nc4
2187.575,hit,false,0.000,0,393.668,222,GEOS_0.5x0.625/MERRA2/2019/07/MERRA2.20190701.A3cld.05x0625.nc4
2187.599,hit,false,0.000,0,393.691,223,GEOS_0.5x0.625/MERRA2/2019/07/MERRA2.20190701.A3cld.05x0625.nc4
2187.631,hit,false,0.000,0,393.722,223,GEOS_0.5x0.625/MERRA2/2019/07/MERRA2.20190701.A3cld.05x0625.nc4
2187.657,hit,false,0.000,0,393.749,223,GEOS_0.5x0.625/MERRA2/2019/07/MERRA2.20190701.A3cld.05x0625.nc4
2187.680,hit,false,0.000,0,393.772,223,GEOS_0.5x0.625/MERRA2/2019/07/MERRA2.20190701.A3cld.05x0625.nc4
2187.715,hit,false,0.000,0,393.807,223,GEOS_0.5x0.625/MERRA2/2019/07/MERRA2.20190701.A3cld.05x0625.nc4
2187.738,hit,false,0.000,0,393.830,223,GEOS_0.5x0.625/MERRA2/2019/07/MERRA2.20190701.A3cld.05x0625.nc4
2187.769,hit,false,0.000,0,393.860,223,GEOS_0.5x0.625/MERRA2/2019/07/MERRA2.20190701.A3cld.05x0625.nc4
2187.795,hit,false,0.000,0,393.887,223,GEOS_0.5x0.625/MERRA2/2019/07/MERRA2.20190701.A3cld.05x0625.nc4
2187.828,hit,false,0.000,0,393.914,224,GEOS_0.5x0.625/MERRA2/2019/07/MERRA2.20190701.A3cld.05x0625.nc4
2187.887,hit,false,0.000,0,393.973,224,GEOS_0.5x0.625/MERRA2/2019/07/MERRA2.20190701.A3cld.05x0625.nc4
2187.908,hit,false,0.000,0,393.995,224,GEOS_0.5x0.625/MERRA2/2019/07/MERRA2.20190701.A3cld.05x0625.nc4
2187.951,hit,false,0.000,0,394.037,224,GEOS_0.5x0.625/MERRA2/2019/07/MERRA2.20190701.A3cld.05x0625.nc4
2187.973,hit,false,0.000,0,394.059,224,GEOS_0.5x0.625/MERRA2/2019/07/MERRA2.20190701.A3cld.05x0625.nc4
2188.015,hit,false,0.000,0,394.102,224,GEOS_0.5x0.625/MERRA2/2019/07/MERRA2.20190701.A3cld.05x0625.nc4
2188.038,hit,false,0.000,0,394.124,224,GEOS_0.5x0.625/MERRA2/2019/07/MERRA2.20190701.A3cld.05x0625.nc4
2188.146,hit,false,0.000,0,394.233,224,GEOS_0.5x0.625/MERRA2/2019/07/MERRA2.20190701.A3cld.05x0625.nc4
2188.169,hit,false,0.000,0,394.254,225,GEOS_0.5x0.625/MERRA2/2019/07/MERRA2.20190701.A3cld.05x0625.nc4
2188.210,hit,false,0.000,0,394.294,225,GEOS_0.5x0.625/MERRA2/2019/07/MERRA2.20190701.A3cld.05x0625.nc4
2188.232,hit,false,0.000,0,394.316,225,GEOS_0.5x0.625/MERRA2/2019/07/MERRA2.20190701.A3cld.05x0625.nc4
2188.268,hit,false,0.000,0,394.352,225,GEOS_0.5x0.625/MERRA2/2019/07/MERRA2.20190701.A3cld.05x0625.nc4
2188.303,hit,false,0.000,0,394.388,225,GEOS_0.5x0.625/MERRA2/2019/07/MERRA2.20190701.A3cld.05x0625.nc4
2188.325,hit,false,0.000,0,394.409,225,GEOS_0.5x0.625/MERRA2/2019/07/MERRA2.20190701.A3cld.05x0625.nc4
2188.370,hit,false,0.000,0,394.454,225,GEOS_0.5x0.625/MERRA2/2019/07/MERRA2.20190701.A3cld.05x0625.nc4
2188.394,hit,false,0.000,0,394.478,225,GEOS_0.5x0.625/MERRA2/2019/07/MERRA2.20190701.A3cld.05x0625.nc4
2188.431,hit,false,0.000,0,394.514,226,GEOS_0.5x0.625/MERRA2/2019/07/MERRA2.20190701.A3cld.05x0625.nc4
2188.483,hit,false,0.000,0,394.566,226,GEOS_0.5x0.625/MERRA2/2019/07/MERRA2.20190701.A3cld.05x0625.nc4
2188.506,hit,false,0.000,0,394.589,226,GEOS_0.5x0.625/MERRA2/2019/07/MERRA2.20190701.A3cld.05x0625.nc4
2188.542,hit,false,0.000,0,394.625,226,GEOS_0.5x0.625/MERRA2/2019/07/MERRA2.20190701.A3cld.05x0625.nc4
2188.566,hit,false,0.000,0,394.649,226,GEOS_0.5x0.625/MERRA2/2019/07/MERRA2.20190701.A3cld.05x0625.nc4
2188.599,hit,false,0.000,0,394.681,226,GEOS_0.5x0.625/MERRA2/2019/07/MERRA2.20190701.A3cld.05x0625.nc4
2188.624,hit,false,0.000,0,394.706,226,GEOS_0.5x0.625/MERRA2/2019/07/MERRA2.20190701.A3cld.05x0625.nc4
2188.656,hit,false,0.000,0,394.739,226,GEOS_0.5x0.625/MERRA2/2019/07/MERRA2.20190701.A3cld.05x0625.nc4
2188.684,hit,false,0.000,0,394.765,227,GEOS_0.5x0.625/MERRA2/2019/07/MERRA2.20190701.A3cld.05x0625.nc4
2188.718,hit,false,0.000,0,394.799,227,GEOS_0.5x0.625/MERRA2/2019/07/MERRA2.20190701.A3cld.05x0625.nc4
2188.746,hit,false,0.000,0,394.827,227,GEOS_0.5x0.625/MERRA2/2019/07/MERRA2.20190701.A3cld.05x0625.nc4
2188.777,hit,false,0.000,0,394.858,227,GEOS_0.5x0.625/MERRA2/2019/07/MERRA2.20190701.A3cld.05x0625.nc4
2188.804,hit,false,0.000,0,394.885,227,GEOS_0.5x0.625/MERRA2/2019/07/MERRA2.20190701.A3cld.05x0625.nc4
2188.835,hit,false,0.000,0,394.916,227,GEOS_0.5x0.625/MERRA2/2019/07/MERRA2.20190701.A3cld.05x0625.nc4
2188.861,hit,false,0.000,0,394.942,227,GEOS_0.5x0.625/MERRA2/2019/07/MERRA2.20190701.A3cld.05x0625.nc4
2188.893,hit,false,0.000,0,394.973,227,GEOS_0.5x0.625/MERRA2/2019/07/MERRA2.20190701.A3cld.05x0625.nc4
2188.922,hit,false,0.000,0,395.001,228,GEOS_0.5x0.625/MERRA2/2019/07/MERRA2.20190701.A3cld.05x0625.nc4
2188.958,hit,false,0.000,0,395.038,228,GEOS_0.5x0.625/MERRA2/2019/07/MERRA2.20190701.A3cld.05x0625.nc4
2188.981,hit,false,0.000,0,395.060,228,GEOS_0.5x0.625/MERRA2/2019/07/MERRA2.20190701.A3cld.05x0625.nc4
2189.019,hit,false,0.000,0,395.098,228,GEOS_0.5x0.625/MERRA2/2019/07/MERRA2.20190701.A3cld.05x0625.nc4
2189.041,hit,false,0.000,0,395.120,228,GEOS_0.5x0.625/MERRA2/2019/07/MERRA2.20190701.A3cld.05x0625.nc4
2189.081,hit,false,0.000,0,395.160,228,GEOS_0.5x0.625/MERRA2/2019/07/MERRA2.20190701.A3cld.05x0625.nc4
2189.103,hit,false,0.000,0,395.182,228,GEOS_0.5x0.625/MERRA2/2019/07/MERRA2.20190701.A3cld.05x0625.nc4
2189.136,hit,false,0.000,0,395.215,228,GEOS_0.5x0.625/MERRA2/2019/07/MERRA2.20190701.A3cld.05x0625.nc4
2189.176,hit,false,0.000,0,395.254,229,GEOS_0.5x0.625/MERRA2/2019/07/MERRA2.20190701.A3cld.05x0625.nc4
2189.196,hit,false,0.000,0,395.273,229,GEOS_0.5x0.625/MERRA2/2019/07/MERRA2.20190701.A3cld.05x0625.nc4
2189.253,hit,false,0.000,0,395.331,229,GEOS_0.5x0.625/MERRA2/2019/07/MERRA2.20190701.A3cld.05x0625.nc4
2189.274,hit,false,0.000,0,395.352,229,GEOS_0.5x0.625/MERRA2/2019/07/MERRA2.20190701.A3cld.05x0625.nc4
2189.310,hit,false,0.000,0,395.388,229,GEOS_0.5x0.625/MERRA2/2019/07/MERRA2.20190701.A3cld.05x0625.nc4
2189.339,hit,false,0.000,0,395.417,229,GEOS_0.5x0.625/MERRA2/2019/07/MERRA2.20190701.A3cld.05x0625.nc4
2189.360,hit,false,0.000,0,395.438,229,GEOS_0.5x0.625/MERRA2/2019/07/MERRA2.20190701.A3cld.05x0625.nc4
2189.404,hit,false,0.000,0,395.482,229,GEOS_0.5x0.625/MERRA2/2019/07/MERRA2.20190701.A3cld.05x0625.nc4
2189.437,hit,false,0.000,0,395.513,230,GEOS_0.5x0.625/MERRA2/2019/07/MERRA2.20190701.A3cld.05x0625.nc4
2189.465,hit,false,0.000,0,395.542,230,GEOS_0.5x0.625/MERRA2/2019/07/MERRA2.20190701.A3cld.05x0625.nc4
2189.495,hit,false,0.000,0,395.572,230,GEOS_0.5x0.625/MERRA2/2019/07/MERRA2.20190701.A3cld.05x0625.nc4
2189.524,hit,false,0.000,0,395.600,230,GEOS_0.5x0.625/MERRA2/2019/07/MERRA2.20190701.A3cld.05x0625.nc4
2189.554,hit,false,0.000,0,395.630,230,GEOS_0.5x0.625/MERRA2/2019/07/MERRA2.20190701.A3cld.05x0625.nc4
2189.583,hit,false,0.000,0,395.659,230,GEOS_0.5x0.625/MERRA2/2019/07/MERRA2.20190701.A3cld.05x0625.nc4
2189.611,hit,false,0.000,0,395.687,230,GEOS_0.5x0.625/MERRA2/2019/07/MERRA2.20190701.A3cld.05x0625.nc4
2189.641,hit,false,0.000,0,395.717,230,GEOS_0.5x0.625/MERRA2/2019/07/MERRA2.20190701.A3cld.05x0625.nc4
2189.663,hit,false,0.000,0,395.738,231,GEOS_0.5x0.625/MERRA2/2019/07/MERRA2.20190701.A3cld.05x0625.nc4
2189.698,hit,false,0.000,0,395.773,231,GEOS_0.5x0.625/MERRA2/2019/07/MERRA2.20190701.A3cld.05x0625.nc4
2189.723,hit,false,0.000,0,395.798,231,GEOS_0.5x0.625/MERRA2/2019/07/MERRA2.20190701.A3cld.05x0625.nc4
2189.754,hit,false,0.000,0,395.829,231,GEOS_0.5x0.625/MERRA2/2019/07/MERRA2.20190701.A3cld.05x0625.nc4
2189.777,hit,false,0.000,0,395.851,231,GEOS_0.5x0.625/MERRA2/2019/07/MERRA2.20190701.A3cld.05x0625.nc4
2189.809,hit,false,0.000,0,395.884,231,GEOS_0.5x0.625/MERRA2/2019/07/MERRA2.20190701.A3cld.05x0625.nc4
2189.834,hit,false,0.000,0,395.909,231,GEOS_0.5x0.625/MERRA2/2019/07/MERRA2.20190701.A3cld.05x0625.nc4
2189.866,hit,false,0.000,0,395.941,231,GEOS_0.5x0.625/MERRA2/2019/07/MERRA2.20190701.A3cld.05x0625.nc4
2189.897,hit,false,0.000,0,395.964,232,GEOS_0.5x0.625/MERRA2/2019/07/MERRA2.20190701.A3cld.05x0625.nc4
2189.923,hit,false,0.000,0,395.989,232,GEOS_0.5x0.625/MERRA2/2019/07/MERRA2.20190701.A3cld.05x0625.nc4
2189.966,hit,false,0.000,0,396.032,232,GEOS_0.5x0.625/MERRA2/2019/07/MERRA2.20190701.A3cld.05x0625.nc4
2189.988,hit,false,0.000,0,396.055,232,GEOS_0.5x0.625/MERRA2/2019/07/MERRA2.20190701.A3cld.05x0625.nc4
2190.027,hit,false,0.000,0,396.094,232,GEOS_0.5x0.625/MERRA2/2019/07/MERRA2.20190701.A3cld.05x0625.nc4
2190.050,hit,false,0.000,0,396.116,232,GEOS_0.5x0.625/MERRA2/2019/07/MERRA2.20190701.A3cld.05x0625.nc4
2190.155,hit,false,0.000,0,396.222,232,GEOS_0.5x0.625/MERRA2/2019/07/MERRA2.20190701.A3cld.05x0625.nc4
2190.178,hit,false,0.000,0,396.245,232,GEOS_0.5x0.625/MERRA2/2019/07/MERRA2.20190701.A3cld.05x0625.nc4
2190.211,hit,false,0.000,0,396.277,233,GEOS_0.5x0.625/MERRA2/2019/07/MERRA2.20190701.A3cld.05x0625.nc4
2190.239,hit,false,0.000,0,396.305,233,GEOS_0.5x0.625/MERRA2/2019/07/MERRA2.20190701.A3cld.05x0625.nc4
2190.273,hit,false,0.000,0,396.338,233,GEOS_0.5x0.625/MERRA2/2019/07/MERRA2.20190701.A3cld.05x0625.nc4
2190.298,hit,false,0.000,0,396.363,233,GEOS_0.5x0.625/MERRA2/2019/07/MERRA2.20190701.A3cld.05x0625.nc4
2190.337,hit,false,0.000,0,396.403,233,GEOS_0.5x0.625/MERRA2/2019/07/MERRA2.20190701.A3cld.05x0625.nc4
2190.359,hit,false,0.000,0,396.424,233,GEOS_0.5x0.625/MERRA2/2019/07/MERRA2.20190701.A3cld.05x0625.nc4
2190.396,hit,false,0.000,0,396.462,233,GEOS_0.5x0.625/MERRA2/2019/07/MERRA2.20190701.A3cld.05x0625.nc4
2190.417,hit,false,0.000,0,396.483,233,GEOS_0.5x0.625/MERRA2/2019/07/MERRA2.20190701.A3cld.05x0625.nc4
2190.450,hit,false,0.000,0,396.514,234,GEOS_0.5x0.625/MERRA2/2019/07/MERRA2.20190701.A3cld.05x0625.nc4
2190.478,hit,false,0.000,0,396.541,234,GEOS_0.5x0.625/MERRA2/2019/07/MERRA2.20190701.A3cld.05x0625.nc4
2190.510,hit,false,0.000,0,396.573,234,GEOS_0.5x0.625/MERRA2/2019/07/MERRA2.20190701.A3cld.05x0625.nc4
2190.534,hit,false,0.000,0,396.597,234,GEOS_0.5x0.625/MERRA2/2019/07/MERRA2.20190701.A3cld.05x0625.nc4
2190.567,hit,false,0.000,0,396.630,234,GEOS_0.5x0.625/MERRA2/2019/07/MERRA2.20190701.A3cld.05x0625.nc4
2190.589,hit,false,0.000,0,396.652,234,GEOS_0.5x0.625/MERRA2/2019/07/MERRA2.20190701.A3cld.05x0625.nc4
2190.628,hit,false,0.000,0,396.691,234,GEOS_0.5x0.625/MERRA2/2019/07/MERRA2.20190701.A3cld.05x0625.nc4
2190.654,hit,false,0.000,0,396.717,234,GEOS_0.5x0.625/MERRA2/2019/07/MERRA2.20190701.A3cld.05x0625.nc4
2190.686,hit,false,0.000,0,396.748,235,GEOS_0.5x0.625/MERRA2/2019/07/MERRA2.20190701.A3cld.05x0625.nc4
2190.711,hit,false,0.000,0,396.772,235,GEOS_0.5x0.625/MERRA2/2019/07/MERRA2.20190701.A3cld.05x0625.nc4
2190.748,hit,false,0.000,0,396.810,235,GEOS_0.5x0.625/MERRA2/2019/07/MERRA2.20190701.A3cld.05x0625.nc4
2190.770,hit,false,0.000,0,396.832,235,GEOS_0.5x0.625/MERRA2/2019/07/MERRA2.20190701.A3cld.05x0625.nc4
2190.808,hit,false,0.000,0,396.870,235,GEOS_0.5x0.625/MERRA2/2019/07/MERRA2.20190701.A3cld.05x0625.nc4
2190.830,hit,false,0.000,0,396.892,235,GEOS_0.5x0.625/MERRA2/2019/07/MERRA2.20190701.A3cld.05x0625.nc4
2190.868,hit,false,0.000,0,396.930,235,GEOS_0.5x0.625/MERRA2/2019/07/MERRA2.20190701.A3cld.05x0625.nc4
2190.890,hit,false,0.000,0,396.952,235,GEOS_0.5x0.625/MERRA2/2019/07/MERRA2.20190701.A3cld.05x0625.nc4
2190.928,hit,false,0.000,0,396.988,236,GEOS_0.5x0.625/MERRA2/2019/07/MERRA2.20190701.A3cld.05x0625.nc4
2190.952,hit,false,0.000,0,397.012,236,GEOS_0.5x0.625/MERRA2/2019/07/MERRA2.20190701.A3cld.05x0625.nc4
2190.987,hit,false,0.000,0,397.047,236,GEOS_0.5x0.625/MERRA2/2019/07/MERRA2.20190701.A3cld.05x0625.nc4
2191.010,hit,false,0.000,0,397.070,236,GEOS_0.5x0.625/MERRA2/2019/07/MERRA2.20190701.A3cld.05x0625.nc4
2191.053,hit,false,0.000,0,397.113,236,GEOS_0.5x0.625/MERRA2/2019/07/MERRA2.20190701.A3cld.05x0625.nc4
2191.074,hit,false,0.000,0,397.134,236,GEOS_0.5x0.625/MERRA2/2019/07/MERRA2.20190701.A3cld.05x0625.nc4
2191.116,hit,false,0.000,0,397.176,236,GEOS_0.5x0.625/MERRA2/2019/07/MERRA2.20190701.A3cld.05x0625.nc4
2191.138,hit,false,0.000,0,397.198,236,GEOS_0.5x0.625/MERRA2/2019/07/MERRA2.20190701.A3cld.05x0625.nc4
2191.172,hit,false,0.000,0,397.230,237,GEOS_0.5x0.625/MERRA2/2019/07/MERRA2.20190701.A3cld.05x0625.nc4
2191.199,hit,false,0.000,0,397.257,237,GEOS_0.5x0.625/MERRA2/2019/07/MERRA2.20190701.A3cld.05x0625.nc4
2191.238,hit,false,0.000,0,397.296,237,GEOS_0.5x0.625/MERRA2/2019/07/MERRA2.20190701.A3cld.05x0625.nc4
2191.262,hit,false,0.000,0,397.320,237,GEOS_0.5x0.625/MERRA2/2019/07/MERRA2.20190701.A3cld.05x0625.nc4
2191.294,hit,false,0.000,0,397.352,237,GEOS_0.5x0.625/MERRA2/2019/07/MERRA2.20190701.A3cld.05x0625.nc4
2191.318,hit,false,0.000,0,397.377,237,GEOS_0.5x0.625/MERRA2/2019/07/MERRA2.20190701.A3cld.05x0625.nc4
2191.347,hit,false,0.000,0,397.405,237,GEOS_0.5x0.625/MERRA2/2019/07/MERRA2.20190701.A3cld.05x0625.nc4
2191.371,hit,false,0.000,0,397.429,237,GEOS_0.5x0.625/MERRA2/2019/07/MERRA2.20190701.A3cld.05x0625.nc4
2191.402,hit,false,0.000,0,397.458,238,GEOS_0.5x0.625/MERRA2/2019/07/MERRA2.20190701.A3cld.05x0625.nc4
2191.430,hit,false,0.000,0,397.486,238,GEOS_0.5x0.625/MERRA2/2019/07/MERRA2.20190701.A3cld.05x0625.nc4
2191.462,hit,false,0.000,0,397.518,238,GEOS_0.5x0.625/MERRA2/2019/07/MERRA2.20190701.A3cld.05x0625.nc4
2191.489,hit,false,0.000,0,397.545,238,GEOS_0.5x0.625/MERRA2/2019/07/MERRA2.20190701.A3cld.05x0625.nc4
2191.518,hit,false,0.000,0,397.574,238,GEOS_0.5x0.625/MERRA2/2019/07/MERRA2.20190701.A3cld.05x0625.nc4
2191.541,hit,false,0.000,0,397.597,238,GEOS_0.5x0.625/MERRA2/2019/07/MERRA2.20190701.A3cld.05x0625.nc4
2191.578,hit,false,0.000,0,397.634,238,GEOS_0.5x0.625/MERRA2/2019/07/MERRA2.20190701.A3cld.05x0625.nc4
2191.600,hit,false,0.000,0,397.656,238,GEOS_0.5x0.625/MERRA2/2019/07/MERRA2.20190701.A3cld.05x0625.nc4
2191.638,hit,false,0.000,0,397.692,239,GEOS_0.5x0.625/MERRA2/2019/07/MERRA2.20190701.A3cld.05x0625.nc4
2191.662,hit,false,0.000,0,397.716,239,GEOS_0.5x0.625/MERRA2/2019/07/MERRA2.20190701.A3cld.05x0625.nc4
2191.700,hit,false,0.000,0,397.753,239,GEOS_0.5x0.625/MERRA2/2019/07/MERRA2.20190701.A3cld.05x0625.nc4
2191.722,hit,false,0.000,0,397.776,239,GEOS_0.5x0.625/MERRA2/2019/07/MERRA2.20190701.A3cld.05x0625.nc4
2191.756,hit,false,0.000,0,397.810,239,GEOS_0.5x0.625/MERRA2/2019/07/MERRA2.20190701.A3cld.05x0625.nc4
2191.786,hit,false,0.000,0,397.840,239,GEOS_0.5x0.625/MERRA2/2019/07/MERRA2.20190701.A3cld.05x0625.nc4
2191.809,hit,false,0.000,0,397.863,239,GEOS_0.5x0.625/MERRA2/2019/07/MERRA2.20190701.A3cld.05x0625.nc4
2191.846,hit,false,0.000,0,397.900,239,GEOS_0.5x0.625/MERRA2/2019/07/MERRA2.20190701.A3cld.05x0625.nc4
2191.869,hit,false,0.000,0,397.906,240,GEOS_0.5x0.625/MERRA2/2019/07/MERRA2.20190701.A3cld.05x0625.nc4
2191.906,hit,false,0.000,0,397.942,240,GEOS_0.5x0.625/MERRA2/2019/07/MERRA2.20190701.A3cld.05x0625.nc4
2191.941,hit,false,0.000,0,397.978,240,GEOS_0.5x0.625/MERRA2/2019/07/MERRA2.20190701.A3cld.05x0625.nc4
2191.967,hit,false,0.000,0,398.003,240,GEOS_0.5x0.625/MERRA2/2019/07/MERRA2.20190701.A3cld.05x0625.nc4
2191.999,hit,false,0.000,0,398.035,240,GEOS_0.5x0.625/MERRA2/2019/07/MERRA2.20190701.A3cld.05x0625.nc4
2192.094,hit,false,0.000,0,398.130,240,GEOS_0.5x0.625/MERRA2/2019/07/MERRA2.20190701.A3cld.05x0625.nc4
2192.117,hit,false,0.000,0,398.154,240,GEOS_0.5x0.625/MERRA2/2019/07/MERRA2.20190701.A3cld.05x0625.nc4
2192.154,hit,false,0.000,0,398.191,240,GEOS_0.5x0.625/MERRA2/2019/07/MERRA2.20190701.A3cld.05x0625.nc4
2192.177,hit,false,0.000,0,398.211,241,GEOS_0.5x0.625/MERRA2/2019/07/MERRA2.20190701.A3cld.05x0625.nc4
2192.216,hit,false,0.000,0,398.250,241,GEOS_0.5x0.625/MERRA2/2019/07/MERRA2.20190701.A3cld.05x0625.nc4
2192.240,hit,false,0.000,0,398.274,241,GEOS_0.5x0.625/MERRA2/2019/07/MERRA2.20190701.A3cld.05x0625.nc4
2192.275,hit,false,0.000,0,398.309,241,GEOS_0.5x0.625/MERRA2/2019/07/MERRA2.20190701.A3cld.05x0625.nc4
2192.304,hit,false,0.000,0,398.338,241,GEOS_0.5x0.625/MERRA2/2019/07/MERRA2.20190701.A3cld.05x0625.nc4
2192.332,hit,false,0.000,0,398.366,241,GEOS_0.5x0.625/MERRA2/2019/07/MERRA2.20190701.A3cld.05x0625.nc4
2192.362,hit,false,0.000,0,398.396,241,GEOS_0.5x0.625/MERRA2/2019/07/MERRA2.20190701.A3cld.05x0625.nc4
2192.387,hit,false,0.000,0,398.421,241,GEOS_0.5x0.625/MERRA2/2019/07/MERRA2.20190701.A3cld.05x0625.nc4
2192.418,hit,false,0.000,0,398.450,242,GEOS_0.5x0.625/MERRA2/2019/07/MERRA2.20190701.A3cld.05x0625.nc4
2192.448,hit,false,0.000,0,398.480,242,GEOS_0.5x0.625/MERRA2/2019/07/MERRA2.20190701.A3cld.05x0625.nc4
2192.478,hit,false,0.000,0,398.511,242,GEOS_0.5x0.625/MERRA2/2019/07/MERRA2.20190701.A3cld.05x0625.nc4
2192.508,hit,false,0.000,0,398.540,242,GEOS_0.5x0.625/MERRA2/2019/07/MERRA2.20190701.A3cld.05x0625.nc4
2192.538,hit,false,0.000,0,398.570,242,GEOS_0.5x0.625/MERRA2/2019/07/MERRA2.20190701.A3cld.05x0625.nc4
2192.566,hit,false,0.000,0,398.599,242,GEOS_0.5x0.625/MERRA2/2019/07/MERRA2.20190701.A3cld.05x0625.nc4
2192.598,hit,false,0.000,0,398.630,242,GEOS_0.5x0.625/MERRA2/2019/07/MERRA2.20190701.A3cld.05x0625.nc4
2192.621,hit,false,0.000,0,398.653,242,GEOS_0.5x0.625/MERRA2/2019/07/MERRA2.20190701.A3cld.05x0625.nc4
2192.654,hit,false,0.000,0,398.684,243,GEOS_0.5x0.625/MERRA2/2019/07/MERRA2.20190701.A3cld.05x0625.nc4
2192.685,hit,false,0.000,0,398.716,243,GEOS_0.5x0.625/MERRA2/2019/07/MERRA2.20190701.A3cld.05x0625.nc4
2192.713,hit,false,0.000,0,398.743,243,GEOS_0.5x0.625/MERRA2/2019/07/MERRA2.20190701.A3cld.05x0625.nc4
2192.747,hit,false,0.000,0,398.777,243,GEOS_0.5x0.625/MERRA2/2019/07/MERRA2.20190701.A3cld.05x0625.nc4
2192.771,hit,false,0.000,0,398.801,243,GEOS_0.5x0.625/MERRA2/2019/07/MERRA2.20190701.A3cld.05x0625.nc4
2192.800,hit,false,0.000,0,398.831,243,GEOS_0.5x0.625/MERRA2/2019/07/MERRA2.20190701.A3cld.05x0625.nc4
2192.828,hit,false,0.000,0,398.858,243,GEOS_0.5x0.625/MERRA2/2019/07/MERRA2.20190701.A3cld.05x0625.nc4
2192.851,hit,false,0.000,0,398.882,243,GEOS_0.5x0.625/MERRA2/2019/07/MERRA2.20190701.A3cld.05x0625.nc4
2192.887,hit,false,0.000,0,398.912,244,GEOS_0.5x0.625/MERRA2/2019/07/MERRA2.20190701.A3cld.05x0625.nc4
2192.912,hit,false,0.000,0,398.937,244,GEOS_0.5x0.625/MERRA2/2019/07/MERRA2.20190701.A3cld.05x0625.nc4
2192.950,hit,false,0.000,0,398.975,244,GEOS_0.5x0.625/MERRA2/2019/07/MERRA2.20190701.A3cld.05x0625.nc4
2192.972,hit,false,0.000,0,398.997,244,GEOS_0.5x0.625/MERRA2/2019/07/MERRA2.20190701.A3cld.05x0625.nc4
2193.005,hit,false,0.000,0,399.030,244,GEOS_0.5x0.625/MERRA2/2019/07/MERRA2.20190701.A3cld.05x0625.nc4
2193.031,hit,false,0.000,0,399.056,244,GEOS_0.5x0.625/MERRA2/2019/07/MERRA2.20190701.A3cld.05x0625.nc4
2193.061,hit,false,0.000,0,399.086,244,GEOS_0.5x0.625/MERRA2/2019/07/MERRA2.20190701.A3cld.05x0625.nc4
2193.086,hit,false,0.000,0,399.111,244,GEOS_0.5x0.625/MERRA2/2019/07/MERRA2.20190701.A3cld.05x0625.nc4
2193.118,hit,false,0.000,0,399.141,245,GEOS_0.5x0.625/MERRA2/2019/07/MERRA2.20190701.A3cld.05x0625.nc4
2193.147,hit,false,0.000,0,399.170,245,GEOS_0.5x0.625/MERRA2/2019/07/MERRA2.20190701.A3cld.05x0625.nc4
2193.177,hit,false,0.000,0,399.200,245,GEOS_0.5x0.625/MERRA2/2019/07/MERRA2.20190701.A3cld.05x0625.nc4
2193.203,hit,false,0.000,0,399.226,245,GEOS_0.5x0.625/MERRA2/2019/07/MERRA2.20190701.A3cld.05x0625.nc4
2193.234,hit,false,0.000,0,399.256,245,GEOS_0.5x0.625/MERRA2/2019/07/MERRA2.20190701.A3cld.05x0625.nc4
2193.259,hit,false,0.000,0,399.282,245,GEOS_0.5x0.625/MERRA2/2019/07/MERRA2.20190701.A3cld.05x0625.nc4
2193.288,hit,false,0.000,0,399.311,245,GEOS_0.5x0.625/MERRA2/2019/07/MERRA2.20190701.A3cld.05x0625.nc4
2193.315,hit,false,0.000,0,399.338,245,GEOS_0.5x0.625/MERRA2/2019/07/MERRA2.20190701.A3cld.05x0625.nc4
2193.344,hit,false,0.000,0,399.365,246,GEOS_0.5x0.625/MERRA2/2019/07/MERRA2.20190701.A3cld.05x0625.nc4
2193.374,hit,false,0.000,0,399.394,246,GEOS_0.5x0.625/MERRA2/2019/07/MERRA2.20190701.A3cld.05x0625.nc4
2193.405,hit,false,0.000,0,399.426,246,GEOS_0.5x0.625/MERRA2/2019/07/MERRA2.20190701.A3cld.05x0625.nc4
2193.428,hit,false,0.000,0,399.448,246,GEOS_0.5x0.625/MERRA2/2019/07/MERRA2.20190701.A3cld.05x0625.nc4
2193.467,hit,false,0.000,0,399.487,246,GEOS_0.5x0.625/MERRA2/2019/07/MERRA2.20190701.A3cld.05x0625.nc4
2193.489,hit,false,0.000,0,399.509,246,GEOS_0.5x0.625/MERRA2/2019/07/MERRA2.20190701.A3cld.05x0625.nc4
2193.527,hit,false,0.000,0,399.547,246,GEOS_0.5x0.625/MERRA2/2019/07/MERRA2.20190701.A3cld.05x0625.nc4
2193.548,hit,false,0.000,0,399.569,246,GEOS_0.5x0.625/MERRA2/2019/07/MERRA2.20190701.A3cld.05x0625.nc4
2193.586,hit,false,0.000,0,399.605,247,GEOS_0.5x0.625/MERRA2/2019/07/MERRA2.20190701.A3cld.05x0625.nc4
2193.611,hit,false,0.000,0,399.630,247,GEOS_0.5x0.625/MERRA2/2019/07/MERRA2.20190701.A3cld.05x0625.nc4
2193.640,hit,false,0.000,0,399.660,247,GEOS_0.5x0.625/MERRA2/2019/07/MERRA2.20190701.A3cld.05x0625.nc4
2193.666,hit,false,0.000,0,399.685,247,GEOS_0.5x0.625/MERRA2/2019/07/MERRA2.20190701.A3cld.05x0625.nc4
2193.697,hit,false,0.000,0,399.716,247,GEOS_0.5x0.625/MERRA2/2019/07/MERRA2.20190701.A3cld.05x0625.nc4
2193.719,hit,false,0.000,0,399.738,247,GEOS_0.5x0.625/MERRA2/2019/07/MERRA2.20190701.A3cld.05x0625.nc4
2193.751,hit,false,0.000,0,399.770,247,GEOS_0.5x0.625/MERRA2/2019/07/MERRA2.20190701.A3cld.05x0625.nc4
2193.776,hit,false,0.000,0,399.795,247,GEOS_0.5x0.625/MERRA2/2019/07/MERRA2.20190701.A3cld.05x0625.nc4
2193.808,hit,false,0.000,0,400.399,248,GEOS_0.5x0.625/MERRA2/2019/07/MERRA2.20190701.A3cld.05x0625.nc4
2193.833,hit,false,0.000,0,400.425,248,GEOS_0.5x0.625/MERRA2/2019/07/MERRA2.20190701.A3cld.05x0625.nc4
2193.879,hit,false,0.000,0,400.470,248,GEOS_0.5x0.625/MERRA2/2019/07/MERRA2.20190701.A3cld.05x0625.nc4
2193.900,hit,false,0.000,0,400.491,248,GEOS_0.5x0.625/MERRA2/2019/07/MERRA2.20190701.A3cld.05x0625.nc4
2194.009,hit,false,0.000,0,400.600,248,GEOS_0.5x0.625/MERRA2/2019/07/MERRA2.20190701.A3cld.05x0625.nc4
2194.032,hit,false,0.000,0,400.623,248,GEOS_0.5x0.625/MERRA2/2019/07/MERRA2.20190701.A3cld.05x0625.nc4
2194.063,hit,false,0.000,0,400.654,248,GEOS_0.5x0.625/MERRA2/2019/07/MERRA2.20190701.A3cld.05x0625.nc4
2194.088,hit,false,0.000,0,400.680,248,GEOS_0.5x0.625/MERRA2/2019/07/MERRA2.20190701.A3cld.05x0625.nc4
2194.123,hit,false,0.000,0,400.710,249,GEOS_0.5x0.625/MERRA2/2019/07/MERRA2.20190701.A3cld.05x0625.nc4
2194.151,hit,false,0.000,0,400.738,249,GEOS_0.5x0.625/MERRA2/2019/07/MERRA2.20190701.A3cld.05x0625.nc4
2194.188,hit,false,0.000,0,400.775,249,GEOS_0.5x0.625/MERRA2/2019/07/MERRA2.20190701.A3cld.05x0625.nc4
2194.210,hit,false,0.000,0,400.797,249,GEOS_0.5x0.625/MERRA2/2019/07/MERRA2.20190701.A3cld.05x0625.nc4
2194.244,hit,false,0.000,0,400.831,249,GEOS_0.5x0.625/MERRA2/2019/07/MERRA2.20190701.A3cld.05x0625.nc4
2194.269,hit,false,0.000,0,400.856,249,GEOS_0.5x0.625/MERRA2/2019/07/MERRA2.20190701.A3cld.05x0625.nc4
2194.302,hit,false,0.000,0,400.889,249,GEOS_0.5x0.625/MERRA2/2019/07/MERRA2.20190701.A3cld.05x0625.nc4
2194.325,hit,false,0.000,0,400.912,249,GEOS_0.5x0.625/MERRA2/2019/07/MERRA2.20190701.A3cld.05x0625.nc4
2194.363,hit,false,0.000,0,400.947,250,GEOS_0.5x0.625/MERRA2/2019/07/MERRA2.20190701.A3cld.05x0625.nc4
2194.387,hit,false,0.000,0,400.971,250,GEOS_0.5x0.625/MERRA2/2019/07/MERRA2.20190701.A3cld.05x0625.nc4
2194.423,hit,false,0.000,0,401.008,250,GEOS_0.5x0.625/MERRA2/2019/07/MERRA2.20190701.A3cld.05x0625.nc4
2194.445,hit,false,0.000,0,401.029,250,GEOS_0.5x0.625/MERRA2/2019/07/MERRA2.20190701.A3cld.05x0625.nc4
2194.485,hit,false,0.000,0,401.069,250,GEOS_0.5x0.625/MERRA2/2019/07/MERRA2.20190701.A3cld.05x0625.nc4
2194.506,hit,false,0.000,0,401.091,250,GEOS_0.5x0.625/MERRA2/2019/07/MERRA2.20190701.A3cld.05x0625.nc4
2194.539,hit,false,0.000,0,401.123,250,GEOS_0.5x0.625/MERRA2/2019/07/MERRA2.20190701.A3cld.05x0625.nc4
2194.563,hit,false,0.000,0,401.147,250,GEOS_0.5x0.625/MERRA2/2019/07/MERRA2.20190701.A3cld.05x0625.nc4
2194.594,hit,false,0.000,0,401.174,251,GEOS_0.5x0.625/MERRA2/2019/07/MERRA2.20190701.A3cld.05x0625.nc4
2194.628,hit,false,0.000,0,401.208,251,GEOS_0.5x0.625/MERRA2/2019/07/MERRA2.20190701.A3cld.05x0625.nc4
2194.666,hit,false,0.000,0,401.245,251,GEOS_0.5x0.625/MERRA2/2019/07/MERRA2.20190701.A3cld.05x0625.nc4
2194.797,hit,false,0.000,0,401.377,251,GEOS_0.5x0.625/MERRA2/2019/07/MERRA2.20190701.A3cld.05x0625.nc4
2194.865,hit,false,0.000,0,401.445,251,GEOS_0.5x0.625/MERRA2/2019/07/MERRA2.20190701.A3cld.05x0625.nc4
2194.887,hit,false,0.000,0,401.467,251,GEOS_0.5x0.625/MERRA2/2019/07/MERRA2.20190701.A3cld.05x0625.nc4
2194.927,hit,false,0.000,0,401.507,251,GEOS_0.5x0.625/MERRA2/2019/07/MERRA2.20190701.A3cld.05x0625.nc4
2194.950,hit,false,0.000,0,401.530,251,GEOS_0.5x0.625/MERRA2/2019/07/MERRA2.20190701.A3cld.05x0625.nc4
2194.989,hit,false,0.000,0,401.566,252,GEOS_0.5x0.625/MERRA2/2019/07/MERRA2.20190701.A3cld.05x0625.nc4
2195.014,hit,false,0.000,0,401.591,252,GEOS_0.5x0.625/MERRA2/2019/07/MERRA2.20190701.A3cld.05x0625.nc4
2195.047,hit,false,0.000,0,401.624,252,GEOS_0.5x0.625/MERRA2/2019/07/MERRA2.20190701.A3cld.05x0625.nc4
2195.073,hit,false,0.000,0,401.650,252,GEOS_0.5x0.625/MERRA2/2019/07/MERRA2.20190701.A3cld.05x0625.nc4
2195.106,hit,false,0.000,0,401.683,252,GEOS_0.5x0.625/MERRA2/2019/07/MERRA2.20190701.A3cld.05x0625.nc4
2195.128,hit,false,0.000,0,401.705,252,GEOS_0.5x0.625/MERRA2/2019/07/MERRA2.20190701.A3cld.05x0625.nc4
2195.166,hit,false,0.000,0,401.744,252,GEOS_0.5x0.625/MERRA2/2019/07/MERRA2.20190701.A3cld.05x0625.nc4
2195.190,hit,false,0.000,0,401.768,252,GEOS_0.5x0.625/MERRA2/2019/07/MERRA2.20190701.A3cld.05x0625.nc4
2195.221,hit,false,0.000,0,401.796,253,GEOS_0.5x0.625/MERRA2/2019/07/MERRA2.20190701.A3cld.05x0625.nc4
2195.248,hit,false,0.000,0,401.824,253,GEOS_0.5x0.625/MERRA2/2019/07/MERRA2.20190701.A3cld.05x0625.nc4
2195.279,hit,false,0.000,0,401.854,253,GEOS_0.5x0.625/MERRA2/2019/07/MERRA2.20190701.A3cld.05x0625.nc4
2195.307,hit,false,0.000,0,401.882,253,GEOS_0.5x0.625/MERRA2/2019/07/MERRA2.20190701.A3cld.05x0625.nc4
2195.337,hit,false,0.000,0,401.912,253,GEOS_0.5x0.625/MERRA2/2019/07/MERRA2.20190701.A3cld.05x0625.nc4
2195.364,hit,false,0.000,0,401.940,253,GEOS_0.5x0.625/MERRA2/2019/07/MERRA2.20190701.A3cld.05x0625.nc4
2195.394,hit,false,0.000,0,401.969,253,GEOS_0.5x0.625/MERRA2/2019/07/MERRA2.20190701.A3cld.05x0625.nc4
2195.417,hit,false,0.000,0,401.992,253,GEOS_0.5x0.625/MERRA2/2019/07/MERRA2.20190701.A3cld.05x0625.nc4
2195.453,hit,false,0.000,0,402.026,254,GEOS_0.5x0.625/MERRA2/2019/07/MERRA2.20190701.A3cld.05x0625.nc4
2195.477,hit,false,0.000,0,402.050,254,GEOS_0.5x0.625/MERRA2/2019/07/MERRA2.20190701.A3cld.05x0625.nc4
2195.513,hit,false,0.000,0,402.086,254,GEOS_0.5x0.625/MERRA2/2019/07/MERRA2.20190701.A3cld.05x0625.nc4
2195.535,hit,false,0.000,0,402.108,254,GEOS_0.5x0.625/MERRA2/2019/07/MERRA2.20190701.A3cld.05x0625.nc4
2195.566,hit,false,0.000,0,402.140,254,GEOS_0.5x0.625/MERRA2/2019/07/MERRA2.20190701.A3cld.05x0625.nc4
2195.590,hit,false,0.000,0,402.164,254,GEOS_0.5x0.625/MERRA2/2019/07/MERRA2.20190701.A3cld.05x0625.nc4
2195.626,hit,false,0.000,0,402.199,254,GEOS_0.5x0.625/MERRA2/2019/07/MERRA2.20190701.A3cld.05x0625.nc4
2195.648,hit,false,0.000,0,402.221,254,GEOS_0.5x0.625/MERRA2/2019/07/MERRA2.20190701.A3cld.05x0625.nc4
2195.678,hit,false,0.000,0,402.249,255,GEOS_0.5x0.625/MERRA2/2019/07/MERRA2.20190701.A3cld.05x0625.nc4
2195.706,hit,false,0.000,0,402.277,255,GEOS_0.5x0.625/MERRA2/2019/07/MERRA2.20190701.A3cld.05x0625.nc4
2195.735,hit,false,0.000,0,402.306,255,GEOS_0.5x0.625/MERRA2/2019/07/MERRA2.20190701.A3cld.05x0625.nc4
2195.761,hit,false,0.000,0,402.332,255,GEOS_0.5x0.625/MERRA2/2019/07/MERRA2.20190701.A3cld.05x0625.nc4
2195.795,hit,false,0.000,0,402.366,255,GEOS_0.5x0.625/MERRA2/2019/07/MERRA2.20190701.A3cld.05x0625.nc4
2195.817,hit,false,0.000,0,402.389,255,GEOS_0.5x0.625/MERRA2/2019/07/MERRA2.20190701.A3cld.05x0625.nc4
2195.854,hit,false,0.000,0,402.425,255,GEOS_0.5x0.625/MERRA2/2019/07/MERRA2.20190701.A3cld.05x0625.nc4
2195.876,hit,false,0.000,0,402.448,255,GEOS_0.5x0.625/MERRA2/2019/07/MERRA2.20190701.A3cld.05x0625.nc4
2195.909,hit,false,0.000,0,402.367,256,GEOS_0.5x0.625/MERRA2/2019/07/MERRA2.20190701.A3cld.05x0625.nc4
2195.934,hit,false,0.000,0,402.392,256,GEOS_0.5x0.625/MERRA2/2019/07/MERRA2.20190701.A3cld.05x0625.nc4
2195.984,hit,false,0.000,0,402.441,256,GEOS_0.5x0.625/MERRA2/2019/07/MERRA2.20190701.A3cld.05x0625.nc4
2196.073,hit,false,0.000,0,402.531,256,GEOS_0.5x0.625/MERRA2/2019/07/MERRA2.20190701.A3cld.05x0625.nc4
2196.098,hit,false,0.000,0,402.556,256,GEOS_0.5x0.625/MERRA2/2019/07/MERRA2.20190701.A3cld.05x0625.nc4
2196.131,hit,false,0.000,0,402.589,256,GEOS_0.5x0.625/MERRA2/2019/07/MERRA2.20190701.A3cld.05x0625.nc4
2196.157,hit,false,0.000,0,402.614,256,GEOS_0.5x0.625/MERRA2/2019/07/MERRA2.20190701.A3cld.05x0625.nc4
2196.188,hit,false,0.000,0,402.645,256,GEOS_0.5x0.625/MERRA2/2019/07/MERRA2.20190701.A3cld.05x0625.nc4
2196.213,hit,false,0.000,0,402.667,257,GEOS_0.5x0.625/MERRA2/2019/07/MERRA2.20190701.A3cld.05x0625.nc4
2196.247,hit,false,0.000,0,402.701,257,GEOS_0.5x0.625/MERRA2/2019/07/MERRA2.20190701.A3cld.05x0625.nc4
2196.276,hit,false,0.000,0,402.730,257,GEOS_0.5x0.625/MERRA2/2019/07/MERRA2.20190701.A3cld.05x0625.nc4
2196.307,hit,false,0.000,0,402.761,257,GEOS_0.5x0.625/MERRA2/2019/07/MERRA2.20190701.A3cld.05x0625.nc4
2196.330,hit,false,0.000,0,402.784,257,GEOS_0.5x0.625/MERRA2/2019/07/MERRA2.20190701.A3cld.05x0625.nc4
2196.368,hit,false,0.000,0,402.822,257,GEOS_0.5x0.625/MERRA2/2019/07/MERRA2.20190701.A3cld.05x0625.nc4
2196.393,hit,false,0.000,0,402.847,257,GEOS_0.5x0.625/MERRA2/2019/07/MERRA2.20190701.A3cld.05x0625.nc4
2196.430,hit,false,0.000,0,402.884,257,GEOS_0.5x0.625/MERRA2/2019/07/MERRA2.20190701.A3cld.05x0625.nc4
2196.452,hit,false,0.000,0,402.904,258,GEOS_0.5x0.625/MERRA2/2019/07/MERRA2.20190701.A3cld.05x0625.nc4
2196.499,hit,false,0.000,0,402.951,258,GEOS_0.5x0.625/MERRA2/2019/07/MERRA2.20190701.A3cld.05x0625.nc4
2196.524,hit,false,0.000,0,402.976,258,GEOS_0.5x0.625/MERRA2/2019/07/MERRA2.20190701.A3cld.05x0625.nc4
2196.553,hit,false,0.000,0,403.005,258,GEOS_0.5x0.625/MERRA2/2019/07/MERRA2.20190701.A3cld.05x0625.nc4
2196.579,hit,false,0.000,0,403.031,258,GEOS_0.5x0.625/MERRA2/2019/07/MERRA2.20190701.A3cld.05x0625.nc4
2196.610,hit,false,0.000,0,403.062,258,GEOS_0.5x0.625/MERRA2/2019/07/MERRA2.20190701.A3cld.05x0625.nc4
2196.637,hit,false,0.000,0,403.089,258,GEOS_0.5x0.625/MERRA2/2019/07/MERRA2.20190701.A3cld.05x0625.nc4
2196.667,hit,false,0.000,0,403.119,258,GEOS_0.5x0.625/MERRA2/2019/07/MERRA2.20190701.A3cld.05x0625.nc4
2196.696,hit,false,0.000,0,403.146,259,GEOS_0.5x0.625/MERRA2/2019/07/MERRA2.20190701.A3cld.05x0625.nc4
2196.728,hit,false,0.000,0,403.178,259,GEOS_0.5x0.625/MERRA2/2019/07/MERRA2.20190701.A3cld.05x0625.nc4
2196.757,hit,false,0.000,0,403.207,259,GEOS_0.5x0.625/MERRA2/2019/07/MERRA2.20190701.A3cld.05x0625.nc4
2196.787,hit,false,0.000,0,403.237,259,GEOS_0.5x0.625/MERRA2/2019/07/MERRA2.20190701.A3cld.05x0625.nc4
2196.815,hit,false,0.000,0,403.265,259,GEOS_0.5x0.625/MERRA2/2019/07/MERRA2.20190701.A3cld.05x0625.nc4
2196.844,hit,false,0.000,0,403.294,259,GEOS_0.5x0.625/MERRA2/2019/07/MERRA2.20190701.A3cld.05x0625.nc4
2196.869,hit,false,0.000,0,403.319,259,GEOS_0.5x0.625/MERRA2/2019/07/MERRA2.20190701.A3cld.05x0625.nc4
2196.907,hit,false,0.000,0,403.357,259,GEOS_0.5x0.625/MERRA2/2019/07/MERRA2.20190701.A3cld.05x0625.nc4
2196.929,hit,false,0.000,0,403.377,260,GEOS_0.5x0.625/MERRA2/2019/07/MERRA2.20190701.A3cld.05x0625.nc4
2196.965,hit,false,0.000,0,403.414,260,GEOS_0.5x0.625/MERRA2/2019/07/MERRA2.20190701.A3cld.05x0625.nc4
2196.988,hit,false,0.000,0,403.436,260,GEOS_0.5x0.625/MERRA2/2019/07/MERRA2.20190701.A3cld.05x0625.nc4
2197.025,hit,false,0.000,0,403.473,260,GEOS_0.5x0.625/MERRA2/2019/07/MERRA2.20190701.A3cld.05x0625.nc4
2197.047,hit,false,0.000,0,403.496,260,GEOS_0.5x0.625/MERRA2/2019/07/MERRA2.20190701.A3cld.05x0625.nc4
2197.086,hit,false,0.000,0,403.535,260,GEOS_0.5x0.625/MERRA2/2019/07/MERRA2.20190701.A3cld.05x0625.nc4
2197.109,hit,false,0.000,0,403.557,260,GEOS_0.5x0.625/MERRA2/2019/07/MERRA2.20190701.A3cld.05x0625.nc4
2197.141,hit,false,0.000,0,403.589,260,GEOS_0.5x0.625/MERRA2/2019/07/MERRA2.20190701.A3cld.05x0625.nc4
2197.165,hit,false,0.000,0,403.611,261,GEOS_0.5x0.625/MERRA2/2019/07/MERRA2.20190701.A3cld.05x0625.nc4
2197.197,hit,false,0.000,0,403.643,261,GEOS_0.5x0.625/MERRA2/2019/07/MERRA2.20190701.A3cld.05x0625.nc4
2197.222,hit,false,0.000,0,403.668,261,GEOS_0.5x0.625/MERRA2/2019/07/MERRA2.20190701.A3cld.05x0625.nc4
2197.252,hit,false,0.000,0,403.698,261,GEOS_0.5x0.625/MERRA2/2019/07/MERRA2.20190701.A3cld.05x0625.nc4
2197.279,hit,false,0.000,0,403.725,261,GEOS_0.5x0.625/MERRA2/2019/07/MERRA2.20190701.A3cld.05x0625.nc4
2197.308,hit,false,0.000,0,403.754,261,GEOS_0.5x0.625/MERRA2/2019/07/MERRA2.20190701.A3cld.05x0625.nc4
2197.338,hit,false,0.000,0,403.784,261,GEOS_0.5x0.625/MERRA2/2019/07/MERRA2.20190701.A3cld.05x0625.nc4
2197.360,hit,false,0.000,0,403.806,261,GEOS_0.5x0.625/MERRA2/2019/07/MERRA2.20190701.A3cld.05x0625.nc4
2197.392,hit,false,0.000,0,403.836,262,GEOS_0.5x0.625/MERRA2/2019/07/MERRA2.20190701.A3cld.05x0625.nc4
2197.418,hit,false,0.000,0,403.862,262,GEOS_0.5x0.625/MERRA2/2019/07/MERRA2.20190701.A3cld.05x0625.nc4
2197.449,hit,false,0.000,0,403.893,262,GEOS_0.5x0.625/MERRA2/2019/07/MERRA2.20190701.A3cld.05x0625.nc4
2197.473,hit,false,0.000,0,403.917,262,GEOS_0.5x0.625/MERRA2/2019/07/MERRA2.20190701.A3cld.05x0625.nc4
2197.502,hit,false,0.000,0,403.946,262,GEOS_0.5x0.625/MERRA2/2019/07/MERRA2.20190701.A3cld.05x0625.nc4
2197.525,hit,false,0.000,0,403.969,262,GEOS_0.5x0.625/MERRA2/2019/07/MERRA2.20190701.A3cld.05x0625.nc4
2197.556,hit,false,0.000,0,404.000,262,GEOS_0.5x0.625/MERRA2/2019/07/MERRA2.20190701.A3cld.05x0625.nc4
2197.582,hit,false,0.000,0,404.025,262,GEOS_0.5x0.625/MERRA2/2019/07/MERRA2.20190701.A3cld.05x0625.nc4
2197.605,hit,false,0.000,0,404.046,263,GEOS_0.5x0.625/MERRA2/2019/07/MERRA2.20190701.A3cld.05x0625.nc4
2197.638,hit,false,0.000,0,404.079,263,GEOS_0.5x0.625/MERRA2/2019/07/MERRA2.20190701.A3cld.05x0625.nc4
2197.664,hit,false,0.000,0,404.106,263,GEOS_0.5x0.625/MERRA2/2019/07/MERRA2.20190701.A3cld.05x0625.nc4
2197.693,hit,false,0.000,0,404.134,263,GEOS_0.5x0.625/MERRA2/2019/07/MERRA2.20190701.A3cld.05x0625.nc4
2197.716,hit,false,0.000,0,404.157,263,GEOS_0.5x0.625/MERRA2/2019/07/MERRA2.20190701.A3cld.05x0625.nc4
2197.752,hit,false,0.000,0,404.193,263,GEOS_0.5x0.625/MERRA2/2019/07/MERRA2.20190701.A3cld.05x0625.nc4
2197.774,hit,false,0.000,0,404.216,263,GEOS_0.5x0.625/MERRA2/2019/07/MERRA2.20190701.A3cld.05x0625.nc4
2197.806,hit,false,0.000,0,404.247,263,GEOS_0.5x0.625/MERRA2/2019/07/MERRA2.20190701.A3cld.05x0625.nc4
2197.832,hit,false,0.000,0,404.125,264,GEOS_0.5x0.625/MERRA2/2019/07/MERRA2.20190701.A3cld.05x0625.nc4
2197.865,hit,false,0.000,0,404.158,264,GEOS_0.5x0.625/MERRA2/2019/07/MERRA2.20190701.A3cld.05x0625.nc4
2197.975,hit,false,0.000,0,404.269,264,GEOS_0.5x0.625/MERRA2/2019/07/MERRA2.20190701.A3cld.05x0625.nc4
2197.999,hit,false,0.000,0,404.292,264,GEOS_0.5x0.625/MERRA2/2019/07/MERRA2.20190701.A3cld.05x0625.nc4
2198.039,hit,false,0.000,0,404.333,264,GEOS_0.5x0.625/MERRA2/2019/07/MERRA2.20190701.A3cld.05x0625.nc4
2198.062,hit,false,0.000,0,404.355,264,GEOS_0.5x0.625/MERRA2/2019/07/MERRA2.20190701.A3cld.05x0625.nc4
2198.095,hit,false,0.000,0,404.388,264,GEOS_0.5x0.625/MERRA2/2019/07/MERRA2.20190701.A3cld.05x0625.nc4
2198.119,hit,false,0.000,0,404.412,264,GEOS_0.5x0.625/MERRA2/2019/07/MERRA2.20190701.A3cld.05x0625.nc4
2198.149,hit,false,0.000,0,404.439,265,GEOS_0.5x0.625/MERRA2/2019/07/MERRA2.20190701.A3cld.05x0625.nc4
2198.173,hit,false,0.000,0,404.464,265,GEOS_0.5x0.625/MERRA2/2019/07/MERRA2.20190701.A3cld.05x0625.nc4
2198.205,hit,false,0.000,0,404.495,265,GEOS_0.5x0.625/MERRA2/2019/07/MERRA2.20190701.A3cld.05x0625.nc4
2198.229,hit,false,0.000,0,404.519,265,GEOS_0.5x0.625/MERRA2/2019/07/MERRA2.20190701.A3cld.05x0625.nc4
2198.261,hit,false,0.000,0,404.552,265,GEOS_0.5x0.625/MERRA2/2019/07/MERRA2.20190701.A3cld.05x0625.nc4
2198.284,hit,false,0.000,0,404.574,265,GEOS_0.5x0.625/MERRA2/2019/07/MERRA2.20190701.A3cld.05x0625.nc4
2198.322,hit,false,0.000,0,404.612,265,GEOS_0.5x0.625/MERRA2/2019/07/MERRA2.20190701.A3cld.05x0625.nc4
2198.344,hit,false,0.000,0,404.634,265,GEOS_0.5x0.625/MERRA2/2019/07/MERRA2.20190701.A3cld.05x0625.nc4
2198.377,hit,false,0.000,0,404.665,266,GEOS_0.5x0.625/MERRA2/2019/07/MERRA2.20190701.A3cld.05x0625.nc4
2198.405,hit,false,0.000,0,404.693,266,GEOS_0.5x0.625/MERRA2/2019/07/MERRA2.20190701.A3cld.05x0625.nc4
2198.441,hit,false,0.000,0,404.729,266,GEOS_0.5x0.625/MERRA2/2019/07/MERRA2.20190701.A3cld.05x0625.nc4
2198.463,hit,false,0.000,0,404.751,266,GEOS_0.5x0.625/MERRA2/2019/07/MERRA2.20190701.A3cld.05x0625.nc4
2198.497,hit,false,0.000,0,404.785,266,GEOS_0.5x0.625/MERRA2/2019/07/MERRA2.20190701.A3cld.05x0625.nc4
2198.522,hit,false,0.000,0,404.810,266,GEOS_0.5x0.625/MERRA2/2019/07/MERRA2.20190701.A3cld.05x0625.nc4
2198.556,hit,false,0.000,0,404.844,266,GEOS_0.5x0.625/MERRA2/2019/07/MERRA2.20190701.A3cld.05x0625.nc4
2198.581,hit,false,0.000,0,404.869,266,GEOS_0.5x0.625/MERRA2/2019/07/MERRA2.20190701.A3cld.05x0625.nc4
2198.623,hit,false,0.000,0,404.909,267,GEOS_0.5x0.625/MERRA2/2019/07/MERRA2.20190701.A3cld.05x0625.nc4
2198.652,hit,false,0.000,0,404.938,267,GEOS_0.5x0.625/MERRA2/2019/07/MERRA2.20190701.A3cld.05x0625.nc4
2198.686,hit,false,0.000,0,404.972,267,GEOS_0.5x0.625/MERRA2/2019/07/MERRA2.20190701.A3cld.05x0625.nc4
2198.711,hit,false,0.000,0,404.997,267,GEOS_0.5x0.625/MERRA2/2019/07/MERRA2.20190701.A3cld.05x0625.nc4
2198.741,hit,false,0.000,0,405.027,267,GEOS_0.5x0.625/MERRA2/2019/07/MERRA2.20190701.A3cld.05x0625.nc4
2198.771,hit,false,0.000,0,405.057,267,GEOS_0.5x0.625/MERRA2/2019/07/MERRA2.20190701.A3cld.05x0625.nc4
2198.803,hit,false,0.000,0,405.089,267,GEOS_0.5x0.625/MERRA2/2019/07/MERRA2.20190701.A3cld.05x0625.nc4
2198.833,hit,false,0.000,0,405.119,267,GEOS_0.5x0.625/MERRA2/2019/07/MERRA2.20190701.A3cld.05x0625.nc4
2198.862,hit,false,0.000,0,405.146,268,GEOS_0.5x0.625/MERRA2/2019/07/MERRA2.20190701.A3cld.05x0625.nc4
2198.897,hit,false,0.000,0,405.181,268,GEOS_0.5x0.625/MERRA2/2019/07/MERRA2.20190701.A3cld.05x0625.nc4
2198.925,hit,false,0.000,0,405.209,268,GEOS_0.5x0.625/MERRA2/2019/07/MERRA2.20190701.A3cld.05x0625.nc4
2198.959,hit,false,0.000,0,405.243,268,GEOS_0.5x0.625/MERRA2/2019/07/MERRA2.20190701.A3cld.05x0625.nc4
2198.986,hit,false,0.000,0,405.270,268,GEOS_0.5x0.625/MERRA2/2019/07/MERRA2.20190701.A3cld.05x0625.nc4
2199.018,hit,false,0.000,0,405.302,268,GEOS_0.5x0.625/MERRA2/2019/07/MERRA2.20190701.A3cld.05x0625.nc4
2199.041,hit,false,0.000,0,405.325,268,GEOS_0.5x0.625/MERRA2/2019/07/MERRA2.20190701.A3cld.05x0625.nc4
2199.075,hit,false,0.000,0,405.359,268,GEOS_0.5x0.625/MERRA2/2019/07/MERRA2.20190701.A3cld.05x0625.nc4
2199.100,hit,false,0.000,0,405.383,269,GEOS_0.5x0.625/MERRA2/2019/07/MERRA2.20190701.A3cld.05x0625.nc4
2199.135,hit,false,0.000,0,405.418,269,GEOS_0.5x0.625/MERRA2/2019/07/MERRA2.20190701.A3cld.05x0625.nc4
2199.160,hit,false,0.000,0,405.443,269,GEOS_0.5x0.625/MERRA2/2019/07/MERRA2.20190701.A3cld.05x0625.nc4
2199.192,hit,false,0.000,0,405.475,269,GEOS_0.5x0.625/MERRA2/2019/07/MERRA2.20190701.A3cld.05x0625.nc4
2199.221,hit,false,0.000,0,405.503,269,GEOS_0.5x0.625/MERRA2/2019/07/MERRA2.20190701.A3cld.05x0625.nc4
2199.251,hit,false,0.000,0,405.534,269,GEOS_0.5x0.625/MERRA2/2019/07/MERRA2.20190701.A3cld.05x0625.nc4
2199.279,hit,false,0.000,0,405.562,269,GEOS_0.5x0.625/MERRA2/2019/07/MERRA2.20190701.A3cld.05x0625.nc4
2199.311,hit,false,0.000,0,405.593,269,GEOS_0.5x0.625/MERRA2/2019/07/MERRA2.20190701.A3cld.05x0625.nc4
2199.339,hit,false,0.000,0,405.618,270,GEOS_0.5x0.625/MERRA2/2019/07/MERRA2.20190701.A3cld.05x0625.nc4
2199.370,hit,false,0.000,0,405.650,270,GEOS_0.5x0.625/MERRA2/2019/07/MERRA2.20190701.A3cld.05x0625.nc4
2199.401,hit,false,0.000,0,405.680,270,GEOS_0.5x0.625/MERRA2/2019/07/MERRA2.20190701.A3cld.05x0625.nc4
2199.428,hit,false,0.000,0,405.707,270,GEOS_0.5x0.625/MERRA2/2019/07/MERRA2.20190701.A3cld.05x0625.nc4
2199.461,hit,false,0.000,0,405.740,270,GEOS_0.5x0.625/MERRA2/2019/07/MERRA2.20190701.A3cld.05x0625.nc4
2199.492,hit,false,0.000,0,405.771,270,GEOS_0.5x0.625/MERRA2/2019/07/MERRA2.20190701.A3cld.05x0625.nc4
2199.515,hit,false,0.000,0,405.794,270,GEOS_0.5x0.625/MERRA2/2019/07/MERRA2.20190701.A3cld.05x0625.nc4
2199.548,hit,false,0.000,0,405.828,270,GEOS_0.5x0.625/MERRA2/2019/07/MERRA2.20190701.A3cld.05x0625.nc4
2199.572,hit,false,0.000,0,405.850,271,GEOS_0.5x0.625/MERRA2/2019/07/MERRA2.20190701.A3cld.05x0625.nc4
2199.606,hit,false,0.000,0,405.884,271,GEOS_0.5x0.625/MERRA2/2019/07/MERRA2.20190701.A3cld.05x0625.nc4
2199.630,hit,false,0.000,0,405.908,271,GEOS_0.5x0.625/MERRA2/2019/07/MERRA2.20190701.A3cld.05x0625.nc4
2199.665,hit,false,0.000,0,405.943,271,GEOS_0.5x0.625/MERRA2/2019/07/MERRA2.20190701.A3cld.05x0625.nc4
2199.694,hit,false,0.000,0,405.972,271,GEOS_0.5x0.625/MERRA2/2019/07/MERRA2.20190701.A3cld.05x0625.nc4
2199.723,hit,false,0.000,0,406.000,271,GEOS_0.5x0.625/MERRA2/2019/07/MERRA2.20190701.A3cld.05x0625.nc4
2199.753,hit,false,0.000,0,406.030,271,GEOS_0.5x0.625/MERRA2/2019/07/MERRA2.20190701.A3cld.05x0625.nc4
2199.781,hit,false,0.000,0,406.059,271,GEOS_0.5x0.625/MERRA2/2019/07/MERRA2.20190701.A3cld.05x0625.nc4
2199.810,hit,false,0.000,0,406.278,272,GEOS_0.5x0.625/MERRA2/2019/07/MERRA2.20190701.A3cld.05x0625.nc4
2199.912,hit,false,0.000,0,406.380,272,GEOS_0.5x0.625/MERRA2/2019/07/MERRA2.20190701.A3cld.05x0625.nc4
2199.938,hit,false,0.000,0,406.406,272,GEOS_0.5x0.625/MERRA2/2019/07/MERRA2.20190701.A3cld.05x0625.nc4
2199.971,hit,false,0.000,0,406.440,272,GEOS_0.5x0.625/MERRA2/2019/07/MERRA2.20190701.A3cld.05x0625.nc4
2199.996,hit,false,0.000,0,406.465,272,GEOS_0.5x0.625/MERRA2/2019/07/MERRA2.20190701.A3cld.05x0625.nc4
2200.026,hit,false,0.000,0,406.495,272,GEOS_0.5x0.625/MERRA2/2019/07/MERRA2.20190701.A3cld.05x0625.nc4
2200.050,hit,false,0.000,0,406.519,272,GEOS_0.5x0.625/MERRA2/2019/07/MERRA2.20190701.A3cld.05x0625.nc4
2200.081,hit,false,0.000,0,406.549,272,GEOS_0.5x0.625/MERRA2/2019/07/MERRA2.20190701.A3cld.05x0625.nc4
2200.105,hit,false,0.000,0,406.570,273,GEOS_0.5x0.625/MERRA2/2019/07/MERRA2.20190701.A3cld.05x0625.nc4
2200.137,hit,false,0.000,0,406.603,273,GEOS_0.5x0.625/MERRA2/2019/07/MERRA2.20190701.A3cld.05x0625.nc4
2200.165,hit,false,0.000,0,406.631,273,GEOS_0.5x0.625/MERRA2/2019/07/MERRA2.20190701.A3cld.05x0625.nc4
2200.199,hit,false,0.000,0,406.665,273,GEOS_0.5x0.625/MERRA2/2019/07/MERRA2.20190701.A3cld.05x0625.nc4
2200.228,hit,false,0.000,0,406.693,273,GEOS_0.5x0.625/MERRA2/2019/07/MERRA2.20190701.A3cld.05x0625.nc4
2200.258,hit,false,0.000,0,406.724,273,GEOS_0.5x0.625/MERRA2/2019/07/MERRA2.20190701.A3cld.05x0625.nc4
2200.287,hit,false,0.000,0,406.753,273,GEOS_0.5x0.625/MERRA2/2019/07/MERRA2.20190701.A3cld.05x0625.nc4
2200.317,hit,false,0.000,0,406.782,273,GEOS_0.5x0.625/MERRA2/2019/07/MERRA2.20190701.A3cld.05x0625.nc4
2200.346,hit,false,0.000,0,406.810,274,GEOS_0.5x0.625/MERRA2/2019/07/MERRA2.20190701.A3cld.05x0625.nc4
2200.378,hit,false,0.000,0,406.842,274,GEOS_0.5x0.625/MERRA2/2019/07/MERRA2.20190701.A3cld.05x0625.nc4
2200.408,hit,false,0.000,0,406.872,274,GEOS_0.5x0.625/MERRA2/2019/07/MERRA2.20190701.A3cld.05x0625.nc4
2200.439,hit,false,0.000,0,406.902,274,GEOS_0.5x0.625/MERRA2/2019/07/MERRA2.20190701.A3cld.05x0625.nc4
2200.468,hit,false,0.000,0,406.931,274,GEOS_0.5x0.625/MERRA2/2019/07/MERRA2.20190701.A3cld.05x0625.nc4
2200.496,hit,false,0.000,0,406.960,274,GEOS_0.5x0.625/MERRA2/2019/07/MERRA2.20190701.A3cld.05x0625.nc4
2200.529,hit,false,0.000,0,406.993,274,GEOS_0.5x0.625/MERRA2/2019/07/MERRA2.20190701.A3cld.05x0625.nc4
2200.556,hit,false,0.000,0,407.020,274,GEOS_0.5x0.625/MERRA2/2019/07/MERRA2.20190701.A3cld.05x0625.nc4
2200.588,hit,false,0.000,0,406.844,275,GEOS_0.5x0.625/MERRA2/2019/07/MERRA2.20190701.A3cld.05x0625.nc4
2200.613,hit,false,0.000,0,406.869,275,GEOS_0.5x0.625/MERRA2/2019/07/MERRA2.20190701.A3cld.05x0625.nc4
2200.649,hit,false,0.000,0,406.905,275,GEOS_0.5x0.625/MERRA2/2019/07/MERRA2.20190701.A3cld.05x0625.nc4
2200.674,hit,false,0.000,0,406.930,275,GEOS_0.5x0.625/MERRA2/2019/07/MERRA2.20190701.A3cld.05x0625.nc4
2200.707,hit,false,0.000,0,406.963,275,GEOS_0.5x0.625/MERRA2/2019/07/MERRA2.20190701.A3cld.05x0625.nc4
2200.730,hit,false,0.000,0,406.985,275,GEOS_0.5x0.625/MERRA2/2019/07/MERRA2.20190701.A3cld.05x0625.nc4
2200.771,hit,false,0.000,0,407.026,275,GEOS_0.5x0.625/MERRA2/2019/07/MERRA2.20190701.A3cld.05x0625.nc4
2200.793,hit,false,0.000,0,407.048,275,GEOS_0.5x0.625/MERRA2/2019/07/MERRA2.20190701.A3cld.05x0625.nc4
2200.826,hit,false,0.000,0,407.079,276,GEOS_0.5x0.625/MERRA2/2019/07/MERRA2.20190701.A3cld.05x0625.nc4
2200.856,hit,false,0.000,0,407.109,276,GEOS_0.5x0.625/MERRA2/2019/07/MERRA2.20190701.A3cld.05x0625.nc4
2200.887,hit,false,0.000,0,407.140,276,GEOS_0.5x0.625/MERRA2/2019/07/MERRA2.20190701.A3cld.05x0625.nc4
2200.915,hit,false,0.000,0,407.169,276,GEOS_0.5x0.625/MERRA2/2019/07/MERRA2.20190701.A3cld.05x0625.nc4
2200.945,hit,false,0.000,0,407.199,276,GEOS_0.5x0.625/MERRA2/2019/07/MERRA2.20190701.A3cld.05x0625.nc4
2200.976,hit,false,0.000,0,407.230,276,GEOS_0.5x0.625/MERRA2/2019/07/MERRA2.20190701.A3cld.05x0625.nc4
2201.005,hit,false,0.000,0,407.258,276,GEOS_0.5x0.625/MERRA2/2019/07/MERRA2.20190701.A3cld.05x0625.nc4
2201.043,hit,false,0.000,0,407.296,276,GEOS_0.5x0.625/MERRA2/2019/07/MERRA2.20190701.A3cld.05x0625.nc4
2201.064,hit,false,0.000,0,407.315,277,GEOS_0.5x0.625/MERRA2/2019/07/MERRA2.20190701.A3cld.05x0625.nc4
2201.103,hit,false,0.000,0,407.354,277,GEOS_0.5x0.625/MERRA2/2019/07/MERRA2.20190701.A3cld.05x0625.nc4
2201.129,hit,false,0.000,0,407.380,277,GEOS_0.5x0.625/MERRA2/2019/07/MERRA2.20190701.A3cld.05x0625.nc4
2201.162,hit,false,0.000,0,407.413,277,GEOS_0.5x0.625/MERRA2/2019/07/MERRA2.20190701.A3cld.05x0625.nc4
2201.190,hit,false,0.000,0,407.441,277,GEOS_0.5x0.625/MERRA2/2019/07/MERRA2.20190701.A3cld.05x0625.nc4
2201.219,hit,false,0.000,0,407.470,277,GEOS_0.5x0.625/MERRA2/2019/07/MERRA2.20190701.A3cld.05x0625.nc4
2201.249,hit,false,0.000,0,407.501,277,GEOS_0.5x0.625/MERRA2/2019/07/MERRA2.20190701.A3cld.05x0625.nc4
2201.278,hit,false,0.000,0,407.529,277,GEOS_0.5x0.625/MERRA2/2019/07/MERRA2.20190701.A3cld.05x0625.nc4
2201.309,hit,false,0.000,0,407.559,278,GEOS_0.5x0.625/MERRA2/2019/07/MERRA2.20190701.A3cld.05x0625.nc4
2201.334,hit,false,0.000,0,407.584,278,GEOS_0.5x0.625/MERRA2/2019/07/MERRA2.20190701.A3cld.05x0625.nc4
2201.372,hit,false,0.000,0,407.622,278,GEOS_0.5x0.625/MERRA2/2019/07/MERRA2.20190701.A3cld.05x0625.nc4
2201.394,hit,false,0.000,0,407.643,278,GEOS_0.5x0.625/MERRA2/2019/07/MERRA2.20190701.A3cld.05x0625.nc4
2201.427,hit,false,0.000,0,407.677,278,GEOS_0.5x0.625/MERRA2/2019/07/MERRA2.20190701.A3cld.05x0625.nc4
2201.452,hit,false,0.000,0,407.702,278,GEOS_0.5x0.625/MERRA2/2019/07/MERRA2.20190701.A3cld.05x0625.nc4
2201.484,hit,false,0.000,0,407.733,278,GEOS_0.5x0.625/MERRA2/2019/07/MERRA2.20190701.A3cld.05x0625.nc4
2201.509,hit,false,0.000,0,407.759,278,GEOS_0.5x0.625/MERRA2/2019/07/MERRA2.20190701.A3cld.05x0625.nc4
2201.543,hit,false,0.000,0,407.791,279,GEOS_0.5x0.625/MERRA2/2019/07/MERRA2.20190701.A3cld.05x0625.nc4
2201.568,hit,false,0.000,0,407.816,279,GEOS_0.5x0.625/MERRA2/2019/07/MERRA2.20190701.A3cld.05x0625.nc4
2201.601,hit,false,0.000,0,407.849,279,GEOS_0.5x0.625/MERRA2/2019/07/MERRA2.20190701.A3cld.05x0625.nc4
2201.626,hit,false,0.000,0,407.874,279,GEOS_0.5x0.625/MERRA2/2019/07/MERRA2.20190701.A3cld.05x0625.nc4
2201.658,hit,false,0.000,0,407.906,279,GEOS_0.5x0.625/MERRA2/2019/07/MERRA2.20190701.A3cld.05x0625.nc4
2201.683,hit,false,0.000,0,407.931,279,GEOS_0.5x0.625/MERRA2/2019/07/MERRA2.20190701.A3cld.05x0625.nc4
2201.716,hit,false,0.000,0,407.964,279,GEOS_0.5x0.625/MERRA2/2019/07/MERRA2.20190701.A3cld.05x0625.nc4
2201.739,hit,false,0.000,0,407.987,279,GEOS_0.5x0.625/MERRA2/2019/07/MERRA2.20190701.A3cld.05x0625.nc4
2201.848,hit,false,0.000,0,408.293,280,GEOS_0.5x0.625/MERRA2/2019/07/MERRA2.20190701.A3cld.05x0625.nc4
2201.873,hit,false,0.000,0,408.318,280,GEOS_0.5x0.625/MERRA2/2019/07/MERRA2.20190701.A3cld.05x0625.nc4
2201.917,hit,false,0.000,0,408.362,280,GEOS_0.5x0.625/MERRA2/2019/07/MERRA2.20190701.A3cld.05x0625.nc4
2201.939,hit,false,0.000,0,408.384,280,GEOS_0.5x0.625/MERRA2/2019/07/MERRA2.20190701.A3cld.05x0625.nc4
2201.976,hit,false,0.000,0,408.421,280,GEOS_0.5x0.625/MERRA2/2019/07/MERRA2.20190701.A3cld.05x0625.nc4
2201.998,hit,false,0.000,0,408.443,280,GEOS_0.5x0.625/MERRA2/2019/07/MERRA2.20190701.A3cld.05x0625.nc4
2202.030,hit,false,0.000,0,408.474,280,GEOS_0.5x0.625/MERRA2/2019/07/MERRA2.20190701.A3cld.05x0625.nc4
2202.055,hit,false,0.000,0,408.499,280,GEOS_0.5x0.625/MERRA2/2019/07/MERRA2.20190701.A3cld.05x0625.nc4
2202.086,hit,false,0.000,0,408.528,281,GEOS_0.5x0.625/MERRA2/2019/07/MERRA2.20190701.A3cld.05x0625.nc4
2202.110,hit,false,0.000,0,408.552,281,GEOS_0.5x0.625/MERRA2/2019/07/MERRA2.20190701.A3cld.05x0625.nc4
2202.142,hit,false,0.000,0,408.584,281,GEOS_0.5x0.625/MERRA2/2019/07/MERRA2.20190701.A3cld.05x0625.nc4
2202.168,hit,false,0.000,0,408.609,281,GEOS_0.5x0.625/MERRA2/2019/07/MERRA2.20190701.A3cld.05x0625.nc4
2202.196,hit,false,0.000,0,408.638,281,GEOS_0.5x0.625/MERRA2/2019/07/MERRA2.20190701.A3cld.05x0625.nc4
2202.219,hit,false,0.000,0,408.660,281,GEOS_0.5x0.625/MERRA2/2019/07/MERRA2.20190701.A3cld.05x0625.nc4
2202.251,hit,false,0.000,0,408.693,281,GEOS_0.5x0.625/MERRA2/2019/07/MERRA2.20190701.A3cld.05x0625.nc4
2202.276,hit,false,0.000,0,408.718,281,GEOS_0.5x0.625/MERRA2/2019/07/MERRA2.20190701.A3cld.05x0625.nc4
2202.308,hit,false,0.000,0,408.747,282,GEOS_0.5x0.625/MERRA2/2019/07/MERRA2.20190701.A3cld.05x0625.nc4
2202.335,hit,false,0.000,0,408.774,282,GEOS_0.5x0.625/MERRA2/2019/07/MERRA2.20190701.A3cld.05x0625.nc4
2202.367,hit,false,0.000,0,408.806,282,GEOS_0.5x0.625/MERRA2/2019/07/MERRA2.20190701.A3cld.05x0625.nc4
2202.392,hit,false,0.000,0,408.831,282,GEOS_0.5x0.625/MERRA2/2019/07/MERRA2.20190701.A3cld.05x0625.nc4
2202.425,hit,false,0.000,0,408.864,282,GEOS_0.5x0.625/MERRA2/2019/07/MERRA2.20190701.A3cld.05x0625.nc4
2202.447,hit,false,0.000,0,408.886,282,GEOS_0.5x0.625/MERRA2/2019/07/MERRA2.20190701.A3cld.05x0625.nc4
2202.483,hit,false,0.000,0,408.922,282,GEOS_0.5x0.625/MERRA2/2019/07/MERRA2.20190701.A3cld.05x0625.nc4
2202.510,hit,false,0.000,0,408.950,282,GEOS_0.5x0.625/MERRA2/2019/07/MERRA2.20190701.A3cld.05x0625.nc4
2202.541,hit,false,0.000,0,408.978,283,GEOS_0.5x0.625/MERRA2/2019/07/MERRA2.20190701.A3cld.05x0625.nc4
2202.567,hit,false,0.000,0,409.004,283,GEOS_0.5x0.625/MERRA2/2019/07/MERRA2.20190701.A3cld.05x0625.nc4
2202.607,hit,false,0.000,0,409.044,283,GEOS_0.5x0.625/MERRA2/2019/07/MERRA2.20190701.A3cld.05x0625.nc4
2202.637,hit,false,0.000,0,409.074,283,GEOS_0.5x0.625/MERRA2/2019/07/MERRA2.20190701.A3cld.05x0625.nc4
2202.669,hit,false,0.000,0,409.106,283,GEOS_0.5x0.625/MERRA2/2019/07/MERRA2.20190701.A3cld.05x0625.nc4
2202.697,hit,false,0.000,0,409.134,283,GEOS_0.5x0.625/MERRA2/2019/07/MERRA2.20190701.A3cld.05x0625.nc4
2202.727,hit,false,0.000,0,409.164,283,GEOS_0.5x0.625/MERRA2/2019/07/MERRA2.20190701.A3cld.05x0625.nc4
2202.757,hit,false,0.000,0,409.194,283,GEOS_0.5x0.625/MERRA2/2019/07/MERRA2.20190701.A3cld.05x0625.nc4
2202.785,hit,false,0.000,0,409.221,284,GEOS_0.5x0.625/MERRA2/2019/07/MERRA2.20190701.A3cld.05x0625.nc4
2202.816,hit,false,0.000,0,409.251,284,GEOS_0.5x0.625/MERRA2/2019/07/MERRA2.20190701.A3cld.05x0625.nc4
2202.847,hit,false,0.000,0,409.282,284,GEOS_0.5x0.625/MERRA2/2019/07/MERRA2.20190701.A3cld.05x0625.nc4
2202.872,hit,false,0.000,0,409.307,284,GEOS_0.5x0.625/MERRA2/2019/07/MERRA2.20190701.A3cld.05x0625.nc4
2202.902,hit,false,0.000,0,409.337,284,GEOS_0.5x0.625/MERRA2/2019/07/MERRA2.20190701.A3cld.05x0625.nc4
2202.925,hit,false,0.000,0,409.360,284,GEOS_0.5x0.625/MERRA2/2019/07/MERRA2.20190701.A3cld.05x0625.nc4
2202.958,hit,false,0.000,0,409.393,284,GEOS_0.5x0.625/MERRA2/2019/07/MERRA2.20190701.A3cld.05x0625.nc4
2202.983,hit,false,0.000,0,409.418,284,GEOS_0.5x0.625/MERRA2/2019/07/MERRA2.20190701.A3cld.05x0625.nc4
2203.015,hit,false,0.000,0,409.446,285,GEOS_0.5x0.625/MERRA2/2019/07/MERRA2.20190701.A3cld.05x0625.nc4
2203.039,hit,false,0.000,0,409.471,285,GEOS_0.5x0.625/MERRA2/2019/07/MERRA2.20190701.A3cld.05x0625.nc4
2203.078,hit,false,0.000,0,409.510,285,GEOS_0.5x0.625/MERRA2/2019/07/MERRA2.20190701.A3cld.05x0625.nc4
2203.099,hit,false,0.000,0,409.531,285,GEOS_0.5x0.625/MERRA2/2019/07/MERRA2.20190701.A3cld.05x0625.nc4
2203.142,hit,false,0.000,0,409.573,285,GEOS_0.5x0.625/MERRA2/2019/07/MERRA2.20190701.A3cld.05x0625.nc4
2203.163,hit,false,0.000,0,409.595,285,GEOS_0.5x0.625/MERRA2/2019/07/MERRA2.20190701.A3cld.05x0625.nc4
2203.203,hit,false,0.000,0,409.635,285,GEOS_0.5x0.625/MERRA2/2019/07/MERRA2.20190701.A3cld.05x0625.nc4
2203.224,hit,false,0.000,0,409.656,285,GEOS_0.5x0.625/MERRA2/2019/07/MERRA2.20190701.A3cld.05x0625.nc4
2203.266,hit,false,0.000,0,409.696,286,GEOS_0.5x0.625/MERRA2/2019/07/MERRA2.20190701.A3cld.05x0625.nc4
2203.289,hit,false,0.000,0,409.719,286,GEOS_0.5x0.625/MERRA2/2019/07/MERRA2.20190701.A3cld.05x0625.nc4
2203.323,hit,false,0.000,0,409.753,286,GEOS_0.5x0.625/MERRA2/2019/07/MERRA2.20190701.A3cld.05x0625.nc4
2203.349,hit,false,0.000,0,409.779,286,GEOS_0.5x0.625/MERRA2/2019/07/MERRA2.20190701.A3cld.05x0625.nc4
2203.382,hit,false,0.000,0,409.812,286,GEOS_0.5x0.625/MERRA2/2019/07/MERRA2.20190701.A3cld.05x0625.nc4
2203.406,hit,false,0.000,0,409.836,286,GEOS_0.5x0.625/MERRA2/2019/07/MERRA2.20190701.A3cld.05x0625.nc4
2203.438,hit,false,0.000,0,409.868,286,GEOS_0.5x0.625/MERRA2/2019/07/MERRA2.20190701.A3cld.05x0625.nc4
2203.464,hit,false,0.000,0,409.894,286,GEOS_0.5x0.625/MERRA2/2019/07/MERRA2.20190701.A3cld.05x0625.nc4
2203.495,hit,false,0.000,0,409.924,287,GEOS_0.5x0.625/MERRA2/2019/07/MERRA2.20190701.A3cld.05x0625.nc4
2203.527,hit,false,0.000,0,409.956,287,GEOS_0.5x0.625/MERRA2/2019/07/MERRA2.20190701.A3cld.05x0625.nc4
2203.552,hit,false,0.000,0,409.981,287,GEOS_0.5x0.625/MERRA2/2019/07/MERRA2.20190701.A3cld.05x0625.nc4
2203.584,hit,false,0.000,0,410.013,287,GEOS_0.5x0.625/MERRA2/2019/07/MERRA2.20190701.A3cld.05x0625.nc4
2203.613,hit,false,0.000,0,410.042,287,GEOS_0.5x0.625/MERRA2/2019/07/MERRA2.20190701.A3cld.05x0625.nc4
2203.646,hit,false,0.000,0,410.075,287,GEOS_0.5x0.625/MERRA2/2019/07/MERRA2.20190701.A3cld.05x0625.nc4
2203.671,hit,false,0.000,0,410.100,287,GEOS_0.5x0.625/MERRA2/2019/07/MERRA2.20190701.A3cld.05x0625.nc4
2203.773,hit,false,0.000,0,410.202,287,GEOS_0.5x0.625/MERRA2/2019/07/MERRA2.20190701.A3cld.05x0625.nc4
2203.795,hit,false,0.000,0,410.186,288,GEOS_0.5x0.625/MERRA2/2019/07/MERRA2.20190701.A3cld.05x0625.nc4
2203.832,hit,false,0.000,0,410.224,288,GEOS_0.5x0.625/MERRA2/2019/07/MERRA2.20190701.A3cld.05x0625.nc4
2203.867,hit,false,0.000,0,410.259,288,GEOS_0.5x0.625/MERRA2/2019/07/MERRA2.20190701.A3cld.05x0625.nc4
2203.890,hit,false,0.000,0,410.282,288,GEOS_0.5x0.625/MERRA2/2019/07/MERRA2.20190701.A3cld.05x0625.nc4
2203.929,hit,false,0.000,0,410.320,288,GEOS_0.5x0.625/MERRA2/2019/07/MERRA2.20190701.A3cld.05x0625.nc4
2203.951,hit,false,0.000,0,410.342,288,GEOS_0.5x0.625/MERRA2/2019/07/MERRA2.20190701.A3cld.05x0625.nc4
2203.985,hit,false,0.000,0,410.377,288,GEOS_0.5x0.625/MERRA2/2019/07/MERRA2.20190701.A3cld.05x0625.nc4
2204.010,hit,false,0.000,0,410.401,288,GEOS_0.5x0.625/MERRA2/2019/07/MERRA2.20190701.A3cld.05x0625.nc4
2204.042,hit,false,0.000,0,410.431,289,GEOS_0.5x0.625/MERRA2/2019/07/MERRA2.20190701.A3cld.05x0625.nc4
2204.070,hit,false,0.000,0,410.458,289,GEOS_0.5x0.625/MERRA2/2019/07/MERRA2.20190701.A3cld.05x0625.nc4
2204.115,hit,false,0.000,0,410.504,289,GEOS_0.5x0.625/MERRA2/2019/07/MERRA2.20190701.A3cld.05x0625.nc4
2204.136,hit,false,0.000,0,410.525,289,GEOS_0.5x0.625/MERRA2/2019/07/MERRA2.20190701.A3cld.05x0625.nc4
2204.172,hit,false,0.000,0,410.561,289,GEOS_0.5x0.625/MERRA2/2019/07/MERRA2.20190701.A3cld.05x0625.nc4
2204.196,hit,false,0.000,0,410.585,289,GEOS_0.5x0.625/MERRA2/2019/07/MERRA2.20190701.A3cld.05x0625.nc4
2204.236,hit,false,0.000,0,410.624,289,GEOS_0.5x0.625/MERRA2/2019/07/MERRA2.20190701.A3cld.05x0625.nc4
2204.258,hit,false,0.000,0,410.647,289,GEOS_0.5x0.625/MERRA2/2019/07/MERRA2.20190701.A3cld.05x0625.nc4
2204.291,hit,false,0.000,0,410.677,290,GEOS_0.5x0.625/MERRA2/2019/07/MERRA2.20190701.A3cld.05x0625.nc4
2204.319,hit,false,0.000,0,410.705,290,GEOS_0.5x0.625/MERRA2/2019/07/MERRA2.20190701.A3cld.05x0625.nc4
2204.354,hit,false,0.000,0,410.740,290,GEOS_0.5x0.625/MERRA2/2019/07/MERRA2.20190701.A3cld.05x0625.nc4
2204.379,hit,false,0.000,0,410.765,290,GEOS_0.5x0.625/MERRA2/2019/07/MERRA2.20190701.A3cld.05x0625.nc4
2204.414,hit,false,0.000,0,410.800,290,GEOS_0.5x0.625/MERRA2/2019/07/MERRA2.20190701.A3cld.05x0625.nc4
2204.437,hit,false,0.000,0,410.822,290,GEOS_0.5x0.625/MERRA2/2019/07/MERRA2.20190701.A3cld.05x0625.nc4
2204.471,hit,false,0.000,0,410.857,290,GEOS_0.5x0.625/MERRA2/2019/07/MERRA2.20190701.A3cld.05x0625.nc4
2204.495,hit,false,0.000,0,410.881,290,GEOS_0.5x0.625/MERRA2/2019/07/MERRA2.20190701.A3cld.05x0625.nc4
2204.527,hit,false,0.000,0,410.911,291,GEOS_0.5x0.625/MERRA2/2019/07/MERRA2.20190701.A3cld.05x0625.nc4
2204.554,hit,false,0.000,0,410.938,291,GEOS_0.5x0.625/MERRA2/2019/07/MERRA2.20190701.A3cld.05x0625.nc4
2204.588,hit,false,0.000,0,410.971,291,GEOS_0.5x0.625/MERRA2/2019/07/MERRA2.20190701.A3cld.05x0625.nc4
2204.610,hit,false,0.000,0,410.994,291,GEOS_0.5x0.625/MERRA2/2019/07/MERRA2.20190701.A3cld.05x0625.nc4
2204.643,hit,false,0.000,0,411.026,291,GEOS_0.5x0.625/MERRA2/2019/07/MERRA2.20190701.A3cld.05x0625.nc4
2204.670,hit,false,0.000,0,411.053,291,GEOS_0.5x0.625/MERRA2/2019/07/MERRA2.20190701.A3cld.05x0625.nc4
2204.700,hit,false,0.000,0,411.084,291,GEOS_0.5x0.625/MERRA2/2019/07/MERRA2.20190701.A3cld.05x0625.nc4
2204.731,hit,false,0.000,0,411.115,291,GEOS_0.5x0.625/MERRA2/2019/07/MERRA2.20190701.A3cld.05x0625.nc4
2204.759,hit,false,0.000,0,411.141,292,GEOS_0.5x0.625/MERRA2/2019/07/MERRA2.20190701.A3cld.05x0625.nc4
2204.794,hit,false,0.000,0,411.176,292,GEOS_0.5x0.625/MERRA2/2019/07/MERRA2.20190701.A3cld.05x0625.nc4
2204.821,hit,false,0.000,0,411.203,292,GEOS_0.5x0.625/MERRA2/2019/07/MERRA2.20190701.A3cld.05x0625.nc4
2204.855,hit,false,0.000,0,411.237,292,GEOS_0.5x0.625/MERRA2/2019/07/MERRA2.20190701.A3cld.05x0625.nc4
2204.881,hit,false,0.000,0,411.263,292,GEOS_0.5x0.625/MERRA2/2019/07/MERRA2.20190701.A3cld.05x0625.nc4
2204.913,hit,false,0.000,0,411.295,292,GEOS_0.5x0.625/MERRA2/2019/07/MERRA2.20190701.A3cld.05x0625.nc4
2204.940,hit,false,0.000,0,411.323,292,GEOS_0.5x0.625/MERRA2/2019/07/MERRA2.20190701.A3cld.05x0625.nc4
2204.974,hit,false,0.000,0,411.356,292,GEOS_0.5x0.625/MERRA2/2019/07/MERRA2.20190701.A3cld.05x0625.nc4
2205.002,hit,false,0.000,0,411.382,293,GEOS_0.5x0.625/MERRA2/2019/07/MERRA2.20190701.A3cld.05x0625.nc4
2205.037,hit,false,0.000,0,411.417,293,GEOS_0.5x0.625/MERRA2/2019/07/MERRA2.20190701.A3cld.05x0625.nc4
2205.060,hit,false,0.000,0,411.440,293,GEOS_0.5x0.625/MERRA2/2019/07/MERRA2.20190701.A3cld.05x0625.nc4
2205.094,hit,false,0.000,0,411.474,293,GEOS_0.5x0.625/MERRA2/2019/07/MERRA2.20190701.A3cld.05x0625.nc4
2205.122,hit,false,0.000,0,411.503,293,GEOS_0.5x0.625/MERRA2/2019/07/MERRA2.20190701.A3cld.05x0625.nc4
2205.155,hit,false,0.000,0,411.535,293,GEOS_0.5x0.625/MERRA2/2019/07/MERRA2.20190701.A3cld.05x0625.nc4
2205.184,hit,false,0.000,0,411.564,293,GEOS_0.5x0.625/MERRA2/2019/07/MERRA2.20190701.A3cld.05x0625.nc4
2205.231,hit,false,0.000,0,411.611,293,GEOS_0.5x0.625/MERRA2/2019/07/MERRA2.20190701.A3cld.05x0625.nc4
2205.253,hit,false,0.000,0,411.631,294,GEOS_0.5x0.625/MERRA2/2019/07/MERRA2.20190701.A3cld.05x0625.nc4
2205.296,hit,false,0.000,0,411.674,294,GEOS_0.5x0.625/MERRA2/2019/07/MERRA2.20190701.A3cld.05x0625.nc4
2205.318,hit,false,0.000,0,411.696,294,GEOS_0.5x0.625/MERRA2/2019/07/MERRA2.20190701.A3cld.05x0625.nc4
2205.359,hit,false,0.000,0,411.738,294,GEOS_0.5x0.625/MERRA2/2019/07/MERRA2.20190701.A3cld.05x0625.nc4
2205.383,hit,false,0.000,0,411.761,294,GEOS_0.5x0.625/MERRA2/2019/07/MERRA2.20190701.A3cld.05x0625.nc4
2205.419,hit,false,0.000,0,411.797,294,GEOS_0.5x0.625/MERRA2/2019/07/MERRA2.20190701.A3cld.05x0625.nc4
2205.442,hit,false,0.000,0,411.820,294,GEOS_0.5x0.625/MERRA2/2019/07/MERRA2.20190701.A3cld.05x0625.nc4
2205.473,hit,false,0.000,0,411.851,294,GEOS_0.5x0.625/MERRA2/2019/07/MERRA2.20190701.A3cld.05x0625.nc4
2205.498,hit,false,0.000,0,411.875,295,GEOS_0.5x0.625/MERRA2/2019/07/MERRA2.20190701.A3cld.05x0625.nc4
2205.536,hit,false,0.000,0,411.913,295,GEOS_0.5x0.625/MERRA2/2019/07/MERRA2.20190701.A3cld.05x0625.nc4
2205.559,hit,false,0.000,0,411.935,295,GEOS_0.5x0.625/MERRA2/2019/07/MERRA2.20190701.A3cld.05x0625.nc4
2205.591,hit,false,0.000,0,411.968,295,GEOS_0.5x0.625/MERRA2/2019/07/MERRA2.20190701.A3cld.05x0625.nc4
2205.619,hit,false,0.000,0,411.995,295,GEOS_0.5x0.625/MERRA2/2019/07/MERRA2.20190701.A3cld.05x0625.nc4
2205.649,hit,false,0.000,0,412.026,295,GEOS_0.5x0.625/MERRA2/2019/07/MERRA2.20190701.A3cld.05x0625.nc4
2205.747,hit,false,0.000,0,412.124,295,GEOS_0.5x0.625/MERRA2/2019/07/MERRA2.20190701.A3cld.05x0625.nc4
2205.770,hit,false,0.000,0,412.147,295,GEOS_0.5x0.625/MERRA2/2019/07/MERRA2.20190701.A3cld.05x0625.nc4
2205.803,hit,false,0.000,0,412.419,296,GEOS_0.5x0.625/MERRA2/2019/07/MERRA2.20190701.A3cld.05x0625.nc4
2205.832,hit,false,0.000,0,412.447,296,GEOS_0.5x0.625/MERRA2/2019/07/MERRA2.20190701.A3cld.05x0625.nc4
2205.876,hit,false,0.000,0,412.491,296,GEOS_0.5x0.625/MERRA2/2019/07/MERRA2.20190701.A3cld.05x0625.nc4
2205.898,hit,false,0.000,0,412.513,296,GEOS_0.5x0.625/MERRA2/2019/07/MERRA2.20190701.A3cld.05x0625.nc4
2205.931,hit,false,0.000,0,412.546,296,GEOS_0.5x0.625/MERRA2/2019/07/MERRA2.20190701.A3cld.05x0625.nc4
2205.956,hit,false,0.000,0,412.572,296,GEOS_0.5x0.625/MERRA2/2019/07/MERRA2.20190701.A3cld.05x0625.nc4
2205.987,hit,false,0.000,0,412.603,296,GEOS_0.5x0.625/MERRA2/2019/07/MERRA2.20190701.A3cld.05x0625.nc4
2206.010,hit,false,0.000,0,412.626,296,GEOS_0.5x0.625/MERRA2/2019/07/MERRA2.20190701.A3cld.05x0625.nc4
2206.054,hit,false,0.000,0,412.666,297,GEOS_0.5x0.625/MERRA2/2019/07/MERRA2.20190701.A3cld.05x0625.nc4
2206.077,hit,false,0.000,0,412.689,297,GEOS_0.5x0.625/MERRA2/2019/07/MERRA2.20190701.A3cld.05x0625.nc4
2206.116,hit,false,0.000,0,412.728,297,GEOS_0.5x0.625/MERRA2/2019/07/MERRA2.20190701.A3cld.05x0625.nc4
2206.139,hit,false,0.000,0,412.750,297,GEOS_0.5x0.625/MERRA2/2019/07/MERRA2.20190701.A3cld.05x0625.nc4
2206.179,hit,false,0.000,0,412.790,297,GEOS_0.5x0.625/MERRA2/2019/07/MERRA2.20190701.A3cld.05x0625.nc4
2206.201,hit,false,0.000,0,412.813,297,GEOS_0.5x0.625/MERRA2/2019/07/MERRA2.20190701.A3cld.05x0625.nc4
2206.235,hit,false,0.000,0,412.847,297,GEOS_0.5x0.625/MERRA2/2019/07/MERRA2.20190701.A3cld.05x0625.nc4
2206.261,hit,false,0.000,0,412.873,297,GEOS_0.5x0.625/MERRA2/2019/07/MERRA2.20190701.A3cld.05x0625.nc4
2206.296,hit,false,0.000,0,412.906,298,GEOS_0.5x0.625/MERRA2/2019/07/MERRA2.20190701.A3cld.05x0625.nc4
2206.323,hit,false,0.000,0,412.933,298,GEOS_0.5x0.625/MERRA2/2019/07/MERRA2.20190701.A3cld.05x0625.nc4
2206.358,hit,false,0.000,0,412.967,298,GEOS_0.5x0.625/MERRA2/2019/07/MERRA2.20190701.A3cld.05x0625.nc4
2206.382,hit,false,0.000,0,412.991,298,GEOS_0.5x0.625/MERRA2/2019/07/MERRA2.20190701.A3cld.05x0625.nc4
2206.417,hit,false,0.000,0,413.027,298,GEOS_0.5x0.625/MERRA2/2019/07/MERRA2.20190701.A3cld.05x0625.nc4
2206.446,hit,false,0.000,0,413.056,298,GEOS_0.5x0.625/MERRA2/2019/07/MERRA2.20190701.A3cld.05x0625.nc4
2206.487,hit,false,0.000,0,413.096,298,GEOS_0.5x0.625/MERRA2/2019/07/MERRA2.20190701.A3cld.05x0625.nc4
2206.522,hit,false,0.000,0,413.132,298,GEOS_0.5x0.625/MERRA2/2019/07/MERRA2.20190701.A3cld.05x0625.nc4
2206.547,hit,false,0.000,0,413.154,299,GEOS_0.5x0.625/MERRA2/2019/07/MERRA2.20190701.A3cld.05x0625.nc4
2206.584,hit,false,0.000,0,413.192,299,GEOS_0.5x0.625/MERRA2/2019/07/MERRA2.20190701.A3cld.05x0625.nc4
2206.612,hit,false,0.000,0,413.220,299,GEOS_0.5x0.625/MERRA2/2019/07/MERRA2.20190701.A3cld.05x0625.nc4
2206.655,hit,false,0.000,0,413.262,299,GEOS_0.5x0.625/MERRA2/2019/07/MERRA2.20190701.A3cld.05x0625.nc4
2206.678,hit,false,0.000,0,413.286,299,GEOS_0.5x0.625/MERRA2/2019/07/MERRA2.20190701.A3cld.05x0625.nc4
2206.712,hit,false,0.000,0,413.319,299,GEOS_0.5x0.625/MERRA2/2019/07/MERRA2.20190701.A3cld.05x0625.nc4
2206.737,hit,false,0.000,0,413.344,299,GEOS_0.5x0.625/MERRA2/2019/07/MERRA2.20190701.A3cld.05x0625.nc4
2206.769,hit,false,0.000,0,413.376,299,GEOS_0.5x0.625/MERRA2/2019/07/MERRA2.20190701.A3cld.05x0625.nc4
2206.793,hit,false,0.000,0,413.397,300,GEOS_0.5x0.625/MERRA2/2019/07/MERRA2.20190701.A3cld.05x0625.nc4
2206.832,hit,false,0.000,0,413.437,300,GEOS_0.5x0.625/MERRA2/2019/07/MERRA2.20190701.A3cld.05x0625.nc4
2206.855,hit,false,0.000,0,413.459,300,GEOS_0.5x0.625/MERRA2/2019/07/MERRA2.20190701.A3cld.05x0625.nc4
2206.895,hit,false,0.000,0,413.500,300,GEOS_0.5x0.625/MERRA2/2019/07/MERRA2.20190701.A3cld.05x0625.nc4
2206.918,hit,false,0.000,0,413.523,300,GEOS_0.5x0.625/MERRA2/2019/07/MERRA2.20190701.A3cld.05x0625.nc4
2206.958,hit,false,0.000,0,413.563,300,GEOS_0.5x0.625/MERRA2/2019/07/MERRA2.20190701.A3cld.05x0625.nc4
2206.981,hit,false,0.000,0,413.586,300,GEOS_0.5x0.625/MERRA2/2019/07/MERRA2.20190701.A3cld.05x0625.nc4
2207.015,hit,false,0.000,0,413.620,300,GEOS_0.5x0.625/MERRA2/2019/07/MERRA2.20190701.A3cld.05x0625.nc4
2207.042,hit,false,0.000,0,413.645,301,GEOS_0.5x0.625/MERRA2/2019/07/MERRA2.20190701.A3cld.05x0625.nc4
2207.080,hit,false,0.000,0,413.683,301,GEOS_0.5x0.625/MERRA2/2019/07/MERRA2.20190701.A3cld.05x0625.nc4
2207.105,hit,false,0.000,0,413.707,301,GEOS_0.5x0.625/MERRA2/2019/07/MERRA2.20190701.A3cld.05x0625.nc4
2207.140,hit,false,0.000,0,413.743,301,GEOS_0.5x0.625/MERRA2/2019/07/MERRA2.20190701.A3cld.05x0625.nc4
2207.166,hit,false,0.000,0,413.769,301,GEOS_0.5x0.625/MERRA2/2019/07/MERRA2.20190701.A3cld.05x0625.nc4
2207.201,hit,false,0.000,0,413.804,301,GEOS_0.5x0.625/MERRA2/2019/07/MERRA2.20190701.A3cld.05x0625.nc4
2207.223,hit,false,0.000,0,413.826,301,GEOS_0.5x0.625/MERRA2/2019/07/MERRA2.20190701.A3cld.05x0625.nc4
2207.267,hit,false,0.000,0,413.870,301,GEOS_0.5x0.625/MERRA2/2019/07/MERRA2.20190701.A3cld.05x0625.nc4
2207.288,hit,false,0.000,0,413.889,302,GEOS_0.5x0.625/MERRA2/2019/07/MERRA2.20190701.A3cld.05x0625.nc4
2207.326,hit,false,0.000,0,413.927,302,GEOS_0.5x0.625/MERRA2/2019/07/MERRA2.20190701.A3cld.05x0625.nc4
2207.351,hit,false,0.000,0,413.952,302,GEOS_0.5x0.625/MERRA2/2019/07/MERRA2.20190701.A3cld.05x0625.nc4
2207.384,hit,false,0.000,0,413.986,302,GEOS_0.5x0.625/MERRA2/2019/07/MERRA2.20190701.A3cld.05x0625.nc4
2207.410,hit,false,0.000,0,414.011,302,GEOS_0.5x0.625/MERRA2/2019/07/MERRA2.20190701.A3cld.05x0625.nc4
2207.450,hit,false,0.000,0,414.051,302,GEOS_0.5x0.625/MERRA2/2019/07/MERRA2.20190701.A3cld.05x0625.nc4
2207.475,hit,false,0.000,0,414.076,302,GEOS_0.5x0.625/MERRA2/2019/07/MERRA2.20190701.A3cld.05x0625.nc4
2207.506,hit,false,0.000,0,414.108,302,GEOS_0.5x0.625/MERRA2/2019/07/MERRA2.20190701.A3cld.05x0625.nc4
2207.532,hit,false,0.000,0,414.131,303,GEOS_0.5x0.625/MERRA2/2019/07/MERRA2.20190701.A3cld.05x0625.nc4
2207.568,hit,false,0.000,0,414.167,303,GEOS_0.5x0.625/MERRA2/2019/07/MERRA2.20190701.A3cld.05x0625.nc4
2207.593,hit,false,0.000,0,414.193,303,GEOS_0.5x0.625/MERRA2/2019/07/MERRA2.20190701.A3cld.05x0625.nc4
2207.625,hit,false,0.000,0,414.224,303,GEOS_0.5x0.625/MERRA2/2019/07/MERRA2.20190701.A3cld.05x0625.nc4
2207.651,hit,false,0.000,0,414.250,303,GEOS_0.5x0.625/MERRA2/2019/07/MERRA2.20190701.A3cld.05x0625.nc4
2207.752,hit,false,0.000,0,414.351,303,GEOS_0.5x0.625/MERRA2/2019/07/MERRA2.20190701.A3cld.05x0625.nc4
2207.774,hit,false,0.000,0,414.373,303,GEOS_0.5x0.625/MERRA2/2019/07/MERRA2.20190701.A3cld.05x0625.nc4
2207.809,hit,false,0.000,0,414.409,303,GEOS_0.5x0.625/MERRA2/2019/07/MERRA2.20190701.A3cld.05x0625.nc4
2207.837,hit,false,0.000,0,414.399,304,GEOS_0.5x0.625/MERRA2/2019/07/MERRA2.20190701.A3cld.05x0625.nc4
2207.870,hit,false,0.000,0,414.433,304,GEOS_0.5x0.625/MERRA2/2019/07/MERRA2.20190701.A3cld.05x0625.nc4
2207.913,hit,false,0.000,0,414.475,304,GEOS_0.5x0.625/MERRA2/2019/07/MERRA2.20190701.A3cld.05x0625.nc4
2207.936,hit,false,0.000,0,414.498,304,GEOS_0.5x0.625/MERRA2/2019/07/MERRA2.20190701.A3cld.05x0625.nc4
2207.976,hit,false,0.000,0,414.538,304,GEOS_0.5x0.625/MERRA2/2019/07/MERRA2.20190701.A3cld.05x0625.nc4
2207.997,hit,false,0.000,0,414.560,304,GEOS_0.5x0.625/MERRA2/2019/07/MERRA2.20190701.A3cld.05x0625.nc4
2208.040,hit,false,0.000,0,414.603,304,GEOS_0.5x0.625/MERRA2/2019/07/MERRA2.20190701.A3cld.05x0625.nc4
2208.062,hit,false,0.000,0,414.624,304,GEOS_0.5x0.625/MERRA2/2019/07/MERRA2.20190701.A3cld.05x0625.nc4
2208.101,hit,false,0.000,0,414.662,305,GEOS_0.5x0.625/MERRA2/2019/07/MERRA2.20190701.A3cld.05x0625.nc4
2208.125,hit,false,0.000,0,414.685,305,GEOS_0.5x0.625/MERRA2/2019/07/MERRA2.20190701.A3cld.05x0625.nc4
2208.163,hit,false,0.000,0,414.724,305,GEOS_0.5x0.625/MERRA2/2019/07/MERRA2.20190701.A3cld.05x0625.nc4
2208.184,hit,false,0.000,0,414.745,305,GEOS_0.5x0.625/MERRA2/2019/07/MERRA2.20190701.A3cld.05x0625.nc4
2208.224,hit,false,0.000,0,414.785,305,GEOS_0.5x0.625/MERRA2/2019/07/MERRA2.20190701.A3cld.05x0625.nc4
2208.246,hit,false,0.000,0,414.807,305,GEOS_0.5x0.625/MERRA2/2019/07/MERRA2.20190701.A3cld.05x0625.nc4
2208.279,hit,false,0.000,0,414.840,305,GEOS_0.5x0.625/MERRA2/2019/07/MERRA2.20190701.A3cld.05x0625.nc4
2208.305,hit,false,0.000,0,414.865,305,GEOS_0.5x0.625/MERRA2/2019/07/MERRA2.20190701.A3cld.05x0625.nc4
2208.345,hit,false,0.000,0,414.439,306,GEOS_0.5x0.625/MERRA2/2019/07/MERRA2.20190701.A3cld.05x0625.nc4
2208.370,hit,false,0.000,0,414.464,306,GEOS_0.5x0.625/MERRA2/2019/07/MERRA2.20190701.A3cld.05x0625.nc4
2208.408,hit,false,0.000,0,414.502,306,GEOS_0.5x0.625/MERRA2/2019/07/MERRA2.20190701.A3cld.05x0625.nc4
2208.431,hit,false,0.000,0,414.524,306,GEOS_0.5x0.625/MERRA2/2019/07/MERRA2.20190701.A3cld.05x0625.nc4
2208.465,hit,false,0.000,0,414.559,306,GEOS_0.5x0.625/MERRA2/2019/07/MERRA2.20190701.A3cld.05x0625.nc4
2208.490,hit,false,0.000,0,414.584,306,GEOS_0.5x0.625/MERRA2/2019/07/MERRA2.20190701.A3cld.05x0625.nc4
2208.529,hit,false,0.000,0,414.622,306,GEOS_0.5x0.625/MERRA2/2019/07/MERRA2.20190701.A3cld.05x0625.nc4
2208.551,hit,false,0.000,0,414.645,306,GEOS_0.5x0.625/MERRA2/2019/07/MERRA2.20190701.A3cld.05x0625.nc4
2208.588,hit,false,0.000,0,414.680,307,GEOS_0.5x0.625/MERRA2/2019/07/MERRA2.20190701.A3cld.05x0625.nc4
2208.618,hit,false,0.000,0,414.710,307,GEOS_0.5x0.625/MERRA2/2019/07/MERRA2.20190701.A3cld.05x0625.nc4
2208.653,hit,false,0.000,0,414.745,307,GEOS_0.5x0.625/MERRA2/2019/07/MERRA2.20190701.A3cld.05x0625.nc4
2208.675,hit,false,0.000,0,414.767,307,GEOS_0.5x0.625/MERRA2/2019/07/MERRA2.20190701.A3cld.05x0625.nc4
2208.716,hit,false,0.000,0,414.808,307,GEOS_0.5x0.625/MERRA2/2019/07/MERRA2.20190701.A3cld.05x0625.nc4
2208.737,hit,false,0.000,0,414.829,307,GEOS_0.5x0.625/MERRA2/2019/07/MERRA2.20190701.A3cld.05x0625.nc4
2208.777,hit,false,0.000,0,414.869,307,GEOS_0.5x0.625/MERRA2/2019/07/MERRA2.20190701.A3cld.05x0625.nc4
2208.799,hit,false,0.000,0,414.891,307,GEOS_0.5x0.625/MERRA2/2019/07/MERRA2.20190701.A3cld.05x0625.nc4
2208.839,hit,false,0.000,0,414.930,308,GEOS_0.5x0.625/MERRA2/2019/07/MERRA2.20190701.A3cld.05x0625.nc4
2208.863,hit,false,0.000,0,414.954,308,GEOS_0.5x0.625/MERRA2/2019/07/MERRA2.20190701.A3cld.05x0625.nc4
2208.904,hit,false,0.000,0,414.995,308,GEOS_0.5x0.625/MERRA2/2019/07/MERRA2.20190701.A3cld.05x0625.nc4
2208.925,hit,false,0.000,0,415.016,308,GEOS_0.5x0.625/MERRA2/2019/07/MERRA2.20190701.A3cld.05x0625.nc4
2208.960,hit,false,0.000,0,415.050,308,GEOS_0.5x0.625/MERRA2/2019/07/MERRA2.20190701.A3cld.05x0625.nc4
2208.984,hit,false,0.000,0,415.074,308,GEOS_0.5x0.625/MERRA2/2019/07/MERRA2.20190701.A3cld.05x0625.nc4
2209.017,hit,false,0.000,0,415.108,308,GEOS_0.5x0.625/MERRA2/2019/07/MERRA2.20190701.A3cld.05x0625.nc4
2209.042,hit,false,0.000,0,415.133,308,GEOS_0.5x0.625/MERRA2/2019/07/MERRA2.20190701.A3cld.05x0625.nc4
2209.087,hit,false,0.000,0,415.175,309,GEOS_0.5x0.625/MERRA2/2019/07/MERRA2.20190701.A3cld.05x0625.nc4
2209.110,hit,false,0.000,0,415.199,309,GEOS_0.5x0.625/MERRA2/2019/07/MERRA2.20190701.A3cld.05x0625.nc4
2209.152,hit,false,0.000,0,415.240,309,GEOS_0.5x0.625/MERRA2/2019/07/MERRA2.20190701.A3cld.05x0625.nc4
2209.173,hit,false,0.000,0,415.261,309,GEOS_0.5x0.625/MERRA2/2019/07/MERRA2.20190701.A3cld.05x0625.nc4
2209.213,hit,false,0.000,0,415.302,309,GEOS_0.5x0.625/MERRA2/2019/07/MERRA2.20190701.A3cld.05x0625.nc4
2209.236,hit,false,0.000,0,415.324,309,GEOS_0.5x0.625/MERRA2/2019/07/MERRA2.20190701.A3cld.05x0625.nc4
2209.272,hit,false,0.000,0,415.360,309,GEOS_0.5x0.625/MERRA2/2019/07/MERRA2.20190701.A3cld.05x0625.nc4
2209.295,hit,false,0.000,0,415.384,309,GEOS_0.5x0.625/MERRA2/2019/07/MERRA2.20190701.A3cld.05x0625.nc4
2209.331,hit,false,0.000,0,415.418,310,GEOS_0.5x0.625/MERRA2/2019/07/MERRA2.20190701.A3cld.05x0625.nc4
2209.361,hit,false,0.000,0,415.448,310,GEOS_0.5x0.625/MERRA2/2019/07/MERRA2.20190701.A3cld.05x0625.nc4
2209.398,hit,false,0.000,0,415.485,310,GEOS_0.5x0.625/MERRA2/2019/07/MERRA2.20190701.A3cld.05x0625.nc4
2209.440,hit,false,0.000,0,415.527,310,GEOS_0.5x0.625/MERRA2/2019/07/MERRA2.20190701.A3cld.05x0625.nc4
2209.463,hit,false,0.000,0,415.550,310,GEOS_0.5x0.625/MERRA2/2019/07/MERRA2.20190701.A3cld.05x0625.nc4
2209.498,hit,false,0.000,0,415.585,310,GEOS_0.5x0.625/MERRA2/2019/07/MERRA2.20190701.A3cld.05x0625.nc4
2209.521,hit,false,0.000,0,415.608,310,GEOS_0.5x0.625/MERRA2/2019/07/MERRA2.20190701.A3cld.05x0625.nc4
2209.557,hit,false,0.000,0,415.644,310,GEOS_0.5x0.625/MERRA2/2019/07/MERRA2.20190701.A3cld.05x0625.nc4
2209.585,hit,false,0.000,0,415.671,311,GEOS_0.5x0.625/MERRA2/2019/07/MERRA2.20190701.A3cld.05x0625.nc4
2209.620,hit,false,0.000,0,415.705,311,GEOS_0.5x0.625/MERRA2/2019/07/MERRA2.20190701.A3cld.05x0625.nc4
2209.649,hit,false,0.000,0,415.734,311,GEOS_0.5x0.625/MERRA2/2019/07/MERRA2.20190701.A3cld.05x0625.nc4
2209.680,hit,false,0.000,0,415.765,311,GEOS_0.5x0.625/MERRA2/2019/07/MERRA2.20190701.A3cld.05x0625.nc4
2209.778,hit,false,0.000,0,415.863,311,GEOS_0.5x0.625/MERRA2/2019/07/MERRA2.20190701.A3cld.05x0625.nc4
2209.800,hit,false,0.000,0,415.885,311,GEOS_0.5x0.625/MERRA2/2019/07/MERRA2.20190701.A3cld.05x0625.nc4
2209.835,hit,false,0.000,0,415.921,311,GEOS_0.5x0.625/MERRA2/2019/07/MERRA2.20190701.A3cld.05x0625.nc4
2209.860,hit,false,0.000,0,415.945,311,GEOS_0.5x0.625/MERRA2/2019/07/MERRA2.20190701.A3cld.05x0625.nc4
2209.897,hit,false,0.000,0,416.454,312,GEOS_0.5x0.625/MERRA2/2019/07/MERRA2.20190701.A3cld.05x0625.nc4
2209.921,hit,false,0.000,0,416.478,312,GEOS_0.5x0.625/MERRA2/2019/07/MERRA2.20190701.A3cld.05x0625.nc4
2209.971,hit,false,0.000,0,416.527,312,GEOS_0.5x0.625/MERRA2/2019/07/MERRA2.20190701.A3cld.05x0625.nc4
2209.992,hit,false,0.000,0,416.548,312,GEOS_0.5x0.625/MERRA2/2019/07/MERRA2.20190701.A3cld.05x0625.nc4
2210.032,hit,false,0.000,0,416.588,312,GEOS_0.5x0.625/MERRA2/2019/07/MERRA2.20190701.A3cld.05x0625.nc4
2210.053,hit,false,0.000,0,416.609,312,GEOS_0.5x0.625/MERRA2/2019/07/MERRA2.20190701.A3cld.05x0625.nc4
2210.094,hit,false,0.000,0,416.650,312,GEOS_0.5x0.625/MERRA2/2019/07/MERRA2.20190701.A3cld.05x0625.nc4
2210.115,hit,false,0.000,0,416.671,312,GEOS_0.5x0.625/MERRA2/2019/07/MERRA2.20190701.A3cld.05x0625.nc4
2210.149,hit,false,0.000,0,416.703,313,GEOS_0.5x0.625/MERRA2/2019/07/MERRA2.20190701.A3cld.05x0625.nc4
2210.175,hit,false,0.000,0,416.730,313,GEOS_0.5x0.625/MERRA2/2019/07/MERRA2.20190701.A3cld.05x0625.nc4
2210.208,hit,false,0.000,0,416.763,313,GEOS_0.5x0.625/MERRA2/2019/07/MERRA2.20190701.A3cld.05x0625.nc4
2210.234,hit,false,0.000,0,416.788,313,GEOS_0.5x0.625/MERRA2/2019/07/MERRA2.20190701.A3cld.05x0625.nc4
2210.267,hit,false,0.000,0,416.822,313,GEOS_0.5x0.625/MERRA2/2019/07/MERRA2.20190701.A3cld.05x0625.nc4
2210.290,hit,false,0.000,0,416.845,313,GEOS_0.5x0.625/MERRA2/2019/07/MERRA2.20190701.A3cld.05x0625.nc4
2210.329,hit,false,0.000,0,416.883,313,GEOS_0.5x0.625/MERRA2/2019/07/MERRA2.20190701.A3cld.05x0625.nc4
2210.358,hit,false,0.000,0,416.913,313,GEOS_0.5x0.625/MERRA2/2019/07/MERRA2.20190701.A3cld.05x0625.nc4
2210.388,hit,false,0.000,0,416.940,314,GEOS_0.5x0.625/MERRA2/2019/07/MERRA2.20190701.A3cld.05x0625.nc4
2210.421,hit,false,0.000,0,416.974,314,GEOS_0.5x0.625/MERRA2/2019/07/MERRA2.20190701.A3cld.05x0625.nc4
2210.446,hit,false,0.000,0,416.999,314,GEOS_0.5x0.625/MERRA2/2019/07/MERRA2.20190701.A3cld.05x0625.nc4
2210.481,hit,false,0.000,0,417.034,314,GEOS_0.5x0.625/MERRA2/2019/07/MERRA2.20190701.A3cld.05x0625.nc4
2210.504,hit,false,0.000,0,417.056,314,GEOS_0.5x0.625/MERRA2/2019/07/MERRA2.20190701.A3cld.05x0625.nc4
2210.538,hit,false,0.000,0,417.091,314,GEOS_0.5x0.625/MERRA2/2019/07/MERRA2.20190701.A3cld.05x0625.nc4
2210.564,hit,false,0.000,0,417.116,314,GEOS_0.5x0.625/MERRA2/2019/07/MERRA2.20190701.A3cld.05x0625.nc4
2210.605,hit,false,0.000,0,417.157,314,GEOS_0.5x0.625/MERRA2/2019/07/MERRA2.20190701.A3cld.05x0625.nc4
2210.631,hit,false,0.000,0,417.182,315,GEOS_0.5x0.625/MERRA2/2019/07/MERRA2.20190701.A3cld.05x0625.nc4
2210.666,hit,false,0.000,0,417.217,315,GEOS_0.5x0.625/MERRA2/2019/07/MERRA2.20190701.A3cld.05x0625.nc4
2210.695,hit,false,0.000,0,417.246,315,GEOS_0.5x0.625/MERRA2/2019/07/MERRA2.20190701.A3cld.05x0625.nc4
2210.731,hit,false,0.000,0,417.282,315,GEOS_0.5x0.625/MERRA2/2019/07/MERRA2.20190701.A3cld.05x0625.nc4
2210.757,hit,false,0.000,0,417.308,315,GEOS_0.5x0.625/MERRA2/2019/07/MERRA2.20190701.A3cld.05x0625.nc4
2210.789,hit,false,0.000,0,417.340,315,GEOS_0.5x0.625/MERRA2/2019/07/MERRA2.20190701.A3cld.05x0625.nc4
2210.814,hit,false,0.000,0,417.365,315,GEOS_0.5x0.625/MERRA2/2019/07/MERRA2.20190701.A3cld.05x0625.nc4
2210.848,hit,false,0.000,0,417.398,315,GEOS_0.5x0.625/MERRA2/2019/07/MERRA2.20190701.A3cld.05x0625.nc4
2210.875,hit,false,0.000,0,417.424,316,GEOS_0.5x0.625/MERRA2/2019/07/MERRA2.20190701.A3cld.05x0625.nc4
2210.911,hit,false,0.000,0,417.459,316,GEOS_0.5x0.625/MERRA2/2019/07/MERRA2.20190701.A3cld.05x0625.nc4
2210.933,hit,false,0.000,0,417.482,316,GEOS_0.5x0.625/MERRA2/2019/07/MERRA2.20190701.A3cld.05x0625.nc4
2210.968,hit,false,0.000,0,417.517,316,GEOS_0.5x0.625/MERRA2/2019/07/MERRA2.20190701.A3cld.05x0625.nc4
2210.991,hit,false,0.000,0,417.540,316,GEOS_0.5x0.625/MERRA2/2019/07/MERRA2.20190701.A3cld.05x0625.nc4
2211.023,hit,false,0.000,0,417.572,316,GEOS_0.5x0.625/MERRA2/2019/07/MERRA2.20190701.A3cld.05x0625.nc4
2211.048,hit,false,0.000,0,417.597,316,GEOS_0.5x0.625/MERRA2/2019/07/MERRA2.20190701.A3cld.05x0625.nc4
2211.082,hit,false,0.000,0,417.631,316,GEOS_0.5x0.625/MERRA2/2019/07/MERRA2.20190701.A3cld.05x0625.nc4
2211.107,hit,false,0.000,0,417.654,317,GEOS_0.5x0.625/MERRA2/2019/07/MERRA2.20190701.A3cld.05x0625.nc4
2211.142,hit,false,0.000,0,417.689,317,GEOS_0.5x0.625/MERRA2/2019/07/MERRA2.20190701.A3cld.05x0625.nc4
2211.165,hit,false,0.000,0,417.712,317,GEOS_0.5x0.625/MERRA2/2019/07/MERRA2.20190701.A3cld.05x0625.nc4
2211.200,hit,false,0.000,0,417.747,317,GEOS_0.5x0.625/MERRA2/2019/07/MERRA2.20190701.A3cld.05x0625.nc4
2211.226,hit,false,0.000,0,417.773,317,GEOS_0.5x0.625/MERRA2/2019/07/MERRA2.20190701.A3cld.05x0625.nc4
2211.255,hit,false,0.000,0,417.801,317,GEOS_0.5x0.625/MERRA2/2019/07/MERRA2.20190701.A3cld.05x0625.nc4
2211.285,hit,false,0.000,0,417.832,317,GEOS_0.5x0.625/MERRA2/2019/07/MERRA2.20190701.A3cld.05x0625.nc4
2211.311,hit,false,0.000,0,417.858,317,GEOS_0.5x0.625/MERRA2/2019/07/MERRA2.20190701.A3cld.05x0625.nc4
2211.339,hit,false,0.000,0,417.885,318,GEOS_0.5x0.625/MERRA2/2019/07/MERRA2.20190701.A3cld.05x0625.nc4
2211.373,hit,false,0.000,0,417.918,318,GEOS_0.5x0.625/MERRA2/2019/07/MERRA2.20190701.A3cld.05x0625.nc4
2211.397,hit,false,0.000,0,417.942,318,GEOS_0.5x0.625/MERRA2/2019/07/MERRA2.20190701.A3cld.05x0625.nc4
2211.436,hit,false,0.000,0,417.981,318,GEOS_0.5x0.625/MERRA2/2019/07/MERRA2.20190701.A3cld.05x0625.nc4
2211.459,hit,false,0.000,0,418.004,318,GEOS_0.5x0.625/MERRA2/2019/07/MERRA2.20190701.A3cld.05x0625.nc4
2211.493,hit,false,0.000,0,418.038,318,GEOS_0.5x0.625/MERRA2/2019/07/MERRA2.20190701.A3cld.05x0625.nc4
2211.520,hit,false,0.000,0,418.065,318,GEOS_0.5x0.625/MERRA2/2019/07/MERRA2.20190701.A3cld.05x0625.nc4
2211.552,hit,false,0.000,0,418.097,318,GEOS_0.5x0.625/MERRA2/2019/07/MERRA2.20190701.A3cld.05x0625.nc4
2211.574,hit,false,0.000,0,418.118,319,GEOS_0.5x0.625/MERRA2/2019/07/MERRA2.20190701.A3cld.05x0625.nc4
2211.610,hit,false,0.000,0,418.154,319,GEOS_0.5x0.625/MERRA2/2019/07/MERRA2.20190701.A3cld.05x0625.nc4
2211.635,hit,false,0.000,0,418.179,319,GEOS_0.5x0.625/MERRA2/2019/07/MERRA2.20190701.A3cld.05x0625.nc4
2211.736,hit,false,0.000,0,418.279,319,GEOS_0.5x0.625/MERRA2/2019/07/MERRA2.20190701.A3cld.05x0625.nc4
2211.759,hit,false,0.000,0,418.303,319,GEOS_0.5x0.625/MERRA2/2019/07/MERRA2.20190701.A3cld.05x0625.nc4
2211.797,hit,false,0.000,0,418.340,319,GEOS_0.5x0.625/MERRA2/2019/07/MERRA2.20190701.A3cld.05x0625.nc4
2211.818,hit,false,0.000,0,418.362,319,GEOS_0.5x0.625/MERRA2/2019/07/MERRA2.20190701.A3cld.05x0625.nc4
2211.849,hit,false,0.000,0,418.393,319,GEOS_0.5x0.625/MERRA2/2019/07/MERRA2.20190701.A3cld.05x0625.nc4
2211.873,hit,false,0.000,0,418.411,320,GEOS_0.5x0.625/MERRA2/2019/07/MERRA2.20190701.A3cld.05x0625.nc4
2211.909,hit,false,0.000,0,418.448,320,GEOS_0.5x0.625/MERRA2/2019/07/MERRA2.20190701.A3cld.05x0625.nc4
2211.941,hit,false,0.000,0,418.480,320,GEOS_0.5x0.625/MERRA2/2019/07/MERRA2.20190701.A3cld.05x0625.nc4
2211.966,hit,false,0.000,0,418.505,320,GEOS_0.5x0.625/MERRA2/2019/07/MERRA2.20190701.A3cld.05x0625.nc4
2212.000,hit,false,0.000,0,418.539,320,GEOS_0.5x0.625/MERRA2/2019/07/MERRA2.20190701.A3cld.05x0625.nc4
2212.029,hit,false,0.000,0,418.567,320,GEOS_0.5x0.625/MERRA2/2019/07/MERRA2.20190701.A3cld.05x0625.nc4
2212.061,hit,false,0.000,0,418.600,320,GEOS_0.5x0.625/MERRA2/2019/07/MERRA2.20190701.A3cld.05x0625.nc4
2212.086,hit,false,0.000,0,418.625,320,GEOS_0.5x0.625/MERRA2/2019/07/MERRA2.20190701.A3cld.05x0625.nc4
2212.122,hit,false,0.000,0,418.659,321,GEOS_0.5x0.625/MERRA2/2019/07/MERRA2.20190701.A3cld.05x0625.nc4
2212.148,hit,false,0.000,0,418.686,321,GEOS_0.5x0.625/MERRA2/2019/07/MERRA2.20190701.A3cld.05x0625.nc4
2212.183,hit,false,0.000,0,418.720,321,GEOS_0.5x0.625/MERRA2/2019/07/MERRA2.20190701.A3cld.05x0625.nc4
2212.205,hit,false,0.000,0,418.742,321,GEOS_0.5x0.625/MERRA2/2019/07/MERRA2.20190701.A3cld.05x0625.nc4
2212.248,hit,false,0.000,0,418.785,321,GEOS_0.5x0.625/MERRA2/2019/07/MERRA2.20190701.A3cld.05x0625.nc4
2212.269,hit,false,0.000,0,418.806,321,GEOS_0.5x0.625/MERRA2/2019/07/MERRA2.20190701.A3cld.05x0625.nc4
2212.314,hit,false,0.000,0,418.851,321,GEOS_0.5x0.625/MERRA2/2019/07/MERRA2.20190701.A3cld.05x0625.nc4
2212.334,hit,false,0.000,0,418.872,321,GEOS_0.5x0.625/MERRA2/2019/07/MERRA2.20190701.A3cld.05x0625.nc4
2212.372,hit,false,0.000,0,418.908,322,GEOS_0.5x0.625/MERRA2/2019/07/MERRA2.20190701.A3cld.05x0625.nc4
2212.396,hit,false,0.000,0,418.932,322,GEOS_0.5x0.625/MERRA2/2019/07/MERRA2.20190701.A3cld.05x0625.nc4
2212.431,hit,false,0.000,0,418.966,322,GEOS_0.5x0.625/MERRA2/2019/07/MERRA2.20190701.A3cld.05x0625.nc4
2212.454,hit,false,0.000,0,418.989,322,GEOS_0.5x0.625/MERRA2/2019/07/MERRA2.20190701.A3cld.05x0625.nc4
2212.492,hit,false,0.000,0,419.027,322,GEOS_0.5x0.625/MERRA2/2019/07/MERRA2.20190701.A3cld.05x0625.nc4
2212.517,hit,false,0.000,0,419.052,322,GEOS_0.5x0.625/MERRA2/2019/07/MERRA2.20190701.A3cld.05x0625.nc4
2212.547,hit,false,0.000,0,419.083,322,GEOS_0.5x0.625/MERRA2/2019/07/MERRA2.20190701.A3cld.05x0625.nc4
2212.570,hit,false,0.000,0,419.105,322,GEOS_0.5x0.625/MERRA2/2019/07/MERRA2.20190701.A3cld.05x0625.nc4
2212.605,hit,false,0.000,0,419.139,323,GEOS_0.5x0.625/MERRA2/2019/07/MERRA2.20190701.A3cld.05x0625.nc4
2212.630,hit,false,0.000,0,419.164,323,GEOS_0.5x0.625/MERRA2/2019/07/MERRA2.20190701.A3cld.05x0625.nc4
2212.662,hit,false,0.000,0,419.195,323,GEOS_0.5x0.625/MERRA2/2019/07/MERRA2.20190701.A3cld.05x0625.nc4
2212.685,hit,false,0.000,0,419.219,323,GEOS_0.5x0.625/MERRA2/2019/07/MERRA2.20190701.A3cld.05x0625.nc4
2212.718,hit,false,0.000,0,419.252,323,GEOS_0.5x0.625/MERRA2/2019/07/MERRA2.20190701.A3cld.05x0625.nc4
2212.743,hit,false,0.000,0,419.276,323,GEOS_0.5x0.625/MERRA2/2019/07/MERRA2.20190701.A3cld.05x0625.nc4
2212.775,hit,false,0.000,0,419.309,323,GEOS_0.5x0.625/MERRA2/2019/07/MERRA2.20190701.A3cld.05x0625.nc4
2212.800,hit,false,0.000,0,419.334,323,GEOS_0.5x0.625/MERRA2/2019/07/MERRA2.20190701.A3cld.05x0625.nc4
2212.830,hit,false,0.000,0,419.362,324,GEOS_0.5x0.625/MERRA2/2019/07/MERRA2.20190701.A3cld.05x0625.nc4
2212.857,hit,false,0.000,0,419.389,324,GEOS_0.5x0.625/MERRA2/2019/07/MERRA2.20190701.A3cld.05x0625.nc4
2212.886,hit,false,0.000,0,419.419,324,GEOS_0.5x0.625/MERRA2/2019/07/MERRA2.20190701.A3cld.05x0625.nc4
2212.919,hit,false,0.000,0,419.451,324,GEOS_0.5x0.625/MERRA2/2019/07/MERRA2.20190701.A3cld.05x0625.nc4
2212.942,hit,false,0.000,0,419.475,324,GEOS_0.5x0.625/MERRA2/2019/07/MERRA2.20190701.A3cld.05x0625.nc4
2212.981,hit,false,0.000,0,419.513,324,GEOS_0.5x0.625/MERRA2/2019/07/MERRA2.20190701.A3cld.05x0625.nc4
2213.003,hit,false,0.000,0,419.535,324,GEOS_0.5x0.625/MERRA2/2019/07/MERRA2.20190701.A3cld.05x0625.nc4
2213.039,hit,false,0.000,0,419.571,324,GEOS_0.5x0.625/MERRA2/2019/07/MERRA2.20190701.A3cld.05x0625.nc4
2213.062,hit,false,0.000,0,419.592,325,GEOS_0.5x0.625/MERRA2/2019/07/MERRA2.20190701.A3cld.05x0625.nc4
2213.096,hit,false,0.000,0,419.627,325,GEOS_0.5x0.625/MERRA2/2019/07/MERRA2.20190701.A3cld.05x0625.nc4
2213.121,hit,false,0.000,0,419.652,325,GEOS_0.5x0.625/MERRA2/2019/07/MERRA2.20190701.A3cld.05x0625.nc4
2213.151,hit,false,0.000,0,419.682,325,GEOS_0.5x0.625/MERRA2/2019/07/MERRA2.20190701.A3cld.05x0625.nc4
2213.176,hit,false,0.000,0,419.706,325,GEOS_0.5x0.625/MERRA2/2019/07/MERRA2.20190701.A3cld.05x0625.nc4
2213.207,hit,false,0.000,0,419.737,325,GEOS_0.5x0.625/MERRA2/2019/07/MERRA2.20190701.A3cld.05x0625.nc4
2213.232,hit,false,0.000,0,419.762,325,GEOS_0.5x0.625/MERRA2/2019/07/MERRA2.20190701.A3cld.05x0625.nc4
2213.264,hit,false,0.000,0,419.795,325,GEOS_0.5x0.625/MERRA2/2019/07/MERRA2.20190701.A3cld.05x0625.nc4
2213.288,hit,false,0.000,0,419.817,326,GEOS_0.5x0.625/MERRA2/2019/07/MERRA2.20190701.A3cld.05x0625.nc4
2213.322,hit,false,0.000,0,419.851,326,GEOS_0.5x0.625/MERRA2/2019/07/MERRA2.20190701.A3cld.05x0625.nc4
2213.349,hit,false,0.000,0,419.878,326,GEOS_0.5x0.625/MERRA2/2019/07/MERRA2.20190701.A3cld.05x0625.nc4
2213.380,hit,false,0.000,0,419.909,326,GEOS_0.5x0.625/MERRA2/2019/07/MERRA2.20190701.A3cld.05x0625.nc4
2213.407,hit,false,0.000,0,419.936,326,GEOS_0.5x0.625/MERRA2/2019/07/MERRA2.20190701.A3cld.05x0625.nc4
2213.438,hit,false,0.000,0,419.967,326,GEOS_0.5x0.625/MERRA2/2019/07/MERRA2.20190701.A3cld.05x0625.nc4
2213.464,hit,false,0.000,0,419.994,326,GEOS_0.5x0.625/MERRA2/2019/07/MERRA2.20190701.A3cld.05x0625.nc4
2213.495,hit,false,0.000,0,420.025,326,GEOS_0.5x0.625/MERRA2/2019/07/MERRA2.20190701.A3cld.05x0625.nc4
2213.524,hit,false,0.000,0,420.051,327,GEOS_0.5x0.625/MERRA2/2019/07/MERRA2.20190701.A3cld.05x0625.nc4
2213.557,hit,false,0.000,0,420.084,327,GEOS_0.5x0.625/MERRA2/2019/07/MERRA2.20190701.A3cld.05x0625.nc4
2213.660,hit,false,0.000,0,420.187,327,GEOS_0.5x0.625/MERRA2/2019/07/MERRA2.20190701.A3cld.05x0625.nc4
2213.684,hit,false,0.000,0,420.211,327,GEOS_0.5x0.625/MERRA2/2019/07/MERRA2.20190701.A3cld.05x0625.nc4
2213.723,hit,false,0.000,0,420.250,327,GEOS_0.5x0.625/MERRA2/2019/07/MERRA2.20190701.A3cld.05x0625.nc4
2213.745,hit,false,0.000,0,420.272,327,GEOS_0.5x0.625/MERRA2/2019/07/MERRA2.20190701.A3cld.05x0625.nc4
2213.787,hit,false,0.000,0,420.314,327,GEOS_0.5x0.625/MERRA2/2019/07/MERRA2.20190701.A3cld.05x0625.nc4
2213.809,hit,false,0.000,0,420.336,327,GEOS_0.5x0.625/MERRA2/2019/07/MERRA2.20190701.A3cld.05x0625.nc4
2213.847,hit,false,0.000,0,420.367,328,GEOS_0.5x0.625/MERRA2/2019/07/MERRA2.20190701.A3cld.05x0625.nc4
2213.873,hit,false,0.000,0,420.393,328,GEOS_0.5x0.625/MERRA2/2019/07/MERRA2.20190701.A3cld.05x0625.nc4
2213.931,hit,false,0.000,0,420.451,328,GEOS_0.5x0.625/MERRA2/2019/07/MERRA2.20190701.A3cld.05x0625.nc4
2213.952,hit,false,0.000,0,420.472,328,GEOS_0.5x0.625/MERRA2/2019/07/MERRA2.20190701.A3cld.05x0625.nc4
2213.987,hit,false,0.000,0,420.507,328,GEOS_0.5x0.625/MERRA2/2019/07/MERRA2.20190701.A3cld.05x0625.nc4
2214.012,hit,false,0.000,0,420.532,328,GEOS_0.5x0.625/MERRA2/2019/07/MERRA2.20190701.A3cld.05x0625.nc4
2214.052,hit,false,0.000,0,420.572,328,GEOS_0.5x0.625/MERRA2/2019/07/MERRA2.20190701.A3cld.05x0625.nc4
2214.130,hit,false,0.000,0,420.650,328,GEOS_0.5x0.625/MERRA2/2019/07/MERRA2.20190701.A3cld.05x0625.nc4
2214.153,hit,false,0.000,0,420.671,329,GEOS_0.5x0.625/MERRA2/2019/07/MERRA2.20190701.A3cld.05x0625.nc4
2214.201,hit,false,0.000,0,420.719,329,GEOS_0.5x0.625/MERRA2/2019/07/MERRA2.20190701.A3cld.05x0625.nc4
2214.222,hit,false,0.000,0,420.740,329,GEOS_0.5x0.625/MERRA2/2019/07/MERRA2.20190701.A3cld.05x0625.nc4
2214.266,hit,false,0.000,0,420.784,329,GEOS_0.5x0.625/MERRA2/2019/07/MERRA2.20190701.A3cld.05x0625.nc4
2214.288,hit,false,0.000,0,420.806,329,GEOS_0.5x0.625/MERRA2/2019/07/MERRA2.20190701.A3cld.05x0625.nc4
2214.326,hit,false,0.000,0,420.843,329,GEOS_0.5x0.625/MERRA2/2019/07/MERRA2.20190701.A3cld.05x0625.nc4
2214.348,hit,false,0.000,0,420.866,329,GEOS_0.5x0.625/MERRA2/2019/07/MERRA2.20190701.A3cld.05x0625.nc4
2214.379,hit,false,0.000,0,420.897,329,GEOS_0.5x0.625/MERRA2/2019/07/MERRA2.20190701.A3cld.05x0625.nc4
2214.405,hit,false,0.000,0,420.921,330,GEOS_0.5x0.625/MERRA2/2019/07/MERRA2.20190701.A3cld.05x0625.nc4
2214.437,hit,false,0.000,0,420.953,330,GEOS_0.5x0.625/MERRA2/2019/07/MERRA2.20190701.A3cld.05x0625.nc4
2214.462,hit,false,0.000,0,420.978,330,GEOS_0.5x0.625/MERRA2/2019/07/MERRA2.20190701.A3cld.05x0625.nc4
2214.498,hit,false,0.000,0,421.015,330,GEOS_0.5x0.625/MERRA2/2019/07/MERRA2.20190701.A3cld.05x0625.nc4
2214.524,hit,false,0.000,0,421.040,330,GEOS_0.5x0.625/MERRA2/2019/07/MERRA2.20190701.A3cld.05x0625.nc4
2214.555,hit,false,0.000,0,421.071,330,GEOS_0.5x0.625/MERRA2/2019/07/MERRA2.20190701.A3cld.05x0625.nc4
2214.580,hit,false,0.000,0,421.097,330,GEOS_0.5x0.625/MERRA2/2019/07/MERRA2.20190701.A3cld.05x0625.nc4
2214.616,hit,false,0.000,0,421.132,330,GEOS_0.5x0.625/MERRA2/2019/07/MERRA2.20190701.A3cld.05x0625.nc4
2214.645,hit,false,0.000,0,421.160,331,GEOS_0.5x0.625/MERRA2/2019/07/MERRA2.20190701.A3cld.05x0625.nc4
2214.675,hit,false,0.000,0,421.190,331,GEOS_0.5x0.625/MERRA2/2019/07/MERRA2.20190701.A3cld.05x0625.nc4
2214.707,hit,false,0.000,0,421.222,331,GEOS_0.5x0.625/MERRA2/2019/07/MERRA2.20190701.A3cld.05x0625.nc4
2214.737,hit,false,0.000,0,421.251,331,GEOS_0.5x0.625/MERRA2/2019/07/MERRA2.20190701.A3cld.05x0625.nc4
2214.769,hit,false,0.000,0,421.284,331,GEOS_0.5x0.625/MERRA2/2019/07/MERRA2.20190701.A3cld.05x0625.nc4
2214.791,hit,false,0.000,0,421.306,331,GEOS_0.5x0.625/MERRA2/2019/07/MERRA2.20190701.A3cld.05x0625.nc4
2214.831,hit,false,0.000,0,421.345,331,GEOS_0.5x0.625/MERRA2/2019/07/MERRA2.20190701.A3cld.05x0625.nc4
2214.853,hit,false,0.000,0,421.367,331,GEOS_0.5x0.625/MERRA2/2019/07/MERRA2.20190701.A3cld.05x0625.nc4
2214.892,hit,false,0.000,0,421.405,332,GEOS_0.5x0.625/MERRA2/2019/07/MERRA2.20190701.A3cld.05x0625.nc4
2214.916,hit,false,0.000,0,421.429,332,GEOS_0.5x0.625/MERRA2/2019/07/MERRA2.20190701.A3cld.05x0625.nc4
2214.953,hit,false,0.000,0,421.466,332,GEOS_0.5x0.625/MERRA2/2019/07/MERRA2.20190701.A3cld.05x0625.nc4
2214.975,hit,false,0.000,0,421.488,332,GEOS_0.5x0.625/MERRA2/2019/07/MERRA2.20190701.A3cld.05x0625.nc4
2215.010,hit,false,0.000,0,421.523,332,GEOS_0.5x0.625/MERRA2/2019/07/MERRA2.20190701.A3cld.05x0625.nc4
2215.031,hit,false,0.000,0,421.544,332,GEOS_0.5x0.625/MERRA2/2019/07/MERRA2.20190701.A3cld.05x0625.nc4
2215.075,hit,false,0.000,0,421.588,332,GEOS_0.5x0.625/MERRA2/2019/07/MERRA2.20190701.A3cld.05x0625.nc4
2215.097,hit,false,0.000,0,421.610,332,GEOS_0.5x0.625/MERRA2/2019/07/MERRA2.20190701.A3cld.05x0625.nc4
2215.132,hit,false,0.000,0,421.644,333,GEOS_0.5x0.625/MERRA2/2019/07/MERRA2.20190701.A3cld.05x0625.nc4
2215.157,hit,false,0.000,0,421.669,333,GEOS_0.5x0.625/MERRA2/2019/07/MERRA2.20190701.A3cld.05x0625.nc4
2215.195,hit,false,0.000,0,421.706,333,GEOS_0.5x0.625/MERRA2/2019/07/MERRA2.20190701.A3cld.05x0625.nc4
2215.218,hit,false,0.000,0,421.729,333,GEOS_0.5x0.625/MERRA2/2019/07/MERRA2.20190701.A3cld.05x0625.nc4
2215.251,hit,false,0.000,0,421.763,333,GEOS_0.5x0.625/MERRA2/2019/07/MERRA2.20190701.A3cld.05x0625.nc4
2215.277,hit,false,0.000,0,421.788,333,GEOS_0.5x0.625/MERRA2/2019/07/MERRA2.20190701.A3cld.05x0625.nc4
2215.316,hit,false,0.000,0,421.828,333,GEOS_0.5x0.625/MERRA2/2019/07/MERRA2.20190701.A3cld.05x0625.nc4
2215.338,hit,false,0.000,0,421.850,333,GEOS_0.5x0.625/MERRA2/2019/07/MERRA2.20190701.A3cld.05x0625.nc4
2215.373,hit,false,0.000,0,421.883,334,GEOS_0.5x0.625/MERRA2/2019/07/MERRA2.20190701.A3cld.05x0625.nc4
2215.402,hit,false,0.000,0,421.911,334,GEOS_0.5x0.625/MERRA2/2019/07/MERRA2.20190701.A3cld.05x0625.nc4
2215.432,hit,false,0.000,0,421.941,334,GEOS_0.5x0.625/MERRA2/2019/07/MERRA2.20190701.A3cld.05x0625.nc4
2215.457,hit,false,0.000,0,421.967,334,GEOS_0.5x0.625/MERRA2/2019/07/MERRA2.20190701.A3cld.05x0625.nc4
2215.490,hit,false,0.000,0,422.000,334,GEOS_0.5x0.625/MERRA2/2019/07/MERRA2.20190701.A3cld.05x0625.nc4
2215.520,hit,false,0.000,0,422.030,334,GEOS_0.5x0.625/MERRA2/2019/07/MERRA2.20190701.A3cld.05x0625.nc4
2215.546,hit,false,0.000,0,422.056,334,GEOS_0.5x0.625/MERRA2/2019/07/MERRA2.20190701.A3cld.05x0625.nc4
2215.576,hit,false,0.000,0,422.086,334,GEOS_0.5x0.625/MERRA2/2019/07/MERRA2.20190701.A3cld.05x0625.nc4
2215.602,hit,false,0.000,0,422.109,335,GEOS_0.5x0.625/MERRA2/2019/07/MERRA2.20190701.A3cld.05x0625.nc4
2215.706,hit,false,0.000,0,422.214,335,GEOS_0.5x0.625/MERRA2/2019/07/MERRA2.20190701.A3cld.05x0625.nc4
2215.728,hit,false,0.000,0,422.236,335,GEOS_0.5x0.625/MERRA2/2019/07/MERRA2.20190701.A3cld.05x0625.nc4
2215.770,hit,false,0.000,0,422.277,335,GEOS_0.5x0.625/MERRA2/2019/07/MERRA2.20190701.A3cld.05x0625.nc4
2215.791,hit,false,0.000,0,422.299,335,GEOS_0.5x0.625/MERRA2/2019/07/MERRA2.20190701.A3cld.05x0625.nc4
2215.831,hit,false,0.000,0,422.339,335,GEOS_0.5x0.625/MERRA2/2019/07/MERRA2.20190701.A3cld.05x0625.nc4
2215.853,hit,false,0.000,0,422.361,335,GEOS_0.5x0.625/MERRA2/2019/07/MERRA2.20190701.A3cld.05x0625.nc4
2215.883,hit,false,0.000,0,422.391,335,GEOS_0.5x0.625/MERRA2/2019/07/MERRA2.20190701.A3cld.05x0625.nc4
2215.909,hit,false,0.000,0,422.208,336,GEOS_0.5x0.625/MERRA2/2019/07/MERRA2.20190701.A3cld.05x0625.nc4
2215.941,hit,false,0.000,0,422.241,336,GEOS_0.5x0.625/MERRA2/2019/07/MERRA2.20190701.A3cld.05x0625.nc4
2215.981,hit,false,0.000,0,422.281,336,GEOS_0.5x0.625/MERRA2/2019/07/MERRA2.20190701.A3cld.05x0625.nc4
2216.005,hit,false,0.000,0,422.304,336,GEOS_0.5x0.625/MERRA2/2019/07/MERRA2.20190701.A3cld.05x0625.nc4
2216.044,hit,false,0.000,0,422.343,336,GEOS_0.5x0.625/MERRA2/2019/07/MERRA2.20190701.A3cld.05x0625.nc4
2216.066,hit,false,0.000,0,422.366,336,GEOS_0.5x0.625/MERRA2/2019/07/MERRA2.20190701.A3cld.05x0625.nc4
2216.105,hit,false,0.000,0,422.404,336,GEOS_0.5x0.625/MERRA2/2019/07/MERRA2.20190701.A3cld.05x0625.nc4
2216.127,hit,false,0.000,0,422.426,336,GEOS_0.5x0.625/MERRA2/2019/07/MERRA2.20190701.A3cld.05x0625.nc4
2216.165,hit,false,0.000,0,422.276,337,GEOS_0.5x0.625/MERRA2/2019/07/MERRA2.20190701.A3cld.05x0625.nc4
2216.189,hit,false,0.000,0,422.300,337,GEOS_0.5x0.625/MERRA2/2019/07/MERRA2.20190701.A3cld.05x0625.nc4
2216.229,hit,false,0.000,0,422.339,337,GEOS_0.5x0.625/MERRA2/2019/07/MERRA2.20190701.A3cld.05x0625.nc4
2216.251,hit,false,0.000,0,422.362,337,GEOS_0.5x0.625/MERRA2/2019/07/MERRA2.20190701.A3cld.05x0625.nc4
2216.285,hit,false,0.000,0,422.396,337,GEOS_0.5x0.625/MERRA2/2019/07/MERRA2.20190701.A3cld.05x0625.nc4
2216.310,hit,false,0.000,0,422.420,337,GEOS_0.5x0.625/MERRA2/2019/07/MERRA2.20190701.A3cld.05x0625.nc4
2216.344,hit,false,0.000,0,422.454,337,GEOS_0.5x0.625/MERRA2/2019/07/MERRA2.20190701.A3cld.05x0625.nc4
2216.369,hit,false,0.000,0,422.480,337,GEOS_0.5x0.625/MERRA2/2019/07/MERRA2.20190701.A3cld.05x0625.nc4
2216.402,hit,false,0.000,0,422.509,338,GEOS_0.5x0.625/MERRA2/2019/07/MERRA2.20190701.A3cld.05x0625.nc4
2216.431,hit,false,0.000,0,422.538,338,GEOS_0.5x0.625/MERRA2/2019/07/MERRA2.20190701.A3cld.05x0625.nc4
2216.460,hit,false,0.000,0,422.567,338,GEOS_0.5x0.625/MERRA2/2019/07/MERRA2.20190701.A3cld.05x0625.nc4
2216.498,hit,false,0.000,0,422.605,338,GEOS_0.5x0.625/MERRA2/2019/07/MERRA2.20190701.A3cld.05x0625.nc4
2216.531,hit,false,0.000,0,422.638,338,GEOS_0.5x0.625/MERRA2/2019/07/MERRA2.20190701.A3cld.05x0625.nc4
2216.556,hit,false,0.000,0,422.663,338,GEOS_0.5x0.625/MERRA2/2019/07/MERRA2.20190701.A3cld.05x0625.nc4
2216.587,hit,false,0.000,0,422.694,338,GEOS_0.5x0.625/MERRA2/2019/07/MERRA2.20190701.A3cld.05x0625.nc4
2216.615,hit,false,0.000,0,422.722,338,GEOS_0.5x0.625/MERRA2/2019/07/MERRA2.20190701.A3cld.05x0625.nc4
2216.649,hit,false,0.000,0,422.755,339,GEOS_0.5x0.625/MERRA2/2019/07/MERRA2.20190701.A3cld.05x0625.nc4
2216.674,hit,false,0.000,0,422.780,339,GEOS_0.5x0.625/MERRA2/2019/07/MERRA2.20190701.A3cld.05x0625.nc4
2216.712,hit,false,0.000,0,422.818,339,GEOS_0.5x0.625/MERRA2/2019/07/MERRA2.20190701.A3cld.05x0625.nc4
2216.734,hit,false,0.000,0,422.840,339,GEOS_0.5x0.625/MERRA2/2019/07/MERRA2.20190701.A3cld.05x0625.nc4
2216.774,hit,false,0.000,0,422.880,339,GEOS_0.5x0.625/MERRA2/2019/07/MERRA2.20190701.A3cld.05x0625.nc4
2216.795,hit,false,0.000,0,422.901,339,GEOS_0.5x0.625/MERRA2/2019/07/MERRA2.20190701.A3cld.05x0625.nc4
2216.835,hit,false,0.000,0,422.941,339,GEOS_0.5x0.625/MERRA2/2019/07/MERRA2.20190701.A3cld.05x0625.nc4
2216.855,hit,false,0.000,0,422.961,339,GEOS_0.5x0.625/MERRA2/2019/07/MERRA2.20190701.A3cld.05x0625.nc4
2216.894,hit,false,0.000,0,422.998,340,GEOS_0.5x0.625/MERRA2/2019/07/MERRA2.20190701.A3cld.05x0625.nc4
2216.918,hit,false,0.000,0,423.022,340,GEOS_0.5x0.625/MERRA2/2019/07/MERRA2.20190701.A3cld.05x0625.nc4
2216.955,hit,false,0.000,0,423.059,340,GEOS_0.5x0.625/MERRA2/2019/07/MERRA2.20190701.A3cld.05x0625.nc4
2216.977,hit,false,0.000,0,423.081,340,GEOS_0.5x0.625/MERRA2/2019/07/MERRA2.20190701.A3cld.05x0625.nc4
2217.011,hit,false,0.000,0,423.115,340,GEOS_0.5x0.625/MERRA2/2019/07/MERRA2.20190701.A3cld.05x0625.nc4
2217.058,hit,false,0.000,0,423.162,340,GEOS_0.5x0.625/MERRA2/2019/07/MERRA2.20190701.A3cld.05x0625.nc4
2217.079,hit,false,0.000,0,423.184,340,GEOS_0.5x0.625/MERRA2/2019/07/MERRA2.20190701.A3cld.05x0625.nc4
2217.115,hit,false,0.000,0,423.219,340,GEOS_0.5x0.625/MERRA2/2019/07/MERRA2.20190701.A3cld.05x0625.nc4
2217.137,hit,false,0.000,0,423.240,341,GEOS_0.5x0.625/MERRA2/2019/07/MERRA2.20190701.A3cld.05x0625.nc4
2217.175,hit,false,0.000,0,423.278,341,GEOS_0.5x0.625/MERRA2/2019/07/MERRA2.20190701.A3cld.05x0625.nc4
2217.198,hit,false,0.000,0,423.300,341,GEOS_0.5x0.625/MERRA2/2019/07/MERRA2.20190701.A3cld.05x0625.nc4
2217.235,hit,false,0.000,0,423.337,341,GEOS_0.5x0.625/MERRA2/2019/07/MERRA2.20190701.A3cld.05x0625.nc4
2217.258,hit,false,0.000,0,423.360,341,GEOS_0.5x0.625/MERRA2/2019/07/MERRA2.20190701.A3cld.05x0625.nc4
2217.297,hit,false,0.000,0,423.400,341,GEOS_0.5x0.625/MERRA2/2019/07/MERRA2.20190701.A3cld.05x0625.nc4
2217.320,hit,false,0.000,0,423.422,341,GEOS_0.5x0.625/MERRA2/2019/07/MERRA2.20190701.A3cld.05x0625.nc4
2217.352,hit,false,0.000,0,423.454,341,GEOS_0.5x0.625/MERRA2/2019/07/MERRA2.20190701.A3cld.05x0625.nc4
2217.380,hit,false,0.000,0,423.481,342,GEOS_0.5x0.625/MERRA2/2019/07/MERRA2.20190701.A3cld.05x0625.nc4
2217.405,hit,false,0.000,0,423.506,342,GEOS_0.5x0.625/MERRA2/2019/07/MERRA2.20190701.A3cld.05x0625.nc4
2217.442,hit,false,0.000,0,423.542,342,GEOS_0.5x0.625/MERRA2/2019/07/MERRA2.20190701.A3cld.05x0625.nc4
2217.464,hit,false,0.000,0,423.565,342,GEOS_0.5x0.625/MERRA2/2019/07/MERRA2.20190701.A3cld.05x0625.nc4
2217.498,hit,false,0.000,0,423.599,342,GEOS_0.5x0.625/MERRA2/2019/07/MERRA2.20190701.A3cld.05x0625.nc4
2217.520,hit,false,0.000,0,423.621,342,GEOS_0.5x0.625/MERRA2/2019/07/MERRA2.20190701.A3cld.05x0625.nc4
2217.557,hit,false,0.000,0,423.658,342,GEOS_0.5x0.625/MERRA2/2019/07/MERRA2.20190701.A3cld.05x0625.nc4
2217.579,hit,false,0.000,0,423.679,342,GEOS_0.5x0.625/MERRA2/2019/07/MERRA2.20190701.A3cld.05x0625.nc4
2217.680,hit,false,0.000,0,423.779,343,GEOS_0.5x0.625/MERRA2/2019/07/MERRA2.20190701.A3cld.05x0625.nc4
2217.704,hit,false,0.000,0,423.803,343,GEOS_0.5x0.625/MERRA2/2019/07/MERRA2.20190701.A3cld.05x0625.nc4
2217.741,hit,false,0.000,0,423.840,343,GEOS_0.5x0.625/MERRA2/2019/07/MERRA2.20190701.A3cld.05x0625.nc4
2217.763,hit,false,0.000,0,423.862,343,GEOS_0.5x0.625/MERRA2/2019/07/MERRA2.20190701.A3cld.05x0625.nc4
2217.796,hit,false,0.000,0,423.895,343,GEOS_0.5x0.625/MERRA2/2019/07/MERRA2.20190701.A3cld.05x0625.nc4
2217.821,hit,false,0.000,0,423.920,343,GEOS_0.5x0.625/MERRA2/2019/07/MERRA2.20190701.A3cld.05x0625.nc4
2217.858,hit,false,0.000,0,423.957,343,GEOS_0.5x0.625/MERRA2/2019/07/MERRA2.20190701.A3cld.05x0625.nc4
2217.880,hit,false,0.000,0,423.979,343,GEOS_0.5x0.625/MERRA2/2019/07/MERRA2.20190701.A3cld.05x0625.nc4
2217.911,hit,false,0.000,0,424.501,344,GEOS_0.5x0.625/MERRA2/2019/07/MERRA2.20190701.A3cld.05x0625.nc4
2217.939,hit,false,0.000,0,424.528,344,GEOS_0.5x0.625/MERRA2/2019/07/MERRA2.20190701.A3cld.05x0625.nc4
2217.994,hit,false,0.000,0,424.584,344,GEOS_0.5x0.625/MERRA2/2019/07/MERRA2.20190701.A3cld.05x0625.nc4
2218.016,hit,false,0.000,0,424.605,344,GEOS_0.5x0.625/MERRA2/2019/07/MERRA2.20190701.A3cld.05x0625.nc4
2218.058,hit,false,0.000,0,424.648,344,GEOS_0.5x0.625/MERRA2/2019/07/MERRA2.20190701.A3cld.05x0625.nc4
2218.080,hit,false,0.000,0,424.669,344,GEOS_0.5x0.625/MERRA2/2019/07/MERRA2.20190701.A3cld.05x0625.nc4
2218.122,hit,false,0.000,0,424.712,344,GEOS_0.5x0.625/MERRA2/2019/07/MERRA2.20190701.A3cld.05x0625.nc4
2218.143,hit,false,0.000,0,424.733,344,GEOS_0.5x0.625/MERRA2/2019/07/MERRA2.20190701.A3cld.05x0625.nc4
2218.182,hit,false,0.000,0,424.766,345,GEOS_0.5x0.625/MERRA2/2019/07/MERRA2.20190701.A3cld.05x0625.nc4
2218.206,hit,false,0.000,0,424.790,345,GEOS_0.5x0.625/MERRA2/2019/07/MERRA2.20190701.A3cld.05x0625.nc4
2218.246,hit,false,0.000,0,424.829,345,GEOS_0.5x0.625/MERRA2/2019/07/MERRA2.20190701.A3cld.05x0625.nc4
2218.268,hit,false,0.000,0,424.851,345,GEOS_0.5x0.625/MERRA2/2019/07/MERRA2.20190701.A3cld.05x0625.nc4
2218.306,hit,false,0.000,0,424.890,345,GEOS_0.5x0.625/MERRA2/2019/07/MERRA2.20190701.A3cld.05x0625.nc4
2218.329,hit,false,0.000,0,424.912,345,GEOS_0.5x0.625/MERRA2/2019/07/MERRA2.20190701.A3cld.05x0625.nc4
2218.365,hit,false,0.000,0,424.948,345,GEOS_0.5x0.625/MERRA2/2019/07/MERRA2.20190701.A3cld.05x0625.nc4
2218.389,hit,false,0.000,0,424.973,345,GEOS_0.5x0.625/MERRA2/2019/07/MERRA2.20190701.A3cld.05x0625.nc4
2218.421,hit,false,0.000,0,425.002,346,GEOS_0.5x0.625/MERRA2/2019/07/MERRA2.20190701.A3cld.05x0625.nc4
2218.445,hit,false,0.000,0,425.027,346,GEOS_0.5x0.625/MERRA2/2019/07/MERRA2.20190701.A3cld.05x0625.nc4
2218.477,hit,false,0.000,0,425.059,346,GEOS_0.5x0.625/MERRA2/2019/07/MERRA2.20190701.A3cld.05x0625.nc4
2218.502,hit,false,0.000,0,425.084,346,GEOS_0.5x0.625/MERRA2/2019/07/MERRA2.20190701.A3cld.05x0625.nc4
2218.533,hit,false,0.000,0,425.115,346,GEOS_0.5x0.625/MERRA2/2019/07/MERRA2.20190701.A3cld.05x0625.nc4
2218.558,hit,false,0.000,0,425.139,346,GEOS_0.5x0.625/MERRA2/2019/07/MERRA2.20190701.A3cld.05x0625.nc4
2218.590,hit,false,0.000,0,425.172,346,GEOS_0.5x0.625/MERRA2/2019/07/MERRA2.20190701.A3cld.05x0625.nc4
2218.622,hit,false,0.000,0,425.203,346,GEOS_0.5x0.625/MERRA2/2019/07/MERRA2.20190701.A3cld.05x0625.nc4
2218.656,hit,false,0.000,0,425.236,347,GEOS_0.5x0.625/MERRA2/2019/07/MERRA2.20190701.A3cld.05x0625.nc4
2218.681,hit,false,0.000,0,425.260,347,GEOS_0.5x0.625/MERRA2/2019/07/MERRA2.20190701.A3cld.05x0625.nc4
2218.717,hit,false,0.000,0,425.297,347,GEOS_0.5x0.625/MERRA2/2019/07/MERRA2.20190701.A3cld.05x0625.nc4
2218.746,hit,false,0.000,0,425.326,347,GEOS_0.5x0.625/MERRA2/2019/07/MERRA2.20190701.A3cld.05x0625.nc4
2218.777,hit,false,0.000,0,425.357,347,GEOS_0.5x0.625/MERRA2/2019/07/MERRA2.20190701.A3cld.05x0625.nc4
2218.806,hit,false,0.000,0,425.385,347,GEOS_0.5x0.625/MERRA2/2019/07/MERRA2.20190701.A3cld.05x0625.nc4
2218.834,hit,false,0.000,0,425.413,347,GEOS_0.5x0.625/MERRA2/2019/07/MERRA2.20190701.A3cld.05x0625.nc4
2218.864,hit,false,0.000,0,425.443,347,GEOS_0.5x0.625/MERRA2/2019/07/MERRA2.20190701.A3cld.05x0625.nc4
2218.889,hit,false,0.000,0,425.464,348,GEOS_0.5x0.625/MERRA2/2019/07/MERRA2.20190701.A3cld.05x0625.nc4
2218.921,hit,false,0.000,0,425.495,348,GEOS_0.5x0.625/MERRA2/2019/07/MERRA2.20190701.A3cld.05x0625.nc4
2218.945,hit,false,0.000,0,425.520,348,GEOS_0.5x0.625/MERRA2/2019/07/MERRA2.20190701.A3cld.05x0625.nc4
2218.979,hit,false,0.000,0,425.553,348,GEOS_0.5x0.625/MERRA2/2019/07/MERRA2.20190701.A3cld.05x0625.nc4
2219.001,hit,false,0.000,0,425.576,348,GEOS_0.5x0.625/MERRA2/2019/07/MERRA2.20190701.A3cld.05x0625.nc4
2219.033,hit,false,0.000,0,425.608,348,GEOS_0.5x0.625/MERRA2/2019/07/MERRA2.20190701.A3cld.05x0625.nc4
2219.059,hit,false,0.000,0,425.634,348,GEOS_0.5x0.625/MERRA2/2019/07/MERRA2.20190701.A3cld.05x0625.nc4
2219.090,hit,false,0.000,0,425.665,348,GEOS_0.5x0.625/MERRA2/2019/07/MERRA2.20190701.A3cld.05x0625.nc4
2219.113,hit,false,0.000,0,425.685,349,GEOS_0.5x0.625/MERRA2/2019/07/MERRA2.20190701.A3cld.05x0625.nc4
2219.153,hit,false,0.000,0,425.725,349,GEOS_0.5x0.625/MERRA2/2019/07/MERRA2.20190701.A3cld.05x0625.nc4
2219.174,hit,false,0.000,0,425.746,349,GEOS_0.5x0.625/MERRA2/2019/07/MERRA2.20190701.A3cld.05x0625.nc4
2219.210,hit,false,0.000,0,425.782,349,GEOS_0.5x0.625/MERRA2/2019/07/MERRA2.20190701.A3cld.05x0625.nc4
2219.233,hit,false,0.000,0,425.805,349,GEOS_0.5x0.625/MERRA2/2019/07/MERRA2.20190701.A3cld.05x0625.nc4
2219.264,hit,false,0.000,0,425.836,349,GEOS_0.5x0.625/MERRA2/2019/07/MERRA2.20190701.A3cld.05x0625.nc4
2219.291,hit,false,0.000,0,425.864,349,GEOS_0.5x0.625/MERRA2/2019/07/MERRA2.20190701.A3cld.05x0625.nc4
2219.321,hit,false,0.000,0,425.893,349,GEOS_0.5x0.625/MERRA2/2019/07/MERRA2.20190701.A3cld.05x0625.nc4
2219.349,hit,false,0.000,0,425.919,350,GEOS_0.5x0.625/MERRA2/2019/07/MERRA2.20190701.A3cld.05x0625.nc4
2219.394,hit,false,0.000,0,425.965,350,GEOS_0.5x0.625/MERRA2/2019/07/MERRA2.20190701.A3cld.05x0625.nc4
2219.415,hit,false,0.000,0,425.986,350,GEOS_0.5x0.625/MERRA2/2019/07/MERRA2.20190701.A3cld.05x0625.nc4
2219.448,hit,false,0.000,0,426.019,350,GEOS_0.5x0.625/MERRA2/2019/07/MERRA2.20190701.A3cld.05x0625.nc4
2219.473,hit,false,0.000,0,426.044,350,GEOS_0.5x0.625/MERRA2/2019/07/MERRA2.20190701.A3cld.05x0625.nc4
2219.504,hit,false,0.000,0,426.074,350,GEOS_0.5x0.625/MERRA2/2019/07/MERRA2.20190701.A3cld.05x0625.nc4
2219.526,hit,false,0.000,0,426.097,350,GEOS_0.5x0.625/MERRA2/2019/07/MERRA2.20190701.A3cld.05x0625.nc4
2219.629,hit,false,0.000,0,426.200,350,GEOS_0.5x0.625/MERRA2/2019/07/MERRA2.20190701.A3cld.05x0625.nc4
2219.651,hit,false,0.000,0,426.220,351,GEOS_0.5x0.625/MERRA2/2019/07/MERRA2.20190701.A3cld.05x0625.nc4
2219.693,hit,false,0.000,0,426.261,351,GEOS_0.5x0.625/MERRA2/2019/07/MERRA2.20190701.A3cld.05x0625.nc4
2219.714,hit,false,0.000,0,426.283,351,GEOS_0.5x0.625/MERRA2/2019/07/MERRA2.20190701.A3cld.05x0625.nc4
2219.750,hit,false,0.000,0,426.319,351,GEOS_0.5x0.625/MERRA2/2019/07/MERRA2.20190701.A3cld.05x0625.nc4
2219.773,hit,false,0.000,0,426.342,351,GEOS_0.5x0.625/MERRA2/2019/07/MERRA2.20190701.A3cld.05x0625.nc4
2219.807,hit,false,0.000,0,426.376,351,GEOS_0.5x0.625/MERRA2/2019/07/MERRA2.20190701.A3cld.05x0625.nc4
2219.833,hit,false,0.000,0,426.402,351,GEOS_0.5x0.625/MERRA2/2019/07/MERRA2.20190701.A3cld.05x0625.nc4
2219.869,hit,false,0.000,0,426.438,351,GEOS_0.5x0.625/MERRA2/2019/07/MERRA2.20190701.A3cld.05x0625.nc4
2219.891,hit,false,0.000,0,426.370,352,GEOS_0.5x0.625/MERRA2/2019/07/MERRA2.20190701.A3cld.05x0625.nc4
2219.932,hit,false,0.000,0,426.410,352,GEOS_0.5x0.625/MERRA2/2019/07/MERRA2.20190701.A3cld.05x0625.nc4
2219.954,hit,false,0.000,0,426.432,352,GEOS_0.5x0.625/MERRA2/2019/07/MERRA2.20190701.A3cld.05x0625.nc4
2219.987,hit,false,0.000,0,426.466,352,GEOS_0.5x0.625/MERRA2/2019/07/MERRA2.20190701.A3cld.05x0625.nc4
2220.012,hit,false,0.000,0,426.491,352,GEOS_0.5x0.625/MERRA2/2019/07/MERRA2.20190701.A3cld.05x0625.nc4
2220.045,hit,false,0.000,0,426.524,352,GEOS_0.5x0.625/MERRA2/2019/07/MERRA2.20190701.A3cld.05x0625.nc4
2220.068,hit,false,0.000,0,426.546,352,GEOS_0.5x0.625/MERRA2/2019/07/MERRA2.20190701.A3cld.05x0625.nc4
2220.102,hit,false,0.000,0,426.581,352,GEOS_0.5x0.625/MERRA2/2019/07/MERRA2.20190701.A3cld.05x0625.nc4
2220.127,hit,false,0.000,0,426.603,353,GEOS_0.5x0.625/MERRA2/2019/07/MERRA2.20190701.A3cld.05x0625.nc4
2220.158,hit,false,0.000,0,426.634,353,GEOS_0.5x0.625/MERRA2/2019/07/MERRA2.20190701.A3cld.05x0625.nc4
2220.184,hit,false,0.000,0,426.659,353,GEOS_0.5x0.625/MERRA2/2019/07/MERRA2.20190701.A3cld.05x0625.nc4
2220.217,hit,false,0.000,0,426.693,353,GEOS_0.5x0.625/MERRA2/2019/07/MERRA2.20190701.A3cld.05x0625.nc4
2220.246,hit,false,0.000,0,426.722,353,GEOS_0.5x0.625/MERRA2/2019/07/MERRA2.20190701.A3cld.05x0625.nc4
2220.281,hit,false,0.000,0,426.757,353,GEOS_0.5x0.625/MERRA2/2019/07/MERRA2.20190701.A3cld.05x0625.nc4
2220.312,hit,false,0.000,0,426.787,353,GEOS_0.5x0.625/MERRA2/2019/07/MERRA2.20190701.A3cld.05x0625.nc4
2220.341,hit,false,0.000,0,426.817,353,GEOS_0.5x0.625/MERRA2/2019/07/MERRA2.20190701.A3cld.05x0625.nc4
2220.369,hit,false,0.000,0,426.842,354,GEOS_0.5x0.625/MERRA2/2019/07/MERRA2.20190701.A3cld.05x0625.nc4
2220.405,hit,false,0.000,0,426.878,354,GEOS_0.5x0.625/MERRA2/2019/07/MERRA2.20190701.A3cld.05x0625.nc4
2220.427,hit,false,0.000,0,426.901,354,GEOS_0.5x0.625/MERRA2/2019/07/MERRA2.20190701.A3cld.05x0625.nc4
2220.464,hit,false,0.000,0,426.938,354,GEOS_0.5x0.625/MERRA2/2019/07/MERRA2.20190701.A3cld.05x0625.nc4
2220.487,hit,false,0.000,0,426.960,354,GEOS_0.5x0.625/MERRA2/2019/07/MERRA2.20190701.A3cld.05x0625.nc4
2220.519,hit,false,0.000,0,426.992,354,GEOS_0.5x0.625/MERRA2/2019/07/MERRA2.20190701.A3cld.05x0625.nc4
2220.544,hit,false,0.000,0,427.017,354,GEOS_0.5x0.625/MERRA2/2019/07/MERRA2.20190701.A3cld.05x0625.nc4
2220.575,hit,false,0.000,0,427.048,354,GEOS_0.5x0.625/MERRA2/2019/07/MERRA2.20190701.A3cld.05x0625.nc4
2220.600,hit,false,0.000,0,427.072,355,GEOS_0.5x0.625/MERRA2/2019/07/MERRA2.20190701.A3cld.05x0625.nc4
2220.635,hit,false,0.000,0,427.106,355,GEOS_0.5x0.625/MERRA2/2019/07/MERRA2.20190701.A3cld.05x0625.nc4
2220.657,hit,false,0.000,0,427.129,355,GEOS_0.5x0.625/MERRA2/2019/07/MERRA2.20190701.A3cld.05x0625.nc4
2220.691,hit,false,0.000,0,427.163,355,GEOS_0.5x0.625/MERRA2/2019/07/MERRA2.20190701.A3cld.05x0625.nc4
2220.717,hit,false,0.000,0,427.188,355,GEOS_0.5x0.625/MERRA2/2019/07/MERRA2.20190701.A3cld.05x0625.nc4
2220.747,hit,false,0.000,0,427.218,355,GEOS_0.5x0.625/MERRA2/2019/07/MERRA2.20190701.A3cld.05x0625.nc4
2220.775,hit,false,0.000,0,427.247,355,GEOS_0.5x0.625/MERRA2/2019/07/MERRA2.20190701.A3cld.05x0625.nc4
2220.806,hit,false,0.000,0,427.278,355,GEOS_0.5x0.625/MERRA2/2019/07/MERRA2.20190701.A3cld.05x0625.nc4
2220.834,hit,false,0.000,0,427.303,356,GEOS_0.5x0.625/MERRA2/2019/07/MERRA2.20190701.A3cld.05x0625.nc4
2220.865,hit,false,0.000,0,427.334,356,GEOS_0.5x0.625/MERRA2/2019/07/MERRA2.20190701.A3cld.05x0625.nc4
2220.894,hit,false,0.000,0,427.362,356,GEOS_0.5x0.625/MERRA2/2019/07/MERRA2.20190701.A3cld.05x0625.nc4
2220.923,hit,false,0.000,0,427.392,356,GEOS_0.5x0.625/MERRA2/2019/07/MERRA2.20190701.A3cld.05x0625.nc4
2220.953,hit,false,0.000,0,427.422,356,GEOS_0.5x0.625/MERRA2/2019/07/MERRA2.20190701.A3cld.05x0625.nc4
2220.982,hit,false,0.000,0,427.450,356,GEOS_0.5x0.625/MERRA2/2019/07/MERRA2.20190701.A3cld.05x0625.nc4
2221.011,hit,false,0.000,0,427.479,356,GEOS_0.5x0.625/MERRA2/2019/07/MERRA2.20190701.A3cld.05x0625.nc4
2221.034,hit,false,0.000,0,427.502,356,GEOS_0.5x0.625/MERRA2/2019/07/MERRA2.20190701.A3cld.05x0625.nc4
2221.068,hit,false,0.000,0,427.534,357,GEOS_0.5x0.625/MERRA2/2019/07/MERRA2.20190701.A3cld.05x0625.nc4
2221.098,hit,false,0.000,0,427.564,357,GEOS_0.5x0.625/MERRA2/2019/07/MERRA2.20190701.A3cld.05x0625.nc4
2221.123,hit,false,0.000,0,427.589,357,GEOS_0.5x0.625/MERRA2/2019/07/MERRA2.20190701.A3cld.05x0625.nc4
2221.156,hit,false,0.000,0,427.622,357,GEOS_0.5x0.625/MERRA2/2019/07/MERRA2.20190701.A3cld.05x0625.nc4
2221.182,hit,false,0.000,0,427.648,357,GEOS_0.5x0.625/MERRA2/2019/07/MERRA2.20190701.A3cld.05x0625.nc4
2221.212,hit,false,0.000,0,427.678,357,GEOS_0.5x0.625/MERRA2/2019/07/MERRA2.20190701.A3cld.05x0625.nc4
2221.236,hit,false,0.000,0,427.702,357,GEOS_0.5x0.625/MERRA2/2019/07/MERRA2.20190701.A3cld.05x0625.nc4
2221.267,hit,false,0.000,0,427.733,357,GEOS_0.5x0.625/MERRA2/2019/07/MERRA2.20190701.A3cld.05x0625.nc4
2221.289,hit,false,0.000,0,427.753,358,GEOS_0.5x0.625/MERRA2/2019/07/MERRA2.20190701.A3cld.05x0625.nc4
2221.327,hit,false,0.000,0,427.791,358,GEOS_0.5x0.625/MERRA2/2019/07/MERRA2.20190701.A3cld.05x0625.nc4
2221.349,hit,false,0.000,0,427.814,358,GEOS_0.5x0.625/MERRA2/2019/07/MERRA2.20190701.A3cld.05x0625.nc4
2221.386,hit,false,0.000,0,427.850,358,GEOS_0.5x0.625/MERRA2/2019/07/MERRA2.20190701.A3cld.05x0625.nc4
2221.408,hit,false,0.000,0,427.872,358,GEOS_0.5x0.625/MERRA2/2019/07/MERRA2.20190701.A3cld.05x0625.nc4
2221.438,hit,false,0.000,0,427.902,358,GEOS_0.5x0.625/MERRA2/2019/07/MERRA2.20190701.A3cld.05x0625.nc4
2221.534,hit,false,0.000,0,427.998,358,GEOS_0.5x0.625/MERRA2/2019/07/MERRA2.20190701.A3cld.05x0625.nc4
2221.557,hit,false,0.000,0,428.021,358,GEOS_0.5x0.625/MERRA2/2019/07/MERRA2.20190701.A3cld.05x0625.nc4
2221.589,hit,false,0.000,0,428.049,359,GEOS_0.5x0.625/MERRA2/2019/07/MERRA2.20190701.A3cld.05x0625.nc4
2221.615,hit,false,0.000,0,428.075,359,GEOS_0.5x0.625/MERRA2/2019/07/MERRA2.20190701.A3cld.05x0625.nc4
2221.647,hit,false,0.000,0,428.107,359,GEOS_0.5x0.625/MERRA2/2019/07/MERRA2.20190701.A3cld.05x0625.nc4
2221.669,hit,false,0.000,0,428.129,359,GEOS_0.5x0.625/MERRA2/2019/07/MERRA2.20190701.A3cld.05x0625.nc4
2221.705,hit,false,0.000,0,428.165,359,GEOS_0.5x0.625/MERRA2/2019/07/MERRA2.20190701.A3cld.05x0625.nc4
2221.727,hit,false,0.000,0,428.187,359,GEOS_0.5x0.625/MERRA2/2019/07/MERRA2.20190701.A3cld.05x0625.nc4
2221.763,hit,false,0.000,0,428.224,359,GEOS_0.5x0.625/MERRA2/2019/07/MERRA2.20190701.A3cld.05x0625.nc4
2221.785,hit,false,0.000,0,428.246,359,GEOS_0.5x0.625/MERRA2/2019/07/MERRA2.20190701.A3cld.05x0625.nc4
2221.824,hit,false,0.000,0,428.046,360,GEOS_0.5x0.625/MERRA2/2019/07/MERRA2.20190701.A3cld.05x0625.nc4
2221.848,hit,false,0.000,0,428.071,360,GEOS_0.5x0.625/MERRA2/2019/07/MERRA2.20190701.A3cld.05x0625.nc4
2221.897,hit,false,0.000,0,428.119,360,GEOS_0.5x0.625/MERRA2/2019/07/MERRA2.20190701.A3cld.05x0625.nc4
2221.917,hit,false,0.000,0,428.140,360,GEOS_0.5x0.625/MERRA2/2019/07/MERRA2.20190701.A3cld.05x0625.nc4
2221.958,hit,false,0.000,0,428.180,360,GEOS_0.5x0.625/MERRA2/2019/07/MERRA2.20190701.A3cld.05x0625.nc4
2221.979,hit,false,0.000,0,428.202,360,GEOS_0.5x0.625/MERRA2/2019/07/MERRA2.20190701.A3cld.05x0625.nc4
2222.018,hit,false,0.000,0,428.240,360,GEOS_0.5x0.625/MERRA2/2019/07/MERRA2.20190701.A3cld.05x0625.nc4
2222.040,hit,false,0.000,0,428.262,360,GEOS_0.5x0.625/MERRA2/2019/07/MERRA2.20190701.A3cld.05x0625.nc4
2222.075,hit,false,0.000,0,428.296,361,GEOS_0.5x0.625/MERRA2/2019/07/MERRA2.20190701.A3cld.05x0625.nc4
2222.103,hit,false,0.000,0,428.323,361,GEOS_0.5x0.625/MERRA2/2019/07/MERRA2.20190701.A3cld.05x0625.nc4
2222.137,hit,false,0.000,0,428.358,361,GEOS_0.5x0.625/MERRA2/2019/07/MERRA2.20190701.A3cld.05x0625.nc4
2222.165,hit,false,0.000,0,428.386,361,GEOS_0.5x0.625/MERRA2/2019/07/MERRA2.20190701.A3cld.05x0625.nc4
2222.190,hit,false,0.000,0,428.410,361,GEOS_0.5x0.625/MERRA2/2019/07/MERRA2.20190701.A3cld.05x0625.nc4
2222.224,hit,false,0.000,0,428.444,361,GEOS_0.5x0.625/MERRA2/2019/07/MERRA2.20190701.A3cld.05x0625.nc4
2222.248,hit,false,0.000,0,428.468,361,GEOS_0.5x0.625/MERRA2/2019/07/MERRA2.20190701.A3cld.05x0625.nc4
2222.279,hit,false,0.000,0,428.499,361,GEOS_0.5x0.625/MERRA2/2019/07/MERRA2.20190701.A3cld.05x0625.nc4
2222.304,hit,false,0.000,0,428.522,362,GEOS_0.5x0.625/MERRA2/2019/07/MERRA2.20190701.A3cld.05x0625.nc4
2222.339,hit,false,0.000,0,428.557,362,GEOS_0.5x0.625/MERRA2/2019/07/MERRA2.20190701.A3cld.05x0625.nc4
2222.363,hit,false,0.000,0,428.581,362,GEOS_0.5x0.625/MERRA2/2019/07/MERRA2.20190701.A3cld.05x0625.nc4
2222.392,hit,false,0.000,0,428.611,362,GEOS_0.5x0.625/MERRA2/2019/07/MERRA2.20190701.A3cld.05x0625.nc4
2222.419,hit,false,0.000,0,428.637,362,GEOS_0.5x0.625/MERRA2/2019/07/MERRA2.20190701.A3cld.05x0625.nc4
2222.452,hit,false,0.000,0,428.671,362,GEOS_0.5x0.625/MERRA2/2019/07/MERRA2.20190701.A3cld.05x0625.nc4
2222.476,hit,false,0.000,0,428.695,362,GEOS_0.5x0.625/MERRA2/2019/07/MERRA2.20190701.A3cld.05x0625.nc4
2222.510,hit,false,0.000,0,428.729,362,GEOS_0.5x0.625/MERRA2/2019/07/MERRA2.20190701.A3cld.05x0625.nc4
2222.536,hit,false,0.000,0,428.752,363,GEOS_0.5x0.625/MERRA2/2019/07/MERRA2.20190701.A3cld.05x0625.nc4
2222.570,hit,false,0.000,0,428.786,363,GEOS_0.5x0.625/MERRA2/2019/07/MERRA2.20190701.A3cld.05x0625.nc4
2222.606,hit,false,0.000,0,428.822,363,GEOS_0.5x0.625/MERRA2/2019/07/MERRA2.20190701.A3cld.05x0625.nc4
2222.638,hit,false,0.000,0,428.854,363,GEOS_0.5x0.625/MERRA2/2019/07/MERRA2.20190701.A3cld.05x0625.nc4
2222.666,hit,false,0.000,0,428.882,363,GEOS_0.5x0.625/MERRA2/2019/07/MERRA2.20190701.A3cld.05x0625.nc4
2222.695,hit,false,0.000,0,428.911,363,GEOS_0.5x0.625/MERRA2/2019/07/MERRA2.20190701.A3cld.05x0625.nc4
2222.725,hit,false,0.000,0,428.941,363,GEOS_0.5x0.625/MERRA2/2019/07/MERRA2.20190701.A3cld.05x0625.nc4
2222.754,hit,false,0.000,0,428.970,363,GEOS_0.5x0.625/MERRA2/2019/07/MERRA2.20190701.A3cld.05x0625.nc4
2222.782,hit,false,0.000,0,428.996,364,GEOS_0.5x0.625/MERRA2/2019/07/MERRA2.20190701.A3cld.05x0625.nc4
2222.814,hit,false,0.000,0,429.028,364,GEOS_0.5x0.625/MERRA2/2019/07/MERRA2.20190701.A3cld.05x0625.nc4
2222.844,hit,false,0.000,0,429.058,364,GEOS_0.5x0.625/MERRA2/2019/07/MERRA2.20190701.A3cld.05x0625.nc4
2222.872,hit,false,0.000,0,429.086,364,GEOS_0.5x0.625/MERRA2/2019/07/MERRA2.20190701.A3cld.05x0625.nc4
2222.903,hit,false,0.000,0,429.118,364,GEOS_0.5x0.625/MERRA2/2019/07/MERRA2.20190701.A3cld.05x0625.nc4
2222.931,hit,false,0.000,0,429.146,364,GEOS_0.5x0.625/MERRA2/2019/07/MERRA2.20190701.A3cld.05x0625.nc4
2222.963,hit,false,0.000,0,429.177,364,GEOS_0.5x0.625/MERRA2/2019/07/MERRA2.20190701.A3cld.05x0625.nc4
2222.992,hit,false,0.000,0,429.206,364,GEOS_0.5x0.625/MERRA2/2019/07/MERRA2.20190701.A3cld.05x0625.nc4
2223.020,hit,false,0.000,0,429.233,365,GEOS_0.5x0.625/MERRA2/2019/07/MERRA2.20190701.A3cld.05x0625.nc4
2223.055,hit,false,0.000,0,429.267,365,GEOS_0.5x0.625/MERRA2/2019/07/MERRA2.20190701.A3cld.05x0625.nc4
2223.080,hit,false,0.000,0,429.293,365,GEOS_0.5x0.625/MERRA2/2019/07/MERRA2.20190701.A3cld.05x0625.nc4
2223.111,hit,false,0.000,0,429.324,365,GEOS_0.5x0.625/MERRA2/2019/07/MERRA2.20190701.A3cld.05x0625.nc4
2223.138,hit,false,0.000,0,429.350,365,GEOS_0.5x0.625/MERRA2/2019/07/MERRA2.20190701.A3cld.05x0625.nc4
2223.167,hit,false,0.000,0,429.380,365,GEOS_0.5x0.625/MERRA2/2019/07/MERRA2.20190701.A3cld.05x0625.nc4
2223.198,hit,false,0.000,0,429.411,365,GEOS_0.5x0.625/MERRA2/2019/07/MERRA2.20190701.A3cld.05x0625.nc4
2223.223,hit,false,0.000,0,429.435,365,GEOS_0.5x0.625/MERRA2/2019/07/MERRA2.20190701.A3cld.05x0625.nc4
2223.252,hit,false,0.000,0,429.463,366,GEOS_0.5x0.625/MERRA2/2019/07/MERRA2.20190701.A3cld.05x0625.nc4
2223.279,hit,false,0.000,0,429.490,366,GEOS_0.5x0.625/MERRA2/2019/07/MERRA2.20190701.A3cld.05x0625.nc4
2223.308,hit,false,0.000,0,429.519,366,GEOS_0.5x0.625/MERRA2/2019/07/MERRA2.20190701.A3cld.05x0625.nc4
2223.337,hit,false,0.000,0,429.548,366,GEOS_0.5x0.625/MERRA2/2019/07/MERRA2.20190701.A3cld.05x0625.nc4
2223.365,hit,false,0.000,0,429.576,366,GEOS_0.5x0.625/MERRA2/2019/07/MERRA2.20190701.A3cld.05x0625.nc4
2223.471,hit,false,0.000,0,429.682,366,GEOS_0.5x0.625/MERRA2/2019/07/MERRA2.20190701.A3cld.05x0625.nc4
2223.492,hit,false,0.000,0,429.703,366,GEOS_0.5x0.625/MERRA2/2019/07/MERRA2.20190701.A3cld.05x0625.nc4
2223.531,hit,false,0.000,0,429.742,366,GEOS_0.5x0.625/MERRA2/2019/07/MERRA2.20190701.A3cld.05x0625.nc4
2223.552,hit,false,0.000,0,429.761,367,GEOS_0.5x0.625/MERRA2/2019/07/MERRA2.20190701.A3cld.05x0625.nc4
2223.593,hit,false,0.000,0,429.802,367,GEOS_0.5x0.625/MERRA2/2019/07/MERRA2.20190701.A3cld.05x0625.nc4
2223.614,hit,false,0.000,0,429.823,367,GEOS_0.5x0.625/MERRA2/2019/07/MERRA2.20190701.A3cld.05x0625.nc4
2223.653,hit,false,0.000,0,429.862,367,GEOS_0.5x0.625/MERRA2/2019/07/MERRA2.20190701.A3cld.05x0625.nc4
2223.674,hit,false,0.000,0,429.883,367,GEOS_0.5x0.625/MERRA2/2019/07/MERRA2.20190701.A3cld.05x0625.nc4
2223.711,hit,false,0.000,0,429.920,367,GEOS_0.5x0.625/MERRA2/2019/07/MERRA2.20190701.A3cld.05x0625.nc4
2223.733,hit,false,0.000,0,429.942,367,GEOS_0.5x0.625/MERRA2/2019/07/MERRA2.20190701.A3cld.05x0625.nc4
2223.764,hit,false,0.000,0,429.973,367,GEOS_0.5x0.625/MERRA2/2019/07/MERRA2.20190701.A3cld.05x0625.nc4
2223.788,hit,false,0.000,0,430.348,368,GEOS_0.5x0.625/MERRA2/2019/07/MERRA2.20190701.A3cld.05x0625.nc4
2223.823,hit,false,0.000,0,430.384,368,GEOS_0.5x0.625/MERRA2/2019/07/MERRA2.20190701.A3cld.05x0625.nc4
2223.860,hit,false,0.000,0,430.420,368,GEOS_0.5x0.625/MERRA2/2019/07/MERRA2.20190701.A3cld.05x0625.nc4
2223.883,hit,false,0.000,0,430.443,368,GEOS_0.5x0.625/MERRA2/2019/07/MERRA2.20190701.A3cld.05x0625.nc4
2223.921,hit,false,0.000,0,430.482,368,GEOS_0.5x0.625/MERRA2/2019/07/MERRA2.20190701.A3cld.05x0625.nc4
2223.943,hit,false,0.000,0,430.503,368,GEOS_0.5x0.625/MERRA2/2019/07/MERRA2.20190701.A3cld.05x0625.nc4
2223.977,hit,false,0.000,0,430.538,368,GEOS_0.5x0.625/MERRA2/2019/07/MERRA2.20190701.A3cld.05x0625.nc4
2224.003,hit,false,0.000,0,430.563,368,GEOS_0.5x0.625/MERRA2/2019/07/MERRA2.20190701.A3cld.05x0625.nc4
2224.034,hit,false,0.000,0,430.590,369,GEOS_0.5x0.625/MERRA2/2019/07/MERRA2.20190701.A3cld.05x0625.nc4
2224.065,hit,false,0.000,0,430.621,369,GEOS_0.5x0.625/MERRA2/2019/07/MERRA2.20190701.A3cld.05x0625.nc4
2224.095,hit,false,0.000,0,430.651,369,GEOS_0.5x0.625/MERRA2/2019/07/MERRA2.20190701.A3cld.05x0625.nc4
2224.125,hit,false,0.000,0,430.682,369,GEOS_0.5x0.625/MERRA2/2019/07/MERRA2.20190701.A3cld.05x0625.nc4
2224.154,hit,false,0.000,0,430.710,369,GEOS_0.5x0.625/MERRA2/2019/07/MERRA2.20190701.A3cld.05x0625.nc4
2224.182,hit,false,0.000,0,430.739,369,GEOS_0.5x0.625/MERRA2/2019/07/MERRA2.20190701.A3cld.05x0625.nc4
2224.214,hit,false,0.000,0,430.770,369,GEOS_0.5x0.625/MERRA2/2019/07/MERRA2.20190701.A3cld.05x0625.nc4
2224.236,hit,false,0.000,0,430.792,369,GEOS_0.5x0.625/MERRA2/2019/07/MERRA2.20190701.A3cld.05x0625.nc4
2224.269,hit,false,0.000,0,430.823,370,GEOS_0.5x0.625/MERRA2/2019/07/MERRA2.20190701.A3cld.05x0625.nc4
2224.296,hit,false,0.000,0,430.851,370,GEOS_0.5x0.625/MERRA2/2019/07/MERRA2.20190701.A3cld.05x0625.nc4
2224.328,hit,false,0.000,0,430.882,370,GEOS_0.5x0.625/MERRA2/2019/07/MERRA2.20190701.A3cld.05x0625.nc4
2224.350,hit,false,0.000,0,430.904,370,GEOS_0.5x0.625/MERRA2/2019/07/MERRA2.20190701.A3cld.05x0625.nc4
2224.380,hit,false,0.000,0,430.934,370,GEOS_0.5x0.625/MERRA2/2019/07/MERRA2.20190701.A3cld.05x0625.nc4
2224.406,hit,false,0.000,0,430.960,370,GEOS_0.5x0.625/MERRA2/2019/07/MERRA2.20190701.A3cld.05x0625.nc4
2224.437,hit,false,0.000,0,430.991,370,GEOS_0.5x0.625/MERRA2/2019/07/MERRA2.20190701.A3cld.05x0625.nc4
2224.459,hit,false,0.000,0,431.013,370,GEOS_0.5x0.625/MERRA2/2019/07/MERRA2.20190701.A3cld.05x0625.nc4
2224.498,hit,false,0.000,0,431.050,371,GEOS_0.5x0.625/MERRA2/2019/07/MERRA2.20190701.A3cld.05x0625.nc4
2224.522,hit,false,0.000,0,431.074,371,GEOS_0.5x0.625/MERRA2/2019/07/MERRA2.20190701.A3cld.05x0625.nc4
2224.559,hit,false,0.000,0,431.111,371,GEOS_0.5x0.625/MERRA2/2019/07/MERRA2.20190701.A3cld.05x0625.nc4
2224.581,hit,false,0.000,0,431.133,371,GEOS_0.5x0.625/MERRA2/2019/07/MERRA2.20190701.A3cld.05x0625.nc4
2224.617,hit,false,0.000,0,431.169,371,GEOS_0.5x0.625/MERRA2/2019/07/MERRA2.20190701.A3cld.05x0625.nc4
2224.640,hit,false,0.000,0,431.192,371,GEOS_0.5x0.625/MERRA2/2019/07/MERRA2.20190701.A3cld.05x0625.nc4
2224.675,hit,false,0.000,0,431.227,371,GEOS_0.5x0.625/MERRA2/2019/07/MERRA2.20190701.A3cld.05x0625.nc4
2224.699,hit,false,0.000,0,431.251,371,GEOS_0.5x0.625/MERRA2/2019/07/MERRA2.20190701.A3cld.05x0625.nc4
2224.733,hit,false,0.000,0,431.283,372,GEOS_0.5x0.625/MERRA2/2019/07/MERRA2.20190701.A3cld.05x0625.nc4
2224.761,hit,false,0.000,0,431.311,372,GEOS_0.5x0.625/MERRA2/2019/07/MERRA2.20190701.A3cld.05x0625.nc4
2224.793,hit,false,0.000,0,431.343,372,GEOS_0.5x0.625/MERRA2/2019/07/MERRA2.20190701.A3cld.05x0625.nc4
2224.817,hit,false,0.000,0,431.367,372,GEOS_0.5x0.625/MERRA2/2019/07/MERRA2.20190701.A3cld.05x0625.nc4
2224.850,hit,false,0.000,0,431.400,372,GEOS_0.5x0.625/MERRA2/2019/07/MERRA2.20190701.A3cld.05x0625.nc4
2224.876,hit,false,0.000,0,431.426,372,GEOS_0.5x0.625/MERRA2/2019/07/MERRA2.20190701.A3cld.05x0625.nc4
2224.909,hit,false,0.000,0,431.459,372,GEOS_0.5x0.625/MERRA2/2019/07/MERRA2.20190701.A3cld.05x0625.nc4
2224.937,hit,false,0.000,0,431.487,372,GEOS_0.5x0.625/MERRA2/2019/07/MERRA2.20190701.A3cld.05x0625.nc4
2224.971,hit,false,0.000,0,431.519,373,GEOS_0.5x0.625/MERRA2/2019/07/MERRA2.20190701.A3cld.05x0625.nc4
2224.998,hit,false,0.000,0,431.547,373,GEOS_0.5x0.625/MERRA2/2019/07/MERRA2.20190701.A3cld.05x0625.nc4
2225.031,hit,false,0.000,0,431.580,373,GEOS_0.5x0.625/MERRA2/2019/07/MERRA2.20190701.A3cld.05x0625.nc4
2225.062,hit,false,0.000,0,431.611,373,GEOS_0.5x0.625/MERRA2/2019/07/MERRA2.20190701.A3cld.05x0625.nc4
2225.092,hit,false,0.000,0,431.641,373,GEOS_0.5x0.625/MERRA2/2019/07/MERRA2.20190701.A3cld.05x0625.nc4
2225.121,hit,false,0.000,0,431.670,373,GEOS_0.5x0.625/MERRA2/2019/07/MERRA2.20190701.A3cld.05x0625.nc4
2225.152,hit,false,0.000,0,431.701,373,GEOS_0.5x0.625/MERRA2/2019/07/MERRA2.20190701.A3cld.05x0625.nc4
2225.181,hit,false,0.000,0,431.730,373,GEOS_0.5x0.625/MERRA2/2019/07/MERRA2.20190701.A3cld.05x0625.nc4
2225.211,hit,false,0.000,0,431.757,374,GEOS_0.5x0.625/MERRA2/2019/07/MERRA2.20190701.A3cld.05x0625.nc4
2225.243,hit,false,0.000,0,431.790,374,GEOS_0.5x0.625/MERRA2/2019/07/MERRA2.20190701.A3cld.05x0625.nc4
2225.272,hit,false,0.000,0,431.819,374,GEOS_0.5x0.625/MERRA2/2019/07/MERRA2.20190701.A3cld.05x0625.nc4
2225.302,hit,false,0.000,0,431.849,374,GEOS_0.5x0.625/MERRA2/2019/07/MERRA2.20190701.A3cld.05x0625.nc4
2225.400,hit,false,0.000,0,431.947,374,GEOS_0.5x0.625/MERRA2/2019/07/MERRA2.20190701.A3cld.05x0625.nc4
2225.422,hit,false,0.000,0,431.969,374,GEOS_0.5x0.625/MERRA2/2019/07/MERRA2.20190701.A3cld.05x0625.nc4
2225.464,hit,false,0.000,0,432.010,374,GEOS_0.5x0.625/MERRA2/2019/07/MERRA2.20190701.A3cld.05x0625.nc4
2225.484,hit,false,0.000,0,432.031,374,GEOS_0.5x0.625/MERRA2/2019/07/MERRA2.20190701.A3cld.05x0625.nc4
2225.521,hit,false,0.000,0,432.066,375,GEOS_0.5x0.625/MERRA2/2019/07/MERRA2.20190701.A3cld.05x0625.nc4
2225.549,hit,false,0.000,0,432.093,375,GEOS_0.5x0.625/MERRA2/2019/07/MERRA2.20190701.A3cld.05x0625.nc4
2225.582,hit,false,0.000,0,432.127,375,GEOS_0.5x0.625/MERRA2/2019/07/MERRA2.20190701.A3cld.05x0625.nc4
2225.610,hit,false,0.000,0,432.155,375,GEOS_0.5x0.625/MERRA2/2019/07/MERRA2.20190701.A3cld.05x0625.nc4
2225.643,hit,false,0.000,0,432.188,375,GEOS_0.5x0.625/MERRA2/2019/07/MERRA2.20190701.A3cld.05x0625.nc4
2225.672,hit,false,0.000,0,432.217,375,GEOS_0.5x0.625/MERRA2/2019/07/MERRA2.20190701.A3cld.05x0625.nc4
2225.704,hit,false,0.000,0,432.249,375,GEOS_0.5x0.625/MERRA2/2019/07/MERRA2.20190701.A3cld.05x0625.nc4
2225.727,hit,false,0.000,0,432.272,375,GEOS_0.5x0.625/MERRA2/2019/07/MERRA2.20190701.A3cld.05x0625.nc4
2225.760,hit,false,0.000,0,432.224,376,GEOS_0.5x0.625/MERRA2/2019/07/MERRA2.20190701.A3cld.05x0625.nc4
2225.787,hit,false,0.000,0,432.251,376,GEOS_0.5x0.625/MERRA2/2019/07/MERRA2.20190701.A3cld.05x0625.nc4
2225.833,hit,false,0.000,0,432.297,376,GEOS_0.5x0.625/MERRA2/2019/07/MERRA2.20190701.A3cld.05x0625.nc4
2225.853,hit,false,0.000,0,432.317,376,GEOS_0.5x0.625/MERRA2/2019/07/MERRA2.20190701.A3cld.05x0625.nc4
2225.895,hit,false,0.000,0,432.359,376,GEOS_0.5x0.625/MERRA2/2019/07/MERRA2.20190701.A3cld.05x0625.nc4
2225.917,hit,false,0.000,0,432.381,376,GEOS_0.5x0.625/MERRA2/2019/07/MERRA2.20190701.A3cld.05x0625.nc4
2225.958,hit,false,0.000,0,432.422,376,GEOS_0.5x0.625/MERRA2/2019/07/MERRA2.20190701.A3cld.05x0625.nc4
2225.982,hit,false,0.000,0,432.447,376,GEOS_0.5x0.625/MERRA2/2019/07/MERRA2.20190701.A3cld.05x0625.nc4
2226.015,hit,false,0.000,0,432.476,377,GEOS_0.5x0.625/MERRA2/2019/07/MERRA2.20190701.A3cld.05x0625.nc4
2226.040,hit,false,0.000,0,432.501,377,GEOS_0.5x0.625/MERRA2/2019/07/MERRA2.20190701.A3cld.05x0625.nc4
2226.070,hit,false,0.000,0,432.531,377,GEOS_0.5x0.625/MERRA2/2019/07/MERRA2.20190701.A3cld.05x0625.nc4
2226.095,hit,false,0.000,0,432.556,377,GEOS_0.5x0.625/MERRA2/2019/07/MERRA2.20190701.A3cld.05x0625.nc4
2226.123,hit,false,0.000,0,432.585,377,GEOS_0.5x0.625/MERRA2/2019/07/MERRA2.20190701.A3cld.05x0625.nc4
2226.149,hit,false,0.000,0,432.610,377,GEOS_0.5x0.625/MERRA2/2019/07/MERRA2.20190701.A3cld.05x0625.nc4
2226.178,hit,false,0.000,0,432.640,377,GEOS_0.5x0.625/MERRA2/2019/07/MERRA2.20190701.A3cld.05x0625.nc4
2226.202,hit,false,0.000,0,432.664,377,GEOS_0.5x0.625/MERRA2/2019/07/MERRA2.20190701.A3cld.05x0625.nc4
2226.232,hit,false,0.000,0,432.690,378,GEOS_0.5x0.625/MERRA2/2019/07/MERRA2.20190701.A3cld.05x0625.nc4
2226.261,hit,false,0.000,0,432.720,378,GEOS_0.5x0.625/MERRA2/2019/07/MERRA2.20190701.A3cld.05x0625.nc4
2226.293,hit,false,0.000,0,432.751,378,GEOS_0.5x0.625/MERRA2/2019/07/MERRA2.20190701.A3cld.05x0625.nc4
2226.323,hit,false,0.000,0,432.782,378,GEOS_0.5x0.625/MERRA2/2019/07/MERRA2.20190701.A3cld.05x0625.nc4
2226.348,hit,false,0.000,0,432.806,378,GEOS_0.5x0.625/MERRA2/2019/07/MERRA2.20190701.A3cld.05x0625.nc4
2226.380,hit,false,0.000,0,432.839,378,GEOS_0.5x0.625/MERRA2/2019/07/MERRA2.20190701.A3cld.05x0625.nc4
2226.405,hit,false,0.000,0,432.863,378,GEOS_0.5x0.625/MERRA2/2019/07/MERRA2.20190701.A3cld.05x0625.nc4
2226.436,hit,false,0.000,0,432.894,378,GEOS_0.5x0.625/MERRA2/2019/07/MERRA2.20190701.A3cld.05x0625.nc4
2226.459,hit,false,0.000,0,432.915,379,GEOS_0.5x0.625/MERRA2/2019/07/MERRA2.20190701.A3cld.05x0625.nc4
2226.506,hit,false,0.000,0,432.963,379,GEOS_0.5x0.625/MERRA2/2019/07/MERRA2.20190701.A3cld.05x0625.nc4
2226.528,hit,false,0.000,0,432.985,379,GEOS_0.5x0.625/MERRA2/2019/07/MERRA2.20190701.A3cld.05x0625.nc4
2226.571,hit,false,0.000,0,433.027,379,GEOS_0.5x0.625/MERRA2/2019/07/MERRA2.20190701.A3cld.05x0625.nc4
2226.592,hit,false,0.000,0,433.049,379,GEOS_0.5x0.625/MERRA2/2019/07/MERRA2.20190701.A3cld.05x0625.nc4
2226.629,hit,false,0.000,0,433.085,379,GEOS_0.5x0.625/MERRA2/2019/07/MERRA2.20190701.A3cld.05x0625.nc4
2226.654,hit,false,0.000,0,433.111,379,GEOS_0.5x0.625/MERRA2/2019/07/MERRA2.20190701.A3cld.05x0625.nc4
2226.686,hit,false,0.000,0,433.143,379,GEOS_0.5x0.625/MERRA2/2019/07/MERRA2.20190701.A3cld.05x0625.nc4
2226.709,hit,false,0.000,0,433.164,380,GEOS_0.5x0.625/MERRA2/2019/07/MERRA2.20190701.A3cld.05x0625.nc4
2226.747,hit,false,0.000,0,433.202,380,GEOS_0.5x0.625/MERRA2/2019/07/MERRA2.20190701.A3cld.05x0625.nc4
2226.772,hit,false,0.000,0,433.227,380,GEOS_0.5x0.625/MERRA2/2019/07/MERRA2.20190701.A3cld.05x0625.nc4
2226.809,hit,false,0.000,0,433.264,380,GEOS_0.5x0.625/MERRA2/2019/07/MERRA2.20190701.A3cld.05x0625.nc4
2226.830,hit,false,0.000,0,433.286,380,GEOS_0.5x0.625/MERRA2/2019/07/MERRA2.20190701.A3cld.05x0625.nc4
2226.864,hit,false,0.000,0,433.319,380,GEOS_0.5x0.625/MERRA2/2019/07/MERRA2.20190701.A3cld.05x0625.nc4
2226.891,hit,false,0.000,0,433.346,380,GEOS_0.5x0.625/MERRA2/2019/07/MERRA2.20190701.A3cld.05x0625.nc4
2226.922,hit,false,0.000,0,433.377,380,GEOS_0.5x0.625/MERRA2/2019/07/MERRA2.20190701.A3cld.05x0625.nc4
2226.945,hit,false,0.000,0,433.398,381,GEOS_0.5x0.625/MERRA2/2019/07/MERRA2.20190701.A3cld.05x0625.nc4
2226.983,hit,false,0.000,0,433.436,381,GEOS_0.5x0.625/MERRA2/2019/07/MERRA2.20190701.A3cld.05x0625.nc4
2227.004,hit,false,0.000,0,433.457,381,GEOS_0.5x0.625/MERRA2/2019/07/MERRA2.20190701.A3cld.05x0625.nc4
2227.037,hit,false,0.000,0,433.491,381,GEOS_0.5x0.625/MERRA2/2019/07/MERRA2.20190701.A3cld.05x0625.nc4
2227.062,hit,false,0.000,0,433.516,381,GEOS_0.5x0.625/MERRA2/2019/07/MERRA2.20190701.A3cld.05x0625.nc4
2227.097,hit,false,0.000,0,433.550,381,GEOS_0.5x0.625/MERRA2/2019/07/MERRA2.20190701.A3cld.05x0625.nc4
2227.126,hit,false,0.000,0,433.579,381,GEOS_0.5x0.625/MERRA2/2019/07/MERRA2.20190701.A3cld.05x0625.nc4
2227.156,hit,false,0.000,0,433.609,381,GEOS_0.5x0.625/MERRA2/2019/07/MERRA2.20190701.A3cld.05x0625.nc4
2227.185,hit,false,0.000,0,433.636,382,GEOS_0.5x0.625/MERRA2/2019/07/MERRA2.20190701.A3cld.05x0625.nc4
2227.220,hit,false,0.000,0,433.672,382,GEOS_0.5x0.625/MERRA2/2019/07/MERRA2.20190701.A3cld.05x0625.nc4
2227.246,hit,false,0.000,0,433.698,382,GEOS_0.5x0.625/MERRA2/2019/07/MERRA2.20190701.A3cld.05x0625.nc4
2227.349,hit,false,0.000,0,433.801,382,GEOS_0.5x0.625/MERRA2/2019/07/MERRA2.20190701.A3cld.05x0625.nc4
2227.371,hit,false,0.000,0,433.823,382,GEOS_0.5x0.625/MERRA2/2019/07/MERRA2.20190701.A3cld.05x0625.nc4
2227.408,hit,false,0.000,0,433.860,382,GEOS_0.5x0.625/MERRA2/2019/07/MERRA2.20190701.A3cld.05x0625.nc4
2227.446,hit,false,0.000,0,433.898,382,GEOS_0.5x0.625/MERRA2/2019/07/MERRA2.20190701.A3cld.05x0625.nc4
2227.468,hit,false,0.000,0,433.920,382,GEOS_0.5x0.625/MERRA2/2019/07/MERRA2.20190701.A3cld.05x0625.nc4
2227.505,hit,false,0.000,0,433.955,383,GEOS_0.5x0.625/MERRA2/2019/07/MERRA2.20190701.A3cld.05x0625.nc4
2227.529,hit,false,0.000,0,433.979,383,GEOS_0.5x0.625/MERRA2/2019/07/MERRA2.20190701.A3cld.05x0625.nc4
2227.571,hit,false,0.000,0,434.021,383,GEOS_0.5x0.625/MERRA2/2019/07/MERRA2.20190701.A3cld.05x0625.nc4
2227.593,hit,false,0.000,0,434.043,383,GEOS_0.5x0.625/MERRA2/2019/07/MERRA2.20190701.A3cld.05x0625.nc4
2227.633,hit,false,0.000,0,434.082,383,GEOS_0.5x0.625/MERRA2/2019/07/MERRA2.20190701.A3cld.05x0625.nc4
2227.655,hit,false,0.000,0,434.104,383,GEOS_0.5x0.625/MERRA2/2019/07/MERRA2.20190701.A3cld.05x0625.nc4
2227.691,hit,false,0.000,0,434.141,383,GEOS_0.5x0.625/MERRA2/2019/07/MERRA2.20190701.A3cld.05x0625.nc4
2227.713,hit,false,0.000,0,434.163,383,GEOS_0.5x0.625/MERRA2/2019/07/MERRA2.20190701.A3cld.05x0625.nc4
2227.748,hit,false,0.000,0,434.046,384,GEOS_0.5x0.625/MERRA2/2019/07/MERRA2.20190701.A3cld.05x0625.nc4
2227.773,hit,false,0.000,0,434.071,384,GEOS_0.5x0.625/MERRA2/2019/07/MERRA2.20190701.A3cld.05x0625.nc4
2227.817,hit,false,0.000,0,434.115,384,GEOS_0.5x0.625/MERRA2/2019/07/MERRA2.20190701.A3cld.05x0625.nc4
2227.838,hit,false,0.000,0,434.136,384,GEOS_0.5x0.625/MERRA2/2019/07/MERRA2.20190701.A3cld.05x0625.nc4
2227.874,hit,false,0.000,0,434.172,384,GEOS_0.5x0.625/MERRA2/2019/07/MERRA2.20190701.A3cld.05x0625.nc4
2227.902,hit,false,0.000,0,434.200,384,GEOS_0.5x0.625/MERRA2/2019/07/MERRA2.20190701.A3cld.05x0625.nc4
2227.933,hit,false,0.000,0,434.231,384,GEOS_0.5x0.625/MERRA2/2019/07/MERRA2.20190701.A3cld.05x0625.nc4
2227.964,hit,false,0.000,0,434.262,384,GEOS_0.5x0.625/MERRA2/2019/07/MERRA2.20190701.A3cld.05x0625.nc4
2227.992,hit,false,0.000,0,434.198,385,GEOS_0.5x0.625/MERRA2/2019/07/MERRA2.20190701.A3cld.05x0625.nc4
2228.024,hit,false,0.000,0,434.231,385,GEOS_0.5x0.625/MERRA2/2019/07/MERRA2.20190701.A3cld.05x0625.nc4
2228.054,hit,false,0.000,0,434.260,385,GEOS_0.5x0.625/MERRA2/2019/07/MERRA2.20190701.A3cld.05x0625.nc4
2228.085,hit,false,0.000,0,434.291,385,GEOS_0.5x0.625/MERRA2/2019/07/MERRA2.20190701.A3cld.05x0625.nc4
2228.112,hit,false,0.000,0,434.318,385,GEOS_0.5x0.625/MERRA2/2019/07/MERRA2.20190701.A3cld.05x0625.nc4
2228.143,hit,false,0.000,0,434.350,385,GEOS_0.5x0.625/MERRA2/2019/07/MERRA2.20190701.A3cld.05x0625.nc4
2228.173,hit,false,0.000,0,434.380,385,GEOS_0.5x0.625/MERRA2/2019/07/MERRA2.20190701.A3cld.05x0625.nc4
2228.206,hit,false,0.000,0,434.412,385,GEOS_0.5x0.625/MERRA2/2019/07/MERRA2.20190701.A3cld.05x0625.nc4
2228.234,hit,false,0.000,0,434.438,386,GEOS_0.5x0.625/MERRA2/2019/07/MERRA2.20190701.A3cld.05x0625.nc4
2228.267,hit,false,0.000,0,434.472,386,GEOS_0.5x0.625/MERRA2/2019/07/MERRA2.20190701.A3cld.05x0625.nc4
2228.295,hit,false,0.000,0,434.500,386,GEOS_0.5x0.625/MERRA2/2019/07/MERRA2.20190701.A3cld.05x0625.nc4
2228.326,hit,false,0.000,0,434.531,386,GEOS_0.5x0.625/MERRA2/2019/07/MERRA2.20190701.A3cld.05x0625.nc4
2228.349,hit,false,0.000,0,434.554,386,GEOS_0.5x0.625/MERRA2/2019/07/MERRA2.20190701.A3cld.05x0625.nc4
2228.382,hit,false,0.000,0,434.587,386,GEOS_0.5x0.625/MERRA2/2019/07/MERRA2.20190701.A3cld.05x0625.nc4
2228.407,hit,false,0.000,0,434.612,386,GEOS_0.5x0.625/MERRA2/2019/07/MERRA2.20190701.A3cld.05x0625.nc4
2228.438,hit,false,0.000,0,434.643,386,GEOS_0.5x0.625/MERRA2/2019/07/MERRA2.20190701.A3cld.05x0625.nc4
2228.462,hit,false,0.000,0,434.666,387,GEOS_0.5x0.625/MERRA2/2019/07/MERRA2.20190701.A3cld.05x0625.nc4
2228.499,hit,false,0.000,0,434.702,387,GEOS_0.5x0.625/MERRA2/2019/07/MERRA2.20190701.A3cld.05x0625.nc4
2228.522,hit,false,0.000,0,434.725,387,GEOS_0.5x0.625/MERRA2/2019/07/MERRA2.20190701.A3cld.05x0625.nc4
2228.558,hit,false,0.000,0,434.761,387,GEOS_0.5x0.625/MERRA2/2019/07/MERRA2.20190701.A3cld.05x0625.nc4
2228.586,hit,false,0.000,0,434.789,387,GEOS_0.5x0.625/MERRA2/2019/07/MERRA2.20190701.A3cld.05x0625.nc4
2228.619,hit,false,0.000,0,434.822,387,GEOS_0.5x0.625/MERRA2/2019/07/MERRA2.20190701.A3cld.05x0625.nc4
2228.650,hit,false,0.000,0,434.853,387,GEOS_0.5x0.625/MERRA2/2019/07/MERRA2.20190701.A3cld.05x0625.nc4
2228.678,hit,false,0.000,0,434.881,387,GEOS_0.5x0.625/MERRA2/2019/07/MERRA2.20190701.A3cld.05x0625.nc4
2228.710,hit,false,0.000,0,434.911,388,GEOS_0.5x0.625/MERRA2/2019/07/MERRA2.20190701.A3cld.05x0625.nc4
2228.737,hit,false,0.000,0,434.939,388,GEOS_0.5x0.625/MERRA2/2019/07/MERRA2.20190701.A3cld.05x0625.nc4
2228.769,hit,false,0.000,0,434.971,388,GEOS_0.5x0.625/MERRA2/2019/07/MERRA2.20190701.A3cld.05x0625.nc4
2228.791,hit,false,0.000,0,434.993,388,GEOS_0.5x0.625/MERRA2/2019/07/MERRA2.20190701.A3cld.05x0625.nc4
2228.834,hit,false,0.000,0,435.036,388,GEOS_0.5x0.625/MERRA2/2019/07/MERRA2.20190701.A3cld.05x0625.nc4
2228.856,hit,false,0.000,0,435.058,388,GEOS_0.5x0.625/MERRA2/2019/07/MERRA2.20190701.A3cld.05x0625.nc4
2228.888,hit,false,0.000,0,435.090,388,GEOS_0.5x0.625/MERRA2/2019/07/MERRA2.20190701.A3cld.05x0625.nc4
2228.913,hit,false,0.000,0,435.114,388,GEOS_0.5x0.625/MERRA2/2019/07/MERRA2.20190701.A3cld.05x0625.nc4
2228.946,hit,false,0.000,0,435.146,389,GEOS_0.5x0.625/MERRA2/2019/07/MERRA2.20190701.A3cld.05x0625.nc4
2228.973,hit,false,0.000,0,435.172,389,GEOS_0.5x0.625/MERRA2/2019/07/MERRA2.20190701.A3cld.05x0625.nc4
2229.008,hit,false,0.000,0,435.207,389,GEOS_0.5x0.625/MERRA2/2019/07/MERRA2.20190701.A3cld.05x0625.nc4
2229.032,hit,false,0.000,0,435.232,389,GEOS_0.5x0.625/MERRA2/2019/07/MERRA2.20190701.A3cld.05x0625.nc4
2229.065,hit,false,0.000,0,435.264,389,GEOS_0.5x0.625/MERRA2/2019/07/MERRA2.20190701.A3cld.05x0625.nc4
2229.087,hit,false,0.000,0,435.286,389,GEOS_0.5x0.625/MERRA2/2019/07/MERRA2.20190701.A3cld.05x0625.nc4
2229.123,hit,false,0.000,0,435.322,389,GEOS_0.5x0.625/MERRA2/2019/07/MERRA2.20190701.A3cld.05x0625.nc4
2229.145,hit,false,0.000,0,435.344,389,GEOS_0.5x0.625/MERRA2/2019/07/MERRA2.20190701.A3cld.05x0625.nc4
2229.183,hit,false,0.000,0,435.381,390,GEOS_0.5x0.625/MERRA2/2019/07/MERRA2.20190701.A3cld.05x0625.nc4
2229.207,hit,false,0.000,0,435.405,390,GEOS_0.5x0.625/MERRA2/2019/07/MERRA2.20190701.A3cld.05x0625.nc4
2229.316,hit,false,0.000,0,435.514,390,GEOS_0.5x0.625/MERRA2/2019/07/MERRA2.20190701.A3cld.05x0625.nc4
2229.338,hit,false,0.000,0,435.536,390,GEOS_0.5x0.625/MERRA2/2019/07/MERRA2.20190701.A3cld.05x0625.nc4
2229.378,hit,false,0.000,0,435.576,390,GEOS_0.5x0.625/MERRA2/2019/07/MERRA2.20190701.A3cld.05x0625.nc4
2229.417,hit,false,0.000,0,435.615,390,GEOS_0.5x0.625/MERRA2/2019/07/MERRA2.20190701.A3cld.05x0625.nc4
2229.440,hit,false,0.000,0,435.638,390,GEOS_0.5x0.625/MERRA2/2019/07/MERRA2.20190701.A3cld.05x0625.nc4
2229.473,hit,false,0.000,0,435.671,390,GEOS_0.5x0.625/MERRA2/2019/07/MERRA2.20190701.A3cld.05x0625.nc4
2229.499,hit,false,0.000,0,435.692,391,GEOS_0.5x0.625/MERRA2/2019/07/MERRA2.20190701.A3cld.05x0625.nc4
2229.531,hit,false,0.000,0,435.724,391,GEOS_0.5x0.625/MERRA2/2019/07/MERRA2.20190701.A3cld.05x0625.nc4
2229.562,hit,false,0.000,0,435.755,391,GEOS_0.5x0.625/MERRA2/2019/07/MERRA2.20190701.A3cld.05x0625.nc4
2229.588,hit,false,0.000,0,435.781,391,GEOS_0.5x0.625/MERRA2/2019/07/MERRA2.20190701.A3cld.05x0625.nc4
2229.622,hit,false,0.000,0,435.815,391,GEOS_0.5x0.625/MERRA2/2019/07/MERRA2.20190701.A3cld.05x0625.nc4
2229.646,hit,false,0.000,0,435.839,391,GEOS_0.5x0.625/MERRA2/2019/07/MERRA2.20190701.A3cld.05x0625.nc4
2229.679,hit,false,0.000,0,435.872,391,GEOS_0.5x0.625/MERRA2/2019/07/MERRA2.20190701.A3cld.05x0625.nc4
2229.703,hit,false,0.000,0,435.896,391,GEOS_0.5x0.625/MERRA2/2019/07/MERRA2.20190701.A3cld.05x0625.nc4
2229.735,hit,false,0.000,0,436.392,392,GEOS_0.5x0.625/MERRA2/2019/07/MERRA2.20190701.A3cld.05x0625.nc4
2229.763,hit,false,0.000,0,436.420,392,GEOS_0.5x0.625/MERRA2/2019/07/MERRA2.20190701.A3cld.05x0625.nc4
2229.810,hit,false,0.000,0,436.468,392,GEOS_0.5x0.625/MERRA2/2019/07/MERRA2.20190701.A3cld.05x0625.nc4
2229.833,hit,false,0.000,0,436.491,392,GEOS_0.5x0.625/MERRA2/2019/07/MERRA2.20190701.A3cld.05x0625.nc4
2229.867,hit,false,0.000,0,436.525,392,GEOS_0.5x0.625/MERRA2/2019/07/MERRA2.20190701.A3cld.05x0625.nc4
2229.892,hit,false,0.000,0,436.550,392,GEOS_0.5x0.625/MERRA2/2019/07/MERRA2.20190701.A3cld.05x0625.nc4
2229.925,hit,false,0.000,0,436.583,392,GEOS_0.5x0.625/MERRA2/2019/07/MERRA2.20190701.A3cld.05x0625.nc4
2229.954,hit,false,0.000,0,436.612,392,GEOS_0.5x0.625/MERRA2/2019/07/MERRA2.20190701.A3cld.05x0625.nc4
2229.983,hit,false,0.000,0,436.637,393,GEOS_0.5x0.625/MERRA2/2019/07/MERRA2.20190701.A3cld.05x0625.nc4
2230.020,hit,false,0.000,0,436.674,393,GEOS_0.5x0.625/MERRA2/2019/07/MERRA2.20190701.A3cld.05x0625.nc4
2230.043,hit,false,0.000,0,436.697,393,GEOS_0.5x0.625/MERRA2/2019/07/MERRA2.20190701.A3cld.05x0625.nc4
2230.081,hit,false,0.000,0,436.735,393,GEOS_0.5x0.625/MERRA2/2019/07/MERRA2.20190701.A3cld.05x0625.nc4
2230.104,hit,false,0.000,0,436.758,393,GEOS_0.5x0.625/MERRA2/2019/07/MERRA2.20190701.A3cld.05x0625.nc4
2230.141,hit,false,0.000,0,436.795,393,GEOS_0.5x0.625/MERRA2/2019/07/MERRA2.20190701.A3cld.05x0625.nc4
2230.164,hit,false,0.000,0,436.818,393,GEOS_0.5x0.625/MERRA2/2019/07/MERRA2.20190701.A3cld.05x0625.nc4
2230.199,hit,false,0.000,0,436.853,393,GEOS_0.5x0.625/MERRA2/2019/07/MERRA2.20190701.A3cld.05x0625.nc4
2230.222,hit,false,0.000,0,436.874,394,GEOS_0.5x0.625/MERRA2/2019/07/MERRA2.20190701.A3cld.05x0625.nc4
2230.260,hit,false,0.000,0,436.912,394,GEOS_0.5x0.625/MERRA2/2019/07/MERRA2.20190701.A3cld.05x0625.nc4
2230.278,hit,false,0.000,0,436.930,394,GEOS_0.5x0.625/MERRA2/2019/07/MERRA2.20190701.A3cld.05x0625.nc4
2230.325,hit,false,0.000,0,436.977,394,GEOS_0.5x0.625/MERRA2/2019/07/MERRA2.20190701.A3cld.05x0625.nc4
2230.347,hit,false,0.000,0,436.999,394,GEOS_0.5x0.625/MERRA2/2019/07/MERRA2.20190701.A3cld.05x0625.nc4
2230.385,hit,false,0.000,0,437.037,394,GEOS_0.5x0.625/MERRA2/2019/07/MERRA2.20190701.A3cld.05x0625.nc4
2230.408,hit,false,0.000,0,437.060,394,GEOS_0.5x0.625/MERRA2/2019/07/MERRA2.20190701.A3cld.05x0625.nc4
2230.448,hit,false,0.000,0,437.099,394,GEOS_0.5x0.625/MERRA2/2019/07/MERRA2.20190701.A3cld.05x0625.nc4
2230.472,hit,false,0.000,0,436.879,395,GEOS_0.5x0.625/MERRA2/2019/07/MERRA2.20190701.A3cld.05x0625.nc4
2230.506,hit,false,0.000,0,436.914,395,GEOS_0.5x0.625/MERRA2/2019/07/MERRA2.20190701.A3cld.05x0625.nc4
2230.531,hit,false,0.000,0,436.939,395,GEOS_0.5x0.625/MERRA2/2019/07/MERRA2.20190701.A3cld.05x0625.nc4
2230.564,hit,false,0.000,0,436.972,395,GEOS_0.5x0.625/MERRA2/2019/07/MERRA2.20190701.A3cld.05x0625.nc4
2230.589,hit,false,0.000,0,436.997,395,GEOS_0.5x0.625/MERRA2/2019/07/MERRA2.20190701.A3cld.05x0625.nc4
2230.629,hit,false,0.000,0,437.037,395,GEOS_0.5x0.625/MERRA2/2019/07/MERRA2.20190701.A3cld.05x0625.nc4
2230.656,hit,false,0.000,0,437.064,395,GEOS_0.5x0.625/MERRA2/2019/07/MERRA2.20190701.A3cld.05x0625.nc4
2230.689,hit,false,0.000,0,437.097,395,GEOS_0.5x0.625/MERRA2/2019/07/MERRA2.20190701.A3cld.05x0625.nc4
2230.713,hit,false,0.000,0,437.114,396,GEOS_0.5x0.625/MERRA2/2019/07/MERRA2.20190701.A3cld.05x0625.nc4
2230.748,hit,false,0.000,0,437.149,396,GEOS_0.5x0.625/MERRA2/2019/07/MERRA2.20190701.A3cld.05x0625.nc4
2230.772,hit,false,0.000,0,437.173,396,GEOS_0.5x0.625/MERRA2/2019/07/MERRA2.20190701.A3cld.05x0625.nc4
2230.807,hit,false,0.000,0,437.208,396,GEOS_0.5x0.625/MERRA2/2019/07/MERRA2.20190701.A3cld.05x0625.nc4
2230.830,hit,false,0.000,0,437.231,396,GEOS_0.5x0.625/MERRA2/2019/07/MERRA2.20190701.A3cld.05x0625.nc4
2230.862,hit,false,0.000,0,437.263,396,GEOS_0.5x0.625/MERRA2/2019/07/MERRA2.20190701.A3cld.05x0625.nc4
2230.885,hit,false,0.000,0,437.286,396,GEOS_0.5x0.625/MERRA2/2019/07/MERRA2.20190701.A3cld.05x0625.nc4
2230.916,hit,false,0.000,0,437.317,396,GEOS_0.5x0.625/MERRA2/2019/07/MERRA2.20190701.A3cld.05x0625.nc4
2230.941,hit,false,0.000,0,437.341,397,GEOS_0.5x0.625/MERRA2/2019/07/MERRA2.20190701.A3cld.05x0625.nc4
2230.973,hit,false,0.000,0,437.372,397,GEOS_0.5x0.625/MERRA2/2019/07/MERRA2.20190701.A3cld.05x0625.nc4
2230.996,hit,false,0.000,0,437.395,397,GEOS_0.5x0.625/MERRA2/2019/07/MERRA2.20190701.A3cld.05x0625.nc4
2231.028,hit,false,0.000,0,437.427,397,GEOS_0.5x0.625/MERRA2/2019/07/MERRA2.20190701.A3cld.05x0625.nc4
2231.053,hit,false,0.000,0,437.452,397,GEOS_0.5x0.625/MERRA2/2019/07/MERRA2.20190701.A3cld.05x0625.nc4
2231.082,hit,false,0.000,0,437.481,397,GEOS_0.5x0.625/MERRA2/2019/07/MERRA2.20190701.A3cld.05x0625.nc4
2231.105,hit,false,0.000,0,437.504,397,GEOS_0.5x0.625/MERRA2/2019/07/MERRA2.20190701.A3cld.05x0625.nc4
2231.139,hit,false,0.000,0,437.538,397,GEOS_0.5x0.625/MERRA2/2019/07/MERRA2.20190701.A3cld.05x0625.nc4
2231.167,hit,false,0.000,0,437.564,398,GEOS_0.5x0.625/MERRA2/2019/07/MERRA2.20190701.A3cld.05x0625.nc4
2231.264,hit,false,0.000,0,437.661,398,GEOS_0.5x0.625/MERRA2/2019/07/MERRA2.20190701.A3cld.05x0625.nc4
2231.286,hit,false,0.000,0,437.684,398,GEOS_0.5x0.625/MERRA2/2019/07/MERRA2.20190701.A3cld.05x0625.nc4
2231.322,hit,false,0.000,0,437.719,398,GEOS_0.5x0.625/MERRA2/2019/07/MERRA2.20190701.A3cld.05x0625.nc4
2231.346,hit,false,0.000,0,437.743,398,GEOS_0.5x0.625/MERRA2/2019/07/MERRA2.20190701.A3cld.05x0625.nc4
2231.391,hit,false,0.000,0,437.788,398,GEOS_0.5x0.625/MERRA2/2019/07/MERRA2.20190701.A3cld.05x0625.nc4
2231.412,hit,false,0.000,0,437.809,398,GEOS_0.5x0.625/MERRA2/2019/07/MERRA2.20190701.A3cld.05x0625.nc4
2231.448,hit,false,0.000,0,437.845,398,GEOS_0.5x0.625/MERRA2/2019/07/MERRA2.20190701.A3cld.05x0625.nc4
2231.470,hit,false,0.000,0,437.865,399,GEOS_0.5x0.625/MERRA2/2019/07/MERRA2.20190701.A3cld.05x0625.nc4
2231.508,hit,false,0.000,0,437.903,399,GEOS_0.5x0.625/MERRA2/2019/07/MERRA2.20190701.A3cld.05x0625.nc4
2231.529,hit,false,0.000,0,437.924,399,GEOS_0.5x0.625/MERRA2/2019/07/MERRA2.20190701.A3cld.05x0625.nc4
2231.560,hit,false,0.000,0,437.955,399,GEOS_0.5x0.625/MERRA2/2019/07/MERRA2.20190701.A3cld.05x0625.nc4
2231.586,hit,false,0.000,0,437.981,399,GEOS_0.5x0.625/MERRA2/2019/07/MERRA2.20190701.A3cld.05x0625.nc4
2231.614,hit,false,0.000,0,438.009,399,GEOS_0.5x0.625/MERRA2/2019/07/MERRA2.20190701.A3cld.05x0625.nc4
2231.639,hit,false,0.000,0,438.035,399,GEOS_0.5x0.625/MERRA2/2019/07/MERRA2.20190701.A3cld.05x0625.nc4
2231.670,hit,false,0.000,0,438.065,399,GEOS_0.5x0.625/MERRA2/2019/07/MERRA2.20190701.A3cld.05x0625.nc4
2231.695,hit,false,0.000,0,438.351,400,GEOS_0.5x0.625/MERRA2/2019/07/MERRA2.20190701.A3cld.05x0625.nc4
2231.731,hit,false,0.000,0,438.387,400,GEOS_0.5x0.625/MERRA2/2019/07/MERRA2.20190701.A3cld.05x0625.nc4
2231.762,hit,false,0.000,0,438.418,400,GEOS_0.5x0.625/MERRA2/2019/07/MERRA2.20190701.A3cld.05x0625.nc4
2231.792,hit,false,0.000,0,438.448,400,GEOS_0.5x0.625/MERRA2/2019/07/MERRA2.20190701.A3cld.05x0625.nc4
2231.820,hit,false,0.000,0,438.476,400,GEOS_0.5x0.625/MERRA2/2019/07/MERRA2.20190701.A3cld.05x0625.nc4
2231.849,hit,false,0.000,0,438.505,400,GEOS_0.5x0.625/MERRA2/2019/07/MERRA2.20190701.A3cld.05x0625.nc4
2231.878,hit,false,0.000,0,438.533,400,GEOS_0.5x0.625/MERRA2/2019/07/MERRA2.20190701.A3cld.05x0625.nc4
2231.908,hit,false,0.000,0,438.564,400,GEOS_0.5x0.625/MERRA2/2019/07/MERRA2.20190701.A3cld.05x0625.nc4
2231.944,hit,false,0.000,0,438.597,401,GEOS_0.5x0.625/MERRA2/2019/07/MERRA2.20190701.A3cld.05x0625.nc4
2231.969,hit,false,0.000,0,438.622,401,GEOS_0.5x0.625/MERRA2/2019/07/MERRA2.20190701.A3cld.05x0625.nc4
2232.006,hit,false,0.000,0,438.658,401,GEOS_0.5x0.625/MERRA2/2019/07/MERRA2.20190701.A3cld.05x0625.nc4
2232.028,hit,false,0.000,0,438.680,401,GEOS_0.5x0.625/MERRA2/2019/07/MERRA2.20190701.A3cld.05x0625.nc4
2232.067,hit,false,0.000,0,438.719,401,GEOS_0.5x0.625/MERRA2/2019/07/MERRA2.20190701.A3cld.05x0625.nc4
2232.088,hit,false,0.000,0,438.741,401,GEOS_0.5x0.625/MERRA2/2019/07/MERRA2.20190701.A3cld.05x0625.nc4
2232.127,hit,false,0.000,0,438.779,401,GEOS_0.5x0.625/MERRA2/2019/07/MERRA2.20190701.A3cld.05x0625.nc4
2232.149,hit,false,0.000,0,438.802,401,GEOS_0.5x0.625/MERRA2/2019/07/MERRA2.20190701.A3cld.05x0625.nc4
2232.191,hit,false,0.000,0,438.840,402,GEOS_0.5x0.625/MERRA2/2019/07/MERRA2.20190701.A3cld.05x0625.nc4
2232.214,hit,false,0.000,0,438.863,402,GEOS_0.5x0.625/MERRA2/2019/07/MERRA2.20190701.A3cld.05x0625.nc4
2232.254,hit,false,0.000,0,438.903,402,GEOS_0.5x0.625/MERRA2/2019/07/MERRA2.20190701.A3cld.05x0625.nc4
2232.276,hit,false,0.000,0,438.925,402,GEOS_0.5x0.625/MERRA2/2019/07/MERRA2.20190701.A3cld.05x0625.nc4
2232.317,hit,false,0.000,0,438.966,402,GEOS_0.5x0.625/MERRA2/2019/07/MERRA2.20190701.A3cld.05x0625.nc4
2232.339,hit,false,0.000,0,438.988,402,GEOS_0.5x0.625/MERRA2/2019/07/MERRA2.20190701.A3cld.05x0625.nc4
2232.375,hit,false,0.000,0,439.024,402,GEOS_0.5x0.625/MERRA2/2019/07/MERRA2.20190701.A3cld.05x0625.nc4
2232.401,hit,false,0.000,0,439.049,402,GEOS_0.5x0.625/MERRA2/2019/07/MERRA2.20190701.A3cld.05x0625.nc4
2232.434,hit,false,0.000,0,439.080,403,GEOS_0.5x0.625/MERRA2/2019/07/MERRA2.20190701.A3cld.05x0625.nc4
2232.461,hit,false,0.000,0,439.107,403,GEOS_0.5x0.625/MERRA2/2019/07/MERRA2.20190701.A3cld.05x0625.nc4
2232.499,hit,false,0.000,0,439.145,403,GEOS_0.5x0.625/MERRA2/2019/07/MERRA2.20190701.A3cld.05x0625.nc4
2232.521,hit,false,0.000,0,439.167,403,GEOS_0.5x0.625/MERRA2/2019/07/MERRA2.20190701.A3cld.05x0625.nc4
2232.558,hit,false,0.000,0,439.204,403,GEOS_0.5x0.625/MERRA2/2019/07/MERRA2.20190701.A3cld.05x0625.nc4
2232.583,hit,false,0.000,0,439.229,403,GEOS_0.5x0.625/MERRA2/2019/07/MERRA2.20190701.A3cld.05x0625.nc4
2232.616,hit,false,0.000,0,439.263,403,GEOS_0.5x0.625/MERRA2/2019/07/MERRA2.20190701.A3cld.05x0625.nc4
2232.642,hit,false,0.000,0,439.288,403,GEOS_0.5x0.625/MERRA2/2019/07/MERRA2.20190701.A3cld.05x0625.nc4
2232.677,hit,false,0.000,0,439.321,404,GEOS_0.5x0.625/MERRA2/2019/07/MERRA2.20190701.A3cld.05x0625.nc4
2232.736,hit,false,0.000,0,439.381,404,GEOS_0.5x0.625/MERRA2/2019/07/MERRA2.20190701.A3cld.05x0625.nc4
