ms,kind,prefetched,wait_ms,inflight,lag_ms,chunk,key
918.527,open,false,-1.000,0,-1.000,259688793,GEOS_0.5x0.625/MERRA2/2019/07/MERRA2.20190701.A3mstC.05x0625.nc4
918.651,uncovered,false,33.592,0,-1.000,0,GEOS_0.5x0.625/MERRA2/2019/07/MERRA2.20190701.A3mstC.05x0625.nc4
952.386,hit,false,0.000,0,-1.000,0,GEOS_0.5x0.625/MERRA2/2019/07/MERRA2.20190701.A3mstC.05x0625.nc4
952.440,hit,false,0.000,0,-1.000,0,GEOS_0.5x0.625/MERRA2/2019/07/MERRA2.20190701.A3mstC.05x0625.nc4
952.648,hit,false,0.000,0,-1.000,0,GEOS_0.5x0.625/MERRA2/2019/07/MERRA2.20190701.A3mstC.05x0625.nc4
952.650,hit,false,0.000,0,-1.000,0,GEOS_0.5x0.625/MERRA2/2019/07/MERRA2.20190701.A3mstC.05x0625.nc4
952.849,hit,false,0.000,0,-1.000,0,GEOS_0.5x0.625/MERRA2/2019/07/MERRA2.20190701.A3mstC.05x0625.nc4
952.877,hit,false,0.000,0,-1.000,0,GEOS_0.5x0.625/MERRA2/2019/07/MERRA2.20190701.A3mstC.05x0625.nc4
953.145,hit,false,0.000,1,-1.000,0,GEOS_0.5x0.625/MERRA2/2019/07/MERRA2.20190701.A3mstC.05x0625.nc4
953.145,uncovered,false,68.038,0,-1.000,1,GEOS_0.5x0.625/MERRA2/2019/07/MERRA2.20190701.A3mstC.05x0625.nc4
953.272,uncovered,false,67.968,0,-1.000,1,GEOS_0.5x0.625/MERRA2/2019/07/MERRA2.20190701.A3mstC.05x0625.nc4
1021.273,hit,false,0.000,0,-1.000,1,GEOS_0.5x0.625/MERRA2/2019/07/MERRA2.20190701.A3mstC.05x0625.nc4
1021.317,hit,false,0.000,0,-1.000,1,GEOS_0.5x0.625/MERRA2/2019/07/MERRA2.20190701.A3mstC.05x0625.nc4
1021.349,hit,false,0.000,0,-1.000,1,GEOS_0.5x0.625/MERRA2/2019/07/MERRA2.20190701.A3mstC.05x0625.nc4
1021.379,hit,false,0.000,0,-1.000,1,GEOS_0.5x0.625/MERRA2/2019/07/MERRA2.20190701.A3mstC.05x0625.nc4
1021.409,hit,false,0.000,0,-1.000,1,GEOS_0.5x0.625/MERRA2/2019/07/MERRA2.20190701.A3mstC.05x0625.nc4
1021.438,hit,false,0.000,0,-1.000,1,GEOS_0.5x0.625/MERRA2/2019/07/MERRA2.20190701.A3mstC.05x0625.nc4
1021.467,uncovered,false,24.962,0,-1.000,2,GEOS_0.5x0.625/MERRA2/2019/07/MERRA2.20190701.A3mstC.05x0625.nc4
1021.497,uncovered,false,25.048,0,-1.000,2,GEOS_0.5x0.625/MERRA2/2019/07/MERRA2.20190701.A3mstC.05x0625.nc4
1046.515,hit,false,0.000,0,-1.000,2,GEOS_0.5x0.625/MERRA2/2019/07/MERRA2.20190701.A3mstC.05x0625.nc4
1046.617,hit,false,0.000,0,-1.000,2,GEOS_0.5x0.625/MERRA2/2019/07/MERRA2.20190701.A3mstC.05x0625.nc4
1046.639,hit,false,0.000,0,-1.000,2,GEOS_0.5x0.625/MERRA2/2019/07/MERRA2.20190701.A3mstC.05x0625.nc4
1046.672,hit,false,0.000,0,-1.000,2,GEOS_0.5x0.625/MERRA2/2019/07/MERRA2.20190701.A3mstC.05x0625.nc4
1046.698,hit,false,0.000,0,-1.000,2,GEOS_0.5x0.625/MERRA2/2019/07/MERRA2.20190701.A3mstC.05x0625.nc4
1046.726,hit,false,0.000,0,-1.000,2,GEOS_0.5x0.625/MERRA2/2019/07/MERRA2.20190701.A3mstC.05x0625.nc4
1046.753,uncovered,false,31.775,0,-1.000,3,GEOS_0.5x0.625/MERRA2/2019/07/MERRA2.20190701.A3mstC.05x0625.nc4
1046.781,uncovered,false,31.802,0,-1.000,3,GEOS_0.5x0.625/MERRA2/2019/07/MERRA2.20190701.A3mstC.05x0625.nc4
1078.649,hit,false,0.000,0,-1.000,3,GEOS_0.5x0.625/MERRA2/2019/07/MERRA2.20190701.A3mstC.05x0625.nc4
1078.667,hit,false,0.000,0,-1.000,3,GEOS_0.5x0.625/MERRA2/2019/07/MERRA2.20190701.A3mstC.05x0625.nc4
1078.718,hit,false,0.000,0,-1.000,3,GEOS_0.5x0.625/MERRA2/2019/07/MERRA2.20190701.A3mstC.05x0625.nc4
1078.750,hit,false,0.000,0,-1.000,3,GEOS_0.5x0.625/MERRA2/2019/07/MERRA2.20190701.A3mstC.05x0625.nc4
1078.780,hit,false,0.000,0,-1.000,3,GEOS_0.5x0.625/MERRA2/2019/07/MERRA2.20190701.A3mstC.05x0625.nc4
1078.865,uncovered,false,27.819,0,-1.000,4,GEOS_0.5x0.625/MERRA2/2019/07/MERRA2.20190701.A3mstC.05x0625.nc4
1078.880,hit,false,0.000,1,-1.000,3,GEOS_0.5x0.625/MERRA2/2019/07/MERRA2.20190701.A3mstC.05x0625.nc4
1078.991,uncovered,false,27.751,0,-1.000,4,GEOS_0.5x0.625/MERRA2/2019/07/MERRA2.20190701.A3mstC.05x0625.nc4
1106.785,hit,false,0.000,0,-1.000,4,GEOS_0.5x0.625/MERRA2/2019/07/MERRA2.20190701.A3mstC.05x0625.nc4
1106.862,hit,false,0.000,0,-1.000,4,GEOS_0.5x0.625/MERRA2/2019/07/MERRA2.20190701.A3mstC.05x0625.nc4
1106.896,hit,false,0.000,0,-1.000,4,GEOS_0.5x0.625/MERRA2/2019/07/MERRA2.20190701.A3mstC.05x0625.nc4
1106.935,hit,false,0.000,0,-1.000,4,GEOS_0.5x0.625/MERRA2/2019/07/MERRA2.20190701.A3mstC.05x0625.nc4
1106.967,hit,false,0.000,0,-1.000,4,GEOS_0.5x0.625/MERRA2/2019/07/MERRA2.20190701.A3mstC.05x0625.nc4
1107.003,hit,false,0.000,0,-1.000,4,GEOS_0.5x0.625/MERRA2/2019/07/MERRA2.20190701.A3mstC.05x0625.nc4
1107.038,uncovered,false,21.981,0,-1.000,5,GEOS_0.5x0.625/MERRA2/2019/07/MERRA2.20190701.A3mstC.05x0625.nc4
1107.078,uncovered,false,22.008,0,-1.000,5,GEOS_0.5x0.625/MERRA2/2019/07/MERRA2.20190701.A3mstC.05x0625.nc4
1129.117,hit,false,0.000,0,-1.000,5,GEOS_0.5x0.625/MERRA2/2019/07/MERRA2.20190701.A3mstC.05x0625.nc4
1129.229,hit,false,0.000,0,-1.000,5,GEOS_0.5x0.625/MERRA2/2019/07/MERRA2.20190701.A3mstC.05x0625.nc4
1129.264,hit,false,0.000,0,-1.000,5,GEOS_0.5x0.625/MERRA2/2019/07/MERRA2.20190701.A3mstC.05x0625.nc4
1129.308,hit,false,0.000,0,-1.000,5,GEOS_0.5x0.625/MERRA2/2019/07/MERRA2.20190701.A3mstC.05x0625.nc4
1129.337,hit,false,0.000,0,-1.000,5,GEOS_0.5x0.625/MERRA2/2019/07/MERRA2.20190701.A3mstC.05x0625.nc4
1129.374,hit,false,0.000,0,-1.000,5,GEOS_0.5x0.625/MERRA2/2019/07/MERRA2.20190701.A3mstC.05x0625.nc4
1129.405,uncovered,false,25.564,0,-1.000,6,GEOS_0.5x0.625/MERRA2/2019/07/MERRA2.20190701.A3mstC.05x0625.nc4
1129.440,uncovered,false,25.581,0,-1.000,6,GEOS_0.5x0.625/MERRA2/2019/07/MERRA2.20190701.A3mstC.05x0625.nc4
1155.082,hit,false,0.000,0,-1.000,6,GEOS_0.5x0.625/MERRA2/2019/07/MERRA2.20190701.A3mstC.05x0625.nc4
1155.118,hit,false,0.000,0,-1.000,6,GEOS_0.5x0.625/MERRA2/2019/07/MERRA2.20190701.A3mstC.05x0625.nc4
1155.151,hit,false,0.000,0,-1.000,6,GEOS_0.5x0.625/MERRA2/2019/07/MERRA2.20190701.A3mstC.05x0625.nc4
1155.183,hit,false,0.000,0,-1.000,6,GEOS_0.5x0.625/MERRA2/2019/07/MERRA2.20190701.A3mstC.05x0625.nc4
1155.218,hit,false,0.000,0,-1.000,6,GEOS_0.5x0.625/MERRA2/2019/07/MERRA2.20190701.A3mstC.05x0625.nc4
1155.262,hit,false,0.000,0,-1.000,6,GEOS_0.5x0.625/MERRA2/2019/07/MERRA2.20190701.A3mstC.05x0625.nc4
1155.300,uncovered,false,22.082,0,-1.000,7,GEOS_0.5x0.625/MERRA2/2019/07/MERRA2.20190701.A3mstC.05x0625.nc4
1155.346,uncovered,false,22.094,0,-1.000,7,GEOS_0.5x0.625/MERRA2/2019/07/MERRA2.20190701.A3mstC.05x0625.nc4
1177.476,hit,false,0.000,0,-1.000,7,GEOS_0.5x0.625/MERRA2/2019/07/MERRA2.20190701.A3mstC.05x0625.nc4
1177.647,hit,false,0.000,0,-1.000,7,GEOS_0.5x0.625/MERRA2/2019/07/MERRA2.20190701.A3mstC.05x0625.nc4
1177.677,hit,false,0.000,0,-1.000,7,GEOS_0.5x0.625/MERRA2/2019/07/MERRA2.20190701.A3mstC.05x0625.nc4
1177.717,hit,false,0.000,0,-1.000,7,GEOS_0.5x0.625/MERRA2/2019/07/MERRA2.20190701.A3mstC.05x0625.nc4
1177.751,hit,false,0.000,0,-1.000,7,GEOS_0.5x0.625/MERRA2/2019/07/MERRA2.20190701.A3mstC.05x0625.nc4
1177.788,hit,false,0.000,0,-1.000,7,GEOS_0.5x0.625/MERRA2/2019/07/MERRA2.20190701.A3mstC.05x0625.nc4
1177.819,uncovered,false,29.653,0,-1.000,8,GEOS_0.5x0.625/MERRA2/2019/07/MERRA2.20190701.A3mstC.05x0625.nc4
1177.864,uncovered,false,29.707,0,-1.000,8,GEOS_0.5x0.625/MERRA2/2019/07/MERRA2.20190701.A3mstC.05x0625.nc4
1207.858,hit,false,0.000,86,-1.000,8,GEOS_0.5x0.625/MERRA2/2019/07/MERRA2.20190701.A3mstC.05x0625.nc4
1207.977,hit,false,0.000,110,-1.000,8,GEOS_0.5x0.625/MERRA2/2019/07/MERRA2.20190701.A3mstC.05x0625.nc4
1208.065,hit,false,0.000,127,-1.000,8,GEOS_0.5x0.625/MERRA2/2019/07/MERRA2.20190701.A3mstC.05x0625.nc4
1208.088,hit,false,0.000,129,-1.000,8,GEOS_0.5x0.625/MERRA2/2019/07/MERRA2.20190701.A3mstC.05x0625.nc4
1208.139,hit,false,0.000,151,-1.000,8,GEOS_0.5x0.625/MERRA2/2019/07/MERRA2.20190701.A3mstC.05x0625.nc4
1208.171,hit,false,0.000,159,-1.000,8,GEOS_0.5x0.625/MERRA2/2019/07/MERRA2.20190701.A3mstC.05x0625.nc4
1208.200,uncovered,false,37.099,222,-1.000,9,GEOS_0.5x0.625/MERRA2/2019/07/MERRA2.20190701.A3mstC.05x0625.nc4
1208.234,uncovered,false,37.114,222,-1.000,9,GEOS_0.5x0.625/MERRA2/2019/07/MERRA2.20190701.A3mstC.05x0625.nc4
1245.448,hit,false,0.000,222,-1.000,9,GEOS_0.5x0.625/MERRA2/2019/07/MERRA2.20190701.A3mstC.05x0625.nc4
1245.516,hit,false,0.000,222,-1.000,9,GEOS_0.5x0.625/MERRA2/2019/07/MERRA2.20190701.A3mstC.05x0625.nc4
1245.545,hit,false,0.000,222,-1.000,9,GEOS_0.5x0.625/MERRA2/2019/07/MERRA2.20190701.A3mstC.05x0625.nc4
1245.605,hit,false,0.000,222,-1.000,9,GEOS_0.5x0.625/MERRA2/2019/07/MERRA2.20190701.A3mstC.05x0625.nc4
1245.628,hit,false,0.000,222,-1.000,9,GEOS_0.5x0.625/MERRA2/2019/07/MERRA2.20190701.A3mstC.05x0625.nc4
1245.675,hit,false,0.000,222,-1.000,9,GEOS_0.5x0.625/MERRA2/2019/07/MERRA2.20190701.A3mstC.05x0625.nc4
1245.717,uncovered,false,26.543,187,-1.000,10,GEOS_0.5x0.625/MERRA2/2019/07/MERRA2.20190701.A3mstC.05x0625.nc4
1245.754,uncovered,false,26.536,187,-1.000,10,GEOS_0.5x0.625/MERRA2/2019/07/MERRA2.20190701.A3mstC.05x0625.nc4
1272.423,hit,false,0.000,186,-1.000,10,GEOS_0.5x0.625/MERRA2/2019/07/MERRA2.20190701.A3mstC.05x0625.nc4
1272.426,hit,false,0.000,186,-1.000,10,GEOS_0.5x0.625/MERRA2/2019/07/MERRA2.20190701.A3mstC.05x0625.nc4
1272.590,hit,false,0.000,186,-1.000,10,GEOS_0.5x0.625/MERRA2/2019/07/MERRA2.20190701.A3mstC.05x0625.nc4
1272.650,hit,false,0.000,186,-1.000,10,GEOS_0.5x0.625/MERRA2/2019/07/MERRA2.20190701.A3mstC.05x0625.nc4
1272.705,hit,false,0.000,186,-1.000,10,GEOS_0.5x0.625/MERRA2/2019/07/MERRA2.20190701.A3mstC.05x0625.nc4
1272.773,hit,false,0.000,186,-1.000,10,GEOS_0.5x0.625/MERRA2/2019/07/MERRA2.20190701.A3mstC.05x0625.nc4
1272.800,uncovered,false,31.304,130,-1.000,11,GEOS_0.5x0.625/MERRA2/2019/07/MERRA2.20190701.A3mstC.05x0625.nc4
1273.029,uncovered,false,31.151,130,-1.000,11,GEOS_0.5x0.625/MERRA2/2019/07/MERRA2.20190701.A3mstC.05x0625.nc4
1304.325,hit,false,0.000,130,-1.000,11,GEOS_0.5x0.625/MERRA2/2019/07/MERRA2.20190701.A3mstC.05x0625.nc4
1304.388,hit,false,0.000,129,-1.000,11,GEOS_0.5x0.625/MERRA2/2019/07/MERRA2.20190701.A3mstC.05x0625.nc4
1304.418,hit,false,0.000,129,-1.000,11,GEOS_0.5x0.625/MERRA2/2019/07/MERRA2.20190701.A3mstC.05x0625.nc4
1304.485,hit,false,0.000,129,-1.000,11,GEOS_0.5x0.625/MERRA2/2019/07/MERRA2.20190701.A3mstC.05x0625.nc4
1304.535,hit,false,0.000,129,-1.000,11,GEOS_0.5x0.625/MERRA2/2019/07/MERRA2.20190701.A3mstC.05x0625.nc4
1304.551,hit,false,0.000,129,-1.000,11,GEOS_0.5x0.625/MERRA2/2019/07/MERRA2.20190701.A3mstC.05x0625.nc4
1304.611,uncovered,false,22.653,91,-1.000,12,GEOS_0.5x0.625/MERRA2/2019/07/MERRA2.20190701.A3mstC.05x0625.nc4
1304.664,uncovered,false,22.648,91,-1.000,12,GEOS_0.5x0.625/MERRA2/2019/07/MERRA2.20190701.A3mstC.05x0625.nc4
1327.465,hit,false,0.000,91,-1.000,12,GEOS_0.5x0.625/MERRA2/2019/07/MERRA2.20190701.A3mstC.05x0625.nc4
1327.514,hit,false,0.000,90,-1.000,12,GEOS_0.5x0.625/MERRA2/2019/07/MERRA2.20190701.A3mstC.05x0625.nc4
1327.585,hit,false,0.000,90,-1.000,12,GEOS_0.5x0.625/MERRA2/2019/07/MERRA2.20190701.A3mstC.05x0625.nc4
1327.624,hit,false,0.000,90,-1.000,12,GEOS_0.5x0.625/MERRA2/2019/07/MERRA2.20190701.A3mstC.05x0625.nc4
1327.687,hit,false,0.000,90,-1.000,12,GEOS_0.5x0.625/MERRA2/2019/07/MERRA2.20190701.A3mstC.05x0625.nc4
1327.731,hit,false,0.000,90,-1.000,12,GEOS_0.5x0.625/MERRA2/2019/07/MERRA2.20190701.A3mstC.05x0625.nc4
1327.758,uncovered,false,33.784,29,-1.000,13,GEOS_0.5x0.625/MERRA2/2019/07/MERRA2.20190701.A3mstC.05x0625.nc4
1327.816,uncovered,false,33.781,29,-1.000,13,GEOS_0.5x0.625/MERRA2/2019/07/MERRA2.20190701.A3mstC.05x0625.nc4
1361.725,hit,false,0.000,29,-1.000,13,GEOS_0.5x0.625/MERRA2/2019/07/MERRA2.20190701.A3mstC.05x0625.nc4
1361.776,hit,false,0.000,29,-1.000,13,GEOS_0.5x0.625/MERRA2/2019/07/MERRA2.20190701.A3mstC.05x0625.nc4
1361.831,hit,false,0.000,29,-1.000,13,GEOS_0.5x0.625/MERRA2/2019/07/MERRA2.20190701.A3mstC.05x0625.nc4
1361.863,hit,false,0.000,29,-1.000,13,GEOS_0.5x0.625/MERRA2/2019/07/MERRA2.20190701.A3mstC.05x0625.nc4
1361.898,hit,false,0.000,29,-1.000,13,GEOS_0.5x0.625/MERRA2/2019/07/MERRA2.20190701.A3mstC.05x0625.nc4
1361.933,hit,false,0.000,29,-1.000,13,GEOS_0.5x0.625/MERRA2/2019/07/MERRA2.20190701.A3mstC.05x0625.nc4
1361.960,uncovered,false,35.594,0,-1.000,14,GEOS_0.5x0.625/MERRA2/2019/07/MERRA2.20190701.A3mstC.05x0625.nc4
1362.020,uncovered,false,35.592,0,-1.000,14,GEOS_0.5x0.625/MERRA2/2019/07/MERRA2.20190701.A3mstC.05x0625.nc4
1397.680,hit,false,0.000,0,-1.000,14,GEOS_0.5x0.625/MERRA2/2019/07/MERRA2.20190701.A3mstC.05x0625.nc4
1397.716,hit,false,0.000,0,-1.000,14,GEOS_0.5x0.625/MERRA2/2019/07/MERRA2.20190701.A3mstC.05x0625.nc4
1397.753,hit,false,0.000,0,-1.000,14,GEOS_0.5x0.625/MERRA2/2019/07/MERRA2.20190701.A3mstC.05x0625.nc4
1397.802,hit,false,0.000,0,-1.000,14,GEOS_0.5x0.625/MERRA2/2019/07/MERRA2.20190701.A3mstC.05x0625.nc4
1397.821,hit,false,0.000,0,-1.000,14,GEOS_0.5x0.625/MERRA2/2019/07/MERRA2.20190701.A3mstC.05x0625.nc4
1397.879,hit,false,0.000,0,-1.000,14,GEOS_0.5x0.625/MERRA2/2019/07/MERRA2.20190701.A3mstC.05x0625.nc4
1397.904,uncovered,false,27.830,0,-1.000,15,GEOS_0.5x0.625/MERRA2/2019/07/MERRA2.20190701.A3mstC.05x0625.nc4
1397.966,uncovered,false,27.836,0,-1.000,15,GEOS_0.5x0.625/MERRA2/2019/07/MERRA2.20190701.A3mstC.05x0625.nc4
1425.841,hit,false,0.000,0,-1.000,15,GEOS_0.5x0.625/MERRA2/2019/07/MERRA2.20190701.A3mstC.05x0625.nc4
1425.877,hit,false,0.000,0,-1.000,15,GEOS_0.5x0.625/MERRA2/2019/07/MERRA2.20190701.A3mstC.05x0625.nc4
1425.912,hit,false,0.000,0,-1.000,15,GEOS_0.5x0.625/MERRA2/2019/07/MERRA2.20190701.A3mstC.05x0625.nc4
1425.948,hit,false,0.000,0,-1.000,15,GEOS_0.5x0.625/MERRA2/2019/07/MERRA2.20190701.A3mstC.05x0625.nc4
1425.996,hit,false,0.000,0,-1.000,15,GEOS_0.5x0.625/MERRA2/2019/07/MERRA2.20190701.A3mstC.05x0625.nc4
1426.018,hit,false,0.000,0,-1.000,15,GEOS_0.5x0.625/MERRA2/2019/07/MERRA2.20190701.A3mstC.05x0625.nc4
1426.071,hit,false,0.000,0,218.460,16,GEOS_0.5x0.625/MERRA2/2019/07/MERRA2.20190701.A3mstC.05x0625.nc4
1426.133,hit,false,0.000,0,218.522,16,GEOS_0.5x0.625/MERRA2/2019/07/MERRA2.20190701.A3mstC.05x0625.nc4
1426.160,hit,false,0.000,0,218.548,16,GEOS_0.5x0.625/MERRA2/2019/07/MERRA2.20190701.A3mstC.05x0625.nc4
1426.197,hit,false,0.000,0,218.585,16,GEOS_0.5x0.625/MERRA2/2019/07/MERRA2.20190701.A3mstC.05x0625.nc4
1426.221,hit,false,0.000,0,218.609,16,GEOS_0.5x0.625/MERRA2/2019/07/MERRA2.20190701.A3mstC.05x0625.nc4
1426.263,hit,false,0.000,0,218.652,16,GEOS_0.5x0.625/MERRA2/2019/07/MERRA2.20190701.A3mstC.05x0625.nc4
1426.289,hit,false,0.000,0,218.678,16,GEOS_0.5x0.625/MERRA2/2019/07/MERRA2.20190701.A3mstC.05x0625.nc4
1426.336,hit,false,0.000,0,218.724,16,GEOS_0.5x0.625/MERRA2/2019/07/MERRA2.20190701.A3mstC.05x0625.nc4
1426.361,hit,false,0.000,0,218.748,17,GEOS_0.5x0.625/MERRA2/2019/07/MERRA2.20190701.A3mstC.05x0625.nc4
1426.412,hit,false,0.000,0,218.799,17,GEOS_0.5x0.625/MERRA2/2019/07/MERRA2.20190701.A3mstC.05x0625.nc4
1426.436,hit,false,0.000,0,218.823,17,GEOS_0.5x0.625/MERRA2/2019/07/MERRA2.20190701.A3mstC.05x0625.nc4
1426.470,hit,false,0.000,0,218.856,17,GEOS_0.5x0.625/MERRA2/2019/07/MERRA2.20190701.A3mstC.05x0625.nc4
1426.521,hit,false,0.000,0,218.908,17,GEOS_0.5x0.625/MERRA2/2019/07/MERRA2.20190701.A3mstC.05x0625.nc4
1426.542,hit,false,0.000,0,218.929,17,GEOS_0.5x0.625/MERRA2/2019/07/MERRA2.20190701.A3mstC.05x0625.nc4
1426.586,hit,false,0.000,0,218.973,17,GEOS_0.5x0.625/MERRA2/2019/07/MERRA2.20190701.A3mstC.05x0625.nc4
1426.609,hit,false,0.000,0,218.996,17,GEOS_0.5x0.625/MERRA2/2019/07/MERRA2.20190701.A3mstC.05x0625.nc4
1426.657,hit,false,0.000,0,219.042,18,GEOS_0.5x0.625/MERRA2/2019/07/MERRA2.20190701.A3mstC.05x0625.nc4
1426.684,hit,false,0.000,0,219.069,18,GEOS_0.5x0.625/MERRA2/2019/07/MERRA2.20190701.A3mstC.05x0625.nc4
1426.729,hit,false,0.000,0,219.113,18,GEOS_0.5x0.625/MERRA2/2019/07/MERRA2.20190701.A3mstC.05x0625.nc4
1426.751,hit,false,0.000,0,219.136,18,GEOS_0.5x0.625/MERRA2/2019/07/MERRA2.20190701.A3mstC.05x0625.nc4
1426.792,hit,false,0.000,0,219.176,18,GEOS_0.5x0.625/MERRA2/2019/07/MERRA2.20190701.A3mstC.05x0625.nc4
1426.815,hit,false,0.000,0,219.200,18,GEOS_0.5x0.625/MERRA2/2019/07/MERRA2.20190701.A3mstC.05x0625.nc4
1426.934,hit,false,0.000,0,219.319,18,GEOS_0.5x0.625/MERRA2/2019/07/MERRA2.20190701.A3mstC.05x0625.nc4
1426.957,hit,false,0.000,0,219.342,18,GEOS_0.5x0.625/MERRA2/2019/07/MERRA2.20190701.A3mstC.05x0625.nc4
1427.000,hit,false,0.000,0,219.383,19,GEOS_0.5x0.625/MERRA2/2019/07/MERRA2.20190701.A3mstC.05x0625.nc4
1427.027,hit,false,0.000,0,219.409,19,GEOS_0.5x0.625/MERRA2/2019/07/MERRA2.20190701.A3mstC.05x0625.nc4
1427.095,hit,false,0.000,0,219.478,19,GEOS_0.5x0.625/MERRA2/2019/07/MERRA2.20190701.A3mstC.05x0625.nc4
1427.117,hit,false,0.000,0,219.500,19,GEOS_0.5x0.625/MERRA2/2019/07/MERRA2.20190701.A3mstC.05x0625.nc4
1427.153,hit,false,0.000,0,219.536,19,GEOS_0.5x0.625/MERRA2/2019/07/MERRA2.20190701.A3mstC.05x0625.nc4
1427.181,hit,false,0.000,0,219.564,19,GEOS_0.5x0.625/MERRA2/2019/07/MERRA2.20190701.A3mstC.05x0625.nc4
1427.214,hit,false,0.000,0,219.597,19,GEOS_0.5x0.625/MERRA2/2019/07/MERRA2.20190701.A3mstC.05x0625.nc4
1427.245,hit,false,0.000,0,219.627,19,GEOS_0.5x0.625/MERRA2/2019/07/MERRA2.20190701.A3mstC.05x0625.nc4
1427.277,hit,false,0.000,0,219.658,20,GEOS_0.5x0.625/MERRA2/2019/07/MERRA2.20190701.A3mstC.05x0625.nc4
1427.320,hit,false,0.000,0,219.701,20,GEOS_0.5x0.625/MERRA2/2019/07/MERRA2.20190701.A3mstC.05x0625.nc4
1427.345,hit,false,0.000,0,219.726,20,GEOS_0.5x0.625/MERRA2/2019/07/MERRA2.20190701.A3mstC.05x0625.nc4
1427.385,hit,false,0.000,0,219.766,20,GEOS_0.5x0.625/MERRA2/2019/07/MERRA2.20190701.A3mstC.05x0625.nc4
1427.411,hit,false,0.000,0,219.793,20,GEOS_0.5x0.625/MERRA2/2019/07/MERRA2.20190701.A3mstC.05x0625.nc4
1427.446,hit,false,0.000,0,219.828,20,GEOS_0.5x0.625/MERRA2/2019/07/MERRA2.20190701.A3mstC.05x0625.nc4
1427.472,hit,false,0.000,0,219.854,20,GEOS_0.5x0.625/MERRA2/2019/07/MERRA2.20190701.A3mstC.05x0625.nc4
1427.509,hit,false,0.000,0,219.890,20,GEOS_0.5x0.625/MERRA2/2019/07/MERRA2.20190701.A3mstC.05x0625.nc4
1427.535,hit,false,0.000,0,219.915,21,GEOS_0.5x0.625/MERRA2/2019/07/MERRA2.20190701.A3mstC.05x0625.nc4
1427.573,hit,false,0.000,0,219.953,21,GEOS_0.5x0.625/MERRA2/2019/07/MERRA2.20190701.A3mstC.05x0625.nc4
1427.602,hit,false,0.000,0,219.982,21,GEOS_0.5x0.625/MERRA2/2019/07/MERRA2.20190701.A3mstC.05x0625.nc4
1427.641,hit,false,0.000,0,220.021,21,GEOS_0.5x0.625/MERRA2/2019/07/MERRA2.20190701.A3mstC.05x0625.nc4
1427.668,hit,false,0.000,0,220.048,21,GEOS_0.5x0.625/MERRA2/2019/07/MERRA2.20190701.A3mstC.05x0625.nc4
1427.700,hit,false,0.000,0,220.080,21,GEOS_0.5x0.625/MERRA2/2019/07/MERRA2.20190701.A3mstC.05x0625.nc4
1427.733,hit,false,0.000,0,220.113,21,GEOS_0.5x0.625/MERRA2/2019/07/MERRA2.20190701.A3mstC.05x0625.nc4
1427.759,hit,false,0.000,0,220.139,21,GEOS_0.5x0.625/MERRA2/2019/07/MERRA2.20190701.A3mstC.05x0625.nc4
1427.793,hit,false,0.000,0,220.171,22,GEOS_0.5x0.625/MERRA2/2019/07/MERRA2.20190701.A3mstC.05x0625.nc4
1427.819,hit,false,0.000,0,220.197,22,GEOS_0.5x0.625/MERRA2/2019/07/MERRA2.20190701.A3mstC.05x0625.nc4
1427.859,hit,false,0.000,0,220.238,22,GEOS_0.5x0.625/MERRA2/2019/07/MERRA2.20190701.A3mstC.05x0625.nc4
1427.883,hit,false,0.000,0,220.262,22,GEOS_0.5x0.625/MERRA2/2019/07/MERRA2.20190701.A3mstC.05x0625.nc4
1427.926,hit,false,0.000,0,220.305,22,GEOS_0.5x0.625/MERRA2/2019/07/MERRA2.20190701.A3mstC.05x0625.nc4
1427.950,hit,false,0.000,0,220.328,22,GEOS_0.5x0.625/MERRA2/2019/07/MERRA2.20190701.A3mstC.05x0625.nc4
1427.990,hit,false,0.000,0,220.368,22,GEOS_0.5x0.625/MERRA2/2019/07/MERRA2.20190701.A3mstC.05x0625.nc4
1428.012,hit,false,0.000,0,220.391,22,GEOS_0.5x0.625/MERRA2/2019/07/MERRA2.20190701.A3mstC.05x0625.nc4
1428.055,hit,false,0.000,0,220.426,23,GEOS_0.5x0.625/MERRA2/2019/07/MERRA2.20190701.A3mstC.05x0625.nc4
1428.081,hit,false,0.000,0,220.451,23,GEOS_0.5x0.625/MERRA2/2019/07/MERRA2.20190701.A3mstC.05x0625.nc4
1428.121,hit,false,0.000,0,220.491,23,GEOS_0.5x0.625/MERRA2/2019/07/MERRA2.20190701.A3mstC.05x0625.nc4
1428.146,hit,false,0.000,0,220.516,23,GEOS_0.5x0.625/MERRA2/2019/07/MERRA2.20190701.A3mstC.05x0625.nc4
1428.182,hit,false,0.000,0,220.552,23,GEOS_0.5x0.625/MERRA2/2019/07/MERRA2.20190701.A3mstC.05x0625.nc4
1428.208,hit,false,0.000,0,220.578,23,GEOS_0.5x0.625/MERRA2/2019/07/MERRA2.20190701.A3mstC.05x0625.nc4
1428.245,hit,false,0.000,0,220.615,23,GEOS_0.5x0.625/MERRA2/2019/07/MERRA2.20190701.A3mstC.05x0625.nc4
1428.271,hit,false,0.000,0,220.641,23,GEOS_0.5x0.625/MERRA2/2019/07/MERRA2.20190701.A3mstC.05x0625.nc4
1428.307,hit,false,0.000,0,220.708,24,GEOS_0.5x0.625/MERRA2/2019/07/MERRA2.20190701.A3mstC.05x0625.nc4
1428.336,hit,false,0.000,0,220.737,24,GEOS_0.5x0.625/MERRA2/2019/07/MERRA2.20190701.A3mstC.05x0625.nc4
1428.385,hit,false,0.000,0,220.787,24,GEOS_0.5x0.625/MERRA2/2019/07/MERRA2.20190701.A3mstC.05x0625.nc4
1428.408,hit,false,0.000,0,220.810,24,GEOS_0.5x0.625/MERRA2/2019/07/MERRA2.20190701.A3mstC.05x0625.nc4
1428.444,hit,false,0.000,0,220.846,24,GEOS_0.5x0.625/MERRA2/2019/07/MERRA2.20190701.A3mstC.05x0625.nc4
1428.471,hit,false,0.000,0,220.872,24,GEOS_0.5x0.625/MERRA2/2019/07/MERRA2.20190701.A3mstC.05x0625.nc4
1428.509,hit,false,0.000,0,220.910,24,GEOS_0.5x0.625/MERRA2/2019/07/MERRA2.20190701.A3mstC.05x0625.nc4
1428.545,hit,false,0.000,0,220.946,24,GEOS_0.5x0.625/MERRA2/2019/07/MERRA2.20190701.A3mstC.05x0625.nc4
1428.577,hit,false,0.000,0,220.976,25,GEOS_0.5x0.625/MERRA2/2019/07/MERRA2.20190701.A3mstC.05x0625.nc4
1428.609,hit,false,0.000,0,221.008,25,GEOS_0.5x0.625/MERRA2/2019/07/MERRA2.20190701.A3mstC.05x0625.nc4
1428.642,hit,false,0.000,0,221.041,25,GEOS_0.5x0.625/MERRA2/2019/07/MERRA2.20190701.A3mstC.05x0625.nc4
1428.673,hit,false,0.000,0,221.071,25,GEOS_0.5x0.625/MERRA2/2019/07/MERRA2.20190701.A3mstC.05x0625.nc4
1428.703,hit,false,0.000,0,221.102,25,GEOS_0.5x0.625/MERRA2/2019/07/MERRA2.20190701.A3mstC.05x0625.nc4
1428.739,hit,false,0.000,0,221.138,25,GEOS_0.5x0.625/MERRA2/2019/07/MERRA2.20190701.A3mstC.05x0625.nc4
1428.766,hit,false,0.000,0,221.164,25,GEOS_0.5x0.625/MERRA2/2019/07/MERRA2.20190701.A3mstC.05x0625.nc4
1428.800,hit,false,0.000,0,221.199,25,GEOS_0.5x0.625/MERRA2/2019/07/MERRA2.20190701.A3mstC.05x0625.nc4
1428.832,hit,false,0.000,0,221.229,26,GEOS_0.5x0.625/MERRA2/2019/07/MERRA2.20190701.A3mstC.05x0625.nc4
1428.867,hit,false,0.000,0,221.264,26,GEOS_0.5x0.625/MERRA2/2019/07/MERRA2.20190701.A3mstC.05x0625.nc4
1428.898,hit,false,0.000,0,221.295,26,GEOS_0.5x0.625/MERRA2/2019/07/MERRA2.20190701.A3mstC.05x0625.nc4
1428.929,hit,false,0.000,0,221.326,26,GEOS_0.5x0.625/MERRA2/2019/07/MERRA2.20190701.A3mstC.05x0625.nc4
1428.958,hit,false,0.000,0,221.355,26,GEOS_0.5x0.625/MERRA2/2019/07/MERRA2.20190701.A3mstC.05x0625.nc4
1429.070,hit,false,0.000,0,221.467,26,GEOS_0.5x0.625/MERRA2/2019/07/MERRA2.20190701.A3mstC.05x0625.nc4
1429.093,hit,false,0.000,0,221.490,26,GEOS_0.5x0.625/MERRA2/2019/07/MERRA2.20190701.A3mstC.05x0625.nc4
1429.134,hit,false,0.000,0,221.531,26,GEOS_0.5x0.625/MERRA2/2019/07/MERRA2.20190701.A3mstC.05x0625.nc4
1429.157,hit,false,0.000,0,221.553,27,GEOS_0.5x0.625/MERRA2/2019/07/MERRA2.20190701.A3mstC.05x0625.nc4
1429.207,hit,false,0.000,0,221.602,27,GEOS_0.5x0.625/MERRA2/2019/07/MERRA2.20190701.A3mstC.05x0625.nc4
1429.231,hit,false,0.000,0,221.627,27,GEOS_0.5x0.625/MERRA2/2019/07/MERRA2.20190701.A3mstC.05x0625.nc4
1429.269,hit,false,0.000,0,221.665,27,GEOS_0.5x0.625/MERRA2/2019/07/MERRA2.20190701.A3mstC.05x0625.nc4
1429.299,hit,false,0.000,0,221.695,27,GEOS_0.5x0.625/MERRA2/2019/07/MERRA2.20190701.A3mstC.05x0625.nc4
1429.334,hit,false,0.000,0,221.730,27,GEOS_0.5x0.625/MERRA2/2019/07/MERRA2.20190701.A3mstC.05x0625.nc4
1429.358,hit,false,0.000,0,221.754,27,GEOS_0.5x0.625/MERRA2/2019/07/MERRA2.20190701.A3mstC.05x0625.nc4
1429.396,hit,false,0.000,0,221.791,27,GEOS_0.5x0.625/MERRA2/2019/07/MERRA2.20190701.A3mstC.05x0625.nc4
1429.420,hit,false,0.000,0,221.814,28,GEOS_0.5x0.625/MERRA2/2019/07/MERRA2.20190701.A3mstC.05x0625.nc4
1429.465,hit,false,0.000,0,221.858,28,GEOS_0.5x0.625/MERRA2/2019/07/MERRA2.20190701.A3mstC.05x0625.nc4
1429.488,hit,false,0.000,0,221.882,28,GEOS_0.5x0.625/MERRA2/2019/07/MERRA2.20190701.A3mstC.05x0625.nc4
1429.532,hit,false,0.000,0,221.926,28,GEOS_0.5x0.625/MERRA2/2019/07/MERRA2.20190701.A3mstC.05x0625.nc4
1429.556,hit,false,0.000,0,221.950,28,GEOS_0.5x0.625/MERRA2/2019/07/MERRA2.20190701.A3mstC.05x0625.nc4
1429.599,hit,false,0.000,0,221.993,28,GEOS_0.5x0.625/MERRA2/2019/07/MERRA2.20190701.A3mstC.05x0625.nc4
1429.623,hit,false,0.000,0,222.016,28,GEOS_0.5x0.625/MERRA2/2019/07/MERRA2.20190701.A3mstC.05x0625.nc4
1429.661,hit,false,0.000,0,222.055,28,GEOS_0.5x0.625/MERRA2/2019/07/MERRA2.20190701.A3mstC.05x0625.nc4
1429.685,hit,false,0.000,0,221.780,29,GEOS_0.5x0.625/MERRA2/2019/07/MERRA2.20190701.A3mstC.05x0625.nc4
1429.730,hit,false,0.000,0,221.825,29,GEOS_0.5x0.625/MERRA2/2019/07/MERRA2.20190701.A3mstC.05x0625.nc4
1429.753,hit,false,0.000,0,221.848,29,GEOS_0.5x0.625/MERRA2/2019/07/MERRA2.20190701.A3mstC.05x0625.nc4
1429.791,hit,false,0.000,0,221.886,29,GEOS_0.5x0.625/MERRA2/2019/07/MERRA2.20190701.A3mstC.05x0625.nc4
1429.815,hit,false,0.000,0,221.910,29,GEOS_0.5x0.625/MERRA2/2019/07/MERRA2.20190701.A3mstC.05x0625.nc4
1429.850,hit,false,0.000,0,221.945,29,GEOS_0.5x0.625/MERRA2/2019/07/MERRA2.20190701.A3mstC.05x0625.nc4
1429.876,hit,false,0.000,0,221.971,29,GEOS_0.5x0.625/MERRA2/2019/07/MERRA2.20190701.A3mstC.05x0625.nc4
1429.916,hit,false,0.000,0,222.011,29,GEOS_0.5x0.625/MERRA2/2019/07/MERRA2.20190701.A3mstC.05x0625.nc4
1429.941,hit,false,0.000,0,222.029,30,GEOS_0.5x0.625/MERRA2/2019/07/MERRA2.20190701.A3mstC.05x0625.nc4
1429.979,hit,false,0.000,0,222.068,30,GEOS_0.5x0.625/MERRA2/2019/07/MERRA2.20190701.A3mstC.05x0625.nc4
1430.008,hit,false,0.000,0,222.097,30,GEOS_0.5x0.625/MERRA2/2019/07/MERRA2.20190701.A3mstC.05x0625.nc4
1430.043,hit,false,0.000,0,222.132,30,GEOS_0.5x0.625/MERRA2/2019/07/MERRA2.20190701.A3mstC.05x0625.nc4
1430.069,hit,false,0.000,0,222.158,30,GEOS_0.5x0.625/MERRA2/2019/07/MERRA2.20190701.A3mstC.05x0625.nc4
1430.104,hit,false,0.000,0,222.193,30,GEOS_0.5x0.625/MERRA2/2019/07/MERRA2.20190701.A3mstC.05x0625.nc4
1430.134,hit,false,0.000,0,222.223,30,GEOS_0.5x0.625/MERRA2/2019/07/MERRA2.20190701.A3mstC.05x0625.nc4
1430.167,hit,false,0.000,0,222.255,30,GEOS_0.5x0.625/MERRA2/2019/07/MERRA2.20190701.A3mstC.05x0625.nc4
1430.200,hit,false,0.000,0,222.287,31,GEOS_0.5x0.625/MERRA2/2019/07/MERRA2.20190701.A3mstC.05x0625.nc4
1430.227,hit,false,0.000,0,222.314,31,GEOS_0.5x0.625/MERRA2/2019/07/MERRA2.20190701.A3mstC.05x0625.nc4
1430.266,hit,false,0.000,0,222.353,31,GEOS_0.5x0.625/MERRA2/2019/07/MERRA2.20190701.A3mstC.05x0625.nc4
1430.289,hit,false,0.000,0,222.376,31,GEOS_0.5x0.625/MERRA2/2019/07/MERRA2.20190701.A3mstC.05x0625.nc4
1430.330,hit,false,0.000,0,222.418,31,GEOS_0.5x0.625/MERRA2/2019/07/MERRA2.20190701.A3mstC.05x0625.nc4
1430.354,hit,false,0.000,0,222.442,31,GEOS_0.5x0.625/MERRA2/2019/07/MERRA2.20190701.A3mstC.05x0625.nc4
1430.388,hit,false,0.000,0,222.475,31,GEOS_0.5x0.625/MERRA2/2019/07/MERRA2.20190701.A3mstC.05x0625.nc4
1430.413,hit,false,0.000,0,222.501,31,GEOS_0.5x0.625/MERRA2/2019/07/MERRA2.20190701.A3mstC.05x0625.nc4
1430.447,hit,false,0.000,0,222.733,32,GEOS_0.5x0.625/MERRA2/2019/07/MERRA2.20190701.A3mstC.05x0625.nc4
1430.476,hit,false,0.000,0,222.761,32,GEOS_0.5x0.625/MERRA2/2019/07/MERRA2.20190701.A3mstC.05x0625.nc4
1430.528,hit,false,0.000,0,222.814,32,GEOS_0.5x0.625/MERRA2/2019/07/MERRA2.20190701.A3mstC.05x0625.nc4
1430.550,hit,false,0.000,0,222.836,32,GEOS_0.5x0.625/MERRA2/2019/07/MERRA2.20190701.A3mstC.05x0625.nc4
1430.586,hit,false,0.000,0,222.872,32,GEOS_0.5x0.625/MERRA2/2019/07/MERRA2.20190701.A3mstC.05x0625.nc4
1430.609,hit,false,0.000,0,222.895,32,GEOS_0.5x0.625/MERRA2/2019/07/MERRA2.20190701.A3mstC.05x0625.nc4
1430.647,hit,false,0.000,0,222.933,32,GEOS_0.5x0.625/MERRA2/2019/07/MERRA2.20190701.A3mstC.05x0625.nc4
1430.671,hit,false,0.000,0,222.957,32,GEOS_0.5x0.625/MERRA2/2019/07/MERRA2.20190701.A3mstC.05x0625.nc4
1430.711,hit,false,0.000,0,222.995,33,GEOS_0.5x0.625/MERRA2/2019/07/MERRA2.20190701.A3mstC.05x0625.nc4
1430.737,hit,false,0.000,0,223.022,33,GEOS_0.5x0.625/MERRA2/2019/07/MERRA2.20190701.A3mstC.05x0625.nc4
1430.773,hit,false,0.000,0,223.057,33,GEOS_0.5x0.625/MERRA2/2019/07/MERRA2.20190701.A3mstC.05x0625.nc4
1430.799,hit,false,0.000,0,223.083,33,GEOS_0.5x0.625/MERRA2/2019/07/MERRA2.20190701.A3mstC.05x0625.nc4
1430.836,hit,false,0.000,0,223.121,33,GEOS_0.5x0.625/MERRA2/2019/07/MERRA2.20190701.A3mstC.05x0625.nc4
1430.868,hit,false,0.000,0,223.152,33,GEOS_0.5x0.625/MERRA2/2019/07/MERRA2.20190701.A3mstC.05x0625.nc4
1430.901,hit,false,0.000,0,223.186,33,GEOS_0.5x0.625/MERRA2/2019/07/MERRA2.20190701.A3mstC.05x0625.nc4
1430.931,hit,false,0.000,0,223.216,33,GEOS_0.5x0.625/MERRA2/2019/07/MERRA2.20190701.A3mstC.05x0625.nc4
1430.968,hit,false,0.000,0,223.251,34,GEOS_0.5x0.625/MERRA2/2019/07/MERRA2.20190701.A3mstC.05x0625.nc4
1431.004,hit,false,0.000,0,223.287,34,GEOS_0.5x0.625/MERRA2/2019/07/MERRA2.20190701.A3mstC.05x0625.nc4
1431.039,hit,false,0.000,0,223.322,34,GEOS_0.5x0.625/MERRA2/2019/07/MERRA2.20190701.A3mstC.05x0625.nc4
1431.070,hit,false,0.000,0,223.353,34,GEOS_0.5x0.625/MERRA2/2019/07/MERRA2.20190701.A3mstC.05x0625.nc4
1431.187,hit,false,0.000,0,223.470,34,GEOS_0.5x0.625/MERRA2/2019/07/MERRA2.20190701.A3mstC.05x0625.nc4
1431.211,hit,false,0.000,0,223.494,34,GEOS_0.5x0.625/MERRA2/2019/07/MERRA2.20190701.A3mstC.05x0625.nc4
1431.250,hit,false,0.000,0,223.533,34,GEOS_0.5x0.625/MERRA2/2019/07/MERRA2.20190701.A3mstC.05x0625.nc4
1431.273,hit,false,0.000,0,223.556,34,GEOS_0.5x0.625/MERRA2/2019/07/MERRA2.20190701.A3mstC.05x0625.nc4
1431.308,hit,false,0.000,0,223.589,35,GEOS_0.5x0.625/MERRA2/2019/07/MERRA2.20190701.A3mstC.05x0625.nc4
1431.345,hit,false,0.000,0,223.626,35,GEOS_0.5x0.625/MERRA2/2019/07/MERRA2.20190701.A3mstC.05x0625.nc4
1431.377,hit,false,0.000,0,223.658,35,GEOS_0.5x0.625/MERRA2/2019/07/MERRA2.20190701.A3mstC.05x0625.nc4
1431.416,hit,false,0.000,0,223.697,35,GEOS_0.5x0.625/MERRA2/2019/07/MERRA2.20190701.A3mstC.05x0625.nc4
1431.439,hit,false,0.000,0,223.720,35,GEOS_0.5x0.625/MERRA2/2019/07/MERRA2.20190701.A3mstC.05x0625.nc4
1431.487,hit,false,0.000,0,223.768,35,GEOS_0.5x0.625/MERRA2/2019/07/MERRA2.20190701.A3mstC.05x0625.nc4
1431.509,hit,false,0.000,0,223.790,35,GEOS_0.5x0.625/MERRA2/2019/07/MERRA2.20190701.A3mstC.05x0625.nc4
1431.554,hit,false,0.000,0,223.835,35,GEOS_0.5x0.625/MERRA2/2019/07/MERRA2.20190701.A3mstC.05x0625.nc4
1431.576,hit,false,0.000,0,223.855,36,GEOS_0.5x0.625/MERRA2/2019/07/MERRA2.20190701.A3mstC.05x0625.nc4
1431.627,hit,false,0.000,0,223.906,36,GEOS_0.5x0.625/MERRA2/2019/07/MERRA2.20190701.A3mstC.05x0625.nc4
1431.650,hit,false,0.000,0,223.929,36,GEOS_0.5x0.625/MERRA2/2019/07/MERRA2.20190701.A3mstC.05x0625.nc4
1431.686,hit,false,0.000,0,223.964,36,GEOS_0.5x0.625/MERRA2/2019/07/MERRA2.20190701.A3mstC.05x0625.nc4
1431.712,hit,false,0.000,0,223.991,36,GEOS_0.5x0.625/MERRA2/2019/07/MERRA2.20190701.A3mstC.05x0625.nc4
1431.749,hit,false,0.000,0,224.028,36,GEOS_0.5x0.625/MERRA2/2019/07/MERRA2.20190701.A3mstC.05x0625.nc4
1431.781,hit,false,0.000,0,224.060,36,GEOS_0.5x0.625/MERRA2/2019/07/MERRA2.20190701.A3mstC.05x0625.nc4
1431.816,hit,false,0.000,0,224.094,36,GEOS_0.5x0.625/MERRA2/2019/07/MERRA2.20190701.A3mstC.05x0625.nc4
1431.846,hit,false,0.000,0,224.123,37,GEOS_0.5x0.625/MERRA2/2019/07/MERRA2.20190701.A3mstC.05x0625.nc4
1431.881,hit,false,0.000,0,224.158,37,GEOS_0.5x0.625/MERRA2/2019/07/MERRA2.20190701.A3mstC.05x0625.nc4
1431.910,hit,false,0.000,0,224.187,37,GEOS_0.5x0.625/MERRA2/2019/07/MERRA2.20190701.A3mstC.05x0625.nc4
1431.936,hit,false,0.000,0,224.213,37,GEOS_0.5x0.625/MERRA2/2019/07/MERRA2.20190701.A3mstC.05x0625.nc4
1431.969,hit,false,0.000,0,224.246,37,GEOS_0.5x0.625/MERRA2/2019/07/MERRA2.20190701.A3mstC.05x0625.nc4
1432.001,hit,false,0.000,0,224.278,37,GEOS_0.5x0.625/MERRA2/2019/07/MERRA2.20190701.A3mstC.05x0625.nc4
1432.034,hit,false,0.000,0,224.311,37,GEOS_0.5x0.625/MERRA2/2019/07/MERRA2.20190701.A3mstC.05x0625.nc4
1432.064,hit,false,0.000,0,224.341,37,GEOS_0.5x0.625/MERRA2/2019/07/MERRA2.20190701.A3mstC.05x0625.nc4
1432.095,hit,false,0.000,0,224.371,38,GEOS_0.5x0.625/MERRA2/2019/07/MERRA2.20190701.A3mstC.05x0625.nc4
1432.132,hit,false,0.000,0,224.408,38,GEOS_0.5x0.625/MERRA2/2019/07/MERRA2.20190701.A3mstC.05x0625.nc4
1432.155,hit,false,0.000,0,224.431,38,GEOS_0.5x0.625/MERRA2/2019/07/MERRA2.20190701.A3mstC.05x0625.nc4
1432.198,hit,false,0.000,0,224.474,38,GEOS_0.5x0.625/MERRA2/2019/07/MERRA2.20190701.A3mstC.05x0625.nc4
1432.248,hit,false,0.000,0,224.524,38,GEOS_0.5x0.625/MERRA2/2019/07/MERRA2.20190701.A3mstC.05x0625.nc4
1432.272,hit,false,0.000,0,224.548,38,GEOS_0.5x0.625/MERRA2/2019/07/MERRA2.20190701.A3mstC.05x0625.nc4
1432.310,hit,false,0.000,0,224.585,38,GEOS_0.5x0.625/MERRA2/2019/07/MERRA2.20190701.A3mstC.05x0625.nc4
1432.336,hit,false,0.000,0,224.612,38,GEOS_0.5x0.625/MERRA2/2019/07/MERRA2.20190701.A3mstC.05x0625.nc4
1432.369,hit,false,0.000,0,224.644,39,GEOS_0.5x0.625/MERRA2/2019/07/MERRA2.20190701.A3mstC.05x0625.nc4
1432.401,hit,false,0.000,0,224.676,39,GEOS_0.5x0.625/MERRA2/2019/07/MERRA2.20190701.A3mstC.05x0625.nc4
1432.436,hit,false,0.000,0,224.711,39,GEOS_0.5x0.625/MERRA2/2019/07/MERRA2.20190701.A3mstC.05x0625.nc4
1432.464,hit,false,0.000,0,224.738,39,GEOS_0.5x0.625/MERRA2/2019/07/MERRA2.20190701.A3mstC.05x0625.nc4
1432.496,hit,false,0.000,0,224.771,39,GEOS_0.5x0.625/MERRA2/2019/07/MERRA2.20190701.A3mstC.05x0625.nc4
1432.525,hit,false,0.000,0,224.799,39,GEOS_0.5x0.625/MERRA2/2019/07/MERRA2.20190701.A3mstC.05x0625.nc4
1432.559,hit,false,0.000,0,224.833,39,GEOS_0.5x0.625/MERRA2/2019/07/MERRA2.20190701.A3mstC.05x0625.nc4
1432.582,hit,false,0.000,0,224.856,39,GEOS_0.5x0.625/MERRA2/2019/07/MERRA2.20190701.A3mstC.05x0625.nc4
1432.619,hit,false,0.000,0,224.663,40,GEOS_0.5x0.625/MERRA2/2019/07/MERRA2.20190701.A3mstC.05x0625.nc4
1432.648,hit,false,0.000,0,224.692,40,GEOS_0.5x0.625/MERRA2/2019/07/MERRA2.20190701.A3mstC.05x0625.nc4
1432.689,hit,false,0.000,0,224.733,40,GEOS_0.5x0.625/MERRA2/2019/07/MERRA2.20190701.A3mstC.05x0625.nc4
1432.716,hit,false,0.000,0,224.760,40,GEOS_0.5x0.625/MERRA2/2019/07/MERRA2.20190701.A3mstC.05x0625.nc4
1432.748,hit,false,0.000,0,224.791,40,GEOS_0.5x0.625/MERRA2/2019/07/MERRA2.20190701.A3mstC.05x0625.nc4
1432.774,hit,false,0.000,0,224.818,40,GEOS_0.5x0.625/MERRA2/2019/07/MERRA2.20190701.A3mstC.05x0625.nc4
1432.812,hit,false,0.000,0,224.855,40,GEOS_0.5x0.625/MERRA2/2019/07/MERRA2.20190701.A3mstC.05x0625.nc4
1432.838,hit,false,0.000,0,224.881,40,GEOS_0.5x0.625/MERRA2/2019/07/MERRA2.20190701.A3mstC.05x0625.nc4
1432.877,hit,false,0.000,0,224.909,41,GEOS_0.5x0.625/MERRA2/2019/07/MERRA2.20190701.A3mstC.05x0625.nc4
1432.905,hit,false,0.000,0,224.937,41,GEOS_0.5x0.625/MERRA2/2019/07/MERRA2.20190701.A3mstC.05x0625.nc4
1432.958,hit,false,0.000,0,224.990,41,GEOS_0.5x0.625/MERRA2/2019/07/MERRA2.20190701.A3mstC.05x0625.nc4
1432.988,hit,false,0.000,0,225.020,41,GEOS_0.5x0.625/MERRA2/2019/07/MERRA2.20190701.A3mstC.05x0625.nc4
1433.027,hit,false,0.000,0,225.059,41,GEOS_0.5x0.625/MERRA2/2019/07/MERRA2.20190701.A3mstC.05x0625.nc4
1433.049,hit,false,0.000,0,225.081,41,GEOS_0.5x0.625/MERRA2/2019/07/MERRA2.20190701.A3mstC.05x0625.nc4
1433.095,hit,false,0.000,0,225.127,41,GEOS_0.5x0.625/MERRA2/2019/07/MERRA2.20190701.A3mstC.05x0625.nc4
1433.117,hit,false,0.000,0,225.149,41,GEOS_0.5x0.625/MERRA2/2019/07/MERRA2.20190701.A3mstC.05x0625.nc4
1433.153,hit,false,0.000,0,225.182,42,GEOS_0.5x0.625/MERRA2/2019/07/MERRA2.20190701.A3mstC.05x0625.nc4
1433.183,hit,false,0.000,0,225.213,42,GEOS_0.5x0.625/MERRA2/2019/07/MERRA2.20190701.A3mstC.05x0625.nc4
1433.220,hit,false,0.000,0,225.250,42,GEOS_0.5x0.625/MERRA2/2019/07/MERRA2.20190701.A3mstC.05x0625.nc4
1433.327,hit,false,0.000,0,225.357,42,GEOS_0.5x0.625/MERRA2/2019/07/MERRA2.20190701.A3mstC.05x0625.nc4
1433.351,hit,false,0.000,0,225.381,42,GEOS_0.5x0.625/MERRA2/2019/07/MERRA2.20190701.A3mstC.05x0625.nc4
1433.398,hit,false,0.000,0,225.428,42,GEOS_0.5x0.625/MERRA2/2019/07/MERRA2.20190701.A3mstC.05x0625.nc4
1433.422,hit,false,0.000,0,225.452,42,GEOS_0.5x0.625/MERRA2/2019/07/MERRA2.20190701.A3mstC.05x0625.nc4
1433.468,hit,false,0.000,0,225.498,42,GEOS_0.5x0.625/MERRA2/2019/07/MERRA2.20190701.A3mstC.05x0625.nc4
1433.491,hit,false,0.000,0,225.519,43,GEOS_0.5x0.625/MERRA2/2019/07/MERRA2.20190701.A3mstC.05x0625.nc4
1433.543,hit,false,0.000,0,225.571,43,GEOS_0.5x0.625/MERRA2/2019/07/MERRA2.20190701.A3mstC.05x0625.nc4
1433.566,hit,false,0.000,0,225.594,43,GEOS_0.5x0.625/MERRA2/2019/07/MERRA2.20190701.A3mstC.05x0625.nc4
1433.609,hit,false,0.000,0,225.637,43,GEOS_0.5x0.625/MERRA2/2019/07/MERRA2.20190701.A3mstC.05x0625.nc4
1433.635,hit,false,0.000,0,225.663,43,GEOS_0.5x0.625/MERRA2/2019/07/MERRA2.20190701.A3mstC.05x0625.nc4
1433.677,hit,false,0.000,0,225.705,43,GEOS_0.5x0.625/MERRA2/2019/07/MERRA2.20190701.A3mstC.05x0625.nc4
1433.701,hit,false,0.000,0,225.729,43,GEOS_0.5x0.625/MERRA2/2019/07/MERRA2.20190701.A3mstC.05x0625.nc4
1433.738,hit,false,0.000,0,225.766,43,GEOS_0.5x0.625/MERRA2/2019/07/MERRA2.20190701.A3mstC.05x0625.nc4
1433.764,hit,false,0.000,0,225.790,44,GEOS_0.5x0.625/MERRA2/2019/07/MERRA2.20190701.A3mstC.05x0625.nc4
1433.803,hit,false,0.000,0,225.830,44,GEOS_0.5x0.625/MERRA2/2019/07/MERRA2.20190701.A3mstC.05x0625.nc4
1433.830,hit,false,0.000,0,225.856,44,GEOS_0.5x0.625/MERRA2/2019/07/MERRA2.20190701.A3mstC.05x0625.nc4
1433.866,hit,false,0.000,0,225.892,44,GEOS_0.5x0.625/MERRA2/2019/07/MERRA2.20190701.A3mstC.05x0625.nc4
1433.893,hit,false,0.000,0,225.919,44,GEOS_0.5x0.625/MERRA2/2019/07/MERRA2.20190701.A3mstC.05x0625.nc4
1433.928,hit,false,0.000,0,225.954,44,GEOS_0.5x0.625/MERRA2/2019/07/MERRA2.20190701.A3mstC.05x0625.nc4
1433.955,hit,false,0.000,0,225.981,44,GEOS_0.5x0.625/MERRA2/2019/07/MERRA2.20190701.A3mstC.05x0625.nc4
1433.992,hit,false,0.000,0,226.018,44,GEOS_0.5x0.625/MERRA2/2019/07/MERRA2.20190701.A3mstC.05x0625.nc4
1434.021,hit,false,0.000,0,226.046,45,GEOS_0.5x0.625/MERRA2/2019/07/MERRA2.20190701.A3mstC.05x0625.nc4
1434.059,hit,false,0.000,0,226.083,45,GEOS_0.5x0.625/MERRA2/2019/07/MERRA2.20190701.A3mstC.05x0625.nc4
1434.082,hit,false,0.000,0,226.107,45,GEOS_0.5x0.625/MERRA2/2019/07/MERRA2.20190701.A3mstC.05x0625.nc4
1434.119,hit,false,0.000,0,226.144,45,GEOS_0.5x0.625/MERRA2/2019/07/MERRA2.20190701.A3mstC.05x0625.nc4
1434.141,hit,false,0.000,0,226.166,45,GEOS_0.5x0.625/MERRA2/2019/07/MERRA2.20190701.A3mstC.05x0625.nc4
1434.181,hit,false,0.000,0,226.206,45,GEOS_0.5x0.625/MERRA2/2019/07/MERRA2.20190701.A3mstC.05x0625.nc4
1434.204,hit,false,0.000,0,226.229,45,GEOS_0.5x0.625/MERRA2/2019/07/MERRA2.20190701.A3mstC.05x0625.nc4
1434.241,hit,false,0.000,0,226.266,45,GEOS_0.5x0.625/MERRA2/2019/07/MERRA2.20190701.A3mstC.05x0625.nc4
1434.269,hit,false,0.000,0,226.292,46,GEOS_0.5x0.625/MERRA2/2019/07/MERRA2.20190701.A3mstC.05x0625.nc4
1434.304,hit,false,0.000,0,226.328,46,GEOS_0.5x0.625/MERRA2/2019/07/MERRA2.20190701.A3mstC.05x0625.nc4
1434.330,hit,false,0.000,0,226.353,46,GEOS_0.5x0.625/MERRA2/2019/07/MERRA2.20190701.A3mstC.05x0625.nc4
1434.367,hit,false,0.000,0,226.390,46,GEOS_0.5x0.625/MERRA2/2019/07/MERRA2.20190701.A3mstC.05x0625.nc4
1434.416,hit,false,0.000,0,226.439,46,GEOS_0.5x0.625/MERRA2/2019/07/MERRA2.20190701.A3mstC.05x0625.nc4
1434.438,hit,false,0.000,0,226.461,46,GEOS_0.5x0.625/MERRA2/2019/07/MERRA2.20190701.A3mstC.05x0625.nc4
1434.484,hit,false,0.000,0,226.507,46,GEOS_0.5x0.625/MERRA2/2019/07/MERRA2.20190701.A3mstC.05x0625.nc4
1434.506,hit,false,0.000,0,226.529,46,GEOS_0.5x0.625/MERRA2/2019/07/MERRA2.20190701.A3mstC.05x0625.nc4
1434.551,hit,false,0.000,0,226.572,47,GEOS_0.5x0.625/MERRA2/2019/07/MERRA2.20190701.A3mstC.05x0625.nc4
1434.576,hit,false,0.000,0,226.597,47,GEOS_0.5x0.625/MERRA2/2019/07/MERRA2.20190701.A3mstC.05x0625.nc4
1434.612,hit,false,0.000,0,226.633,47,GEOS_0.5x0.625/MERRA2/2019/07/MERRA2.20190701.A3mstC.05x0625.nc4
1434.638,hit,false,0.000,0,226.659,47,GEOS_0.5x0.625/MERRA2/2019/07/MERRA2.20190701.A3mstC.05x0625.nc4
1434.671,hit,false,0.000,0,226.692,47,GEOS_0.5x0.625/MERRA2/2019/07/MERRA2.20190701.A3mstC.05x0625.nc4
1434.703,hit,false,0.000,0,226.724,47,GEOS_0.5x0.625/MERRA2/2019/07/MERRA2.20190701.A3mstC.05x0625.nc4
1434.733,hit,false,0.000,0,226.754,47,GEOS_0.5x0.625/MERRA2/2019/07/MERRA2.20190701.A3mstC.05x0625.nc4
1434.764,hit,false,0.000,0,226.785,47,GEOS_0.5x0.625/MERRA2/2019/07/MERRA2.20190701.A3mstC.05x0625.nc4
1434.787,hit,false,0.000,0,227.223,48,GEOS_0.5x0.625/MERRA2/2019/07/MERRA2.20190701.A3mstC.05x0625.nc4
1434.831,hit,false,0.000,0,227.267,48,GEOS_0.5x0.625/MERRA2/2019/07/MERRA2.20190701.A3mstC.05x0625.nc4
1434.855,hit,false,0.000,0,227.291,48,GEOS_0.5x0.625/MERRA2/2019/07/MERRA2.20190701.A3mstC.05x0625.nc4
1434.900,hit,false,0.000,0,227.336,48,GEOS_0.5x0.625/MERRA2/2019/07/MERRA2.20190701.A3mstC.05x0625.nc4
1434.926,hit,false,0.000,0,227.362,48,GEOS_0.5x0.625/MERRA2/2019/07/MERRA2.20190701.A3mstC.05x0625.nc4
1434.961,hit,false,0.000,0,227.397,48,GEOS_0.5x0.625/MERRA2/2019/07/MERRA2.20190701.A3mstC.05x0625.nc4
1434.987,hit,false,0.000,0,227.423,48,GEOS_0.5x0.625/MERRA2/2019/07/MERRA2.20190701.A3mstC.05x0625.nc4
1435.022,hit,false,0.000,0,227.458,48,GEOS_0.5x0.625/MERRA2/2019/07/MERRA2.20190701.A3mstC.05x0625.nc4
1435.049,hit,false,0.000,0,227.390,49,GEOS_0.5x0.625/MERRA2/2019/07/MERRA2.20190701.A3mstC.05x0625.nc4
1435.094,hit,false,0.000,0,227.435,49,GEOS_0.5x0.625/MERRA2/2019/07/MERRA2.20190701.A3mstC.05x0625.nc4
1435.124,hit,false,0.000,0,227.466,49,GEOS_0.5x0.625/MERRA2/2019/07/MERRA2.20190701.A3mstC.05x0625.nc4
1435.158,hit,false,0.000,0,227.500,49,GEOS_0.5x0.625/MERRA2/2019/07/MERRA2.20190701.A3mstC.05x0625.nc4
1435.185,hit,false,0.000,0,227.527,49,GEOS_0.5x0.625/MERRA2/2019/07/MERRA2.20190701.A3mstC.05x0625.nc4
1435.218,hit,false,0.000,0,227.560,49,GEOS_0.5x0.625/MERRA2/2019/07/MERRA2.20190701.A3mstC.05x0625.nc4
1435.252,hit,false,0.000,0,227.594,49,GEOS_0.5x0.625/MERRA2/2019/07/MERRA2.20190701.A3mstC.05x0625.nc4
1435.284,hit,false,0.000,0,227.626,49,GEOS_0.5x0.625/MERRA2/2019/07/MERRA2.20190701.A3mstC.05x0625.nc4
1435.320,hit,false,0.000,0,227.660,50,GEOS_0.5x0.625/MERRA2/2019/07/MERRA2.20190701.A3mstC.05x0625.nc4
1435.347,hit,false,0.000,0,227.687,50,GEOS_0.5x0.625/MERRA2/2019/07/MERRA2.20190701.A3mstC.05x0625.nc4
1435.464,hit,false,0.000,0,227.804,50,GEOS_0.5x0.625/MERRA2/2019/07/MERRA2.20190701.A3mstC.05x0625.nc4
1435.487,hit,false,0.000,0,227.827,50,GEOS_0.5x0.625/MERRA2/2019/07/MERRA2.20190701.A3mstC.05x0625.nc4
1435.532,hit,false,0.000,0,227.872,50,GEOS_0.5x0.625/MERRA2/2019/07/MERRA2.20190701.A3mstC.05x0625.nc4
1435.555,hit,false,0.000,0,227.895,50,GEOS_0.5x0.625/MERRA2/2019/07/MERRA2.20190701.A3mstC.05x0625.nc4
1435.599,hit,false,0.000,0,227.939,50,GEOS_0.5x0.625/MERRA2/2019/07/MERRA2.20190701.A3mstC.05x0625.nc4
1435.622,hit,false,0.000,0,227.962,50,GEOS_0.5x0.625/MERRA2/2019/07/MERRA2.20190701.A3mstC.05x0625.nc4
1435.662,hit,false,0.000,0,228.000,51,GEOS_0.5x0.625/MERRA2/2019/07/MERRA2.20190701.A3mstC.05x0625.nc4
1435.688,hit,false,0.000,0,228.026,51,GEOS_0.5x0.625/MERRA2/2019/07/MERRA2.20190701.A3mstC.05x0625.nc4
1435.731,hit,false,0.000,0,228.069,51,GEOS_0.5x0.625/MERRA2/2019/07/MERRA2.20190701.A3mstC.05x0625.nc4
1435.755,hit,false,0.000,0,228.093,51,GEOS_0.5x0.625/MERRA2/2019/07/MERRA2.20190701.A3mstC.05x0625.nc4
1435.792,hit,false,0.000,0,228.131,51,GEOS_0.5x0.625/MERRA2/2019/07/MERRA2.20190701.A3mstC.05x0625.nc4
1435.818,hit,false,0.000,0,228.156,51,GEOS_0.5x0.625/MERRA2/2019/07/MERRA2.20190701.A3mstC.05x0625.nc4
1435.860,hit,false,0.000,0,228.199,51,GEOS_0.5x0.625/MERRA2/2019/07/MERRA2.20190701.A3mstC.05x0625.nc4
1435.884,hit,false,0.000,0,228.222,51,GEOS_0.5x0.625/MERRA2/2019/07/MERRA2.20190701.A3mstC.05x0625.nc4
1435.921,hit,false,0.000,0,228.257,52,GEOS_0.5x0.625/MERRA2/2019/07/MERRA2.20190701.A3mstC.05x0625.nc4
1435.950,hit,false,0.000,0,228.286,52,GEOS_0.5x0.625/MERRA2/2019/07/MERRA2.20190701.A3mstC.05x0625.nc4
1435.985,hit,false,0.000,0,228.322,52,GEOS_0.5x0.625/MERRA2/2019/07/MERRA2.20190701.A3mstC.05x0625.nc4
1436.011,hit,false,0.000,0,228.348,52,GEOS_0.5x0.625/MERRA2/2019/07/MERRA2.20190701.A3mstC.05x0625.nc4
1436.048,hit,false,0.000,0,228.384,52,GEOS_0.5x0.625/MERRA2/2019/07/MERRA2.20190701.A3mstC.05x0625.nc4
1436.076,hit,false,0.000,0,228.413,52,GEOS_0.5x0.625/MERRA2/2019/07/MERRA2.20190701.A3mstC.05x0625.nc4
1436.107,hit,false,0.000,0,228.444,52,GEOS_0.5x0.625/MERRA2/2019/07/MERRA2.20190701.A3mstC.05x0625.nc4
1436.141,hit,false,0.000,0,228.477,52,GEOS_0.5x0.625/MERRA2/2019/07/MERRA2.20190701.A3mstC.05x0625.nc4
1436.165,hit,false,0.000,0,228.501,53,GEOS_0.5x0.625/MERRA2/2019/07/MERRA2.20190701.A3mstC.05x0625.nc4
1436.203,hit,false,0.000,0,228.539,53,GEOS_0.5x0.625/MERRA2/2019/07/MERRA2.20190701.A3mstC.05x0625.nc4
1436.233,hit,false,0.000,0,228.568,53,GEOS_0.5x0.625/MERRA2/2019/07/MERRA2.20190701.A3mstC.05x0625.nc4
1436.267,hit,false,0.000,0,228.602,53,GEOS_0.5x0.625/MERRA2/2019/07/MERRA2.20190701.A3mstC.05x0625.nc4
1436.292,hit,false,0.000,0,228.627,53,GEOS_0.5x0.625/MERRA2/2019/07/MERRA2.20190701.A3mstC.05x0625.nc4
1436.327,hit,false,0.000,0,228.662,53,GEOS_0.5x0.625/MERRA2/2019/07/MERRA2.20190701.A3mstC.05x0625.nc4
1436.352,hit,false,0.000,0,228.687,53,GEOS_0.5x0.625/MERRA2/2019/07/MERRA2.20190701.A3mstC.05x0625.nc4
1436.388,hit,false,0.000,0,228.723,53,GEOS_0.5x0.625/MERRA2/2019/07/MERRA2.20190701.A3mstC.05x0625.nc4
1436.418,hit,false,0.000,0,228.752,54,GEOS_0.5x0.625/MERRA2/2019/07/MERRA2.20190701.A3mstC.05x0625.nc4
1436.452,hit,false,0.000,0,228.785,54,GEOS_0.5x0.625/MERRA2/2019/07/MERRA2.20190701.A3mstC.05x0625.nc4
1436.481,hit,false,0.000,0,228.814,54,GEOS_0.5x0.625/MERRA2/2019/07/MERRA2.20190701.A3mstC.05x0625.nc4
1436.516,hit,false,0.000,0,228.849,54,GEOS_0.5x0.625/MERRA2/2019/07/MERRA2.20190701.A3mstC.05x0625.nc4
1436.542,hit,false,0.000,0,228.875,54,GEOS_0.5x0.625/MERRA2/2019/07/MERRA2.20190701.A3mstC.05x0625.nc4
1436.577,hit,false,0.000,0,228.910,54,GEOS_0.5x0.625/MERRA2/2019/07/MERRA2.20190701.A3mstC.05x0625.nc4
1436.603,hit,false,0.000,0,228.937,54,GEOS_0.5x0.625/MERRA2/2019/07/MERRA2.20190701.A3mstC.05x0625.nc4
1436.637,hit,false,0.000,0,228.971,54,GEOS_0.5x0.625/MERRA2/2019/07/MERRA2.20190701.A3mstC.05x0625.nc4
1436.667,hit,false,0.000,0,228.999,55,GEOS_0.5x0.625/MERRA2/2019/07/MERRA2.20190701.A3mstC.05x0625.nc4
1436.705,hit,false,0.000,0,229.036,55,GEOS_0.5x0.625/MERRA2/2019/07/MERRA2.20190701.A3mstC.05x0625.nc4
1436.730,hit,false,0.000,0,229.061,55,GEOS_0.5x0.625/MERRA2/2019/07/MERRA2.20190701.A3mstC.05x0625.nc4
1436.765,hit,false,0.000,0,229.097,55,GEOS_0.5x0.625/MERRA2/2019/07/MERRA2.20190701.A3mstC.05x0625.nc4
1436.792,hit,false,0.000,0,229.123,55,GEOS_0.5x0.625/MERRA2/2019/07/MERRA2.20190701.A3mstC.05x0625.nc4
1436.825,hit,false,0.000,0,229.157,55,GEOS_0.5x0.625/MERRA2/2019/07/MERRA2.20190701.A3mstC.05x0625.nc4
1436.855,hit,false,0.000,0,229.186,55,GEOS_0.5x0.625/MERRA2/2019/07/MERRA2.20190701.A3mstC.05x0625.nc4
1436.886,hit,false,0.000,0,229.217,55,GEOS_0.5x0.625/MERRA2/2019/07/MERRA2.20190701.A3mstC.05x0625.nc4
1436.915,hit,false,0.000,0,229.345,56,GEOS_0.5x0.625/MERRA2/2019/07/MERRA2.20190701.A3mstC.05x0625.nc4
1436.950,hit,false,0.000,0,229.380,56,GEOS_0.5x0.625/MERRA2/2019/07/MERRA2.20190701.A3mstC.05x0625.nc4
1436.987,hit,false,0.000,0,229.417,56,GEOS_0.5x0.625/MERRA2/2019/07/MERRA2.20190701.A3mstC.05x0625.nc4
1437.033,hit,false,0.000,0,229.463,56,GEOS_0.5x0.625/MERRA2/2019/07/MERRA2.20190701.A3mstC.05x0625.nc4
1437.052,hit,false,0.000,0,229.482,56,GEOS_0.5x0.625/MERRA2/2019/07/MERRA2.20190701.A3mstC.05x0625.nc4
1437.116,hit,false,0.000,0,229.546,56,GEOS_0.5x0.625/MERRA2/2019/07/MERRA2.20190701.A3mstC.05x0625.nc4
1437.140,hit,false,0.000,0,229.570,56,GEOS_0.5x0.625/MERRA2/2019/07/MERRA2.20190701.A3mstC.05x0625.nc4
1437.177,hit,false,0.000,0,229.607,56,GEOS_0.5x0.625/MERRA2/2019/07/MERRA2.20190701.A3mstC.05x0625.nc4
1437.204,hit,false,0.000,0,229.631,57,GEOS_0.5x0.625/MERRA2/2019/07/MERRA2.20190701.A3mstC.05x0625.nc4
1437.241,hit,false,0.000,0,229.668,57,GEOS_0.5x0.625/MERRA2/2019/07/MERRA2.20190701.A3mstC.05x0625.nc4
1437.267,hit,false,0.000,0,229.694,57,GEOS_0.5x0.625/MERRA2/2019/07/MERRA2.20190701.A3mstC.05x0625.nc4
1437.297,hit,false,0.000,0,229.724,57,GEOS_0.5x0.625/MERRA2/2019/07/MERRA2.20190701.A3mstC.05x0625.nc4
1437.333,hit,false,0.000,0,229.760,57,GEOS_0.5x0.625/MERRA2/2019/07/MERRA2.20190701.A3mstC.05x0625.nc4
1437.363,hit,false,0.000,0,229.790,57,GEOS_0.5x0.625/MERRA2/2019/07/MERRA2.20190701.A3mstC.05x0625.nc4
1437.397,hit,false,0.000,0,229.824,57,GEOS_0.5x0.625/MERRA2/2019/07/MERRA2.20190701.A3mstC.05x0625.nc4
1437.423,hit,false,0.000,0,229.851,57,GEOS_0.5x0.625/MERRA2/2019/07/MERRA2.20190701.A3mstC.05x0625.nc4
1437.457,hit,false,0.000,0,229.878,58,GEOS_0.5x0.625/MERRA2/2019/07/MERRA2.20190701.A3mstC.05x0625.nc4
1437.572,hit,false,0.000,0,229.994,58,GEOS_0.5x0.625/MERRA2/2019/07/MERRA2.20190701.A3mstC.05x0625.nc4
1437.596,hit,false,0.000,0,230.018,58,GEOS_0.5x0.625/MERRA2/2019/07/MERRA2.20190701.A3mstC.05x0625.nc4
1437.637,hit,false,0.000,0,230.058,58,GEOS_0.5x0.625/MERRA2/2019/07/MERRA2.20190701.A3mstC.05x0625.nc4
1437.666,hit,false,0.000,0,230.088,58,GEOS_0.5x0.625/MERRA2/2019/07/MERRA2.20190701.A3mstC.05x0625.nc4
1437.701,hit,false,0.000,0,230.122,58,GEOS_0.5x0.625/MERRA2/2019/07/MERRA2.20190701.A3mstC.05x0625.nc4
1437.738,hit,false,0.000,0,230.160,58,GEOS_0.5x0.625/MERRA2/2019/07/MERRA2.20190701.A3mstC.05x0625.nc4
1437.763,hit,false,0.000,0,230.185,58,GEOS_0.5x0.625/MERRA2/2019/07/MERRA2.20190701.A3mstC.05x0625.nc4
1437.806,hit,false,0.000,0,230.221,59,GEOS_0.5x0.625/MERRA2/2019/07/MERRA2.20190701.A3mstC.05x0625.nc4
1437.829,hit,false,0.000,0,230.245,59,GEOS_0.5x0.625/MERRA2/2019/07/MERRA2.20190701.A3mstC.05x0625.nc4
1437.878,hit,false,0.000,0,230.293,59,GEOS_0.5x0.625/MERRA2/2019/07/MERRA2.20190701.A3mstC.05x0625.nc4
1437.900,hit,false,0.000,0,230.315,59,GEOS_0.5x0.625/MERRA2/2019/07/MERRA2.20190701.A3mstC.05x0625.nc4
1437.944,hit,false,0.000,0,230.359,59,GEOS_0.5x0.625/MERRA2/2019/07/MERRA2.20190701.A3mstC.05x0625.nc4
1437.967,hit,false,0.000,0,230.382,59,GEOS_0.5x0.625/MERRA2/2019/07/MERRA2.20190701.A3mstC.05x0625.nc4
1438.011,hit,false,0.000,0,230.427,59,GEOS_0.5x0.625/MERRA2/2019/07/MERRA2.20190701.A3mstC.05x0625.nc4
1438.036,hit,false,0.000,0,230.451,59,GEOS_0.5x0.625/MERRA2/2019/07/MERRA2.20190701.A3mstC.05x0625.nc4
1438.077,hit,false,0.000,0,230.490,60,GEOS_0.5x0.625/MERRA2/2019/07/MERRA2.20190701.A3mstC.05x0625.nc4
1438.104,hit,false,0.000,0,230.517,60,GEOS_0.5x0.625/MERRA2/2019/07/MERRA2.20190701.A3mstC.05x0625.nc4
1438.141,hit,false,0.000,0,230.554,60,GEOS_0.5x0.625/MERRA2/2019/07/MERRA2.20190701.A3mstC.05x0625.nc4
1438.166,hit,false,0.000,0,230.579,60,GEOS_0.5x0.625/MERRA2/2019/07/MERRA2.20190701.A3mstC.05x0625.nc4
1438.207,hit,false,0.000,0,230.620,60,GEOS_0.5x0.625/MERRA2/2019/07/MERRA2.20190701.A3mstC.05x0625.nc4
1438.229,hit,false,0.000,0,230.643,60,GEOS_0.5x0.625/MERRA2/2019/07/MERRA2.20190701.A3mstC.05x0625.nc4
1438.272,hit,false,0.000,0,230.685,60,GEOS_0.5x0.625/MERRA2/2019/07/MERRA2.20190701.A3mstC.05x0625.nc4
1438.294,hit,false,0.000,0,230.707,60,GEOS_0.5x0.625/MERRA2/2019/07/MERRA2.20190701.A3mstC.05x0625.nc4
1438.335,hit,false,0.000,0,230.746,61,GEOS_0.5x0.625/MERRA2/2019/07/MERRA2.20190701.A3mstC.05x0625.nc4
1438.360,hit,false,0.000,0,230.771,61,GEOS_0.5x0.625/MERRA2/2019/07/MERRA2.20190701.A3mstC.05x0625.nc4
1438.400,hit,false,0.000,0,230.811,61,GEOS_0.5x0.625/MERRA2/2019/07/MERRA2.20190701.A3mstC.05x0625.nc4
1438.423,hit,false,0.000,0,230.834,61,GEOS_0.5x0.625/MERRA2/2019/07/MERRA2.20190701.A3mstC.05x0625.nc4
1438.464,hit,false,0.000,0,230.875,61,GEOS_0.5x0.625/MERRA2/2019/07/MERRA2.20190701.A3mstC.05x0625.nc4
1438.487,hit,false,0.000,0,230.898,61,GEOS_0.5x0.625/MERRA2/2019/07/MERRA2.20190701.A3mstC.05x0625.nc4
1438.523,hit,false,0.000,0,230.934,61,GEOS_0.5x0.625/MERRA2/2019/07/MERRA2.20190701.A3mstC.05x0625.nc4
1438.549,hit,false,0.000,0,230.960,61,GEOS_0.5x0.625/MERRA2/2019/07/MERRA2.20190701.A3mstC.05x0625.nc4
1438.583,hit,false,0.000,0,230.992,62,GEOS_0.5x0.625/MERRA2/2019/07/MERRA2.20190701.A3mstC.05x0625.nc4
1438.612,hit,false,0.000,0,231.022,62,GEOS_0.5x0.625/MERRA2/2019/07/MERRA2.20190701.A3mstC.05x0625.nc4
1438.649,hit,false,0.000,0,231.058,62,GEOS_0.5x0.625/MERRA2/2019/07/MERRA2.20190701.A3mstC.05x0625.nc4
1438.680,hit,false,0.000,0,231.089,62,GEOS_0.5x0.625/MERRA2/2019/07/MERRA2.20190701.A3mstC.05x0625.nc4
1438.716,hit,false,0.000,0,231.125,62,GEOS_0.5x0.625/MERRA2/2019/07/MERRA2.20190701.A3mstC.05x0625.nc4
1438.749,hit,false,0.000,0,231.158,62,GEOS_0.5x0.625/MERRA2/2019/07/MERRA2.20190701.A3mstC.05x0625.nc4
1438.781,hit,false,0.000,0,231.190,62,GEOS_0.5x0.625/MERRA2/2019/07/MERRA2.20190701.A3mstC.05x0625.nc4
1438.812,hit,false,0.000,0,231.221,62,GEOS_0.5x0.625/MERRA2/2019/07/MERRA2.20190701.A3mstC.05x0625.nc4
1438.836,hit,false,0.000,0,231.238,63,GEOS_0.5x0.625/MERRA2/2019/07/MERRA2.20190701.A3mstC.05x0625.nc4
1438.875,hit,false,0.000,0,231.277,63,GEOS_0.5x0.625/MERRA2/2019/07/MERRA2.20190701.A3mstC.05x0625.nc4
1438.900,hit,false,0.000,0,231.302,63,GEOS_0.5x0.625/MERRA2/2019/07/MERRA2.20190701.A3mstC.05x0625.nc4
1438.937,hit,false,0.000,0,231.339,63,GEOS_0.5x0.625/MERRA2/2019/07/MERRA2.20190701.A3mstC.05x0625.nc4
1438.962,hit,false,0.000,0,231.365,63,GEOS_0.5x0.625/MERRA2/2019/07/MERRA2.20190701.A3mstC.05x0625.nc4
1439.000,hit,false,0.000,0,231.403,63,GEOS_0.5x0.625/MERRA2/2019/07/MERRA2.20190701.A3mstC.05x0625.nc4
1439.025,hit,false,0.000,0,231.427,63,GEOS_0.5x0.625/MERRA2/2019/07/MERRA2.20190701.A3mstC.05x0625.nc4
1439.059,hit,false,0.000,0,231.462,63,GEOS_0.5x0.625/MERRA2/2019/07/MERRA2.20190701.A3mstC.05x0625.nc4
1439.096,hit,false,0.000,0,231.510,64,GEOS_0.5x0.625/MERRA2/2019/07/MERRA2.20190701.A3mstC.05x0625.nc4
1439.130,hit,false,0.000,0,231.544,64,GEOS_0.5x0.625/MERRA2/2019/07/MERRA2.20190701.A3mstC.05x0625.nc4
1439.176,hit,false,0.000,0,231.590,64,GEOS_0.5x0.625/MERRA2/2019/07/MERRA2.20190701.A3mstC.05x0625.nc4
1439.199,hit,false,0.000,0,231.613,64,GEOS_0.5x0.625/MERRA2/2019/07/MERRA2.20190701.A3mstC.05x0625.nc4
1439.236,hit,false,0.000,0,231.650,64,GEOS_0.5x0.625/MERRA2/2019/07/MERRA2.20190701.A3mstC.05x0625.nc4
1439.261,hit,false,0.000,0,231.675,64,GEOS_0.5x0.625/MERRA2/2019/07/MERRA2.20190701.A3mstC.05x0625.nc4
1439.302,hit,false,0.000,0,231.716,64,GEOS_0.5x0.625/MERRA2/2019/07/MERRA2.20190701.A3mstC.05x0625.nc4
1439.324,hit,false,0.000,0,231.738,64,GEOS_0.5x0.625/MERRA2/2019/07/MERRA2.20190701.A3mstC.05x0625.nc4
1439.363,hit,false,0.000,0,231.776,65,GEOS_0.5x0.625/MERRA2/2019/07/MERRA2.20190701.A3mstC.05x0625.nc4
1439.389,hit,false,0.000,0,231.801,65,GEOS_0.5x0.625/MERRA2/2019/07/MERRA2.20190701.A3mstC.05x0625.nc4
1439.432,hit,false,0.000,0,231.844,65,GEOS_0.5x0.625/MERRA2/2019/07/MERRA2.20190701.A3mstC.05x0625.nc4
1439.462,hit,false,0.000,0,231.874,65,GEOS_0.5x0.625/MERRA2/2019/07/MERRA2.20190701.A3mstC.05x0625.nc4
1439.491,hit,false,0.000,0,231.904,65,GEOS_0.5x0.625/MERRA2/2019/07/MERRA2.20190701.A3mstC.05x0625.nc4
1439.518,hit,false,0.000,0,231.930,65,GEOS_0.5x0.625/MERRA2/2019/07/MERRA2.20190701.A3mstC.05x0625.nc4
1439.543,hit,false,0.000,0,231.955,65,GEOS_0.5x0.625/MERRA2/2019/07/MERRA2.20190701.A3mstC.05x0625.nc4
1439.576,hit,false,0.000,0,231.988,65,GEOS_0.5x0.625/MERRA2/2019/07/MERRA2.20190701.A3mstC.05x0625.nc4
1439.682,hit,false,0.000,0,232.093,66,GEOS_0.5x0.625/MERRA2/2019/07/MERRA2.20190701.A3mstC.05x0625.nc4
1439.706,hit,false,0.000,0,232.117,66,GEOS_0.5x0.625/MERRA2/2019/07/MERRA2.20190701.A3mstC.05x0625.nc4
1439.748,hit,false,0.000,0,232.159,66,GEOS_0.5x0.625/MERRA2/2019/07/MERRA2.20190701.A3mstC.05x0625.nc4
1439.769,hit,false,0.000,0,232.180,66,GEOS_0.5x0.625/MERRA2/2019/07/MERRA2.20190701.A3mstC.05x0625.nc4
1439.805,hit,false,0.000,0,232.216,66,GEOS_0.5x0.625/MERRA2/2019/07/MERRA2.20190701.A3mstC.05x0625.nc4
1439.831,hit,false,0.000,0,232.242,66,GEOS_0.5x0.625/MERRA2/2019/07/MERRA2.20190701.A3mstC.05x0625.nc4
1439.871,hit,false,0.000,0,232.281,66,GEOS_0.5x0.625/MERRA2/2019/07/MERRA2.20190701.A3mstC.05x0625.nc4
1439.893,hit,false,0.000,0,232.304,66,GEOS_0.5x0.625/MERRA2/2019/07/MERRA2.20190701.A3mstC.05x0625.nc4
1439.932,hit,false,0.000,0,232.340,67,GEOS_0.5x0.625/MERRA2/2019/07/MERRA2.20190701.A3mstC.05x0625.nc4
1439.958,hit,false,0.000,0,232.367,67,GEOS_0.5x0.625/MERRA2/2019/07/MERRA2.20190701.A3mstC.05x0625.nc4
1440.002,hit,false,0.000,0,232.411,67,GEOS_0.5x0.625/MERRA2/2019/07/MERRA2.20190701.A3mstC.05x0625.nc4
1440.025,hit,false,0.000,0,232.434,67,GEOS_0.5x0.625/MERRA2/2019/07/MERRA2.20190701.A3mstC.05x0625.nc4
1440.065,hit,false,0.000,0,232.474,67,GEOS_0.5x0.625/MERRA2/2019/07/MERRA2.20190701.A3mstC.05x0625.nc4
1440.088,hit,false,0.000,0,232.497,67,GEOS_0.5x0.625/MERRA2/2019/07/MERRA2.20190701.A3mstC.05x0625.nc4
1440.134,hit,false,0.000,0,232.543,67,GEOS_0.5x0.625/MERRA2/2019/07/MERRA2.20190701.A3mstC.05x0625.nc4
1440.157,hit,false,0.000,0,232.566,67,GEOS_0.5x0.625/MERRA2/2019/07/MERRA2.20190701.A3mstC.05x0625.nc4
1440.194,hit,false,0.000,0,232.564,68,GEOS_0.5x0.625/MERRA2/2019/07/MERRA2.20190701.A3mstC.05x0625.nc4
1440.220,hit,false,0.000,0,232.589,68,GEOS_0.5x0.625/MERRA2/2019/07/MERRA2.20190701.A3mstC.05x0625.nc4
1440.259,hit,false,0.000,0,232.629,68,GEOS_0.5x0.625/MERRA2/2019/07/MERRA2.20190701.A3mstC.05x0625.nc4
1440.308,hit,false,0.000,0,232.678,68,GEOS_0.5x0.625/MERRA2/2019/07/MERRA2.20190701.A3mstC.05x0625.nc4
1440.332,hit,false,0.000,0,232.702,68,GEOS_0.5x0.625/MERRA2/2019/07/MERRA2.20190701.A3mstC.05x0625.nc4
1440.372,hit,false,0.000,0,232.742,68,GEOS_0.5x0.625/MERRA2/2019/07/MERRA2.20190701.A3mstC.05x0625.nc4
1440.397,hit,false,0.000,0,232.766,68,GEOS_0.5x0.625/MERRA2/2019/07/MERRA2.20190701.A3mstC.05x0625.nc4
1440.433,hit,false,0.000,0,232.803,68,GEOS_0.5x0.625/MERRA2/2019/07/MERRA2.20190701.A3mstC.05x0625.nc4
1440.459,hit,false,0.000,0,232.824,69,GEOS_0.5x0.625/MERRA2/2019/07/MERRA2.20190701.A3mstC.05x0625.nc4
1440.497,hit,false,0.000,0,232.861,69,GEOS_0.5x0.625/MERRA2/2019/07/MERRA2.20190701.A3mstC.05x0625.nc4
1440.522,hit,false,0.000,0,232.886,69,GEOS_0.5x0.625/MERRA2/2019/07/MERRA2.20190701.A3mstC.05x0625.nc4
1440.562,hit,false,0.000,0,232.926,69,GEOS_0.5x0.625/MERRA2/2019/07/MERRA2.20190701.A3mstC.05x0625.nc4
1440.585,hit,false,0.000,0,232.949,69,GEOS_0.5x0.625/MERRA2/2019/07/MERRA2.20190701.A3mstC.05x0625.nc4
1440.626,hit,false,0.000,0,232.991,69,GEOS_0.5x0.625/MERRA2/2019/07/MERRA2.20190701.A3mstC.05x0625.nc4
1440.650,hit,false,0.000,0,233.014,69,GEOS_0.5x0.625/MERRA2/2019/07/MERRA2.20190701.A3mstC.05x0625.nc4
1440.691,hit,false,0.000,0,233.055,69,GEOS_0.5x0.625/MERRA2/2019/07/MERRA2.20190701.A3mstC.05x0625.nc4
1440.714,hit,false,0.000,0,233.076,70,GEOS_0.5x0.625/MERRA2/2019/07/MERRA2.20190701.A3mstC.05x0625.nc4
1440.752,hit,false,0.000,0,233.114,70,GEOS_0.5x0.625/MERRA2/2019/07/MERRA2.20190701.A3mstC.05x0625.nc4
1440.778,hit,false,0.000,0,233.140,70,GEOS_0.5x0.625/MERRA2/2019/07/MERRA2.20190701.A3mstC.05x0625.nc4
1440.813,hit,false,0.000,0,233.175,70,GEOS_0.5x0.625/MERRA2/2019/07/MERRA2.20190701.A3mstC.05x0625.nc4
1440.836,hit,false,0.000,0,233.198,70,GEOS_0.5x0.625/MERRA2/2019/07/MERRA2.20190701.A3mstC.05x0625.nc4
1440.877,hit,false,0.000,0,233.240,70,GEOS_0.5x0.625/MERRA2/2019/07/MERRA2.20190701.A3mstC.05x0625.nc4
1440.901,hit,false,0.000,0,233.263,70,GEOS_0.5x0.625/MERRA2/2019/07/MERRA2.20190701.A3mstC.05x0625.nc4
1440.938,hit,false,0.000,0,233.300,70,GEOS_0.5x0.625/MERRA2/2019/07/MERRA2.20190701.A3mstC.05x0625.nc4
1440.961,hit,false,0.000,0,233.321,71,GEOS_0.5x0.625/MERRA2/2019/07/MERRA2.20190701.A3mstC.05x0625.nc4
1441.002,hit,false,0.000,0,233.361,71,GEOS_0.5x0.625/MERRA2/2019/07/MERRA2.20190701.A3mstC.05x0625.nc4
1441.025,hit,false,0.000,0,233.385,71,GEOS_0.5x0.625/MERRA2/2019/07/MERRA2.20190701.A3mstC.05x0625.nc4
1441.058,hit,false,0.000,0,233.417,71,GEOS_0.5x0.625/MERRA2/2019/07/MERRA2.20190701.A3mstC.05x0625.nc4
1441.085,hit,false,0.000,0,233.444,71,GEOS_0.5x0.625/MERRA2/2019/07/MERRA2.20190701.A3mstC.05x0625.nc4
1441.118,hit,false,0.000,0,233.478,71,GEOS_0.5x0.625/MERRA2/2019/07/MERRA2.20190701.A3mstC.05x0625.nc4
1441.148,hit,false,0.000,0,233.508,71,GEOS_0.5x0.625/MERRA2/2019/07/MERRA2.20190701.A3mstC.05x0625.nc4
1441.180,hit,false,0.000,0,233.540,71,GEOS_0.5x0.625/MERRA2/2019/07/MERRA2.20190701.A3mstC.05x0625.nc4
1441.204,hit,false,0.000,0,233.609,72,GEOS_0.5x0.625/MERRA2/2019/07/MERRA2.20190701.A3mstC.05x0625.nc4
1441.241,hit,false,0.000,0,233.646,72,GEOS_0.5x0.625/MERRA2/2019/07/MERRA2.20190701.A3mstC.05x0625.nc4
1441.277,hit,false,0.000,0,233.682,72,GEOS_0.5x0.625/MERRA2/2019/07/MERRA2.20190701.A3mstC.05x0625.nc4
1441.299,hit,false,0.000,0,233.705,72,GEOS_0.5x0.625/MERRA2/2019/07/MERRA2.20190701.A3mstC.05x0625.nc4
1441.340,hit,false,0.000,0,233.746,72,GEOS_0.5x0.625/MERRA2/2019/07/MERRA2.20190701.A3mstC.05x0625.nc4
1441.364,hit,false,0.000,0,233.769,72,GEOS_0.5x0.625/MERRA2/2019/07/MERRA2.20190701.A3mstC.05x0625.nc4
1441.399,hit,false,0.000,0,233.804,72,GEOS_0.5x0.625/MERRA2/2019/07/MERRA2.20190701.A3mstC.05x0625.nc4
1441.421,hit,false,0.000,0,233.826,72,GEOS_0.5x0.625/MERRA2/2019/07/MERRA2.20190701.A3mstC.05x0625.nc4
1441.463,hit,false,0.000,0,233.526,73,GEOS_0.5x0.625/MERRA2/2019/07/MERRA2.20190701.A3mstC.05x0625.nc4
1441.489,hit,false,0.000,0,233.552,73,GEOS_0.5x0.625/MERRA2/2019/07/MERRA2.20190701.A3mstC.05x0625.nc4
1441.525,hit,false,0.000,0,233.588,73,GEOS_0.5x0.625/MERRA2/2019/07/MERRA2.20190701.A3mstC.05x0625.nc4
1441.551,hit,false,0.000,0,233.614,73,GEOS_0.5x0.625/MERRA2/2019/07/MERRA2.20190701.A3mstC.05x0625.nc4
1441.585,hit,false,0.000,0,233.648,73,GEOS_0.5x0.625/MERRA2/2019/07/MERRA2.20190701.A3mstC.05x0625.nc4
1441.611,hit,false,0.000,0,233.675,73,GEOS_0.5x0.625/MERRA2/2019/07/MERRA2.20190701.A3mstC.05x0625.nc4
1441.652,hit,false,0.000,0,233.716,73,GEOS_0.5x0.625/MERRA2/2019/07/MERRA2.20190701.A3mstC.05x0625.nc4
1441.757,hit,false,0.000,0,233.821,73,GEOS_0.5x0.625/MERRA2/2019/07/MERRA2.20190701.A3mstC.05x0625.nc4
1441.787,hit,false,0.000,0,233.847,74,GEOS_0.5x0.625/MERRA2/2019/07/MERRA2.20190701.A3mstC.05x0625.nc4
1441.823,hit,false,0.000,0,233.883,74,GEOS_0.5x0.625/MERRA2/2019/07/MERRA2.20190701.A3mstC.05x0625.nc4
1441.864,hit,false,0.000,0,233.924,74,GEOS_0.5x0.625/MERRA2/2019/07/MERRA2.20190701.A3mstC.05x0625.nc4
1441.888,hit,false,0.000,0,233.948,74,GEOS_0.5x0.625/MERRA2/2019/07/MERRA2.20190701.A3mstC.05x0625.nc4
1441.929,hit,false,0.000,0,233.990,74,GEOS_0.5x0.625/MERRA2/2019/07/MERRA2.20190701.A3mstC.05x0625.nc4
1441.952,hit,false,0.000,0,234.013,74,GEOS_0.5x0.625/MERRA2/2019/07/MERRA2.20190701.A3mstC.05x0625.nc4
1441.997,hit,false,0.000,0,234.057,74,GEOS_0.5x0.625/MERRA2/2019/07/MERRA2.20190701.A3mstC.05x0625.nc4
1442.019,hit,false,0.000,0,234.079,74,GEOS_0.5x0.625/MERRA2/2019/07/MERRA2.20190701.A3mstC.05x0625.nc4
1442.055,hit,false,0.000,0,234.111,75,GEOS_0.5x0.625/MERRA2/2019/07/MERRA2.20190701.A3mstC.05x0625.nc4
1442.085,hit,false,0.000,0,234.140,75,GEOS_0.5x0.625/MERRA2/2019/07/MERRA2.20190701.A3mstC.05x0625.nc4
1442.119,hit,false,0.000,0,234.174,75,GEOS_0.5x0.625/MERRA2/2019/07/MERRA2.20190701.A3mstC.05x0625.nc4
1442.151,hit,false,0.000,0,234.207,75,GEOS_0.5x0.625/MERRA2/2019/07/MERRA2.20190701.A3mstC.05x0625.nc4
1442.181,hit,false,0.000,0,234.236,75,GEOS_0.5x0.625/MERRA2/2019/07/MERRA2.20190701.A3mstC.05x0625.nc4
1442.218,hit,false,0.000,0,234.273,75,GEOS_0.5x0.625/MERRA2/2019/07/MERRA2.20190701.A3mstC.05x0625.nc4
1442.240,hit,false,0.000,0,234.295,75,GEOS_0.5x0.625/MERRA2/2019/07/MERRA2.20190701.A3mstC.05x0625.nc4
1442.282,hit,false,0.000,0,234.338,75,GEOS_0.5x0.625/MERRA2/2019/07/MERRA2.20190701.A3mstC.05x0625.nc4
1442.307,hit,false,0.000,0,234.361,76,GEOS_0.5x0.625/MERRA2/2019/07/MERRA2.20190701.A3mstC.05x0625.nc4
1442.348,hit,false,0.000,0,234.401,76,GEOS_0.5x0.625/MERRA2/2019/07/MERRA2.20190701.A3mstC.05x0625.nc4
1442.371,hit,false,0.000,0,234.424,76,GEOS_0.5x0.625/MERRA2/2019/07/MERRA2.20190701.A3mstC.05x0625.nc4
1442.413,hit,false,0.000,0,234.466,76,GEOS_0.5x0.625/MERRA2/2019/07/MERRA2.20190701.A3mstC.05x0625.nc4
1442.436,hit,false,0.000,0,234.490,76,GEOS_0.5x0.625/MERRA2/2019/07/MERRA2.20190701.A3mstC.05x0625.nc4
1442.476,hit,false,0.000,0,234.530,76,GEOS_0.5x0.625/MERRA2/2019/07/MERRA2.20190701.A3mstC.05x0625.nc4
1442.499,hit,false,0.000,0,234.552,76,GEOS_0.5x0.625/MERRA2/2019/07/MERRA2.20190701.A3mstC.05x0625.nc4
1442.547,hit,false,0.000,0,234.601,76,GEOS_0.5x0.625/MERRA2/2019/07/MERRA2.20190701.A3mstC.05x0625.nc4
1442.570,hit,false,0.000,0,234.622,77,GEOS_0.5x0.625/MERRA2/2019/07/MERRA2.20190701.A3mstC.05x0625.nc4
1442.614,hit,false,0.000,0,234.665,77,GEOS_0.5x0.625/MERRA2/2019/07/MERRA2.20190701.A3mstC.05x0625.nc4
1442.636,hit,false,0.000,0,234.687,77,GEOS_0.5x0.625/MERRA2/2019/07/MERRA2.20190701.A3mstC.05x0625.nc4
1442.679,hit,false,0.000,0,234.730,77,GEOS_0.5x0.625/MERRA2/2019/07/MERRA2.20190701.A3mstC.05x0625.nc4
1442.702,hit,false,0.000,0,234.753,77,GEOS_0.5x0.625/MERRA2/2019/07/MERRA2.20190701.A3mstC.05x0625.nc4
1442.744,hit,false,0.000,0,234.795,77,GEOS_0.5x0.625/MERRA2/2019/07/MERRA2.20190701.A3mstC.05x0625.nc4
1442.767,hit,false,0.000,0,234.818,77,GEOS_0.5x0.625/MERRA2/2019/07/MERRA2.20190701.A3mstC.05x0625.nc4
1442.807,hit,false,0.000,0,234.858,77,GEOS_0.5x0.625/MERRA2/2019/07/MERRA2.20190701.A3mstC.05x0625.nc4
1442.829,hit,false,0.000,0,234.837,78,GEOS_0.5x0.625/MERRA2/2019/07/MERRA2.20190701.A3mstC.05x0625.nc4
1442.871,hit,false,0.000,0,234.878,78,GEOS_0.5x0.625/MERRA2/2019/07/MERRA2.20190701.A3mstC.05x0625.nc4
1442.894,hit,false,0.000,0,234.901,78,GEOS_0.5x0.625/MERRA2/2019/07/MERRA2.20190701.A3mstC.05x0625.nc4
1442.931,hit,false,0.000,0,234.938,78,GEOS_0.5x0.625/MERRA2/2019/07/MERRA2.20190701.A3mstC.05x0625.nc4
1442.968,hit,false,0.000,0,234.976,78,GEOS_0.5x0.625/MERRA2/2019/07/MERRA2.20190701.A3mstC.05x0625.nc4
1443.003,hit,false,0.000,0,235.011,78,GEOS_0.5x0.625/MERRA2/2019/07/MERRA2.20190701.A3mstC.05x0625.nc4
1443.035,hit,false,0.000,0,235.043,78,GEOS_0.5x0.625/MERRA2/2019/07/MERRA2.20190701.A3mstC.05x0625.nc4
1443.064,hit,false,0.000,0,235.072,78,GEOS_0.5x0.625/MERRA2/2019/07/MERRA2.20190701.A3mstC.05x0625.nc4
1443.102,hit,false,0.000,0,234.988,79,GEOS_0.5x0.625/MERRA2/2019/07/MERRA2.20190701.A3mstC.05x0625.nc4
1443.134,hit,false,0.000,0,235.019,79,GEOS_0.5x0.625/MERRA2/2019/07/MERRA2.20190701.A3mstC.05x0625.nc4
1443.164,hit,false,0.000,0,235.049,79,GEOS_0.5x0.625/MERRA2/2019/07/MERRA2.20190701.A3mstC.05x0625.nc4
1443.188,hit,false,0.000,0,235.073,79,GEOS_0.5x0.625/MERRA2/2019/07/MERRA2.20190701.A3mstC.05x0625.nc4
1443.231,hit,false,0.000,0,235.117,79,GEOS_0.5x0.625/MERRA2/2019/07/MERRA2.20190701.A3mstC.05x0625.nc4
1443.254,hit,false,0.000,0,235.140,79,GEOS_0.5x0.625/MERRA2/2019/07/MERRA2.20190701.A3mstC.05x0625.nc4
1443.295,hit,false,0.000,0,235.180,79,GEOS_0.5x0.625/MERRA2/2019/07/MERRA2.20190701.A3mstC.05x0625.nc4
1443.318,hit,false,0.000,0,235.203,79,GEOS_0.5x0.625/MERRA2/2019/07/MERRA2.20190701.A3mstC.05x0625.nc4
1443.355,hit,false,0.000,0,235.725,80,GEOS_0.5x0.625/MERRA2/2019/07/MERRA2.20190701.A3mstC.05x0625.nc4
1443.381,hit,false,0.000,0,235.751,80,GEOS_0.5x0.625/MERRA2/2019/07/MERRA2.20190701.A3mstC.05x0625.nc4
1443.430,hit,false,0.000,0,235.801,80,GEOS_0.5x0.625/MERRA2/2019/07/MERRA2.20190701.A3mstC.05x0625.nc4
1443.453,hit,false,0.000,0,235.823,80,GEOS_0.5x0.625/MERRA2/2019/07/MERRA2.20190701.A3mstC.05x0625.nc4
1443.497,hit,false,0.000,0,235.867,80,GEOS_0.5x0.625/MERRA2/2019/07/MERRA2.20190701.A3mstC.05x0625.nc4
1443.520,hit,false,0.000,0,235.890,80,GEOS_0.5x0.625/MERRA2/2019/07/MERRA2.20190701.A3mstC.05x0625.nc4
1443.566,hit,false,0.000,0,235.937,80,GEOS_0.5x0.625/MERRA2/2019/07/MERRA2.20190701.A3mstC.05x0625.nc4
1443.590,hit,false,0.000,0,235.960,80,GEOS_0.5x0.625/MERRA2/2019/07/MERRA2.20190701.A3mstC.05x0625.nc4
1443.626,hit,false,0.000,0,235.993,81,GEOS_0.5x0.625/MERRA2/2019/07/MERRA2.20190701.A3mstC.05x0625.nc4
1443.655,hit,false,0.000,0,236.022,81,GEOS_0.5x0.625/MERRA2/2019/07/MERRA2.20190701.A3mstC.05x0625.nc4
1443.692,hit,false,0.000,0,236.059,81,GEOS_0.5x0.625/MERRA2/2019/07/MERRA2.20190701.A3mstC.05x0625.nc4
1443.715,hit,false,0.000,0,236.082,81,GEOS_0.5x0.625/MERRA2/2019/07/MERRA2.20190701.A3mstC.05x0625.nc4
1443.761,hit,false,0.000,0,236.128,81,GEOS_0.5x0.625/MERRA2/2019/07/MERRA2.20190701.A3mstC.05x0625.nc4
1443.784,hit,false,0.000,0,236.151,81,GEOS_0.5x0.625/MERRA2/2019/07/MERRA2.20190701.A3mstC.05x0625.nc4
1443.906,hit,false,0.000,0,236.273,81,GEOS_0.5x0.625/MERRA2/2019/07/MERRA2.20190701.A3mstC.05x0625.nc4
1443.928,hit,false,0.000,0,236.295,81,GEOS_0.5x0.625/MERRA2/2019/07/MERRA2.20190701.A3mstC.05x0625.nc4
1443.965,hit,false,0.000,0,236.328,82,GEOS_0.5x0.625/MERRA2/2019/07/MERRA2.20190701.A3mstC.05x0625.nc4
1443.995,hit,false,0.000,0,236.358,82,GEOS_0.5x0.625/MERRA2/2019/07/MERRA2.20190701.A3mstC.05x0625.nc4
1444.031,hit,false,0.000,0,236.394,82,GEOS_0.5x0.625/MERRA2/2019/07/MERRA2.20190701.A3mstC.05x0625.nc4
1444.054,hit,false,0.000,0,236.417,82,GEOS_0.5x0.625/MERRA2/2019/07/MERRA2.20190701.A3mstC.05x0625.nc4
1444.097,hit,false,0.000,0,236.460,82,GEOS_0.5x0.625/MERRA2/2019/07/MERRA2.20190701.A3mstC.05x0625.nc4
1444.121,hit,false,0.000,0,236.484,82,GEOS_0.5x0.625/MERRA2/2019/07/MERRA2.20190701.A3mstC.05x0625.nc4
1444.162,hit,false,0.000,0,236.526,82,GEOS_0.5x0.625/MERRA2/2019/07/MERRA2.20190701.A3mstC.05x0625.nc4
1444.186,hit,false,0.000,0,236.550,82,GEOS_0.5x0.625/MERRA2/2019/07/MERRA2.20190701.A3mstC.05x0625.nc4
1444.222,hit,false,0.000,0,236.261,83,GEOS_0.5x0.625/MERRA2/2019/07/MERRA2.20190701.A3mstC.05x0625.nc4
1444.251,hit,false,0.000,0,236.290,83,GEOS_0.5x0.625/MERRA2/2019/07/MERRA2.20190701.A3mstC.05x0625.nc4
1444.283,hit,false,0.000,0,236.322,83,GEOS_0.5x0.625/MERRA2/2019/07/MERRA2.20190701.A3mstC.05x0625.nc4
1444.310,hit,false,0.000,0,236.349,83,GEOS_0.5x0.625/MERRA2/2019/07/MERRA2.20190701.A3mstC.05x0625.nc4
1444.348,hit,false,0.000,0,236.387,83,GEOS_0.5x0.625/MERRA2/2019/07/MERRA2.20190701.A3mstC.05x0625.nc4
1444.369,hit,false,0.000,0,236.408,83,GEOS_0.5x0.625/MERRA2/2019/07/MERRA2.20190701.A3mstC.05x0625.nc4
1444.409,hit,false,0.000,0,236.448,83,GEOS_0.5x0.625/MERRA2/2019/07/MERRA2.20190701.A3mstC.05x0625.nc4
1444.432,hit,false,0.000,0,236.471,83,GEOS_0.5x0.625/MERRA2/2019/07/MERRA2.20190701.A3mstC.05x0625.nc4
1444.472,hit,false,0.000,0,236.508,84,GEOS_0.5x0.625/MERRA2/2019/07/MERRA2.20190701.A3mstC.05x0625.nc4
1444.497,hit,false,0.000,0,236.533,84,GEOS_0.5x0.625/MERRA2/2019/07/MERRA2.20190701.A3mstC.05x0625.nc4
1444.539,hit,false,0.000,0,236.576,84,GEOS_0.5x0.625/MERRA2/2019/07/MERRA2.20190701.A3mstC.05x0625.nc4
1444.561,hit,false,0.000,0,236.598,84,GEOS_0.5x0.625/MERRA2/2019/07/MERRA2.20190701.A3mstC.05x0625.nc4
1444.598,hit,false,0.000,0,236.635,84,GEOS_0.5x0.625/MERRA2/2019/07/MERRA2.20190701.A3mstC.05x0625.nc4
1444.624,hit,false,0.000,0,236.661,84,GEOS_0.5x0.625/MERRA2/2019/07/MERRA2.20190701.A3mstC.05x0625.nc4
1444.659,hit,false,0.000,0,236.696,84,GEOS_0.5x0.625/MERRA2/2019/07/MERRA2.20190701.A3mstC.05x0625.nc4
1444.683,hit,false,0.000,0,236.719,84,GEOS_0.5x0.625/MERRA2/2019/07/MERRA2.20190701.A3mstC.05x0625.nc4
1444.721,hit,false,0.000,0,236.756,85,GEOS_0.5x0.625/MERRA2/2019/07/MERRA2.20190701.A3mstC.05x0625.nc4
1444.746,hit,false,0.000,0,236.781,85,GEOS_0.5x0.625/MERRA2/2019/07/MERRA2.20190701.A3mstC.05x0625.nc4
1444.781,hit,false,0.000,0,236.816,85,GEOS_0.5x0.625/MERRA2/2019/07/MERRA2.20190701.A3mstC.05x0625.nc4
1444.808,hit,false,0.000,0,236.843,85,GEOS_0.5x0.625/MERRA2/2019/07/MERRA2.20190701.A3mstC.05x0625.nc4
1444.844,hit,false,0.000,0,236.879,85,GEOS_0.5x0.625/MERRA2/2019/07/MERRA2.20190701.A3mstC.05x0625.nc4
1444.867,hit,false,0.000,0,236.903,85,GEOS_0.5x0.625/MERRA2/2019/07/MERRA2.20190701.A3mstC.05x0625.nc4
1444.907,hit,false,0.000,0,236.942,85,GEOS_0.5x0.625/MERRA2/2019/07/MERRA2.20190701.A3mstC.05x0625.nc4
1444.930,hit,false,0.000,0,236.965,85,GEOS_0.5x0.625/MERRA2/2019/07/MERRA2.20190701.A3mstC.05x0625.nc4
1444.966,hit,false,0.000,0,236.999,86,GEOS_0.5x0.625/MERRA2/2019/07/MERRA2.20190701.A3mstC.05x0625.nc4
1444.993,hit,false,0.000,0,237.026,86,GEOS_0.5x0.625/MERRA2/2019/07/MERRA2.20190701.A3mstC.05x0625.nc4
1445.025,hit,false,0.000,0,237.058,86,GEOS_0.5x0.625/MERRA2/2019/07/MERRA2.20190701.A3mstC.05x0625.nc4
1445.051,hit,false,0.000,0,237.084,86,GEOS_0.5x0.625/MERRA2/2019/07/MERRA2.20190701.A3mstC.05x0625.nc4
1445.085,hit,false,0.000,0,237.118,86,GEOS_0.5x0.625/MERRA2/2019/07/MERRA2.20190701.A3mstC.05x0625.nc4
1445.111,hit,false,0.000,0,237.144,86,GEOS_0.5x0.625/MERRA2/2019/07/MERRA2.20190701.A3mstC.05x0625.nc4
1445.146,hit,false,0.000,0,237.179,86,GEOS_0.5x0.625/MERRA2/2019/07/MERRA2.20190701.A3mstC.05x0625.nc4
1445.170,hit,false,0.000,0,237.203,86,GEOS_0.5x0.625/MERRA2/2019/07/MERRA2.20190701.A3mstC.05x0625.nc4
1445.203,hit,false,0.000,0,237.234,87,GEOS_0.5x0.625/MERRA2/2019/07/MERRA2.20190701.A3mstC.05x0625.nc4
1445.231,hit,false,0.000,0,237.262,87,GEOS_0.5x0.625/MERRA2/2019/07/MERRA2.20190701.A3mstC.05x0625.nc4
1445.263,hit,false,0.000,0,237.294,87,GEOS_0.5x0.625/MERRA2/2019/07/MERRA2.20190701.A3mstC.05x0625.nc4
1445.290,hit,false,0.000,0,237.321,87,GEOS_0.5x0.625/MERRA2/2019/07/MERRA2.20190701.A3mstC.05x0625.nc4
1445.322,hit,false,0.000,0,237.353,87,GEOS_0.5x0.625/MERRA2/2019/07/MERRA2.20190701.A3mstC.05x0625.nc4
1445.348,hit,false,0.000,0,237.379,87,GEOS_0.5x0.625/MERRA2/2019/07/MERRA2.20190701.A3mstC.05x0625.nc4
1445.380,hit,false,0.000,0,237.411,87,GEOS_0.5x0.625/MERRA2/2019/07/MERRA2.20190701.A3mstC.05x0625.nc4
1445.406,hit,false,0.000,0,237.437,87,GEOS_0.5x0.625/MERRA2/2019/07/MERRA2.20190701.A3mstC.05x0625.nc4
1445.445,hit,false,0.000,0,237.804,88,GEOS_0.5x0.625/MERRA2/2019/07/MERRA2.20190701.A3mstC.05x0625.nc4
1445.478,hit,false,0.000,0,237.838,88,GEOS_0.5x0.625/MERRA2/2019/07/MERRA2.20190701.A3mstC.05x0625.nc4
1445.518,hit,false,0.000,0,237.877,88,GEOS_0.5x0.625/MERRA2/2019/07/MERRA2.20190701.A3mstC.05x0625.nc4
1445.562,hit,false,0.000,0,237.921,88,GEOS_0.5x0.625/MERRA2/2019/07/MERRA2.20190701.A3mstC.05x0625.nc4
1445.583,hit,false,0.000,0,237.942,88,GEOS_0.5x0.625/MERRA2/2019/07/MERRA2.20190701.A3mstC.05x0625.nc4
1445.627,hit,false,0.000,0,237.986,88,GEOS_0.5x0.625/MERRA2/2019/07/MERRA2.20190701.A3mstC.05x0625.nc4
1445.649,hit,false,0.000,0,238.008,88,GEOS_0.5x0.625/MERRA2/2019/07/MERRA2.20190701.A3mstC.05x0625.nc4
1445.692,hit,false,0.000,0,238.052,88,GEOS_0.5x0.625/MERRA2/2019/07/MERRA2.20190701.A3mstC.05x0625.nc4
1445.716,hit,false,0.000,0,238.073,89,GEOS_0.5x0.625/MERRA2/2019/07/MERRA2.20190701.A3mstC.05x0625.nc4
1445.759,hit,false,0.000,0,238.117,89,GEOS_0.5x0.625/MERRA2/2019/07/MERRA2.20190701.A3mstC.05x0625.nc4
1445.785,hit,false,0.000,0,238.143,89,GEOS_0.5x0.625/MERRA2/2019/07/MERRA2.20190701.A3mstC.05x0625.nc4
1445.820,hit,false,0.000,0,238.177,89,GEOS_0.5x0.625/MERRA2/2019/07/MERRA2.20190701.A3mstC.05x0625.nc4
1445.846,hit,false,0.000,0,238.203,89,GEOS_0.5x0.625/MERRA2/2019/07/MERRA2.20190701.A3mstC.05x0625.nc4
1445.968,hit,false,0.000,0,238.325,89,GEOS_0.5x0.625/MERRA2/2019/07/MERRA2.20190701.A3mstC.05x0625.nc4
1445.990,hit,false,0.000,0,238.348,89,GEOS_0.5x0.625/MERRA2/2019/07/MERRA2.20190701.A3mstC.05x0625.nc4
1446.034,hit,false,0.000,0,238.392,89,GEOS_0.5x0.625/MERRA2/2019/07/MERRA2.20190701.A3mstC.05x0625.nc4
1446.058,hit,false,0.000,0,238.413,90,GEOS_0.5x0.625/MERRA2/2019/07/MERRA2.20190701.A3mstC.05x0625.nc4
1446.097,hit,false,0.000,0,238.453,90,GEOS_0.5x0.625/MERRA2/2019/07/MERRA2.20190701.A3mstC.05x0625.nc4
1446.124,hit,false,0.000,0,238.480,90,GEOS_0.5x0.625/MERRA2/2019/07/MERRA2.20190701.A3mstC.05x0625.nc4
1446.160,hit,false,0.000,0,238.515,90,GEOS_0.5x0.625/MERRA2/2019/07/MERRA2.20190701.A3mstC.05x0625.nc4
1446.191,hit,false,0.000,0,238.546,90,GEOS_0.5x0.625/MERRA2/2019/07/MERRA2.20190701.A3mstC.05x0625.nc4
1446.223,hit,false,0.000,0,238.579,90,GEOS_0.5x0.625/MERRA2/2019/07/MERRA2.20190701.A3mstC.05x0625.nc4
1446.256,hit,false,0.000,0,238.612,90,GEOS_0.5x0.625/MERRA2/2019/07/MERRA2.20190701.A3mstC.05x0625.nc4
1446.287,hit,false,0.000,0,238.642,90,GEOS_0.5x0.625/MERRA2/2019/07/MERRA2.20190701.A3mstC.05x0625.nc4
1446.321,hit,false,0.000,0,238.675,91,GEOS_0.5x0.625/MERRA2/2019/07/MERRA2.20190701.A3mstC.05x0625.nc4
1446.351,hit,false,0.000,0,238.705,91,GEOS_0.5x0.625/MERRA2/2019/07/MERRA2.20190701.A3mstC.05x0625.nc4
1446.386,hit,false,0.000,0,238.740,91,GEOS_0.5x0.625/MERRA2/2019/07/MERRA2.20190701.A3mstC.05x0625.nc4
1446.411,hit,false,0.000,0,238.765,91,GEOS_0.5x0.625/MERRA2/2019/07/MERRA2.20190701.A3mstC.05x0625.nc4
1446.446,hit,false,0.000,0,238.800,91,GEOS_0.5x0.625/MERRA2/2019/07/MERRA2.20190701.A3mstC.05x0625.nc4
1446.472,hit,false,0.000,0,238.825,91,GEOS_0.5x0.625/MERRA2/2019/07/MERRA2.20190701.A3mstC.05x0625.nc4
1446.507,hit,false,0.000,0,238.860,91,GEOS_0.5x0.625/MERRA2/2019/07/MERRA2.20190701.A3mstC.05x0625.nc4
1446.531,hit,false,0.000,0,238.885,91,GEOS_0.5x0.625/MERRA2/2019/07/MERRA2.20190701.A3mstC.05x0625.nc4
1446.574,hit,false,0.000,0,238.925,92,GEOS_0.5x0.625/MERRA2/2019/07/MERRA2.20190701.A3mstC.05x0625.nc4
1446.600,hit,false,0.000,0,238.950,92,GEOS_0.5x0.625/MERRA2/2019/07/MERRA2.20190701.A3mstC.05x0625.nc4
1446.641,hit,false,0.000,0,238.991,92,GEOS_0.5x0.625/MERRA2/2019/07/MERRA2.20190701.A3mstC.05x0625.nc4
1446.663,hit,false,0.000,0,239.013,92,GEOS_0.5x0.625/MERRA2/2019/07/MERRA2.20190701.A3mstC.05x0625.nc4
1446.704,hit,false,0.000,0,239.054,92,GEOS_0.5x0.625/MERRA2/2019/07/MERRA2.20190701.A3mstC.05x0625.nc4
1446.727,hit,false,0.000,0,239.077,92,GEOS_0.5x0.625/MERRA2/2019/07/MERRA2.20190701.A3mstC.05x0625.nc4
1446.767,hit,false,0.000,0,239.117,92,GEOS_0.5x0.625/MERRA2/2019/07/MERRA2.20190701.A3mstC.05x0625.nc4
1446.789,hit,false,0.000,0,239.139,92,GEOS_0.5x0.625/MERRA2/2019/07/MERRA2.20190701.A3mstC.05x0625.nc4
1446.829,hit,false,0.000,0,239.178,93,GEOS_0.5x0.625/MERRA2/2019/07/MERRA2.20190701.A3mstC.05x0625.nc4
1446.854,hit,false,0.000,0,239.202,93,GEOS_0.5x0.625/MERRA2/2019/07/MERRA2.20190701.A3mstC.05x0625.nc4
1446.894,hit,false,0.000,0,239.242,93,GEOS_0.5x0.625/MERRA2/2019/07/MERRA2.20190701.A3mstC.05x0625.nc4
1446.918,hit,false,0.000,0,239.266,93,GEOS_0.5x0.625/MERRA2/2019/07/MERRA2.20190701.A3mstC.05x0625.nc4
1446.956,hit,false,0.000,0,239.304,93,GEOS_0.5x0.625/MERRA2/2019/07/MERRA2.20190701.A3mstC.05x0625.nc4
1446.979,hit,false,0.000,0,239.327,93,GEOS_0.5x0.625/MERRA2/2019/07/MERRA2.20190701.A3mstC.05x0625.nc4
1447.015,hit,false,0.000,0,239.363,93,GEOS_0.5x0.625/MERRA2/2019/07/MERRA2.20190701.A3mstC.05x0625.nc4
1447.040,hit,false,0.000,0,239.388,93,GEOS_0.5x0.625/MERRA2/2019/07/MERRA2.20190701.A3mstC.05x0625.nc4
1447.091,hit,false,0.000,0,239.438,94,GEOS_0.5x0.625/MERRA2/2019/07/MERRA2.20190701.A3mstC.05x0625.nc4
1447.119,hit,false,0.000,0,239.466,94,GEOS_0.5x0.625/MERRA2/2019/07/MERRA2.20190701.A3mstC.05x0625.nc4
1447.159,hit,false,0.000,0,239.506,94,GEOS_0.5x0.625/MERRA2/2019/07/MERRA2.20190701.A3mstC.05x0625.nc4
1447.181,hit,false,0.000,0,239.528,94,GEOS_0.5x0.625/MERRA2/2019/07/MERRA2.20190701.A3mstC.05x0625.nc4
1447.225,hit,false,0.000,0,239.571,94,GEOS_0.5x0.625/MERRA2/2019/07/MERRA2.20190701.A3mstC.05x0625.nc4
1447.250,hit,false,0.000,0,239.596,94,GEOS_0.5x0.625/MERRA2/2019/07/MERRA2.20190701.A3mstC.05x0625.nc4
1447.283,hit,false,0.000,0,239.629,94,GEOS_0.5x0.625/MERRA2/2019/07/MERRA2.20190701.A3mstC.05x0625.nc4
1447.309,hit,false,0.000,0,239.656,94,GEOS_0.5x0.625/MERRA2/2019/07/MERRA2.20190701.A3mstC.05x0625.nc4
1447.349,hit,false,0.000,0,239.694,95,GEOS_0.5x0.625/MERRA2/2019/07/MERRA2.20190701.A3mstC.05x0625.nc4
1447.375,hit,false,0.000,0,239.720,95,GEOS_0.5x0.625/MERRA2/2019/07/MERRA2.20190701.A3mstC.05x0625.nc4
1447.412,hit,false,0.000,0,239.756,95,GEOS_0.5x0.625/MERRA2/2019/07/MERRA2.20190701.A3mstC.05x0625.nc4
1447.434,hit,false,0.000,0,239.779,95,GEOS_0.5x0.625/MERRA2/2019/07/MERRA2.20190701.A3mstC.05x0625.nc4
1447.473,hit,false,0.000,0,239.817,95,GEOS_0.5x0.625/MERRA2/2019/07/MERRA2.20190701.A3mstC.05x0625.nc4
1447.496,hit,false,0.000,0,239.841,95,GEOS_0.5x0.625/MERRA2/2019/07/MERRA2.20190701.A3mstC.05x0625.nc4
1447.533,hit,false,0.000,0,239.878,95,GEOS_0.5x0.625/MERRA2/2019/07/MERRA2.20190701.A3mstC.05x0625.nc4
1447.554,hit,false,0.000,0,239.899,95,GEOS_0.5x0.625/MERRA2/2019/07/MERRA2.20190701.A3mstC.05x0625.nc4
1447.594,hit,false,0.000,0,240.041,96,GEOS_0.5x0.625/MERRA2/2019/07/MERRA2.20190701.A3mstC.05x0625.nc4
1447.619,hit,false,0.000,0,240.066,96,GEOS_0.5x0.625/MERRA2/2019/07/MERRA2.20190701.A3mstC.05x0625.nc4
1447.665,hit,false,0.000,0,240.112,96,GEOS_0.5x0.625/MERRA2/2019/07/MERRA2.20190701.A3mstC.05x0625.nc4
1447.687,hit,false,0.000,0,240.134,96,GEOS_0.5x0.625/MERRA2/2019/07/MERRA2.20190701.A3mstC.05x0625.nc4
1447.727,hit,false,0.000,0,240.174,96,GEOS_0.5x0.625/MERRA2/2019/07/MERRA2.20190701.A3mstC.05x0625.nc4
1447.750,hit,false,0.000,0,240.197,96,GEOS_0.5x0.625/MERRA2/2019/07/MERRA2.20190701.A3mstC.05x0625.nc4
1447.790,hit,false,0.000,0,240.237,96,GEOS_0.5x0.625/MERRA2/2019/07/MERRA2.20190701.A3mstC.05x0625.nc4
1447.812,hit,false,0.000,0,240.259,96,GEOS_0.5x0.625/MERRA2/2019/07/MERRA2.20190701.A3mstC.05x0625.nc4
1447.849,hit,false,0.000,0,240.293,97,GEOS_0.5x0.625/MERRA2/2019/07/MERRA2.20190701.A3mstC.05x0625.nc4
1447.874,hit,false,0.000,0,240.318,97,GEOS_0.5x0.625/MERRA2/2019/07/MERRA2.20190701.A3mstC.05x0625.nc4
1447.914,hit,false,0.000,0,240.358,97,GEOS_0.5x0.625/MERRA2/2019/07/MERRA2.20190701.A3mstC.05x0625.nc4
1447.936,hit,false,0.000,0,240.380,97,GEOS_0.5x0.625/MERRA2/2019/07/MERRA2.20190701.A3mstC.05x0625.nc4
1448.054,hit,false,0.000,0,240.498,97,GEOS_0.5x0.625/MERRA2/2019/07/MERRA2.20190701.A3mstC.05x0625.nc4
1448.076,hit,false,0.000,0,240.520,97,GEOS_0.5x0.625/MERRA2/2019/07/MERRA2.20190701.A3mstC.05x0625.nc4
1448.117,hit,false,0.000,0,240.561,97,GEOS_0.5x0.625/MERRA2/2019/07/MERRA2.20190701.A3mstC.05x0625.nc4
1448.139,hit,false,0.000,0,240.583,97,GEOS_0.5x0.625/MERRA2/2019/07/MERRA2.20190701.A3mstC.05x0625.nc4
1448.175,hit,false,0.000,0,240.616,98,GEOS_0.5x0.625/MERRA2/2019/07/MERRA2.20190701.A3mstC.05x0625.nc4
1448.201,hit,false,0.000,0,240.642,98,GEOS_0.5x0.625/MERRA2/2019/07/MERRA2.20190701.A3mstC.05x0625.nc4
1448.246,hit,false,0.000,0,240.687,98,GEOS_0.5x0.625/MERRA2/2019/07/MERRA2.20190701.A3mstC.05x0625.nc4
1448.267,hit,false,0.000,0,240.708,98,GEOS_0.5x0.625/MERRA2/2019/07/MERRA2.20190701.A3mstC.05x0625.nc4
1448.308,hit,false,0.000,0,240.749,98,GEOS_0.5x0.625/MERRA2/2019/07/MERRA2.20190701.A3mstC.05x0625.nc4
1448.335,hit,false,0.000,0,240.776,98,GEOS_0.5x0.625/MERRA2/2019/07/MERRA2.20190701.A3mstC.05x0625.nc4
1448.382,hit,false,0.000,0,240.823,98,GEOS_0.5x0.625/MERRA2/2019/07/MERRA2.20190701.A3mstC.05x0625.nc4
1448.407,hit,false,0.000,0,240.848,98,GEOS_0.5x0.625/MERRA2/2019/07/MERRA2.20190701.A3mstC.05x0625.nc4
1448.442,hit,false,0.000,0,240.882,99,GEOS_0.5x0.625/MERRA2/2019/07/MERRA2.20190701.A3mstC.05x0625.nc4
1448.467,hit,false,0.000,0,240.907,99,GEOS_0.5x0.625/MERRA2/2019/07/MERRA2.20190701.A3mstC.05x0625.nc4
1448.499,hit,false,0.000,0,240.939,99,GEOS_0.5x0.625/MERRA2/2019/07/MERRA2.20190701.A3mstC.05x0625.nc4
1448.525,hit,false,0.000,0,240.965,99,GEOS_0.5x0.625/MERRA2/2019/07/MERRA2.20190701.A3mstC.05x0625.nc4
1448.559,hit,false,0.000,0,240.999,99,GEOS_0.5x0.625/MERRA2/2019/07/MERRA2.20190701.A3mstC.05x0625.nc4
1448.586,hit,false,0.000,0,241.026,99,GEOS_0.5x0.625/MERRA2/2019/07/MERRA2.20190701.A3mstC.05x0625.nc4
1448.618,hit,false,0.000,0,241.057,99,GEOS_0.5x0.625/MERRA2/2019/07/MERRA2.20190701.A3mstC.05x0625.nc4
1448.658,hit,false,0.000,0,241.097,99,GEOS_0.5x0.625/MERRA2/2019/07/MERRA2.20190701.A3mstC.05x0625.nc4
1448.681,hit,false,0.000,0,240.737,100,GEOS_0.5x0.625/MERRA2/2019/07/MERRA2.20190701.A3mstC.05x0625.nc4
1448.717,hit,false,0.000,0,240.773,100,GEOS_0.5x0.625/MERRA2/2019/07/MERRA2.20190701.A3mstC.05x0625.nc4
1448.744,hit,false,0.000,0,240.799,100,GEOS_0.5x0.625/MERRA2/2019/07/MERRA2.20190701.A3mstC.05x0625.nc4
1448.780,hit,false,0.000,0,240.836,100,GEOS_0.5x0.625/MERRA2/2019/07/MERRA2.20190701.A3mstC.05x0625.nc4
1448.804,hit,false,0.000,0,240.860,100,GEOS_0.5x0.625/MERRA2/2019/07/MERRA2.20190701.A3mstC.05x0625.nc4
1448.841,hit,false,0.000,0,240.897,100,GEOS_0.5x0.625/MERRA2/2019/07/MERRA2.20190701.A3mstC.05x0625.nc4
1448.865,hit,false,0.000,0,240.920,100,GEOS_0.5x0.625/MERRA2/2019/07/MERRA2.20190701.A3mstC.05x0625.nc4
1448.906,hit,false,0.000,0,240.962,100,GEOS_0.5x0.625/MERRA2/2019/07/MERRA2.20190701.A3mstC.05x0625.nc4
1448.930,hit,false,0.000,0,240.984,101,GEOS_0.5x0.625/MERRA2/2019/07/MERRA2.20190701.A3mstC.05x0625.nc4
1448.973,hit,false,0.000,0,241.026,101,GEOS_0.5x0.625/MERRA2/2019/07/MERRA2.20190701.A3mstC.05x0625.nc4
1448.996,hit,false,0.000,0,241.050,101,GEOS_0.5x0.625/MERRA2/2019/07/MERRA2.20190701.A3mstC.05x0625.nc4
1449.034,hit,false,0.000,0,241.087,101,GEOS_0.5x0.625/MERRA2/2019/07/MERRA2.20190701.A3mstC.05x0625.nc4
1449.060,hit,false,0.000,0,241.113,101,GEOS_0.5x0.625/MERRA2/2019/07/MERRA2.20190701.A3mstC.05x0625.nc4
1449.098,hit,false,0.000,0,241.152,101,GEOS_0.5x0.625/MERRA2/2019/07/MERRA2.20190701.A3mstC.05x0625.nc4
1449.123,hit,false,0.000,0,241.176,101,GEOS_0.5x0.625/MERRA2/2019/07/MERRA2.20190701.A3mstC.05x0625.nc4
1449.160,hit,false,0.000,0,241.213,101,GEOS_0.5x0.625/MERRA2/2019/07/MERRA2.20190701.A3mstC.05x0625.nc4
1449.178,hit,false,0.000,0,241.229,102,GEOS_0.5x0.625/MERRA2/2019/07/MERRA2.20190701.A3mstC.05x0625.nc4
1449.231,hit,false,0.000,0,241.282,102,GEOS_0.5x0.625/MERRA2/2019/07/MERRA2.20190701.A3mstC.05x0625.nc4
1449.254,hit,false,0.000,0,241.305,102,GEOS_0.5x0.625/MERRA2/2019/07/MERRA2.20190701.A3mstC.05x0625.nc4
1449.299,hit,false,0.000,0,241.350,102,GEOS_0.5x0.625/MERRA2/2019/07/MERRA2.20190701.A3mstC.05x0625.nc4
1449.322,hit,false,0.000,0,241.373,102,GEOS_0.5x0.625/MERRA2/2019/07/MERRA2.20190701.A3mstC.05x0625.nc4
1449.361,hit,false,0.000,0,241.413,102,GEOS_0.5x0.625/MERRA2/2019/07/MERRA2.20190701.A3mstC.05x0625.nc4
1449.388,hit,false,0.000,0,241.440,102,GEOS_0.5x0.625/MERRA2/2019/07/MERRA2.20190701.A3mstC.05x0625.nc4
1449.421,hit,false,0.000,0,241.472,102,GEOS_0.5x0.625/MERRA2/2019/07/MERRA2.20190701.A3mstC.05x0625.nc4
1449.452,hit,false,0.000,0,241.502,103,GEOS_0.5x0.625/MERRA2/2019/07/MERRA2.20190701.A3mstC.05x0625.nc4
1449.484,hit,false,0.000,0,241.533,103,GEOS_0.5x0.625/MERRA2/2019/07/MERRA2.20190701.A3mstC.05x0625.nc4
1449.518,hit,false,0.000,0,241.568,103,GEOS_0.5x0.625/MERRA2/2019/07/MERRA2.20190701.A3mstC.05x0625.nc4
1449.544,hit,false,0.000,0,241.594,103,GEOS_0.5x0.625/MERRA2/2019/07/MERRA2.20190701.A3mstC.05x0625.nc4
1449.578,hit,false,0.000,0,241.628,103,GEOS_0.5x0.625/MERRA2/2019/07/MERRA2.20190701.A3mstC.05x0625.nc4
1449.607,hit,false,0.000,0,241.657,103,GEOS_0.5x0.625/MERRA2/2019/07/MERRA2.20190701.A3mstC.05x0625.nc4
1449.644,hit,false,0.000,0,241.693,103,GEOS_0.5x0.625/MERRA2/2019/07/MERRA2.20190701.A3mstC.05x0625.nc4
1449.667,hit,false,0.000,0,241.716,103,GEOS_0.5x0.625/MERRA2/2019/07/MERRA2.20190701.A3mstC.05x0625.nc4
1449.708,hit,false,0.000,0,242.081,104,GEOS_0.5x0.625/MERRA2/2019/07/MERRA2.20190701.A3mstC.05x0625.nc4
1449.733,hit,false,0.000,0,242.107,104,GEOS_0.5x0.625/MERRA2/2019/07/MERRA2.20190701.A3mstC.05x0625.nc4
1449.782,hit,false,0.000,0,242.155,104,GEOS_0.5x0.625/MERRA2/2019/07/MERRA2.20190701.A3mstC.05x0625.nc4
1449.805,hit,false,0.000,0,242.178,104,GEOS_0.5x0.625/MERRA2/2019/07/MERRA2.20190701.A3mstC.05x0625.nc4
1449.848,hit,false,0.000,0,242.222,104,GEOS_0.5x0.625/MERRA2/2019/07/MERRA2.20190701.A3mstC.05x0625.nc4
1449.870,hit,false,0.000,0,242.243,104,GEOS_0.5x0.625/MERRA2/2019/07/MERRA2.20190701.A3mstC.05x0625.nc4
1449.914,hit,false,0.000,0,242.287,104,GEOS_0.5x0.625/MERRA2/2019/07/MERRA2.20190701.A3mstC.05x0625.nc4
1449.937,hit,false,0.000,0,242.310,104,GEOS_0.5x0.625/MERRA2/2019/07/MERRA2.20190701.A3mstC.05x0625.nc4
1449.980,hit,false,0.000,0,242.014,105,GEOS_0.5x0.625/MERRA2/2019/07/MERRA2.20190701.A3mstC.05x0625.nc4
1450.005,hit,false,0.000,0,242.039,105,GEOS_0.5x0.625/MERRA2/2019/07/MERRA2.20190701.A3mstC.05x0625.nc4
1450.049,hit,false,0.000,0,242.083,105,GEOS_0.5x0.625/MERRA2/2019/07/MERRA2.20190701.A3mstC.05x0625.nc4
1450.153,hit,false,0.000,0,242.187,105,GEOS_0.5x0.625/MERRA2/2019/07/MERRA2.20190701.A3mstC.05x0625.nc4
1450.176,hit,false,0.000,0,242.210,105,GEOS_0.5x0.625/MERRA2/2019/07/MERRA2.20190701.A3mstC.05x0625.nc4
1450.219,hit,false,0.000,0,242.253,105,GEOS_0.5x0.625/MERRA2/2019/07/MERRA2.20190701.A3mstC.05x0625.nc4
1450.242,hit,false,0.000,0,242.276,105,GEOS_0.5x0.625/MERRA2/2019/07/MERRA2.20190701.A3mstC.05x0625.nc4
1450.286,hit,false,0.000,0,242.320,105,GEOS_0.5x0.625/MERRA2/2019/07/MERRA2.20190701.A3mstC.05x0625.nc4
1450.311,hit,false,0.000,0,242.343,106,GEOS_0.5x0.625/MERRA2/2019/07/MERRA2.20190701.A3mstC.05x0625.nc4
1450.353,hit,false,0.000,0,242.385,106,GEOS_0.5x0.625/MERRA2/2019/07/MERRA2.20190701.A3mstC.05x0625.nc4
1450.376,hit,false,0.000,0,242.409,106,GEOS_0.5x0.625/MERRA2/2019/07/MERRA2.20190701.A3mstC.05x0625.nc4
1450.412,hit,false,0.000,0,242.444,106,GEOS_0.5x0.625/MERRA2/2019/07/MERRA2.20190701.A3mstC.05x0625.nc4
1450.439,hit,false,0.000,0,242.471,106,GEOS_0.5x0.625/MERRA2/2019/07/MERRA2.20190701.A3mstC.05x0625.nc4
1450.479,hit,false,0.000,0,242.511,106,GEOS_0.5x0.625/MERRA2/2019/07/MERRA2.20190701.A3mstC.05x0625.nc4
1450.521,hit,false,0.000,0,242.554,106,GEOS_0.5x0.625/MERRA2/2019/07/MERRA2.20190701.A3mstC.05x0625.nc4
1450.545,hit,false,0.000,0,242.577,106,GEOS_0.5x0.625/MERRA2/2019/07/MERRA2.20190701.A3mstC.05x0625.nc4
1450.587,hit,false,0.000,0,242.617,107,GEOS_0.5x0.625/MERRA2/2019/07/MERRA2.20190701.A3mstC.05x0625.nc4
1450.611,hit,false,0.000,0,242.642,107,GEOS_0.5x0.625/MERRA2/2019/07/MERRA2.20190701.A3mstC.05x0625.nc4
1450.656,hit,false,0.000,0,242.687,107,GEOS_0.5x0.625/MERRA2/2019/07/MERRA2.20190701.A3mstC.05x0625.nc4
1450.680,hit,false,0.000,0,242.710,107,GEOS_0.5x0.625/MERRA2/2019/07/MERRA2.20190701.A3mstC.05x0625.nc4
1450.719,hit,false,0.000,0,242.749,107,GEOS_0.5x0.625/MERRA2/2019/07/MERRA2.20190701.A3mstC.05x0625.nc4
1450.744,hit,false,0.000,0,242.774,107,GEOS_0.5x0.625/MERRA2/2019/07/MERRA2.20190701.A3mstC.05x0625.nc4
1450.777,hit,false,0.000,0,242.807,107,GEOS_0.5x0.625/MERRA2/2019/07/MERRA2.20190701.A3mstC.05x0625.nc4
1450.802,hit,false,0.000,0,242.832,107,GEOS_0.5x0.625/MERRA2/2019/07/MERRA2.20190701.A3mstC.05x0625.nc4
1450.835,hit,false,0.000,0,242.859,108,GEOS_0.5x0.625/MERRA2/2019/07/MERRA2.20190701.A3mstC.05x0625.nc4
1450.864,hit,false,0.000,0,242.888,108,GEOS_0.5x0.625/MERRA2/2019/07/MERRA2.20190701.A3mstC.05x0625.nc4
1450.934,hit,false,0.000,0,242.958,108,GEOS_0.5x0.625/MERRA2/2019/07/MERRA2.20190701.A3mstC.05x0625.nc4
1450.956,hit,false,0.000,0,242.980,108,GEOS_0.5x0.625/MERRA2/2019/07/MERRA2.20190701.A3mstC.05x0625.nc4
1450.998,hit,false,0.000,0,243.022,108,GEOS_0.5x0.625/MERRA2/2019/07/MERRA2.20190701.A3mstC.05x0625.nc4
1451.022,hit,false,0.000,0,243.046,108,GEOS_0.5x0.625/MERRA2/2019/07/MERRA2.20190701.A3mstC.05x0625.nc4
1451.092,hit,false,0.000,0,243.117,108,GEOS_0.5x0.625/MERRA2/2019/07/MERRA2.20190701.A3mstC.05x0625.nc4
1451.115,hit,false,0.000,0,243.139,108,GEOS_0.5x0.625/MERRA2/2019/07/MERRA2.20190701.A3mstC.05x0625.nc4
1451.160,hit,false,0.000,0,243.182,109,GEOS_0.5x0.625/MERRA2/2019/07/MERRA2.20190701.A3mstC.05x0625.nc4
1451.185,hit,false,0.000,0,243.207,109,GEOS_0.5x0.625/MERRA2/2019/07/MERRA2.20190701.A3mstC.05x0625.nc4
1451.226,hit,false,0.000,0,243.248,109,GEOS_0.5x0.625/MERRA2/2019/07/MERRA2.20190701.A3mstC.05x0625.nc4
1451.249,hit,false,0.000,0,243.271,109,GEOS_0.5x0.625/MERRA2/2019/07/MERRA2.20190701.A3mstC.05x0625.nc4
1451.290,hit,false,0.000,0,243.312,109,GEOS_0.5x0.625/MERRA2/2019/07/MERRA2.20190701.A3mstC.05x0625.nc4
1451.314,hit,false,0.000,0,243.336,109,GEOS_0.5x0.625/MERRA2/2019/07/MERRA2.20190701.A3mstC.05x0625.nc4
1451.348,hit,false,0.000,0,243.370,109,GEOS_0.5x0.625/MERRA2/2019/07/MERRA2.20190701.A3mstC.05x0625.nc4
1451.375,hit,false,0.000,0,243.397,109,GEOS_0.5x0.625/MERRA2/2019/07/MERRA2.20190701.A3mstC.05x0625.nc4
1451.409,hit,false,0.000,0,243.429,110,GEOS_0.5x0.625/MERRA2/2019/07/MERRA2.20190701.A3mstC.05x0625.nc4
1451.435,hit,false,0.000,0,243.456,110,GEOS_0.5x0.625/MERRA2/2019/07/MERRA2.20190701.A3mstC.05x0625.nc4
1451.469,hit,false,0.000,0,243.490,110,GEOS_0.5x0.625/MERRA2/2019/07/MERRA2.20190701.A3mstC.05x0625.nc4
1451.498,hit,false,0.000,0,243.518,110,GEOS_0.5x0.625/MERRA2/2019/07/MERRA2.20190701.A3mstC.05x0625.nc4
1451.533,hit,false,0.000,0,243.554,110,GEOS_0.5x0.625/MERRA2/2019/07/MERRA2.20190701.A3mstC.05x0625.nc4
1451.560,hit,false,0.000,0,243.581,110,GEOS_0.5x0.625/MERRA2/2019/07/MERRA2.20190701.A3mstC.05x0625.nc4
1451.594,hit,false,0.000,0,243.615,110,GEOS_0.5x0.625/MERRA2/2019/07/MERRA2.20190701.A3mstC.05x0625.nc4
1451.620,hit,false,0.000,0,243.641,110,GEOS_0.5x0.625/MERRA2/2019/07/MERRA2.20190701.A3mstC.05x0625.nc4
1451.651,hit,false,0.000,0,243.670,111,GEOS_0.5x0.625/MERRA2/2019/07/MERRA2.20190701.A3mstC.05x0625.nc4
1451.680,hit,false,0.000,0,243.699,111,GEOS_0.5x0.625/MERRA2/2019/07/MERRA2.20190701.A3mstC.05x0625.nc4
1451.729,hit,false,0.000,0,243.748,111,GEOS_0.5x0.625/MERRA2/2019/07/MERRA2.20190701.A3mstC.05x0625.nc4
1451.743,hit,false,0.000,0,243.762,111,GEOS_0.5x0.625/MERRA2/2019/07/MERRA2.20190701.A3mstC.05x0625.nc4
1451.795,hit,false,0.000,0,243.814,111,GEOS_0.5x0.625/MERRA2/2019/07/MERRA2.20190701.A3mstC.05x0625.nc4
1451.818,hit,false,0.000,0,243.837,111,GEOS_0.5x0.625/MERRA2/2019/07/MERRA2.20190701.A3mstC.05x0625.nc4
1451.855,hit,false,0.000,0,243.874,111,GEOS_0.5x0.625/MERRA2/2019/07/MERRA2.20190701.A3mstC.05x0625.nc4
1451.890,hit,false,0.000,0,243.909,111,GEOS_0.5x0.625/MERRA2/2019/07/MERRA2.20190701.A3mstC.05x0625.nc4
1451.916,hit,false,0.000,0,244.286,112,GEOS_0.5x0.625/MERRA2/2019/07/MERRA2.20190701.A3mstC.05x0625.nc4
1451.952,hit,false,0.000,0,244.322,112,GEOS_0.5x0.625/MERRA2/2019/07/MERRA2.20190701.A3mstC.05x0625.nc4
1451.992,hit,false,0.000,0,244.362,112,GEOS_0.5x0.625/MERRA2/2019/07/MERRA2.20190701.A3mstC.05x0625.nc4
1452.016,hit,false,0.000,0,244.386,112,GEOS_0.5x0.625/MERRA2/2019/07/MERRA2.20190701.A3mstC.05x0625.nc4
1452.062,hit,false,0.000,0,244.431,112,GEOS_0.5x0.625/MERRA2/2019/07/MERRA2.20190701.A3mstC.05x0625.nc4
1452.085,hit,false,0.000,0,244.454,112,GEOS_0.5x0.625/MERRA2/2019/07/MERRA2.20190701.A3mstC.05x0625.nc4
1452.125,hit,false,0.000,0,244.495,112,GEOS_0.5x0.625/MERRA2/2019/07/MERRA2.20190701.A3mstC.05x0625.nc4
1452.149,hit,false,0.000,0,244.519,112,GEOS_0.5x0.625/MERRA2/2019/07/MERRA2.20190701.A3mstC.05x0625.nc4
1452.193,hit,false,0.000,0,244.558,113,GEOS_0.5x0.625/MERRA2/2019/07/MERRA2.20190701.A3mstC.05x0625.nc4
1452.220,hit,false,0.000,0,244.585,113,GEOS_0.5x0.625/MERRA2/2019/07/MERRA2.20190701.A3mstC.05x0625.nc4
1452.342,hit,false,0.000,0,244.707,113,GEOS_0.5x0.625/MERRA2/2019/07/MERRA2.20190701.A3mstC.05x0625.nc4
1452.363,hit,false,0.000,0,244.728,113,GEOS_0.5x0.625/MERRA2/2019/07/MERRA2.20190701.A3mstC.05x0625.nc4
1452.408,hit,false,0.000,0,244.773,113,GEOS_0.5x0.625/MERRA2/2019/07/MERRA2.20190701.A3mstC.05x0625.nc4
1452.431,hit,false,0.000,0,244.796,113,GEOS_0.5x0.625/MERRA2/2019/07/MERRA2.20190701.A3mstC.05x0625.nc4
1452.469,hit,false,0.000,0,244.834,113,GEOS_0.5x0.625/MERRA2/2019/07/MERRA2.20190701.A3mstC.05x0625.nc4
1452.495,hit,false,0.000,0,244.860,113,GEOS_0.5x0.625/MERRA2/2019/07/MERRA2.20190701.A3mstC.05x0625.nc4
1452.530,hit,false,0.000,0,244.893,114,GEOS_0.5x0.625/MERRA2/2019/07/MERRA2.20190701.A3mstC.05x0625.nc4
1452.558,hit,false,0.000,0,244.922,114,GEOS_0.5x0.625/MERRA2/2019/07/MERRA2.20190701.A3mstC.05x0625.nc4
1452.595,hit,false,0.000,0,244.959,114,GEOS_0.5x0.625/MERRA2/2019/07/MERRA2.20190701.A3mstC.05x0625.nc4
1452.623,hit,false,0.000,0,244.987,114,GEOS_0.5x0.625/MERRA2/2019/07/MERRA2.20190701.A3mstC.05x0625.nc4
1452.657,hit,false,0.000,0,245.021,114,GEOS_0.5x0.625/MERRA2/2019/07/MERRA2.20190701.A3mstC.05x0625.nc4
1452.686,hit,false,0.000,0,245.049,114,GEOS_0.5x0.625/MERRA2/2019/07/MERRA2.20190701.A3mstC.05x0625.nc4
1452.720,hit,false,0.000,0,245.083,114,GEOS_0.5x0.625/MERRA2/2019/07/MERRA2.20190701.A3mstC.05x0625.nc4
1452.750,hit,false,0.000,0,245.113,114,GEOS_0.5x0.625/MERRA2/2019/07/MERRA2.20190701.A3mstC.05x0625.nc4
1452.782,hit,false,0.000,0,245.142,115,GEOS_0.5x0.625/MERRA2/2019/07/MERRA2.20190701.A3mstC.05x0625.nc4
1452.816,hit,false,0.000,0,245.177,115,GEOS_0.5x0.625/MERRA2/2019/07/MERRA2.20190701.A3mstC.05x0625.nc4
1452.846,hit,false,0.000,0,245.207,115,GEOS_0.5x0.625/MERRA2/2019/07/MERRA2.20190701.A3mstC.05x0625.nc4
1452.881,hit,false,0.000,0,245.241,115,GEOS_0.5x0.625/MERRA2/2019/07/MERRA2.20190701.A3mstC.05x0625.nc4
1452.907,hit,false,0.000,0,245.268,115,GEOS_0.5x0.625/MERRA2/2019/07/MERRA2.20190701.A3mstC.05x0625.nc4
1452.940,hit,false,0.000,0,245.300,115,GEOS_0.5x0.625/MERRA2/2019/07/MERRA2.20190701.A3mstC.05x0625.nc4
1452.990,hit,false,0.000,0,245.350,115,GEOS_0.5x0.625/MERRA2/2019/07/MERRA2.20190701.A3mstC.05x0625.nc4
1453.012,hit,false,0.000,0,245.373,115,GEOS_0.5x0.625/MERRA2/2019/07/MERRA2.20190701.A3mstC.05x0625.nc4
1453.052,hit,false,0.000,0,245.411,116,GEOS_0.5x0.625/MERRA2/2019/07/MERRA2.20190701.A3mstC.05x0625.nc4
1453.077,hit,false,0.000,0,245.436,116,GEOS_0.5x0.625/MERRA2/2019/07/MERRA2.20190701.A3mstC.05x0625.nc4
1453.116,hit,false,0.000,0,245.475,116,GEOS_0.5x0.625/MERRA2/2019/07/MERRA2.20190701.A3mstC.05x0625.nc4
1453.139,hit,false,0.000,0,245.498,116,GEOS_0.5x0.625/MERRA2/2019/07/MERRA2.20190701.A3mstC.05x0625.nc4
1453.179,hit,false,0.000,0,245.538,116,GEOS_0.5x0.625/MERRA2/2019/07/MERRA2.20190701.A3mstC.05x0625.nc4
1453.202,hit,false,0.000,0,245.561,116,GEOS_0.5x0.625/MERRA2/2019/07/MERRA2.20190701.A3mstC.05x0625.nc4
1453.235,hit,false,0.000,0,245.594,116,GEOS_0.5x0.625/MERRA2/2019/07/MERRA2.20190701.A3mstC.05x0625.nc4
1453.262,hit,false,0.000,0,245.621,116,GEOS_0.5x0.625/MERRA2/2019/07/MERRA2.20190701.A3mstC.05x0625.nc4
1453.295,hit,false,0.000,0,245.652,117,GEOS_0.5x0.625/MERRA2/2019/07/MERRA2.20190701.A3mstC.05x0625.nc4
1453.324,hit,false,0.000,0,245.681,117,GEOS_0.5x0.625/MERRA2/2019/07/MERRA2.20190701.A3mstC.05x0625.nc4
1453.361,hit,false,0.000,0,245.718,117,GEOS_0.5x0.625/MERRA2/2019/07/MERRA2.20190701.A3mstC.05x0625.nc4
1453.383,hit,false,0.000,0,245.740,117,GEOS_0.5x0.625/MERRA2/2019/07/MERRA2.20190701.A3mstC.05x0625.nc4
1453.422,hit,false,0.000,0,245.779,117,GEOS_0.5x0.625/MERRA2/2019/07/MERRA2.20190701.A3mstC.05x0625.nc4
1453.446,hit,false,0.000,0,245.803,117,GEOS_0.5x0.625/MERRA2/2019/07/MERRA2.20190701.A3mstC.05x0625.nc4
1453.482,hit,false,0.000,0,245.839,117,GEOS_0.5x0.625/MERRA2/2019/07/MERRA2.20190701.A3mstC.05x0625.nc4
1453.509,hit,false,0.000,0,245.866,117,GEOS_0.5x0.625/MERRA2/2019/07/MERRA2.20190701.A3mstC.05x0625.nc4
1453.543,hit,false,0.000,0,245.898,118,GEOS_0.5x0.625/MERRA2/2019/07/MERRA2.20190701.A3mstC.05x0625.nc4
1453.587,hit,false,0.000,0,245.942,118,GEOS_0.5x0.625/MERRA2/2019/07/MERRA2.20190701.A3mstC.05x0625.nc4
1453.613,hit,false,0.000,0,245.969,118,GEOS_0.5x0.625/MERRA2/2019/07/MERRA2.20190701.A3mstC.05x0625.nc4
1453.645,hit,false,0.000,0,246.000,118,GEOS_0.5x0.625/MERRA2/2019/07/MERRA2.20190701.A3mstC.05x0625.nc4
1453.671,hit,false,0.000,0,246.027,118,GEOS_0.5x0.625/MERRA2/2019/07/MERRA2.20190701.A3mstC.05x0625.nc4
1453.702,hit,false,0.000,0,246.057,118,GEOS_0.5x0.625/MERRA2/2019/07/MERRA2.20190701.A3mstC.05x0625.nc4
1453.736,hit,false,0.000,0,246.092,118,GEOS_0.5x0.625/MERRA2/2019/07/MERRA2.20190701.A3mstC.05x0625.nc4
1453.761,hit,false,0.000,0,246.116,118,GEOS_0.5x0.625/MERRA2/2019/07/MERRA2.20190701.A3mstC.05x0625.nc4
1453.794,hit,false,0.000,0,246.147,119,GEOS_0.5x0.625/MERRA2/2019/07/MERRA2.20190701.A3mstC.05x0625.nc4
1453.823,hit,false,0.000,0,246.176,119,GEOS_0.5x0.625/MERRA2/2019/07/MERRA2.20190701.A3mstC.05x0625.nc4
1453.855,hit,false,0.000,0,246.208,119,GEOS_0.5x0.625/MERRA2/2019/07/MERRA2.20190701.A3mstC.05x0625.nc4
1453.878,hit,false,0.000,0,246.231,119,GEOS_0.5x0.625/MERRA2/2019/07/MERRA2.20190701.A3mstC.05x0625.nc4
1453.916,hit,false,0.000,0,246.269,119,GEOS_0.5x0.625/MERRA2/2019/07/MERRA2.20190701.A3mstC.05x0625.nc4
1453.939,hit,false,0.000,0,246.292,119,GEOS_0.5x0.625/MERRA2/2019/07/MERRA2.20190701.A3mstC.05x0625.nc4
1453.976,hit,false,0.000,0,246.330,119,GEOS_0.5x0.625/MERRA2/2019/07/MERRA2.20190701.A3mstC.05x0625.nc4
1453.999,hit,false,0.000,0,246.352,119,GEOS_0.5x0.625/MERRA2/2019/07/MERRA2.20190701.A3mstC.05x0625.nc4
1454.033,hit,false,0.000,0,246.434,120,GEOS_0.5x0.625/MERRA2/2019/07/MERRA2.20190701.A3mstC.05x0625.nc4
1454.063,hit,false,0.000,0,246.463,120,GEOS_0.5x0.625/MERRA2/2019/07/MERRA2.20190701.A3mstC.05x0625.nc4
1454.108,hit,false,0.000,0,246.508,120,GEOS_0.5x0.625/MERRA2/2019/07/MERRA2.20190701.A3mstC.05x0625.nc4
1454.130,hit,false,0.000,0,246.531,120,GEOS_0.5x0.625/MERRA2/2019/07/MERRA2.20190701.A3mstC.05x0625.nc4
1454.176,hit,false,0.000,0,246.577,120,GEOS_0.5x0.625/MERRA2/2019/07/MERRA2.20190701.A3mstC.05x0625.nc4
1454.199,hit,false,0.000,0,246.600,120,GEOS_0.5x0.625/MERRA2/2019/07/MERRA2.20190701.A3mstC.05x0625.nc4
1454.238,hit,false,0.000,0,246.639,120,GEOS_0.5x0.625/MERRA2/2019/07/MERRA2.20190701.A3mstC.05x0625.nc4
1454.263,hit,false,0.000,0,246.664,120,GEOS_0.5x0.625/MERRA2/2019/07/MERRA2.20190701.A3mstC.05x0625.nc4
1454.302,hit,false,0.000,0,246.701,121,GEOS_0.5x0.625/MERRA2/2019/07/MERRA2.20190701.A3mstC.05x0625.nc4
1454.413,hit,false,0.000,0,246.812,121,GEOS_0.5x0.625/MERRA2/2019/07/MERRA2.20190701.A3mstC.05x0625.nc4
1454.436,hit,false,0.000,0,246.835,121,GEOS_0.5x0.625/MERRA2/2019/07/MERRA2.20190701.A3mstC.05x0625.nc4
1454.468,hit,false,0.000,0,246.868,121,GEOS_0.5x0.625/MERRA2/2019/07/MERRA2.20190701.A3mstC.05x0625.nc4
1454.496,hit,false,0.000,0,246.895,121,GEOS_0.5x0.625/MERRA2/2019/07/MERRA2.20190701.A3mstC.05x0625.nc4
1454.519,hit,false,0.000,0,246.918,121,GEOS_0.5x0.625/MERRA2/2019/07/MERRA2.20190701.A3mstC.05x0625.nc4
1454.562,hit,false,0.000,0,246.961,121,GEOS_0.5x0.625/MERRA2/2019/07/MERRA2.20190701.A3mstC.05x0625.nc4
1454.585,hit,false,0.000,0,246.984,121,GEOS_0.5x0.625/MERRA2/2019/07/MERRA2.20190701.A3mstC.05x0625.nc4
1454.621,hit,false,0.000,0,247.019,122,GEOS_0.5x0.625/MERRA2/2019/07/MERRA2.20190701.A3mstC.05x0625.nc4
1454.652,hit,false,0.000,0,247.050,122,GEOS_0.5x0.625/MERRA2/2019/07/MERRA2.20190701.A3mstC.05x0625.nc4
1454.692,hit,false,0.000,0,247.089,122,GEOS_0.5x0.625/MERRA2/2019/07/MERRA2.20190701.A3mstC.05x0625.nc4
1454.718,hit,false,0.000,0,247.116,122,GEOS_0.5x0.625/MERRA2/2019/07/MERRA2.20190701.A3mstC.05x0625.nc4
1454.759,hit,false,0.000,0,247.157,122,GEOS_0.5x0.625/MERRA2/2019/07/MERRA2.20190701.A3mstC.05x0625.nc4
1454.787,hit,false,0.000,0,247.185,122,GEOS_0.5x0.625/MERRA2/2019/07/MERRA2.20190701.A3mstC.05x0625.nc4
1454.827,hit,false,0.000,0,247.225,122,GEOS_0.5x0.625/MERRA2/2019/07/MERRA2.20190701.A3mstC.05x0625.nc4
1454.857,hit,false,0.000,0,247.254,122,GEOS_0.5x0.625/MERRA2/2019/07/MERRA2.20190701.A3mstC.05x0625.nc4
1454.894,hit,false,0.000,0,247.290,123,GEOS_0.5x0.625/MERRA2/2019/07/MERRA2.20190701.A3mstC.05x0625.nc4
1454.927,hit,false,0.000,0,247.323,123,GEOS_0.5x0.625/MERRA2/2019/07/MERRA2.20190701.A3mstC.05x0625.nc4
1454.966,hit,false,0.000,0,247.362,123,GEOS_0.5x0.625/MERRA2/2019/07/MERRA2.20190701.A3mstC.05x0625.nc4
1454.997,hit,false,0.000,0,247.392,123,GEOS_0.5x0.625/MERRA2/2019/07/MERRA2.20190701.A3mstC.05x0625.nc4
1455.033,hit,false,0.000,0,247.429,123,GEOS_0.5x0.625/MERRA2/2019/07/MERRA2.20190701.A3mstC.05x0625.nc4
1455.065,hit,false,0.000,0,247.461,123,GEOS_0.5x0.625/MERRA2/2019/07/MERRA2.20190701.A3mstC.05x0625.nc4
1455.103,hit,false,0.000,0,247.498,123,GEOS_0.5x0.625/MERRA2/2019/07/MERRA2.20190701.A3mstC.05x0625.nc4
1455.133,hit,false,0.000,0,247.529,123,GEOS_0.5x0.625/MERRA2/2019/07/MERRA2.20190701.A3mstC.05x0625.nc4
1455.170,hit,false,0.000,0,247.564,124,GEOS_0.5x0.625/MERRA2/2019/07/MERRA2.20190701.A3mstC.05x0625.nc4
1455.202,hit,false,0.000,0,247.596,124,GEOS_0.5x0.625/MERRA2/2019/07/MERRA2.20190701.A3mstC.05x0625.nc4
1455.234,hit,false,0.000,0,247.628,124,GEOS_0.5x0.625/MERRA2/2019/07/MERRA2.20190701.A3mstC.05x0625.nc4
1455.269,hit,false,0.000,0,247.663,124,GEOS_0.5x0.625/MERRA2/2019/07/MERRA2.20190701.A3mstC.05x0625.nc4
1455.299,hit,false,0.000,0,247.693,124,GEOS_0.5x0.625/MERRA2/2019/07/MERRA2.20190701.A3mstC.05x0625.nc4
1455.337,hit,false,0.000,0,247.731,124,GEOS_0.5x0.625/MERRA2/2019/07/MERRA2.20190701.A3mstC.05x0625.nc4
1455.363,hit,false,0.000,0,247.757,124,GEOS_0.5x0.625/MERRA2/2019/07/MERRA2.20190701.A3mstC.05x0625.nc4
1455.402,hit,false,0.000,0,247.796,124,GEOS_0.5x0.625/MERRA2/2019/07/MERRA2.20190701.A3mstC.05x0625.nc4
1455.425,hit,false,0.000,0,247.817,125,GEOS_0.5x0.625/MERRA2/2019/07/MERRA2.20190701.A3mstC.05x0625.nc4
1455.463,hit,false,0.000,0,247.855,125,GEOS_0.5x0.625/MERRA2/2019/07/MERRA2.20190701.A3mstC.05x0625.nc4
1455.494,hit,false,0.000,0,247.886,125,GEOS_0.5x0.625/MERRA2/2019/07/MERRA2.20190701.A3mstC.05x0625.nc4
1455.528,hit,false,0.000,0,247.919,125,GEOS_0.5x0.625/MERRA2/2019/07/MERRA2.20190701.A3mstC.05x0625.nc4
1455.552,hit,false,0.000,0,247.944,125,GEOS_0.5x0.625/MERRA2/2019/07/MERRA2.20190701.A3mstC.05x0625.nc4
1455.588,hit,false,0.000,0,247.980,125,GEOS_0.5x0.625/MERRA2/2019/07/MERRA2.20190701.A3mstC.05x0625.nc4
1455.615,hit,false,0.000,0,248.007,125,GEOS_0.5x0.625/MERRA2/2019/07/MERRA2.20190701.A3mstC.05x0625.nc4
1455.648,hit,false,0.000,0,248.039,125,GEOS_0.5x0.625/MERRA2/2019/07/MERRA2.20190701.A3mstC.05x0625.nc4
1455.676,hit,false,0.000,0,248.066,126,GEOS_0.5x0.625/MERRA2/2019/07/MERRA2.20190701.A3mstC.05x0625.nc4
1455.715,hit,false,0.000,0,248.105,126,GEOS_0.5x0.625/MERRA2/2019/07/MERRA2.20190701.A3mstC.05x0625.nc4
1455.744,hit,false,0.000,0,248.134,126,GEOS_0.5x0.625/MERRA2/2019/07/MERRA2.20190701.A3mstC.05x0625.nc4
1455.779,hit,false,0.000,0,248.169,126,GEOS_0.5x0.625/MERRA2/2019/07/MERRA2.20190701.A3mstC.05x0625.nc4
1455.802,hit,false,0.000,0,248.192,126,GEOS_0.5x0.625/MERRA2/2019/07/MERRA2.20190701.A3mstC.05x0625.nc4
1455.843,hit,false,0.000,0,248.233,126,GEOS_0.5x0.625/MERRA2/2019/07/MERRA2.20190701.A3mstC.05x0625.nc4
1455.867,hit,false,0.000,0,248.257,126,GEOS_0.5x0.625/MERRA2/2019/07/MERRA2.20190701.A3mstC.05x0625.nc4
1455.905,hit,false,0.000,0,248.295,126,GEOS_0.5x0.625/MERRA2/2019/07/MERRA2.20190701.A3mstC.05x0625.nc4
1455.931,hit,false,0.000,0,248.318,127,GEOS_0.5x0.625/MERRA2/2019/07/MERRA2.20190701.A3mstC.05x0625.nc4
1455.969,hit,false,0.000,0,248.356,127,GEOS_0.5x0.625/MERRA2/2019/07/MERRA2.20190701.A3mstC.05x0625.nc4
1455.993,hit,false,0.000,0,248.380,127,GEOS_0.5x0.625/MERRA2/2019/07/MERRA2.20190701.A3mstC.05x0625.nc4
1456.034,hit,false,0.000,0,248.421,127,GEOS_0.5x0.625/MERRA2/2019/07/MERRA2.20190701.A3mstC.05x0625.nc4
1456.057,hit,false,0.000,0,248.444,127,GEOS_0.5x0.625/MERRA2/2019/07/MERRA2.20190701.A3mstC.05x0625.nc4
1456.098,hit,false,0.000,0,248.485,127,GEOS_0.5x0.625/MERRA2/2019/07/MERRA2.20190701.A3mstC.05x0625.nc4
1456.122,hit,false,0.000,0,248.509,127,GEOS_0.5x0.625/MERRA2/2019/07/MERRA2.20190701.A3mstC.05x0625.nc4
1456.157,hit,false,0.000,0,248.544,127,GEOS_0.5x0.625/MERRA2/2019/07/MERRA2.20190701.A3mstC.05x0625.nc4
1456.184,hit,false,0.000,0,248.241,128,GEOS_0.5x0.625/MERRA2/2019/07/MERRA2.20190701.A3mstC.05x0625.nc4
1456.267,hit,false,0.000,0,248.324,128,GEOS_0.5x0.625/MERRA2/2019/07/MERRA2.20190701.A3mstC.05x0625.nc4
1456.340,hit,false,0.000,0,248.397,128,GEOS_0.5x0.625/MERRA2/2019/07/MERRA2.20190701.A3mstC.05x0625.nc4
1456.365,hit,false,0.000,0,248.422,128,GEOS_0.5x0.625/MERRA2/2019/07/MERRA2.20190701.A3mstC.05x0625.nc4
1456.403,hit,false,0.000,0,248.459,128,GEOS_0.5x0.625/MERRA2/2019/07/MERRA2.20190701.A3mstC.05x0625.nc4
1456.429,hit,false,0.000,0,248.486,128,GEOS_0.5x0.625/MERRA2/2019/07/MERRA2.20190701.A3mstC.05x0625.nc4
1456.465,hit,false,0.000,0,248.521,128,GEOS_0.5x0.625/MERRA2/2019/07/MERRA2.20190701.A3mstC.05x0625.nc4
1456.490,hit,false,0.000,0,248.547,128,GEOS_0.5x0.625/MERRA2/2019/07/MERRA2.20190701.A3mstC.05x0625.nc4
1456.610,hit,false,0.000,0,248.665,129,GEOS_0.5x0.625/MERRA2/2019/07/MERRA2.20190701.A3mstC.05x0625.nc4
1456.634,hit,false,0.000,0,248.689,129,GEOS_0.5x0.625/MERRA2/2019/07/MERRA2.20190701.A3mstC.05x0625.nc4
1456.679,hit,false,0.000,0,248.734,129,GEOS_0.5x0.625/MERRA2/2019/07/MERRA2.20190701.A3mstC.05x0625.nc4
1456.703,hit,false,0.000,0,248.758,129,GEOS_0.5x0.625/MERRA2/2019/07/MERRA2.20190701.A3mstC.05x0625.nc4
1456.742,hit,false,0.000,0,248.796,129,GEOS_0.5x0.625/MERRA2/2019/07/MERRA2.20190701.A3mstC.05x0625.nc4
1456.767,hit,false,0.000,0,248.822,129,GEOS_0.5x0.625/MERRA2/2019/07/MERRA2.20190701.A3mstC.05x0625.nc4
1456.804,hit,false,0.000,0,248.859,129,GEOS_0.5x0.625/MERRA2/2019/07/MERRA2.20190701.A3mstC.05x0625.nc4
1456.834,hit,false,0.000,0,248.889,129,GEOS_0.5x0.625/MERRA2/2019/07/MERRA2.20190701.A3mstC.05x0625.nc4
1456.867,hit,false,0.000,0,248.916,130,GEOS_0.5x0.625/MERRA2/2019/07/MERRA2.20190701.A3mstC.05x0625.nc4
1456.893,hit,false,0.000,0,248.942,130,GEOS_0.5x0.625/MERRA2/2019/07/MERRA2.20190701.A3mstC.05x0625.nc4
1456.929,hit,false,0.000,0,248.978,130,GEOS_0.5x0.625/MERRA2/2019/07/MERRA2.20190701.A3mstC.05x0625.nc4
1456.954,hit,false,0.000,0,249.003,130,GEOS_0.5x0.625/MERRA2/2019/07/MERRA2.20190701.A3mstC.05x0625.nc4
1456.989,hit,false,0.000,0,249.038,130,GEOS_0.5x0.625/MERRA2/2019/07/MERRA2.20190701.A3mstC.05x0625.nc4
1457.012,hit,false,0.000,0,249.061,130,GEOS_0.5x0.625/MERRA2/2019/07/MERRA2.20190701.A3mstC.05x0625.nc4
1457.053,hit,false,0.000,0,249.102,130,GEOS_0.5x0.625/MERRA2/2019/07/MERRA2.20190701.A3mstC.05x0625.nc4
1457.076,hit,false,0.000,0,249.125,130,GEOS_0.5x0.625/MERRA2/2019/07/MERRA2.20190701.A3mstC.05x0625.nc4
1457.110,hit,false,0.000,0,249.157,131,GEOS_0.5x0.625/MERRA2/2019/07/MERRA2.20190701.A3mstC.05x0625.nc4
1457.139,hit,false,0.000,0,249.186,131,GEOS_0.5x0.625/MERRA2/2019/07/MERRA2.20190701.A3mstC.05x0625.nc4
1457.172,hit,false,0.000,0,249.220,131,GEOS_0.5x0.625/MERRA2/2019/07/MERRA2.20190701.A3mstC.05x0625.nc4
1457.199,hit,false,0.000,0,249.246,131,GEOS_0.5x0.625/MERRA2/2019/07/MERRA2.20190701.A3mstC.05x0625.nc4
1457.230,hit,false,0.000,0,249.277,131,GEOS_0.5x0.625/MERRA2/2019/07/MERRA2.20190701.A3mstC.05x0625.nc4
1457.253,hit,false,0.000,0,249.300,131,GEOS_0.5x0.625/MERRA2/2019/07/MERRA2.20190701.A3mstC.05x0625.nc4
1457.295,hit,false,0.000,0,249.342,131,GEOS_0.5x0.625/MERRA2/2019/07/MERRA2.20190701.A3mstC.05x0625.nc4
1457.319,hit,false,0.000,0,249.367,131,GEOS_0.5x0.625/MERRA2/2019/07/MERRA2.20190701.A3mstC.05x0625.nc4
1457.353,hit,false,0.000,0,249.398,132,GEOS_0.5x0.625/MERRA2/2019/07/MERRA2.20190701.A3mstC.05x0625.nc4
1457.383,hit,false,0.000,0,249.428,132,GEOS_0.5x0.625/MERRA2/2019/07/MERRA2.20190701.A3mstC.05x0625.nc4
1457.415,hit,false,0.000,0,249.460,132,GEOS_0.5x0.625/MERRA2/2019/07/MERRA2.20190701.A3mstC.05x0625.nc4
1457.447,hit,false,0.000,0,249.492,132,GEOS_0.5x0.625/MERRA2/2019/07/MERRA2.20190701.A3mstC.05x0625.nc4
1457.478,hit,false,0.000,0,249.523,132,GEOS_0.5x0.625/MERRA2/2019/07/MERRA2.20190701.A3mstC.05x0625.nc4
1457.508,hit,false,0.000,0,249.553,132,GEOS_0.5x0.625/MERRA2/2019/07/MERRA2.20190701.A3mstC.05x0625.nc4
1457.539,hit,false,0.000,0,249.584,132,GEOS_0.5x0.625/MERRA2/2019/07/MERRA2.20190701.A3mstC.05x0625.nc4
1457.564,hit,false,0.000,0,249.609,132,GEOS_0.5x0.625/MERRA2/2019/07/MERRA2.20190701.A3mstC.05x0625.nc4
1457.599,hit,false,0.000,0,249.642,133,GEOS_0.5x0.625/MERRA2/2019/07/MERRA2.20190701.A3mstC.05x0625.nc4
1457.627,hit,false,0.000,0,249.670,133,GEOS_0.5x0.625/MERRA2/2019/07/MERRA2.20190701.A3mstC.05x0625.nc4
1457.665,hit,false,0.000,0,249.708,133,GEOS_0.5x0.625/MERRA2/2019/07/MERRA2.20190701.A3mstC.05x0625.nc4
1457.691,hit,false,0.000,0,249.733,133,GEOS_0.5x0.625/MERRA2/2019/07/MERRA2.20190701.A3mstC.05x0625.nc4
1457.723,hit,false,0.000,0,249.766,133,GEOS_0.5x0.625/MERRA2/2019/07/MERRA2.20190701.A3mstC.05x0625.nc4
1457.756,hit,false,0.000,0,249.798,133,GEOS_0.5x0.625/MERRA2/2019/07/MERRA2.20190701.A3mstC.05x0625.nc4
1457.788,hit,false,0.000,0,249.831,133,GEOS_0.5x0.625/MERRA2/2019/07/MERRA2.20190701.A3mstC.05x0625.nc4
1457.819,hit,false,0.000,0,249.862,133,GEOS_0.5x0.625/MERRA2/2019/07/MERRA2.20190701.A3mstC.05x0625.nc4
1457.843,hit,false,0.000,0,249.882,134,GEOS_0.5x0.625/MERRA2/2019/07/MERRA2.20190701.A3mstC.05x0625.nc4
1457.881,hit,false,0.000,0,249.921,134,GEOS_0.5x0.625/MERRA2/2019/07/MERRA2.20190701.A3mstC.05x0625.nc4
1457.905,hit,false,0.000,0,249.944,134,GEOS_0.5x0.625/MERRA2/2019/07/MERRA2.20190701.A3mstC.05x0625.nc4
1457.940,hit,false,0.000,0,249.980,134,GEOS_0.5x0.625/MERRA2/2019/07/MERRA2.20190701.A3mstC.05x0625.nc4
1457.967,hit,false,0.000,0,250.006,134,GEOS_0.5x0.625/MERRA2/2019/07/MERRA2.20190701.A3mstC.05x0625.nc4
1458.000,hit,false,0.000,0,250.040,134,GEOS_0.5x0.625/MERRA2/2019/07/MERRA2.20190701.A3mstC.05x0625.nc4
1458.024,hit,false,0.000,0,250.064,134,GEOS_0.5x0.625/MERRA2/2019/07/MERRA2.20190701.A3mstC.05x0625.nc4
1458.057,hit,false,0.000,0,250.097,134,GEOS_0.5x0.625/MERRA2/2019/07/MERRA2.20190701.A3mstC.05x0625.nc4
1458.084,hit,false,0.000,0,250.122,135,GEOS_0.5x0.625/MERRA2/2019/07/MERRA2.20190701.A3mstC.05x0625.nc4
1458.120,hit,false,0.000,0,250.159,135,GEOS_0.5x0.625/MERRA2/2019/07/MERRA2.20190701.A3mstC.05x0625.nc4
1458.144,hit,false,0.000,0,250.182,135,GEOS_0.5x0.625/MERRA2/2019/07/MERRA2.20190701.A3mstC.05x0625.nc4
1458.178,hit,false,0.000,0,250.216,135,GEOS_0.5x0.625/MERRA2/2019/07/MERRA2.20190701.A3mstC.05x0625.nc4
1458.201,hit,false,0.000,0,250.240,135,GEOS_0.5x0.625/MERRA2/2019/07/MERRA2.20190701.A3mstC.05x0625.nc4
1458.242,hit,false,0.000,0,250.281,135,GEOS_0.5x0.625/MERRA2/2019/07/MERRA2.20190701.A3mstC.05x0625.nc4
1458.266,hit,false,0.000,0,250.304,135,GEOS_0.5x0.625/MERRA2/2019/07/MERRA2.20190701.A3mstC.05x0625.nc4
1458.305,hit,false,0.000,0,250.343,135,GEOS_0.5x0.625/MERRA2/2019/07/MERRA2.20190701.A3mstC.05x0625.nc4
1458.328,hit,false,0.000,0,250.403,136,GEOS_0.5x0.625/MERRA2/2019/07/MERRA2.20190701.A3mstC.05x0625.nc4
1458.368,hit,false,0.000,0,250.443,136,GEOS_0.5x0.625/MERRA2/2019/07/MERRA2.20190701.A3mstC.05x0625.nc4
1458.403,hit,false,0.000,0,250.478,136,GEOS_0.5x0.625/MERRA2/2019/07/MERRA2.20190701.A3mstC.05x0625.nc4
1458.428,hit,false,0.000,0,250.503,136,GEOS_0.5x0.625/MERRA2/2019/07/MERRA2.20190701.A3mstC.05x0625.nc4
1458.465,hit,false,0.000,0,250.539,136,GEOS_0.5x0.625/MERRA2/2019/07/MERRA2.20190701.A3mstC.05x0625.nc4
1458.492,hit,false,0.000,0,250.567,136,GEOS_0.5x0.625/MERRA2/2019/07/MERRA2.20190701.A3mstC.05x0625.nc4
1458.527,hit,false,0.000,0,250.602,136,GEOS_0.5x0.625/MERRA2/2019/07/MERRA2.20190701.A3mstC.05x0625.nc4
1458.632,hit,false,0.000,0,250.707,136,GEOS_0.5x0.625/MERRA2/2019/07/MERRA2.20190701.A3mstC.05x0625.nc4
1458.655,hit,false,0.000,0,250.728,137,GEOS_0.5x0.625/MERRA2/2019/07/MERRA2.20190701.A3mstC.05x0625.nc4
1458.703,hit,false,0.000,0,250.776,137,GEOS_0.5x0.625/MERRA2/2019/07/MERRA2.20190701.A3mstC.05x0625.nc4
1458.722,hit,false,0.000,0,250.795,137,GEOS_0.5x0.625/MERRA2/2019/07/MERRA2.20190701.A3mstC.05x0625.nc4
1458.776,hit,false,0.000,0,250.849,137,GEOS_0.5x0.625/MERRA2/2019/07/MERRA2.20190701.A3mstC.05x0625.nc4
1458.798,hit,false,0.000,0,250.871,137,GEOS_0.5x0.625/MERRA2/2019/07/MERRA2.20190701.A3mstC.05x0625.nc4
1458.840,hit,false,0.000,0,250.913,137,GEOS_0.5x0.625/MERRA2/2019/07/MERRA2.20190701.A3mstC.05x0625.nc4
1458.863,hit,false,0.000,0,250.936,137,GEOS_0.5x0.625/MERRA2/2019/07/MERRA2.20190701.A3mstC.05x0625.nc4
1458.903,hit,false,0.000,0,250.976,137,GEOS_0.5x0.625/MERRA2/2019/07/MERRA2.20190701.A3mstC.05x0625.nc4
1458.927,hit,false,0.000,0,250.998,138,GEOS_0.5x0.625/MERRA2/2019/07/MERRA2.20190701.A3mstC.05x0625.nc4
1458.964,hit,false,0.000,0,251.035,138,GEOS_0.5x0.625/MERRA2/2019/07/MERRA2.20190701.A3mstC.05x0625.nc4
1458.989,hit,false,0.000,0,251.060,138,GEOS_0.5x0.625/MERRA2/2019/07/MERRA2.20190701.A3mstC.05x0625.nc4
1459.022,hit,false,0.000,0,251.093,138,GEOS_0.5x0.625/MERRA2/2019/07/MERRA2.20190701.A3mstC.05x0625.nc4
1459.048,hit,false,0.000,0,251.119,138,GEOS_0.5x0.625/MERRA2/2019/07/MERRA2.20190701.A3mstC.05x0625.nc4
1459.099,hit,false,0.000,0,251.170,138,GEOS_0.5x0.625/MERRA2/2019/07/MERRA2.20190701.A3mstC.05x0625.nc4
1459.122,hit,false,0.000,0,251.193,138,GEOS_0.5x0.625/MERRA2/2019/07/MERRA2.20190701.A3mstC.05x0625.nc4
1459.162,hit,false,0.000,0,251.233,138,GEOS_0.5x0.625/MERRA2/2019/07/MERRA2.20190701.A3mstC.05x0625.nc4
1459.185,hit,false,0.000,0,251.254,139,GEOS_0.5x0.625/MERRA2/2019/07/MERRA2.20190701.A3mstC.05x0625.nc4
1459.229,hit,false,0.000,0,251.298,139,GEOS_0.5x0.625/MERRA2/2019/07/MERRA2.20190701.A3mstC.05x0625.nc4
1459.252,hit,false,0.000,0,251.321,139,GEOS_0.5x0.625/MERRA2/2019/07/MERRA2.20190701.A3mstC.05x0625.nc4
1459.292,hit,false,0.000,0,251.361,139,GEOS_0.5x0.625/MERRA2/2019/07/MERRA2.20190701.A3mstC.05x0625.nc4
1459.316,hit,false,0.000,0,251.385,139,GEOS_0.5x0.625/MERRA2/2019/07/MERRA2.20190701.A3mstC.05x0625.nc4
1459.353,hit,false,0.000,0,251.422,139,GEOS_0.5x0.625/MERRA2/2019/07/MERRA2.20190701.A3mstC.05x0625.nc4
1459.377,hit,false,0.000,0,251.446,139,GEOS_0.5x0.625/MERRA2/2019/07/MERRA2.20190701.A3mstC.05x0625.nc4
1459.413,hit,false,0.000,0,251.482,139,GEOS_0.5x0.625/MERRA2/2019/07/MERRA2.20190701.A3mstC.05x0625.nc4
1459.437,hit,false,0.000,0,251.505,140,GEOS_0.5x0.625/MERRA2/2019/07/MERRA2.20190701.A3mstC.05x0625.nc4
1459.474,hit,false,0.000,0,251.541,140,GEOS_0.5x0.625/MERRA2/2019/07/MERRA2.20190701.A3mstC.05x0625.nc4
1459.500,hit,false,0.000,0,251.568,140,GEOS_0.5x0.625/MERRA2/2019/07/MERRA2.20190701.A3mstC.05x0625.nc4
1459.532,hit,false,0.000,0,251.599,140,GEOS_0.5x0.625/MERRA2/2019/07/MERRA2.20190701.A3mstC.05x0625.nc4
1459.559,hit,false,0.000,0,251.626,140,GEOS_0.5x0.625/MERRA2/2019/07/MERRA2.20190701.A3mstC.05x0625.nc4
1459.594,hit,false,0.000,0,251.662,140,GEOS_0.5x0.625/MERRA2/2019/07/MERRA2.20190701.A3mstC.05x0625.nc4
1459.618,hit,false,0.000,0,251.685,140,GEOS_0.5x0.625/MERRA2/2019/07/MERRA2.20190701.A3mstC.05x0625.nc4
1459.659,hit,false,0.000,0,251.727,140,GEOS_0.5x0.625/MERRA2/2019/07/MERRA2.20190701.A3mstC.05x0625.nc4
1459.683,hit,false,0.000,0,251.749,141,GEOS_0.5x0.625/MERRA2/2019/07/MERRA2.20190701.A3mstC.05x0625.nc4
1459.727,hit,false,0.000,0,251.792,141,GEOS_0.5x0.625/MERRA2/2019/07/MERRA2.20190701.A3mstC.05x0625.nc4
1459.755,hit,false,0.000,0,251.820,141,GEOS_0.5x0.625/MERRA2/2019/07/MERRA2.20190701.A3mstC.05x0625.nc4
1459.802,hit,false,0.000,0,251.867,141,GEOS_0.5x0.625/MERRA2/2019/07/MERRA2.20190701.A3mstC.05x0625.nc4
1459.827,hit,false,0.000,0,251.892,141,GEOS_0.5x0.625/MERRA2/2019/07/MERRA2.20190701.A3mstC.05x0625.nc4
1459.859,hit,false,0.000,0,251.924,141,GEOS_0.5x0.625/MERRA2/2019/07/MERRA2.20190701.A3mstC.05x0625.nc4
1459.885,hit,false,0.000,0,251.951,141,GEOS_0.5x0.625/MERRA2/2019/07/MERRA2.20190701.A3mstC.05x0625.nc4
1459.916,hit,false,0.000,0,251.981,141,GEOS_0.5x0.625/MERRA2/2019/07/MERRA2.20190701.A3mstC.05x0625.nc4
1459.942,hit,false,0.000,0,252.005,142,GEOS_0.5x0.625/MERRA2/2019/07/MERRA2.20190701.A3mstC.05x0625.nc4
1459.980,hit,false,0.000,0,252.043,142,GEOS_0.5x0.625/MERRA2/2019/07/MERRA2.20190701.A3mstC.05x0625.nc4
1460.003,hit,false,0.000,0,252.066,142,GEOS_0.5x0.625/MERRA2/2019/07/MERRA2.20190701.A3mstC.05x0625.nc4
1460.037,hit,false,0.000,0,252.100,142,GEOS_0.5x0.625/MERRA2/2019/07/MERRA2.20190701.A3mstC.05x0625.nc4
1460.063,hit,false,0.000,0,252.126,142,GEOS_0.5x0.625/MERRA2/2019/07/MERRA2.20190701.A3mstC.05x0625.nc4
1460.095,hit,false,0.000,0,252.158,142,GEOS_0.5x0.625/MERRA2/2019/07/MERRA2.20190701.A3mstC.05x0625.nc4
1460.124,hit,false,0.000,0,252.187,142,GEOS_0.5x0.625/MERRA2/2019/07/MERRA2.20190701.A3mstC.05x0625.nc4
1460.154,hit,false,0.000,0,252.217,142,GEOS_0.5x0.625/MERRA2/2019/07/MERRA2.20190701.A3mstC.05x0625.nc4
1460.186,hit,false,0.000,0,252.247,143,GEOS_0.5x0.625/MERRA2/2019/07/MERRA2.20190701.A3mstC.05x0625.nc4
1460.212,hit,false,0.000,0,252.274,143,GEOS_0.5x0.625/MERRA2/2019/07/MERRA2.20190701.A3mstC.05x0625.nc4
1460.246,hit,false,0.000,0,252.308,143,GEOS_0.5x0.625/MERRA2/2019/07/MERRA2.20190701.A3mstC.05x0625.nc4
1460.272,hit,false,0.000,0,252.334,143,GEOS_0.5x0.625/MERRA2/2019/07/MERRA2.20190701.A3mstC.05x0625.nc4
1460.304,hit,false,0.000,0,252.366,143,GEOS_0.5x0.625/MERRA2/2019/07/MERRA2.20190701.A3mstC.05x0625.nc4
1460.334,hit,false,0.000,0,252.396,143,GEOS_0.5x0.625/MERRA2/2019/07/MERRA2.20190701.A3mstC.05x0625.nc4
1460.366,hit,false,0.000,0,252.428,143,GEOS_0.5x0.625/MERRA2/2019/07/MERRA2.20190701.A3mstC.05x0625.nc4
1460.390,hit,false,0.000,0,252.452,143,GEOS_0.5x0.625/MERRA2/2019/07/MERRA2.20190701.A3mstC.05x0625.nc4
1460.424,hit,false,0.000,0,252.749,144,GEOS_0.5x0.625/MERRA2/2019/07/MERRA2.20190701.A3mstC.05x0625.nc4
1460.453,hit,false,0.000,0,252.778,144,GEOS_0.5x0.625/MERRA2/2019/07/MERRA2.20190701.A3mstC.05x0625.nc4
1460.497,hit,false,0.000,0,252.821,144,GEOS_0.5x0.625/MERRA2/2019/07/MERRA2.20190701.A3mstC.05x0625.nc4
1460.519,hit,false,0.000,0,252.843,144,GEOS_0.5x0.625/MERRA2/2019/07/MERRA2.20190701.A3mstC.05x0625.nc4
1460.557,hit,false,0.000,0,252.882,144,GEOS_0.5x0.625/MERRA2/2019/07/MERRA2.20190701.A3mstC.05x0625.nc4
1460.582,hit,false,0.000,0,252.907,144,GEOS_0.5x0.625/MERRA2/2019/07/MERRA2.20190701.A3mstC.05x0625.nc4
1460.701,hit,false,0.000,0,253.026,144,GEOS_0.5x0.625/MERRA2/2019/07/MERRA2.20190701.A3mstC.05x0625.nc4
1460.723,hit,false,0.000,0,253.047,144,GEOS_0.5x0.625/MERRA2/2019/07/MERRA2.20190701.A3mstC.05x0625.nc4
1460.770,hit,false,0.000,0,253.091,145,GEOS_0.5x0.625/MERRA2/2019/07/MERRA2.20190701.A3mstC.05x0625.nc4
1460.796,hit,false,0.000,0,253.117,145,GEOS_0.5x0.625/MERRA2/2019/07/MERRA2.20190701.A3mstC.05x0625.nc4
1460.846,hit,false,0.000,0,253.168,145,GEOS_0.5x0.625/MERRA2/2019/07/MERRA2.20190701.A3mstC.05x0625.nc4
1460.870,hit,false,0.000,0,253.191,145,GEOS_0.5x0.625/MERRA2/2019/07/MERRA2.20190701.A3mstC.05x0625.nc4
1460.911,hit,false,0.000,0,253.233,145,GEOS_0.5x0.625/MERRA2/2019/07/MERRA2.20190701.A3mstC.05x0625.nc4
1460.933,hit,false,0.000,0,253.255,145,GEOS_0.5x0.625/MERRA2/2019/07/MERRA2.20190701.A3mstC.05x0625.nc4
1460.970,hit,false,0.000,0,253.291,145,GEOS_0.5x0.625/MERRA2/2019/07/MERRA2.20190701.A3mstC.05x0625.nc4
1460.996,hit,false,0.000,0,253.317,145,GEOS_0.5x0.625/MERRA2/2019/07/MERRA2.20190701.A3mstC.05x0625.nc4
1461.035,hit,false,0.000,0,253.335,146,GEOS_0.5x0.625/MERRA2/2019/07/MERRA2.20190701.A3mstC.05x0625.nc4
1461.062,hit,false,0.000,0,253.362,146,GEOS_0.5x0.625/MERRA2/2019/07/MERRA2.20190701.A3mstC.05x0625.nc4
1461.095,hit,false,0.000,0,253.395,146,GEOS_0.5x0.625/MERRA2/2019/07/MERRA2.20190701.A3mstC.05x0625.nc4
1461.121,hit,false,0.000,0,253.421,146,GEOS_0.5x0.625/MERRA2/2019/07/MERRA2.20190701.A3mstC.05x0625.nc4
1461.157,hit,false,0.000,0,253.457,146,GEOS_0.5x0.625/MERRA2/2019/07/MERRA2.20190701.A3mstC.05x0625.nc4
1461.180,hit,false,0.000,0,253.480,146,GEOS_0.5x0.625/MERRA2/2019/07/MERRA2.20190701.A3mstC.05x0625.nc4
1461.221,hit,false,0.000,0,253.521,146,GEOS_0.5x0.625/MERRA2/2019/07/MERRA2.20190701.A3mstC.05x0625.nc4
1461.244,hit,false,0.000,0,253.544,146,GEOS_0.5x0.625/MERRA2/2019/07/MERRA2.20190701.A3mstC.05x0625.nc4
1461.285,hit,false,0.000,0,253.584,147,GEOS_0.5x0.625/MERRA2/2019/07/MERRA2.20190701.A3mstC.05x0625.nc4
1461.310,hit,false,0.000,0,253.608,147,GEOS_0.5x0.625/MERRA2/2019/07/MERRA2.20190701.A3mstC.05x0625.nc4
1461.350,hit,false,0.000,0,253.649,147,GEOS_0.5x0.625/MERRA2/2019/07/MERRA2.20190701.A3mstC.05x0625.nc4
1461.372,hit,false,0.000,0,253.671,147,GEOS_0.5x0.625/MERRA2/2019/07/MERRA2.20190701.A3mstC.05x0625.nc4
1461.413,hit,false,0.000,0,253.711,147,GEOS_0.5x0.625/MERRA2/2019/07/MERRA2.20190701.A3mstC.05x0625.nc4
1461.436,hit,false,0.000,0,253.734,147,GEOS_0.5x0.625/MERRA2/2019/07/MERRA2.20190701.A3mstC.05x0625.nc4
1461.475,hit,false,0.000,0,253.774,147,GEOS_0.5x0.625/MERRA2/2019/07/MERRA2.20190701.A3mstC.05x0625.nc4
1461.499,hit,false,0.000,0,253.797,147,GEOS_0.5x0.625/MERRA2/2019/07/MERRA2.20190701.A3mstC.05x0625.nc4
1461.542,hit,false,0.000,0,253.839,148,GEOS_0.5x0.625/MERRA2/2019/07/MERRA2.20190701.A3mstC.05x0625.nc4
1461.567,hit,false,0.000,0,253.864,148,GEOS_0.5x0.625/MERRA2/2019/07/MERRA2.20190701.A3mstC.05x0625.nc4
1461.607,hit,false,0.000,0,253.904,148,GEOS_0.5x0.625/MERRA2/2019/07/MERRA2.20190701.A3mstC.05x0625.nc4
1461.630,hit,false,0.000,0,253.927,148,GEOS_0.5x0.625/MERRA2/2019/07/MERRA2.20190701.A3mstC.05x0625.nc4
1461.663,hit,false,0.000,0,253.959,148,GEOS_0.5x0.625/MERRA2/2019/07/MERRA2.20190701.A3mstC.05x0625.nc4
1461.689,hit,false,0.000,0,253.986,148,GEOS_0.5x0.625/MERRA2/2019/07/MERRA2.20190701.A3mstC.05x0625.nc4
1461.724,hit,false,0.000,0,254.020,148,GEOS_0.5x0.625/MERRA2/2019/07/MERRA2.20190701.A3mstC.05x0625.nc4
1461.750,hit,false,0.000,0,254.047,148,GEOS_0.5x0.625/MERRA2/2019/07/MERRA2.20190701.A3mstC.05x0625.nc4
1461.787,hit,false,0.000,0,254.083,149,GEOS_0.5x0.625/MERRA2/2019/07/MERRA2.20190701.A3mstC.05x0625.nc4
1461.821,hit,false,0.000,0,254.117,149,GEOS_0.5x0.625/MERRA2/2019/07/MERRA2.20190701.A3mstC.05x0625.nc4
1461.848,hit,false,0.000,0,254.143,149,GEOS_0.5x0.625/MERRA2/2019/07/MERRA2.20190701.A3mstC.05x0625.nc4
1461.880,hit,false,0.000,0,254.176,149,GEOS_0.5x0.625/MERRA2/2019/07/MERRA2.20190701.A3mstC.05x0625.nc4
1461.910,hit,false,0.000,0,254.206,149,GEOS_0.5x0.625/MERRA2/2019/07/MERRA2.20190701.A3mstC.05x0625.nc4
1461.942,hit,false,0.000,0,254.238,149,GEOS_0.5x0.625/MERRA2/2019/07/MERRA2.20190701.A3mstC.05x0625.nc4
1461.966,hit,false,0.000,0,254.261,149,GEOS_0.5x0.625/MERRA2/2019/07/MERRA2.20190701.A3mstC.05x0625.nc4
1462.011,hit,false,0.000,0,254.306,149,GEOS_0.5x0.625/MERRA2/2019/07/MERRA2.20190701.A3mstC.05x0625.nc4
1462.034,hit,false,0.000,0,254.329,150,GEOS_0.5x0.625/MERRA2/2019/07/MERRA2.20190701.A3mstC.05x0625.nc4
1462.074,hit,false,0.000,0,254.369,150,GEOS_0.5x0.625/MERRA2/2019/07/MERRA2.20190701.A3mstC.05x0625.nc4
1462.097,hit,false,0.000,0,254.392,150,GEOS_0.5x0.625/MERRA2/2019/07/MERRA2.20190701.A3mstC.05x0625.nc4
1462.130,hit,false,0.000,0,254.424,150,GEOS_0.5x0.625/MERRA2/2019/07/MERRA2.20190701.A3mstC.05x0625.nc4
1462.157,hit,false,0.000,0,254.452,150,GEOS_0.5x0.625/MERRA2/2019/07/MERRA2.20190701.A3mstC.05x0625.nc4
1462.189,hit,false,0.000,0,254.483,150,GEOS_0.5x0.625/MERRA2/2019/07/MERRA2.20190701.A3mstC.05x0625.nc4
1462.214,hit,false,0.000,0,254.509,150,GEOS_0.5x0.625/MERRA2/2019/07/MERRA2.20190701.A3mstC.05x0625.nc4
1462.250,hit,false,0.000,0,254.544,150,GEOS_0.5x0.625/MERRA2/2019/07/MERRA2.20190701.A3mstC.05x0625.nc4
1462.274,hit,false,0.000,0,254.567,151,GEOS_0.5x0.625/MERRA2/2019/07/MERRA2.20190701.A3mstC.05x0625.nc4
1462.310,hit,false,0.000,0,254.603,151,GEOS_0.5x0.625/MERRA2/2019/07/MERRA2.20190701.A3mstC.05x0625.nc4
1462.337,hit,false,0.000,0,254.630,151,GEOS_0.5x0.625/MERRA2/2019/07/MERRA2.20190701.A3mstC.05x0625.nc4
1462.370,hit,false,0.000,0,254.663,151,GEOS_0.5x0.625/MERRA2/2019/07/MERRA2.20190701.A3mstC.05x0625.nc4
1462.394,hit,false,0.000,0,254.687,151,GEOS_0.5x0.625/MERRA2/2019/07/MERRA2.20190701.A3mstC.05x0625.nc4
1462.432,hit,false,0.000,0,254.725,151,GEOS_0.5x0.625/MERRA2/2019/07/MERRA2.20190701.A3mstC.05x0625.nc4
1462.455,hit,false,0.000,0,254.749,151,GEOS_0.5x0.625/MERRA2/2019/07/MERRA2.20190701.A3mstC.05x0625.nc4
1462.494,hit,false,0.000,0,254.787,151,GEOS_0.5x0.625/MERRA2/2019/07/MERRA2.20190701.A3mstC.05x0625.nc4
1462.519,hit,false,0.000,0,254.845,152,GEOS_0.5x0.625/MERRA2/2019/07/MERRA2.20190701.A3mstC.05x0625.nc4
1462.565,hit,false,0.000,0,254.891,152,GEOS_0.5x0.625/MERRA2/2019/07/MERRA2.20190701.A3mstC.05x0625.nc4
1462.592,hit,false,0.000,0,254.918,152,GEOS_0.5x0.625/MERRA2/2019/07/MERRA2.20190701.A3mstC.05x0625.nc4
1462.625,hit,false,0.000,0,254.951,152,GEOS_0.5x0.625/MERRA2/2019/07/MERRA2.20190701.A3mstC.05x0625.nc4
1462.652,hit,false,0.000,0,254.978,152,GEOS_0.5x0.625/MERRA2/2019/07/MERRA2.20190701.A3mstC.05x0625.nc4
1462.774,hit,false,0.000,0,255.099,152,GEOS_0.5x0.625/MERRA2/2019/07/MERRA2.20190701.A3mstC.05x0625.nc4
1462.795,hit,false,0.000,0,255.121,152,GEOS_0.5x0.625/MERRA2/2019/07/MERRA2.20190701.A3mstC.05x0625.nc4
1462.840,hit,false,0.000,0,255.165,152,GEOS_0.5x0.625/MERRA2/2019/07/MERRA2.20190701.A3mstC.05x0625.nc4
1462.863,hit,false,0.000,0,255.187,153,GEOS_0.5x0.625/MERRA2/2019/07/MERRA2.20190701.A3mstC.05x0625.nc4
1462.910,hit,false,0.000,0,255.234,153,GEOS_0.5x0.625/MERRA2/2019/07/MERRA2.20190701.A3mstC.05x0625.nc4
1462.933,hit,false,0.000,0,255.257,153,GEOS_0.5x0.625/MERRA2/2019/07/MERRA2.20190701.A3mstC.05x0625.nc4
1462.985,hit,false,0.000,0,255.309,153,GEOS_0.5x0.625/MERRA2/2019/07/MERRA2.20190701.A3mstC.05x0625.nc4
1463.008,hit,false,0.000,0,255.332,153,GEOS_0.5x0.625/MERRA2/2019/07/MERRA2.20190701.A3mstC.05x0625.nc4
1463.047,hit,false,0.000,0,255.371,153,GEOS_0.5x0.625/MERRA2/2019/07/MERRA2.20190701.A3mstC.05x0625.nc4
1463.070,hit,false,0.000,0,255.394,153,GEOS_0.5x0.625/MERRA2/2019/07/MERRA2.20190701.A3mstC.05x0625.nc4
1463.113,hit,false,0.000,0,255.437,153,GEOS_0.5x0.625/MERRA2/2019/07/MERRA2.20190701.A3mstC.05x0625.nc4
1463.140,hit,false,0.000,0,255.194,154,GEOS_0.5x0.625/MERRA2/2019/07/MERRA2.20190701.A3mstC.05x0625.nc4
1463.176,hit,false,0.000,0,255.230,154,GEOS_0.5x0.625/MERRA2/2019/07/MERRA2.20190701.A3mstC.05x0625.nc4
1463.203,hit,false,0.000,0,255.257,154,GEOS_0.5x0.625/MERRA2/2019/07/MERRA2.20190701.A3mstC.05x0625.nc4
1463.243,hit,false,0.000,0,255.297,154,GEOS_0.5x0.625/MERRA2/2019/07/MERRA2.20190701.A3mstC.05x0625.nc4
1463.266,hit,false,0.000,0,255.320,154,GEOS_0.5x0.625/MERRA2/2019/07/MERRA2.20190701.A3mstC.05x0625.nc4
1463.301,hit,false,0.000,0,255.355,154,GEOS_0.5x0.625/MERRA2/2019/07/MERRA2.20190701.A3mstC.05x0625.nc4
1463.327,hit,false,0.000,0,255.381,154,GEOS_0.5x0.625/MERRA2/2019/07/MERRA2.20190701.A3mstC.05x0625.nc4
1463.359,hit,false,0.000,0,255.413,154,GEOS_0.5x0.625/MERRA2/2019/07/MERRA2.20190701.A3mstC.05x0625.nc4
1463.389,hit,false,0.000,0,255.441,155,GEOS_0.5x0.625/MERRA2/2019/07/MERRA2.20190701.A3mstC.05x0625.nc4
1463.422,hit,false,0.000,0,255.474,155,GEOS_0.5x0.625/MERRA2/2019/07/MERRA2.20190701.A3mstC.05x0625.nc4
1463.445,hit,false,0.000,0,255.497,155,GEOS_0.5x0.625/MERRA2/2019/07/MERRA2.20190701.A3mstC.05x0625.nc4
1463.482,hit,false,0.000,0,255.535,155,GEOS_0.5x0.625/MERRA2/2019/07/MERRA2.20190701.A3mstC.05x0625.nc4
1463.507,hit,false,0.000,0,255.560,155,GEOS_0.5x0.625/MERRA2/2019/07/MERRA2.20190701.A3mstC.05x0625.nc4
1463.542,hit,false,0.000,0,255.594,155,GEOS_0.5x0.625/MERRA2/2019/07/MERRA2.20190701.A3mstC.05x0625.nc4
1463.572,hit,false,0.000,0,255.624,155,GEOS_0.5x0.625/MERRA2/2019/07/MERRA2.20190701.A3mstC.05x0625.nc4
1463.597,hit,false,0.000,0,255.650,155,GEOS_0.5x0.625/MERRA2/2019/07/MERRA2.20190701.A3mstC.05x0625.nc4
1463.630,hit,false,0.000,0,255.679,156,GEOS_0.5x0.625/MERRA2/2019/07/MERRA2.20190701.A3mstC.05x0625.nc4
1463.659,hit,false,0.000,0,255.708,156,GEOS_0.5x0.625/MERRA2/2019/07/MERRA2.20190701.A3mstC.05x0625.nc4
1463.693,hit,false,0.000,0,255.742,156,GEOS_0.5x0.625/MERRA2/2019/07/MERRA2.20190701.A3mstC.05x0625.nc4
1463.720,hit,false,0.000,0,255.768,156,GEOS_0.5x0.625/MERRA2/2019/07/MERRA2.20190701.A3mstC.05x0625.nc4
1463.752,hit,false,0.000,0,255.801,156,GEOS_0.5x0.625/MERRA2/2019/07/MERRA2.20190701.A3mstC.05x0625.nc4
1463.782,hit,false,0.000,0,255.831,156,GEOS_0.5x0.625/MERRA2/2019/07/MERRA2.20190701.A3mstC.05x0625.nc4
1463.812,hit,false,0.000,0,255.861,156,GEOS_0.5x0.625/MERRA2/2019/07/MERRA2.20190701.A3mstC.05x0625.nc4
1463.843,hit,false,0.000,0,255.892,156,GEOS_0.5x0.625/MERRA2/2019/07/MERRA2.20190701.A3mstC.05x0625.nc4
1463.902,hit,false,0.000,0,255.949,157,GEOS_0.5x0.625/MERRA2/2019/07/MERRA2.20190701.A3mstC.05x0625.nc4
1463.927,hit,false,0.000,0,255.974,157,GEOS_0.5x0.625/MERRA2/2019/07/MERRA2.20190701.A3mstC.05x0625.nc4
1463.966,hit,false,0.000,0,256.012,157,GEOS_0.5x0.625/MERRA2/2019/07/MERRA2.20190701.A3mstC.05x0625.nc4
1463.990,hit,false,0.000,0,256.036,157,GEOS_0.5x0.625/MERRA2/2019/07/MERRA2.20190701.A3mstC.05x0625.nc4
1464.024,hit,false,0.000,0,256.071,157,GEOS_0.5x0.625/MERRA2/2019/07/MERRA2.20190701.A3mstC.05x0625.nc4
1464.050,hit,false,0.000,0,256.097,157,GEOS_0.5x0.625/MERRA2/2019/07/MERRA2.20190701.A3mstC.05x0625.nc4
1464.085,hit,false,0.000,0,256.131,157,GEOS_0.5x0.625/MERRA2/2019/07/MERRA2.20190701.A3mstC.05x0625.nc4
1464.108,hit,false,0.000,0,256.154,157,GEOS_0.5x0.625/MERRA2/2019/07/MERRA2.20190701.A3mstC.05x0625.nc4
1464.143,hit,false,0.000,0,256.188,158,GEOS_0.5x0.625/MERRA2/2019/07/MERRA2.20190701.A3mstC.05x0625.nc4
1464.170,hit,false,0.000,0,256.214,158,GEOS_0.5x0.625/MERRA2/2019/07/MERRA2.20190701.A3mstC.05x0625.nc4
1464.209,hit,false,0.000,0,256.253,158,GEOS_0.5x0.625/MERRA2/2019/07/MERRA2.20190701.A3mstC.05x0625.nc4
1464.231,hit,false,0.000,0,256.276,158,GEOS_0.5x0.625/MERRA2/2019/07/MERRA2.20190701.A3mstC.05x0625.nc4
1464.264,hit,false,0.000,0,256.309,158,GEOS_0.5x0.625/MERRA2/2019/07/MERRA2.20190701.A3mstC.05x0625.nc4
1464.290,hit,false,0.000,0,256.335,158,GEOS_0.5x0.625/MERRA2/2019/07/MERRA2.20190701.A3mstC.05x0625.nc4
1464.325,hit,false,0.000,0,256.369,158,GEOS_0.5x0.625/MERRA2/2019/07/MERRA2.20190701.A3mstC.05x0625.nc4
1464.349,hit,false,0.000,0,256.394,158,GEOS_0.5x0.625/MERRA2/2019/07/MERRA2.20190701.A3mstC.05x0625.nc4
1464.381,hit,false,0.000,0,256.423,159,GEOS_0.5x0.625/MERRA2/2019/07/MERRA2.20190701.A3mstC.05x0625.nc4
1464.410,hit,false,0.000,0,256.452,159,GEOS_0.5x0.625/MERRA2/2019/07/MERRA2.20190701.A3mstC.05x0625.nc4
1464.442,hit,false,0.000,0,256.484,159,GEOS_0.5x0.625/MERRA2/2019/07/MERRA2.20190701.A3mstC.05x0625.nc4
1464.466,hit,false,0.000,0,256.508,159,GEOS_0.5x0.625/MERRA2/2019/07/MERRA2.20190701.A3mstC.05x0625.nc4
1464.504,hit,false,0.000,0,256.547,159,GEOS_0.5x0.625/MERRA2/2019/07/MERRA2.20190701.A3mstC.05x0625.nc4
1464.528,hit,false,0.000,0,256.570,159,GEOS_0.5x0.625/MERRA2/2019/07/MERRA2.20190701.A3mstC.05x0625.nc4
1464.562,hit,false,0.000,0,256.604,159,GEOS_0.5x0.625/MERRA2/2019/07/MERRA2.20190701.A3mstC.05x0625.nc4
1464.587,hit,false,0.000,0,256.629,159,GEOS_0.5x0.625/MERRA2/2019/07/MERRA2.20190701.A3mstC.05x0625.nc4
1464.623,hit,false,0.000,0,256.943,160,GEOS_0.5x0.625/MERRA2/2019/07/MERRA2.20190701.A3mstC.05x0625.nc4
1464.651,hit,false,0.000,0,256.972,160,GEOS_0.5x0.625/MERRA2/2019/07/MERRA2.20190701.A3mstC.05x0625.nc4
1464.697,hit,false,0.000,0,257.018,160,GEOS_0.5x0.625/MERRA2/2019/07/MERRA2.20190701.A3mstC.05x0625.nc4
1464.720,hit,false,0.000,0,257.041,160,GEOS_0.5x0.625/MERRA2/2019/07/MERRA2.20190701.A3mstC.05x0625.nc4
1464.845,hit,false,0.000,0,257.166,160,GEOS_0.5x0.625/MERRA2/2019/07/MERRA2.20190701.A3mstC.05x0625.nc4
1464.867,hit,false,0.000,0,257.187,160,GEOS_0.5x0.625/MERRA2/2019/07/MERRA2.20190701.A3mstC.05x0625.nc4
1464.906,hit,false,0.000,0,257.227,160,GEOS_0.5x0.625/MERRA2/2019/07/MERRA2.20190701.A3mstC.05x0625.nc4
1464.939,hit,false,0.000,0,257.260,160,GEOS_0.5x0.625/MERRA2/2019/07/MERRA2.20190701.A3mstC.05x0625.nc4
1464.968,hit,false,0.000,0,256.998,161,GEOS_0.5x0.625/MERRA2/2019/07/MERRA2.20190701.A3mstC.05x0625.nc4
1465.007,hit,false,0.000,0,257.036,161,GEOS_0.5x0.625/MERRA2/2019/07/MERRA2.20190701.A3mstC.05x0625.nc4
1465.034,hit,false,0.000,0,257.063,161,GEOS_0.5x0.625/MERRA2/2019/07/MERRA2.20190701.A3mstC.05x0625.nc4
1465.066,hit,false,0.000,0,257.095,161,GEOS_0.5x0.625/MERRA2/2019/07/MERRA2.20190701.A3mstC.05x0625.nc4
1465.100,hit,false,0.000,0,257.129,161,GEOS_0.5x0.625/MERRA2/2019/07/MERRA2.20190701.A3mstC.05x0625.nc4
1465.124,hit,false,0.000,0,257.154,161,GEOS_0.5x0.625/MERRA2/2019/07/MERRA2.20190701.A3mstC.05x0625.nc4
1465.160,hit,false,0.000,0,257.189,161,GEOS_0.5x0.625/MERRA2/2019/07/MERRA2.20190701.A3mstC.05x0625.nc4
1465.186,hit,false,0.000,0,257.215,161,GEOS_0.5x0.625/MERRA2/2019/07/MERRA2.20190701.A3mstC.05x0625.nc4
1465.222,hit,false,0.000,0,257.239,162,GEOS_0.5x0.625/MERRA2/2019/07/MERRA2.20190701.A3mstC.05x0625.nc4
1465.249,hit,false,0.000,0,257.266,162,GEOS_0.5x0.625/MERRA2/2019/07/MERRA2.20190701.A3mstC.05x0625.nc4
1465.286,hit,false,0.000,0,257.303,162,GEOS_0.5x0.625/MERRA2/2019/07/MERRA2.20190701.A3mstC.05x0625.nc4
1465.312,hit,false,0.000,0,257.329,162,GEOS_0.5x0.625/MERRA2/2019/07/MERRA2.20190701.A3mstC.05x0625.nc4
1465.348,hit,false,0.000,0,257.365,162,GEOS_0.5x0.625/MERRA2/2019/07/MERRA2.20190701.A3mstC.05x0625.nc4
1465.373,hit,false,0.000,0,257.390,162,GEOS_0.5x0.625/MERRA2/2019/07/MERRA2.20190701.A3mstC.05x0625.nc4
1465.410,hit,false,0.000,0,257.427,162,GEOS_0.5x0.625/MERRA2/2019/07/MERRA2.20190701.A3mstC.05x0625.nc4
1465.435,hit,false,0.000,0,257.452,162,GEOS_0.5x0.625/MERRA2/2019/07/MERRA2.20190701.A3mstC.05x0625.nc4
1465.471,hit,false,0.000,0,257.486,163,GEOS_0.5x0.625/MERRA2/2019/07/MERRA2.20190701.A3mstC.05x0625.nc4
1465.499,hit,false,0.000,0,257.514,163,GEOS_0.5x0.625/MERRA2/2019/07/MERRA2.20190701.A3mstC.05x0625.nc4
1465.533,hit,false,0.000,0,257.548,163,GEOS_0.5x0.625/MERRA2/2019/07/MERRA2.20190701.A3mstC.05x0625.nc4
1465.558,hit,false,0.000,0,257.573,163,GEOS_0.5x0.625/MERRA2/2019/07/MERRA2.20190701.A3mstC.05x0625.nc4
1465.593,hit,false,0.000,0,257.607,163,GEOS_0.5x0.625/MERRA2/2019/07/MERRA2.20190701.A3mstC.05x0625.nc4
1465.617,hit,false,0.000,0,257.632,163,GEOS_0.5x0.625/MERRA2/2019/07/MERRA2.20190701.A3mstC.05x0625.nc4
1465.652,hit,false,0.000,0,257.667,163,GEOS_0.5x0.625/MERRA2/2019/07/MERRA2.20190701.A3mstC.05x0625.nc4
1465.679,hit,false,0.000,0,257.694,163,GEOS_0.5x0.625/MERRA2/2019/07/MERRA2.20190701.A3mstC.05x0625.nc4
1465.712,hit,false,0.000,0,257.613,164,GEOS_0.5x0.625/MERRA2/2019/07/MERRA2.20190701.A3mstC.05x0625.nc4
1465.741,hit,false,0.000,0,257.642,164,GEOS_0.5x0.625/MERRA2/2019/07/MERRA2.20190701.A3mstC.05x0625.nc4
1465.775,hit,false,0.000,0,257.675,164,GEOS_0.5x0.625/MERRA2/2019/07/MERRA2.20190701.A3mstC.05x0625.nc4
1465.805,hit,false,0.000,0,257.706,164,GEOS_0.5x0.625/MERRA2/2019/07/MERRA2.20190701.A3mstC.05x0625.nc4
1465.837,hit,false,0.000,0,257.738,164,GEOS_0.5x0.625/MERRA2/2019/07/MERRA2.20190701.A3mstC.05x0625.nc4
1465.871,hit,false,0.000,0,257.772,164,GEOS_0.5x0.625/MERRA2/2019/07/MERRA2.20190701.A3mstC.05x0625.nc4
1465.904,hit,false,0.000,0,257.805,164,GEOS_0.5x0.625/MERRA2/2019/07/MERRA2.20190701.A3mstC.05x0625.nc4
1465.934,hit,false,0.000,0,257.834,164,GEOS_0.5x0.625/MERRA2/2019/07/MERRA2.20190701.A3mstC.05x0625.nc4
1465.968,hit,false,0.000,0,257.867,165,GEOS_0.5x0.625/MERRA2/2019/07/MERRA2.20190701.A3mstC.05x0625.nc4
1465.995,hit,false,0.000,0,257.894,165,GEOS_0.5x0.625/MERRA2/2019/07/MERRA2.20190701.A3mstC.05x0625.nc4
1466.029,hit,false,0.000,0,257.928,165,GEOS_0.5x0.625/MERRA2/2019/07/MERRA2.20190701.A3mstC.05x0625.nc4
1466.056,hit,false,0.000,0,257.955,165,GEOS_0.5x0.625/MERRA2/2019/07/MERRA2.20190701.A3mstC.05x0625.nc4
1466.090,hit,false,0.000,0,257.989,165,GEOS_0.5x0.625/MERRA2/2019/07/MERRA2.20190701.A3mstC.05x0625.nc4
1466.115,hit,false,0.000,0,258.013,165,GEOS_0.5x0.625/MERRA2/2019/07/MERRA2.20190701.A3mstC.05x0625.nc4
1466.155,hit,false,0.000,0,258.054,165,GEOS_0.5x0.625/MERRA2/2019/07/MERRA2.20190701.A3mstC.05x0625.nc4
1466.178,hit,false,0.000,0,258.076,165,GEOS_0.5x0.625/MERRA2/2019/07/MERRA2.20190701.A3mstC.05x0625.nc4
1466.212,hit,false,0.000,0,258.110,166,GEOS_0.5x0.625/MERRA2/2019/07/MERRA2.20190701.A3mstC.05x0625.nc4
1466.240,hit,false,0.000,0,258.137,166,GEOS_0.5x0.625/MERRA2/2019/07/MERRA2.20190701.A3mstC.05x0625.nc4
1466.279,hit,false,0.000,0,258.176,166,GEOS_0.5x0.625/MERRA2/2019/07/MERRA2.20190701.A3mstC.05x0625.nc4
1466.303,hit,false,0.000,0,258.200,166,GEOS_0.5x0.625/MERRA2/2019/07/MERRA2.20190701.A3mstC.05x0625.nc4
1466.338,hit,false,0.000,0,258.235,166,GEOS_0.5x0.625/MERRA2/2019/07/MERRA2.20190701.A3mstC.05x0625.nc4
1466.363,hit,false,0.000,0,258.260,166,GEOS_0.5x0.625/MERRA2/2019/07/MERRA2.20190701.A3mstC.05x0625.nc4
1466.397,hit,false,0.000,0,258.294,166,GEOS_0.5x0.625/MERRA2/2019/07/MERRA2.20190701.A3mstC.05x0625.nc4
1466.423,hit,false,0.000,0,258.321,166,GEOS_0.5x0.625/MERRA2/2019/07/MERRA2.20190701.A3mstC.05x0625.nc4
1466.457,hit,false,0.000,0,258.352,167,GEOS_0.5x0.625/MERRA2/2019/07/MERRA2.20190701.A3mstC.05x0625.nc4
1466.486,hit,false,0.000,0,258.382,167,GEOS_0.5x0.625/MERRA2/2019/07/MERRA2.20190701.A3mstC.05x0625.nc4
1466.521,hit,false,0.000,0,258.417,167,GEOS_0.5x0.625/MERRA2/2019/07/MERRA2.20190701.A3mstC.05x0625.nc4
1466.544,hit,false,0.000,0,258.440,167,GEOS_0.5x0.625/MERRA2/2019/07/MERRA2.20190701.A3mstC.05x0625.nc4
1466.580,hit,false,0.000,0,258.476,167,GEOS_0.5x0.625/MERRA2/2019/07/MERRA2.20190701.A3mstC.05x0625.nc4
1466.607,hit,false,0.000,0,258.502,167,GEOS_0.5x0.625/MERRA2/2019/07/MERRA2.20190701.A3mstC.05x0625.nc4
1466.642,hit,false,0.000,0,258.538,167,GEOS_0.5x0.625/MERRA2/2019/07/MERRA2.20190701.A3mstC.05x0625.nc4
1466.667,hit,false,0.000,0,258.563,167,GEOS_0.5x0.625/MERRA2/2019/07/MERRA2.20190701.A3mstC.05x0625.nc4
1466.703,hit,false,0.000,0,259.049,168,GEOS_0.5x0.625/MERRA2/2019/07/MERRA2.20190701.A3mstC.05x0625.nc4
1466.730,hit,false,0.000,0,259.075,168,GEOS_0.5x0.625/MERRA2/2019/07/MERRA2.20190701.A3mstC.05x0625.nc4
1466.776,hit,false,0.000,0,259.121,168,GEOS_0.5x0.625/MERRA2/2019/07/MERRA2.20190701.A3mstC.05x0625.nc4
1466.881,hit,false,0.000,0,259.226,168,GEOS_0.5x0.625/MERRA2/2019/07/MERRA2.20190701.A3mstC.05x0625.nc4
1466.903,hit,false,0.000,0,259.248,168,GEOS_0.5x0.625/MERRA2/2019/07/MERRA2.20190701.A3mstC.05x0625.nc4
1466.947,hit,false,0.000,0,259.292,168,GEOS_0.5x0.625/MERRA2/2019/07/MERRA2.20190701.A3mstC.05x0625.nc4
1466.969,hit,false,0.000,0,259.314,168,GEOS_0.5x0.625/MERRA2/2019/07/MERRA2.20190701.A3mstC.05x0625.nc4
1467.002,hit,false,0.000,0,259.347,168,GEOS_0.5x0.625/MERRA2/2019/07/MERRA2.20190701.A3mstC.05x0625.nc4
1467.028,hit,false,0.000,0,259.371,169,GEOS_0.5x0.625/MERRA2/2019/07/MERRA2.20190701.A3mstC.05x0625.nc4
1467.079,hit,false,0.000,0,259.422,169,GEOS_0.5x0.625/MERRA2/2019/07/MERRA2.20190701.A3mstC.05x0625.nc4
1467.101,hit,false,0.000,0,259.445,169,GEOS_0.5x0.625/MERRA2/2019/07/MERRA2.20190701.A3mstC.05x0625.nc4
1467.142,hit,false,0.000,0,259.485,169,GEOS_0.5x0.625/MERRA2/2019/07/MERRA2.20190701.A3mstC.05x0625.nc4
1467.165,hit,false,0.000,0,259.508,169,GEOS_0.5x0.625/MERRA2/2019/07/MERRA2.20190701.A3mstC.05x0625.nc4
1467.199,hit,false,0.000,0,259.542,169,GEOS_0.5x0.625/MERRA2/2019/07/MERRA2.20190701.A3mstC.05x0625.nc4
1467.223,hit,false,0.000,0,259.566,169,GEOS_0.5x0.625/MERRA2/2019/07/MERRA2.20190701.A3mstC.05x0625.nc4
1467.260,hit,false,0.000,0,259.603,169,GEOS_0.5x0.625/MERRA2/2019/07/MERRA2.20190701.A3mstC.05x0625.nc4
1467.282,hit,false,0.000,0,259.624,170,GEOS_0.5x0.625/MERRA2/2019/07/MERRA2.20190701.A3mstC.05x0625.nc4
1467.324,hit,false,0.000,0,259.665,170,GEOS_0.5x0.625/MERRA2/2019/07/MERRA2.20190701.A3mstC.05x0625.nc4
1467.348,hit,false,0.000,0,259.689,170,GEOS_0.5x0.625/MERRA2/2019/07/MERRA2.20190701.A3mstC.05x0625.nc4
1467.384,hit,false,0.000,0,259.725,170,GEOS_0.5x0.625/MERRA2/2019/07/MERRA2.20190701.A3mstC.05x0625.nc4
1467.410,hit,false,0.000,0,259.751,170,GEOS_0.5x0.625/MERRA2/2019/07/MERRA2.20190701.A3mstC.05x0625.nc4
1467.443,hit,false,0.000,0,259.784,170,GEOS_0.5x0.625/MERRA2/2019/07/MERRA2.20190701.A3mstC.05x0625.nc4
1467.476,hit,false,0.000,0,259.817,170,GEOS_0.5x0.625/MERRA2/2019/07/MERRA2.20190701.A3mstC.05x0625.nc4
1467.510,hit,false,0.000,0,259.851,170,GEOS_0.5x0.625/MERRA2/2019/07/MERRA2.20190701.A3mstC.05x0625.nc4
1467.544,hit,false,0.000,0,259.884,171,GEOS_0.5x0.625/MERRA2/2019/07/MERRA2.20190701.A3mstC.05x0625.nc4
1467.578,hit,false,0.000,0,259.918,171,GEOS_0.5x0.625/MERRA2/2019/07/MERRA2.20190701.A3mstC.05x0625.nc4
1467.614,hit,false,0.000,0,259.954,171,GEOS_0.5x0.625/MERRA2/2019/07/MERRA2.20190701.A3mstC.05x0625.nc4
1467.646,hit,false,0.000,0,259.986,171,GEOS_0.5x0.625/MERRA2/2019/07/MERRA2.20190701.A3mstC.05x0625.nc4
1467.675,hit,false,0.000,0,260.015,171,GEOS_0.5x0.625/MERRA2/2019/07/MERRA2.20190701.A3mstC.05x0625.nc4
1467.712,hit,false,0.000,0,260.052,171,GEOS_0.5x0.625/MERRA2/2019/07/MERRA2.20190701.A3mstC.05x0625.nc4
1467.735,hit,false,0.000,0,260.075,171,GEOS_0.5x0.625/MERRA2/2019/07/MERRA2.20190701.A3mstC.05x0625.nc4
1467.777,hit,false,0.000,0,260.116,171,GEOS_0.5x0.625/MERRA2/2019/07/MERRA2.20190701.A3mstC.05x0625.nc4
1467.800,hit,false,0.000,0,260.138,172,GEOS_0.5x0.625/MERRA2/2019/07/MERRA2.20190701.A3mstC.05x0625.nc4
1467.841,hit,false,0.000,0,260.179,172,GEOS_0.5x0.625/MERRA2/2019/07/MERRA2.20190701.A3mstC.05x0625.nc4
1467.867,hit,false,0.000,0,260.205,172,GEOS_0.5x0.625/MERRA2/2019/07/MERRA2.20190701.A3mstC.05x0625.nc4
1467.903,hit,false,0.000,0,260.241,172,GEOS_0.5x0.625/MERRA2/2019/07/MERRA2.20190701.A3mstC.05x0625.nc4
1467.932,hit,false,0.000,0,260.270,172,GEOS_0.5x0.625/MERRA2/2019/07/MERRA2.20190701.A3mstC.05x0625.nc4
1467.968,hit,false,0.000,0,260.306,172,GEOS_0.5x0.625/MERRA2/2019/07/MERRA2.20190701.A3mstC.05x0625.nc4
1467.999,hit,false,0.000,0,260.337,172,GEOS_0.5x0.625/MERRA2/2019/07/MERRA2.20190701.A3mstC.05x0625.nc4
1468.024,hit,false,0.000,0,260.362,172,GEOS_0.5x0.625/MERRA2/2019/07/MERRA2.20190701.A3mstC.05x0625.nc4
1468.055,hit,false,0.000,0,260.392,173,GEOS_0.5x0.625/MERRA2/2019/07/MERRA2.20190701.A3mstC.05x0625.nc4
1468.088,hit,false,0.000,0,260.425,173,GEOS_0.5x0.625/MERRA2/2019/07/MERRA2.20190701.A3mstC.05x0625.nc4
1468.118,hit,false,0.000,0,260.454,173,GEOS_0.5x0.625/MERRA2/2019/07/MERRA2.20190701.A3mstC.05x0625.nc4
1468.145,hit,false,0.000,0,260.482,173,GEOS_0.5x0.625/MERRA2/2019/07/MERRA2.20190701.A3mstC.05x0625.nc4
1468.170,hit,false,0.000,0,260.507,173,GEOS_0.5x0.625/MERRA2/2019/07/MERRA2.20190701.A3mstC.05x0625.nc4
1468.200,hit,false,0.000,0,260.537,173,GEOS_0.5x0.625/MERRA2/2019/07/MERRA2.20190701.A3mstC.05x0625.nc4
1468.230,hit,false,0.000,0,260.566,173,GEOS_0.5x0.625/MERRA2/2019/07/MERRA2.20190701.A3mstC.05x0625.nc4
1468.264,hit,false,0.000,0,260.600,173,GEOS_0.5x0.625/MERRA2/2019/07/MERRA2.20190701.A3mstC.05x0625.nc4
1468.287,hit,false,0.000,0,260.622,174,GEOS_0.5x0.625/MERRA2/2019/07/MERRA2.20190701.A3mstC.05x0625.nc4
1468.330,hit,false,0.000,0,260.664,174,GEOS_0.5x0.625/MERRA2/2019/07/MERRA2.20190701.A3mstC.05x0625.nc4
1468.353,hit,false,0.000,0,260.688,174,GEOS_0.5x0.625/MERRA2/2019/07/MERRA2.20190701.A3mstC.05x0625.nc4
1468.389,hit,false,0.000,0,260.724,174,GEOS_0.5x0.625/MERRA2/2019/07/MERRA2.20190701.A3mstC.05x0625.nc4
1468.415,hit,false,0.000,0,260.750,174,GEOS_0.5x0.625/MERRA2/2019/07/MERRA2.20190701.A3mstC.05x0625.nc4
1468.453,hit,false,0.000,0,260.787,174,GEOS_0.5x0.625/MERRA2/2019/07/MERRA2.20190701.A3mstC.05x0625.nc4
1468.476,hit,false,0.000,0,260.811,174,GEOS_0.5x0.625/MERRA2/2019/07/MERRA2.20190701.A3mstC.05x0625.nc4
1468.514,hit,false,0.000,0,260.849,174,GEOS_0.5x0.625/MERRA2/2019/07/MERRA2.20190701.A3mstC.05x0625.nc4
1468.541,hit,false,0.000,0,260.874,175,GEOS_0.5x0.625/MERRA2/2019/07/MERRA2.20190701.A3mstC.05x0625.nc4
1468.575,hit,false,0.000,0,260.908,175,GEOS_0.5x0.625/MERRA2/2019/07/MERRA2.20190701.A3mstC.05x0625.nc4
1468.600,hit,false,0.000,0,260.933,175,GEOS_0.5x0.625/MERRA2/2019/07/MERRA2.20190701.A3mstC.05x0625.nc4
1468.637,hit,false,0.000,0,260.970,175,GEOS_0.5x0.625/MERRA2/2019/07/MERRA2.20190701.A3mstC.05x0625.nc4
1468.665,hit,false,0.000,0,260.998,175,GEOS_0.5x0.625/MERRA2/2019/07/MERRA2.20190701.A3mstC.05x0625.nc4
1468.700,hit,false,0.000,0,261.033,175,GEOS_0.5x0.625/MERRA2/2019/07/MERRA2.20190701.A3mstC.05x0625.nc4
1468.730,hit,false,0.000,0,261.063,175,GEOS_0.5x0.625/MERRA2/2019/07/MERRA2.20190701.A3mstC.05x0625.nc4
1468.762,hit,false,0.000,0,261.095,175,GEOS_0.5x0.625/MERRA2/2019/07/MERRA2.20190701.A3mstC.05x0625.nc4
1468.795,hit,false,0.000,0,260.879,176,GEOS_0.5x0.625/MERRA2/2019/07/MERRA2.20190701.A3mstC.05x0625.nc4
1468.823,hit,false,0.000,0,260.906,176,GEOS_0.5x0.625/MERRA2/2019/07/MERRA2.20190701.A3mstC.05x0625.nc4
1468.953,hit,false,0.000,0,261.037,176,GEOS_0.5x0.625/MERRA2/2019/07/MERRA2.20190701.A3mstC.05x0625.nc4
1468.977,hit,false,0.000,0,261.060,176,GEOS_0.5x0.625/MERRA2/2019/07/MERRA2.20190701.A3mstC.05x0625.nc4
1469.013,hit,false,0.000,0,261.096,176,GEOS_0.5x0.625/MERRA2/2019/07/MERRA2.20190701.A3mstC.05x0625.nc4
1469.040,hit,false,0.000,0,261.123,176,GEOS_0.5x0.625/MERRA2/2019/07/MERRA2.20190701.A3mstC.05x0625.nc4
1469.075,hit,false,0.000,0,261.158,176,GEOS_0.5x0.625/MERRA2/2019/07/MERRA2.20190701.A3mstC.05x0625.nc4
1469.099,hit,false,0.000,0,261.182,176,GEOS_0.5x0.625/MERRA2/2019/07/MERRA2.20190701.A3mstC.05x0625.nc4
1469.141,hit,false,0.000,0,261.219,177,GEOS_0.5x0.625/MERRA2/2019/07/MERRA2.20190701.A3mstC.05x0625.nc4
1469.168,hit,false,0.000,0,261.245,177,GEOS_0.5x0.625/MERRA2/2019/07/MERRA2.20190701.A3mstC.05x0625.nc4
1469.204,hit,false,0.000,0,261.282,177,GEOS_0.5x0.625/MERRA2/2019/07/MERRA2.20190701.A3mstC.05x0625.nc4
1469.231,hit,false,0.000,0,261.308,177,GEOS_0.5x0.625/MERRA2/2019/07/MERRA2.20190701.A3mstC.05x0625.nc4
1469.266,hit,false,0.000,0,261.343,177,GEOS_0.5x0.625/MERRA2/2019/07/MERRA2.20190701.A3mstC.05x0625.nc4
1469.292,hit,false,0.000,0,261.369,177,GEOS_0.5x0.625/MERRA2/2019/07/MERRA2.20190701.A3mstC.05x0625.nc4
1469.328,hit,false,0.000,0,261.406,177,GEOS_0.5x0.625/MERRA2/2019/07/MERRA2.20190701.A3mstC.05x0625.nc4
1469.353,hit,false,0.000,0,261.431,177,GEOS_0.5x0.625/MERRA2/2019/07/MERRA2.20190701.A3mstC.05x0625.nc4
1469.390,hit,false,0.000,0,261.466,178,GEOS_0.5x0.625/MERRA2/2019/07/MERRA2.20190701.A3mstC.05x0625.nc4
1469.418,hit,false,0.000,0,261.494,178,GEOS_0.5x0.625/MERRA2/2019/07/MERRA2.20190701.A3mstC.05x0625.nc4
1469.453,hit,false,0.000,0,261.529,178,GEOS_0.5x0.625/MERRA2/2019/07/MERRA2.20190701.A3mstC.05x0625.nc4
1469.479,hit,false,0.000,0,261.555,178,GEOS_0.5x0.625/MERRA2/2019/07/MERRA2.20190701.A3mstC.05x0625.nc4
1469.515,hit,false,0.000,0,261.590,178,GEOS_0.5x0.625/MERRA2/2019/07/MERRA2.20190701.A3mstC.05x0625.nc4
1469.538,hit,false,0.000,0,261.614,178,GEOS_0.5x0.625/MERRA2/2019/07/MERRA2.20190701.A3mstC.05x0625.nc4
1469.575,hit,false,0.000,0,261.651,178,GEOS_0.5x0.625/MERRA2/2019/07/MERRA2.20190701.A3mstC.05x0625.nc4
1469.602,hit,false,0.000,0,261.678,178,GEOS_0.5x0.625/MERRA2/2019/07/MERRA2.20190701.A3mstC.05x0625.nc4
1469.634,hit,false,0.000,0,261.708,179,GEOS_0.5x0.625/MERRA2/2019/07/MERRA2.20190701.A3mstC.05x0625.nc4
1469.670,hit,false,0.000,0,261.745,179,GEOS_0.5x0.625/MERRA2/2019/07/MERRA2.20190701.A3mstC.05x0625.nc4
1469.701,hit,false,0.000,0,261.776,179,GEOS_0.5x0.625/MERRA2/2019/07/MERRA2.20190701.A3mstC.05x0625.nc4
1469.734,hit,false,0.000,0,261.808,179,GEOS_0.5x0.625/MERRA2/2019/07/MERRA2.20190701.A3mstC.05x0625.nc4
1469.764,hit,false,0.000,0,261.838,179,GEOS_0.5x0.625/MERRA2/2019/07/MERRA2.20190701.A3mstC.05x0625.nc4
1469.795,hit,false,0.000,0,261.869,179,GEOS_0.5x0.625/MERRA2/2019/07/MERRA2.20190701.A3mstC.05x0625.nc4
1469.832,hit,false,0.000,0,261.906,179,GEOS_0.5x0.625/MERRA2/2019/07/MERRA2.20190701.A3mstC.05x0625.nc4
1469.859,hit,false,0.000,0,261.933,179,GEOS_0.5x0.625/MERRA2/2019/07/MERRA2.20190701.A3mstC.05x0625.nc4
1469.901,hit,false,0.000,0,261.973,180,GEOS_0.5x0.625/MERRA2/2019/07/MERRA2.20190701.A3mstC.05x0625.nc4
1469.928,hit,false,0.000,0,262.000,180,GEOS_0.5x0.625/MERRA2/2019/07/MERRA2.20190701.A3mstC.05x0625.nc4
1469.965,hit,false,0.000,0,262.037,180,GEOS_0.5x0.625/MERRA2/2019/07/MERRA2.20190701.A3mstC.05x0625.nc4
1469.992,hit,false,0.000,0,262.064,180,GEOS_0.5x0.625/MERRA2/2019/07/MERRA2.20190701.A3mstC.05x0625.nc4
1470.025,hit,false,0.000,0,262.098,180,GEOS_0.5x0.625/MERRA2/2019/07/MERRA2.20190701.A3mstC.05x0625.nc4
1470.052,hit,false,0.000,0,262.125,180,GEOS_0.5x0.625/MERRA2/2019/07/MERRA2.20190701.A3mstC.05x0625.nc4
1470.087,hit,false,0.000,0,262.160,180,GEOS_0.5x0.625/MERRA2/2019/07/MERRA2.20190701.A3mstC.05x0625.nc4
1470.109,hit,false,0.000,0,262.181,180,GEOS_0.5x0.625/MERRA2/2019/07/MERRA2.20190701.A3mstC.05x0625.nc4
1470.150,hit,false,0.000,0,262.220,181,GEOS_0.5x0.625/MERRA2/2019/07/MERRA2.20190701.A3mstC.05x0625.nc4
1470.176,hit,false,0.000,0,262.246,181,GEOS_0.5x0.625/MERRA2/2019/07/MERRA2.20190701.A3mstC.05x0625.nc4
1470.217,hit,false,0.000,0,262.287,181,GEOS_0.5x0.625/MERRA2/2019/07/MERRA2.20190701.A3mstC.05x0625.nc4
1470.240,hit,false,0.000,0,262.310,181,GEOS_0.5x0.625/MERRA2/2019/07/MERRA2.20190701.A3mstC.05x0625.nc4
1470.276,hit,false,0.000,0,262.346,181,GEOS_0.5x0.625/MERRA2/2019/07/MERRA2.20190701.A3mstC.05x0625.nc4
1470.302,hit,false,0.000,0,262.372,181,GEOS_0.5x0.625/MERRA2/2019/07/MERRA2.20190701.A3mstC.05x0625.nc4
1470.339,hit,false,0.000,0,262.410,181,GEOS_0.5x0.625/MERRA2/2019/07/MERRA2.20190701.A3mstC.05x0625.nc4
1470.363,hit,false,0.000,0,262.433,181,GEOS_0.5x0.625/MERRA2/2019/07/MERRA2.20190701.A3mstC.05x0625.nc4
1470.398,hit,false,0.000,0,262.467,182,GEOS_0.5x0.625/MERRA2/2019/07/MERRA2.20190701.A3mstC.05x0625.nc4
1470.427,hit,false,0.000,0,262.496,182,GEOS_0.5x0.625/MERRA2/2019/07/MERRA2.20190701.A3mstC.05x0625.nc4
1470.461,hit,false,0.000,0,262.530,182,GEOS_0.5x0.625/MERRA2/2019/07/MERRA2.20190701.A3mstC.05x0625.nc4
1470.489,hit,false,0.000,0,262.558,182,GEOS_0.5x0.625/MERRA2/2019/07/MERRA2.20190701.A3mstC.05x0625.nc4
1470.521,hit,false,0.000,0,262.590,182,GEOS_0.5x0.625/MERRA2/2019/07/MERRA2.20190701.A3mstC.05x0625.nc4
1470.548,hit,false,0.000,0,262.617,182,GEOS_0.5x0.625/MERRA2/2019/07/MERRA2.20190701.A3mstC.05x0625.nc4
1470.580,hit,false,0.000,0,262.648,182,GEOS_0.5x0.625/MERRA2/2019/07/MERRA2.20190701.A3mstC.05x0625.nc4
1470.605,hit,false,0.000,0,262.673,182,GEOS_0.5x0.625/MERRA2/2019/07/MERRA2.20190701.A3mstC.05x0625.nc4
1470.637,hit,false,0.000,0,262.704,183,GEOS_0.5x0.625/MERRA2/2019/07/MERRA2.20190701.A3mstC.05x0625.nc4
1470.665,hit,false,0.000,0,262.733,183,GEOS_0.5x0.625/MERRA2/2019/07/MERRA2.20190701.A3mstC.05x0625.nc4
1470.698,hit,false,0.000,0,262.765,183,GEOS_0.5x0.625/MERRA2/2019/07/MERRA2.20190701.A3mstC.05x0625.nc4
1470.723,hit,false,0.000,0,262.790,183,GEOS_0.5x0.625/MERRA2/2019/07/MERRA2.20190701.A3mstC.05x0625.nc4
1470.761,hit,false,0.000,0,262.828,183,GEOS_0.5x0.625/MERRA2/2019/07/MERRA2.20190701.A3mstC.05x0625.nc4
1470.783,hit,false,0.000,0,262.851,183,GEOS_0.5x0.625/MERRA2/2019/07/MERRA2.20190701.A3mstC.05x0625.nc4
1470.821,hit,false,0.000,0,262.888,183,GEOS_0.5x0.625/MERRA2/2019/07/MERRA2.20190701.A3mstC.05x0625.nc4
1470.845,hit,false,0.000,0,262.913,183,GEOS_0.5x0.625/MERRA2/2019/07/MERRA2.20190701.A3mstC.05x0625.nc4
1470.889,hit,false,0.000,0,262.948,184,GEOS_0.5x0.625/MERRA2/2019/07/MERRA2.20190701.A3mstC.05x0625.nc4
1470.997,hit,false,0.000,0,263.056,184,GEOS_0.5x0.625/MERRA2/2019/07/MERRA2.20190701.A3mstC.05x0625.nc4
1471.022,hit,false,0.000,0,263.082,184,GEOS_0.5x0.625/MERRA2/2019/07/MERRA2.20190701.A3mstC.05x0625.nc4
1471.059,hit,false,0.000,0,263.119,184,GEOS_0.5x0.625/MERRA2/2019/07/MERRA2.20190701.A3mstC.05x0625.nc4
1471.097,hit,false,0.000,0,263.156,184,GEOS_0.5x0.625/MERRA2/2019/07/MERRA2.20190701.A3mstC.05x0625.nc4
1471.131,hit,false,0.000,0,263.191,184,GEOS_0.5x0.625/MERRA2/2019/07/MERRA2.20190701.A3mstC.05x0625.nc4
1471.161,hit,false,0.000,0,263.221,184,GEOS_0.5x0.625/MERRA2/2019/07/MERRA2.20190701.A3mstC.05x0625.nc4
1471.196,hit,false,0.000,0,263.256,184,GEOS_0.5x0.625/MERRA2/2019/07/MERRA2.20190701.A3mstC.05x0625.nc4
1471.226,hit,false,0.000,0,263.283,185,GEOS_0.5x0.625/MERRA2/2019/07/MERRA2.20190701.A3mstC.05x0625.nc4
1471.262,hit,false,0.000,0,263.320,185,GEOS_0.5x0.625/MERRA2/2019/07/MERRA2.20190701.A3mstC.05x0625.nc4
1471.290,hit,false,0.000,0,263.347,185,GEOS_0.5x0.625/MERRA2/2019/07/MERRA2.20190701.A3mstC.05x0625.nc4
1471.324,hit,false,0.000,0,263.381,185,GEOS_0.5x0.625/MERRA2/2019/07/MERRA2.20190701.A3mstC.05x0625.nc4
1471.353,hit,false,0.000,0,263.411,185,GEOS_0.5x0.625/MERRA2/2019/07/MERRA2.20190701.A3mstC.05x0625.nc4
1471.386,hit,false,0.000,0,263.443,185,GEOS_0.5x0.625/MERRA2/2019/07/MERRA2.20190701.A3mstC.05x0625.nc4
1471.418,hit,false,0.000,0,263.475,185,GEOS_0.5x0.625/MERRA2/2019/07/MERRA2.20190701.A3mstC.05x0625.nc4
1471.441,hit,false,0.000,0,263.499,185,GEOS_0.5x0.625/MERRA2/2019/07/MERRA2.20190701.A3mstC.05x0625.nc4
1471.481,hit,false,0.000,0,263.537,186,GEOS_0.5x0.625/MERRA2/2019/07/MERRA2.20190701.A3mstC.05x0625.nc4
1471.508,hit,false,0.000,0,263.564,186,GEOS_0.5x0.625/MERRA2/2019/07/MERRA2.20190701.A3mstC.05x0625.nc4
1471.545,hit,false,0.000,0,263.601,186,GEOS_0.5x0.625/MERRA2/2019/07/MERRA2.20190701.A3mstC.05x0625.nc4
1471.569,hit,false,0.000,0,263.625,186,GEOS_0.5x0.625/MERRA2/2019/07/MERRA2.20190701.A3mstC.05x0625.nc4
1471.603,hit,false,0.000,0,263.659,186,GEOS_0.5x0.625/MERRA2/2019/07/MERRA2.20190701.A3mstC.05x0625.nc4
1471.630,hit,false,0.000,0,263.686,186,GEOS_0.5x0.625/MERRA2/2019/07/MERRA2.20190701.A3mstC.05x0625.nc4
1471.664,hit,false,0.000,0,263.720,186,GEOS_0.5x0.625/MERRA2/2019/07/MERRA2.20190701.A3mstC.05x0625.nc4
1471.690,hit,false,0.000,0,263.746,186,GEOS_0.5x0.625/MERRA2/2019/07/MERRA2.20190701.A3mstC.05x0625.nc4
1471.726,hit,false,0.000,0,263.779,187,GEOS_0.5x0.625/MERRA2/2019/07/MERRA2.20190701.A3mstC.05x0625.nc4
1471.753,hit,false,0.000,0,263.806,187,GEOS_0.5x0.625/MERRA2/2019/07/MERRA2.20190701.A3mstC.05x0625.nc4
1471.788,hit,false,0.000,0,263.841,187,GEOS_0.5x0.625/MERRA2/2019/07/MERRA2.20190701.A3mstC.05x0625.nc4
1471.814,hit,false,0.000,0,263.867,187,GEOS_0.5x0.625/MERRA2/2019/07/MERRA2.20190701.A3mstC.05x0625.nc4
1471.844,hit,false,0.000,0,263.897,187,GEOS_0.5x0.625/MERRA2/2019/07/MERRA2.20190701.A3mstC.05x0625.nc4
1471.876,hit,false,0.000,0,263.929,187,GEOS_0.5x0.625/MERRA2/2019/07/MERRA2.20190701.A3mstC.05x0625.nc4
1471.907,hit,false,0.000,0,263.959,187,GEOS_0.5x0.625/MERRA2/2019/07/MERRA2.20190701.A3mstC.05x0625.nc4
1471.936,hit,false,0.000,0,263.988,187,GEOS_0.5x0.625/MERRA2/2019/07/MERRA2.20190701.A3mstC.05x0625.nc4
1471.968,hit,false,0.000,0,264.018,188,GEOS_0.5x0.625/MERRA2/2019/07/MERRA2.20190701.A3mstC.05x0625.nc4
1471.996,hit,false,0.000,0,264.046,188,GEOS_0.5x0.625/MERRA2/2019/07/MERRA2.20190701.A3mstC.05x0625.nc4
1472.028,hit,false,0.000,0,264.078,188,GEOS_0.5x0.625/MERRA2/2019/07/MERRA2.20190701.A3mstC.05x0625.nc4
1472.054,hit,false,0.000,0,264.104,188,GEOS_0.5x0.625/MERRA2/2019/07/MERRA2.20190701.A3mstC.05x0625.nc4
1472.086,hit,false,0.000,0,264.136,188,GEOS_0.5x0.625/MERRA2/2019/07/MERRA2.20190701.A3mstC.05x0625.nc4
1472.118,hit,false,0.000,0,264.168,188,GEOS_0.5x0.625/MERRA2/2019/07/MERRA2.20190701.A3mstC.05x0625.nc4
1472.148,hit,false,0.000,0,264.199,188,GEOS_0.5x0.625/MERRA2/2019/07/MERRA2.20190701.A3mstC.05x0625.nc4
1472.179,hit,false,0.000,0,264.229,188,GEOS_0.5x0.625/MERRA2/2019/07/MERRA2.20190701.A3mstC.05x0625.nc4
1472.209,hit,false,0.000,0,264.256,189,GEOS_0.5x0.625/MERRA2/2019/07/MERRA2.20190701.A3mstC.05x0625.nc4
1472.242,hit,false,0.000,0,264.289,189,GEOS_0.5x0.625/MERRA2/2019/07/MERRA2.20190701.A3mstC.05x0625.nc4
1472.272,hit,false,0.000,0,264.320,189,GEOS_0.5x0.625/MERRA2/2019/07/MERRA2.20190701.A3mstC.05x0625.nc4
1472.296,hit,false,0.000,0,264.343,189,GEOS_0.5x0.625/MERRA2/2019/07/MERRA2.20190701.A3mstC.05x0625.nc4
1472.334,hit,false,0.000,0,264.382,189,GEOS_0.5x0.625/MERRA2/2019/07/MERRA2.20190701.A3mstC.05x0625.nc4
1472.358,hit,false,0.000,0,264.406,189,GEOS_0.5x0.625/MERRA2/2019/07/MERRA2.20190701.A3mstC.05x0625.nc4
1472.397,hit,false,0.000,0,264.444,189,GEOS_0.5x0.625/MERRA2/2019/07/MERRA2.20190701.A3mstC.05x0625.nc4
1472.420,hit,false,0.000,0,264.468,189,GEOS_0.5x0.625/MERRA2/2019/07/MERRA2.20190701.A3mstC.05x0625.nc4
1472.460,hit,false,0.000,0,264.505,190,GEOS_0.5x0.625/MERRA2/2019/07/MERRA2.20190701.A3mstC.05x0625.nc4
1472.485,hit,false,0.000,0,264.531,190,GEOS_0.5x0.625/MERRA2/2019/07/MERRA2.20190701.A3mstC.05x0625.nc4
1472.523,hit,false,0.000,0,264.569,190,GEOS_0.5x0.625/MERRA2/2019/07/MERRA2.20190701.A3mstC.05x0625.nc4
1472.546,hit,false,0.000,0,264.592,190,GEOS_0.5x0.625/MERRA2/2019/07/MERRA2.20190701.A3mstC.05x0625.nc4
1472.586,hit,false,0.000,0,264.631,190,GEOS_0.5x0.625/MERRA2/2019/07/MERRA2.20190701.A3mstC.05x0625.nc4
1472.610,hit,false,0.000,0,264.655,190,GEOS_0.5x0.625/MERRA2/2019/07/MERRA2.20190701.A3mstC.05x0625.nc4
1472.647,hit,false,0.000,0,264.692,190,GEOS_0.5x0.625/MERRA2/2019/07/MERRA2.20190701.A3mstC.05x0625.nc4
1472.670,hit,false,0.000,0,264.716,190,GEOS_0.5x0.625/MERRA2/2019/07/MERRA2.20190701.A3mstC.05x0625.nc4
1472.708,hit,false,0.000,0,264.752,191,GEOS_0.5x0.625/MERRA2/2019/07/MERRA2.20190701.A3mstC.05x0625.nc4
1472.735,hit,false,0.000,0,264.779,191,GEOS_0.5x0.625/MERRA2/2019/07/MERRA2.20190701.A3mstC.05x0625.nc4
1472.767,hit,false,0.000,0,264.811,191,GEOS_0.5x0.625/MERRA2/2019/07/MERRA2.20190701.A3mstC.05x0625.nc4
1472.793,hit,false,0.000,0,264.837,191,GEOS_0.5x0.625/MERRA2/2019/07/MERRA2.20190701.A3mstC.05x0625.nc4
1472.827,hit,false,0.000,0,264.870,191,GEOS_0.5x0.625/MERRA2/2019/07/MERRA2.20190701.A3mstC.05x0625.nc4
1472.851,hit,false,0.000,0,264.895,191,GEOS_0.5x0.625/MERRA2/2019/07/MERRA2.20190701.A3mstC.05x0625.nc4
1472.885,hit,false,0.000,0,264.929,191,GEOS_0.5x0.625/MERRA2/2019/07/MERRA2.20190701.A3mstC.05x0625.nc4
1472.915,hit,false,0.000,0,264.959,191,GEOS_0.5x0.625/MERRA2/2019/07/MERRA2.20190701.A3mstC.05x0625.nc4
1473.036,hit,false,0.000,0,265.485,192,GEOS_0.5x0.625/MERRA2/2019/07/MERRA2.20190701.A3mstC.05x0625.nc4
1473.063,hit,false,0.000,0,265.511,192,GEOS_0.5x0.625/MERRA2/2019/07/MERRA2.20190701.A3mstC.05x0625.nc4
1473.106,hit,false,0.000,0,265.554,192,GEOS_0.5x0.625/MERRA2/2019/07/MERRA2.20190701.A3mstC.05x0625.nc4
1473.130,hit,false,0.000,0,265.579,192,GEOS_0.5x0.625/MERRA2/2019/07/MERRA2.20190701.A3mstC.05x0625.nc4
1473.175,hit,false,0.000,0,265.623,192,GEOS_0.5x0.625/MERRA2/2019/07/MERRA2.20190701.A3mstC.05x0625.nc4
1473.199,hit,false,0.000,0,265.647,192,GEOS_0.5x0.625/MERRA2/2019/07/MERRA2.20190701.A3mstC.05x0625.nc4
1473.244,hit,false,0.000,0,265.693,192,GEOS_0.5x0.625/MERRA2/2019/07/MERRA2.20190701.A3mstC.05x0625.nc4
1473.268,hit,false,0.000,0,265.716,192,GEOS_0.5x0.625/MERRA2/2019/07/MERRA2.20190701.A3mstC.05x0625.nc4
1473.312,hit,false,0.000,0,265.757,193,GEOS_0.5x0.625/MERRA2/2019/07/MERRA2.20190701.A3mstC.05x0625.nc4
1473.338,hit,false,0.000,0,265.782,193,GEOS_0.5x0.625/MERRA2/2019/07/MERRA2.20190701.A3mstC.05x0625.nc4
1473.371,hit,false,0.000,0,265.815,193,GEOS_0.5x0.625/MERRA2/2019/07/MERRA2.20190701.A3mstC.05x0625.nc4
1473.397,hit,false,0.000,0,265.841,193,GEOS_0.5x0.625/MERRA2/2019/07/MERRA2.20190701.A3mstC.05x0625.nc4
1473.430,hit,false,0.000,0,265.875,193,GEOS_0.5x0.625/MERRA2/2019/07/MERRA2.20190701.A3mstC.05x0625.nc4
1473.454,hit,false,0.000,0,265.898,193,GEOS_0.5x0.625/MERRA2/2019/07/MERRA2.20190701.A3mstC.05x0625.nc4
1473.488,hit,false,0.000,0,265.933,193,GEOS_0.5x0.625/MERRA2/2019/07/MERRA2.20190701.A3mstC.05x0625.nc4
1473.514,hit,false,0.000,0,265.959,193,GEOS_0.5x0.625/MERRA2/2019/07/MERRA2.20190701.A3mstC.05x0625.nc4
1473.548,hit,false,0.000,0,265.991,194,GEOS_0.5x0.625/MERRA2/2019/07/MERRA2.20190701.A3mstC.05x0625.nc4
1473.584,hit,false,0.000,0,266.027,194,GEOS_0.5x0.625/MERRA2/2019/07/MERRA2.20190701.A3mstC.05x0625.nc4
1473.618,hit,false,0.000,0,266.061,194,GEOS_0.5x0.625/MERRA2/2019/07/MERRA2.20190701.A3mstC.05x0625.nc4
1473.655,hit,false,0.000,0,266.098,194,GEOS_0.5x0.625/MERRA2/2019/07/MERRA2.20190701.A3mstC.05x0625.nc4
1473.686,hit,false,0.000,0,266.129,194,GEOS_0.5x0.625/MERRA2/2019/07/MERRA2.20190701.A3mstC.05x0625.nc4
1473.723,hit,false,0.000,0,266.166,194,GEOS_0.5x0.625/MERRA2/2019/07/MERRA2.20190701.A3mstC.05x0625.nc4
1473.750,hit,false,0.000,0,266.193,194,GEOS_0.5x0.625/MERRA2/2019/07/MERRA2.20190701.A3mstC.05x0625.nc4
1473.779,hit,false,0.000,0,266.222,194,GEOS_0.5x0.625/MERRA2/2019/07/MERRA2.20190701.A3mstC.05x0625.nc4
1473.807,hit,false,0.000,0,266.247,195,GEOS_0.5x0.625/MERRA2/2019/07/MERRA2.20190701.A3mstC.05x0625.nc4
1473.863,hit,false,0.000,0,266.303,195,GEOS_0.5x0.625/MERRA2/2019/07/MERRA2.20190701.A3mstC.05x0625.nc4
1473.885,hit,false,0.000,0,266.325,195,GEOS_0.5x0.625/MERRA2/2019/07/MERRA2.20190701.A3mstC.05x0625.nc4
1473.935,hit,false,0.000,0,266.375,195,GEOS_0.5x0.625/MERRA2/2019/07/MERRA2.20190701.A3mstC.05x0625.nc4
1473.958,hit,false,0.000,0,266.398,195,GEOS_0.5x0.625/MERRA2/2019/07/MERRA2.20190701.A3mstC.05x0625.nc4
1473.996,hit,false,0.000,0,266.436,195,GEOS_0.5x0.625/MERRA2/2019/07/MERRA2.20190701.A3mstC.05x0625.nc4
1474.023,hit,false,0.000,0,266.463,195,GEOS_0.5x0.625/MERRA2/2019/07/MERRA2.20190701.A3mstC.05x0625.nc4
1474.053,hit,false,0.000,0,266.493,195,GEOS_0.5x0.625/MERRA2/2019/07/MERRA2.20190701.A3mstC.05x0625.nc4
1474.083,hit,false,0.000,0,266.519,196,GEOS_0.5x0.625/MERRA2/2019/07/MERRA2.20190701.A3mstC.05x0625.nc4
1474.121,hit,false,0.000,0,266.557,196,GEOS_0.5x0.625/MERRA2/2019/07/MERRA2.20190701.A3mstC.05x0625.nc4
1474.154,hit,false,0.000,0,266.590,196,GEOS_0.5x0.625/MERRA2/2019/07/MERRA2.20190701.A3mstC.05x0625.nc4
1474.184,hit,false,0.000,0,266.620,196,GEOS_0.5x0.625/MERRA2/2019/07/MERRA2.20190701.A3mstC.05x0625.nc4
1474.216,hit,false,0.000,0,266.652,196,GEOS_0.5x0.625/MERRA2/2019/07/MERRA2.20190701.A3mstC.05x0625.nc4
1474.247,hit,false,0.000,0,266.683,196,GEOS_0.5x0.625/MERRA2/2019/07/MERRA2.20190701.A3mstC.05x0625.nc4
1474.281,hit,false,0.000,0,266.717,196,GEOS_0.5x0.625/MERRA2/2019/07/MERRA2.20190701.A3mstC.05x0625.nc4
1474.306,hit,false,0.000,0,266.742,196,GEOS_0.5x0.625/MERRA2/2019/07/MERRA2.20190701.A3mstC.05x0625.nc4
1474.345,hit,false,0.000,0,266.777,197,GEOS_0.5x0.625/MERRA2/2019/07/MERRA2.20190701.A3mstC.05x0625.nc4
1474.376,hit,false,0.000,0,266.808,197,GEOS_0.5x0.625/MERRA2/2019/07/MERRA2.20190701.A3mstC.05x0625.nc4
1474.394,hit,false,0.000,0,266.826,197,GEOS_0.5x0.625/MERRA2/2019/07/MERRA2.20190701.A3mstC.05x0625.nc4
1474.449,hit,false,0.000,0,266.881,197,GEOS_0.5x0.625/MERRA2/2019/07/MERRA2.20190701.A3mstC.05x0625.nc4
1474.472,hit,false,0.000,0,266.904,197,GEOS_0.5x0.625/MERRA2/2019/07/MERRA2.20190701.A3mstC.05x0625.nc4
1474.510,hit,false,0.000,0,266.942,197,GEOS_0.5x0.625/MERRA2/2019/07/MERRA2.20190701.A3mstC.05x0625.nc4
1474.533,hit,false,0.000,0,266.965,197,GEOS_0.5x0.625/MERRA2/2019/07/MERRA2.20190701.A3mstC.05x0625.nc4
1474.568,hit,false,0.000,0,267.000,197,GEOS_0.5x0.625/MERRA2/2019/07/MERRA2.20190701.A3mstC.05x0625.nc4
1474.596,hit,false,0.000,0,267.026,198,GEOS_0.5x0.625/MERRA2/2019/07/MERRA2.20190701.A3mstC.05x0625.nc4
1474.633,hit,false,0.000,0,267.063,198,GEOS_0.5x0.625/MERRA2/2019/07/MERRA2.20190701.A3mstC.05x0625.nc4
1474.659,hit,false,0.000,0,267.089,198,GEOS_0.5x0.625/MERRA2/2019/07/MERRA2.20190701.A3mstC.05x0625.nc4
1474.694,hit,false,0.000,0,267.125,198,GEOS_0.5x0.625/MERRA2/2019/07/MERRA2.20190701.A3mstC.05x0625.nc4
1474.721,hit,false,0.000,0,267.151,198,GEOS_0.5x0.625/MERRA2/2019/07/MERRA2.20190701.A3mstC.05x0625.nc4
1474.755,hit,false,0.000,0,267.186,198,GEOS_0.5x0.625/MERRA2/2019/07/MERRA2.20190701.A3mstC.05x0625.nc4
1474.782,hit,false,0.000,0,267.212,198,GEOS_0.5x0.625/MERRA2/2019/07/MERRA2.20190701.A3mstC.05x0625.nc4
1474.816,hit,false,0.000,0,267.247,198,GEOS_0.5x0.625/MERRA2/2019/07/MERRA2.20190701.A3mstC.05x0625.nc4
1474.840,hit,false,0.000,0,267.269,199,GEOS_0.5x0.625/MERRA2/2019/07/MERRA2.20190701.A3mstC.05x0625.nc4
1474.882,hit,false,0.000,0,267.311,199,GEOS_0.5x0.625/MERRA2/2019/07/MERRA2.20190701.A3mstC.05x0625.nc4
1474.906,hit,false,0.000,0,267.335,199,GEOS_0.5x0.625/MERRA2/2019/07/MERRA2.20190701.A3mstC.05x0625.nc4
1474.941,hit,false,0.000,0,267.369,199,GEOS_0.5x0.625/MERRA2/2019/07/MERRA2.20190701.A3mstC.05x0625.nc4
1474.968,hit,false,0.000,0,267.397,199,GEOS_0.5x0.625/MERRA2/2019/07/MERRA2.20190701.A3mstC.05x0625.nc4
1475.002,hit,false,0.000,0,267.431,199,GEOS_0.5x0.625/MERRA2/2019/07/MERRA2.20190701.A3mstC.05x0625.nc4
1475.029,hit,false,0.000,0,267.458,199,GEOS_0.5x0.625/MERRA2/2019/07/MERRA2.20190701.A3mstC.05x0625.nc4
1475.148,hit,false,0.000,0,267.577,199,GEOS_0.5x0.625/MERRA2/2019/07/MERRA2.20190701.A3mstC.05x0625.nc4
1475.171,hit,false,0.000,0,267.565,200,GEOS_0.5x0.625/MERRA2/2019/07/MERRA2.20190701.A3mstC.05x0625.nc4
1475.212,hit,false,0.000,0,267.606,200,GEOS_0.5x0.625/MERRA2/2019/07/MERRA2.20190701.A3mstC.05x0625.nc4
1475.246,hit,false,0.000,0,267.640,200,GEOS_0.5x0.625/MERRA2/2019/07/MERRA2.20190701.A3mstC.05x0625.nc4
1475.278,hit,false,0.000,0,267.672,200,GEOS_0.5x0.625/MERRA2/2019/07/MERRA2.20190701.A3mstC.05x0625.nc4
1475.316,hit,false,0.000,0,267.710,200,GEOS_0.5x0.625/MERRA2/2019/07/MERRA2.20190701.A3mstC.05x0625.nc4
1475.339,hit,false,0.000,0,267.733,200,GEOS_0.5x0.625/MERRA2/2019/07/MERRA2.20190701.A3mstC.05x0625.nc4
1475.380,hit,false,0.000,0,267.774,200,GEOS_0.5x0.625/MERRA2/2019/07/MERRA2.20190701.A3mstC.05x0625.nc4
1475.404,hit,false,0.000,0,267.798,200,GEOS_0.5x0.625/MERRA2/2019/07/MERRA2.20190701.A3mstC.05x0625.nc4
1475.441,hit,false,0.000,0,267.831,201,GEOS_0.5x0.625/MERRA2/2019/07/MERRA2.20190701.A3mstC.05x0625.nc4
1475.469,hit,false,0.000,0,267.859,201,GEOS_0.5x0.625/MERRA2/2019/07/MERRA2.20190701.A3mstC.05x0625.nc4
1475.505,hit,false,0.000,0,267.895,201,GEOS_0.5x0.625/MERRA2/2019/07/MERRA2.20190701.A3mstC.05x0625.nc4
1475.530,hit,false,0.000,0,267.920,201,GEOS_0.5x0.625/MERRA2/2019/07/MERRA2.20190701.A3mstC.05x0625.nc4
1475.570,hit,false,0.000,0,267.960,201,GEOS_0.5x0.625/MERRA2/2019/07/MERRA2.20190701.A3mstC.05x0625.nc4
1475.594,hit,false,0.000,0,267.984,201,GEOS_0.5x0.625/MERRA2/2019/07/MERRA2.20190701.A3mstC.05x0625.nc4
1475.630,hit,false,0.000,0,268.020,201,GEOS_0.5x0.625/MERRA2/2019/07/MERRA2.20190701.A3mstC.05x0625.nc4
1475.656,hit,false,0.000,0,268.046,201,GEOS_0.5x0.625/MERRA2/2019/07/MERRA2.20190701.A3mstC.05x0625.nc4
1475.697,hit,false,0.000,0,268.084,202,GEOS_0.5x0.625/MERRA2/2019/07/MERRA2.20190701.A3mstC.05x0625.nc4
1475.722,hit,false,0.000,0,268.110,202,GEOS_0.5x0.625/MERRA2/2019/07/MERRA2.20190701.A3mstC.05x0625.nc4
1475.763,hit,false,0.000,0,268.150,202,GEOS_0.5x0.625/MERRA2/2019/07/MERRA2.20190701.A3mstC.05x0625.nc4
1475.786,hit,false,0.000,0,268.173,202,GEOS_0.5x0.625/MERRA2/2019/07/MERRA2.20190701.A3mstC.05x0625.nc4
1475.825,hit,false,0.000,0,268.212,202,GEOS_0.5x0.625/MERRA2/2019/07/MERRA2.20190701.A3mstC.05x0625.nc4
1475.860,hit,false,0.000,0,268.248,202,GEOS_0.5x0.625/MERRA2/2019/07/MERRA2.20190701.A3mstC.05x0625.nc4
1475.888,hit,false,0.000,0,268.275,202,GEOS_0.5x0.625/MERRA2/2019/07/MERRA2.20190701.A3mstC.05x0625.nc4
1475.921,hit,false,0.000,0,268.309,202,GEOS_0.5x0.625/MERRA2/2019/07/MERRA2.20190701.A3mstC.05x0625.nc4
1475.952,hit,false,0.000,0,268.338,203,GEOS_0.5x0.625/MERRA2/2019/07/MERRA2.20190701.A3mstC.05x0625.nc4
1475.979,hit,false,0.000,0,268.365,203,GEOS_0.5x0.625/MERRA2/2019/07/MERRA2.20190701.A3mstC.05x0625.nc4
1476.015,hit,false,0.000,0,268.401,203,GEOS_0.5x0.625/MERRA2/2019/07/MERRA2.20190701.A3mstC.05x0625.nc4
1476.041,hit,false,0.000,0,268.427,203,GEOS_0.5x0.625/MERRA2/2019/07/MERRA2.20190701.A3mstC.05x0625.nc4
1476.079,hit,false,0.000,0,268.464,203,GEOS_0.5x0.625/MERRA2/2019/07/MERRA2.20190701.A3mstC.05x0625.nc4
1476.101,hit,false,0.000,0,268.487,203,GEOS_0.5x0.625/MERRA2/2019/07/MERRA2.20190701.A3mstC.05x0625.nc4
1476.140,hit,false,0.000,0,268.526,203,GEOS_0.5x0.625/MERRA2/2019/07/MERRA2.20190701.A3mstC.05x0625.nc4
1476.163,hit,false,0.000,0,268.548,203,GEOS_0.5x0.625/MERRA2/2019/07/MERRA2.20190701.A3mstC.05x0625.nc4
1476.198,hit,false,0.000,0,268.583,204,GEOS_0.5x0.625/MERRA2/2019/07/MERRA2.20190701.A3mstC.05x0625.nc4
1476.225,hit,false,0.000,0,268.609,204,GEOS_0.5x0.625/MERRA2/2019/07/MERRA2.20190701.A3mstC.05x0625.nc4
1476.262,hit,false,0.000,0,268.646,204,GEOS_0.5x0.625/MERRA2/2019/07/MERRA2.20190701.A3mstC.05x0625.nc4
1476.286,hit,false,0.000,0,268.670,204,GEOS_0.5x0.625/MERRA2/2019/07/MERRA2.20190701.A3mstC.05x0625.nc4
1476.319,hit,false,0.000,0,268.703,204,GEOS_0.5x0.625/MERRA2/2019/07/MERRA2.20190701.A3mstC.05x0625.nc4
1476.348,hit,false,0.000,0,268.732,204,GEOS_0.5x0.625/MERRA2/2019/07/MERRA2.20190701.A3mstC.05x0625.nc4
1476.380,hit,false,0.000,0,268.764,204,GEOS_0.5x0.625/MERRA2/2019/07/MERRA2.20190701.A3mstC.05x0625.nc4
1476.403,hit,false,0.000,0,268.787,204,GEOS_0.5x0.625/MERRA2/2019/07/MERRA2.20190701.A3mstC.05x0625.nc4
1476.438,hit,false,0.000,0,268.820,205,GEOS_0.5x0.625/MERRA2/2019/07/MERRA2.20190701.A3mstC.05x0625.nc4
1476.468,hit,false,0.000,0,268.850,205,GEOS_0.5x0.625/MERRA2/2019/07/MERRA2.20190701.A3mstC.05x0625.nc4
1476.499,hit,false,0.000,0,268.882,205,GEOS_0.5x0.625/MERRA2/2019/07/MERRA2.20190701.A3mstC.05x0625.nc4
1476.533,hit,false,0.000,0,268.916,205,GEOS_0.5x0.625/MERRA2/2019/07/MERRA2.20190701.A3mstC.05x0625.nc4
1476.562,hit,false,0.000,0,268.944,205,GEOS_0.5x0.625/MERRA2/2019/07/MERRA2.20190701.A3mstC.05x0625.nc4
1476.595,hit,false,0.000,0,268.978,205,GEOS_0.5x0.625/MERRA2/2019/07/MERRA2.20190701.A3mstC.05x0625.nc4
1476.625,hit,false,0.000,0,269.008,205,GEOS_0.5x0.625/MERRA2/2019/07/MERRA2.20190701.A3mstC.05x0625.nc4
1476.658,hit,false,0.000,0,269.040,205,GEOS_0.5x0.625/MERRA2/2019/07/MERRA2.20190701.A3mstC.05x0625.nc4
1476.683,hit,false,0.000,0,269.064,206,GEOS_0.5x0.625/MERRA2/2019/07/MERRA2.20190701.A3mstC.05x0625.nc4
1476.770,hit,false,0.000,0,269.151,206,GEOS_0.5x0.625/MERRA2/2019/07/MERRA2.20190701.A3mstC.05x0625.nc4
1476.809,hit,false,0.000,0,269.190,206,GEOS_0.5x0.625/MERRA2/2019/07/MERRA2.20190701.A3mstC.05x0625.nc4
1476.836,hit,false,0.000,0,269.217,206,GEOS_0.5x0.625/MERRA2/2019/07/MERRA2.20190701.A3mstC.05x0625.nc4
1476.879,hit,false,0.000,0,269.260,206,GEOS_0.5x0.625/MERRA2/2019/07/MERRA2.20190701.A3mstC.05x0625.nc4
1476.902,hit,false,0.000,0,269.283,206,GEOS_0.5x0.625/MERRA2/2019/07/MERRA2.20190701.A3mstC.05x0625.nc4
1476.943,hit,false,0.000,0,269.325,206,GEOS_0.5x0.625/MERRA2/2019/07/MERRA2.20190701.A3mstC.05x0625.nc4
1476.966,hit,false,0.000,0,269.347,206,GEOS_0.5x0.625/MERRA2/2019/07/MERRA2.20190701.A3mstC.05x0625.nc4
1477.005,hit,false,0.000,0,269.385,207,GEOS_0.5x0.625/MERRA2/2019/07/MERRA2.20190701.A3mstC.05x0625.nc4
1477.061,hit,false,0.000,0,269.440,207,GEOS_0.5x0.625/MERRA2/2019/07/MERRA2.20190701.A3mstC.05x0625.nc4
1477.082,hit,false,0.000,0,269.461,207,GEOS_0.5x0.625/MERRA2/2019/07/MERRA2.20190701.A3mstC.05x0625.nc4
1477.136,hit,false,0.000,0,269.515,207,GEOS_0.5x0.625/MERRA2/2019/07/MERRA2.20190701.A3mstC.05x0625.nc4
1477.155,hit,false,0.000,0,269.535,207,GEOS_0.5x0.625/MERRA2/2019/07/MERRA2.20190701.A3mstC.05x0625.nc4
1477.201,hit,false,0.000,0,269.580,207,GEOS_0.5x0.625/MERRA2/2019/07/MERRA2.20190701.A3mstC.05x0625.nc4
1477.305,hit,false,0.000,0,269.685,207,GEOS_0.5x0.625/MERRA2/2019/07/MERRA2.20190701.A3mstC.05x0625.nc4
1477.330,hit,false,0.000,0,269.709,207,GEOS_0.5x0.625/MERRA2/2019/07/MERRA2.20190701.A3mstC.05x0625.nc4
1477.363,hit,false,0.000,0,269.777,208,GEOS_0.5x0.625/MERRA2/2019/07/MERRA2.20190701.A3mstC.05x0625.nc4
1477.393,hit,false,0.000,0,269.807,208,GEOS_0.5x0.625/MERRA2/2019/07/MERRA2.20190701.A3mstC.05x0625.nc4
1477.439,hit,false,0.000,0,269.853,208,GEOS_0.5x0.625/MERRA2/2019/07/MERRA2.20190701.A3mstC.05x0625.nc4
1477.462,hit,false,0.000,0,269.876,208,GEOS_0.5x0.625/MERRA2/2019/07/MERRA2.20190701.A3mstC.05x0625.nc4
1477.502,hit,false,0.000,0,269.916,208,GEOS_0.5x0.625/MERRA2/2019/07/MERRA2.20190701.A3mstC.05x0625.nc4
1477.530,hit,false,0.000,0,269.944,208,GEOS_0.5x0.625/MERRA2/2019/07/MERRA2.20190701.A3mstC.05x0625.nc4
1477.567,hit,false,0.000,0,269.981,208,GEOS_0.5x0.625/MERRA2/2019/07/MERRA2.20190701.A3mstC.05x0625.nc4
1477.592,hit,false,0.000,0,270.006,208,GEOS_0.5x0.625/MERRA2/2019/07/MERRA2.20190701.A3mstC.05x0625.nc4
1477.631,hit,false,0.000,0,270.042,209,GEOS_0.5x0.625/MERRA2/2019/07/MERRA2.20190701.A3mstC.05x0625.nc4
1477.661,hit,false,0.000,0,270.073,209,GEOS_0.5x0.625/MERRA2/2019/07/MERRA2.20190701.A3mstC.05x0625.nc4
1477.694,hit,false,0.000,0,270.106,209,GEOS_0.5x0.625/MERRA2/2019/07/MERRA2.20190701.A3mstC.05x0625.nc4
1477.726,hit,false,0.000,0,270.138,209,GEOS_0.5x0.625/MERRA2/2019/07/MERRA2.20190701.A3mstC.05x0625.nc4
1477.759,hit,false,0.000,0,270.171,209,GEOS_0.5x0.625/MERRA2/2019/07/MERRA2.20190701.A3mstC.05x0625.nc4
1477.792,hit,false,0.000,0,270.204,209,GEOS_0.5x0.625/MERRA2/2019/07/MERRA2.20190701.A3mstC.05x0625.nc4
1477.824,hit,false,0.000,0,270.236,209,GEOS_0.5x0.625/MERRA2/2019/07/MERRA2.20190701.A3mstC.05x0625.nc4
1477.871,hit,false,0.000,0,270.282,209,GEOS_0.5x0.625/MERRA2/2019/07/MERRA2.20190701.A3mstC.05x0625.nc4
1477.895,hit,false,0.000,0,270.304,210,GEOS_0.5x0.625/MERRA2/2019/07/MERRA2.20190701.A3mstC.05x0625.nc4
1477.937,hit,false,0.000,0,270.346,210,GEOS_0.5x0.625/MERRA2/2019/07/MERRA2.20190701.A3mstC.05x0625.nc4
1477.960,hit,false,0.000,0,270.369,210,GEOS_0.5x0.625/MERRA2/2019/07/MERRA2.20190701.A3mstC.05x0625.nc4
1477.998,hit,false,0.000,0,270.407,210,GEOS_0.5x0.625/MERRA2/2019/07/MERRA2.20190701.A3mstC.05x0625.nc4
1478.025,hit,false,0.000,0,270.434,210,GEOS_0.5x0.625/MERRA2/2019/07/MERRA2.20190701.A3mstC.05x0625.nc4
1478.062,hit,false,0.000,0,270.471,210,GEOS_0.5x0.625/MERRA2/2019/07/MERRA2.20190701.A3mstC.05x0625.nc4
1478.096,hit,false,0.000,0,270.505,210,GEOS_0.5x0.625/MERRA2/2019/07/MERRA2.20190701.A3mstC.05x0625.nc4
1478.126,hit,false,0.000,0,270.535,210,GEOS_0.5x0.625/MERRA2/2019/07/MERRA2.20190701.A3mstC.05x0625.nc4
1478.161,hit,false,0.000,0,270.525,211,GEOS_0.5x0.625/MERRA2/2019/07/MERRA2.20190701.A3mstC.05x0625.nc4
1478.187,hit,false,0.000,0,270.551,211,GEOS_0.5x0.625/MERRA2/2019/07/MERRA2.20190701.A3mstC.05x0625.nc4
1478.232,hit,false,0.000,0,270.596,211,GEOS_0.5x0.625/MERRA2/2019/07/MERRA2.20190701.A3mstC.05x0625.nc4
1478.256,hit,false,0.000,0,270.620,211,GEOS_0.5x0.625/MERRA2/2019/07/MERRA2.20190701.A3mstC.05x0625.nc4
1478.293,hit,false,0.000,0,270.657,211,GEOS_0.5x0.625/MERRA2/2019/07/MERRA2.20190701.A3mstC.05x0625.nc4
1478.319,hit,false,0.000,0,270.684,211,GEOS_0.5x0.625/MERRA2/2019/07/MERRA2.20190701.A3mstC.05x0625.nc4
1478.355,hit,false,0.000,0,270.720,211,GEOS_0.5x0.625/MERRA2/2019/07/MERRA2.20190701.A3mstC.05x0625.nc4
1478.387,hit,false,0.000,0,270.751,211,GEOS_0.5x0.625/MERRA2/2019/07/MERRA2.20190701.A3mstC.05x0625.nc4
1478.420,hit,false,0.000,0,270.783,212,GEOS_0.5x0.625/MERRA2/2019/07/MERRA2.20190701.A3mstC.05x0625.nc4
1478.455,hit,false,0.000,0,270.817,212,GEOS_0.5x0.625/MERRA2/2019/07/MERRA2.20190701.A3mstC.05x0625.nc4
1478.485,hit,false,0.000,0,270.848,212,GEOS_0.5x0.625/MERRA2/2019/07/MERRA2.20190701.A3mstC.05x0625.nc4
1478.517,hit,false,0.000,0,270.880,212,GEOS_0.5x0.625/MERRA2/2019/07/MERRA2.20190701.A3mstC.05x0625.nc4
1478.545,hit,false,0.000,0,270.908,212,GEOS_0.5x0.625/MERRA2/2019/07/MERRA2.20190701.A3mstC.05x0625.nc4
1478.579,hit,false,0.000,0,270.941,212,GEOS_0.5x0.625/MERRA2/2019/07/MERRA2.20190701.A3mstC.05x0625.nc4
1478.605,hit,false,0.000,0,270.968,212,GEOS_0.5x0.625/MERRA2/2019/07/MERRA2.20190701.A3mstC.05x0625.nc4
1478.643,hit,false,0.000,0,271.005,212,GEOS_0.5x0.625/MERRA2/2019/07/MERRA2.20190701.A3mstC.05x0625.nc4
1478.672,hit,false,0.000,0,271.032,213,GEOS_0.5x0.625/MERRA2/2019/07/MERRA2.20190701.A3mstC.05x0625.nc4
1478.706,hit,false,0.000,0,271.066,213,GEOS_0.5x0.625/MERRA2/2019/07/MERRA2.20190701.A3mstC.05x0625.nc4
1478.736,hit,false,0.000,0,271.095,213,GEOS_0.5x0.625/MERRA2/2019/07/MERRA2.20190701.A3mstC.05x0625.nc4
1478.771,hit,false,0.000,0,271.130,213,GEOS_0.5x0.625/MERRA2/2019/07/MERRA2.20190701.A3mstC.05x0625.nc4
1478.795,hit,false,0.000,0,271.154,213,GEOS_0.5x0.625/MERRA2/2019/07/MERRA2.20190701.A3mstC.05x0625.nc4
1478.837,hit,false,0.000,0,271.196,213,GEOS_0.5x0.625/MERRA2/2019/07/MERRA2.20190701.A3mstC.05x0625.nc4
1478.860,hit,false,0.000,0,271.220,213,GEOS_0.5x0.625/MERRA2/2019/07/MERRA2.20190701.A3mstC.05x0625.nc4
1478.897,hit,false,0.000,0,271.256,213,GEOS_0.5x0.625/MERRA2/2019/07/MERRA2.20190701.A3mstC.05x0625.nc4
1478.924,hit,false,0.000,0,271.281,214,GEOS_0.5x0.625/MERRA2/2019/07/MERRA2.20190701.A3mstC.05x0625.nc4
1478.965,hit,false,0.000,0,271.323,214,GEOS_0.5x0.625/MERRA2/2019/07/MERRA2.20190701.A3mstC.05x0625.nc4
1478.989,hit,false,0.000,0,271.347,214,GEOS_0.5x0.625/MERRA2/2019/07/MERRA2.20190701.A3mstC.05x0625.nc4
1479.031,hit,false,0.000,0,271.388,214,GEOS_0.5x0.625/MERRA2/2019/07/MERRA2.20190701.A3mstC.05x0625.nc4
1479.054,hit,false,0.000,0,271.412,214,GEOS_0.5x0.625/MERRA2/2019/07/MERRA2.20190701.A3mstC.05x0625.nc4
1479.101,hit,false,0.000,0,271.458,214,GEOS_0.5x0.625/MERRA2/2019/07/MERRA2.20190701.A3mstC.05x0625.nc4
1479.126,hit,false,0.000,0,271.484,214,GEOS_0.5x0.625/MERRA2/2019/07/MERRA2.20190701.A3mstC.05x0625.nc4
1479.168,hit,false,0.000,0,271.525,214,GEOS_0.5x0.625/MERRA2/2019/07/MERRA2.20190701.A3mstC.05x0625.nc4
1479.192,hit,false,0.000,0,271.548,215,GEOS_0.5x0.625/MERRA2/2019/07/MERRA2.20190701.A3mstC.05x0625.nc4
1479.236,hit,false,0.000,0,271.592,215,GEOS_0.5x0.625/MERRA2/2019/07/MERRA2.20190701.A3mstC.05x0625.nc4
1479.260,hit,false,0.000,0,271.616,215,GEOS_0.5x0.625/MERRA2/2019/07/MERRA2.20190701.A3mstC.05x0625.nc4
1479.297,hit,false,0.000,0,271.653,215,GEOS_0.5x0.625/MERRA2/2019/07/MERRA2.20190701.A3mstC.05x0625.nc4
1479.321,hit,false,0.000,0,271.677,215,GEOS_0.5x0.625/MERRA2/2019/07/MERRA2.20190701.A3mstC.05x0625.nc4
1479.447,hit,false,0.000,0,271.803,215,GEOS_0.5x0.625/MERRA2/2019/07/MERRA2.20190701.A3mstC.05x0625.nc4
1479.471,hit,false,0.000,0,271.827,215,GEOS_0.5x0.625/MERRA2/2019/07/MERRA2.20190701.A3mstC.05x0625.nc4
1479.506,hit,false,0.000,0,271.862,215,GEOS_0.5x0.625/MERRA2/2019/07/MERRA2.20190701.A3mstC.05x0625.nc4
1479.533,hit,false,0.000,0,271.949,216,GEOS_0.5x0.625/MERRA2/2019/07/MERRA2.20190701.A3mstC.05x0625.nc4
1479.572,hit,false,0.000,0,271.988,216,GEOS_0.5x0.625/MERRA2/2019/07/MERRA2.20190701.A3mstC.05x0625.nc4
1479.609,hit,false,0.000,0,272.025,216,GEOS_0.5x0.625/MERRA2/2019/07/MERRA2.20190701.A3mstC.05x0625.nc4
1479.634,hit,false,0.000,0,272.050,216,GEOS_0.5x0.625/MERRA2/2019/07/MERRA2.20190701.A3mstC.05x0625.nc4
1479.676,hit,false,0.000,0,272.092,216,GEOS_0.5x0.625/MERRA2/2019/07/MERRA2.20190701.A3mstC.05x0625.nc4
1479.699,hit,false,0.000,0,272.115,216,GEOS_0.5x0.625/MERRA2/2019/07/MERRA2.20190701.A3mstC.05x0625.nc4
1479.735,hit,false,0.000,0,272.151,216,GEOS_0.5x0.625/MERRA2/2019/07/MERRA2.20190701.A3mstC.05x0625.nc4
1479.763,hit,false,0.000,0,272.179,216,GEOS_0.5x0.625/MERRA2/2019/07/MERRA2.20190701.A3mstC.05x0625.nc4
1479.796,hit,false,0.000,0,272.209,217,GEOS_0.5x0.625/MERRA2/2019/07/MERRA2.20190701.A3mstC.05x0625.nc4
1479.824,hit,false,0.000,0,272.238,217,GEOS_0.5x0.625/MERRA2/2019/07/MERRA2.20190701.A3mstC.05x0625.nc4
1479.861,hit,false,0.000,0,272.274,217,GEOS_0.5x0.625/MERRA2/2019/07/MERRA2.20190701.A3mstC.05x0625.nc4
1479.887,hit,false,0.000,0,272.301,217,GEOS_0.5x0.625/MERRA2/2019/07/MERRA2.20190701.A3mstC.05x0625.nc4
1479.924,hit,false,0.000,0,272.337,217,GEOS_0.5x0.625/MERRA2/2019/07/MERRA2.20190701.A3mstC.05x0625.nc4
1479.950,hit,false,0.000,0,272.364,217,GEOS_0.5x0.625/MERRA2/2019/07/MERRA2.20190701.A3mstC.05x0625.nc4
1479.987,hit,false,0.000,0,272.401,217,GEOS_0.5x0.625/MERRA2/2019/07/MERRA2.20190701.A3mstC.05x0625.nc4
1480.011,hit,false,0.000,0,272.424,217,GEOS_0.5x0.625/MERRA2/2019/07/MERRA2.20190701.A3mstC.05x0625.nc4
1480.051,hit,false,0.000,0,272.102,218,GEOS_0.5x0.625/MERRA2/2019/07/MERRA2.20190701.A3mstC.05x0625.nc4
1480.077,hit,false,0.000,0,272.128,218,GEOS_0.5x0.625/MERRA2/2019/07/MERRA2.20190701.A3mstC.05x0625.nc4
1480.119,hit,false,0.000,0,272.170,218,GEOS_0.5x0.625/MERRA2/2019/07/MERRA2.20190701.A3mstC.05x0625.nc4
1480.142,hit,false,0.000,0,272.193,218,GEOS_0.5x0.625/MERRA2/2019/07/MERRA2.20190701.A3mstC.05x0625.nc4
1480.180,hit,false,0.000,0,272.231,218,GEOS_0.5x0.625/MERRA2/2019/07/MERRA2.20190701.A3mstC.05x0625.nc4
1480.207,hit,false,0.000,0,272.258,218,GEOS_0.5x0.625/MERRA2/2019/07/MERRA2.20190701.A3mstC.05x0625.nc4
1480.243,hit,false,0.000,0,272.294,218,GEOS_0.5x0.625/MERRA2/2019/07/MERRA2.20190701.A3mstC.05x0625.nc4
1480.270,hit,false,0.000,0,272.321,218,GEOS_0.5x0.625/MERRA2/2019/07/MERRA2.20190701.A3mstC.05x0625.nc4
1480.307,hit,false,0.000,0,272.356,219,GEOS_0.5x0.625/MERRA2/2019/07/MERRA2.20190701.A3mstC.05x0625.nc4
1480.335,hit,false,0.000,0,272.384,219,GEOS_0.5x0.625/MERRA2/2019/07/MERRA2.20190701.A3mstC.05x0625.nc4
1480.369,hit,false,0.000,0,272.418,219,GEOS_0.5x0.625/MERRA2/2019/07/MERRA2.20190701.A3mstC.05x0625.nc4
1480.398,hit,false,0.000,0,272.446,219,GEOS_0.5x0.625/MERRA2/2019/07/MERRA2.20190701.A3mstC.05x0625.nc4
1480.435,hit,false,0.000,0,272.483,219,GEOS_0.5x0.625/MERRA2/2019/07/MERRA2.20190701.A3mstC.05x0625.nc4
1480.458,hit,false,0.000,0,272.507,219,GEOS_0.5x0.625/MERRA2/2019/07/MERRA2.20190701.A3mstC.05x0625.nc4
1480.500,hit,false,0.000,0,272.548,219,GEOS_0.5x0.625/MERRA2/2019/07/MERRA2.20190701.A3mstC.05x0625.nc4
1480.523,hit,false,0.000,0,272.572,219,GEOS_0.5x0.625/MERRA2/2019/07/MERRA2.20190701.A3mstC.05x0625.nc4
1480.566,hit,false,0.000,0,272.611,220,GEOS_0.5x0.625/MERRA2/2019/07/MERRA2.20190701.A3mstC.05x0625.nc4
1480.590,hit,false,0.000,0,272.635,220,GEOS_0.5x0.625/MERRA2/2019/07/MERRA2.20190701.A3mstC.05x0625.nc4
1480.630,hit,false,0.000,0,272.675,220,GEOS_0.5x0.625/MERRA2/2019/07/MERRA2.20190701.A3mstC.05x0625.nc4
1480.653,hit,false,0.000,0,272.699,220,GEOS_0.5x0.625/MERRA2/2019/07/MERRA2.20190701.A3mstC.05x0625.nc4
1480.686,hit,false,0.000,0,272.732,220,GEOS_0.5x0.625/MERRA2/2019/07/MERRA2.20190701.A3mstC.05x0625.nc4
1480.712,hit,false,0.000,0,272.758,220,GEOS_0.5x0.625/MERRA2/2019/07/MERRA2.20190701.A3mstC.05x0625.nc4
1480.747,hit,false,0.000,0,272.793,220,GEOS_0.5x0.625/MERRA2/2019/07/MERRA2.20190701.A3mstC.05x0625.nc4
1480.772,hit,false,0.000,0,272.817,220,GEOS_0.5x0.625/MERRA2/2019/07/MERRA2.20190701.A3mstC.05x0625.nc4
1480.811,hit,false,0.000,0,272.854,221,GEOS_0.5x0.625/MERRA2/2019/07/MERRA2.20190701.A3mstC.05x0625.nc4
1480.836,hit,false,0.000,0,272.879,221,GEOS_0.5x0.625/MERRA2/2019/07/MERRA2.20190701.A3mstC.05x0625.nc4
1480.877,hit,false,0.000,0,272.920,221,GEOS_0.5x0.625/MERRA2/2019/07/MERRA2.20190701.A3mstC.05x0625.nc4
1480.900,hit,false,0.000,0,272.944,221,GEOS_0.5x0.625/MERRA2/2019/07/MERRA2.20190701.A3mstC.05x0625.nc4
1480.934,hit,false,0.000,0,272.977,221,GEOS_0.5x0.625/MERRA2/2019/07/MERRA2.20190701.A3mstC.05x0625.nc4
1480.961,hit,false,0.000,0,273.004,221,GEOS_0.5x0.625/MERRA2/2019/07/MERRA2.20190701.A3mstC.05x0625.nc4
1480.994,hit,false,0.000,0,273.038,221,GEOS_0.5x0.625/MERRA2/2019/07/MERRA2.20190701.A3mstC.05x0625.nc4
1481.018,hit,false,0.000,0,273.062,221,GEOS_0.5x0.625/MERRA2/2019/07/MERRA2.20190701.A3mstC.05x0625.nc4
1481.051,hit,false,0.000,0,273.082,222,GEOS_0.5x0.625/MERRA2/2019/07/MERRA2.20190701.A3mstC.05x0625.nc4
1481.080,hit,false,0.000,0,273.112,222,GEOS_0.5x0.625/MERRA2/2019/07/MERRA2.20190701.A3mstC.05x0625.nc4
1481.112,hit,false,0.000,0,273.143,222,GEOS_0.5x0.625/MERRA2/2019/07/MERRA2.20190701.A3mstC.05x0625.nc4
1481.138,hit,false,0.000,0,273.169,222,GEOS_0.5x0.625/MERRA2/2019/07/MERRA2.20190701.A3mstC.05x0625.nc4
1481.171,hit,false,0.000,0,273.202,222,GEOS_0.5x0.625/MERRA2/2019/07/MERRA2.20190701.A3mstC.05x0625.nc4
1481.197,hit,false,0.000,0,273.229,222,GEOS_0.5x0.625/MERRA2/2019/07/MERRA2.20190701.A3mstC.05x0625.nc4
1481.231,hit,false,0.000,0,273.262,222,GEOS_0.5x0.625/MERRA2/2019/07/MERRA2.20190701.A3mstC.05x0625.nc4
1481.257,hit,false,0.000,0,273.289,222,GEOS_0.5x0.625/MERRA2/2019/07/MERRA2.20190701.A3mstC.05x0625.nc4
1481.288,hit,false,0.000,0,273.318,223,GEOS_0.5x0.625/MERRA2/2019/07/MERRA2.20190701.A3mstC.05x0625.nc4
1481.318,hit,false,0.000,0,273.348,223,GEOS_0.5x0.625/MERRA2/2019/07/MERRA2.20190701.A3mstC.05x0625.nc4
1481.349,hit,false,0.000,0,273.379,223,GEOS_0.5x0.625/MERRA2/2019/07/MERRA2.20190701.A3mstC.05x0625.nc4
1481.380,hit,false,0.000,0,273.410,223,GEOS_0.5x0.625/MERRA2/2019/07/MERRA2.20190701.A3mstC.05x0625.nc4
1481.494,hit,false,0.000,0,273.524,223,GEOS_0.5x0.625/MERRA2/2019/07/MERRA2.20190701.A3mstC.05x0625.nc4
1481.516,hit,false,0.000,0,273.546,223,GEOS_0.5x0.625/MERRA2/2019/07/MERRA2.20190701.A3mstC.05x0625.nc4
1481.560,hit,false,0.000,0,273.590,223,GEOS_0.5x0.625/MERRA2/2019/07/MERRA2.20190701.A3mstC.05x0625.nc4
1481.583,hit,false,0.000,0,273.613,223,GEOS_0.5x0.625/MERRA2/2019/07/MERRA2.20190701.A3mstC.05x0625.nc4
1481.617,hit,false,0.000,0,273.995,224,GEOS_0.5x0.625/MERRA2/2019/07/MERRA2.20190701.A3mstC.05x0625.nc4
1481.646,hit,false,0.000,0,274.023,224,GEOS_0.5x0.625/MERRA2/2019/07/MERRA2.20190701.A3mstC.05x0625.nc4
1481.690,hit,false,0.000,0,274.067,224,GEOS_0.5x0.625/MERRA2/2019/07/MERRA2.20190701.A3mstC.05x0625.nc4
1481.717,hit,false,0.000,0,274.094,224,GEOS_0.5x0.625/MERRA2/2019/07/MERRA2.20190701.A3mstC.05x0625.nc4
1481.756,hit,false,0.000,0,274.134,224,GEOS_0.5x0.625/MERRA2/2019/07/MERRA2.20190701.A3mstC.05x0625.nc4
1481.786,hit,false,0.000,0,274.163,224,GEOS_0.5x0.625/MERRA2/2019/07/MERRA2.20190701.A3mstC.05x0625.nc4
1481.817,hit,false,0.000,0,274.194,224,GEOS_0.5x0.625/MERRA2/2019/07/MERRA2.20190701.A3mstC.05x0625.nc4
1481.849,hit,false,0.000,0,274.226,224,GEOS_0.5x0.625/MERRA2/2019/07/MERRA2.20190701.A3mstC.05x0625.nc4
1481.878,hit,false,0.000,0,274.234,225,GEOS_0.5x0.625/MERRA2/2019/07/MERRA2.20190701.A3mstC.05x0625.nc4
1481.916,hit,false,0.000,0,274.272,225,GEOS_0.5x0.625/MERRA2/2019/07/MERRA2.20190701.A3mstC.05x0625.nc4
1481.941,hit,false,0.000,0,274.297,225,GEOS_0.5x0.625/MERRA2/2019/07/MERRA2.20190701.A3mstC.05x0625.nc4
1481.982,hit,false,0.000,0,274.337,225,GEOS_0.5x0.625/MERRA2/2019/07/MERRA2.20190701.A3mstC.05x0625.nc4
1482.009,hit,false,0.000,0,274.364,225,GEOS_0.5x0.625/MERRA2/2019/07/MERRA2.20190701.A3mstC.05x0625.nc4
1482.049,hit,false,0.000,0,274.405,225,GEOS_0.5x0.625/MERRA2/2019/07/MERRA2.20190701.A3mstC.05x0625.nc4
1482.074,hit,false,0.000,0,274.430,225,GEOS_0.5x0.625/MERRA2/2019/07/MERRA2.20190701.A3mstC.05x0625.nc4
1482.109,hit,false,0.000,0,274.464,225,GEOS_0.5x0.625/MERRA2/2019/07/MERRA2.20190701.A3mstC.05x0625.nc4
1482.135,hit,false,0.000,0,274.488,226,GEOS_0.5x0.625/MERRA2/2019/07/MERRA2.20190701.A3mstC.05x0625.nc4
1482.170,hit,false,0.000,0,274.524,226,GEOS_0.5x0.625/MERRA2/2019/07/MERRA2.20190701.A3mstC.05x0625.nc4
1482.198,hit,false,0.000,0,274.551,226,GEOS_0.5x0.625/MERRA2/2019/07/MERRA2.20190701.A3mstC.05x0625.nc4
1482.233,hit,false,0.000,0,274.587,226,GEOS_0.5x0.625/MERRA2/2019/07/MERRA2.20190701.A3mstC.05x0625.nc4
1482.262,hit,false,0.000,0,274.615,226,GEOS_0.5x0.625/MERRA2/2019/07/MERRA2.20190701.A3mstC.05x0625.nc4
1482.301,hit,false,0.000,0,274.655,226,GEOS_0.5x0.625/MERRA2/2019/07/MERRA2.20190701.A3mstC.05x0625.nc4
1482.326,hit,false,0.000,0,274.680,226,GEOS_0.5x0.625/MERRA2/2019/07/MERRA2.20190701.A3mstC.05x0625.nc4
1482.372,hit,false,0.000,0,274.726,226,GEOS_0.5x0.625/MERRA2/2019/07/MERRA2.20190701.A3mstC.05x0625.nc4
1482.394,hit,false,0.000,0,274.746,227,GEOS_0.5x0.625/MERRA2/2019/07/MERRA2.20190701.A3mstC.05x0625.nc4
1482.441,hit,false,0.000,0,274.793,227,GEOS_0.5x0.625/MERRA2/2019/07/MERRA2.20190701.A3mstC.05x0625.nc4
1482.464,hit,false,0.000,0,274.816,227,GEOS_0.5x0.625/MERRA2/2019/07/MERRA2.20190701.A3mstC.05x0625.nc4
1482.504,hit,false,0.000,0,274.856,227,GEOS_0.5x0.625/MERRA2/2019/07/MERRA2.20190701.A3mstC.05x0625.nc4
1482.530,hit,false,0.000,0,274.882,227,GEOS_0.5x0.625/MERRA2/2019/07/MERRA2.20190701.A3mstC.05x0625.nc4
1482.568,hit,false,0.000,0,274.920,227,GEOS_0.5x0.625/MERRA2/2019/07/MERRA2.20190701.A3mstC.05x0625.nc4
1482.592,hit,false,0.000,0,274.944,227,GEOS_0.5x0.625/MERRA2/2019/07/MERRA2.20190701.A3mstC.05x0625.nc4
1482.629,hit,false,0.000,0,274.980,227,GEOS_0.5x0.625/MERRA2/2019/07/MERRA2.20190701.A3mstC.05x0625.nc4
1482.651,hit,false,0.000,0,275.001,228,GEOS_0.5x0.625/MERRA2/2019/07/MERRA2.20190701.A3mstC.05x0625.nc4
1482.694,hit,false,0.000,0,275.044,228,GEOS_0.5x0.625/MERRA2/2019/07/MERRA2.20190701.A3mstC.05x0625.nc4
1482.718,hit,false,0.000,0,275.068,228,GEOS_0.5x0.625/MERRA2/2019/07/MERRA2.20190701.A3mstC.05x0625.nc4
1482.755,hit,false,0.000,0,275.105,228,GEOS_0.5x0.625/MERRA2/2019/07/MERRA2.20190701.A3mstC.05x0625.nc4
1482.778,hit,false,0.000,0,275.129,228,GEOS_0.5x0.625/MERRA2/2019/07/MERRA2.20190701.A3mstC.05x0625.nc4
1482.822,hit,false,0.000,0,275.172,228,GEOS_0.5x0.625/MERRA2/2019/07/MERRA2.20190701.A3mstC.05x0625.nc4
1482.846,hit,false,0.000,0,275.196,228,GEOS_0.5x0.625/MERRA2/2019/07/MERRA2.20190701.A3mstC.05x0625.nc4
1482.879,hit,false,0.000,0,275.229,228,GEOS_0.5x0.625/MERRA2/2019/07/MERRA2.20190701.A3mstC.05x0625.nc4
1482.905,hit,false,0.000,0,275.253,229,GEOS_0.5x0.625/MERRA2/2019/07/MERRA2.20190701.A3mstC.05x0625.nc4
1482.954,hit,false,0.000,0,275.302,229,GEOS_0.5x0.625/MERRA2/2019/07/MERRA2.20190701.A3mstC.05x0625.nc4
1482.981,hit,false,0.000,0,275.329,229,GEOS_0.5x0.625/MERRA2/2019/07/MERRA2.20190701.A3mstC.05x0625.nc4
1483.017,hit,false,0.000,0,275.366,229,GEOS_0.5x0.625/MERRA2/2019/07/MERRA2.20190701.A3mstC.05x0625.nc4
1483.045,hit,false,0.000,0,275.394,229,GEOS_0.5x0.625/MERRA2/2019/07/MERRA2.20190701.A3mstC.05x0625.nc4
1483.087,hit,false,0.000,0,275.436,229,GEOS_0.5x0.625/MERRA2/2019/07/MERRA2.20190701.A3mstC.05x0625.nc4
1483.117,hit,false,0.000,0,275.466,229,GEOS_0.5x0.625/MERRA2/2019/07/MERRA2.20190701.A3mstC.05x0625.nc4
1483.153,hit,false,0.000,0,275.501,229,GEOS_0.5x0.625/MERRA2/2019/07/MERRA2.20190701.A3mstC.05x0625.nc4
1483.183,hit,false,0.000,0,275.530,230,GEOS_0.5x0.625/MERRA2/2019/07/MERRA2.20190701.A3mstC.05x0625.nc4
1483.224,hit,false,0.000,0,275.571,230,GEOS_0.5x0.625/MERRA2/2019/07/MERRA2.20190701.A3mstC.05x0625.nc4
1483.255,hit,false,0.000,0,275.602,230,GEOS_0.5x0.625/MERRA2/2019/07/MERRA2.20190701.A3mstC.05x0625.nc4
1483.288,hit,false,0.000,0,275.635,230,GEOS_0.5x0.625/MERRA2/2019/07/MERRA2.20190701.A3mstC.05x0625.nc4
1483.320,hit,false,0.000,0,275.667,230,GEOS_0.5x0.625/MERRA2/2019/07/MERRA2.20190701.A3mstC.05x0625.nc4
1483.355,hit,false,0.000,0,275.702,230,GEOS_0.5x0.625/MERRA2/2019/07/MERRA2.20190701.A3mstC.05x0625.nc4
1483.385,hit,false,0.000,0,275.732,230,GEOS_0.5x0.625/MERRA2/2019/07/MERRA2.20190701.A3mstC.05x0625.nc4
1483.416,hit,false,0.000,0,275.763,230,GEOS_0.5x0.625/MERRA2/2019/07/MERRA2.20190701.A3mstC.05x0625.nc4
1483.448,hit,false,0.000,0,275.793,231,GEOS_0.5x0.625/MERRA2/2019/07/MERRA2.20190701.A3mstC.05x0625.nc4
1483.481,hit,false,0.000,0,275.826,231,GEOS_0.5x0.625/MERRA2/2019/07/MERRA2.20190701.A3mstC.05x0625.nc4
1483.511,hit,false,0.000,0,275.856,231,GEOS_0.5x0.625/MERRA2/2019/07/MERRA2.20190701.A3mstC.05x0625.nc4
1483.623,hit,false,0.000,0,275.968,231,GEOS_0.5x0.625/MERRA2/2019/07/MERRA2.20190701.A3mstC.05x0625.nc4
1483.647,hit,false,0.000,0,275.992,231,GEOS_0.5x0.625/MERRA2/2019/07/MERRA2.20190701.A3mstC.05x0625.nc4
1483.681,hit,false,0.000,0,276.026,231,GEOS_0.5x0.625/MERRA2/2019/07/MERRA2.20190701.A3mstC.05x0625.nc4
1483.706,hit,false,0.000,0,276.051,231,GEOS_0.5x0.625/MERRA2/2019/07/MERRA2.20190701.A3mstC.05x0625.nc4
1483.740,hit,false,0.000,0,276.085,231,GEOS_0.5x0.625/MERRA2/2019/07/MERRA2.20190701.A3mstC.05x0625.nc4
1483.766,hit,false,0.000,0,276.185,232,GEOS_0.5x0.625/MERRA2/2019/07/MERRA2.20190701.A3mstC.05x0625.nc4
1483.807,hit,false,0.000,0,276.225,232,GEOS_0.5x0.625/MERRA2/2019/07/MERRA2.20190701.A3mstC.05x0625.nc4
1483.840,hit,false,0.000,0,276.258,232,GEOS_0.5x0.625/MERRA2/2019/07/MERRA2.20190701.A3mstC.05x0625.nc4
1483.876,hit,false,0.000,0,276.295,232,GEOS_0.5x0.625/MERRA2/2019/07/MERRA2.20190701.A3mstC.05x0625.nc4
1483.902,hit,false,0.000,0,276.321,232,GEOS_0.5x0.625/MERRA2/2019/07/MERRA2.20190701.A3mstC.05x0625.nc4
1483.937,hit,false,0.000,0,276.355,232,GEOS_0.5x0.625/MERRA2/2019/07/MERRA2.20190701.A3mstC.05x0625.nc4
1483.964,hit,false,0.000,0,276.383,232,GEOS_0.5x0.625/MERRA2/2019/07/MERRA2.20190701.A3mstC.05x0625.nc4
1483.999,hit,false,0.000,0,276.418,232,GEOS_0.5x0.625/MERRA2/2019/07/MERRA2.20190701.A3mstC.05x0625.nc4
1484.027,hit,false,0.000,0,276.089,233,GEOS_0.5x0.625/MERRA2/2019/07/MERRA2.20190701.A3mstC.05x0625.nc4
1484.067,hit,false,0.000,0,276.128,233,GEOS_0.5x0.625/MERRA2/2019/07/MERRA2.20190701.A3mstC.05x0625.nc4
1484.091,hit,false,0.000,0,276.152,233,GEOS_0.5x0.625/MERRA2/2019/07/MERRA2.20190701.A3mstC.05x0625.nc4
1484.129,hit,false,0.000,0,276.191,233,GEOS_0.5x0.625/MERRA2/2019/07/MERRA2.20190701.A3mstC.05x0625.nc4
1484.153,hit,false,0.000,0,276.214,233,GEOS_0.5x0.625/MERRA2/2019/07/MERRA2.20190701.A3mstC.05x0625.nc4
1484.195,hit,false,0.000,0,276.257,233,GEOS_0.5x0.625/MERRA2/2019/07/MERRA2.20190701.A3mstC.05x0625.nc4
1484.221,hit,false,0.000,0,276.282,233,GEOS_0.5x0.625/MERRA2/2019/07/MERRA2.20190701.A3mstC.05x0625.nc4
1484.257,hit,false,0.000,0,276.318,233,GEOS_0.5x0.625/MERRA2/2019/07/MERRA2.20190701.A3mstC.05x0625.nc4
1484.284,hit,false,0.000,0,276.343,234,GEOS_0.5x0.625/MERRA2/2019/07/MERRA2.20190701.A3mstC.05x0625.nc4
1484.323,hit,false,0.000,0,276.382,234,GEOS_0.5x0.625/MERRA2/2019/07/MERRA2.20190701.A3mstC.05x0625.nc4
1484.347,hit,false,0.000,0,276.406,234,GEOS_0.5x0.625/MERRA2/2019/07/MERRA2.20190701.A3mstC.05x0625.nc4
1484.389,hit,false,0.000,0,276.448,234,GEOS_0.5x0.625/MERRA2/2019/07/MERRA2.20190701.A3mstC.05x0625.nc4
1484.415,hit,false,0.000,0,276.474,234,GEOS_0.5x0.625/MERRA2/2019/07/MERRA2.20190701.A3mstC.05x0625.nc4
1484.450,hit,false,0.000,0,276.509,234,GEOS_0.5x0.625/MERRA2/2019/07/MERRA2.20190701.A3mstC.05x0625.nc4
1484.476,hit,false,0.000,0,276.535,234,GEOS_0.5x0.625/MERRA2/2019/07/MERRA2.20190701.A3mstC.05x0625.nc4
1484.515,hit,false,0.000,0,276.574,234,GEOS_0.5x0.625/MERRA2/2019/07/MERRA2.20190701.A3mstC.05x0625.nc4
1484.539,hit,false,0.000,0,276.596,235,GEOS_0.5x0.625/MERRA2/2019/07/MERRA2.20190701.A3mstC.05x0625.nc4
1484.584,hit,false,0.000,0,276.641,235,GEOS_0.5x0.625/MERRA2/2019/07/MERRA2.20190701.A3mstC.05x0625.nc4
1484.607,hit,false,0.000,0,276.664,235,GEOS_0.5x0.625/MERRA2/2019/07/MERRA2.20190701.A3mstC.05x0625.nc4
1484.647,hit,false,0.000,0,276.704,235,GEOS_0.5x0.625/MERRA2/2019/07/MERRA2.20190701.A3mstC.05x0625.nc4
1484.670,hit,false,0.000,0,276.727,235,GEOS_0.5x0.625/MERRA2/2019/07/MERRA2.20190701.A3mstC.05x0625.nc4
1484.711,hit,false,0.000,0,276.768,235,GEOS_0.5x0.625/MERRA2/2019/07/MERRA2.20190701.A3mstC.05x0625.nc4
1484.735,hit,false,0.000,0,276.792,235,GEOS_0.5x0.625/MERRA2/2019/07/MERRA2.20190701.A3mstC.05x0625.nc4
1484.770,hit,false,0.000,0,276.827,235,GEOS_0.5x0.625/MERRA2/2019/07/MERRA2.20190701.A3mstC.05x0625.nc4
1484.798,hit,false,0.000,0,276.854,236,GEOS_0.5x0.625/MERRA2/2019/07/MERRA2.20190701.A3mstC.05x0625.nc4
1484.834,hit,false,0.000,0,276.889,236,GEOS_0.5x0.625/MERRA2/2019/07/MERRA2.20190701.A3mstC.05x0625.nc4
1484.860,hit,false,0.000,0,276.916,236,GEOS_0.5x0.625/MERRA2/2019/07/MERRA2.20190701.A3mstC.05x0625.nc4
1484.894,hit,false,0.000,0,276.949,236,GEOS_0.5x0.625/MERRA2/2019/07/MERRA2.20190701.A3mstC.05x0625.nc4
1484.920,hit,false,0.000,0,276.976,236,GEOS_0.5x0.625/MERRA2/2019/07/MERRA2.20190701.A3mstC.05x0625.nc4
1484.953,hit,false,0.000,0,277.009,236,GEOS_0.5x0.625/MERRA2/2019/07/MERRA2.20190701.A3mstC.05x0625.nc4
1484.977,hit,false,0.000,0,277.032,236,GEOS_0.5x0.625/MERRA2/2019/07/MERRA2.20190701.A3mstC.05x0625.nc4
1485.017,hit,false,0.000,0,277.073,236,GEOS_0.5x0.625/MERRA2/2019/07/MERRA2.20190701.A3mstC.05x0625.nc4
1485.040,hit,false,0.000,0,277.092,237,GEOS_0.5x0.625/MERRA2/2019/07/MERRA2.20190701.A3mstC.05x0625.nc4
1485.082,hit,false,0.000,0,277.134,237,GEOS_0.5x0.625/MERRA2/2019/07/MERRA2.20190701.A3mstC.05x0625.nc4
1485.105,hit,false,0.000,0,277.157,237,GEOS_0.5x0.625/MERRA2/2019/07/MERRA2.20190701.A3mstC.05x0625.nc4
1485.146,hit,false,0.000,0,277.198,237,GEOS_0.5x0.625/MERRA2/2019/07/MERRA2.20190701.A3mstC.05x0625.nc4
1485.169,hit,false,0.000,0,277.221,237,GEOS_0.5x0.625/MERRA2/2019/07/MERRA2.20190701.A3mstC.05x0625.nc4
1485.205,hit,false,0.000,0,277.257,237,GEOS_0.5x0.625/MERRA2/2019/07/MERRA2.20190701.A3mstC.05x0625.nc4
1485.232,hit,false,0.000,0,277.284,237,GEOS_0.5x0.625/MERRA2/2019/07/MERRA2.20190701.A3mstC.05x0625.nc4
1485.265,hit,false,0.000,0,277.317,237,GEOS_0.5x0.625/MERRA2/2019/07/MERRA2.20190701.A3mstC.05x0625.nc4
1485.289,hit,false,0.000,0,277.325,238,GEOS_0.5x0.625/MERRA2/2019/07/MERRA2.20190701.A3mstC.05x0625.nc4
1485.329,hit,false,0.000,0,277.366,238,GEOS_0.5x0.625/MERRA2/2019/07/MERRA2.20190701.A3mstC.05x0625.nc4
1485.352,hit,false,0.000,0,277.389,238,GEOS_0.5x0.625/MERRA2/2019/07/MERRA2.20190701.A3mstC.05x0625.nc4
1485.391,hit,false,0.000,0,277.428,238,GEOS_0.5x0.625/MERRA2/2019/07/MERRA2.20190701.A3mstC.05x0625.nc4
1485.416,hit,false,0.000,0,277.453,238,GEOS_0.5x0.625/MERRA2/2019/07/MERRA2.20190701.A3mstC.05x0625.nc4
1485.447,hit,false,0.000,0,277.484,238,GEOS_0.5x0.625/MERRA2/2019/07/MERRA2.20190701.A3mstC.05x0625.nc4
1485.474,hit,false,0.000,0,277.511,238,GEOS_0.5x0.625/MERRA2/2019/07/MERRA2.20190701.A3mstC.05x0625.nc4
1485.507,hit,false,0.000,0,277.543,238,GEOS_0.5x0.625/MERRA2/2019/07/MERRA2.20190701.A3mstC.05x0625.nc4
1485.528,hit,false,0.000,0,277.543,239,GEOS_0.5x0.625/MERRA2/2019/07/MERRA2.20190701.A3mstC.05x0625.nc4
1485.571,hit,false,0.000,0,277.586,239,GEOS_0.5x0.625/MERRA2/2019/07/MERRA2.20190701.A3mstC.05x0625.nc4
1485.675,hit,false,0.000,0,277.690,239,GEOS_0.5x0.625/MERRA2/2019/07/MERRA2.20190701.A3mstC.05x0625.nc4
1485.698,hit,false,0.000,0,277.714,239,GEOS_0.5x0.625/MERRA2/2019/07/MERRA2.20190701.A3mstC.05x0625.nc4
1485.739,hit,false,0.000,0,277.754,239,GEOS_0.5x0.625/MERRA2/2019/07/MERRA2.20190701.A3mstC.05x0625.nc4
1485.763,hit,false,0.000,0,277.778,239,GEOS_0.5x0.625/MERRA2/2019/07/MERRA2.20190701.A3mstC.05x0625.nc4
1485.804,hit,false,0.000,0,277.820,239,GEOS_0.5x0.625/MERRA2/2019/07/MERRA2.20190701.A3mstC.05x0625.nc4
1485.827,hit,false,0.000,0,277.842,239,GEOS_0.5x0.625/MERRA2/2019/07/MERRA2.20190701.A3mstC.05x0625.nc4
1485.867,hit,false,0.000,0,278.297,240,GEOS_0.5x0.625/MERRA2/2019/07/MERRA2.20190701.A3mstC.05x0625.nc4
1485.894,hit,false,0.000,0,278.323,240,GEOS_0.5x0.625/MERRA2/2019/07/MERRA2.20190701.A3mstC.05x0625.nc4
1485.944,hit,false,0.000,0,278.374,240,GEOS_0.5x0.625/MERRA2/2019/07/MERRA2.20190701.A3mstC.05x0625.nc4
1485.967,hit,false,0.000,0,278.397,240,GEOS_0.5x0.625/MERRA2/2019/07/MERRA2.20190701.A3mstC.05x0625.nc4
1486.018,hit,false,0.000,0,278.448,240,GEOS_0.5x0.625/MERRA2/2019/07/MERRA2.20190701.A3mstC.05x0625.nc4
1486.041,hit,false,0.000,0,278.470,240,GEOS_0.5x0.625/MERRA2/2019/07/MERRA2.20190701.A3mstC.05x0625.nc4
1486.081,hit,false,0.000,0,278.511,240,GEOS_0.5x0.625/MERRA2/2019/07/MERRA2.20190701.A3mstC.05x0625.nc4
1486.105,hit,false,0.000,0,278.534,240,GEOS_0.5x0.625/MERRA2/2019/07/MERRA2.20190701.A3mstC.05x0625.nc4
1486.144,hit,false,0.000,0,278.571,241,GEOS_0.5x0.625/MERRA2/2019/07/MERRA2.20190701.A3mstC.05x0625.nc4
1486.170,hit,false,0.000,0,278.597,241,GEOS_0.5x0.625/MERRA2/2019/07/MERRA2.20190701.A3mstC.05x0625.nc4
1486.203,hit,false,0.000,0,278.630,241,GEOS_0.5x0.625/MERRA2/2019/07/MERRA2.20190701.A3mstC.05x0625.nc4
1486.230,hit,false,0.000,0,278.657,241,GEOS_0.5x0.625/MERRA2/2019/07/MERRA2.20190701.A3mstC.05x0625.nc4
1486.263,hit,false,0.000,0,278.690,241,GEOS_0.5x0.625/MERRA2/2019/07/MERRA2.20190701.A3mstC.05x0625.nc4
1486.289,hit,false,0.000,0,278.716,241,GEOS_0.5x0.625/MERRA2/2019/07/MERRA2.20190701.A3mstC.05x0625.nc4
1486.324,hit,false,0.000,0,278.751,241,GEOS_0.5x0.625/MERRA2/2019/07/MERRA2.20190701.A3mstC.05x0625.nc4
1486.351,hit,false,0.000,0,278.778,241,GEOS_0.5x0.625/MERRA2/2019/07/MERRA2.20190701.A3mstC.05x0625.nc4
1486.383,hit,false,0.000,0,278.793,242,GEOS_0.5x0.625/MERRA2/2019/07/MERRA2.20190701.A3mstC.05x0625.nc4
1486.412,hit,false,0.000,0,278.822,242,GEOS_0.5x0.625/MERRA2/2019/07/MERRA2.20190701.A3mstC.05x0625.nc4
1486.445,hit,false,0.000,0,278.855,242,GEOS_0.5x0.625/MERRA2/2019/07/MERRA2.20190701.A3mstC.05x0625.nc4
1486.472,hit,false,0.000,0,278.882,242,GEOS_0.5x0.625/MERRA2/2019/07/MERRA2.20190701.A3mstC.05x0625.nc4
1486.505,hit,false,0.000,0,278.915,242,GEOS_0.5x0.625/MERRA2/2019/07/MERRA2.20190701.A3mstC.05x0625.nc4
1486.535,hit,false,0.000,0,278.945,242,GEOS_0.5x0.625/MERRA2/2019/07/MERRA2.20190701.A3mstC.05x0625.nc4
1486.563,hit,false,0.000,0,278.973,242,GEOS_0.5x0.625/MERRA2/2019/07/MERRA2.20190701.A3mstC.05x0625.nc4
1486.594,hit,false,0.000,0,279.004,242,GEOS_0.5x0.625/MERRA2/2019/07/MERRA2.20190701.A3mstC.05x0625.nc4
1486.623,hit,false,0.000,0,279.031,243,GEOS_0.5x0.625/MERRA2/2019/07/MERRA2.20190701.A3mstC.05x0625.nc4
1486.657,hit,false,0.000,0,279.065,243,GEOS_0.5x0.625/MERRA2/2019/07/MERRA2.20190701.A3mstC.05x0625.nc4
1486.675,hit,false,0.000,0,279.082,243,GEOS_0.5x0.625/MERRA2/2019/07/MERRA2.20190701.A3mstC.05x0625.nc4
1486.723,hit,false,0.000,0,279.131,243,GEOS_0.5x0.625/MERRA2/2019/07/MERRA2.20190701.A3mstC.05x0625.nc4
1486.746,hit,false,0.000,0,279.154,243,GEOS_0.5x0.625/MERRA2/2019/07/MERRA2.20190701.A3mstC.05x0625.nc4
1486.782,hit,false,0.000,0,279.189,243,GEOS_0.5x0.625/MERRA2/2019/07/MERRA2.20190701.A3mstC.05x0625.nc4
1486.806,hit,false,0.000,0,279.213,243,GEOS_0.5x0.625/MERRA2/2019/07/MERRA2.20190701.A3mstC.05x0625.nc4
1486.838,hit,false,0.000,0,279.246,243,GEOS_0.5x0.625/MERRA2/2019/07/MERRA2.20190701.A3mstC.05x0625.nc4
1486.869,hit,false,0.000,0,279.009,244,GEOS_0.5x0.625/MERRA2/2019/07/MERRA2.20190701.A3mstC.05x0625.nc4
1486.901,hit,false,0.000,0,279.040,244,GEOS_0.5x0.625/MERRA2/2019/07/MERRA2.20190701.A3mstC.05x0625.nc4
1486.932,hit,false,0.000,0,279.071,244,GEOS_0.5x0.625/MERRA2/2019/07/MERRA2.20190701.A3mstC.05x0625.nc4
1486.956,hit,false,0.000,0,279.095,244,GEOS_0.5x0.625/MERRA2/2019/07/MERRA2.20190701.A3mstC.05x0625.nc4
1486.993,hit,false,0.000,0,279.132,244,GEOS_0.5x0.625/MERRA2/2019/07/MERRA2.20190701.A3mstC.05x0625.nc4
1487.016,hit,false,0.000,0,279.155,244,GEOS_0.5x0.625/MERRA2/2019/07/MERRA2.20190701.A3mstC.05x0625.nc4
1487.048,hit,false,0.000,0,279.187,244,GEOS_0.5x0.625/MERRA2/2019/07/MERRA2.20190701.A3mstC.05x0625.nc4
1487.081,hit,false,0.000,0,279.220,244,GEOS_0.5x0.625/MERRA2/2019/07/MERRA2.20190701.A3mstC.05x0625.nc4
1487.115,hit,false,0.000,0,279.252,245,GEOS_0.5x0.625/MERRA2/2019/07/MERRA2.20190701.A3mstC.05x0625.nc4
1487.143,hit,false,0.000,0,279.280,245,GEOS_0.5x0.625/MERRA2/2019/07/MERRA2.20190701.A3mstC.05x0625.nc4
1487.177,hit,false,0.000,0,279.314,245,GEOS_0.5x0.625/MERRA2/2019/07/MERRA2.20190701.A3mstC.05x0625.nc4
1487.203,hit,false,0.000,0,279.340,245,GEOS_0.5x0.625/MERRA2/2019/07/MERRA2.20190701.A3mstC.05x0625.nc4
1487.238,hit,false,0.000,0,279.374,245,GEOS_0.5x0.625/MERRA2/2019/07/MERRA2.20190701.A3mstC.05x0625.nc4
1487.260,hit,false,0.000,0,279.397,245,GEOS_0.5x0.625/MERRA2/2019/07/MERRA2.20190701.A3mstC.05x0625.nc4
1487.296,hit,false,0.000,0,279.433,245,GEOS_0.5x0.625/MERRA2/2019/07/MERRA2.20190701.A3mstC.05x0625.nc4
1487.322,hit,false,0.000,0,279.459,245,GEOS_0.5x0.625/MERRA2/2019/07/MERRA2.20190701.A3mstC.05x0625.nc4
1487.353,hit,false,0.000,0,279.488,246,GEOS_0.5x0.625/MERRA2/2019/07/MERRA2.20190701.A3mstC.05x0625.nc4
1487.388,hit,false,0.000,0,279.524,246,GEOS_0.5x0.625/MERRA2/2019/07/MERRA2.20190701.A3mstC.05x0625.nc4
1487.414,hit,false,0.000,0,279.549,246,GEOS_0.5x0.625/MERRA2/2019/07/MERRA2.20190701.A3mstC.05x0625.nc4
1487.447,hit,false,0.000,0,279.582,246,GEOS_0.5x0.625/MERRA2/2019/07/MERRA2.20190701.A3mstC.05x0625.nc4
1487.473,hit,false,0.000,0,279.609,246,GEOS_0.5x0.625/MERRA2/2019/07/MERRA2.20190701.A3mstC.05x0625.nc4
1487.506,hit,false,0.000,0,279.641,246,GEOS_0.5x0.625/MERRA2/2019/07/MERRA2.20190701.A3mstC.05x0625.nc4
1487.529,hit,false,0.000,0,279.664,246,GEOS_0.5x0.625/MERRA2/2019/07/MERRA2.20190701.A3mstC.05x0625.nc4
1487.567,hit,false,0.000,0,279.702,246,GEOS_0.5x0.625/MERRA2/2019/07/MERRA2.20190701.A3mstC.05x0625.nc4
1487.590,hit,false,0.000,0,279.724,247,GEOS_0.5x0.625/MERRA2/2019/07/MERRA2.20190701.A3mstC.05x0625.nc4
1487.710,hit,false,0.000,0,279.844,247,GEOS_0.5x0.625/MERRA2/2019/07/MERRA2.20190701.A3mstC.05x0625.nc4
1487.733,hit,false,0.000,0,279.867,247,GEOS_0.5x0.625/MERRA2/2019/07/MERRA2.20190701.A3mstC.05x0625.nc4
1487.773,hit,false,0.000,0,279.907,247,GEOS_0.5x0.625/MERRA2/2019/07/MERRA2.20190701.A3mstC.05x0625.nc4
1487.796,hit,false,0.000,0,279.930,247,GEOS_0.5x0.625/MERRA2/2019/07/MERRA2.20190701.A3mstC.05x0625.nc4
1487.839,hit,false,0.000,0,279.972,247,GEOS_0.5x0.625/MERRA2/2019/07/MERRA2.20190701.A3mstC.05x0625.nc4
1493.831,open,false,-1.000,0,-1.000,423855882,GEOS_0.5x0.625/MERRA2/2019/07/MERRA2.20190701.A3cld.05x0625.nc4
1493.918,uncovered,false,25.950,0,-1.000,0,GEOS_0.5x0.625/MERRA2/2019/07/MERRA2.20190701.A3cld.05x0625.nc4
1519.948,hit,false,0.000,0,-1.000,0,GEOS_0.5x0.625/MERRA2/2019/07/MERRA2.20190701.A3cld.05x0625.nc4
1519.984,hit,false,0.000,0,-1.000,0,GEOS_0.5x0.625/MERRA2/2019/07/MERRA2.20190701.A3cld.05x0625.nc4
1520.066,hit,false,0.000,0,-1.000,0,GEOS_0.5x0.625/MERRA2/2019/07/MERRA2.20190701.A3cld.05x0625.nc4
1520.116,hit,false,0.000,0,-1.000,0,GEOS_0.5x0.625/MERRA2/2019/07/MERRA2.20190701.A3cld.05x0625.nc4
1520.175,hit,false,0.000,0,-1.000,0,GEOS_0.5x0.625/MERRA2/2019/07/MERRA2.20190701.A3cld.05x0625.nc4
1520.230,hit,false,0.000,0,-1.000,0,GEOS_0.5x0.625/MERRA2/2019/07/MERRA2.20190701.A3cld.05x0625.nc4
1520.286,hit,false,0.000,0,-1.000,0,GEOS_0.5x0.625/MERRA2/2019/07/MERRA2.20190701.A3cld.05x0625.nc4
1520.338,uncovered,false,26.833,0,-1.000,1,GEOS_0.5x0.625/MERRA2/2019/07/MERRA2.20190701.A3cld.05x0625.nc4
1520.397,uncovered,false,26.829,0,-1.000,1,GEOS_0.5x0.625/MERRA2/2019/07/MERRA2.20190701.A3cld.05x0625.nc4
1547.266,hit,false,0.000,0,-1.000,1,GEOS_0.5x0.625/MERRA2/2019/07/MERRA2.20190701.A3cld.05x0625.nc4
1547.303,hit,false,0.000,0,-1.000,1,GEOS_0.5x0.625/MERRA2/2019/07/MERRA2.20190701.A3cld.05x0625.nc4
1547.339,hit,false,0.000,0,-1.000,1,GEOS_0.5x0.625/MERRA2/2019/07/MERRA2.20190701.A3cld.05x0625.nc4
1547.378,hit,false,0.000,0,-1.000,1,GEOS_0.5x0.625/MERRA2/2019/07/MERRA2.20190701.A3cld.05x0625.nc4
1547.409,hit,false,0.000,0,-1.000,1,GEOS_0.5x0.625/MERRA2/2019/07/MERRA2.20190701.A3cld.05x0625.nc4
1547.442,hit,false,0.000,0,-1.000,1,GEOS_0.5x0.625/MERRA2/2019/07/MERRA2.20190701.A3cld.05x0625.nc4
1547.476,uncovered,false,33.275,0,-1.000,2,GEOS_0.5x0.625/MERRA2/2019/07/MERRA2.20190701.A3cld.05x0625.nc4
1547.506,uncovered,false,33.301,0,-1.000,2,GEOS_0.5x0.625/MERRA2/2019/07/MERRA2.20190701.A3cld.05x0625.nc4
1580.838,hit,false,0.000,0,-1.000,2,GEOS_0.5x0.625/MERRA2/2019/07/MERRA2.20190701.A3cld.05x0625.nc4
1580.873,hit,false,0.000,0,-1.000,2,GEOS_0.5x0.625/MERRA2/2019/07/MERRA2.20190701.A3cld.05x0625.nc4
1580.910,hit,false,0.000,0,-1.000,2,GEOS_0.5x0.625/MERRA2/2019/07/MERRA2.20190701.A3cld.05x0625.nc4
1580.942,hit,false,0.000,0,-1.000,2,GEOS_0.5x0.625/MERRA2/2019/07/MERRA2.20190701.A3cld.05x0625.nc4
1580.968,hit,false,0.000,0,-1.000,2,GEOS_0.5x0.625/MERRA2/2019/07/MERRA2.20190701.A3cld.05x0625.nc4
1580.993,hit,false,0.000,0,-1.000,2,GEOS_0.5x0.625/MERRA2/2019/07/MERRA2.20190701.A3cld.05x0625.nc4
1581.019,uncovered,false,28.973,0,-1.000,3,GEOS_0.5x0.625/MERRA2/2019/07/MERRA2.20190701.A3cld.05x0625.nc4
1581.050,uncovered,false,29.013,0,-1.000,3,GEOS_0.5x0.625/MERRA2/2019/07/MERRA2.20190701.A3cld.05x0625.nc4
1610.076,hit,false,0.000,0,-1.000,3,GEOS_0.5x0.625/MERRA2/2019/07/MERRA2.20190701.A3cld.05x0625.nc4
1610.141,hit,false,0.000,0,-1.000,3,GEOS_0.5x0.625/MERRA2/2019/07/MERRA2.20190701.A3cld.05x0625.nc4
1610.161,hit,false,0.000,0,-1.000,3,GEOS_0.5x0.625/MERRA2/2019/07/MERRA2.20190701.A3cld.05x0625.nc4
1610.215,hit,false,0.000,0,-1.000,3,GEOS_0.5x0.625/MERRA2/2019/07/MERRA2.20190701.A3cld.05x0625.nc4
1610.240,hit,false,0.000,0,-1.000,3,GEOS_0.5x0.625/MERRA2/2019/07/MERRA2.20190701.A3cld.05x0625.nc4
1610.274,hit,false,0.000,0,-1.000,3,GEOS_0.5x0.625/MERRA2/2019/07/MERRA2.20190701.A3cld.05x0625.nc4
1610.302,uncovered,false,28.197,0,-1.000,4,GEOS_0.5x0.625/MERRA2/2019/07/MERRA2.20190701.A3cld.05x0625.nc4
1610.357,uncovered,false,28.211,0,-1.000,4,GEOS_0.5x0.625/MERRA2/2019/07/MERRA2.20190701.A3cld.05x0625.nc4
1638.588,hit,false,0.000,0,-1.000,4,GEOS_0.5x0.625/MERRA2/2019/07/MERRA2.20190701.A3cld.05x0625.nc4
1638.637,hit,false,0.000,0,-1.000,4,GEOS_0.5x0.625/MERRA2/2019/07/MERRA2.20190701.A3cld.05x0625.nc4
1638.677,hit,false,0.000,0,-1.000,4,GEOS_0.5x0.625/MERRA2/2019/07/MERRA2.20190701.A3cld.05x0625.nc4
1638.700,hit,false,0.000,0,-1.000,4,GEOS_0.5x0.625/MERRA2/2019/07/MERRA2.20190701.A3cld.05x0625.nc4
1638.738,hit,false,0.000,0,-1.000,4,GEOS_0.5x0.625/MERRA2/2019/07/MERRA2.20190701.A3cld.05x0625.nc4
1638.761,hit,false,0.000,0,-1.000,4,GEOS_0.5x0.625/MERRA2/2019/07/MERRA2.20190701.A3cld.05x0625.nc4
1638.801,uncovered,false,29.404,0,-1.000,5,GEOS_0.5x0.625/MERRA2/2019/07/MERRA2.20190701.A3cld.05x0625.nc4
1638.828,uncovered,false,29.452,0,-1.000,5,GEOS_0.5x0.625/MERRA2/2019/07/MERRA2.20190701.A3cld.05x0625.nc4
1668.287,hit,false,0.000,0,-1.000,5,GEOS_0.5x0.625/MERRA2/2019/07/MERRA2.20190701.A3cld.05x0625.nc4
1668.361,hit,false,0.000,0,-1.000,5,GEOS_0.5x0.625/MERRA2/2019/07/MERRA2.20190701.A3cld.05x0625.nc4
1668.385,hit,false,0.000,0,-1.000,5,GEOS_0.5x0.625/MERRA2/2019/07/MERRA2.20190701.A3cld.05x0625.nc4
1668.422,hit,false,0.000,0,-1.000,5,GEOS_0.5x0.625/MERRA2/2019/07/MERRA2.20190701.A3cld.05x0625.nc4
1668.452,hit,false,0.000,0,-1.000,5,GEOS_0.5x0.625/MERRA2/2019/07/MERRA2.20190701.A3cld.05x0625.nc4
1668.479,hit,false,0.000,0,-1.000,5,GEOS_0.5x0.625/MERRA2/2019/07/MERRA2.20190701.A3cld.05x0625.nc4
1668.511,uncovered,false,33.583,0,-1.000,6,GEOS_0.5x0.625/MERRA2/2019/07/MERRA2.20190701.A3cld.05x0625.nc4
1668.550,uncovered,false,33.615,0,-1.000,6,GEOS_0.5x0.625/MERRA2/2019/07/MERRA2.20190701.A3cld.05x0625.nc4
1702.176,hit,false,0.000,0,-1.000,6,GEOS_0.5x0.625/MERRA2/2019/07/MERRA2.20190701.A3cld.05x0625.nc4
1702.238,hit,false,0.000,0,-1.000,6,GEOS_0.5x0.625/MERRA2/2019/07/MERRA2.20190701.A3cld.05x0625.nc4
1702.266,hit,false,0.000,0,-1.000,6,GEOS_0.5x0.625/MERRA2/2019/07/MERRA2.20190701.A3cld.05x0625.nc4
1702.298,hit,false,0.000,0,-1.000,6,GEOS_0.5x0.625/MERRA2/2019/07/MERRA2.20190701.A3cld.05x0625.nc4
1702.326,hit,false,0.000,0,-1.000,6,GEOS_0.5x0.625/MERRA2/2019/07/MERRA2.20190701.A3cld.05x0625.nc4
1702.358,hit,false,0.000,0,-1.000,6,GEOS_0.5x0.625/MERRA2/2019/07/MERRA2.20190701.A3cld.05x0625.nc4
1702.389,uncovered,false,26.244,0,-1.000,7,GEOS_0.5x0.625/MERRA2/2019/07/MERRA2.20190701.A3cld.05x0625.nc4
1702.420,uncovered,false,26.281,0,-1.000,7,GEOS_0.5x0.625/MERRA2/2019/07/MERRA2.20190701.A3cld.05x0625.nc4
1728.718,hit,false,0.000,0,-1.000,7,GEOS_0.5x0.625/MERRA2/2019/07/MERRA2.20190701.A3cld.05x0625.nc4
1728.776,hit,false,0.000,0,-1.000,7,GEOS_0.5x0.625/MERRA2/2019/07/MERRA2.20190701.A3cld.05x0625.nc4
1728.799,hit,false,0.000,0,-1.000,7,GEOS_0.5x0.625/MERRA2/2019/07/MERRA2.20190701.A3cld.05x0625.nc4
1728.850,hit,false,0.000,0,-1.000,7,GEOS_0.5x0.625/MERRA2/2019/07/MERRA2.20190701.A3cld.05x0625.nc4
1728.874,hit,false,0.000,0,-1.000,7,GEOS_0.5x0.625/MERRA2/2019/07/MERRA2.20190701.A3cld.05x0625.nc4
1728.905,hit,false,0.000,0,-1.000,7,GEOS_0.5x0.625/MERRA2/2019/07/MERRA2.20190701.A3cld.05x0625.nc4
1728.932,uncovered,false,24.459,0,-1.000,8,GEOS_0.5x0.625/MERRA2/2019/07/MERRA2.20190701.A3cld.05x0625.nc4
1728.980,uncovered,false,24.491,0,-1.000,8,GEOS_0.5x0.625/MERRA2/2019/07/MERRA2.20190701.A3cld.05x0625.nc4
1753.578,hit,false,0.000,31,-1.000,8,GEOS_0.5x0.625/MERRA2/2019/07/MERRA2.20190701.A3cld.05x0625.nc4
1753.612,hit,false,0.000,61,-1.000,8,GEOS_0.5x0.625/MERRA2/2019/07/MERRA2.20190701.A3cld.05x0625.nc4
1753.670,hit,false,0.000,98,-1.000,8,GEOS_0.5x0.625/MERRA2/2019/07/MERRA2.20190701.A3cld.05x0625.nc4
1753.706,hit,false,0.000,118,-1.000,8,GEOS_0.5x0.625/MERRA2/2019/07/MERRA2.20190701.A3cld.05x0625.nc4
1753.844,hit,false,0.000,179,-1.000,8,GEOS_0.5x0.625/MERRA2/2019/07/MERRA2.20190701.A3cld.05x0625.nc4
1754.488,hit,false,0.000,389,-1.000,8,GEOS_0.5x0.625/MERRA2/2019/07/MERRA2.20190701.A3cld.05x0625.nc4
1754.521,uncovered,false,58.194,344,-1.000,9,GEOS_0.5x0.625/MERRA2/2019/07/MERRA2.20190701.A3cld.05x0625.nc4
1754.614,uncovered,false,58.151,344,-1.000,9,GEOS_0.5x0.625/MERRA2/2019/07/MERRA2.20190701.A3cld.05x0625.nc4
1812.918,hit,false,0.000,344,-1.000,9,GEOS_0.5x0.625/MERRA2/2019/07/MERRA2.20190701.A3cld.05x0625.nc4
1812.921,hit,false,0.000,344,-1.000,9,GEOS_0.5x0.625/MERRA2/2019/07/MERRA2.20190701.A3cld.05x0625.nc4
1813.067,hit,false,0.000,344,-1.000,9,GEOS_0.5x0.625/MERRA2/2019/07/MERRA2.20190701.A3cld.05x0625.nc4
1813.098,hit,false,0.000,344,-1.000,9,GEOS_0.5x0.625/MERRA2/2019/07/MERRA2.20190701.A3cld.05x0625.nc4
1813.133,hit,false,0.000,344,-1.000,9,GEOS_0.5x0.625/MERRA2/2019/07/MERRA2.20190701.A3cld.05x0625.nc4
1813.179,hit,false,0.000,344,-1.000,9,GEOS_0.5x0.625/MERRA2/2019/07/MERRA2.20190701.A3cld.05x0625.nc4
1813.202,uncovered,false,36.682,283,-1.000,10,GEOS_0.5x0.625/MERRA2/2019/07/MERRA2.20190701.A3cld.05x0625.nc4
1813.266,uncovered,false,36.662,283,-1.000,10,GEOS_0.5x0.625/MERRA2/2019/07/MERRA2.20190701.A3cld.05x0625.nc4
1850.040,hit,false,0.000,283,-1.000,10,GEOS_0.5x0.625/MERRA2/2019/07/MERRA2.20190701.A3cld.05x0625.nc4
1850.086,hit,false,0.000,283,-1.000,10,GEOS_0.5x0.625/MERRA2/2019/07/MERRA2.20190701.A3cld.05x0625.nc4
1850.144,hit,false,0.000,283,-1.000,10,GEOS_0.5x0.625/MERRA2/2019/07/MERRA2.20190701.A3cld.05x0625.nc4
1850.194,hit,false,0.000,283,-1.000,10,GEOS_0.5x0.625/MERRA2/2019/07/MERRA2.20190701.A3cld.05x0625.nc4
1850.226,hit,false,0.000,283,-1.000,10,GEOS_0.5x0.625/MERRA2/2019/07/MERRA2.20190701.A3cld.05x0625.nc4
1850.272,hit,false,0.000,283,-1.000,10,GEOS_0.5x0.625/MERRA2/2019/07/MERRA2.20190701.A3cld.05x0625.nc4
1850.311,uncovered,false,40.104,209,-1.000,11,GEOS_0.5x0.625/MERRA2/2019/07/MERRA2.20190701.A3cld.05x0625.nc4
1850.359,uncovered,false,40.105,209,-1.000,11,GEOS_0.5x0.625/MERRA2/2019/07/MERRA2.20190701.A3cld.05x0625.nc4
1890.652,hit,false,0.000,209,-1.000,11,GEOS_0.5x0.625/MERRA2/2019/07/MERRA2.20190701.A3cld.05x0625.nc4
1890.692,hit,false,0.000,209,-1.000,11,GEOS_0.5x0.625/MERRA2/2019/07/MERRA2.20190701.A3cld.05x0625.nc4
1890.744,hit,false,0.000,209,-1.000,11,GEOS_0.5x0.625/MERRA2/2019/07/MERRA2.20190701.A3cld.05x0625.nc4
1890.783,hit,false,0.000,208,-1.000,11,GEOS_0.5x0.625/MERRA2/2019/07/MERRA2.20190701.A3cld.05x0625.nc4
1890.841,hit,false,0.000,208,-1.000,11,GEOS_0.5x0.625/MERRA2/2019/07/MERRA2.20190701.A3cld.05x0625.nc4
1890.886,hit,false,0.000,208,-1.000,11,GEOS_0.5x0.625/MERRA2/2019/07/MERRA2.20190701.A3cld.05x0625.nc4
1890.946,uncovered,false,27.513,162,-1.000,12,GEOS_0.5x0.625/MERRA2/2019/07/MERRA2.20190701.A3cld.05x0625.nc4
1891.015,uncovered,false,27.484,162,-1.000,12,GEOS_0.5x0.625/MERRA2/2019/07/MERRA2.20190701.A3cld.05x0625.nc4
1918.610,hit,false,0.000,162,-1.000,12,GEOS_0.5x0.625/MERRA2/2019/07/MERRA2.20190701.A3cld.05x0625.nc4
1918.637,hit,false,0.000,162,-1.000,12,GEOS_0.5x0.625/MERRA2/2019/07/MERRA2.20190701.A3cld.05x0625.nc4
1918.704,hit,false,0.000,162,-1.000,12,GEOS_0.5x0.625/MERRA2/2019/07/MERRA2.20190701.A3cld.05x0625.nc4
1918.726,hit,false,0.000,162,-1.000,12,GEOS_0.5x0.625/MERRA2/2019/07/MERRA2.20190701.A3cld.05x0625.nc4
1918.780,hit,false,0.000,162,-1.000,12,GEOS_0.5x0.625/MERRA2/2019/07/MERRA2.20190701.A3cld.05x0625.nc4
1918.808,hit,false,0.000,162,-1.000,12,GEOS_0.5x0.625/MERRA2/2019/07/MERRA2.20190701.A3cld.05x0625.nc4
1918.855,uncovered,false,22.221,117,-1.000,13,GEOS_0.5x0.625/MERRA2/2019/07/MERRA2.20190701.A3cld.05x0625.nc4
1918.889,uncovered,false,22.244,117,-1.000,13,GEOS_0.5x0.625/MERRA2/2019/07/MERRA2.20190701.A3cld.05x0625.nc4
1941.198,hit,false,0.000,116,-1.000,13,GEOS_0.5x0.625/MERRA2/2019/07/MERRA2.20190701.A3cld.05x0625.nc4
1941.223,hit,false,0.000,116,-1.000,13,GEOS_0.5x0.625/MERRA2/2019/07/MERRA2.20190701.A3cld.05x0625.nc4
1941.290,hit,false,0.000,116,-1.000,13,GEOS_0.5x0.625/MERRA2/2019/07/MERRA2.20190701.A3cld.05x0625.nc4
1941.319,hit,false,0.000,116,-1.000,13,GEOS_0.5x0.625/MERRA2/2019/07/MERRA2.20190701.A3cld.05x0625.nc4
1941.355,hit,false,0.000,116,-1.000,13,GEOS_0.5x0.625/MERRA2/2019/07/MERRA2.20190701.A3cld.05x0625.nc4
1941.380,hit,false,0.000,116,-1.000,13,GEOS_0.5x0.625/MERRA2/2019/07/MERRA2.20190701.A3cld.05x0625.nc4
1941.441,uncovered,false,26.958,64,-1.000,14,GEOS_0.5x0.625/MERRA2/2019/07/MERRA2.20190701.A3cld.05x0625.nc4
1941.470,uncovered,false,26.965,64,-1.000,14,GEOS_0.5x0.625/MERRA2/2019/07/MERRA2.20190701.A3cld.05x0625.nc4
1968.549,hit,false,0.000,64,-1.000,14,GEOS_0.5x0.625/MERRA2/2019/07/MERRA2.20190701.A3cld.05x0625.nc4
1968.605,hit,false,0.000,64,-1.000,14,GEOS_0.5x0.625/MERRA2/2019/07/MERRA2.20190701.A3cld.05x0625.nc4
1968.651,hit,false,0.000,64,-1.000,14,GEOS_0.5x0.625/MERRA2/2019/07/MERRA2.20190701.A3cld.05x0625.nc4
1968.687,hit,false,0.000,64,-1.000,14,GEOS_0.5x0.625/MERRA2/2019/07/MERRA2.20190701.A3cld.05x0625.nc4
1968.719,hit,false,0.000,64,-1.000,14,GEOS_0.5x0.625/MERRA2/2019/07/MERRA2.20190701.A3cld.05x0625.nc4
1968.759,hit,false,0.000,64,-1.000,14,GEOS_0.5x0.625/MERRA2/2019/07/MERRA2.20190701.A3cld.05x0625.nc4
1968.800,uncovered,false,24.057,20,-1.000,15,GEOS_0.5x0.625/MERRA2/2019/07/MERRA2.20190701.A3cld.05x0625.nc4
1968.837,uncovered,false,24.076,20,-1.000,15,GEOS_0.5x0.625/MERRA2/2019/07/MERRA2.20190701.A3cld.05x0625.nc4
1992.991,hit,false,0.000,20,-1.000,15,GEOS_0.5x0.625/MERRA2/2019/07/MERRA2.20190701.A3cld.05x0625.nc4
1993.013,hit,false,0.000,20,-1.000,15,GEOS_0.5x0.625/MERRA2/2019/07/MERRA2.20190701.A3cld.05x0625.nc4
1993.088,hit,false,0.000,20,-1.000,15,GEOS_0.5x0.625/MERRA2/2019/07/MERRA2.20190701.A3cld.05x0625.nc4
1993.109,hit,false,0.000,20,-1.000,15,GEOS_0.5x0.625/MERRA2/2019/07/MERRA2.20190701.A3cld.05x0625.nc4
1993.156,hit,false,0.000,20,-1.000,15,GEOS_0.5x0.625/MERRA2/2019/07/MERRA2.20190701.A3cld.05x0625.nc4
1993.183,hit,false,0.000,20,-1.000,15,GEOS_0.5x0.625/MERRA2/2019/07/MERRA2.20190701.A3cld.05x0625.nc4
1993.224,hit,false,0.000,20,239.720,16,GEOS_0.5x0.625/MERRA2/2019/07/MERRA2.20190701.A3cld.05x0625.nc4
1993.254,hit,false,0.000,20,239.751,16,GEOS_0.5x0.625/MERRA2/2019/07/MERRA2.20190701.A3cld.05x0625.nc4
1993.309,hit,false,0.000,20,239.806,16,GEOS_0.5x0.625/MERRA2/2019/07/MERRA2.20190701.A3cld.05x0625.nc4
1993.333,hit,false,0.000,20,239.830,16,GEOS_0.5x0.625/MERRA2/2019/07/MERRA2.20190701.A3cld.05x0625.nc4
1993.377,hit,false,0.000,20,239.874,16,GEOS_0.5x0.625/MERRA2/2019/07/MERRA2.20190701.A3cld.05x0625.nc4
1993.398,hit,false,0.000,20,239.894,16,GEOS_0.5x0.625/MERRA2/2019/07/MERRA2.20190701.A3cld.05x0625.nc4
1993.438,hit,false,0.000,20,239.935,16,GEOS_0.5x0.625/MERRA2/2019/07/MERRA2.20190701.A3cld.05x0625.nc4
1993.534,hit,false,0.000,19,240.031,16,GEOS_0.5x0.625/MERRA2/2019/07/MERRA2.20190701.A3cld.05x0625.nc4
1993.579,hit,false,0.000,19,240.074,17,GEOS_0.5x0.625/MERRA2/2019/07/MERRA2.20190701.A3cld.05x0625.nc4
1993.603,hit,false,0.000,19,240.098,17,GEOS_0.5x0.625/MERRA2/2019/07/MERRA2.20190701.A3cld.05x0625.nc4
1993.647,hit,false,0.000,19,240.142,17,GEOS_0.5x0.625/MERRA2/2019/07/MERRA2.20190701.A3cld.05x0625.nc4
1993.669,hit,false,0.000,19,240.163,17,GEOS_0.5x0.625/MERRA2/2019/07/MERRA2.20190701.A3cld.05x0625.nc4
1993.710,hit,false,0.000,19,240.204,17,GEOS_0.5x0.625/MERRA2/2019/07/MERRA2.20190701.A3cld.05x0625.nc4
1993.745,hit,false,0.000,19,240.239,17,GEOS_0.5x0.625/MERRA2/2019/07/MERRA2.20190701.A3cld.05x0625.nc4
1993.776,hit,false,0.000,19,240.270,17,GEOS_0.5x0.625/MERRA2/2019/07/MERRA2.20190701.A3cld.05x0625.nc4
1993.810,hit,false,0.000,19,240.304,17,GEOS_0.5x0.625/MERRA2/2019/07/MERRA2.20190701.A3cld.05x0625.nc4
1993.839,hit,false,0.000,19,240.332,18,GEOS_0.5x0.625/MERRA2/2019/07/MERRA2.20190701.A3cld.05x0625.nc4
1993.871,hit,false,0.000,19,240.363,18,GEOS_0.5x0.625/MERRA2/2019/07/MERRA2.20190701.A3cld.05x0625.nc4
1993.905,hit,false,0.000,19,240.397,18,GEOS_0.5x0.625/MERRA2/2019/07/MERRA2.20190701.A3cld.05x0625.nc4
1993.930,hit,false,0.000,19,240.423,18,GEOS_0.5x0.625/MERRA2/2019/07/MERRA2.20190701.A3cld.05x0625.nc4
1993.964,hit,false,0.000,19,240.457,18,GEOS_0.5x0.625/MERRA2/2019/07/MERRA2.20190701.A3cld.05x0625.nc4
1993.987,hit,false,0.000,19,240.480,18,GEOS_0.5x0.625/MERRA2/2019/07/MERRA2.20190701.A3cld.05x0625.nc4
1994.026,hit,false,0.000,19,240.519,18,GEOS_0.5x0.625/MERRA2/2019/07/MERRA2.20190701.A3cld.05x0625.nc4
1994.058,hit,false,0.000,19,240.551,18,GEOS_0.5x0.625/MERRA2/2019/07/MERRA2.20190701.A3cld.05x0625.nc4
1994.091,hit,false,0.000,19,240.581,19,GEOS_0.5x0.625/MERRA2/2019/07/MERRA2.20190701.A3cld.05x0625.nc4
1994.122,hit,false,0.000,19,240.613,19,GEOS_0.5x0.625/MERRA2/2019/07/MERRA2.20190701.A3cld.05x0625.nc4
1994.155,hit,false,0.000,19,240.646,19,GEOS_0.5x0.625/MERRA2/2019/07/MERRA2.20190701.A3cld.05x0625.nc4
1994.178,hit,false,0.000,19,240.668,19,GEOS_0.5x0.625/MERRA2/2019/07/MERRA2.20190701.A3cld.05x0625.nc4
1994.219,hit,false,0.000,19,240.710,19,GEOS_0.5x0.625/MERRA2/2019/07/MERRA2.20190701.A3cld.05x0625.nc4
1994.242,hit,false,0.000,19,240.733,19,GEOS_0.5x0.625/MERRA2/2019/07/MERRA2.20190701.A3cld.05x0625.nc4
1994.283,hit,false,0.000,19,240.773,19,GEOS_0.5x0.625/MERRA2/2019/07/MERRA2.20190701.A3cld.05x0625.nc4
1994.307,hit,false,0.000,19,240.798,19,GEOS_0.5x0.625/MERRA2/2019/07/MERRA2.20190701.A3cld.05x0625.nc4
1994.339,hit,false,0.000,19,240.819,20,GEOS_0.5x0.625/MERRA2/2019/07/MERRA2.20190701.A3cld.05x0625.nc4
1994.367,hit,false,0.000,19,240.847,20,GEOS_0.5x0.625/MERRA2/2019/07/MERRA2.20190701.A3cld.05x0625.nc4
1994.410,hit,false,0.000,19,240.890,20,GEOS_0.5x0.625/MERRA2/2019/07/MERRA2.20190701.A3cld.05x0625.nc4
1994.431,hit,false,0.000,19,240.911,20,GEOS_0.5x0.625/MERRA2/2019/07/MERRA2.20190701.A3cld.05x0625.nc4
1994.472,hit,false,0.000,19,240.952,20,GEOS_0.5x0.625/MERRA2/2019/07/MERRA2.20190701.A3cld.05x0625.nc4
1994.494,hit,false,0.000,19,240.974,20,GEOS_0.5x0.625/MERRA2/2019/07/MERRA2.20190701.A3cld.05x0625.nc4
1994.535,hit,false,0.000,19,241.015,20,GEOS_0.5x0.625/MERRA2/2019/07/MERRA2.20190701.A3cld.05x0625.nc4
1994.559,hit,false,0.000,19,241.039,20,GEOS_0.5x0.625/MERRA2/2019/07/MERRA2.20190701.A3cld.05x0625.nc4
1994.666,hit,false,0.000,19,241.143,21,GEOS_0.5x0.625/MERRA2/2019/07/MERRA2.20190701.A3cld.05x0625.nc4
1994.699,hit,false,0.000,19,241.176,21,GEOS_0.5x0.625/MERRA2/2019/07/MERRA2.20190701.A3cld.05x0625.nc4
1994.724,hit,false,0.000,19,241.201,21,GEOS_0.5x0.625/MERRA2/2019/07/MERRA2.20190701.A3cld.05x0625.nc4
1994.769,hit,false,0.000,19,241.246,21,GEOS_0.5x0.625/MERRA2/2019/07/MERRA2.20190701.A3cld.05x0625.nc4
1994.793,hit,false,0.000,19,241.270,21,GEOS_0.5x0.625/MERRA2/2019/07/MERRA2.20190701.A3cld.05x0625.nc4
1994.834,hit,false,0.000,19,241.311,21,GEOS_0.5x0.625/MERRA2/2019/07/MERRA2.20190701.A3cld.05x0625.nc4
1994.868,hit,false,0.000,19,241.345,21,GEOS_0.5x0.625/MERRA2/2019/07/MERRA2.20190701.A3cld.05x0625.nc4
1994.896,hit,false,0.000,19,241.373,21,GEOS_0.5x0.625/MERRA2/2019/07/MERRA2.20190701.A3cld.05x0625.nc4
1994.931,hit,false,0.000,19,241.406,22,GEOS_0.5x0.625/MERRA2/2019/07/MERRA2.20190701.A3cld.05x0625.nc4
1994.957,hit,false,0.000,19,241.431,22,GEOS_0.5x0.625/MERRA2/2019/07/MERRA2.20190701.A3cld.05x0625.nc4
1994.993,hit,false,0.000,19,241.468,22,GEOS_0.5x0.625/MERRA2/2019/07/MERRA2.20190701.A3cld.05x0625.nc4
1995.018,hit,false,0.000,19,241.492,22,GEOS_0.5x0.625/MERRA2/2019/07/MERRA2.20190701.A3cld.05x0625.nc4
1995.050,hit,false,0.000,19,241.524,22,GEOS_0.5x0.625/MERRA2/2019/07/MERRA2.20190701.A3cld.05x0625.nc4
1995.083,hit,false,0.000,19,241.558,22,GEOS_0.5x0.625/MERRA2/2019/07/MERRA2.20190701.A3cld.05x0625.nc4
1995.117,hit,false,0.000,19,241.592,22,GEOS_0.5x0.625/MERRA2/2019/07/MERRA2.20190701.A3cld.05x0625.nc4
1995.153,hit,false,0.000,19,241.628,22,GEOS_0.5x0.625/MERRA2/2019/07/MERRA2.20190701.A3cld.05x0625.nc4
1995.178,hit,false,0.000,19,241.651,23,GEOS_0.5x0.625/MERRA2/2019/07/MERRA2.20190701.A3cld.05x0625.nc4
1995.214,hit,false,0.000,19,241.687,23,GEOS_0.5x0.625/MERRA2/2019/07/MERRA2.20190701.A3cld.05x0625.nc4
1995.240,hit,false,0.000,19,241.714,23,GEOS_0.5x0.625/MERRA2/2019/07/MERRA2.20190701.A3cld.05x0625.nc4
1995.271,hit,false,0.000,19,241.745,23,GEOS_0.5x0.625/MERRA2/2019/07/MERRA2.20190701.A3cld.05x0625.nc4
1995.296,hit,false,0.000,19,241.770,23,GEOS_0.5x0.625/MERRA2/2019/07/MERRA2.20190701.A3cld.05x0625.nc4
1995.333,hit,false,0.000,19,241.806,23,GEOS_0.5x0.625/MERRA2/2019/07/MERRA2.20190701.A3cld.05x0625.nc4
1995.399,hit,false,0.000,19,241.873,23,GEOS_0.5x0.625/MERRA2/2019/07/MERRA2.20190701.A3cld.05x0625.nc4
1995.423,hit,false,0.000,19,241.896,23,GEOS_0.5x0.625/MERRA2/2019/07/MERRA2.20190701.A3cld.05x0625.nc4
1995.452,hit,false,0.000,19,241.939,24,GEOS_0.5x0.625/MERRA2/2019/07/MERRA2.20190701.A3cld.05x0625.nc4
1995.481,hit,false,0.000,19,241.968,24,GEOS_0.5x0.625/MERRA2/2019/07/MERRA2.20190701.A3cld.05x0625.nc4
1995.532,hit,false,0.000,19,242.019,24,GEOS_0.5x0.625/MERRA2/2019/07/MERRA2.20190701.A3cld.05x0625.nc4
1995.554,hit,false,0.000,19,242.041,24,GEOS_0.5x0.625/MERRA2/2019/07/MERRA2.20190701.A3cld.05x0625.nc4
1995.604,hit,false,0.000,19,242.091,24,GEOS_0.5x0.625/MERRA2/2019/07/MERRA2.20190701.A3cld.05x0625.nc4
1995.625,hit,false,0.000,19,242.112,24,GEOS_0.5x0.625/MERRA2/2019/07/MERRA2.20190701.A3cld.05x0625.nc4
1995.733,hit,false,0.000,19,242.219,24,GEOS_0.5x0.625/MERRA2/2019/07/MERRA2.20190701.A3cld.05x0625.nc4
1995.754,hit,false,0.000,19,242.241,24,GEOS_0.5x0.625/MERRA2/2019/07/MERRA2.20190701.A3cld.05x0625.nc4
1995.797,hit,false,0.000,19,242.281,25,GEOS_0.5x0.625/MERRA2/2019/07/MERRA2.20190701.A3cld.05x0625.nc4
1995.821,hit,false,0.000,19,242.306,25,GEOS_0.5x0.625/MERRA2/2019/07/MERRA2.20190701.A3cld.05x0625.nc4
1995.862,hit,false,0.000,19,242.347,25,GEOS_0.5x0.625/MERRA2/2019/07/MERRA2.20190701.A3cld.05x0625.nc4
1995.905,hit,false,0.000,19,242.389,25,GEOS_0.5x0.625/MERRA2/2019/07/MERRA2.20190701.A3cld.05x0625.nc4
1995.928,hit,false,0.000,19,242.412,25,GEOS_0.5x0.625/MERRA2/2019/07/MERRA2.20190701.A3cld.05x0625.nc4
1995.969,hit,false,0.000,19,242.453,25,GEOS_0.5x0.625/MERRA2/2019/07/MERRA2.20190701.A3cld.05x0625.nc4
1995.989,hit,false,0.000,19,242.474,25,GEOS_0.5x0.625/MERRA2/2019/07/MERRA2.20190701.A3cld.05x0625.nc4
1996.034,hit,false,0.000,19,242.519,25,GEOS_0.5x0.625/MERRA2/2019/07/MERRA2.20190701.A3cld.05x0625.nc4
1996.057,hit,false,0.000,19,242.258,26,GEOS_0.5x0.625/MERRA2/2019/07/MERRA2.20190701.A3cld.05x0625.nc4
1996.095,hit,false,0.000,19,242.296,26,GEOS_0.5x0.625/MERRA2/2019/07/MERRA2.20190701.A3cld.05x0625.nc4
1996.120,hit,false,0.000,19,242.321,26,GEOS_0.5x0.625/MERRA2/2019/07/MERRA2.20190701.A3cld.05x0625.nc4
1996.153,hit,false,0.000,19,242.353,26,GEOS_0.5x0.625/MERRA2/2019/07/MERRA2.20190701.A3cld.05x0625.nc4
1996.185,hit,false,0.000,19,242.386,26,GEOS_0.5x0.625/MERRA2/2019/07/MERRA2.20190701.A3cld.05x0625.nc4
1996.208,hit,false,0.000,19,242.409,26,GEOS_0.5x0.625/MERRA2/2019/07/MERRA2.20190701.A3cld.05x0625.nc4
1996.242,hit,false,0.000,19,242.443,26,GEOS_0.5x0.625/MERRA2/2019/07/MERRA2.20190701.A3cld.05x0625.nc4
1996.291,hit,false,0.000,19,242.492,26,GEOS_0.5x0.625/MERRA2/2019/07/MERRA2.20190701.A3cld.05x0625.nc4
1996.317,hit,false,0.000,19,242.514,27,GEOS_0.5x0.625/MERRA2/2019/07/MERRA2.20190701.A3cld.05x0625.nc4
1996.364,hit,false,0.000,19,242.561,27,GEOS_0.5x0.625/MERRA2/2019/07/MERRA2.20190701.A3cld.05x0625.nc4
1996.386,hit,false,0.000,19,242.583,27,GEOS_0.5x0.625/MERRA2/2019/07/MERRA2.20190701.A3cld.05x0625.nc4
1996.432,hit,false,0.000,19,242.629,27,GEOS_0.5x0.625/MERRA2/2019/07/MERRA2.20190701.A3cld.05x0625.nc4
1996.465,hit,false,0.000,19,242.662,27,GEOS_0.5x0.625/MERRA2/2019/07/MERRA2.20190701.A3cld.05x0625.nc4
1996.492,hit,false,0.000,19,242.689,27,GEOS_0.5x0.625/MERRA2/2019/07/MERRA2.20190701.A3cld.05x0625.nc4
1996.523,hit,false,0.000,19,242.721,27,GEOS_0.5x0.625/MERRA2/2019/07/MERRA2.20190701.A3cld.05x0625.nc4
1996.551,hit,false,0.000,19,242.748,27,GEOS_0.5x0.625/MERRA2/2019/07/MERRA2.20190701.A3cld.05x0625.nc4
1996.582,hit,false,0.000,19,242.770,28,GEOS_0.5x0.625/MERRA2/2019/07/MERRA2.20190701.A3cld.05x0625.nc4
1996.610,hit,false,0.000,19,242.798,28,GEOS_0.5x0.625/MERRA2/2019/07/MERRA2.20190701.A3cld.05x0625.nc4
1996.649,hit,false,0.000,19,242.838,28,GEOS_0.5x0.625/MERRA2/2019/07/MERRA2.20190701.A3cld.05x0625.nc4
1996.674,hit,false,0.000,18,242.862,28,GEOS_0.5x0.625/MERRA2/2019/07/MERRA2.20190701.A3cld.05x0625.nc4
1996.707,hit,false,0.000,18,242.895,28,GEOS_0.5x0.625/MERRA2/2019/07/MERRA2.20190701.A3cld.05x0625.nc4
1996.754,hit,false,0.000,18,242.942,28,GEOS_0.5x0.625/MERRA2/2019/07/MERRA2.20190701.A3cld.05x0625.nc4
1996.776,hit,false,0.000,18,242.965,28,GEOS_0.5x0.625/MERRA2/2019/07/MERRA2.20190701.A3cld.05x0625.nc4
1996.810,hit,false,0.000,18,242.999,28,GEOS_0.5x0.625/MERRA2/2019/07/MERRA2.20190701.A3cld.05x0625.nc4
1996.836,hit,false,0.000,18,243.022,29,GEOS_0.5x0.625/MERRA2/2019/07/MERRA2.20190701.A3cld.05x0625.nc4
1996.872,hit,false,0.000,18,243.058,29,GEOS_0.5x0.625/MERRA2/2019/07/MERRA2.20190701.A3cld.05x0625.nc4
1996.896,hit,false,0.000,18,243.082,29,GEOS_0.5x0.625/MERRA2/2019/07/MERRA2.20190701.A3cld.05x0625.nc4
1996.933,hit,false,0.000,18,243.120,29,GEOS_0.5x0.625/MERRA2/2019/07/MERRA2.20190701.A3cld.05x0625.nc4
1996.967,hit,false,0.000,18,243.153,29,GEOS_0.5x0.625/MERRA2/2019/07/MERRA2.20190701.A3cld.05x0625.nc4
1996.995,hit,false,0.000,18,243.182,29,GEOS_0.5x0.625/MERRA2/2019/07/MERRA2.20190701.A3cld.05x0625.nc4
1997.026,hit,false,0.000,18,243.213,29,GEOS_0.5x0.625/MERRA2/2019/07/MERRA2.20190701.A3cld.05x0625.nc4
1997.063,hit,false,0.000,18,243.249,29,GEOS_0.5x0.625/MERRA2/2019/07/MERRA2.20190701.A3cld.05x0625.nc4
1997.098,hit,false,0.000,18,243.282,30,GEOS_0.5x0.625/MERRA2/2019/07/MERRA2.20190701.A3cld.05x0625.nc4
1997.130,hit,false,0.000,18,243.314,30,GEOS_0.5x0.625/MERRA2/2019/07/MERRA2.20190701.A3cld.05x0625.nc4
1997.161,hit,false,0.000,18,243.345,30,GEOS_0.5x0.625/MERRA2/2019/07/MERRA2.20190701.A3cld.05x0625.nc4
1997.204,hit,false,0.000,18,243.388,30,GEOS_0.5x0.625/MERRA2/2019/07/MERRA2.20190701.A3cld.05x0625.nc4
1997.246,hit,false,0.000,18,243.430,30,GEOS_0.5x0.625/MERRA2/2019/07/MERRA2.20190701.A3cld.05x0625.nc4
1997.270,hit,false,0.000,17,243.454,30,GEOS_0.5x0.625/MERRA2/2019/07/MERRA2.20190701.A3cld.05x0625.nc4
1997.303,hit,false,0.000,17,243.487,30,GEOS_0.5x0.625/MERRA2/2019/07/MERRA2.20190701.A3cld.05x0625.nc4
1997.330,hit,false,0.000,17,243.514,30,GEOS_0.5x0.625/MERRA2/2019/07/MERRA2.20190701.A3cld.05x0625.nc4
1997.361,hit,false,0.000,17,243.544,31,GEOS_0.5x0.625/MERRA2/2019/07/MERRA2.20190701.A3cld.05x0625.nc4
1997.395,hit,false,0.000,17,243.577,31,GEOS_0.5x0.625/MERRA2/2019/07/MERRA2.20190701.A3cld.05x0625.nc4
1997.425,hit,false,0.000,17,243.607,31,GEOS_0.5x0.625/MERRA2/2019/07/MERRA2.20190701.A3cld.05x0625.nc4
1997.475,hit,false,0.000,17,243.657,31,GEOS_0.5x0.625/MERRA2/2019/07/MERRA2.20190701.A3cld.05x0625.nc4
1997.496,hit,false,0.000,17,243.679,31,GEOS_0.5x0.625/MERRA2/2019/07/MERRA2.20190701.A3cld.05x0625.nc4
1997.533,hit,false,0.000,17,243.715,31,GEOS_0.5x0.625/MERRA2/2019/07/MERRA2.20190701.A3cld.05x0625.nc4
1997.558,hit,false,0.000,17,243.740,31,GEOS_0.5x0.625/MERRA2/2019/07/MERRA2.20190701.A3cld.05x0625.nc4
1997.592,hit,false,0.000,17,243.774,31,GEOS_0.5x0.625/MERRA2/2019/07/MERRA2.20190701.A3cld.05x0625.nc4
1997.618,hit,false,0.000,17,244.097,32,GEOS_0.5x0.625/MERRA2/2019/07/MERRA2.20190701.A3cld.05x0625.nc4
1997.652,hit,false,0.000,17,244.130,32,GEOS_0.5x0.625/MERRA2/2019/07/MERRA2.20190701.A3cld.05x0625.nc4
1997.684,hit,false,0.000,17,244.163,32,GEOS_0.5x0.625/MERRA2/2019/07/MERRA2.20190701.A3cld.05x0625.nc4
1997.710,hit,false,0.000,17,244.189,32,GEOS_0.5x0.625/MERRA2/2019/07/MERRA2.20190701.A3cld.05x0625.nc4
1997.743,hit,false,0.000,17,244.222,32,GEOS_0.5x0.625/MERRA2/2019/07/MERRA2.20190701.A3cld.05x0625.nc4
1997.849,hit,false,0.000,17,244.328,32,GEOS_0.5x0.625/MERRA2/2019/07/MERRA2.20190701.A3cld.05x0625.nc4
1997.869,hit,false,0.000,17,244.348,32,GEOS_0.5x0.625/MERRA2/2019/07/MERRA2.20190701.A3cld.05x0625.nc4
1997.924,hit,false,0.000,17,244.403,32,GEOS_0.5x0.625/MERRA2/2019/07/MERRA2.20190701.A3cld.05x0625.nc4
1997.945,hit,false,0.000,17,244.413,33,GEOS_0.5x0.625/MERRA2/2019/07/MERRA2.20190701.A3cld.05x0625.nc4
1998.000,hit,false,0.000,16,244.467,33,GEOS_0.5x0.625/MERRA2/2019/07/MERRA2.20190701.A3cld.05x0625.nc4
1998.020,hit,false,0.000,16,244.488,33,GEOS_0.5x0.625/MERRA2/2019/07/MERRA2.20190701.A3cld.05x0625.nc4
1998.085,hit,false,0.000,15,244.552,33,GEOS_0.5x0.625/MERRA2/2019/07/MERRA2.20190701.A3cld.05x0625.nc4
1998.106,hit,false,0.000,15,244.574,33,GEOS_0.5x0.625/MERRA2/2019/07/MERRA2.20190701.A3cld.05x0625.nc4
1998.152,hit,false,0.000,15,244.620,33,GEOS_0.5x0.625/MERRA2/2019/07/MERRA2.20190701.A3cld.05x0625.nc4
1998.177,hit,false,0.000,15,244.644,33,GEOS_0.5x0.625/MERRA2/2019/07/MERRA2.20190701.A3cld.05x0625.nc4
1998.215,hit,false,0.000,15,244.682,33,GEOS_0.5x0.625/MERRA2/2019/07/MERRA2.20190701.A3cld.05x0625.nc4
1998.244,hit,false,0.000,15,244.708,34,GEOS_0.5x0.625/MERRA2/2019/07/MERRA2.20190701.A3cld.05x0625.nc4
1998.280,hit,false,0.000,15,244.744,34,GEOS_0.5x0.625/MERRA2/2019/07/MERRA2.20190701.A3cld.05x0625.nc4
1998.317,hit,false,0.000,15,244.781,34,GEOS_0.5x0.625/MERRA2/2019/07/MERRA2.20190701.A3cld.05x0625.nc4
1998.340,hit,false,0.000,15,244.804,34,GEOS_0.5x0.625/MERRA2/2019/07/MERRA2.20190701.A3cld.05x0625.nc4
1998.374,hit,false,0.000,14,244.838,34,GEOS_0.5x0.625/MERRA2/2019/07/MERRA2.20190701.A3cld.05x0625.nc4
1998.407,hit,false,0.000,14,244.871,34,GEOS_0.5x0.625/MERRA2/2019/07/MERRA2.20190701.A3cld.05x0625.nc4
1998.432,hit,false,0.000,14,244.896,34,GEOS_0.5x0.625/MERRA2/2019/07/MERRA2.20190701.A3cld.05x0625.nc4
1998.463,hit,false,0.000,14,244.927,34,GEOS_0.5x0.625/MERRA2/2019/07/MERRA2.20190701.A3cld.05x0625.nc4
1998.498,hit,false,0.000,14,244.959,35,GEOS_0.5x0.625/MERRA2/2019/07/MERRA2.20190701.A3cld.05x0625.nc4
1998.528,hit,false,0.000,14,244.990,35,GEOS_0.5x0.625/MERRA2/2019/07/MERRA2.20190701.A3cld.05x0625.nc4
1998.567,hit,false,0.000,14,245.029,35,GEOS_0.5x0.625/MERRA2/2019/07/MERRA2.20190701.A3cld.05x0625.nc4
1998.590,hit,false,0.000,14,245.051,35,GEOS_0.5x0.625/MERRA2/2019/07/MERRA2.20190701.A3cld.05x0625.nc4
1998.625,hit,false,0.000,14,245.087,35,GEOS_0.5x0.625/MERRA2/2019/07/MERRA2.20190701.A3cld.05x0625.nc4
1998.650,hit,false,0.000,14,245.112,35,GEOS_0.5x0.625/MERRA2/2019/07/MERRA2.20190701.A3cld.05x0625.nc4
1998.683,hit,false,0.000,14,245.145,35,GEOS_0.5x0.625/MERRA2/2019/07/MERRA2.20190701.A3cld.05x0625.nc4
1998.734,hit,false,0.000,14,245.196,35,GEOS_0.5x0.625/MERRA2/2019/07/MERRA2.20190701.A3cld.05x0625.nc4
1998.756,hit,false,0.000,14,245.216,36,GEOS_0.5x0.625/MERRA2/2019/07/MERRA2.20190701.A3cld.05x0625.nc4
1998.797,hit,false,0.000,13,245.257,36,GEOS_0.5x0.625/MERRA2/2019/07/MERRA2.20190701.A3cld.05x0625.nc4
1998.819,hit,false,0.000,13,245.279,36,GEOS_0.5x0.625/MERRA2/2019/07/MERRA2.20190701.A3cld.05x0625.nc4
1998.858,hit,false,0.000,13,245.317,36,GEOS_0.5x0.625/MERRA2/2019/07/MERRA2.20190701.A3cld.05x0625.nc4
1998.881,hit,false,0.000,13,245.340,36,GEOS_0.5x0.625/MERRA2/2019/07/MERRA2.20190701.A3cld.05x0625.nc4
1998.915,hit,false,0.000,13,245.374,36,GEOS_0.5x0.625/MERRA2/2019/07/MERRA2.20190701.A3cld.05x0625.nc4
1998.940,hit,false,0.000,13,245.400,36,GEOS_0.5x0.625/MERRA2/2019/07/MERRA2.20190701.A3cld.05x0625.nc4
1998.974,hit,false,0.000,13,245.433,36,GEOS_0.5x0.625/MERRA2/2019/07/MERRA2.20190701.A3cld.05x0625.nc4
1999.000,hit,false,0.000,13,245.458,37,GEOS_0.5x0.625/MERRA2/2019/07/MERRA2.20190701.A3cld.05x0625.nc4
1999.041,hit,false,0.000,13,245.498,37,GEOS_0.5x0.625/MERRA2/2019/07/MERRA2.20190701.A3cld.05x0625.nc4
1999.071,hit,false,0.000,13,245.529,37,GEOS_0.5x0.625/MERRA2/2019/07/MERRA2.20190701.A3cld.05x0625.nc4
1999.122,hit,false,0.000,13,245.579,37,GEOS_0.5x0.625/MERRA2/2019/07/MERRA2.20190701.A3cld.05x0625.nc4
1999.213,hit,false,0.000,13,245.670,37,GEOS_0.5x0.625/MERRA2/2019/07/MERRA2.20190701.A3cld.05x0625.nc4
1999.233,hit,false,0.000,13,245.690,37,GEOS_0.5x0.625/MERRA2/2019/07/MERRA2.20190701.A3cld.05x0625.nc4
1999.277,hit,false,0.000,13,245.734,37,GEOS_0.5x0.625/MERRA2/2019/07/MERRA2.20190701.A3cld.05x0625.nc4
1999.313,hit,false,0.000,13,245.770,37,GEOS_0.5x0.625/MERRA2/2019/07/MERRA2.20190701.A3cld.05x0625.nc4
1999.338,hit,false,0.000,13,245.793,38,GEOS_0.5x0.625/MERRA2/2019/07/MERRA2.20190701.A3cld.05x0625.nc4
1999.379,hit,false,0.000,13,245.835,38,GEOS_0.5x0.625/MERRA2/2019/07/MERRA2.20190701.A3cld.05x0625.nc4
1999.404,hit,false,0.000,13,245.859,38,GEOS_0.5x0.625/MERRA2/2019/07/MERRA2.20190701.A3cld.05x0625.nc4
1999.437,hit,false,0.000,13,245.893,38,GEOS_0.5x0.625/MERRA2/2019/07/MERRA2.20190701.A3cld.05x0625.nc4
1999.463,hit,false,0.000,13,245.919,38,GEOS_0.5x0.625/MERRA2/2019/07/MERRA2.20190701.A3cld.05x0625.nc4
1999.497,hit,false,0.000,13,245.952,38,GEOS_0.5x0.625/MERRA2/2019/07/MERRA2.20190701.A3cld.05x0625.nc4
1999.532,hit,false,0.000,13,245.988,38,GEOS_0.5x0.625/MERRA2/2019/07/MERRA2.20190701.A3cld.05x0625.nc4
1999.556,hit,false,0.000,13,246.012,38,GEOS_0.5x0.625/MERRA2/2019/07/MERRA2.20190701.A3cld.05x0625.nc4
1999.593,hit,false,0.000,13,246.047,39,GEOS_0.5x0.625/MERRA2/2019/07/MERRA2.20190701.A3cld.05x0625.nc4
1999.620,hit,false,0.000,13,246.074,39,GEOS_0.5x0.625/MERRA2/2019/07/MERRA2.20190701.A3cld.05x0625.nc4
1999.657,hit,false,0.000,13,246.111,39,GEOS_0.5x0.625/MERRA2/2019/07/MERRA2.20190701.A3cld.05x0625.nc4
1999.680,hit,false,0.000,13,246.134,39,GEOS_0.5x0.625/MERRA2/2019/07/MERRA2.20190701.A3cld.05x0625.nc4
1999.732,hit,false,0.000,13,246.185,39,GEOS_0.5x0.625/MERRA2/2019/07/MERRA2.20190701.A3cld.05x0625.nc4
1999.740,hit,false,0.000,13,246.193,39,GEOS_0.5x0.625/MERRA2/2019/07/MERRA2.20190701.A3cld.05x0625.nc4
1999.834,hit,false,0.000,13,246.288,39,GEOS_0.5x0.625/MERRA2/2019/07/MERRA2.20190701.A3cld.05x0625.nc4
1999.845,hit,false,0.000,13,246.298,39,GEOS_0.5x0.625/MERRA2/2019/07/MERRA2.20190701.A3cld.05x0625.nc4
1999.924,hit,false,0.000,13,246.397,40,GEOS_0.5x0.625/MERRA2/2019/07/MERRA2.20190701.A3cld.05x0625.nc4
1999.951,hit,false,0.000,13,246.424,40,GEOS_0.5x0.625/MERRA2/2019/07/MERRA2.20190701.A3cld.05x0625.nc4
2000.002,hit,false,0.000,13,246.475,40,GEOS_0.5x0.625/MERRA2/2019/07/MERRA2.20190701.A3cld.05x0625.nc4
2000.035,hit,false,0.000,13,246.508,40,GEOS_0.5x0.625/MERRA2/2019/07/MERRA2.20190701.A3cld.05x0625.nc4
2000.136,hit,false,0.000,13,246.609,40,GEOS_0.5x0.625/MERRA2/2019/07/MERRA2.20190701.A3cld.05x0625.nc4
2000.159,hit,false,0.000,13,246.632,40,GEOS_0.5x0.625/MERRA2/2019/07/MERRA2.20190701.A3cld.05x0625.nc4
2000.194,hit,false,0.000,13,246.668,40,GEOS_0.5x0.625/MERRA2/2019/07/MERRA2.20190701.A3cld.05x0625.nc4
2000.227,hit,false,0.000,13,246.700,40,GEOS_0.5x0.625/MERRA2/2019/07/MERRA2.20190701.A3cld.05x0625.nc4
2000.254,hit,false,0.000,13,246.725,41,GEOS_0.5x0.625/MERRA2/2019/07/MERRA2.20190701.A3cld.05x0625.nc4
2000.306,hit,false,0.000,13,246.777,41,GEOS_0.5x0.625/MERRA2/2019/07/MERRA2.20190701.A3cld.05x0625.nc4
2000.322,hit,false,0.000,13,246.793,41,GEOS_0.5x0.625/MERRA2/2019/07/MERRA2.20190701.A3cld.05x0625.nc4
2000.370,hit,false,0.000,13,246.841,41,GEOS_0.5x0.625/MERRA2/2019/07/MERRA2.20190701.A3cld.05x0625.nc4
2000.392,hit,false,0.000,13,246.862,41,GEOS_0.5x0.625/MERRA2/2019/07/MERRA2.20190701.A3cld.05x0625.nc4
2000.435,hit,false,0.000,13,246.906,41,GEOS_0.5x0.625/MERRA2/2019/07/MERRA2.20190701.A3cld.05x0625.nc4
2000.457,hit,false,0.000,13,246.928,41,GEOS_0.5x0.625/MERRA2/2019/07/MERRA2.20190701.A3cld.05x0625.nc4
2000.493,hit,false,0.000,13,246.964,41,GEOS_0.5x0.625/MERRA2/2019/07/MERRA2.20190701.A3cld.05x0625.nc4
2000.515,hit,false,0.000,13,246.984,42,GEOS_0.5x0.625/MERRA2/2019/07/MERRA2.20190701.A3cld.05x0625.nc4
2000.556,hit,false,0.000,13,247.026,42,GEOS_0.5x0.625/MERRA2/2019/07/MERRA2.20190701.A3cld.05x0625.nc4
2000.581,hit,false,0.000,13,247.050,42,GEOS_0.5x0.625/MERRA2/2019/07/MERRA2.20190701.A3cld.05x0625.nc4
2000.615,hit,false,0.000,13,247.085,42,GEOS_0.5x0.625/MERRA2/2019/07/MERRA2.20190701.A3cld.05x0625.nc4
2000.640,hit,false,0.000,13,247.109,42,GEOS_0.5x0.625/MERRA2/2019/07/MERRA2.20190701.A3cld.05x0625.nc4
2000.672,hit,false,0.000,13,247.142,42,GEOS_0.5x0.625/MERRA2/2019/07/MERRA2.20190701.A3cld.05x0625.nc4
2000.699,hit,false,0.000,13,247.169,42,GEOS_0.5x0.625/MERRA2/2019/07/MERRA2.20190701.A3cld.05x0625.nc4
2000.732,hit,false,0.000,13,247.201,42,GEOS_0.5x0.625/MERRA2/2019/07/MERRA2.20190701.A3cld.05x0625.nc4
2000.807,hit,false,0.000,13,246.835,43,GEOS_0.5x0.625/MERRA2/2019/07/MERRA2.20190701.A3cld.05x0625.nc4
2000.833,hit,false,0.000,13,246.861,43,GEOS_0.5x0.625/MERRA2/2019/07/MERRA2.20190701.A3cld.05x0625.nc4
2000.866,hit,false,0.000,13,246.894,43,GEOS_0.5x0.625/MERRA2/2019/07/MERRA2.20190701.A3cld.05x0625.nc4
2000.893,hit,false,0.000,13,246.921,43,GEOS_0.5x0.625/MERRA2/2019/07/MERRA2.20190701.A3cld.05x0625.nc4
2000.925,hit,false,0.000,13,246.953,43,GEOS_0.5x0.625/MERRA2/2019/07/MERRA2.20190701.A3cld.05x0625.nc4
2000.977,hit,false,0.000,13,247.005,43,GEOS_0.5x0.625/MERRA2/2019/07/MERRA2.20190701.A3cld.05x0625.nc4
2001.001,hit,false,0.000,13,247.028,43,GEOS_0.5x0.625/MERRA2/2019/07/MERRA2.20190701.A3cld.05x0625.nc4
2001.063,hit,false,0.000,13,247.090,43,GEOS_0.5x0.625/MERRA2/2019/07/MERRA2.20190701.A3cld.05x0625.nc4
2001.085,hit,false,0.000,13,247.111,44,GEOS_0.5x0.625/MERRA2/2019/07/MERRA2.20190701.A3cld.05x0625.nc4
2001.128,hit,false,0.000,13,247.153,44,GEOS_0.5x0.625/MERRA2/2019/07/MERRA2.20190701.A3cld.05x0625.nc4
2001.166,hit,false,0.000,13,247.191,44,GEOS_0.5x0.625/MERRA2/2019/07/MERRA2.20190701.A3cld.05x0625.nc4
2001.189,hit,false,0.000,13,247.214,44,GEOS_0.5x0.625/MERRA2/2019/07/MERRA2.20190701.A3cld.05x0625.nc4
2001.223,hit,false,0.000,13,247.248,44,GEOS_0.5x0.625/MERRA2/2019/07/MERRA2.20190701.A3cld.05x0625.nc4
2001.250,hit,false,0.000,13,247.275,44,GEOS_0.5x0.625/MERRA2/2019/07/MERRA2.20190701.A3cld.05x0625.nc4
2001.282,hit,false,0.000,13,247.307,44,GEOS_0.5x0.625/MERRA2/2019/07/MERRA2.20190701.A3cld.05x0625.nc4
2001.316,hit,false,0.000,13,247.341,44,GEOS_0.5x0.625/MERRA2/2019/07/MERRA2.20190701.A3cld.05x0625.nc4
2001.367,hit,false,0.000,13,247.390,45,GEOS_0.5x0.625/MERRA2/2019/07/MERRA2.20190701.A3cld.05x0625.nc4
2001.381,hit,false,0.000,13,247.403,45,GEOS_0.5x0.625/MERRA2/2019/07/MERRA2.20190701.A3cld.05x0625.nc4
2001.432,hit,false,0.000,13,247.454,45,GEOS_0.5x0.625/MERRA2/2019/07/MERRA2.20190701.A3cld.05x0625.nc4
2001.454,hit,false,0.000,13,247.477,45,GEOS_0.5x0.625/MERRA2/2019/07/MERRA2.20190701.A3cld.05x0625.nc4
2001.488,hit,false,0.000,13,247.511,45,GEOS_0.5x0.625/MERRA2/2019/07/MERRA2.20190701.A3cld.05x0625.nc4
2001.514,hit,false,0.000,13,247.537,45,GEOS_0.5x0.625/MERRA2/2019/07/MERRA2.20190701.A3cld.05x0625.nc4
2001.545,hit,false,0.000,13,247.568,45,GEOS_0.5x0.625/MERRA2/2019/07/MERRA2.20190701.A3cld.05x0625.nc4
2001.589,hit,false,0.000,13,247.611,45,GEOS_0.5x0.625/MERRA2/2019/07/MERRA2.20190701.A3cld.05x0625.nc4
2001.611,hit,false,0.000,13,247.627,46,GEOS_0.5x0.625/MERRA2/2019/07/MERRA2.20190701.A3cld.05x0625.nc4
2001.688,hit,false,0.000,13,247.704,46,GEOS_0.5x0.625/MERRA2/2019/07/MERRA2.20190701.A3cld.05x0625.nc4
2001.708,hit,false,0.000,13,247.724,46,GEOS_0.5x0.625/MERRA2/2019/07/MERRA2.20190701.A3cld.05x0625.nc4
2001.792,hit,false,0.000,12,247.808,46,GEOS_0.5x0.625/MERRA2/2019/07/MERRA2.20190701.A3cld.05x0625.nc4
2001.814,hit,false,0.000,12,247.830,46,GEOS_0.5x0.625/MERRA2/2019/07/MERRA2.20190701.A3cld.05x0625.nc4
2001.858,hit,false,0.000,12,247.873,46,GEOS_0.5x0.625/MERRA2/2019/07/MERRA2.20190701.A3cld.05x0625.nc4
2001.885,hit,false,0.000,12,247.900,46,GEOS_0.5x0.625/MERRA2/2019/07/MERRA2.20190701.A3cld.05x0625.nc4
2001.917,hit,false,0.000,12,247.933,46,GEOS_0.5x0.625/MERRA2/2019/07/MERRA2.20190701.A3cld.05x0625.nc4
2001.958,hit,false,0.000,12,247.972,47,GEOS_0.5x0.625/MERRA2/2019/07/MERRA2.20190701.A3cld.05x0625.nc4
2001.985,hit,false,0.000,12,248.000,47,GEOS_0.5x0.625/MERRA2/2019/07/MERRA2.20190701.A3cld.05x0625.nc4
2002.019,hit,false,0.000,12,248.034,47,GEOS_0.5x0.625/MERRA2/2019/07/MERRA2.20190701.A3cld.05x0625.nc4
2002.062,hit,false,0.000,11,248.076,47,GEOS_0.5x0.625/MERRA2/2019/07/MERRA2.20190701.A3cld.05x0625.nc4
2002.147,hit,false,0.000,11,248.161,47,GEOS_0.5x0.625/MERRA2/2019/07/MERRA2.20190701.A3cld.05x0625.nc4
2002.170,hit,false,0.000,11,248.184,47,GEOS_0.5x0.625/MERRA2/2019/07/MERRA2.20190701.A3cld.05x0625.nc4
2002.202,hit,false,0.000,11,248.217,47,GEOS_0.5x0.625/MERRA2/2019/07/MERRA2.20190701.A3cld.05x0625.nc4
2002.277,hit,false,0.000,11,248.291,47,GEOS_0.5x0.625/MERRA2/2019/07/MERRA2.20190701.A3cld.05x0625.nc4
2002.300,hit,false,0.000,11,248.764,48,GEOS_0.5x0.625/MERRA2/2019/07/MERRA2.20190701.A3cld.05x0625.nc4
2002.340,hit,false,0.000,11,248.805,48,GEOS_0.5x0.625/MERRA2/2019/07/MERRA2.20190701.A3cld.05x0625.nc4
2002.370,hit,false,0.000,11,248.835,48,GEOS_0.5x0.625/MERRA2/2019/07/MERRA2.20190701.A3cld.05x0625.nc4
2002.488,hit,false,0.000,11,248.953,48,GEOS_0.5x0.625/MERRA2/2019/07/MERRA2.20190701.A3cld.05x0625.nc4
2002.493,hit,false,0.000,11,248.958,48,GEOS_0.5x0.625/MERRA2/2019/07/MERRA2.20190701.A3cld.05x0625.nc4
2002.564,hit,false,0.000,11,249.029,48,GEOS_0.5x0.625/MERRA2/2019/07/MERRA2.20190701.A3cld.05x0625.nc4
2002.587,hit,false,0.000,11,249.052,48,GEOS_0.5x0.625/MERRA2/2019/07/MERRA2.20190701.A3cld.05x0625.nc4
2002.622,hit,false,0.000,11,249.087,48,GEOS_0.5x0.625/MERRA2/2019/07/MERRA2.20190701.A3cld.05x0625.nc4
2002.649,hit,false,0.000,11,248.718,49,GEOS_0.5x0.625/MERRA2/2019/07/MERRA2.20190701.A3cld.05x0625.nc4
2002.697,hit,false,0.000,11,248.767,49,GEOS_0.5x0.625/MERRA2/2019/07/MERRA2.20190701.A3cld.05x0625.nc4
2002.727,hit,false,0.000,11,248.797,49,GEOS_0.5x0.625/MERRA2/2019/07/MERRA2.20190701.A3cld.05x0625.nc4
2002.759,hit,false,0.000,11,248.828,49,GEOS_0.5x0.625/MERRA2/2019/07/MERRA2.20190701.A3cld.05x0625.nc4
2002.796,hit,false,0.000,11,248.865,49,GEOS_0.5x0.625/MERRA2/2019/07/MERRA2.20190701.A3cld.05x0625.nc4
2002.819,hit,false,0.000,11,248.889,49,GEOS_0.5x0.625/MERRA2/2019/07/MERRA2.20190701.A3cld.05x0625.nc4
2002.869,hit,false,0.000,11,248.938,49,GEOS_0.5x0.625/MERRA2/2019/07/MERRA2.20190701.A3cld.05x0625.nc4
2002.902,hit,false,0.000,11,248.972,49,GEOS_0.5x0.625/MERRA2/2019/07/MERRA2.20190701.A3cld.05x0625.nc4
2002.932,hit,false,0.000,11,248.998,50,GEOS_0.5x0.625/MERRA2/2019/07/MERRA2.20190701.A3cld.05x0625.nc4
2002.971,hit,false,0.000,11,249.036,50,GEOS_0.5x0.625/MERRA2/2019/07/MERRA2.20190701.A3cld.05x0625.nc4
2003.019,hit,false,0.000,11,249.084,50,GEOS_0.5x0.625/MERRA2/2019/07/MERRA2.20190701.A3cld.05x0625.nc4
2003.042,hit,false,0.000,11,249.107,50,GEOS_0.5x0.625/MERRA2/2019/07/MERRA2.20190701.A3cld.05x0625.nc4
2003.089,hit,false,0.000,11,249.154,50,GEOS_0.5x0.625/MERRA2/2019/07/MERRA2.20190701.A3cld.05x0625.nc4
2003.118,hit,false,0.000,11,249.183,50,GEOS_0.5x0.625/MERRA2/2019/07/MERRA2.20190701.A3cld.05x0625.nc4
2003.159,hit,false,0.000,11,249.225,50,GEOS_0.5x0.625/MERRA2/2019/07/MERRA2.20190701.A3cld.05x0625.nc4
2003.184,hit,false,0.000,11,249.249,50,GEOS_0.5x0.625/MERRA2/2019/07/MERRA2.20190701.A3cld.05x0625.nc4
2003.219,hit,false,0.000,11,249.282,51,GEOS_0.5x0.625/MERRA2/2019/07/MERRA2.20190701.A3cld.05x0625.nc4
2003.244,hit,false,0.000,11,249.307,51,GEOS_0.5x0.625/MERRA2/2019/07/MERRA2.20190701.A3cld.05x0625.nc4
2003.282,hit,false,0.000,11,249.346,51,GEOS_0.5x0.625/MERRA2/2019/07/MERRA2.20190701.A3cld.05x0625.nc4
2003.305,hit,false,0.000,11,249.368,51,GEOS_0.5x0.625/MERRA2/2019/07/MERRA2.20190701.A3cld.05x0625.nc4
2003.346,hit,false,0.000,11,249.409,51,GEOS_0.5x0.625/MERRA2/2019/07/MERRA2.20190701.A3cld.05x0625.nc4
2003.378,hit,false,0.000,11,249.442,51,GEOS_0.5x0.625/MERRA2/2019/07/MERRA2.20190701.A3cld.05x0625.nc4
2003.423,hit,false,0.000,11,249.487,51,GEOS_0.5x0.625/MERRA2/2019/07/MERRA2.20190701.A3cld.05x0625.nc4
2003.446,hit,false,0.000,11,249.510,51,GEOS_0.5x0.625/MERRA2/2019/07/MERRA2.20190701.A3cld.05x0625.nc4
2003.479,hit,false,0.000,11,249.540,52,GEOS_0.5x0.625/MERRA2/2019/07/MERRA2.20190701.A3cld.05x0625.nc4
2003.506,hit,false,0.000,11,249.567,52,GEOS_0.5x0.625/MERRA2/2019/07/MERRA2.20190701.A3cld.05x0625.nc4
2003.550,hit,false,0.000,11,249.611,52,GEOS_0.5x0.625/MERRA2/2019/07/MERRA2.20190701.A3cld.05x0625.nc4
2003.573,hit,false,0.000,11,249.634,52,GEOS_0.5x0.625/MERRA2/2019/07/MERRA2.20190701.A3cld.05x0625.nc4
2003.608,hit,false,0.000,11,249.669,52,GEOS_0.5x0.625/MERRA2/2019/07/MERRA2.20190701.A3cld.05x0625.nc4
2003.641,hit,false,0.000,11,249.702,52,GEOS_0.5x0.625/MERRA2/2019/07/MERRA2.20190701.A3cld.05x0625.nc4
2003.669,hit,false,0.000,11,249.730,52,GEOS_0.5x0.625/MERRA2/2019/07/MERRA2.20190701.A3cld.05x0625.nc4
2003.703,hit,false,0.000,11,249.763,52,GEOS_0.5x0.625/MERRA2/2019/07/MERRA2.20190701.A3cld.05x0625.nc4
2003.733,hit,false,0.000,11,249.792,53,GEOS_0.5x0.625/MERRA2/2019/07/MERRA2.20190701.A3cld.05x0625.nc4
2003.796,hit,false,0.000,11,249.856,53,GEOS_0.5x0.625/MERRA2/2019/07/MERRA2.20190701.A3cld.05x0625.nc4
2003.818,hit,false,0.000,11,249.877,53,GEOS_0.5x0.625/MERRA2/2019/07/MERRA2.20190701.A3cld.05x0625.nc4
2003.859,hit,false,0.000,11,249.918,53,GEOS_0.5x0.625/MERRA2/2019/07/MERRA2.20190701.A3cld.05x0625.nc4
2003.894,hit,false,0.000,11,249.953,53,GEOS_0.5x0.625/MERRA2/2019/07/MERRA2.20190701.A3cld.05x0625.nc4
2003.939,hit,false,0.000,11,249.998,53,GEOS_0.5x0.625/MERRA2/2019/07/MERRA2.20190701.A3cld.05x0625.nc4
2003.985,hit,false,0.000,10,250.044,53,GEOS_0.5x0.625/MERRA2/2019/07/MERRA2.20190701.A3cld.05x0625.nc4
2004.009,hit,false,0.000,10,250.068,53,GEOS_0.5x0.625/MERRA2/2019/07/MERRA2.20190701.A3cld.05x0625.nc4
2004.041,hit,false,0.000,10,250.099,54,GEOS_0.5x0.625/MERRA2/2019/07/MERRA2.20190701.A3cld.05x0625.nc4
2004.075,hit,false,0.000,10,250.133,54,GEOS_0.5x0.625/MERRA2/2019/07/MERRA2.20190701.A3cld.05x0625.nc4
2004.125,hit,false,0.000,10,250.182,54,GEOS_0.5x0.625/MERRA2/2019/07/MERRA2.20190701.A3cld.05x0625.nc4
2004.147,hit,false,0.000,10,250.205,54,GEOS_0.5x0.625/MERRA2/2019/07/MERRA2.20190701.A3cld.05x0625.nc4
2004.186,hit,false,0.000,10,250.243,54,GEOS_0.5x0.625/MERRA2/2019/07/MERRA2.20190701.A3cld.05x0625.nc4
2004.231,hit,false,0.000,10,250.288,54,GEOS_0.5x0.625/MERRA2/2019/07/MERRA2.20190701.A3cld.05x0625.nc4
2004.254,hit,false,0.000,10,250.312,54,GEOS_0.5x0.625/MERRA2/2019/07/MERRA2.20190701.A3cld.05x0625.nc4
2004.288,hit,false,0.000,10,250.346,54,GEOS_0.5x0.625/MERRA2/2019/07/MERRA2.20190701.A3cld.05x0625.nc4
2004.314,hit,false,0.000,10,250.370,55,GEOS_0.5x0.625/MERRA2/2019/07/MERRA2.20190701.A3cld.05x0625.nc4
2004.347,hit,false,0.000,10,250.403,55,GEOS_0.5x0.625/MERRA2/2019/07/MERRA2.20190701.A3cld.05x0625.nc4
2004.376,hit,false,0.000,10,250.432,55,GEOS_0.5x0.625/MERRA2/2019/07/MERRA2.20190701.A3cld.05x0625.nc4
2004.406,hit,false,0.000,10,250.463,55,GEOS_0.5x0.625/MERRA2/2019/07/MERRA2.20190701.A3cld.05x0625.nc4
2004.443,hit,false,0.000,10,250.499,55,GEOS_0.5x0.625/MERRA2/2019/07/MERRA2.20190701.A3cld.05x0625.nc4
2004.465,hit,false,0.000,10,250.521,55,GEOS_0.5x0.625/MERRA2/2019/07/MERRA2.20190701.A3cld.05x0625.nc4
2004.504,hit,false,0.000,9,250.560,55,GEOS_0.5x0.625/MERRA2/2019/07/MERRA2.20190701.A3cld.05x0625.nc4
2004.525,hit,false,0.000,9,250.582,55,GEOS_0.5x0.625/MERRA2/2019/07/MERRA2.20190701.A3cld.05x0625.nc4
2004.614,hit,false,0.000,9,251.075,56,GEOS_0.5x0.625/MERRA2/2019/07/MERRA2.20190701.A3cld.05x0625.nc4
2004.638,hit,false,0.000,9,251.100,56,GEOS_0.5x0.625/MERRA2/2019/07/MERRA2.20190701.A3cld.05x0625.nc4
2004.764,hit,false,0.000,9,251.226,56,GEOS_0.5x0.625/MERRA2/2019/07/MERRA2.20190701.A3cld.05x0625.nc4
2004.789,hit,false,0.000,9,251.250,56,GEOS_0.5x0.625/MERRA2/2019/07/MERRA2.20190701.A3cld.05x0625.nc4
2004.824,hit,false,0.000,9,251.286,56,GEOS_0.5x0.625/MERRA2/2019/07/MERRA2.20190701.A3cld.05x0625.nc4
2004.876,hit,false,0.000,9,251.338,56,GEOS_0.5x0.625/MERRA2/2019/07/MERRA2.20190701.A3cld.05x0625.nc4
2004.897,hit,false,0.000,9,251.359,56,GEOS_0.5x0.625/MERRA2/2019/07/MERRA2.20190701.A3cld.05x0625.nc4
2004.936,hit,false,0.000,9,251.397,56,GEOS_0.5x0.625/MERRA2/2019/07/MERRA2.20190701.A3cld.05x0625.nc4
2004.976,hit,false,0.000,9,250.998,57,GEOS_0.5x0.625/MERRA2/2019/07/MERRA2.20190701.A3cld.05x0625.nc4
2005.029,hit,false,0.000,9,251.051,57,GEOS_0.5x0.625/MERRA2/2019/07/MERRA2.20190701.A3cld.05x0625.nc4
2005.050,hit,false,0.000,9,251.072,57,GEOS_0.5x0.625/MERRA2/2019/07/MERRA2.20190701.A3cld.05x0625.nc4
2005.092,hit,false,0.000,9,251.114,57,GEOS_0.5x0.625/MERRA2/2019/07/MERRA2.20190701.A3cld.05x0625.nc4
2005.115,hit,false,0.000,8,251.137,57,GEOS_0.5x0.625/MERRA2/2019/07/MERRA2.20190701.A3cld.05x0625.nc4
2005.156,hit,false,0.000,8,251.178,57,GEOS_0.5x0.625/MERRA2/2019/07/MERRA2.20190701.A3cld.05x0625.nc4
2005.180,hit,false,0.000,8,251.202,57,GEOS_0.5x0.625/MERRA2/2019/07/MERRA2.20190701.A3cld.05x0625.nc4
2005.212,hit,false,0.000,8,251.234,57,GEOS_0.5x0.625/MERRA2/2019/07/MERRA2.20190701.A3cld.05x0625.nc4
2005.239,hit,false,0.000,8,251.258,58,GEOS_0.5x0.625/MERRA2/2019/07/MERRA2.20190701.A3cld.05x0625.nc4
2005.274,hit,false,0.000,8,251.293,58,GEOS_0.5x0.625/MERRA2/2019/07/MERRA2.20190701.A3cld.05x0625.nc4
2005.316,hit,false,0.000,7,251.336,58,GEOS_0.5x0.625/MERRA2/2019/07/MERRA2.20190701.A3cld.05x0625.nc4
2005.339,hit,false,0.000,7,251.359,58,GEOS_0.5x0.625/MERRA2/2019/07/MERRA2.20190701.A3cld.05x0625.nc4
2005.431,hit,false,0.000,7,251.451,58,GEOS_0.5x0.625/MERRA2/2019/07/MERRA2.20190701.A3cld.05x0625.nc4
2005.453,hit,false,0.000,7,251.472,58,GEOS_0.5x0.625/MERRA2/2019/07/MERRA2.20190701.A3cld.05x0625.nc4
2005.493,hit,false,0.000,7,251.513,58,GEOS_0.5x0.625/MERRA2/2019/07/MERRA2.20190701.A3cld.05x0625.nc4
2005.518,hit,false,0.000,7,251.537,58,GEOS_0.5x0.625/MERRA2/2019/07/MERRA2.20190701.A3cld.05x0625.nc4
2005.565,hit,false,0.000,7,251.579,59,GEOS_0.5x0.625/MERRA2/2019/07/MERRA2.20190701.A3cld.05x0625.nc4
2005.598,hit,false,0.000,7,251.612,59,GEOS_0.5x0.625/MERRA2/2019/07/MERRA2.20190701.A3cld.05x0625.nc4
2005.632,hit,false,0.000,7,251.646,59,GEOS_0.5x0.625/MERRA2/2019/07/MERRA2.20190701.A3cld.05x0625.nc4
2005.663,hit,false,0.000,7,251.677,59,GEOS_0.5x0.625/MERRA2/2019/07/MERRA2.20190701.A3cld.05x0625.nc4
2005.695,hit,false,0.000,7,251.709,59,GEOS_0.5x0.625/MERRA2/2019/07/MERRA2.20190701.A3cld.05x0625.nc4
2005.728,hit,false,0.000,7,251.742,59,GEOS_0.5x0.625/MERRA2/2019/07/MERRA2.20190701.A3cld.05x0625.nc4
2005.755,hit,false,0.000,7,251.769,59,GEOS_0.5x0.625/MERRA2/2019/07/MERRA2.20190701.A3cld.05x0625.nc4
2005.787,hit,false,0.000,7,251.801,59,GEOS_0.5x0.625/MERRA2/2019/07/MERRA2.20190701.A3cld.05x0625.nc4
2005.812,hit,false,0.000,7,251.824,60,GEOS_0.5x0.625/MERRA2/2019/07/MERRA2.20190701.A3cld.05x0625.nc4
2005.848,hit,false,0.000,7,251.860,60,GEOS_0.5x0.625/MERRA2/2019/07/MERRA2.20190701.A3cld.05x0625.nc4
2005.878,hit,false,0.000,7,251.890,60,GEOS_0.5x0.625/MERRA2/2019/07/MERRA2.20190701.A3cld.05x0625.nc4
2005.912,hit,false,0.000,7,251.924,60,GEOS_0.5x0.625/MERRA2/2019/07/MERRA2.20190701.A3cld.05x0625.nc4
2005.960,hit,false,0.000,7,251.972,60,GEOS_0.5x0.625/MERRA2/2019/07/MERRA2.20190701.A3cld.05x0625.nc4
2005.981,hit,false,0.000,7,251.993,60,GEOS_0.5x0.625/MERRA2/2019/07/MERRA2.20190701.A3cld.05x0625.nc4
2006.029,hit,false,0.000,7,252.041,60,GEOS_0.5x0.625/MERRA2/2019/07/MERRA2.20190701.A3cld.05x0625.nc4
2006.051,hit,false,0.000,7,252.063,60,GEOS_0.5x0.625/MERRA2/2019/07/MERRA2.20190701.A3cld.05x0625.nc4
2006.129,hit,false,0.000,7,252.139,61,GEOS_0.5x0.625/MERRA2/2019/07/MERRA2.20190701.A3cld.05x0625.nc4
2006.132,hit,false,0.000,7,252.143,61,GEOS_0.5x0.625/MERRA2/2019/07/MERRA2.20190701.A3cld.05x0625.nc4
2006.212,hit,false,0.000,7,252.222,61,GEOS_0.5x0.625/MERRA2/2019/07/MERRA2.20190701.A3cld.05x0625.nc4
2006.223,hit,false,0.000,7,252.233,61,GEOS_0.5x0.625/MERRA2/2019/07/MERRA2.20190701.A3cld.05x0625.nc4
2006.280,hit,false,0.000,7,252.290,61,GEOS_0.5x0.625/MERRA2/2019/07/MERRA2.20190701.A3cld.05x0625.nc4
2006.303,hit,false,0.000,7,252.313,61,GEOS_0.5x0.625/MERRA2/2019/07/MERRA2.20190701.A3cld.05x0625.nc4
2006.342,hit,false,0.000,7,252.352,61,GEOS_0.5x0.625/MERRA2/2019/07/MERRA2.20190701.A3cld.05x0625.nc4
2006.376,hit,false,0.000,7,252.386,61,GEOS_0.5x0.625/MERRA2/2019/07/MERRA2.20190701.A3cld.05x0625.nc4
2006.406,hit,false,0.000,7,252.408,62,GEOS_0.5x0.625/MERRA2/2019/07/MERRA2.20190701.A3cld.05x0625.nc4
2006.440,hit,false,0.000,7,252.442,62,GEOS_0.5x0.625/MERRA2/2019/07/MERRA2.20190701.A3cld.05x0625.nc4
2006.468,hit,false,0.000,7,252.470,62,GEOS_0.5x0.625/MERRA2/2019/07/MERRA2.20190701.A3cld.05x0625.nc4
2006.509,hit,false,0.000,7,252.511,62,GEOS_0.5x0.625/MERRA2/2019/07/MERRA2.20190701.A3cld.05x0625.nc4
2006.531,hit,false,0.000,7,252.533,62,GEOS_0.5x0.625/MERRA2/2019/07/MERRA2.20190701.A3cld.05x0625.nc4
2006.571,hit,false,0.000,7,252.573,62,GEOS_0.5x0.625/MERRA2/2019/07/MERRA2.20190701.A3cld.05x0625.nc4
2006.594,hit,false,0.000,7,252.596,62,GEOS_0.5x0.625/MERRA2/2019/07/MERRA2.20190701.A3cld.05x0625.nc4
2006.650,hit,false,0.000,7,252.652,62,GEOS_0.5x0.625/MERRA2/2019/07/MERRA2.20190701.A3cld.05x0625.nc4
2006.667,hit,false,0.000,7,252.668,63,GEOS_0.5x0.625/MERRA2/2019/07/MERRA2.20190701.A3cld.05x0625.nc4
2006.751,hit,false,0.000,7,252.751,63,GEOS_0.5x0.625/MERRA2/2019/07/MERRA2.20190701.A3cld.05x0625.nc4
2006.773,hit,false,0.000,7,252.774,63,GEOS_0.5x0.625/MERRA2/2019/07/MERRA2.20190701.A3cld.05x0625.nc4
2006.823,hit,false,0.000,7,252.824,63,GEOS_0.5x0.625/MERRA2/2019/07/MERRA2.20190701.A3cld.05x0625.nc4
2006.847,hit,false,0.000,7,252.848,63,GEOS_0.5x0.625/MERRA2/2019/07/MERRA2.20190701.A3cld.05x0625.nc4
2006.881,hit,false,0.000,7,252.881,63,GEOS_0.5x0.625/MERRA2/2019/07/MERRA2.20190701.A3cld.05x0625.nc4
2006.906,hit,false,0.000,7,252.906,63,GEOS_0.5x0.625/MERRA2/2019/07/MERRA2.20190701.A3cld.05x0625.nc4
2006.942,hit,false,0.000,7,252.942,63,GEOS_0.5x0.625/MERRA2/2019/07/MERRA2.20190701.A3cld.05x0625.nc4
2006.966,hit,false,0.000,7,253.425,64,GEOS_0.5x0.625/MERRA2/2019/07/MERRA2.20190701.A3cld.05x0625.nc4
2007.104,hit,false,0.000,7,253.563,64,GEOS_0.5x0.625/MERRA2/2019/07/MERRA2.20190701.A3cld.05x0625.nc4
2007.126,hit,false,0.000,7,253.585,64,GEOS_0.5x0.625/MERRA2/2019/07/MERRA2.20190701.A3cld.05x0625.nc4
2007.166,hit,false,0.000,7,253.625,64,GEOS_0.5x0.625/MERRA2/2019/07/MERRA2.20190701.A3cld.05x0625.nc4
2007.199,hit,false,0.000,7,253.658,64,GEOS_0.5x0.625/MERRA2/2019/07/MERRA2.20190701.A3cld.05x0625.nc4
2007.226,hit,false,0.000,7,253.685,64,GEOS_0.5x0.625/MERRA2/2019/07/MERRA2.20190701.A3cld.05x0625.nc4
2007.264,hit,false,0.000,7,253.723,64,GEOS_0.5x0.625/MERRA2/2019/07/MERRA2.20190701.A3cld.05x0625.nc4
2007.297,hit,false,0.000,7,253.757,64,GEOS_0.5x0.625/MERRA2/2019/07/MERRA2.20190701.A3cld.05x0625.nc4
2007.324,hit,false,0.000,7,253.781,65,GEOS_0.5x0.625/MERRA2/2019/07/MERRA2.20190701.A3cld.05x0625.nc4
2007.376,hit,false,0.000,7,253.833,65,GEOS_0.5x0.625/MERRA2/2019/07/MERRA2.20190701.A3cld.05x0625.nc4
2007.398,hit,false,0.000,7,253.855,65,GEOS_0.5x0.625/MERRA2/2019/07/MERRA2.20190701.A3cld.05x0625.nc4
2007.434,hit,false,0.000,7,253.891,65,GEOS_0.5x0.625/MERRA2/2019/07/MERRA2.20190701.A3cld.05x0625.nc4
2007.460,hit,false,0.000,7,253.917,65,GEOS_0.5x0.625/MERRA2/2019/07/MERRA2.20190701.A3cld.05x0625.nc4
2007.511,hit,false,0.000,7,253.968,65,GEOS_0.5x0.625/MERRA2/2019/07/MERRA2.20190701.A3cld.05x0625.nc4
2007.533,hit,false,0.000,7,253.990,65,GEOS_0.5x0.625/MERRA2/2019/07/MERRA2.20190701.A3cld.05x0625.nc4
2007.571,hit,false,0.000,7,254.028,65,GEOS_0.5x0.625/MERRA2/2019/07/MERRA2.20190701.A3cld.05x0625.nc4
2007.599,hit,false,0.000,7,254.054,66,GEOS_0.5x0.625/MERRA2/2019/07/MERRA2.20190701.A3cld.05x0625.nc4
2007.636,hit,false,0.000,7,254.092,66,GEOS_0.5x0.625/MERRA2/2019/07/MERRA2.20190701.A3cld.05x0625.nc4
2007.673,hit,false,0.000,7,254.129,66,GEOS_0.5x0.625/MERRA2/2019/07/MERRA2.20190701.A3cld.05x0625.nc4
2007.698,hit,false,0.000,7,254.153,66,GEOS_0.5x0.625/MERRA2/2019/07/MERRA2.20190701.A3cld.05x0625.nc4
2007.729,hit,false,0.000,7,254.185,66,GEOS_0.5x0.625/MERRA2/2019/07/MERRA2.20190701.A3cld.05x0625.nc4
2007.759,hit,false,0.000,7,254.215,66,GEOS_0.5x0.625/MERRA2/2019/07/MERRA2.20190701.A3cld.05x0625.nc4
2007.789,hit,false,0.000,7,254.245,66,GEOS_0.5x0.625/MERRA2/2019/07/MERRA2.20190701.A3cld.05x0625.nc4
2007.852,hit,false,0.000,7,254.308,66,GEOS_0.5x0.625/MERRA2/2019/07/MERRA2.20190701.A3cld.05x0625.nc4
2007.876,hit,false,0.000,7,254.330,67,GEOS_0.5x0.625/MERRA2/2019/07/MERRA2.20190701.A3cld.05x0625.nc4
2007.912,hit,false,0.000,7,254.366,67,GEOS_0.5x0.625/MERRA2/2019/07/MERRA2.20190701.A3cld.05x0625.nc4
2007.941,hit,false,0.000,7,254.395,67,GEOS_0.5x0.625/MERRA2/2019/07/MERRA2.20190701.A3cld.05x0625.nc4
2007.973,hit,false,0.000,7,254.427,67,GEOS_0.5x0.625/MERRA2/2019/07/MERRA2.20190701.A3cld.05x0625.nc4
2008.015,hit,false,0.000,7,254.469,67,GEOS_0.5x0.625/MERRA2/2019/07/MERRA2.20190701.A3cld.05x0625.nc4
2008.058,hit,false,0.000,7,254.512,67,GEOS_0.5x0.625/MERRA2/2019/07/MERRA2.20190701.A3cld.05x0625.nc4
2008.071,hit,false,0.000,7,254.525,67,GEOS_0.5x0.625/MERRA2/2019/07/MERRA2.20190701.A3cld.05x0625.nc4
2008.115,hit,false,0.000,7,254.569,67,GEOS_0.5x0.625/MERRA2/2019/07/MERRA2.20190701.A3cld.05x0625.nc4
2008.140,hit,false,0.000,7,254.592,68,GEOS_0.5x0.625/MERRA2/2019/07/MERRA2.20190701.A3cld.05x0625.nc4
2008.174,hit,false,0.000,7,254.626,68,GEOS_0.5x0.625/MERRA2/2019/07/MERRA2.20190701.A3cld.05x0625.nc4
2008.215,hit,false,0.000,7,254.667,68,GEOS_0.5x0.625/MERRA2/2019/07/MERRA2.20190701.A3cld.05x0625.nc4
2008.234,hit,false,0.000,7,254.686,68,GEOS_0.5x0.625/MERRA2/2019/07/MERRA2.20190701.A3cld.05x0625.nc4
2008.274,hit,false,0.000,7,254.726,68,GEOS_0.5x0.625/MERRA2/2019/07/MERRA2.20190701.A3cld.05x0625.nc4
2008.297,hit,false,0.000,7,254.749,68,GEOS_0.5x0.625/MERRA2/2019/07/MERRA2.20190701.A3cld.05x0625.nc4
2008.335,hit,false,0.000,7,254.787,68,GEOS_0.5x0.625/MERRA2/2019/07/MERRA2.20190701.A3cld.05x0625.nc4
2008.366,hit,false,0.000,7,254.818,68,GEOS_0.5x0.625/MERRA2/2019/07/MERRA2.20190701.A3cld.05x0625.nc4
2008.411,hit,false,0.000,7,254.860,69,GEOS_0.5x0.625/MERRA2/2019/07/MERRA2.20190701.A3cld.05x0625.nc4
2008.437,hit,false,0.000,7,254.885,69,GEOS_0.5x0.625/MERRA2/2019/07/MERRA2.20190701.A3cld.05x0625.nc4
2008.474,hit,false,0.000,6,254.923,69,GEOS_0.5x0.625/MERRA2/2019/07/MERRA2.20190701.A3cld.05x0625.nc4
2008.503,hit,false,0.000,6,254.952,69,GEOS_0.5x0.625/MERRA2/2019/07/MERRA2.20190701.A3cld.05x0625.nc4
2008.545,hit,false,0.000,6,254.994,69,GEOS_0.5x0.625/MERRA2/2019/07/MERRA2.20190701.A3cld.05x0625.nc4
2008.577,hit,false,0.000,6,255.026,69,GEOS_0.5x0.625/MERRA2/2019/07/MERRA2.20190701.A3cld.05x0625.nc4
2008.605,hit,false,0.000,5,255.053,69,GEOS_0.5x0.625/MERRA2/2019/07/MERRA2.20190701.A3cld.05x0625.nc4
2008.640,hit,false,0.000,5,255.089,69,GEOS_0.5x0.625/MERRA2/2019/07/MERRA2.20190701.A3cld.05x0625.nc4
2008.688,hit,false,0.000,5,254.518,70,GEOS_0.5x0.625/MERRA2/2019/07/MERRA2.20190701.A3cld.05x0625.nc4
2008.716,hit,false,0.000,5,254.547,70,GEOS_0.5x0.625/MERRA2/2019/07/MERRA2.20190701.A3cld.05x0625.nc4
2008.750,hit,false,0.000,5,254.580,70,GEOS_0.5x0.625/MERRA2/2019/07/MERRA2.20190701.A3cld.05x0625.nc4
2008.778,hit,false,0.000,5,254.608,70,GEOS_0.5x0.625/MERRA2/2019/07/MERRA2.20190701.A3cld.05x0625.nc4
2008.809,hit,false,0.000,5,254.639,70,GEOS_0.5x0.625/MERRA2/2019/07/MERRA2.20190701.A3cld.05x0625.nc4
2008.831,hit,false,0.000,5,254.662,70,GEOS_0.5x0.625/MERRA2/2019/07/MERRA2.20190701.A3cld.05x0625.nc4
2008.870,hit,false,0.000,5,254.700,70,GEOS_0.5x0.625/MERRA2/2019/07/MERRA2.20190701.A3cld.05x0625.nc4
2008.893,hit,false,0.000,5,254.723,70,GEOS_0.5x0.625/MERRA2/2019/07/MERRA2.20190701.A3cld.05x0625.nc4
2008.958,hit,false,0.000,5,254.785,71,GEOS_0.5x0.625/MERRA2/2019/07/MERRA2.20190701.A3cld.05x0625.nc4
2008.983,hit,false,0.000,5,254.811,71,GEOS_0.5x0.625/MERRA2/2019/07/MERRA2.20190701.A3cld.05x0625.nc4
2009.018,hit,false,0.000,5,254.846,71,GEOS_0.5x0.625/MERRA2/2019/07/MERRA2.20190701.A3cld.05x0625.nc4
2009.050,hit,false,0.000,5,254.877,71,GEOS_0.5x0.625/MERRA2/2019/07/MERRA2.20190701.A3cld.05x0625.nc4
2009.081,hit,false,0.000,5,254.908,71,GEOS_0.5x0.625/MERRA2/2019/07/MERRA2.20190701.A3cld.05x0625.nc4
2009.112,hit,false,0.000,5,254.939,71,GEOS_0.5x0.625/MERRA2/2019/07/MERRA2.20190701.A3cld.05x0625.nc4
2009.143,hit,false,0.000,5,254.970,71,GEOS_0.5x0.625/MERRA2/2019/07/MERRA2.20190701.A3cld.05x0625.nc4
2009.165,hit,false,0.000,5,254.992,71,GEOS_0.5x0.625/MERRA2/2019/07/MERRA2.20190701.A3cld.05x0625.nc4
2009.273,hit,false,0.000,5,255.718,72,GEOS_0.5x0.625/MERRA2/2019/07/MERRA2.20190701.A3cld.05x0625.nc4
2009.297,hit,false,0.000,5,255.742,72,GEOS_0.5x0.625/MERRA2/2019/07/MERRA2.20190701.A3cld.05x0625.nc4
2009.347,hit,false,0.000,5,255.792,72,GEOS_0.5x0.625/MERRA2/2019/07/MERRA2.20190701.A3cld.05x0625.nc4
2009.369,hit,false,0.000,5,255.813,72,GEOS_0.5x0.625/MERRA2/2019/07/MERRA2.20190701.A3cld.05x0625.nc4
2009.408,hit,false,0.000,5,255.853,72,GEOS_0.5x0.625/MERRA2/2019/07/MERRA2.20190701.A3cld.05x0625.nc4
2009.439,hit,false,0.000,5,255.884,72,GEOS_0.5x0.625/MERRA2/2019/07/MERRA2.20190701.A3cld.05x0625.nc4
2009.469,hit,false,0.000,5,255.913,72,GEOS_0.5x0.625/MERRA2/2019/07/MERRA2.20190701.A3cld.05x0625.nc4
2009.500,hit,false,0.000,5,255.945,72,GEOS_0.5x0.625/MERRA2/2019/07/MERRA2.20190701.A3cld.05x0625.nc4
2009.588,hit,false,0.000,5,256.029,73,GEOS_0.5x0.625/MERRA2/2019/07/MERRA2.20190701.A3cld.05x0625.nc4
2009.611,hit,false,0.000,5,256.053,73,GEOS_0.5x0.625/MERRA2/2019/07/MERRA2.20190701.A3cld.05x0625.nc4
2009.646,hit,false,0.000,4,256.088,73,GEOS_0.5x0.625/MERRA2/2019/07/MERRA2.20190701.A3cld.05x0625.nc4
2009.671,hit,false,0.000,4,256.113,73,GEOS_0.5x0.625/MERRA2/2019/07/MERRA2.20190701.A3cld.05x0625.nc4
2009.709,hit,false,0.000,4,256.151,73,GEOS_0.5x0.625/MERRA2/2019/07/MERRA2.20190701.A3cld.05x0625.nc4
2009.734,hit,false,0.000,4,256.175,73,GEOS_0.5x0.625/MERRA2/2019/07/MERRA2.20190701.A3cld.05x0625.nc4
2009.772,hit,false,0.000,4,256.214,73,GEOS_0.5x0.625/MERRA2/2019/07/MERRA2.20190701.A3cld.05x0625.nc4
2009.796,hit,false,0.000,4,256.237,73,GEOS_0.5x0.625/MERRA2/2019/07/MERRA2.20190701.A3cld.05x0625.nc4
2009.838,hit,false,0.000,3,256.277,74,GEOS_0.5x0.625/MERRA2/2019/07/MERRA2.20190701.A3cld.05x0625.nc4
2009.864,hit,false,0.000,3,256.303,74,GEOS_0.5x0.625/MERRA2/2019/07/MERRA2.20190701.A3cld.05x0625.nc4
2009.901,hit,false,0.000,3,256.340,74,GEOS_0.5x0.625/MERRA2/2019/07/MERRA2.20190701.A3cld.05x0625.nc4
2009.927,hit,false,0.000,3,256.366,74,GEOS_0.5x0.625/MERRA2/2019/07/MERRA2.20190701.A3cld.05x0625.nc4
2009.964,hit,false,0.000,3,256.403,74,GEOS_0.5x0.625/MERRA2/2019/07/MERRA2.20190701.A3cld.05x0625.nc4
2009.990,hit,false,0.000,3,256.429,74,GEOS_0.5x0.625/MERRA2/2019/07/MERRA2.20190701.A3cld.05x0625.nc4
2010.029,hit,false,0.000,3,256.468,74,GEOS_0.5x0.625/MERRA2/2019/07/MERRA2.20190701.A3cld.05x0625.nc4
2010.052,hit,false,0.000,3,256.491,74,GEOS_0.5x0.625/MERRA2/2019/07/MERRA2.20190701.A3cld.05x0625.nc4
2010.085,hit,false,0.000,3,256.522,75,GEOS_0.5x0.625/MERRA2/2019/07/MERRA2.20190701.A3cld.05x0625.nc4
2010.113,hit,false,0.000,3,256.551,75,GEOS_0.5x0.625/MERRA2/2019/07/MERRA2.20190701.A3cld.05x0625.nc4
2010.147,hit,false,0.000,3,256.584,75,GEOS_0.5x0.625/MERRA2/2019/07/MERRA2.20190701.A3cld.05x0625.nc4
2010.170,hit,false,0.000,3,256.607,75,GEOS_0.5x0.625/MERRA2/2019/07/MERRA2.20190701.A3cld.05x0625.nc4
2010.204,hit,false,0.000,3,256.641,75,GEOS_0.5x0.625/MERRA2/2019/07/MERRA2.20190701.A3cld.05x0625.nc4
2010.230,hit,false,0.000,3,256.667,75,GEOS_0.5x0.625/MERRA2/2019/07/MERRA2.20190701.A3cld.05x0625.nc4
2010.286,hit,false,0.000,3,256.724,75,GEOS_0.5x0.625/MERRA2/2019/07/MERRA2.20190701.A3cld.05x0625.nc4
2010.317,hit,false,0.000,3,256.754,75,GEOS_0.5x0.625/MERRA2/2019/07/MERRA2.20190701.A3cld.05x0625.nc4
2010.342,hit,false,0.000,3,256.777,76,GEOS_0.5x0.625/MERRA2/2019/07/MERRA2.20190701.A3cld.05x0625.nc4
2010.378,hit,false,0.000,3,256.813,76,GEOS_0.5x0.625/MERRA2/2019/07/MERRA2.20190701.A3cld.05x0625.nc4
2010.417,hit,false,0.000,3,256.852,76,GEOS_0.5x0.625/MERRA2/2019/07/MERRA2.20190701.A3cld.05x0625.nc4
2010.440,hit,false,0.000,3,256.875,76,GEOS_0.5x0.625/MERRA2/2019/07/MERRA2.20190701.A3cld.05x0625.nc4
2010.472,hit,false,0.000,3,256.907,76,GEOS_0.5x0.625/MERRA2/2019/07/MERRA2.20190701.A3cld.05x0625.nc4
2010.498,hit,false,0.000,3,256.933,76,GEOS_0.5x0.625/MERRA2/2019/07/MERRA2.20190701.A3cld.05x0625.nc4
2010.527,hit,false,0.000,3,256.962,76,GEOS_0.5x0.625/MERRA2/2019/07/MERRA2.20190701.A3cld.05x0625.nc4
2010.550,hit,false,0.000,3,256.985,76,GEOS_0.5x0.625/MERRA2/2019/07/MERRA2.20190701.A3cld.05x0625.nc4
2010.583,hit,false,0.000,3,257.016,77,GEOS_0.5x0.625/MERRA2/2019/07/MERRA2.20190701.A3cld.05x0625.nc4
2010.616,hit,false,0.000,3,257.049,77,GEOS_0.5x0.625/MERRA2/2019/07/MERRA2.20190701.A3cld.05x0625.nc4
2010.639,hit,false,0.000,3,257.073,77,GEOS_0.5x0.625/MERRA2/2019/07/MERRA2.20190701.A3cld.05x0625.nc4
2010.706,hit,false,0.000,3,257.139,77,GEOS_0.5x0.625/MERRA2/2019/07/MERRA2.20190701.A3cld.05x0625.nc4
2010.727,hit,false,0.000,3,257.160,77,GEOS_0.5x0.625/MERRA2/2019/07/MERRA2.20190701.A3cld.05x0625.nc4
2010.766,hit,false,0.000,3,257.200,77,GEOS_0.5x0.625/MERRA2/2019/07/MERRA2.20190701.A3cld.05x0625.nc4
2010.799,hit,false,0.000,3,257.232,77,GEOS_0.5x0.625/MERRA2/2019/07/MERRA2.20190701.A3cld.05x0625.nc4
2010.826,hit,false,0.000,3,257.259,77,GEOS_0.5x0.625/MERRA2/2019/07/MERRA2.20190701.A3cld.05x0625.nc4
2010.849,hit,false,0.000,3,257.280,78,GEOS_0.5x0.625/MERRA2/2019/07/MERRA2.20190701.A3cld.05x0625.nc4
2010.892,hit,false,0.000,3,257.323,78,GEOS_0.5x0.625/MERRA2/2019/07/MERRA2.20190701.A3cld.05x0625.nc4
2010.911,hit,false,0.000,3,257.342,78,GEOS_0.5x0.625/MERRA2/2019/07/MERRA2.20190701.A3cld.05x0625.nc4
2010.954,hit,false,0.000,3,257.385,78,GEOS_0.5x0.625/MERRA2/2019/07/MERRA2.20190701.A3cld.05x0625.nc4
2010.977,hit,false,0.000,3,257.408,78,GEOS_0.5x0.625/MERRA2/2019/07/MERRA2.20190701.A3cld.05x0625.nc4
2011.014,hit,false,0.000,3,257.445,78,GEOS_0.5x0.625/MERRA2/2019/07/MERRA2.20190701.A3cld.05x0625.nc4
2011.040,hit,false,0.000,3,257.471,78,GEOS_0.5x0.625/MERRA2/2019/07/MERRA2.20190701.A3cld.05x0625.nc4
2011.069,hit,false,0.000,3,257.501,78,GEOS_0.5x0.625/MERRA2/2019/07/MERRA2.20190701.A3cld.05x0625.nc4
2011.101,uncovered,false,4.384,0,257.458,79,GEOS_0.5x0.625/MERRA2/2019/07/MERRA2.20190701.A3cld.05x0625.nc4
2011.139,uncovered,false,4.401,0,257.496,79,GEOS_0.5x0.625/MERRA2/2019/07/MERRA2.20190701.A3cld.05x0625.nc4
2015.569,hit,false,0.000,0,261.926,79,GEOS_0.5x0.625/MERRA2/2019/07/MERRA2.20190701.A3cld.05x0625.nc4
2015.606,hit,false,0.000,0,261.963,79,GEOS_0.5x0.625/MERRA2/2019/07/MERRA2.20190701.A3cld.05x0625.nc4
2015.634,hit,false,0.000,0,261.991,79,GEOS_0.5x0.625/MERRA2/2019/07/MERRA2.20190701.A3cld.05x0625.nc4
2015.660,hit,false,0.000,0,262.017,79,GEOS_0.5x0.625/MERRA2/2019/07/MERRA2.20190701.A3cld.05x0625.nc4
2015.689,hit,false,0.000,0,262.047,79,GEOS_0.5x0.625/MERRA2/2019/07/MERRA2.20190701.A3cld.05x0625.nc4
2015.784,hit,false,0.000,0,262.141,79,GEOS_0.5x0.625/MERRA2/2019/07/MERRA2.20190701.A3cld.05x0625.nc4
2015.805,hit,false,0.000,0,262.218,80,GEOS_0.5x0.625/MERRA2/2019/07/MERRA2.20190701.A3cld.05x0625.nc4
2015.845,hit,false,0.000,0,262.258,80,GEOS_0.5x0.625/MERRA2/2019/07/MERRA2.20190701.A3cld.05x0625.nc4
2015.874,hit,false,0.000,0,262.287,80,GEOS_0.5x0.625/MERRA2/2019/07/MERRA2.20190701.A3cld.05x0625.nc4
2015.905,hit,false,0.000,0,262.318,80,GEOS_0.5x0.625/MERRA2/2019/07/MERRA2.20190701.A3cld.05x0625.nc4
2015.929,hit,false,0.000,0,262.342,80,GEOS_0.5x0.625/MERRA2/2019/07/MERRA2.20190701.A3cld.05x0625.nc4
2015.962,hit,false,0.000,0,262.374,80,GEOS_0.5x0.625/MERRA2/2019/07/MERRA2.20190701.A3cld.05x0625.nc4
2015.991,hit,false,0.000,0,262.404,80,GEOS_0.5x0.625/MERRA2/2019/07/MERRA2.20190701.A3cld.05x0625.nc4
2016.021,hit,false,0.000,0,262.434,80,GEOS_0.5x0.625/MERRA2/2019/07/MERRA2.20190701.A3cld.05x0625.nc4
2016.044,hit,false,0.000,0,262.456,81,GEOS_0.5x0.625/MERRA2/2019/07/MERRA2.20190701.A3cld.05x0625.nc4
2016.086,hit,false,0.000,0,262.497,81,GEOS_0.5x0.625/MERRA2/2019/07/MERRA2.20190701.A3cld.05x0625.nc4
2016.110,hit,false,0.000,0,262.521,81,GEOS_0.5x0.625/MERRA2/2019/07/MERRA2.20190701.A3cld.05x0625.nc4
2016.151,hit,false,0.000,0,262.562,81,GEOS_0.5x0.625/MERRA2/2019/07/MERRA2.20190701.A3cld.05x0625.nc4
2016.173,hit,false,0.000,0,262.585,81,GEOS_0.5x0.625/MERRA2/2019/07/MERRA2.20190701.A3cld.05x0625.nc4
2016.208,hit,false,0.000,0,262.620,81,GEOS_0.5x0.625/MERRA2/2019/07/MERRA2.20190701.A3cld.05x0625.nc4
2016.238,hit,false,0.000,0,262.649,81,GEOS_0.5x0.625/MERRA2/2019/07/MERRA2.20190701.A3cld.05x0625.nc4
2016.268,hit,false,0.000,0,262.679,81,GEOS_0.5x0.625/MERRA2/2019/07/MERRA2.20190701.A3cld.05x0625.nc4
2016.301,hit,false,0.000,0,262.711,82,GEOS_0.5x0.625/MERRA2/2019/07/MERRA2.20190701.A3cld.05x0625.nc4
2016.327,hit,false,0.000,0,262.737,82,GEOS_0.5x0.625/MERRA2/2019/07/MERRA2.20190701.A3cld.05x0625.nc4
2016.363,hit,false,0.000,0,262.773,82,GEOS_0.5x0.625/MERRA2/2019/07/MERRA2.20190701.A3cld.05x0625.nc4
2016.389,hit,false,0.000,0,262.799,82,GEOS_0.5x0.625/MERRA2/2019/07/MERRA2.20190701.A3cld.05x0625.nc4
2016.423,hit,false,0.000,0,262.833,82,GEOS_0.5x0.625/MERRA2/2019/07/MERRA2.20190701.A3cld.05x0625.nc4
2016.448,hit,false,0.000,0,262.858,82,GEOS_0.5x0.625/MERRA2/2019/07/MERRA2.20190701.A3cld.05x0625.nc4
2016.482,hit,false,0.000,0,262.892,82,GEOS_0.5x0.625/MERRA2/2019/07/MERRA2.20190701.A3cld.05x0625.nc4
2016.512,hit,false,0.000,0,262.922,82,GEOS_0.5x0.625/MERRA2/2019/07/MERRA2.20190701.A3cld.05x0625.nc4
2016.543,hit,false,0.000,0,262.951,83,GEOS_0.5x0.625/MERRA2/2019/07/MERRA2.20190701.A3cld.05x0625.nc4
2016.576,hit,false,0.000,0,262.985,83,GEOS_0.5x0.625/MERRA2/2019/07/MERRA2.20190701.A3cld.05x0625.nc4
2016.605,hit,false,0.000,0,263.013,83,GEOS_0.5x0.625/MERRA2/2019/07/MERRA2.20190701.A3cld.05x0625.nc4
2016.638,hit,false,0.000,0,263.046,83,GEOS_0.5x0.625/MERRA2/2019/07/MERRA2.20190701.A3cld.05x0625.nc4
2016.663,hit,false,0.000,0,263.072,83,GEOS_0.5x0.625/MERRA2/2019/07/MERRA2.20190701.A3cld.05x0625.nc4
2016.697,hit,false,0.000,0,263.105,83,GEOS_0.5x0.625/MERRA2/2019/07/MERRA2.20190701.A3cld.05x0625.nc4
2016.723,hit,false,0.000,0,263.132,83,GEOS_0.5x0.625/MERRA2/2019/07/MERRA2.20190701.A3cld.05x0625.nc4
2016.753,hit,false,0.000,0,263.162,83,GEOS_0.5x0.625/MERRA2/2019/07/MERRA2.20190701.A3cld.05x0625.nc4
2016.783,hit,false,0.000,0,263.189,84,GEOS_0.5x0.625/MERRA2/2019/07/MERRA2.20190701.A3cld.05x0625.nc4
2016.816,hit,false,0.000,0,263.223,84,GEOS_0.5x0.625/MERRA2/2019/07/MERRA2.20190701.A3cld.05x0625.nc4
2016.849,hit,false,0.000,0,263.255,84,GEOS_0.5x0.625/MERRA2/2019/07/MERRA2.20190701.A3cld.05x0625.nc4
2016.876,hit,false,0.000,0,263.282,84,GEOS_0.5x0.625/MERRA2/2019/07/MERRA2.20190701.A3cld.05x0625.nc4
2016.907,hit,false,0.000,0,263.314,84,GEOS_0.5x0.625/MERRA2/2019/07/MERRA2.20190701.A3cld.05x0625.nc4
2016.935,hit,false,0.000,0,263.341,84,GEOS_0.5x0.625/MERRA2/2019/07/MERRA2.20190701.A3cld.05x0625.nc4
2016.967,hit,false,0.000,0,263.373,84,GEOS_0.5x0.625/MERRA2/2019/07/MERRA2.20190701.A3cld.05x0625.nc4
2016.992,hit,false,0.000,0,263.399,84,GEOS_0.5x0.625/MERRA2/2019/07/MERRA2.20190701.A3cld.05x0625.nc4
2017.027,hit,false,0.000,0,263.432,85,GEOS_0.5x0.625/MERRA2/2019/07/MERRA2.20190701.A3cld.05x0625.nc4
2017.056,hit,false,0.000,0,263.461,85,GEOS_0.5x0.625/MERRA2/2019/07/MERRA2.20190701.A3cld.05x0625.nc4
2017.088,hit,false,0.000,0,263.492,85,GEOS_0.5x0.625/MERRA2/2019/07/MERRA2.20190701.A3cld.05x0625.nc4
2017.112,hit,false,0.000,0,263.517,85,GEOS_0.5x0.625/MERRA2/2019/07/MERRA2.20190701.A3cld.05x0625.nc4
2017.146,hit,false,0.000,0,263.551,85,GEOS_0.5x0.625/MERRA2/2019/07/MERRA2.20190701.A3cld.05x0625.nc4
2017.172,hit,false,0.000,0,263.577,85,GEOS_0.5x0.625/MERRA2/2019/07/MERRA2.20190701.A3cld.05x0625.nc4
2017.201,hit,false,0.000,0,263.606,85,GEOS_0.5x0.625/MERRA2/2019/07/MERRA2.20190701.A3cld.05x0625.nc4
2017.225,hit,false,0.000,0,263.629,85,GEOS_0.5x0.625/MERRA2/2019/07/MERRA2.20190701.A3cld.05x0625.nc4
2017.257,hit,false,0.000,0,263.660,86,GEOS_0.5x0.625/MERRA2/2019/07/MERRA2.20190701.A3cld.05x0625.nc4
2017.284,hit,false,0.000,0,263.687,86,GEOS_0.5x0.625/MERRA2/2019/07/MERRA2.20190701.A3cld.05x0625.nc4
2017.314,hit,false,0.000,0,263.717,86,GEOS_0.5x0.625/MERRA2/2019/07/MERRA2.20190701.A3cld.05x0625.nc4
2017.340,hit,false,0.000,0,263.743,86,GEOS_0.5x0.625/MERRA2/2019/07/MERRA2.20190701.A3cld.05x0625.nc4
2017.374,hit,false,0.000,0,263.777,86,GEOS_0.5x0.625/MERRA2/2019/07/MERRA2.20190701.A3cld.05x0625.nc4
2017.397,hit,false,0.000,0,263.800,86,GEOS_0.5x0.625/MERRA2/2019/07/MERRA2.20190701.A3cld.05x0625.nc4
2017.430,hit,false,0.000,0,263.833,86,GEOS_0.5x0.625/MERRA2/2019/07/MERRA2.20190701.A3cld.05x0625.nc4
2017.456,hit,false,0.000,0,263.859,86,GEOS_0.5x0.625/MERRA2/2019/07/MERRA2.20190701.A3cld.05x0625.nc4
2017.486,hit,false,0.000,0,263.888,87,GEOS_0.5x0.625/MERRA2/2019/07/MERRA2.20190701.A3cld.05x0625.nc4
2017.520,hit,false,0.000,0,263.921,87,GEOS_0.5x0.625/MERRA2/2019/07/MERRA2.20190701.A3cld.05x0625.nc4
2017.545,hit,false,0.000,0,263.947,87,GEOS_0.5x0.625/MERRA2/2019/07/MERRA2.20190701.A3cld.05x0625.nc4
2017.578,hit,false,0.000,0,263.980,87,GEOS_0.5x0.625/MERRA2/2019/07/MERRA2.20190701.A3cld.05x0625.nc4
2017.601,hit,false,0.000,0,264.003,87,GEOS_0.5x0.625/MERRA2/2019/07/MERRA2.20190701.A3cld.05x0625.nc4
2017.637,hit,false,0.000,0,264.039,87,GEOS_0.5x0.625/MERRA2/2019/07/MERRA2.20190701.A3cld.05x0625.nc4
2017.731,hit,false,0.000,0,264.132,87,GEOS_0.5x0.625/MERRA2/2019/07/MERRA2.20190701.A3cld.05x0625.nc4
2017.754,hit,false,0.000,0,264.155,87,GEOS_0.5x0.625/MERRA2/2019/07/MERRA2.20190701.A3cld.05x0625.nc4
2017.786,hit,false,0.000,0,264.133,88,GEOS_0.5x0.625/MERRA2/2019/07/MERRA2.20190701.A3cld.05x0625.nc4
2017.814,hit,false,0.000,0,264.161,88,GEOS_0.5x0.625/MERRA2/2019/07/MERRA2.20190701.A3cld.05x0625.nc4
2017.878,hit,false,0.000,0,264.225,88,GEOS_0.5x0.625/MERRA2/2019/07/MERRA2.20190701.A3cld.05x0625.nc4
2017.899,hit,false,0.000,0,264.246,88,GEOS_0.5x0.625/MERRA2/2019/07/MERRA2.20190701.A3cld.05x0625.nc4
2017.938,hit,false,0.000,0,264.285,88,GEOS_0.5x0.625/MERRA2/2019/07/MERRA2.20190701.A3cld.05x0625.nc4
2017.963,hit,false,0.000,0,264.310,88,GEOS_0.5x0.625/MERRA2/2019/07/MERRA2.20190701.A3cld.05x0625.nc4
2017.998,hit,false,0.000,0,264.346,88,GEOS_0.5x0.625/MERRA2/2019/07/MERRA2.20190701.A3cld.05x0625.nc4
2018.023,hit,false,0.000,0,264.371,88,GEOS_0.5x0.625/MERRA2/2019/07/MERRA2.20190701.A3cld.05x0625.nc4
2018.056,hit,false,0.000,0,264.401,89,GEOS_0.5x0.625/MERRA2/2019/07/MERRA2.20190701.A3cld.05x0625.nc4
2018.084,hit,false,0.000,0,264.429,89,GEOS_0.5x0.625/MERRA2/2019/07/MERRA2.20190701.A3cld.05x0625.nc4
2018.118,hit,false,0.000,0,264.463,89,GEOS_0.5x0.625/MERRA2/2019/07/MERRA2.20190701.A3cld.05x0625.nc4
2018.148,hit,false,0.000,0,264.493,89,GEOS_0.5x0.625/MERRA2/2019/07/MERRA2.20190701.A3cld.05x0625.nc4
2018.181,hit,false,0.000,0,264.526,89,GEOS_0.5x0.625/MERRA2/2019/07/MERRA2.20190701.A3cld.05x0625.nc4
2018.203,hit,false,0.000,0,264.548,89,GEOS_0.5x0.625/MERRA2/2019/07/MERRA2.20190701.A3cld.05x0625.nc4
2018.240,hit,false,0.000,0,264.585,89,GEOS_0.5x0.625/MERRA2/2019/07/MERRA2.20190701.A3cld.05x0625.nc4
2018.265,hit,false,0.000,0,264.610,89,GEOS_0.5x0.625/MERRA2/2019/07/MERRA2.20190701.A3cld.05x0625.nc4
2018.298,hit,false,0.000,0,264.641,90,GEOS_0.5x0.625/MERRA2/2019/07/MERRA2.20190701.A3cld.05x0625.nc4
2018.328,hit,false,0.000,0,264.671,90,GEOS_0.5x0.625/MERRA2/2019/07/MERRA2.20190701.A3cld.05x0625.nc4
2018.362,hit,false,0.000,0,264.705,90,GEOS_0.5x0.625/MERRA2/2019/07/MERRA2.20190701.A3cld.05x0625.nc4
2018.385,hit,false,0.000,0,264.728,90,GEOS_0.5x0.625/MERRA2/2019/07/MERRA2.20190701.A3cld.05x0625.nc4
2018.420,hit,false,0.000,0,264.763,90,GEOS_0.5x0.625/MERRA2/2019/07/MERRA2.20190701.A3cld.05x0625.nc4
2018.446,hit,false,0.000,0,264.789,90,GEOS_0.5x0.625/MERRA2/2019/07/MERRA2.20190701.A3cld.05x0625.nc4
2018.477,hit,false,0.000,0,264.820,90,GEOS_0.5x0.625/MERRA2/2019/07/MERRA2.20190701.A3cld.05x0625.nc4
2018.505,hit,false,0.000,0,264.849,90,GEOS_0.5x0.625/MERRA2/2019/07/MERRA2.20190701.A3cld.05x0625.nc4
2018.537,hit,false,0.000,0,264.878,91,GEOS_0.5x0.625/MERRA2/2019/07/MERRA2.20190701.A3cld.05x0625.nc4
2018.562,hit,false,0.000,0,264.903,91,GEOS_0.5x0.625/MERRA2/2019/07/MERRA2.20190701.A3cld.05x0625.nc4
2018.598,hit,false,0.000,0,264.939,91,GEOS_0.5x0.625/MERRA2/2019/07/MERRA2.20190701.A3cld.05x0625.nc4
2018.623,hit,false,0.000,0,264.964,91,GEOS_0.5x0.625/MERRA2/2019/07/MERRA2.20190701.A3cld.05x0625.nc4
2018.653,hit,false,0.000,0,264.995,91,GEOS_0.5x0.625/MERRA2/2019/07/MERRA2.20190701.A3cld.05x0625.nc4
2018.678,hit,false,0.000,0,265.020,91,GEOS_0.5x0.625/MERRA2/2019/07/MERRA2.20190701.A3cld.05x0625.nc4
2018.712,hit,false,0.000,0,265.054,91,GEOS_0.5x0.625/MERRA2/2019/07/MERRA2.20190701.A3cld.05x0625.nc4
2018.736,hit,false,0.000,0,265.077,91,GEOS_0.5x0.625/MERRA2/2019/07/MERRA2.20190701.A3cld.05x0625.nc4
2018.769,hit,false,0.000,0,265.109,92,GEOS_0.5x0.625/MERRA2/2019/07/MERRA2.20190701.A3cld.05x0625.nc4
2018.795,hit,false,0.000,0,265.134,92,GEOS_0.5x0.625/MERRA2/2019/07/MERRA2.20190701.A3cld.05x0625.nc4
2018.828,hit,false,0.000,0,265.167,92,GEOS_0.5x0.625/MERRA2/2019/07/MERRA2.20190701.A3cld.05x0625.nc4
2018.853,hit,false,0.000,0,265.192,92,GEOS_0.5x0.625/MERRA2/2019/07/MERRA2.20190701.A3cld.05x0625.nc4
2018.887,hit,false,0.000,0,265.227,92,GEOS_0.5x0.625/MERRA2/2019/07/MERRA2.20190701.A3cld.05x0625.nc4
2018.918,hit,false,0.000,0,265.258,92,GEOS_0.5x0.625/MERRA2/2019/07/MERRA2.20190701.A3cld.05x0625.nc4
2018.943,hit,false,0.000,0,265.282,92,GEOS_0.5x0.625/MERRA2/2019/07/MERRA2.20190701.A3cld.05x0625.nc4
2018.975,hit,false,0.000,0,265.314,92,GEOS_0.5x0.625/MERRA2/2019/07/MERRA2.20190701.A3cld.05x0625.nc4
2018.998,hit,false,0.000,0,265.336,93,GEOS_0.5x0.625/MERRA2/2019/07/MERRA2.20190701.A3cld.05x0625.nc4
2019.035,hit,false,0.000,0,265.372,93,GEOS_0.5x0.625/MERRA2/2019/07/MERRA2.20190701.A3cld.05x0625.nc4
2019.058,hit,false,0.000,0,265.395,93,GEOS_0.5x0.625/MERRA2/2019/07/MERRA2.20190701.A3cld.05x0625.nc4
2019.104,hit,false,0.000,0,265.441,93,GEOS_0.5x0.625/MERRA2/2019/07/MERRA2.20190701.A3cld.05x0625.nc4
2019.128,hit,false,0.000,0,265.465,93,GEOS_0.5x0.625/MERRA2/2019/07/MERRA2.20190701.A3cld.05x0625.nc4
2019.158,hit,false,0.000,0,265.495,93,GEOS_0.5x0.625/MERRA2/2019/07/MERRA2.20190701.A3cld.05x0625.nc4
2019.183,hit,false,0.000,0,265.521,93,GEOS_0.5x0.625/MERRA2/2019/07/MERRA2.20190701.A3cld.05x0625.nc4
2019.212,hit,false,0.000,0,265.549,93,GEOS_0.5x0.625/MERRA2/2019/07/MERRA2.20190701.A3cld.05x0625.nc4
2019.235,hit,false,0.000,0,265.570,94,GEOS_0.5x0.625/MERRA2/2019/07/MERRA2.20190701.A3cld.05x0625.nc4
2019.270,hit,false,0.000,0,265.605,94,GEOS_0.5x0.625/MERRA2/2019/07/MERRA2.20190701.A3cld.05x0625.nc4
2019.293,hit,false,0.000,0,265.629,94,GEOS_0.5x0.625/MERRA2/2019/07/MERRA2.20190701.A3cld.05x0625.nc4
2019.331,hit,false,0.000,0,265.666,94,GEOS_0.5x0.625/MERRA2/2019/07/MERRA2.20190701.A3cld.05x0625.nc4
2019.355,hit,false,0.000,0,265.690,94,GEOS_0.5x0.625/MERRA2/2019/07/MERRA2.20190701.A3cld.05x0625.nc4
2019.387,hit,false,0.000,0,265.722,94,GEOS_0.5x0.625/MERRA2/2019/07/MERRA2.20190701.A3cld.05x0625.nc4
2019.412,hit,false,0.000,0,265.747,94,GEOS_0.5x0.625/MERRA2/2019/07/MERRA2.20190701.A3cld.05x0625.nc4
2019.442,hit,false,0.000,0,265.778,94,GEOS_0.5x0.625/MERRA2/2019/07/MERRA2.20190701.A3cld.05x0625.nc4
2019.467,hit,false,0.000,0,265.801,95,GEOS_0.5x0.625/MERRA2/2019/07/MERRA2.20190701.A3cld.05x0625.nc4
2019.503,hit,false,0.000,0,265.837,95,GEOS_0.5x0.625/MERRA2/2019/07/MERRA2.20190701.A3cld.05x0625.nc4
2019.529,hit,false,0.000,0,265.863,95,GEOS_0.5x0.625/MERRA2/2019/07/MERRA2.20190701.A3cld.05x0625.nc4
2019.561,hit,false,0.000,0,265.895,95,GEOS_0.5x0.625/MERRA2/2019/07/MERRA2.20190701.A3cld.05x0625.nc4
2019.589,hit,false,0.000,0,265.922,95,GEOS_0.5x0.625/MERRA2/2019/07/MERRA2.20190701.A3cld.05x0625.nc4
2019.694,hit,false,0.000,0,266.028,95,GEOS_0.5x0.625/MERRA2/2019/07/MERRA2.20190701.A3cld.05x0625.nc4
2019.716,hit,false,0.000,0,266.050,95,GEOS_0.5x0.625/MERRA2/2019/07/MERRA2.20190701.A3cld.05x0625.nc4
2019.755,hit,false,0.000,0,266.089,95,GEOS_0.5x0.625/MERRA2/2019/07/MERRA2.20190701.A3cld.05x0625.nc4
2019.777,hit,false,0.000,0,266.105,96,GEOS_0.5x0.625/MERRA2/2019/07/MERRA2.20190701.A3cld.05x0625.nc4
2019.817,hit,false,0.000,0,266.144,96,GEOS_0.5x0.625/MERRA2/2019/07/MERRA2.20190701.A3cld.05x0625.nc4
2019.844,hit,false,0.000,0,266.172,96,GEOS_0.5x0.625/MERRA2/2019/07/MERRA2.20190701.A3cld.05x0625.nc4
2019.875,hit,false,0.000,0,266.203,96,GEOS_0.5x0.625/MERRA2/2019/07/MERRA2.20190701.A3cld.05x0625.nc4
2019.901,hit,false,0.000,0,266.229,96,GEOS_0.5x0.625/MERRA2/2019/07/MERRA2.20190701.A3cld.05x0625.nc4
2019.934,hit,false,0.000,0,266.262,96,GEOS_0.5x0.625/MERRA2/2019/07/MERRA2.20190701.A3cld.05x0625.nc4
2019.959,hit,false,0.000,0,266.287,96,GEOS_0.5x0.625/MERRA2/2019/07/MERRA2.20190701.A3cld.05x0625.nc4
2019.995,hit,false,0.000,0,266.323,96,GEOS_0.5x0.625/MERRA2/2019/07/MERRA2.20190701.A3cld.05x0625.nc4
2020.018,hit,false,0.000,0,266.304,97,GEOS_0.5x0.625/MERRA2/2019/07/MERRA2.20190701.A3cld.05x0625.nc4
2020.060,hit,false,0.000,0,266.345,97,GEOS_0.5x0.625/MERRA2/2019/07/MERRA2.20190701.A3cld.05x0625.nc4
2020.086,hit,false,0.000,0,266.371,97,GEOS_0.5x0.625/MERRA2/2019/07/MERRA2.20190701.A3cld.05x0625.nc4
2020.121,hit,false,0.000,0,266.407,97,GEOS_0.5x0.625/MERRA2/2019/07/MERRA2.20190701.A3cld.05x0625.nc4
2020.145,hit,false,0.000,0,266.430,97,GEOS_0.5x0.625/MERRA2/2019/07/MERRA2.20190701.A3cld.05x0625.nc4
2020.182,hit,false,0.000,0,266.467,97,GEOS_0.5x0.625/MERRA2/2019/07/MERRA2.20190701.A3cld.05x0625.nc4
2020.206,hit,false,0.000,0,266.491,97,GEOS_0.5x0.625/MERRA2/2019/07/MERRA2.20190701.A3cld.05x0625.nc4
2020.239,hit,false,0.000,0,266.524,97,GEOS_0.5x0.625/MERRA2/2019/07/MERRA2.20190701.A3cld.05x0625.nc4
2020.264,hit,false,0.000,0,266.548,98,GEOS_0.5x0.625/MERRA2/2019/07/MERRA2.20190701.A3cld.05x0625.nc4
2020.300,hit,false,0.000,0,266.584,98,GEOS_0.5x0.625/MERRA2/2019/07/MERRA2.20190701.A3cld.05x0625.nc4
2020.326,hit,false,0.000,0,266.609,98,GEOS_0.5x0.625/MERRA2/2019/07/MERRA2.20190701.A3cld.05x0625.nc4
2020.359,hit,false,0.000,0,266.643,98,GEOS_0.5x0.625/MERRA2/2019/07/MERRA2.20190701.A3cld.05x0625.nc4
2020.387,hit,false,0.000,0,266.671,98,GEOS_0.5x0.625/MERRA2/2019/07/MERRA2.20190701.A3cld.05x0625.nc4
2020.420,hit,false,0.000,0,266.704,98,GEOS_0.5x0.625/MERRA2/2019/07/MERRA2.20190701.A3cld.05x0625.nc4
2020.443,hit,false,0.000,0,266.726,98,GEOS_0.5x0.625/MERRA2/2019/07/MERRA2.20190701.A3cld.05x0625.nc4
2020.477,hit,false,0.000,0,266.760,98,GEOS_0.5x0.625/MERRA2/2019/07/MERRA2.20190701.A3cld.05x0625.nc4
2020.503,hit,false,0.000,0,266.785,99,GEOS_0.5x0.625/MERRA2/2019/07/MERRA2.20190701.A3cld.05x0625.nc4
2020.536,hit,false,0.000,0,266.818,99,GEOS_0.5x0.625/MERRA2/2019/07/MERRA2.20190701.A3cld.05x0625.nc4
2020.564,hit,false,0.000,0,266.846,99,GEOS_0.5x0.625/MERRA2/2019/07/MERRA2.20190701.A3cld.05x0625.nc4
2020.592,hit,false,0.000,0,266.874,99,GEOS_0.5x0.625/MERRA2/2019/07/MERRA2.20190701.A3cld.05x0625.nc4
2020.622,hit,false,0.000,0,266.904,99,GEOS_0.5x0.625/MERRA2/2019/07/MERRA2.20190701.A3cld.05x0625.nc4
2020.652,hit,false,0.000,0,266.934,99,GEOS_0.5x0.625/MERRA2/2019/07/MERRA2.20190701.A3cld.05x0625.nc4
2020.678,hit,false,0.000,0,266.961,99,GEOS_0.5x0.625/MERRA2/2019/07/MERRA2.20190701.A3cld.05x0625.nc4
2020.708,hit,false,0.000,0,266.990,99,GEOS_0.5x0.625/MERRA2/2019/07/MERRA2.20190701.A3cld.05x0625.nc4
2020.737,hit,false,0.000,0,267.017,100,GEOS_0.5x0.625/MERRA2/2019/07/MERRA2.20190701.A3cld.05x0625.nc4
2020.771,hit,false,0.000,0,267.051,100,GEOS_0.5x0.625/MERRA2/2019/07/MERRA2.20190701.A3cld.05x0625.nc4
2020.799,hit,false,0.000,0,267.079,100,GEOS_0.5x0.625/MERRA2/2019/07/MERRA2.20190701.A3cld.05x0625.nc4
2020.832,hit,false,0.000,0,267.112,100,GEOS_0.5x0.625/MERRA2/2019/07/MERRA2.20190701.A3cld.05x0625.nc4
2020.856,hit,false,0.000,0,267.136,100,GEOS_0.5x0.625/MERRA2/2019/07/MERRA2.20190701.A3cld.05x0625.nc4
2020.888,hit,false,0.000,0,267.168,100,GEOS_0.5x0.625/MERRA2/2019/07/MERRA2.20190701.A3cld.05x0625.nc4
2020.914,hit,false,0.000,0,267.194,100,GEOS_0.5x0.625/MERRA2/2019/07/MERRA2.20190701.A3cld.05x0625.nc4
2020.945,hit,false,0.000,0,267.225,100,GEOS_0.5x0.625/MERRA2/2019/07/MERRA2.20190701.A3cld.05x0625.nc4
2020.969,hit,false,0.000,0,267.247,101,GEOS_0.5x0.625/MERRA2/2019/07/MERRA2.20190701.A3cld.05x0625.nc4
2021.010,hit,false,0.000,0,267.288,101,GEOS_0.5x0.625/MERRA2/2019/07/MERRA2.20190701.A3cld.05x0625.nc4
2021.032,hit,false,0.000,0,267.311,101,GEOS_0.5x0.625/MERRA2/2019/07/MERRA2.20190701.A3cld.05x0625.nc4
2021.065,hit,false,0.000,0,267.344,101,GEOS_0.5x0.625/MERRA2/2019/07/MERRA2.20190701.A3cld.05x0625.nc4
2021.090,hit,false,0.000,0,267.368,101,GEOS_0.5x0.625/MERRA2/2019/07/MERRA2.20190701.A3cld.05x0625.nc4
2021.126,hit,false,0.000,0,267.404,101,GEOS_0.5x0.625/MERRA2/2019/07/MERRA2.20190701.A3cld.05x0625.nc4
2021.148,hit,false,0.000,0,267.427,101,GEOS_0.5x0.625/MERRA2/2019/07/MERRA2.20190701.A3cld.05x0625.nc4
2021.180,hit,false,0.000,0,267.458,101,GEOS_0.5x0.625/MERRA2/2019/07/MERRA2.20190701.A3cld.05x0625.nc4
2021.205,hit,false,0.000,0,267.482,102,GEOS_0.5x0.625/MERRA2/2019/07/MERRA2.20190701.A3cld.05x0625.nc4
2021.236,hit,false,0.000,0,267.513,102,GEOS_0.5x0.625/MERRA2/2019/07/MERRA2.20190701.A3cld.05x0625.nc4
2021.268,hit,false,0.000,0,267.545,102,GEOS_0.5x0.625/MERRA2/2019/07/MERRA2.20190701.A3cld.05x0625.nc4
2021.294,hit,false,0.000,0,267.571,102,GEOS_0.5x0.625/MERRA2/2019/07/MERRA2.20190701.A3cld.05x0625.nc4
2021.323,hit,false,0.000,0,267.600,102,GEOS_0.5x0.625/MERRA2/2019/07/MERRA2.20190701.A3cld.05x0625.nc4
2021.346,hit,false,0.000,0,267.623,102,GEOS_0.5x0.625/MERRA2/2019/07/MERRA2.20190701.A3cld.05x0625.nc4
2021.378,hit,false,0.000,0,267.655,102,GEOS_0.5x0.625/MERRA2/2019/07/MERRA2.20190701.A3cld.05x0625.nc4
2021.404,hit,false,0.000,0,267.681,102,GEOS_0.5x0.625/MERRA2/2019/07/MERRA2.20190701.A3cld.05x0625.nc4
2021.434,hit,false,0.000,0,267.710,103,GEOS_0.5x0.625/MERRA2/2019/07/MERRA2.20190701.A3cld.05x0625.nc4
2021.460,hit,false,0.000,0,267.736,103,GEOS_0.5x0.625/MERRA2/2019/07/MERRA2.20190701.A3cld.05x0625.nc4
2021.491,hit,false,0.000,0,267.766,103,GEOS_0.5x0.625/MERRA2/2019/07/MERRA2.20190701.A3cld.05x0625.nc4
2021.515,hit,false,0.000,0,267.791,103,GEOS_0.5x0.625/MERRA2/2019/07/MERRA2.20190701.A3cld.05x0625.nc4
2021.617,hit,false,0.000,0,267.892,103,GEOS_0.5x0.625/MERRA2/2019/07/MERRA2.20190701.A3cld.05x0625.nc4
2021.638,hit,false,0.000,0,267.914,103,GEOS_0.5x0.625/MERRA2/2019/07/MERRA2.20190701.A3cld.05x0625.nc4
2021.680,hit,false,0.000,0,267.955,103,GEOS_0.5x0.625/MERRA2/2019/07/MERRA2.20190701.A3cld.05x0625.nc4
2021.701,hit,false,0.000,0,267.976,103,GEOS_0.5x0.625/MERRA2/2019/07/MERRA2.20190701.A3cld.05x0625.nc4
2021.741,hit,false,0.000,0,268.066,104,GEOS_0.5x0.625/MERRA2/2019/07/MERRA2.20190701.A3cld.05x0625.nc4
2021.765,hit,false,0.000,0,268.090,104,GEOS_0.5x0.625/MERRA2/2019/07/MERRA2.20190701.A3cld.05x0625.nc4
2021.819,hit,false,0.000,0,268.144,104,GEOS_0.5x0.625/MERRA2/2019/07/MERRA2.20190701.A3cld.05x0625.nc4
2021.839,hit,false,0.000,0,268.165,104,GEOS_0.5x0.625/MERRA2/2019/07/MERRA2.20190701.A3cld.05x0625.nc4
2021.874,hit,false,0.000,0,268.199,104,GEOS_0.5x0.625/MERRA2/2019/07/MERRA2.20190701.A3cld.05x0625.nc4
2021.900,hit,false,0.000,0,268.225,104,GEOS_0.5x0.625/MERRA2/2019/07/MERRA2.20190701.A3cld.05x0625.nc4
2021.934,hit,false,0.000,0,268.260,104,GEOS_0.5x0.625/MERRA2/2019/07/MERRA2.20190701.A3cld.05x0625.nc4
2021.961,hit,false,0.000,0,268.286,104,GEOS_0.5x0.625/MERRA2/2019/07/MERRA2.20190701.A3cld.05x0625.nc4
2022.003,hit,false,0.000,0,267.931,105,GEOS_0.5x0.625/MERRA2/2019/07/MERRA2.20190701.A3cld.05x0625.nc4
2022.026,hit,false,0.000,0,267.955,105,GEOS_0.5x0.625/MERRA2/2019/07/MERRA2.20190701.A3cld.05x0625.nc4
2022.067,hit,false,0.000,0,267.995,105,GEOS_0.5x0.625/MERRA2/2019/07/MERRA2.20190701.A3cld.05x0625.nc4
2022.088,hit,false,0.000,0,268.016,105,GEOS_0.5x0.625/MERRA2/2019/07/MERRA2.20190701.A3cld.05x0625.nc4
2022.124,hit,false,0.000,0,268.052,105,GEOS_0.5x0.625/MERRA2/2019/07/MERRA2.20190701.A3cld.05x0625.nc4
2022.149,hit,false,0.000,0,268.077,105,GEOS_0.5x0.625/MERRA2/2019/07/MERRA2.20190701.A3cld.05x0625.nc4
2022.182,hit,false,0.000,0,268.110,105,GEOS_0.5x0.625/MERRA2/2019/07/MERRA2.20190701.A3cld.05x0625.nc4
2022.222,hit,false,0.000,0,268.150,105,GEOS_0.5x0.625/MERRA2/2019/07/MERRA2.20190701.A3cld.05x0625.nc4
2022.271,hit,false,0.000,0,268.197,106,GEOS_0.5x0.625/MERRA2/2019/07/MERRA2.20190701.A3cld.05x0625.nc4
2022.295,hit,false,0.000,0,268.222,106,GEOS_0.5x0.625/MERRA2/2019/07/MERRA2.20190701.A3cld.05x0625.nc4
2022.336,hit,false,0.000,0,268.262,106,GEOS_0.5x0.625/MERRA2/2019/07/MERRA2.20190701.A3cld.05x0625.nc4
2022.358,hit,false,0.000,0,268.285,106,GEOS_0.5x0.625/MERRA2/2019/07/MERRA2.20190701.A3cld.05x0625.nc4
2022.399,hit,false,0.000,0,268.325,106,GEOS_0.5x0.625/MERRA2/2019/07/MERRA2.20190701.A3cld.05x0625.nc4
2022.421,hit,false,0.000,0,268.347,106,GEOS_0.5x0.625/MERRA2/2019/07/MERRA2.20190701.A3cld.05x0625.nc4
2022.454,hit,false,0.000,0,268.380,106,GEOS_0.5x0.625/MERRA2/2019/07/MERRA2.20190701.A3cld.05x0625.nc4
2022.479,hit,false,0.000,0,268.405,106,GEOS_0.5x0.625/MERRA2/2019/07/MERRA2.20190701.A3cld.05x0625.nc4
2022.512,hit,false,0.000,0,268.436,107,GEOS_0.5x0.625/MERRA2/2019/07/MERRA2.20190701.A3cld.05x0625.nc4
2022.553,hit,false,0.000,0,268.477,107,GEOS_0.5x0.625/MERRA2/2019/07/MERRA2.20190701.A3cld.05x0625.nc4
2022.578,hit,false,0.000,0,268.501,107,GEOS_0.5x0.625/MERRA2/2019/07/MERRA2.20190701.A3cld.05x0625.nc4
2022.610,hit,false,0.000,0,268.534,107,GEOS_0.5x0.625/MERRA2/2019/07/MERRA2.20190701.A3cld.05x0625.nc4
2022.636,hit,false,0.000,0,268.560,107,GEOS_0.5x0.625/MERRA2/2019/07/MERRA2.20190701.A3cld.05x0625.nc4
2022.669,hit,false,0.000,0,268.592,107,GEOS_0.5x0.625/MERRA2/2019/07/MERRA2.20190701.A3cld.05x0625.nc4
2022.693,hit,false,0.000,0,268.616,107,GEOS_0.5x0.625/MERRA2/2019/07/MERRA2.20190701.A3cld.05x0625.nc4
2022.728,hit,false,0.000,0,268.651,107,GEOS_0.5x0.625/MERRA2/2019/07/MERRA2.20190701.A3cld.05x0625.nc4
2022.753,hit,false,0.000,0,268.668,108,GEOS_0.5x0.625/MERRA2/2019/07/MERRA2.20190701.A3cld.05x0625.nc4
2022.795,hit,false,0.000,0,268.711,108,GEOS_0.5x0.625/MERRA2/2019/07/MERRA2.20190701.A3cld.05x0625.nc4
2022.819,hit,false,0.000,0,268.735,108,GEOS_0.5x0.625/MERRA2/2019/07/MERRA2.20190701.A3cld.05x0625.nc4
2022.854,hit,false,0.000,0,268.770,108,GEOS_0.5x0.625/MERRA2/2019/07/MERRA2.20190701.A3cld.05x0625.nc4
2022.879,hit,false,0.000,0,268.795,108,GEOS_0.5x0.625/MERRA2/2019/07/MERRA2.20190701.A3cld.05x0625.nc4
2022.913,hit,false,0.000,0,268.828,108,GEOS_0.5x0.625/MERRA2/2019/07/MERRA2.20190701.A3cld.05x0625.nc4
2022.947,hit,false,0.000,0,268.863,108,GEOS_0.5x0.625/MERRA2/2019/07/MERRA2.20190701.A3cld.05x0625.nc4
2022.985,hit,false,0.000,0,268.900,108,GEOS_0.5x0.625/MERRA2/2019/07/MERRA2.20190701.A3cld.05x0625.nc4
2023.010,hit,false,0.000,0,268.924,109,GEOS_0.5x0.625/MERRA2/2019/07/MERRA2.20190701.A3cld.05x0625.nc4
2023.042,hit,false,0.000,0,268.955,109,GEOS_0.5x0.625/MERRA2/2019/07/MERRA2.20190701.A3cld.05x0625.nc4
2023.078,hit,false,0.000,0,268.992,109,GEOS_0.5x0.625/MERRA2/2019/07/MERRA2.20190701.A3cld.05x0625.nc4
2023.107,hit,false,0.000,0,269.020,109,GEOS_0.5x0.625/MERRA2/2019/07/MERRA2.20190701.A3cld.05x0625.nc4
2023.139,hit,false,0.000,0,269.053,109,GEOS_0.5x0.625/MERRA2/2019/07/MERRA2.20190701.A3cld.05x0625.nc4
2023.167,hit,false,0.000,0,269.080,109,GEOS_0.5x0.625/MERRA2/2019/07/MERRA2.20190701.A3cld.05x0625.nc4
2023.201,hit,false,0.000,0,269.114,109,GEOS_0.5x0.625/MERRA2/2019/07/MERRA2.20190701.A3cld.05x0625.nc4
2023.223,hit,false,0.000,0,269.137,109,GEOS_0.5x0.625/MERRA2/2019/07/MERRA2.20190701.A3cld.05x0625.nc4
2023.261,hit,false,0.000,0,269.173,110,GEOS_0.5x0.625/MERRA2/2019/07/MERRA2.20190701.A3cld.05x0625.nc4
2023.285,hit,false,0.000,0,269.197,110,GEOS_0.5x0.625/MERRA2/2019/07/MERRA2.20190701.A3cld.05x0625.nc4
2023.325,hit,false,0.000,0,269.236,110,GEOS_0.5x0.625/MERRA2/2019/07/MERRA2.20190701.A3cld.05x0625.nc4
2023.347,hit,false,0.000,0,269.258,110,GEOS_0.5x0.625/MERRA2/2019/07/MERRA2.20190701.A3cld.05x0625.nc4
2023.382,hit,false,0.000,0,269.293,110,GEOS_0.5x0.625/MERRA2/2019/07/MERRA2.20190701.A3cld.05x0625.nc4
2023.406,hit,false,0.000,0,269.318,110,GEOS_0.5x0.625/MERRA2/2019/07/MERRA2.20190701.A3cld.05x0625.nc4
2023.438,hit,false,0.000,0,269.350,110,GEOS_0.5x0.625/MERRA2/2019/07/MERRA2.20190701.A3cld.05x0625.nc4
2023.463,hit,false,0.000,0,269.375,110,GEOS_0.5x0.625/MERRA2/2019/07/MERRA2.20190701.A3cld.05x0625.nc4
2023.495,hit,false,0.000,0,269.405,111,GEOS_0.5x0.625/MERRA2/2019/07/MERRA2.20190701.A3cld.05x0625.nc4
2023.523,hit,false,0.000,0,269.432,111,GEOS_0.5x0.625/MERRA2/2019/07/MERRA2.20190701.A3cld.05x0625.nc4
2023.555,hit,false,0.000,0,269.465,111,GEOS_0.5x0.625/MERRA2/2019/07/MERRA2.20190701.A3cld.05x0625.nc4
2023.650,hit,false,0.000,0,269.560,111,GEOS_0.5x0.625/MERRA2/2019/07/MERRA2.20190701.A3cld.05x0625.nc4
2023.673,hit,false,0.000,0,269.582,111,GEOS_0.5x0.625/MERRA2/2019/07/MERRA2.20190701.A3cld.05x0625.nc4
2023.713,hit,false,0.000,0,269.623,111,GEOS_0.5x0.625/MERRA2/2019/07/MERRA2.20190701.A3cld.05x0625.nc4
2023.736,hit,false,0.000,0,269.646,111,GEOS_0.5x0.625/MERRA2/2019/07/MERRA2.20190701.A3cld.05x0625.nc4
2023.777,hit,false,0.000,0,269.687,111,GEOS_0.5x0.625/MERRA2/2019/07/MERRA2.20190701.A3cld.05x0625.nc4
2023.799,hit,false,0.000,0,270.122,112,GEOS_0.5x0.625/MERRA2/2019/07/MERRA2.20190701.A3cld.05x0625.nc4
2023.841,hit,false,0.000,0,270.163,112,GEOS_0.5x0.625/MERRA2/2019/07/MERRA2.20190701.A3cld.05x0625.nc4
2023.869,hit,false,0.000,0,270.192,112,GEOS_0.5x0.625/MERRA2/2019/07/MERRA2.20190701.A3cld.05x0625.nc4
2023.898,hit,false,0.000,0,270.221,112,GEOS_0.5x0.625/MERRA2/2019/07/MERRA2.20190701.A3cld.05x0625.nc4
2023.930,hit,false,0.000,0,270.253,112,GEOS_0.5x0.625/MERRA2/2019/07/MERRA2.20190701.A3cld.05x0625.nc4
2023.958,hit,false,0.000,0,270.280,112,GEOS_0.5x0.625/MERRA2/2019/07/MERRA2.20190701.A3cld.05x0625.nc4
2023.992,hit,false,0.000,0,270.314,112,GEOS_0.5x0.625/MERRA2/2019/07/MERRA2.20190701.A3cld.05x0625.nc4
2024.017,hit,false,0.000,0,270.339,112,GEOS_0.5x0.625/MERRA2/2019/07/MERRA2.20190701.A3cld.05x0625.nc4
2024.047,hit,false,0.000,0,269.942,113,GEOS_0.5x0.625/MERRA2/2019/07/MERRA2.20190701.A3cld.05x0625.nc4
2024.079,hit,false,0.000,0,269.974,113,GEOS_0.5x0.625/MERRA2/2019/07/MERRA2.20190701.A3cld.05x0625.nc4
2024.108,hit,false,0.000,0,270.004,113,GEOS_0.5x0.625/MERRA2/2019/07/MERRA2.20190701.A3cld.05x0625.nc4
2024.138,hit,false,0.000,0,270.033,113,GEOS_0.5x0.625/MERRA2/2019/07/MERRA2.20190701.A3cld.05x0625.nc4
2024.169,hit,false,0.000,0,270.064,113,GEOS_0.5x0.625/MERRA2/2019/07/MERRA2.20190701.A3cld.05x0625.nc4
2024.197,hit,false,0.000,0,270.092,113,GEOS_0.5x0.625/MERRA2/2019/07/MERRA2.20190701.A3cld.05x0625.nc4
2024.230,hit,false,0.000,0,270.125,113,GEOS_0.5x0.625/MERRA2/2019/07/MERRA2.20190701.A3cld.05x0625.nc4
2024.255,hit,false,0.000,0,270.150,113,GEOS_0.5x0.625/MERRA2/2019/07/MERRA2.20190701.A3cld.05x0625.nc4
2024.286,hit,false,0.000,0,270.179,114,GEOS_0.5x0.625/MERRA2/2019/07/MERRA2.20190701.A3cld.05x0625.nc4
2024.312,hit,false,0.000,0,270.206,114,GEOS_0.5x0.625/MERRA2/2019/07/MERRA2.20190701.A3cld.05x0625.nc4
2024.351,hit,false,0.000,0,270.244,114,GEOS_0.5x0.625/MERRA2/2019/07/MERRA2.20190701.A3cld.05x0625.nc4
2024.372,hit,false,0.000,0,270.266,114,GEOS_0.5x0.625/MERRA2/2019/07/MERRA2.20190701.A3cld.05x0625.nc4
2024.413,hit,false,0.000,0,270.307,114,GEOS_0.5x0.625/MERRA2/2019/07/MERRA2.20190701.A3cld.05x0625.nc4
2024.434,hit,false,0.000,0,270.328,114,GEOS_0.5x0.625/MERRA2/2019/07/MERRA2.20190701.A3cld.05x0625.nc4
2024.472,hit,false,0.000,0,270.365,114,GEOS_0.5x0.625/MERRA2/2019/07/MERRA2.20190701.A3cld.05x0625.nc4
2024.494,hit,false,0.000,0,270.388,114,GEOS_0.5x0.625/MERRA2/2019/07/MERRA2.20190701.A3cld.05x0625.nc4
2024.525,hit,false,0.000,0,270.417,115,GEOS_0.5x0.625/MERRA2/2019/07/MERRA2.20190701.A3cld.05x0625.nc4
2024.552,hit,false,0.000,0,270.444,115,GEOS_0.5x0.625/MERRA2/2019/07/MERRA2.20190701.A3cld.05x0625.nc4
2024.584,hit,false,0.000,0,270.476,115,GEOS_0.5x0.625/MERRA2/2019/07/MERRA2.20190701.A3cld.05x0625.nc4
2024.610,hit,false,0.000,0,270.501,115,GEOS_0.5x0.625/MERRA2/2019/07/MERRA2.20190701.A3cld.05x0625.nc4
2024.647,hit,false,0.000,0,270.538,115,GEOS_0.5x0.625/MERRA2/2019/07/MERRA2.20190701.A3cld.05x0625.nc4
2024.669,hit,false,0.000,0,270.560,115,GEOS_0.5x0.625/MERRA2/2019/07/MERRA2.20190701.A3cld.05x0625.nc4
2024.704,hit,false,0.000,0,270.596,115,GEOS_0.5x0.625/MERRA2/2019/07/MERRA2.20190701.A3cld.05x0625.nc4
2024.728,hit,false,0.000,0,270.619,115,GEOS_0.5x0.625/MERRA2/2019/07/MERRA2.20190701.A3cld.05x0625.nc4
2024.761,hit,false,0.000,0,270.651,116,GEOS_0.5x0.625/MERRA2/2019/07/MERRA2.20190701.A3cld.05x0625.nc4
2024.788,hit,false,0.000,0,270.678,116,GEOS_0.5x0.625/MERRA2/2019/07/MERRA2.20190701.A3cld.05x0625.nc4
2024.825,hit,false,0.000,0,270.715,116,GEOS_0.5x0.625/MERRA2/2019/07/MERRA2.20190701.A3cld.05x0625.nc4
2024.847,hit,false,0.000,0,270.737,116,GEOS_0.5x0.625/MERRA2/2019/07/MERRA2.20190701.A3cld.05x0625.nc4
2024.883,hit,false,0.000,0,270.773,116,GEOS_0.5x0.625/MERRA2/2019/07/MERRA2.20190701.A3cld.05x0625.nc4
2024.911,hit,false,0.000,0,270.801,116,GEOS_0.5x0.625/MERRA2/2019/07/MERRA2.20190701.A3cld.05x0625.nc4
2024.942,hit,false,0.000,0,270.832,116,GEOS_0.5x0.625/MERRA2/2019/07/MERRA2.20190701.A3cld.05x0625.nc4
2024.965,hit,false,0.000,0,270.855,116,GEOS_0.5x0.625/MERRA2/2019/07/MERRA2.20190701.A3cld.05x0625.nc4
2025.005,hit,false,0.000,0,270.554,117,GEOS_0.5x0.625/MERRA2/2019/07/MERRA2.20190701.A3cld.05x0625.nc4
2025.030,hit,false,0.000,0,270.578,117,GEOS_0.5x0.625/MERRA2/2019/07/MERRA2.20190701.A3cld.05x0625.nc4
2025.064,hit,false,0.000,0,270.612,117,GEOS_0.5x0.625/MERRA2/2019/07/MERRA2.20190701.A3cld.05x0625.nc4
2025.089,hit,false,0.000,0,270.637,117,GEOS_0.5x0.625/MERRA2/2019/07/MERRA2.20190701.A3cld.05x0625.nc4
2025.121,hit,false,0.000,0,270.670,117,GEOS_0.5x0.625/MERRA2/2019/07/MERRA2.20190701.A3cld.05x0625.nc4
2025.150,hit,false,0.000,0,270.699,117,GEOS_0.5x0.625/MERRA2/2019/07/MERRA2.20190701.A3cld.05x0625.nc4
2025.183,hit,false,0.000,0,270.731,117,GEOS_0.5x0.625/MERRA2/2019/07/MERRA2.20190701.A3cld.05x0625.nc4
2025.206,hit,false,0.000,0,270.755,117,GEOS_0.5x0.625/MERRA2/2019/07/MERRA2.20190701.A3cld.05x0625.nc4
2025.246,hit,false,0.000,0,270.792,118,GEOS_0.5x0.625/MERRA2/2019/07/MERRA2.20190701.A3cld.05x0625.nc4
2025.271,hit,false,0.000,0,270.817,118,GEOS_0.5x0.625/MERRA2/2019/07/MERRA2.20190701.A3cld.05x0625.nc4
2025.310,hit,false,0.000,0,270.856,118,GEOS_0.5x0.625/MERRA2/2019/07/MERRA2.20190701.A3cld.05x0625.nc4
2025.332,hit,false,0.000,0,270.878,118,GEOS_0.5x0.625/MERRA2/2019/07/MERRA2.20190701.A3cld.05x0625.nc4
2025.369,hit,false,0.000,0,270.915,118,GEOS_0.5x0.625/MERRA2/2019/07/MERRA2.20190701.A3cld.05x0625.nc4
2025.391,hit,false,0.000,0,270.937,118,GEOS_0.5x0.625/MERRA2/2019/07/MERRA2.20190701.A3cld.05x0625.nc4
2025.424,hit,false,0.000,0,270.970,118,GEOS_0.5x0.625/MERRA2/2019/07/MERRA2.20190701.A3cld.05x0625.nc4
2025.449,hit,false,0.000,0,270.995,118,GEOS_0.5x0.625/MERRA2/2019/07/MERRA2.20190701.A3cld.05x0625.nc4
2025.483,hit,false,0.000,0,271.028,119,GEOS_0.5x0.625/MERRA2/2019/07/MERRA2.20190701.A3cld.05x0625.nc4
2025.510,hit,false,0.000,0,271.055,119,GEOS_0.5x0.625/MERRA2/2019/07/MERRA2.20190701.A3cld.05x0625.nc4
2025.617,hit,false,0.000,0,271.161,119,GEOS_0.5x0.625/MERRA2/2019/07/MERRA2.20190701.A3cld.05x0625.nc4
2025.638,hit,false,0.000,0,271.182,119,GEOS_0.5x0.625/MERRA2/2019/07/MERRA2.20190701.A3cld.05x0625.nc4
2025.682,hit,false,0.000,0,271.226,119,GEOS_0.5x0.625/MERRA2/2019/07/MERRA2.20190701.A3cld.05x0625.nc4
2025.702,hit,false,0.000,0,271.247,119,GEOS_0.5x0.625/MERRA2/2019/07/MERRA2.20190701.A3cld.05x0625.nc4
2025.740,hit,false,0.000,0,271.284,119,GEOS_0.5x0.625/MERRA2/2019/07/MERRA2.20190701.A3cld.05x0625.nc4
2025.763,hit,false,0.000,0,271.308,119,GEOS_0.5x0.625/MERRA2/2019/07/MERRA2.20190701.A3cld.05x0625.nc4
2025.797,hit,false,0.000,0,272.117,120,GEOS_0.5x0.625/MERRA2/2019/07/MERRA2.20190701.A3cld.05x0625.nc4
2025.826,hit,false,0.000,0,272.147,120,GEOS_0.5x0.625/MERRA2/2019/07/MERRA2.20190701.A3cld.05x0625.nc4
2025.871,hit,false,0.000,0,272.191,120,GEOS_0.5x0.625/MERRA2/2019/07/MERRA2.20190701.A3cld.05x0625.nc4
2025.891,hit,false,0.000,0,272.211,120,GEOS_0.5x0.625/MERRA2/2019/07/MERRA2.20190701.A3cld.05x0625.nc4
2025.937,hit,false,0.000,0,272.257,120,GEOS_0.5x0.625/MERRA2/2019/07/MERRA2.20190701.A3cld.05x0625.nc4
2025.958,hit,false,0.000,0,272.278,120,GEOS_0.5x0.625/MERRA2/2019/07/MERRA2.20190701.A3cld.05x0625.nc4
2025.994,hit,false,0.000,0,272.314,120,GEOS_0.5x0.625/MERRA2/2019/07/MERRA2.20190701.A3cld.05x0625.nc4
2026.019,hit,false,0.000,0,272.339,120,GEOS_0.5x0.625/MERRA2/2019/07/MERRA2.20190701.A3cld.05x0625.nc4
2026.054,hit,false,0.000,0,271.922,121,GEOS_0.5x0.625/MERRA2/2019/07/MERRA2.20190701.A3cld.05x0625.nc4
2026.078,hit,false,0.000,0,271.946,121,GEOS_0.5x0.625/MERRA2/2019/07/MERRA2.20190701.A3cld.05x0625.nc4
2026.117,hit,false,0.000,0,271.984,121,GEOS_0.5x0.625/MERRA2/2019/07/MERRA2.20190701.A3cld.05x0625.nc4
2026.138,hit,false,0.000,0,272.006,121,GEOS_0.5x0.625/MERRA2/2019/07/MERRA2.20190701.A3cld.05x0625.nc4
2026.177,hit,false,0.000,0,272.045,121,GEOS_0.5x0.625/MERRA2/2019/07/MERRA2.20190701.A3cld.05x0625.nc4
2026.199,hit,false,0.000,0,272.066,121,GEOS_0.5x0.625/MERRA2/2019/07/MERRA2.20190701.A3cld.05x0625.nc4
2026.234,hit,false,0.000,0,272.102,121,GEOS_0.5x0.625/MERRA2/2019/07/MERRA2.20190701.A3cld.05x0625.nc4
2026.256,hit,false,0.000,0,272.124,121,GEOS_0.5x0.625/MERRA2/2019/07/MERRA2.20190701.A3cld.05x0625.nc4
2026.290,hit,false,0.000,0,272.155,122,GEOS_0.5x0.625/MERRA2/2019/07/MERRA2.20190701.A3cld.05x0625.nc4
2026.317,hit,false,0.000,0,272.182,122,GEOS_0.5x0.625/MERRA2/2019/07/MERRA2.20190701.A3cld.05x0625.nc4
2026.354,hit,false,0.000,0,272.219,122,GEOS_0.5x0.625/MERRA2/2019/07/MERRA2.20190701.A3cld.05x0625.nc4
2026.376,hit,false,0.000,0,272.242,122,GEOS_0.5x0.625/MERRA2/2019/07/MERRA2.20190701.A3cld.05x0625.nc4
2026.409,hit,false,0.000,0,272.275,122,GEOS_0.5x0.625/MERRA2/2019/07/MERRA2.20190701.A3cld.05x0625.nc4
2026.434,hit,false,0.000,0,272.299,122,GEOS_0.5x0.625/MERRA2/2019/07/MERRA2.20190701.A3cld.05x0625.nc4
2026.468,hit,false,0.000,0,272.334,122,GEOS_0.5x0.625/MERRA2/2019/07/MERRA2.20190701.A3cld.05x0625.nc4
2026.491,hit,false,0.000,0,272.356,122,GEOS_0.5x0.625/MERRA2/2019/07/MERRA2.20190701.A3cld.05x0625.nc4
2026.528,hit,false,0.000,0,272.392,123,GEOS_0.5x0.625/MERRA2/2019/07/MERRA2.20190701.A3cld.05x0625.nc4
2026.553,hit,false,0.000,0,272.416,123,GEOS_0.5x0.625/MERRA2/2019/07/MERRA2.20190701.A3cld.05x0625.nc4
2026.589,hit,false,0.000,0,272.452,123,GEOS_0.5x0.625/MERRA2/2019/07/MERRA2.20190701.A3cld.05x0625.nc4
2026.695,hit,false,0.000,0,272.559,123,GEOS_0.5x0.625/MERRA2/2019/07/MERRA2.20190701.A3cld.05x0625.nc4
2026.769,hit,false,0.000,0,272.633,123,GEOS_0.5x0.625/MERRA2/2019/07/MERRA2.20190701.A3cld.05x0625.nc4
2026.791,hit,false,0.000,0,272.654,123,GEOS_0.5x0.625/MERRA2/2019/07/MERRA2.20190701.A3cld.05x0625.nc4
2026.832,hit,false,0.000,0,272.695,123,GEOS_0.5x0.625/MERRA2/2019/07/MERRA2.20190701.A3cld.05x0625.nc4
2026.855,hit,false,0.000,0,272.718,123,GEOS_0.5x0.625/MERRA2/2019/07/MERRA2.20190701.A3cld.05x0625.nc4
2026.890,hit,false,0.000,0,272.751,124,GEOS_0.5x0.625/MERRA2/2019/07/MERRA2.20190701.A3cld.05x0625.nc4
2026.918,hit,false,0.000,0,272.780,124,GEOS_0.5x0.625/MERRA2/2019/07/MERRA2.20190701.A3cld.05x0625.nc4
2026.953,hit,false,0.000,0,272.814,124,GEOS_0.5x0.625/MERRA2/2019/07/MERRA2.20190701.A3cld.05x0625.nc4
2026.979,hit,false,0.000,0,272.841,124,GEOS_0.5x0.625/MERRA2/2019/07/MERRA2.20190701.A3cld.05x0625.nc4
2027.010,hit,false,0.000,0,272.872,124,GEOS_0.5x0.625/MERRA2/2019/07/MERRA2.20190701.A3cld.05x0625.nc4
2027.039,hit,false,0.000,0,272.900,124,GEOS_0.5x0.625/MERRA2/2019/07/MERRA2.20190701.A3cld.05x0625.nc4
2027.070,hit,false,0.000,0,272.932,124,GEOS_0.5x0.625/MERRA2/2019/07/MERRA2.20190701.A3cld.05x0625.nc4
2027.099,hit,false,0.000,0,272.961,124,GEOS_0.5x0.625/MERRA2/2019/07/MERRA2.20190701.A3cld.05x0625.nc4
2027.135,hit,false,0.000,0,272.995,125,GEOS_0.5x0.625/MERRA2/2019/07/MERRA2.20190701.A3cld.05x0625.nc4
2027.160,hit,false,0.000,0,273.020,125,GEOS_0.5x0.625/MERRA2/2019/07/MERRA2.20190701.A3cld.05x0625.nc4
2027.194,hit,false,0.000,0,273.054,125,GEOS_0.5x0.625/MERRA2/2019/07/MERRA2.20190701.A3cld.05x0625.nc4
2027.219,hit,false,0.000,0,273.079,125,GEOS_0.5x0.625/MERRA2/2019/07/MERRA2.20190701.A3cld.05x0625.nc4
2027.250,hit,false,0.000,0,273.110,125,GEOS_0.5x0.625/MERRA2/2019/07/MERRA2.20190701.A3cld.05x0625.nc4
2027.273,hit,false,0.000,0,273.133,125,GEOS_0.5x0.625/MERRA2/2019/07/MERRA2.20190701.A3cld.05x0625.nc4
2027.305,hit,false,0.000,0,273.165,125,GEOS_0.5x0.625/MERRA2/2019/07/MERRA2.20190701.A3cld.05x0625.nc4
2027.329,hit,false,0.000,0,273.189,125,GEOS_0.5x0.625/MERRA2/2019/07/MERRA2.20190701.A3cld.05x0625.nc4
2027.365,hit,false,0.000,0,273.223,126,GEOS_0.5x0.625/MERRA2/2019/07/MERRA2.20190701.A3cld.05x0625.nc4
2027.390,hit,false,0.000,0,273.248,126,GEOS_0.5x0.625/MERRA2/2019/07/MERRA2.20190701.A3cld.05x0625.nc4
2027.432,hit,false,0.000,0,273.290,126,GEOS_0.5x0.625/MERRA2/2019/07/MERRA2.20190701.A3cld.05x0625.nc4
2027.453,hit,false,0.000,0,273.311,126,GEOS_0.5x0.625/MERRA2/2019/07/MERRA2.20190701.A3cld.05x0625.nc4
2027.494,hit,false,0.000,0,273.353,126,GEOS_0.5x0.625/MERRA2/2019/07/MERRA2.20190701.A3cld.05x0625.nc4
2027.516,hit,false,0.000,0,273.374,126,GEOS_0.5x0.625/MERRA2/2019/07/MERRA2.20190701.A3cld.05x0625.nc4
2027.554,hit,false,0.000,0,273.413,126,GEOS_0.5x0.625/MERRA2/2019/07/MERRA2.20190701.A3cld.05x0625.nc4
2027.577,hit,false,0.000,0,273.435,126,GEOS_0.5x0.625/MERRA2/2019/07/MERRA2.20190701.A3cld.05x0625.nc4
2027.614,hit,false,0.000,0,273.470,127,GEOS_0.5x0.625/MERRA2/2019/07/MERRA2.20190701.A3cld.05x0625.nc4
2027.711,hit,false,0.000,0,273.567,127,GEOS_0.5x0.625/MERRA2/2019/07/MERRA2.20190701.A3cld.05x0625.nc4
2027.733,hit,false,0.000,0,273.589,127,GEOS_0.5x0.625/MERRA2/2019/07/MERRA2.20190701.A3cld.05x0625.nc4
2027.769,hit,false,0.000,0,273.625,127,GEOS_0.5x0.625/MERRA2/2019/07/MERRA2.20190701.A3cld.05x0625.nc4
2027.795,hit,false,0.000,0,273.652,127,GEOS_0.5x0.625/MERRA2/2019/07/MERRA2.20190701.A3cld.05x0625.nc4
2027.829,hit,false,0.000,0,273.685,127,GEOS_0.5x0.625/MERRA2/2019/07/MERRA2.20190701.A3cld.05x0625.nc4
2027.859,hit,false,0.000,0,273.715,127,GEOS_0.5x0.625/MERRA2/2019/07/MERRA2.20190701.A3cld.05x0625.nc4
2027.889,hit,false,0.000,0,273.745,127,GEOS_0.5x0.625/MERRA2/2019/07/MERRA2.20190701.A3cld.05x0625.nc4
2027.919,hit,false,0.000,0,274.237,128,GEOS_0.5x0.625/MERRA2/2019/07/MERRA2.20190701.A3cld.05x0625.nc4
2027.949,hit,false,0.000,0,274.267,128,GEOS_0.5x0.625/MERRA2/2019/07/MERRA2.20190701.A3cld.05x0625.nc4
2027.993,hit,false,0.000,0,274.311,128,GEOS_0.5x0.625/MERRA2/2019/07/MERRA2.20190701.A3cld.05x0625.nc4
2028.016,hit,false,0.000,0,274.333,128,GEOS_0.5x0.625/MERRA2/2019/07/MERRA2.20190701.A3cld.05x0625.nc4
2028.052,hit,false,0.000,0,274.369,128,GEOS_0.5x0.625/MERRA2/2019/07/MERRA2.20190701.A3cld.05x0625.nc4
2028.074,hit,false,0.000,0,274.391,128,GEOS_0.5x0.625/MERRA2/2019/07/MERRA2.20190701.A3cld.05x0625.nc4
2028.107,hit,false,0.000,0,274.424,128,GEOS_0.5x0.625/MERRA2/2019/07/MERRA2.20190701.A3cld.05x0625.nc4
2028.131,hit,false,0.000,0,274.449,128,GEOS_0.5x0.625/MERRA2/2019/07/MERRA2.20190701.A3cld.05x0625.nc4
2028.162,hit,false,0.000,0,273.945,129,GEOS_0.5x0.625/MERRA2/2019/07/MERRA2.20190701.A3cld.05x0625.nc4
2028.189,hit,false,0.000,0,273.972,129,GEOS_0.5x0.625/MERRA2/2019/07/MERRA2.20190701.A3cld.05x0625.nc4
2028.218,hit,false,0.000,0,274.001,129,GEOS_0.5x0.625/MERRA2/2019/07/MERRA2.20190701.A3cld.05x0625.nc4
2028.244,hit,false,0.000,0,274.027,129,GEOS_0.5x0.625/MERRA2/2019/07/MERRA2.20190701.A3cld.05x0625.nc4
2028.273,hit,false,0.000,0,274.056,129,GEOS_0.5x0.625/MERRA2/2019/07/MERRA2.20190701.A3cld.05x0625.nc4
2028.300,hit,false,0.000,0,274.083,129,GEOS_0.5x0.625/MERRA2/2019/07/MERRA2.20190701.A3cld.05x0625.nc4
2028.333,hit,false,0.000,0,274.116,129,GEOS_0.5x0.625/MERRA2/2019/07/MERRA2.20190701.A3cld.05x0625.nc4
2028.358,hit,false,0.000,0,274.141,129,GEOS_0.5x0.625/MERRA2/2019/07/MERRA2.20190701.A3cld.05x0625.nc4
2028.389,hit,false,0.000,0,274.170,130,GEOS_0.5x0.625/MERRA2/2019/07/MERRA2.20190701.A3cld.05x0625.nc4
2028.415,hit,false,0.000,0,274.195,130,GEOS_0.5x0.625/MERRA2/2019/07/MERRA2.20190701.A3cld.05x0625.nc4
2028.452,hit,false,0.000,0,274.233,130,GEOS_0.5x0.625/MERRA2/2019/07/MERRA2.20190701.A3cld.05x0625.nc4
2028.474,hit,false,0.000,0,274.254,130,GEOS_0.5x0.625/MERRA2/2019/07/MERRA2.20190701.A3cld.05x0625.nc4
2028.513,hit,false,0.000,0,274.293,130,GEOS_0.5x0.625/MERRA2/2019/07/MERRA2.20190701.A3cld.05x0625.nc4
2028.535,hit,false,0.000,0,274.315,130,GEOS_0.5x0.625/MERRA2/2019/07/MERRA2.20190701.A3cld.05x0625.nc4
2028.569,hit,false,0.000,0,274.349,130,GEOS_0.5x0.625/MERRA2/2019/07/MERRA2.20190701.A3cld.05x0625.nc4
2028.593,hit,false,0.000,0,274.373,130,GEOS_0.5x0.625/MERRA2/2019/07/MERRA2.20190701.A3cld.05x0625.nc4
2028.629,hit,false,0.000,0,274.406,131,GEOS_0.5x0.625/MERRA2/2019/07/MERRA2.20190701.A3cld.05x0625.nc4
2028.653,hit,false,0.000,0,274.431,131,GEOS_0.5x0.625/MERRA2/2019/07/MERRA2.20190701.A3cld.05x0625.nc4
2028.694,hit,false,0.000,0,274.472,131,GEOS_0.5x0.625/MERRA2/2019/07/MERRA2.20190701.A3cld.05x0625.nc4
2028.716,hit,false,0.000,0,274.494,131,GEOS_0.5x0.625/MERRA2/2019/07/MERRA2.20190701.A3cld.05x0625.nc4
2028.754,hit,false,0.000,0,274.532,131,GEOS_0.5x0.625/MERRA2/2019/07/MERRA2.20190701.A3cld.05x0625.nc4
2028.777,hit,false,0.000,0,274.554,131,GEOS_0.5x0.625/MERRA2/2019/07/MERRA2.20190701.A3cld.05x0625.nc4
2028.812,hit,false,0.000,0,274.589,131,GEOS_0.5x0.625/MERRA2/2019/07/MERRA2.20190701.A3cld.05x0625.nc4
2028.836,hit,false,0.000,0,274.614,131,GEOS_0.5x0.625/MERRA2/2019/07/MERRA2.20190701.A3cld.05x0625.nc4
2028.876,hit,false,0.000,0,274.652,132,GEOS_0.5x0.625/MERRA2/2019/07/MERRA2.20190701.A3cld.05x0625.nc4
2028.905,hit,false,0.000,0,274.681,132,GEOS_0.5x0.625/MERRA2/2019/07/MERRA2.20190701.A3cld.05x0625.nc4
2028.940,hit,false,0.000,0,274.716,132,GEOS_0.5x0.625/MERRA2/2019/07/MERRA2.20190701.A3cld.05x0625.nc4
2028.962,hit,false,0.000,0,274.738,132,GEOS_0.5x0.625/MERRA2/2019/07/MERRA2.20190701.A3cld.05x0625.nc4
2028.997,hit,false,0.000,0,274.773,132,GEOS_0.5x0.625/MERRA2/2019/07/MERRA2.20190701.A3cld.05x0625.nc4
2029.022,hit,false,0.000,0,274.798,132,GEOS_0.5x0.625/MERRA2/2019/07/MERRA2.20190701.A3cld.05x0625.nc4
2029.045,hit,false,0.000,0,274.821,132,GEOS_0.5x0.625/MERRA2/2019/07/MERRA2.20190701.A3cld.05x0625.nc4
2029.078,hit,false,0.000,0,274.854,132,GEOS_0.5x0.625/MERRA2/2019/07/MERRA2.20190701.A3cld.05x0625.nc4
2029.103,hit,false,0.000,0,274.877,133,GEOS_0.5x0.625/MERRA2/2019/07/MERRA2.20190701.A3cld.05x0625.nc4
2029.136,hit,false,0.000,0,274.911,133,GEOS_0.5x0.625/MERRA2/2019/07/MERRA2.20190701.A3cld.05x0625.nc4
2029.160,hit,false,0.000,0,274.934,133,GEOS_0.5x0.625/MERRA2/2019/07/MERRA2.20190701.A3cld.05x0625.nc4
2029.193,hit,false,0.000,0,274.967,133,GEOS_0.5x0.625/MERRA2/2019/07/MERRA2.20190701.A3cld.05x0625.nc4
2029.216,hit,false,0.000,0,274.990,133,GEOS_0.5x0.625/MERRA2/2019/07/MERRA2.20190701.A3cld.05x0625.nc4
2029.254,hit,false,0.000,0,275.029,133,GEOS_0.5x0.625/MERRA2/2019/07/MERRA2.20190701.A3cld.05x0625.nc4
2029.277,hit,false,0.000,0,275.051,133,GEOS_0.5x0.625/MERRA2/2019/07/MERRA2.20190701.A3cld.05x0625.nc4
2029.311,hit,false,0.000,0,275.086,133,GEOS_0.5x0.625/MERRA2/2019/07/MERRA2.20190701.A3cld.05x0625.nc4
2029.341,hit,false,0.000,0,275.114,134,GEOS_0.5x0.625/MERRA2/2019/07/MERRA2.20190701.A3cld.05x0625.nc4
2029.374,hit,false,0.000,0,275.147,134,GEOS_0.5x0.625/MERRA2/2019/07/MERRA2.20190701.A3cld.05x0625.nc4
2029.409,hit,false,0.000,0,275.181,134,GEOS_0.5x0.625/MERRA2/2019/07/MERRA2.20190701.A3cld.05x0625.nc4
2029.431,hit,false,0.000,0,275.204,134,GEOS_0.5x0.625/MERRA2/2019/07/MERRA2.20190701.A3cld.05x0625.nc4
2029.465,hit,false,0.000,0,275.237,134,GEOS_0.5x0.625/MERRA2/2019/07/MERRA2.20190701.A3cld.05x0625.nc4
2029.490,hit,false,0.000,0,275.262,134,GEOS_0.5x0.625/MERRA2/2019/07/MERRA2.20190701.A3cld.05x0625.nc4
2029.521,hit,false,0.000,0,275.294,134,GEOS_0.5x0.625/MERRA2/2019/07/MERRA2.20190701.A3cld.05x0625.nc4
2029.544,hit,false,0.000,0,275.316,134,GEOS_0.5x0.625/MERRA2/2019/07/MERRA2.20190701.A3cld.05x0625.nc4
2029.649,hit,false,0.000,0,275.420,135,GEOS_0.5x0.625/MERRA2/2019/07/MERRA2.20190701.A3cld.05x0625.nc4
2029.674,hit,false,0.000,0,275.445,135,GEOS_0.5x0.625/MERRA2/2019/07/MERRA2.20190701.A3cld.05x0625.nc4
2029.708,hit,false,0.000,0,275.479,135,GEOS_0.5x0.625/MERRA2/2019/07/MERRA2.20190701.A3cld.05x0625.nc4
2029.733,hit,false,0.000,0,275.504,135,GEOS_0.5x0.625/MERRA2/2019/07/MERRA2.20190701.A3cld.05x0625.nc4
2029.762,hit,false,0.000,0,275.533,135,GEOS_0.5x0.625/MERRA2/2019/07/MERRA2.20190701.A3cld.05x0625.nc4
2029.793,hit,false,0.000,0,275.564,135,GEOS_0.5x0.625/MERRA2/2019/07/MERRA2.20190701.A3cld.05x0625.nc4
2029.819,hit,false,0.000,0,275.590,135,GEOS_0.5x0.625/MERRA2/2019/07/MERRA2.20190701.A3cld.05x0625.nc4
2029.848,hit,false,0.000,0,275.619,135,GEOS_0.5x0.625/MERRA2/2019/07/MERRA2.20190701.A3cld.05x0625.nc4
2029.879,hit,false,0.000,0,276.190,136,GEOS_0.5x0.625/MERRA2/2019/07/MERRA2.20190701.A3cld.05x0625.nc4
2029.905,hit,false,0.000,0,276.216,136,GEOS_0.5x0.625/MERRA2/2019/07/MERRA2.20190701.A3cld.05x0625.nc4
2029.958,hit,false,0.000,0,276.269,136,GEOS_0.5x0.625/MERRA2/2019/07/MERRA2.20190701.A3cld.05x0625.nc4
2029.980,hit,false,0.000,0,276.291,136,GEOS_0.5x0.625/MERRA2/2019/07/MERRA2.20190701.A3cld.05x0625.nc4
2030.020,hit,false,0.000,0,276.331,136,GEOS_0.5x0.625/MERRA2/2019/07/MERRA2.20190701.A3cld.05x0625.nc4
2030.042,hit,false,0.000,0,276.353,136,GEOS_0.5x0.625/MERRA2/2019/07/MERRA2.20190701.A3cld.05x0625.nc4
2030.081,hit,false,0.000,0,276.392,136,GEOS_0.5x0.625/MERRA2/2019/07/MERRA2.20190701.A3cld.05x0625.nc4
2030.103,hit,false,0.000,0,276.414,136,GEOS_0.5x0.625/MERRA2/2019/07/MERRA2.20190701.A3cld.05x0625.nc4
2030.140,hit,false,0.000,0,275.862,137,GEOS_0.5x0.625/MERRA2/2019/07/MERRA2.20190701.A3cld.05x0625.nc4
2030.165,hit,false,0.000,0,275.888,137,GEOS_0.5x0.625/MERRA2/2019/07/MERRA2.20190701.A3cld.05x0625.nc4
2030.200,hit,false,0.000,0,275.922,137,GEOS_0.5x0.625/MERRA2/2019/07/MERRA2.20190701.A3cld.05x0625.nc4
2030.224,hit,false,0.000,0,275.947,137,GEOS_0.5x0.625/MERRA2/2019/07/MERRA2.20190701.A3cld.05x0625.nc4
2030.261,hit,false,0.000,0,275.983,137,GEOS_0.5x0.625/MERRA2/2019/07/MERRA2.20190701.A3cld.05x0625.nc4
2030.282,hit,false,0.000,0,276.005,137,GEOS_0.5x0.625/MERRA2/2019/07/MERRA2.20190701.A3cld.05x0625.nc4
2030.318,hit,false,0.000,0,276.041,137,GEOS_0.5x0.625/MERRA2/2019/07/MERRA2.20190701.A3cld.05x0625.nc4
2030.339,hit,false,0.000,0,276.061,137,GEOS_0.5x0.625/MERRA2/2019/07/MERRA2.20190701.A3cld.05x0625.nc4
2030.375,hit,false,0.000,0,276.095,138,GEOS_0.5x0.625/MERRA2/2019/07/MERRA2.20190701.A3cld.05x0625.nc4
2030.400,hit,false,0.000,0,276.120,138,GEOS_0.5x0.625/MERRA2/2019/07/MERRA2.20190701.A3cld.05x0625.nc4
2030.439,hit,false,0.000,0,276.159,138,GEOS_0.5x0.625/MERRA2/2019/07/MERRA2.20190701.A3cld.05x0625.nc4
2030.462,hit,false,0.000,0,276.182,138,GEOS_0.5x0.625/MERRA2/2019/07/MERRA2.20190701.A3cld.05x0625.nc4
2030.501,hit,false,0.000,0,276.221,138,GEOS_0.5x0.625/MERRA2/2019/07/MERRA2.20190701.A3cld.05x0625.nc4
2030.524,hit,false,0.000,0,276.244,138,GEOS_0.5x0.625/MERRA2/2019/07/MERRA2.20190701.A3cld.05x0625.nc4
2030.562,hit,false,0.000,0,276.282,138,GEOS_0.5x0.625/MERRA2/2019/07/MERRA2.20190701.A3cld.05x0625.nc4
2030.585,hit,false,0.000,0,276.305,138,GEOS_0.5x0.625/MERRA2/2019/07/MERRA2.20190701.A3cld.05x0625.nc4
2030.621,hit,false,0.000,0,276.339,139,GEOS_0.5x0.625/MERRA2/2019/07/MERRA2.20190701.A3cld.05x0625.nc4
2030.646,hit,false,0.000,0,276.365,139,GEOS_0.5x0.625/MERRA2/2019/07/MERRA2.20190701.A3cld.05x0625.nc4
2030.680,hit,false,0.000,0,276.398,139,GEOS_0.5x0.625/MERRA2/2019/07/MERRA2.20190701.A3cld.05x0625.nc4
2030.705,hit,false,0.000,0,276.424,139,GEOS_0.5x0.625/MERRA2/2019/07/MERRA2.20190701.A3cld.05x0625.nc4
2030.738,hit,false,0.000,0,276.456,139,GEOS_0.5x0.625/MERRA2/2019/07/MERRA2.20190701.A3cld.05x0625.nc4
2030.762,hit,false,0.000,0,276.480,139,GEOS_0.5x0.625/MERRA2/2019/07/MERRA2.20190701.A3cld.05x0625.nc4
2030.801,hit,false,0.000,0,276.520,139,GEOS_0.5x0.625/MERRA2/2019/07/MERRA2.20190701.A3cld.05x0625.nc4
2030.826,hit,false,0.000,0,276.545,139,GEOS_0.5x0.625/MERRA2/2019/07/MERRA2.20190701.A3cld.05x0625.nc4
2030.859,hit,false,0.000,0,276.576,140,GEOS_0.5x0.625/MERRA2/2019/07/MERRA2.20190701.A3cld.05x0625.nc4
2030.887,hit,false,0.000,0,276.603,140,GEOS_0.5x0.625/MERRA2/2019/07/MERRA2.20190701.A3cld.05x0625.nc4
2030.922,hit,false,0.000,0,276.639,140,GEOS_0.5x0.625/MERRA2/2019/07/MERRA2.20190701.A3cld.05x0625.nc4
2030.950,hit,false,0.000,0,276.667,140,GEOS_0.5x0.625/MERRA2/2019/07/MERRA2.20190701.A3cld.05x0625.nc4
2030.983,hit,false,0.000,0,276.700,140,GEOS_0.5x0.625/MERRA2/2019/07/MERRA2.20190701.A3cld.05x0625.nc4
2031.005,hit,false,0.000,0,276.722,140,GEOS_0.5x0.625/MERRA2/2019/07/MERRA2.20190701.A3cld.05x0625.nc4
2031.043,hit,false,0.000,0,276.760,140,GEOS_0.5x0.625/MERRA2/2019/07/MERRA2.20190701.A3cld.05x0625.nc4
2031.066,hit,false,0.000,0,276.783,140,GEOS_0.5x0.625/MERRA2/2019/07/MERRA2.20190701.A3cld.05x0625.nc4
2031.104,hit,false,0.000,0,276.819,141,GEOS_0.5x0.625/MERRA2/2019/07/MERRA2.20190701.A3cld.05x0625.nc4
2031.133,hit,false,0.000,0,276.847,141,GEOS_0.5x0.625/MERRA2/2019/07/MERRA2.20190701.A3cld.05x0625.nc4
2031.165,hit,false,0.000,0,276.880,141,GEOS_0.5x0.625/MERRA2/2019/07/MERRA2.20190701.A3cld.05x0625.nc4
2031.193,hit,false,0.000,0,276.908,141,GEOS_0.5x0.625/MERRA2/2019/07/MERRA2.20190701.A3cld.05x0625.nc4
2031.225,hit,false,0.000,0,276.940,141,GEOS_0.5x0.625/MERRA2/2019/07/MERRA2.20190701.A3cld.05x0625.nc4
2031.247,hit,false,0.000,0,276.962,141,GEOS_0.5x0.625/MERRA2/2019/07/MERRA2.20190701.A3cld.05x0625.nc4
2031.282,hit,false,0.000,0,276.997,141,GEOS_0.5x0.625/MERRA2/2019/07/MERRA2.20190701.A3cld.05x0625.nc4
2031.307,hit,false,0.000,0,277.022,141,GEOS_0.5x0.625/MERRA2/2019/07/MERRA2.20190701.A3cld.05x0625.nc4
2031.339,hit,false,0.000,0,277.053,142,GEOS_0.5x0.625/MERRA2/2019/07/MERRA2.20190701.A3cld.05x0625.nc4
2031.365,hit,false,0.000,0,277.079,142,GEOS_0.5x0.625/MERRA2/2019/07/MERRA2.20190701.A3cld.05x0625.nc4
2031.400,hit,false,0.000,0,277.113,142,GEOS_0.5x0.625/MERRA2/2019/07/MERRA2.20190701.A3cld.05x0625.nc4
2031.423,hit,false,0.000,0,277.136,142,GEOS_0.5x0.625/MERRA2/2019/07/MERRA2.20190701.A3cld.05x0625.nc4
2031.457,hit,false,0.000,0,277.171,142,GEOS_0.5x0.625/MERRA2/2019/07/MERRA2.20190701.A3cld.05x0625.nc4
2031.488,hit,false,0.000,0,277.201,142,GEOS_0.5x0.625/MERRA2/2019/07/MERRA2.20190701.A3cld.05x0625.nc4
2031.517,hit,false,0.000,0,277.231,142,GEOS_0.5x0.625/MERRA2/2019/07/MERRA2.20190701.A3cld.05x0625.nc4
2031.615,hit,false,0.000,0,277.329,142,GEOS_0.5x0.625/MERRA2/2019/07/MERRA2.20190701.A3cld.05x0625.nc4
2031.638,hit,false,0.000,0,277.349,143,GEOS_0.5x0.625/MERRA2/2019/07/MERRA2.20190701.A3cld.05x0625.nc4
2031.672,hit,false,0.000,0,277.383,143,GEOS_0.5x0.625/MERRA2/2019/07/MERRA2.20190701.A3cld.05x0625.nc4
2031.697,hit,false,0.000,0,277.408,143,GEOS_0.5x0.625/MERRA2/2019/07/MERRA2.20190701.A3cld.05x0625.nc4
2031.728,hit,false,0.000,0,277.440,143,GEOS_0.5x0.625/MERRA2/2019/07/MERRA2.20190701.A3cld.05x0625.nc4
2031.754,hit,false,0.000,0,277.466,143,GEOS_0.5x0.625/MERRA2/2019/07/MERRA2.20190701.A3cld.05x0625.nc4
2031.785,hit,false,0.000,0,277.497,143,GEOS_0.5x0.625/MERRA2/2019/07/MERRA2.20190701.A3cld.05x0625.nc4
2031.812,hit,false,0.000,0,277.524,143,GEOS_0.5x0.625/MERRA2/2019/07/MERRA2.20190701.A3cld.05x0625.nc4
2031.844,hit,false,0.000,0,277.556,143,GEOS_0.5x0.625/MERRA2/2019/07/MERRA2.20190701.A3cld.05x0625.nc4
2031.872,hit,false,0.000,0,278.186,144,GEOS_0.5x0.625/MERRA2/2019/07/MERRA2.20190701.A3cld.05x0625.nc4
2031.905,hit,false,0.000,0,278.218,144,GEOS_0.5x0.625/MERRA2/2019/07/MERRA2.20190701.A3cld.05x0625.nc4
2031.943,hit,false,0.000,0,278.257,144,GEOS_0.5x0.625/MERRA2/2019/07/MERRA2.20190701.A3cld.05x0625.nc4
2031.965,hit,false,0.000,0,278.279,144,GEOS_0.5x0.625/MERRA2/2019/07/MERRA2.20190701.A3cld.05x0625.nc4
2031.999,hit,false,0.000,0,278.313,144,GEOS_0.5x0.625/MERRA2/2019/07/MERRA2.20190701.A3cld.05x0625.nc4
2032.023,hit,false,0.000,0,278.337,144,GEOS_0.5x0.625/MERRA2/2019/07/MERRA2.20190701.A3cld.05x0625.nc4
2032.054,hit,false,0.000,0,278.368,144,GEOS_0.5x0.625/MERRA2/2019/07/MERRA2.20190701.A3cld.05x0625.nc4
2032.078,hit,false,0.000,0,278.392,144,GEOS_0.5x0.625/MERRA2/2019/07/MERRA2.20190701.A3cld.05x0625.nc4
2032.113,hit,false,0.000,0,277.951,145,GEOS_0.5x0.625/MERRA2/2019/07/MERRA2.20190701.A3cld.05x0625.nc4
2032.140,hit,false,0.000,0,277.979,145,GEOS_0.5x0.625/MERRA2/2019/07/MERRA2.20190701.A3cld.05x0625.nc4
2032.172,hit,false,0.000,0,278.011,145,GEOS_0.5x0.625/MERRA2/2019/07/MERRA2.20190701.A3cld.05x0625.nc4
2032.201,hit,false,0.000,0,278.040,145,GEOS_0.5x0.625/MERRA2/2019/07/MERRA2.20190701.A3cld.05x0625.nc4
2032.233,hit,false,0.000,0,278.071,145,GEOS_0.5x0.625/MERRA2/2019/07/MERRA2.20190701.A3cld.05x0625.nc4
2032.259,hit,false,0.000,0,278.098,145,GEOS_0.5x0.625/MERRA2/2019/07/MERRA2.20190701.A3cld.05x0625.nc4
2032.289,hit,false,0.000,0,278.128,145,GEOS_0.5x0.625/MERRA2/2019/07/MERRA2.20190701.A3cld.05x0625.nc4
2032.320,hit,false,0.000,0,278.158,145,GEOS_0.5x0.625/MERRA2/2019/07/MERRA2.20190701.A3cld.05x0625.nc4
2032.342,hit,false,0.000,0,278.179,146,GEOS_0.5x0.625/MERRA2/2019/07/MERRA2.20190701.A3cld.05x0625.nc4
2032.377,hit,false,0.000,0,278.214,146,GEOS_0.5x0.625/MERRA2/2019/07/MERRA2.20190701.A3cld.05x0625.nc4
2032.404,hit,false,0.000,0,278.242,146,GEOS_0.5x0.625/MERRA2/2019/07/MERRA2.20190701.A3cld.05x0625.nc4
2032.439,hit,false,0.000,0,278.277,146,GEOS_0.5x0.625/MERRA2/2019/07/MERRA2.20190701.A3cld.05x0625.nc4
2032.490,hit,false,0.000,0,278.327,146,GEOS_0.5x0.625/MERRA2/2019/07/MERRA2.20190701.A3cld.05x0625.nc4
2032.514,hit,false,0.000,0,278.351,146,GEOS_0.5x0.625/MERRA2/2019/07/MERRA2.20190701.A3cld.05x0625.nc4
2032.546,hit,false,0.000,0,278.383,146,GEOS_0.5x0.625/MERRA2/2019/07/MERRA2.20190701.A3cld.05x0625.nc4
2032.572,hit,false,0.000,0,278.410,146,GEOS_0.5x0.625/MERRA2/2019/07/MERRA2.20190701.A3cld.05x0625.nc4
2032.601,hit,false,0.000,0,278.436,147,GEOS_0.5x0.625/MERRA2/2019/07/MERRA2.20190701.A3cld.05x0625.nc4
2032.638,hit,false,0.000,0,278.474,147,GEOS_0.5x0.625/MERRA2/2019/07/MERRA2.20190701.A3cld.05x0625.nc4
2032.661,hit,false,0.000,0,278.497,147,GEOS_0.5x0.625/MERRA2/2019/07/MERRA2.20190701.A3cld.05x0625.nc4
2032.693,hit,false,0.000,0,278.528,147,GEOS_0.5x0.625/MERRA2/2019/07/MERRA2.20190701.A3cld.05x0625.nc4
2032.718,hit,false,0.000,0,278.554,147,GEOS_0.5x0.625/MERRA2/2019/07/MERRA2.20190701.A3cld.05x0625.nc4
2032.754,hit,false,0.000,0,278.590,147,GEOS_0.5x0.625/MERRA2/2019/07/MERRA2.20190701.A3cld.05x0625.nc4
2032.777,hit,false,0.000,0,278.613,147,GEOS_0.5x0.625/MERRA2/2019/07/MERRA2.20190701.A3cld.05x0625.nc4
2032.810,hit,false,0.000,0,278.645,147,GEOS_0.5x0.625/MERRA2/2019/07/MERRA2.20190701.A3cld.05x0625.nc4
2032.832,hit,false,0.000,0,278.667,148,GEOS_0.5x0.625/MERRA2/2019/07/MERRA2.20190701.A3cld.05x0625.nc4
2032.868,hit,false,0.000,0,278.702,148,GEOS_0.5x0.625/MERRA2/2019/07/MERRA2.20190701.A3cld.05x0625.nc4
2032.893,hit,false,0.000,0,278.728,148,GEOS_0.5x0.625/MERRA2/2019/07/MERRA2.20190701.A3cld.05x0625.nc4
2032.916,hit,false,0.000,0,278.751,148,GEOS_0.5x0.625/MERRA2/2019/07/MERRA2.20190701.A3cld.05x0625.nc4
2032.961,hit,false,0.000,0,278.795,148,GEOS_0.5x0.625/MERRA2/2019/07/MERRA2.20190701.A3cld.05x0625.nc4
2032.992,hit,false,0.000,0,278.826,148,GEOS_0.5x0.625/MERRA2/2019/07/MERRA2.20190701.A3cld.05x0625.nc4
2033.020,hit,false,0.000,0,278.855,148,GEOS_0.5x0.625/MERRA2/2019/07/MERRA2.20190701.A3cld.05x0625.nc4
2033.056,hit,false,0.000,0,278.890,148,GEOS_0.5x0.625/MERRA2/2019/07/MERRA2.20190701.A3cld.05x0625.nc4
2033.084,hit,false,0.000,0,278.917,149,GEOS_0.5x0.625/MERRA2/2019/07/MERRA2.20190701.A3cld.05x0625.nc4
2033.117,hit,false,0.000,0,278.950,149,GEOS_0.5x0.625/MERRA2/2019/07/MERRA2.20190701.A3cld.05x0625.nc4
2033.142,hit,false,0.000,0,278.975,149,GEOS_0.5x0.625/MERRA2/2019/07/MERRA2.20190701.A3cld.05x0625.nc4
2033.172,hit,false,0.000,0,279.004,149,GEOS_0.5x0.625/MERRA2/2019/07/MERRA2.20190701.A3cld.05x0625.nc4
2033.200,hit,false,0.000,0,279.033,149,GEOS_0.5x0.625/MERRA2/2019/07/MERRA2.20190701.A3cld.05x0625.nc4
2033.229,hit,false,0.000,0,279.061,149,GEOS_0.5x0.625/MERRA2/2019/07/MERRA2.20190701.A3cld.05x0625.nc4
2033.258,hit,false,0.000,0,279.091,149,GEOS_0.5x0.625/MERRA2/2019/07/MERRA2.20190701.A3cld.05x0625.nc4
2033.281,hit,false,0.000,0,279.114,149,GEOS_0.5x0.625/MERRA2/2019/07/MERRA2.20190701.A3cld.05x0625.nc4
2033.312,hit,false,0.000,0,279.143,150,GEOS_0.5x0.625/MERRA2/2019/07/MERRA2.20190701.A3cld.05x0625.nc4
2033.340,hit,false,0.000,0,279.171,150,GEOS_0.5x0.625/MERRA2/2019/07/MERRA2.20190701.A3cld.05x0625.nc4
2033.372,hit,false,0.000,0,279.203,150,GEOS_0.5x0.625/MERRA2/2019/07/MERRA2.20190701.A3cld.05x0625.nc4
2033.397,hit,false,0.000,0,279.228,150,GEOS_0.5x0.625/MERRA2/2019/07/MERRA2.20190701.A3cld.05x0625.nc4
2033.433,hit,false,0.000,0,279.264,150,GEOS_0.5x0.625/MERRA2/2019/07/MERRA2.20190701.A3cld.05x0625.nc4
2033.455,hit,false,0.000,0,279.286,150,GEOS_0.5x0.625/MERRA2/2019/07/MERRA2.20190701.A3cld.05x0625.nc4
2033.561,hit,false,0.000,0,279.392,150,GEOS_0.5x0.625/MERRA2/2019/07/MERRA2.20190701.A3cld.05x0625.nc4
2033.584,hit,false,0.000,0,279.415,150,GEOS_0.5x0.625/MERRA2/2019/07/MERRA2.20190701.A3cld.05x0625.nc4
2033.618,hit,false,0.000,0,279.443,151,GEOS_0.5x0.625/MERRA2/2019/07/MERRA2.20190701.A3cld.05x0625.nc4
2033.644,hit,false,0.000,0,279.469,151,GEOS_0.5x0.625/MERRA2/2019/07/MERRA2.20190701.A3cld.05x0625.nc4
2033.681,hit,false,0.000,0,279.506,151,GEOS_0.5x0.625/MERRA2/2019/07/MERRA2.20190701.A3cld.05x0625.nc4
2033.704,hit,false,0.000,0,279.529,151,GEOS_0.5x0.625/MERRA2/2019/07/MERRA2.20190701.A3cld.05x0625.nc4
2033.740,hit,false,0.000,0,279.565,151,GEOS_0.5x0.625/MERRA2/2019/07/MERRA2.20190701.A3cld.05x0625.nc4
2033.762,hit,false,0.000,0,279.587,151,GEOS_0.5x0.625/MERRA2/2019/07/MERRA2.20190701.A3cld.05x0625.nc4
2033.795,hit,false,0.000,0,279.620,151,GEOS_0.5x0.625/MERRA2/2019/07/MERRA2.20190701.A3cld.05x0625.nc4
2033.821,hit,false,0.000,0,279.646,151,GEOS_0.5x0.625/MERRA2/2019/07/MERRA2.20190701.A3cld.05x0625.nc4
2033.849,hit,false,0.000,0,280.163,152,GEOS_0.5x0.625/MERRA2/2019/07/MERRA2.20190701.A3cld.05x0625.nc4
2033.877,hit,false,0.000,0,280.191,152,GEOS_0.5x0.625/MERRA2/2019/07/MERRA2.20190701.A3cld.05x0625.nc4
2033.923,hit,false,0.000,0,280.237,152,GEOS_0.5x0.625/MERRA2/2019/07/MERRA2.20190701.A3cld.05x0625.nc4
2033.944,hit,false,0.000,0,280.258,152,GEOS_0.5x0.625/MERRA2/2019/07/MERRA2.20190701.A3cld.05x0625.nc4
2033.989,hit,false,0.000,0,280.303,152,GEOS_0.5x0.625/MERRA2/2019/07/MERRA2.20190701.A3cld.05x0625.nc4
2034.010,hit,false,0.000,0,280.324,152,GEOS_0.5x0.625/MERRA2/2019/07/MERRA2.20190701.A3cld.05x0625.nc4
2034.048,hit,false,0.000,0,280.362,152,GEOS_0.5x0.625/MERRA2/2019/07/MERRA2.20190701.A3cld.05x0625.nc4
2034.070,hit,false,0.000,0,280.384,152,GEOS_0.5x0.625/MERRA2/2019/07/MERRA2.20190701.A3cld.05x0625.nc4
2034.103,hit,false,0.000,0,279.898,153,GEOS_0.5x0.625/MERRA2/2019/07/MERRA2.20190701.A3cld.05x0625.nc4
2034.131,hit,false,0.000,0,279.926,153,GEOS_0.5x0.625/MERRA2/2019/07/MERRA2.20190701.A3cld.05x0625.nc4
2034.169,hit,false,0.000,0,279.964,153,GEOS_0.5x0.625/MERRA2/2019/07/MERRA2.20190701.A3cld.05x0625.nc4
2034.192,hit,false,0.000,0,279.987,153,GEOS_0.5x0.625/MERRA2/2019/07/MERRA2.20190701.A3cld.05x0625.nc4
2034.227,hit,false,0.000,0,280.022,153,GEOS_0.5x0.625/MERRA2/2019/07/MERRA2.20190701.A3cld.05x0625.nc4
2034.252,hit,false,0.000,0,280.047,153,GEOS_0.5x0.625/MERRA2/2019/07/MERRA2.20190701.A3cld.05x0625.nc4
2034.284,hit,false,0.000,0,280.079,153,GEOS_0.5x0.625/MERRA2/2019/07/MERRA2.20190701.A3cld.05x0625.nc4
2034.309,hit,false,0.000,0,280.104,153,GEOS_0.5x0.625/MERRA2/2019/07/MERRA2.20190701.A3cld.05x0625.nc4
2034.343,hit,false,0.000,0,280.136,154,GEOS_0.5x0.625/MERRA2/2019/07/MERRA2.20190701.A3cld.05x0625.nc4
2034.369,hit,false,0.000,0,280.163,154,GEOS_0.5x0.625/MERRA2/2019/07/MERRA2.20190701.A3cld.05x0625.nc4
2034.406,hit,false,0.000,0,280.199,154,GEOS_0.5x0.625/MERRA2/2019/07/MERRA2.20190701.A3cld.05x0625.nc4
2034.429,hit,false,0.000,0,280.222,154,GEOS_0.5x0.625/MERRA2/2019/07/MERRA2.20190701.A3cld.05x0625.nc4
2034.465,hit,false,0.000,0,280.258,154,GEOS_0.5x0.625/MERRA2/2019/07/MERRA2.20190701.A3cld.05x0625.nc4
2034.490,hit,false,0.000,0,280.284,154,GEOS_0.5x0.625/MERRA2/2019/07/MERRA2.20190701.A3cld.05x0625.nc4
2034.522,hit,false,0.000,0,280.315,154,GEOS_0.5x0.625/MERRA2/2019/07/MERRA2.20190701.A3cld.05x0625.nc4
2034.547,hit,false,0.000,0,280.340,154,GEOS_0.5x0.625/MERRA2/2019/07/MERRA2.20190701.A3cld.05x0625.nc4
2034.579,hit,false,0.000,0,280.371,155,GEOS_0.5x0.625/MERRA2/2019/07/MERRA2.20190701.A3cld.05x0625.nc4
2034.610,hit,false,0.000,0,280.402,155,GEOS_0.5x0.625/MERRA2/2019/07/MERRA2.20190701.A3cld.05x0625.nc4
2034.642,hit,false,0.000,0,280.434,155,GEOS_0.5x0.625/MERRA2/2019/07/MERRA2.20190701.A3cld.05x0625.nc4
2034.676,hit,false,0.000,0,280.468,155,GEOS_0.5x0.625/MERRA2/2019/07/MERRA2.20190701.A3cld.05x0625.nc4
2034.705,hit,false,0.000,0,280.497,155,GEOS_0.5x0.625/MERRA2/2019/07/MERRA2.20190701.A3cld.05x0625.nc4
2034.736,hit,false,0.000,0,280.528,155,GEOS_0.5x0.625/MERRA2/2019/07/MERRA2.20190701.A3cld.05x0625.nc4
2034.764,hit,false,0.000,0,280.556,155,GEOS_0.5x0.625/MERRA2/2019/07/MERRA2.20190701.A3cld.05x0625.nc4
2034.796,hit,false,0.000,0,280.588,155,GEOS_0.5x0.625/MERRA2/2019/07/MERRA2.20190701.A3cld.05x0625.nc4
2034.820,hit,false,0.000,0,280.610,156,GEOS_0.5x0.625/MERRA2/2019/07/MERRA2.20190701.A3cld.05x0625.nc4
2034.856,hit,false,0.000,0,280.646,156,GEOS_0.5x0.625/MERRA2/2019/07/MERRA2.20190701.A3cld.05x0625.nc4
2034.880,hit,false,0.000,0,280.670,156,GEOS_0.5x0.625/MERRA2/2019/07/MERRA2.20190701.A3cld.05x0625.nc4
2034.913,hit,false,0.000,0,280.703,156,GEOS_0.5x0.625/MERRA2/2019/07/MERRA2.20190701.A3cld.05x0625.nc4
2034.942,hit,false,0.000,0,280.732,156,GEOS_0.5x0.625/MERRA2/2019/07/MERRA2.20190701.A3cld.05x0625.nc4
2034.972,hit,false,0.000,0,280.762,156,GEOS_0.5x0.625/MERRA2/2019/07/MERRA2.20190701.A3cld.05x0625.nc4
2035.002,hit,false,0.000,0,280.792,156,GEOS_0.5x0.625/MERRA2/2019/07/MERRA2.20190701.A3cld.05x0625.nc4
2035.025,hit,false,0.000,0,280.815,156,GEOS_0.5x0.625/MERRA2/2019/07/MERRA2.20190701.A3cld.05x0625.nc4
2035.058,hit,false,0.000,0,280.846,157,GEOS_0.5x0.625/MERRA2/2019/07/MERRA2.20190701.A3cld.05x0625.nc4
2035.091,hit,false,0.000,0,280.880,157,GEOS_0.5x0.625/MERRA2/2019/07/MERRA2.20190701.A3cld.05x0625.nc4
2035.126,hit,false,0.000,0,280.915,157,GEOS_0.5x0.625/MERRA2/2019/07/MERRA2.20190701.A3cld.05x0625.nc4
2035.152,hit,false,0.000,0,280.940,157,GEOS_0.5x0.625/MERRA2/2019/07/MERRA2.20190701.A3cld.05x0625.nc4
2035.186,hit,false,0.000,0,280.974,157,GEOS_0.5x0.625/MERRA2/2019/07/MERRA2.20190701.A3cld.05x0625.nc4
2035.210,hit,false,0.000,0,280.999,157,GEOS_0.5x0.625/MERRA2/2019/07/MERRA2.20190701.A3cld.05x0625.nc4
2035.245,hit,false,0.000,0,281.033,157,GEOS_0.5x0.625/MERRA2/2019/07/MERRA2.20190701.A3cld.05x0625.nc4
2035.270,hit,false,0.000,0,281.058,157,GEOS_0.5x0.625/MERRA2/2019/07/MERRA2.20190701.A3cld.05x0625.nc4
2035.306,hit,false,0.000,0,281.093,158,GEOS_0.5x0.625/MERRA2/2019/07/MERRA2.20190701.A3cld.05x0625.nc4
2035.331,hit,false,0.000,0,281.118,158,GEOS_0.5x0.625/MERRA2/2019/07/MERRA2.20190701.A3cld.05x0625.nc4
2035.373,hit,false,0.000,0,281.160,158,GEOS_0.5x0.625/MERRA2/2019/07/MERRA2.20190701.A3cld.05x0625.nc4
2035.395,hit,false,0.000,0,281.182,158,GEOS_0.5x0.625/MERRA2/2019/07/MERRA2.20190701.A3cld.05x0625.nc4
2035.428,hit,false,0.000,0,281.215,158,GEOS_0.5x0.625/MERRA2/2019/07/MERRA2.20190701.A3cld.05x0625.nc4
2035.522,hit,false,0.000,0,281.309,158,GEOS_0.5x0.625/MERRA2/2019/07/MERRA2.20190701.A3cld.05x0625.nc4
2035.545,hit,false,0.000,0,281.332,158,GEOS_0.5x0.625/MERRA2/2019/07/MERRA2.20190701.A3cld.05x0625.nc4
2035.579,hit,false,0.000,0,281.366,158,GEOS_0.5x0.625/MERRA2/2019/07/MERRA2.20190701.A3cld.05x0625.nc4
2035.606,hit,false,0.000,0,281.392,159,GEOS_0.5x0.625/MERRA2/2019/07/MERRA2.20190701.A3cld.05x0625.nc4
2035.638,hit,false,0.000,0,281.424,159,GEOS_0.5x0.625/MERRA2/2019/07/MERRA2.20190701.A3cld.05x0625.nc4
2035.672,hit,false,0.000,0,281.458,159,GEOS_0.5x0.625/MERRA2/2019/07/MERRA2.20190701.A3cld.05x0625.nc4
2035.696,hit,false,0.000,0,281.481,159,GEOS_0.5x0.625/MERRA2/2019/07/MERRA2.20190701.A3cld.05x0625.nc4
2035.753,hit,false,0.000,0,281.538,159,GEOS_0.5x0.625/MERRA2/2019/07/MERRA2.20190701.A3cld.05x0625.nc4
2035.775,hit,false,0.000,0,281.560,159,GEOS_0.5x0.625/MERRA2/2019/07/MERRA2.20190701.A3cld.05x0625.nc4
2035.813,hit,false,0.000,0,281.599,159,GEOS_0.5x0.625/MERRA2/2019/07/MERRA2.20190701.A3cld.05x0625.nc4
2035.835,hit,false,0.000,0,281.621,159,GEOS_0.5x0.625/MERRA2/2019/07/MERRA2.20190701.A3cld.05x0625.nc4
2035.875,hit,false,0.000,0,282.253,160,GEOS_0.5x0.625/MERRA2/2019/07/MERRA2.20190701.A3cld.05x0625.nc4
2035.900,hit,false,0.000,0,282.278,160,GEOS_0.5x0.625/MERRA2/2019/07/MERRA2.20190701.A3cld.05x0625.nc4
2035.947,hit,false,0.000,0,282.325,160,GEOS_0.5x0.625/MERRA2/2019/07/MERRA2.20190701.A3cld.05x0625.nc4
2035.969,hit,false,0.000,0,282.347,160,GEOS_0.5x0.625/MERRA2/2019/07/MERRA2.20190701.A3cld.05x0625.nc4
2036.002,hit,false,0.000,0,282.380,160,GEOS_0.5x0.625/MERRA2/2019/07/MERRA2.20190701.A3cld.05x0625.nc4
2036.028,hit,false,0.000,0,282.405,160,GEOS_0.5x0.625/MERRA2/2019/07/MERRA2.20190701.A3cld.05x0625.nc4
2036.058,hit,false,0.000,0,282.435,160,GEOS_0.5x0.625/MERRA2/2019/07/MERRA2.20190701.A3cld.05x0625.nc4
2036.082,hit,false,0.000,0,282.460,160,GEOS_0.5x0.625/MERRA2/2019/07/MERRA2.20190701.A3cld.05x0625.nc4
2036.114,hit,false,0.000,0,282.487,161,GEOS_0.5x0.625/MERRA2/2019/07/MERRA2.20190701.A3cld.05x0625.nc4
2036.141,hit,false,0.000,0,282.514,161,GEOS_0.5x0.625/MERRA2/2019/07/MERRA2.20190701.A3cld.05x0625.nc4
2036.176,hit,false,0.000,0,282.548,161,GEOS_0.5x0.625/MERRA2/2019/07/MERRA2.20190701.A3cld.05x0625.nc4
2036.198,hit,false,0.000,0,282.571,161,GEOS_0.5x0.625/MERRA2/2019/07/MERRA2.20190701.A3cld.05x0625.nc4
2036.233,hit,false,0.000,0,282.606,161,GEOS_0.5x0.625/MERRA2/2019/07/MERRA2.20190701.A3cld.05x0625.nc4
2036.258,hit,false,0.000,0,282.631,161,GEOS_0.5x0.625/MERRA2/2019/07/MERRA2.20190701.A3cld.05x0625.nc4
2036.302,hit,false,0.000,0,282.675,161,GEOS_0.5x0.625/MERRA2/2019/07/MERRA2.20190701.A3cld.05x0625.nc4
2036.324,hit,false,0.000,0,282.696,161,GEOS_0.5x0.625/MERRA2/2019/07/MERRA2.20190701.A3cld.05x0625.nc4
2036.359,hit,false,0.000,0,282.729,162,GEOS_0.5x0.625/MERRA2/2019/07/MERRA2.20190701.A3cld.05x0625.nc4
2036.386,hit,false,0.000,0,282.757,162,GEOS_0.5x0.625/MERRA2/2019/07/MERRA2.20190701.A3cld.05x0625.nc4
2036.419,hit,false,0.000,0,282.790,162,GEOS_0.5x0.625/MERRA2/2019/07/MERRA2.20190701.A3cld.05x0625.nc4
2036.443,hit,false,0.000,0,282.813,162,GEOS_0.5x0.625/MERRA2/2019/07/MERRA2.20190701.A3cld.05x0625.nc4
2036.477,hit,false,0.000,0,282.847,162,GEOS_0.5x0.625/MERRA2/2019/07/MERRA2.20190701.A3cld.05x0625.nc4
2036.501,hit,false,0.000,0,282.872,162,GEOS_0.5x0.625/MERRA2/2019/07/MERRA2.20190701.A3cld.05x0625.nc4
2036.532,hit,false,0.000,0,282.903,162,GEOS_0.5x0.625/MERRA2/2019/07/MERRA2.20190701.A3cld.05x0625.nc4
2036.558,hit,false,0.000,0,282.929,162,GEOS_0.5x0.625/MERRA2/2019/07/MERRA2.20190701.A3cld.05x0625.nc4
2036.594,hit,false,0.000,0,282.962,163,GEOS_0.5x0.625/MERRA2/2019/07/MERRA2.20190701.A3cld.05x0625.nc4
2036.624,hit,false,0.000,0,282.993,163,GEOS_0.5x0.625/MERRA2/2019/07/MERRA2.20190701.A3cld.05x0625.nc4
2036.654,hit,false,0.000,0,283.023,163,GEOS_0.5x0.625/MERRA2/2019/07/MERRA2.20190701.A3cld.05x0625.nc4
2036.681,hit,false,0.000,0,283.050,163,GEOS_0.5x0.625/MERRA2/2019/07/MERRA2.20190701.A3cld.05x0625.nc4
2036.714,hit,false,0.000,0,283.083,163,GEOS_0.5x0.625/MERRA2/2019/07/MERRA2.20190701.A3cld.05x0625.nc4
2036.742,hit,false,0.000,0,283.110,163,GEOS_0.5x0.625/MERRA2/2019/07/MERRA2.20190701.A3cld.05x0625.nc4
2036.772,hit,false,0.000,0,283.141,163,GEOS_0.5x0.625/MERRA2/2019/07/MERRA2.20190701.A3cld.05x0625.nc4
2036.797,hit,false,0.000,0,283.166,163,GEOS_0.5x0.625/MERRA2/2019/07/MERRA2.20190701.A3cld.05x0625.nc4
2036.827,hit,false,0.000,0,283.194,164,GEOS_0.5x0.625/MERRA2/2019/07/MERRA2.20190701.A3cld.05x0625.nc4
2036.858,hit,false,0.000,0,283.225,164,GEOS_0.5x0.625/MERRA2/2019/07/MERRA2.20190701.A3cld.05x0625.nc4
2036.892,hit,false,0.000,0,283.259,164,GEOS_0.5x0.625/MERRA2/2019/07/MERRA2.20190701.A3cld.05x0625.nc4
2036.914,hit,false,0.000,0,283.281,164,GEOS_0.5x0.625/MERRA2/2019/07/MERRA2.20190701.A3cld.05x0625.nc4
2036.954,hit,false,0.000,0,283.322,164,GEOS_0.5x0.625/MERRA2/2019/07/MERRA2.20190701.A3cld.05x0625.nc4
2036.976,hit,false,0.000,0,283.343,164,GEOS_0.5x0.625/MERRA2/2019/07/MERRA2.20190701.A3cld.05x0625.nc4
2037.014,hit,false,0.000,0,283.381,164,GEOS_0.5x0.625/MERRA2/2019/07/MERRA2.20190701.A3cld.05x0625.nc4
2037.036,hit,false,0.000,0,283.403,164,GEOS_0.5x0.625/MERRA2/2019/07/MERRA2.20190701.A3cld.05x0625.nc4
2037.075,hit,false,0.000,0,283.440,165,GEOS_0.5x0.625/MERRA2/2019/07/MERRA2.20190701.A3cld.05x0625.nc4
2037.100,hit,false,0.000,0,283.464,165,GEOS_0.5x0.625/MERRA2/2019/07/MERRA2.20190701.A3cld.05x0625.nc4
2037.134,hit,false,0.000,0,283.499,165,GEOS_0.5x0.625/MERRA2/2019/07/MERRA2.20190701.A3cld.05x0625.nc4
2037.158,hit,false,0.000,0,283.523,165,GEOS_0.5x0.625/MERRA2/2019/07/MERRA2.20190701.A3cld.05x0625.nc4
2037.195,hit,false,0.000,0,283.560,165,GEOS_0.5x0.625/MERRA2/2019/07/MERRA2.20190701.A3cld.05x0625.nc4
2037.218,hit,false,0.000,0,283.583,165,GEOS_0.5x0.625/MERRA2/2019/07/MERRA2.20190701.A3cld.05x0625.nc4
2037.251,hit,false,0.000,0,283.616,165,GEOS_0.5x0.625/MERRA2/2019/07/MERRA2.20190701.A3cld.05x0625.nc4
2037.277,hit,false,0.000,0,283.641,165,GEOS_0.5x0.625/MERRA2/2019/07/MERRA2.20190701.A3cld.05x0625.nc4
2037.309,hit,false,0.000,0,283.672,166,GEOS_0.5x0.625/MERRA2/2019/07/MERRA2.20190701.A3cld.05x0625.nc4
2037.335,hit,false,0.000,0,283.698,166,GEOS_0.5x0.625/MERRA2/2019/07/MERRA2.20190701.A3cld.05x0625.nc4
2037.367,hit,false,0.000,0,283.730,166,GEOS_0.5x0.625/MERRA2/2019/07/MERRA2.20190701.A3cld.05x0625.nc4
2037.393,hit,false,0.000,0,283.756,166,GEOS_0.5x0.625/MERRA2/2019/07/MERRA2.20190701.A3cld.05x0625.nc4
2037.493,hit,false,0.000,0,283.856,166,GEOS_0.5x0.625/MERRA2/2019/07/MERRA2.20190701.A3cld.05x0625.nc4
2037.516,hit,false,0.000,0,283.879,166,GEOS_0.5x0.625/MERRA2/2019/07/MERRA2.20190701.A3cld.05x0625.nc4
2037.550,hit,false,0.000,0,283.913,166,GEOS_0.5x0.625/MERRA2/2019/07/MERRA2.20190701.A3cld.05x0625.nc4
2037.576,hit,false,0.000,0,283.939,166,GEOS_0.5x0.625/MERRA2/2019/07/MERRA2.20190701.A3cld.05x0625.nc4
2037.607,hit,false,0.000,0,283.968,167,GEOS_0.5x0.625/MERRA2/2019/07/MERRA2.20190701.A3cld.05x0625.nc4
2037.633,hit,false,0.000,0,283.995,167,GEOS_0.5x0.625/MERRA2/2019/07/MERRA2.20190701.A3cld.05x0625.nc4
2037.666,hit,false,0.000,0,284.028,167,GEOS_0.5x0.625/MERRA2/2019/07/MERRA2.20190701.A3cld.05x0625.nc4
2037.692,hit,false,0.000,0,284.053,167,GEOS_0.5x0.625/MERRA2/2019/07/MERRA2.20190701.A3cld.05x0625.nc4
2037.724,hit,false,0.000,0,284.086,167,GEOS_0.5x0.625/MERRA2/2019/07/MERRA2.20190701.A3cld.05x0625.nc4
2037.753,hit,false,0.000,0,284.114,167,GEOS_0.5x0.625/MERRA2/2019/07/MERRA2.20190701.A3cld.05x0625.nc4
2037.781,hit,false,0.000,0,284.143,167,GEOS_0.5x0.625/MERRA2/2019/07/MERRA2.20190701.A3cld.05x0625.nc4
2037.814,hit,false,0.000,0,284.176,167,GEOS_0.5x0.625/MERRA2/2019/07/MERRA2.20190701.A3cld.05x0625.nc4
2037.843,hit,false,0.000,0,284.234,168,GEOS_0.5x0.625/MERRA2/2019/07/MERRA2.20190701.A3cld.05x0625.nc4
2037.875,hit,false,0.000,0,284.266,168,GEOS_0.5x0.625/MERRA2/2019/07/MERRA2.20190701.A3cld.05x0625.nc4
2037.916,hit,false,0.000,0,284.307,168,GEOS_0.5x0.625/MERRA2/2019/07/MERRA2.20190701.A3cld.05x0625.nc4
2037.938,hit,false,0.000,0,284.330,168,GEOS_0.5x0.625/MERRA2/2019/07/MERRA2.20190701.A3cld.05x0625.nc4
2037.976,hit,false,0.000,0,284.367,168,GEOS_0.5x0.625/MERRA2/2019/07/MERRA2.20190701.A3cld.05x0625.nc4
2037.998,hit,false,0.000,0,284.390,168,GEOS_0.5x0.625/MERRA2/2019/07/MERRA2.20190701.A3cld.05x0625.nc4
2038.030,hit,false,0.000,0,284.421,168,GEOS_0.5x0.625/MERRA2/2019/07/MERRA2.20190701.A3cld.05x0625.nc4
2038.056,hit,false,0.000,0,284.448,168,GEOS_0.5x0.625/MERRA2/2019/07/MERRA2.20190701.A3cld.05x0625.nc4
2038.085,hit,false,0.000,0,284.475,169,GEOS_0.5x0.625/MERRA2/2019/07/MERRA2.20190701.A3cld.05x0625.nc4
2038.120,hit,false,0.000,0,284.509,169,GEOS_0.5x0.625/MERRA2/2019/07/MERRA2.20190701.A3cld.05x0625.nc4
2038.144,hit,false,0.000,0,284.533,169,GEOS_0.5x0.625/MERRA2/2019/07/MERRA2.20190701.A3cld.05x0625.nc4
2038.176,hit,false,0.000,0,284.566,169,GEOS_0.5x0.625/MERRA2/2019/07/MERRA2.20190701.A3cld.05x0625.nc4
2038.202,hit,false,0.000,0,284.591,169,GEOS_0.5x0.625/MERRA2/2019/07/MERRA2.20190701.A3cld.05x0625.nc4
2038.235,hit,false,0.000,0,284.625,169,GEOS_0.5x0.625/MERRA2/2019/07/MERRA2.20190701.A3cld.05x0625.nc4
2038.259,hit,false,0.000,0,284.648,169,GEOS_0.5x0.625/MERRA2/2019/07/MERRA2.20190701.A3cld.05x0625.nc4
2038.292,hit,false,0.000,0,284.682,169,GEOS_0.5x0.625/MERRA2/2019/07/MERRA2.20190701.A3cld.05x0625.nc4
2038.317,hit,false,0.000,0,284.705,170,GEOS_0.5x0.625/MERRA2/2019/07/MERRA2.20190701.A3cld.05x0625.nc4
2038.355,hit,false,0.000,0,284.743,170,GEOS_0.5x0.625/MERRA2/2019/07/MERRA2.20190701.A3cld.05x0625.nc4
2038.379,hit,false,0.000,0,284.767,170,GEOS_0.5x0.625/MERRA2/2019/07/MERRA2.20190701.A3cld.05x0625.nc4
2038.411,hit,false,0.000,0,284.799,170,GEOS_0.5x0.625/MERRA2/2019/07/MERRA2.20190701.A3cld.05x0625.nc4
2038.437,hit,false,0.000,0,284.825,170,GEOS_0.5x0.625/MERRA2/2019/07/MERRA2.20190701.A3cld.05x0625.nc4
2038.467,hit,false,0.000,0,284.855,170,GEOS_0.5x0.625/MERRA2/2019/07/MERRA2.20190701.A3cld.05x0625.nc4
2038.491,hit,false,0.000,0,284.879,170,GEOS_0.5x0.625/MERRA2/2019/07/MERRA2.20190701.A3cld.05x0625.nc4
2038.529,hit,false,0.000,0,284.917,170,GEOS_0.5x0.625/MERRA2/2019/07/MERRA2.20190701.A3cld.05x0625.nc4
2038.551,hit,false,0.000,0,284.937,171,GEOS_0.5x0.625/MERRA2/2019/07/MERRA2.20190701.A3cld.05x0625.nc4
2038.583,hit,false,0.000,0,284.969,171,GEOS_0.5x0.625/MERRA2/2019/07/MERRA2.20190701.A3cld.05x0625.nc4
2038.608,hit,false,0.000,0,284.995,171,GEOS_0.5x0.625/MERRA2/2019/07/MERRA2.20190701.A3cld.05x0625.nc4
2038.640,hit,false,0.000,0,285.026,171,GEOS_0.5x0.625/MERRA2/2019/07/MERRA2.20190701.A3cld.05x0625.nc4
2038.665,hit,false,0.000,0,285.052,171,GEOS_0.5x0.625/MERRA2/2019/07/MERRA2.20190701.A3cld.05x0625.nc4
2038.698,hit,false,0.000,0,285.084,171,GEOS_0.5x0.625/MERRA2/2019/07/MERRA2.20190701.A3cld.05x0625.nc4
2038.721,hit,false,0.000,0,285.107,171,GEOS_0.5x0.625/MERRA2/2019/07/MERRA2.20190701.A3cld.05x0625.nc4
2038.760,hit,false,0.000,0,285.146,171,GEOS_0.5x0.625/MERRA2/2019/07/MERRA2.20190701.A3cld.05x0625.nc4
2038.781,hit,false,0.000,0,285.165,172,GEOS_0.5x0.625/MERRA2/2019/07/MERRA2.20190701.A3cld.05x0625.nc4
2038.821,hit,false,0.000,0,285.205,172,GEOS_0.5x0.625/MERRA2/2019/07/MERRA2.20190701.A3cld.05x0625.nc4
2038.844,hit,false,0.000,0,285.228,172,GEOS_0.5x0.625/MERRA2/2019/07/MERRA2.20190701.A3cld.05x0625.nc4
2038.877,hit,false,0.000,0,285.261,172,GEOS_0.5x0.625/MERRA2/2019/07/MERRA2.20190701.A3cld.05x0625.nc4
2038.902,hit,false,0.000,0,285.286,172,GEOS_0.5x0.625/MERRA2/2019/07/MERRA2.20190701.A3cld.05x0625.nc4
2038.934,hit,false,0.000,0,285.319,172,GEOS_0.5x0.625/MERRA2/2019/07/MERRA2.20190701.A3cld.05x0625.nc4
2038.958,hit,false,0.000,0,285.342,172,GEOS_0.5x0.625/MERRA2/2019/07/MERRA2.20190701.A3cld.05x0625.nc4
2038.992,hit,false,0.000,0,285.376,172,GEOS_0.5x0.625/MERRA2/2019/07/MERRA2.20190701.A3cld.05x0625.nc4
2039.015,hit,false,0.000,0,285.397,173,GEOS_0.5x0.625/MERRA2/2019/07/MERRA2.20190701.A3cld.05x0625.nc4
2039.051,hit,false,0.000,0,285.433,173,GEOS_0.5x0.625/MERRA2/2019/07/MERRA2.20190701.A3cld.05x0625.nc4
2039.085,hit,false,0.000,0,285.467,173,GEOS_0.5x0.625/MERRA2/2019/07/MERRA2.20190701.A3cld.05x0625.nc4
2039.118,hit,false,0.000,0,285.500,173,GEOS_0.5x0.625/MERRA2/2019/07/MERRA2.20190701.A3cld.05x0625.nc4
2039.146,hit,false,0.000,0,285.528,173,GEOS_0.5x0.625/MERRA2/2019/07/MERRA2.20190701.A3cld.05x0625.nc4
2039.178,hit,false,0.000,0,285.560,173,GEOS_0.5x0.625/MERRA2/2019/07/MERRA2.20190701.A3cld.05x0625.nc4
2039.208,hit,false,0.000,0,285.590,173,GEOS_0.5x0.625/MERRA2/2019/07/MERRA2.20190701.A3cld.05x0625.nc4
2039.238,hit,false,0.000,0,285.620,173,GEOS_0.5x0.625/MERRA2/2019/07/MERRA2.20190701.A3cld.05x0625.nc4
2039.261,hit,false,0.000,0,285.640,174,GEOS_0.5x0.625/MERRA2/2019/07/MERRA2.20190701.A3cld.05x0625.nc4
2039.295,hit,false,0.000,0,285.674,174,GEOS_0.5x0.625/MERRA2/2019/07/MERRA2.20190701.A3cld.05x0625.nc4
2039.321,hit,false,0.000,0,285.700,174,GEOS_0.5x0.625/MERRA2/2019/07/MERRA2.20190701.A3cld.05x0625.nc4
2039.424,hit,false,0.000,0,285.803,174,GEOS_0.5x0.625/MERRA2/2019/07/MERRA2.20190701.A3cld.05x0625.nc4
2039.447,hit,false,0.000,0,285.826,174,GEOS_0.5x0.625/MERRA2/2019/07/MERRA2.20190701.A3cld.05x0625.nc4
2039.488,hit,false,0.000,0,285.867,174,GEOS_0.5x0.625/MERRA2/2019/07/MERRA2.20190701.A3cld.05x0625.nc4
2039.515,hit,false,0.000,0,285.894,174,GEOS_0.5x0.625/MERRA2/2019/07/MERRA2.20190701.A3cld.05x0625.nc4
2039.546,hit,false,0.000,0,285.924,174,GEOS_0.5x0.625/MERRA2/2019/07/MERRA2.20190701.A3cld.05x0625.nc4
2039.567,hit,false,0.000,0,285.944,175,GEOS_0.5x0.625/MERRA2/2019/07/MERRA2.20190701.A3cld.05x0625.nc4
2039.602,hit,false,0.000,0,285.979,175,GEOS_0.5x0.625/MERRA2/2019/07/MERRA2.20190701.A3cld.05x0625.nc4
2039.627,hit,false,0.000,0,286.004,175,GEOS_0.5x0.625/MERRA2/2019/07/MERRA2.20190701.A3cld.05x0625.nc4
2039.658,hit,false,0.000,0,286.035,175,GEOS_0.5x0.625/MERRA2/2019/07/MERRA2.20190701.A3cld.05x0625.nc4
2039.684,hit,false,0.000,0,286.061,175,GEOS_0.5x0.625/MERRA2/2019/07/MERRA2.20190701.A3cld.05x0625.nc4
2039.721,hit,false,0.000,0,286.098,175,GEOS_0.5x0.625/MERRA2/2019/07/MERRA2.20190701.A3cld.05x0625.nc4
2039.742,hit,false,0.000,0,286.119,175,GEOS_0.5x0.625/MERRA2/2019/07/MERRA2.20190701.A3cld.05x0625.nc4
2039.780,hit,false,0.000,0,286.157,175,GEOS_0.5x0.625/MERRA2/2019/07/MERRA2.20190701.A3cld.05x0625.nc4
2039.802,hit,false,0.000,0,286.174,176,GEOS_0.5x0.625/MERRA2/2019/07/MERRA2.20190701.A3cld.05x0625.nc4
2039.840,hit,false,0.000,0,286.212,176,GEOS_0.5x0.625/MERRA2/2019/07/MERRA2.20190701.A3cld.05x0625.nc4
2039.873,hit,false,0.000,0,286.244,176,GEOS_0.5x0.625/MERRA2/2019/07/MERRA2.20190701.A3cld.05x0625.nc4
2039.898,hit,false,0.000,0,286.270,176,GEOS_0.5x0.625/MERRA2/2019/07/MERRA2.20190701.A3cld.05x0625.nc4
2039.928,hit,false,0.000,0,286.300,176,GEOS_0.5x0.625/MERRA2/2019/07/MERRA2.20190701.A3cld.05x0625.nc4
2039.950,hit,false,0.000,0,286.322,176,GEOS_0.5x0.625/MERRA2/2019/07/MERRA2.20190701.A3cld.05x0625.nc4
2039.989,hit,false,0.000,0,286.361,176,GEOS_0.5x0.625/MERRA2/2019/07/MERRA2.20190701.A3cld.05x0625.nc4
2040.012,hit,false,0.000,0,286.384,176,GEOS_0.5x0.625/MERRA2/2019/07/MERRA2.20190701.A3cld.05x0625.nc4
2040.046,hit,false,0.000,0,286.416,177,GEOS_0.5x0.625/MERRA2/2019/07/MERRA2.20190701.A3cld.05x0625.nc4
2040.073,hit,false,0.000,0,286.444,177,GEOS_0.5x0.625/MERRA2/2019/07/MERRA2.20190701.A3cld.05x0625.nc4
2040.107,hit,false,0.000,0,286.478,177,GEOS_0.5x0.625/MERRA2/2019/07/MERRA2.20190701.A3cld.05x0625.nc4
2040.130,hit,false,0.000,0,286.500,177,GEOS_0.5x0.625/MERRA2/2019/07/MERRA2.20190701.A3cld.05x0625.nc4
2040.164,hit,false,0.000,0,286.534,177,GEOS_0.5x0.625/MERRA2/2019/07/MERRA2.20190701.A3cld.05x0625.nc4
2040.189,hit,false,0.000,0,286.559,177,GEOS_0.5x0.625/MERRA2/2019/07/MERRA2.20190701.A3cld.05x0625.nc4
2040.221,hit,false,0.000,0,286.591,177,GEOS_0.5x0.625/MERRA2/2019/07/MERRA2.20190701.A3cld.05x0625.nc4
2040.245,hit,false,0.000,0,286.616,177,GEOS_0.5x0.625/MERRA2/2019/07/MERRA2.20190701.A3cld.05x0625.nc4
2040.281,hit,false,0.000,0,286.649,178,GEOS_0.5x0.625/MERRA2/2019/07/MERRA2.20190701.A3cld.05x0625.nc4
2040.306,hit,false,0.000,0,286.675,178,GEOS_0.5x0.625/MERRA2/2019/07/MERRA2.20190701.A3cld.05x0625.nc4
2040.338,hit,false,0.000,0,286.707,178,GEOS_0.5x0.625/MERRA2/2019/07/MERRA2.20190701.A3cld.05x0625.nc4
2040.365,hit,false,0.000,0,286.733,178,GEOS_0.5x0.625/MERRA2/2019/07/MERRA2.20190701.A3cld.05x0625.nc4
2040.399,hit,false,0.000,0,286.768,178,GEOS_0.5x0.625/MERRA2/2019/07/MERRA2.20190701.A3cld.05x0625.nc4
2040.426,hit,false,0.000,0,286.794,178,GEOS_0.5x0.625/MERRA2/2019/07/MERRA2.20190701.A3cld.05x0625.nc4
2040.459,hit,false,0.000,0,286.827,178,GEOS_0.5x0.625/MERRA2/2019/07/MERRA2.20190701.A3cld.05x0625.nc4
2040.487,hit,false,0.000,0,286.856,178,GEOS_0.5x0.625/MERRA2/2019/07/MERRA2.20190701.A3cld.05x0625.nc4
2040.518,hit,false,0.000,0,286.885,179,GEOS_0.5x0.625/MERRA2/2019/07/MERRA2.20190701.A3cld.05x0625.nc4
2040.545,hit,false,0.000,0,286.912,179,GEOS_0.5x0.625/MERRA2/2019/07/MERRA2.20190701.A3cld.05x0625.nc4
2040.577,hit,false,0.000,0,286.944,179,GEOS_0.5x0.625/MERRA2/2019/07/MERRA2.20190701.A3cld.05x0625.nc4
2040.602,hit,false,0.000,0,286.969,179,GEOS_0.5x0.625/MERRA2/2019/07/MERRA2.20190701.A3cld.05x0625.nc4
2040.634,hit,false,0.000,0,287.001,179,GEOS_0.5x0.625/MERRA2/2019/07/MERRA2.20190701.A3cld.05x0625.nc4
2040.657,hit,false,0.000,0,287.024,179,GEOS_0.5x0.625/MERRA2/2019/07/MERRA2.20190701.A3cld.05x0625.nc4
2040.695,hit,false,0.000,0,287.062,179,GEOS_0.5x0.625/MERRA2/2019/07/MERRA2.20190701.A3cld.05x0625.nc4
2040.718,hit,false,0.000,0,287.084,179,GEOS_0.5x0.625/MERRA2/2019/07/MERRA2.20190701.A3cld.05x0625.nc4
2040.751,hit,false,0.000,0,287.116,180,GEOS_0.5x0.625/MERRA2/2019/07/MERRA2.20190701.A3cld.05x0625.nc4
2040.778,hit,false,0.000,0,287.143,180,GEOS_0.5x0.625/MERRA2/2019/07/MERRA2.20190701.A3cld.05x0625.nc4
2040.818,hit,false,0.000,0,287.183,180,GEOS_0.5x0.625/MERRA2/2019/07/MERRA2.20190701.A3cld.05x0625.nc4
2040.840,hit,false,0.000,0,287.205,180,GEOS_0.5x0.625/MERRA2/2019/07/MERRA2.20190701.A3cld.05x0625.nc4
2040.873,hit,false,0.000,0,287.238,180,GEOS_0.5x0.625/MERRA2/2019/07/MERRA2.20190701.A3cld.05x0625.nc4
2040.898,hit,false,0.000,0,287.263,180,GEOS_0.5x0.625/MERRA2/2019/07/MERRA2.20190701.A3cld.05x0625.nc4
2040.928,hit,false,0.000,0,287.293,180,GEOS_0.5x0.625/MERRA2/2019/07/MERRA2.20190701.A3cld.05x0625.nc4
2040.953,hit,false,0.000,0,287.318,180,GEOS_0.5x0.625/MERRA2/2019/07/MERRA2.20190701.A3cld.05x0625.nc4
2040.991,hit,false,0.000,0,287.353,181,GEOS_0.5x0.625/MERRA2/2019/07/MERRA2.20190701.A3cld.05x0625.nc4
2041.016,hit,false,0.000,0,287.378,181,GEOS_0.5x0.625/MERRA2/2019/07/MERRA2.20190701.A3cld.05x0625.nc4
2041.048,hit,false,0.000,0,287.410,181,GEOS_0.5x0.625/MERRA2/2019/07/MERRA2.20190701.A3cld.05x0625.nc4
2041.073,hit,false,0.000,0,287.434,181,GEOS_0.5x0.625/MERRA2/2019/07/MERRA2.20190701.A3cld.05x0625.nc4
2041.105,hit,false,0.000,0,287.466,181,GEOS_0.5x0.625/MERRA2/2019/07/MERRA2.20190701.A3cld.05x0625.nc4
2041.136,hit,false,0.000,0,287.498,181,GEOS_0.5x0.625/MERRA2/2019/07/MERRA2.20190701.A3cld.05x0625.nc4
2041.161,hit,false,0.000,0,287.522,181,GEOS_0.5x0.625/MERRA2/2019/07/MERRA2.20190701.A3cld.05x0625.nc4
2041.193,hit,false,0.000,0,287.554,181,GEOS_0.5x0.625/MERRA2/2019/07/MERRA2.20190701.A3cld.05x0625.nc4
2041.220,hit,false,0.000,0,287.580,182,GEOS_0.5x0.625/MERRA2/2019/07/MERRA2.20190701.A3cld.05x0625.nc4
2041.254,hit,false,0.000,0,287.614,182,GEOS_0.5x0.625/MERRA2/2019/07/MERRA2.20190701.A3cld.05x0625.nc4
2041.350,hit,false,0.000,0,287.710,182,GEOS_0.5x0.625/MERRA2/2019/07/MERRA2.20190701.A3cld.05x0625.nc4
2041.373,hit,false,0.000,0,287.733,182,GEOS_0.5x0.625/MERRA2/2019/07/MERRA2.20190701.A3cld.05x0625.nc4
2041.412,hit,false,0.000,0,287.771,182,GEOS_0.5x0.625/MERRA2/2019/07/MERRA2.20190701.A3cld.05x0625.nc4
2041.434,hit,false,0.000,0,287.794,182,GEOS_0.5x0.625/MERRA2/2019/07/MERRA2.20190701.A3cld.05x0625.nc4
2041.471,hit,false,0.000,0,287.831,182,GEOS_0.5x0.625/MERRA2/2019/07/MERRA2.20190701.A3cld.05x0625.nc4
2041.494,hit,false,0.000,0,287.854,182,GEOS_0.5x0.625/MERRA2/2019/07/MERRA2.20190701.A3cld.05x0625.nc4
2041.526,hit,false,0.000,0,287.878,183,GEOS_0.5x0.625/MERRA2/2019/07/MERRA2.20190701.A3cld.05x0625.nc4
2041.554,hit,false,0.000,0,287.907,183,GEOS_0.5x0.625/MERRA2/2019/07/MERRA2.20190701.A3cld.05x0625.nc4
2041.591,hit,false,0.000,0,287.943,183,GEOS_0.5x0.625/MERRA2/2019/07/MERRA2.20190701.A3cld.05x0625.nc4
2041.613,hit,false,0.000,0,287.965,183,GEOS_0.5x0.625/MERRA2/2019/07/MERRA2.20190701.A3cld.05x0625.nc4
2041.651,hit,false,0.000,0,288.004,183,GEOS_0.5x0.625/MERRA2/2019/07/MERRA2.20190701.A3cld.05x0625.nc4
2041.673,hit,false,0.000,0,288.025,183,GEOS_0.5x0.625/MERRA2/2019/07/MERRA2.20190701.A3cld.05x0625.nc4
2041.715,hit,false,0.000,0,288.067,183,GEOS_0.5x0.625/MERRA2/2019/07/MERRA2.20190701.A3cld.05x0625.nc4
2041.736,hit,false,0.000,0,288.088,183,GEOS_0.5x0.625/MERRA2/2019/07/MERRA2.20190701.A3cld.05x0625.nc4
2041.773,hit,false,0.000,0,288.112,184,GEOS_0.5x0.625/MERRA2/2019/07/MERRA2.20190701.A3cld.05x0625.nc4
2041.798,hit,false,0.000,0,288.137,184,GEOS_0.5x0.625/MERRA2/2019/07/MERRA2.20190701.A3cld.05x0625.nc4
2041.845,hit,false,0.000,0,288.185,184,GEOS_0.5x0.625/MERRA2/2019/07/MERRA2.20190701.A3cld.05x0625.nc4
2041.867,hit,false,0.000,0,288.207,184,GEOS_0.5x0.625/MERRA2/2019/07/MERRA2.20190701.A3cld.05x0625.nc4
2041.906,hit,false,0.000,0,288.246,184,GEOS_0.5x0.625/MERRA2/2019/07/MERRA2.20190701.A3cld.05x0625.nc4
2041.928,hit,false,0.000,0,288.267,184,GEOS_0.5x0.625/MERRA2/2019/07/MERRA2.20190701.A3cld.05x0625.nc4
2041.964,hit,false,0.000,0,288.304,184,GEOS_0.5x0.625/MERRA2/2019/07/MERRA2.20190701.A3cld.05x0625.nc4
2041.986,hit,false,0.000,0,288.326,184,GEOS_0.5x0.625/MERRA2/2019/07/MERRA2.20190701.A3cld.05x0625.nc4
2042.021,hit,false,0.000,0,288.356,185,GEOS_0.5x0.625/MERRA2/2019/07/MERRA2.20190701.A3cld.05x0625.nc4
2042.046,hit,false,0.000,0,288.381,185,GEOS_0.5x0.625/MERRA2/2019/07/MERRA2.20190701.A3cld.05x0625.nc4
2042.084,hit,false,0.000,0,288.419,185,GEOS_0.5x0.625/MERRA2/2019/07/MERRA2.20190701.A3cld.05x0625.nc4
2042.106,hit,false,0.000,0,288.441,185,GEOS_0.5x0.625/MERRA2/2019/07/MERRA2.20190701.A3cld.05x0625.nc4
2042.145,hit,false,0.000,0,288.480,185,GEOS_0.5x0.625/MERRA2/2019/07/MERRA2.20190701.A3cld.05x0625.nc4
2042.167,hit,false,0.000,0,288.502,185,GEOS_0.5x0.625/MERRA2/2019/07/MERRA2.20190701.A3cld.05x0625.nc4
2042.210,hit,false,0.000,0,288.545,185,GEOS_0.5x0.625/MERRA2/2019/07/MERRA2.20190701.A3cld.05x0625.nc4
2042.232,hit,false,0.000,0,288.567,185,GEOS_0.5x0.625/MERRA2/2019/07/MERRA2.20190701.A3cld.05x0625.nc4
2042.273,hit,false,0.000,0,288.605,186,GEOS_0.5x0.625/MERRA2/2019/07/MERRA2.20190701.A3cld.05x0625.nc4
2042.298,hit,false,0.000,0,288.629,186,GEOS_0.5x0.625/MERRA2/2019/07/MERRA2.20190701.A3cld.05x0625.nc4
2042.367,hit,false,0.000,0,288.699,186,GEOS_0.5x0.625/MERRA2/2019/07/MERRA2.20190701.A3cld.05x0625.nc4
2042.389,hit,false,0.000,0,288.721,186,GEOS_0.5x0.625/MERRA2/2019/07/MERRA2.20190701.A3cld.05x0625.nc4
2042.428,hit,false,0.000,0,288.759,186,GEOS_0.5x0.625/MERRA2/2019/07/MERRA2.20190701.A3cld.05x0625.nc4
2042.455,hit,false,0.000,0,288.786,186,GEOS_0.5x0.625/MERRA2/2019/07/MERRA2.20190701.A3cld.05x0625.nc4
2042.489,hit,false,0.000,0,288.821,186,GEOS_0.5x0.625/MERRA2/2019/07/MERRA2.20190701.A3cld.05x0625.nc4
2042.528,hit,false,0.000,0,288.859,186,GEOS_0.5x0.625/MERRA2/2019/07/MERRA2.20190701.A3cld.05x0625.nc4
2042.551,hit,false,0.000,0,288.880,187,GEOS_0.5x0.625/MERRA2/2019/07/MERRA2.20190701.A3cld.05x0625.nc4
2042.593,hit,false,0.000,0,288.923,187,GEOS_0.5x0.625/MERRA2/2019/07/MERRA2.20190701.A3cld.05x0625.nc4
2042.615,hit,false,0.000,0,288.945,187,GEOS_0.5x0.625/MERRA2/2019/07/MERRA2.20190701.A3cld.05x0625.nc4
2042.659,hit,false,0.000,0,288.988,187,GEOS_0.5x0.625/MERRA2/2019/07/MERRA2.20190701.A3cld.05x0625.nc4
2042.683,hit,false,0.000,0,289.012,187,GEOS_0.5x0.625/MERRA2/2019/07/MERRA2.20190701.A3cld.05x0625.nc4
2042.714,hit,false,0.000,0,289.043,187,GEOS_0.5x0.625/MERRA2/2019/07/MERRA2.20190701.A3cld.05x0625.nc4
2042.739,hit,false,0.000,0,289.069,187,GEOS_0.5x0.625/MERRA2/2019/07/MERRA2.20190701.A3cld.05x0625.nc4
2042.769,hit,false,0.000,0,289.099,187,GEOS_0.5x0.625/MERRA2/2019/07/MERRA2.20190701.A3cld.05x0625.nc4
2042.795,hit,false,0.000,0,289.123,188,GEOS_0.5x0.625/MERRA2/2019/07/MERRA2.20190701.A3cld.05x0625.nc4
2042.832,hit,false,0.000,0,289.159,188,GEOS_0.5x0.625/MERRA2/2019/07/MERRA2.20190701.A3cld.05x0625.nc4
2042.854,hit,false,0.000,0,289.182,188,GEOS_0.5x0.625/MERRA2/2019/07/MERRA2.20190701.A3cld.05x0625.nc4
2042.888,hit,false,0.000,0,289.216,188,GEOS_0.5x0.625/MERRA2/2019/07/MERRA2.20190701.A3cld.05x0625.nc4
2042.914,hit,false,0.000,0,289.242,188,GEOS_0.5x0.625/MERRA2/2019/07/MERRA2.20190701.A3cld.05x0625.nc4
2042.956,hit,false,0.000,0,289.284,188,GEOS_0.5x0.625/MERRA2/2019/07/MERRA2.20190701.A3cld.05x0625.nc4
2042.980,hit,false,0.000,0,289.307,188,GEOS_0.5x0.625/MERRA2/2019/07/MERRA2.20190701.A3cld.05x0625.nc4
2043.018,hit,false,0.000,0,289.346,188,GEOS_0.5x0.625/MERRA2/2019/07/MERRA2.20190701.A3cld.05x0625.nc4
2043.042,hit,false,0.000,0,289.367,189,GEOS_0.5x0.625/MERRA2/2019/07/MERRA2.20190701.A3cld.05x0625.nc4
2043.100,hit,false,0.000,0,289.425,189,GEOS_0.5x0.625/MERRA2/2019/07/MERRA2.20190701.A3cld.05x0625.nc4
2043.122,hit,false,0.000,0,289.448,189,GEOS_0.5x0.625/MERRA2/2019/07/MERRA2.20190701.A3cld.05x0625.nc4
2043.161,hit,false,0.000,0,289.487,189,GEOS_0.5x0.625/MERRA2/2019/07/MERRA2.20190701.A3cld.05x0625.nc4
2043.185,hit,false,0.000,0,289.510,189,GEOS_0.5x0.625/MERRA2/2019/07/MERRA2.20190701.A3cld.05x0625.nc4
2043.219,hit,false,0.000,0,289.544,189,GEOS_0.5x0.625/MERRA2/2019/07/MERRA2.20190701.A3cld.05x0625.nc4
2043.244,hit,false,0.000,0,289.570,189,GEOS_0.5x0.625/MERRA2/2019/07/MERRA2.20190701.A3cld.05x0625.nc4
2043.276,hit,false,0.000,0,289.602,189,GEOS_0.5x0.625/MERRA2/2019/07/MERRA2.20190701.A3cld.05x0625.nc4
2043.302,hit,false,0.000,0,289.248,190,GEOS_0.5x0.625/MERRA2/2019/07/MERRA2.20190701.A3cld.05x0625.nc4
2043.406,hit,false,0.000,0,289.352,190,GEOS_0.5x0.625/MERRA2/2019/07/MERRA2.20190701.A3cld.05x0625.nc4
2043.431,hit,false,0.000,0,289.378,190,GEOS_0.5x0.625/MERRA2/2019/07/MERRA2.20190701.A3cld.05x0625.nc4
2043.468,hit,false,0.000,0,289.415,190,GEOS_0.5x0.625/MERRA2/2019/07/MERRA2.20190701.A3cld.05x0625.nc4
2043.491,hit,false,0.000,0,289.438,190,GEOS_0.5x0.625/MERRA2/2019/07/MERRA2.20190701.A3cld.05x0625.nc4
2043.524,hit,false,0.000,0,289.471,190,GEOS_0.5x0.625/MERRA2/2019/07/MERRA2.20190701.A3cld.05x0625.nc4
2043.550,hit,false,0.000,0,289.496,190,GEOS_0.5x0.625/MERRA2/2019/07/MERRA2.20190701.A3cld.05x0625.nc4
2043.585,hit,false,0.000,0,289.531,190,GEOS_0.5x0.625/MERRA2/2019/07/MERRA2.20190701.A3cld.05x0625.nc4
2043.607,hit,false,0.000,0,289.552,191,GEOS_0.5x0.625/MERRA2/2019/07/MERRA2.20190701.A3cld.05x0625.nc4
2043.642,hit,false,0.000,0,289.586,191,GEOS_0.5x0.625/MERRA2/2019/07/MERRA2.20190701.A3cld.05x0625.nc4
2043.667,hit,false,0.000,0,289.612,191,GEOS_0.5x0.625/MERRA2/2019/07/MERRA2.20190701.A3cld.05x0625.nc4
2043.698,hit,false,0.000,0,289.642,191,GEOS_0.5x0.625/MERRA2/2019/07/MERRA2.20190701.A3cld.05x0625.nc4
2043.724,hit,false,0.000,0,289.669,191,GEOS_0.5x0.625/MERRA2/2019/07/MERRA2.20190701.A3cld.05x0625.nc4
2043.756,hit,false,0.000,0,289.701,191,GEOS_0.5x0.625/MERRA2/2019/07/MERRA2.20190701.A3cld.05x0625.nc4
2043.784,hit,false,0.000,0,289.729,191,GEOS_0.5x0.625/MERRA2/2019/07/MERRA2.20190701.A3cld.05x0625.nc4
2043.815,hit,false,0.000,0,289.760,191,GEOS_0.5x0.625/MERRA2/2019/07/MERRA2.20190701.A3cld.05x0625.nc4
2043.862,hit,false,0.000,0,290.190,192,GEOS_0.5x0.625/MERRA2/2019/07/MERRA2.20190701.A3cld.05x0625.nc4
2043.886,hit,false,0.000,0,290.215,192,GEOS_0.5x0.625/MERRA2/2019/07/MERRA2.20190701.A3cld.05x0625.nc4
2043.934,hit,false,0.000,0,290.263,192,GEOS_0.5x0.625/MERRA2/2019/07/MERRA2.20190701.A3cld.05x0625.nc4
2043.956,hit,false,0.000,0,290.284,192,GEOS_0.5x0.625/MERRA2/2019/07/MERRA2.20190701.A3cld.05x0625.nc4
2043.999,hit,false,0.000,0,290.328,192,GEOS_0.5x0.625/MERRA2/2019/07/MERRA2.20190701.A3cld.05x0625.nc4
2044.021,hit,false,0.000,0,290.349,192,GEOS_0.5x0.625/MERRA2/2019/07/MERRA2.20190701.A3cld.05x0625.nc4
2044.062,hit,false,0.000,0,290.390,192,GEOS_0.5x0.625/MERRA2/2019/07/MERRA2.20190701.A3cld.05x0625.nc4
2044.085,hit,false,0.000,0,290.413,192,GEOS_0.5x0.625/MERRA2/2019/07/MERRA2.20190701.A3cld.05x0625.nc4
2044.123,hit,false,0.000,0,290.449,193,GEOS_0.5x0.625/MERRA2/2019/07/MERRA2.20190701.A3cld.05x0625.nc4
2044.148,hit,false,0.000,0,290.474,193,GEOS_0.5x0.625/MERRA2/2019/07/MERRA2.20190701.A3cld.05x0625.nc4
2044.183,hit,false,0.000,0,290.509,193,GEOS_0.5x0.625/MERRA2/2019/07/MERRA2.20190701.A3cld.05x0625.nc4
2044.208,hit,false,0.000,0,290.534,193,GEOS_0.5x0.625/MERRA2/2019/07/MERRA2.20190701.A3cld.05x0625.nc4
2044.245,hit,false,0.000,0,290.571,193,GEOS_0.5x0.625/MERRA2/2019/07/MERRA2.20190701.A3cld.05x0625.nc4
2044.268,hit,false,0.000,0,290.595,193,GEOS_0.5x0.625/MERRA2/2019/07/MERRA2.20190701.A3cld.05x0625.nc4
2044.313,hit,false,0.000,0,290.639,193,GEOS_0.5x0.625/MERRA2/2019/07/MERRA2.20190701.A3cld.05x0625.nc4
2044.334,hit,false,0.000,0,290.660,193,GEOS_0.5x0.625/MERRA2/2019/07/MERRA2.20190701.A3cld.05x0625.nc4
2044.373,hit,false,0.000,0,290.284,194,GEOS_0.5x0.625/MERRA2/2019/07/MERRA2.20190701.A3cld.05x0625.nc4
2044.400,hit,false,0.000,0,290.311,194,GEOS_0.5x0.625/MERRA2/2019/07/MERRA2.20190701.A3cld.05x0625.nc4
2044.439,hit,false,0.000,0,290.350,194,GEOS_0.5x0.625/MERRA2/2019/07/MERRA2.20190701.A3cld.05x0625.nc4
2044.461,hit,false,0.000,0,290.372,194,GEOS_0.5x0.625/MERRA2/2019/07/MERRA2.20190701.A3cld.05x0625.nc4
2044.494,hit,false,0.000,0,290.405,194,GEOS_0.5x0.625/MERRA2/2019/07/MERRA2.20190701.A3cld.05x0625.nc4
2044.519,hit,false,0.000,0,290.430,194,GEOS_0.5x0.625/MERRA2/2019/07/MERRA2.20190701.A3cld.05x0625.nc4
2044.553,hit,false,0.000,0,290.464,194,GEOS_0.5x0.625/MERRA2/2019/07/MERRA2.20190701.A3cld.05x0625.nc4
2044.576,hit,false,0.000,0,290.487,194,GEOS_0.5x0.625/MERRA2/2019/07/MERRA2.20190701.A3cld.05x0625.nc4
2044.609,hit,false,0.000,0,290.517,195,GEOS_0.5x0.625/MERRA2/2019/07/MERRA2.20190701.A3cld.05x0625.nc4
2044.637,hit,false,0.000,0,290.545,195,GEOS_0.5x0.625/MERRA2/2019/07/MERRA2.20190701.A3cld.05x0625.nc4
2044.670,hit,false,0.000,0,290.577,195,GEOS_0.5x0.625/MERRA2/2019/07/MERRA2.20190701.A3cld.05x0625.nc4
2044.701,hit,false,0.000,0,290.609,195,GEOS_0.5x0.625/MERRA2/2019/07/MERRA2.20190701.A3cld.05x0625.nc4
2044.726,hit,false,0.000,0,290.633,195,GEOS_0.5x0.625/MERRA2/2019/07/MERRA2.20190701.A3cld.05x0625.nc4
2044.763,hit,false,0.000,0,290.671,195,GEOS_0.5x0.625/MERRA2/2019/07/MERRA2.20190701.A3cld.05x0625.nc4
2044.785,hit,false,0.000,0,290.693,195,GEOS_0.5x0.625/MERRA2/2019/07/MERRA2.20190701.A3cld.05x0625.nc4
2044.823,hit,false,0.000,0,290.731,195,GEOS_0.5x0.625/MERRA2/2019/07/MERRA2.20190701.A3cld.05x0625.nc4
2044.846,hit,false,0.000,0,290.752,196,GEOS_0.5x0.625/MERRA2/2019/07/MERRA2.20190701.A3cld.05x0625.nc4
2044.882,hit,false,0.000,0,290.788,196,GEOS_0.5x0.625/MERRA2/2019/07/MERRA2.20190701.A3cld.05x0625.nc4
2044.907,hit,false,0.000,0,290.812,196,GEOS_0.5x0.625/MERRA2/2019/07/MERRA2.20190701.A3cld.05x0625.nc4
2044.953,hit,false,0.000,0,290.858,196,GEOS_0.5x0.625/MERRA2/2019/07/MERRA2.20190701.A3cld.05x0625.nc4
2044.974,hit,false,0.000,0,290.880,196,GEOS_0.5x0.625/MERRA2/2019/07/MERRA2.20190701.A3cld.05x0625.nc4
2045.012,hit,false,0.000,0,290.918,196,GEOS_0.5x0.625/MERRA2/2019/07/MERRA2.20190701.A3cld.05x0625.nc4
2045.035,hit,false,0.000,0,290.940,196,GEOS_0.5x0.625/MERRA2/2019/07/MERRA2.20190701.A3cld.05x0625.nc4
2045.072,hit,false,0.000,0,290.978,196,GEOS_0.5x0.625/MERRA2/2019/07/MERRA2.20190701.A3cld.05x0625.nc4
2045.095,hit,false,0.000,0,290.999,197,GEOS_0.5x0.625/MERRA2/2019/07/MERRA2.20190701.A3cld.05x0625.nc4
2045.131,hit,false,0.000,0,291.035,197,GEOS_0.5x0.625/MERRA2/2019/07/MERRA2.20190701.A3cld.05x0625.nc4
2045.158,hit,false,0.000,0,291.061,197,GEOS_0.5x0.625/MERRA2/2019/07/MERRA2.20190701.A3cld.05x0625.nc4
2045.189,hit,false,0.000,0,291.093,197,GEOS_0.5x0.625/MERRA2/2019/07/MERRA2.20190701.A3cld.05x0625.nc4
2045.216,hit,false,0.000,0,291.119,197,GEOS_0.5x0.625/MERRA2/2019/07/MERRA2.20190701.A3cld.05x0625.nc4
2045.241,hit,false,0.000,0,291.145,197,GEOS_0.5x0.625/MERRA2/2019/07/MERRA2.20190701.A3cld.05x0625.nc4
2045.273,hit,false,0.000,0,291.176,197,GEOS_0.5x0.625/MERRA2/2019/07/MERRA2.20190701.A3cld.05x0625.nc4
2045.299,hit,false,0.000,0,291.203,197,GEOS_0.5x0.625/MERRA2/2019/07/MERRA2.20190701.A3cld.05x0625.nc4
2045.408,hit,false,0.000,0,291.309,198,GEOS_0.5x0.625/MERRA2/2019/07/MERRA2.20190701.A3cld.05x0625.nc4
2045.433,hit,false,0.000,0,291.335,198,GEOS_0.5x0.625/MERRA2/2019/07/MERRA2.20190701.A3cld.05x0625.nc4
2045.471,hit,false,0.000,0,291.373,198,GEOS_0.5x0.625/MERRA2/2019/07/MERRA2.20190701.A3cld.05x0625.nc4
2045.493,hit,false,0.000,0,291.395,198,GEOS_0.5x0.625/MERRA2/2019/07/MERRA2.20190701.A3cld.05x0625.nc4
2045.527,hit,false,0.000,0,291.429,198,GEOS_0.5x0.625/MERRA2/2019/07/MERRA2.20190701.A3cld.05x0625.nc4
2045.553,hit,false,0.000,0,291.454,198,GEOS_0.5x0.625/MERRA2/2019/07/MERRA2.20190701.A3cld.05x0625.nc4
2045.586,hit,false,0.000,0,291.487,198,GEOS_0.5x0.625/MERRA2/2019/07/MERRA2.20190701.A3cld.05x0625.nc4
2045.611,hit,false,0.000,0,291.512,198,GEOS_0.5x0.625/MERRA2/2019/07/MERRA2.20190701.A3cld.05x0625.nc4
2045.642,hit,false,0.000,0,291.542,199,GEOS_0.5x0.625/MERRA2/2019/07/MERRA2.20190701.A3cld.05x0625.nc4
2045.669,hit,false,0.000,0,291.569,199,GEOS_0.5x0.625/MERRA2/2019/07/MERRA2.20190701.A3cld.05x0625.nc4
2045.700,hit,false,0.000,0,291.600,199,GEOS_0.5x0.625/MERRA2/2019/07/MERRA2.20190701.A3cld.05x0625.nc4
2045.730,hit,false,0.000,0,291.629,199,GEOS_0.5x0.625/MERRA2/2019/07/MERRA2.20190701.A3cld.05x0625.nc4
2045.762,hit,false,0.000,0,291.661,199,GEOS_0.5x0.625/MERRA2/2019/07/MERRA2.20190701.A3cld.05x0625.nc4
2045.784,hit,false,0.000,0,291.684,199,GEOS_0.5x0.625/MERRA2/2019/07/MERRA2.20190701.A3cld.05x0625.nc4
2045.820,hit,false,0.000,0,291.720,199,GEOS_0.5x0.625/MERRA2/2019/07/MERRA2.20190701.A3cld.05x0625.nc4
2045.843,hit,false,0.000,0,291.743,199,GEOS_0.5x0.625/MERRA2/2019/07/MERRA2.20190701.A3cld.05x0625.nc4
2045.881,hit,false,0.000,0,292.202,200,GEOS_0.5x0.625/MERRA2/2019/07/MERRA2.20190701.A3cld.05x0625.nc4
2045.906,hit,false,0.000,0,292.228,200,GEOS_0.5x0.625/MERRA2/2019/07/MERRA2.20190701.A3cld.05x0625.nc4
2045.961,hit,false,0.000,0,292.282,200,GEOS_0.5x0.625/MERRA2/2019/07/MERRA2.20190701.A3cld.05x0625.nc4
2045.982,hit,false,0.000,0,292.304,200,GEOS_0.5x0.625/MERRA2/2019/07/MERRA2.20190701.A3cld.05x0625.nc4
2046.026,hit,false,0.000,0,292.348,200,GEOS_0.5x0.625/MERRA2/2019/07/MERRA2.20190701.A3cld.05x0625.nc4
2046.049,hit,false,0.000,0,292.371,200,GEOS_0.5x0.625/MERRA2/2019/07/MERRA2.20190701.A3cld.05x0625.nc4
2046.094,hit,false,0.000,0,292.415,200,GEOS_0.5x0.625/MERRA2/2019/07/MERRA2.20190701.A3cld.05x0625.nc4
2046.114,hit,false,0.000,0,292.436,200,GEOS_0.5x0.625/MERRA2/2019/07/MERRA2.20190701.A3cld.05x0625.nc4
2046.152,hit,false,0.000,0,292.038,201,GEOS_0.5x0.625/MERRA2/2019/07/MERRA2.20190701.A3cld.05x0625.nc4
2046.177,hit,false,0.000,0,292.063,201,GEOS_0.5x0.625/MERRA2/2019/07/MERRA2.20190701.A3cld.05x0625.nc4
2046.213,hit,false,0.000,0,292.099,201,GEOS_0.5x0.625/MERRA2/2019/07/MERRA2.20190701.A3cld.05x0625.nc4
2046.236,hit,false,0.000,0,292.122,201,GEOS_0.5x0.625/MERRA2/2019/07/MERRA2.20190701.A3cld.05x0625.nc4
2046.271,hit,false,0.000,0,292.157,201,GEOS_0.5x0.625/MERRA2/2019/07/MERRA2.20190701.A3cld.05x0625.nc4
2046.296,hit,false,0.000,0,292.182,201,GEOS_0.5x0.625/MERRA2/2019/07/MERRA2.20190701.A3cld.05x0625.nc4
2046.333,hit,false,0.000,0,292.219,201,GEOS_0.5x0.625/MERRA2/2019/07/MERRA2.20190701.A3cld.05x0625.nc4
2046.359,hit,false,0.000,0,292.245,201,GEOS_0.5x0.625/MERRA2/2019/07/MERRA2.20190701.A3cld.05x0625.nc4
2046.391,hit,false,0.000,0,292.275,202,GEOS_0.5x0.625/MERRA2/2019/07/MERRA2.20190701.A3cld.05x0625.nc4
2046.421,hit,false,0.000,0,292.304,202,GEOS_0.5x0.625/MERRA2/2019/07/MERRA2.20190701.A3cld.05x0625.nc4
2046.452,hit,false,0.000,0,292.336,202,GEOS_0.5x0.625/MERRA2/2019/07/MERRA2.20190701.A3cld.05x0625.nc4
2046.494,hit,false,0.000,0,292.378,202,GEOS_0.5x0.625/MERRA2/2019/07/MERRA2.20190701.A3cld.05x0625.nc4
2046.517,hit,false,0.000,0,292.401,202,GEOS_0.5x0.625/MERRA2/2019/07/MERRA2.20190701.A3cld.05x0625.nc4
2046.556,hit,false,0.000,0,292.440,202,GEOS_0.5x0.625/MERRA2/2019/07/MERRA2.20190701.A3cld.05x0625.nc4
2046.579,hit,false,0.000,0,292.463,202,GEOS_0.5x0.625/MERRA2/2019/07/MERRA2.20190701.A3cld.05x0625.nc4
2046.614,hit,false,0.000,0,292.497,202,GEOS_0.5x0.625/MERRA2/2019/07/MERRA2.20190701.A3cld.05x0625.nc4
2046.638,hit,false,0.000,0,292.520,203,GEOS_0.5x0.625/MERRA2/2019/07/MERRA2.20190701.A3cld.05x0625.nc4
2046.682,hit,false,0.000,0,292.563,203,GEOS_0.5x0.625/MERRA2/2019/07/MERRA2.20190701.A3cld.05x0625.nc4
2046.704,hit,false,0.000,0,292.586,203,GEOS_0.5x0.625/MERRA2/2019/07/MERRA2.20190701.A3cld.05x0625.nc4
2046.739,hit,false,0.000,0,292.621,203,GEOS_0.5x0.625/MERRA2/2019/07/MERRA2.20190701.A3cld.05x0625.nc4
2046.765,hit,false,0.000,0,292.647,203,GEOS_0.5x0.625/MERRA2/2019/07/MERRA2.20190701.A3cld.05x0625.nc4
2046.797,hit,false,0.000,0,292.679,203,GEOS_0.5x0.625/MERRA2/2019/07/MERRA2.20190701.A3cld.05x0625.nc4
2046.826,hit,false,0.000,0,292.708,203,GEOS_0.5x0.625/MERRA2/2019/07/MERRA2.20190701.A3cld.05x0625.nc4
2046.858,hit,false,0.000,0,292.740,203,GEOS_0.5x0.625/MERRA2/2019/07/MERRA2.20190701.A3cld.05x0625.nc4
2046.889,hit,false,0.000,0,292.768,204,GEOS_0.5x0.625/MERRA2/2019/07/MERRA2.20190701.A3cld.05x0625.nc4
2046.919,hit,false,0.000,0,292.799,204,GEOS_0.5x0.625/MERRA2/2019/07/MERRA2.20190701.A3cld.05x0625.nc4
2046.953,hit,false,0.000,0,292.832,204,GEOS_0.5x0.625/MERRA2/2019/07/MERRA2.20190701.A3cld.05x0625.nc4
2046.976,hit,false,0.000,0,292.855,204,GEOS_0.5x0.625/MERRA2/2019/07/MERRA2.20190701.A3cld.05x0625.nc4
2047.011,hit,false,0.000,0,292.890,204,GEOS_0.5x0.625/MERRA2/2019/07/MERRA2.20190701.A3cld.05x0625.nc4
2047.036,hit,false,0.000,0,292.916,204,GEOS_0.5x0.625/MERRA2/2019/07/MERRA2.20190701.A3cld.05x0625.nc4
2047.068,hit,false,0.000,0,292.948,204,GEOS_0.5x0.625/MERRA2/2019/07/MERRA2.20190701.A3cld.05x0625.nc4
2047.098,hit,false,0.000,0,292.977,204,GEOS_0.5x0.625/MERRA2/2019/07/MERRA2.20190701.A3cld.05x0625.nc4
2047.137,hit,false,0.000,0,293.015,205,GEOS_0.5x0.625/MERRA2/2019/07/MERRA2.20190701.A3cld.05x0625.nc4
2047.164,hit,false,0.000,0,293.042,205,GEOS_0.5x0.625/MERRA2/2019/07/MERRA2.20190701.A3cld.05x0625.nc4
2047.200,hit,false,0.000,0,293.078,205,GEOS_0.5x0.625/MERRA2/2019/07/MERRA2.20190701.A3cld.05x0625.nc4
2047.222,hit,false,0.000,0,293.100,205,GEOS_0.5x0.625/MERRA2/2019/07/MERRA2.20190701.A3cld.05x0625.nc4
2047.281,hit,false,0.000,0,293.159,205,GEOS_0.5x0.625/MERRA2/2019/07/MERRA2.20190701.A3cld.05x0625.nc4
2047.302,hit,false,0.000,0,293.180,205,GEOS_0.5x0.625/MERRA2/2019/07/MERRA2.20190701.A3cld.05x0625.nc4
2047.343,hit,false,0.000,0,293.221,205,GEOS_0.5x0.625/MERRA2/2019/07/MERRA2.20190701.A3cld.05x0625.nc4
2047.435,hit,false,0.000,0,293.313,205,GEOS_0.5x0.625/MERRA2/2019/07/MERRA2.20190701.A3cld.05x0625.nc4
2047.458,hit,false,0.000,0,293.334,206,GEOS_0.5x0.625/MERRA2/2019/07/MERRA2.20190701.A3cld.05x0625.nc4
2047.494,hit,false,0.000,0,293.371,206,GEOS_0.5x0.625/MERRA2/2019/07/MERRA2.20190701.A3cld.05x0625.nc4
2047.519,hit,false,0.000,0,293.396,206,GEOS_0.5x0.625/MERRA2/2019/07/MERRA2.20190701.A3cld.05x0625.nc4
2047.548,hit,false,0.000,0,293.425,206,GEOS_0.5x0.625/MERRA2/2019/07/MERRA2.20190701.A3cld.05x0625.nc4
2047.579,hit,false,0.000,0,293.455,206,GEOS_0.5x0.625/MERRA2/2019/07/MERRA2.20190701.A3cld.05x0625.nc4
2047.610,hit,false,0.000,0,293.487,206,GEOS_0.5x0.625/MERRA2/2019/07/MERRA2.20190701.A3cld.05x0625.nc4
2047.633,hit,false,0.000,0,293.509,206,GEOS_0.5x0.625/MERRA2/2019/07/MERRA2.20190701.A3cld.05x0625.nc4
2047.671,hit,false,0.000,0,293.547,206,GEOS_0.5x0.625/MERRA2/2019/07/MERRA2.20190701.A3cld.05x0625.nc4
2047.694,hit,false,0.000,0,293.569,207,GEOS_0.5x0.625/MERRA2/2019/07/MERRA2.20190701.A3cld.05x0625.nc4
2047.734,hit,false,0.000,0,293.609,207,GEOS_0.5x0.625/MERRA2/2019/07/MERRA2.20190701.A3cld.05x0625.nc4
2047.757,hit,false,0.000,0,293.632,207,GEOS_0.5x0.625/MERRA2/2019/07/MERRA2.20190701.A3cld.05x0625.nc4
2047.791,hit,false,0.000,0,293.666,207,GEOS_0.5x0.625/MERRA2/2019/07/MERRA2.20190701.A3cld.05x0625.nc4
2047.815,hit,false,0.000,0,293.690,207,GEOS_0.5x0.625/MERRA2/2019/07/MERRA2.20190701.A3cld.05x0625.nc4
2047.848,hit,false,0.000,0,293.723,207,GEOS_0.5x0.625/MERRA2/2019/07/MERRA2.20190701.A3cld.05x0625.nc4
2047.872,hit,false,0.000,0,293.747,207,GEOS_0.5x0.625/MERRA2/2019/07/MERRA2.20190701.A3cld.05x0625.nc4
2047.905,hit,false,0.000,0,293.779,207,GEOS_0.5x0.625/MERRA2/2019/07/MERRA2.20190701.A3cld.05x0625.nc4
2047.929,hit,false,0.000,0,294.284,208,GEOS_0.5x0.625/MERRA2/2019/07/MERRA2.20190701.A3cld.05x0625.nc4
2047.965,hit,false,0.000,0,294.320,208,GEOS_0.5x0.625/MERRA2/2019/07/MERRA2.20190701.A3cld.05x0625.nc4
2048.008,hit,false,0.000,0,294.363,208,GEOS_0.5x0.625/MERRA2/2019/07/MERRA2.20190701.A3cld.05x0625.nc4
2048.029,hit,false,0.000,0,294.384,208,GEOS_0.5x0.625/MERRA2/2019/07/MERRA2.20190701.A3cld.05x0625.nc4
2048.070,hit,false,0.000,0,294.425,208,GEOS_0.5x0.625/MERRA2/2019/07/MERRA2.20190701.A3cld.05x0625.nc4
2048.092,hit,false,0.000,0,294.447,208,GEOS_0.5x0.625/MERRA2/2019/07/MERRA2.20190701.A3cld.05x0625.nc4
2048.131,hit,false,0.000,0,294.486,208,GEOS_0.5x0.625/MERRA2/2019/07/MERRA2.20190701.A3cld.05x0625.nc4
2048.154,hit,false,0.000,0,294.509,208,GEOS_0.5x0.625/MERRA2/2019/07/MERRA2.20190701.A3cld.05x0625.nc4
2048.190,hit,false,0.000,0,294.541,209,GEOS_0.5x0.625/MERRA2/2019/07/MERRA2.20190701.A3cld.05x0625.nc4
2048.217,hit,false,0.000,0,294.569,209,GEOS_0.5x0.625/MERRA2/2019/07/MERRA2.20190701.A3cld.05x0625.nc4
2048.250,hit,false,0.000,0,294.602,209,GEOS_0.5x0.625/MERRA2/2019/07/MERRA2.20190701.A3cld.05x0625.nc4
2048.274,hit,false,0.000,0,294.626,209,GEOS_0.5x0.625/MERRA2/2019/07/MERRA2.20190701.A3cld.05x0625.nc4
2048.308,hit,false,0.000,0,294.660,209,GEOS_0.5x0.625/MERRA2/2019/07/MERRA2.20190701.A3cld.05x0625.nc4
2048.335,hit,false,0.000,0,294.687,209,GEOS_0.5x0.625/MERRA2/2019/07/MERRA2.20190701.A3cld.05x0625.nc4
2048.366,hit,false,0.000,0,294.718,209,GEOS_0.5x0.625/MERRA2/2019/07/MERRA2.20190701.A3cld.05x0625.nc4
2048.389,hit,false,0.000,0,294.741,209,GEOS_0.5x0.625/MERRA2/2019/07/MERRA2.20190701.A3cld.05x0625.nc4
2048.423,hit,false,0.000,0,294.771,210,GEOS_0.5x0.625/MERRA2/2019/07/MERRA2.20190701.A3cld.05x0625.nc4
2048.450,hit,false,0.000,0,294.798,210,GEOS_0.5x0.625/MERRA2/2019/07/MERRA2.20190701.A3cld.05x0625.nc4
2048.482,hit,false,0.000,0,294.830,210,GEOS_0.5x0.625/MERRA2/2019/07/MERRA2.20190701.A3cld.05x0625.nc4
2048.510,hit,false,0.000,0,294.858,210,GEOS_0.5x0.625/MERRA2/2019/07/MERRA2.20190701.A3cld.05x0625.nc4
2048.539,hit,false,0.000,0,294.888,210,GEOS_0.5x0.625/MERRA2/2019/07/MERRA2.20190701.A3cld.05x0625.nc4
2048.567,hit,false,0.000,0,294.915,210,GEOS_0.5x0.625/MERRA2/2019/07/MERRA2.20190701.A3cld.05x0625.nc4
2048.598,hit,false,0.000,0,294.946,210,GEOS_0.5x0.625/MERRA2/2019/07/MERRA2.20190701.A3cld.05x0625.nc4
2048.622,hit,false,0.000,0,294.970,210,GEOS_0.5x0.625/MERRA2/2019/07/MERRA2.20190701.A3cld.05x0625.nc4
2048.653,hit,false,0.000,0,294.997,211,GEOS_0.5x0.625/MERRA2/2019/07/MERRA2.20190701.A3cld.05x0625.nc4
2048.680,hit,false,0.000,0,295.024,211,GEOS_0.5x0.625/MERRA2/2019/07/MERRA2.20190701.A3cld.05x0625.nc4
2048.712,hit,false,0.000,0,295.056,211,GEOS_0.5x0.625/MERRA2/2019/07/MERRA2.20190701.A3cld.05x0625.nc4
2048.736,hit,false,0.000,0,295.080,211,GEOS_0.5x0.625/MERRA2/2019/07/MERRA2.20190701.A3cld.05x0625.nc4
2048.767,hit,false,0.000,0,295.111,211,GEOS_0.5x0.625/MERRA2/2019/07/MERRA2.20190701.A3cld.05x0625.nc4
2048.791,hit,false,0.000,0,295.136,211,GEOS_0.5x0.625/MERRA2/2019/07/MERRA2.20190701.A3cld.05x0625.nc4
2048.825,hit,false,0.000,0,295.169,211,GEOS_0.5x0.625/MERRA2/2019/07/MERRA2.20190701.A3cld.05x0625.nc4
2048.848,hit,false,0.000,0,295.192,211,GEOS_0.5x0.625/MERRA2/2019/07/MERRA2.20190701.A3cld.05x0625.nc4
2048.882,hit,false,0.000,0,295.224,212,GEOS_0.5x0.625/MERRA2/2019/07/MERRA2.20190701.A3cld.05x0625.nc4
2048.911,hit,false,0.000,0,295.253,212,GEOS_0.5x0.625/MERRA2/2019/07/MERRA2.20190701.A3cld.05x0625.nc4
2048.942,hit,false,0.000,0,295.284,212,GEOS_0.5x0.625/MERRA2/2019/07/MERRA2.20190701.A3cld.05x0625.nc4
2048.965,hit,false,0.000,0,295.307,212,GEOS_0.5x0.625/MERRA2/2019/07/MERRA2.20190701.A3cld.05x0625.nc4
2048.999,hit,false,0.000,0,295.342,212,GEOS_0.5x0.625/MERRA2/2019/07/MERRA2.20190701.A3cld.05x0625.nc4
2049.022,hit,false,0.000,0,295.364,212,GEOS_0.5x0.625/MERRA2/2019/07/MERRA2.20190701.A3cld.05x0625.nc4
2049.063,hit,false,0.000,0,295.405,212,GEOS_0.5x0.625/MERRA2/2019/07/MERRA2.20190701.A3cld.05x0625.nc4
2049.086,hit,false,0.000,0,295.428,212,GEOS_0.5x0.625/MERRA2/2019/07/MERRA2.20190701.A3cld.05x0625.nc4
2049.128,hit,false,0.000,0,295.464,213,GEOS_0.5x0.625/MERRA2/2019/07/MERRA2.20190701.A3cld.05x0625.nc4
2049.153,hit,false,0.000,0,295.488,213,GEOS_0.5x0.625/MERRA2/2019/07/MERRA2.20190701.A3cld.05x0625.nc4
2049.186,hit,false,0.000,0,295.522,213,GEOS_0.5x0.625/MERRA2/2019/07/MERRA2.20190701.A3cld.05x0625.nc4
2049.213,hit,false,0.000,0,295.548,213,GEOS_0.5x0.625/MERRA2/2019/07/MERRA2.20190701.A3cld.05x0625.nc4
2049.251,hit,false,0.000,0,295.587,213,GEOS_0.5x0.625/MERRA2/2019/07/MERRA2.20190701.A3cld.05x0625.nc4
2049.274,hit,false,0.000,0,295.609,213,GEOS_0.5x0.625/MERRA2/2019/07/MERRA2.20190701.A3cld.05x0625.nc4
2049.380,hit,false,0.000,0,295.716,213,GEOS_0.5x0.625/MERRA2/2019/07/MERRA2.20190701.A3cld.05x0625.nc4
2049.402,hit,false,0.000,0,295.737,213,GEOS_0.5x0.625/MERRA2/2019/07/MERRA2.20190701.A3cld.05x0625.nc4
2049.442,hit,false,0.000,0,295.776,214,GEOS_0.5x0.625/MERRA2/2019/07/MERRA2.20190701.A3cld.05x0625.nc4
2049.468,hit,false,0.000,0,295.802,214,GEOS_0.5x0.625/MERRA2/2019/07/MERRA2.20190701.A3cld.05x0625.nc4
2049.501,hit,false,0.000,0,295.835,214,GEOS_0.5x0.625/MERRA2/2019/07/MERRA2.20190701.A3cld.05x0625.nc4
2049.526,hit,false,0.000,0,295.859,214,GEOS_0.5x0.625/MERRA2/2019/07/MERRA2.20190701.A3cld.05x0625.nc4
2049.558,hit,false,0.000,0,295.892,214,GEOS_0.5x0.625/MERRA2/2019/07/MERRA2.20190701.A3cld.05x0625.nc4
2049.582,hit,false,0.000,0,295.916,214,GEOS_0.5x0.625/MERRA2/2019/07/MERRA2.20190701.A3cld.05x0625.nc4
2049.617,hit,false,0.000,0,295.951,214,GEOS_0.5x0.625/MERRA2/2019/07/MERRA2.20190701.A3cld.05x0625.nc4
2049.646,hit,false,0.000,0,295.979,214,GEOS_0.5x0.625/MERRA2/2019/07/MERRA2.20190701.A3cld.05x0625.nc4
2049.676,hit,false,0.000,0,296.008,215,GEOS_0.5x0.625/MERRA2/2019/07/MERRA2.20190701.A3cld.05x0625.nc4
2049.707,hit,false,0.000,0,296.039,215,GEOS_0.5x0.625/MERRA2/2019/07/MERRA2.20190701.A3cld.05x0625.nc4
2049.738,hit,false,0.000,0,296.070,215,GEOS_0.5x0.625/MERRA2/2019/07/MERRA2.20190701.A3cld.05x0625.nc4
2049.767,hit,false,0.000,0,296.098,215,GEOS_0.5x0.625/MERRA2/2019/07/MERRA2.20190701.A3cld.05x0625.nc4
2049.795,hit,false,0.000,0,296.126,215,GEOS_0.5x0.625/MERRA2/2019/07/MERRA2.20190701.A3cld.05x0625.nc4
2049.822,hit,false,0.000,0,296.154,215,GEOS_0.5x0.625/MERRA2/2019/07/MERRA2.20190701.A3cld.05x0625.nc4
2049.851,hit,false,0.000,0,296.182,215,GEOS_0.5x0.625/MERRA2/2019/07/MERRA2.20190701.A3cld.05x0625.nc4
2049.879,hit,false,0.000,0,296.211,215,GEOS_0.5x0.625/MERRA2/2019/07/MERRA2.20190701.A3cld.05x0625.nc4
2049.910,hit,false,0.000,0,296.262,216,GEOS_0.5x0.625/MERRA2/2019/07/MERRA2.20190701.A3cld.05x0625.nc4
2049.936,hit,false,0.000,0,296.288,216,GEOS_0.5x0.625/MERRA2/2019/07/MERRA2.20190701.A3cld.05x0625.nc4
2049.980,hit,false,0.000,0,296.332,216,GEOS_0.5x0.625/MERRA2/2019/07/MERRA2.20190701.A3cld.05x0625.nc4
2050.001,hit,false,0.000,0,296.353,216,GEOS_0.5x0.625/MERRA2/2019/07/MERRA2.20190701.A3cld.05x0625.nc4
2050.044,hit,false,0.000,0,296.396,216,GEOS_0.5x0.625/MERRA2/2019/07/MERRA2.20190701.A3cld.05x0625.nc4
2050.067,hit,false,0.000,0,296.419,216,GEOS_0.5x0.625/MERRA2/2019/07/MERRA2.20190701.A3cld.05x0625.nc4
2050.101,hit,false,0.000,0,296.453,216,GEOS_0.5x0.625/MERRA2/2019/07/MERRA2.20190701.A3cld.05x0625.nc4
2050.127,hit,false,0.000,0,296.479,216,GEOS_0.5x0.625/MERRA2/2019/07/MERRA2.20190701.A3cld.05x0625.nc4
2050.161,hit,false,0.000,0,296.509,217,GEOS_0.5x0.625/MERRA2/2019/07/MERRA2.20190701.A3cld.05x0625.nc4
2050.187,hit,false,0.000,0,296.536,217,GEOS_0.5x0.625/MERRA2/2019/07/MERRA2.20190701.A3cld.05x0625.nc4
2050.225,hit,false,0.000,0,296.574,217,GEOS_0.5x0.625/MERRA2/2019/07/MERRA2.20190701.A3cld.05x0625.nc4
2050.250,hit,false,0.000,0,296.599,217,GEOS_0.5x0.625/MERRA2/2019/07/MERRA2.20190701.A3cld.05x0625.nc4
2050.284,hit,false,0.000,0,296.633,217,GEOS_0.5x0.625/MERRA2/2019/07/MERRA2.20190701.A3cld.05x0625.nc4
2050.309,hit,false,0.000,0,296.658,217,GEOS_0.5x0.625/MERRA2/2019/07/MERRA2.20190701.A3cld.05x0625.nc4
2050.341,hit,false,0.000,0,296.690,217,GEOS_0.5x0.625/MERRA2/2019/07/MERRA2.20190701.A3cld.05x0625.nc4
2050.371,hit,false,0.000,0,296.720,217,GEOS_0.5x0.625/MERRA2/2019/07/MERRA2.20190701.A3cld.05x0625.nc4
2050.401,hit,false,0.000,0,296.746,218,GEOS_0.5x0.625/MERRA2/2019/07/MERRA2.20190701.A3cld.05x0625.nc4
2050.434,hit,false,0.000,0,296.779,218,GEOS_0.5x0.625/MERRA2/2019/07/MERRA2.20190701.A3cld.05x0625.nc4
2050.463,hit,false,0.000,0,296.808,218,GEOS_0.5x0.625/MERRA2/2019/07/MERRA2.20190701.A3cld.05x0625.nc4
2050.486,hit,false,0.000,0,296.832,218,GEOS_0.5x0.625/MERRA2/2019/07/MERRA2.20190701.A3cld.05x0625.nc4
2050.518,hit,false,0.000,0,296.864,218,GEOS_0.5x0.625/MERRA2/2019/07/MERRA2.20190701.A3cld.05x0625.nc4
2050.543,hit,false,0.000,0,296.889,218,GEOS_0.5x0.625/MERRA2/2019/07/MERRA2.20190701.A3cld.05x0625.nc4
2050.580,hit,false,0.000,0,296.925,218,GEOS_0.5x0.625/MERRA2/2019/07/MERRA2.20190701.A3cld.05x0625.nc4
2050.602,hit,false,0.000,0,296.948,218,GEOS_0.5x0.625/MERRA2/2019/07/MERRA2.20190701.A3cld.05x0625.nc4
2050.640,hit,false,0.000,0,296.984,219,GEOS_0.5x0.625/MERRA2/2019/07/MERRA2.20190701.A3cld.05x0625.nc4
2050.665,hit,false,0.000,0,297.008,219,GEOS_0.5x0.625/MERRA2/2019/07/MERRA2.20190701.A3cld.05x0625.nc4
2050.702,hit,false,0.000,0,297.045,219,GEOS_0.5x0.625/MERRA2/2019/07/MERRA2.20190701.A3cld.05x0625.nc4
2050.725,hit,false,0.000,0,297.069,219,GEOS_0.5x0.625/MERRA2/2019/07/MERRA2.20190701.A3cld.05x0625.nc4
2050.759,hit,false,0.000,0,297.103,219,GEOS_0.5x0.625/MERRA2/2019/07/MERRA2.20190701.A3cld.05x0625.nc4
2050.785,hit,false,0.000,0,297.128,219,GEOS_0.5x0.625/MERRA2/2019/07/MERRA2.20190701.A3cld.05x0625.nc4
2050.818,hit,false,0.000,0,297.162,219,GEOS_0.5x0.625/MERRA2/2019/07/MERRA2.20190701.A3cld.05x0625.nc4
2050.844,hit,false,0.000,0,297.187,219,GEOS_0.5x0.625/MERRA2/2019/07/MERRA2.20190701.A3cld.05x0625.nc4
2050.878,hit,false,0.000,0,297.217,220,GEOS_0.5x0.625/MERRA2/2019/07/MERRA2.20190701.A3cld.05x0625.nc4
2050.905,hit,false,0.000,0,297.244,220,GEOS_0.5x0.625/MERRA2/2019/07/MERRA2.20190701.A3cld.05x0625.nc4
2050.939,hit,false,0.000,0,297.278,220,GEOS_0.5x0.625/MERRA2/2019/07/MERRA2.20190701.A3cld.05x0625.nc4
2050.965,hit,false,0.000,0,297.304,220,GEOS_0.5x0.625/MERRA2/2019/07/MERRA2.20190701.A3cld.05x0625.nc4
2050.997,hit,false,0.000,0,297.336,220,GEOS_0.5x0.625/MERRA2/2019/07/MERRA2.20190701.A3cld.05x0625.nc4
2051.028,hit,false,0.000,0,297.367,220,GEOS_0.5x0.625/MERRA2/2019/07/MERRA2.20190701.A3cld.05x0625.nc4
2051.058,hit,false,0.000,0,297.398,220,GEOS_0.5x0.625/MERRA2/2019/07/MERRA2.20190701.A3cld.05x0625.nc4
2051.093,hit,false,0.000,0,297.432,220,GEOS_0.5x0.625/MERRA2/2019/07/MERRA2.20190701.A3cld.05x0625.nc4
2051.126,hit,false,0.000,0,297.013,221,GEOS_0.5x0.625/MERRA2/2019/07/MERRA2.20190701.A3cld.05x0625.nc4
2051.153,hit,false,0.000,0,297.040,221,GEOS_0.5x0.625/MERRA2/2019/07/MERRA2.20190701.A3cld.05x0625.nc4
2051.195,hit,false,0.000,0,297.082,221,GEOS_0.5x0.625/MERRA2/2019/07/MERRA2.20190701.A3cld.05x0625.nc4
2051.218,hit,false,0.000,0,297.105,221,GEOS_0.5x0.625/MERRA2/2019/07/MERRA2.20190701.A3cld.05x0625.nc4
2051.258,hit,false,0.000,0,297.145,221,GEOS_0.5x0.625/MERRA2/2019/07/MERRA2.20190701.A3cld.05x0625.nc4
2051.349,hit,false,0.000,0,297.236,221,GEOS_0.5x0.625/MERRA2/2019/07/MERRA2.20190701.A3cld.05x0625.nc4
2051.373,hit,false,0.000,0,297.260,221,GEOS_0.5x0.625/MERRA2/2019/07/MERRA2.20190701.A3cld.05x0625.nc4
2051.407,hit,false,0.000,0,297.294,221,GEOS_0.5x0.625/MERRA2/2019/07/MERRA2.20190701.A3cld.05x0625.nc4
2051.432,hit,false,0.000,0,297.318,222,GEOS_0.5x0.625/MERRA2/2019/07/MERRA2.20190701.A3cld.05x0625.nc4
2051.468,hit,false,0.000,0,297.353,222,GEOS_0.5x0.625/MERRA2/2019/07/MERRA2.20190701.A3cld.05x0625.nc4
2051.492,hit,false,0.000,0,297.377,222,GEOS_0.5x0.625/MERRA2/2019/07/MERRA2.20190701.A3cld.05x0625.nc4
2051.524,hit,false,0.000,0,297.409,222,GEOS_0.5x0.625/MERRA2/2019/07/MERRA2.20190701.A3cld.05x0625.nc4
2051.550,hit,false,0.000,0,297.435,222,GEOS_0.5x0.625/MERRA2/2019/07/MERRA2.20190701.A3cld.05x0625.nc4
2051.584,hit,false,0.000,0,297.469,222,GEOS_0.5x0.625/MERRA2/2019/07/MERRA2.20190701.A3cld.05x0625.nc4
2051.607,hit,false,0.000,0,297.492,222,GEOS_0.5x0.625/MERRA2/2019/07/MERRA2.20190701.A3cld.05x0625.nc4
2051.641,hit,false,0.000,0,297.527,222,GEOS_0.5x0.625/MERRA2/2019/07/MERRA2.20190701.A3cld.05x0625.nc4
2051.664,hit,false,0.000,0,297.547,223,GEOS_0.5x0.625/MERRA2/2019/07/MERRA2.20190701.A3cld.05x0625.nc4
2051.701,hit,false,0.000,0,297.584,223,GEOS_0.5x0.625/MERRA2/2019/07/MERRA2.20190701.A3cld.05x0625.nc4
2051.726,hit,false,0.000,0,297.609,223,GEOS_0.5x0.625/MERRA2/2019/07/MERRA2.20190701.A3cld.05x0625.nc4
2051.760,hit,false,0.000,0,297.643,223,GEOS_0.5x0.625/MERRA2/2019/07/MERRA2.20190701.A3cld.05x0625.nc4
2051.787,hit,false,0.000,0,297.670,223,GEOS_0.5x0.625/MERRA2/2019/07/MERRA2.20190701.A3cld.05x0625.nc4
2051.812,hit,false,0.000,0,297.695,223,GEOS_0.5x0.625/MERRA2/2019/07/MERRA2.20190701.A3cld.05x0625.nc4
2051.841,hit,false,0.000,0,297.724,223,GEOS_0.5x0.625/MERRA2/2019/07/MERRA2.20190701.A3cld.05x0625.nc4
2051.871,hit,false,0.000,0,297.754,223,GEOS_0.5x0.625/MERRA2/2019/07/MERRA2.20190701.A3cld.05x0625.nc4
2051.894,hit,false,0.000,0,298.245,224,GEOS_0.5x0.625/MERRA2/2019/07/MERRA2.20190701.A3cld.05x0625.nc4
2051.934,hit,false,0.000,0,298.286,224,GEOS_0.5x0.625/MERRA2/2019/07/MERRA2.20190701.A3cld.05x0625.nc4
2051.957,hit,false,0.000,0,298.308,224,GEOS_0.5x0.625/MERRA2/2019/07/MERRA2.20190701.A3cld.05x0625.nc4
2051.999,hit,false,0.000,0,298.351,224,GEOS_0.5x0.625/MERRA2/2019/07/MERRA2.20190701.A3cld.05x0625.nc4
2052.020,hit,false,0.000,0,298.371,224,GEOS_0.5x0.625/MERRA2/2019/07/MERRA2.20190701.A3cld.05x0625.nc4
2052.053,hit,false,0.000,0,298.404,224,GEOS_0.5x0.625/MERRA2/2019/07/MERRA2.20190701.A3cld.05x0625.nc4
2052.079,hit,false,0.000,0,298.430,224,GEOS_0.5x0.625/MERRA2/2019/07/MERRA2.20190701.A3cld.05x0625.nc4
2052.111,hit,false,0.000,0,298.462,224,GEOS_0.5x0.625/MERRA2/2019/07/MERRA2.20190701.A3cld.05x0625.nc4
2052.137,hit,false,0.000,0,298.483,225,GEOS_0.5x0.625/MERRA2/2019/07/MERRA2.20190701.A3cld.05x0625.nc4
2052.172,hit,false,0.000,0,298.518,225,GEOS_0.5x0.625/MERRA2/2019/07/MERRA2.20190701.A3cld.05x0625.nc4
2052.197,hit,false,0.000,0,298.543,225,GEOS_0.5x0.625/MERRA2/2019/07/MERRA2.20190701.A3cld.05x0625.nc4
2052.229,hit,false,0.000,0,298.575,225,GEOS_0.5x0.625/MERRA2/2019/07/MERRA2.20190701.A3cld.05x0625.nc4
2052.256,hit,false,0.000,0,298.602,225,GEOS_0.5x0.625/MERRA2/2019/07/MERRA2.20190701.A3cld.05x0625.nc4
2052.290,hit,false,0.000,0,298.636,225,GEOS_0.5x0.625/MERRA2/2019/07/MERRA2.20190701.A3cld.05x0625.nc4
2052.320,hit,false,0.000,0,298.666,225,GEOS_0.5x0.625/MERRA2/2019/07/MERRA2.20190701.A3cld.05x0625.nc4
2052.349,hit,false,0.000,0,298.695,225,GEOS_0.5x0.625/MERRA2/2019/07/MERRA2.20190701.A3cld.05x0625.nc4
2052.377,hit,false,0.000,0,298.721,226,GEOS_0.5x0.625/MERRA2/2019/07/MERRA2.20190701.A3cld.05x0625.nc4
2052.410,hit,false,0.000,0,298.753,226,GEOS_0.5x0.625/MERRA2/2019/07/MERRA2.20190701.A3cld.05x0625.nc4
2052.433,hit,false,0.000,0,298.777,226,GEOS_0.5x0.625/MERRA2/2019/07/MERRA2.20190701.A3cld.05x0625.nc4
2052.466,hit,false,0.000,0,298.810,226,GEOS_0.5x0.625/MERRA2/2019/07/MERRA2.20190701.A3cld.05x0625.nc4
2052.492,hit,false,0.000,0,298.836,226,GEOS_0.5x0.625/MERRA2/2019/07/MERRA2.20190701.A3cld.05x0625.nc4
2052.522,hit,false,0.000,0,298.865,226,GEOS_0.5x0.625/MERRA2/2019/07/MERRA2.20190701.A3cld.05x0625.nc4
2052.553,hit,false,0.000,0,298.897,226,GEOS_0.5x0.625/MERRA2/2019/07/MERRA2.20190701.A3cld.05x0625.nc4
2052.582,hit,false,0.000,0,298.926,226,GEOS_0.5x0.625/MERRA2/2019/07/MERRA2.20190701.A3cld.05x0625.nc4
2052.611,hit,false,0.000,0,298.953,227,GEOS_0.5x0.625/MERRA2/2019/07/MERRA2.20190701.A3cld.05x0625.nc4
2052.643,hit,false,0.000,0,298.985,227,GEOS_0.5x0.625/MERRA2/2019/07/MERRA2.20190701.A3cld.05x0625.nc4
2052.670,hit,false,0.000,0,299.011,227,GEOS_0.5x0.625/MERRA2/2019/07/MERRA2.20190701.A3cld.05x0625.nc4
2052.701,hit,false,0.000,0,299.042,227,GEOS_0.5x0.625/MERRA2/2019/07/MERRA2.20190701.A3cld.05x0625.nc4
2052.729,hit,false,0.000,0,299.070,227,GEOS_0.5x0.625/MERRA2/2019/07/MERRA2.20190701.A3cld.05x0625.nc4
2052.761,hit,false,0.000,0,299.102,227,GEOS_0.5x0.625/MERRA2/2019/07/MERRA2.20190701.A3cld.05x0625.nc4
2052.784,hit,false,0.000,0,299.126,227,GEOS_0.5x0.625/MERRA2/2019/07/MERRA2.20190701.A3cld.05x0625.nc4
2052.820,hit,false,0.000,0,299.161,227,GEOS_0.5x0.625/MERRA2/2019/07/MERRA2.20190701.A3cld.05x0625.nc4
2052.843,hit,false,0.000,0,299.182,228,GEOS_0.5x0.625/MERRA2/2019/07/MERRA2.20190701.A3cld.05x0625.nc4
2052.880,hit,false,0.000,0,299.219,228,GEOS_0.5x0.625/MERRA2/2019/07/MERRA2.20190701.A3cld.05x0625.nc4
2052.903,hit,false,0.000,0,299.242,228,GEOS_0.5x0.625/MERRA2/2019/07/MERRA2.20190701.A3cld.05x0625.nc4
2052.951,hit,false,0.000,0,299.290,228,GEOS_0.5x0.625/MERRA2/2019/07/MERRA2.20190701.A3cld.05x0625.nc4
2052.972,hit,false,0.000,0,299.311,228,GEOS_0.5x0.625/MERRA2/2019/07/MERRA2.20190701.A3cld.05x0625.nc4
2053.012,hit,false,0.000,0,299.351,228,GEOS_0.5x0.625/MERRA2/2019/07/MERRA2.20190701.A3cld.05x0625.nc4
2053.035,hit,false,0.000,0,299.375,228,GEOS_0.5x0.625/MERRA2/2019/07/MERRA2.20190701.A3cld.05x0625.nc4
2053.069,hit,false,0.000,0,299.409,228,GEOS_0.5x0.625/MERRA2/2019/07/MERRA2.20190701.A3cld.05x0625.nc4
2053.098,hit,false,0.000,0,299.435,229,GEOS_0.5x0.625/MERRA2/2019/07/MERRA2.20190701.A3cld.05x0625.nc4
2053.131,hit,false,0.000,0,299.468,229,GEOS_0.5x0.625/MERRA2/2019/07/MERRA2.20190701.A3cld.05x0625.nc4
2053.159,hit,false,0.000,0,299.497,229,GEOS_0.5x0.625/MERRA2/2019/07/MERRA2.20190701.A3cld.05x0625.nc4
2053.189,hit,false,0.000,0,299.526,229,GEOS_0.5x0.625/MERRA2/2019/07/MERRA2.20190701.A3cld.05x0625.nc4
2053.287,hit,false,0.000,0,299.625,229,GEOS_0.5x0.625/MERRA2/2019/07/MERRA2.20190701.A3cld.05x0625.nc4
2053.310,hit,false,0.000,0,299.647,229,GEOS_0.5x0.625/MERRA2/2019/07/MERRA2.20190701.A3cld.05x0625.nc4
2053.342,hit,false,0.000,0,299.679,229,GEOS_0.5x0.625/MERRA2/2019/07/MERRA2.20190701.A3cld.05x0625.nc4
2053.367,hit,false,0.000,0,299.704,229,GEOS_0.5x0.625/MERRA2/2019/07/MERRA2.20190701.A3cld.05x0625.nc4
2053.397,hit,false,0.000,0,299.733,230,GEOS_0.5x0.625/MERRA2/2019/07/MERRA2.20190701.A3cld.05x0625.nc4
2053.422,hit,false,0.000,0,299.758,230,GEOS_0.5x0.625/MERRA2/2019/07/MERRA2.20190701.A3cld.05x0625.nc4
2053.456,hit,false,0.000,0,299.791,230,GEOS_0.5x0.625/MERRA2/2019/07/MERRA2.20190701.A3cld.05x0625.nc4
2053.481,hit,false,0.000,0,299.816,230,GEOS_0.5x0.625/MERRA2/2019/07/MERRA2.20190701.A3cld.05x0625.nc4
2053.517,hit,false,0.000,0,299.852,230,GEOS_0.5x0.625/MERRA2/2019/07/MERRA2.20190701.A3cld.05x0625.nc4
2053.539,hit,false,0.000,0,299.875,230,GEOS_0.5x0.625/MERRA2/2019/07/MERRA2.20190701.A3cld.05x0625.nc4
2053.574,hit,false,0.000,0,299.910,230,GEOS_0.5x0.625/MERRA2/2019/07/MERRA2.20190701.A3cld.05x0625.nc4
2053.604,hit,false,0.000,0,299.939,230,GEOS_0.5x0.625/MERRA2/2019/07/MERRA2.20190701.A3cld.05x0625.nc4
2053.630,hit,false,0.000,0,299.475,231,GEOS_0.5x0.625/MERRA2/2019/07/MERRA2.20190701.A3cld.05x0625.nc4
2053.656,hit,false,0.000,0,299.500,231,GEOS_0.5x0.625/MERRA2/2019/07/MERRA2.20190701.A3cld.05x0625.nc4
2053.688,hit,false,0.000,0,299.532,231,GEOS_0.5x0.625/MERRA2/2019/07/MERRA2.20190701.A3cld.05x0625.nc4
2053.712,hit,false,0.000,0,299.557,231,GEOS_0.5x0.625/MERRA2/2019/07/MERRA2.20190701.A3cld.05x0625.nc4
2053.741,hit,false,0.000,0,299.585,231,GEOS_0.5x0.625/MERRA2/2019/07/MERRA2.20190701.A3cld.05x0625.nc4
2053.769,hit,false,0.000,0,299.613,231,GEOS_0.5x0.625/MERRA2/2019/07/MERRA2.20190701.A3cld.05x0625.nc4
2053.794,hit,false,0.000,0,299.638,231,GEOS_0.5x0.625/MERRA2/2019/07/MERRA2.20190701.A3cld.05x0625.nc4
2053.825,hit,false,0.000,0,299.670,231,GEOS_0.5x0.625/MERRA2/2019/07/MERRA2.20190701.A3cld.05x0625.nc4
2053.854,hit,false,0.000,0,300.154,232,GEOS_0.5x0.625/MERRA2/2019/07/MERRA2.20190701.A3cld.05x0625.nc4
2053.881,hit,false,0.000,0,300.181,232,GEOS_0.5x0.625/MERRA2/2019/07/MERRA2.20190701.A3cld.05x0625.nc4
2053.936,hit,false,0.000,0,300.236,232,GEOS_0.5x0.625/MERRA2/2019/07/MERRA2.20190701.A3cld.05x0625.nc4
2053.956,hit,false,0.000,0,300.256,232,GEOS_0.5x0.625/MERRA2/2019/07/MERRA2.20190701.A3cld.05x0625.nc4
2053.998,hit,false,0.000,0,300.298,232,GEOS_0.5x0.625/MERRA2/2019/07/MERRA2.20190701.A3cld.05x0625.nc4
2054.021,hit,false,0.000,0,300.321,232,GEOS_0.5x0.625/MERRA2/2019/07/MERRA2.20190701.A3cld.05x0625.nc4
2054.060,hit,false,0.000,0,300.360,232,GEOS_0.5x0.625/MERRA2/2019/07/MERRA2.20190701.A3cld.05x0625.nc4
2054.085,hit,false,0.000,0,300.385,232,GEOS_0.5x0.625/MERRA2/2019/07/MERRA2.20190701.A3cld.05x0625.nc4
2054.117,hit,false,0.000,0,299.732,233,GEOS_0.5x0.625/MERRA2/2019/07/MERRA2.20190701.A3cld.05x0625.nc4
2054.145,hit,false,0.000,0,299.760,233,GEOS_0.5x0.625/MERRA2/2019/07/MERRA2.20190701.A3cld.05x0625.nc4
2054.183,hit,false,0.000,0,299.798,233,GEOS_0.5x0.625/MERRA2/2019/07/MERRA2.20190701.A3cld.05x0625.nc4
2054.204,hit,false,0.000,0,299.820,233,GEOS_0.5x0.625/MERRA2/2019/07/MERRA2.20190701.A3cld.05x0625.nc4
2054.244,hit,false,0.000,0,299.859,233,GEOS_0.5x0.625/MERRA2/2019/07/MERRA2.20190701.A3cld.05x0625.nc4
2054.265,hit,false,0.000,0,299.881,233,GEOS_0.5x0.625/MERRA2/2019/07/MERRA2.20190701.A3cld.05x0625.nc4
2054.298,hit,false,0.000,0,299.913,233,GEOS_0.5x0.625/MERRA2/2019/07/MERRA2.20190701.A3cld.05x0625.nc4
2054.323,hit,false,0.000,0,299.939,233,GEOS_0.5x0.625/MERRA2/2019/07/MERRA2.20190701.A3cld.05x0625.nc4
2054.355,hit,false,0.000,0,299.969,234,GEOS_0.5x0.625/MERRA2/2019/07/MERRA2.20190701.A3cld.05x0625.nc4
2054.381,hit,false,0.000,0,299.994,234,GEOS_0.5x0.625/MERRA2/2019/07/MERRA2.20190701.A3cld.05x0625.nc4
2054.412,hit,false,0.000,0,300.025,234,GEOS_0.5x0.625/MERRA2/2019/07/MERRA2.20190701.A3cld.05x0625.nc4
2054.438,hit,false,0.000,0,300.051,234,GEOS_0.5x0.625/MERRA2/2019/07/MERRA2.20190701.A3cld.05x0625.nc4
2054.472,hit,false,0.000,0,300.086,234,GEOS_0.5x0.625/MERRA2/2019/07/MERRA2.20190701.A3cld.05x0625.nc4
2054.495,hit,false,0.000,0,300.109,234,GEOS_0.5x0.625/MERRA2/2019/07/MERRA2.20190701.A3cld.05x0625.nc4
2054.528,hit,false,0.000,0,300.141,234,GEOS_0.5x0.625/MERRA2/2019/07/MERRA2.20190701.A3cld.05x0625.nc4
2054.554,hit,false,0.000,0,300.167,234,GEOS_0.5x0.625/MERRA2/2019/07/MERRA2.20190701.A3cld.05x0625.nc4
2054.584,hit,false,0.000,0,300.195,235,GEOS_0.5x0.625/MERRA2/2019/07/MERRA2.20190701.A3cld.05x0625.nc4
2054.612,hit,false,0.000,0,300.223,235,GEOS_0.5x0.625/MERRA2/2019/07/MERRA2.20190701.A3cld.05x0625.nc4
2054.645,hit,false,0.000,0,300.256,235,GEOS_0.5x0.625/MERRA2/2019/07/MERRA2.20190701.A3cld.05x0625.nc4
2054.670,hit,false,0.000,0,300.281,235,GEOS_0.5x0.625/MERRA2/2019/07/MERRA2.20190701.A3cld.05x0625.nc4
2054.702,hit,false,0.000,0,300.313,235,GEOS_0.5x0.625/MERRA2/2019/07/MERRA2.20190701.A3cld.05x0625.nc4
2054.725,hit,false,0.000,0,300.336,235,GEOS_0.5x0.625/MERRA2/2019/07/MERRA2.20190701.A3cld.05x0625.nc4
2054.760,hit,false,0.000,0,300.371,235,GEOS_0.5x0.625/MERRA2/2019/07/MERRA2.20190701.A3cld.05x0625.nc4
2054.783,hit,false,0.000,0,300.394,235,GEOS_0.5x0.625/MERRA2/2019/07/MERRA2.20190701.A3cld.05x0625.nc4
2054.823,hit,false,0.000,0,300.432,236,GEOS_0.5x0.625/MERRA2/2019/07/MERRA2.20190701.A3cld.05x0625.nc4
2054.848,hit,false,0.000,0,300.457,236,GEOS_0.5x0.625/MERRA2/2019/07/MERRA2.20190701.A3cld.05x0625.nc4
2054.885,hit,false,0.000,0,300.495,236,GEOS_0.5x0.625/MERRA2/2019/07/MERRA2.20190701.A3cld.05x0625.nc4
2054.909,hit,false,0.000,0,300.518,236,GEOS_0.5x0.625/MERRA2/2019/07/MERRA2.20190701.A3cld.05x0625.nc4
2054.943,hit,false,0.000,0,300.552,236,GEOS_0.5x0.625/MERRA2/2019/07/MERRA2.20190701.A3cld.05x0625.nc4
2054.969,hit,false,0.000,0,300.579,236,GEOS_0.5x0.625/MERRA2/2019/07/MERRA2.20190701.A3cld.05x0625.nc4
2055.007,hit,false,0.000,0,300.617,236,GEOS_0.5x0.625/MERRA2/2019/07/MERRA2.20190701.A3cld.05x0625.nc4
2055.030,hit,false,0.000,0,300.639,236,GEOS_0.5x0.625/MERRA2/2019/07/MERRA2.20190701.A3cld.05x0625.nc4
2055.063,hit,false,0.000,0,300.671,237,GEOS_0.5x0.625/MERRA2/2019/07/MERRA2.20190701.A3cld.05x0625.nc4
2055.095,hit,false,0.000,0,300.702,237,GEOS_0.5x0.625/MERRA2/2019/07/MERRA2.20190701.A3cld.05x0625.nc4
2055.133,hit,false,0.000,0,300.741,237,GEOS_0.5x0.625/MERRA2/2019/07/MERRA2.20190701.A3cld.05x0625.nc4
2055.226,hit,false,0.000,0,300.834,237,GEOS_0.5x0.625/MERRA2/2019/07/MERRA2.20190701.A3cld.05x0625.nc4
2055.249,hit,false,0.000,0,300.857,237,GEOS_0.5x0.625/MERRA2/2019/07/MERRA2.20190701.A3cld.05x0625.nc4
2055.289,hit,false,0.000,0,300.896,237,GEOS_0.5x0.625/MERRA2/2019/07/MERRA2.20190701.A3cld.05x0625.nc4
2055.311,hit,false,0.000,0,300.919,237,GEOS_0.5x0.625/MERRA2/2019/07/MERRA2.20190701.A3cld.05x0625.nc4
2055.346,hit,false,0.000,0,300.954,237,GEOS_0.5x0.625/MERRA2/2019/07/MERRA2.20190701.A3cld.05x0625.nc4
2055.371,hit,false,0.000,0,300.978,238,GEOS_0.5x0.625/MERRA2/2019/07/MERRA2.20190701.A3cld.05x0625.nc4
2055.404,hit,false,0.000,0,301.010,238,GEOS_0.5x0.625/MERRA2/2019/07/MERRA2.20190701.A3cld.05x0625.nc4
2055.435,hit,false,0.000,0,301.041,238,GEOS_0.5x0.625/MERRA2/2019/07/MERRA2.20190701.A3cld.05x0625.nc4
2055.459,hit,false,0.000,0,301.065,238,GEOS_0.5x0.625/MERRA2/2019/07/MERRA2.20190701.A3cld.05x0625.nc4
2055.494,hit,false,0.000,0,301.101,238,GEOS_0.5x0.625/MERRA2/2019/07/MERRA2.20190701.A3cld.05x0625.nc4
2055.522,hit,false,0.000,0,301.128,238,GEOS_0.5x0.625/MERRA2/2019/07/MERRA2.20190701.A3cld.05x0625.nc4
2055.554,hit,false,0.000,0,301.160,238,GEOS_0.5x0.625/MERRA2/2019/07/MERRA2.20190701.A3cld.05x0625.nc4
2055.577,hit,false,0.000,0,301.184,238,GEOS_0.5x0.625/MERRA2/2019/07/MERRA2.20190701.A3cld.05x0625.nc4
2055.616,hit,false,0.000,0,301.221,239,GEOS_0.5x0.625/MERRA2/2019/07/MERRA2.20190701.A3cld.05x0625.nc4
2055.641,hit,false,0.000,0,301.246,239,GEOS_0.5x0.625/MERRA2/2019/07/MERRA2.20190701.A3cld.05x0625.nc4
2055.680,hit,false,0.000,0,301.284,239,GEOS_0.5x0.625/MERRA2/2019/07/MERRA2.20190701.A3cld.05x0625.nc4
2055.703,hit,false,0.000,0,301.307,239,GEOS_0.5x0.625/MERRA2/2019/07/MERRA2.20190701.A3cld.05x0625.nc4
2055.737,hit,false,0.000,0,301.342,239,GEOS_0.5x0.625/MERRA2/2019/07/MERRA2.20190701.A3cld.05x0625.nc4
2055.761,hit,false,0.000,0,301.366,239,GEOS_0.5x0.625/MERRA2/2019/07/MERRA2.20190701.A3cld.05x0625.nc4
2055.793,hit,false,0.000,0,301.398,239,GEOS_0.5x0.625/MERRA2/2019/07/MERRA2.20190701.A3cld.05x0625.nc4
2055.819,hit,false,0.000,0,301.423,239,GEOS_0.5x0.625/MERRA2/2019/07/MERRA2.20190701.A3cld.05x0625.nc4
2055.852,hit,false,0.000,0,302.365,240,GEOS_0.5x0.625/MERRA2/2019/07/MERRA2.20190701.A3cld.05x0625.nc4
2055.880,hit,false,0.000,0,302.392,240,GEOS_0.5x0.625/MERRA2/2019/07/MERRA2.20190701.A3cld.05x0625.nc4
2055.924,hit,false,0.000,0,302.437,240,GEOS_0.5x0.625/MERRA2/2019/07/MERRA2.20190701.A3cld.05x0625.nc4
2055.947,hit,false,0.000,0,302.460,240,GEOS_0.5x0.625/MERRA2/2019/07/MERRA2.20190701.A3cld.05x0625.nc4
2055.985,hit,false,0.000,0,302.498,240,GEOS_0.5x0.625/MERRA2/2019/07/MERRA2.20190701.A3cld.05x0625.nc4
2056.010,hit,false,0.000,0,302.522,240,GEOS_0.5x0.625/MERRA2/2019/07/MERRA2.20190701.A3cld.05x0625.nc4
2056.043,hit,false,0.000,0,302.555,240,GEOS_0.5x0.625/MERRA2/2019/07/MERRA2.20190701.A3cld.05x0625.nc4
2056.066,hit,false,0.000,0,302.579,240,GEOS_0.5x0.625/MERRA2/2019/07/MERRA2.20190701.A3cld.05x0625.nc4
2056.098,hit,false,0.000,0,302.608,241,GEOS_0.5x0.625/MERRA2/2019/07/MERRA2.20190701.A3cld.05x0625.nc4
2056.130,hit,false,0.000,0,302.640,241,GEOS_0.5x0.625/MERRA2/2019/07/MERRA2.20190701.A3cld.05x0625.nc4
2056.153,hit,false,0.000,0,302.663,241,GEOS_0.5x0.625/MERRA2/2019/07/MERRA2.20190701.A3cld.05x0625.nc4
2056.191,hit,false,0.000,0,302.701,241,GEOS_0.5x0.625/MERRA2/2019/07/MERRA2.20190701.A3cld.05x0625.nc4
2056.224,hit,false,0.000,0,302.733,241,GEOS_0.5x0.625/MERRA2/2019/07/MERRA2.20190701.A3cld.05x0625.nc4
2056.250,hit,false,0.000,0,302.759,241,GEOS_0.5x0.625/MERRA2/2019/07/MERRA2.20190701.A3cld.05x0625.nc4
2056.284,hit,false,0.000,0,302.794,241,GEOS_0.5x0.625/MERRA2/2019/07/MERRA2.20190701.A3cld.05x0625.nc4
2056.307,hit,false,0.000,0,302.817,241,GEOS_0.5x0.625/MERRA2/2019/07/MERRA2.20190701.A3cld.05x0625.nc4
2056.339,hit,false,0.000,0,302.847,242,GEOS_0.5x0.625/MERRA2/2019/07/MERRA2.20190701.A3cld.05x0625.nc4
2056.367,hit,false,0.000,0,302.875,242,GEOS_0.5x0.625/MERRA2/2019/07/MERRA2.20190701.A3cld.05x0625.nc4
2056.399,hit,false,0.000,0,302.907,242,GEOS_0.5x0.625/MERRA2/2019/07/MERRA2.20190701.A3cld.05x0625.nc4
2056.422,hit,false,0.000,0,302.930,242,GEOS_0.5x0.625/MERRA2/2019/07/MERRA2.20190701.A3cld.05x0625.nc4
2056.455,hit,false,0.000,0,302.963,242,GEOS_0.5x0.625/MERRA2/2019/07/MERRA2.20190701.A3cld.05x0625.nc4
2056.480,hit,false,0.000,0,302.988,242,GEOS_0.5x0.625/MERRA2/2019/07/MERRA2.20190701.A3cld.05x0625.nc4
2056.513,hit,false,0.000,0,303.021,242,GEOS_0.5x0.625/MERRA2/2019/07/MERRA2.20190701.A3cld.05x0625.nc4
2056.538,hit,false,0.000,0,303.045,242,GEOS_0.5x0.625/MERRA2/2019/07/MERRA2.20190701.A3cld.05x0625.nc4
2056.572,hit,false,0.000,0,303.077,243,GEOS_0.5x0.625/MERRA2/2019/07/MERRA2.20190701.A3cld.05x0625.nc4
2056.599,hit,false,0.000,0,303.105,243,GEOS_0.5x0.625/MERRA2/2019/07/MERRA2.20190701.A3cld.05x0625.nc4
2056.633,hit,false,0.000,0,303.139,243,GEOS_0.5x0.625/MERRA2/2019/07/MERRA2.20190701.A3cld.05x0625.nc4
2056.656,hit,false,0.000,0,303.162,243,GEOS_0.5x0.625/MERRA2/2019/07/MERRA2.20190701.A3cld.05x0625.nc4
2056.691,hit,false,0.000,0,303.197,243,GEOS_0.5x0.625/MERRA2/2019/07/MERRA2.20190701.A3cld.05x0625.nc4
2056.715,hit,false,0.000,0,303.221,243,GEOS_0.5x0.625/MERRA2/2019/07/MERRA2.20190701.A3cld.05x0625.nc4
2056.750,hit,false,0.000,0,303.256,243,GEOS_0.5x0.625/MERRA2/2019/07/MERRA2.20190701.A3cld.05x0625.nc4
2056.776,hit,false,0.000,0,303.282,243,GEOS_0.5x0.625/MERRA2/2019/07/MERRA2.20190701.A3cld.05x0625.nc4
2056.809,hit,false,0.000,0,303.312,244,GEOS_0.5x0.625/MERRA2/2019/07/MERRA2.20190701.A3cld.05x0625.nc4
2056.836,hit,false,0.000,0,303.338,244,GEOS_0.5x0.625/MERRA2/2019/07/MERRA2.20190701.A3cld.05x0625.nc4
2056.875,hit,false,0.000,0,303.378,244,GEOS_0.5x0.625/MERRA2/2019/07/MERRA2.20190701.A3cld.05x0625.nc4
2056.898,hit,false,0.000,0,303.401,244,GEOS_0.5x0.625/MERRA2/2019/07/MERRA2.20190701.A3cld.05x0625.nc4
2056.932,hit,false,0.000,0,303.435,244,GEOS_0.5x0.625/MERRA2/2019/07/MERRA2.20190701.A3cld.05x0625.nc4
2056.958,hit,false,0.000,0,303.460,244,GEOS_0.5x0.625/MERRA2/2019/07/MERRA2.20190701.A3cld.05x0625.nc4
2056.989,hit,false,0.000,0,303.491,244,GEOS_0.5x0.625/MERRA2/2019/07/MERRA2.20190701.A3cld.05x0625.nc4
2057.013,hit,false,0.000,0,303.516,244,GEOS_0.5x0.625/MERRA2/2019/07/MERRA2.20190701.A3cld.05x0625.nc4
2057.051,hit,false,0.000,0,303.551,245,GEOS_0.5x0.625/MERRA2/2019/07/MERRA2.20190701.A3cld.05x0625.nc4
2057.076,hit,false,0.000,0,303.575,245,GEOS_0.5x0.625/MERRA2/2019/07/MERRA2.20190701.A3cld.05x0625.nc4
2057.178,hit,false,0.000,0,303.678,245,GEOS_0.5x0.625/MERRA2/2019/07/MERRA2.20190701.A3cld.05x0625.nc4
2057.200,hit,false,0.000,0,303.699,245,GEOS_0.5x0.625/MERRA2/2019/07/MERRA2.20190701.A3cld.05x0625.nc4
2057.241,hit,false,0.000,0,303.741,245,GEOS_0.5x0.625/MERRA2/2019/07/MERRA2.20190701.A3cld.05x0625.nc4
2057.262,hit,false,0.000,0,303.762,245,GEOS_0.5x0.625/MERRA2/2019/07/MERRA2.20190701.A3cld.05x0625.nc4
2057.302,hit,false,0.000,0,303.802,245,GEOS_0.5x0.625/MERRA2/2019/07/MERRA2.20190701.A3cld.05x0625.nc4
2057.325,hit,false,0.000,0,303.824,245,GEOS_0.5x0.625/MERRA2/2019/07/MERRA2.20190701.A3cld.05x0625.nc4
2057.358,hit,false,0.000,0,302.917,246,GEOS_0.5x0.625/MERRA2/2019/07/MERRA2.20190701.A3cld.05x0625.nc4
2057.386,hit,false,0.000,0,302.945,246,GEOS_0.5x0.625/MERRA2/2019/07/MERRA2.20190701.A3cld.05x0625.nc4
2057.423,hit,false,0.000,0,302.982,246,GEOS_0.5x0.625/MERRA2/2019/07/MERRA2.20190701.A3cld.05x0625.nc4
2057.445,hit,false,0.000,0,303.004,246,GEOS_0.5x0.625/MERRA2/2019/07/MERRA2.20190701.A3cld.05x0625.nc4
2057.480,hit,false,0.000,0,303.039,246,GEOS_0.5x0.625/MERRA2/2019/07/MERRA2.20190701.A3cld.05x0625.nc4
2057.504,hit,false,0.000,0,303.062,246,GEOS_0.5x0.625/MERRA2/2019/07/MERRA2.20190701.A3cld.05x0625.nc4
2057.536,hit,false,0.000,0,303.095,246,GEOS_0.5x0.625/MERRA2/2019/07/MERRA2.20190701.A3cld.05x0625.nc4
2057.560,hit,false,0.000,0,303.119,246,GEOS_0.5x0.625/MERRA2/2019/07/MERRA2.20190701.A3cld.05x0625.nc4
2057.593,hit,false,0.000,0,303.150,247,GEOS_0.5x0.625/MERRA2/2019/07/MERRA2.20190701.A3cld.05x0625.nc4
2057.621,hit,false,0.000,0,303.178,247,GEOS_0.5x0.625/MERRA2/2019/07/MERRA2.20190701.A3cld.05x0625.nc4
2057.653,hit,false,0.000,0,303.210,247,GEOS_0.5x0.625/MERRA2/2019/07/MERRA2.20190701.A3cld.05x0625.nc4
2057.679,hit,false,0.000,0,303.236,247,GEOS_0.5x0.625/MERRA2/2019/07/MERRA2.20190701.A3cld.05x0625.nc4
2057.711,hit,false,0.000,0,303.267,247,GEOS_0.5x0.625/MERRA2/2019/07/MERRA2.20190701.A3cld.05x0625.nc4
2057.739,hit,false,0.000,0,303.296,247,GEOS_0.5x0.625/MERRA2/2019/07/MERRA2.20190701.A3cld.05x0625.nc4
2057.769,hit,false,0.000,0,303.326,247,GEOS_0.5x0.625/MERRA2/2019/07/MERRA2.20190701.A3cld.05x0625.nc4
2057.798,hit,false,0.000,0,303.355,247,GEOS_0.5x0.625/MERRA2/2019/07/MERRA2.20190701.A3cld.05x0625.nc4
2057.830,hit,false,0.000,0,304.149,248,GEOS_0.5x0.625/MERRA2/2019/07/MERRA2.20190701.A3cld.05x0625.nc4
2057.857,hit,false,0.000,0,304.175,248,GEOS_0.5x0.625/MERRA2/2019/07/MERRA2.20190701.A3cld.05x0625.nc4
2057.902,hit,false,0.000,0,304.221,248,GEOS_0.5x0.625/MERRA2/2019/07/MERRA2.20190701.A3cld.05x0625.nc4
2057.926,hit,false,0.000,0,304.244,248,GEOS_0.5x0.625/MERRA2/2019/07/MERRA2.20190701.A3cld.05x0625.nc4
2057.962,hit,false,0.000,0,304.280,248,GEOS_0.5x0.625/MERRA2/2019/07/MERRA2.20190701.A3cld.05x0625.nc4
2057.985,hit,false,0.000,0,304.303,248,GEOS_0.5x0.625/MERRA2/2019/07/MERRA2.20190701.A3cld.05x0625.nc4
2058.022,hit,false,0.000,0,304.340,248,GEOS_0.5x0.625/MERRA2/2019/07/MERRA2.20190701.A3cld.05x0625.nc4
2058.045,hit,false,0.000,0,304.363,248,GEOS_0.5x0.625/MERRA2/2019/07/MERRA2.20190701.A3cld.05x0625.nc4
2058.079,hit,false,0.000,0,303.942,249,GEOS_0.5x0.625/MERRA2/2019/07/MERRA2.20190701.A3cld.05x0625.nc4
2058.108,hit,false,0.000,0,303.970,249,GEOS_0.5x0.625/MERRA2/2019/07/MERRA2.20190701.A3cld.05x0625.nc4
2058.144,hit,false,0.000,0,304.007,249,GEOS_0.5x0.625/MERRA2/2019/07/MERRA2.20190701.A3cld.05x0625.nc4
2058.167,hit,false,0.000,0,304.029,249,GEOS_0.5x0.625/MERRA2/2019/07/MERRA2.20190701.A3cld.05x0625.nc4
2058.201,hit,false,0.000,0,304.063,249,GEOS_0.5x0.625/MERRA2/2019/07/MERRA2.20190701.A3cld.05x0625.nc4
2058.228,hit,false,0.000,0,304.091,249,GEOS_0.5x0.625/MERRA2/2019/07/MERRA2.20190701.A3cld.05x0625.nc4
2058.260,hit,false,0.000,0,304.122,249,GEOS_0.5x0.625/MERRA2/2019/07/MERRA2.20190701.A3cld.05x0625.nc4
2058.284,hit,false,0.000,0,304.146,249,GEOS_0.5x0.625/MERRA2/2019/07/MERRA2.20190701.A3cld.05x0625.nc4
2058.324,hit,false,0.000,0,304.184,250,GEOS_0.5x0.625/MERRA2/2019/07/MERRA2.20190701.A3cld.05x0625.nc4
2058.347,hit,false,0.000,0,304.208,250,GEOS_0.5x0.625/MERRA2/2019/07/MERRA2.20190701.A3cld.05x0625.nc4
2058.388,hit,false,0.000,0,304.248,250,GEOS_0.5x0.625/MERRA2/2019/07/MERRA2.20190701.A3cld.05x0625.nc4
2058.410,hit,false,0.000,0,304.271,250,GEOS_0.5x0.625/MERRA2/2019/07/MERRA2.20190701.A3cld.05x0625.nc4
2058.445,hit,false,0.000,0,304.305,250,GEOS_0.5x0.625/MERRA2/2019/07/MERRA2.20190701.A3cld.05x0625.nc4
2058.470,hit,false,0.000,0,304.330,250,GEOS_0.5x0.625/MERRA2/2019/07/MERRA2.20190701.A3cld.05x0625.nc4
2058.502,hit,false,0.000,0,304.363,250,GEOS_0.5x0.625/MERRA2/2019/07/MERRA2.20190701.A3cld.05x0625.nc4
2058.527,hit,false,0.000,0,304.387,250,GEOS_0.5x0.625/MERRA2/2019/07/MERRA2.20190701.A3cld.05x0625.nc4
2058.562,hit,false,0.000,0,304.420,251,GEOS_0.5x0.625/MERRA2/2019/07/MERRA2.20190701.A3cld.05x0625.nc4
2058.590,hit,false,0.000,0,304.448,251,GEOS_0.5x0.625/MERRA2/2019/07/MERRA2.20190701.A3cld.05x0625.nc4
2058.621,hit,false,0.000,0,304.480,251,GEOS_0.5x0.625/MERRA2/2019/07/MERRA2.20190701.A3cld.05x0625.nc4
2058.844,hit,false,0.000,0,304.703,251,GEOS_0.5x0.625/MERRA2/2019/07/MERRA2.20190701.A3cld.05x0625.nc4
2058.917,hit,false,0.000,0,304.776,251,GEOS_0.5x0.625/MERRA2/2019/07/MERRA2.20190701.A3cld.05x0625.nc4
2058.939,hit,false,0.000,0,304.798,251,GEOS_0.5x0.625/MERRA2/2019/07/MERRA2.20190701.A3cld.05x0625.nc4
2058.977,hit,false,0.000,0,304.836,251,GEOS_0.5x0.625/MERRA2/2019/07/MERRA2.20190701.A3cld.05x0625.nc4
2059.001,hit,false,0.000,0,304.860,251,GEOS_0.5x0.625/MERRA2/2019/07/MERRA2.20190701.A3cld.05x0625.nc4
2059.038,hit,false,0.000,0,304.895,252,GEOS_0.5x0.625/MERRA2/2019/07/MERRA2.20190701.A3cld.05x0625.nc4
2059.065,hit,false,0.000,0,304.922,252,GEOS_0.5x0.625/MERRA2/2019/07/MERRA2.20190701.A3cld.05x0625.nc4
2059.108,hit,false,0.000,0,304.965,252,GEOS_0.5x0.625/MERRA2/2019/07/MERRA2.20190701.A3cld.05x0625.nc4
2059.133,hit,false,0.000,0,304.990,252,GEOS_0.5x0.625/MERRA2/2019/07/MERRA2.20190701.A3cld.05x0625.nc4
2059.166,hit,false,0.000,0,305.023,252,GEOS_0.5x0.625/MERRA2/2019/07/MERRA2.20190701.A3cld.05x0625.nc4
2059.191,hit,false,0.000,0,305.048,252,GEOS_0.5x0.625/MERRA2/2019/07/MERRA2.20190701.A3cld.05x0625.nc4
2059.223,hit,false,0.000,0,305.079,252,GEOS_0.5x0.625/MERRA2/2019/07/MERRA2.20190701.A3cld.05x0625.nc4
2059.250,hit,false,0.000,0,305.107,252,GEOS_0.5x0.625/MERRA2/2019/07/MERRA2.20190701.A3cld.05x0625.nc4
2059.281,hit,false,0.000,0,305.136,253,GEOS_0.5x0.625/MERRA2/2019/07/MERRA2.20190701.A3cld.05x0625.nc4
2059.385,hit,false,0.000,0,305.240,253,GEOS_0.5x0.625/MERRA2/2019/07/MERRA2.20190701.A3cld.05x0625.nc4
2059.408,hit,false,0.000,0,305.263,253,GEOS_0.5x0.625/MERRA2/2019/07/MERRA2.20190701.A3cld.05x0625.nc4
2059.446,hit,false,0.000,0,305.301,253,GEOS_0.5x0.625/MERRA2/2019/07/MERRA2.20190701.A3cld.05x0625.nc4
2059.469,hit,false,0.000,0,305.324,253,GEOS_0.5x0.625/MERRA2/2019/07/MERRA2.20190701.A3cld.05x0625.nc4
2059.500,hit,false,0.000,0,305.355,253,GEOS_0.5x0.625/MERRA2/2019/07/MERRA2.20190701.A3cld.05x0625.nc4
2059.527,hit,false,0.000,0,305.382,253,GEOS_0.5x0.625/MERRA2/2019/07/MERRA2.20190701.A3cld.05x0625.nc4
2059.549,hit,false,0.000,0,305.404,253,GEOS_0.5x0.625/MERRA2/2019/07/MERRA2.20190701.A3cld.05x0625.nc4
2059.582,hit,false,0.000,0,305.435,254,GEOS_0.5x0.625/MERRA2/2019/07/MERRA2.20190701.A3cld.05x0625.nc4
2059.609,hit,false,0.000,0,305.463,254,GEOS_0.5x0.625/MERRA2/2019/07/MERRA2.20190701.A3cld.05x0625.nc4
2059.640,hit,false,0.000,0,305.493,254,GEOS_0.5x0.625/MERRA2/2019/07/MERRA2.20190701.A3cld.05x0625.nc4
2059.671,hit,false,0.000,0,305.525,254,GEOS_0.5x0.625/MERRA2/2019/07/MERRA2.20190701.A3cld.05x0625.nc4
2059.696,hit,false,0.000,0,305.549,254,GEOS_0.5x0.625/MERRA2/2019/07/MERRA2.20190701.A3cld.05x0625.nc4
2059.725,hit,false,0.000,0,305.578,254,GEOS_0.5x0.625/MERRA2/2019/07/MERRA2.20190701.A3cld.05x0625.nc4
2059.750,hit,false,0.000,0,305.603,254,GEOS_0.5x0.625/MERRA2/2019/07/MERRA2.20190701.A3cld.05x0625.nc4
2059.779,hit,false,0.000,0,305.632,254,GEOS_0.5x0.625/MERRA2/2019/07/MERRA2.20190701.A3cld.05x0625.nc4
2059.804,hit,false,0.000,0,305.656,255,GEOS_0.5x0.625/MERRA2/2019/07/MERRA2.20190701.A3cld.05x0625.nc4
2059.835,hit,false,0.000,0,305.687,255,GEOS_0.5x0.625/MERRA2/2019/07/MERRA2.20190701.A3cld.05x0625.nc4
2059.859,hit,false,0.000,0,305.710,255,GEOS_0.5x0.625/MERRA2/2019/07/MERRA2.20190701.A3cld.05x0625.nc4
2059.890,hit,false,0.000,0,305.741,255,GEOS_0.5x0.625/MERRA2/2019/07/MERRA2.20190701.A3cld.05x0625.nc4
2059.913,hit,false,0.000,0,305.764,255,GEOS_0.5x0.625/MERRA2/2019/07/MERRA2.20190701.A3cld.05x0625.nc4
2059.944,hit,false,0.000,0,305.796,255,GEOS_0.5x0.625/MERRA2/2019/07/MERRA2.20190701.A3cld.05x0625.nc4
2059.970,hit,false,0.000,0,305.821,255,GEOS_0.5x0.625/MERRA2/2019/07/MERRA2.20190701.A3cld.05x0625.nc4
2059.999,hit,false,0.000,0,305.851,255,GEOS_0.5x0.625/MERRA2/2019/07/MERRA2.20190701.A3cld.05x0625.nc4
2060.032,hit,false,0.000,0,306.365,256,GEOS_0.5x0.625/MERRA2/2019/07/MERRA2.20190701.A3cld.05x0625.nc4
2060.066,hit,false,0.000,0,306.398,256,GEOS_0.5x0.625/MERRA2/2019/07/MERRA2.20190701.A3cld.05x0625.nc4
2060.100,hit,false,0.000,0,306.433,256,GEOS_0.5x0.625/MERRA2/2019/07/MERRA2.20190701.A3cld.05x0625.nc4
2060.126,hit,false,0.000,0,306.459,256,GEOS_0.5x0.625/MERRA2/2019/07/MERRA2.20190701.A3cld.05x0625.nc4
2060.158,hit,false,0.000,0,306.491,256,GEOS_0.5x0.625/MERRA2/2019/07/MERRA2.20190701.A3cld.05x0625.nc4
2060.181,hit,false,0.000,0,306.513,256,GEOS_0.5x0.625/MERRA2/2019/07/MERRA2.20190701.A3cld.05x0625.nc4
2060.214,hit,false,0.000,0,306.547,256,GEOS_0.5x0.625/MERRA2/2019/07/MERRA2.20190701.A3cld.05x0625.nc4
2060.240,hit,false,0.000,0,306.572,256,GEOS_0.5x0.625/MERRA2/2019/07/MERRA2.20190701.A3cld.05x0625.nc4
2060.270,hit,false,0.000,0,306.601,257,GEOS_0.5x0.625/MERRA2/2019/07/MERRA2.20190701.A3cld.05x0625.nc4
2060.305,hit,false,0.000,0,306.635,257,GEOS_0.5x0.625/MERRA2/2019/07/MERRA2.20190701.A3cld.05x0625.nc4
2060.329,hit,false,0.000,0,306.659,257,GEOS_0.5x0.625/MERRA2/2019/07/MERRA2.20190701.A3cld.05x0625.nc4
2060.362,hit,false,0.000,0,306.692,257,GEOS_0.5x0.625/MERRA2/2019/07/MERRA2.20190701.A3cld.05x0625.nc4
2060.388,hit,false,0.000,0,306.719,257,GEOS_0.5x0.625/MERRA2/2019/07/MERRA2.20190701.A3cld.05x0625.nc4
2060.418,hit,false,0.000,0,306.749,257,GEOS_0.5x0.625/MERRA2/2019/07/MERRA2.20190701.A3cld.05x0625.nc4
2060.452,hit,false,0.000,0,306.782,257,GEOS_0.5x0.625/MERRA2/2019/07/MERRA2.20190701.A3cld.05x0625.nc4
2060.476,hit,false,0.000,0,306.807,257,GEOS_0.5x0.625/MERRA2/2019/07/MERRA2.20190701.A3cld.05x0625.nc4
2060.506,hit,false,0.000,0,306.835,258,GEOS_0.5x0.625/MERRA2/2019/07/MERRA2.20190701.A3cld.05x0625.nc4
2060.537,hit,false,0.000,0,306.866,258,GEOS_0.5x0.625/MERRA2/2019/07/MERRA2.20190701.A3cld.05x0625.nc4
2060.569,hit,false,0.000,0,306.898,258,GEOS_0.5x0.625/MERRA2/2019/07/MERRA2.20190701.A3cld.05x0625.nc4
2060.592,hit,false,0.000,0,306.921,258,GEOS_0.5x0.625/MERRA2/2019/07/MERRA2.20190701.A3cld.05x0625.nc4
2060.628,hit,false,0.000,0,306.957,258,GEOS_0.5x0.625/MERRA2/2019/07/MERRA2.20190701.A3cld.05x0625.nc4
2060.654,hit,false,0.000,0,306.983,258,GEOS_0.5x0.625/MERRA2/2019/07/MERRA2.20190701.A3cld.05x0625.nc4
2060.687,hit,false,0.000,0,307.016,258,GEOS_0.5x0.625/MERRA2/2019/07/MERRA2.20190701.A3cld.05x0625.nc4
2060.712,hit,false,0.000,0,307.041,258,GEOS_0.5x0.625/MERRA2/2019/07/MERRA2.20190701.A3cld.05x0625.nc4
2060.747,hit,false,0.000,0,307.074,259,GEOS_0.5x0.625/MERRA2/2019/07/MERRA2.20190701.A3cld.05x0625.nc4
2060.775,hit,false,0.000,0,307.102,259,GEOS_0.5x0.625/MERRA2/2019/07/MERRA2.20190701.A3cld.05x0625.nc4
2060.810,hit,false,0.000,0,307.137,259,GEOS_0.5x0.625/MERRA2/2019/07/MERRA2.20190701.A3cld.05x0625.nc4
2060.834,hit,false,0.000,0,307.161,259,GEOS_0.5x0.625/MERRA2/2019/07/MERRA2.20190701.A3cld.05x0625.nc4
2060.868,hit,false,0.000,0,307.195,259,GEOS_0.5x0.625/MERRA2/2019/07/MERRA2.20190701.A3cld.05x0625.nc4
2060.893,hit,false,0.000,0,307.220,259,GEOS_0.5x0.625/MERRA2/2019/07/MERRA2.20190701.A3cld.05x0625.nc4
2060.930,hit,false,0.000,0,307.257,259,GEOS_0.5x0.625/MERRA2/2019/07/MERRA2.20190701.A3cld.05x0625.nc4
2060.954,hit,false,0.000,0,307.281,259,GEOS_0.5x0.625/MERRA2/2019/07/MERRA2.20190701.A3cld.05x0625.nc4
2060.996,hit,false,0.000,0,307.289,260,GEOS_0.5x0.625/MERRA2/2019/07/MERRA2.20190701.A3cld.05x0625.nc4
2061.021,hit,false,0.000,0,307.314,260,GEOS_0.5x0.625/MERRA2/2019/07/MERRA2.20190701.A3cld.05x0625.nc4
2061.063,hit,false,0.000,0,307.355,260,GEOS_0.5x0.625/MERRA2/2019/07/MERRA2.20190701.A3cld.05x0625.nc4
2061.086,hit,false,0.000,0,307.378,260,GEOS_0.5x0.625/MERRA2/2019/07/MERRA2.20190701.A3cld.05x0625.nc4
2061.121,hit,false,0.000,0,307.413,260,GEOS_0.5x0.625/MERRA2/2019/07/MERRA2.20190701.A3cld.05x0625.nc4
2061.147,hit,false,0.000,0,307.439,260,GEOS_0.5x0.625/MERRA2/2019/07/MERRA2.20190701.A3cld.05x0625.nc4
2061.178,hit,false,0.000,0,307.470,260,GEOS_0.5x0.625/MERRA2/2019/07/MERRA2.20190701.A3cld.05x0625.nc4
2061.201,hit,false,0.000,0,307.493,260,GEOS_0.5x0.625/MERRA2/2019/07/MERRA2.20190701.A3cld.05x0625.nc4
2061.310,hit,false,0.000,0,307.601,261,GEOS_0.5x0.625/MERRA2/2019/07/MERRA2.20190701.A3cld.05x0625.nc4
2061.332,hit,false,0.000,0,307.622,261,GEOS_0.5x0.625/MERRA2/2019/07/MERRA2.20190701.A3cld.05x0625.nc4
2061.384,hit,false,0.000,0,307.674,261,GEOS_0.5x0.625/MERRA2/2019/07/MERRA2.20190701.A3cld.05x0625.nc4
2061.405,hit,false,0.000,0,307.696,261,GEOS_0.5x0.625/MERRA2/2019/07/MERRA2.20190701.A3cld.05x0625.nc4
2061.446,hit,false,0.000,0,307.737,261,GEOS_0.5x0.625/MERRA2/2019/07/MERRA2.20190701.A3cld.05x0625.nc4
2061.468,hit,false,0.000,0,307.759,261,GEOS_0.5x0.625/MERRA2/2019/07/MERRA2.20190701.A3cld.05x0625.nc4
2061.512,hit,false,0.000,0,307.803,261,GEOS_0.5x0.625/MERRA2/2019/07/MERRA2.20190701.A3cld.05x0625.nc4
2061.534,hit,false,0.000,0,307.824,261,GEOS_0.5x0.625/MERRA2/2019/07/MERRA2.20190701.A3cld.05x0625.nc4
2061.572,hit,false,0.000,0,307.861,262,GEOS_0.5x0.625/MERRA2/2019/07/MERRA2.20190701.A3cld.05x0625.nc4
2061.597,hit,false,0.000,0,307.886,262,GEOS_0.5x0.625/MERRA2/2019/07/MERRA2.20190701.A3cld.05x0625.nc4
2061.629,hit,false,0.000,0,307.918,262,GEOS_0.5x0.625/MERRA2/2019/07/MERRA2.20190701.A3cld.05x0625.nc4
2061.654,hit,false,0.000,0,307.942,262,GEOS_0.5x0.625/MERRA2/2019/07/MERRA2.20190701.A3cld.05x0625.nc4
2061.687,hit,false,0.000,0,307.975,262,GEOS_0.5x0.625/MERRA2/2019/07/MERRA2.20190701.A3cld.05x0625.nc4
2061.710,hit,false,0.000,0,307.999,262,GEOS_0.5x0.625/MERRA2/2019/07/MERRA2.20190701.A3cld.05x0625.nc4
2061.745,hit,false,0.000,0,308.033,262,GEOS_0.5x0.625/MERRA2/2019/07/MERRA2.20190701.A3cld.05x0625.nc4
2061.770,hit,false,0.000,0,308.059,262,GEOS_0.5x0.625/MERRA2/2019/07/MERRA2.20190701.A3cld.05x0625.nc4
2061.802,hit,false,0.000,0,308.089,263,GEOS_0.5x0.625/MERRA2/2019/07/MERRA2.20190701.A3cld.05x0625.nc4
2061.833,hit,false,0.000,0,308.120,263,GEOS_0.5x0.625/MERRA2/2019/07/MERRA2.20190701.A3cld.05x0625.nc4
2061.863,hit,false,0.000,0,308.150,263,GEOS_0.5x0.625/MERRA2/2019/07/MERRA2.20190701.A3cld.05x0625.nc4
2061.894,hit,false,0.000,0,308.181,263,GEOS_0.5x0.625/MERRA2/2019/07/MERRA2.20190701.A3cld.05x0625.nc4
2061.922,hit,false,0.000,0,308.209,263,GEOS_0.5x0.625/MERRA2/2019/07/MERRA2.20190701.A3cld.05x0625.nc4
2061.953,hit,false,0.000,0,308.240,263,GEOS_0.5x0.625/MERRA2/2019/07/MERRA2.20190701.A3cld.05x0625.nc4
2061.982,hit,false,0.000,0,308.269,263,GEOS_0.5x0.625/MERRA2/2019/07/MERRA2.20190701.A3cld.05x0625.nc4
2062.013,hit,false,0.000,0,308.300,263,GEOS_0.5x0.625/MERRA2/2019/07/MERRA2.20190701.A3cld.05x0625.nc4
2062.036,hit,false,0.000,0,308.344,264,GEOS_0.5x0.625/MERRA2/2019/07/MERRA2.20190701.A3cld.05x0625.nc4
2062.072,hit,false,0.000,0,308.380,264,GEOS_0.5x0.625/MERRA2/2019/07/MERRA2.20190701.A3cld.05x0625.nc4
2062.114,hit,false,0.000,0,308.422,264,GEOS_0.5x0.625/MERRA2/2019/07/MERRA2.20190701.A3cld.05x0625.nc4
2062.138,hit,false,0.000,0,308.446,264,GEOS_0.5x0.625/MERRA2/2019/07/MERRA2.20190701.A3cld.05x0625.nc4
2062.175,hit,false,0.000,0,308.483,264,GEOS_0.5x0.625/MERRA2/2019/07/MERRA2.20190701.A3cld.05x0625.nc4
2062.197,hit,false,0.000,0,308.505,264,GEOS_0.5x0.625/MERRA2/2019/07/MERRA2.20190701.A3cld.05x0625.nc4
2062.232,hit,false,0.000,0,308.540,264,GEOS_0.5x0.625/MERRA2/2019/07/MERRA2.20190701.A3cld.05x0625.nc4
2062.257,hit,false,0.000,0,308.565,264,GEOS_0.5x0.625/MERRA2/2019/07/MERRA2.20190701.A3cld.05x0625.nc4
2062.289,hit,false,0.000,0,307.921,265,GEOS_0.5x0.625/MERRA2/2019/07/MERRA2.20190701.A3cld.05x0625.nc4
2062.316,hit,false,0.000,0,307.948,265,GEOS_0.5x0.625/MERRA2/2019/07/MERRA2.20190701.A3cld.05x0625.nc4
2062.350,hit,false,0.000,0,307.982,265,GEOS_0.5x0.625/MERRA2/2019/07/MERRA2.20190701.A3cld.05x0625.nc4
2062.372,hit,false,0.000,0,308.004,265,GEOS_0.5x0.625/MERRA2/2019/07/MERRA2.20190701.A3cld.05x0625.nc4
2062.411,hit,false,0.000,0,308.043,265,GEOS_0.5x0.625/MERRA2/2019/07/MERRA2.20190701.A3cld.05x0625.nc4
2062.433,hit,false,0.000,0,308.065,265,GEOS_0.5x0.625/MERRA2/2019/07/MERRA2.20190701.A3cld.05x0625.nc4
2062.468,hit,false,0.000,0,308.100,265,GEOS_0.5x0.625/MERRA2/2019/07/MERRA2.20190701.A3cld.05x0625.nc4
2062.497,hit,false,0.000,0,308.129,265,GEOS_0.5x0.625/MERRA2/2019/07/MERRA2.20190701.A3cld.05x0625.nc4
2062.529,hit,false,0.000,0,308.159,266,GEOS_0.5x0.625/MERRA2/2019/07/MERRA2.20190701.A3cld.05x0625.nc4
2062.557,hit,false,0.000,0,308.187,266,GEOS_0.5x0.625/MERRA2/2019/07/MERRA2.20190701.A3cld.05x0625.nc4
2062.590,hit,false,0.000,0,308.220,266,GEOS_0.5x0.625/MERRA2/2019/07/MERRA2.20190701.A3cld.05x0625.nc4
2062.614,hit,false,0.000,0,308.243,266,GEOS_0.5x0.625/MERRA2/2019/07/MERRA2.20190701.A3cld.05x0625.nc4
2062.651,hit,false,0.000,0,308.281,266,GEOS_0.5x0.625/MERRA2/2019/07/MERRA2.20190701.A3cld.05x0625.nc4
2062.674,hit,false,0.000,0,308.304,266,GEOS_0.5x0.625/MERRA2/2019/07/MERRA2.20190701.A3cld.05x0625.nc4
2062.707,hit,false,0.000,0,308.337,266,GEOS_0.5x0.625/MERRA2/2019/07/MERRA2.20190701.A3cld.05x0625.nc4
2062.731,hit,false,0.000,0,308.360,266,GEOS_0.5x0.625/MERRA2/2019/07/MERRA2.20190701.A3cld.05x0625.nc4
2062.766,hit,false,0.000,0,308.379,267,GEOS_0.5x0.625/MERRA2/2019/07/MERRA2.20190701.A3cld.05x0625.nc4
2062.792,hit,false,0.000,0,308.406,267,GEOS_0.5x0.625/MERRA2/2019/07/MERRA2.20190701.A3cld.05x0625.nc4
2062.822,hit,false,0.000,0,308.436,267,GEOS_0.5x0.625/MERRA2/2019/07/MERRA2.20190701.A3cld.05x0625.nc4
2062.848,hit,false,0.000,0,308.461,267,GEOS_0.5x0.625/MERRA2/2019/07/MERRA2.20190701.A3cld.05x0625.nc4
2062.882,hit,false,0.000,0,308.495,267,GEOS_0.5x0.625/MERRA2/2019/07/MERRA2.20190701.A3cld.05x0625.nc4
2062.906,hit,false,0.000,0,308.519,267,GEOS_0.5x0.625/MERRA2/2019/07/MERRA2.20190701.A3cld.05x0625.nc4
2062.954,hit,false,0.000,0,308.567,267,GEOS_0.5x0.625/MERRA2/2019/07/MERRA2.20190701.A3cld.05x0625.nc4
2062.976,hit,false,0.000,0,308.589,267,GEOS_0.5x0.625/MERRA2/2019/07/MERRA2.20190701.A3cld.05x0625.nc4
2063.018,hit,false,0.000,0,308.629,268,GEOS_0.5x0.625/MERRA2/2019/07/MERRA2.20190701.A3cld.05x0625.nc4
2063.045,hit,false,0.000,0,308.656,268,GEOS_0.5x0.625/MERRA2/2019/07/MERRA2.20190701.A3cld.05x0625.nc4
2063.085,hit,false,0.000,0,308.695,268,GEOS_0.5x0.625/MERRA2/2019/07/MERRA2.20190701.A3cld.05x0625.nc4
2063.117,hit,false,0.000,0,308.727,268,GEOS_0.5x0.625/MERRA2/2019/07/MERRA2.20190701.A3cld.05x0625.nc4
2063.147,hit,false,0.000,0,308.758,268,GEOS_0.5x0.625/MERRA2/2019/07/MERRA2.20190701.A3cld.05x0625.nc4
2063.178,hit,false,0.000,0,308.788,268,GEOS_0.5x0.625/MERRA2/2019/07/MERRA2.20190701.A3cld.05x0625.nc4
2063.205,hit,false,0.000,0,308.816,268,GEOS_0.5x0.625/MERRA2/2019/07/MERRA2.20190701.A3cld.05x0625.nc4
2063.311,hit,false,0.000,0,308.922,268,GEOS_0.5x0.625/MERRA2/2019/07/MERRA2.20190701.A3cld.05x0625.nc4
2063.334,hit,false,0.000,0,308.943,269,GEOS_0.5x0.625/MERRA2/2019/07/MERRA2.20190701.A3cld.05x0625.nc4
2063.370,hit,false,0.000,0,308.979,269,GEOS_0.5x0.625/MERRA2/2019/07/MERRA2.20190701.A3cld.05x0625.nc4
2063.395,hit,false,0.000,0,309.004,269,GEOS_0.5x0.625/MERRA2/2019/07/MERRA2.20190701.A3cld.05x0625.nc4
2063.428,hit,false,0.000,0,309.037,269,GEOS_0.5x0.625/MERRA2/2019/07/MERRA2.20190701.A3cld.05x0625.nc4
2063.453,hit,false,0.000,0,309.061,269,GEOS_0.5x0.625/MERRA2/2019/07/MERRA2.20190701.A3cld.05x0625.nc4
2063.487,hit,false,0.000,0,309.096,269,GEOS_0.5x0.625/MERRA2/2019/07/MERRA2.20190701.A3cld.05x0625.nc4
2063.516,hit,false,0.000,0,309.125,269,GEOS_0.5x0.625/MERRA2/2019/07/MERRA2.20190701.A3cld.05x0625.nc4
2063.547,hit,false,0.000,0,309.156,269,GEOS_0.5x0.625/MERRA2/2019/07/MERRA2.20190701.A3cld.05x0625.nc4
2063.571,hit,false,0.000,0,309.179,270,GEOS_0.5x0.625/MERRA2/2019/07/MERRA2.20190701.A3cld.05x0625.nc4
2063.608,hit,false,0.000,0,309.215,270,GEOS_0.5x0.625/MERRA2/2019/07/MERRA2.20190701.A3cld.05x0625.nc4
2063.632,hit,false,0.000,0,309.239,270,GEOS_0.5x0.625/MERRA2/2019/07/MERRA2.20190701.A3cld.05x0625.nc4
2063.665,hit,false,0.000,0,309.273,270,GEOS_0.5x0.625/MERRA2/2019/07/MERRA2.20190701.A3cld.05x0625.nc4
2063.691,hit,false,0.000,0,309.298,270,GEOS_0.5x0.625/MERRA2/2019/07/MERRA2.20190701.A3cld.05x0625.nc4
2063.736,hit,false,0.000,0,309.343,270,GEOS_0.5x0.625/MERRA2/2019/07/MERRA2.20190701.A3cld.05x0625.nc4
2063.757,hit,false,0.000,0,309.364,270,GEOS_0.5x0.625/MERRA2/2019/07/MERRA2.20190701.A3cld.05x0625.nc4
2063.799,hit,false,0.000,0,309.406,270,GEOS_0.5x0.625/MERRA2/2019/07/MERRA2.20190701.A3cld.05x0625.nc4
2063.820,hit,false,0.000,0,309.426,271,GEOS_0.5x0.625/MERRA2/2019/07/MERRA2.20190701.A3cld.05x0625.nc4
2063.869,hit,false,0.000,0,309.475,271,GEOS_0.5x0.625/MERRA2/2019/07/MERRA2.20190701.A3cld.05x0625.nc4
2063.889,hit,false,0.000,0,309.495,271,GEOS_0.5x0.625/MERRA2/2019/07/MERRA2.20190701.A3cld.05x0625.nc4
2063.931,hit,false,0.000,0,309.536,271,GEOS_0.5x0.625/MERRA2/2019/07/MERRA2.20190701.A3cld.05x0625.nc4
2063.954,hit,false,0.000,0,309.560,271,GEOS_0.5x0.625/MERRA2/2019/07/MERRA2.20190701.A3cld.05x0625.nc4
2063.996,hit,false,0.000,0,309.602,271,GEOS_0.5x0.625/MERRA2/2019/07/MERRA2.20190701.A3cld.05x0625.nc4
2064.019,hit,false,0.000,0,309.625,271,GEOS_0.5x0.625/MERRA2/2019/07/MERRA2.20190701.A3cld.05x0625.nc4
2064.052,hit,false,0.000,0,309.658,271,GEOS_0.5x0.625/MERRA2/2019/07/MERRA2.20190701.A3cld.05x0625.nc4
2064.078,hit,false,0.000,0,310.489,272,GEOS_0.5x0.625/MERRA2/2019/07/MERRA2.20190701.A3cld.05x0625.nc4
2064.112,hit,false,0.000,0,310.523,272,GEOS_0.5x0.625/MERRA2/2019/07/MERRA2.20190701.A3cld.05x0625.nc4
2064.151,hit,false,0.000,0,310.562,272,GEOS_0.5x0.625/MERRA2/2019/07/MERRA2.20190701.A3cld.05x0625.nc4
2064.174,hit,false,0.000,0,310.585,272,GEOS_0.5x0.625/MERRA2/2019/07/MERRA2.20190701.A3cld.05x0625.nc4
2064.207,hit,false,0.000,0,310.618,272,GEOS_0.5x0.625/MERRA2/2019/07/MERRA2.20190701.A3cld.05x0625.nc4
2064.233,hit,false,0.000,0,310.644,272,GEOS_0.5x0.625/MERRA2/2019/07/MERRA2.20190701.A3cld.05x0625.nc4
2064.263,hit,false,0.000,0,310.675,272,GEOS_0.5x0.625/MERRA2/2019/07/MERRA2.20190701.A3cld.05x0625.nc4
2064.287,hit,false,0.000,0,310.698,272,GEOS_0.5x0.625/MERRA2/2019/07/MERRA2.20190701.A3cld.05x0625.nc4
2064.321,hit,false,0.000,0,310.729,273,GEOS_0.5x0.625/MERRA2/2019/07/MERRA2.20190701.A3cld.05x0625.nc4
2064.349,hit,false,0.000,0,310.756,273,GEOS_0.5x0.625/MERRA2/2019/07/MERRA2.20190701.A3cld.05x0625.nc4
2064.381,hit,false,0.000,0,310.788,273,GEOS_0.5x0.625/MERRA2/2019/07/MERRA2.20190701.A3cld.05x0625.nc4
2064.412,hit,false,0.000,0,310.820,273,GEOS_0.5x0.625/MERRA2/2019/07/MERRA2.20190701.A3cld.05x0625.nc4
2064.442,hit,false,0.000,0,310.850,273,GEOS_0.5x0.625/MERRA2/2019/07/MERRA2.20190701.A3cld.05x0625.nc4
2064.473,hit,false,0.000,0,310.881,273,GEOS_0.5x0.625/MERRA2/2019/07/MERRA2.20190701.A3cld.05x0625.nc4
2064.496,hit,false,0.000,0,310.904,273,GEOS_0.5x0.625/MERRA2/2019/07/MERRA2.20190701.A3cld.05x0625.nc4
2064.534,hit,false,0.000,0,310.942,273,GEOS_0.5x0.625/MERRA2/2019/07/MERRA2.20190701.A3cld.05x0625.nc4
2064.557,hit,false,0.000,0,310.963,274,GEOS_0.5x0.625/MERRA2/2019/07/MERRA2.20190701.A3cld.05x0625.nc4
2064.593,hit,false,0.000,0,310.999,274,GEOS_0.5x0.625/MERRA2/2019/07/MERRA2.20190701.A3cld.05x0625.nc4
2064.623,hit,false,0.000,0,311.029,274,GEOS_0.5x0.625/MERRA2/2019/07/MERRA2.20190701.A3cld.05x0625.nc4
2064.652,hit,false,0.000,0,311.058,274,GEOS_0.5x0.625/MERRA2/2019/07/MERRA2.20190701.A3cld.05x0625.nc4
2064.684,hit,false,0.000,0,311.090,274,GEOS_0.5x0.625/MERRA2/2019/07/MERRA2.20190701.A3cld.05x0625.nc4
2064.708,hit,false,0.000,0,311.114,274,GEOS_0.5x0.625/MERRA2/2019/07/MERRA2.20190701.A3cld.05x0625.nc4
2064.742,hit,false,0.000,0,311.148,274,GEOS_0.5x0.625/MERRA2/2019/07/MERRA2.20190701.A3cld.05x0625.nc4
2064.768,hit,false,0.000,0,311.174,274,GEOS_0.5x0.625/MERRA2/2019/07/MERRA2.20190701.A3cld.05x0625.nc4
2064.797,hit,false,0.000,0,311.199,275,GEOS_0.5x0.625/MERRA2/2019/07/MERRA2.20190701.A3cld.05x0625.nc4
2064.826,hit,false,0.000,0,311.228,275,GEOS_0.5x0.625/MERRA2/2019/07/MERRA2.20190701.A3cld.05x0625.nc4
2064.859,hit,false,0.000,0,311.262,275,GEOS_0.5x0.625/MERRA2/2019/07/MERRA2.20190701.A3cld.05x0625.nc4
2064.888,hit,false,0.000,0,311.290,275,GEOS_0.5x0.625/MERRA2/2019/07/MERRA2.20190701.A3cld.05x0625.nc4
2064.916,hit,false,0.000,0,311.318,275,GEOS_0.5x0.625/MERRA2/2019/07/MERRA2.20190701.A3cld.05x0625.nc4
2064.948,hit,false,0.000,0,311.350,275,GEOS_0.5x0.625/MERRA2/2019/07/MERRA2.20190701.A3cld.05x0625.nc4
2064.977,hit,false,0.000,0,311.379,275,GEOS_0.5x0.625/MERRA2/2019/07/MERRA2.20190701.A3cld.05x0625.nc4
2065.006,hit,false,0.000,0,311.408,275,GEOS_0.5x0.625/MERRA2/2019/07/MERRA2.20190701.A3cld.05x0625.nc4
2065.034,hit,false,0.000,0,311.434,276,GEOS_0.5x0.625/MERRA2/2019/07/MERRA2.20190701.A3cld.05x0625.nc4
2065.067,hit,false,0.000,0,311.467,276,GEOS_0.5x0.625/MERRA2/2019/07/MERRA2.20190701.A3cld.05x0625.nc4
2065.097,hit,false,0.000,0,311.497,276,GEOS_0.5x0.625/MERRA2/2019/07/MERRA2.20190701.A3cld.05x0625.nc4
2065.129,hit,false,0.000,0,311.529,276,GEOS_0.5x0.625/MERRA2/2019/07/MERRA2.20190701.A3cld.05x0625.nc4
2065.152,hit,false,0.000,0,311.552,276,GEOS_0.5x0.625/MERRA2/2019/07/MERRA2.20190701.A3cld.05x0625.nc4
2065.182,hit,false,0.000,0,311.583,276,GEOS_0.5x0.625/MERRA2/2019/07/MERRA2.20190701.A3cld.05x0625.nc4
2065.278,hit,false,0.000,0,311.679,276,GEOS_0.5x0.625/MERRA2/2019/07/MERRA2.20190701.A3cld.05x0625.nc4
2065.301,hit,false,0.000,0,311.701,276,GEOS_0.5x0.625/MERRA2/2019/07/MERRA2.20190701.A3cld.05x0625.nc4
2065.346,hit,false,0.000,0,311.744,277,GEOS_0.5x0.625/MERRA2/2019/07/MERRA2.20190701.A3cld.05x0625.nc4
2065.370,hit,false,0.000,0,311.769,277,GEOS_0.5x0.625/MERRA2/2019/07/MERRA2.20190701.A3cld.05x0625.nc4
2065.411,hit,false,0.000,0,311.809,277,GEOS_0.5x0.625/MERRA2/2019/07/MERRA2.20190701.A3cld.05x0625.nc4
2065.432,hit,false,0.000,0,311.830,277,GEOS_0.5x0.625/MERRA2/2019/07/MERRA2.20190701.A3cld.05x0625.nc4
2065.475,hit,false,0.000,0,311.873,277,GEOS_0.5x0.625/MERRA2/2019/07/MERRA2.20190701.A3cld.05x0625.nc4
2065.496,hit,false,0.000,0,311.894,277,GEOS_0.5x0.625/MERRA2/2019/07/MERRA2.20190701.A3cld.05x0625.nc4
2065.536,hit,false,0.000,0,311.934,277,GEOS_0.5x0.625/MERRA2/2019/07/MERRA2.20190701.A3cld.05x0625.nc4
2065.558,hit,false,0.000,0,311.956,277,GEOS_0.5x0.625/MERRA2/2019/07/MERRA2.20190701.A3cld.05x0625.nc4
2065.597,hit,false,0.000,0,311.993,278,GEOS_0.5x0.625/MERRA2/2019/07/MERRA2.20190701.A3cld.05x0625.nc4
2065.622,hit,false,0.000,0,312.018,278,GEOS_0.5x0.625/MERRA2/2019/07/MERRA2.20190701.A3cld.05x0625.nc4
2065.657,hit,false,0.000,0,312.053,278,GEOS_0.5x0.625/MERRA2/2019/07/MERRA2.20190701.A3cld.05x0625.nc4
2065.683,hit,false,0.000,0,312.079,278,GEOS_0.5x0.625/MERRA2/2019/07/MERRA2.20190701.A3cld.05x0625.nc4
2065.717,hit,false,0.000,0,312.112,278,GEOS_0.5x0.625/MERRA2/2019/07/MERRA2.20190701.A3cld.05x0625.nc4
2065.740,hit,false,0.000,0,312.136,278,GEOS_0.5x0.625/MERRA2/2019/07/MERRA2.20190701.A3cld.05x0625.nc4
2065.775,hit,false,0.000,0,312.171,278,GEOS_0.5x0.625/MERRA2/2019/07/MERRA2.20190701.A3cld.05x0625.nc4
2065.800,hit,false,0.000,0,312.196,278,GEOS_0.5x0.625/MERRA2/2019/07/MERRA2.20190701.A3cld.05x0625.nc4
2065.832,hit,false,0.000,0,312.225,279,GEOS_0.5x0.625/MERRA2/2019/07/MERRA2.20190701.A3cld.05x0625.nc4
2065.866,hit,false,0.000,0,312.259,279,GEOS_0.5x0.625/MERRA2/2019/07/MERRA2.20190701.A3cld.05x0625.nc4
2065.893,hit,false,0.000,0,312.287,279,GEOS_0.5x0.625/MERRA2/2019/07/MERRA2.20190701.A3cld.05x0625.nc4
2065.926,hit,false,0.000,0,312.319,279,GEOS_0.5x0.625/MERRA2/2019/07/MERRA2.20190701.A3cld.05x0625.nc4
2065.953,hit,false,0.000,0,312.346,279,GEOS_0.5x0.625/MERRA2/2019/07/MERRA2.20190701.A3cld.05x0625.nc4
2065.984,hit,false,0.000,0,312.377,279,GEOS_0.5x0.625/MERRA2/2019/07/MERRA2.20190701.A3cld.05x0625.nc4
2066.007,hit,false,0.000,0,312.400,279,GEOS_0.5x0.625/MERRA2/2019/07/MERRA2.20190701.A3cld.05x0625.nc4
2066.040,hit,false,0.000,0,312.434,279,GEOS_0.5x0.625/MERRA2/2019/07/MERRA2.20190701.A3cld.05x0625.nc4
2066.066,hit,false,0.000,0,312.422,280,GEOS_0.5x0.625/MERRA2/2019/07/MERRA2.20190701.A3cld.05x0625.nc4
2066.100,hit,false,0.000,0,312.456,280,GEOS_0.5x0.625/MERRA2/2019/07/MERRA2.20190701.A3cld.05x0625.nc4
2066.137,hit,false,0.000,0,312.494,280,GEOS_0.5x0.625/MERRA2/2019/07/MERRA2.20190701.A3cld.05x0625.nc4
2066.164,hit,false,0.000,0,312.520,280,GEOS_0.5x0.625/MERRA2/2019/07/MERRA2.20190701.A3cld.05x0625.nc4
2066.196,hit,false,0.000,0,312.552,280,GEOS_0.5x0.625/MERRA2/2019/07/MERRA2.20190701.A3cld.05x0625.nc4
2066.220,hit,false,0.000,0,312.576,280,GEOS_0.5x0.625/MERRA2/2019/07/MERRA2.20190701.A3cld.05x0625.nc4
2066.257,hit,false,0.000,0,312.613,280,GEOS_0.5x0.625/MERRA2/2019/07/MERRA2.20190701.A3cld.05x0625.nc4
2066.278,hit,false,0.000,0,312.635,280,GEOS_0.5x0.625/MERRA2/2019/07/MERRA2.20190701.A3cld.05x0625.nc4
2066.320,hit,false,0.000,0,312.675,281,GEOS_0.5x0.625/MERRA2/2019/07/MERRA2.20190701.A3cld.05x0625.nc4
2066.344,hit,false,0.000,0,312.698,281,GEOS_0.5x0.625/MERRA2/2019/07/MERRA2.20190701.A3cld.05x0625.nc4
2066.383,hit,false,0.000,0,312.737,281,GEOS_0.5x0.625/MERRA2/2019/07/MERRA2.20190701.A3cld.05x0625.nc4
2066.405,hit,false,0.000,0,312.760,281,GEOS_0.5x0.625/MERRA2/2019/07/MERRA2.20190701.A3cld.05x0625.nc4
2066.441,hit,false,0.000,0,312.795,281,GEOS_0.5x0.625/MERRA2/2019/07/MERRA2.20190701.A3cld.05x0625.nc4
2066.467,hit,false,0.000,0,312.821,281,GEOS_0.5x0.625/MERRA2/2019/07/MERRA2.20190701.A3cld.05x0625.nc4
2066.500,hit,false,0.000,0,312.855,281,GEOS_0.5x0.625/MERRA2/2019/07/MERRA2.20190701.A3cld.05x0625.nc4
2066.523,hit,false,0.000,0,312.877,281,GEOS_0.5x0.625/MERRA2/2019/07/MERRA2.20190701.A3cld.05x0625.nc4
2066.558,hit,false,0.000,0,312.911,282,GEOS_0.5x0.625/MERRA2/2019/07/MERRA2.20190701.A3cld.05x0625.nc4
2066.586,hit,false,0.000,0,312.938,282,GEOS_0.5x0.625/MERRA2/2019/07/MERRA2.20190701.A3cld.05x0625.nc4
2066.618,hit,false,0.000,0,312.971,282,GEOS_0.5x0.625/MERRA2/2019/07/MERRA2.20190701.A3cld.05x0625.nc4
2066.650,hit,false,0.000,0,313.003,282,GEOS_0.5x0.625/MERRA2/2019/07/MERRA2.20190701.A3cld.05x0625.nc4
2066.678,hit,false,0.000,0,313.031,282,GEOS_0.5x0.625/MERRA2/2019/07/MERRA2.20190701.A3cld.05x0625.nc4
2066.708,hit,false,0.000,0,313.061,282,GEOS_0.5x0.625/MERRA2/2019/07/MERRA2.20190701.A3cld.05x0625.nc4
2066.737,hit,false,0.000,0,313.090,282,GEOS_0.5x0.625/MERRA2/2019/07/MERRA2.20190701.A3cld.05x0625.nc4
2066.768,hit,false,0.000,0,313.121,282,GEOS_0.5x0.625/MERRA2/2019/07/MERRA2.20190701.A3cld.05x0625.nc4
2066.792,hit,false,0.000,0,313.143,283,GEOS_0.5x0.625/MERRA2/2019/07/MERRA2.20190701.A3cld.05x0625.nc4
2066.833,hit,false,0.000,0,313.184,283,GEOS_0.5x0.625/MERRA2/2019/07/MERRA2.20190701.A3cld.05x0625.nc4
2066.859,hit,false,0.000,0,313.210,283,GEOS_0.5x0.625/MERRA2/2019/07/MERRA2.20190701.A3cld.05x0625.nc4
2066.891,hit,false,0.000,0,313.242,283,GEOS_0.5x0.625/MERRA2/2019/07/MERRA2.20190701.A3cld.05x0625.nc4
2066.916,hit,false,0.000,0,313.267,283,GEOS_0.5x0.625/MERRA2/2019/07/MERRA2.20190701.A3cld.05x0625.nc4
2066.939,hit,false,0.000,0,313.290,283,GEOS_0.5x0.625/MERRA2/2019/07/MERRA2.20190701.A3cld.05x0625.nc4
2066.974,hit,false,0.000,0,313.326,283,GEOS_0.5x0.625/MERRA2/2019/07/MERRA2.20190701.A3cld.05x0625.nc4
2066.997,hit,false,0.000,0,313.348,283,GEOS_0.5x0.625/MERRA2/2019/07/MERRA2.20190701.A3cld.05x0625.nc4
2067.028,hit,false,0.000,0,313.377,284,GEOS_0.5x0.625/MERRA2/2019/07/MERRA2.20190701.A3cld.05x0625.nc4
2067.056,hit,false,0.000,0,313.405,284,GEOS_0.5x0.625/MERRA2/2019/07/MERRA2.20190701.A3cld.05x0625.nc4
2067.093,hit,false,0.000,0,313.443,284,GEOS_0.5x0.625/MERRA2/2019/07/MERRA2.20190701.A3cld.05x0625.nc4
2067.116,hit,false,0.000,0,313.466,284,GEOS_0.5x0.625/MERRA2/2019/07/MERRA2.20190701.A3cld.05x0625.nc4
2067.150,hit,false,0.000,0,313.499,284,GEOS_0.5x0.625/MERRA2/2019/07/MERRA2.20190701.A3cld.05x0625.nc4
2067.247,hit,false,0.000,0,313.596,284,GEOS_0.5x0.625/MERRA2/2019/07/MERRA2.20190701.A3cld.05x0625.nc4
2067.270,hit,false,0.000,0,313.619,284,GEOS_0.5x0.625/MERRA2/2019/07/MERRA2.20190701.A3cld.05x0625.nc4
2067.300,hit,false,0.000,0,313.649,284,GEOS_0.5x0.625/MERRA2/2019/07/MERRA2.20190701.A3cld.05x0625.nc4
2067.326,hit,false,0.000,0,313.674,285,GEOS_0.5x0.625/MERRA2/2019/07/MERRA2.20190701.A3cld.05x0625.nc4
2067.360,hit,false,0.000,0,313.707,285,GEOS_0.5x0.625/MERRA2/2019/07/MERRA2.20190701.A3cld.05x0625.nc4
2067.383,hit,false,0.000,0,313.731,285,GEOS_0.5x0.625/MERRA2/2019/07/MERRA2.20190701.A3cld.05x0625.nc4
2067.414,hit,false,0.000,0,313.762,285,GEOS_0.5x0.625/MERRA2/2019/07/MERRA2.20190701.A3cld.05x0625.nc4
2067.440,hit,false,0.000,0,313.788,285,GEOS_0.5x0.625/MERRA2/2019/07/MERRA2.20190701.A3cld.05x0625.nc4
2067.471,hit,false,0.000,0,313.819,285,GEOS_0.5x0.625/MERRA2/2019/07/MERRA2.20190701.A3cld.05x0625.nc4
2067.500,hit,false,0.000,0,313.848,285,GEOS_0.5x0.625/MERRA2/2019/07/MERRA2.20190701.A3cld.05x0625.nc4
2067.526,hit,false,0.000,0,313.874,285,GEOS_0.5x0.625/MERRA2/2019/07/MERRA2.20190701.A3cld.05x0625.nc4
2067.555,hit,false,0.000,0,313.900,286,GEOS_0.5x0.625/MERRA2/2019/07/MERRA2.20190701.A3cld.05x0625.nc4
2067.586,hit,false,0.000,0,313.932,286,GEOS_0.5x0.625/MERRA2/2019/07/MERRA2.20190701.A3cld.05x0625.nc4
2067.611,hit,false,0.000,0,313.957,286,GEOS_0.5x0.625/MERRA2/2019/07/MERRA2.20190701.A3cld.05x0625.nc4
2067.641,hit,false,0.000,0,313.987,286,GEOS_0.5x0.625/MERRA2/2019/07/MERRA2.20190701.A3cld.05x0625.nc4
2067.668,hit,false,0.000,0,314.013,286,GEOS_0.5x0.625/MERRA2/2019/07/MERRA2.20190701.A3cld.05x0625.nc4
2067.698,hit,false,0.000,0,314.044,286,GEOS_0.5x0.625/MERRA2/2019/07/MERRA2.20190701.A3cld.05x0625.nc4
2067.721,hit,false,0.000,0,314.067,286,GEOS_0.5x0.625/MERRA2/2019/07/MERRA2.20190701.A3cld.05x0625.nc4
2067.753,hit,false,0.000,0,314.099,286,GEOS_0.5x0.625/MERRA2/2019/07/MERRA2.20190701.A3cld.05x0625.nc4
2067.780,hit,false,0.000,0,314.124,287,GEOS_0.5x0.625/MERRA2/2019/07/MERRA2.20190701.A3cld.05x0625.nc4
2067.809,hit,false,0.000,0,314.153,287,GEOS_0.5x0.625/MERRA2/2019/07/MERRA2.20190701.A3cld.05x0625.nc4
2067.838,hit,false,0.000,0,314.182,287,GEOS_0.5x0.625/MERRA2/2019/07/MERRA2.20190701.A3cld.05x0625.nc4
2067.862,hit,false,0.000,0,314.206,287,GEOS_0.5x0.625/MERRA2/2019/07/MERRA2.20190701.A3cld.05x0625.nc4
2067.892,hit,false,0.000,0,314.236,287,GEOS_0.5x0.625/MERRA2/2019/07/MERRA2.20190701.A3cld.05x0625.nc4
2067.918,hit,false,0.000,0,314.262,287,GEOS_0.5x0.625/MERRA2/2019/07/MERRA2.20190701.A3cld.05x0625.nc4
2067.941,hit,false,0.000,0,314.285,287,GEOS_0.5x0.625/MERRA2/2019/07/MERRA2.20190701.A3cld.05x0625.nc4
2067.976,hit,false,0.000,0,314.320,287,GEOS_0.5x0.625/MERRA2/2019/07/MERRA2.20190701.A3cld.05x0625.nc4
2067.999,hit,false,0.000,0,314.399,288,GEOS_0.5x0.625/MERRA2/2019/07/MERRA2.20190701.A3cld.05x0625.nc4
2068.033,hit,false,0.000,0,314.433,288,GEOS_0.5x0.625/MERRA2/2019/07/MERRA2.20190701.A3cld.05x0625.nc4
2068.067,hit,false,0.000,0,314.466,288,GEOS_0.5x0.625/MERRA2/2019/07/MERRA2.20190701.A3cld.05x0625.nc4
2068.091,hit,false,0.000,0,314.491,288,GEOS_0.5x0.625/MERRA2/2019/07/MERRA2.20190701.A3cld.05x0625.nc4
2068.125,hit,false,0.000,0,314.524,288,GEOS_0.5x0.625/MERRA2/2019/07/MERRA2.20190701.A3cld.05x0625.nc4
2068.148,hit,false,0.000,0,314.547,288,GEOS_0.5x0.625/MERRA2/2019/07/MERRA2.20190701.A3cld.05x0625.nc4
2068.185,hit,false,0.000,0,314.584,288,GEOS_0.5x0.625/MERRA2/2019/07/MERRA2.20190701.A3cld.05x0625.nc4
2068.204,hit,false,0.000,0,314.604,288,GEOS_0.5x0.625/MERRA2/2019/07/MERRA2.20190701.A3cld.05x0625.nc4
2068.244,hit,false,0.000,0,314.634,289,GEOS_0.5x0.625/MERRA2/2019/07/MERRA2.20190701.A3cld.05x0625.nc4
2068.272,hit,false,0.000,0,314.662,289,GEOS_0.5x0.625/MERRA2/2019/07/MERRA2.20190701.A3cld.05x0625.nc4
2068.305,hit,false,0.000,0,314.696,289,GEOS_0.5x0.625/MERRA2/2019/07/MERRA2.20190701.A3cld.05x0625.nc4
2068.330,hit,false,0.000,0,314.720,289,GEOS_0.5x0.625/MERRA2/2019/07/MERRA2.20190701.A3cld.05x0625.nc4
2068.382,hit,false,0.000,0,314.773,289,GEOS_0.5x0.625/MERRA2/2019/07/MERRA2.20190701.A3cld.05x0625.nc4
2068.405,hit,false,0.000,0,314.795,289,GEOS_0.5x0.625/MERRA2/2019/07/MERRA2.20190701.A3cld.05x0625.nc4
2068.454,hit,false,0.000,0,314.844,289,GEOS_0.5x0.625/MERRA2/2019/07/MERRA2.20190701.A3cld.05x0625.nc4
2068.474,hit,false,0.000,0,314.864,289,GEOS_0.5x0.625/MERRA2/2019/07/MERRA2.20190701.A3cld.05x0625.nc4
2068.514,hit,false,0.000,0,314.901,290,GEOS_0.5x0.625/MERRA2/2019/07/MERRA2.20190701.A3cld.05x0625.nc4
2068.541,hit,false,0.000,0,314.927,290,GEOS_0.5x0.625/MERRA2/2019/07/MERRA2.20190701.A3cld.05x0625.nc4
2068.576,hit,false,0.000,0,314.963,290,GEOS_0.5x0.625/MERRA2/2019/07/MERRA2.20190701.A3cld.05x0625.nc4
2068.599,hit,false,0.000,0,314.986,290,GEOS_0.5x0.625/MERRA2/2019/07/MERRA2.20190701.A3cld.05x0625.nc4
2068.634,hit,false,0.000,0,315.021,290,GEOS_0.5x0.625/MERRA2/2019/07/MERRA2.20190701.A3cld.05x0625.nc4
2068.660,hit,false,0.000,0,315.047,290,GEOS_0.5x0.625/MERRA2/2019/07/MERRA2.20190701.A3cld.05x0625.nc4
2068.694,hit,false,0.000,0,315.081,290,GEOS_0.5x0.625/MERRA2/2019/07/MERRA2.20190701.A3cld.05x0625.nc4
2068.719,hit,false,0.000,0,315.105,290,GEOS_0.5x0.625/MERRA2/2019/07/MERRA2.20190701.A3cld.05x0625.nc4
2068.761,hit,false,0.000,0,315.146,291,GEOS_0.5x0.625/MERRA2/2019/07/MERRA2.20190701.A3cld.05x0625.nc4
2068.788,hit,false,0.000,0,315.173,291,GEOS_0.5x0.625/MERRA2/2019/07/MERRA2.20190701.A3cld.05x0625.nc4
2068.839,hit,false,0.000,0,315.223,291,GEOS_0.5x0.625/MERRA2/2019/07/MERRA2.20190701.A3cld.05x0625.nc4
2068.861,hit,false,0.000,0,315.246,291,GEOS_0.5x0.625/MERRA2/2019/07/MERRA2.20190701.A3cld.05x0625.nc4
2068.905,hit,false,0.000,0,315.290,291,GEOS_0.5x0.625/MERRA2/2019/07/MERRA2.20190701.A3cld.05x0625.nc4
2068.928,hit,false,0.000,0,315.313,291,GEOS_0.5x0.625/MERRA2/2019/07/MERRA2.20190701.A3cld.05x0625.nc4
2068.962,hit,false,0.000,0,315.347,291,GEOS_0.5x0.625/MERRA2/2019/07/MERRA2.20190701.A3cld.05x0625.nc4
2068.988,hit,false,0.000,0,315.373,291,GEOS_0.5x0.625/MERRA2/2019/07/MERRA2.20190701.A3cld.05x0625.nc4
2069.017,hit,false,0.000,0,315.400,292,GEOS_0.5x0.625/MERRA2/2019/07/MERRA2.20190701.A3cld.05x0625.nc4
2069.045,hit,false,0.000,0,315.427,292,GEOS_0.5x0.625/MERRA2/2019/07/MERRA2.20190701.A3cld.05x0625.nc4
2069.077,hit,false,0.000,0,315.460,292,GEOS_0.5x0.625/MERRA2/2019/07/MERRA2.20190701.A3cld.05x0625.nc4
2069.103,hit,false,0.000,0,315.486,292,GEOS_0.5x0.625/MERRA2/2019/07/MERRA2.20190701.A3cld.05x0625.nc4
2069.205,hit,false,0.000,0,315.587,292,GEOS_0.5x0.625/MERRA2/2019/07/MERRA2.20190701.A3cld.05x0625.nc4
2069.226,hit,false,0.000,0,315.609,292,GEOS_0.5x0.625/MERRA2/2019/07/MERRA2.20190701.A3cld.05x0625.nc4
2069.266,hit,false,0.000,0,315.649,292,GEOS_0.5x0.625/MERRA2/2019/07/MERRA2.20190701.A3cld.05x0625.nc4
2069.287,hit,false,0.000,0,315.670,292,GEOS_0.5x0.625/MERRA2/2019/07/MERRA2.20190701.A3cld.05x0625.nc4
2069.326,hit,false,0.000,0,315.707,293,GEOS_0.5x0.625/MERRA2/2019/07/MERRA2.20190701.A3cld.05x0625.nc4
2069.351,hit,false,0.000,0,315.732,293,GEOS_0.5x0.625/MERRA2/2019/07/MERRA2.20190701.A3cld.05x0625.nc4
2069.386,hit,false,0.000,0,315.767,293,GEOS_0.5x0.625/MERRA2/2019/07/MERRA2.20190701.A3cld.05x0625.nc4
2069.409,hit,false,0.000,0,315.790,293,GEOS_0.5x0.625/MERRA2/2019/07/MERRA2.20190701.A3cld.05x0625.nc4
2069.440,hit,false,0.000,0,315.821,293,GEOS_0.5x0.625/MERRA2/2019/07/MERRA2.20190701.A3cld.05x0625.nc4
2069.465,hit,false,0.000,0,315.846,293,GEOS_0.5x0.625/MERRA2/2019/07/MERRA2.20190701.A3cld.05x0625.nc4
2069.496,hit,false,0.000,0,315.877,293,GEOS_0.5x0.625/MERRA2/2019/07/MERRA2.20190701.A3cld.05x0625.nc4
2069.521,hit,false,0.000,0,315.902,293,GEOS_0.5x0.625/MERRA2/2019/07/MERRA2.20190701.A3cld.05x0625.nc4
2069.550,hit,false,0.000,0,315.929,294,GEOS_0.5x0.625/MERRA2/2019/07/MERRA2.20190701.A3cld.05x0625.nc4
2069.576,hit,false,0.000,0,315.956,294,GEOS_0.5x0.625/MERRA2/2019/07/MERRA2.20190701.A3cld.05x0625.nc4
2069.609,hit,false,0.000,0,315.988,294,GEOS_0.5x0.625/MERRA2/2019/07/MERRA2.20190701.A3cld.05x0625.nc4
2069.637,hit,false,0.000,0,316.016,294,GEOS_0.5x0.625/MERRA2/2019/07/MERRA2.20190701.A3cld.05x0625.nc4
2069.668,hit,false,0.000,0,316.047,294,GEOS_0.5x0.625/MERRA2/2019/07/MERRA2.20190701.A3cld.05x0625.nc4
2069.691,hit,false,0.000,0,316.070,294,GEOS_0.5x0.625/MERRA2/2019/07/MERRA2.20190701.A3cld.05x0625.nc4
2069.723,hit,false,0.000,0,316.102,294,GEOS_0.5x0.625/MERRA2/2019/07/MERRA2.20190701.A3cld.05x0625.nc4
2069.752,hit,false,0.000,0,316.131,294,GEOS_0.5x0.625/MERRA2/2019/07/MERRA2.20190701.A3cld.05x0625.nc4
2069.775,hit,false,0.000,0,316.152,295,GEOS_0.5x0.625/MERRA2/2019/07/MERRA2.20190701.A3cld.05x0625.nc4
2069.818,hit,false,0.000,0,316.195,295,GEOS_0.5x0.625/MERRA2/2019/07/MERRA2.20190701.A3cld.05x0625.nc4
2069.840,hit,false,0.000,0,316.218,295,GEOS_0.5x0.625/MERRA2/2019/07/MERRA2.20190701.A3cld.05x0625.nc4
2069.872,hit,false,0.000,0,316.249,295,GEOS_0.5x0.625/MERRA2/2019/07/MERRA2.20190701.A3cld.05x0625.nc4
2069.897,hit,false,0.000,0,316.274,295,GEOS_0.5x0.625/MERRA2/2019/07/MERRA2.20190701.A3cld.05x0625.nc4
2069.927,hit,false,0.000,0,316.304,295,GEOS_0.5x0.625/MERRA2/2019/07/MERRA2.20190701.A3cld.05x0625.nc4
2069.955,hit,false,0.000,0,316.333,295,GEOS_0.5x0.625/MERRA2/2019/07/MERRA2.20190701.A3cld.05x0625.nc4
2069.984,hit,false,0.000,0,316.362,295,GEOS_0.5x0.625/MERRA2/2019/07/MERRA2.20190701.A3cld.05x0625.nc4
2070.013,hit,false,0.000,0,316.486,296,GEOS_0.5x0.625/MERRA2/2019/07/MERRA2.20190701.A3cld.05x0625.nc4
2070.038,hit,false,0.000,0,316.512,296,GEOS_0.5x0.625/MERRA2/2019/07/MERRA2.20190701.A3cld.05x0625.nc4
2070.103,hit,false,0.000,0,316.577,296,GEOS_0.5x0.625/MERRA2/2019/07/MERRA2.20190701.A3cld.05x0625.nc4
2070.170,hit,false,0.000,0,316.643,296,GEOS_0.5x0.625/MERRA2/2019/07/MERRA2.20190701.A3cld.05x0625.nc4
2070.192,hit,false,0.000,0,316.666,296,GEOS_0.5x0.625/MERRA2/2019/07/MERRA2.20190701.A3cld.05x0625.nc4
2070.235,hit,false,0.000,0,316.709,296,GEOS_0.5x0.625/MERRA2/2019/07/MERRA2.20190701.A3cld.05x0625.nc4
2070.259,hit,false,0.000,0,316.732,296,GEOS_0.5x0.625/MERRA2/2019/07/MERRA2.20190701.A3cld.05x0625.nc4
2070.295,hit,false,0.000,0,316.769,296,GEOS_0.5x0.625/MERRA2/2019/07/MERRA2.20190701.A3cld.05x0625.nc4
2070.318,hit,false,0.000,0,316.784,297,GEOS_0.5x0.625/MERRA2/2019/07/MERRA2.20190701.A3cld.05x0625.nc4
2070.354,hit,false,0.000,0,316.820,297,GEOS_0.5x0.625/MERRA2/2019/07/MERRA2.20190701.A3cld.05x0625.nc4
2070.380,hit,false,0.000,0,316.845,297,GEOS_0.5x0.625/MERRA2/2019/07/MERRA2.20190701.A3cld.05x0625.nc4
2070.413,hit,false,0.000,0,316.878,297,GEOS_0.5x0.625/MERRA2/2019/07/MERRA2.20190701.A3cld.05x0625.nc4
2070.436,hit,false,0.000,0,316.901,297,GEOS_0.5x0.625/MERRA2/2019/07/MERRA2.20190701.A3cld.05x0625.nc4
2070.469,hit,false,0.000,0,316.935,297,GEOS_0.5x0.625/MERRA2/2019/07/MERRA2.20190701.A3cld.05x0625.nc4
2070.496,hit,false,0.000,0,316.962,297,GEOS_0.5x0.625/MERRA2/2019/07/MERRA2.20190701.A3cld.05x0625.nc4
2070.526,hit,false,0.000,0,316.991,297,GEOS_0.5x0.625/MERRA2/2019/07/MERRA2.20190701.A3cld.05x0625.nc4
2070.557,hit,false,0.000,0,317.020,298,GEOS_0.5x0.625/MERRA2/2019/07/MERRA2.20190701.A3cld.05x0625.nc4
2070.589,hit,false,0.000,0,317.051,298,GEOS_0.5x0.625/MERRA2/2019/07/MERRA2.20190701.A3cld.05x0625.nc4
2070.622,hit,false,0.000,0,317.084,298,GEOS_0.5x0.625/MERRA2/2019/07/MERRA2.20190701.A3cld.05x0625.nc4
2070.651,hit,false,0.000,0,317.114,298,GEOS_0.5x0.625/MERRA2/2019/07/MERRA2.20190701.A3cld.05x0625.nc4
2070.683,hit,false,0.000,0,317.146,298,GEOS_0.5x0.625/MERRA2/2019/07/MERRA2.20190701.A3cld.05x0625.nc4
2070.714,hit,false,0.000,0,317.176,298,GEOS_0.5x0.625/MERRA2/2019/07/MERRA2.20190701.A3cld.05x0625.nc4
2070.746,hit,false,0.000,0,317.208,298,GEOS_0.5x0.625/MERRA2/2019/07/MERRA2.20190701.A3cld.05x0625.nc4
2070.775,hit,false,0.000,0,317.237,298,GEOS_0.5x0.625/MERRA2/2019/07/MERRA2.20190701.A3cld.05x0625.nc4
2070.806,hit,false,0.000,0,317.266,299,GEOS_0.5x0.625/MERRA2/2019/07/MERRA2.20190701.A3cld.05x0625.nc4
2070.837,hit,false,0.000,0,317.297,299,GEOS_0.5x0.625/MERRA2/2019/07/MERRA2.20190701.A3cld.05x0625.nc4
2070.866,hit,false,0.000,0,317.326,299,GEOS_0.5x0.625/MERRA2/2019/07/MERRA2.20190701.A3cld.05x0625.nc4
2070.894,hit,false,0.000,0,317.354,299,GEOS_0.5x0.625/MERRA2/2019/07/MERRA2.20190701.A3cld.05x0625.nc4
2070.925,hit,false,0.000,0,317.385,299,GEOS_0.5x0.625/MERRA2/2019/07/MERRA2.20190701.A3cld.05x0625.nc4
2070.953,hit,false,0.000,0,317.413,299,GEOS_0.5x0.625/MERRA2/2019/07/MERRA2.20190701.A3cld.05x0625.nc4
2070.981,hit,false,0.000,0,317.441,299,GEOS_0.5x0.625/MERRA2/2019/07/MERRA2.20190701.A3cld.05x0625.nc4
2071.013,hit,false,0.000,0,317.473,299,GEOS_0.5x0.625/MERRA2/2019/07/MERRA2.20190701.A3cld.05x0625.nc4
2071.042,hit,false,0.000,0,317.500,300,GEOS_0.5x0.625/MERRA2/2019/07/MERRA2.20190701.A3cld.05x0625.nc4
2071.080,hit,false,0.000,0,317.538,300,GEOS_0.5x0.625/MERRA2/2019/07/MERRA2.20190701.A3cld.05x0625.nc4
2071.112,hit,false,0.000,0,317.570,300,GEOS_0.5x0.625/MERRA2/2019/07/MERRA2.20190701.A3cld.05x0625.nc4
2071.209,hit,false,0.000,0,317.667,300,GEOS_0.5x0.625/MERRA2/2019/07/MERRA2.20190701.A3cld.05x0625.nc4
2071.231,hit,false,0.000,0,317.689,300,GEOS_0.5x0.625/MERRA2/2019/07/MERRA2.20190701.A3cld.05x0625.nc4
2071.272,hit,false,0.000,0,317.730,300,GEOS_0.5x0.625/MERRA2/2019/07/MERRA2.20190701.A3cld.05x0625.nc4
2071.295,hit,false,0.000,0,317.753,300,GEOS_0.5x0.625/MERRA2/2019/07/MERRA2.20190701.A3cld.05x0625.nc4
2071.329,hit,false,0.000,0,317.787,300,GEOS_0.5x0.625/MERRA2/2019/07/MERRA2.20190701.A3cld.05x0625.nc4
2071.354,hit,false,0.000,0,317.810,301,GEOS_0.5x0.625/MERRA2/2019/07/MERRA2.20190701.A3cld.05x0625.nc4
2071.396,hit,false,0.000,0,317.852,301,GEOS_0.5x0.625/MERRA2/2019/07/MERRA2.20190701.A3cld.05x0625.nc4
2071.418,hit,false,0.000,0,317.874,301,GEOS_0.5x0.625/MERRA2/2019/07/MERRA2.20190701.A3cld.05x0625.nc4
2071.457,hit,false,0.000,0,317.913,301,GEOS_0.5x0.625/MERRA2/2019/07/MERRA2.20190701.A3cld.05x0625.nc4
2071.479,hit,false,0.000,0,317.935,301,GEOS_0.5x0.625/MERRA2/2019/07/MERRA2.20190701.A3cld.05x0625.nc4
2071.513,hit,false,0.000,0,317.969,301,GEOS_0.5x0.625/MERRA2/2019/07/MERRA2.20190701.A3cld.05x0625.nc4
2071.539,hit,false,0.000,0,317.995,301,GEOS_0.5x0.625/MERRA2/2019/07/MERRA2.20190701.A3cld.05x0625.nc4
2071.571,hit,false,0.000,0,318.027,301,GEOS_0.5x0.625/MERRA2/2019/07/MERRA2.20190701.A3cld.05x0625.nc4
2071.596,hit,false,0.000,0,318.050,302,GEOS_0.5x0.625/MERRA2/2019/07/MERRA2.20190701.A3cld.05x0625.nc4
2071.632,hit,false,0.000,0,318.086,302,GEOS_0.5x0.625/MERRA2/2019/07/MERRA2.20190701.A3cld.05x0625.nc4
2071.658,hit,false,0.000,0,318.112,302,GEOS_0.5x0.625/MERRA2/2019/07/MERRA2.20190701.A3cld.05x0625.nc4
2071.692,hit,false,0.000,0,318.146,302,GEOS_0.5x0.625/MERRA2/2019/07/MERRA2.20190701.A3cld.05x0625.nc4
2071.715,hit,false,0.000,0,318.169,302,GEOS_0.5x0.625/MERRA2/2019/07/MERRA2.20190701.A3cld.05x0625.nc4
2071.763,hit,false,0.000,0,318.217,302,GEOS_0.5x0.625/MERRA2/2019/07/MERRA2.20190701.A3cld.05x0625.nc4
2071.785,hit,false,0.000,0,318.239,302,GEOS_0.5x0.625/MERRA2/2019/07/MERRA2.20190701.A3cld.05x0625.nc4
2071.820,hit,false,0.000,0,318.274,302,GEOS_0.5x0.625/MERRA2/2019/07/MERRA2.20190701.A3cld.05x0625.nc4
2071.843,hit,false,0.000,0,318.295,303,GEOS_0.5x0.625/MERRA2/2019/07/MERRA2.20190701.A3cld.05x0625.nc4
2071.880,hit,false,0.000,0,318.332,303,GEOS_0.5x0.625/MERRA2/2019/07/MERRA2.20190701.A3cld.05x0625.nc4
2071.903,hit,false,0.000,0,318.356,303,GEOS_0.5x0.625/MERRA2/2019/07/MERRA2.20190701.A3cld.05x0625.nc4
2071.937,hit,false,0.000,0,318.390,303,GEOS_0.5x0.625/MERRA2/2019/07/MERRA2.20190701.A3cld.05x0625.nc4
2071.960,hit,false,0.000,0,318.412,303,GEOS_0.5x0.625/MERRA2/2019/07/MERRA2.20190701.A3cld.05x0625.nc4
2071.993,hit,false,0.000,0,318.445,303,GEOS_0.5x0.625/MERRA2/2019/07/MERRA2.20190701.A3cld.05x0625.nc4
2072.017,hit,false,0.000,0,318.470,303,GEOS_0.5x0.625/MERRA2/2019/07/MERRA2.20190701.A3cld.05x0625.nc4
2072.048,hit,false,0.000,0,318.501,303,GEOS_0.5x0.625/MERRA2/2019/07/MERRA2.20190701.A3cld.05x0625.nc4
2072.075,hit,false,0.000,0,318.547,304,GEOS_0.5x0.625/MERRA2/2019/07/MERRA2.20190701.A3cld.05x0625.nc4
2072.109,hit,false,0.000,0,318.581,304,GEOS_0.5x0.625/MERRA2/2019/07/MERRA2.20190701.A3cld.05x0625.nc4
2072.144,hit,false,0.000,0,318.616,304,GEOS_0.5x0.625/MERRA2/2019/07/MERRA2.20190701.A3cld.05x0625.nc4
2072.170,hit,false,0.000,0,318.642,304,GEOS_0.5x0.625/MERRA2/2019/07/MERRA2.20190701.A3cld.05x0625.nc4
2072.200,hit,false,0.000,0,318.673,304,GEOS_0.5x0.625/MERRA2/2019/07/MERRA2.20190701.A3cld.05x0625.nc4
2072.230,hit,false,0.000,0,318.702,304,GEOS_0.5x0.625/MERRA2/2019/07/MERRA2.20190701.A3cld.05x0625.nc4
2072.262,hit,false,0.000,0,318.734,304,GEOS_0.5x0.625/MERRA2/2019/07/MERRA2.20190701.A3cld.05x0625.nc4
2072.285,hit,false,0.000,0,318.758,304,GEOS_0.5x0.625/MERRA2/2019/07/MERRA2.20190701.A3cld.05x0625.nc4
2072.323,hit,false,0.000,0,318.792,305,GEOS_0.5x0.625/MERRA2/2019/07/MERRA2.20190701.A3cld.05x0625.nc4
2072.348,hit,false,0.000,0,318.817,305,GEOS_0.5x0.625/MERRA2/2019/07/MERRA2.20190701.A3cld.05x0625.nc4
2072.384,hit,false,0.000,0,318.853,305,GEOS_0.5x0.625/MERRA2/2019/07/MERRA2.20190701.A3cld.05x0625.nc4
2072.410,hit,false,0.000,0,318.878,305,GEOS_0.5x0.625/MERRA2/2019/07/MERRA2.20190701.A3cld.05x0625.nc4
2072.443,hit,false,0.000,0,318.911,305,GEOS_0.5x0.625/MERRA2/2019/07/MERRA2.20190701.A3cld.05x0625.nc4
2072.467,hit,false,0.000,0,318.935,305,GEOS_0.5x0.625/MERRA2/2019/07/MERRA2.20190701.A3cld.05x0625.nc4
2072.503,hit,false,0.000,0,318.972,305,GEOS_0.5x0.625/MERRA2/2019/07/MERRA2.20190701.A3cld.05x0625.nc4
2072.526,hit,false,0.000,0,318.995,305,GEOS_0.5x0.625/MERRA2/2019/07/MERRA2.20190701.A3cld.05x0625.nc4
2072.567,hit,false,0.000,0,319.034,306,GEOS_0.5x0.625/MERRA2/2019/07/MERRA2.20190701.A3cld.05x0625.nc4
2072.592,hit,false,0.000,0,319.058,306,GEOS_0.5x0.625/MERRA2/2019/07/MERRA2.20190701.A3cld.05x0625.nc4
2072.632,hit,false,0.000,0,319.098,306,GEOS_0.5x0.625/MERRA2/2019/07/MERRA2.20190701.A3cld.05x0625.nc4
2072.655,hit,false,0.000,0,319.122,306,GEOS_0.5x0.625/MERRA2/2019/07/MERRA2.20190701.A3cld.05x0625.nc4
2072.695,hit,false,0.000,0,319.162,306,GEOS_0.5x0.625/MERRA2/2019/07/MERRA2.20190701.A3cld.05x0625.nc4
2072.718,hit,false,0.000,0,319.184,306,GEOS_0.5x0.625/MERRA2/2019/07/MERRA2.20190701.A3cld.05x0625.nc4
2072.750,hit,false,0.000,0,319.216,306,GEOS_0.5x0.625/MERRA2/2019/07/MERRA2.20190701.A3cld.05x0625.nc4
2072.775,hit,false,0.000,0,319.242,306,GEOS_0.5x0.625/MERRA2/2019/07/MERRA2.20190701.A3cld.05x0625.nc4
2072.807,hit,false,0.000,0,319.272,307,GEOS_0.5x0.625/MERRA2/2019/07/MERRA2.20190701.A3cld.05x0625.nc4
2072.834,hit,false,0.000,0,319.298,307,GEOS_0.5x0.625/MERRA2/2019/07/MERRA2.20190701.A3cld.05x0625.nc4
2072.866,hit,false,0.000,0,319.330,307,GEOS_0.5x0.625/MERRA2/2019/07/MERRA2.20190701.A3cld.05x0625.nc4
2072.891,hit,false,0.000,0,319.356,307,GEOS_0.5x0.625/MERRA2/2019/07/MERRA2.20190701.A3cld.05x0625.nc4
2072.925,hit,false,0.000,0,319.390,307,GEOS_0.5x0.625/MERRA2/2019/07/MERRA2.20190701.A3cld.05x0625.nc4
2072.958,hit,false,0.000,0,319.423,307,GEOS_0.5x0.625/MERRA2/2019/07/MERRA2.20190701.A3cld.05x0625.nc4
2073.001,hit,false,0.000,0,319.466,307,GEOS_0.5x0.625/MERRA2/2019/07/MERRA2.20190701.A3cld.05x0625.nc4
2073.024,hit,false,0.000,0,319.488,307,GEOS_0.5x0.625/MERRA2/2019/07/MERRA2.20190701.A3cld.05x0625.nc4
2073.064,hit,false,0.000,0,319.527,308,GEOS_0.5x0.625/MERRA2/2019/07/MERRA2.20190701.A3cld.05x0625.nc4
2073.088,hit,false,0.000,0,319.551,308,GEOS_0.5x0.625/MERRA2/2019/07/MERRA2.20190701.A3cld.05x0625.nc4
2073.198,hit,false,0.000,0,319.661,308,GEOS_0.5x0.625/MERRA2/2019/07/MERRA2.20190701.A3cld.05x0625.nc4
2073.221,hit,false,0.000,0,319.683,308,GEOS_0.5x0.625/MERRA2/2019/07/MERRA2.20190701.A3cld.05x0625.nc4
2073.255,hit,false,0.000,0,319.717,308,GEOS_0.5x0.625/MERRA2/2019/07/MERRA2.20190701.A3cld.05x0625.nc4
2073.280,hit,false,0.000,0,319.742,308,GEOS_0.5x0.625/MERRA2/2019/07/MERRA2.20190701.A3cld.05x0625.nc4
2073.317,hit,false,0.000,0,319.779,308,GEOS_0.5x0.625/MERRA2/2019/07/MERRA2.20190701.A3cld.05x0625.nc4
2073.339,hit,false,0.000,0,319.802,308,GEOS_0.5x0.625/MERRA2/2019/07/MERRA2.20190701.A3cld.05x0625.nc4
2073.378,hit,false,0.000,0,319.838,309,GEOS_0.5x0.625/MERRA2/2019/07/MERRA2.20190701.A3cld.05x0625.nc4
2073.402,hit,false,0.000,0,319.863,309,GEOS_0.5x0.625/MERRA2/2019/07/MERRA2.20190701.A3cld.05x0625.nc4
2073.443,hit,false,0.000,0,319.903,309,GEOS_0.5x0.625/MERRA2/2019/07/MERRA2.20190701.A3cld.05x0625.nc4
2073.466,hit,false,0.000,0,319.926,309,GEOS_0.5x0.625/MERRA2/2019/07/MERRA2.20190701.A3cld.05x0625.nc4
2073.501,hit,false,0.000,0,319.961,309,GEOS_0.5x0.625/MERRA2/2019/07/MERRA2.20190701.A3cld.05x0625.nc4
2073.523,hit,false,0.000,0,319.983,309,GEOS_0.5x0.625/MERRA2/2019/07/MERRA2.20190701.A3cld.05x0625.nc4
2073.558,hit,false,0.000,0,320.018,309,GEOS_0.5x0.625/MERRA2/2019/07/MERRA2.20190701.A3cld.05x0625.nc4
2073.584,hit,false,0.000,0,320.044,309,GEOS_0.5x0.625/MERRA2/2019/07/MERRA2.20190701.A3cld.05x0625.nc4
2073.620,hit,false,0.000,0,320.079,310,GEOS_0.5x0.625/MERRA2/2019/07/MERRA2.20190701.A3cld.05x0625.nc4
2073.646,hit,false,0.000,0,320.104,310,GEOS_0.5x0.625/MERRA2/2019/07/MERRA2.20190701.A3cld.05x0625.nc4
2073.679,hit,false,0.000,0,320.137,310,GEOS_0.5x0.625/MERRA2/2019/07/MERRA2.20190701.A3cld.05x0625.nc4
2073.708,hit,false,0.000,0,320.167,310,GEOS_0.5x0.625/MERRA2/2019/07/MERRA2.20190701.A3cld.05x0625.nc4
2073.740,hit,false,0.000,0,320.198,310,GEOS_0.5x0.625/MERRA2/2019/07/MERRA2.20190701.A3cld.05x0625.nc4
2073.771,hit,false,0.000,0,320.229,310,GEOS_0.5x0.625/MERRA2/2019/07/MERRA2.20190701.A3cld.05x0625.nc4
2073.796,hit,false,0.000,0,320.254,310,GEOS_0.5x0.625/MERRA2/2019/07/MERRA2.20190701.A3cld.05x0625.nc4
2073.828,hit,false,0.000,0,320.286,310,GEOS_0.5x0.625/MERRA2/2019/07/MERRA2.20190701.A3cld.05x0625.nc4
2073.854,hit,false,0.000,0,320.310,311,GEOS_0.5x0.625/MERRA2/2019/07/MERRA2.20190701.A3cld.05x0625.nc4
2073.886,hit,false,0.000,0,320.342,311,GEOS_0.5x0.625/MERRA2/2019/07/MERRA2.20190701.A3cld.05x0625.nc4
2073.909,hit,false,0.000,0,320.366,311,GEOS_0.5x0.625/MERRA2/2019/07/MERRA2.20190701.A3cld.05x0625.nc4
2073.944,hit,false,0.000,0,320.400,311,GEOS_0.5x0.625/MERRA2/2019/07/MERRA2.20190701.A3cld.05x0625.nc4
2073.969,hit,false,0.000,0,320.425,311,GEOS_0.5x0.625/MERRA2/2019/07/MERRA2.20190701.A3cld.05x0625.nc4
2074.000,hit,false,0.000,0,320.456,311,GEOS_0.5x0.625/MERRA2/2019/07/MERRA2.20190701.A3cld.05x0625.nc4
2074.024,hit,false,0.000,0,320.480,311,GEOS_0.5x0.625/MERRA2/2019/07/MERRA2.20190701.A3cld.05x0625.nc4
2074.061,hit,false,0.000,0,320.517,311,GEOS_0.5x0.625/MERRA2/2019/07/MERRA2.20190701.A3cld.05x0625.nc4
2074.085,hit,false,0.000,0,320.534,312,GEOS_0.5x0.625/MERRA2/2019/07/MERRA2.20190701.A3cld.05x0625.nc4
2074.120,hit,false,0.000,0,320.569,312,GEOS_0.5x0.625/MERRA2/2019/07/MERRA2.20190701.A3cld.05x0625.nc4
2074.154,hit,false,0.000,0,320.603,312,GEOS_0.5x0.625/MERRA2/2019/07/MERRA2.20190701.A3cld.05x0625.nc4
2074.180,hit,false,0.000,0,320.629,312,GEOS_0.5x0.625/MERRA2/2019/07/MERRA2.20190701.A3cld.05x0625.nc4
2074.210,hit,false,0.000,0,320.659,312,GEOS_0.5x0.625/MERRA2/2019/07/MERRA2.20190701.A3cld.05x0625.nc4
2074.232,hit,false,0.000,0,320.681,312,GEOS_0.5x0.625/MERRA2/2019/07/MERRA2.20190701.A3cld.05x0625.nc4
2074.267,hit,false,0.000,0,320.717,312,GEOS_0.5x0.625/MERRA2/2019/07/MERRA2.20190701.A3cld.05x0625.nc4
2074.292,hit,false,0.000,0,320.741,312,GEOS_0.5x0.625/MERRA2/2019/07/MERRA2.20190701.A3cld.05x0625.nc4
2074.331,hit,false,0.000,0,320.777,313,GEOS_0.5x0.625/MERRA2/2019/07/MERRA2.20190701.A3cld.05x0625.nc4
2074.356,hit,false,0.000,0,320.802,313,GEOS_0.5x0.625/MERRA2/2019/07/MERRA2.20190701.A3cld.05x0625.nc4
2074.399,hit,false,0.000,0,320.845,313,GEOS_0.5x0.625/MERRA2/2019/07/MERRA2.20190701.A3cld.05x0625.nc4
2074.420,hit,false,0.000,0,320.867,313,GEOS_0.5x0.625/MERRA2/2019/07/MERRA2.20190701.A3cld.05x0625.nc4
2074.463,hit,false,0.000,0,320.909,313,GEOS_0.5x0.625/MERRA2/2019/07/MERRA2.20190701.A3cld.05x0625.nc4
2074.485,hit,false,0.000,0,320.932,313,GEOS_0.5x0.625/MERRA2/2019/07/MERRA2.20190701.A3cld.05x0625.nc4
2074.518,hit,false,0.000,0,320.965,313,GEOS_0.5x0.625/MERRA2/2019/07/MERRA2.20190701.A3cld.05x0625.nc4
2074.544,hit,false,0.000,0,320.991,313,GEOS_0.5x0.625/MERRA2/2019/07/MERRA2.20190701.A3cld.05x0625.nc4
2074.580,hit,false,0.000,0,321.024,314,GEOS_0.5x0.625/MERRA2/2019/07/MERRA2.20190701.A3cld.05x0625.nc4
2074.606,hit,false,0.000,0,321.050,314,GEOS_0.5x0.625/MERRA2/2019/07/MERRA2.20190701.A3cld.05x0625.nc4
2074.640,hit,false,0.000,0,321.085,314,GEOS_0.5x0.625/MERRA2/2019/07/MERRA2.20190701.A3cld.05x0625.nc4
2074.666,hit,false,0.000,0,321.111,314,GEOS_0.5x0.625/MERRA2/2019/07/MERRA2.20190701.A3cld.05x0625.nc4
2074.699,hit,false,0.000,0,321.144,314,GEOS_0.5x0.625/MERRA2/2019/07/MERRA2.20190701.A3cld.05x0625.nc4
2074.724,hit,false,0.000,0,321.169,314,GEOS_0.5x0.625/MERRA2/2019/07/MERRA2.20190701.A3cld.05x0625.nc4
2074.762,hit,false,0.000,0,321.206,314,GEOS_0.5x0.625/MERRA2/2019/07/MERRA2.20190701.A3cld.05x0625.nc4
2074.783,hit,false,0.000,0,321.228,314,GEOS_0.5x0.625/MERRA2/2019/07/MERRA2.20190701.A3cld.05x0625.nc4
2074.823,hit,false,0.000,0,321.106,315,GEOS_0.5x0.625/MERRA2/2019/07/MERRA2.20190701.A3cld.05x0625.nc4
2074.847,hit,false,0.000,0,321.130,315,GEOS_0.5x0.625/MERRA2/2019/07/MERRA2.20190701.A3cld.05x0625.nc4
2074.890,hit,false,0.000,0,321.172,315,GEOS_0.5x0.625/MERRA2/2019/07/MERRA2.20190701.A3cld.05x0625.nc4
2074.912,hit,false,0.000,0,321.195,315,GEOS_0.5x0.625/MERRA2/2019/07/MERRA2.20190701.A3cld.05x0625.nc4
2074.944,hit,false,0.000,0,321.227,315,GEOS_0.5x0.625/MERRA2/2019/07/MERRA2.20190701.A3cld.05x0625.nc4
2074.970,hit,false,0.000,0,321.253,315,GEOS_0.5x0.625/MERRA2/2019/07/MERRA2.20190701.A3cld.05x0625.nc4
2074.989,hit,false,0.000,0,321.272,315,GEOS_0.5x0.625/MERRA2/2019/07/MERRA2.20190701.A3cld.05x0625.nc4
2075.037,hit,false,0.000,0,321.320,315,GEOS_0.5x0.625/MERRA2/2019/07/MERRA2.20190701.A3cld.05x0625.nc4
2075.059,hit,false,0.000,0,321.331,316,GEOS_0.5x0.625/MERRA2/2019/07/MERRA2.20190701.A3cld.05x0625.nc4
2075.175,hit,false,0.000,0,321.446,316,GEOS_0.5x0.625/MERRA2/2019/07/MERRA2.20190701.A3cld.05x0625.nc4
2075.197,hit,false,0.000,0,321.468,316,GEOS_0.5x0.625/MERRA2/2019/07/MERRA2.20190701.A3cld.05x0625.nc4
2075.232,hit,false,0.000,0,321.503,316,GEOS_0.5x0.625/MERRA2/2019/07/MERRA2.20190701.A3cld.05x0625.nc4
2075.257,hit,false,0.000,0,321.528,316,GEOS_0.5x0.625/MERRA2/2019/07/MERRA2.20190701.A3cld.05x0625.nc4
2075.287,hit,false,0.000,0,321.558,316,GEOS_0.5x0.625/MERRA2/2019/07/MERRA2.20190701.A3cld.05x0625.nc4
2075.311,hit,false,0.000,0,321.583,316,GEOS_0.5x0.625/MERRA2/2019/07/MERRA2.20190701.A3cld.05x0625.nc4
2075.345,hit,false,0.000,0,321.616,316,GEOS_0.5x0.625/MERRA2/2019/07/MERRA2.20190701.A3cld.05x0625.nc4
2075.373,hit,false,0.000,0,321.643,317,GEOS_0.5x0.625/MERRA2/2019/07/MERRA2.20190701.A3cld.05x0625.nc4
2075.406,hit,false,0.000,0,321.676,317,GEOS_0.5x0.625/MERRA2/2019/07/MERRA2.20190701.A3cld.05x0625.nc4
2075.430,hit,false,0.000,0,321.699,317,GEOS_0.5x0.625/MERRA2/2019/07/MERRA2.20190701.A3cld.05x0625.nc4
2075.462,hit,false,0.000,0,321.731,317,GEOS_0.5x0.625/MERRA2/2019/07/MERRA2.20190701.A3cld.05x0625.nc4
2075.491,hit,false,0.000,0,321.760,317,GEOS_0.5x0.625/MERRA2/2019/07/MERRA2.20190701.A3cld.05x0625.nc4
2075.520,hit,false,0.000,0,321.789,317,GEOS_0.5x0.625/MERRA2/2019/07/MERRA2.20190701.A3cld.05x0625.nc4
2075.551,hit,false,0.000,0,321.820,317,GEOS_0.5x0.625/MERRA2/2019/07/MERRA2.20190701.A3cld.05x0625.nc4
2075.574,hit,false,0.000,0,321.844,317,GEOS_0.5x0.625/MERRA2/2019/07/MERRA2.20190701.A3cld.05x0625.nc4
2075.609,hit,false,0.000,0,321.877,318,GEOS_0.5x0.625/MERRA2/2019/07/MERRA2.20190701.A3cld.05x0625.nc4
2075.638,hit,false,0.000,0,321.906,318,GEOS_0.5x0.625/MERRA2/2019/07/MERRA2.20190701.A3cld.05x0625.nc4
2075.669,hit,false,0.000,0,321.937,318,GEOS_0.5x0.625/MERRA2/2019/07/MERRA2.20190701.A3cld.05x0625.nc4
2075.694,hit,false,0.000,0,321.962,318,GEOS_0.5x0.625/MERRA2/2019/07/MERRA2.20190701.A3cld.05x0625.nc4
2075.723,hit,false,0.000,0,321.991,318,GEOS_0.5x0.625/MERRA2/2019/07/MERRA2.20190701.A3cld.05x0625.nc4
2075.748,hit,false,0.000,0,322.016,318,GEOS_0.5x0.625/MERRA2/2019/07/MERRA2.20190701.A3cld.05x0625.nc4
2075.782,hit,false,0.000,0,322.050,318,GEOS_0.5x0.625/MERRA2/2019/07/MERRA2.20190701.A3cld.05x0625.nc4
2075.804,hit,false,0.000,0,322.072,318,GEOS_0.5x0.625/MERRA2/2019/07/MERRA2.20190701.A3cld.05x0625.nc4
2075.836,hit,false,0.000,0,322.102,319,GEOS_0.5x0.625/MERRA2/2019/07/MERRA2.20190701.A3cld.05x0625.nc4
2075.864,hit,false,0.000,0,322.131,319,GEOS_0.5x0.625/MERRA2/2019/07/MERRA2.20190701.A3cld.05x0625.nc4
2075.895,hit,false,0.000,0,322.162,319,GEOS_0.5x0.625/MERRA2/2019/07/MERRA2.20190701.A3cld.05x0625.nc4
2075.925,hit,false,0.000,0,322.191,319,GEOS_0.5x0.625/MERRA2/2019/07/MERRA2.20190701.A3cld.05x0625.nc4
2075.954,hit,false,0.000,0,322.220,319,GEOS_0.5x0.625/MERRA2/2019/07/MERRA2.20190701.A3cld.05x0625.nc4
2075.983,hit,false,0.000,0,322.249,319,GEOS_0.5x0.625/MERRA2/2019/07/MERRA2.20190701.A3cld.05x0625.nc4
2076.011,hit,false,0.000,0,322.278,319,GEOS_0.5x0.625/MERRA2/2019/07/MERRA2.20190701.A3cld.05x0625.nc4
2076.042,hit,false,0.000,0,322.308,319,GEOS_0.5x0.625/MERRA2/2019/07/MERRA2.20190701.A3cld.05x0625.nc4
2076.070,hit,false,0.000,0,322.512,320,GEOS_0.5x0.625/MERRA2/2019/07/MERRA2.20190701.A3cld.05x0625.nc4
2076.102,hit,false,0.000,0,322.544,320,GEOS_0.5x0.625/MERRA2/2019/07/MERRA2.20190701.A3cld.05x0625.nc4
2076.136,hit,false,0.000,0,322.578,320,GEOS_0.5x0.625/MERRA2/2019/07/MERRA2.20190701.A3cld.05x0625.nc4
2076.161,hit,false,0.000,0,322.603,320,GEOS_0.5x0.625/MERRA2/2019/07/MERRA2.20190701.A3cld.05x0625.nc4
2076.194,hit,false,0.000,0,322.636,320,GEOS_0.5x0.625/MERRA2/2019/07/MERRA2.20190701.A3cld.05x0625.nc4
2076.222,hit,false,0.000,0,322.664,320,GEOS_0.5x0.625/MERRA2/2019/07/MERRA2.20190701.A3cld.05x0625.nc4
2076.252,hit,false,0.000,0,322.694,320,GEOS_0.5x0.625/MERRA2/2019/07/MERRA2.20190701.A3cld.05x0625.nc4
2076.283,hit,false,0.000,0,322.725,320,GEOS_0.5x0.625/MERRA2/2019/07/MERRA2.20190701.A3cld.05x0625.nc4
2076.306,hit,false,0.000,0,322.734,321,GEOS_0.5x0.625/MERRA2/2019/07/MERRA2.20190701.A3cld.05x0625.nc4
2076.342,hit,false,0.000,0,322.770,321,GEOS_0.5x0.625/MERRA2/2019/07/MERRA2.20190701.A3cld.05x0625.nc4
2076.369,hit,false,0.000,0,322.797,321,GEOS_0.5x0.625/MERRA2/2019/07/MERRA2.20190701.A3cld.05x0625.nc4
2076.400,hit,false,0.000,0,322.828,321,GEOS_0.5x0.625/MERRA2/2019/07/MERRA2.20190701.A3cld.05x0625.nc4
2076.430,hit,false,0.000,0,322.858,321,GEOS_0.5x0.625/MERRA2/2019/07/MERRA2.20190701.A3cld.05x0625.nc4
2076.459,hit,false,0.000,0,322.887,321,GEOS_0.5x0.625/MERRA2/2019/07/MERRA2.20190701.A3cld.05x0625.nc4
2076.491,hit,false,0.000,0,322.919,321,GEOS_0.5x0.625/MERRA2/2019/07/MERRA2.20190701.A3cld.05x0625.nc4
2076.518,hit,false,0.000,0,322.946,321,GEOS_0.5x0.625/MERRA2/2019/07/MERRA2.20190701.A3cld.05x0625.nc4
2076.549,hit,false,0.000,0,322.975,322,GEOS_0.5x0.625/MERRA2/2019/07/MERRA2.20190701.A3cld.05x0625.nc4
2076.576,hit,false,0.000,0,323.002,322,GEOS_0.5x0.625/MERRA2/2019/07/MERRA2.20190701.A3cld.05x0625.nc4
2076.610,hit,false,0.000,0,323.036,322,GEOS_0.5x0.625/MERRA2/2019/07/MERRA2.20190701.A3cld.05x0625.nc4
2076.636,hit,false,0.000,0,323.062,322,GEOS_0.5x0.625/MERRA2/2019/07/MERRA2.20190701.A3cld.05x0625.nc4
2076.667,hit,false,0.000,0,323.093,322,GEOS_0.5x0.625/MERRA2/2019/07/MERRA2.20190701.A3cld.05x0625.nc4
2076.691,hit,false,0.000,0,323.118,322,GEOS_0.5x0.625/MERRA2/2019/07/MERRA2.20190701.A3cld.05x0625.nc4
2076.723,hit,false,0.000,0,323.149,322,GEOS_0.5x0.625/MERRA2/2019/07/MERRA2.20190701.A3cld.05x0625.nc4
2076.749,hit,false,0.000,0,323.175,322,GEOS_0.5x0.625/MERRA2/2019/07/MERRA2.20190701.A3cld.05x0625.nc4
2076.782,hit,false,0.000,0,323.203,323,GEOS_0.5x0.625/MERRA2/2019/07/MERRA2.20190701.A3cld.05x0625.nc4
2076.807,hit,false,0.000,0,323.228,323,GEOS_0.5x0.625/MERRA2/2019/07/MERRA2.20190701.A3cld.05x0625.nc4
2076.838,hit,false,0.000,0,323.258,323,GEOS_0.5x0.625/MERRA2/2019/07/MERRA2.20190701.A3cld.05x0625.nc4
2076.864,hit,false,0.000,0,323.284,323,GEOS_0.5x0.625/MERRA2/2019/07/MERRA2.20190701.A3cld.05x0625.nc4
2076.896,hit,false,0.000,0,323.316,323,GEOS_0.5x0.625/MERRA2/2019/07/MERRA2.20190701.A3cld.05x0625.nc4
2076.921,hit,false,0.000,0,323.342,323,GEOS_0.5x0.625/MERRA2/2019/07/MERRA2.20190701.A3cld.05x0625.nc4
2076.955,hit,false,0.000,0,323.375,323,GEOS_0.5x0.625/MERRA2/2019/07/MERRA2.20190701.A3cld.05x0625.nc4
2076.977,hit,false,0.000,0,323.398,323,GEOS_0.5x0.625/MERRA2/2019/07/MERRA2.20190701.A3cld.05x0625.nc4
2077.085,hit,false,0.000,0,323.504,324,GEOS_0.5x0.625/MERRA2/2019/07/MERRA2.20190701.A3cld.05x0625.nc4
2077.109,hit,false,0.000,0,323.527,324,GEOS_0.5x0.625/MERRA2/2019/07/MERRA2.20190701.A3cld.05x0625.nc4
2077.148,hit,false,0.000,0,323.567,324,GEOS_0.5x0.625/MERRA2/2019/07/MERRA2.20190701.A3cld.05x0625.nc4
2077.171,hit,false,0.000,0,323.589,324,GEOS_0.5x0.625/MERRA2/2019/07/MERRA2.20190701.A3cld.05x0625.nc4
2077.209,hit,false,0.000,0,323.627,324,GEOS_0.5x0.625/MERRA2/2019/07/MERRA2.20190701.A3cld.05x0625.nc4
2077.231,hit,false,0.000,0,323.649,324,GEOS_0.5x0.625/MERRA2/2019/07/MERRA2.20190701.A3cld.05x0625.nc4
2077.264,hit,false,0.000,0,323.682,324,GEOS_0.5x0.625/MERRA2/2019/07/MERRA2.20190701.A3cld.05x0625.nc4
2077.289,hit,false,0.000,0,323.707,324,GEOS_0.5x0.625/MERRA2/2019/07/MERRA2.20190701.A3cld.05x0625.nc4
2077.321,hit,false,0.000,0,323.738,325,GEOS_0.5x0.625/MERRA2/2019/07/MERRA2.20190701.A3cld.05x0625.nc4
2077.349,hit,false,0.000,0,323.766,325,GEOS_0.5x0.625/MERRA2/2019/07/MERRA2.20190701.A3cld.05x0625.nc4
2077.382,hit,false,0.000,0,323.799,325,GEOS_0.5x0.625/MERRA2/2019/07/MERRA2.20190701.A3cld.05x0625.nc4
2077.409,hit,false,0.000,0,323.826,325,GEOS_0.5x0.625/MERRA2/2019/07/MERRA2.20190701.A3cld.05x0625.nc4
2077.443,hit,false,0.000,0,323.860,325,GEOS_0.5x0.625/MERRA2/2019/07/MERRA2.20190701.A3cld.05x0625.nc4
2077.467,hit,false,0.000,0,323.884,325,GEOS_0.5x0.625/MERRA2/2019/07/MERRA2.20190701.A3cld.05x0625.nc4
2077.500,hit,false,0.000,0,323.917,325,GEOS_0.5x0.625/MERRA2/2019/07/MERRA2.20190701.A3cld.05x0625.nc4
2077.529,hit,false,0.000,0,323.946,325,GEOS_0.5x0.625/MERRA2/2019/07/MERRA2.20190701.A3cld.05x0625.nc4
2077.558,hit,false,0.000,0,323.973,326,GEOS_0.5x0.625/MERRA2/2019/07/MERRA2.20190701.A3cld.05x0625.nc4
2077.591,hit,false,0.000,0,324.006,326,GEOS_0.5x0.625/MERRA2/2019/07/MERRA2.20190701.A3cld.05x0625.nc4
2077.619,hit,false,0.000,0,324.034,326,GEOS_0.5x0.625/MERRA2/2019/07/MERRA2.20190701.A3cld.05x0625.nc4
2077.649,hit,false,0.000,0,324.064,326,GEOS_0.5x0.625/MERRA2/2019/07/MERRA2.20190701.A3cld.05x0625.nc4
2077.679,hit,false,0.000,0,324.095,326,GEOS_0.5x0.625/MERRA2/2019/07/MERRA2.20190701.A3cld.05x0625.nc4
2077.709,hit,false,0.000,0,324.124,326,GEOS_0.5x0.625/MERRA2/2019/07/MERRA2.20190701.A3cld.05x0625.nc4
2077.740,hit,false,0.000,0,324.155,326,GEOS_0.5x0.625/MERRA2/2019/07/MERRA2.20190701.A3cld.05x0625.nc4
2077.764,hit,false,0.000,0,324.179,326,GEOS_0.5x0.625/MERRA2/2019/07/MERRA2.20190701.A3cld.05x0625.nc4
2077.793,hit,false,0.000,0,324.189,327,GEOS_0.5x0.625/MERRA2/2019/07/MERRA2.20190701.A3cld.05x0625.nc4
2077.820,hit,false,0.000,0,324.216,327,GEOS_0.5x0.625/MERRA2/2019/07/MERRA2.20190701.A3cld.05x0625.nc4
2077.853,hit,false,0.000,0,324.249,327,GEOS_0.5x0.625/MERRA2/2019/07/MERRA2.20190701.A3cld.05x0625.nc4
2077.878,hit,false,0.000,0,324.274,327,GEOS_0.5x0.625/MERRA2/2019/07/MERRA2.20190701.A3cld.05x0625.nc4
2077.909,hit,false,0.000,0,324.305,327,GEOS_0.5x0.625/MERRA2/2019/07/MERRA2.20190701.A3cld.05x0625.nc4
2077.934,hit,false,0.000,0,324.330,327,GEOS_0.5x0.625/MERRA2/2019/07/MERRA2.20190701.A3cld.05x0625.nc4
2077.968,hit,false,0.000,0,324.364,327,GEOS_0.5x0.625/MERRA2/2019/07/MERRA2.20190701.A3cld.05x0625.nc4
2077.991,hit,false,0.000,0,324.387,327,GEOS_0.5x0.625/MERRA2/2019/07/MERRA2.20190701.A3cld.05x0625.nc4
2078.033,hit,false,0.000,0,324.513,328,GEOS_0.5x0.625/MERRA2/2019/07/MERRA2.20190701.A3cld.05x0625.nc4
2078.057,hit,false,0.000,0,324.538,328,GEOS_0.5x0.625/MERRA2/2019/07/MERRA2.20190701.A3cld.05x0625.nc4
2078.109,hit,false,0.000,0,324.590,328,GEOS_0.5x0.625/MERRA2/2019/07/MERRA2.20190701.A3cld.05x0625.nc4
2078.131,hit,false,0.000,0,324.611,328,GEOS_0.5x0.625/MERRA2/2019/07/MERRA2.20190701.A3cld.05x0625.nc4
2078.176,hit,false,0.000,0,324.656,328,GEOS_0.5x0.625/MERRA2/2019/07/MERRA2.20190701.A3cld.05x0625.nc4
2078.196,hit,false,0.000,0,324.676,328,GEOS_0.5x0.625/MERRA2/2019/07/MERRA2.20190701.A3cld.05x0625.nc4
2078.234,hit,false,0.000,0,324.714,328,GEOS_0.5x0.625/MERRA2/2019/07/MERRA2.20190701.A3cld.05x0625.nc4
2078.260,hit,false,0.000,0,324.740,328,GEOS_0.5x0.625/MERRA2/2019/07/MERRA2.20190701.A3cld.05x0625.nc4
2078.284,hit,false,0.000,0,324.593,329,GEOS_0.5x0.625/MERRA2/2019/07/MERRA2.20190701.A3cld.05x0625.nc4
2078.318,hit,false,0.000,0,324.626,329,GEOS_0.5x0.625/MERRA2/2019/07/MERRA2.20190701.A3cld.05x0625.nc4
2078.345,hit,false,0.000,0,324.653,329,GEOS_0.5x0.625/MERRA2/2019/07/MERRA2.20190701.A3cld.05x0625.nc4
2078.376,hit,false,0.000,0,324.684,329,GEOS_0.5x0.625/MERRA2/2019/07/MERRA2.20190701.A3cld.05x0625.nc4
2078.409,hit,false,0.000,0,324.718,329,GEOS_0.5x0.625/MERRA2/2019/07/MERRA2.20190701.A3cld.05x0625.nc4
2078.433,hit,false,0.000,0,324.741,329,GEOS_0.5x0.625/MERRA2/2019/07/MERRA2.20190701.A3cld.05x0625.nc4
2078.474,hit,false,0.000,0,324.782,329,GEOS_0.5x0.625/MERRA2/2019/07/MERRA2.20190701.A3cld.05x0625.nc4
2078.496,hit,false,0.000,0,324.804,329,GEOS_0.5x0.625/MERRA2/2019/07/MERRA2.20190701.A3cld.05x0625.nc4
2078.536,hit,false,0.000,0,324.316,330,GEOS_0.5x0.625/MERRA2/2019/07/MERRA2.20190701.A3cld.05x0625.nc4
2078.562,hit,false,0.000,0,324.342,330,GEOS_0.5x0.625/MERRA2/2019/07/MERRA2.20190701.A3cld.05x0625.nc4
2078.598,hit,false,0.000,0,324.378,330,GEOS_0.5x0.625/MERRA2/2019/07/MERRA2.20190701.A3cld.05x0625.nc4
2078.620,hit,false,0.000,0,324.400,330,GEOS_0.5x0.625/MERRA2/2019/07/MERRA2.20190701.A3cld.05x0625.nc4
2078.654,hit,false,0.000,0,324.434,330,GEOS_0.5x0.625/MERRA2/2019/07/MERRA2.20190701.A3cld.05x0625.nc4
2078.680,hit,false,0.000,0,324.460,330,GEOS_0.5x0.625/MERRA2/2019/07/MERRA2.20190701.A3cld.05x0625.nc4
2078.716,hit,false,0.000,0,324.496,330,GEOS_0.5x0.625/MERRA2/2019/07/MERRA2.20190701.A3cld.05x0625.nc4
2078.740,hit,false,0.000,0,324.520,330,GEOS_0.5x0.625/MERRA2/2019/07/MERRA2.20190701.A3cld.05x0625.nc4
2078.775,hit,false,0.000,0,324.553,331,GEOS_0.5x0.625/MERRA2/2019/07/MERRA2.20190701.A3cld.05x0625.nc4
2078.803,hit,false,0.000,0,324.581,331,GEOS_0.5x0.625/MERRA2/2019/07/MERRA2.20190701.A3cld.05x0625.nc4
2078.832,hit,false,0.000,0,324.610,331,GEOS_0.5x0.625/MERRA2/2019/07/MERRA2.20190701.A3cld.05x0625.nc4
2078.858,hit,false,0.000,0,324.636,331,GEOS_0.5x0.625/MERRA2/2019/07/MERRA2.20190701.A3cld.05x0625.nc4
2078.882,hit,false,0.000,0,324.660,331,GEOS_0.5x0.625/MERRA2/2019/07/MERRA2.20190701.A3cld.05x0625.nc4
2078.917,hit,false,0.000,0,324.696,331,GEOS_0.5x0.625/MERRA2/2019/07/MERRA2.20190701.A3cld.05x0625.nc4
2078.943,hit,false,0.000,0,324.721,331,GEOS_0.5x0.625/MERRA2/2019/07/MERRA2.20190701.A3cld.05x0625.nc4
2079.044,hit,false,0.000,0,324.822,331,GEOS_0.5x0.625/MERRA2/2019/07/MERRA2.20190701.A3cld.05x0625.nc4
2079.066,hit,false,0.000,0,324.843,332,GEOS_0.5x0.625/MERRA2/2019/07/MERRA2.20190701.A3cld.05x0625.nc4
2079.114,hit,false,0.000,0,324.891,332,GEOS_0.5x0.625/MERRA2/2019/07/MERRA2.20190701.A3cld.05x0625.nc4
2079.140,hit,false,0.000,0,324.917,332,GEOS_0.5x0.625/MERRA2/2019/07/MERRA2.20190701.A3cld.05x0625.nc4
2079.173,hit,false,0.000,0,324.949,332,GEOS_0.5x0.625/MERRA2/2019/07/MERRA2.20190701.A3cld.05x0625.nc4
2079.197,hit,false,0.000,0,324.973,332,GEOS_0.5x0.625/MERRA2/2019/07/MERRA2.20190701.A3cld.05x0625.nc4
2079.239,hit,false,0.000,0,325.015,332,GEOS_0.5x0.625/MERRA2/2019/07/MERRA2.20190701.A3cld.05x0625.nc4
2079.261,hit,false,0.000,0,325.037,332,GEOS_0.5x0.625/MERRA2/2019/07/MERRA2.20190701.A3cld.05x0625.nc4
2079.299,hit,false,0.000,0,325.076,332,GEOS_0.5x0.625/MERRA2/2019/07/MERRA2.20190701.A3cld.05x0625.nc4
2079.322,hit,false,0.000,0,325.097,333,GEOS_0.5x0.625/MERRA2/2019/07/MERRA2.20190701.A3cld.05x0625.nc4
2079.360,hit,false,0.000,0,325.135,333,GEOS_0.5x0.625/MERRA2/2019/07/MERRA2.20190701.A3cld.05x0625.nc4
2079.386,hit,false,0.000,0,325.161,333,GEOS_0.5x0.625/MERRA2/2019/07/MERRA2.20190701.A3cld.05x0625.nc4
2079.420,hit,false,0.000,0,325.195,333,GEOS_0.5x0.625/MERRA2/2019/07/MERRA2.20190701.A3cld.05x0625.nc4
2079.444,hit,false,0.000,0,325.219,333,GEOS_0.5x0.625/MERRA2/2019/07/MERRA2.20190701.A3cld.05x0625.nc4
2079.484,hit,false,0.000,0,325.259,333,GEOS_0.5x0.625/MERRA2/2019/07/MERRA2.20190701.A3cld.05x0625.nc4
2079.506,hit,false,0.000,0,325.281,333,GEOS_0.5x0.625/MERRA2/2019/07/MERRA2.20190701.A3cld.05x0625.nc4
2079.546,hit,false,0.000,0,325.321,333,GEOS_0.5x0.625/MERRA2/2019/07/MERRA2.20190701.A3cld.05x0625.nc4
2079.568,hit,false,0.000,0,325.342,334,GEOS_0.5x0.625/MERRA2/2019/07/MERRA2.20190701.A3cld.05x0625.nc4
2079.607,hit,false,0.000,0,325.380,334,GEOS_0.5x0.625/MERRA2/2019/07/MERRA2.20190701.A3cld.05x0625.nc4
2079.633,hit,false,0.000,0,325.406,334,GEOS_0.5x0.625/MERRA2/2019/07/MERRA2.20190701.A3cld.05x0625.nc4
2079.664,hit,false,0.000,0,325.437,334,GEOS_0.5x0.625/MERRA2/2019/07/MERRA2.20190701.A3cld.05x0625.nc4
2079.696,hit,false,0.000,0,325.469,334,GEOS_0.5x0.625/MERRA2/2019/07/MERRA2.20190701.A3cld.05x0625.nc4
2079.727,hit,false,0.000,0,325.501,334,GEOS_0.5x0.625/MERRA2/2019/07/MERRA2.20190701.A3cld.05x0625.nc4
2079.756,hit,false,0.000,0,325.530,334,GEOS_0.5x0.625/MERRA2/2019/07/MERRA2.20190701.A3cld.05x0625.nc4
2079.795,hit,false,0.000,0,325.568,334,GEOS_0.5x0.625/MERRA2/2019/07/MERRA2.20190701.A3cld.05x0625.nc4
2079.819,hit,false,0.000,0,325.591,335,GEOS_0.5x0.625/MERRA2/2019/07/MERRA2.20190701.A3cld.05x0625.nc4
2079.854,hit,false,0.000,0,325.625,335,GEOS_0.5x0.625/MERRA2/2019/07/MERRA2.20190701.A3cld.05x0625.nc4
2079.878,hit,false,0.000,0,325.649,335,GEOS_0.5x0.625/MERRA2/2019/07/MERRA2.20190701.A3cld.05x0625.nc4
2079.910,hit,false,0.000,0,325.682,335,GEOS_0.5x0.625/MERRA2/2019/07/MERRA2.20190701.A3cld.05x0625.nc4
2079.935,hit,false,0.000,0,325.706,335,GEOS_0.5x0.625/MERRA2/2019/07/MERRA2.20190701.A3cld.05x0625.nc4
2079.968,hit,false,0.000,0,325.740,335,GEOS_0.5x0.625/MERRA2/2019/07/MERRA2.20190701.A3cld.05x0625.nc4
2079.997,hit,false,0.000,0,325.768,335,GEOS_0.5x0.625/MERRA2/2019/07/MERRA2.20190701.A3cld.05x0625.nc4
2080.030,hit,false,0.000,0,325.801,335,GEOS_0.5x0.625/MERRA2/2019/07/MERRA2.20190701.A3cld.05x0625.nc4
2080.059,hit,false,0.000,0,326.448,336,GEOS_0.5x0.625/MERRA2/2019/07/MERRA2.20190701.A3cld.05x0625.nc4
2080.090,hit,false,0.000,0,326.479,336,GEOS_0.5x0.625/MERRA2/2019/07/MERRA2.20190701.A3cld.05x0625.nc4
2080.134,hit,false,0.000,0,326.524,336,GEOS_0.5x0.625/MERRA2/2019/07/MERRA2.20190701.A3cld.05x0625.nc4
2080.155,hit,false,0.000,0,326.544,336,GEOS_0.5x0.625/MERRA2/2019/07/MERRA2.20190701.A3cld.05x0625.nc4
2080.196,hit,false,0.000,0,326.586,336,GEOS_0.5x0.625/MERRA2/2019/07/MERRA2.20190701.A3cld.05x0625.nc4
2080.219,hit,false,0.000,0,326.608,336,GEOS_0.5x0.625/MERRA2/2019/07/MERRA2.20190701.A3cld.05x0625.nc4
2080.259,hit,false,0.000,0,326.649,336,GEOS_0.5x0.625/MERRA2/2019/07/MERRA2.20190701.A3cld.05x0625.nc4
2080.283,hit,false,0.000,0,326.673,336,GEOS_0.5x0.625/MERRA2/2019/07/MERRA2.20190701.A3cld.05x0625.nc4
2080.321,hit,false,0.000,0,326.708,337,GEOS_0.5x0.625/MERRA2/2019/07/MERRA2.20190701.A3cld.05x0625.nc4
2080.347,hit,false,0.000,0,326.734,337,GEOS_0.5x0.625/MERRA2/2019/07/MERRA2.20190701.A3cld.05x0625.nc4
2080.381,hit,false,0.000,0,326.768,337,GEOS_0.5x0.625/MERRA2/2019/07/MERRA2.20190701.A3cld.05x0625.nc4
2080.407,hit,false,0.000,0,326.794,337,GEOS_0.5x0.625/MERRA2/2019/07/MERRA2.20190701.A3cld.05x0625.nc4
2080.445,hit,false,0.000,0,326.832,337,GEOS_0.5x0.625/MERRA2/2019/07/MERRA2.20190701.A3cld.05x0625.nc4
2080.467,hit,false,0.000,0,326.854,337,GEOS_0.5x0.625/MERRA2/2019/07/MERRA2.20190701.A3cld.05x0625.nc4
2080.502,hit,false,0.000,0,326.889,337,GEOS_0.5x0.625/MERRA2/2019/07/MERRA2.20190701.A3cld.05x0625.nc4
2080.530,hit,false,0.000,0,326.917,337,GEOS_0.5x0.625/MERRA2/2019/07/MERRA2.20190701.A3cld.05x0625.nc4
2080.561,hit,false,0.000,0,326.945,338,GEOS_0.5x0.625/MERRA2/2019/07/MERRA2.20190701.A3cld.05x0625.nc4
2080.586,hit,false,0.000,0,326.971,338,GEOS_0.5x0.625/MERRA2/2019/07/MERRA2.20190701.A3cld.05x0625.nc4
2080.616,hit,false,0.000,0,327.000,338,GEOS_0.5x0.625/MERRA2/2019/07/MERRA2.20190701.A3cld.05x0625.nc4
2080.641,hit,false,0.000,0,327.026,338,GEOS_0.5x0.625/MERRA2/2019/07/MERRA2.20190701.A3cld.05x0625.nc4
2080.670,hit,false,0.000,0,327.055,338,GEOS_0.5x0.625/MERRA2/2019/07/MERRA2.20190701.A3cld.05x0625.nc4
2080.692,hit,false,0.000,0,327.077,338,GEOS_0.5x0.625/MERRA2/2019/07/MERRA2.20190701.A3cld.05x0625.nc4
2080.725,hit,false,0.000,0,327.109,338,GEOS_0.5x0.625/MERRA2/2019/07/MERRA2.20190701.A3cld.05x0625.nc4
2080.749,hit,false,0.000,0,327.134,338,GEOS_0.5x0.625/MERRA2/2019/07/MERRA2.20190701.A3cld.05x0625.nc4
2080.781,hit,false,0.000,0,327.163,339,GEOS_0.5x0.625/MERRA2/2019/07/MERRA2.20190701.A3cld.05x0625.nc4
2080.806,hit,false,0.000,0,327.188,339,GEOS_0.5x0.625/MERRA2/2019/07/MERRA2.20190701.A3cld.05x0625.nc4
2080.846,hit,false,0.000,0,327.228,339,GEOS_0.5x0.625/MERRA2/2019/07/MERRA2.20190701.A3cld.05x0625.nc4
2080.868,hit,false,0.000,0,327.250,339,GEOS_0.5x0.625/MERRA2/2019/07/MERRA2.20190701.A3cld.05x0625.nc4
2080.907,hit,false,0.000,0,327.289,339,GEOS_0.5x0.625/MERRA2/2019/07/MERRA2.20190701.A3cld.05x0625.nc4
2080.929,hit,false,0.000,0,327.311,339,GEOS_0.5x0.625/MERRA2/2019/07/MERRA2.20190701.A3cld.05x0625.nc4
2081.037,hit,false,0.000,0,327.419,339,GEOS_0.5x0.625/MERRA2/2019/07/MERRA2.20190701.A3cld.05x0625.nc4
2081.059,hit,false,0.000,0,327.441,339,GEOS_0.5x0.625/MERRA2/2019/07/MERRA2.20190701.A3cld.05x0625.nc4
2081.096,hit,false,0.000,0,327.477,340,GEOS_0.5x0.625/MERRA2/2019/07/MERRA2.20190701.A3cld.05x0625.nc4
2081.122,hit,false,0.000,0,327.502,340,GEOS_0.5x0.625/MERRA2/2019/07/MERRA2.20190701.A3cld.05x0625.nc4
2081.162,hit,false,0.000,0,327.542,340,GEOS_0.5x0.625/MERRA2/2019/07/MERRA2.20190701.A3cld.05x0625.nc4
2081.185,hit,false,0.000,0,327.565,340,GEOS_0.5x0.625/MERRA2/2019/07/MERRA2.20190701.A3cld.05x0625.nc4
2081.223,hit,false,0.000,0,327.604,340,GEOS_0.5x0.625/MERRA2/2019/07/MERRA2.20190701.A3cld.05x0625.nc4
2081.246,hit,false,0.000,0,327.627,340,GEOS_0.5x0.625/MERRA2/2019/07/MERRA2.20190701.A3cld.05x0625.nc4
2081.280,hit,false,0.000,0,327.660,340,GEOS_0.5x0.625/MERRA2/2019/07/MERRA2.20190701.A3cld.05x0625.nc4
2081.306,hit,false,0.000,0,327.686,340,GEOS_0.5x0.625/MERRA2/2019/07/MERRA2.20190701.A3cld.05x0625.nc4
2081.345,hit,false,0.000,0,327.723,341,GEOS_0.5x0.625/MERRA2/2019/07/MERRA2.20190701.A3cld.05x0625.nc4
2081.372,hit,false,0.000,0,327.750,341,GEOS_0.5x0.625/MERRA2/2019/07/MERRA2.20190701.A3cld.05x0625.nc4
2081.411,hit,false,0.000,0,327.788,341,GEOS_0.5x0.625/MERRA2/2019/07/MERRA2.20190701.A3cld.05x0625.nc4
2081.437,hit,false,0.000,0,327.815,341,GEOS_0.5x0.625/MERRA2/2019/07/MERRA2.20190701.A3cld.05x0625.nc4
2081.469,hit,false,0.000,0,327.846,341,GEOS_0.5x0.625/MERRA2/2019/07/MERRA2.20190701.A3cld.05x0625.nc4
2081.495,hit,false,0.000,0,327.873,341,GEOS_0.5x0.625/MERRA2/2019/07/MERRA2.20190701.A3cld.05x0625.nc4
2081.528,hit,false,0.000,0,327.906,341,GEOS_0.5x0.625/MERRA2/2019/07/MERRA2.20190701.A3cld.05x0625.nc4
2081.551,hit,false,0.000,0,327.929,341,GEOS_0.5x0.625/MERRA2/2019/07/MERRA2.20190701.A3cld.05x0625.nc4
2081.585,hit,false,0.000,0,327.961,342,GEOS_0.5x0.625/MERRA2/2019/07/MERRA2.20190701.A3cld.05x0625.nc4
2081.613,hit,false,0.000,0,327.989,342,GEOS_0.5x0.625/MERRA2/2019/07/MERRA2.20190701.A3cld.05x0625.nc4
2081.645,hit,false,0.000,0,328.021,342,GEOS_0.5x0.625/MERRA2/2019/07/MERRA2.20190701.A3cld.05x0625.nc4
2081.673,hit,false,0.000,0,328.048,342,GEOS_0.5x0.625/MERRA2/2019/07/MERRA2.20190701.A3cld.05x0625.nc4
2081.705,hit,false,0.000,0,328.081,342,GEOS_0.5x0.625/MERRA2/2019/07/MERRA2.20190701.A3cld.05x0625.nc4
2081.734,hit,false,0.000,0,328.110,342,GEOS_0.5x0.625/MERRA2/2019/07/MERRA2.20190701.A3cld.05x0625.nc4
2081.763,hit,false,0.000,0,328.139,342,GEOS_0.5x0.625/MERRA2/2019/07/MERRA2.20190701.A3cld.05x0625.nc4
2081.794,hit,false,0.000,0,328.170,342,GEOS_0.5x0.625/MERRA2/2019/07/MERRA2.20190701.A3cld.05x0625.nc4
2081.817,hit,false,0.000,0,328.191,343,GEOS_0.5x0.625/MERRA2/2019/07/MERRA2.20190701.A3cld.05x0625.nc4
2081.857,hit,false,0.000,0,328.231,343,GEOS_0.5x0.625/MERRA2/2019/07/MERRA2.20190701.A3cld.05x0625.nc4
2081.880,hit,false,0.000,0,328.254,343,GEOS_0.5x0.625/MERRA2/2019/07/MERRA2.20190701.A3cld.05x0625.nc4
2081.913,hit,false,0.000,0,328.287,343,GEOS_0.5x0.625/MERRA2/2019/07/MERRA2.20190701.A3cld.05x0625.nc4
2081.939,hit,false,0.000,0,328.313,343,GEOS_0.5x0.625/MERRA2/2019/07/MERRA2.20190701.A3cld.05x0625.nc4
2081.973,hit,false,0.000,0,328.347,343,GEOS_0.5x0.625/MERRA2/2019/07/MERRA2.20190701.A3cld.05x0625.nc4
2081.996,hit,false,0.000,0,328.370,343,GEOS_0.5x0.625/MERRA2/2019/07/MERRA2.20190701.A3cld.05x0625.nc4
2082.030,hit,false,0.000,0,328.404,343,GEOS_0.5x0.625/MERRA2/2019/07/MERRA2.20190701.A3cld.05x0625.nc4
2082.055,hit,false,0.000,0,328.487,344,GEOS_0.5x0.625/MERRA2/2019/07/MERRA2.20190701.A3cld.05x0625.nc4
2082.090,hit,false,0.000,0,328.523,344,GEOS_0.5x0.625/MERRA2/2019/07/MERRA2.20190701.A3cld.05x0625.nc4
2082.125,hit,false,0.000,0,328.558,344,GEOS_0.5x0.625/MERRA2/2019/07/MERRA2.20190701.A3cld.05x0625.nc4
2082.150,hit,false,0.000,0,328.583,344,GEOS_0.5x0.625/MERRA2/2019/07/MERRA2.20190701.A3cld.05x0625.nc4
2082.186,hit,false,0.000,0,328.618,344,GEOS_0.5x0.625/MERRA2/2019/07/MERRA2.20190701.A3cld.05x0625.nc4
2082.209,hit,false,0.000,0,328.642,344,GEOS_0.5x0.625/MERRA2/2019/07/MERRA2.20190701.A3cld.05x0625.nc4
2082.246,hit,false,0.000,0,328.679,344,GEOS_0.5x0.625/MERRA2/2019/07/MERRA2.20190701.A3cld.05x0625.nc4
2082.273,hit,false,0.000,0,328.706,344,GEOS_0.5x0.625/MERRA2/2019/07/MERRA2.20190701.A3cld.05x0625.nc4
2082.306,hit,false,0.000,0,328.732,345,GEOS_0.5x0.625/MERRA2/2019/07/MERRA2.20190701.A3cld.05x0625.nc4
2082.332,hit,false,0.000,0,328.759,345,GEOS_0.5x0.625/MERRA2/2019/07/MERRA2.20190701.A3cld.05x0625.nc4
2082.374,hit,false,0.000,0,328.801,345,GEOS_0.5x0.625/MERRA2/2019/07/MERRA2.20190701.A3cld.05x0625.nc4
2082.397,hit,false,0.000,0,328.823,345,GEOS_0.5x0.625/MERRA2/2019/07/MERRA2.20190701.A3cld.05x0625.nc4
2082.434,hit,false,0.000,0,328.861,345,GEOS_0.5x0.625/MERRA2/2019/07/MERRA2.20190701.A3cld.05x0625.nc4
2082.456,hit,false,0.000,0,328.883,345,GEOS_0.5x0.625/MERRA2/2019/07/MERRA2.20190701.A3cld.05x0625.nc4
2082.495,hit,false,0.000,0,328.922,345,GEOS_0.5x0.625/MERRA2/2019/07/MERRA2.20190701.A3cld.05x0625.nc4
2082.517,hit,false,0.000,0,328.944,345,GEOS_0.5x0.625/MERRA2/2019/07/MERRA2.20190701.A3cld.05x0625.nc4
2082.556,hit,false,0.000,0,328.980,346,GEOS_0.5x0.625/MERRA2/2019/07/MERRA2.20190701.A3cld.05x0625.nc4
2082.580,hit,false,0.000,0,329.004,346,GEOS_0.5x0.625/MERRA2/2019/07/MERRA2.20190701.A3cld.05x0625.nc4
2082.620,hit,false,0.000,0,329.045,346,GEOS_0.5x0.625/MERRA2/2019/07/MERRA2.20190701.A3cld.05x0625.nc4
2082.642,hit,false,0.000,0,329.067,346,GEOS_0.5x0.625/MERRA2/2019/07/MERRA2.20190701.A3cld.05x0625.nc4
2082.678,hit,false,0.000,0,329.103,346,GEOS_0.5x0.625/MERRA2/2019/07/MERRA2.20190701.A3cld.05x0625.nc4
2082.701,hit,false,0.000,0,329.126,346,GEOS_0.5x0.625/MERRA2/2019/07/MERRA2.20190701.A3cld.05x0625.nc4
2082.733,hit,false,0.000,0,329.158,346,GEOS_0.5x0.625/MERRA2/2019/07/MERRA2.20190701.A3cld.05x0625.nc4
2082.759,hit,false,0.000,0,329.183,346,GEOS_0.5x0.625/MERRA2/2019/07/MERRA2.20190701.A3cld.05x0625.nc4
2082.791,hit,false,0.000,0,329.213,347,GEOS_0.5x0.625/MERRA2/2019/07/MERRA2.20190701.A3cld.05x0625.nc4
2082.817,hit,false,0.000,0,329.239,347,GEOS_0.5x0.625/MERRA2/2019/07/MERRA2.20190701.A3cld.05x0625.nc4
2082.851,hit,false,0.000,0,329.273,347,GEOS_0.5x0.625/MERRA2/2019/07/MERRA2.20190701.A3cld.05x0625.nc4
2082.883,hit,false,0.000,0,329.305,347,GEOS_0.5x0.625/MERRA2/2019/07/MERRA2.20190701.A3cld.05x0625.nc4
2082.909,hit,false,0.000,0,329.331,347,GEOS_0.5x0.625/MERRA2/2019/07/MERRA2.20190701.A3cld.05x0625.nc4
2083.023,hit,false,0.000,0,329.445,347,GEOS_0.5x0.625/MERRA2/2019/07/MERRA2.20190701.A3cld.05x0625.nc4
2083.045,hit,false,0.000,0,329.467,347,GEOS_0.5x0.625/MERRA2/2019/07/MERRA2.20190701.A3cld.05x0625.nc4
2083.093,hit,false,0.000,0,329.515,347,GEOS_0.5x0.625/MERRA2/2019/07/MERRA2.20190701.A3cld.05x0625.nc4
2083.117,hit,false,0.000,0,329.537,348,GEOS_0.5x0.625/MERRA2/2019/07/MERRA2.20190701.A3cld.05x0625.nc4
2083.155,hit,false,0.000,0,329.575,348,GEOS_0.5x0.625/MERRA2/2019/07/MERRA2.20190701.A3cld.05x0625.nc4
2083.183,hit,false,0.000,0,329.602,348,GEOS_0.5x0.625/MERRA2/2019/07/MERRA2.20190701.A3cld.05x0625.nc4
2083.214,hit,false,0.000,0,329.634,348,GEOS_0.5x0.625/MERRA2/2019/07/MERRA2.20190701.A3cld.05x0625.nc4
2083.248,hit,false,0.000,0,329.667,348,GEOS_0.5x0.625/MERRA2/2019/07/MERRA2.20190701.A3cld.05x0625.nc4
2083.278,hit,false,0.000,0,329.697,348,GEOS_0.5x0.625/MERRA2/2019/07/MERRA2.20190701.A3cld.05x0625.nc4
2083.311,hit,false,0.000,0,329.730,348,GEOS_0.5x0.625/MERRA2/2019/07/MERRA2.20190701.A3cld.05x0625.nc4
2083.335,hit,false,0.000,0,329.755,348,GEOS_0.5x0.625/MERRA2/2019/07/MERRA2.20190701.A3cld.05x0625.nc4
2083.368,hit,false,0.000,0,329.786,349,GEOS_0.5x0.625/MERRA2/2019/07/MERRA2.20190701.A3cld.05x0625.nc4
2083.402,hit,false,0.000,0,329.820,349,GEOS_0.5x0.625/MERRA2/2019/07/MERRA2.20190701.A3cld.05x0625.nc4
2083.434,hit,false,0.000,0,329.851,349,GEOS_0.5x0.625/MERRA2/2019/07/MERRA2.20190701.A3cld.05x0625.nc4
2083.462,hit,false,0.000,0,329.880,349,GEOS_0.5x0.625/MERRA2/2019/07/MERRA2.20190701.A3cld.05x0625.nc4
2083.491,hit,false,0.000,0,329.909,349,GEOS_0.5x0.625/MERRA2/2019/07/MERRA2.20190701.A3cld.05x0625.nc4
2083.522,hit,false,0.000,0,329.939,349,GEOS_0.5x0.625/MERRA2/2019/07/MERRA2.20190701.A3cld.05x0625.nc4
2083.550,hit,false,0.000,0,329.968,349,GEOS_0.5x0.625/MERRA2/2019/07/MERRA2.20190701.A3cld.05x0625.nc4
2083.579,hit,false,0.000,0,329.997,349,GEOS_0.5x0.625/MERRA2/2019/07/MERRA2.20190701.A3cld.05x0625.nc4
2083.611,hit,false,0.000,0,330.027,350,GEOS_0.5x0.625/MERRA2/2019/07/MERRA2.20190701.A3cld.05x0625.nc4
2083.643,hit,false,0.000,0,330.058,350,GEOS_0.5x0.625/MERRA2/2019/07/MERRA2.20190701.A3cld.05x0625.nc4
2083.674,hit,false,0.000,0,330.090,350,GEOS_0.5x0.625/MERRA2/2019/07/MERRA2.20190701.A3cld.05x0625.nc4
2083.697,hit,false,0.000,0,330.112,350,GEOS_0.5x0.625/MERRA2/2019/07/MERRA2.20190701.A3cld.05x0625.nc4
2083.730,hit,false,0.000,0,330.145,350,GEOS_0.5x0.625/MERRA2/2019/07/MERRA2.20190701.A3cld.05x0625.nc4
2083.756,hit,false,0.000,0,330.171,350,GEOS_0.5x0.625/MERRA2/2019/07/MERRA2.20190701.A3cld.05x0625.nc4
2083.787,hit,false,0.000,0,330.202,350,GEOS_0.5x0.625/MERRA2/2019/07/MERRA2.20190701.A3cld.05x0625.nc4
2083.811,hit,false,0.000,0,330.226,350,GEOS_0.5x0.625/MERRA2/2019/07/MERRA2.20190701.A3cld.05x0625.nc4
2083.844,hit,false,0.000,0,330.256,351,GEOS_0.5x0.625/MERRA2/2019/07/MERRA2.20190701.A3cld.05x0625.nc4
2083.874,hit,false,0.000,0,330.286,351,GEOS_0.5x0.625/MERRA2/2019/07/MERRA2.20190701.A3cld.05x0625.nc4
2083.907,hit,false,0.000,0,330.319,351,GEOS_0.5x0.625/MERRA2/2019/07/MERRA2.20190701.A3cld.05x0625.nc4
2083.930,hit,false,0.000,0,330.342,351,GEOS_0.5x0.625/MERRA2/2019/07/MERRA2.20190701.A3cld.05x0625.nc4
2083.971,hit,false,0.000,0,330.383,351,GEOS_0.5x0.625/MERRA2/2019/07/MERRA2.20190701.A3cld.05x0625.nc4
2083.993,hit,false,0.000,0,330.405,351,GEOS_0.5x0.625/MERRA2/2019/07/MERRA2.20190701.A3cld.05x0625.nc4
2084.035,hit,false,0.000,0,330.447,351,GEOS_0.5x0.625/MERRA2/2019/07/MERRA2.20190701.A3cld.05x0625.nc4
2084.056,hit,false,0.000,0,330.468,351,GEOS_0.5x0.625/MERRA2/2019/07/MERRA2.20190701.A3cld.05x0625.nc4
2084.099,hit,false,0.000,0,330.600,352,GEOS_0.5x0.625/MERRA2/2019/07/MERRA2.20190701.A3cld.05x0625.nc4
2084.124,hit,false,0.000,0,330.625,352,GEOS_0.5x0.625/MERRA2/2019/07/MERRA2.20190701.A3cld.05x0625.nc4
2084.174,hit,false,0.000,0,330.674,352,GEOS_0.5x0.625/MERRA2/2019/07/MERRA2.20190701.A3cld.05x0625.nc4
2084.195,hit,false,0.000,0,330.696,352,GEOS_0.5x0.625/MERRA2/2019/07/MERRA2.20190701.A3cld.05x0625.nc4
2084.235,hit,false,0.000,0,330.736,352,GEOS_0.5x0.625/MERRA2/2019/07/MERRA2.20190701.A3cld.05x0625.nc4
2084.258,hit,false,0.000,0,330.759,352,GEOS_0.5x0.625/MERRA2/2019/07/MERRA2.20190701.A3cld.05x0625.nc4
2084.295,hit,false,0.000,0,330.796,352,GEOS_0.5x0.625/MERRA2/2019/07/MERRA2.20190701.A3cld.05x0625.nc4
2084.319,hit,false,0.000,0,330.820,352,GEOS_0.5x0.625/MERRA2/2019/07/MERRA2.20190701.A3cld.05x0625.nc4
2084.357,hit,false,0.000,0,330.852,353,GEOS_0.5x0.625/MERRA2/2019/07/MERRA2.20190701.A3cld.05x0625.nc4
2084.383,hit,false,0.000,0,330.878,353,GEOS_0.5x0.625/MERRA2/2019/07/MERRA2.20190701.A3cld.05x0625.nc4
2084.415,hit,false,0.000,0,330.909,353,GEOS_0.5x0.625/MERRA2/2019/07/MERRA2.20190701.A3cld.05x0625.nc4
2084.441,hit,false,0.000,0,330.935,353,GEOS_0.5x0.625/MERRA2/2019/07/MERRA2.20190701.A3cld.05x0625.nc4
2084.472,hit,false,0.000,0,330.966,353,GEOS_0.5x0.625/MERRA2/2019/07/MERRA2.20190701.A3cld.05x0625.nc4
2084.495,hit,false,0.000,0,330.989,353,GEOS_0.5x0.625/MERRA2/2019/07/MERRA2.20190701.A3cld.05x0625.nc4
2084.537,hit,false,0.000,0,331.032,353,GEOS_0.5x0.625/MERRA2/2019/07/MERRA2.20190701.A3cld.05x0625.nc4
2084.558,hit,false,0.000,0,331.053,353,GEOS_0.5x0.625/MERRA2/2019/07/MERRA2.20190701.A3cld.05x0625.nc4
2084.598,hit,false,0.000,0,331.090,354,GEOS_0.5x0.625/MERRA2/2019/07/MERRA2.20190701.A3cld.05x0625.nc4
2084.622,hit,false,0.000,0,331.114,354,GEOS_0.5x0.625/MERRA2/2019/07/MERRA2.20190701.A3cld.05x0625.nc4
2084.653,hit,false,0.000,0,331.145,354,GEOS_0.5x0.625/MERRA2/2019/07/MERRA2.20190701.A3cld.05x0625.nc4
2084.679,hit,false,0.000,0,331.171,354,GEOS_0.5x0.625/MERRA2/2019/07/MERRA2.20190701.A3cld.05x0625.nc4
2084.710,hit,false,0.000,0,331.202,354,GEOS_0.5x0.625/MERRA2/2019/07/MERRA2.20190701.A3cld.05x0625.nc4
2084.736,hit,false,0.000,0,331.228,354,GEOS_0.5x0.625/MERRA2/2019/07/MERRA2.20190701.A3cld.05x0625.nc4
2084.771,hit,false,0.000,0,331.262,354,GEOS_0.5x0.625/MERRA2/2019/07/MERRA2.20190701.A3cld.05x0625.nc4
2084.793,hit,false,0.000,0,331.285,354,GEOS_0.5x0.625/MERRA2/2019/07/MERRA2.20190701.A3cld.05x0625.nc4
2084.832,hit,false,0.000,0,331.319,355,GEOS_0.5x0.625/MERRA2/2019/07/MERRA2.20190701.A3cld.05x0625.nc4
2084.857,hit,false,0.000,0,331.344,355,GEOS_0.5x0.625/MERRA2/2019/07/MERRA2.20190701.A3cld.05x0625.nc4
2084.890,hit,false,0.000,0,331.377,355,GEOS_0.5x0.625/MERRA2/2019/07/MERRA2.20190701.A3cld.05x0625.nc4
2084.916,hit,false,0.000,0,331.403,355,GEOS_0.5x0.625/MERRA2/2019/07/MERRA2.20190701.A3cld.05x0625.nc4
2085.020,hit,false,0.000,0,331.507,355,GEOS_0.5x0.625/MERRA2/2019/07/MERRA2.20190701.A3cld.05x0625.nc4
2085.041,hit,false,0.000,0,331.528,355,GEOS_0.5x0.625/MERRA2/2019/07/MERRA2.20190701.A3cld.05x0625.nc4
2085.082,hit,false,0.000,0,331.569,355,GEOS_0.5x0.625/MERRA2/2019/07/MERRA2.20190701.A3cld.05x0625.nc4
2085.104,hit,false,0.000,0,331.591,355,GEOS_0.5x0.625/MERRA2/2019/07/MERRA2.20190701.A3cld.05x0625.nc4
2085.136,hit,false,0.000,0,331.621,356,GEOS_0.5x0.625/MERRA2/2019/07/MERRA2.20190701.A3cld.05x0625.nc4
2085.164,hit,false,0.000,0,331.649,356,GEOS_0.5x0.625/MERRA2/2019/07/MERRA2.20190701.A3cld.05x0625.nc4
2085.196,hit,false,0.000,0,331.681,356,GEOS_0.5x0.625/MERRA2/2019/07/MERRA2.20190701.A3cld.05x0625.nc4
2085.222,hit,false,0.000,0,331.706,356,GEOS_0.5x0.625/MERRA2/2019/07/MERRA2.20190701.A3cld.05x0625.nc4
2085.255,hit,false,0.000,0,331.740,356,GEOS_0.5x0.625/MERRA2/2019/07/MERRA2.20190701.A3cld.05x0625.nc4
2085.284,hit,false,0.000,0,331.769,356,GEOS_0.5x0.625/MERRA2/2019/07/MERRA2.20190701.A3cld.05x0625.nc4
2085.310,hit,false,0.000,0,331.794,356,GEOS_0.5x0.625/MERRA2/2019/07/MERRA2.20190701.A3cld.05x0625.nc4
2085.343,hit,false,0.000,0,331.828,356,GEOS_0.5x0.625/MERRA2/2019/07/MERRA2.20190701.A3cld.05x0625.nc4
2085.369,hit,false,0.000,0,331.841,357,GEOS_0.5x0.625/MERRA2/2019/07/MERRA2.20190701.A3cld.05x0625.nc4
2085.402,hit,false,0.000,0,331.874,357,GEOS_0.5x0.625/MERRA2/2019/07/MERRA2.20190701.A3cld.05x0625.nc4
2085.430,hit,false,0.000,0,331.902,357,GEOS_0.5x0.625/MERRA2/2019/07/MERRA2.20190701.A3cld.05x0625.nc4
2085.461,hit,false,0.000,0,331.934,357,GEOS_0.5x0.625/MERRA2/2019/07/MERRA2.20190701.A3cld.05x0625.nc4
2085.489,hit,false,0.000,0,331.962,357,GEOS_0.5x0.625/MERRA2/2019/07/MERRA2.20190701.A3cld.05x0625.nc4
2085.520,hit,false,0.000,0,331.992,357,GEOS_0.5x0.625/MERRA2/2019/07/MERRA2.20190701.A3cld.05x0625.nc4
2085.552,hit,false,0.000,0,332.024,357,GEOS_0.5x0.625/MERRA2/2019/07/MERRA2.20190701.A3cld.05x0625.nc4
2085.574,hit,false,0.000,0,332.046,357,GEOS_0.5x0.625/MERRA2/2019/07/MERRA2.20190701.A3cld.05x0625.nc4
2085.607,hit,false,0.000,0,332.076,358,GEOS_0.5x0.625/MERRA2/2019/07/MERRA2.20190701.A3cld.05x0625.nc4
2085.635,hit,false,0.000,0,332.105,358,GEOS_0.5x0.625/MERRA2/2019/07/MERRA2.20190701.A3cld.05x0625.nc4
2085.664,hit,false,0.000,0,332.133,358,GEOS_0.5x0.625/MERRA2/2019/07/MERRA2.20190701.A3cld.05x0625.nc4
2085.693,hit,false,0.000,0,332.163,358,GEOS_0.5x0.625/MERRA2/2019/07/MERRA2.20190701.A3cld.05x0625.nc4
2085.723,hit,false,0.000,0,332.193,358,GEOS_0.5x0.625/MERRA2/2019/07/MERRA2.20190701.A3cld.05x0625.nc4
2085.752,hit,false,0.000,0,332.222,358,GEOS_0.5x0.625/MERRA2/2019/07/MERRA2.20190701.A3cld.05x0625.nc4
2085.780,hit,false,0.000,0,332.250,358,GEOS_0.5x0.625/MERRA2/2019/07/MERRA2.20190701.A3cld.05x0625.nc4
2085.810,hit,false,0.000,0,332.280,358,GEOS_0.5x0.625/MERRA2/2019/07/MERRA2.20190701.A3cld.05x0625.nc4
2085.833,hit,false,0.000,0,332.282,359,GEOS_0.5x0.625/MERRA2/2019/07/MERRA2.20190701.A3cld.05x0625.nc4
2085.873,hit,false,0.000,0,332.322,359,GEOS_0.5x0.625/MERRA2/2019/07/MERRA2.20190701.A3cld.05x0625.nc4
2085.895,hit,false,0.000,0,332.344,359,GEOS_0.5x0.625/MERRA2/2019/07/MERRA2.20190701.A3cld.05x0625.nc4
2085.928,hit,false,0.000,0,332.377,359,GEOS_0.5x0.625/MERRA2/2019/07/MERRA2.20190701.A3cld.05x0625.nc4
2085.954,hit,false,0.000,0,332.403,359,GEOS_0.5x0.625/MERRA2/2019/07/MERRA2.20190701.A3cld.05x0625.nc4
2085.984,hit,false,0.000,0,332.433,359,GEOS_0.5x0.625/MERRA2/2019/07/MERRA2.20190701.A3cld.05x0625.nc4
2086.014,hit,false,0.000,0,332.463,359,GEOS_0.5x0.625/MERRA2/2019/07/MERRA2.20190701.A3cld.05x0625.nc4
2086.044,hit,false,0.000,0,332.493,359,GEOS_0.5x0.625/MERRA2/2019/07/MERRA2.20190701.A3cld.05x0625.nc4
2086.074,hit,false,0.000,0,332.565,360,GEOS_0.5x0.625/MERRA2/2019/07/MERRA2.20190701.A3cld.05x0625.nc4
2086.105,hit,false,0.000,0,332.596,360,GEOS_0.5x0.625/MERRA2/2019/07/MERRA2.20190701.A3cld.05x0625.nc4
2086.149,hit,false,0.000,0,332.640,360,GEOS_0.5x0.625/MERRA2/2019/07/MERRA2.20190701.A3cld.05x0625.nc4
2086.170,hit,false,0.000,0,332.662,360,GEOS_0.5x0.625/MERRA2/2019/07/MERRA2.20190701.A3cld.05x0625.nc4
2086.213,hit,false,0.000,0,332.704,360,GEOS_0.5x0.625/MERRA2/2019/07/MERRA2.20190701.A3cld.05x0625.nc4
2086.236,hit,false,0.000,0,332.727,360,GEOS_0.5x0.625/MERRA2/2019/07/MERRA2.20190701.A3cld.05x0625.nc4
2086.278,hit,false,0.000,0,332.769,360,GEOS_0.5x0.625/MERRA2/2019/07/MERRA2.20190701.A3cld.05x0625.nc4
2086.300,hit,false,0.000,0,332.791,360,GEOS_0.5x0.625/MERRA2/2019/07/MERRA2.20190701.A3cld.05x0625.nc4
2086.336,hit,false,0.000,0,332.824,361,GEOS_0.5x0.625/MERRA2/2019/07/MERRA2.20190701.A3cld.05x0625.nc4
2086.365,hit,false,0.000,0,332.852,361,GEOS_0.5x0.625/MERRA2/2019/07/MERRA2.20190701.A3cld.05x0625.nc4
2086.398,hit,false,0.000,0,332.886,361,GEOS_0.5x0.625/MERRA2/2019/07/MERRA2.20190701.A3cld.05x0625.nc4
2086.421,hit,false,0.000,0,332.909,361,GEOS_0.5x0.625/MERRA2/2019/07/MERRA2.20190701.A3cld.05x0625.nc4
2086.461,hit,false,0.000,0,332.948,361,GEOS_0.5x0.625/MERRA2/2019/07/MERRA2.20190701.A3cld.05x0625.nc4
2086.482,hit,false,0.000,0,332.970,361,GEOS_0.5x0.625/MERRA2/2019/07/MERRA2.20190701.A3cld.05x0625.nc4
2086.521,hit,false,0.000,0,333.009,361,GEOS_0.5x0.625/MERRA2/2019/07/MERRA2.20190701.A3cld.05x0625.nc4
2086.544,hit,false,0.000,0,333.032,361,GEOS_0.5x0.625/MERRA2/2019/07/MERRA2.20190701.A3cld.05x0625.nc4
2086.575,hit,false,0.000,0,333.060,362,GEOS_0.5x0.625/MERRA2/2019/07/MERRA2.20190701.A3cld.05x0625.nc4
2086.602,hit,false,0.000,0,333.088,362,GEOS_0.5x0.625/MERRA2/2019/07/MERRA2.20190701.A3cld.05x0625.nc4
2086.640,hit,false,0.000,0,333.125,362,GEOS_0.5x0.625/MERRA2/2019/07/MERRA2.20190701.A3cld.05x0625.nc4
2086.663,hit,false,0.000,0,333.148,362,GEOS_0.5x0.625/MERRA2/2019/07/MERRA2.20190701.A3cld.05x0625.nc4
2086.696,hit,false,0.000,0,333.181,362,GEOS_0.5x0.625/MERRA2/2019/07/MERRA2.20190701.A3cld.05x0625.nc4
2086.721,hit,false,0.000,0,333.206,362,GEOS_0.5x0.625/MERRA2/2019/07/MERRA2.20190701.A3cld.05x0625.nc4
2086.753,hit,false,0.000,0,333.238,362,GEOS_0.5x0.625/MERRA2/2019/07/MERRA2.20190701.A3cld.05x0625.nc4
2086.777,hit,false,0.000,0,333.262,362,GEOS_0.5x0.625/MERRA2/2019/07/MERRA2.20190701.A3cld.05x0625.nc4
2086.812,hit,false,0.000,0,333.292,363,GEOS_0.5x0.625/MERRA2/2019/07/MERRA2.20190701.A3cld.05x0625.nc4
2086.836,hit,false,0.000,0,333.317,363,GEOS_0.5x0.625/MERRA2/2019/07/MERRA2.20190701.A3cld.05x0625.nc4
2086.875,hit,false,0.000,0,333.355,363,GEOS_0.5x0.625/MERRA2/2019/07/MERRA2.20190701.A3cld.05x0625.nc4
2086.972,hit,false,0.000,0,333.452,363,GEOS_0.5x0.625/MERRA2/2019/07/MERRA2.20190701.A3cld.05x0625.nc4
2086.994,hit,false,0.000,0,333.474,363,GEOS_0.5x0.625/MERRA2/2019/07/MERRA2.20190701.A3cld.05x0625.nc4
2087.034,hit,false,0.000,0,333.514,363,GEOS_0.5x0.625/MERRA2/2019/07/MERRA2.20190701.A3cld.05x0625.nc4
2087.055,hit,false,0.000,0,333.535,363,GEOS_0.5x0.625/MERRA2/2019/07/MERRA2.20190701.A3cld.05x0625.nc4
2087.103,hit,false,0.000,0,333.583,363,GEOS_0.5x0.625/MERRA2/2019/07/MERRA2.20190701.A3cld.05x0625.nc4
2087.125,hit,false,0.000,0,333.603,364,GEOS_0.5x0.625/MERRA2/2019/07/MERRA2.20190701.A3cld.05x0625.nc4
2087.164,hit,false,0.000,0,333.643,364,GEOS_0.5x0.625/MERRA2/2019/07/MERRA2.20190701.A3cld.05x0625.nc4
2087.187,hit,false,0.000,0,333.665,364,GEOS_0.5x0.625/MERRA2/2019/07/MERRA2.20190701.A3cld.05x0625.nc4
2087.221,hit,false,0.000,0,333.699,364,GEOS_0.5x0.625/MERRA2/2019/07/MERRA2.20190701.A3cld.05x0625.nc4
2087.247,hit,false,0.000,0,333.726,364,GEOS_0.5x0.625/MERRA2/2019/07/MERRA2.20190701.A3cld.05x0625.nc4
2087.281,hit,false,0.000,0,333.760,364,GEOS_0.5x0.625/MERRA2/2019/07/MERRA2.20190701.A3cld.05x0625.nc4
2087.311,hit,false,0.000,0,333.789,364,GEOS_0.5x0.625/MERRA2/2019/07/MERRA2.20190701.A3cld.05x0625.nc4
2087.338,hit,false,0.000,0,333.816,364,GEOS_0.5x0.625/MERRA2/2019/07/MERRA2.20190701.A3cld.05x0625.nc4
2087.361,hit,false,0.000,0,333.667,365,GEOS_0.5x0.625/MERRA2/2019/07/MERRA2.20190701.A3cld.05x0625.nc4
2087.394,hit,false,0.000,0,333.700,365,GEOS_0.5x0.625/MERRA2/2019/07/MERRA2.20190701.A3cld.05x0625.nc4
2087.420,hit,false,0.000,0,333.725,365,GEOS_0.5x0.625/MERRA2/2019/07/MERRA2.20190701.A3cld.05x0625.nc4
2087.451,hit,false,0.000,0,333.757,365,GEOS_0.5x0.625/MERRA2/2019/07/MERRA2.20190701.A3cld.05x0625.nc4
2087.475,hit,false,0.000,0,333.780,365,GEOS_0.5x0.625/MERRA2/2019/07/MERRA2.20190701.A3cld.05x0625.nc4
2087.509,hit,false,0.000,0,333.815,365,GEOS_0.5x0.625/MERRA2/2019/07/MERRA2.20190701.A3cld.05x0625.nc4
2087.533,hit,false,0.000,0,333.839,365,GEOS_0.5x0.625/MERRA2/2019/07/MERRA2.20190701.A3cld.05x0625.nc4
2087.566,hit,false,0.000,0,333.872,365,GEOS_0.5x0.625/MERRA2/2019/07/MERRA2.20190701.A3cld.05x0625.nc4
2087.592,hit,false,0.000,0,333.218,366,GEOS_0.5x0.625/MERRA2/2019/07/MERRA2.20190701.A3cld.05x0625.nc4
2087.626,hit,false,0.000,0,333.253,366,GEOS_0.5x0.625/MERRA2/2019/07/MERRA2.20190701.A3cld.05x0625.nc4
2087.651,hit,false,0.000,0,333.278,366,GEOS_0.5x0.625/MERRA2/2019/07/MERRA2.20190701.A3cld.05x0625.nc4
2087.684,hit,false,0.000,0,333.310,366,GEOS_0.5x0.625/MERRA2/2019/07/MERRA2.20190701.A3cld.05x0625.nc4
2087.709,hit,false,0.000,0,333.336,366,GEOS_0.5x0.625/MERRA2/2019/07/MERRA2.20190701.A3cld.05x0625.nc4
2087.740,hit,false,0.000,0,333.367,366,GEOS_0.5x0.625/MERRA2/2019/07/MERRA2.20190701.A3cld.05x0625.nc4
2087.767,hit,false,0.000,0,333.393,366,GEOS_0.5x0.625/MERRA2/2019/07/MERRA2.20190701.A3cld.05x0625.nc4
2087.796,hit,false,0.000,0,333.423,366,GEOS_0.5x0.625/MERRA2/2019/07/MERRA2.20190701.A3cld.05x0625.nc4
2087.826,hit,false,0.000,0,333.451,367,GEOS_0.5x0.625/MERRA2/2019/07/MERRA2.20190701.A3cld.05x0625.nc4
2087.859,hit,false,0.000,0,333.483,367,GEOS_0.5x0.625/MERRA2/2019/07/MERRA2.20190701.A3cld.05x0625.nc4
2087.882,hit,false,0.000,0,333.507,367,GEOS_0.5x0.625/MERRA2/2019/07/MERRA2.20190701.A3cld.05x0625.nc4
2087.914,hit,false,0.000,0,333.538,367,GEOS_0.5x0.625/MERRA2/2019/07/MERRA2.20190701.A3cld.05x0625.nc4
2087.940,hit,false,0.000,0,333.564,367,GEOS_0.5x0.625/MERRA2/2019/07/MERRA2.20190701.A3cld.05x0625.nc4
2087.969,hit,false,0.000,0,333.594,367,GEOS_0.5x0.625/MERRA2/2019/07/MERRA2.20190701.A3cld.05x0625.nc4
2087.994,hit,false,0.000,0,333.618,367,GEOS_0.5x0.625/MERRA2/2019/07/MERRA2.20190701.A3cld.05x0625.nc4
2088.024,hit,false,0.000,0,333.648,367,GEOS_0.5x0.625/MERRA2/2019/07/MERRA2.20190701.A3cld.05x0625.nc4
2088.053,hit,false,0.000,0,334.472,368,GEOS_0.5x0.625/MERRA2/2019/07/MERRA2.20190701.A3cld.05x0625.nc4
2088.080,hit,false,0.000,0,334.500,368,GEOS_0.5x0.625/MERRA2/2019/07/MERRA2.20190701.A3cld.05x0625.nc4
2088.123,hit,false,0.000,0,334.542,368,GEOS_0.5x0.625/MERRA2/2019/07/MERRA2.20190701.A3cld.05x0625.nc4
2088.146,hit,false,0.000,0,334.566,368,GEOS_0.5x0.625/MERRA2/2019/07/MERRA2.20190701.A3cld.05x0625.nc4
2088.188,hit,false,0.000,0,334.608,368,GEOS_0.5x0.625/MERRA2/2019/07/MERRA2.20190701.A3cld.05x0625.nc4
2088.211,hit,false,0.000,0,334.630,368,GEOS_0.5x0.625/MERRA2/2019/07/MERRA2.20190701.A3cld.05x0625.nc4
2088.247,hit,false,0.000,0,334.667,368,GEOS_0.5x0.625/MERRA2/2019/07/MERRA2.20190701.A3cld.05x0625.nc4
2088.271,hit,false,0.000,0,334.690,368,GEOS_0.5x0.625/MERRA2/2019/07/MERRA2.20190701.A3cld.05x0625.nc4
2088.308,hit,false,0.000,0,334.725,369,GEOS_0.5x0.625/MERRA2/2019/07/MERRA2.20190701.A3cld.05x0625.nc4
2088.333,hit,false,0.000,0,334.750,369,GEOS_0.5x0.625/MERRA2/2019/07/MERRA2.20190701.A3cld.05x0625.nc4
2088.365,hit,false,0.000,0,334.782,369,GEOS_0.5x0.625/MERRA2/2019/07/MERRA2.20190701.A3cld.05x0625.nc4
2088.391,hit,false,0.000,0,334.808,369,GEOS_0.5x0.625/MERRA2/2019/07/MERRA2.20190701.A3cld.05x0625.nc4
2088.425,hit,false,0.000,0,334.842,369,GEOS_0.5x0.625/MERRA2/2019/07/MERRA2.20190701.A3cld.05x0625.nc4
2088.449,hit,false,0.000,0,334.866,369,GEOS_0.5x0.625/MERRA2/2019/07/MERRA2.20190701.A3cld.05x0625.nc4
2088.482,hit,false,0.000,0,334.899,369,GEOS_0.5x0.625/MERRA2/2019/07/MERRA2.20190701.A3cld.05x0625.nc4
2088.508,hit,false,0.000,0,334.925,369,GEOS_0.5x0.625/MERRA2/2019/07/MERRA2.20190701.A3cld.05x0625.nc4
2088.539,hit,false,0.000,0,334.955,370,GEOS_0.5x0.625/MERRA2/2019/07/MERRA2.20190701.A3cld.05x0625.nc4
2088.573,hit,false,0.000,0,334.988,370,GEOS_0.5x0.625/MERRA2/2019/07/MERRA2.20190701.A3cld.05x0625.nc4
2088.599,hit,false,0.000,0,335.015,370,GEOS_0.5x0.625/MERRA2/2019/07/MERRA2.20190701.A3cld.05x0625.nc4
2088.652,hit,false,0.000,0,335.067,370,GEOS_0.5x0.625/MERRA2/2019/07/MERRA2.20190701.A3cld.05x0625.nc4
2088.674,hit,false,0.000,0,335.090,370,GEOS_0.5x0.625/MERRA2/2019/07/MERRA2.20190701.A3cld.05x0625.nc4
2088.715,hit,false,0.000,0,335.131,370,GEOS_0.5x0.625/MERRA2/2019/07/MERRA2.20190701.A3cld.05x0625.nc4
2088.736,hit,false,0.000,0,335.152,370,GEOS_0.5x0.625/MERRA2/2019/07/MERRA2.20190701.A3cld.05x0625.nc4
2088.776,hit,false,0.000,0,335.191,370,GEOS_0.5x0.625/MERRA2/2019/07/MERRA2.20190701.A3cld.05x0625.nc4
2088.798,hit,false,0.000,0,335.212,371,GEOS_0.5x0.625/MERRA2/2019/07/MERRA2.20190701.A3cld.05x0625.nc4
2088.843,hit,false,0.000,0,335.256,371,GEOS_0.5x0.625/MERRA2/2019/07/MERRA2.20190701.A3cld.05x0625.nc4
2088.934,hit,false,0.000,0,335.347,371,GEOS_0.5x0.625/MERRA2/2019/07/MERRA2.20190701.A3cld.05x0625.nc4
2088.957,hit,false,0.000,0,335.371,371,GEOS_0.5x0.625/MERRA2/2019/07/MERRA2.20190701.A3cld.05x0625.nc4
2088.996,hit,false,0.000,0,335.409,371,GEOS_0.5x0.625/MERRA2/2019/07/MERRA2.20190701.A3cld.05x0625.nc4
2089.019,hit,false,0.000,0,335.432,371,GEOS_0.5x0.625/MERRA2/2019/07/MERRA2.20190701.A3cld.05x0625.nc4
2089.060,hit,false,0.000,0,335.473,371,GEOS_0.5x0.625/MERRA2/2019/07/MERRA2.20190701.A3cld.05x0625.nc4
2089.082,hit,false,0.000,0,335.496,371,GEOS_0.5x0.625/MERRA2/2019/07/MERRA2.20190701.A3cld.05x0625.nc4
2089.123,hit,false,0.000,0,335.534,372,GEOS_0.5x0.625/MERRA2/2019/07/MERRA2.20190701.A3cld.05x0625.nc4
2089.149,hit,false,0.000,0,335.560,372,GEOS_0.5x0.625/MERRA2/2019/07/MERRA2.20190701.A3cld.05x0625.nc4
2089.188,hit,false,0.000,0,335.600,372,GEOS_0.5x0.625/MERRA2/2019/07/MERRA2.20190701.A3cld.05x0625.nc4
2089.214,hit,false,0.000,0,335.626,372,GEOS_0.5x0.625/MERRA2/2019/07/MERRA2.20190701.A3cld.05x0625.nc4
2089.248,hit,false,0.000,0,335.660,372,GEOS_0.5x0.625/MERRA2/2019/07/MERRA2.20190701.A3cld.05x0625.nc4
2089.273,hit,false,0.000,0,335.685,372,GEOS_0.5x0.625/MERRA2/2019/07/MERRA2.20190701.A3cld.05x0625.nc4
2089.307,hit,false,0.000,0,335.718,372,GEOS_0.5x0.625/MERRA2/2019/07/MERRA2.20190701.A3cld.05x0625.nc4
2089.332,hit,false,0.000,0,335.744,372,GEOS_0.5x0.625/MERRA2/2019/07/MERRA2.20190701.A3cld.05x0625.nc4
2089.377,hit,false,0.000,0,335.786,373,GEOS_0.5x0.625/MERRA2/2019/07/MERRA2.20190701.A3cld.05x0625.nc4
2089.401,hit,false,0.000,0,335.810,373,GEOS_0.5x0.625/MERRA2/2019/07/MERRA2.20190701.A3cld.05x0625.nc4
2089.440,hit,false,0.000,0,335.850,373,GEOS_0.5x0.625/MERRA2/2019/07/MERRA2.20190701.A3cld.05x0625.nc4
2089.461,hit,false,0.000,0,335.871,373,GEOS_0.5x0.625/MERRA2/2019/07/MERRA2.20190701.A3cld.05x0625.nc4
2089.505,hit,false,0.000,0,335.915,373,GEOS_0.5x0.625/MERRA2/2019/07/MERRA2.20190701.A3cld.05x0625.nc4
2089.527,hit,false,0.000,0,335.936,373,GEOS_0.5x0.625/MERRA2/2019/07/MERRA2.20190701.A3cld.05x0625.nc4
2089.567,hit,false,0.000,0,335.977,373,GEOS_0.5x0.625/MERRA2/2019/07/MERRA2.20190701.A3cld.05x0625.nc4
2089.589,hit,false,0.000,0,335.999,373,GEOS_0.5x0.625/MERRA2/2019/07/MERRA2.20190701.A3cld.05x0625.nc4
2089.623,hit,false,0.000,0,336.030,374,GEOS_0.5x0.625/MERRA2/2019/07/MERRA2.20190701.A3cld.05x0625.nc4
2089.651,hit,false,0.000,0,336.058,374,GEOS_0.5x0.625/MERRA2/2019/07/MERRA2.20190701.A3cld.05x0625.nc4
2089.685,hit,false,0.000,0,336.092,374,GEOS_0.5x0.625/MERRA2/2019/07/MERRA2.20190701.A3cld.05x0625.nc4
2089.710,hit,false,0.000,0,336.117,374,GEOS_0.5x0.625/MERRA2/2019/07/MERRA2.20190701.A3cld.05x0625.nc4
2089.748,hit,false,0.000,0,336.154,374,GEOS_0.5x0.625/MERRA2/2019/07/MERRA2.20190701.A3cld.05x0625.nc4
2089.773,hit,false,0.000,0,336.180,374,GEOS_0.5x0.625/MERRA2/2019/07/MERRA2.20190701.A3cld.05x0625.nc4
2089.810,hit,false,0.000,0,336.216,374,GEOS_0.5x0.625/MERRA2/2019/07/MERRA2.20190701.A3cld.05x0625.nc4
2089.832,hit,false,0.000,0,336.239,374,GEOS_0.5x0.625/MERRA2/2019/07/MERRA2.20190701.A3cld.05x0625.nc4
2089.873,hit,false,0.000,0,336.278,375,GEOS_0.5x0.625/MERRA2/2019/07/MERRA2.20190701.A3cld.05x0625.nc4
2089.896,hit,false,0.000,0,336.301,375,GEOS_0.5x0.625/MERRA2/2019/07/MERRA2.20190701.A3cld.05x0625.nc4
2089.934,hit,false,0.000,0,336.339,375,GEOS_0.5x0.625/MERRA2/2019/07/MERRA2.20190701.A3cld.05x0625.nc4
2089.958,hit,false,0.000,0,336.363,375,GEOS_0.5x0.625/MERRA2/2019/07/MERRA2.20190701.A3cld.05x0625.nc4
2089.992,hit,false,0.000,0,336.397,375,GEOS_0.5x0.625/MERRA2/2019/07/MERRA2.20190701.A3cld.05x0625.nc4
2090.019,hit,false,0.000,0,336.424,375,GEOS_0.5x0.625/MERRA2/2019/07/MERRA2.20190701.A3cld.05x0625.nc4
2090.050,hit,false,0.000,0,336.455,375,GEOS_0.5x0.625/MERRA2/2019/07/MERRA2.20190701.A3cld.05x0625.nc4
2090.081,hit,false,0.000,0,336.486,375,GEOS_0.5x0.625/MERRA2/2019/07/MERRA2.20190701.A3cld.05x0625.nc4
2090.112,hit,false,0.000,0,336.551,376,GEOS_0.5x0.625/MERRA2/2019/07/MERRA2.20190701.A3cld.05x0625.nc4
2090.144,hit,false,0.000,0,336.583,376,GEOS_0.5x0.625/MERRA2/2019/07/MERRA2.20190701.A3cld.05x0625.nc4
2090.185,hit,false,0.000,0,336.624,376,GEOS_0.5x0.625/MERRA2/2019/07/MERRA2.20190701.A3cld.05x0625.nc4
2090.209,hit,false,0.000,0,336.647,376,GEOS_0.5x0.625/MERRA2/2019/07/MERRA2.20190701.A3cld.05x0625.nc4
2090.240,hit,false,0.000,0,336.679,376,GEOS_0.5x0.625/MERRA2/2019/07/MERRA2.20190701.A3cld.05x0625.nc4
2090.265,hit,false,0.000,0,336.703,376,GEOS_0.5x0.625/MERRA2/2019/07/MERRA2.20190701.A3cld.05x0625.nc4
2090.296,hit,false,0.000,0,336.735,376,GEOS_0.5x0.625/MERRA2/2019/07/MERRA2.20190701.A3cld.05x0625.nc4
2090.321,hit,false,0.000,0,336.760,376,GEOS_0.5x0.625/MERRA2/2019/07/MERRA2.20190701.A3cld.05x0625.nc4
2090.356,hit,false,0.000,0,336.793,377,GEOS_0.5x0.625/MERRA2/2019/07/MERRA2.20190701.A3cld.05x0625.nc4
2090.381,hit,false,0.000,0,336.818,377,GEOS_0.5x0.625/MERRA2/2019/07/MERRA2.20190701.A3cld.05x0625.nc4
2090.421,hit,false,0.000,0,336.858,377,GEOS_0.5x0.625/MERRA2/2019/07/MERRA2.20190701.A3cld.05x0625.nc4
2090.444,hit,false,0.000,0,336.880,377,GEOS_0.5x0.625/MERRA2/2019/07/MERRA2.20190701.A3cld.05x0625.nc4
2090.481,hit,false,0.000,0,336.918,377,GEOS_0.5x0.625/MERRA2/2019/07/MERRA2.20190701.A3cld.05x0625.nc4
2090.504,hit,false,0.000,0,336.941,377,GEOS_0.5x0.625/MERRA2/2019/07/MERRA2.20190701.A3cld.05x0625.nc4
2090.541,hit,false,0.000,0,336.978,377,GEOS_0.5x0.625/MERRA2/2019/07/MERRA2.20190701.A3cld.05x0625.nc4
2090.565,hit,false,0.000,0,337.001,377,GEOS_0.5x0.625/MERRA2/2019/07/MERRA2.20190701.A3cld.05x0625.nc4
2090.599,hit,false,0.000,0,337.034,378,GEOS_0.5x0.625/MERRA2/2019/07/MERRA2.20190701.A3cld.05x0625.nc4
2090.626,hit,false,0.000,0,337.061,378,GEOS_0.5x0.625/MERRA2/2019/07/MERRA2.20190701.A3cld.05x0625.nc4
2090.659,hit,false,0.000,0,337.094,378,GEOS_0.5x0.625/MERRA2/2019/07/MERRA2.20190701.A3cld.05x0625.nc4
2090.685,hit,false,0.000,0,337.120,378,GEOS_0.5x0.625/MERRA2/2019/07/MERRA2.20190701.A3cld.05x0625.nc4
2090.720,hit,false,0.000,0,337.155,378,GEOS_0.5x0.625/MERRA2/2019/07/MERRA2.20190701.A3cld.05x0625.nc4
2090.743,hit,false,0.000,0,337.177,378,GEOS_0.5x0.625/MERRA2/2019/07/MERRA2.20190701.A3cld.05x0625.nc4
2090.777,hit,false,0.000,0,337.212,378,GEOS_0.5x0.625/MERRA2/2019/07/MERRA2.20190701.A3cld.05x0625.nc4
2090.804,hit,false,0.000,0,337.239,378,GEOS_0.5x0.625/MERRA2/2019/07/MERRA2.20190701.A3cld.05x0625.nc4
2090.838,hit,false,0.000,0,337.270,379,GEOS_0.5x0.625/MERRA2/2019/07/MERRA2.20190701.A3cld.05x0625.nc4
2090.939,hit,false,0.000,0,337.371,379,GEOS_0.5x0.625/MERRA2/2019/07/MERRA2.20190701.A3cld.05x0625.nc4
2090.963,hit,false,0.000,0,337.395,379,GEOS_0.5x0.625/MERRA2/2019/07/MERRA2.20190701.A3cld.05x0625.nc4
2091.004,hit,false,0.000,0,337.436,379,GEOS_0.5x0.625/MERRA2/2019/07/MERRA2.20190701.A3cld.05x0625.nc4
2091.027,hit,false,0.000,0,337.459,379,GEOS_0.5x0.625/MERRA2/2019/07/MERRA2.20190701.A3cld.05x0625.nc4
2091.066,hit,false,0.000,0,337.499,379,GEOS_0.5x0.625/MERRA2/2019/07/MERRA2.20190701.A3cld.05x0625.nc4
2091.095,hit,false,0.000,0,337.528,379,GEOS_0.5x0.625/MERRA2/2019/07/MERRA2.20190701.A3cld.05x0625.nc4
2091.136,hit,false,0.000,0,337.569,379,GEOS_0.5x0.625/MERRA2/2019/07/MERRA2.20190701.A3cld.05x0625.nc4
2091.160,hit,false,0.000,0,337.591,380,GEOS_0.5x0.625/MERRA2/2019/07/MERRA2.20190701.A3cld.05x0625.nc4
2091.199,hit,false,0.000,0,337.630,380,GEOS_0.5x0.625/MERRA2/2019/07/MERRA2.20190701.A3cld.05x0625.nc4
2091.226,hit,false,0.000,0,337.657,380,GEOS_0.5x0.625/MERRA2/2019/07/MERRA2.20190701.A3cld.05x0625.nc4
2091.257,hit,false,0.000,0,337.688,380,GEOS_0.5x0.625/MERRA2/2019/07/MERRA2.20190701.A3cld.05x0625.nc4
2091.280,hit,false,0.000,0,337.711,380,GEOS_0.5x0.625/MERRA2/2019/07/MERRA2.20190701.A3cld.05x0625.nc4
2091.314,hit,false,0.000,0,337.745,380,GEOS_0.5x0.625/MERRA2/2019/07/MERRA2.20190701.A3cld.05x0625.nc4
2091.338,hit,false,0.000,0,337.769,380,GEOS_0.5x0.625/MERRA2/2019/07/MERRA2.20190701.A3cld.05x0625.nc4
2091.372,hit,false,0.000,0,337.803,380,GEOS_0.5x0.625/MERRA2/2019/07/MERRA2.20190701.A3cld.05x0625.nc4
2091.397,hit,false,0.000,0,337.826,381,GEOS_0.5x0.625/MERRA2/2019/07/MERRA2.20190701.A3cld.05x0625.nc4
2091.432,hit,false,0.000,0,337.860,381,GEOS_0.5x0.625/MERRA2/2019/07/MERRA2.20190701.A3cld.05x0625.nc4
2091.457,hit,false,0.000,0,337.886,381,GEOS_0.5x0.625/MERRA2/2019/07/MERRA2.20190701.A3cld.05x0625.nc4
2091.487,hit,false,0.000,0,337.916,381,GEOS_0.5x0.625/MERRA2/2019/07/MERRA2.20190701.A3cld.05x0625.nc4
2091.515,hit,false,0.000,0,337.944,381,GEOS_0.5x0.625/MERRA2/2019/07/MERRA2.20190701.A3cld.05x0625.nc4
2091.546,hit,false,0.000,0,337.975,381,GEOS_0.5x0.625/MERRA2/2019/07/MERRA2.20190701.A3cld.05x0625.nc4
2091.575,hit,false,0.000,0,338.004,381,GEOS_0.5x0.625/MERRA2/2019/07/MERRA2.20190701.A3cld.05x0625.nc4
2091.604,hit,false,0.000,0,338.033,381,GEOS_0.5x0.625/MERRA2/2019/07/MERRA2.20190701.A3cld.05x0625.nc4
2091.633,hit,false,0.000,0,338.060,382,GEOS_0.5x0.625/MERRA2/2019/07/MERRA2.20190701.A3cld.05x0625.nc4
2091.664,hit,false,0.000,0,338.091,382,GEOS_0.5x0.625/MERRA2/2019/07/MERRA2.20190701.A3cld.05x0625.nc4
2091.695,hit,false,0.000,0,338.122,382,GEOS_0.5x0.625/MERRA2/2019/07/MERRA2.20190701.A3cld.05x0625.nc4
2091.719,hit,false,0.000,0,338.146,382,GEOS_0.5x0.625/MERRA2/2019/07/MERRA2.20190701.A3cld.05x0625.nc4
2091.750,hit,false,0.000,0,338.178,382,GEOS_0.5x0.625/MERRA2/2019/07/MERRA2.20190701.A3cld.05x0625.nc4
2091.776,hit,false,0.000,0,338.204,382,GEOS_0.5x0.625/MERRA2/2019/07/MERRA2.20190701.A3cld.05x0625.nc4
2091.807,hit,false,0.000,0,338.234,382,GEOS_0.5x0.625/MERRA2/2019/07/MERRA2.20190701.A3cld.05x0625.nc4
2091.837,hit,false,0.000,0,338.264,382,GEOS_0.5x0.625/MERRA2/2019/07/MERRA2.20190701.A3cld.05x0625.nc4
2091.864,hit,false,0.000,0,338.289,383,GEOS_0.5x0.625/MERRA2/2019/07/MERRA2.20190701.A3cld.05x0625.nc4
2091.896,hit,false,0.000,0,338.321,383,GEOS_0.5x0.625/MERRA2/2019/07/MERRA2.20190701.A3cld.05x0625.nc4
2091.919,hit,false,0.000,0,338.344,383,GEOS_0.5x0.625/MERRA2/2019/07/MERRA2.20190701.A3cld.05x0625.nc4
2091.960,hit,false,0.000,0,338.385,383,GEOS_0.5x0.625/MERRA2/2019/07/MERRA2.20190701.A3cld.05x0625.nc4
2091.983,hit,false,0.000,0,338.408,383,GEOS_0.5x0.625/MERRA2/2019/07/MERRA2.20190701.A3cld.05x0625.nc4
2092.015,hit,false,0.000,0,338.440,383,GEOS_0.5x0.625/MERRA2/2019/07/MERRA2.20190701.A3cld.05x0625.nc4
2092.039,hit,false,0.000,0,338.464,383,GEOS_0.5x0.625/MERRA2/2019/07/MERRA2.20190701.A3cld.05x0625.nc4
2092.071,hit,false,0.000,0,338.496,383,GEOS_0.5x0.625/MERRA2/2019/07/MERRA2.20190701.A3cld.05x0625.nc4
2092.099,hit,false,0.000,0,338.553,384,GEOS_0.5x0.625/MERRA2/2019/07/MERRA2.20190701.A3cld.05x0625.nc4
2092.125,hit,false,0.000,0,338.580,384,GEOS_0.5x0.625/MERRA2/2019/07/MERRA2.20190701.A3cld.05x0625.nc4
2092.171,hit,false,0.000,0,338.625,384,GEOS_0.5x0.625/MERRA2/2019/07/MERRA2.20190701.A3cld.05x0625.nc4
2092.193,hit,false,0.000,0,338.648,384,GEOS_0.5x0.625/MERRA2/2019/07/MERRA2.20190701.A3cld.05x0625.nc4
2092.237,hit,false,0.000,0,338.691,384,GEOS_0.5x0.625/MERRA2/2019/07/MERRA2.20190701.A3cld.05x0625.nc4
2092.259,hit,false,0.000,0,338.714,384,GEOS_0.5x0.625/MERRA2/2019/07/MERRA2.20190701.A3cld.05x0625.nc4
2092.301,hit,false,0.000,0,338.755,384,GEOS_0.5x0.625/MERRA2/2019/07/MERRA2.20190701.A3cld.05x0625.nc4
2092.323,hit,false,0.000,0,338.777,384,GEOS_0.5x0.625/MERRA2/2019/07/MERRA2.20190701.A3cld.05x0625.nc4
2092.363,hit,false,0.000,0,338.812,385,GEOS_0.5x0.625/MERRA2/2019/07/MERRA2.20190701.A3cld.05x0625.nc4
2092.388,hit,false,0.000,0,338.837,385,GEOS_0.5x0.625/MERRA2/2019/07/MERRA2.20190701.A3cld.05x0625.nc4
2092.429,hit,false,0.000,0,338.878,385,GEOS_0.5x0.625/MERRA2/2019/07/MERRA2.20190701.A3cld.05x0625.nc4
2092.451,hit,false,0.000,0,338.900,385,GEOS_0.5x0.625/MERRA2/2019/07/MERRA2.20190701.A3cld.05x0625.nc4
2092.490,hit,false,0.000,0,338.939,385,GEOS_0.5x0.625/MERRA2/2019/07/MERRA2.20190701.A3cld.05x0625.nc4
2092.512,hit,false,0.000,0,338.961,385,GEOS_0.5x0.625/MERRA2/2019/07/MERRA2.20190701.A3cld.05x0625.nc4
2092.556,hit,false,0.000,0,339.005,385,GEOS_0.5x0.625/MERRA2/2019/07/MERRA2.20190701.A3cld.05x0625.nc4
2092.578,hit,false,0.000,0,339.027,385,GEOS_0.5x0.625/MERRA2/2019/07/MERRA2.20190701.A3cld.05x0625.nc4
2092.618,hit,false,0.000,0,339.064,386,GEOS_0.5x0.625/MERRA2/2019/07/MERRA2.20190701.A3cld.05x0625.nc4
2092.642,hit,false,0.000,0,339.088,386,GEOS_0.5x0.625/MERRA2/2019/07/MERRA2.20190701.A3cld.05x0625.nc4
2092.677,hit,false,0.000,0,339.123,386,GEOS_0.5x0.625/MERRA2/2019/07/MERRA2.20190701.A3cld.05x0625.nc4
2092.702,hit,false,0.000,0,339.148,386,GEOS_0.5x0.625/MERRA2/2019/07/MERRA2.20190701.A3cld.05x0625.nc4
2092.737,hit,false,0.000,0,339.183,386,GEOS_0.5x0.625/MERRA2/2019/07/MERRA2.20190701.A3cld.05x0625.nc4
2092.761,hit,false,0.000,0,339.207,386,GEOS_0.5x0.625/MERRA2/2019/07/MERRA2.20190701.A3cld.05x0625.nc4
2092.795,hit,false,0.000,0,339.241,386,GEOS_0.5x0.625/MERRA2/2019/07/MERRA2.20190701.A3cld.05x0625.nc4
2092.820,hit,false,0.000,0,339.265,386,GEOS_0.5x0.625/MERRA2/2019/07/MERRA2.20190701.A3cld.05x0625.nc4
2092.923,hit,false,0.000,0,339.367,387,GEOS_0.5x0.625/MERRA2/2019/07/MERRA2.20190701.A3cld.05x0625.nc4
2092.961,hit,false,0.000,0,339.404,387,GEOS_0.5x0.625/MERRA2/2019/07/MERRA2.20190701.A3cld.05x0625.nc4
2092.996,hit,false,0.000,0,339.439,387,GEOS_0.5x0.625/MERRA2/2019/07/MERRA2.20190701.A3cld.05x0625.nc4
2093.023,hit,false,0.000,0,339.467,387,GEOS_0.5x0.625/MERRA2/2019/07/MERRA2.20190701.A3cld.05x0625.nc4
2093.056,hit,false,0.000,0,339.500,387,GEOS_0.5x0.625/MERRA2/2019/07/MERRA2.20190701.A3cld.05x0625.nc4
2093.081,hit,false,0.000,0,339.524,387,GEOS_0.5x0.625/MERRA2/2019/07/MERRA2.20190701.A3cld.05x0625.nc4
2093.113,hit,false,0.000,0,339.557,387,GEOS_0.5x0.625/MERRA2/2019/07/MERRA2.20190701.A3cld.05x0625.nc4
2093.142,hit,false,0.000,0,339.586,387,GEOS_0.5x0.625/MERRA2/2019/07/MERRA2.20190701.A3cld.05x0625.nc4
2093.166,hit,false,0.000,0,339.608,388,GEOS_0.5x0.625/MERRA2/2019/07/MERRA2.20190701.A3cld.05x0625.nc4
2093.203,hit,false,0.000,0,339.645,388,GEOS_0.5x0.625/MERRA2/2019/07/MERRA2.20190701.A3cld.05x0625.nc4
2093.230,hit,false,0.000,0,339.672,388,GEOS_0.5x0.625/MERRA2/2019/07/MERRA2.20190701.A3cld.05x0625.nc4
2093.264,hit,false,0.000,0,339.707,388,GEOS_0.5x0.625/MERRA2/2019/07/MERRA2.20190701.A3cld.05x0625.nc4
2093.288,hit,false,0.000,0,339.730,388,GEOS_0.5x0.625/MERRA2/2019/07/MERRA2.20190701.A3cld.05x0625.nc4
2093.325,hit,false,0.000,0,339.767,388,GEOS_0.5x0.625/MERRA2/2019/07/MERRA2.20190701.A3cld.05x0625.nc4
2093.353,hit,false,0.000,0,339.795,388,GEOS_0.5x0.625/MERRA2/2019/07/MERRA2.20190701.A3cld.05x0625.nc4
2093.386,hit,false,0.000,0,339.828,388,GEOS_0.5x0.625/MERRA2/2019/07/MERRA2.20190701.A3cld.05x0625.nc4
2093.417,hit,false,0.000,0,339.858,389,GEOS_0.5x0.625/MERRA2/2019/07/MERRA2.20190701.A3cld.05x0625.nc4
2093.448,hit,false,0.000,0,339.889,389,GEOS_0.5x0.625/MERRA2/2019/07/MERRA2.20190701.A3cld.05x0625.nc4
2093.481,hit,false,0.000,0,339.922,389,GEOS_0.5x0.625/MERRA2/2019/07/MERRA2.20190701.A3cld.05x0625.nc4
2093.511,hit,false,0.000,0,339.951,389,GEOS_0.5x0.625/MERRA2/2019/07/MERRA2.20190701.A3cld.05x0625.nc4
2093.543,hit,false,0.000,0,339.983,389,GEOS_0.5x0.625/MERRA2/2019/07/MERRA2.20190701.A3cld.05x0625.nc4
2093.573,hit,false,0.000,0,340.014,389,GEOS_0.5x0.625/MERRA2/2019/07/MERRA2.20190701.A3cld.05x0625.nc4
2093.603,hit,false,0.000,0,340.044,389,GEOS_0.5x0.625/MERRA2/2019/07/MERRA2.20190701.A3cld.05x0625.nc4
2093.636,hit,false,0.000,0,340.077,389,GEOS_0.5x0.625/MERRA2/2019/07/MERRA2.20190701.A3cld.05x0625.nc4
2093.659,hit,false,0.000,0,340.098,390,GEOS_0.5x0.625/MERRA2/2019/07/MERRA2.20190701.A3cld.05x0625.nc4
2093.697,hit,false,0.000,0,340.136,390,GEOS_0.5x0.625/MERRA2/2019/07/MERRA2.20190701.A3cld.05x0625.nc4
2093.725,hit,false,0.000,0,340.163,390,GEOS_0.5x0.625/MERRA2/2019/07/MERRA2.20190701.A3cld.05x0625.nc4
2093.755,hit,false,0.000,0,340.193,390,GEOS_0.5x0.625/MERRA2/2019/07/MERRA2.20190701.A3cld.05x0625.nc4
2093.789,hit,false,0.000,0,340.227,390,GEOS_0.5x0.625/MERRA2/2019/07/MERRA2.20190701.A3cld.05x0625.nc4
2093.816,hit,false,0.000,0,340.254,390,GEOS_0.5x0.625/MERRA2/2019/07/MERRA2.20190701.A3cld.05x0625.nc4
2093.850,hit,false,0.000,0,340.288,390,GEOS_0.5x0.625/MERRA2/2019/07/MERRA2.20190701.A3cld.05x0625.nc4
2093.880,hit,false,0.000,0,340.319,390,GEOS_0.5x0.625/MERRA2/2019/07/MERRA2.20190701.A3cld.05x0625.nc4
2093.912,hit,false,0.000,0,340.347,391,GEOS_0.5x0.625/MERRA2/2019/07/MERRA2.20190701.A3cld.05x0625.nc4
2093.948,hit,false,0.000,0,340.383,391,GEOS_0.5x0.625/MERRA2/2019/07/MERRA2.20190701.A3cld.05x0625.nc4
2094.015,hit,false,0.000,0,340.451,391,GEOS_0.5x0.625/MERRA2/2019/07/MERRA2.20190701.A3cld.05x0625.nc4
2094.036,hit,false,0.000,0,340.471,391,GEOS_0.5x0.625/MERRA2/2019/07/MERRA2.20190701.A3cld.05x0625.nc4
2094.074,hit,false,0.000,0,340.509,391,GEOS_0.5x0.625/MERRA2/2019/07/MERRA2.20190701.A3cld.05x0625.nc4
2094.104,hit,false,0.000,0,340.539,391,GEOS_0.5x0.625/MERRA2/2019/07/MERRA2.20190701.A3cld.05x0625.nc4
2094.134,hit,false,0.000,0,340.569,391,GEOS_0.5x0.625/MERRA2/2019/07/MERRA2.20190701.A3cld.05x0625.nc4
2094.169,hit,false,0.000,0,340.604,391,GEOS_0.5x0.625/MERRA2/2019/07/MERRA2.20190701.A3cld.05x0625.nc4
2094.199,hit,false,0.000,0,340.643,392,GEOS_0.5x0.625/MERRA2/2019/07/MERRA2.20190701.A3cld.05x0625.nc4
2094.230,hit,false,0.000,0,340.674,392,GEOS_0.5x0.625/MERRA2/2019/07/MERRA2.20190701.A3cld.05x0625.nc4
2094.282,hit,false,0.000,0,340.726,392,GEOS_0.5x0.625/MERRA2/2019/07/MERRA2.20190701.A3cld.05x0625.nc4
2094.305,hit,false,0.000,0,340.749,392,GEOS_0.5x0.625/MERRA2/2019/07/MERRA2.20190701.A3cld.05x0625.nc4
2094.348,hit,false,0.000,0,340.792,392,GEOS_0.5x0.625/MERRA2/2019/07/MERRA2.20190701.A3cld.05x0625.nc4
2094.369,hit,false,0.000,0,340.813,392,GEOS_0.5x0.625/MERRA2/2019/07/MERRA2.20190701.A3cld.05x0625.nc4
2094.409,hit,false,0.000,0,340.853,392,GEOS_0.5x0.625/MERRA2/2019/07/MERRA2.20190701.A3cld.05x0625.nc4
2094.440,hit,false,0.000,0,340.884,392,GEOS_0.5x0.625/MERRA2/2019/07/MERRA2.20190701.A3cld.05x0625.nc4
2094.470,hit,false,0.000,0,340.912,393,GEOS_0.5x0.625/MERRA2/2019/07/MERRA2.20190701.A3cld.05x0625.nc4
2094.504,hit,false,0.000,0,340.946,393,GEOS_0.5x0.625/MERRA2/2019/07/MERRA2.20190701.A3cld.05x0625.nc4
2094.522,hit,false,0.000,0,340.964,393,GEOS_0.5x0.625/MERRA2/2019/07/MERRA2.20190701.A3cld.05x0625.nc4
2094.571,hit,false,0.000,0,341.013,393,GEOS_0.5x0.625/MERRA2/2019/07/MERRA2.20190701.A3cld.05x0625.nc4
2094.594,hit,false,0.000,0,341.036,393,GEOS_0.5x0.625/MERRA2/2019/07/MERRA2.20190701.A3cld.05x0625.nc4
2094.626,hit,false,0.000,0,341.068,393,GEOS_0.5x0.625/MERRA2/2019/07/MERRA2.20190701.A3cld.05x0625.nc4
2094.653,hit,false,0.000,0,341.095,393,GEOS_0.5x0.625/MERRA2/2019/07/MERRA2.20190701.A3cld.05x0625.nc4
2094.684,hit,false,0.000,0,341.126,393,GEOS_0.5x0.625/MERRA2/2019/07/MERRA2.20190701.A3cld.05x0625.nc4
2094.707,hit,false,0.000,0,341.147,394,GEOS_0.5x0.625/MERRA2/2019/07/MERRA2.20190701.A3cld.05x0625.nc4
2094.748,hit,false,0.000,0,341.188,394,GEOS_0.5x0.625/MERRA2/2019/07/MERRA2.20190701.A3cld.05x0625.nc4
2094.771,hit,false,0.000,0,341.211,394,GEOS_0.5x0.625/MERRA2/2019/07/MERRA2.20190701.A3cld.05x0625.nc4
2094.825,hit,false,0.000,0,341.265,394,GEOS_0.5x0.625/MERRA2/2019/07/MERRA2.20190701.A3cld.05x0625.nc4
2094.846,hit,false,0.000,0,341.286,394,GEOS_0.5x0.625/MERRA2/2019/07/MERRA2.20190701.A3cld.05x0625.nc4
2094.886,hit,false,0.000,0,341.326,394,GEOS_0.5x0.625/MERRA2/2019/07/MERRA2.20190701.A3cld.05x0625.nc4
2094.909,hit,false,0.000,0,341.349,394,GEOS_0.5x0.625/MERRA2/2019/07/MERRA2.20190701.A3cld.05x0625.nc4
2095.018,hit,false,0.000,0,341.458,394,GEOS_0.5x0.625/MERRA2/2019/07/MERRA2.20190701.A3cld.05x0625.nc4
2095.041,hit,false,0.000,0,341.479,395,GEOS_0.5x0.625/MERRA2/2019/07/MERRA2.20190701.A3cld.05x0625.nc4
2095.091,hit,false,0.000,0,341.529,395,GEOS_0.5x0.625/MERRA2/2019/07/MERRA2.20190701.A3cld.05x0625.nc4
2095.123,hit,false,0.000,0,341.562,395,GEOS_0.5x0.625/MERRA2/2019/07/MERRA2.20190701.A3cld.05x0625.nc4
2095.152,hit,false,0.000,0,341.590,395,GEOS_0.5x0.625/MERRA2/2019/07/MERRA2.20190701.A3cld.05x0625.nc4
2095.189,hit,false,0.000,0,341.627,395,GEOS_0.5x0.625/MERRA2/2019/07/MERRA2.20190701.A3cld.05x0625.nc4
2095.214,hit,false,0.000,0,341.652,395,GEOS_0.5x0.625/MERRA2/2019/07/MERRA2.20190701.A3cld.05x0625.nc4
2095.249,hit,false,0.000,0,341.688,395,GEOS_0.5x0.625/MERRA2/2019/07/MERRA2.20190701.A3cld.05x0625.nc4
2095.274,hit,false,0.000,0,341.712,395,GEOS_0.5x0.625/MERRA2/2019/07/MERRA2.20190701.A3cld.05x0625.nc4
2095.309,hit,false,0.000,0,341.745,396,GEOS_0.5x0.625/MERRA2/2019/07/MERRA2.20190701.A3cld.05x0625.nc4
2095.335,hit,false,0.000,0,341.771,396,GEOS_0.5x0.625/MERRA2/2019/07/MERRA2.20190701.A3cld.05x0625.nc4
2095.371,hit,false,0.000,0,341.807,396,GEOS_0.5x0.625/MERRA2/2019/07/MERRA2.20190701.A3cld.05x0625.nc4
2095.410,hit,false,0.000,0,341.846,396,GEOS_0.5x0.625/MERRA2/2019/07/MERRA2.20190701.A3cld.05x0625.nc4
2095.433,hit,false,0.000,0,341.869,396,GEOS_0.5x0.625/MERRA2/2019/07/MERRA2.20190701.A3cld.05x0625.nc4
2095.475,hit,false,0.000,0,341.911,396,GEOS_0.5x0.625/MERRA2/2019/07/MERRA2.20190701.A3cld.05x0625.nc4
2095.497,hit,false,0.000,0,341.933,396,GEOS_0.5x0.625/MERRA2/2019/07/MERRA2.20190701.A3cld.05x0625.nc4
2095.538,hit,false,0.000,0,341.974,396,GEOS_0.5x0.625/MERRA2/2019/07/MERRA2.20190701.A3cld.05x0625.nc4
2095.560,hit,false,0.000,0,341.994,397,GEOS_0.5x0.625/MERRA2/2019/07/MERRA2.20190701.A3cld.05x0625.nc4
2095.603,hit,false,0.000,0,342.037,397,GEOS_0.5x0.625/MERRA2/2019/07/MERRA2.20190701.A3cld.05x0625.nc4
2095.626,hit,false,0.000,0,342.060,397,GEOS_0.5x0.625/MERRA2/2019/07/MERRA2.20190701.A3cld.05x0625.nc4
2095.664,hit,false,0.000,0,342.098,397,GEOS_0.5x0.625/MERRA2/2019/07/MERRA2.20190701.A3cld.05x0625.nc4
2095.686,hit,false,0.000,0,342.120,397,GEOS_0.5x0.625/MERRA2/2019/07/MERRA2.20190701.A3cld.05x0625.nc4
2095.725,hit,false,0.000,0,342.159,397,GEOS_0.5x0.625/MERRA2/2019/07/MERRA2.20190701.A3cld.05x0625.nc4
2095.747,hit,false,0.000,0,342.181,397,GEOS_0.5x0.625/MERRA2/2019/07/MERRA2.20190701.A3cld.05x0625.nc4
2095.785,hit,false,0.000,0,342.219,397,GEOS_0.5x0.625/MERRA2/2019/07/MERRA2.20190701.A3cld.05x0625.nc4
2095.806,hit,false,0.000,0,342.238,398,GEOS_0.5x0.625/MERRA2/2019/07/MERRA2.20190701.A3cld.05x0625.nc4
2095.843,hit,false,0.000,0,342.275,398,GEOS_0.5x0.625/MERRA2/2019/07/MERRA2.20190701.A3cld.05x0625.nc4
2095.869,hit,false,0.000,0,342.301,398,GEOS_0.5x0.625/MERRA2/2019/07/MERRA2.20190701.A3cld.05x0625.nc4
2095.901,hit,false,0.000,0,342.333,398,GEOS_0.5x0.625/MERRA2/2019/07/MERRA2.20190701.A3cld.05x0625.nc4
2095.927,hit,false,0.000,0,342.359,398,GEOS_0.5x0.625/MERRA2/2019/07/MERRA2.20190701.A3cld.05x0625.nc4
2095.963,hit,false,0.000,0,342.395,398,GEOS_0.5x0.625/MERRA2/2019/07/MERRA2.20190701.A3cld.05x0625.nc4
2095.989,hit,false,0.000,0,342.421,398,GEOS_0.5x0.625/MERRA2/2019/07/MERRA2.20190701.A3cld.05x0625.nc4
2096.020,hit,false,0.000,0,342.452,398,GEOS_0.5x0.625/MERRA2/2019/07/MERRA2.20190701.A3cld.05x0625.nc4
2096.047,hit,false,0.000,0,342.477,399,GEOS_0.5x0.625/MERRA2/2019/07/MERRA2.20190701.A3cld.05x0625.nc4
2096.081,hit,false,0.000,0,342.511,399,GEOS_0.5x0.625/MERRA2/2019/07/MERRA2.20190701.A3cld.05x0625.nc4
2096.098,hit,false,0.000,0,342.528,399,GEOS_0.5x0.625/MERRA2/2019/07/MERRA2.20190701.A3cld.05x0625.nc4
2096.148,hit,false,0.000,0,342.579,399,GEOS_0.5x0.625/MERRA2/2019/07/MERRA2.20190701.A3cld.05x0625.nc4
2096.171,hit,false,0.000,0,342.601,399,GEOS_0.5x0.625/MERRA2/2019/07/MERRA2.20190701.A3cld.05x0625.nc4
2096.208,hit,false,0.000,0,342.638,399,GEOS_0.5x0.625/MERRA2/2019/07/MERRA2.20190701.A3cld.05x0625.nc4
2096.230,hit,false,0.000,0,342.660,399,GEOS_0.5x0.625/MERRA2/2019/07/MERRA2.20190701.A3cld.05x0625.nc4
2096.269,hit,false,0.000,0,342.699,399,GEOS_0.5x0.625/MERRA2/2019/07/MERRA2.20190701.A3cld.05x0625.nc4
2096.292,hit,false,0.000,0,342.602,400,GEOS_0.5x0.625/MERRA2/2019/07/MERRA2.20190701.A3cld.05x0625.nc4
2096.331,hit,false,0.000,0,342.641,400,GEOS_0.5x0.625/MERRA2/2019/07/MERRA2.20190701.A3cld.05x0625.nc4
2096.361,hit,false,0.000,0,342.671,400,GEOS_0.5x0.625/MERRA2/2019/07/MERRA2.20190701.A3cld.05x0625.nc4
2096.393,hit,false,0.000,0,342.703,400,GEOS_0.5x0.625/MERRA2/2019/07/MERRA2.20190701.A3cld.05x0625.nc4
2096.425,hit,false,0.000,0,342.735,400,GEOS_0.5x0.625/MERRA2/2019/07/MERRA2.20190701.A3cld.05x0625.nc4
2096.449,hit,false,0.000,0,342.759,400,GEOS_0.5x0.625/MERRA2/2019/07/MERRA2.20190701.A3cld.05x0625.nc4
2096.482,hit,false,0.000,0,342.792,400,GEOS_0.5x0.625/MERRA2/2019/07/MERRA2.20190701.A3cld.05x0625.nc4
2096.509,hit,false,0.000,0,342.819,400,GEOS_0.5x0.625/MERRA2/2019/07/MERRA2.20190701.A3cld.05x0625.nc4
2096.541,hit,false,0.000,0,342.241,401,GEOS_0.5x0.625/MERRA2/2019/07/MERRA2.20190701.A3cld.05x0625.nc4
2096.569,hit,false,0.000,0,342.269,401,GEOS_0.5x0.625/MERRA2/2019/07/MERRA2.20190701.A3cld.05x0625.nc4
2096.605,hit,false,0.000,0,342.305,401,GEOS_0.5x0.625/MERRA2/2019/07/MERRA2.20190701.A3cld.05x0625.nc4
2096.627,hit,false,0.000,0,342.327,401,GEOS_0.5x0.625/MERRA2/2019/07/MERRA2.20190701.A3cld.05x0625.nc4
2096.672,hit,false,0.000,0,342.372,401,GEOS_0.5x0.625/MERRA2/2019/07/MERRA2.20190701.A3cld.05x0625.nc4
2096.693,hit,false,0.000,0,342.394,401,GEOS_0.5x0.625/MERRA2/2019/07/MERRA2.20190701.A3cld.05x0625.nc4
2096.736,hit,false,0.000,0,342.437,401,GEOS_0.5x0.625/MERRA2/2019/07/MERRA2.20190701.A3cld.05x0625.nc4
2096.758,hit,false,0.000,0,342.458,401,GEOS_0.5x0.625/MERRA2/2019/07/MERRA2.20190701.A3cld.05x0625.nc4
2096.801,hit,false,0.000,0,342.499,402,GEOS_0.5x0.625/MERRA2/2019/07/MERRA2.20190701.A3cld.05x0625.nc4
2096.825,hit,false,0.000,0,342.523,402,GEOS_0.5x0.625/MERRA2/2019/07/MERRA2.20190701.A3cld.05x0625.nc4
2096.868,hit,false,0.000,0,342.565,402,GEOS_0.5x0.625/MERRA2/2019/07/MERRA2.20190701.A3cld.05x0625.nc4
2096.891,hit,false,0.000,0,342.589,402,GEOS_0.5x0.625/MERRA2/2019/07/MERRA2.20190701.A3cld.05x0625.nc4
2096.926,hit,false,0.000,0,342.623,402,GEOS_0.5x0.625/MERRA2/2019/07/MERRA2.20190701.A3cld.05x0625.nc4
2096.952,hit,false,0.000,0,342.649,402,GEOS_0.5x0.625/MERRA2/2019/07/MERRA2.20190701.A3cld.05x0625.nc4
2097.051,hit,false,0.000,0,342.748,402,GEOS_0.5x0.625/MERRA2/2019/07/MERRA2.20190701.A3cld.05x0625.nc4
2097.074,hit,false,0.000,0,342.772,402,GEOS_0.5x0.625/MERRA2/2019/07/MERRA2.20190701.A3cld.05x0625.nc4
2097.109,hit,false,0.000,0,342.804,403,GEOS_0.5x0.625/MERRA2/2019/07/MERRA2.20190701.A3cld.05x0625.nc4
2097.152,hit,false,0.000,0,342.848,403,GEOS_0.5x0.625/MERRA2/2019/07/MERRA2.20190701.A3cld.05x0625.nc4
2097.176,hit,false,0.000,0,342.871,403,GEOS_0.5x0.625/MERRA2/2019/07/MERRA2.20190701.A3cld.05x0625.nc4
2097.219,hit,false,0.000,0,342.915,403,GEOS_0.5x0.625/MERRA2/2019/07/MERRA2.20190701.A3cld.05x0625.nc4
2097.242,hit,false,0.000,0,342.937,403,GEOS_0.5x0.625/MERRA2/2019/07/MERRA2.20190701.A3cld.05x0625.nc4
2097.273,hit,false,0.000,0,342.969,403,GEOS_0.5x0.625/MERRA2/2019/07/MERRA2.20190701.A3cld.05x0625.nc4
2097.299,hit,false,0.000,0,342.995,403,GEOS_0.5x0.625/MERRA2/2019/07/MERRA2.20190701.A3cld.05x0625.nc4
2097.329,hit,false,0.000,0,343.025,403,GEOS_0.5x0.625/MERRA2/2019/07/MERRA2.20190701.A3cld.05x0625.nc4
2097.359,hit,false,0.000,0,343.053,404,GEOS_0.5x0.625/MERRA2/2019/07/MERRA2.20190701.A3cld.05x0625.nc4
2097.404,hit,false,0.000,0,343.098,404,GEOS_0.5x0.625/MERRA2/2019/07/MERRA2.20190701.A3cld.05x0625.nc4
