ms,kind,prefetched,wait_ms,inflight,lag_ms,chunk,key
873.400,open,false,-1.000,0,-1.000,259688793,GEOS_0.5x0.625/MERRA2/2019/07/MERRA2.20190701.A3mstC.05x0625.nc4
873.553,uncovered,false,30.858,0,-1.000,0,GEOS_0.5x0.625/MERRA2/2019/07/MERRA2.20190701.A3mstC.05x0625.nc4
904.566,hit,false,0.000,0,-1.000,0,GEOS_0.5x0.625/MERRA2/2019/07/MERRA2.20190701.A3mstC.05x0625.nc4
904.606,hit,false,0.000,0,-1.000,0,GEOS_0.5x0.625/MERRA2/2019/07/MERRA2.20190701.A3mstC.05x0625.nc4
904.716,hit,false,0.000,0,-1.000,0,GEOS_0.5x0.625/MERRA2/2019/07/MERRA2.20190701.A3mstC.05x0625.nc4
904.775,hit,false,0.000,0,-1.000,0,GEOS_0.5x0.625/MERRA2/2019/07/MERRA2.20190701.A3mstC.05x0625.nc4
904.842,hit,false,0.000,0,-1.000,0,GEOS_0.5x0.625/MERRA2/2019/07/MERRA2.20190701.A3mstC.05x0625.nc4
904.904,hit,false,0.000,0,-1.000,0,GEOS_0.5x0.625/MERRA2/2019/07/MERRA2.20190701.A3mstC.05x0625.nc4
904.955,hit,false,0.000,0,-1.000,0,GEOS_0.5x0.625/MERRA2/2019/07/MERRA2.20190701.A3mstC.05x0625.nc4
905.009,uncovered,false,31.381,0,-1.000,1,GEOS_0.5x0.625/MERRA2/2019/07/MERRA2.20190701.A3mstC.05x0625.nc4
905.073,uncovered,false,31.390,0,-1.000,1,GEOS_0.5x0.625/MERRA2/2019/07/MERRA2.20190701.A3mstC.05x0625.nc4
936.480,hit,false,0.000,0,-1.000,1,GEOS_0.5x0.625/MERRA2/2019/07/MERRA2.20190701.A3mstC.05x0625.nc4
936.544,hit,false,0.000,0,-1.000,1,GEOS_0.5x0.625/MERRA2/2019/07/MERRA2.20190701.A3mstC.05x0625.nc4
936.573,hit,false,0.000,0,-1.000,1,GEOS_0.5x0.625/MERRA2/2019/07/MERRA2.20190701.A3mstC.05x0625.nc4
936.606,hit,false,0.000,0,-1.000,1,GEOS_0.5x0.625/MERRA2/2019/07/MERRA2.20190701.A3mstC.05x0625.nc4
936.633,hit,false,0.000,0,-1.000,1,GEOS_0.5x0.625/MERRA2/2019/07/MERRA2.20190701.A3mstC.05x0625.nc4
936.673,hit,false,0.000,0,-1.000,1,GEOS_0.5x0.625/MERRA2/2019/07/MERRA2.20190701.A3mstC.05x0625.nc4
936.702,uncovered,false,56.245,0,-1.000,2,GEOS_0.5x0.625/MERRA2/2019/07/MERRA2.20190701.A3mstC.05x0625.nc4
936.762,uncovered,false,56.238,0,-1.000,2,GEOS_0.5x0.625/MERRA2/2019/07/MERRA2.20190701.A3mstC.05x0625.nc4
993.052,hit,false,0.000,0,-1.000,2,GEOS_0.5x0.625/MERRA2/2019/07/MERRA2.20190701.A3mstC.05x0625.nc4
993.085,hit,false,0.000,0,-1.000,2,GEOS_0.5x0.625/MERRA2/2019/07/MERRA2.20190701.A3mstC.05x0625.nc4
993.124,hit,false,0.000,0,-1.000,2,GEOS_0.5x0.625/MERRA2/2019/07/MERRA2.20190701.A3mstC.05x0625.nc4
993.150,hit,false,0.000,0,-1.000,2,GEOS_0.5x0.625/MERRA2/2019/07/MERRA2.20190701.A3mstC.05x0625.nc4
993.191,hit,false,0.000,0,-1.000,2,GEOS_0.5x0.625/MERRA2/2019/07/MERRA2.20190701.A3mstC.05x0625.nc4
993.215,hit,false,0.000,0,-1.000,2,GEOS_0.5x0.625/MERRA2/2019/07/MERRA2.20190701.A3mstC.05x0625.nc4
993.260,uncovered,false,38.449,0,-1.000,3,GEOS_0.5x0.625/MERRA2/2019/07/MERRA2.20190701.A3mstC.05x0625.nc4
993.293,uncovered,false,38.536,0,-1.000,3,GEOS_0.5x0.625/MERRA2/2019/07/MERRA2.20190701.A3mstC.05x0625.nc4
1031.790,hit,false,0.000,0,-1.000,3,GEOS_0.5x0.625/MERRA2/2019/07/MERRA2.20190701.A3mstC.05x0625.nc4
1031.914,hit,false,0.000,0,-1.000,3,GEOS_0.5x0.625/MERRA2/2019/07/MERRA2.20190701.A3mstC.05x0625.nc4
1031.939,hit,false,0.000,0,-1.000,3,GEOS_0.5x0.625/MERRA2/2019/07/MERRA2.20190701.A3mstC.05x0625.nc4
1031.992,hit,false,0.000,0,-1.000,3,GEOS_0.5x0.625/MERRA2/2019/07/MERRA2.20190701.A3mstC.05x0625.nc4
1032.015,hit,false,0.000,0,-1.000,3,GEOS_0.5x0.625/MERRA2/2019/07/MERRA2.20190701.A3mstC.05x0625.nc4
1032.067,hit,false,0.000,0,-1.000,3,GEOS_0.5x0.625/MERRA2/2019/07/MERRA2.20190701.A3mstC.05x0625.nc4
1032.087,uncovered,false,27.825,0,-1.000,4,GEOS_0.5x0.625/MERRA2/2019/07/MERRA2.20190701.A3mstC.05x0625.nc4
1032.139,uncovered,false,27.827,0,-1.000,4,GEOS_0.5x0.625/MERRA2/2019/07/MERRA2.20190701.A3mstC.05x0625.nc4
1060.000,hit,false,0.000,0,-1.000,4,GEOS_0.5x0.625/MERRA2/2019/07/MERRA2.20190701.A3mstC.05x0625.nc4
1060.032,hit,false,0.000,0,-1.000,4,GEOS_0.5x0.625/MERRA2/2019/07/MERRA2.20190701.A3mstC.05x0625.nc4
1060.083,hit,false,0.000,0,-1.000,4,GEOS_0.5x0.625/MERRA2/2019/07/MERRA2.20190701.A3mstC.05x0625.nc4
1060.106,hit,false,0.000,0,-1.000,4,GEOS_0.5x0.625/MERRA2/2019/07/MERRA2.20190701.A3mstC.05x0625.nc4
1060.159,hit,false,0.000,0,-1.000,4,GEOS_0.5x0.625/MERRA2/2019/07/MERRA2.20190701.A3mstC.05x0625.nc4
1060.186,hit,false,0.000,0,-1.000,4,GEOS_0.5x0.625/MERRA2/2019/07/MERRA2.20190701.A3mstC.05x0625.nc4
1060.217,uncovered,false,34.223,0,-1.000,5,GEOS_0.5x0.625/MERRA2/2019/07/MERRA2.20190701.A3mstC.05x0625.nc4
1060.260,uncovered,false,34.248,0,-1.000,5,GEOS_0.5x0.625/MERRA2/2019/07/MERRA2.20190701.A3mstC.05x0625.nc4
1094.535,hit,false,0.000,0,-1.000,5,GEOS_0.5x0.625/MERRA2/2019/07/MERRA2.20190701.A3mstC.05x0625.nc4
1094.586,hit,false,0.000,0,-1.000,5,GEOS_0.5x0.625/MERRA2/2019/07/MERRA2.20190701.A3mstC.05x0625.nc4
1094.613,hit,false,0.000,0,-1.000,5,GEOS_0.5x0.625/MERRA2/2019/07/MERRA2.20190701.A3mstC.05x0625.nc4
1094.658,hit,false,0.000,0,-1.000,5,GEOS_0.5x0.625/MERRA2/2019/07/MERRA2.20190701.A3mstC.05x0625.nc4
1094.691,hit,false,0.000,0,-1.000,5,GEOS_0.5x0.625/MERRA2/2019/07/MERRA2.20190701.A3mstC.05x0625.nc4
1094.732,hit,false,0.000,0,-1.000,5,GEOS_0.5x0.625/MERRA2/2019/07/MERRA2.20190701.A3mstC.05x0625.nc4
1094.758,uncovered,false,28.200,0,-1.000,6,GEOS_0.5x0.625/MERRA2/2019/07/MERRA2.20190701.A3mstC.05x0625.nc4
1094.806,uncovered,false,28.204,0,-1.000,6,GEOS_0.5x0.625/MERRA2/2019/07/MERRA2.20190701.A3mstC.05x0625.nc4
1123.052,hit,false,0.000,0,-1.000,6,GEOS_0.5x0.625/MERRA2/2019/07/MERRA2.20190701.A3mstC.05x0625.nc4
1123.095,hit,false,0.000,0,-1.000,6,GEOS_0.5x0.625/MERRA2/2019/07/MERRA2.20190701.A3mstC.05x0625.nc4
1123.137,hit,false,0.000,0,-1.000,6,GEOS_0.5x0.625/MERRA2/2019/07/MERRA2.20190701.A3mstC.05x0625.nc4
1123.170,hit,false,0.000,0,-1.000,6,GEOS_0.5x0.625/MERRA2/2019/07/MERRA2.20190701.A3mstC.05x0625.nc4
1123.215,hit,false,0.000,0,-1.000,6,GEOS_0.5x0.625/MERRA2/2019/07/MERRA2.20190701.A3mstC.05x0625.nc4
1123.249,hit,false,0.000,0,-1.000,6,GEOS_0.5x0.625/MERRA2/2019/07/MERRA2.20190701.A3mstC.05x0625.nc4
1123.287,uncovered,false,32.303,0,-1.000,7,GEOS_0.5x0.625/MERRA2/2019/07/MERRA2.20190701.A3mstC.05x0625.nc4
1123.324,uncovered,false,32.340,0,-1.000,7,GEOS_0.5x0.625/MERRA2/2019/07/MERRA2.20190701.A3mstC.05x0625.nc4
1155.695,hit,false,0.000,0,-1.000,7,GEOS_0.5x0.625/MERRA2/2019/07/MERRA2.20190701.A3mstC.05x0625.nc4
1155.742,hit,false,0.000,0,-1.000,7,GEOS_0.5x0.625/MERRA2/2019/07/MERRA2.20190701.A3mstC.05x0625.nc4
1155.772,hit,false,0.000,0,-1.000,7,GEOS_0.5x0.625/MERRA2/2019/07/MERRA2.20190701.A3mstC.05x0625.nc4
1155.801,hit,false,0.000,0,-1.000,7,GEOS_0.5x0.625/MERRA2/2019/07/MERRA2.20190701.A3mstC.05x0625.nc4
1155.834,hit,false,0.000,0,-1.000,7,GEOS_0.5x0.625/MERRA2/2019/07/MERRA2.20190701.A3mstC.05x0625.nc4
1155.861,hit,false,0.000,0,-1.000,7,GEOS_0.5x0.625/MERRA2/2019/07/MERRA2.20190701.A3mstC.05x0625.nc4
1155.893,uncovered,false,29.445,0,-1.000,8,GEOS_0.5x0.625/MERRA2/2019/07/MERRA2.20190701.A3mstC.05x0625.nc4
1155.925,uncovered,false,29.475,0,-1.000,8,GEOS_0.5x0.625/MERRA2/2019/07/MERRA2.20190701.A3mstC.05x0625.nc4
1185.439,hit,false,0.000,8,-1.000,8,GEOS_0.5x0.625/MERRA2/2019/07/MERRA2.20190701.A3mstC.05x0625.nc4
1185.475,hit,false,0.000,15,-1.000,8,GEOS_0.5x0.625/MERRA2/2019/07/MERRA2.20190701.A3mstC.05x0625.nc4
1185.508,hit,false,0.000,23,-1.000,8,GEOS_0.5x0.625/MERRA2/2019/07/MERRA2.20190701.A3mstC.05x0625.nc4
1185.593,hit,false,0.000,29,-1.000,8,GEOS_0.5x0.625/MERRA2/2019/07/MERRA2.20190701.A3mstC.05x0625.nc4
1185.621,hit,false,0.000,29,-1.000,8,GEOS_0.5x0.625/MERRA2/2019/07/MERRA2.20190701.A3mstC.05x0625.nc4
1185.731,hit,false,0.000,32,-1.000,8,GEOS_0.5x0.625/MERRA2/2019/07/MERRA2.20190701.A3mstC.05x0625.nc4
1185.759,uncovered,false,55.539,27,-1.000,9,GEOS_0.5x0.625/MERRA2/2019/07/MERRA2.20190701.A3mstC.05x0625.nc4
1185.799,uncovered,false,55.556,27,-1.000,9,GEOS_0.5x0.625/MERRA2/2019/07/MERRA2.20190701.A3mstC.05x0625.nc4
1241.407,hit,false,0.000,27,-1.000,9,GEOS_0.5x0.625/MERRA2/2019/07/MERRA2.20190701.A3mstC.05x0625.nc4
1241.480,hit,false,0.000,27,-1.000,9,GEOS_0.5x0.625/MERRA2/2019/07/MERRA2.20190701.A3mstC.05x0625.nc4
1241.550,hit,false,0.000,27,-1.000,9,GEOS_0.5x0.625/MERRA2/2019/07/MERRA2.20190701.A3mstC.05x0625.nc4
1241.568,hit,false,0.000,27,-1.000,9,GEOS_0.5x0.625/MERRA2/2019/07/MERRA2.20190701.A3mstC.05x0625.nc4
1241.628,hit,false,0.000,27,-1.000,9,GEOS_0.5x0.625/MERRA2/2019/07/MERRA2.20190701.A3mstC.05x0625.nc4
1241.652,hit,false,0.000,27,-1.000,9,GEOS_0.5x0.625/MERRA2/2019/07/MERRA2.20190701.A3mstC.05x0625.nc4
1241.698,uncovered,false,28.967,13,-1.000,10,GEOS_0.5x0.625/MERRA2/2019/07/MERRA2.20190701.A3mstC.05x0625.nc4
1241.727,uncovered,false,28.965,13,-1.000,10,GEOS_0.5x0.625/MERRA2/2019/07/MERRA2.20190701.A3mstC.05x0625.nc4
1270.781,hit,false,0.000,13,-1.000,10,GEOS_0.5x0.625/MERRA2/2019/07/MERRA2.20190701.A3mstC.05x0625.nc4
1270.834,hit,false,0.000,13,-1.000,10,GEOS_0.5x0.625/MERRA2/2019/07/MERRA2.20190701.A3mstC.05x0625.nc4
1270.926,hit,false,0.000,13,-1.000,10,GEOS_0.5x0.625/MERRA2/2019/07/MERRA2.20190701.A3mstC.05x0625.nc4
1270.934,hit,false,0.000,13,-1.000,10,GEOS_0.5x0.625/MERRA2/2019/07/MERRA2.20190701.A3mstC.05x0625.nc4
1271.064,hit,false,0.000,13,-1.000,10,GEOS_0.5x0.625/MERRA2/2019/07/MERRA2.20190701.A3mstC.05x0625.nc4
1271.093,hit,false,0.000,13,-1.000,10,GEOS_0.5x0.625/MERRA2/2019/07/MERRA2.20190701.A3mstC.05x0625.nc4
1271.150,uncovered,false,25.730,0,-1.000,11,GEOS_0.5x0.625/MERRA2/2019/07/MERRA2.20190701.A3mstC.05x0625.nc4
1271.176,uncovered,false,25.773,0,-1.000,11,GEOS_0.5x0.625/MERRA2/2019/07/MERRA2.20190701.A3mstC.05x0625.nc4
1296.969,hit,false,0.000,0,-1.000,11,GEOS_0.5x0.625/MERRA2/2019/07/MERRA2.20190701.A3mstC.05x0625.nc4
1297.029,hit,false,0.000,0,-1.000,11,GEOS_0.5x0.625/MERRA2/2019/07/MERRA2.20190701.A3mstC.05x0625.nc4
1297.057,hit,false,0.000,0,-1.000,11,GEOS_0.5x0.625/MERRA2/2019/07/MERRA2.20190701.A3mstC.05x0625.nc4
1297.101,hit,false,0.000,0,-1.000,11,GEOS_0.5x0.625/MERRA2/2019/07/MERRA2.20190701.A3mstC.05x0625.nc4
1297.132,hit,false,0.000,0,-1.000,11,GEOS_0.5x0.625/MERRA2/2019/07/MERRA2.20190701.A3mstC.05x0625.nc4
1297.163,hit,false,0.000,0,-1.000,11,GEOS_0.5x0.625/MERRA2/2019/07/MERRA2.20190701.A3mstC.05x0625.nc4
1297.191,uncovered,false,22.825,0,-1.000,12,GEOS_0.5x0.625/MERRA2/2019/07/MERRA2.20190701.A3mstC.05x0625.nc4
1297.225,uncovered,false,22.860,0,-1.000,12,GEOS_0.5x0.625/MERRA2/2019/07/MERRA2.20190701.A3mstC.05x0625.nc4
1320.127,hit,false,0.000,0,-1.000,12,GEOS_0.5x0.625/MERRA2/2019/07/MERRA2.20190701.A3mstC.05x0625.nc4
1320.165,hit,false,0.000,0,-1.000,12,GEOS_0.5x0.625/MERRA2/2019/07/MERRA2.20190701.A3mstC.05x0625.nc4
1320.190,hit,false,0.000,0,-1.000,12,GEOS_0.5x0.625/MERRA2/2019/07/MERRA2.20190701.A3mstC.05x0625.nc4
1320.240,hit,false,0.000,0,-1.000,12,GEOS_0.5x0.625/MERRA2/2019/07/MERRA2.20190701.A3mstC.05x0625.nc4
1320.264,hit,false,0.000,0,-1.000,12,GEOS_0.5x0.625/MERRA2/2019/07/MERRA2.20190701.A3mstC.05x0625.nc4
1320.306,hit,false,0.000,0,-1.000,12,GEOS_0.5x0.625/MERRA2/2019/07/MERRA2.20190701.A3mstC.05x0625.nc4
1320.332,uncovered,false,25.823,0,-1.000,13,GEOS_0.5x0.625/MERRA2/2019/07/MERRA2.20190701.A3mstC.05x0625.nc4
1320.371,uncovered,false,25.896,0,-1.000,13,GEOS_0.5x0.625/MERRA2/2019/07/MERRA2.20190701.A3mstC.05x0625.nc4
1346.236,hit,false,0.000,0,-1.000,13,GEOS_0.5x0.625/MERRA2/2019/07/MERRA2.20190701.A3mstC.05x0625.nc4
1346.329,hit,false,0.000,0,-1.000,13,GEOS_0.5x0.625/MERRA2/2019/07/MERRA2.20190701.A3mstC.05x0625.nc4
1346.357,hit,false,0.000,0,-1.000,13,GEOS_0.5x0.625/MERRA2/2019/07/MERRA2.20190701.A3mstC.05x0625.nc4
1346.402,hit,false,0.000,0,-1.000,13,GEOS_0.5x0.625/MERRA2/2019/07/MERRA2.20190701.A3mstC.05x0625.nc4
1346.426,hit,false,0.000,0,-1.000,13,GEOS_0.5x0.625/MERRA2/2019/07/MERRA2.20190701.A3mstC.05x0625.nc4
1346.479,hit,false,0.000,0,-1.000,13,GEOS_0.5x0.625/MERRA2/2019/07/MERRA2.20190701.A3mstC.05x0625.nc4
1346.504,uncovered,false,30.452,0,-1.000,14,GEOS_0.5x0.625/MERRA2/2019/07/MERRA2.20190701.A3mstC.05x0625.nc4
1346.544,uncovered,false,30.481,0,-1.000,14,GEOS_0.5x0.625/MERRA2/2019/07/MERRA2.20190701.A3mstC.05x0625.nc4
1377.045,hit,false,0.000,0,-1.000,14,GEOS_0.5x0.625/MERRA2/2019/07/MERRA2.20190701.A3mstC.05x0625.nc4
1377.113,hit,false,0.000,0,-1.000,14,GEOS_0.5x0.625/MERRA2/2019/07/MERRA2.20190701.A3mstC.05x0625.nc4
1377.130,hit,false,0.000,0,-1.000,14,GEOS_0.5x0.625/MERRA2/2019/07/MERRA2.20190701.A3mstC.05x0625.nc4
1377.198,hit,false,0.000,0,-1.000,14,GEOS_0.5x0.625/MERRA2/2019/07/MERRA2.20190701.A3mstC.05x0625.nc4
1377.230,hit,false,0.000,0,-1.000,14,GEOS_0.5x0.625/MERRA2/2019/07/MERRA2.20190701.A3mstC.05x0625.nc4
1377.264,hit,false,0.000,0,-1.000,14,GEOS_0.5x0.625/MERRA2/2019/07/MERRA2.20190701.A3mstC.05x0625.nc4
1377.294,uncovered,false,30.688,0,-1.000,15,GEOS_0.5x0.625/MERRA2/2019/07/MERRA2.20190701.A3mstC.05x0625.nc4
1377.357,uncovered,false,30.721,0,-1.000,15,GEOS_0.5x0.625/MERRA2/2019/07/MERRA2.20190701.A3mstC.05x0625.nc4
1408.070,hit,false,0.000,0,-1.000,15,GEOS_0.5x0.625/MERRA2/2019/07/MERRA2.20190701.A3mstC.05x0625.nc4
1408.158,hit,false,0.000,0,-1.000,15,GEOS_0.5x0.625/MERRA2/2019/07/MERRA2.20190701.A3mstC.05x0625.nc4
1408.186,hit,false,0.000,0,-1.000,15,GEOS_0.5x0.625/MERRA2/2019/07/MERRA2.20190701.A3mstC.05x0625.nc4
1408.228,hit,false,0.000,0,-1.000,15,GEOS_0.5x0.625/MERRA2/2019/07/MERRA2.20190701.A3mstC.05x0625.nc4
1408.265,hit,false,0.000,0,-1.000,15,GEOS_0.5x0.625/MERRA2/2019/07/MERRA2.20190701.A3mstC.05x0625.nc4
1408.295,hit,false,0.000,0,-1.000,15,GEOS_0.5x0.625/MERRA2/2019/07/MERRA2.20190701.A3mstC.05x0625.nc4
1408.326,hit,false,0.000,0,222.908,16,GEOS_0.5x0.625/MERRA2/2019/07/MERRA2.20190701.A3mstC.05x0625.nc4
1408.359,hit,false,0.000,0,222.942,16,GEOS_0.5x0.625/MERRA2/2019/07/MERRA2.20190701.A3mstC.05x0625.nc4
1408.446,hit,false,0.000,29,223.028,16,GEOS_0.5x0.625/MERRA2/2019/07/MERRA2.20190701.A3mstC.05x0625.nc4
1408.449,hit,false,0.000,25,223.031,16,GEOS_0.5x0.625/MERRA2/2019/07/MERRA2.20190701.A3mstC.05x0625.nc4
1408.554,hit,false,0.000,34,223.137,16,GEOS_0.5x0.625/MERRA2/2019/07/MERRA2.20190701.A3mstC.05x0625.nc4
1408.582,hit,false,0.000,40,223.165,16,GEOS_0.5x0.625/MERRA2/2019/07/MERRA2.20190701.A3mstC.05x0625.nc4
1408.637,hit,false,0.000,40,223.219,16,GEOS_0.5x0.625/MERRA2/2019/07/MERRA2.20190701.A3mstC.05x0625.nc4
1408.663,hit,false,0.000,40,223.245,16,GEOS_0.5x0.625/MERRA2/2019/07/MERRA2.20190701.A3mstC.05x0625.nc4
1408.723,hit,false,0.000,40,223.302,17,GEOS_0.5x0.625/MERRA2/2019/07/MERRA2.20190701.A3mstC.05x0625.nc4
1408.750,hit,false,0.000,40,223.329,17,GEOS_0.5x0.625/MERRA2/2019/07/MERRA2.20190701.A3mstC.05x0625.nc4
1408.808,hit,false,0.000,40,223.388,17,GEOS_0.5x0.625/MERRA2/2019/07/MERRA2.20190701.A3mstC.05x0625.nc4
1408.837,hit,false,0.000,40,223.416,17,GEOS_0.5x0.625/MERRA2/2019/07/MERRA2.20190701.A3mstC.05x0625.nc4
1408.883,hit,false,0.000,40,223.462,17,GEOS_0.5x0.625/MERRA2/2019/07/MERRA2.20190701.A3mstC.05x0625.nc4
1408.910,hit,false,0.000,40,223.489,17,GEOS_0.5x0.625/MERRA2/2019/07/MERRA2.20190701.A3mstC.05x0625.nc4
1408.961,hit,false,0.000,40,223.540,17,GEOS_0.5x0.625/MERRA2/2019/07/MERRA2.20190701.A3mstC.05x0625.nc4
1408.986,hit,false,0.000,40,223.565,17,GEOS_0.5x0.625/MERRA2/2019/07/MERRA2.20190701.A3mstC.05x0625.nc4
1409.037,hit,false,0.000,40,223.614,18,GEOS_0.5x0.625/MERRA2/2019/07/MERRA2.20190701.A3mstC.05x0625.nc4
1409.067,hit,false,0.000,40,223.645,18,GEOS_0.5x0.625/MERRA2/2019/07/MERRA2.20190701.A3mstC.05x0625.nc4
1409.111,hit,false,0.000,40,223.688,18,GEOS_0.5x0.625/MERRA2/2019/07/MERRA2.20190701.A3mstC.05x0625.nc4
1409.142,hit,false,0.000,40,223.719,18,GEOS_0.5x0.625/MERRA2/2019/07/MERRA2.20190701.A3mstC.05x0625.nc4
1409.184,hit,false,0.000,40,223.762,18,GEOS_0.5x0.625/MERRA2/2019/07/MERRA2.20190701.A3mstC.05x0625.nc4
1409.213,hit,false,0.000,40,223.791,18,GEOS_0.5x0.625/MERRA2/2019/07/MERRA2.20190701.A3mstC.05x0625.nc4
1409.259,hit,false,0.000,40,223.836,18,GEOS_0.5x0.625/MERRA2/2019/07/MERRA2.20190701.A3mstC.05x0625.nc4
1409.285,hit,false,0.000,40,223.862,18,GEOS_0.5x0.625/MERRA2/2019/07/MERRA2.20190701.A3mstC.05x0625.nc4
1409.326,hit,false,0.000,40,223.902,19,GEOS_0.5x0.625/MERRA2/2019/07/MERRA2.20190701.A3mstC.05x0625.nc4
1409.359,hit,false,0.000,40,223.935,19,GEOS_0.5x0.625/MERRA2/2019/07/MERRA2.20190701.A3mstC.05x0625.nc4
1409.406,hit,false,0.000,40,223.982,19,GEOS_0.5x0.625/MERRA2/2019/07/MERRA2.20190701.A3mstC.05x0625.nc4
1409.433,hit,false,0.000,40,224.009,19,GEOS_0.5x0.625/MERRA2/2019/07/MERRA2.20190701.A3mstC.05x0625.nc4
1409.475,hit,false,0.000,40,224.051,19,GEOS_0.5x0.625/MERRA2/2019/07/MERRA2.20190701.A3mstC.05x0625.nc4
1409.507,hit,false,0.000,40,224.083,19,GEOS_0.5x0.625/MERRA2/2019/07/MERRA2.20190701.A3mstC.05x0625.nc4
1409.547,hit,false,0.000,40,224.123,19,GEOS_0.5x0.625/MERRA2/2019/07/MERRA2.20190701.A3mstC.05x0625.nc4
1409.573,hit,false,0.000,40,224.149,19,GEOS_0.5x0.625/MERRA2/2019/07/MERRA2.20190701.A3mstC.05x0625.nc4
1409.620,hit,false,0.000,40,224.194,20,GEOS_0.5x0.625/MERRA2/2019/07/MERRA2.20190701.A3mstC.05x0625.nc4
1409.648,hit,false,0.000,40,224.222,20,GEOS_0.5x0.625/MERRA2/2019/07/MERRA2.20190701.A3mstC.05x0625.nc4
1409.690,hit,false,0.000,40,224.264,20,GEOS_0.5x0.625/MERRA2/2019/07/MERRA2.20190701.A3mstC.05x0625.nc4
1409.720,hit,false,0.000,40,224.294,20,GEOS_0.5x0.625/MERRA2/2019/07/MERRA2.20190701.A3mstC.05x0625.nc4
1409.760,hit,false,0.000,40,224.333,20,GEOS_0.5x0.625/MERRA2/2019/07/MERRA2.20190701.A3mstC.05x0625.nc4
1409.793,hit,false,0.000,40,224.367,20,GEOS_0.5x0.625/MERRA2/2019/07/MERRA2.20190701.A3mstC.05x0625.nc4
1409.825,hit,false,0.000,40,224.399,20,GEOS_0.5x0.625/MERRA2/2019/07/MERRA2.20190701.A3mstC.05x0625.nc4
1409.856,hit,false,0.000,40,224.430,20,GEOS_0.5x0.625/MERRA2/2019/07/MERRA2.20190701.A3mstC.05x0625.nc4
1409.886,hit,false,0.000,40,224.458,21,GEOS_0.5x0.625/MERRA2/2019/07/MERRA2.20190701.A3mstC.05x0625.nc4
1409.914,hit,false,0.000,40,224.486,21,GEOS_0.5x0.625/MERRA2/2019/07/MERRA2.20190701.A3mstC.05x0625.nc4
1409.953,hit,false,0.000,40,224.525,21,GEOS_0.5x0.625/MERRA2/2019/07/MERRA2.20190701.A3mstC.05x0625.nc4
1409.976,hit,false,0.000,40,224.549,21,GEOS_0.5x0.625/MERRA2/2019/07/MERRA2.20190701.A3mstC.05x0625.nc4
1410.025,hit,false,0.000,40,224.597,21,GEOS_0.5x0.625/MERRA2/2019/07/MERRA2.20190701.A3mstC.05x0625.nc4
1410.052,hit,false,0.000,40,224.625,21,GEOS_0.5x0.625/MERRA2/2019/07/MERRA2.20190701.A3mstC.05x0625.nc4
1410.098,hit,false,0.000,40,224.671,21,GEOS_0.5x0.625/MERRA2/2019/07/MERRA2.20190701.A3mstC.05x0625.nc4
1410.126,hit,false,0.000,40,224.698,21,GEOS_0.5x0.625/MERRA2/2019/07/MERRA2.20190701.A3mstC.05x0625.nc4
1410.167,hit,false,0.000,40,224.738,22,GEOS_0.5x0.625/MERRA2/2019/07/MERRA2.20190701.A3mstC.05x0625.nc4
1410.196,hit,false,0.000,40,224.768,22,GEOS_0.5x0.625/MERRA2/2019/07/MERRA2.20190701.A3mstC.05x0625.nc4
1410.242,hit,false,0.000,40,224.813,22,GEOS_0.5x0.625/MERRA2/2019/07/MERRA2.20190701.A3mstC.05x0625.nc4
1410.268,hit,false,0.000,40,224.839,22,GEOS_0.5x0.625/MERRA2/2019/07/MERRA2.20190701.A3mstC.05x0625.nc4
1410.306,hit,false,0.000,40,224.877,22,GEOS_0.5x0.625/MERRA2/2019/07/MERRA2.20190701.A3mstC.05x0625.nc4
1410.331,hit,false,0.000,40,224.902,22,GEOS_0.5x0.625/MERRA2/2019/07/MERRA2.20190701.A3mstC.05x0625.nc4
1410.371,hit,false,0.000,40,224.942,22,GEOS_0.5x0.625/MERRA2/2019/07/MERRA2.20190701.A3mstC.05x0625.nc4
1410.399,hit,false,0.000,40,224.970,22,GEOS_0.5x0.625/MERRA2/2019/07/MERRA2.20190701.A3mstC.05x0625.nc4
1410.437,hit,false,0.000,40,225.006,23,GEOS_0.5x0.625/MERRA2/2019/07/MERRA2.20190701.A3mstC.05x0625.nc4
1410.467,hit,false,0.000,40,225.037,23,GEOS_0.5x0.625/MERRA2/2019/07/MERRA2.20190701.A3mstC.05x0625.nc4
1410.504,hit,false,0.000,40,225.074,23,GEOS_0.5x0.625/MERRA2/2019/07/MERRA2.20190701.A3mstC.05x0625.nc4
1410.539,hit,false,0.000,40,225.108,23,GEOS_0.5x0.625/MERRA2/2019/07/MERRA2.20190701.A3mstC.05x0625.nc4
1410.570,hit,false,0.000,40,225.140,23,GEOS_0.5x0.625/MERRA2/2019/07/MERRA2.20190701.A3mstC.05x0625.nc4
1410.600,hit,false,0.000,40,225.169,23,GEOS_0.5x0.625/MERRA2/2019/07/MERRA2.20190701.A3mstC.05x0625.nc4
1410.634,hit,false,0.000,40,225.204,23,GEOS_0.5x0.625/MERRA2/2019/07/MERRA2.20190701.A3mstC.05x0625.nc4
1410.662,hit,false,0.000,40,225.232,23,GEOS_0.5x0.625/MERRA2/2019/07/MERRA2.20190701.A3mstC.05x0625.nc4
1410.698,hit,false,0.000,40,225.268,24,GEOS_0.5x0.625/MERRA2/2019/07/MERRA2.20190701.A3mstC.05x0625.nc4
1410.727,hit,false,0.000,40,225.297,24,GEOS_0.5x0.625/MERRA2/2019/07/MERRA2.20190701.A3mstC.05x0625.nc4
1410.780,hit,false,0.000,62,225.350,24,GEOS_0.5x0.625/MERRA2/2019/07/MERRA2.20190701.A3mstC.05x0625.nc4
1410.807,hit,false,0.000,72,225.376,24,GEOS_0.5x0.625/MERRA2/2019/07/MERRA2.20190701.A3mstC.05x0625.nc4
1410.846,hit,false,0.000,77,225.416,24,GEOS_0.5x0.625/MERRA2/2019/07/MERRA2.20190701.A3mstC.05x0625.nc4
1410.878,hit,false,0.000,80,225.447,24,GEOS_0.5x0.625/MERRA2/2019/07/MERRA2.20190701.A3mstC.05x0625.nc4
1410.916,hit,false,0.000,80,225.485,24,GEOS_0.5x0.625/MERRA2/2019/07/MERRA2.20190701.A3mstC.05x0625.nc4
1410.971,hit,false,0.000,80,225.541,24,GEOS_0.5x0.625/MERRA2/2019/07/MERRA2.20190701.A3mstC.05x0625.nc4
1410.997,hit,false,0.000,80,225.560,25,GEOS_0.5x0.625/MERRA2/2019/07/MERRA2.20190701.A3mstC.05x0625.nc4
1411.046,hit,false,0.000,80,225.609,25,GEOS_0.5x0.625/MERRA2/2019/07/MERRA2.20190701.A3mstC.05x0625.nc4
1411.079,hit,false,0.000,80,225.641,25,GEOS_0.5x0.625/MERRA2/2019/07/MERRA2.20190701.A3mstC.05x0625.nc4
1411.120,hit,false,0.000,80,225.683,25,GEOS_0.5x0.625/MERRA2/2019/07/MERRA2.20190701.A3mstC.05x0625.nc4
1411.158,hit,false,0.000,80,225.721,25,GEOS_0.5x0.625/MERRA2/2019/07/MERRA2.20190701.A3mstC.05x0625.nc4
1411.192,hit,false,0.000,80,225.755,25,GEOS_0.5x0.625/MERRA2/2019/07/MERRA2.20190701.A3mstC.05x0625.nc4
1411.227,hit,false,0.000,80,225.790,25,GEOS_0.5x0.625/MERRA2/2019/07/MERRA2.20190701.A3mstC.05x0625.nc4
1411.255,hit,false,0.000,80,225.817,25,GEOS_0.5x0.625/MERRA2/2019/07/MERRA2.20190701.A3mstC.05x0625.nc4
1411.281,hit,false,0.000,80,225.842,26,GEOS_0.5x0.625/MERRA2/2019/07/MERRA2.20190701.A3mstC.05x0625.nc4
1411.311,hit,false,0.000,80,225.872,26,GEOS_0.5x0.625/MERRA2/2019/07/MERRA2.20190701.A3mstC.05x0625.nc4
1411.339,hit,false,0.000,80,225.900,26,GEOS_0.5x0.625/MERRA2/2019/07/MERRA2.20190701.A3mstC.05x0625.nc4
1411.367,hit,false,0.000,80,225.928,26,GEOS_0.5x0.625/MERRA2/2019/07/MERRA2.20190701.A3mstC.05x0625.nc4
1411.397,hit,false,0.000,80,225.958,26,GEOS_0.5x0.625/MERRA2/2019/07/MERRA2.20190701.A3mstC.05x0625.nc4
1411.442,hit,false,0.000,80,226.003,26,GEOS_0.5x0.625/MERRA2/2019/07/MERRA2.20190701.A3mstC.05x0625.nc4
1411.479,hit,false,0.000,80,226.041,26,GEOS_0.5x0.625/MERRA2/2019/07/MERRA2.20190701.A3mstC.05x0625.nc4
1411.532,hit,false,0.000,80,226.093,26,GEOS_0.5x0.625/MERRA2/2019/07/MERRA2.20190701.A3mstC.05x0625.nc4
1411.571,hit,false,0.000,80,226.131,27,GEOS_0.5x0.625/MERRA2/2019/07/MERRA2.20190701.A3mstC.05x0625.nc4
1411.600,hit,false,0.000,80,226.159,27,GEOS_0.5x0.625/MERRA2/2019/07/MERRA2.20190701.A3mstC.05x0625.nc4
1411.640,hit,false,0.000,80,226.200,27,GEOS_0.5x0.625/MERRA2/2019/07/MERRA2.20190701.A3mstC.05x0625.nc4
1411.668,hit,false,0.000,80,226.228,27,GEOS_0.5x0.625/MERRA2/2019/07/MERRA2.20190701.A3mstC.05x0625.nc4
1411.710,hit,false,0.000,80,226.270,27,GEOS_0.5x0.625/MERRA2/2019/07/MERRA2.20190701.A3mstC.05x0625.nc4
1411.743,hit,false,0.000,80,226.303,27,GEOS_0.5x0.625/MERRA2/2019/07/MERRA2.20190701.A3mstC.05x0625.nc4
1411.782,hit,false,0.000,80,226.342,27,GEOS_0.5x0.625/MERRA2/2019/07/MERRA2.20190701.A3mstC.05x0625.nc4
1411.809,hit,false,0.000,80,226.368,27,GEOS_0.5x0.625/MERRA2/2019/07/MERRA2.20190701.A3mstC.05x0625.nc4
1411.839,hit,false,0.000,80,226.397,28,GEOS_0.5x0.625/MERRA2/2019/07/MERRA2.20190701.A3mstC.05x0625.nc4
1411.868,hit,false,0.000,80,226.427,28,GEOS_0.5x0.625/MERRA2/2019/07/MERRA2.20190701.A3mstC.05x0625.nc4
1411.907,hit,false,0.000,80,226.465,28,GEOS_0.5x0.625/MERRA2/2019/07/MERRA2.20190701.A3mstC.05x0625.nc4
1411.934,hit,false,0.000,80,226.493,28,GEOS_0.5x0.625/MERRA2/2019/07/MERRA2.20190701.A3mstC.05x0625.nc4
1411.971,hit,false,0.000,80,226.529,28,GEOS_0.5x0.625/MERRA2/2019/07/MERRA2.20190701.A3mstC.05x0625.nc4
1411.997,hit,false,0.000,80,226.555,28,GEOS_0.5x0.625/MERRA2/2019/07/MERRA2.20190701.A3mstC.05x0625.nc4
1412.037,hit,false,0.000,80,226.595,28,GEOS_0.5x0.625/MERRA2/2019/07/MERRA2.20190701.A3mstC.05x0625.nc4
1412.064,hit,false,0.000,80,226.622,28,GEOS_0.5x0.625/MERRA2/2019/07/MERRA2.20190701.A3mstC.05x0625.nc4
1412.096,hit,false,0.000,80,226.653,29,GEOS_0.5x0.625/MERRA2/2019/07/MERRA2.20190701.A3mstC.05x0625.nc4
1412.135,hit,false,0.000,80,226.693,29,GEOS_0.5x0.625/MERRA2/2019/07/MERRA2.20190701.A3mstC.05x0625.nc4
1412.167,hit,false,0.000,80,226.724,29,GEOS_0.5x0.625/MERRA2/2019/07/MERRA2.20190701.A3mstC.05x0625.nc4
1412.207,hit,false,0.000,80,226.764,29,GEOS_0.5x0.625/MERRA2/2019/07/MERRA2.20190701.A3mstC.05x0625.nc4
1412.249,hit,false,0.000,80,226.807,29,GEOS_0.5x0.625/MERRA2/2019/07/MERRA2.20190701.A3mstC.05x0625.nc4
1412.276,hit,false,0.000,80,226.834,29,GEOS_0.5x0.625/MERRA2/2019/07/MERRA2.20190701.A3mstC.05x0625.nc4
1412.316,hit,false,0.000,80,226.873,29,GEOS_0.5x0.625/MERRA2/2019/07/MERRA2.20190701.A3mstC.05x0625.nc4
1412.341,hit,false,0.000,80,226.898,29,GEOS_0.5x0.625/MERRA2/2019/07/MERRA2.20190701.A3mstC.05x0625.nc4
1412.379,hit,false,0.000,80,226.935,30,GEOS_0.5x0.625/MERRA2/2019/07/MERRA2.20190701.A3mstC.05x0625.nc4
1412.407,hit,false,0.000,80,226.963,30,GEOS_0.5x0.625/MERRA2/2019/07/MERRA2.20190701.A3mstC.05x0625.nc4
1412.467,hit,false,0.000,80,227.023,30,GEOS_0.5x0.625/MERRA2/2019/07/MERRA2.20190701.A3mstC.05x0625.nc4
1412.493,hit,false,0.000,80,227.049,30,GEOS_0.5x0.625/MERRA2/2019/07/MERRA2.20190701.A3mstC.05x0625.nc4
1412.524,hit,false,0.000,80,227.080,30,GEOS_0.5x0.625/MERRA2/2019/07/MERRA2.20190701.A3mstC.05x0625.nc4
1412.556,hit,false,0.000,80,227.112,30,GEOS_0.5x0.625/MERRA2/2019/07/MERRA2.20190701.A3mstC.05x0625.nc4
1412.587,hit,false,0.000,80,227.143,30,GEOS_0.5x0.625/MERRA2/2019/07/MERRA2.20190701.A3mstC.05x0625.nc4
1412.617,hit,false,0.000,80,227.173,30,GEOS_0.5x0.625/MERRA2/2019/07/MERRA2.20190701.A3mstC.05x0625.nc4
1412.643,hit,false,0.000,80,227.164,31,GEOS_0.5x0.625/MERRA2/2019/07/MERRA2.20190701.A3mstC.05x0625.nc4
1412.681,hit,false,0.000,80,227.202,31,GEOS_0.5x0.625/MERRA2/2019/07/MERRA2.20190701.A3mstC.05x0625.nc4
1412.708,hit,false,0.000,80,227.229,31,GEOS_0.5x0.625/MERRA2/2019/07/MERRA2.20190701.A3mstC.05x0625.nc4
1412.740,hit,false,0.000,80,227.261,31,GEOS_0.5x0.625/MERRA2/2019/07/MERRA2.20190701.A3mstC.05x0625.nc4
1412.768,hit,false,0.000,80,227.289,31,GEOS_0.5x0.625/MERRA2/2019/07/MERRA2.20190701.A3mstC.05x0625.nc4
1412.794,hit,false,0.000,80,227.315,31,GEOS_0.5x0.625/MERRA2/2019/07/MERRA2.20190701.A3mstC.05x0625.nc4
1412.824,hit,false,0.000,80,227.345,31,GEOS_0.5x0.625/MERRA2/2019/07/MERRA2.20190701.A3mstC.05x0625.nc4
1412.852,hit,false,0.000,80,227.373,31,GEOS_0.5x0.625/MERRA2/2019/07/MERRA2.20190701.A3mstC.05x0625.nc4
1412.880,hit,false,0.000,80,227.430,32,GEOS_0.5x0.625/MERRA2/2019/07/MERRA2.20190701.A3mstC.05x0625.nc4
1412.916,hit,false,0.000,80,227.466,32,GEOS_0.5x0.625/MERRA2/2019/07/MERRA2.20190701.A3mstC.05x0625.nc4
1412.975,hit,false,0.000,97,227.525,32,GEOS_0.5x0.625/MERRA2/2019/07/MERRA2.20190701.A3mstC.05x0625.nc4
1413.001,hit,false,0.000,104,227.551,32,GEOS_0.5x0.625/MERRA2/2019/07/MERRA2.20190701.A3mstC.05x0625.nc4
1413.036,hit,false,0.000,112,227.586,32,GEOS_0.5x0.625/MERRA2/2019/07/MERRA2.20190701.A3mstC.05x0625.nc4
1413.064,hit,false,0.000,112,227.614,32,GEOS_0.5x0.625/MERRA2/2019/07/MERRA2.20190701.A3mstC.05x0625.nc4
1413.096,hit,false,0.000,112,227.646,32,GEOS_0.5x0.625/MERRA2/2019/07/MERRA2.20190701.A3mstC.05x0625.nc4
1413.134,hit,false,0.000,120,227.684,32,GEOS_0.5x0.625/MERRA2/2019/07/MERRA2.20190701.A3mstC.05x0625.nc4
1413.160,hit,false,0.000,120,227.706,33,GEOS_0.5x0.625/MERRA2/2019/07/MERRA2.20190701.A3mstC.05x0625.nc4
1413.200,hit,false,0.000,120,227.746,33,GEOS_0.5x0.625/MERRA2/2019/07/MERRA2.20190701.A3mstC.05x0625.nc4
1413.235,hit,false,0.000,120,227.781,33,GEOS_0.5x0.625/MERRA2/2019/07/MERRA2.20190701.A3mstC.05x0625.nc4
1413.262,hit,false,0.000,120,227.808,33,GEOS_0.5x0.625/MERRA2/2019/07/MERRA2.20190701.A3mstC.05x0625.nc4
1413.296,hit,false,0.000,120,227.842,33,GEOS_0.5x0.625/MERRA2/2019/07/MERRA2.20190701.A3mstC.05x0625.nc4
1413.325,hit,false,0.000,120,227.871,33,GEOS_0.5x0.625/MERRA2/2019/07/MERRA2.20190701.A3mstC.05x0625.nc4
1413.368,hit,false,0.000,120,227.914,33,GEOS_0.5x0.625/MERRA2/2019/07/MERRA2.20190701.A3mstC.05x0625.nc4
1413.394,hit,false,0.000,120,227.940,33,GEOS_0.5x0.625/MERRA2/2019/07/MERRA2.20190701.A3mstC.05x0625.nc4
1413.470,hit,false,0.000,120,228.015,34,GEOS_0.5x0.625/MERRA2/2019/07/MERRA2.20190701.A3mstC.05x0625.nc4
1413.499,hit,false,0.000,120,228.043,34,GEOS_0.5x0.625/MERRA2/2019/07/MERRA2.20190701.A3mstC.05x0625.nc4
1413.543,hit,false,0.000,120,228.087,34,GEOS_0.5x0.625/MERRA2/2019/07/MERRA2.20190701.A3mstC.05x0625.nc4
1413.576,hit,false,0.000,120,228.121,34,GEOS_0.5x0.625/MERRA2/2019/07/MERRA2.20190701.A3mstC.05x0625.nc4
1413.604,hit,false,0.000,120,228.149,34,GEOS_0.5x0.625/MERRA2/2019/07/MERRA2.20190701.A3mstC.05x0625.nc4
1413.646,hit,false,0.000,120,228.190,34,GEOS_0.5x0.625/MERRA2/2019/07/MERRA2.20190701.A3mstC.05x0625.nc4
1413.680,hit,false,0.000,120,228.225,34,GEOS_0.5x0.625/MERRA2/2019/07/MERRA2.20190701.A3mstC.05x0625.nc4
1413.706,hit,false,0.000,120,228.251,34,GEOS_0.5x0.625/MERRA2/2019/07/MERRA2.20190701.A3mstC.05x0625.nc4
1413.742,hit,false,0.000,120,228.284,35,GEOS_0.5x0.625/MERRA2/2019/07/MERRA2.20190701.A3mstC.05x0625.nc4
1413.774,hit,false,0.000,120,228.316,35,GEOS_0.5x0.625/MERRA2/2019/07/MERRA2.20190701.A3mstC.05x0625.nc4
1413.811,hit,false,0.000,120,228.353,35,GEOS_0.5x0.625/MERRA2/2019/07/MERRA2.20190701.A3mstC.05x0625.nc4
1413.838,hit,false,0.000,120,228.380,35,GEOS_0.5x0.625/MERRA2/2019/07/MERRA2.20190701.A3mstC.05x0625.nc4
1413.875,hit,false,0.000,120,228.417,35,GEOS_0.5x0.625/MERRA2/2019/07/MERRA2.20190701.A3mstC.05x0625.nc4
1413.903,hit,false,0.000,120,228.445,35,GEOS_0.5x0.625/MERRA2/2019/07/MERRA2.20190701.A3mstC.05x0625.nc4
1413.942,hit,false,0.000,120,228.484,35,GEOS_0.5x0.625/MERRA2/2019/07/MERRA2.20190701.A3mstC.05x0625.nc4
1413.974,hit,false,0.000,120,228.517,35,GEOS_0.5x0.625/MERRA2/2019/07/MERRA2.20190701.A3mstC.05x0625.nc4
1414.010,hit,false,0.000,120,228.550,36,GEOS_0.5x0.625/MERRA2/2019/07/MERRA2.20190701.A3mstC.05x0625.nc4
1414.042,hit,false,0.000,120,228.582,36,GEOS_0.5x0.625/MERRA2/2019/07/MERRA2.20190701.A3mstC.05x0625.nc4
1414.070,hit,false,0.000,120,228.611,36,GEOS_0.5x0.625/MERRA2/2019/07/MERRA2.20190701.A3mstC.05x0625.nc4
1414.106,hit,false,0.000,120,228.646,36,GEOS_0.5x0.625/MERRA2/2019/07/MERRA2.20190701.A3mstC.05x0625.nc4
1414.141,hit,false,0.000,120,228.681,36,GEOS_0.5x0.625/MERRA2/2019/07/MERRA2.20190701.A3mstC.05x0625.nc4
1414.172,hit,false,0.000,120,228.712,36,GEOS_0.5x0.625/MERRA2/2019/07/MERRA2.20190701.A3mstC.05x0625.nc4
1414.243,hit,false,0.000,120,228.783,36,GEOS_0.5x0.625/MERRA2/2019/07/MERRA2.20190701.A3mstC.05x0625.nc4
1414.268,hit,false,0.000,120,228.808,36,GEOS_0.5x0.625/MERRA2/2019/07/MERRA2.20190701.A3mstC.05x0625.nc4
1414.300,hit,false,0.000,120,228.838,37,GEOS_0.5x0.625/MERRA2/2019/07/MERRA2.20190701.A3mstC.05x0625.nc4
1414.331,hit,false,0.000,120,228.869,37,GEOS_0.5x0.625/MERRA2/2019/07/MERRA2.20190701.A3mstC.05x0625.nc4
1414.359,hit,false,0.000,120,228.897,37,GEOS_0.5x0.625/MERRA2/2019/07/MERRA2.20190701.A3mstC.05x0625.nc4
1414.385,hit,false,0.000,120,228.923,37,GEOS_0.5x0.625/MERRA2/2019/07/MERRA2.20190701.A3mstC.05x0625.nc4
1414.412,hit,false,0.000,120,228.950,37,GEOS_0.5x0.625/MERRA2/2019/07/MERRA2.20190701.A3mstC.05x0625.nc4
1414.441,hit,false,0.000,120,228.979,37,GEOS_0.5x0.625/MERRA2/2019/07/MERRA2.20190701.A3mstC.05x0625.nc4
1414.469,hit,false,0.000,120,229.007,37,GEOS_0.5x0.625/MERRA2/2019/07/MERRA2.20190701.A3mstC.05x0625.nc4
1414.504,hit,false,0.000,120,229.042,37,GEOS_0.5x0.625/MERRA2/2019/07/MERRA2.20190701.A3mstC.05x0625.nc4
1414.531,hit,false,0.000,120,229.057,38,GEOS_0.5x0.625/MERRA2/2019/07/MERRA2.20190701.A3mstC.05x0625.nc4
1414.563,hit,false,0.000,120,229.088,38,GEOS_0.5x0.625/MERRA2/2019/07/MERRA2.20190701.A3mstC.05x0625.nc4
1414.610,hit,false,0.000,120,229.136,38,GEOS_0.5x0.625/MERRA2/2019/07/MERRA2.20190701.A3mstC.05x0625.nc4
1414.636,hit,false,0.000,120,229.162,38,GEOS_0.5x0.625/MERRA2/2019/07/MERRA2.20190701.A3mstC.05x0625.nc4
1414.718,hit,false,0.000,120,229.243,38,GEOS_0.5x0.625/MERRA2/2019/07/MERRA2.20190701.A3mstC.05x0625.nc4
1414.743,hit,false,0.000,120,229.269,38,GEOS_0.5x0.625/MERRA2/2019/07/MERRA2.20190701.A3mstC.05x0625.nc4
1414.774,hit,false,0.000,120,229.300,38,GEOS_0.5x0.625/MERRA2/2019/07/MERRA2.20190701.A3mstC.05x0625.nc4
1414.804,hit,false,0.000,120,229.329,38,GEOS_0.5x0.625/MERRA2/2019/07/MERRA2.20190701.A3mstC.05x0625.nc4
1414.842,hit,false,0.000,120,229.365,39,GEOS_0.5x0.625/MERRA2/2019/07/MERRA2.20190701.A3mstC.05x0625.nc4
1414.873,hit,false,0.000,120,229.396,39,GEOS_0.5x0.625/MERRA2/2019/07/MERRA2.20190701.A3mstC.05x0625.nc4
1414.904,hit,false,0.000,120,229.427,39,GEOS_0.5x0.625/MERRA2/2019/07/MERRA2.20190701.A3mstC.05x0625.nc4
1414.933,hit,false,0.000,120,229.457,39,GEOS_0.5x0.625/MERRA2/2019/07/MERRA2.20190701.A3mstC.05x0625.nc4
1414.957,hit,false,0.000,120,229.481,39,GEOS_0.5x0.625/MERRA2/2019/07/MERRA2.20190701.A3mstC.05x0625.nc4
1414.994,hit,false,0.000,120,229.517,39,GEOS_0.5x0.625/MERRA2/2019/07/MERRA2.20190701.A3mstC.05x0625.nc4
1415.018,hit,false,0.000,120,229.542,39,GEOS_0.5x0.625/MERRA2/2019/07/MERRA2.20190701.A3mstC.05x0625.nc4
1415.055,hit,false,0.000,120,229.579,39,GEOS_0.5x0.625/MERRA2/2019/07/MERRA2.20190701.A3mstC.05x0625.nc4
1415.086,hit,false,0.000,120,229.630,40,GEOS_0.5x0.625/MERRA2/2019/07/MERRA2.20190701.A3mstC.05x0625.nc4
1415.124,hit,false,0.000,120,229.668,40,GEOS_0.5x0.625/MERRA2/2019/07/MERRA2.20190701.A3mstC.05x0625.nc4
1415.186,hit,false,0.000,139,229.730,40,GEOS_0.5x0.625/MERRA2/2019/07/MERRA2.20190701.A3mstC.05x0625.nc4
1415.211,hit,false,0.000,141,229.755,40,GEOS_0.5x0.625/MERRA2/2019/07/MERRA2.20190701.A3mstC.05x0625.nc4
1415.255,hit,false,0.000,152,229.799,40,GEOS_0.5x0.625/MERRA2/2019/07/MERRA2.20190701.A3mstC.05x0625.nc4
1415.283,hit,false,0.000,152,229.827,40,GEOS_0.5x0.625/MERRA2/2019/07/MERRA2.20190701.A3mstC.05x0625.nc4
1415.324,hit,false,0.000,160,229.868,40,GEOS_0.5x0.625/MERRA2/2019/07/MERRA2.20190701.A3mstC.05x0625.nc4
1415.353,hit,false,0.000,160,229.896,40,GEOS_0.5x0.625/MERRA2/2019/07/MERRA2.20190701.A3mstC.05x0625.nc4
1415.396,hit,false,0.000,160,229.938,41,GEOS_0.5x0.625/MERRA2/2019/07/MERRA2.20190701.A3mstC.05x0625.nc4
1415.446,hit,false,0.000,160,229.988,41,GEOS_0.5x0.625/MERRA2/2019/07/MERRA2.20190701.A3mstC.05x0625.nc4
1415.474,hit,false,0.000,160,230.016,41,GEOS_0.5x0.625/MERRA2/2019/07/MERRA2.20190701.A3mstC.05x0625.nc4
1415.508,hit,false,0.000,160,230.050,41,GEOS_0.5x0.625/MERRA2/2019/07/MERRA2.20190701.A3mstC.05x0625.nc4
1415.539,hit,false,0.000,160,230.082,41,GEOS_0.5x0.625/MERRA2/2019/07/MERRA2.20190701.A3mstC.05x0625.nc4
1415.576,hit,false,0.000,160,230.118,41,GEOS_0.5x0.625/MERRA2/2019/07/MERRA2.20190701.A3mstC.05x0625.nc4
1415.617,hit,false,0.000,160,230.159,41,GEOS_0.5x0.625/MERRA2/2019/07/MERRA2.20190701.A3mstC.05x0625.nc4
1415.647,hit,false,0.000,160,230.189,41,GEOS_0.5x0.625/MERRA2/2019/07/MERRA2.20190701.A3mstC.05x0625.nc4
1415.686,hit,false,0.000,160,230.226,42,GEOS_0.5x0.625/MERRA2/2019/07/MERRA2.20190701.A3mstC.05x0625.nc4
1415.731,hit,false,0.000,160,230.272,42,GEOS_0.5x0.625/MERRA2/2019/07/MERRA2.20190701.A3mstC.05x0625.nc4
1415.775,hit,false,0.000,160,230.316,42,GEOS_0.5x0.625/MERRA2/2019/07/MERRA2.20190701.A3mstC.05x0625.nc4
1415.803,hit,false,0.000,160,230.344,42,GEOS_0.5x0.625/MERRA2/2019/07/MERRA2.20190701.A3mstC.05x0625.nc4
1415.842,hit,false,0.000,160,230.382,42,GEOS_0.5x0.625/MERRA2/2019/07/MERRA2.20190701.A3mstC.05x0625.nc4
1415.877,hit,false,0.000,160,230.417,42,GEOS_0.5x0.625/MERRA2/2019/07/MERRA2.20190701.A3mstC.05x0625.nc4
1415.912,hit,false,0.000,160,230.453,42,GEOS_0.5x0.625/MERRA2/2019/07/MERRA2.20190701.A3mstC.05x0625.nc4
1415.945,hit,false,0.000,160,230.486,42,GEOS_0.5x0.625/MERRA2/2019/07/MERRA2.20190701.A3mstC.05x0625.nc4
1415.979,hit,false,0.000,160,230.518,43,GEOS_0.5x0.625/MERRA2/2019/07/MERRA2.20190701.A3mstC.05x0625.nc4
1416.006,hit,false,0.000,160,230.545,43,GEOS_0.5x0.625/MERRA2/2019/07/MERRA2.20190701.A3mstC.05x0625.nc4
1416.039,hit,false,0.000,160,230.578,43,GEOS_0.5x0.625/MERRA2/2019/07/MERRA2.20190701.A3mstC.05x0625.nc4
1416.068,hit,false,0.000,160,230.607,43,GEOS_0.5x0.625/MERRA2/2019/07/MERRA2.20190701.A3mstC.05x0625.nc4
1416.095,hit,false,0.000,160,230.634,43,GEOS_0.5x0.625/MERRA2/2019/07/MERRA2.20190701.A3mstC.05x0625.nc4
1416.141,hit,false,0.000,160,230.680,43,GEOS_0.5x0.625/MERRA2/2019/07/MERRA2.20190701.A3mstC.05x0625.nc4
1416.168,hit,false,0.000,160,230.708,43,GEOS_0.5x0.625/MERRA2/2019/07/MERRA2.20190701.A3mstC.05x0625.nc4
1416.198,hit,false,0.000,160,230.738,43,GEOS_0.5x0.625/MERRA2/2019/07/MERRA2.20190701.A3mstC.05x0625.nc4
1416.241,hit,false,0.000,160,230.778,44,GEOS_0.5x0.625/MERRA2/2019/07/MERRA2.20190701.A3mstC.05x0625.nc4
1416.268,hit,false,0.000,160,230.806,44,GEOS_0.5x0.625/MERRA2/2019/07/MERRA2.20190701.A3mstC.05x0625.nc4
1416.320,hit,false,0.000,160,230.858,44,GEOS_0.5x0.625/MERRA2/2019/07/MERRA2.20190701.A3mstC.05x0625.nc4
1416.347,hit,false,0.000,160,230.885,44,GEOS_0.5x0.625/MERRA2/2019/07/MERRA2.20190701.A3mstC.05x0625.nc4
1416.377,hit,false,0.000,160,230.915,44,GEOS_0.5x0.625/MERRA2/2019/07/MERRA2.20190701.A3mstC.05x0625.nc4
1416.412,hit,false,0.000,160,230.950,44,GEOS_0.5x0.625/MERRA2/2019/07/MERRA2.20190701.A3mstC.05x0625.nc4
1416.437,hit,false,0.000,160,230.975,44,GEOS_0.5x0.625/MERRA2/2019/07/MERRA2.20190701.A3mstC.05x0625.nc4
1416.477,hit,false,0.000,160,231.015,44,GEOS_0.5x0.625/MERRA2/2019/07/MERRA2.20190701.A3mstC.05x0625.nc4
1416.504,hit,false,0.000,160,231.040,45,GEOS_0.5x0.625/MERRA2/2019/07/MERRA2.20190701.A3mstC.05x0625.nc4
1416.537,hit,false,0.000,160,231.073,45,GEOS_0.5x0.625/MERRA2/2019/07/MERRA2.20190701.A3mstC.05x0625.nc4
1416.568,hit,false,0.000,160,231.104,45,GEOS_0.5x0.625/MERRA2/2019/07/MERRA2.20190701.A3mstC.05x0625.nc4
1416.604,hit,false,0.000,160,231.140,45,GEOS_0.5x0.625/MERRA2/2019/07/MERRA2.20190701.A3mstC.05x0625.nc4
1416.642,hit,false,0.000,160,231.178,45,GEOS_0.5x0.625/MERRA2/2019/07/MERRA2.20190701.A3mstC.05x0625.nc4
1416.676,hit,false,0.000,160,231.212,45,GEOS_0.5x0.625/MERRA2/2019/07/MERRA2.20190701.A3mstC.05x0625.nc4
1416.704,hit,false,0.000,160,231.240,45,GEOS_0.5x0.625/MERRA2/2019/07/MERRA2.20190701.A3mstC.05x0625.nc4
1416.737,hit,false,0.000,160,231.273,45,GEOS_0.5x0.625/MERRA2/2019/07/MERRA2.20190701.A3mstC.05x0625.nc4
1416.764,hit,false,0.000,160,231.298,46,GEOS_0.5x0.625/MERRA2/2019/07/MERRA2.20190701.A3mstC.05x0625.nc4
1416.803,hit,false,0.000,160,231.337,46,GEOS_0.5x0.625/MERRA2/2019/07/MERRA2.20190701.A3mstC.05x0625.nc4
1416.830,hit,false,0.000,160,231.365,46,GEOS_0.5x0.625/MERRA2/2019/07/MERRA2.20190701.A3mstC.05x0625.nc4
1416.857,hit,false,0.000,160,231.391,46,GEOS_0.5x0.625/MERRA2/2019/07/MERRA2.20190701.A3mstC.05x0625.nc4
1416.891,hit,false,0.000,160,231.426,46,GEOS_0.5x0.625/MERRA2/2019/07/MERRA2.20190701.A3mstC.05x0625.nc4
1416.930,hit,false,0.000,160,231.465,46,GEOS_0.5x0.625/MERRA2/2019/07/MERRA2.20190701.A3mstC.05x0625.nc4
1416.957,hit,false,0.000,160,231.491,46,GEOS_0.5x0.625/MERRA2/2019/07/MERRA2.20190701.A3mstC.05x0625.nc4
1416.993,hit,false,0.000,160,231.527,46,GEOS_0.5x0.625/MERRA2/2019/07/MERRA2.20190701.A3mstC.05x0625.nc4
1417.021,hit,false,0.000,160,231.554,47,GEOS_0.5x0.625/MERRA2/2019/07/MERRA2.20190701.A3mstC.05x0625.nc4
1417.056,hit,false,0.000,160,231.589,47,GEOS_0.5x0.625/MERRA2/2019/07/MERRA2.20190701.A3mstC.05x0625.nc4
1417.083,hit,false,0.000,160,231.615,47,GEOS_0.5x0.625/MERRA2/2019/07/MERRA2.20190701.A3mstC.05x0625.nc4
1417.120,hit,false,0.000,160,231.652,47,GEOS_0.5x0.625/MERRA2/2019/07/MERRA2.20190701.A3mstC.05x0625.nc4
1417.147,hit,false,0.000,160,231.679,47,GEOS_0.5x0.625/MERRA2/2019/07/MERRA2.20190701.A3mstC.05x0625.nc4
1417.181,hit,false,0.000,160,231.714,47,GEOS_0.5x0.625/MERRA2/2019/07/MERRA2.20190701.A3mstC.05x0625.nc4
1417.225,hit,false,0.000,160,231.757,47,GEOS_0.5x0.625/MERRA2/2019/07/MERRA2.20190701.A3mstC.05x0625.nc4
1417.250,hit,false,0.000,160,231.783,47,GEOS_0.5x0.625/MERRA2/2019/07/MERRA2.20190701.A3mstC.05x0625.nc4
1417.287,uncovered,false,47.337,137,8.892,48,GEOS_0.5x0.625/MERRA2/2019/07/MERRA2.20190701.A3mstC.05x0625.nc4
1417.329,uncovered,false,47.293,137,8.934,48,GEOS_0.5x0.625/MERRA2/2019/07/MERRA2.20190701.A3mstC.05x0625.nc4
1464.825,hit,false,0.000,177,56.429,48,GEOS_0.5x0.625/MERRA2/2019/07/MERRA2.20190701.A3mstC.05x0625.nc4
1464.850,hit,false,0.000,177,56.455,48,GEOS_0.5x0.625/MERRA2/2019/07/MERRA2.20190701.A3mstC.05x0625.nc4
1464.963,hit,false,0.000,177,56.567,48,GEOS_0.5x0.625/MERRA2/2019/07/MERRA2.20190701.A3mstC.05x0625.nc4
1464.998,hit,false,0.000,177,56.602,48,GEOS_0.5x0.625/MERRA2/2019/07/MERRA2.20190701.A3mstC.05x0625.nc4
1465.034,hit,false,0.000,177,56.639,48,GEOS_0.5x0.625/MERRA2/2019/07/MERRA2.20190701.A3mstC.05x0625.nc4
1465.064,hit,false,0.000,177,56.669,48,GEOS_0.5x0.625/MERRA2/2019/07/MERRA2.20190701.A3mstC.05x0625.nc4
1465.094,uncovered,false,2.512,174,56.684,49,GEOS_0.5x0.625/MERRA2/2019/07/MERRA2.20190701.A3mstC.05x0625.nc4
1465.127,uncovered,false,2.420,174,56.717,49,GEOS_0.5x0.625/MERRA2/2019/07/MERRA2.20190701.A3mstC.05x0625.nc4
1467.712,hit,false,0.000,174,59.302,49,GEOS_0.5x0.625/MERRA2/2019/07/MERRA2.20190701.A3mstC.05x0625.nc4
1467.772,hit,false,0.000,174,59.363,49,GEOS_0.5x0.625/MERRA2/2019/07/MERRA2.20190701.A3mstC.05x0625.nc4
1467.789,hit,false,0.000,174,59.379,49,GEOS_0.5x0.625/MERRA2/2019/07/MERRA2.20190701.A3mstC.05x0625.nc4
1467.859,hit,false,0.000,174,59.449,49,GEOS_0.5x0.625/MERRA2/2019/07/MERRA2.20190701.A3mstC.05x0625.nc4
1467.883,hit,false,0.000,174,59.474,49,GEOS_0.5x0.625/MERRA2/2019/07/MERRA2.20190701.A3mstC.05x0625.nc4
1467.931,hit,false,0.000,174,59.521,49,GEOS_0.5x0.625/MERRA2/2019/07/MERRA2.20190701.A3mstC.05x0625.nc4
1467.965,uncovered,false,7.317,160,59.553,50,GEOS_0.5x0.625/MERRA2/2019/07/MERRA2.20190701.A3mstC.05x0625.nc4
1468.002,uncovered,false,7.292,160,59.590,50,GEOS_0.5x0.625/MERRA2/2019/07/MERRA2.20190701.A3mstC.05x0625.nc4
1475.386,hit,false,0.000,160,66.974,50,GEOS_0.5x0.625/MERRA2/2019/07/MERRA2.20190701.A3mstC.05x0625.nc4
1475.401,hit,false,0.000,160,66.989,50,GEOS_0.5x0.625/MERRA2/2019/07/MERRA2.20190701.A3mstC.05x0625.nc4
1475.498,hit,false,0.000,160,67.086,50,GEOS_0.5x0.625/MERRA2/2019/07/MERRA2.20190701.A3mstC.05x0625.nc4
1475.526,hit,false,0.000,160,67.114,50,GEOS_0.5x0.625/MERRA2/2019/07/MERRA2.20190701.A3mstC.05x0625.nc4
1475.582,hit,false,0.000,160,67.171,50,GEOS_0.5x0.625/MERRA2/2019/07/MERRA2.20190701.A3mstC.05x0625.nc4
1475.603,hit,false,0.000,160,67.191,50,GEOS_0.5x0.625/MERRA2/2019/07/MERRA2.20190701.A3mstC.05x0625.nc4
1475.657,uncovered,false,7.845,149,67.244,51,GEOS_0.5x0.625/MERRA2/2019/07/MERRA2.20190701.A3mstC.05x0625.nc4
1475.685,uncovered,false,7.826,149,67.271,51,GEOS_0.5x0.625/MERRA2/2019/07/MERRA2.20190701.A3mstC.05x0625.nc4
1483.615,hit,false,0.000,149,75.201,51,GEOS_0.5x0.625/MERRA2/2019/07/MERRA2.20190701.A3mstC.05x0625.nc4
1483.650,hit,false,0.000,149,75.236,51,GEOS_0.5x0.625/MERRA2/2019/07/MERRA2.20190701.A3mstC.05x0625.nc4
1483.703,hit,false,0.000,149,75.289,51,GEOS_0.5x0.625/MERRA2/2019/07/MERRA2.20190701.A3mstC.05x0625.nc4
1483.754,hit,false,0.000,149,75.340,51,GEOS_0.5x0.625/MERRA2/2019/07/MERRA2.20190701.A3mstC.05x0625.nc4
1483.788,hit,false,0.000,149,75.374,51,GEOS_0.5x0.625/MERRA2/2019/07/MERRA2.20190701.A3mstC.05x0625.nc4
1483.822,hit,false,0.000,149,75.408,51,GEOS_0.5x0.625/MERRA2/2019/07/MERRA2.20190701.A3mstC.05x0625.nc4
1483.855,uncovered,false,5.439,141,75.439,52,GEOS_0.5x0.625/MERRA2/2019/07/MERRA2.20190701.A3mstC.05x0625.nc4
1483.905,uncovered,false,5.381,141,75.488,52,GEOS_0.5x0.625/MERRA2/2019/07/MERRA2.20190701.A3mstC.05x0625.nc4
1489.401,hit,false,0.000,141,80.984,52,GEOS_0.5x0.625/MERRA2/2019/07/MERRA2.20190701.A3mstC.05x0625.nc4
1489.431,hit,false,0.000,141,81.014,52,GEOS_0.5x0.625/MERRA2/2019/07/MERRA2.20190701.A3mstC.05x0625.nc4
1489.480,hit,false,0.000,141,81.063,52,GEOS_0.5x0.625/MERRA2/2019/07/MERRA2.20190701.A3mstC.05x0625.nc4
1489.510,hit,false,0.000,141,81.094,52,GEOS_0.5x0.625/MERRA2/2019/07/MERRA2.20190701.A3mstC.05x0625.nc4
1489.553,hit,false,0.000,141,81.136,52,GEOS_0.5x0.625/MERRA2/2019/07/MERRA2.20190701.A3mstC.05x0625.nc4
1489.581,hit,false,0.000,140,81.164,52,GEOS_0.5x0.625/MERRA2/2019/07/MERRA2.20190701.A3mstC.05x0625.nc4
1489.650,uncovered,false,4.456,131,81.232,53,GEOS_0.5x0.625/MERRA2/2019/07/MERRA2.20190701.A3mstC.05x0625.nc4
1489.673,uncovered,false,4.424,131,81.255,53,GEOS_0.5x0.625/MERRA2/2019/07/MERRA2.20190701.A3mstC.05x0625.nc4
1494.201,hit,false,0.000,131,85.783,53,GEOS_0.5x0.625/MERRA2/2019/07/MERRA2.20190701.A3mstC.05x0625.nc4
1494.234,hit,false,0.000,130,85.815,53,GEOS_0.5x0.625/MERRA2/2019/07/MERRA2.20190701.A3mstC.05x0625.nc4
1494.274,hit,false,0.000,130,85.855,53,GEOS_0.5x0.625/MERRA2/2019/07/MERRA2.20190701.A3mstC.05x0625.nc4
1494.307,hit,false,0.000,130,85.889,53,GEOS_0.5x0.625/MERRA2/2019/07/MERRA2.20190701.A3mstC.05x0625.nc4
1494.346,hit,false,0.000,130,85.927,53,GEOS_0.5x0.625/MERRA2/2019/07/MERRA2.20190701.A3mstC.05x0625.nc4
1494.391,hit,false,0.000,130,85.973,53,GEOS_0.5x0.625/MERRA2/2019/07/MERRA2.20190701.A3mstC.05x0625.nc4
1494.423,uncovered,false,6.316,118,86.002,54,GEOS_0.5x0.625/MERRA2/2019/07/MERRA2.20190701.A3mstC.05x0625.nc4
1494.476,uncovered,false,6.238,118,86.055,54,GEOS_0.5x0.625/MERRA2/2019/07/MERRA2.20190701.A3mstC.05x0625.nc4
1500.850,hit,false,0.000,118,92.429,54,GEOS_0.5x0.625/MERRA2/2019/07/MERRA2.20190701.A3mstC.05x0625.nc4
1500.884,hit,false,0.000,118,92.463,54,GEOS_0.5x0.625/MERRA2/2019/07/MERRA2.20190701.A3mstC.05x0625.nc4
1500.926,hit,false,0.000,117,92.506,54,GEOS_0.5x0.625/MERRA2/2019/07/MERRA2.20190701.A3mstC.05x0625.nc4
1500.969,hit,false,0.000,117,92.548,54,GEOS_0.5x0.625/MERRA2/2019/07/MERRA2.20190701.A3mstC.05x0625.nc4
1501.095,hit,false,0.000,117,92.674,54,GEOS_0.5x0.625/MERRA2/2019/07/MERRA2.20190701.A3mstC.05x0625.nc4
1501.118,hit,false,0.000,117,92.697,54,GEOS_0.5x0.625/MERRA2/2019/07/MERRA2.20190701.A3mstC.05x0625.nc4
1501.180,uncovered,false,14.702,91,92.758,55,GEOS_0.5x0.625/MERRA2/2019/07/MERRA2.20190701.A3mstC.05x0625.nc4
1501.204,uncovered,false,14.677,91,92.782,55,GEOS_0.5x0.625/MERRA2/2019/07/MERRA2.20190701.A3mstC.05x0625.nc4
1515.988,hit,false,0.000,91,107.566,55,GEOS_0.5x0.625/MERRA2/2019/07/MERRA2.20190701.A3mstC.05x0625.nc4
1516.017,hit,false,0.000,91,107.594,55,GEOS_0.5x0.625/MERRA2/2019/07/MERRA2.20190701.A3mstC.05x0625.nc4
1516.057,hit,false,0.000,91,107.635,55,GEOS_0.5x0.625/MERRA2/2019/07/MERRA2.20190701.A3mstC.05x0625.nc4
1516.091,hit,false,0.000,91,107.669,55,GEOS_0.5x0.625/MERRA2/2019/07/MERRA2.20190701.A3mstC.05x0625.nc4
1516.125,hit,false,0.000,91,107.703,55,GEOS_0.5x0.625/MERRA2/2019/07/MERRA2.20190701.A3mstC.05x0625.nc4
1516.173,hit,false,0.000,91,107.751,55,GEOS_0.5x0.625/MERRA2/2019/07/MERRA2.20190701.A3mstC.05x0625.nc4
1516.200,hit,false,0.000,91,107.833,56,GEOS_0.5x0.625/MERRA2/2019/07/MERRA2.20190701.A3mstC.05x0625.nc4
1516.246,hit,false,0.000,91,107.879,56,GEOS_0.5x0.625/MERRA2/2019/07/MERRA2.20190701.A3mstC.05x0625.nc4
1516.293,hit,false,0.000,91,107.926,56,GEOS_0.5x0.625/MERRA2/2019/07/MERRA2.20190701.A3mstC.05x0625.nc4
1516.314,hit,false,0.000,91,107.947,56,GEOS_0.5x0.625/MERRA2/2019/07/MERRA2.20190701.A3mstC.05x0625.nc4
1516.353,hit,false,0.000,91,107.987,56,GEOS_0.5x0.625/MERRA2/2019/07/MERRA2.20190701.A3mstC.05x0625.nc4
1516.378,hit,false,0.000,91,108.011,56,GEOS_0.5x0.625/MERRA2/2019/07/MERRA2.20190701.A3mstC.05x0625.nc4
1516.409,hit,false,0.000,91,108.043,56,GEOS_0.5x0.625/MERRA2/2019/07/MERRA2.20190701.A3mstC.05x0625.nc4
1516.434,hit,false,0.000,91,108.068,56,GEOS_0.5x0.625/MERRA2/2019/07/MERRA2.20190701.A3mstC.05x0625.nc4
1516.469,hit,false,0.000,91,108.098,57,GEOS_0.5x0.625/MERRA2/2019/07/MERRA2.20190701.A3mstC.05x0625.nc4
1516.497,hit,false,0.000,91,108.126,57,GEOS_0.5x0.625/MERRA2/2019/07/MERRA2.20190701.A3mstC.05x0625.nc4
1516.529,hit,false,0.000,91,108.158,57,GEOS_0.5x0.625/MERRA2/2019/07/MERRA2.20190701.A3mstC.05x0625.nc4
1516.553,hit,false,0.000,91,108.182,57,GEOS_0.5x0.625/MERRA2/2019/07/MERRA2.20190701.A3mstC.05x0625.nc4
1516.586,hit,false,0.000,90,108.215,57,GEOS_0.5x0.625/MERRA2/2019/07/MERRA2.20190701.A3mstC.05x0625.nc4
1516.620,hit,false,0.000,90,108.249,57,GEOS_0.5x0.625/MERRA2/2019/07/MERRA2.20190701.A3mstC.05x0625.nc4
1516.654,hit,false,0.000,90,108.283,57,GEOS_0.5x0.625/MERRA2/2019/07/MERRA2.20190701.A3mstC.05x0625.nc4
1516.682,hit,false,0.000,90,108.311,57,GEOS_0.5x0.625/MERRA2/2019/07/MERRA2.20190701.A3mstC.05x0625.nc4
1516.710,hit,false,0.000,90,108.337,58,GEOS_0.5x0.625/MERRA2/2019/07/MERRA2.20190701.A3mstC.05x0625.nc4
1516.756,hit,false,0.000,90,108.383,58,GEOS_0.5x0.625/MERRA2/2019/07/MERRA2.20190701.A3mstC.05x0625.nc4
1516.783,hit,false,0.000,89,108.410,58,GEOS_0.5x0.625/MERRA2/2019/07/MERRA2.20190701.A3mstC.05x0625.nc4
1516.828,hit,false,0.000,89,108.455,58,GEOS_0.5x0.625/MERRA2/2019/07/MERRA2.20190701.A3mstC.05x0625.nc4
1516.853,hit,false,0.000,89,108.480,58,GEOS_0.5x0.625/MERRA2/2019/07/MERRA2.20190701.A3mstC.05x0625.nc4
1516.885,hit,false,0.000,89,108.512,58,GEOS_0.5x0.625/MERRA2/2019/07/MERRA2.20190701.A3mstC.05x0625.nc4
1516.914,hit,false,0.000,89,108.541,58,GEOS_0.5x0.625/MERRA2/2019/07/MERRA2.20190701.A3mstC.05x0625.nc4
1516.950,hit,false,0.000,89,108.577,58,GEOS_0.5x0.625/MERRA2/2019/07/MERRA2.20190701.A3mstC.05x0625.nc4
1516.979,hit,false,0.000,89,108.604,59,GEOS_0.5x0.625/MERRA2/2019/07/MERRA2.20190701.A3mstC.05x0625.nc4
1517.021,hit,false,0.000,89,108.647,59,GEOS_0.5x0.625/MERRA2/2019/07/MERRA2.20190701.A3mstC.05x0625.nc4
1517.044,hit,false,0.000,88,108.670,59,GEOS_0.5x0.625/MERRA2/2019/07/MERRA2.20190701.A3mstC.05x0625.nc4
1517.082,hit,false,0.000,88,108.708,59,GEOS_0.5x0.625/MERRA2/2019/07/MERRA2.20190701.A3mstC.05x0625.nc4
1517.107,hit,false,0.000,88,108.732,59,GEOS_0.5x0.625/MERRA2/2019/07/MERRA2.20190701.A3mstC.05x0625.nc4
1517.145,hit,false,0.000,88,108.771,59,GEOS_0.5x0.625/MERRA2/2019/07/MERRA2.20190701.A3mstC.05x0625.nc4
1517.169,hit,false,0.000,88,108.795,59,GEOS_0.5x0.625/MERRA2/2019/07/MERRA2.20190701.A3mstC.05x0625.nc4
1517.227,hit,false,0.000,88,108.853,59,GEOS_0.5x0.625/MERRA2/2019/07/MERRA2.20190701.A3mstC.05x0625.nc4
1517.232,hit,false,0.000,88,108.856,60,GEOS_0.5x0.625/MERRA2/2019/07/MERRA2.20190701.A3mstC.05x0625.nc4
1517.307,hit,false,0.000,88,108.931,60,GEOS_0.5x0.625/MERRA2/2019/07/MERRA2.20190701.A3mstC.05x0625.nc4
1517.322,hit,false,0.000,88,108.946,60,GEOS_0.5x0.625/MERRA2/2019/07/MERRA2.20190701.A3mstC.05x0625.nc4
1517.378,hit,false,0.000,86,109.002,60,GEOS_0.5x0.625/MERRA2/2019/07/MERRA2.20190701.A3mstC.05x0625.nc4
1517.402,hit,false,0.000,86,109.026,60,GEOS_0.5x0.625/MERRA2/2019/07/MERRA2.20190701.A3mstC.05x0625.nc4
1517.443,hit,false,0.000,86,109.067,60,GEOS_0.5x0.625/MERRA2/2019/07/MERRA2.20190701.A3mstC.05x0625.nc4
1517.466,hit,false,0.000,86,109.090,60,GEOS_0.5x0.625/MERRA2/2019/07/MERRA2.20190701.A3mstC.05x0625.nc4
1517.500,hit,false,0.000,86,109.124,60,GEOS_0.5x0.625/MERRA2/2019/07/MERRA2.20190701.A3mstC.05x0625.nc4
1517.528,hit,false,0.000,86,109.150,61,GEOS_0.5x0.625/MERRA2/2019/07/MERRA2.20190701.A3mstC.05x0625.nc4
1517.562,hit,false,0.000,86,109.184,61,GEOS_0.5x0.625/MERRA2/2019/07/MERRA2.20190701.A3mstC.05x0625.nc4
1517.592,hit,false,0.000,86,109.215,61,GEOS_0.5x0.625/MERRA2/2019/07/MERRA2.20190701.A3mstC.05x0625.nc4
1517.626,hit,false,0.000,86,109.248,61,GEOS_0.5x0.625/MERRA2/2019/07/MERRA2.20190701.A3mstC.05x0625.nc4
1517.649,hit,false,0.000,86,109.272,61,GEOS_0.5x0.625/MERRA2/2019/07/MERRA2.20190701.A3mstC.05x0625.nc4
1517.692,hit,false,0.000,86,109.314,61,GEOS_0.5x0.625/MERRA2/2019/07/MERRA2.20190701.A3mstC.05x0625.nc4
1517.716,hit,false,0.000,86,109.338,61,GEOS_0.5x0.625/MERRA2/2019/07/MERRA2.20190701.A3mstC.05x0625.nc4
1517.750,hit,false,0.000,86,109.372,61,GEOS_0.5x0.625/MERRA2/2019/07/MERRA2.20190701.A3mstC.05x0625.nc4
1517.776,hit,false,0.000,86,109.396,62,GEOS_0.5x0.625/MERRA2/2019/07/MERRA2.20190701.A3mstC.05x0625.nc4
1517.812,hit,false,0.000,86,109.432,62,GEOS_0.5x0.625/MERRA2/2019/07/MERRA2.20190701.A3mstC.05x0625.nc4
1517.835,hit,false,0.000,86,109.455,62,GEOS_0.5x0.625/MERRA2/2019/07/MERRA2.20190701.A3mstC.05x0625.nc4
1517.875,hit,false,0.000,86,109.495,62,GEOS_0.5x0.625/MERRA2/2019/07/MERRA2.20190701.A3mstC.05x0625.nc4
1517.899,hit,false,0.000,86,109.520,62,GEOS_0.5x0.625/MERRA2/2019/07/MERRA2.20190701.A3mstC.05x0625.nc4
1518.014,hit,false,0.000,86,109.634,62,GEOS_0.5x0.625/MERRA2/2019/07/MERRA2.20190701.A3mstC.05x0625.nc4
1518.038,hit,false,0.000,86,109.658,62,GEOS_0.5x0.625/MERRA2/2019/07/MERRA2.20190701.A3mstC.05x0625.nc4
1518.070,hit,false,0.000,86,109.690,62,GEOS_0.5x0.625/MERRA2/2019/07/MERRA2.20190701.A3mstC.05x0625.nc4
1518.097,hit,false,0.000,85,109.715,63,GEOS_0.5x0.625/MERRA2/2019/07/MERRA2.20190701.A3mstC.05x0625.nc4
1518.130,hit,false,0.000,85,109.748,63,GEOS_0.5x0.625/MERRA2/2019/07/MERRA2.20190701.A3mstC.05x0625.nc4
1518.154,hit,false,0.000,85,109.772,63,GEOS_0.5x0.625/MERRA2/2019/07/MERRA2.20190701.A3mstC.05x0625.nc4
1518.188,hit,false,0.000,85,109.806,63,GEOS_0.5x0.625/MERRA2/2019/07/MERRA2.20190701.A3mstC.05x0625.nc4
1518.214,hit,false,0.000,85,109.832,63,GEOS_0.5x0.625/MERRA2/2019/07/MERRA2.20190701.A3mstC.05x0625.nc4
1518.247,hit,false,0.000,85,109.865,63,GEOS_0.5x0.625/MERRA2/2019/07/MERRA2.20190701.A3mstC.05x0625.nc4
1518.277,hit,false,0.000,85,109.895,63,GEOS_0.5x0.625/MERRA2/2019/07/MERRA2.20190701.A3mstC.05x0625.nc4
1518.308,hit,false,0.000,85,109.926,63,GEOS_0.5x0.625/MERRA2/2019/07/MERRA2.20190701.A3mstC.05x0625.nc4
1518.339,hit,false,0.000,85,109.962,64,GEOS_0.5x0.625/MERRA2/2019/07/MERRA2.20190701.A3mstC.05x0625.nc4
1518.374,hit,false,0.000,85,109.996,64,GEOS_0.5x0.625/MERRA2/2019/07/MERRA2.20190701.A3mstC.05x0625.nc4
1518.428,hit,false,0.000,85,110.051,64,GEOS_0.5x0.625/MERRA2/2019/07/MERRA2.20190701.A3mstC.05x0625.nc4
1518.452,hit,false,0.000,85,110.074,64,GEOS_0.5x0.625/MERRA2/2019/07/MERRA2.20190701.A3mstC.05x0625.nc4
1518.494,hit,false,0.000,85,110.116,64,GEOS_0.5x0.625/MERRA2/2019/07/MERRA2.20190701.A3mstC.05x0625.nc4
1518.523,hit,false,0.000,85,110.146,64,GEOS_0.5x0.625/MERRA2/2019/07/MERRA2.20190701.A3mstC.05x0625.nc4
1518.563,hit,false,0.000,85,110.185,64,GEOS_0.5x0.625/MERRA2/2019/07/MERRA2.20190701.A3mstC.05x0625.nc4
1518.602,hit,false,0.000,85,110.225,64,GEOS_0.5x0.625/MERRA2/2019/07/MERRA2.20190701.A3mstC.05x0625.nc4
1518.628,hit,false,0.000,85,110.246,65,GEOS_0.5x0.625/MERRA2/2019/07/MERRA2.20190701.A3mstC.05x0625.nc4
1518.668,hit,false,0.000,85,110.285,65,GEOS_0.5x0.625/MERRA2/2019/07/MERRA2.20190701.A3mstC.05x0625.nc4
1518.691,hit,false,0.000,85,110.308,65,GEOS_0.5x0.625/MERRA2/2019/07/MERRA2.20190701.A3mstC.05x0625.nc4
1518.733,hit,false,0.000,85,110.351,65,GEOS_0.5x0.625/MERRA2/2019/07/MERRA2.20190701.A3mstC.05x0625.nc4
1518.756,hit,false,0.000,85,110.374,65,GEOS_0.5x0.625/MERRA2/2019/07/MERRA2.20190701.A3mstC.05x0625.nc4
1518.794,hit,false,0.000,85,110.412,65,GEOS_0.5x0.625/MERRA2/2019/07/MERRA2.20190701.A3mstC.05x0625.nc4
1518.817,hit,false,0.000,85,110.434,65,GEOS_0.5x0.625/MERRA2/2019/07/MERRA2.20190701.A3mstC.05x0625.nc4
1518.849,hit,false,0.000,85,110.467,65,GEOS_0.5x0.625/MERRA2/2019/07/MERRA2.20190701.A3mstC.05x0625.nc4
1518.875,hit,false,0.000,85,110.491,66,GEOS_0.5x0.625/MERRA2/2019/07/MERRA2.20190701.A3mstC.05x0625.nc4
1518.907,hit,false,0.000,85,110.523,66,GEOS_0.5x0.625/MERRA2/2019/07/MERRA2.20190701.A3mstC.05x0625.nc4
1518.931,hit,false,0.000,85,110.546,66,GEOS_0.5x0.625/MERRA2/2019/07/MERRA2.20190701.A3mstC.05x0625.nc4
1518.961,hit,false,0.000,85,110.577,66,GEOS_0.5x0.625/MERRA2/2019/07/MERRA2.20190701.A3mstC.05x0625.nc4
1518.988,hit,false,0.000,85,110.604,66,GEOS_0.5x0.625/MERRA2/2019/07/MERRA2.20190701.A3mstC.05x0625.nc4
1519.018,hit,false,0.000,85,110.634,66,GEOS_0.5x0.625/MERRA2/2019/07/MERRA2.20190701.A3mstC.05x0625.nc4
1519.043,hit,false,0.000,85,110.658,66,GEOS_0.5x0.625/MERRA2/2019/07/MERRA2.20190701.A3mstC.05x0625.nc4
1519.081,hit,false,0.000,85,110.697,66,GEOS_0.5x0.625/MERRA2/2019/07/MERRA2.20190701.A3mstC.05x0625.nc4
1519.106,hit,false,0.000,85,110.719,67,GEOS_0.5x0.625/MERRA2/2019/07/MERRA2.20190701.A3mstC.05x0625.nc4
1519.146,hit,false,0.000,85,110.760,67,GEOS_0.5x0.625/MERRA2/2019/07/MERRA2.20190701.A3mstC.05x0625.nc4
1519.170,hit,false,0.000,85,110.783,67,GEOS_0.5x0.625/MERRA2/2019/07/MERRA2.20190701.A3mstC.05x0625.nc4
1519.204,hit,false,0.000,85,110.817,67,GEOS_0.5x0.625/MERRA2/2019/07/MERRA2.20190701.A3mstC.05x0625.nc4
1519.227,hit,false,0.000,85,110.841,67,GEOS_0.5x0.625/MERRA2/2019/07/MERRA2.20190701.A3mstC.05x0625.nc4
1519.259,hit,false,0.000,85,110.873,67,GEOS_0.5x0.625/MERRA2/2019/07/MERRA2.20190701.A3mstC.05x0625.nc4
1519.286,hit,false,0.000,85,110.900,67,GEOS_0.5x0.625/MERRA2/2019/07/MERRA2.20190701.A3mstC.05x0625.nc4
1519.319,hit,false,0.000,85,110.932,67,GEOS_0.5x0.625/MERRA2/2019/07/MERRA2.20190701.A3mstC.05x0625.nc4
1519.353,hit,false,0.000,85,110.965,68,GEOS_0.5x0.625/MERRA2/2019/07/MERRA2.20190701.A3mstC.05x0625.nc4
1519.385,hit,false,0.000,85,110.997,68,GEOS_0.5x0.625/MERRA2/2019/07/MERRA2.20190701.A3mstC.05x0625.nc4
1519.422,hit,false,0.000,85,111.034,68,GEOS_0.5x0.625/MERRA2/2019/07/MERRA2.20190701.A3mstC.05x0625.nc4
1519.455,hit,false,0.000,85,111.067,68,GEOS_0.5x0.625/MERRA2/2019/07/MERRA2.20190701.A3mstC.05x0625.nc4
1519.487,hit,false,0.000,85,111.099,68,GEOS_0.5x0.625/MERRA2/2019/07/MERRA2.20190701.A3mstC.05x0625.nc4
1519.517,hit,false,0.000,85,111.129,68,GEOS_0.5x0.625/MERRA2/2019/07/MERRA2.20190701.A3mstC.05x0625.nc4
1519.549,hit,false,0.000,84,111.161,68,GEOS_0.5x0.625/MERRA2/2019/07/MERRA2.20190701.A3mstC.05x0625.nc4
1519.581,hit,false,0.000,84,111.193,68,GEOS_0.5x0.625/MERRA2/2019/07/MERRA2.20190701.A3mstC.05x0625.nc4
1519.611,hit,false,0.000,84,111.221,69,GEOS_0.5x0.625/MERRA2/2019/07/MERRA2.20190701.A3mstC.05x0625.nc4
1519.644,hit,false,0.000,84,111.254,69,GEOS_0.5x0.625/MERRA2/2019/07/MERRA2.20190701.A3mstC.05x0625.nc4
1519.674,hit,false,0.000,84,111.283,69,GEOS_0.5x0.625/MERRA2/2019/07/MERRA2.20190701.A3mstC.05x0625.nc4
1519.703,hit,false,0.000,84,111.313,69,GEOS_0.5x0.625/MERRA2/2019/07/MERRA2.20190701.A3mstC.05x0625.nc4
1519.738,hit,false,0.000,84,111.347,69,GEOS_0.5x0.625/MERRA2/2019/07/MERRA2.20190701.A3mstC.05x0625.nc4
1519.766,hit,false,0.000,82,111.375,69,GEOS_0.5x0.625/MERRA2/2019/07/MERRA2.20190701.A3mstC.05x0625.nc4
1519.797,hit,false,0.000,82,111.406,69,GEOS_0.5x0.625/MERRA2/2019/07/MERRA2.20190701.A3mstC.05x0625.nc4
1519.826,hit,false,0.000,82,111.435,69,GEOS_0.5x0.625/MERRA2/2019/07/MERRA2.20190701.A3mstC.05x0625.nc4
1519.857,hit,false,0.000,82,111.465,70,GEOS_0.5x0.625/MERRA2/2019/07/MERRA2.20190701.A3mstC.05x0625.nc4
1519.885,hit,false,0.000,82,111.492,70,GEOS_0.5x0.625/MERRA2/2019/07/MERRA2.20190701.A3mstC.05x0625.nc4
1519.924,hit,false,0.000,82,111.531,70,GEOS_0.5x0.625/MERRA2/2019/07/MERRA2.20190701.A3mstC.05x0625.nc4
1519.947,hit,false,0.000,82,111.555,70,GEOS_0.5x0.625/MERRA2/2019/07/MERRA2.20190701.A3mstC.05x0625.nc4
1520.069,hit,false,0.000,82,111.677,70,GEOS_0.5x0.625/MERRA2/2019/07/MERRA2.20190701.A3mstC.05x0625.nc4
1520.093,hit,false,0.000,82,111.701,70,GEOS_0.5x0.625/MERRA2/2019/07/MERRA2.20190701.A3mstC.05x0625.nc4
1520.135,hit,false,0.000,82,111.743,70,GEOS_0.5x0.625/MERRA2/2019/07/MERRA2.20190701.A3mstC.05x0625.nc4
1520.156,hit,false,0.000,82,111.764,70,GEOS_0.5x0.625/MERRA2/2019/07/MERRA2.20190701.A3mstC.05x0625.nc4
1520.195,hit,false,0.000,82,111.801,71,GEOS_0.5x0.625/MERRA2/2019/07/MERRA2.20190701.A3mstC.05x0625.nc4
1520.222,hit,false,0.000,82,111.827,71,GEOS_0.5x0.625/MERRA2/2019/07/MERRA2.20190701.A3mstC.05x0625.nc4
1520.254,hit,false,0.000,82,111.859,71,GEOS_0.5x0.625/MERRA2/2019/07/MERRA2.20190701.A3mstC.05x0625.nc4
1520.280,hit,false,0.000,82,111.885,71,GEOS_0.5x0.625/MERRA2/2019/07/MERRA2.20190701.A3mstC.05x0625.nc4
1520.313,hit,false,0.000,82,111.919,71,GEOS_0.5x0.625/MERRA2/2019/07/MERRA2.20190701.A3mstC.05x0625.nc4
1520.336,hit,false,0.000,82,111.942,71,GEOS_0.5x0.625/MERRA2/2019/07/MERRA2.20190701.A3mstC.05x0625.nc4
1520.374,hit,false,0.000,82,111.980,71,GEOS_0.5x0.625/MERRA2/2019/07/MERRA2.20190701.A3mstC.05x0625.nc4
1520.399,hit,false,0.000,82,112.005,71,GEOS_0.5x0.625/MERRA2/2019/07/MERRA2.20190701.A3mstC.05x0625.nc4
1520.432,hit,false,0.000,82,112.051,72,GEOS_0.5x0.625/MERRA2/2019/07/MERRA2.20190701.A3mstC.05x0625.nc4
1520.457,hit,false,0.000,82,112.077,72,GEOS_0.5x0.625/MERRA2/2019/07/MERRA2.20190701.A3mstC.05x0625.nc4
1520.502,hit,false,0.000,82,112.122,72,GEOS_0.5x0.625/MERRA2/2019/07/MERRA2.20190701.A3mstC.05x0625.nc4
1520.532,hit,false,0.000,82,112.151,72,GEOS_0.5x0.625/MERRA2/2019/07/MERRA2.20190701.A3mstC.05x0625.nc4
1520.557,hit,false,0.000,82,112.176,72,GEOS_0.5x0.625/MERRA2/2019/07/MERRA2.20190701.A3mstC.05x0625.nc4
1520.617,hit,false,0.000,82,112.236,72,GEOS_0.5x0.625/MERRA2/2019/07/MERRA2.20190701.A3mstC.05x0625.nc4
1520.641,hit,false,0.000,82,112.260,72,GEOS_0.5x0.625/MERRA2/2019/07/MERRA2.20190701.A3mstC.05x0625.nc4
1520.687,hit,false,0.000,81,112.306,72,GEOS_0.5x0.625/MERRA2/2019/07/MERRA2.20190701.A3mstC.05x0625.nc4
1520.713,hit,false,0.000,81,112.329,73,GEOS_0.5x0.625/MERRA2/2019/07/MERRA2.20190701.A3mstC.05x0625.nc4
1520.756,hit,false,0.000,81,112.372,73,GEOS_0.5x0.625/MERRA2/2019/07/MERRA2.20190701.A3mstC.05x0625.nc4
1520.791,hit,false,0.000,81,112.407,73,GEOS_0.5x0.625/MERRA2/2019/07/MERRA2.20190701.A3mstC.05x0625.nc4
1520.820,hit,false,0.000,81,112.437,73,GEOS_0.5x0.625/MERRA2/2019/07/MERRA2.20190701.A3mstC.05x0625.nc4
1520.858,hit,false,0.000,81,112.474,73,GEOS_0.5x0.625/MERRA2/2019/07/MERRA2.20190701.A3mstC.05x0625.nc4
1520.884,hit,false,0.000,81,112.500,73,GEOS_0.5x0.625/MERRA2/2019/07/MERRA2.20190701.A3mstC.05x0625.nc4
1520.917,hit,false,0.000,81,112.533,73,GEOS_0.5x0.625/MERRA2/2019/07/MERRA2.20190701.A3mstC.05x0625.nc4
1520.965,hit,false,0.000,80,112.581,73,GEOS_0.5x0.625/MERRA2/2019/07/MERRA2.20190701.A3mstC.05x0625.nc4
1520.992,hit,false,0.000,80,112.605,74,GEOS_0.5x0.625/MERRA2/2019/07/MERRA2.20190701.A3mstC.05x0625.nc4
1521.035,hit,false,0.000,80,112.649,74,GEOS_0.5x0.625/MERRA2/2019/07/MERRA2.20190701.A3mstC.05x0625.nc4
1521.064,hit,false,0.000,80,112.677,74,GEOS_0.5x0.625/MERRA2/2019/07/MERRA2.20190701.A3mstC.05x0625.nc4
1521.112,hit,false,0.000,80,112.725,74,GEOS_0.5x0.625/MERRA2/2019/07/MERRA2.20190701.A3mstC.05x0625.nc4
1521.134,hit,false,0.000,80,112.748,74,GEOS_0.5x0.625/MERRA2/2019/07/MERRA2.20190701.A3mstC.05x0625.nc4
1521.194,hit,false,0.000,80,112.807,74,GEOS_0.5x0.625/MERRA2/2019/07/MERRA2.20190701.A3mstC.05x0625.nc4
1521.218,hit,false,0.000,80,112.831,74,GEOS_0.5x0.625/MERRA2/2019/07/MERRA2.20190701.A3mstC.05x0625.nc4
1521.259,hit,false,0.000,79,112.873,74,GEOS_0.5x0.625/MERRA2/2019/07/MERRA2.20190701.A3mstC.05x0625.nc4
1521.290,hit,false,0.000,79,112.902,75,GEOS_0.5x0.625/MERRA2/2019/07/MERRA2.20190701.A3mstC.05x0625.nc4
1521.329,hit,false,0.000,78,112.941,75,GEOS_0.5x0.625/MERRA2/2019/07/MERRA2.20190701.A3mstC.05x0625.nc4
1521.359,hit,false,0.000,78,112.971,75,GEOS_0.5x0.625/MERRA2/2019/07/MERRA2.20190701.A3mstC.05x0625.nc4
1521.394,hit,false,0.000,78,113.005,75,GEOS_0.5x0.625/MERRA2/2019/07/MERRA2.20190701.A3mstC.05x0625.nc4
1521.425,hit,false,0.000,78,113.036,75,GEOS_0.5x0.625/MERRA2/2019/07/MERRA2.20190701.A3mstC.05x0625.nc4
1521.460,hit,false,0.000,78,113.071,75,GEOS_0.5x0.625/MERRA2/2019/07/MERRA2.20190701.A3mstC.05x0625.nc4
1521.488,hit,false,0.000,78,113.100,75,GEOS_0.5x0.625/MERRA2/2019/07/MERRA2.20190701.A3mstC.05x0625.nc4
1521.516,hit,false,0.000,78,113.128,75,GEOS_0.5x0.625/MERRA2/2019/07/MERRA2.20190701.A3mstC.05x0625.nc4
1521.551,hit,false,0.000,78,113.161,76,GEOS_0.5x0.625/MERRA2/2019/07/MERRA2.20190701.A3mstC.05x0625.nc4
1521.585,hit,false,0.000,78,113.195,76,GEOS_0.5x0.625/MERRA2/2019/07/MERRA2.20190701.A3mstC.05x0625.nc4
1521.615,hit,false,0.000,78,113.225,76,GEOS_0.5x0.625/MERRA2/2019/07/MERRA2.20190701.A3mstC.05x0625.nc4
1521.661,hit,false,0.000,78,113.271,76,GEOS_0.5x0.625/MERRA2/2019/07/MERRA2.20190701.A3mstC.05x0625.nc4
1521.684,hit,false,0.000,78,113.294,76,GEOS_0.5x0.625/MERRA2/2019/07/MERRA2.20190701.A3mstC.05x0625.nc4
1521.721,hit,false,0.000,78,113.331,76,GEOS_0.5x0.625/MERRA2/2019/07/MERRA2.20190701.A3mstC.05x0625.nc4
1521.749,hit,false,0.000,78,113.359,76,GEOS_0.5x0.625/MERRA2/2019/07/MERRA2.20190701.A3mstC.05x0625.nc4
1521.809,hit,false,0.000,78,113.419,76,GEOS_0.5x0.625/MERRA2/2019/07/MERRA2.20190701.A3mstC.05x0625.nc4
1521.832,hit,false,0.000,77,113.440,77,GEOS_0.5x0.625/MERRA2/2019/07/MERRA2.20190701.A3mstC.05x0625.nc4
1521.870,hit,false,0.000,77,113.478,77,GEOS_0.5x0.625/MERRA2/2019/07/MERRA2.20190701.A3mstC.05x0625.nc4
1521.895,hit,false,0.000,76,113.503,77,GEOS_0.5x0.625/MERRA2/2019/07/MERRA2.20190701.A3mstC.05x0625.nc4
1521.929,hit,false,0.000,76,113.537,77,GEOS_0.5x0.625/MERRA2/2019/07/MERRA2.20190701.A3mstC.05x0625.nc4
1521.958,hit,false,0.000,76,113.566,77,GEOS_0.5x0.625/MERRA2/2019/07/MERRA2.20190701.A3mstC.05x0625.nc4
1521.999,hit,false,0.000,76,113.607,77,GEOS_0.5x0.625/MERRA2/2019/07/MERRA2.20190701.A3mstC.05x0625.nc4
1522.022,hit,false,0.000,76,113.630,77,GEOS_0.5x0.625/MERRA2/2019/07/MERRA2.20190701.A3mstC.05x0625.nc4
1522.057,hit,false,0.000,76,113.665,77,GEOS_0.5x0.625/MERRA2/2019/07/MERRA2.20190701.A3mstC.05x0625.nc4
1522.083,hit,false,0.000,76,113.689,78,GEOS_0.5x0.625/MERRA2/2019/07/MERRA2.20190701.A3mstC.05x0625.nc4
1522.118,hit,false,0.000,76,113.724,78,GEOS_0.5x0.625/MERRA2/2019/07/MERRA2.20190701.A3mstC.05x0625.nc4
1522.148,hit,false,0.000,76,113.755,78,GEOS_0.5x0.625/MERRA2/2019/07/MERRA2.20190701.A3mstC.05x0625.nc4
1522.256,hit,false,0.000,76,113.863,78,GEOS_0.5x0.625/MERRA2/2019/07/MERRA2.20190701.A3mstC.05x0625.nc4
1522.280,hit,false,0.000,76,113.887,78,GEOS_0.5x0.625/MERRA2/2019/07/MERRA2.20190701.A3mstC.05x0625.nc4
1522.315,hit,false,0.000,75,113.922,78,GEOS_0.5x0.625/MERRA2/2019/07/MERRA2.20190701.A3mstC.05x0625.nc4
1522.341,hit,false,0.000,75,113.948,78,GEOS_0.5x0.625/MERRA2/2019/07/MERRA2.20190701.A3mstC.05x0625.nc4
1522.373,hit,false,0.000,75,113.980,78,GEOS_0.5x0.625/MERRA2/2019/07/MERRA2.20190701.A3mstC.05x0625.nc4
1522.400,hit,false,0.000,75,114.005,79,GEOS_0.5x0.625/MERRA2/2019/07/MERRA2.20190701.A3mstC.05x0625.nc4
1522.432,hit,false,0.000,75,114.037,79,GEOS_0.5x0.625/MERRA2/2019/07/MERRA2.20190701.A3mstC.05x0625.nc4
1522.462,hit,false,0.000,75,114.067,79,GEOS_0.5x0.625/MERRA2/2019/07/MERRA2.20190701.A3mstC.05x0625.nc4
1522.492,hit,false,0.000,75,114.097,79,GEOS_0.5x0.625/MERRA2/2019/07/MERRA2.20190701.A3mstC.05x0625.nc4
1522.525,hit,false,0.000,75,114.130,79,GEOS_0.5x0.625/MERRA2/2019/07/MERRA2.20190701.A3mstC.05x0625.nc4
1522.552,hit,false,0.000,75,114.157,79,GEOS_0.5x0.625/MERRA2/2019/07/MERRA2.20190701.A3mstC.05x0625.nc4
1522.584,hit,false,0.000,75,114.189,79,GEOS_0.5x0.625/MERRA2/2019/07/MERRA2.20190701.A3mstC.05x0625.nc4
1522.608,hit,false,0.000,75,114.213,79,GEOS_0.5x0.625/MERRA2/2019/07/MERRA2.20190701.A3mstC.05x0625.nc4
1522.641,hit,false,0.000,75,114.238,80,GEOS_0.5x0.625/MERRA2/2019/07/MERRA2.20190701.A3mstC.05x0625.nc4
1522.668,hit,false,0.000,75,114.265,80,GEOS_0.5x0.625/MERRA2/2019/07/MERRA2.20190701.A3mstC.05x0625.nc4
1522.715,hit,false,0.000,75,114.312,80,GEOS_0.5x0.625/MERRA2/2019/07/MERRA2.20190701.A3mstC.05x0625.nc4
1522.738,hit,false,0.000,75,114.334,80,GEOS_0.5x0.625/MERRA2/2019/07/MERRA2.20190701.A3mstC.05x0625.nc4
1522.772,hit,false,0.000,75,114.369,80,GEOS_0.5x0.625/MERRA2/2019/07/MERRA2.20190701.A3mstC.05x0625.nc4
1522.808,hit,false,0.000,74,114.404,80,GEOS_0.5x0.625/MERRA2/2019/07/MERRA2.20190701.A3mstC.05x0625.nc4
1522.838,hit,false,0.000,74,114.435,80,GEOS_0.5x0.625/MERRA2/2019/07/MERRA2.20190701.A3mstC.05x0625.nc4
1522.865,hit,false,0.000,74,114.461,80,GEOS_0.5x0.625/MERRA2/2019/07/MERRA2.20190701.A3mstC.05x0625.nc4
1522.897,hit,false,0.000,74,114.484,81,GEOS_0.5x0.625/MERRA2/2019/07/MERRA2.20190701.A3mstC.05x0625.nc4
1522.928,hit,false,0.000,74,114.515,81,GEOS_0.5x0.625/MERRA2/2019/07/MERRA2.20190701.A3mstC.05x0625.nc4
1522.966,hit,false,0.000,74,114.552,81,GEOS_0.5x0.625/MERRA2/2019/07/MERRA2.20190701.A3mstC.05x0625.nc4
1522.992,hit,false,0.000,74,114.579,81,GEOS_0.5x0.625/MERRA2/2019/07/MERRA2.20190701.A3mstC.05x0625.nc4
1523.027,hit,false,0.000,74,114.614,81,GEOS_0.5x0.625/MERRA2/2019/07/MERRA2.20190701.A3mstC.05x0625.nc4
1523.057,hit,false,0.000,74,114.644,81,GEOS_0.5x0.625/MERRA2/2019/07/MERRA2.20190701.A3mstC.05x0625.nc4
1523.087,hit,false,0.000,74,114.673,81,GEOS_0.5x0.625/MERRA2/2019/07/MERRA2.20190701.A3mstC.05x0625.nc4
1523.121,hit,false,0.000,74,114.707,81,GEOS_0.5x0.625/MERRA2/2019/07/MERRA2.20190701.A3mstC.05x0625.nc4
1523.147,hit,false,0.000,74,114.731,82,GEOS_0.5x0.625/MERRA2/2019/07/MERRA2.20190701.A3mstC.05x0625.nc4
1523.179,hit,false,0.000,74,114.764,82,GEOS_0.5x0.625/MERRA2/2019/07/MERRA2.20190701.A3mstC.05x0625.nc4
1523.210,hit,false,0.000,74,114.794,82,GEOS_0.5x0.625/MERRA2/2019/07/MERRA2.20190701.A3mstC.05x0625.nc4
1523.248,hit,false,0.000,74,114.832,82,GEOS_0.5x0.625/MERRA2/2019/07/MERRA2.20190701.A3mstC.05x0625.nc4
1523.269,hit,false,0.000,74,114.854,82,GEOS_0.5x0.625/MERRA2/2019/07/MERRA2.20190701.A3mstC.05x0625.nc4
1523.309,hit,false,0.000,74,114.894,82,GEOS_0.5x0.625/MERRA2/2019/07/MERRA2.20190701.A3mstC.05x0625.nc4
1523.332,hit,false,0.000,74,114.917,82,GEOS_0.5x0.625/MERRA2/2019/07/MERRA2.20190701.A3mstC.05x0625.nc4
1523.392,hit,false,0.000,74,114.977,82,GEOS_0.5x0.625/MERRA2/2019/07/MERRA2.20190701.A3mstC.05x0625.nc4
1523.414,hit,false,0.000,74,114.997,83,GEOS_0.5x0.625/MERRA2/2019/07/MERRA2.20190701.A3mstC.05x0625.nc4
1523.452,hit,false,0.000,74,115.035,83,GEOS_0.5x0.625/MERRA2/2019/07/MERRA2.20190701.A3mstC.05x0625.nc4
1523.480,hit,false,0.000,74,115.063,83,GEOS_0.5x0.625/MERRA2/2019/07/MERRA2.20190701.A3mstC.05x0625.nc4
1523.516,hit,false,0.000,74,115.100,83,GEOS_0.5x0.625/MERRA2/2019/07/MERRA2.20190701.A3mstC.05x0625.nc4
1523.543,hit,false,0.000,74,115.126,83,GEOS_0.5x0.625/MERRA2/2019/07/MERRA2.20190701.A3mstC.05x0625.nc4
1523.579,hit,false,0.000,74,115.162,83,GEOS_0.5x0.625/MERRA2/2019/07/MERRA2.20190701.A3mstC.05x0625.nc4
1523.602,hit,false,0.000,74,115.186,83,GEOS_0.5x0.625/MERRA2/2019/07/MERRA2.20190701.A3mstC.05x0625.nc4
1523.644,hit,false,0.000,74,115.228,83,GEOS_0.5x0.625/MERRA2/2019/07/MERRA2.20190701.A3mstC.05x0625.nc4
1523.668,hit,false,0.000,74,115.249,84,GEOS_0.5x0.625/MERRA2/2019/07/MERRA2.20190701.A3mstC.05x0625.nc4
1523.711,hit,false,0.000,74,115.292,84,GEOS_0.5x0.625/MERRA2/2019/07/MERRA2.20190701.A3mstC.05x0625.nc4
1523.729,hit,false,0.000,74,115.310,84,GEOS_0.5x0.625/MERRA2/2019/07/MERRA2.20190701.A3mstC.05x0625.nc4
1523.780,hit,false,0.000,74,115.362,84,GEOS_0.5x0.625/MERRA2/2019/07/MERRA2.20190701.A3mstC.05x0625.nc4
1523.804,hit,false,0.000,74,115.385,84,GEOS_0.5x0.625/MERRA2/2019/07/MERRA2.20190701.A3mstC.05x0625.nc4
1523.841,hit,false,0.000,74,115.422,84,GEOS_0.5x0.625/MERRA2/2019/07/MERRA2.20190701.A3mstC.05x0625.nc4
1523.867,hit,false,0.000,74,115.448,84,GEOS_0.5x0.625/MERRA2/2019/07/MERRA2.20190701.A3mstC.05x0625.nc4
1523.899,hit,false,0.000,74,115.480,84,GEOS_0.5x0.625/MERRA2/2019/07/MERRA2.20190701.A3mstC.05x0625.nc4
1523.929,hit,false,0.000,74,115.507,85,GEOS_0.5x0.625/MERRA2/2019/07/MERRA2.20190701.A3mstC.05x0625.nc4
1523.962,hit,false,0.000,74,115.540,85,GEOS_0.5x0.625/MERRA2/2019/07/MERRA2.20190701.A3mstC.05x0625.nc4
1523.991,hit,false,0.000,74,115.570,85,GEOS_0.5x0.625/MERRA2/2019/07/MERRA2.20190701.A3mstC.05x0625.nc4
1524.023,hit,false,0.000,74,115.602,85,GEOS_0.5x0.625/MERRA2/2019/07/MERRA2.20190701.A3mstC.05x0625.nc4
1524.057,hit,false,0.000,74,115.636,85,GEOS_0.5x0.625/MERRA2/2019/07/MERRA2.20190701.A3mstC.05x0625.nc4
1524.087,hit,false,0.000,74,115.665,85,GEOS_0.5x0.625/MERRA2/2019/07/MERRA2.20190701.A3mstC.05x0625.nc4
1524.118,hit,false,0.000,74,115.696,85,GEOS_0.5x0.625/MERRA2/2019/07/MERRA2.20190701.A3mstC.05x0625.nc4
1524.150,hit,false,0.000,74,115.729,85,GEOS_0.5x0.625/MERRA2/2019/07/MERRA2.20190701.A3mstC.05x0625.nc4
1524.179,hit,false,0.000,74,115.756,86,GEOS_0.5x0.625/MERRA2/2019/07/MERRA2.20190701.A3mstC.05x0625.nc4
1524.216,hit,false,0.000,74,115.792,86,GEOS_0.5x0.625/MERRA2/2019/07/MERRA2.20190701.A3mstC.05x0625.nc4
1524.320,hit,false,0.000,74,115.897,86,GEOS_0.5x0.625/MERRA2/2019/07/MERRA2.20190701.A3mstC.05x0625.nc4
1524.344,hit,false,0.000,73,115.921,86,GEOS_0.5x0.625/MERRA2/2019/07/MERRA2.20190701.A3mstC.05x0625.nc4
1524.380,hit,false,0.000,73,115.956,86,GEOS_0.5x0.625/MERRA2/2019/07/MERRA2.20190701.A3mstC.05x0625.nc4
1524.406,hit,false,0.000,73,115.983,86,GEOS_0.5x0.625/MERRA2/2019/07/MERRA2.20190701.A3mstC.05x0625.nc4
1524.436,hit,false,0.000,73,116.013,86,GEOS_0.5x0.625/MERRA2/2019/07/MERRA2.20190701.A3mstC.05x0625.nc4
1524.464,hit,false,0.000,73,116.041,86,GEOS_0.5x0.625/MERRA2/2019/07/MERRA2.20190701.A3mstC.05x0625.nc4
1524.487,hit,false,0.000,73,116.063,87,GEOS_0.5x0.625/MERRA2/2019/07/MERRA2.20190701.A3mstC.05x0625.nc4
1524.528,hit,false,0.000,73,116.103,87,GEOS_0.5x0.625/MERRA2/2019/07/MERRA2.20190701.A3mstC.05x0625.nc4
1524.554,hit,false,0.000,73,116.129,87,GEOS_0.5x0.625/MERRA2/2019/07/MERRA2.20190701.A3mstC.05x0625.nc4
1524.586,hit,false,0.000,73,116.161,87,GEOS_0.5x0.625/MERRA2/2019/07/MERRA2.20190701.A3mstC.05x0625.nc4
1524.613,hit,false,0.000,73,116.189,87,GEOS_0.5x0.625/MERRA2/2019/07/MERRA2.20190701.A3mstC.05x0625.nc4
1524.646,hit,false,0.000,73,116.221,87,GEOS_0.5x0.625/MERRA2/2019/07/MERRA2.20190701.A3mstC.05x0625.nc4
1524.678,hit,false,0.000,73,116.253,87,GEOS_0.5x0.625/MERRA2/2019/07/MERRA2.20190701.A3mstC.05x0625.nc4
1524.702,hit,false,0.000,73,116.277,87,GEOS_0.5x0.625/MERRA2/2019/07/MERRA2.20190701.A3mstC.05x0625.nc4
1524.740,hit,false,0.000,73,113.999,88,GEOS_0.5x0.625/MERRA2/2019/07/MERRA2.20190701.A3mstC.05x0625.nc4
1524.765,hit,false,0.000,73,114.024,88,GEOS_0.5x0.625/MERRA2/2019/07/MERRA2.20190701.A3mstC.05x0625.nc4
1524.820,hit,false,0.000,73,114.079,88,GEOS_0.5x0.625/MERRA2/2019/07/MERRA2.20190701.A3mstC.05x0625.nc4
1524.842,hit,false,0.000,72,114.101,88,GEOS_0.5x0.625/MERRA2/2019/07/MERRA2.20190701.A3mstC.05x0625.nc4
1524.893,hit,false,0.000,72,114.152,88,GEOS_0.5x0.625/MERRA2/2019/07/MERRA2.20190701.A3mstC.05x0625.nc4
1524.915,hit,false,0.000,72,114.174,88,GEOS_0.5x0.625/MERRA2/2019/07/MERRA2.20190701.A3mstC.05x0625.nc4
1524.952,hit,false,0.000,72,114.211,88,GEOS_0.5x0.625/MERRA2/2019/07/MERRA2.20190701.A3mstC.05x0625.nc4
1524.977,hit,false,0.000,72,114.236,88,GEOS_0.5x0.625/MERRA2/2019/07/MERRA2.20190701.A3mstC.05x0625.nc4
1525.010,hit,false,0.000,72,114.267,89,GEOS_0.5x0.625/MERRA2/2019/07/MERRA2.20190701.A3mstC.05x0625.nc4
1525.037,hit,false,0.000,72,114.293,89,GEOS_0.5x0.625/MERRA2/2019/07/MERRA2.20190701.A3mstC.05x0625.nc4
1525.071,hit,false,0.000,72,114.328,89,GEOS_0.5x0.625/MERRA2/2019/07/MERRA2.20190701.A3mstC.05x0625.nc4
1525.095,hit,false,0.000,72,114.352,89,GEOS_0.5x0.625/MERRA2/2019/07/MERRA2.20190701.A3mstC.05x0625.nc4
1525.131,hit,false,0.000,72,114.388,89,GEOS_0.5x0.625/MERRA2/2019/07/MERRA2.20190701.A3mstC.05x0625.nc4
1525.159,hit,false,0.000,72,114.415,89,GEOS_0.5x0.625/MERRA2/2019/07/MERRA2.20190701.A3mstC.05x0625.nc4
1525.191,hit,false,0.000,72,114.448,89,GEOS_0.5x0.625/MERRA2/2019/07/MERRA2.20190701.A3mstC.05x0625.nc4
1525.221,hit,false,0.000,72,114.478,89,GEOS_0.5x0.625/MERRA2/2019/07/MERRA2.20190701.A3mstC.05x0625.nc4
1525.253,hit,false,0.000,72,114.508,90,GEOS_0.5x0.625/MERRA2/2019/07/MERRA2.20190701.A3mstC.05x0625.nc4
1525.281,hit,false,0.000,72,114.536,90,GEOS_0.5x0.625/MERRA2/2019/07/MERRA2.20190701.A3mstC.05x0625.nc4
1525.315,hit,false,0.000,72,114.570,90,GEOS_0.5x0.625/MERRA2/2019/07/MERRA2.20190701.A3mstC.05x0625.nc4
1525.337,hit,false,0.000,72,114.593,90,GEOS_0.5x0.625/MERRA2/2019/07/MERRA2.20190701.A3mstC.05x0625.nc4
1525.375,hit,false,0.000,72,114.630,90,GEOS_0.5x0.625/MERRA2/2019/07/MERRA2.20190701.A3mstC.05x0625.nc4
1525.401,hit,false,0.000,72,114.656,90,GEOS_0.5x0.625/MERRA2/2019/07/MERRA2.20190701.A3mstC.05x0625.nc4
1525.435,hit,false,0.000,72,114.690,90,GEOS_0.5x0.625/MERRA2/2019/07/MERRA2.20190701.A3mstC.05x0625.nc4
1525.457,hit,false,0.000,72,114.713,90,GEOS_0.5x0.625/MERRA2/2019/07/MERRA2.20190701.A3mstC.05x0625.nc4
1525.503,hit,false,0.000,72,114.756,91,GEOS_0.5x0.625/MERRA2/2019/07/MERRA2.20190701.A3mstC.05x0625.nc4
1525.528,hit,false,0.000,72,114.782,91,GEOS_0.5x0.625/MERRA2/2019/07/MERRA2.20190701.A3mstC.05x0625.nc4
1525.566,hit,false,0.000,72,114.820,91,GEOS_0.5x0.625/MERRA2/2019/07/MERRA2.20190701.A3mstC.05x0625.nc4
1525.589,hit,false,0.000,72,114.842,91,GEOS_0.5x0.625/MERRA2/2019/07/MERRA2.20190701.A3mstC.05x0625.nc4
1525.624,hit,false,0.000,72,114.877,91,GEOS_0.5x0.625/MERRA2/2019/07/MERRA2.20190701.A3mstC.05x0625.nc4
1525.651,hit,false,0.000,72,114.904,91,GEOS_0.5x0.625/MERRA2/2019/07/MERRA2.20190701.A3mstC.05x0625.nc4
1525.684,hit,false,0.000,72,114.938,91,GEOS_0.5x0.625/MERRA2/2019/07/MERRA2.20190701.A3mstC.05x0625.nc4
1525.709,hit,false,0.000,72,114.962,91,GEOS_0.5x0.625/MERRA2/2019/07/MERRA2.20190701.A3mstC.05x0625.nc4
1525.742,hit,false,0.000,71,114.994,92,GEOS_0.5x0.625/MERRA2/2019/07/MERRA2.20190701.A3mstC.05x0625.nc4
1525.771,hit,false,0.000,71,115.023,92,GEOS_0.5x0.625/MERRA2/2019/07/MERRA2.20190701.A3mstC.05x0625.nc4
1525.806,hit,false,0.000,71,115.058,92,GEOS_0.5x0.625/MERRA2/2019/07/MERRA2.20190701.A3mstC.05x0625.nc4
1525.834,hit,false,0.000,71,115.086,92,GEOS_0.5x0.625/MERRA2/2019/07/MERRA2.20190701.A3mstC.05x0625.nc4
1525.866,hit,false,0.000,71,115.118,92,GEOS_0.5x0.625/MERRA2/2019/07/MERRA2.20190701.A3mstC.05x0625.nc4
1525.890,hit,false,0.000,71,115.142,92,GEOS_0.5x0.625/MERRA2/2019/07/MERRA2.20190701.A3mstC.05x0625.nc4
1525.924,hit,false,0.000,71,115.176,92,GEOS_0.5x0.625/MERRA2/2019/07/MERRA2.20190701.A3mstC.05x0625.nc4
1525.951,hit,false,0.000,70,115.203,92,GEOS_0.5x0.625/MERRA2/2019/07/MERRA2.20190701.A3mstC.05x0625.nc4
1525.981,uncovered,false,10.946,51,115.231,93,GEOS_0.5x0.625/MERRA2/2019/07/MERRA2.20190701.A3mstC.05x0625.nc4
1526.013,uncovered,false,10.911,51,115.264,93,GEOS_0.5x0.625/MERRA2/2019/07/MERRA2.20190701.A3mstC.05x0625.nc4
1537.009,hit,false,0.000,51,126.259,93,GEOS_0.5x0.625/MERRA2/2019/07/MERRA2.20190701.A3mstC.05x0625.nc4
1537.033,hit,false,0.000,51,126.283,93,GEOS_0.5x0.625/MERRA2/2019/07/MERRA2.20190701.A3mstC.05x0625.nc4
1537.074,hit,false,0.000,51,126.324,93,GEOS_0.5x0.625/MERRA2/2019/07/MERRA2.20190701.A3mstC.05x0625.nc4
1537.100,hit,false,0.000,51,126.350,93,GEOS_0.5x0.625/MERRA2/2019/07/MERRA2.20190701.A3mstC.05x0625.nc4
1537.139,hit,false,0.000,51,126.389,93,GEOS_0.5x0.625/MERRA2/2019/07/MERRA2.20190701.A3mstC.05x0625.nc4
1537.160,hit,false,0.000,51,126.410,93,GEOS_0.5x0.625/MERRA2/2019/07/MERRA2.20190701.A3mstC.05x0625.nc4
1537.199,uncovered,false,4.282,43,126.447,94,GEOS_0.5x0.625/MERRA2/2019/07/MERRA2.20190701.A3mstC.05x0625.nc4
1537.305,uncovered,false,4.163,43,126.553,94,GEOS_0.5x0.625/MERRA2/2019/07/MERRA2.20190701.A3mstC.05x0625.nc4
1541.577,hit,false,0.000,43,130.825,94,GEOS_0.5x0.625/MERRA2/2019/07/MERRA2.20190701.A3mstC.05x0625.nc4
1541.606,hit,false,0.000,43,130.854,94,GEOS_0.5x0.625/MERRA2/2019/07/MERRA2.20190701.A3mstC.05x0625.nc4
1541.652,hit,false,0.000,43,130.900,94,GEOS_0.5x0.625/MERRA2/2019/07/MERRA2.20190701.A3mstC.05x0625.nc4
1541.679,hit,false,0.000,43,130.927,94,GEOS_0.5x0.625/MERRA2/2019/07/MERRA2.20190701.A3mstC.05x0625.nc4
1541.722,hit,false,0.000,43,130.970,94,GEOS_0.5x0.625/MERRA2/2019/07/MERRA2.20190701.A3mstC.05x0625.nc4
1541.751,hit,false,0.000,43,130.999,94,GEOS_0.5x0.625/MERRA2/2019/07/MERRA2.20190701.A3mstC.05x0625.nc4
1541.813,uncovered,false,4.179,35,131.059,95,GEOS_0.5x0.625/MERRA2/2019/07/MERRA2.20190701.A3mstC.05x0625.nc4
1541.843,uncovered,false,4.139,35,131.089,95,GEOS_0.5x0.625/MERRA2/2019/07/MERRA2.20190701.A3mstC.05x0625.nc4
1546.089,hit,false,0.000,35,135.334,95,GEOS_0.5x0.625/MERRA2/2019/07/MERRA2.20190701.A3mstC.05x0625.nc4
1546.115,hit,false,0.000,35,135.360,95,GEOS_0.5x0.625/MERRA2/2019/07/MERRA2.20190701.A3mstC.05x0625.nc4
1546.163,hit,false,0.000,35,135.409,95,GEOS_0.5x0.625/MERRA2/2019/07/MERRA2.20190701.A3mstC.05x0625.nc4
1546.189,hit,false,0.000,35,135.435,95,GEOS_0.5x0.625/MERRA2/2019/07/MERRA2.20190701.A3mstC.05x0625.nc4
1546.265,hit,false,0.000,35,135.511,95,GEOS_0.5x0.625/MERRA2/2019/07/MERRA2.20190701.A3mstC.05x0625.nc4
1546.280,hit,false,0.000,35,135.525,95,GEOS_0.5x0.625/MERRA2/2019/07/MERRA2.20190701.A3mstC.05x0625.nc4
1546.345,hit,false,0.000,35,135.611,96,GEOS_0.5x0.625/MERRA2/2019/07/MERRA2.20190701.A3mstC.05x0625.nc4
1546.373,hit,false,0.000,35,135.639,96,GEOS_0.5x0.625/MERRA2/2019/07/MERRA2.20190701.A3mstC.05x0625.nc4
1546.429,hit,false,0.000,35,135.695,96,GEOS_0.5x0.625/MERRA2/2019/07/MERRA2.20190701.A3mstC.05x0625.nc4
1546.450,hit,false,0.000,35,135.716,96,GEOS_0.5x0.625/MERRA2/2019/07/MERRA2.20190701.A3mstC.05x0625.nc4
1546.538,hit,false,0.000,35,135.804,96,GEOS_0.5x0.625/MERRA2/2019/07/MERRA2.20190701.A3mstC.05x0625.nc4
1546.563,hit,false,0.000,35,135.829,96,GEOS_0.5x0.625/MERRA2/2019/07/MERRA2.20190701.A3mstC.05x0625.nc4
1546.638,hit,false,0.000,35,135.904,96,GEOS_0.5x0.625/MERRA2/2019/07/MERRA2.20190701.A3mstC.05x0625.nc4
1546.644,hit,false,0.000,35,135.910,96,GEOS_0.5x0.625/MERRA2/2019/07/MERRA2.20190701.A3mstC.05x0625.nc4
1546.731,hit,false,0.000,35,135.993,97,GEOS_0.5x0.625/MERRA2/2019/07/MERRA2.20190701.A3mstC.05x0625.nc4
1546.777,hit,false,0.000,35,136.038,97,GEOS_0.5x0.625/MERRA2/2019/07/MERRA2.20190701.A3mstC.05x0625.nc4
1546.843,hit,false,0.000,35,136.104,97,GEOS_0.5x0.625/MERRA2/2019/07/MERRA2.20190701.A3mstC.05x0625.nc4
1546.865,hit,false,0.000,35,136.127,97,GEOS_0.5x0.625/MERRA2/2019/07/MERRA2.20190701.A3mstC.05x0625.nc4
1546.904,hit,false,0.000,35,136.166,97,GEOS_0.5x0.625/MERRA2/2019/07/MERRA2.20190701.A3mstC.05x0625.nc4
1546.930,hit,false,0.000,35,136.192,97,GEOS_0.5x0.625/MERRA2/2019/07/MERRA2.20190701.A3mstC.05x0625.nc4
1546.966,hit,false,0.000,35,136.227,97,GEOS_0.5x0.625/MERRA2/2019/07/MERRA2.20190701.A3mstC.05x0625.nc4
1546.994,hit,false,0.000,35,136.255,97,GEOS_0.5x0.625/MERRA2/2019/07/MERRA2.20190701.A3mstC.05x0625.nc4
1547.027,hit,false,0.000,34,136.286,98,GEOS_0.5x0.625/MERRA2/2019/07/MERRA2.20190701.A3mstC.05x0625.nc4
1547.061,hit,false,0.000,34,136.320,98,GEOS_0.5x0.625/MERRA2/2019/07/MERRA2.20190701.A3mstC.05x0625.nc4
1547.105,hit,false,0.000,34,136.364,98,GEOS_0.5x0.625/MERRA2/2019/07/MERRA2.20190701.A3mstC.05x0625.nc4
1547.133,hit,false,0.000,34,136.393,98,GEOS_0.5x0.625/MERRA2/2019/07/MERRA2.20190701.A3mstC.05x0625.nc4
1547.170,hit,false,0.000,34,136.430,98,GEOS_0.5x0.625/MERRA2/2019/07/MERRA2.20190701.A3mstC.05x0625.nc4
1547.194,hit,false,0.000,34,136.454,98,GEOS_0.5x0.625/MERRA2/2019/07/MERRA2.20190701.A3mstC.05x0625.nc4
1547.233,hit,false,0.000,34,136.492,98,GEOS_0.5x0.625/MERRA2/2019/07/MERRA2.20190701.A3mstC.05x0625.nc4
1547.284,hit,false,0.000,34,136.543,98,GEOS_0.5x0.625/MERRA2/2019/07/MERRA2.20190701.A3mstC.05x0625.nc4
1547.306,hit,false,0.000,34,136.564,99,GEOS_0.5x0.625/MERRA2/2019/07/MERRA2.20190701.A3mstC.05x0625.nc4
1547.345,hit,false,0.000,34,136.603,99,GEOS_0.5x0.625/MERRA2/2019/07/MERRA2.20190701.A3mstC.05x0625.nc4
1547.373,hit,false,0.000,34,136.631,99,GEOS_0.5x0.625/MERRA2/2019/07/MERRA2.20190701.A3mstC.05x0625.nc4
1547.407,hit,false,0.000,34,136.665,99,GEOS_0.5x0.625/MERRA2/2019/07/MERRA2.20190701.A3mstC.05x0625.nc4
1547.442,hit,false,0.000,34,136.700,99,GEOS_0.5x0.625/MERRA2/2019/07/MERRA2.20190701.A3mstC.05x0625.nc4
1547.481,hit,false,0.000,34,136.739,99,GEOS_0.5x0.625/MERRA2/2019/07/MERRA2.20190701.A3mstC.05x0625.nc4
1547.513,hit,false,0.000,34,136.771,99,GEOS_0.5x0.625/MERRA2/2019/07/MERRA2.20190701.A3mstC.05x0625.nc4
1547.543,hit,false,0.000,34,136.801,99,GEOS_0.5x0.625/MERRA2/2019/07/MERRA2.20190701.A3mstC.05x0625.nc4
1547.575,hit,false,0.000,34,136.832,100,GEOS_0.5x0.625/MERRA2/2019/07/MERRA2.20190701.A3mstC.05x0625.nc4
1547.606,hit,false,0.000,34,136.863,100,GEOS_0.5x0.625/MERRA2/2019/07/MERRA2.20190701.A3mstC.05x0625.nc4
1547.643,hit,false,0.000,34,136.900,100,GEOS_0.5x0.625/MERRA2/2019/07/MERRA2.20190701.A3mstC.05x0625.nc4
1547.668,hit,false,0.000,34,136.925,100,GEOS_0.5x0.625/MERRA2/2019/07/MERRA2.20190701.A3mstC.05x0625.nc4
1547.705,hit,false,0.000,34,136.961,100,GEOS_0.5x0.625/MERRA2/2019/07/MERRA2.20190701.A3mstC.05x0625.nc4
1547.728,hit,false,0.000,34,136.984,100,GEOS_0.5x0.625/MERRA2/2019/07/MERRA2.20190701.A3mstC.05x0625.nc4
1547.774,hit,false,0.000,34,137.031,100,GEOS_0.5x0.625/MERRA2/2019/07/MERRA2.20190701.A3mstC.05x0625.nc4
1547.797,hit,false,0.000,34,137.053,100,GEOS_0.5x0.625/MERRA2/2019/07/MERRA2.20190701.A3mstC.05x0625.nc4
1547.851,hit,false,0.000,33,137.106,101,GEOS_0.5x0.625/MERRA2/2019/07/MERRA2.20190701.A3mstC.05x0625.nc4
1547.877,hit,false,0.000,33,137.132,101,GEOS_0.5x0.625/MERRA2/2019/07/MERRA2.20190701.A3mstC.05x0625.nc4
1548.017,hit,false,0.000,30,137.271,101,GEOS_0.5x0.625/MERRA2/2019/07/MERRA2.20190701.A3mstC.05x0625.nc4
1548.040,hit,false,0.000,30,137.295,101,GEOS_0.5x0.625/MERRA2/2019/07/MERRA2.20190701.A3mstC.05x0625.nc4
1548.078,hit,false,0.000,30,137.333,101,GEOS_0.5x0.625/MERRA2/2019/07/MERRA2.20190701.A3mstC.05x0625.nc4
1548.103,hit,false,0.000,30,137.357,101,GEOS_0.5x0.625/MERRA2/2019/07/MERRA2.20190701.A3mstC.05x0625.nc4
1548.145,hit,false,0.000,30,137.400,101,GEOS_0.5x0.625/MERRA2/2019/07/MERRA2.20190701.A3mstC.05x0625.nc4
1548.180,hit,false,0.000,30,137.434,101,GEOS_0.5x0.625/MERRA2/2019/07/MERRA2.20190701.A3mstC.05x0625.nc4
1548.210,hit,false,0.000,30,137.463,102,GEOS_0.5x0.625/MERRA2/2019/07/MERRA2.20190701.A3mstC.05x0625.nc4
1548.243,hit,false,0.000,30,137.495,102,GEOS_0.5x0.625/MERRA2/2019/07/MERRA2.20190701.A3mstC.05x0625.nc4
1548.275,hit,false,0.000,30,137.528,102,GEOS_0.5x0.625/MERRA2/2019/07/MERRA2.20190701.A3mstC.05x0625.nc4
1548.304,hit,false,0.000,30,137.557,102,GEOS_0.5x0.625/MERRA2/2019/07/MERRA2.20190701.A3mstC.05x0625.nc4
1548.338,hit,false,0.000,30,137.591,102,GEOS_0.5x0.625/MERRA2/2019/07/MERRA2.20190701.A3mstC.05x0625.nc4
1548.361,hit,false,0.000,30,137.614,102,GEOS_0.5x0.625/MERRA2/2019/07/MERRA2.20190701.A3mstC.05x0625.nc4
1548.398,hit,false,0.000,30,137.651,102,GEOS_0.5x0.625/MERRA2/2019/07/MERRA2.20190701.A3mstC.05x0625.nc4
1548.428,hit,false,0.000,30,137.681,102,GEOS_0.5x0.625/MERRA2/2019/07/MERRA2.20190701.A3mstC.05x0625.nc4
1548.463,hit,false,0.000,30,137.714,103,GEOS_0.5x0.625/MERRA2/2019/07/MERRA2.20190701.A3mstC.05x0625.nc4
1548.490,hit,false,0.000,30,137.741,103,GEOS_0.5x0.625/MERRA2/2019/07/MERRA2.20190701.A3mstC.05x0625.nc4
1548.545,hit,false,0.000,30,137.796,103,GEOS_0.5x0.625/MERRA2/2019/07/MERRA2.20190701.A3mstC.05x0625.nc4
1548.568,hit,false,0.000,29,137.819,103,GEOS_0.5x0.625/MERRA2/2019/07/MERRA2.20190701.A3mstC.05x0625.nc4
1548.608,hit,false,0.000,29,137.859,103,GEOS_0.5x0.625/MERRA2/2019/07/MERRA2.20190701.A3mstC.05x0625.nc4
1548.633,hit,false,0.000,29,137.884,103,GEOS_0.5x0.625/MERRA2/2019/07/MERRA2.20190701.A3mstC.05x0625.nc4
1548.667,hit,false,0.000,29,137.918,103,GEOS_0.5x0.625/MERRA2/2019/07/MERRA2.20190701.A3mstC.05x0625.nc4
1548.700,hit,false,0.000,29,137.951,103,GEOS_0.5x0.625/MERRA2/2019/07/MERRA2.20190701.A3mstC.05x0625.nc4
1548.738,hit,false,0.000,29,137.988,104,GEOS_0.5x0.625/MERRA2/2019/07/MERRA2.20190701.A3mstC.05x0625.nc4
1548.764,hit,false,0.000,29,138.014,104,GEOS_0.5x0.625/MERRA2/2019/07/MERRA2.20190701.A3mstC.05x0625.nc4
1548.826,hit,false,0.000,27,138.076,104,GEOS_0.5x0.625/MERRA2/2019/07/MERRA2.20190701.A3mstC.05x0625.nc4
1548.848,hit,false,0.000,27,138.098,104,GEOS_0.5x0.625/MERRA2/2019/07/MERRA2.20190701.A3mstC.05x0625.nc4
1548.892,hit,false,0.000,27,138.142,104,GEOS_0.5x0.625/MERRA2/2019/07/MERRA2.20190701.A3mstC.05x0625.nc4
1548.917,hit,false,0.000,27,138.166,104,GEOS_0.5x0.625/MERRA2/2019/07/MERRA2.20190701.A3mstC.05x0625.nc4
1548.969,hit,false,0.000,27,138.218,104,GEOS_0.5x0.625/MERRA2/2019/07/MERRA2.20190701.A3mstC.05x0625.nc4
1548.999,hit,false,0.000,27,138.249,104,GEOS_0.5x0.625/MERRA2/2019/07/MERRA2.20190701.A3mstC.05x0625.nc4
1549.028,hit,false,0.000,27,138.276,105,GEOS_0.5x0.625/MERRA2/2019/07/MERRA2.20190701.A3mstC.05x0625.nc4
1549.068,hit,false,0.000,27,138.315,105,GEOS_0.5x0.625/MERRA2/2019/07/MERRA2.20190701.A3mstC.05x0625.nc4
1549.096,hit,false,0.000,27,138.343,105,GEOS_0.5x0.625/MERRA2/2019/07/MERRA2.20190701.A3mstC.05x0625.nc4
1549.129,hit,false,0.000,27,138.377,105,GEOS_0.5x0.625/MERRA2/2019/07/MERRA2.20190701.A3mstC.05x0625.nc4
1549.156,hit,false,0.000,27,138.403,105,GEOS_0.5x0.625/MERRA2/2019/07/MERRA2.20190701.A3mstC.05x0625.nc4
1549.187,hit,false,0.000,27,138.434,105,GEOS_0.5x0.625/MERRA2/2019/07/MERRA2.20190701.A3mstC.05x0625.nc4
1549.220,hit,false,0.000,27,138.468,105,GEOS_0.5x0.625/MERRA2/2019/07/MERRA2.20190701.A3mstC.05x0625.nc4
1549.249,hit,false,0.000,27,138.496,105,GEOS_0.5x0.625/MERRA2/2019/07/MERRA2.20190701.A3mstC.05x0625.nc4
1549.290,hit,false,0.000,27,138.536,106,GEOS_0.5x0.625/MERRA2/2019/07/MERRA2.20190701.A3mstC.05x0625.nc4
1549.323,hit,false,0.000,27,138.569,106,GEOS_0.5x0.625/MERRA2/2019/07/MERRA2.20190701.A3mstC.05x0625.nc4
1549.348,hit,false,0.000,27,138.594,106,GEOS_0.5x0.625/MERRA2/2019/07/MERRA2.20190701.A3mstC.05x0625.nc4
1549.379,hit,false,0.000,27,138.625,106,GEOS_0.5x0.625/MERRA2/2019/07/MERRA2.20190701.A3mstC.05x0625.nc4
1549.405,hit,false,0.000,27,138.651,106,GEOS_0.5x0.625/MERRA2/2019/07/MERRA2.20190701.A3mstC.05x0625.nc4
1549.436,hit,false,0.000,27,138.682,106,GEOS_0.5x0.625/MERRA2/2019/07/MERRA2.20190701.A3mstC.05x0625.nc4
1549.468,hit,false,0.000,27,138.714,106,GEOS_0.5x0.625/MERRA2/2019/07/MERRA2.20190701.A3mstC.05x0625.nc4
1549.513,hit,false,0.000,27,138.759,106,GEOS_0.5x0.625/MERRA2/2019/07/MERRA2.20190701.A3mstC.05x0625.nc4
1549.539,hit,false,0.000,27,138.783,107,GEOS_0.5x0.625/MERRA2/2019/07/MERRA2.20190701.A3mstC.05x0625.nc4
1549.576,hit,false,0.000,27,138.819,107,GEOS_0.5x0.625/MERRA2/2019/07/MERRA2.20190701.A3mstC.05x0625.nc4
1549.599,hit,false,0.000,27,138.843,107,GEOS_0.5x0.625/MERRA2/2019/07/MERRA2.20190701.A3mstC.05x0625.nc4
1549.633,hit,false,0.000,27,138.877,107,GEOS_0.5x0.625/MERRA2/2019/07/MERRA2.20190701.A3mstC.05x0625.nc4
1549.661,hit,false,0.000,27,138.904,107,GEOS_0.5x0.625/MERRA2/2019/07/MERRA2.20190701.A3mstC.05x0625.nc4
1549.692,hit,false,0.000,27,138.936,107,GEOS_0.5x0.625/MERRA2/2019/07/MERRA2.20190701.A3mstC.05x0625.nc4
1549.717,hit,false,0.000,27,138.961,107,GEOS_0.5x0.625/MERRA2/2019/07/MERRA2.20190701.A3mstC.05x0625.nc4
1549.751,hit,false,0.000,27,138.995,107,GEOS_0.5x0.625/MERRA2/2019/07/MERRA2.20190701.A3mstC.05x0625.nc4
1549.819,hit,false,0.000,27,139.062,108,GEOS_0.5x0.625/MERRA2/2019/07/MERRA2.20190701.A3mstC.05x0625.nc4
1549.836,hit,false,0.000,27,139.078,108,GEOS_0.5x0.625/MERRA2/2019/07/MERRA2.20190701.A3mstC.05x0625.nc4
1549.883,hit,false,0.000,26,139.125,108,GEOS_0.5x0.625/MERRA2/2019/07/MERRA2.20190701.A3mstC.05x0625.nc4
1549.906,hit,false,0.000,26,139.148,108,GEOS_0.5x0.625/MERRA2/2019/07/MERRA2.20190701.A3mstC.05x0625.nc4
1549.944,hit,false,0.000,26,139.186,108,GEOS_0.5x0.625/MERRA2/2019/07/MERRA2.20190701.A3mstC.05x0625.nc4
1549.977,hit,false,0.000,26,139.219,108,GEOS_0.5x0.625/MERRA2/2019/07/MERRA2.20190701.A3mstC.05x0625.nc4
1550.011,hit,false,0.000,26,139.253,108,GEOS_0.5x0.625/MERRA2/2019/07/MERRA2.20190701.A3mstC.05x0625.nc4
1550.033,hit,false,0.000,26,139.276,108,GEOS_0.5x0.625/MERRA2/2019/07/MERRA2.20190701.A3mstC.05x0625.nc4
1550.081,hit,false,0.000,26,139.322,109,GEOS_0.5x0.625/MERRA2/2019/07/MERRA2.20190701.A3mstC.05x0625.nc4
1550.182,hit,false,0.000,26,139.423,109,GEOS_0.5x0.625/MERRA2/2019/07/MERRA2.20190701.A3mstC.05x0625.nc4
1550.206,hit,false,0.000,26,139.446,109,GEOS_0.5x0.625/MERRA2/2019/07/MERRA2.20190701.A3mstC.05x0625.nc4
1550.240,hit,false,0.000,26,139.481,109,GEOS_0.5x0.625/MERRA2/2019/07/MERRA2.20190701.A3mstC.05x0625.nc4
1550.267,hit,false,0.000,26,139.507,109,GEOS_0.5x0.625/MERRA2/2019/07/MERRA2.20190701.A3mstC.05x0625.nc4
1550.298,hit,false,0.000,26,139.539,109,GEOS_0.5x0.625/MERRA2/2019/07/MERRA2.20190701.A3mstC.05x0625.nc4
1550.330,hit,false,0.000,26,139.570,109,GEOS_0.5x0.625/MERRA2/2019/07/MERRA2.20190701.A3mstC.05x0625.nc4
1550.362,hit,false,0.000,26,139.602,109,GEOS_0.5x0.625/MERRA2/2019/07/MERRA2.20190701.A3mstC.05x0625.nc4
1550.388,hit,false,0.000,26,139.627,110,GEOS_0.5x0.625/MERRA2/2019/07/MERRA2.20190701.A3mstC.05x0625.nc4
1550.431,hit,false,0.000,26,139.670,110,GEOS_0.5x0.625/MERRA2/2019/07/MERRA2.20190701.A3mstC.05x0625.nc4
1550.449,hit,false,0.000,26,139.688,110,GEOS_0.5x0.625/MERRA2/2019/07/MERRA2.20190701.A3mstC.05x0625.nc4
1550.491,hit,false,0.000,26,139.730,110,GEOS_0.5x0.625/MERRA2/2019/07/MERRA2.20190701.A3mstC.05x0625.nc4
1550.515,hit,false,0.000,26,139.754,110,GEOS_0.5x0.625/MERRA2/2019/07/MERRA2.20190701.A3mstC.05x0625.nc4
1550.549,hit,false,0.000,26,139.788,110,GEOS_0.5x0.625/MERRA2/2019/07/MERRA2.20190701.A3mstC.05x0625.nc4
1550.577,hit,false,0.000,25,139.816,110,GEOS_0.5x0.625/MERRA2/2019/07/MERRA2.20190701.A3mstC.05x0625.nc4
1550.606,hit,false,0.000,25,139.845,110,GEOS_0.5x0.625/MERRA2/2019/07/MERRA2.20190701.A3mstC.05x0625.nc4
1550.636,hit,false,0.000,25,139.873,111,GEOS_0.5x0.625/MERRA2/2019/07/MERRA2.20190701.A3mstC.05x0625.nc4
1550.670,hit,false,0.000,25,139.906,111,GEOS_0.5x0.625/MERRA2/2019/07/MERRA2.20190701.A3mstC.05x0625.nc4
1550.693,hit,false,0.000,25,139.930,111,GEOS_0.5x0.625/MERRA2/2019/07/MERRA2.20190701.A3mstC.05x0625.nc4
1550.739,hit,false,0.000,25,139.976,111,GEOS_0.5x0.625/MERRA2/2019/07/MERRA2.20190701.A3mstC.05x0625.nc4
1550.769,hit,false,0.000,25,140.006,111,GEOS_0.5x0.625/MERRA2/2019/07/MERRA2.20190701.A3mstC.05x0625.nc4
1550.797,hit,false,0.000,25,140.034,111,GEOS_0.5x0.625/MERRA2/2019/07/MERRA2.20190701.A3mstC.05x0625.nc4
1550.845,hit,false,0.000,25,140.082,111,GEOS_0.5x0.625/MERRA2/2019/07/MERRA2.20190701.A3mstC.05x0625.nc4
1550.868,hit,false,0.000,25,140.105,111,GEOS_0.5x0.625/MERRA2/2019/07/MERRA2.20190701.A3mstC.05x0625.nc4
1550.903,hit,false,0.000,25,140.142,112,GEOS_0.5x0.625/MERRA2/2019/07/MERRA2.20190701.A3mstC.05x0625.nc4
1550.932,hit,false,0.000,25,140.171,112,GEOS_0.5x0.625/MERRA2/2019/07/MERRA2.20190701.A3mstC.05x0625.nc4
1550.993,hit,false,0.000,25,140.231,112,GEOS_0.5x0.625/MERRA2/2019/07/MERRA2.20190701.A3mstC.05x0625.nc4
1551.014,hit,false,0.000,25,140.253,112,GEOS_0.5x0.625/MERRA2/2019/07/MERRA2.20190701.A3mstC.05x0625.nc4
1551.056,hit,false,0.000,25,140.295,112,GEOS_0.5x0.625/MERRA2/2019/07/MERRA2.20190701.A3mstC.05x0625.nc4
1551.090,hit,false,0.000,25,140.328,112,GEOS_0.5x0.625/MERRA2/2019/07/MERRA2.20190701.A3mstC.05x0625.nc4
1551.130,hit,false,0.000,25,140.368,112,GEOS_0.5x0.625/MERRA2/2019/07/MERRA2.20190701.A3mstC.05x0625.nc4
1551.153,hit,false,0.000,25,140.392,112,GEOS_0.5x0.625/MERRA2/2019/07/MERRA2.20190701.A3mstC.05x0625.nc4
1551.191,hit,false,0.000,25,140.427,113,GEOS_0.5x0.625/MERRA2/2019/07/MERRA2.20190701.A3mstC.05x0625.nc4
1551.217,hit,false,0.000,25,140.453,113,GEOS_0.5x0.625/MERRA2/2019/07/MERRA2.20190701.A3mstC.05x0625.nc4
1551.251,hit,false,0.000,25,140.487,113,GEOS_0.5x0.625/MERRA2/2019/07/MERRA2.20190701.A3mstC.05x0625.nc4
1551.275,hit,false,0.000,25,140.511,113,GEOS_0.5x0.625/MERRA2/2019/07/MERRA2.20190701.A3mstC.05x0625.nc4
1551.314,hit,false,0.000,25,140.550,113,GEOS_0.5x0.625/MERRA2/2019/07/MERRA2.20190701.A3mstC.05x0625.nc4
1551.337,hit,false,0.000,25,140.574,113,GEOS_0.5x0.625/MERRA2/2019/07/MERRA2.20190701.A3mstC.05x0625.nc4
1551.374,hit,false,0.000,25,140.610,113,GEOS_0.5x0.625/MERRA2/2019/07/MERRA2.20190701.A3mstC.05x0625.nc4
1551.401,hit,false,0.000,25,140.638,113,GEOS_0.5x0.625/MERRA2/2019/07/MERRA2.20190701.A3mstC.05x0625.nc4
1551.435,hit,false,0.000,25,140.669,114,GEOS_0.5x0.625/MERRA2/2019/07/MERRA2.20190701.A3mstC.05x0625.nc4
1551.461,hit,false,0.000,25,140.695,114,GEOS_0.5x0.625/MERRA2/2019/07/MERRA2.20190701.A3mstC.05x0625.nc4
1551.502,hit,false,0.000,25,140.736,114,GEOS_0.5x0.625/MERRA2/2019/07/MERRA2.20190701.A3mstC.05x0625.nc4
1551.524,hit,false,0.000,25,140.758,114,GEOS_0.5x0.625/MERRA2/2019/07/MERRA2.20190701.A3mstC.05x0625.nc4
1551.573,hit,false,0.000,25,140.808,114,GEOS_0.5x0.625/MERRA2/2019/07/MERRA2.20190701.A3mstC.05x0625.nc4
1551.597,hit,false,0.000,24,140.831,114,GEOS_0.5x0.625/MERRA2/2019/07/MERRA2.20190701.A3mstC.05x0625.nc4
1551.633,hit,false,0.000,24,140.868,114,GEOS_0.5x0.625/MERRA2/2019/07/MERRA2.20190701.A3mstC.05x0625.nc4
1551.665,hit,false,0.000,24,140.900,114,GEOS_0.5x0.625/MERRA2/2019/07/MERRA2.20190701.A3mstC.05x0625.nc4
1551.690,hit,false,0.000,24,140.923,115,GEOS_0.5x0.625/MERRA2/2019/07/MERRA2.20190701.A3mstC.05x0625.nc4
1551.726,hit,false,0.000,24,140.959,115,GEOS_0.5x0.625/MERRA2/2019/07/MERRA2.20190701.A3mstC.05x0625.nc4
1551.751,hit,false,0.000,24,140.985,115,GEOS_0.5x0.625/MERRA2/2019/07/MERRA2.20190701.A3mstC.05x0625.nc4
1551.786,hit,false,0.000,24,141.019,115,GEOS_0.5x0.625/MERRA2/2019/07/MERRA2.20190701.A3mstC.05x0625.nc4
1551.815,hit,false,0.000,24,141.048,115,GEOS_0.5x0.625/MERRA2/2019/07/MERRA2.20190701.A3mstC.05x0625.nc4
1551.856,hit,false,0.000,24,141.089,115,GEOS_0.5x0.625/MERRA2/2019/07/MERRA2.20190701.A3mstC.05x0625.nc4
1551.879,hit,false,0.000,24,141.112,115,GEOS_0.5x0.625/MERRA2/2019/07/MERRA2.20190701.A3mstC.05x0625.nc4
1551.922,hit,false,0.000,24,141.155,115,GEOS_0.5x0.625/MERRA2/2019/07/MERRA2.20190701.A3mstC.05x0625.nc4
1551.944,uncovered,false,1.280,22,141.176,116,GEOS_0.5x0.625/MERRA2/2019/07/MERRA2.20190701.A3mstC.05x0625.nc4
1551.982,uncovered,false,1.231,22,141.214,116,GEOS_0.5x0.625/MERRA2/2019/07/MERRA2.20190701.A3mstC.05x0625.nc4
1553.301,hit,false,0.000,21,142.533,116,GEOS_0.5x0.625/MERRA2/2019/07/MERRA2.20190701.A3mstC.05x0625.nc4
1553.327,hit,false,0.000,21,142.559,116,GEOS_0.5x0.625/MERRA2/2019/07/MERRA2.20190701.A3mstC.05x0625.nc4
1553.362,hit,false,0.000,21,142.594,116,GEOS_0.5x0.625/MERRA2/2019/07/MERRA2.20190701.A3mstC.05x0625.nc4
1553.388,hit,false,0.000,21,142.620,116,GEOS_0.5x0.625/MERRA2/2019/07/MERRA2.20190701.A3mstC.05x0625.nc4
1553.421,hit,false,0.000,21,142.653,116,GEOS_0.5x0.625/MERRA2/2019/07/MERRA2.20190701.A3mstC.05x0625.nc4
1553.450,hit,false,0.000,21,142.682,116,GEOS_0.5x0.625/MERRA2/2019/07/MERRA2.20190701.A3mstC.05x0625.nc4
1553.561,uncovered,false,3.692,13,142.791,117,GEOS_0.5x0.625/MERRA2/2019/07/MERRA2.20190701.A3mstC.05x0625.nc4
1553.587,uncovered,false,3.667,13,142.817,117,GEOS_0.5x0.625/MERRA2/2019/07/MERRA2.20190701.A3mstC.05x0625.nc4
1557.331,hit,false,0.000,13,146.561,117,GEOS_0.5x0.625/MERRA2/2019/07/MERRA2.20190701.A3mstC.05x0625.nc4
1557.356,hit,false,0.000,13,146.586,117,GEOS_0.5x0.625/MERRA2/2019/07/MERRA2.20190701.A3mstC.05x0625.nc4
1557.390,hit,false,0.000,13,146.619,117,GEOS_0.5x0.625/MERRA2/2019/07/MERRA2.20190701.A3mstC.05x0625.nc4
1557.419,hit,false,0.000,13,146.649,117,GEOS_0.5x0.625/MERRA2/2019/07/MERRA2.20190701.A3mstC.05x0625.nc4
1557.450,hit,false,0.000,13,146.680,117,GEOS_0.5x0.625/MERRA2/2019/07/MERRA2.20190701.A3mstC.05x0625.nc4
1557.478,hit,false,0.000,13,146.708,117,GEOS_0.5x0.625/MERRA2/2019/07/MERRA2.20190701.A3mstC.05x0625.nc4
1557.528,uncovered,false,1.963,8,146.756,118,GEOS_0.5x0.625/MERRA2/2019/07/MERRA2.20190701.A3mstC.05x0625.nc4
1557.552,uncovered,false,1.938,8,146.780,118,GEOS_0.5x0.625/MERRA2/2019/07/MERRA2.20190701.A3mstC.05x0625.nc4
1559.624,hit,false,0.000,8,148.852,118,GEOS_0.5x0.625/MERRA2/2019/07/MERRA2.20190701.A3mstC.05x0625.nc4
1559.650,hit,false,0.000,8,148.878,118,GEOS_0.5x0.625/MERRA2/2019/07/MERRA2.20190701.A3mstC.05x0625.nc4
1559.719,hit,false,0.000,7,148.947,118,GEOS_0.5x0.625/MERRA2/2019/07/MERRA2.20190701.A3mstC.05x0625.nc4
1559.727,hit,false,0.000,7,148.955,118,GEOS_0.5x0.625/MERRA2/2019/07/MERRA2.20190701.A3mstC.05x0625.nc4
1559.802,hit,false,0.000,7,149.030,118,GEOS_0.5x0.625/MERRA2/2019/07/MERRA2.20190701.A3mstC.05x0625.nc4
1559.819,hit,false,0.000,7,149.047,118,GEOS_0.5x0.625/MERRA2/2019/07/MERRA2.20190701.A3mstC.05x0625.nc4
1559.869,uncovered,false,1.056,5,149.095,119,GEOS_0.5x0.625/MERRA2/2019/07/MERRA2.20190701.A3mstC.05x0625.nc4
1559.907,uncovered,false,1.021,5,149.134,119,GEOS_0.5x0.625/MERRA2/2019/07/MERRA2.20190701.A3mstC.05x0625.nc4
1561.046,hit,false,0.000,5,150.273,119,GEOS_0.5x0.625/MERRA2/2019/07/MERRA2.20190701.A3mstC.05x0625.nc4
1561.073,hit,false,0.000,4,150.300,119,GEOS_0.5x0.625/MERRA2/2019/07/MERRA2.20190701.A3mstC.05x0625.nc4
1561.119,hit,false,0.000,4,150.346,119,GEOS_0.5x0.625/MERRA2/2019/07/MERRA2.20190701.A3mstC.05x0625.nc4
1561.149,hit,false,0.000,4,150.375,119,GEOS_0.5x0.625/MERRA2/2019/07/MERRA2.20190701.A3mstC.05x0625.nc4
1561.185,hit,false,0.000,4,150.412,119,GEOS_0.5x0.625/MERRA2/2019/07/MERRA2.20190701.A3mstC.05x0625.nc4
1561.220,hit,false,0.000,4,150.447,119,GEOS_0.5x0.625/MERRA2/2019/07/MERRA2.20190701.A3mstC.05x0625.nc4
1561.247,hit,false,0.000,4,150.479,120,GEOS_0.5x0.625/MERRA2/2019/07/MERRA2.20190701.A3mstC.05x0625.nc4
1561.280,hit,false,0.000,4,150.512,120,GEOS_0.5x0.625/MERRA2/2019/07/MERRA2.20190701.A3mstC.05x0625.nc4
1561.332,hit,false,0.000,4,150.564,120,GEOS_0.5x0.625/MERRA2/2019/07/MERRA2.20190701.A3mstC.05x0625.nc4
1561.353,hit,false,0.000,4,150.585,120,GEOS_0.5x0.625/MERRA2/2019/07/MERRA2.20190701.A3mstC.05x0625.nc4
1561.401,hit,false,0.000,4,150.633,120,GEOS_0.5x0.625/MERRA2/2019/07/MERRA2.20190701.A3mstC.05x0625.nc4
1561.422,hit,false,0.000,4,150.654,120,GEOS_0.5x0.625/MERRA2/2019/07/MERRA2.20190701.A3mstC.05x0625.nc4
1561.469,hit,false,0.000,4,150.701,120,GEOS_0.5x0.625/MERRA2/2019/07/MERRA2.20190701.A3mstC.05x0625.nc4
1561.491,hit,false,0.000,4,150.723,120,GEOS_0.5x0.625/MERRA2/2019/07/MERRA2.20190701.A3mstC.05x0625.nc4
1561.530,hit,false,0.000,4,150.759,121,GEOS_0.5x0.625/MERRA2/2019/07/MERRA2.20190701.A3mstC.05x0625.nc4
1561.557,hit,false,0.000,4,150.786,121,GEOS_0.5x0.625/MERRA2/2019/07/MERRA2.20190701.A3mstC.05x0625.nc4
1561.595,hit,false,0.000,4,150.824,121,GEOS_0.5x0.625/MERRA2/2019/07/MERRA2.20190701.A3mstC.05x0625.nc4
1561.619,hit,false,0.000,4,150.848,121,GEOS_0.5x0.625/MERRA2/2019/07/MERRA2.20190701.A3mstC.05x0625.nc4
1561.654,hit,false,0.000,4,150.883,121,GEOS_0.5x0.625/MERRA2/2019/07/MERRA2.20190701.A3mstC.05x0625.nc4
1561.680,hit,false,0.000,4,150.909,121,GEOS_0.5x0.625/MERRA2/2019/07/MERRA2.20190701.A3mstC.05x0625.nc4
1561.716,hit,false,0.000,4,150.945,121,GEOS_0.5x0.625/MERRA2/2019/07/MERRA2.20190701.A3mstC.05x0625.nc4
1561.747,hit,false,0.000,4,150.976,121,GEOS_0.5x0.625/MERRA2/2019/07/MERRA2.20190701.A3mstC.05x0625.nc4
1561.784,hit,false,0.000,4,151.011,122,GEOS_0.5x0.625/MERRA2/2019/07/MERRA2.20190701.A3mstC.05x0625.nc4
1561.818,hit,false,0.000,4,151.045,122,GEOS_0.5x0.625/MERRA2/2019/07/MERRA2.20190701.A3mstC.05x0625.nc4
1561.852,hit,false,0.000,4,151.079,122,GEOS_0.5x0.625/MERRA2/2019/07/MERRA2.20190701.A3mstC.05x0625.nc4
1561.875,hit,false,0.000,4,151.102,122,GEOS_0.5x0.625/MERRA2/2019/07/MERRA2.20190701.A3mstC.05x0625.nc4
1561.910,hit,false,0.000,4,151.138,122,GEOS_0.5x0.625/MERRA2/2019/07/MERRA2.20190701.A3mstC.05x0625.nc4
1561.940,hit,false,0.000,4,151.167,122,GEOS_0.5x0.625/MERRA2/2019/07/MERRA2.20190701.A3mstC.05x0625.nc4
1561.970,hit,false,0.000,4,151.198,122,GEOS_0.5x0.625/MERRA2/2019/07/MERRA2.20190701.A3mstC.05x0625.nc4
1561.999,hit,false,0.000,4,151.226,122,GEOS_0.5x0.625/MERRA2/2019/07/MERRA2.20190701.A3mstC.05x0625.nc4
1562.031,hit,false,0.000,4,151.256,123,GEOS_0.5x0.625/MERRA2/2019/07/MERRA2.20190701.A3mstC.05x0625.nc4
1562.057,hit,false,0.000,4,151.283,123,GEOS_0.5x0.625/MERRA2/2019/07/MERRA2.20190701.A3mstC.05x0625.nc4
1562.093,hit,false,0.000,4,151.319,123,GEOS_0.5x0.625/MERRA2/2019/07/MERRA2.20190701.A3mstC.05x0625.nc4
1562.118,hit,false,0.000,4,151.344,123,GEOS_0.5x0.625/MERRA2/2019/07/MERRA2.20190701.A3mstC.05x0625.nc4
1562.151,hit,false,0.000,4,151.377,123,GEOS_0.5x0.625/MERRA2/2019/07/MERRA2.20190701.A3mstC.05x0625.nc4
1562.175,hit,false,0.000,4,151.401,123,GEOS_0.5x0.625/MERRA2/2019/07/MERRA2.20190701.A3mstC.05x0625.nc4
1562.212,hit,false,0.000,4,151.437,123,GEOS_0.5x0.625/MERRA2/2019/07/MERRA2.20190701.A3mstC.05x0625.nc4
1562.237,hit,false,0.000,4,151.463,123,GEOS_0.5x0.625/MERRA2/2019/07/MERRA2.20190701.A3mstC.05x0625.nc4
1562.272,hit,false,0.000,4,151.496,124,GEOS_0.5x0.625/MERRA2/2019/07/MERRA2.20190701.A3mstC.05x0625.nc4
1562.300,hit,false,0.000,4,151.524,124,GEOS_0.5x0.625/MERRA2/2019/07/MERRA2.20190701.A3mstC.05x0625.nc4
1562.336,hit,false,0.000,4,151.560,124,GEOS_0.5x0.625/MERRA2/2019/07/MERRA2.20190701.A3mstC.05x0625.nc4
1562.362,hit,false,0.000,4,151.586,124,GEOS_0.5x0.625/MERRA2/2019/07/MERRA2.20190701.A3mstC.05x0625.nc4
1562.477,hit,false,0.000,4,151.701,124,GEOS_0.5x0.625/MERRA2/2019/07/MERRA2.20190701.A3mstC.05x0625.nc4
1562.500,hit,false,0.000,4,151.724,124,GEOS_0.5x0.625/MERRA2/2019/07/MERRA2.20190701.A3mstC.05x0625.nc4
1562.539,hit,false,0.000,4,151.763,124,GEOS_0.5x0.625/MERRA2/2019/07/MERRA2.20190701.A3mstC.05x0625.nc4
1562.562,hit,false,0.000,4,151.786,124,GEOS_0.5x0.625/MERRA2/2019/07/MERRA2.20190701.A3mstC.05x0625.nc4
1562.600,hit,false,0.000,4,151.822,125,GEOS_0.5x0.625/MERRA2/2019/07/MERRA2.20190701.A3mstC.05x0625.nc4
1562.626,hit,false,0.000,4,151.848,125,GEOS_0.5x0.625/MERRA2/2019/07/MERRA2.20190701.A3mstC.05x0625.nc4
1562.662,hit,false,0.000,4,151.884,125,GEOS_0.5x0.625/MERRA2/2019/07/MERRA2.20190701.A3mstC.05x0625.nc4
1562.687,hit,false,0.000,4,151.909,125,GEOS_0.5x0.625/MERRA2/2019/07/MERRA2.20190701.A3mstC.05x0625.nc4
1562.723,hit,false,0.000,4,151.945,125,GEOS_0.5x0.625/MERRA2/2019/07/MERRA2.20190701.A3mstC.05x0625.nc4
1562.749,hit,false,0.000,4,151.971,125,GEOS_0.5x0.625/MERRA2/2019/07/MERRA2.20190701.A3mstC.05x0625.nc4
1562.786,hit,false,0.000,4,152.008,125,GEOS_0.5x0.625/MERRA2/2019/07/MERRA2.20190701.A3mstC.05x0625.nc4
1562.810,hit,false,0.000,4,152.032,125,GEOS_0.5x0.625/MERRA2/2019/07/MERRA2.20190701.A3mstC.05x0625.nc4
1562.841,hit,false,0.000,4,152.061,126,GEOS_0.5x0.625/MERRA2/2019/07/MERRA2.20190701.A3mstC.05x0625.nc4
1562.868,hit,false,0.000,3,152.087,126,GEOS_0.5x0.625/MERRA2/2019/07/MERRA2.20190701.A3mstC.05x0625.nc4
1562.901,hit,false,0.000,3,152.121,126,GEOS_0.5x0.625/MERRA2/2019/07/MERRA2.20190701.A3mstC.05x0625.nc4
1562.927,hit,false,0.000,3,152.146,126,GEOS_0.5x0.625/MERRA2/2019/07/MERRA2.20190701.A3mstC.05x0625.nc4
1562.958,hit,false,0.000,3,152.178,126,GEOS_0.5x0.625/MERRA2/2019/07/MERRA2.20190701.A3mstC.05x0625.nc4
1562.984,hit,false,0.000,3,152.204,126,GEOS_0.5x0.625/MERRA2/2019/07/MERRA2.20190701.A3mstC.05x0625.nc4
1563.017,hit,false,0.000,3,152.237,126,GEOS_0.5x0.625/MERRA2/2019/07/MERRA2.20190701.A3mstC.05x0625.nc4
1563.041,hit,false,0.000,3,152.261,126,GEOS_0.5x0.625/MERRA2/2019/07/MERRA2.20190701.A3mstC.05x0625.nc4
1563.088,hit,false,0.000,3,152.307,127,GEOS_0.5x0.625/MERRA2/2019/07/MERRA2.20190701.A3mstC.05x0625.nc4
1563.115,hit,false,0.000,3,152.333,127,GEOS_0.5x0.625/MERRA2/2019/07/MERRA2.20190701.A3mstC.05x0625.nc4
1563.150,hit,false,0.000,3,152.368,127,GEOS_0.5x0.625/MERRA2/2019/07/MERRA2.20190701.A3mstC.05x0625.nc4
1563.175,hit,false,0.000,3,152.393,127,GEOS_0.5x0.625/MERRA2/2019/07/MERRA2.20190701.A3mstC.05x0625.nc4
1563.213,hit,false,0.000,3,152.431,127,GEOS_0.5x0.625/MERRA2/2019/07/MERRA2.20190701.A3mstC.05x0625.nc4
1563.234,hit,false,0.000,3,152.452,127,GEOS_0.5x0.625/MERRA2/2019/07/MERRA2.20190701.A3mstC.05x0625.nc4
1563.278,hit,false,0.000,3,152.496,127,GEOS_0.5x0.625/MERRA2/2019/07/MERRA2.20190701.A3mstC.05x0625.nc4
1563.301,hit,false,0.000,3,152.519,127,GEOS_0.5x0.625/MERRA2/2019/07/MERRA2.20190701.A3mstC.05x0625.nc4
1563.344,hit,false,0.000,3,150.406,128,GEOS_0.5x0.625/MERRA2/2019/07/MERRA2.20190701.A3mstC.05x0625.nc4
1563.374,hit,false,0.000,3,150.437,128,GEOS_0.5x0.625/MERRA2/2019/07/MERRA2.20190701.A3mstC.05x0625.nc4
1563.426,hit,false,0.000,3,150.489,128,GEOS_0.5x0.625/MERRA2/2019/07/MERRA2.20190701.A3mstC.05x0625.nc4
1563.448,hit,false,0.000,3,150.510,128,GEOS_0.5x0.625/MERRA2/2019/07/MERRA2.20190701.A3mstC.05x0625.nc4
1563.488,hit,false,0.000,3,150.550,128,GEOS_0.5x0.625/MERRA2/2019/07/MERRA2.20190701.A3mstC.05x0625.nc4
1563.511,hit,false,0.000,3,150.574,128,GEOS_0.5x0.625/MERRA2/2019/07/MERRA2.20190701.A3mstC.05x0625.nc4
1563.545,hit,false,0.000,3,150.607,128,GEOS_0.5x0.625/MERRA2/2019/07/MERRA2.20190701.A3mstC.05x0625.nc4
1563.575,hit,false,0.000,3,150.638,128,GEOS_0.5x0.625/MERRA2/2019/07/MERRA2.20190701.A3mstC.05x0625.nc4
1563.607,hit,false,0.000,3,150.595,129,GEOS_0.5x0.625/MERRA2/2019/07/MERRA2.20190701.A3mstC.05x0625.nc4
1563.642,hit,false,0.000,3,150.631,129,GEOS_0.5x0.625/MERRA2/2019/07/MERRA2.20190701.A3mstC.05x0625.nc4
1563.677,hit,false,0.000,3,150.665,129,GEOS_0.5x0.625/MERRA2/2019/07/MERRA2.20190701.A3mstC.05x0625.nc4
1563.706,hit,false,0.000,3,150.695,129,GEOS_0.5x0.625/MERRA2/2019/07/MERRA2.20190701.A3mstC.05x0625.nc4
1563.748,hit,false,0.000,3,150.736,129,GEOS_0.5x0.625/MERRA2/2019/07/MERRA2.20190701.A3mstC.05x0625.nc4
1563.774,hit,false,0.000,3,150.762,129,GEOS_0.5x0.625/MERRA2/2019/07/MERRA2.20190701.A3mstC.05x0625.nc4
1563.808,hit,false,0.000,3,150.797,129,GEOS_0.5x0.625/MERRA2/2019/07/MERRA2.20190701.A3mstC.05x0625.nc4
1563.834,hit,false,0.000,3,150.822,129,GEOS_0.5x0.625/MERRA2/2019/07/MERRA2.20190701.A3mstC.05x0625.nc4
1563.869,hit,false,0.000,3,150.855,130,GEOS_0.5x0.625/MERRA2/2019/07/MERRA2.20190701.A3mstC.05x0625.nc4
1563.894,hit,false,0.000,3,150.881,130,GEOS_0.5x0.625/MERRA2/2019/07/MERRA2.20190701.A3mstC.05x0625.nc4
1563.936,hit,false,0.000,3,150.922,130,GEOS_0.5x0.625/MERRA2/2019/07/MERRA2.20190701.A3mstC.05x0625.nc4
1563.959,hit,false,0.000,3,150.946,130,GEOS_0.5x0.625/MERRA2/2019/07/MERRA2.20190701.A3mstC.05x0625.nc4
1564.000,hit,false,0.000,3,150.987,130,GEOS_0.5x0.625/MERRA2/2019/07/MERRA2.20190701.A3mstC.05x0625.nc4
1564.023,hit,false,0.000,3,151.009,130,GEOS_0.5x0.625/MERRA2/2019/07/MERRA2.20190701.A3mstC.05x0625.nc4
1564.064,hit,false,0.000,3,151.050,130,GEOS_0.5x0.625/MERRA2/2019/07/MERRA2.20190701.A3mstC.05x0625.nc4
1564.088,hit,false,0.000,3,151.074,130,GEOS_0.5x0.625/MERRA2/2019/07/MERRA2.20190701.A3mstC.05x0625.nc4
1564.122,hit,false,0.000,3,151.107,131,GEOS_0.5x0.625/MERRA2/2019/07/MERRA2.20190701.A3mstC.05x0625.nc4
1564.150,hit,false,0.000,3,151.134,131,GEOS_0.5x0.625/MERRA2/2019/07/MERRA2.20190701.A3mstC.05x0625.nc4
1564.185,hit,false,0.000,3,151.169,131,GEOS_0.5x0.625/MERRA2/2019/07/MERRA2.20190701.A3mstC.05x0625.nc4
1564.210,hit,false,0.000,3,151.194,131,GEOS_0.5x0.625/MERRA2/2019/07/MERRA2.20190701.A3mstC.05x0625.nc4
1564.245,hit,false,0.000,3,151.229,131,GEOS_0.5x0.625/MERRA2/2019/07/MERRA2.20190701.A3mstC.05x0625.nc4
1564.270,hit,false,0.000,3,151.255,131,GEOS_0.5x0.625/MERRA2/2019/07/MERRA2.20190701.A3mstC.05x0625.nc4
1564.304,hit,false,0.000,3,151.289,131,GEOS_0.5x0.625/MERRA2/2019/07/MERRA2.20190701.A3mstC.05x0625.nc4
1564.330,hit,false,0.000,3,151.315,131,GEOS_0.5x0.625/MERRA2/2019/07/MERRA2.20190701.A3mstC.05x0625.nc4
1564.367,hit,false,0.000,3,151.349,132,GEOS_0.5x0.625/MERRA2/2019/07/MERRA2.20190701.A3mstC.05x0625.nc4
1564.394,hit,false,0.000,3,151.377,132,GEOS_0.5x0.625/MERRA2/2019/07/MERRA2.20190701.A3mstC.05x0625.nc4
1564.428,hit,false,0.000,3,151.410,132,GEOS_0.5x0.625/MERRA2/2019/07/MERRA2.20190701.A3mstC.05x0625.nc4
1564.534,hit,false,0.000,3,151.517,132,GEOS_0.5x0.625/MERRA2/2019/07/MERRA2.20190701.A3mstC.05x0625.nc4
1564.557,hit,false,0.000,3,151.539,132,GEOS_0.5x0.625/MERRA2/2019/07/MERRA2.20190701.A3mstC.05x0625.nc4
1564.594,hit,false,0.000,3,151.577,132,GEOS_0.5x0.625/MERRA2/2019/07/MERRA2.20190701.A3mstC.05x0625.nc4
1564.621,hit,false,0.000,3,151.603,132,GEOS_0.5x0.625/MERRA2/2019/07/MERRA2.20190701.A3mstC.05x0625.nc4
1564.656,hit,false,0.000,3,151.639,132,GEOS_0.5x0.625/MERRA2/2019/07/MERRA2.20190701.A3mstC.05x0625.nc4
1564.680,hit,false,0.000,3,151.661,133,GEOS_0.5x0.625/MERRA2/2019/07/MERRA2.20190701.A3mstC.05x0625.nc4
1564.722,hit,false,0.000,3,151.703,133,GEOS_0.5x0.625/MERRA2/2019/07/MERRA2.20190701.A3mstC.05x0625.nc4
1564.747,hit,false,0.000,2,151.728,133,GEOS_0.5x0.625/MERRA2/2019/07/MERRA2.20190701.A3mstC.05x0625.nc4
1564.785,hit,false,0.000,2,151.766,133,GEOS_0.5x0.625/MERRA2/2019/07/MERRA2.20190701.A3mstC.05x0625.nc4
1564.812,hit,false,0.000,2,151.793,133,GEOS_0.5x0.625/MERRA2/2019/07/MERRA2.20190701.A3mstC.05x0625.nc4
1564.843,hit,false,0.000,2,151.824,133,GEOS_0.5x0.625/MERRA2/2019/07/MERRA2.20190701.A3mstC.05x0625.nc4
1564.876,hit,false,0.000,2,151.857,133,GEOS_0.5x0.625/MERRA2/2019/07/MERRA2.20190701.A3mstC.05x0625.nc4
1564.906,hit,false,0.000,2,151.887,133,GEOS_0.5x0.625/MERRA2/2019/07/MERRA2.20190701.A3mstC.05x0625.nc4
1564.937,hit,false,0.000,2,151.917,134,GEOS_0.5x0.625/MERRA2/2019/07/MERRA2.20190701.A3mstC.05x0625.nc4
1564.971,hit,false,0.000,2,151.950,134,GEOS_0.5x0.625/MERRA2/2019/07/MERRA2.20190701.A3mstC.05x0625.nc4
1565.012,hit,false,0.000,2,151.992,134,GEOS_0.5x0.625/MERRA2/2019/07/MERRA2.20190701.A3mstC.05x0625.nc4
1565.035,hit,false,0.000,2,152.015,134,GEOS_0.5x0.625/MERRA2/2019/07/MERRA2.20190701.A3mstC.05x0625.nc4
1565.072,hit,false,0.000,2,152.051,134,GEOS_0.5x0.625/MERRA2/2019/07/MERRA2.20190701.A3mstC.05x0625.nc4
1565.095,hit,false,0.000,2,152.074,134,GEOS_0.5x0.625/MERRA2/2019/07/MERRA2.20190701.A3mstC.05x0625.nc4
1565.132,hit,false,0.000,2,152.112,134,GEOS_0.5x0.625/MERRA2/2019/07/MERRA2.20190701.A3mstC.05x0625.nc4
1565.160,hit,false,0.000,2,152.139,134,GEOS_0.5x0.625/MERRA2/2019/07/MERRA2.20190701.A3mstC.05x0625.nc4
1565.192,hit,false,0.000,2,152.170,135,GEOS_0.5x0.625/MERRA2/2019/07/MERRA2.20190701.A3mstC.05x0625.nc4
1565.220,hit,false,0.000,2,152.198,135,GEOS_0.5x0.625/MERRA2/2019/07/MERRA2.20190701.A3mstC.05x0625.nc4
1565.253,hit,false,0.000,2,152.231,135,GEOS_0.5x0.625/MERRA2/2019/07/MERRA2.20190701.A3mstC.05x0625.nc4
1565.283,hit,false,0.000,2,152.261,135,GEOS_0.5x0.625/MERRA2/2019/07/MERRA2.20190701.A3mstC.05x0625.nc4
1565.315,hit,false,0.000,2,152.293,135,GEOS_0.5x0.625/MERRA2/2019/07/MERRA2.20190701.A3mstC.05x0625.nc4
1565.339,hit,false,0.000,2,152.316,135,GEOS_0.5x0.625/MERRA2/2019/07/MERRA2.20190701.A3mstC.05x0625.nc4
1565.401,hit,false,0.000,2,152.379,135,GEOS_0.5x0.625/MERRA2/2019/07/MERRA2.20190701.A3mstC.05x0625.nc4
1565.425,hit,false,0.000,2,152.402,135,GEOS_0.5x0.625/MERRA2/2019/07/MERRA2.20190701.A3mstC.05x0625.nc4
1565.464,hit,false,0.000,2,152.535,136,GEOS_0.5x0.625/MERRA2/2019/07/MERRA2.20190701.A3mstC.05x0625.nc4
1565.490,hit,false,0.000,2,152.561,136,GEOS_0.5x0.625/MERRA2/2019/07/MERRA2.20190701.A3mstC.05x0625.nc4
1565.542,hit,false,0.000,2,152.613,136,GEOS_0.5x0.625/MERRA2/2019/07/MERRA2.20190701.A3mstC.05x0625.nc4
1565.563,hit,false,0.000,2,152.634,136,GEOS_0.5x0.625/MERRA2/2019/07/MERRA2.20190701.A3mstC.05x0625.nc4
1565.607,hit,false,0.000,2,152.678,136,GEOS_0.5x0.625/MERRA2/2019/07/MERRA2.20190701.A3mstC.05x0625.nc4
1565.630,hit,false,0.000,2,152.701,136,GEOS_0.5x0.625/MERRA2/2019/07/MERRA2.20190701.A3mstC.05x0625.nc4
1565.672,hit,false,0.000,2,152.743,136,GEOS_0.5x0.625/MERRA2/2019/07/MERRA2.20190701.A3mstC.05x0625.nc4
1565.694,hit,false,0.000,2,152.765,136,GEOS_0.5x0.625/MERRA2/2019/07/MERRA2.20190701.A3mstC.05x0625.nc4
1565.734,hit,false,0.000,2,152.787,137,GEOS_0.5x0.625/MERRA2/2019/07/MERRA2.20190701.A3mstC.05x0625.nc4
1565.761,hit,false,0.000,2,152.814,137,GEOS_0.5x0.625/MERRA2/2019/07/MERRA2.20190701.A3mstC.05x0625.nc4
1565.800,hit,false,0.000,2,152.853,137,GEOS_0.5x0.625/MERRA2/2019/07/MERRA2.20190701.A3mstC.05x0625.nc4
1565.827,hit,false,0.000,2,152.881,137,GEOS_0.5x0.625/MERRA2/2019/07/MERRA2.20190701.A3mstC.05x0625.nc4
1565.862,hit,false,0.000,2,152.916,137,GEOS_0.5x0.625/MERRA2/2019/07/MERRA2.20190701.A3mstC.05x0625.nc4
1565.886,hit,false,0.000,2,152.939,137,GEOS_0.5x0.625/MERRA2/2019/07/MERRA2.20190701.A3mstC.05x0625.nc4
1565.927,hit,false,0.000,2,152.980,137,GEOS_0.5x0.625/MERRA2/2019/07/MERRA2.20190701.A3mstC.05x0625.nc4
1565.951,hit,false,0.000,2,153.004,137,GEOS_0.5x0.625/MERRA2/2019/07/MERRA2.20190701.A3mstC.05x0625.nc4
1565.987,hit,false,0.000,2,153.039,138,GEOS_0.5x0.625/MERRA2/2019/07/MERRA2.20190701.A3mstC.05x0625.nc4
1566.014,hit,false,0.000,2,153.066,138,GEOS_0.5x0.625/MERRA2/2019/07/MERRA2.20190701.A3mstC.05x0625.nc4
1566.049,hit,false,0.000,2,153.101,138,GEOS_0.5x0.625/MERRA2/2019/07/MERRA2.20190701.A3mstC.05x0625.nc4
1566.073,hit,false,0.000,2,153.125,138,GEOS_0.5x0.625/MERRA2/2019/07/MERRA2.20190701.A3mstC.05x0625.nc4
1566.111,hit,false,0.000,2,153.163,138,GEOS_0.5x0.625/MERRA2/2019/07/MERRA2.20190701.A3mstC.05x0625.nc4
1566.135,hit,false,0.000,2,153.187,138,GEOS_0.5x0.625/MERRA2/2019/07/MERRA2.20190701.A3mstC.05x0625.nc4
1566.171,hit,false,0.000,2,153.223,138,GEOS_0.5x0.625/MERRA2/2019/07/MERRA2.20190701.A3mstC.05x0625.nc4
1566.195,hit,false,0.000,2,153.247,138,GEOS_0.5x0.625/MERRA2/2019/07/MERRA2.20190701.A3mstC.05x0625.nc4
1566.230,hit,false,0.000,2,153.280,139,GEOS_0.5x0.625/MERRA2/2019/07/MERRA2.20190701.A3mstC.05x0625.nc4
1566.258,hit,false,0.000,2,153.309,139,GEOS_0.5x0.625/MERRA2/2019/07/MERRA2.20190701.A3mstC.05x0625.nc4
1566.296,hit,false,0.000,2,153.347,139,GEOS_0.5x0.625/MERRA2/2019/07/MERRA2.20190701.A3mstC.05x0625.nc4
1566.319,hit,false,0.000,2,153.370,139,GEOS_0.5x0.625/MERRA2/2019/07/MERRA2.20190701.A3mstC.05x0625.nc4
1566.361,hit,false,0.000,2,153.412,139,GEOS_0.5x0.625/MERRA2/2019/07/MERRA2.20190701.A3mstC.05x0625.nc4
1566.384,hit,false,0.000,2,153.435,139,GEOS_0.5x0.625/MERRA2/2019/07/MERRA2.20190701.A3mstC.05x0625.nc4
1566.416,hit,false,0.000,2,153.467,139,GEOS_0.5x0.625/MERRA2/2019/07/MERRA2.20190701.A3mstC.05x0625.nc4
1566.443,hit,false,0.000,2,153.494,139,GEOS_0.5x0.625/MERRA2/2019/07/MERRA2.20190701.A3mstC.05x0625.nc4
1566.475,hit,false,0.000,2,153.524,140,GEOS_0.5x0.625/MERRA2/2019/07/MERRA2.20190701.A3mstC.05x0625.nc4
1566.501,hit,false,0.000,2,153.550,140,GEOS_0.5x0.625/MERRA2/2019/07/MERRA2.20190701.A3mstC.05x0625.nc4
1566.621,hit,false,0.000,2,153.670,140,GEOS_0.5x0.625/MERRA2/2019/07/MERRA2.20190701.A3mstC.05x0625.nc4
1566.644,hit,false,0.000,1,153.693,140,GEOS_0.5x0.625/MERRA2/2019/07/MERRA2.20190701.A3mstC.05x0625.nc4
1566.681,hit,false,0.000,1,153.730,140,GEOS_0.5x0.625/MERRA2/2019/07/MERRA2.20190701.A3mstC.05x0625.nc4
1566.706,hit,false,0.000,1,153.755,140,GEOS_0.5x0.625/MERRA2/2019/07/MERRA2.20190701.A3mstC.05x0625.nc4
1566.740,hit,false,0.000,1,153.789,140,GEOS_0.5x0.625/MERRA2/2019/07/MERRA2.20190701.A3mstC.05x0625.nc4
1566.765,hit,false,0.000,1,153.815,140,GEOS_0.5x0.625/MERRA2/2019/07/MERRA2.20190701.A3mstC.05x0625.nc4
1566.799,hit,false,0.000,1,153.847,141,GEOS_0.5x0.625/MERRA2/2019/07/MERRA2.20190701.A3mstC.05x0625.nc4
1566.826,hit,false,0.000,1,153.874,141,GEOS_0.5x0.625/MERRA2/2019/07/MERRA2.20190701.A3mstC.05x0625.nc4
1566.864,hit,false,0.000,1,153.912,141,GEOS_0.5x0.625/MERRA2/2019/07/MERRA2.20190701.A3mstC.05x0625.nc4
1566.889,hit,false,0.000,1,153.937,141,GEOS_0.5x0.625/MERRA2/2019/07/MERRA2.20190701.A3mstC.05x0625.nc4
1566.927,hit,false,0.000,1,153.975,141,GEOS_0.5x0.625/MERRA2/2019/07/MERRA2.20190701.A3mstC.05x0625.nc4
1566.951,hit,false,0.000,1,153.999,141,GEOS_0.5x0.625/MERRA2/2019/07/MERRA2.20190701.A3mstC.05x0625.nc4
1566.984,hit,false,0.000,1,154.032,141,GEOS_0.5x0.625/MERRA2/2019/07/MERRA2.20190701.A3mstC.05x0625.nc4
1567.011,hit,false,0.000,1,154.059,141,GEOS_0.5x0.625/MERRA2/2019/07/MERRA2.20190701.A3mstC.05x0625.nc4
1567.045,hit,false,0.000,1,154.091,142,GEOS_0.5x0.625/MERRA2/2019/07/MERRA2.20190701.A3mstC.05x0625.nc4
1567.078,hit,false,0.000,1,154.124,142,GEOS_0.5x0.625/MERRA2/2019/07/MERRA2.20190701.A3mstC.05x0625.nc4
1567.116,hit,false,0.000,1,154.162,142,GEOS_0.5x0.625/MERRA2/2019/07/MERRA2.20190701.A3mstC.05x0625.nc4
1567.139,hit,false,0.000,1,154.185,142,GEOS_0.5x0.625/MERRA2/2019/07/MERRA2.20190701.A3mstC.05x0625.nc4
1567.174,hit,false,0.000,1,154.220,142,GEOS_0.5x0.625/MERRA2/2019/07/MERRA2.20190701.A3mstC.05x0625.nc4
1567.199,hit,false,0.000,1,154.245,142,GEOS_0.5x0.625/MERRA2/2019/07/MERRA2.20190701.A3mstC.05x0625.nc4
1567.238,hit,false,0.000,1,154.284,142,GEOS_0.5x0.625/MERRA2/2019/07/MERRA2.20190701.A3mstC.05x0625.nc4
1567.260,hit,false,0.000,1,154.306,142,GEOS_0.5x0.625/MERRA2/2019/07/MERRA2.20190701.A3mstC.05x0625.nc4
1567.294,hit,false,0.000,1,154.339,143,GEOS_0.5x0.625/MERRA2/2019/07/MERRA2.20190701.A3mstC.05x0625.nc4
1567.323,hit,false,0.000,1,154.368,143,GEOS_0.5x0.625/MERRA2/2019/07/MERRA2.20190701.A3mstC.05x0625.nc4
1567.357,hit,false,0.000,1,154.402,143,GEOS_0.5x0.625/MERRA2/2019/07/MERRA2.20190701.A3mstC.05x0625.nc4
1567.381,hit,false,0.000,1,154.425,143,GEOS_0.5x0.625/MERRA2/2019/07/MERRA2.20190701.A3mstC.05x0625.nc4
1567.416,hit,false,0.000,1,154.461,143,GEOS_0.5x0.625/MERRA2/2019/07/MERRA2.20190701.A3mstC.05x0625.nc4
1567.439,hit,false,0.000,1,154.484,143,GEOS_0.5x0.625/MERRA2/2019/07/MERRA2.20190701.A3mstC.05x0625.nc4
1567.482,hit,false,0.000,1,154.527,143,GEOS_0.5x0.625/MERRA2/2019/07/MERRA2.20190701.A3mstC.05x0625.nc4
1567.505,hit,false,0.000,1,154.549,143,GEOS_0.5x0.625/MERRA2/2019/07/MERRA2.20190701.A3mstC.05x0625.nc4
1567.546,hit,false,0.000,1,154.589,144,GEOS_0.5x0.625/MERRA2/2019/07/MERRA2.20190701.A3mstC.05x0625.nc4
1567.572,hit,false,0.000,1,154.616,144,GEOS_0.5x0.625/MERRA2/2019/07/MERRA2.20190701.A3mstC.05x0625.nc4
1567.622,hit,false,0.000,1,154.665,144,GEOS_0.5x0.625/MERRA2/2019/07/MERRA2.20190701.A3mstC.05x0625.nc4
1567.646,hit,false,0.000,1,154.689,144,GEOS_0.5x0.625/MERRA2/2019/07/MERRA2.20190701.A3mstC.05x0625.nc4
1567.687,hit,false,0.000,1,154.731,144,GEOS_0.5x0.625/MERRA2/2019/07/MERRA2.20190701.A3mstC.05x0625.nc4
1567.713,hit,false,0.000,1,154.757,144,GEOS_0.5x0.625/MERRA2/2019/07/MERRA2.20190701.A3mstC.05x0625.nc4
1567.757,hit,false,0.000,1,154.800,144,GEOS_0.5x0.625/MERRA2/2019/07/MERRA2.20190701.A3mstC.05x0625.nc4
1567.780,hit,false,0.000,1,154.823,144,GEOS_0.5x0.625/MERRA2/2019/07/MERRA2.20190701.A3mstC.05x0625.nc4
1567.818,hit,false,0.000,1,154.859,145,GEOS_0.5x0.625/MERRA2/2019/07/MERRA2.20190701.A3mstC.05x0625.nc4
1567.847,hit,false,0.000,1,154.888,145,GEOS_0.5x0.625/MERRA2/2019/07/MERRA2.20190701.A3mstC.05x0625.nc4
1567.880,hit,false,0.000,1,154.921,145,GEOS_0.5x0.625/MERRA2/2019/07/MERRA2.20190701.A3mstC.05x0625.nc4
1567.911,hit,false,0.000,1,154.951,145,GEOS_0.5x0.625/MERRA2/2019/07/MERRA2.20190701.A3mstC.05x0625.nc4
1567.943,hit,false,0.000,1,154.984,145,GEOS_0.5x0.625/MERRA2/2019/07/MERRA2.20190701.A3mstC.05x0625.nc4
1567.973,hit,false,0.000,1,155.014,145,GEOS_0.5x0.625/MERRA2/2019/07/MERRA2.20190701.A3mstC.05x0625.nc4
1568.002,hit,false,0.000,1,155.043,145,GEOS_0.5x0.625/MERRA2/2019/07/MERRA2.20190701.A3mstC.05x0625.nc4
1568.032,hit,false,0.000,1,155.073,145,GEOS_0.5x0.625/MERRA2/2019/07/MERRA2.20190701.A3mstC.05x0625.nc4
1568.062,hit,false,0.000,1,155.101,146,GEOS_0.5x0.625/MERRA2/2019/07/MERRA2.20190701.A3mstC.05x0625.nc4
1568.094,hit,false,0.000,1,155.133,146,GEOS_0.5x0.625/MERRA2/2019/07/MERRA2.20190701.A3mstC.05x0625.nc4
1568.128,hit,false,0.000,1,155.168,146,GEOS_0.5x0.625/MERRA2/2019/07/MERRA2.20190701.A3mstC.05x0625.nc4
1568.152,hit,false,0.000,1,155.191,146,GEOS_0.5x0.625/MERRA2/2019/07/MERRA2.20190701.A3mstC.05x0625.nc4
1568.187,hit,false,0.000,1,155.227,146,GEOS_0.5x0.625/MERRA2/2019/07/MERRA2.20190701.A3mstC.05x0625.nc4
1568.213,hit,false,0.000,1,155.253,146,GEOS_0.5x0.625/MERRA2/2019/07/MERRA2.20190701.A3mstC.05x0625.nc4
1568.246,hit,false,0.000,1,155.285,146,GEOS_0.5x0.625/MERRA2/2019/07/MERRA2.20190701.A3mstC.05x0625.nc4
1568.278,hit,false,0.000,1,155.317,146,GEOS_0.5x0.625/MERRA2/2019/07/MERRA2.20190701.A3mstC.05x0625.nc4
1568.301,hit,false,0.000,1,155.339,147,GEOS_0.5x0.625/MERRA2/2019/07/MERRA2.20190701.A3mstC.05x0625.nc4
1568.338,hit,false,0.000,1,155.376,147,GEOS_0.5x0.625/MERRA2/2019/07/MERRA2.20190701.A3mstC.05x0625.nc4
1568.364,hit,false,0.000,1,155.402,147,GEOS_0.5x0.625/MERRA2/2019/07/MERRA2.20190701.A3mstC.05x0625.nc4
1568.399,hit,false,0.000,1,155.437,147,GEOS_0.5x0.625/MERRA2/2019/07/MERRA2.20190701.A3mstC.05x0625.nc4
1568.424,hit,false,0.000,1,155.462,147,GEOS_0.5x0.625/MERRA2/2019/07/MERRA2.20190701.A3mstC.05x0625.nc4
1568.457,hit,false,0.000,1,155.495,147,GEOS_0.5x0.625/MERRA2/2019/07/MERRA2.20190701.A3mstC.05x0625.nc4
1568.483,hit,false,0.000,1,155.521,147,GEOS_0.5x0.625/MERRA2/2019/07/MERRA2.20190701.A3mstC.05x0625.nc4
1568.518,hit,false,0.000,1,155.556,147,GEOS_0.5x0.625/MERRA2/2019/07/MERRA2.20190701.A3mstC.05x0625.nc4
1568.543,hit,false,0.000,1,155.578,148,GEOS_0.5x0.625/MERRA2/2019/07/MERRA2.20190701.A3mstC.05x0625.nc4
1568.664,hit,false,0.000,1,155.700,148,GEOS_0.5x0.625/MERRA2/2019/07/MERRA2.20190701.A3mstC.05x0625.nc4
1568.689,hit,false,0.000,1,155.725,148,GEOS_0.5x0.625/MERRA2/2019/07/MERRA2.20190701.A3mstC.05x0625.nc4
1568.727,hit,false,0.000,1,155.762,148,GEOS_0.5x0.625/MERRA2/2019/07/MERRA2.20190701.A3mstC.05x0625.nc4
1568.750,hit,false,0.000,1,155.785,148,GEOS_0.5x0.625/MERRA2/2019/07/MERRA2.20190701.A3mstC.05x0625.nc4
1568.781,hit,false,0.000,1,155.817,148,GEOS_0.5x0.625/MERRA2/2019/07/MERRA2.20190701.A3mstC.05x0625.nc4
1568.808,hit,false,0.000,1,155.843,148,GEOS_0.5x0.625/MERRA2/2019/07/MERRA2.20190701.A3mstC.05x0625.nc4
1568.831,hit,false,0.000,1,155.866,148,GEOS_0.5x0.625/MERRA2/2019/07/MERRA2.20190701.A3mstC.05x0625.nc4
1568.870,hit,false,0.000,1,155.904,149,GEOS_0.5x0.625/MERRA2/2019/07/MERRA2.20190701.A3mstC.05x0625.nc4
1568.896,hit,false,0.000,1,155.930,149,GEOS_0.5x0.625/MERRA2/2019/07/MERRA2.20190701.A3mstC.05x0625.nc4
1568.926,hit,false,0.000,1,155.960,149,GEOS_0.5x0.625/MERRA2/2019/07/MERRA2.20190701.A3mstC.05x0625.nc4
1568.949,hit,false,0.000,1,155.983,149,GEOS_0.5x0.625/MERRA2/2019/07/MERRA2.20190701.A3mstC.05x0625.nc4
1568.985,hit,false,0.000,1,156.019,149,GEOS_0.5x0.625/MERRA2/2019/07/MERRA2.20190701.A3mstC.05x0625.nc4
1569.007,hit,false,0.000,1,156.041,149,GEOS_0.5x0.625/MERRA2/2019/07/MERRA2.20190701.A3mstC.05x0625.nc4
1569.046,hit,false,0.000,1,156.080,149,GEOS_0.5x0.625/MERRA2/2019/07/MERRA2.20190701.A3mstC.05x0625.nc4
1569.069,hit,false,0.000,1,156.103,149,GEOS_0.5x0.625/MERRA2/2019/07/MERRA2.20190701.A3mstC.05x0625.nc4
1569.110,hit,false,0.000,1,156.143,150,GEOS_0.5x0.625/MERRA2/2019/07/MERRA2.20190701.A3mstC.05x0625.nc4
1569.136,hit,false,0.000,1,156.168,150,GEOS_0.5x0.625/MERRA2/2019/07/MERRA2.20190701.A3mstC.05x0625.nc4
1569.175,hit,false,0.000,1,156.208,150,GEOS_0.5x0.625/MERRA2/2019/07/MERRA2.20190701.A3mstC.05x0625.nc4
1569.200,hit,false,0.000,1,156.232,150,GEOS_0.5x0.625/MERRA2/2019/07/MERRA2.20190701.A3mstC.05x0625.nc4
1569.232,hit,false,0.000,1,156.265,150,GEOS_0.5x0.625/MERRA2/2019/07/MERRA2.20190701.A3mstC.05x0625.nc4
1569.256,hit,false,0.000,1,156.288,150,GEOS_0.5x0.625/MERRA2/2019/07/MERRA2.20190701.A3mstC.05x0625.nc4
1569.294,hit,false,0.000,1,156.326,150,GEOS_0.5x0.625/MERRA2/2019/07/MERRA2.20190701.A3mstC.05x0625.nc4
1569.317,hit,false,0.000,1,156.350,150,GEOS_0.5x0.625/MERRA2/2019/07/MERRA2.20190701.A3mstC.05x0625.nc4
1569.355,hit,false,0.000,1,156.386,151,GEOS_0.5x0.625/MERRA2/2019/07/MERRA2.20190701.A3mstC.05x0625.nc4
1569.380,hit,false,0.000,1,156.411,151,GEOS_0.5x0.625/MERRA2/2019/07/MERRA2.20190701.A3mstC.05x0625.nc4
1569.423,hit,false,0.000,1,156.454,151,GEOS_0.5x0.625/MERRA2/2019/07/MERRA2.20190701.A3mstC.05x0625.nc4
1569.445,hit,false,0.000,1,156.476,151,GEOS_0.5x0.625/MERRA2/2019/07/MERRA2.20190701.A3mstC.05x0625.nc4
1569.486,hit,false,0.000,1,156.517,151,GEOS_0.5x0.625/MERRA2/2019/07/MERRA2.20190701.A3mstC.05x0625.nc4
1569.508,hit,false,0.000,1,156.539,151,GEOS_0.5x0.625/MERRA2/2019/07/MERRA2.20190701.A3mstC.05x0625.nc4
1569.544,hit,false,0.000,1,156.575,151,GEOS_0.5x0.625/MERRA2/2019/07/MERRA2.20190701.A3mstC.05x0625.nc4
1569.570,hit,false,0.000,1,156.601,151,GEOS_0.5x0.625/MERRA2/2019/07/MERRA2.20190701.A3mstC.05x0625.nc4
1569.604,hit,false,0.000,1,156.661,152,GEOS_0.5x0.625/MERRA2/2019/07/MERRA2.20190701.A3mstC.05x0625.nc4
1569.631,hit,false,0.000,1,156.688,152,GEOS_0.5x0.625/MERRA2/2019/07/MERRA2.20190701.A3mstC.05x0625.nc4
1569.684,hit,false,0.000,1,156.741,152,GEOS_0.5x0.625/MERRA2/2019/07/MERRA2.20190701.A3mstC.05x0625.nc4
1569.707,hit,false,0.000,1,156.763,152,GEOS_0.5x0.625/MERRA2/2019/07/MERRA2.20190701.A3mstC.05x0625.nc4
1569.743,hit,false,0.000,1,156.800,152,GEOS_0.5x0.625/MERRA2/2019/07/MERRA2.20190701.A3mstC.05x0625.nc4
1569.770,hit,false,0.000,1,156.827,152,GEOS_0.5x0.625/MERRA2/2019/07/MERRA2.20190701.A3mstC.05x0625.nc4
1569.803,hit,false,0.000,1,156.860,152,GEOS_0.5x0.625/MERRA2/2019/07/MERRA2.20190701.A3mstC.05x0625.nc4
1569.829,hit,false,0.000,1,156.886,152,GEOS_0.5x0.625/MERRA2/2019/07/MERRA2.20190701.A3mstC.05x0625.nc4
1569.862,hit,false,0.000,1,156.775,153,GEOS_0.5x0.625/MERRA2/2019/07/MERRA2.20190701.A3mstC.05x0625.nc4
1569.890,hit,false,0.000,1,156.803,153,GEOS_0.5x0.625/MERRA2/2019/07/MERRA2.20190701.A3mstC.05x0625.nc4
1569.924,hit,false,0.000,1,156.837,153,GEOS_0.5x0.625/MERRA2/2019/07/MERRA2.20190701.A3mstC.05x0625.nc4
1569.947,hit,false,0.000,1,156.860,153,GEOS_0.5x0.625/MERRA2/2019/07/MERRA2.20190701.A3mstC.05x0625.nc4
1569.986,hit,false,0.000,1,156.899,153,GEOS_0.5x0.625/MERRA2/2019/07/MERRA2.20190701.A3mstC.05x0625.nc4
1570.009,hit,false,0.000,1,156.922,153,GEOS_0.5x0.625/MERRA2/2019/07/MERRA2.20190701.A3mstC.05x0625.nc4
1570.048,hit,false,0.000,1,156.961,153,GEOS_0.5x0.625/MERRA2/2019/07/MERRA2.20190701.A3mstC.05x0625.nc4
1570.071,hit,false,0.000,1,156.984,153,GEOS_0.5x0.625/MERRA2/2019/07/MERRA2.20190701.A3mstC.05x0625.nc4
1570.113,hit,false,0.000,1,157.023,154,GEOS_0.5x0.625/MERRA2/2019/07/MERRA2.20190701.A3mstC.05x0625.nc4
1570.138,hit,false,0.000,1,157.048,154,GEOS_0.5x0.625/MERRA2/2019/07/MERRA2.20190701.A3mstC.05x0625.nc4
1570.173,hit,false,0.000,1,157.084,154,GEOS_0.5x0.625/MERRA2/2019/07/MERRA2.20190701.A3mstC.05x0625.nc4
1570.198,hit,false,0.000,1,157.108,154,GEOS_0.5x0.625/MERRA2/2019/07/MERRA2.20190701.A3mstC.05x0625.nc4
1570.233,hit,false,0.000,1,157.143,154,GEOS_0.5x0.625/MERRA2/2019/07/MERRA2.20190701.A3mstC.05x0625.nc4
1570.258,hit,false,0.000,1,157.169,154,GEOS_0.5x0.625/MERRA2/2019/07/MERRA2.20190701.A3mstC.05x0625.nc4
1570.292,hit,false,0.000,1,157.202,154,GEOS_0.5x0.625/MERRA2/2019/07/MERRA2.20190701.A3mstC.05x0625.nc4
1570.318,hit,false,0.000,1,157.228,154,GEOS_0.5x0.625/MERRA2/2019/07/MERRA2.20190701.A3mstC.05x0625.nc4
1570.350,hit,false,0.000,1,157.258,155,GEOS_0.5x0.625/MERRA2/2019/07/MERRA2.20190701.A3mstC.05x0625.nc4
1570.383,hit,false,0.000,1,157.292,155,GEOS_0.5x0.625/MERRA2/2019/07/MERRA2.20190701.A3mstC.05x0625.nc4
1570.412,hit,false,0.000,1,157.321,155,GEOS_0.5x0.625/MERRA2/2019/07/MERRA2.20190701.A3mstC.05x0625.nc4
1570.445,hit,false,0.000,1,157.354,155,GEOS_0.5x0.625/MERRA2/2019/07/MERRA2.20190701.A3mstC.05x0625.nc4
1570.476,hit,false,0.000,1,157.385,155,GEOS_0.5x0.625/MERRA2/2019/07/MERRA2.20190701.A3mstC.05x0625.nc4
1570.505,hit,false,0.000,1,157.414,155,GEOS_0.5x0.625/MERRA2/2019/07/MERRA2.20190701.A3mstC.05x0625.nc4
1570.534,hit,false,0.000,1,157.443,155,GEOS_0.5x0.625/MERRA2/2019/07/MERRA2.20190701.A3mstC.05x0625.nc4
1570.564,hit,false,0.000,1,157.472,155,GEOS_0.5x0.625/MERRA2/2019/07/MERRA2.20190701.A3mstC.05x0625.nc4
1570.672,hit,false,0.000,0,157.580,156,GEOS_0.5x0.625/MERRA2/2019/07/MERRA2.20190701.A3mstC.05x0625.nc4
1570.699,hit,false,0.000,0,157.606,156,GEOS_0.5x0.625/MERRA2/2019/07/MERRA2.20190701.A3mstC.05x0625.nc4
1570.731,hit,false,0.000,0,157.638,156,GEOS_0.5x0.625/MERRA2/2019/07/MERRA2.20190701.A3mstC.05x0625.nc4
1570.757,hit,false,0.000,0,157.665,156,GEOS_0.5x0.625/MERRA2/2019/07/MERRA2.20190701.A3mstC.05x0625.nc4
1570.791,hit,false,0.000,0,157.699,156,GEOS_0.5x0.625/MERRA2/2019/07/MERRA2.20190701.A3mstC.05x0625.nc4
1570.814,hit,false,0.000,0,157.721,156,GEOS_0.5x0.625/MERRA2/2019/07/MERRA2.20190701.A3mstC.05x0625.nc4
1570.856,hit,false,0.000,0,157.763,156,GEOS_0.5x0.625/MERRA2/2019/07/MERRA2.20190701.A3mstC.05x0625.nc4
1570.879,hit,false,0.000,0,157.786,156,GEOS_0.5x0.625/MERRA2/2019/07/MERRA2.20190701.A3mstC.05x0625.nc4
1570.918,hit,false,0.000,0,157.824,157,GEOS_0.5x0.625/MERRA2/2019/07/MERRA2.20190701.A3mstC.05x0625.nc4
1570.959,hit,false,0.000,0,157.864,157,GEOS_0.5x0.625/MERRA2/2019/07/MERRA2.20190701.A3mstC.05x0625.nc4
1570.993,hit,false,0.000,0,157.899,157,GEOS_0.5x0.625/MERRA2/2019/07/MERRA2.20190701.A3mstC.05x0625.nc4
1571.024,hit,false,0.000,0,157.929,157,GEOS_0.5x0.625/MERRA2/2019/07/MERRA2.20190701.A3mstC.05x0625.nc4
1571.053,hit,false,0.000,0,157.958,157,GEOS_0.5x0.625/MERRA2/2019/07/MERRA2.20190701.A3mstC.05x0625.nc4
1571.091,hit,false,0.000,0,157.997,157,GEOS_0.5x0.625/MERRA2/2019/07/MERRA2.20190701.A3mstC.05x0625.nc4
1571.121,hit,false,0.000,0,158.026,157,GEOS_0.5x0.625/MERRA2/2019/07/MERRA2.20190701.A3mstC.05x0625.nc4
1571.151,hit,false,0.000,0,158.056,157,GEOS_0.5x0.625/MERRA2/2019/07/MERRA2.20190701.A3mstC.05x0625.nc4
1571.183,hit,false,0.000,0,158.088,158,GEOS_0.5x0.625/MERRA2/2019/07/MERRA2.20190701.A3mstC.05x0625.nc4
1571.211,hit,false,0.000,0,158.115,158,GEOS_0.5x0.625/MERRA2/2019/07/MERRA2.20190701.A3mstC.05x0625.nc4
1571.241,hit,false,0.000,0,158.145,158,GEOS_0.5x0.625/MERRA2/2019/07/MERRA2.20190701.A3mstC.05x0625.nc4
1571.270,hit,false,0.000,0,158.174,158,GEOS_0.5x0.625/MERRA2/2019/07/MERRA2.20190701.A3mstC.05x0625.nc4
1571.299,hit,false,0.000,0,158.203,158,GEOS_0.5x0.625/MERRA2/2019/07/MERRA2.20190701.A3mstC.05x0625.nc4
1571.332,hit,false,0.000,0,158.236,158,GEOS_0.5x0.625/MERRA2/2019/07/MERRA2.20190701.A3mstC.05x0625.nc4
1571.362,hit,false,0.000,0,158.266,158,GEOS_0.5x0.625/MERRA2/2019/07/MERRA2.20190701.A3mstC.05x0625.nc4
1571.390,hit,false,0.000,0,158.294,158,GEOS_0.5x0.625/MERRA2/2019/07/MERRA2.20190701.A3mstC.05x0625.nc4
1571.422,hit,false,0.000,0,158.324,159,GEOS_0.5x0.625/MERRA2/2019/07/MERRA2.20190701.A3mstC.05x0625.nc4
1571.453,hit,false,0.000,0,158.355,159,GEOS_0.5x0.625/MERRA2/2019/07/MERRA2.20190701.A3mstC.05x0625.nc4
1571.484,hit,false,0.000,0,158.386,159,GEOS_0.5x0.625/MERRA2/2019/07/MERRA2.20190701.A3mstC.05x0625.nc4
1571.512,hit,false,0.000,0,158.415,159,GEOS_0.5x0.625/MERRA2/2019/07/MERRA2.20190701.A3mstC.05x0625.nc4
1571.542,hit,false,0.000,0,158.444,159,GEOS_0.5x0.625/MERRA2/2019/07/MERRA2.20190701.A3mstC.05x0625.nc4
1571.565,hit,false,0.000,0,158.467,159,GEOS_0.5x0.625/MERRA2/2019/07/MERRA2.20190701.A3mstC.05x0625.nc4
1571.600,hit,false,0.000,0,158.502,159,GEOS_0.5x0.625/MERRA2/2019/07/MERRA2.20190701.A3mstC.05x0625.nc4
1571.624,hit,false,0.000,0,158.526,159,GEOS_0.5x0.625/MERRA2/2019/07/MERRA2.20190701.A3mstC.05x0625.nc4
1571.657,hit,false,0.000,0,158.700,160,GEOS_0.5x0.625/MERRA2/2019/07/MERRA2.20190701.A3mstC.05x0625.nc4
1571.686,hit,false,0.000,0,158.729,160,GEOS_0.5x0.625/MERRA2/2019/07/MERRA2.20190701.A3mstC.05x0625.nc4
1571.731,hit,false,0.000,0,158.774,160,GEOS_0.5x0.625/MERRA2/2019/07/MERRA2.20190701.A3mstC.05x0625.nc4
1571.753,hit,false,0.000,0,158.796,160,GEOS_0.5x0.625/MERRA2/2019/07/MERRA2.20190701.A3mstC.05x0625.nc4
1571.795,hit,false,0.000,0,158.838,160,GEOS_0.5x0.625/MERRA2/2019/07/MERRA2.20190701.A3mstC.05x0625.nc4
1571.821,hit,false,0.000,0,158.864,160,GEOS_0.5x0.625/MERRA2/2019/07/MERRA2.20190701.A3mstC.05x0625.nc4
1571.854,hit,false,0.000,0,158.897,160,GEOS_0.5x0.625/MERRA2/2019/07/MERRA2.20190701.A3mstC.05x0625.nc4
1571.882,hit,false,0.000,0,158.925,160,GEOS_0.5x0.625/MERRA2/2019/07/MERRA2.20190701.A3mstC.05x0625.nc4
1571.913,hit,false,0.000,0,158.953,161,GEOS_0.5x0.625/MERRA2/2019/07/MERRA2.20190701.A3mstC.05x0625.nc4
1571.945,hit,false,0.000,0,158.985,161,GEOS_0.5x0.625/MERRA2/2019/07/MERRA2.20190701.A3mstC.05x0625.nc4
1571.976,hit,false,0.000,0,159.016,161,GEOS_0.5x0.625/MERRA2/2019/07/MERRA2.20190701.A3mstC.05x0625.nc4
1571.998,hit,false,0.000,0,159.038,161,GEOS_0.5x0.625/MERRA2/2019/07/MERRA2.20190701.A3mstC.05x0625.nc4
1572.031,hit,false,0.000,0,159.071,161,GEOS_0.5x0.625/MERRA2/2019/07/MERRA2.20190701.A3mstC.05x0625.nc4
1572.056,hit,false,0.000,0,159.096,161,GEOS_0.5x0.625/MERRA2/2019/07/MERRA2.20190701.A3mstC.05x0625.nc4
1572.090,hit,false,0.000,0,159.130,161,GEOS_0.5x0.625/MERRA2/2019/07/MERRA2.20190701.A3mstC.05x0625.nc4
1572.118,hit,false,0.000,0,159.158,161,GEOS_0.5x0.625/MERRA2/2019/07/MERRA2.20190701.A3mstC.05x0625.nc4
1572.147,hit,false,0.000,0,159.186,162,GEOS_0.5x0.625/MERRA2/2019/07/MERRA2.20190701.A3mstC.05x0625.nc4
1572.179,hit,false,0.000,0,159.217,162,GEOS_0.5x0.625/MERRA2/2019/07/MERRA2.20190701.A3mstC.05x0625.nc4
1572.209,hit,false,0.000,0,159.247,162,GEOS_0.5x0.625/MERRA2/2019/07/MERRA2.20190701.A3mstC.05x0625.nc4
1572.237,hit,false,0.000,0,159.276,162,GEOS_0.5x0.625/MERRA2/2019/07/MERRA2.20190701.A3mstC.05x0625.nc4
1572.268,hit,false,0.000,0,159.307,162,GEOS_0.5x0.625/MERRA2/2019/07/MERRA2.20190701.A3mstC.05x0625.nc4
1572.293,hit,false,0.000,0,159.332,162,GEOS_0.5x0.625/MERRA2/2019/07/MERRA2.20190701.A3mstC.05x0625.nc4
1572.323,hit,false,0.000,0,159.361,162,GEOS_0.5x0.625/MERRA2/2019/07/MERRA2.20190701.A3mstC.05x0625.nc4
1572.354,hit,false,0.000,0,159.393,162,GEOS_0.5x0.625/MERRA2/2019/07/MERRA2.20190701.A3mstC.05x0625.nc4
1572.377,hit,false,0.000,0,159.414,163,GEOS_0.5x0.625/MERRA2/2019/07/MERRA2.20190701.A3mstC.05x0625.nc4
1572.419,hit,false,0.000,0,159.456,163,GEOS_0.5x0.625/MERRA2/2019/07/MERRA2.20190701.A3mstC.05x0625.nc4
1572.442,hit,false,0.000,0,159.479,163,GEOS_0.5x0.625/MERRA2/2019/07/MERRA2.20190701.A3mstC.05x0625.nc4
1572.478,hit,false,0.000,0,159.515,163,GEOS_0.5x0.625/MERRA2/2019/07/MERRA2.20190701.A3mstC.05x0625.nc4
1572.502,hit,false,0.000,0,159.539,163,GEOS_0.5x0.625/MERRA2/2019/07/MERRA2.20190701.A3mstC.05x0625.nc4
1572.535,hit,false,0.000,0,159.572,163,GEOS_0.5x0.625/MERRA2/2019/07/MERRA2.20190701.A3mstC.05x0625.nc4
1572.561,hit,false,0.000,0,159.598,163,GEOS_0.5x0.625/MERRA2/2019/07/MERRA2.20190701.A3mstC.05x0625.nc4
1572.675,hit,false,0.000,0,159.712,163,GEOS_0.5x0.625/MERRA2/2019/07/MERRA2.20190701.A3mstC.05x0625.nc4
1572.698,hit,false,0.000,0,159.733,164,GEOS_0.5x0.625/MERRA2/2019/07/MERRA2.20190701.A3mstC.05x0625.nc4
1572.737,hit,false,0.000,0,159.772,164,GEOS_0.5x0.625/MERRA2/2019/07/MERRA2.20190701.A3mstC.05x0625.nc4
1572.761,hit,false,0.000,0,159.797,164,GEOS_0.5x0.625/MERRA2/2019/07/MERRA2.20190701.A3mstC.05x0625.nc4
1572.800,hit,false,0.000,0,159.835,164,GEOS_0.5x0.625/MERRA2/2019/07/MERRA2.20190701.A3mstC.05x0625.nc4
1572.826,hit,false,0.000,0,159.861,164,GEOS_0.5x0.625/MERRA2/2019/07/MERRA2.20190701.A3mstC.05x0625.nc4
1572.858,hit,false,0.000,0,159.893,164,GEOS_0.5x0.625/MERRA2/2019/07/MERRA2.20190701.A3mstC.05x0625.nc4
1572.883,hit,false,0.000,0,159.918,164,GEOS_0.5x0.625/MERRA2/2019/07/MERRA2.20190701.A3mstC.05x0625.nc4
1572.916,hit,false,0.000,0,159.951,164,GEOS_0.5x0.625/MERRA2/2019/07/MERRA2.20190701.A3mstC.05x0625.nc4
1572.941,hit,false,0.000,0,159.974,165,GEOS_0.5x0.625/MERRA2/2019/07/MERRA2.20190701.A3mstC.05x0625.nc4
1572.975,hit,false,0.000,0,160.008,165,GEOS_0.5x0.625/MERRA2/2019/07/MERRA2.20190701.A3mstC.05x0625.nc4
1573.004,hit,false,0.000,0,160.037,165,GEOS_0.5x0.625/MERRA2/2019/07/MERRA2.20190701.A3mstC.05x0625.nc4
1573.033,hit,false,0.000,0,160.066,165,GEOS_0.5x0.625/MERRA2/2019/07/MERRA2.20190701.A3mstC.05x0625.nc4
1573.063,hit,false,0.000,0,160.095,165,GEOS_0.5x0.625/MERRA2/2019/07/MERRA2.20190701.A3mstC.05x0625.nc4
1573.091,hit,false,0.000,0,160.123,165,GEOS_0.5x0.625/MERRA2/2019/07/MERRA2.20190701.A3mstC.05x0625.nc4
1573.122,hit,false,0.000,0,160.154,165,GEOS_0.5x0.625/MERRA2/2019/07/MERRA2.20190701.A3mstC.05x0625.nc4
1573.145,hit,false,0.000,0,160.177,165,GEOS_0.5x0.625/MERRA2/2019/07/MERRA2.20190701.A3mstC.05x0625.nc4
1573.178,hit,false,0.000,0,160.208,166,GEOS_0.5x0.625/MERRA2/2019/07/MERRA2.20190701.A3mstC.05x0625.nc4
1573.205,hit,false,0.000,0,160.235,166,GEOS_0.5x0.625/MERRA2/2019/07/MERRA2.20190701.A3mstC.05x0625.nc4
1573.236,hit,false,0.000,0,160.266,166,GEOS_0.5x0.625/MERRA2/2019/07/MERRA2.20190701.A3mstC.05x0625.nc4
1573.264,hit,false,0.000,0,160.295,166,GEOS_0.5x0.625/MERRA2/2019/07/MERRA2.20190701.A3mstC.05x0625.nc4
1573.294,hit,false,0.000,0,160.324,166,GEOS_0.5x0.625/MERRA2/2019/07/MERRA2.20190701.A3mstC.05x0625.nc4
1573.322,hit,false,0.000,0,160.352,166,GEOS_0.5x0.625/MERRA2/2019/07/MERRA2.20190701.A3mstC.05x0625.nc4
1573.354,hit,false,0.000,0,160.384,166,GEOS_0.5x0.625/MERRA2/2019/07/MERRA2.20190701.A3mstC.05x0625.nc4
1573.377,hit,false,0.000,0,160.407,166,GEOS_0.5x0.625/MERRA2/2019/07/MERRA2.20190701.A3mstC.05x0625.nc4
1573.408,hit,false,0.000,0,160.437,167,GEOS_0.5x0.625/MERRA2/2019/07/MERRA2.20190701.A3mstC.05x0625.nc4
1573.437,hit,false,0.000,0,160.465,167,GEOS_0.5x0.625/MERRA2/2019/07/MERRA2.20190701.A3mstC.05x0625.nc4
1573.466,hit,false,0.000,0,160.494,167,GEOS_0.5x0.625/MERRA2/2019/07/MERRA2.20190701.A3mstC.05x0625.nc4
1573.495,hit,false,0.000,0,160.524,167,GEOS_0.5x0.625/MERRA2/2019/07/MERRA2.20190701.A3mstC.05x0625.nc4
1573.534,hit,false,0.000,0,160.563,167,GEOS_0.5x0.625/MERRA2/2019/07/MERRA2.20190701.A3mstC.05x0625.nc4
1573.557,hit,false,0.000,0,160.586,167,GEOS_0.5x0.625/MERRA2/2019/07/MERRA2.20190701.A3mstC.05x0625.nc4
1573.597,hit,false,0.000,0,160.625,167,GEOS_0.5x0.625/MERRA2/2019/07/MERRA2.20190701.A3mstC.05x0625.nc4
1573.619,hit,false,0.000,0,160.648,167,GEOS_0.5x0.625/MERRA2/2019/07/MERRA2.20190701.A3mstC.05x0625.nc4
1573.655,hit,false,0.000,0,158.518,168,GEOS_0.5x0.625/MERRA2/2019/07/MERRA2.20190701.A3mstC.05x0625.nc4
1573.682,hit,false,0.000,0,158.545,168,GEOS_0.5x0.625/MERRA2/2019/07/MERRA2.20190701.A3mstC.05x0625.nc4
1573.735,hit,false,0.000,0,158.598,168,GEOS_0.5x0.625/MERRA2/2019/07/MERRA2.20190701.A3mstC.05x0625.nc4
1573.759,hit,false,0.000,0,158.622,168,GEOS_0.5x0.625/MERRA2/2019/07/MERRA2.20190701.A3mstC.05x0625.nc4
1573.801,hit,false,0.000,0,158.664,168,GEOS_0.5x0.625/MERRA2/2019/07/MERRA2.20190701.A3mstC.05x0625.nc4
1573.824,hit,false,0.000,0,158.687,168,GEOS_0.5x0.625/MERRA2/2019/07/MERRA2.20190701.A3mstC.05x0625.nc4
1573.861,hit,false,0.000,0,158.724,168,GEOS_0.5x0.625/MERRA2/2019/07/MERRA2.20190701.A3mstC.05x0625.nc4
1573.884,hit,false,0.000,0,158.746,168,GEOS_0.5x0.625/MERRA2/2019/07/MERRA2.20190701.A3mstC.05x0625.nc4
1573.923,hit,false,0.000,0,158.776,169,GEOS_0.5x0.625/MERRA2/2019/07/MERRA2.20190701.A3mstC.05x0625.nc4
1573.948,hit,false,0.000,0,158.801,169,GEOS_0.5x0.625/MERRA2/2019/07/MERRA2.20190701.A3mstC.05x0625.nc4
1573.986,hit,false,0.000,0,158.839,169,GEOS_0.5x0.625/MERRA2/2019/07/MERRA2.20190701.A3mstC.05x0625.nc4
1574.009,hit,false,0.000,0,158.862,169,GEOS_0.5x0.625/MERRA2/2019/07/MERRA2.20190701.A3mstC.05x0625.nc4
1574.044,hit,false,0.000,0,158.897,169,GEOS_0.5x0.625/MERRA2/2019/07/MERRA2.20190701.A3mstC.05x0625.nc4
1574.068,hit,false,0.000,0,158.921,169,GEOS_0.5x0.625/MERRA2/2019/07/MERRA2.20190701.A3mstC.05x0625.nc4
1574.100,hit,false,0.000,0,158.953,169,GEOS_0.5x0.625/MERRA2/2019/07/MERRA2.20190701.A3mstC.05x0625.nc4
1574.126,hit,false,0.000,0,158.979,169,GEOS_0.5x0.625/MERRA2/2019/07/MERRA2.20190701.A3mstC.05x0625.nc4
1574.159,hit,false,0.000,0,159.010,170,GEOS_0.5x0.625/MERRA2/2019/07/MERRA2.20190701.A3mstC.05x0625.nc4
1574.185,hit,false,0.000,0,159.036,170,GEOS_0.5x0.625/MERRA2/2019/07/MERRA2.20190701.A3mstC.05x0625.nc4
1574.219,hit,false,0.000,0,159.070,170,GEOS_0.5x0.625/MERRA2/2019/07/MERRA2.20190701.A3mstC.05x0625.nc4
1574.245,hit,false,0.000,0,159.096,170,GEOS_0.5x0.625/MERRA2/2019/07/MERRA2.20190701.A3mstC.05x0625.nc4
1574.277,hit,false,0.000,0,159.128,170,GEOS_0.5x0.625/MERRA2/2019/07/MERRA2.20190701.A3mstC.05x0625.nc4
1574.301,hit,false,0.000,0,159.151,170,GEOS_0.5x0.625/MERRA2/2019/07/MERRA2.20190701.A3mstC.05x0625.nc4
1574.340,hit,false,0.000,0,159.191,170,GEOS_0.5x0.625/MERRA2/2019/07/MERRA2.20190701.A3mstC.05x0625.nc4
1574.363,hit,false,0.000,0,159.214,170,GEOS_0.5x0.625/MERRA2/2019/07/MERRA2.20190701.A3mstC.05x0625.nc4
1574.399,hit,false,0.000,0,159.248,171,GEOS_0.5x0.625/MERRA2/2019/07/MERRA2.20190701.A3mstC.05x0625.nc4
1574.424,hit,false,0.000,0,159.273,171,GEOS_0.5x0.625/MERRA2/2019/07/MERRA2.20190701.A3mstC.05x0625.nc4
1574.458,hit,false,0.000,0,159.307,171,GEOS_0.5x0.625/MERRA2/2019/07/MERRA2.20190701.A3mstC.05x0625.nc4
1574.484,hit,false,0.000,0,159.333,171,GEOS_0.5x0.625/MERRA2/2019/07/MERRA2.20190701.A3mstC.05x0625.nc4
1574.514,hit,false,0.000,0,159.364,171,GEOS_0.5x0.625/MERRA2/2019/07/MERRA2.20190701.A3mstC.05x0625.nc4
1574.538,hit,false,0.000,0,159.387,171,GEOS_0.5x0.625/MERRA2/2019/07/MERRA2.20190701.A3mstC.05x0625.nc4
1574.653,hit,false,0.000,0,159.502,171,GEOS_0.5x0.625/MERRA2/2019/07/MERRA2.20190701.A3mstC.05x0625.nc4
1574.677,hit,false,0.000,0,159.526,171,GEOS_0.5x0.625/MERRA2/2019/07/MERRA2.20190701.A3mstC.05x0625.nc4
1574.710,hit,false,0.000,0,159.556,172,GEOS_0.5x0.625/MERRA2/2019/07/MERRA2.20190701.A3mstC.05x0625.nc4
1574.737,hit,false,0.000,0,159.583,172,GEOS_0.5x0.625/MERRA2/2019/07/MERRA2.20190701.A3mstC.05x0625.nc4
1574.769,hit,false,0.000,0,159.616,172,GEOS_0.5x0.625/MERRA2/2019/07/MERRA2.20190701.A3mstC.05x0625.nc4
1574.793,hit,false,0.000,0,159.639,172,GEOS_0.5x0.625/MERRA2/2019/07/MERRA2.20190701.A3mstC.05x0625.nc4
1574.832,hit,false,0.000,0,159.678,172,GEOS_0.5x0.625/MERRA2/2019/07/MERRA2.20190701.A3mstC.05x0625.nc4
1574.855,hit,false,0.000,0,159.702,172,GEOS_0.5x0.625/MERRA2/2019/07/MERRA2.20190701.A3mstC.05x0625.nc4
1574.892,hit,false,0.000,0,159.738,172,GEOS_0.5x0.625/MERRA2/2019/07/MERRA2.20190701.A3mstC.05x0625.nc4
1574.915,hit,false,0.000,0,159.761,172,GEOS_0.5x0.625/MERRA2/2019/07/MERRA2.20190701.A3mstC.05x0625.nc4
1574.948,hit,false,0.000,0,159.793,173,GEOS_0.5x0.625/MERRA2/2019/07/MERRA2.20190701.A3mstC.05x0625.nc4
1574.976,hit,false,0.000,0,159.821,173,GEOS_0.5x0.625/MERRA2/2019/07/MERRA2.20190701.A3mstC.05x0625.nc4
1575.009,hit,false,0.000,0,159.854,173,GEOS_0.5x0.625/MERRA2/2019/07/MERRA2.20190701.A3mstC.05x0625.nc4
1575.039,hit,false,0.000,0,159.884,173,GEOS_0.5x0.625/MERRA2/2019/07/MERRA2.20190701.A3mstC.05x0625.nc4
1575.062,hit,false,0.000,0,159.906,173,GEOS_0.5x0.625/MERRA2/2019/07/MERRA2.20190701.A3mstC.05x0625.nc4
1575.101,hit,false,0.000,0,159.946,173,GEOS_0.5x0.625/MERRA2/2019/07/MERRA2.20190701.A3mstC.05x0625.nc4
1575.127,hit,false,0.000,0,159.972,173,GEOS_0.5x0.625/MERRA2/2019/07/MERRA2.20190701.A3mstC.05x0625.nc4
1575.160,hit,false,0.000,0,160.005,173,GEOS_0.5x0.625/MERRA2/2019/07/MERRA2.20190701.A3mstC.05x0625.nc4
1575.185,hit,false,0.000,0,160.029,174,GEOS_0.5x0.625/MERRA2/2019/07/MERRA2.20190701.A3mstC.05x0625.nc4
1575.217,hit,false,0.000,0,160.061,174,GEOS_0.5x0.625/MERRA2/2019/07/MERRA2.20190701.A3mstC.05x0625.nc4
1575.247,hit,false,0.000,0,160.091,174,GEOS_0.5x0.625/MERRA2/2019/07/MERRA2.20190701.A3mstC.05x0625.nc4
1575.275,hit,false,0.000,0,160.118,174,GEOS_0.5x0.625/MERRA2/2019/07/MERRA2.20190701.A3mstC.05x0625.nc4
1575.307,hit,false,0.000,0,160.150,174,GEOS_0.5x0.625/MERRA2/2019/07/MERRA2.20190701.A3mstC.05x0625.nc4
1575.332,hit,false,0.000,0,160.175,174,GEOS_0.5x0.625/MERRA2/2019/07/MERRA2.20190701.A3mstC.05x0625.nc4
1575.363,hit,false,0.000,0,160.207,174,GEOS_0.5x0.625/MERRA2/2019/07/MERRA2.20190701.A3mstC.05x0625.nc4
1575.388,hit,false,0.000,0,160.231,174,GEOS_0.5x0.625/MERRA2/2019/07/MERRA2.20190701.A3mstC.05x0625.nc4
1575.420,hit,false,0.000,0,160.262,175,GEOS_0.5x0.625/MERRA2/2019/07/MERRA2.20190701.A3mstC.05x0625.nc4
1575.448,hit,false,0.000,0,160.290,175,GEOS_0.5x0.625/MERRA2/2019/07/MERRA2.20190701.A3mstC.05x0625.nc4
1575.480,hit,false,0.000,0,160.321,175,GEOS_0.5x0.625/MERRA2/2019/07/MERRA2.20190701.A3mstC.05x0625.nc4
1575.506,hit,false,0.000,0,160.348,175,GEOS_0.5x0.625/MERRA2/2019/07/MERRA2.20190701.A3mstC.05x0625.nc4
1575.536,hit,false,0.000,0,160.378,175,GEOS_0.5x0.625/MERRA2/2019/07/MERRA2.20190701.A3mstC.05x0625.nc4
1575.559,hit,false,0.000,0,160.401,175,GEOS_0.5x0.625/MERRA2/2019/07/MERRA2.20190701.A3mstC.05x0625.nc4
1575.596,hit,false,0.000,0,160.438,175,GEOS_0.5x0.625/MERRA2/2019/07/MERRA2.20190701.A3mstC.05x0625.nc4
1575.620,hit,false,0.000,0,160.462,175,GEOS_0.5x0.625/MERRA2/2019/07/MERRA2.20190701.A3mstC.05x0625.nc4
1575.658,hit,false,0.000,0,160.528,176,GEOS_0.5x0.625/MERRA2/2019/07/MERRA2.20190701.A3mstC.05x0625.nc4
1575.687,hit,false,0.000,0,160.557,176,GEOS_0.5x0.625/MERRA2/2019/07/MERRA2.20190701.A3mstC.05x0625.nc4
1575.735,hit,false,0.000,0,160.606,176,GEOS_0.5x0.625/MERRA2/2019/07/MERRA2.20190701.A3mstC.05x0625.nc4
1575.758,hit,false,0.000,0,160.629,176,GEOS_0.5x0.625/MERRA2/2019/07/MERRA2.20190701.A3mstC.05x0625.nc4
1575.793,hit,false,0.000,0,160.663,176,GEOS_0.5x0.625/MERRA2/2019/07/MERRA2.20190701.A3mstC.05x0625.nc4
1575.816,hit,false,0.000,0,160.687,176,GEOS_0.5x0.625/MERRA2/2019/07/MERRA2.20190701.A3mstC.05x0625.nc4
1575.850,hit,false,0.000,0,160.720,176,GEOS_0.5x0.625/MERRA2/2019/07/MERRA2.20190701.A3mstC.05x0625.nc4
1575.873,hit,false,0.000,0,160.744,176,GEOS_0.5x0.625/MERRA2/2019/07/MERRA2.20190701.A3mstC.05x0625.nc4
1575.909,hit,false,0.000,0,160.776,177,GEOS_0.5x0.625/MERRA2/2019/07/MERRA2.20190701.A3mstC.05x0625.nc4
1575.935,hit,false,0.000,0,160.801,177,GEOS_0.5x0.625/MERRA2/2019/07/MERRA2.20190701.A3mstC.05x0625.nc4
1575.965,hit,false,0.000,0,160.832,177,GEOS_0.5x0.625/MERRA2/2019/07/MERRA2.20190701.A3mstC.05x0625.nc4
1575.991,hit,false,0.000,0,160.857,177,GEOS_0.5x0.625/MERRA2/2019/07/MERRA2.20190701.A3mstC.05x0625.nc4
1576.021,hit,false,0.000,0,160.888,177,GEOS_0.5x0.625/MERRA2/2019/07/MERRA2.20190701.A3mstC.05x0625.nc4
1576.046,hit,false,0.000,0,160.912,177,GEOS_0.5x0.625/MERRA2/2019/07/MERRA2.20190701.A3mstC.05x0625.nc4
1576.080,hit,false,0.000,0,160.947,177,GEOS_0.5x0.625/MERRA2/2019/07/MERRA2.20190701.A3mstC.05x0625.nc4
1576.103,hit,false,0.000,0,160.970,177,GEOS_0.5x0.625/MERRA2/2019/07/MERRA2.20190701.A3mstC.05x0625.nc4
1576.137,hit,false,0.000,0,161.003,178,GEOS_0.5x0.625/MERRA2/2019/07/MERRA2.20190701.A3mstC.05x0625.nc4
1576.166,hit,false,0.000,0,161.031,178,GEOS_0.5x0.625/MERRA2/2019/07/MERRA2.20190701.A3mstC.05x0625.nc4
1576.198,hit,false,0.000,0,161.063,178,GEOS_0.5x0.625/MERRA2/2019/07/MERRA2.20190701.A3mstC.05x0625.nc4
1576.222,hit,false,0.000,0,161.087,178,GEOS_0.5x0.625/MERRA2/2019/07/MERRA2.20190701.A3mstC.05x0625.nc4
1576.255,hit,false,0.000,0,161.120,178,GEOS_0.5x0.625/MERRA2/2019/07/MERRA2.20190701.A3mstC.05x0625.nc4
1576.279,hit,false,0.000,0,161.145,178,GEOS_0.5x0.625/MERRA2/2019/07/MERRA2.20190701.A3mstC.05x0625.nc4
1576.316,hit,false,0.000,0,161.182,178,GEOS_0.5x0.625/MERRA2/2019/07/MERRA2.20190701.A3mstC.05x0625.nc4
1576.339,hit,false,0.000,0,161.204,178,GEOS_0.5x0.625/MERRA2/2019/07/MERRA2.20190701.A3mstC.05x0625.nc4
1576.376,hit,false,0.000,0,161.240,179,GEOS_0.5x0.625/MERRA2/2019/07/MERRA2.20190701.A3mstC.05x0625.nc4
1576.402,hit,false,0.000,0,161.266,179,GEOS_0.5x0.625/MERRA2/2019/07/MERRA2.20190701.A3mstC.05x0625.nc4
1576.436,hit,false,0.000,0,161.300,179,GEOS_0.5x0.625/MERRA2/2019/07/MERRA2.20190701.A3mstC.05x0625.nc4
1576.460,hit,false,0.000,0,161.324,179,GEOS_0.5x0.625/MERRA2/2019/07/MERRA2.20190701.A3mstC.05x0625.nc4
1576.497,hit,false,0.000,0,161.361,179,GEOS_0.5x0.625/MERRA2/2019/07/MERRA2.20190701.A3mstC.05x0625.nc4
1576.599,hit,false,0.000,0,161.463,179,GEOS_0.5x0.625/MERRA2/2019/07/MERRA2.20190701.A3mstC.05x0625.nc4
1576.622,hit,false,0.000,0,161.486,179,GEOS_0.5x0.625/MERRA2/2019/07/MERRA2.20190701.A3mstC.05x0625.nc4
1576.658,hit,false,0.000,0,161.521,179,GEOS_0.5x0.625/MERRA2/2019/07/MERRA2.20190701.A3mstC.05x0625.nc4
1576.684,hit,false,0.000,0,161.547,180,GEOS_0.5x0.625/MERRA2/2019/07/MERRA2.20190701.A3mstC.05x0625.nc4
1576.718,hit,false,0.000,0,161.580,180,GEOS_0.5x0.625/MERRA2/2019/07/MERRA2.20190701.A3mstC.05x0625.nc4
1576.740,hit,false,0.000,0,161.602,180,GEOS_0.5x0.625/MERRA2/2019/07/MERRA2.20190701.A3mstC.05x0625.nc4
1576.777,hit,false,0.000,0,161.639,180,GEOS_0.5x0.625/MERRA2/2019/07/MERRA2.20190701.A3mstC.05x0625.nc4
1576.800,hit,false,0.000,0,161.663,180,GEOS_0.5x0.625/MERRA2/2019/07/MERRA2.20190701.A3mstC.05x0625.nc4
1576.834,hit,false,0.000,0,161.697,180,GEOS_0.5x0.625/MERRA2/2019/07/MERRA2.20190701.A3mstC.05x0625.nc4
1576.890,hit,false,0.000,0,161.753,180,GEOS_0.5x0.625/MERRA2/2019/07/MERRA2.20190701.A3mstC.05x0625.nc4
1576.902,hit,false,0.000,0,161.765,180,GEOS_0.5x0.625/MERRA2/2019/07/MERRA2.20190701.A3mstC.05x0625.nc4
1576.964,hit,false,0.000,0,161.825,181,GEOS_0.5x0.625/MERRA2/2019/07/MERRA2.20190701.A3mstC.05x0625.nc4
1576.988,hit,false,0.000,0,161.849,181,GEOS_0.5x0.625/MERRA2/2019/07/MERRA2.20190701.A3mstC.05x0625.nc4
1577.030,hit,false,0.000,0,161.890,181,GEOS_0.5x0.625/MERRA2/2019/07/MERRA2.20190701.A3mstC.05x0625.nc4
1577.052,hit,false,0.000,0,161.913,181,GEOS_0.5x0.625/MERRA2/2019/07/MERRA2.20190701.A3mstC.05x0625.nc4
1577.087,hit,false,0.000,0,161.948,181,GEOS_0.5x0.625/MERRA2/2019/07/MERRA2.20190701.A3mstC.05x0625.nc4
1577.112,hit,false,0.000,0,161.973,181,GEOS_0.5x0.625/MERRA2/2019/07/MERRA2.20190701.A3mstC.05x0625.nc4
1577.145,hit,false,0.000,0,162.006,181,GEOS_0.5x0.625/MERRA2/2019/07/MERRA2.20190701.A3mstC.05x0625.nc4
1577.170,hit,false,0.000,0,162.031,181,GEOS_0.5x0.625/MERRA2/2019/07/MERRA2.20190701.A3mstC.05x0625.nc4
1577.202,hit,false,0.000,0,162.062,182,GEOS_0.5x0.625/MERRA2/2019/07/MERRA2.20190701.A3mstC.05x0625.nc4
1577.228,hit,false,0.000,0,162.087,182,GEOS_0.5x0.625/MERRA2/2019/07/MERRA2.20190701.A3mstC.05x0625.nc4
1577.266,hit,false,0.000,0,162.125,182,GEOS_0.5x0.625/MERRA2/2019/07/MERRA2.20190701.A3mstC.05x0625.nc4
1577.321,hit,false,0.000,0,162.180,182,GEOS_0.5x0.625/MERRA2/2019/07/MERRA2.20190701.A3mstC.05x0625.nc4
1577.342,hit,false,0.000,0,162.201,182,GEOS_0.5x0.625/MERRA2/2019/07/MERRA2.20190701.A3mstC.05x0625.nc4
1577.383,hit,false,0.000,0,162.243,182,GEOS_0.5x0.625/MERRA2/2019/07/MERRA2.20190701.A3mstC.05x0625.nc4
1577.408,hit,false,0.000,0,162.268,182,GEOS_0.5x0.625/MERRA2/2019/07/MERRA2.20190701.A3mstC.05x0625.nc4
1577.494,hit,false,0.000,0,162.353,182,GEOS_0.5x0.625/MERRA2/2019/07/MERRA2.20190701.A3mstC.05x0625.nc4
1577.516,hit,false,0.000,0,162.370,183,GEOS_0.5x0.625/MERRA2/2019/07/MERRA2.20190701.A3mstC.05x0625.nc4
1577.559,hit,false,0.000,0,162.412,183,GEOS_0.5x0.625/MERRA2/2019/07/MERRA2.20190701.A3mstC.05x0625.nc4
1577.583,hit,false,0.000,0,162.436,183,GEOS_0.5x0.625/MERRA2/2019/07/MERRA2.20190701.A3mstC.05x0625.nc4
1577.621,hit,false,0.000,0,162.474,183,GEOS_0.5x0.625/MERRA2/2019/07/MERRA2.20190701.A3mstC.05x0625.nc4
1577.644,hit,false,0.000,0,162.498,183,GEOS_0.5x0.625/MERRA2/2019/07/MERRA2.20190701.A3mstC.05x0625.nc4
1577.681,hit,false,0.000,0,162.534,183,GEOS_0.5x0.625/MERRA2/2019/07/MERRA2.20190701.A3mstC.05x0625.nc4
1577.704,hit,false,0.000,0,162.557,183,GEOS_0.5x0.625/MERRA2/2019/07/MERRA2.20190701.A3mstC.05x0625.nc4
1577.744,hit,false,0.000,0,162.597,183,GEOS_0.5x0.625/MERRA2/2019/07/MERRA2.20190701.A3mstC.05x0625.nc4
1577.767,hit,false,0.000,0,162.621,184,GEOS_0.5x0.625/MERRA2/2019/07/MERRA2.20190701.A3mstC.05x0625.nc4
1577.806,hit,false,0.000,0,162.660,184,GEOS_0.5x0.625/MERRA2/2019/07/MERRA2.20190701.A3mstC.05x0625.nc4
1577.842,hit,false,0.000,0,162.696,184,GEOS_0.5x0.625/MERRA2/2019/07/MERRA2.20190701.A3mstC.05x0625.nc4
1577.864,hit,false,0.000,0,162.718,184,GEOS_0.5x0.625/MERRA2/2019/07/MERRA2.20190701.A3mstC.05x0625.nc4
1577.907,hit,false,0.000,0,162.761,184,GEOS_0.5x0.625/MERRA2/2019/07/MERRA2.20190701.A3mstC.05x0625.nc4
1577.930,hit,false,0.000,0,162.784,184,GEOS_0.5x0.625/MERRA2/2019/07/MERRA2.20190701.A3mstC.05x0625.nc4
1577.974,hit,false,0.000,0,162.827,184,GEOS_0.5x0.625/MERRA2/2019/07/MERRA2.20190701.A3mstC.05x0625.nc4
1577.997,hit,false,0.000,0,162.851,184,GEOS_0.5x0.625/MERRA2/2019/07/MERRA2.20190701.A3mstC.05x0625.nc4
1578.038,hit,false,0.000,0,162.889,185,GEOS_0.5x0.625/MERRA2/2019/07/MERRA2.20190701.A3mstC.05x0625.nc4
1578.062,hit,false,0.000,0,162.913,185,GEOS_0.5x0.625/MERRA2/2019/07/MERRA2.20190701.A3mstC.05x0625.nc4
1578.126,hit,false,0.000,0,162.977,185,GEOS_0.5x0.625/MERRA2/2019/07/MERRA2.20190701.A3mstC.05x0625.nc4
1578.160,hit,false,0.000,0,163.011,185,GEOS_0.5x0.625/MERRA2/2019/07/MERRA2.20190701.A3mstC.05x0625.nc4
1578.186,hit,false,0.000,0,163.037,185,GEOS_0.5x0.625/MERRA2/2019/07/MERRA2.20190701.A3mstC.05x0625.nc4
1578.226,hit,false,0.000,0,163.077,185,GEOS_0.5x0.625/MERRA2/2019/07/MERRA2.20190701.A3mstC.05x0625.nc4
1578.250,hit,false,0.000,0,163.101,185,GEOS_0.5x0.625/MERRA2/2019/07/MERRA2.20190701.A3mstC.05x0625.nc4
1578.286,hit,false,0.000,0,163.137,185,GEOS_0.5x0.625/MERRA2/2019/07/MERRA2.20190701.A3mstC.05x0625.nc4
1578.313,hit,false,0.000,0,163.162,186,GEOS_0.5x0.625/MERRA2/2019/07/MERRA2.20190701.A3mstC.05x0625.nc4
1578.355,hit,false,0.000,0,163.204,186,GEOS_0.5x0.625/MERRA2/2019/07/MERRA2.20190701.A3mstC.05x0625.nc4
1578.379,hit,false,0.000,0,163.228,186,GEOS_0.5x0.625/MERRA2/2019/07/MERRA2.20190701.A3mstC.05x0625.nc4
1578.415,hit,false,0.000,0,163.264,186,GEOS_0.5x0.625/MERRA2/2019/07/MERRA2.20190701.A3mstC.05x0625.nc4
1578.439,hit,false,0.000,0,163.288,186,GEOS_0.5x0.625/MERRA2/2019/07/MERRA2.20190701.A3mstC.05x0625.nc4
1578.476,hit,false,0.000,0,163.325,186,GEOS_0.5x0.625/MERRA2/2019/07/MERRA2.20190701.A3mstC.05x0625.nc4
1578.503,hit,false,0.000,0,163.352,186,GEOS_0.5x0.625/MERRA2/2019/07/MERRA2.20190701.A3mstC.05x0625.nc4
1578.535,hit,false,0.000,0,163.384,186,GEOS_0.5x0.625/MERRA2/2019/07/MERRA2.20190701.A3mstC.05x0625.nc4
1578.562,hit,false,0.000,0,163.409,187,GEOS_0.5x0.625/MERRA2/2019/07/MERRA2.20190701.A3mstC.05x0625.nc4
1578.599,hit,false,0.000,0,163.446,187,GEOS_0.5x0.625/MERRA2/2019/07/MERRA2.20190701.A3mstC.05x0625.nc4
1578.625,hit,false,0.000,0,163.472,187,GEOS_0.5x0.625/MERRA2/2019/07/MERRA2.20190701.A3mstC.05x0625.nc4
1578.657,hit,false,0.000,0,163.504,187,GEOS_0.5x0.625/MERRA2/2019/07/MERRA2.20190701.A3mstC.05x0625.nc4
1578.684,hit,false,0.000,0,163.531,187,GEOS_0.5x0.625/MERRA2/2019/07/MERRA2.20190701.A3mstC.05x0625.nc4
1578.714,hit,false,0.000,0,163.561,187,GEOS_0.5x0.625/MERRA2/2019/07/MERRA2.20190701.A3mstC.05x0625.nc4
1578.744,hit,false,0.000,0,163.591,187,GEOS_0.5x0.625/MERRA2/2019/07/MERRA2.20190701.A3mstC.05x0625.nc4
1578.774,hit,false,0.000,0,163.621,187,GEOS_0.5x0.625/MERRA2/2019/07/MERRA2.20190701.A3mstC.05x0625.nc4
1578.798,hit,false,0.000,0,163.643,188,GEOS_0.5x0.625/MERRA2/2019/07/MERRA2.20190701.A3mstC.05x0625.nc4
1578.839,hit,false,0.000,0,163.684,188,GEOS_0.5x0.625/MERRA2/2019/07/MERRA2.20190701.A3mstC.05x0625.nc4
1578.862,hit,false,0.000,0,163.707,188,GEOS_0.5x0.625/MERRA2/2019/07/MERRA2.20190701.A3mstC.05x0625.nc4
1578.895,hit,false,0.000,0,163.740,188,GEOS_0.5x0.625/MERRA2/2019/07/MERRA2.20190701.A3mstC.05x0625.nc4
1578.920,hit,false,0.000,0,163.765,188,GEOS_0.5x0.625/MERRA2/2019/07/MERRA2.20190701.A3mstC.05x0625.nc4
1578.953,hit,false,0.000,0,163.798,188,GEOS_0.5x0.625/MERRA2/2019/07/MERRA2.20190701.A3mstC.05x0625.nc4
1578.977,hit,false,0.000,0,163.822,188,GEOS_0.5x0.625/MERRA2/2019/07/MERRA2.20190701.A3mstC.05x0625.nc4
1579.013,hit,false,0.000,0,163.858,188,GEOS_0.5x0.625/MERRA2/2019/07/MERRA2.20190701.A3mstC.05x0625.nc4
1579.037,hit,false,0.000,0,163.881,189,GEOS_0.5x0.625/MERRA2/2019/07/MERRA2.20190701.A3mstC.05x0625.nc4
1579.079,hit,false,0.000,0,163.922,189,GEOS_0.5x0.625/MERRA2/2019/07/MERRA2.20190701.A3mstC.05x0625.nc4
1579.106,hit,false,0.000,0,163.950,189,GEOS_0.5x0.625/MERRA2/2019/07/MERRA2.20190701.A3mstC.05x0625.nc4
1579.136,hit,false,0.000,0,163.979,189,GEOS_0.5x0.625/MERRA2/2019/07/MERRA2.20190701.A3mstC.05x0625.nc4
1579.166,hit,false,0.000,0,164.009,189,GEOS_0.5x0.625/MERRA2/2019/07/MERRA2.20190701.A3mstC.05x0625.nc4
1579.196,hit,false,0.000,0,164.039,189,GEOS_0.5x0.625/MERRA2/2019/07/MERRA2.20190701.A3mstC.05x0625.nc4
1579.226,hit,false,0.000,0,164.069,189,GEOS_0.5x0.625/MERRA2/2019/07/MERRA2.20190701.A3mstC.05x0625.nc4
1579.255,hit,false,0.000,0,164.099,189,GEOS_0.5x0.625/MERRA2/2019/07/MERRA2.20190701.A3mstC.05x0625.nc4
1579.284,hit,false,0.000,0,164.126,190,GEOS_0.5x0.625/MERRA2/2019/07/MERRA2.20190701.A3mstC.05x0625.nc4
1579.318,hit,false,0.000,0,164.160,190,GEOS_0.5x0.625/MERRA2/2019/07/MERRA2.20190701.A3mstC.05x0625.nc4
1579.347,hit,false,0.000,0,164.189,190,GEOS_0.5x0.625/MERRA2/2019/07/MERRA2.20190701.A3mstC.05x0625.nc4
1579.378,hit,false,0.000,0,164.220,190,GEOS_0.5x0.625/MERRA2/2019/07/MERRA2.20190701.A3mstC.05x0625.nc4
1579.408,hit,false,0.000,0,164.250,190,GEOS_0.5x0.625/MERRA2/2019/07/MERRA2.20190701.A3mstC.05x0625.nc4
1579.519,hit,false,0.000,0,164.361,190,GEOS_0.5x0.625/MERRA2/2019/07/MERRA2.20190701.A3mstC.05x0625.nc4
1579.543,hit,false,0.000,0,164.385,190,GEOS_0.5x0.625/MERRA2/2019/07/MERRA2.20190701.A3mstC.05x0625.nc4
1579.575,hit,false,0.000,0,164.417,190,GEOS_0.5x0.625/MERRA2/2019/07/MERRA2.20190701.A3mstC.05x0625.nc4
1579.601,hit,false,0.000,0,164.441,191,GEOS_0.5x0.625/MERRA2/2019/07/MERRA2.20190701.A3mstC.05x0625.nc4
1579.635,hit,false,0.000,0,164.475,191,GEOS_0.5x0.625/MERRA2/2019/07/MERRA2.20190701.A3mstC.05x0625.nc4
1579.661,hit,false,0.000,0,164.501,191,GEOS_0.5x0.625/MERRA2/2019/07/MERRA2.20190701.A3mstC.05x0625.nc4
1579.689,hit,false,0.000,0,164.529,191,GEOS_0.5x0.625/MERRA2/2019/07/MERRA2.20190701.A3mstC.05x0625.nc4
1579.719,hit,false,0.000,0,164.559,191,GEOS_0.5x0.625/MERRA2/2019/07/MERRA2.20190701.A3mstC.05x0625.nc4
1579.748,hit,false,0.000,0,164.588,191,GEOS_0.5x0.625/MERRA2/2019/07/MERRA2.20190701.A3mstC.05x0625.nc4
1579.778,hit,false,0.000,0,164.618,191,GEOS_0.5x0.625/MERRA2/2019/07/MERRA2.20190701.A3mstC.05x0625.nc4
1579.810,hit,false,0.000,0,164.650,191,GEOS_0.5x0.625/MERRA2/2019/07/MERRA2.20190701.A3mstC.05x0625.nc4
1579.835,hit,false,0.000,0,164.680,192,GEOS_0.5x0.625/MERRA2/2019/07/MERRA2.20190701.A3mstC.05x0625.nc4
1579.922,hit,false,0.000,0,164.768,192,GEOS_0.5x0.625/MERRA2/2019/07/MERRA2.20190701.A3mstC.05x0625.nc4
1579.993,hit,false,0.000,0,164.838,192,GEOS_0.5x0.625/MERRA2/2019/07/MERRA2.20190701.A3mstC.05x0625.nc4
1580.011,hit,false,0.000,0,164.857,192,GEOS_0.5x0.625/MERRA2/2019/07/MERRA2.20190701.A3mstC.05x0625.nc4
1580.062,hit,false,0.000,0,164.907,192,GEOS_0.5x0.625/MERRA2/2019/07/MERRA2.20190701.A3mstC.05x0625.nc4
1580.081,hit,false,0.000,0,164.927,192,GEOS_0.5x0.625/MERRA2/2019/07/MERRA2.20190701.A3mstC.05x0625.nc4
1580.126,hit,false,0.000,0,164.971,192,GEOS_0.5x0.625/MERRA2/2019/07/MERRA2.20190701.A3mstC.05x0625.nc4
1580.150,hit,false,0.000,0,164.995,192,GEOS_0.5x0.625/MERRA2/2019/07/MERRA2.20190701.A3mstC.05x0625.nc4
1580.189,hit,false,0.000,0,165.031,193,GEOS_0.5x0.625/MERRA2/2019/07/MERRA2.20190701.A3mstC.05x0625.nc4
1580.215,hit,false,0.000,0,165.058,193,GEOS_0.5x0.625/MERRA2/2019/07/MERRA2.20190701.A3mstC.05x0625.nc4
1580.248,hit,false,0.000,0,165.090,193,GEOS_0.5x0.625/MERRA2/2019/07/MERRA2.20190701.A3mstC.05x0625.nc4
1580.277,hit,false,0.000,0,165.119,193,GEOS_0.5x0.625/MERRA2/2019/07/MERRA2.20190701.A3mstC.05x0625.nc4
1580.309,hit,false,0.000,0,165.151,193,GEOS_0.5x0.625/MERRA2/2019/07/MERRA2.20190701.A3mstC.05x0625.nc4
1580.332,hit,false,0.000,0,165.175,193,GEOS_0.5x0.625/MERRA2/2019/07/MERRA2.20190701.A3mstC.05x0625.nc4
1580.369,hit,false,0.000,0,165.212,193,GEOS_0.5x0.625/MERRA2/2019/07/MERRA2.20190701.A3mstC.05x0625.nc4
1580.392,hit,false,0.000,0,165.235,193,GEOS_0.5x0.625/MERRA2/2019/07/MERRA2.20190701.A3mstC.05x0625.nc4
1580.430,hit,false,0.000,0,165.270,194,GEOS_0.5x0.625/MERRA2/2019/07/MERRA2.20190701.A3mstC.05x0625.nc4
1580.456,hit,false,0.000,0,165.296,194,GEOS_0.5x0.625/MERRA2/2019/07/MERRA2.20190701.A3mstC.05x0625.nc4
1580.490,hit,false,0.000,0,165.331,194,GEOS_0.5x0.625/MERRA2/2019/07/MERRA2.20190701.A3mstC.05x0625.nc4
1580.516,hit,false,0.000,0,165.356,194,GEOS_0.5x0.625/MERRA2/2019/07/MERRA2.20190701.A3mstC.05x0625.nc4
1580.546,hit,false,0.000,0,165.387,194,GEOS_0.5x0.625/MERRA2/2019/07/MERRA2.20190701.A3mstC.05x0625.nc4
1580.575,hit,false,0.000,0,165.416,194,GEOS_0.5x0.625/MERRA2/2019/07/MERRA2.20190701.A3mstC.05x0625.nc4
1580.606,hit,false,0.000,0,165.447,194,GEOS_0.5x0.625/MERRA2/2019/07/MERRA2.20190701.A3mstC.05x0625.nc4
1580.633,hit,false,0.000,0,165.474,194,GEOS_0.5x0.625/MERRA2/2019/07/MERRA2.20190701.A3mstC.05x0625.nc4
1580.664,hit,false,0.000,0,165.504,195,GEOS_0.5x0.625/MERRA2/2019/07/MERRA2.20190701.A3mstC.05x0625.nc4
1580.699,hit,false,0.000,0,165.538,195,GEOS_0.5x0.625/MERRA2/2019/07/MERRA2.20190701.A3mstC.05x0625.nc4
1580.726,hit,false,0.000,0,165.566,195,GEOS_0.5x0.625/MERRA2/2019/07/MERRA2.20190701.A3mstC.05x0625.nc4
1580.757,hit,false,0.000,0,165.597,195,GEOS_0.5x0.625/MERRA2/2019/07/MERRA2.20190701.A3mstC.05x0625.nc4
1580.782,hit,false,0.000,0,165.622,195,GEOS_0.5x0.625/MERRA2/2019/07/MERRA2.20190701.A3mstC.05x0625.nc4
1580.814,hit,false,0.000,0,165.653,195,GEOS_0.5x0.625/MERRA2/2019/07/MERRA2.20190701.A3mstC.05x0625.nc4
1580.838,hit,false,0.000,0,165.677,195,GEOS_0.5x0.625/MERRA2/2019/07/MERRA2.20190701.A3mstC.05x0625.nc4
1580.876,hit,false,0.000,0,165.716,195,GEOS_0.5x0.625/MERRA2/2019/07/MERRA2.20190701.A3mstC.05x0625.nc4
1580.899,hit,false,0.000,0,165.736,196,GEOS_0.5x0.625/MERRA2/2019/07/MERRA2.20190701.A3mstC.05x0625.nc4
1580.949,hit,false,0.000,0,165.785,196,GEOS_0.5x0.625/MERRA2/2019/07/MERRA2.20190701.A3mstC.05x0625.nc4
1580.976,hit,false,0.000,0,165.813,196,GEOS_0.5x0.625/MERRA2/2019/07/MERRA2.20190701.A3mstC.05x0625.nc4
1581.009,hit,false,0.000,0,165.845,196,GEOS_0.5x0.625/MERRA2/2019/07/MERRA2.20190701.A3mstC.05x0625.nc4
1581.036,hit,false,0.000,0,165.873,196,GEOS_0.5x0.625/MERRA2/2019/07/MERRA2.20190701.A3mstC.05x0625.nc4
1581.064,hit,false,0.000,0,165.901,196,GEOS_0.5x0.625/MERRA2/2019/07/MERRA2.20190701.A3mstC.05x0625.nc4
1581.096,hit,false,0.000,0,165.933,196,GEOS_0.5x0.625/MERRA2/2019/07/MERRA2.20190701.A3mstC.05x0625.nc4
1581.122,hit,false,0.000,0,165.959,196,GEOS_0.5x0.625/MERRA2/2019/07/MERRA2.20190701.A3mstC.05x0625.nc4
1581.154,hit,false,0.000,0,165.989,197,GEOS_0.5x0.625/MERRA2/2019/07/MERRA2.20190701.A3mstC.05x0625.nc4
1581.185,hit,false,0.000,0,166.021,197,GEOS_0.5x0.625/MERRA2/2019/07/MERRA2.20190701.A3mstC.05x0625.nc4
1581.214,hit,false,0.000,0,166.049,197,GEOS_0.5x0.625/MERRA2/2019/07/MERRA2.20190701.A3mstC.05x0625.nc4
1581.246,hit,false,0.000,0,166.081,197,GEOS_0.5x0.625/MERRA2/2019/07/MERRA2.20190701.A3mstC.05x0625.nc4
1581.276,hit,false,0.000,0,166.111,197,GEOS_0.5x0.625/MERRA2/2019/07/MERRA2.20190701.A3mstC.05x0625.nc4
1581.305,hit,false,0.000,0,166.140,197,GEOS_0.5x0.625/MERRA2/2019/07/MERRA2.20190701.A3mstC.05x0625.nc4
1581.335,hit,false,0.000,0,166.171,197,GEOS_0.5x0.625/MERRA2/2019/07/MERRA2.20190701.A3mstC.05x0625.nc4
1581.364,hit,false,0.000,0,166.200,197,GEOS_0.5x0.625/MERRA2/2019/07/MERRA2.20190701.A3mstC.05x0625.nc4
1581.393,hit,false,0.000,0,166.227,198,GEOS_0.5x0.625/MERRA2/2019/07/MERRA2.20190701.A3mstC.05x0625.nc4
1581.423,hit,false,0.000,0,166.257,198,GEOS_0.5x0.625/MERRA2/2019/07/MERRA2.20190701.A3mstC.05x0625.nc4
1581.456,hit,false,0.000,0,166.290,198,GEOS_0.5x0.625/MERRA2/2019/07/MERRA2.20190701.A3mstC.05x0625.nc4
1581.479,hit,false,0.000,0,166.313,198,GEOS_0.5x0.625/MERRA2/2019/07/MERRA2.20190701.A3mstC.05x0625.nc4
1581.596,hit,false,0.000,0,166.430,198,GEOS_0.5x0.625/MERRA2/2019/07/MERRA2.20190701.A3mstC.05x0625.nc4
1581.619,hit,false,0.000,0,166.453,198,GEOS_0.5x0.625/MERRA2/2019/07/MERRA2.20190701.A3mstC.05x0625.nc4
1581.657,hit,false,0.000,0,166.491,198,GEOS_0.5x0.625/MERRA2/2019/07/MERRA2.20190701.A3mstC.05x0625.nc4
1581.683,hit,false,0.000,0,166.517,198,GEOS_0.5x0.625/MERRA2/2019/07/MERRA2.20190701.A3mstC.05x0625.nc4
1581.715,hit,false,0.000,0,166.548,199,GEOS_0.5x0.625/MERRA2/2019/07/MERRA2.20190701.A3mstC.05x0625.nc4
1581.746,hit,false,0.000,0,166.579,199,GEOS_0.5x0.625/MERRA2/2019/07/MERRA2.20190701.A3mstC.05x0625.nc4
1581.775,hit,false,0.000,0,166.608,199,GEOS_0.5x0.625/MERRA2/2019/07/MERRA2.20190701.A3mstC.05x0625.nc4
1581.803,hit,false,0.000,0,166.636,199,GEOS_0.5x0.625/MERRA2/2019/07/MERRA2.20190701.A3mstC.05x0625.nc4
1581.833,hit,false,0.000,0,166.666,199,GEOS_0.5x0.625/MERRA2/2019/07/MERRA2.20190701.A3mstC.05x0625.nc4
1581.862,hit,false,0.000,0,166.695,199,GEOS_0.5x0.625/MERRA2/2019/07/MERRA2.20190701.A3mstC.05x0625.nc4
1581.893,hit,false,0.000,0,166.726,199,GEOS_0.5x0.625/MERRA2/2019/07/MERRA2.20190701.A3mstC.05x0625.nc4
1581.916,hit,false,0.000,0,166.749,199,GEOS_0.5x0.625/MERRA2/2019/07/MERRA2.20190701.A3mstC.05x0625.nc4
1581.948,hit,false,0.000,0,166.757,200,GEOS_0.5x0.625/MERRA2/2019/07/MERRA2.20190701.A3mstC.05x0625.nc4
1581.977,hit,false,0.000,0,166.786,200,GEOS_0.5x0.625/MERRA2/2019/07/MERRA2.20190701.A3mstC.05x0625.nc4
1582.019,hit,false,0.000,0,166.829,200,GEOS_0.5x0.625/MERRA2/2019/07/MERRA2.20190701.A3mstC.05x0625.nc4
1582.042,hit,false,0.000,0,166.851,200,GEOS_0.5x0.625/MERRA2/2019/07/MERRA2.20190701.A3mstC.05x0625.nc4
1582.077,hit,false,0.000,0,166.886,200,GEOS_0.5x0.625/MERRA2/2019/07/MERRA2.20190701.A3mstC.05x0625.nc4
1582.101,hit,false,0.000,0,166.910,200,GEOS_0.5x0.625/MERRA2/2019/07/MERRA2.20190701.A3mstC.05x0625.nc4
1582.134,hit,false,0.000,0,166.943,200,GEOS_0.5x0.625/MERRA2/2019/07/MERRA2.20190701.A3mstC.05x0625.nc4
1582.164,hit,false,0.000,0,166.973,200,GEOS_0.5x0.625/MERRA2/2019/07/MERRA2.20190701.A3mstC.05x0625.nc4
1582.191,hit,false,0.000,0,166.997,201,GEOS_0.5x0.625/MERRA2/2019/07/MERRA2.20190701.A3mstC.05x0625.nc4
1582.235,hit,false,0.000,0,167.041,201,GEOS_0.5x0.625/MERRA2/2019/07/MERRA2.20190701.A3mstC.05x0625.nc4
1582.257,hit,false,0.000,0,167.064,201,GEOS_0.5x0.625/MERRA2/2019/07/MERRA2.20190701.A3mstC.05x0625.nc4
1582.293,hit,false,0.000,0,167.099,201,GEOS_0.5x0.625/MERRA2/2019/07/MERRA2.20190701.A3mstC.05x0625.nc4
1582.317,hit,false,0.000,0,167.124,201,GEOS_0.5x0.625/MERRA2/2019/07/MERRA2.20190701.A3mstC.05x0625.nc4
1582.349,hit,false,0.000,0,167.156,201,GEOS_0.5x0.625/MERRA2/2019/07/MERRA2.20190701.A3mstC.05x0625.nc4
1582.372,hit,false,0.000,0,167.179,201,GEOS_0.5x0.625/MERRA2/2019/07/MERRA2.20190701.A3mstC.05x0625.nc4
1582.406,hit,false,0.000,0,167.212,201,GEOS_0.5x0.625/MERRA2/2019/07/MERRA2.20190701.A3mstC.05x0625.nc4
1582.432,hit,false,0.000,0,167.237,202,GEOS_0.5x0.625/MERRA2/2019/07/MERRA2.20190701.A3mstC.05x0625.nc4
1582.464,hit,false,0.000,0,167.269,202,GEOS_0.5x0.625/MERRA2/2019/07/MERRA2.20190701.A3mstC.05x0625.nc4
1582.482,hit,false,0.000,0,167.287,202,GEOS_0.5x0.625/MERRA2/2019/07/MERRA2.20190701.A3mstC.05x0625.nc4
1582.534,hit,false,0.000,0,167.339,202,GEOS_0.5x0.625/MERRA2/2019/07/MERRA2.20190701.A3mstC.05x0625.nc4
1582.555,hit,false,0.000,0,167.360,202,GEOS_0.5x0.625/MERRA2/2019/07/MERRA2.20190701.A3mstC.05x0625.nc4
1582.593,hit,false,0.000,0,167.398,202,GEOS_0.5x0.625/MERRA2/2019/07/MERRA2.20190701.A3mstC.05x0625.nc4
1582.619,hit,false,0.000,0,167.424,202,GEOS_0.5x0.625/MERRA2/2019/07/MERRA2.20190701.A3mstC.05x0625.nc4
1582.650,hit,false,0.000,0,167.455,202,GEOS_0.5x0.625/MERRA2/2019/07/MERRA2.20190701.A3mstC.05x0625.nc4
1582.676,hit,false,0.000,0,167.476,203,GEOS_0.5x0.625/MERRA2/2019/07/MERRA2.20190701.A3mstC.05x0625.nc4
1582.707,hit,false,0.000,0,167.507,203,GEOS_0.5x0.625/MERRA2/2019/07/MERRA2.20190701.A3mstC.05x0625.nc4
1582.736,hit,false,0.000,0,167.536,203,GEOS_0.5x0.625/MERRA2/2019/07/MERRA2.20190701.A3mstC.05x0625.nc4
1582.761,hit,false,0.000,0,167.560,203,GEOS_0.5x0.625/MERRA2/2019/07/MERRA2.20190701.A3mstC.05x0625.nc4
1582.792,hit,false,0.000,0,167.592,203,GEOS_0.5x0.625/MERRA2/2019/07/MERRA2.20190701.A3mstC.05x0625.nc4
1582.816,hit,false,0.000,0,167.616,203,GEOS_0.5x0.625/MERRA2/2019/07/MERRA2.20190701.A3mstC.05x0625.nc4
1582.849,hit,false,0.000,0,167.649,203,GEOS_0.5x0.625/MERRA2/2019/07/MERRA2.20190701.A3mstC.05x0625.nc4
1582.873,hit,false,0.000,0,167.673,203,GEOS_0.5x0.625/MERRA2/2019/07/MERRA2.20190701.A3mstC.05x0625.nc4
1582.903,hit,false,0.000,0,167.702,204,GEOS_0.5x0.625/MERRA2/2019/07/MERRA2.20190701.A3mstC.05x0625.nc4
1582.932,hit,false,0.000,0,167.730,204,GEOS_0.5x0.625/MERRA2/2019/07/MERRA2.20190701.A3mstC.05x0625.nc4
1582.964,hit,false,0.000,0,167.762,204,GEOS_0.5x0.625/MERRA2/2019/07/MERRA2.20190701.A3mstC.05x0625.nc4
1582.987,hit,false,0.000,0,167.785,204,GEOS_0.5x0.625/MERRA2/2019/07/MERRA2.20190701.A3mstC.05x0625.nc4
1583.024,hit,false,0.000,0,167.822,204,GEOS_0.5x0.625/MERRA2/2019/07/MERRA2.20190701.A3mstC.05x0625.nc4
1583.049,hit,false,0.000,0,167.847,204,GEOS_0.5x0.625/MERRA2/2019/07/MERRA2.20190701.A3mstC.05x0625.nc4
1583.088,hit,false,0.000,0,167.886,204,GEOS_0.5x0.625/MERRA2/2019/07/MERRA2.20190701.A3mstC.05x0625.nc4
1583.111,hit,false,0.000,0,167.910,204,GEOS_0.5x0.625/MERRA2/2019/07/MERRA2.20190701.A3mstC.05x0625.nc4
1583.143,hit,false,0.000,0,167.940,205,GEOS_0.5x0.625/MERRA2/2019/07/MERRA2.20190701.A3mstC.05x0625.nc4
1583.172,hit,false,0.000,0,167.968,205,GEOS_0.5x0.625/MERRA2/2019/07/MERRA2.20190701.A3mstC.05x0625.nc4
1583.205,hit,false,0.000,0,168.001,205,GEOS_0.5x0.625/MERRA2/2019/07/MERRA2.20190701.A3mstC.05x0625.nc4
1583.229,hit,false,0.000,0,168.025,205,GEOS_0.5x0.625/MERRA2/2019/07/MERRA2.20190701.A3mstC.05x0625.nc4
1583.260,hit,false,0.000,0,168.056,205,GEOS_0.5x0.625/MERRA2/2019/07/MERRA2.20190701.A3mstC.05x0625.nc4
1583.285,hit,false,0.000,0,168.081,205,GEOS_0.5x0.625/MERRA2/2019/07/MERRA2.20190701.A3mstC.05x0625.nc4
1583.315,hit,false,0.000,0,168.111,205,GEOS_0.5x0.625/MERRA2/2019/07/MERRA2.20190701.A3mstC.05x0625.nc4
1583.344,hit,false,0.000,0,168.140,205,GEOS_0.5x0.625/MERRA2/2019/07/MERRA2.20190701.A3mstC.05x0625.nc4
1583.376,hit,false,0.000,0,168.171,206,GEOS_0.5x0.625/MERRA2/2019/07/MERRA2.20190701.A3mstC.05x0625.nc4
1583.403,hit,false,0.000,0,168.197,206,GEOS_0.5x0.625/MERRA2/2019/07/MERRA2.20190701.A3mstC.05x0625.nc4
1583.440,hit,false,0.000,0,168.234,206,GEOS_0.5x0.625/MERRA2/2019/07/MERRA2.20190701.A3mstC.05x0625.nc4
1583.543,hit,false,0.000,0,168.337,206,GEOS_0.5x0.625/MERRA2/2019/07/MERRA2.20190701.A3mstC.05x0625.nc4
1583.567,hit,false,0.000,0,168.361,206,GEOS_0.5x0.625/MERRA2/2019/07/MERRA2.20190701.A3mstC.05x0625.nc4
1583.607,hit,false,0.000,0,168.401,206,GEOS_0.5x0.625/MERRA2/2019/07/MERRA2.20190701.A3mstC.05x0625.nc4
1583.629,hit,false,0.000,0,168.423,206,GEOS_0.5x0.625/MERRA2/2019/07/MERRA2.20190701.A3mstC.05x0625.nc4
1583.668,hit,false,0.000,0,168.462,206,GEOS_0.5x0.625/MERRA2/2019/07/MERRA2.20190701.A3mstC.05x0625.nc4
1583.692,hit,false,0.000,0,168.484,207,GEOS_0.5x0.625/MERRA2/2019/07/MERRA2.20190701.A3mstC.05x0625.nc4
1583.725,hit,false,0.000,0,168.517,207,GEOS_0.5x0.625/MERRA2/2019/07/MERRA2.20190701.A3mstC.05x0625.nc4
1583.750,hit,false,0.000,0,168.542,207,GEOS_0.5x0.625/MERRA2/2019/07/MERRA2.20190701.A3mstC.05x0625.nc4
1583.779,hit,false,0.000,0,168.572,207,GEOS_0.5x0.625/MERRA2/2019/07/MERRA2.20190701.A3mstC.05x0625.nc4
1583.806,hit,false,0.000,0,168.598,207,GEOS_0.5x0.625/MERRA2/2019/07/MERRA2.20190701.A3mstC.05x0625.nc4
1583.829,hit,false,0.000,0,168.621,207,GEOS_0.5x0.625/MERRA2/2019/07/MERRA2.20190701.A3mstC.05x0625.nc4
1583.865,hit,false,0.000,0,168.658,207,GEOS_0.5x0.625/MERRA2/2019/07/MERRA2.20190701.A3mstC.05x0625.nc4
1583.887,hit,false,0.000,0,168.679,207,GEOS_0.5x0.625/MERRA2/2019/07/MERRA2.20190701.A3mstC.05x0625.nc4
1583.924,hit,false,0.000,0,119.206,208,GEOS_0.5x0.625/MERRA2/2019/07/MERRA2.20190701.A3mstC.05x0625.nc4
1583.949,hit,false,0.000,0,119.231,208,GEOS_0.5x0.625/MERRA2/2019/07/MERRA2.20190701.A3mstC.05x0625.nc4
1583.998,hit,false,0.000,0,119.280,208,GEOS_0.5x0.625/MERRA2/2019/07/MERRA2.20190701.A3mstC.05x0625.nc4
1584.020,hit,false,0.000,0,119.302,208,GEOS_0.5x0.625/MERRA2/2019/07/MERRA2.20190701.A3mstC.05x0625.nc4
1584.059,hit,false,0.000,0,119.341,208,GEOS_0.5x0.625/MERRA2/2019/07/MERRA2.20190701.A3mstC.05x0625.nc4
1584.082,hit,false,0.000,0,119.364,208,GEOS_0.5x0.625/MERRA2/2019/07/MERRA2.20190701.A3mstC.05x0625.nc4
1584.113,hit,false,0.000,0,119.395,208,GEOS_0.5x0.625/MERRA2/2019/07/MERRA2.20190701.A3mstC.05x0625.nc4
1584.139,hit,false,0.000,0,119.421,208,GEOS_0.5x0.625/MERRA2/2019/07/MERRA2.20190701.A3mstC.05x0625.nc4
1584.168,hit,false,0.000,0,119.447,209,GEOS_0.5x0.625/MERRA2/2019/07/MERRA2.20190701.A3mstC.05x0625.nc4
1584.199,hit,false,0.000,0,119.478,209,GEOS_0.5x0.625/MERRA2/2019/07/MERRA2.20190701.A3mstC.05x0625.nc4
1584.223,hit,false,0.000,0,119.502,209,GEOS_0.5x0.625/MERRA2/2019/07/MERRA2.20190701.A3mstC.05x0625.nc4
1584.255,hit,false,0.000,0,119.533,209,GEOS_0.5x0.625/MERRA2/2019/07/MERRA2.20190701.A3mstC.05x0625.nc4
1584.279,hit,false,0.000,0,119.558,209,GEOS_0.5x0.625/MERRA2/2019/07/MERRA2.20190701.A3mstC.05x0625.nc4
1584.312,hit,false,0.000,0,119.591,209,GEOS_0.5x0.625/MERRA2/2019/07/MERRA2.20190701.A3mstC.05x0625.nc4
1584.336,hit,false,0.000,0,119.615,209,GEOS_0.5x0.625/MERRA2/2019/07/MERRA2.20190701.A3mstC.05x0625.nc4
1584.371,hit,false,0.000,0,119.650,209,GEOS_0.5x0.625/MERRA2/2019/07/MERRA2.20190701.A3mstC.05x0625.nc4
1584.395,hit,false,0.000,0,119.672,210,GEOS_0.5x0.625/MERRA2/2019/07/MERRA2.20190701.A3mstC.05x0625.nc4
1584.429,hit,false,0.000,0,119.706,210,GEOS_0.5x0.625/MERRA2/2019/07/MERRA2.20190701.A3mstC.05x0625.nc4
1584.455,hit,false,0.000,0,119.732,210,GEOS_0.5x0.625/MERRA2/2019/07/MERRA2.20190701.A3mstC.05x0625.nc4
1584.484,hit,false,0.000,0,119.761,210,GEOS_0.5x0.625/MERRA2/2019/07/MERRA2.20190701.A3mstC.05x0625.nc4
1584.516,hit,false,0.000,0,119.793,210,GEOS_0.5x0.625/MERRA2/2019/07/MERRA2.20190701.A3mstC.05x0625.nc4
1584.541,hit,false,0.000,0,119.818,210,GEOS_0.5x0.625/MERRA2/2019/07/MERRA2.20190701.A3mstC.05x0625.nc4
1584.572,hit,false,0.000,0,119.849,210,GEOS_0.5x0.625/MERRA2/2019/07/MERRA2.20190701.A3mstC.05x0625.nc4
1584.601,hit,false,0.000,0,119.877,210,GEOS_0.5x0.625/MERRA2/2019/07/MERRA2.20190701.A3mstC.05x0625.nc4
1584.628,hit,false,0.000,0,119.903,211,GEOS_0.5x0.625/MERRA2/2019/07/MERRA2.20190701.A3mstC.05x0625.nc4
1584.658,hit,false,0.000,0,119.934,211,GEOS_0.5x0.625/MERRA2/2019/07/MERRA2.20190701.A3mstC.05x0625.nc4
1584.684,hit,false,0.000,0,119.960,211,GEOS_0.5x0.625/MERRA2/2019/07/MERRA2.20190701.A3mstC.05x0625.nc4
1584.707,hit,false,0.000,0,119.983,211,GEOS_0.5x0.625/MERRA2/2019/07/MERRA2.20190701.A3mstC.05x0625.nc4
1584.741,hit,false,0.000,0,120.017,211,GEOS_0.5x0.625/MERRA2/2019/07/MERRA2.20190701.A3mstC.05x0625.nc4
1584.767,hit,false,0.000,0,120.042,211,GEOS_0.5x0.625/MERRA2/2019/07/MERRA2.20190701.A3mstC.05x0625.nc4
1584.796,hit,false,0.000,0,120.071,211,GEOS_0.5x0.625/MERRA2/2019/07/MERRA2.20190701.A3mstC.05x0625.nc4
1584.819,hit,false,0.000,0,120.095,211,GEOS_0.5x0.625/MERRA2/2019/07/MERRA2.20190701.A3mstC.05x0625.nc4
1584.849,hit,false,0.000,0,120.123,212,GEOS_0.5x0.625/MERRA2/2019/07/MERRA2.20190701.A3mstC.05x0625.nc4
1584.876,hit,false,0.000,0,120.149,212,GEOS_0.5x0.625/MERRA2/2019/07/MERRA2.20190701.A3mstC.05x0625.nc4
1584.905,hit,false,0.000,0,120.179,212,GEOS_0.5x0.625/MERRA2/2019/07/MERRA2.20190701.A3mstC.05x0625.nc4
1584.934,hit,false,0.000,0,120.208,212,GEOS_0.5x0.625/MERRA2/2019/07/MERRA2.20190701.A3mstC.05x0625.nc4
1584.965,hit,false,0.000,0,120.239,212,GEOS_0.5x0.625/MERRA2/2019/07/MERRA2.20190701.A3mstC.05x0625.nc4
1584.994,hit,false,0.000,0,120.268,212,GEOS_0.5x0.625/MERRA2/2019/07/MERRA2.20190701.A3mstC.05x0625.nc4
1585.027,hit,false,0.000,0,120.301,212,GEOS_0.5x0.625/MERRA2/2019/07/MERRA2.20190701.A3mstC.05x0625.nc4
1585.051,hit,false,0.000,0,120.325,212,GEOS_0.5x0.625/MERRA2/2019/07/MERRA2.20190701.A3mstC.05x0625.nc4
1585.088,hit,false,0.000,0,120.360,213,GEOS_0.5x0.625/MERRA2/2019/07/MERRA2.20190701.A3mstC.05x0625.nc4
1585.115,hit,false,0.000,0,120.387,213,GEOS_0.5x0.625/MERRA2/2019/07/MERRA2.20190701.A3mstC.05x0625.nc4
1585.146,hit,false,0.000,0,120.418,213,GEOS_0.5x0.625/MERRA2/2019/07/MERRA2.20190701.A3mstC.05x0625.nc4
1585.171,hit,false,0.000,0,120.443,213,GEOS_0.5x0.625/MERRA2/2019/07/MERRA2.20190701.A3mstC.05x0625.nc4
1585.201,hit,false,0.000,0,120.473,213,GEOS_0.5x0.625/MERRA2/2019/07/MERRA2.20190701.A3mstC.05x0625.nc4
1585.226,hit,false,0.000,0,120.498,213,GEOS_0.5x0.625/MERRA2/2019/07/MERRA2.20190701.A3mstC.05x0625.nc4
1585.255,hit,false,0.000,0,120.527,213,GEOS_0.5x0.625/MERRA2/2019/07/MERRA2.20190701.A3mstC.05x0625.nc4
1585.285,hit,false,0.000,0,120.557,213,GEOS_0.5x0.625/MERRA2/2019/07/MERRA2.20190701.A3mstC.05x0625.nc4
1585.308,hit,false,0.000,0,120.579,214,GEOS_0.5x0.625/MERRA2/2019/07/MERRA2.20190701.A3mstC.05x0625.nc4
1585.347,hit,false,0.000,0,120.618,214,GEOS_0.5x0.625/MERRA2/2019/07/MERRA2.20190701.A3mstC.05x0625.nc4
1585.451,hit,false,0.000,0,120.722,214,GEOS_0.5x0.625/MERRA2/2019/07/MERRA2.20190701.A3mstC.05x0625.nc4
1585.477,hit,false,0.000,0,120.748,214,GEOS_0.5x0.625/MERRA2/2019/07/MERRA2.20190701.A3mstC.05x0625.nc4
1585.506,hit,false,0.000,0,120.777,214,GEOS_0.5x0.625/MERRA2/2019/07/MERRA2.20190701.A3mstC.05x0625.nc4
1585.529,hit,false,0.000,0,120.800,214,GEOS_0.5x0.625/MERRA2/2019/07/MERRA2.20190701.A3mstC.05x0625.nc4
1585.564,hit,false,0.000,0,120.835,214,GEOS_0.5x0.625/MERRA2/2019/07/MERRA2.20190701.A3mstC.05x0625.nc4
1585.587,hit,false,0.000,0,120.858,214,GEOS_0.5x0.625/MERRA2/2019/07/MERRA2.20190701.A3mstC.05x0625.nc4
1585.617,hit,false,0.000,0,120.885,215,GEOS_0.5x0.625/MERRA2/2019/07/MERRA2.20190701.A3mstC.05x0625.nc4
1585.646,hit,false,0.000,0,120.913,215,GEOS_0.5x0.625/MERRA2/2019/07/MERRA2.20190701.A3mstC.05x0625.nc4
1585.675,hit,false,0.000,0,120.943,215,GEOS_0.5x0.625/MERRA2/2019/07/MERRA2.20190701.A3mstC.05x0625.nc4
1585.698,hit,false,0.000,0,120.966,215,GEOS_0.5x0.625/MERRA2/2019/07/MERRA2.20190701.A3mstC.05x0625.nc4
1585.733,hit,false,0.000,0,121.001,215,GEOS_0.5x0.625/MERRA2/2019/07/MERRA2.20190701.A3mstC.05x0625.nc4
1585.757,hit,false,0.000,0,121.025,215,GEOS_0.5x0.625/MERRA2/2019/07/MERRA2.20190701.A3mstC.05x0625.nc4
1585.792,hit,false,0.000,0,121.060,215,GEOS_0.5x0.625/MERRA2/2019/07/MERRA2.20190701.A3mstC.05x0625.nc4
1585.814,hit,false,0.000,0,121.082,215,GEOS_0.5x0.625/MERRA2/2019/07/MERRA2.20190701.A3mstC.05x0625.nc4
1585.847,hit,false,0.000,0,121.173,216,GEOS_0.5x0.625/MERRA2/2019/07/MERRA2.20190701.A3mstC.05x0625.nc4
1585.876,hit,false,0.000,0,121.201,216,GEOS_0.5x0.625/MERRA2/2019/07/MERRA2.20190701.A3mstC.05x0625.nc4
1585.919,hit,false,0.000,0,121.244,216,GEOS_0.5x0.625/MERRA2/2019/07/MERRA2.20190701.A3mstC.05x0625.nc4
1585.941,hit,false,0.000,0,121.267,216,GEOS_0.5x0.625/MERRA2/2019/07/MERRA2.20190701.A3mstC.05x0625.nc4
1585.983,hit,false,0.000,0,121.308,216,GEOS_0.5x0.625/MERRA2/2019/07/MERRA2.20190701.A3mstC.05x0625.nc4
1586.007,hit,false,0.000,0,121.332,216,GEOS_0.5x0.625/MERRA2/2019/07/MERRA2.20190701.A3mstC.05x0625.nc4
1586.042,hit,false,0.000,0,121.367,216,GEOS_0.5x0.625/MERRA2/2019/07/MERRA2.20190701.A3mstC.05x0625.nc4
1586.067,hit,false,0.000,0,121.393,216,GEOS_0.5x0.625/MERRA2/2019/07/MERRA2.20190701.A3mstC.05x0625.nc4
1586.098,hit,false,0.000,0,121.420,217,GEOS_0.5x0.625/MERRA2/2019/07/MERRA2.20190701.A3mstC.05x0625.nc4
1586.129,hit,false,0.000,0,121.451,217,GEOS_0.5x0.625/MERRA2/2019/07/MERRA2.20190701.A3mstC.05x0625.nc4
1586.162,hit,false,0.000,0,121.484,217,GEOS_0.5x0.625/MERRA2/2019/07/MERRA2.20190701.A3mstC.05x0625.nc4
1586.186,hit,false,0.000,0,121.508,217,GEOS_0.5x0.625/MERRA2/2019/07/MERRA2.20190701.A3mstC.05x0625.nc4
1586.221,hit,false,0.000,0,121.542,217,GEOS_0.5x0.625/MERRA2/2019/07/MERRA2.20190701.A3mstC.05x0625.nc4
1586.247,hit,false,0.000,0,121.569,217,GEOS_0.5x0.625/MERRA2/2019/07/MERRA2.20190701.A3mstC.05x0625.nc4
1586.280,hit,false,0.000,0,121.602,217,GEOS_0.5x0.625/MERRA2/2019/07/MERRA2.20190701.A3mstC.05x0625.nc4
1586.305,hit,false,0.000,0,121.627,217,GEOS_0.5x0.625/MERRA2/2019/07/MERRA2.20190701.A3mstC.05x0625.nc4
1586.338,hit,false,0.000,0,121.656,218,GEOS_0.5x0.625/MERRA2/2019/07/MERRA2.20190701.A3mstC.05x0625.nc4
1586.364,hit,false,0.000,0,121.682,218,GEOS_0.5x0.625/MERRA2/2019/07/MERRA2.20190701.A3mstC.05x0625.nc4
1586.404,hit,false,0.000,0,121.722,218,GEOS_0.5x0.625/MERRA2/2019/07/MERRA2.20190701.A3mstC.05x0625.nc4
1586.427,hit,false,0.000,0,121.746,218,GEOS_0.5x0.625/MERRA2/2019/07/MERRA2.20190701.A3mstC.05x0625.nc4
1586.462,hit,false,0.000,0,121.780,218,GEOS_0.5x0.625/MERRA2/2019/07/MERRA2.20190701.A3mstC.05x0625.nc4
1586.488,hit,false,0.000,0,121.806,218,GEOS_0.5x0.625/MERRA2/2019/07/MERRA2.20190701.A3mstC.05x0625.nc4
1586.519,hit,false,0.000,0,121.838,218,GEOS_0.5x0.625/MERRA2/2019/07/MERRA2.20190701.A3mstC.05x0625.nc4
1586.543,hit,false,0.000,0,121.861,218,GEOS_0.5x0.625/MERRA2/2019/07/MERRA2.20190701.A3mstC.05x0625.nc4
1586.577,hit,false,0.000,0,121.893,219,GEOS_0.5x0.625/MERRA2/2019/07/MERRA2.20190701.A3mstC.05x0625.nc4
1586.605,hit,false,0.000,0,121.921,219,GEOS_0.5x0.625/MERRA2/2019/07/MERRA2.20190701.A3mstC.05x0625.nc4
1586.636,hit,false,0.000,0,121.952,219,GEOS_0.5x0.625/MERRA2/2019/07/MERRA2.20190701.A3mstC.05x0625.nc4
1586.664,hit,false,0.000,0,121.980,219,GEOS_0.5x0.625/MERRA2/2019/07/MERRA2.20190701.A3mstC.05x0625.nc4
1586.693,hit,false,0.000,0,122.009,219,GEOS_0.5x0.625/MERRA2/2019/07/MERRA2.20190701.A3mstC.05x0625.nc4
1586.718,hit,false,0.000,0,122.033,219,GEOS_0.5x0.625/MERRA2/2019/07/MERRA2.20190701.A3mstC.05x0625.nc4
1586.748,hit,false,0.000,0,122.064,219,GEOS_0.5x0.625/MERRA2/2019/07/MERRA2.20190701.A3mstC.05x0625.nc4
1586.774,hit,false,0.000,0,122.089,219,GEOS_0.5x0.625/MERRA2/2019/07/MERRA2.20190701.A3mstC.05x0625.nc4
1586.803,hit,false,0.000,0,122.117,220,GEOS_0.5x0.625/MERRA2/2019/07/MERRA2.20190701.A3mstC.05x0625.nc4
1586.829,hit,false,0.000,0,122.143,220,GEOS_0.5x0.625/MERRA2/2019/07/MERRA2.20190701.A3mstC.05x0625.nc4
1586.867,hit,false,0.000,0,122.181,220,GEOS_0.5x0.625/MERRA2/2019/07/MERRA2.20190701.A3mstC.05x0625.nc4
1586.890,hit,false,0.000,0,122.204,220,GEOS_0.5x0.625/MERRA2/2019/07/MERRA2.20190701.A3mstC.05x0625.nc4
1586.922,hit,false,0.000,0,122.236,220,GEOS_0.5x0.625/MERRA2/2019/07/MERRA2.20190701.A3mstC.05x0625.nc4
1586.947,hit,false,0.000,0,122.262,220,GEOS_0.5x0.625/MERRA2/2019/07/MERRA2.20190701.A3mstC.05x0625.nc4
1586.978,hit,false,0.000,0,122.292,220,GEOS_0.5x0.625/MERRA2/2019/07/MERRA2.20190701.A3mstC.05x0625.nc4
1587.006,hit,false,0.000,0,122.320,220,GEOS_0.5x0.625/MERRA2/2019/07/MERRA2.20190701.A3mstC.05x0625.nc4
1587.035,hit,false,0.000,0,122.348,221,GEOS_0.5x0.625/MERRA2/2019/07/MERRA2.20190701.A3mstC.05x0625.nc4
1587.066,hit,false,0.000,0,122.378,221,GEOS_0.5x0.625/MERRA2/2019/07/MERRA2.20190701.A3mstC.05x0625.nc4
1587.096,hit,false,0.000,0,122.408,221,GEOS_0.5x0.625/MERRA2/2019/07/MERRA2.20190701.A3mstC.05x0625.nc4
1587.128,hit,false,0.000,0,122.440,221,GEOS_0.5x0.625/MERRA2/2019/07/MERRA2.20190701.A3mstC.05x0625.nc4
1587.151,hit,false,0.000,0,122.463,221,GEOS_0.5x0.625/MERRA2/2019/07/MERRA2.20190701.A3mstC.05x0625.nc4
1587.188,hit,false,0.000,0,122.500,221,GEOS_0.5x0.625/MERRA2/2019/07/MERRA2.20190701.A3mstC.05x0625.nc4
1587.212,hit,false,0.000,0,122.524,221,GEOS_0.5x0.625/MERRA2/2019/07/MERRA2.20190701.A3mstC.05x0625.nc4
1587.246,hit,false,0.000,0,122.558,221,GEOS_0.5x0.625/MERRA2/2019/07/MERRA2.20190701.A3mstC.05x0625.nc4
1587.270,hit,false,0.000,0,122.580,222,GEOS_0.5x0.625/MERRA2/2019/07/MERRA2.20190701.A3mstC.05x0625.nc4
1587.388,hit,false,0.000,0,122.699,222,GEOS_0.5x0.625/MERRA2/2019/07/MERRA2.20190701.A3mstC.05x0625.nc4
1587.412,hit,false,0.000,0,122.722,222,GEOS_0.5x0.625/MERRA2/2019/07/MERRA2.20190701.A3mstC.05x0625.nc4
1587.447,hit,false,0.000,0,122.758,222,GEOS_0.5x0.625/MERRA2/2019/07/MERRA2.20190701.A3mstC.05x0625.nc4
1587.470,hit,false,0.000,0,122.781,222,GEOS_0.5x0.625/MERRA2/2019/07/MERRA2.20190701.A3mstC.05x0625.nc4
1587.501,hit,false,0.000,0,122.812,222,GEOS_0.5x0.625/MERRA2/2019/07/MERRA2.20190701.A3mstC.05x0625.nc4
1587.527,hit,false,0.000,0,122.838,222,GEOS_0.5x0.625/MERRA2/2019/07/MERRA2.20190701.A3mstC.05x0625.nc4
1587.555,hit,false,0.000,0,122.866,222,GEOS_0.5x0.625/MERRA2/2019/07/MERRA2.20190701.A3mstC.05x0625.nc4
1587.583,hit,false,0.000,0,122.892,223,GEOS_0.5x0.625/MERRA2/2019/07/MERRA2.20190701.A3mstC.05x0625.nc4
1587.615,hit,false,0.000,0,122.924,223,GEOS_0.5x0.625/MERRA2/2019/07/MERRA2.20190701.A3mstC.05x0625.nc4
1587.642,hit,false,0.000,0,122.951,223,GEOS_0.5x0.625/MERRA2/2019/07/MERRA2.20190701.A3mstC.05x0625.nc4
1587.675,hit,false,0.000,0,122.984,223,GEOS_0.5x0.625/MERRA2/2019/07/MERRA2.20190701.A3mstC.05x0625.nc4
1587.699,hit,false,0.000,0,123.008,223,GEOS_0.5x0.625/MERRA2/2019/07/MERRA2.20190701.A3mstC.05x0625.nc4
1587.730,hit,false,0.000,0,123.039,223,GEOS_0.5x0.625/MERRA2/2019/07/MERRA2.20190701.A3mstC.05x0625.nc4
1587.756,hit,false,0.000,0,123.065,223,GEOS_0.5x0.625/MERRA2/2019/07/MERRA2.20190701.A3mstC.05x0625.nc4
1587.785,hit,false,0.000,0,123.094,223,GEOS_0.5x0.625/MERRA2/2019/07/MERRA2.20190701.A3mstC.05x0625.nc4
1587.813,hit,false,0.000,0,123.116,224,GEOS_0.5x0.625/MERRA2/2019/07/MERRA2.20190701.A3mstC.05x0625.nc4
1587.841,hit,false,0.000,0,123.143,224,GEOS_0.5x0.625/MERRA2/2019/07/MERRA2.20190701.A3mstC.05x0625.nc4
1587.885,hit,false,0.000,0,123.188,224,GEOS_0.5x0.625/MERRA2/2019/07/MERRA2.20190701.A3mstC.05x0625.nc4
1587.907,hit,false,0.000,0,123.209,224,GEOS_0.5x0.625/MERRA2/2019/07/MERRA2.20190701.A3mstC.05x0625.nc4
1587.944,hit,false,0.000,0,123.246,224,GEOS_0.5x0.625/MERRA2/2019/07/MERRA2.20190701.A3mstC.05x0625.nc4
1587.968,hit,false,0.000,0,123.270,224,GEOS_0.5x0.625/MERRA2/2019/07/MERRA2.20190701.A3mstC.05x0625.nc4
1588.004,hit,false,0.000,0,123.307,224,GEOS_0.5x0.625/MERRA2/2019/07/MERRA2.20190701.A3mstC.05x0625.nc4
1588.029,hit,false,0.000,0,123.331,224,GEOS_0.5x0.625/MERRA2/2019/07/MERRA2.20190701.A3mstC.05x0625.nc4
1588.061,hit,false,0.000,0,123.361,225,GEOS_0.5x0.625/MERRA2/2019/07/MERRA2.20190701.A3mstC.05x0625.nc4
1588.088,hit,false,0.000,0,123.388,225,GEOS_0.5x0.625/MERRA2/2019/07/MERRA2.20190701.A3mstC.05x0625.nc4
1588.121,hit,false,0.000,0,123.421,225,GEOS_0.5x0.625/MERRA2/2019/07/MERRA2.20190701.A3mstC.05x0625.nc4
1588.144,hit,false,0.000,0,123.444,225,GEOS_0.5x0.625/MERRA2/2019/07/MERRA2.20190701.A3mstC.05x0625.nc4
1588.176,hit,false,0.000,0,123.477,225,GEOS_0.5x0.625/MERRA2/2019/07/MERRA2.20190701.A3mstC.05x0625.nc4
1588.202,hit,false,0.000,0,123.502,225,GEOS_0.5x0.625/MERRA2/2019/07/MERRA2.20190701.A3mstC.05x0625.nc4
1588.235,hit,false,0.000,0,123.535,225,GEOS_0.5x0.625/MERRA2/2019/07/MERRA2.20190701.A3mstC.05x0625.nc4
1588.264,hit,false,0.000,0,123.564,225,GEOS_0.5x0.625/MERRA2/2019/07/MERRA2.20190701.A3mstC.05x0625.nc4
1588.297,hit,false,0.000,0,123.594,226,GEOS_0.5x0.625/MERRA2/2019/07/MERRA2.20190701.A3mstC.05x0625.nc4
1588.322,hit,false,0.000,0,123.619,226,GEOS_0.5x0.625/MERRA2/2019/07/MERRA2.20190701.A3mstC.05x0625.nc4
1588.356,hit,false,0.000,0,123.653,226,GEOS_0.5x0.625/MERRA2/2019/07/MERRA2.20190701.A3mstC.05x0625.nc4
1588.381,hit,false,0.000,0,123.678,226,GEOS_0.5x0.625/MERRA2/2019/07/MERRA2.20190701.A3mstC.05x0625.nc4
1588.411,hit,false,0.000,0,123.708,226,GEOS_0.5x0.625/MERRA2/2019/07/MERRA2.20190701.A3mstC.05x0625.nc4
1588.441,hit,false,0.000,0,123.738,226,GEOS_0.5x0.625/MERRA2/2019/07/MERRA2.20190701.A3mstC.05x0625.nc4
1588.464,hit,false,0.000,0,123.761,226,GEOS_0.5x0.625/MERRA2/2019/07/MERRA2.20190701.A3mstC.05x0625.nc4
1588.495,hit,false,0.000,0,123.792,226,GEOS_0.5x0.625/MERRA2/2019/07/MERRA2.20190701.A3mstC.05x0625.nc4
1588.521,hit,false,0.000,0,123.816,227,GEOS_0.5x0.625/MERRA2/2019/07/MERRA2.20190701.A3mstC.05x0625.nc4
1588.553,hit,false,0.000,0,123.849,227,GEOS_0.5x0.625/MERRA2/2019/07/MERRA2.20190701.A3mstC.05x0625.nc4
1588.577,hit,false,0.000,0,123.872,227,GEOS_0.5x0.625/MERRA2/2019/07/MERRA2.20190701.A3mstC.05x0625.nc4
1588.611,hit,false,0.000,0,123.906,227,GEOS_0.5x0.625/MERRA2/2019/07/MERRA2.20190701.A3mstC.05x0625.nc4
1588.635,hit,false,0.000,0,123.931,227,GEOS_0.5x0.625/MERRA2/2019/07/MERRA2.20190701.A3mstC.05x0625.nc4
1588.667,hit,false,0.000,0,123.963,227,GEOS_0.5x0.625/MERRA2/2019/07/MERRA2.20190701.A3mstC.05x0625.nc4
1588.690,hit,false,0.000,0,123.986,227,GEOS_0.5x0.625/MERRA2/2019/07/MERRA2.20190701.A3mstC.05x0625.nc4
1588.722,hit,false,0.000,0,124.017,227,GEOS_0.5x0.625/MERRA2/2019/07/MERRA2.20190701.A3mstC.05x0625.nc4
1588.749,hit,false,0.000,0,124.042,228,GEOS_0.5x0.625/MERRA2/2019/07/MERRA2.20190701.A3mstC.05x0625.nc4
1588.780,hit,false,0.000,0,124.074,228,GEOS_0.5x0.625/MERRA2/2019/07/MERRA2.20190701.A3mstC.05x0625.nc4
1588.809,hit,false,0.000,0,124.103,228,GEOS_0.5x0.625/MERRA2/2019/07/MERRA2.20190701.A3mstC.05x0625.nc4
1588.839,hit,false,0.000,0,124.133,228,GEOS_0.5x0.625/MERRA2/2019/07/MERRA2.20190701.A3mstC.05x0625.nc4
1588.864,hit,false,0.000,0,124.158,228,GEOS_0.5x0.625/MERRA2/2019/07/MERRA2.20190701.A3mstC.05x0625.nc4
1588.895,hit,false,0.000,0,124.188,228,GEOS_0.5x0.625/MERRA2/2019/07/MERRA2.20190701.A3mstC.05x0625.nc4
1588.922,hit,false,0.000,0,124.216,228,GEOS_0.5x0.625/MERRA2/2019/07/MERRA2.20190701.A3mstC.05x0625.nc4
1588.946,hit,false,0.000,0,124.240,228,GEOS_0.5x0.625/MERRA2/2019/07/MERRA2.20190701.A3mstC.05x0625.nc4
1588.982,hit,false,0.000,0,124.272,229,GEOS_0.5x0.625/MERRA2/2019/07/MERRA2.20190701.A3mstC.05x0625.nc4
1589.007,hit,false,0.000,0,124.297,229,GEOS_0.5x0.625/MERRA2/2019/07/MERRA2.20190701.A3mstC.05x0625.nc4
1589.037,hit,false,0.000,0,124.328,229,GEOS_0.5x0.625/MERRA2/2019/07/MERRA2.20190701.A3mstC.05x0625.nc4
1589.063,hit,false,0.000,0,124.354,229,GEOS_0.5x0.625/MERRA2/2019/07/MERRA2.20190701.A3mstC.05x0625.nc4
1589.091,hit,false,0.000,0,124.382,229,GEOS_0.5x0.625/MERRA2/2019/07/MERRA2.20190701.A3mstC.05x0625.nc4
1589.121,hit,false,0.000,0,124.411,229,GEOS_0.5x0.625/MERRA2/2019/07/MERRA2.20190701.A3mstC.05x0625.nc4
1589.144,hit,false,0.000,0,124.435,229,GEOS_0.5x0.625/MERRA2/2019/07/MERRA2.20190701.A3mstC.05x0625.nc4
1589.182,hit,false,0.000,0,124.473,229,GEOS_0.5x0.625/MERRA2/2019/07/MERRA2.20190701.A3mstC.05x0625.nc4
1589.287,hit,false,0.000,0,124.577,230,GEOS_0.5x0.625/MERRA2/2019/07/MERRA2.20190701.A3mstC.05x0625.nc4
1589.313,hit,false,0.000,0,124.602,230,GEOS_0.5x0.625/MERRA2/2019/07/MERRA2.20190701.A3mstC.05x0625.nc4
1589.345,hit,false,0.000,0,124.634,230,GEOS_0.5x0.625/MERRA2/2019/07/MERRA2.20190701.A3mstC.05x0625.nc4
1589.370,hit,false,0.000,0,124.659,230,GEOS_0.5x0.625/MERRA2/2019/07/MERRA2.20190701.A3mstC.05x0625.nc4
1589.401,hit,false,0.000,0,124.690,230,GEOS_0.5x0.625/MERRA2/2019/07/MERRA2.20190701.A3mstC.05x0625.nc4
1589.425,hit,false,0.000,0,124.714,230,GEOS_0.5x0.625/MERRA2/2019/07/MERRA2.20190701.A3mstC.05x0625.nc4
1589.459,hit,false,0.000,0,124.748,230,GEOS_0.5x0.625/MERRA2/2019/07/MERRA2.20190701.A3mstC.05x0625.nc4
1589.482,hit,false,0.000,0,124.772,230,GEOS_0.5x0.625/MERRA2/2019/07/MERRA2.20190701.A3mstC.05x0625.nc4
1589.514,hit,false,0.000,0,124.802,231,GEOS_0.5x0.625/MERRA2/2019/07/MERRA2.20190701.A3mstC.05x0625.nc4
1589.542,hit,false,0.000,0,124.830,231,GEOS_0.5x0.625/MERRA2/2019/07/MERRA2.20190701.A3mstC.05x0625.nc4
1589.573,hit,false,0.000,0,124.860,231,GEOS_0.5x0.625/MERRA2/2019/07/MERRA2.20190701.A3mstC.05x0625.nc4
1589.597,hit,false,0.000,0,124.884,231,GEOS_0.5x0.625/MERRA2/2019/07/MERRA2.20190701.A3mstC.05x0625.nc4
1589.628,hit,false,0.000,0,124.915,231,GEOS_0.5x0.625/MERRA2/2019/07/MERRA2.20190701.A3mstC.05x0625.nc4
1589.653,hit,false,0.000,0,124.941,231,GEOS_0.5x0.625/MERRA2/2019/07/MERRA2.20190701.A3mstC.05x0625.nc4
1589.683,hit,false,0.000,0,124.970,231,GEOS_0.5x0.625/MERRA2/2019/07/MERRA2.20190701.A3mstC.05x0625.nc4
1589.711,hit,false,0.000,0,124.999,231,GEOS_0.5x0.625/MERRA2/2019/07/MERRA2.20190701.A3mstC.05x0625.nc4
1589.740,hit,false,0.000,0,125.033,232,GEOS_0.5x0.625/MERRA2/2019/07/MERRA2.20190701.A3mstC.05x0625.nc4
1589.771,hit,false,0.000,0,125.065,232,GEOS_0.5x0.625/MERRA2/2019/07/MERRA2.20190701.A3mstC.05x0625.nc4
1589.813,hit,false,0.000,0,125.106,232,GEOS_0.5x0.625/MERRA2/2019/07/MERRA2.20190701.A3mstC.05x0625.nc4
1589.834,hit,false,0.000,0,125.128,232,GEOS_0.5x0.625/MERRA2/2019/07/MERRA2.20190701.A3mstC.05x0625.nc4
1589.874,hit,false,0.000,0,125.168,232,GEOS_0.5x0.625/MERRA2/2019/07/MERRA2.20190701.A3mstC.05x0625.nc4
1589.898,hit,false,0.000,0,125.191,232,GEOS_0.5x0.625/MERRA2/2019/07/MERRA2.20190701.A3mstC.05x0625.nc4
1589.934,hit,false,0.000,0,125.227,232,GEOS_0.5x0.625/MERRA2/2019/07/MERRA2.20190701.A3mstC.05x0625.nc4
1589.957,hit,false,0.000,0,125.250,232,GEOS_0.5x0.625/MERRA2/2019/07/MERRA2.20190701.A3mstC.05x0625.nc4
1589.991,hit,false,0.000,0,125.282,233,GEOS_0.5x0.625/MERRA2/2019/07/MERRA2.20190701.A3mstC.05x0625.nc4
1590.017,hit,false,0.000,0,125.308,233,GEOS_0.5x0.625/MERRA2/2019/07/MERRA2.20190701.A3mstC.05x0625.nc4
1590.052,hit,false,0.000,0,125.343,233,GEOS_0.5x0.625/MERRA2/2019/07/MERRA2.20190701.A3mstC.05x0625.nc4
1590.076,hit,false,0.000,0,125.367,233,GEOS_0.5x0.625/MERRA2/2019/07/MERRA2.20190701.A3mstC.05x0625.nc4
1590.109,hit,false,0.000,0,125.399,233,GEOS_0.5x0.625/MERRA2/2019/07/MERRA2.20190701.A3mstC.05x0625.nc4
1590.133,hit,false,0.000,0,125.424,233,GEOS_0.5x0.625/MERRA2/2019/07/MERRA2.20190701.A3mstC.05x0625.nc4
1590.166,hit,false,0.000,0,125.457,233,GEOS_0.5x0.625/MERRA2/2019/07/MERRA2.20190701.A3mstC.05x0625.nc4
1590.192,hit,false,0.000,0,125.483,233,GEOS_0.5x0.625/MERRA2/2019/07/MERRA2.20190701.A3mstC.05x0625.nc4
1590.223,hit,false,0.000,0,125.511,234,GEOS_0.5x0.625/MERRA2/2019/07/MERRA2.20190701.A3mstC.05x0625.nc4
1590.250,hit,false,0.000,0,125.539,234,GEOS_0.5x0.625/MERRA2/2019/07/MERRA2.20190701.A3mstC.05x0625.nc4
1590.286,hit,false,0.000,0,125.575,234,GEOS_0.5x0.625/MERRA2/2019/07/MERRA2.20190701.A3mstC.05x0625.nc4
1590.309,hit,false,0.000,0,125.598,234,GEOS_0.5x0.625/MERRA2/2019/07/MERRA2.20190701.A3mstC.05x0625.nc4
1590.343,hit,false,0.000,0,125.632,234,GEOS_0.5x0.625/MERRA2/2019/07/MERRA2.20190701.A3mstC.05x0625.nc4
1590.366,hit,false,0.000,0,125.655,234,GEOS_0.5x0.625/MERRA2/2019/07/MERRA2.20190701.A3mstC.05x0625.nc4
1590.399,hit,false,0.000,0,125.688,234,GEOS_0.5x0.625/MERRA2/2019/07/MERRA2.20190701.A3mstC.05x0625.nc4
1590.425,hit,false,0.000,0,125.713,234,GEOS_0.5x0.625/MERRA2/2019/07/MERRA2.20190701.A3mstC.05x0625.nc4
1590.456,hit,false,0.000,0,125.743,235,GEOS_0.5x0.625/MERRA2/2019/07/MERRA2.20190701.A3mstC.05x0625.nc4
1590.482,hit,false,0.000,0,125.769,235,GEOS_0.5x0.625/MERRA2/2019/07/MERRA2.20190701.A3mstC.05x0625.nc4
1590.513,hit,false,0.000,0,125.800,235,GEOS_0.5x0.625/MERRA2/2019/07/MERRA2.20190701.A3mstC.05x0625.nc4
1590.542,hit,false,0.000,0,125.829,235,GEOS_0.5x0.625/MERRA2/2019/07/MERRA2.20190701.A3mstC.05x0625.nc4
1590.572,hit,false,0.000,0,125.858,235,GEOS_0.5x0.625/MERRA2/2019/07/MERRA2.20190701.A3mstC.05x0625.nc4
1590.603,hit,false,0.000,0,125.890,235,GEOS_0.5x0.625/MERRA2/2019/07/MERRA2.20190701.A3mstC.05x0625.nc4
1590.627,hit,false,0.000,0,125.913,235,GEOS_0.5x0.625/MERRA2/2019/07/MERRA2.20190701.A3mstC.05x0625.nc4
1590.657,hit,false,0.000,0,125.944,235,GEOS_0.5x0.625/MERRA2/2019/07/MERRA2.20190701.A3mstC.05x0625.nc4
1590.682,hit,false,0.000,0,125.967,236,GEOS_0.5x0.625/MERRA2/2019/07/MERRA2.20190701.A3mstC.05x0625.nc4
1590.716,hit,false,0.000,0,126.001,236,GEOS_0.5x0.625/MERRA2/2019/07/MERRA2.20190701.A3mstC.05x0625.nc4
1590.739,hit,false,0.000,0,126.024,236,GEOS_0.5x0.625/MERRA2/2019/07/MERRA2.20190701.A3mstC.05x0625.nc4
1590.773,hit,false,0.000,0,126.058,236,GEOS_0.5x0.625/MERRA2/2019/07/MERRA2.20190701.A3mstC.05x0625.nc4
1590.800,hit,false,0.000,0,126.085,236,GEOS_0.5x0.625/MERRA2/2019/07/MERRA2.20190701.A3mstC.05x0625.nc4
1590.830,hit,false,0.000,0,126.115,236,GEOS_0.5x0.625/MERRA2/2019/07/MERRA2.20190701.A3mstC.05x0625.nc4
1590.861,hit,false,0.000,0,126.146,236,GEOS_0.5x0.625/MERRA2/2019/07/MERRA2.20190701.A3mstC.05x0625.nc4
1590.885,hit,false,0.000,0,126.170,236,GEOS_0.5x0.625/MERRA2/2019/07/MERRA2.20190701.A3mstC.05x0625.nc4
1590.922,hit,false,0.000,0,126.204,237,GEOS_0.5x0.625/MERRA2/2019/07/MERRA2.20190701.A3mstC.05x0625.nc4
1590.960,hit,false,0.000,0,126.242,237,GEOS_0.5x0.625/MERRA2/2019/07/MERRA2.20190701.A3mstC.05x0625.nc4
1590.992,hit,false,0.000,0,126.274,237,GEOS_0.5x0.625/MERRA2/2019/07/MERRA2.20190701.A3mstC.05x0625.nc4
1591.018,hit,false,0.000,0,126.300,237,GEOS_0.5x0.625/MERRA2/2019/07/MERRA2.20190701.A3mstC.05x0625.nc4
1591.053,hit,false,0.000,0,126.336,237,GEOS_0.5x0.625/MERRA2/2019/07/MERRA2.20190701.A3mstC.05x0625.nc4
1591.085,hit,false,0.000,0,126.368,237,GEOS_0.5x0.625/MERRA2/2019/07/MERRA2.20190701.A3mstC.05x0625.nc4
1591.119,hit,false,0.000,0,126.401,237,GEOS_0.5x0.625/MERRA2/2019/07/MERRA2.20190701.A3mstC.05x0625.nc4
1591.229,hit,false,0.000,0,126.511,237,GEOS_0.5x0.625/MERRA2/2019/07/MERRA2.20190701.A3mstC.05x0625.nc4
1591.251,hit,false,0.000,0,126.532,238,GEOS_0.5x0.625/MERRA2/2019/07/MERRA2.20190701.A3mstC.05x0625.nc4
1591.285,hit,false,0.000,0,126.566,238,GEOS_0.5x0.625/MERRA2/2019/07/MERRA2.20190701.A3mstC.05x0625.nc4
1591.312,hit,false,0.000,0,126.593,238,GEOS_0.5x0.625/MERRA2/2019/07/MERRA2.20190701.A3mstC.05x0625.nc4
1591.342,hit,false,0.000,0,126.623,238,GEOS_0.5x0.625/MERRA2/2019/07/MERRA2.20190701.A3mstC.05x0625.nc4
1591.366,hit,false,0.000,0,126.646,238,GEOS_0.5x0.625/MERRA2/2019/07/MERRA2.20190701.A3mstC.05x0625.nc4
1591.405,hit,false,0.000,0,126.686,238,GEOS_0.5x0.625/MERRA2/2019/07/MERRA2.20190701.A3mstC.05x0625.nc4
1591.428,hit,false,0.000,0,126.709,238,GEOS_0.5x0.625/MERRA2/2019/07/MERRA2.20190701.A3mstC.05x0625.nc4
1591.462,hit,false,0.000,0,126.743,238,GEOS_0.5x0.625/MERRA2/2019/07/MERRA2.20190701.A3mstC.05x0625.nc4
1591.488,hit,false,0.000,0,126.767,239,GEOS_0.5x0.625/MERRA2/2019/07/MERRA2.20190701.A3mstC.05x0625.nc4
1591.520,hit,false,0.000,0,126.799,239,GEOS_0.5x0.625/MERRA2/2019/07/MERRA2.20190701.A3mstC.05x0625.nc4
1591.552,hit,false,0.000,0,126.831,239,GEOS_0.5x0.625/MERRA2/2019/07/MERRA2.20190701.A3mstC.05x0625.nc4
1591.579,hit,false,0.000,0,126.858,239,GEOS_0.5x0.625/MERRA2/2019/07/MERRA2.20190701.A3mstC.05x0625.nc4
1591.611,hit,false,0.000,0,126.890,239,GEOS_0.5x0.625/MERRA2/2019/07/MERRA2.20190701.A3mstC.05x0625.nc4
1591.636,hit,false,0.000,0,126.914,239,GEOS_0.5x0.625/MERRA2/2019/07/MERRA2.20190701.A3mstC.05x0625.nc4
1591.669,hit,false,0.000,0,126.948,239,GEOS_0.5x0.625/MERRA2/2019/07/MERRA2.20190701.A3mstC.05x0625.nc4
1591.691,hit,false,0.000,0,126.970,239,GEOS_0.5x0.625/MERRA2/2019/07/MERRA2.20190701.A3mstC.05x0625.nc4
1591.725,hit,false,0.000,0,126.993,240,GEOS_0.5x0.625/MERRA2/2019/07/MERRA2.20190701.A3mstC.05x0625.nc4
1591.754,hit,false,0.000,0,127.022,240,GEOS_0.5x0.625/MERRA2/2019/07/MERRA2.20190701.A3mstC.05x0625.nc4
1591.800,hit,false,0.000,0,127.067,240,GEOS_0.5x0.625/MERRA2/2019/07/MERRA2.20190701.A3mstC.05x0625.nc4
1591.821,hit,false,0.000,0,127.089,240,GEOS_0.5x0.625/MERRA2/2019/07/MERRA2.20190701.A3mstC.05x0625.nc4
1591.862,hit,false,0.000,0,127.129,240,GEOS_0.5x0.625/MERRA2/2019/07/MERRA2.20190701.A3mstC.05x0625.nc4
1591.886,hit,false,0.000,0,127.153,240,GEOS_0.5x0.625/MERRA2/2019/07/MERRA2.20190701.A3mstC.05x0625.nc4
1591.918,hit,false,0.000,0,127.186,240,GEOS_0.5x0.625/MERRA2/2019/07/MERRA2.20190701.A3mstC.05x0625.nc4
1591.948,hit,false,0.000,0,127.215,240,GEOS_0.5x0.625/MERRA2/2019/07/MERRA2.20190701.A3mstC.05x0625.nc4
1591.977,hit,false,0.000,0,127.203,241,GEOS_0.5x0.625/MERRA2/2019/07/MERRA2.20190701.A3mstC.05x0625.nc4
1592.009,hit,false,0.000,0,127.234,241,GEOS_0.5x0.625/MERRA2/2019/07/MERRA2.20190701.A3mstC.05x0625.nc4
1592.040,hit,false,0.000,0,127.266,241,GEOS_0.5x0.625/MERRA2/2019/07/MERRA2.20190701.A3mstC.05x0625.nc4
1592.065,hit,false,0.000,0,127.290,241,GEOS_0.5x0.625/MERRA2/2019/07/MERRA2.20190701.A3mstC.05x0625.nc4
1592.104,hit,false,0.000,0,127.329,241,GEOS_0.5x0.625/MERRA2/2019/07/MERRA2.20190701.A3mstC.05x0625.nc4
1592.127,hit,false,0.000,0,127.353,241,GEOS_0.5x0.625/MERRA2/2019/07/MERRA2.20190701.A3mstC.05x0625.nc4
1592.159,hit,false,0.000,0,127.384,241,GEOS_0.5x0.625/MERRA2/2019/07/MERRA2.20190701.A3mstC.05x0625.nc4
1592.184,hit,false,0.000,0,127.410,241,GEOS_0.5x0.625/MERRA2/2019/07/MERRA2.20190701.A3mstC.05x0625.nc4
1592.216,hit,false,0.000,0,127.440,242,GEOS_0.5x0.625/MERRA2/2019/07/MERRA2.20190701.A3mstC.05x0625.nc4
1592.247,hit,false,0.000,0,127.470,242,GEOS_0.5x0.625/MERRA2/2019/07/MERRA2.20190701.A3mstC.05x0625.nc4
1592.275,hit,false,0.000,0,127.498,242,GEOS_0.5x0.625/MERRA2/2019/07/MERRA2.20190701.A3mstC.05x0625.nc4
1592.304,hit,false,0.000,0,127.527,242,GEOS_0.5x0.625/MERRA2/2019/07/MERRA2.20190701.A3mstC.05x0625.nc4
1592.333,hit,false,0.000,0,127.557,242,GEOS_0.5x0.625/MERRA2/2019/07/MERRA2.20190701.A3mstC.05x0625.nc4
1592.366,hit,false,0.000,0,127.589,242,GEOS_0.5x0.625/MERRA2/2019/07/MERRA2.20190701.A3mstC.05x0625.nc4
1592.389,hit,false,0.000,0,127.612,242,GEOS_0.5x0.625/MERRA2/2019/07/MERRA2.20190701.A3mstC.05x0625.nc4
1592.422,hit,false,0.000,0,127.646,242,GEOS_0.5x0.625/MERRA2/2019/07/MERRA2.20190701.A3mstC.05x0625.nc4
1592.448,hit,false,0.000,0,127.669,243,GEOS_0.5x0.625/MERRA2/2019/07/MERRA2.20190701.A3mstC.05x0625.nc4
1592.483,hit,false,0.000,0,127.705,243,GEOS_0.5x0.625/MERRA2/2019/07/MERRA2.20190701.A3mstC.05x0625.nc4
1592.508,hit,false,0.000,0,127.730,243,GEOS_0.5x0.625/MERRA2/2019/07/MERRA2.20190701.A3mstC.05x0625.nc4
1592.540,hit,false,0.000,0,127.762,243,GEOS_0.5x0.625/MERRA2/2019/07/MERRA2.20190701.A3mstC.05x0625.nc4
1592.567,hit,false,0.000,0,127.789,243,GEOS_0.5x0.625/MERRA2/2019/07/MERRA2.20190701.A3mstC.05x0625.nc4
1592.596,hit,false,0.000,0,127.817,243,GEOS_0.5x0.625/MERRA2/2019/07/MERRA2.20190701.A3mstC.05x0625.nc4
1592.628,hit,false,0.000,0,127.850,243,GEOS_0.5x0.625/MERRA2/2019/07/MERRA2.20190701.A3mstC.05x0625.nc4
1592.651,hit,false,0.000,0,127.873,243,GEOS_0.5x0.625/MERRA2/2019/07/MERRA2.20190701.A3mstC.05x0625.nc4
1592.689,hit,false,0.000,0,127.909,244,GEOS_0.5x0.625/MERRA2/2019/07/MERRA2.20190701.A3mstC.05x0625.nc4
1592.715,hit,false,0.000,0,127.935,244,GEOS_0.5x0.625/MERRA2/2019/07/MERRA2.20190701.A3mstC.05x0625.nc4
1592.749,hit,false,0.000,0,127.969,244,GEOS_0.5x0.625/MERRA2/2019/07/MERRA2.20190701.A3mstC.05x0625.nc4
1592.772,hit,false,0.000,0,127.992,244,GEOS_0.5x0.625/MERRA2/2019/07/MERRA2.20190701.A3mstC.05x0625.nc4
1592.810,hit,false,0.000,0,128.030,244,GEOS_0.5x0.625/MERRA2/2019/07/MERRA2.20190701.A3mstC.05x0625.nc4
1592.833,hit,false,0.000,0,128.053,244,GEOS_0.5x0.625/MERRA2/2019/07/MERRA2.20190701.A3mstC.05x0625.nc4
1592.868,hit,false,0.000,0,128.088,244,GEOS_0.5x0.625/MERRA2/2019/07/MERRA2.20190701.A3mstC.05x0625.nc4
1592.891,hit,false,0.000,0,128.111,244,GEOS_0.5x0.625/MERRA2/2019/07/MERRA2.20190701.A3mstC.05x0625.nc4
1592.929,hit,false,0.000,0,128.148,245,GEOS_0.5x0.625/MERRA2/2019/07/MERRA2.20190701.A3mstC.05x0625.nc4
1592.954,hit,false,0.000,0,128.173,245,GEOS_0.5x0.625/MERRA2/2019/07/MERRA2.20190701.A3mstC.05x0625.nc4
1592.994,hit,false,0.000,0,128.213,245,GEOS_0.5x0.625/MERRA2/2019/07/MERRA2.20190701.A3mstC.05x0625.nc4
1593.021,hit,false,0.000,0,128.240,245,GEOS_0.5x0.625/MERRA2/2019/07/MERRA2.20190701.A3mstC.05x0625.nc4
1593.051,hit,false,0.000,0,128.270,245,GEOS_0.5x0.625/MERRA2/2019/07/MERRA2.20190701.A3mstC.05x0625.nc4
1593.080,hit,false,0.000,0,128.298,245,GEOS_0.5x0.625/MERRA2/2019/07/MERRA2.20190701.A3mstC.05x0625.nc4
1593.190,hit,false,0.000,0,128.408,245,GEOS_0.5x0.625/MERRA2/2019/07/MERRA2.20190701.A3mstC.05x0625.nc4
1593.213,hit,false,0.000,0,128.431,245,GEOS_0.5x0.625/MERRA2/2019/07/MERRA2.20190701.A3mstC.05x0625.nc4
1593.246,hit,false,0.000,0,128.463,246,GEOS_0.5x0.625/MERRA2/2019/07/MERRA2.20190701.A3mstC.05x0625.nc4
1593.273,hit,false,0.000,0,128.490,246,GEOS_0.5x0.625/MERRA2/2019/07/MERRA2.20190701.A3mstC.05x0625.nc4
1593.304,hit,false,0.000,0,128.521,246,GEOS_0.5x0.625/MERRA2/2019/07/MERRA2.20190701.A3mstC.05x0625.nc4
1593.328,hit,false,0.000,0,128.545,246,GEOS_0.5x0.625/MERRA2/2019/07/MERRA2.20190701.A3mstC.05x0625.nc4
1593.359,hit,false,0.000,0,128.577,246,GEOS_0.5x0.625/MERRA2/2019/07/MERRA2.20190701.A3mstC.05x0625.nc4
1593.382,hit,false,0.000,0,128.600,246,GEOS_0.5x0.625/MERRA2/2019/07/MERRA2.20190701.A3mstC.05x0625.nc4
1593.417,hit,false,0.000,0,128.634,246,GEOS_0.5x0.625/MERRA2/2019/07/MERRA2.20190701.A3mstC.05x0625.nc4
1593.440,hit,false,0.000,0,128.657,246,GEOS_0.5x0.625/MERRA2/2019/07/MERRA2.20190701.A3mstC.05x0625.nc4
1593.471,hit,false,0.000,0,128.684,247,GEOS_0.5x0.625/MERRA2/2019/07/MERRA2.20190701.A3mstC.05x0625.nc4
1593.499,hit,false,0.000,0,128.711,247,GEOS_0.5x0.625/MERRA2/2019/07/MERRA2.20190701.A3mstC.05x0625.nc4
1593.529,hit,false,0.000,0,128.742,247,GEOS_0.5x0.625/MERRA2/2019/07/MERRA2.20190701.A3mstC.05x0625.nc4
1593.553,hit,false,0.000,0,128.766,247,GEOS_0.5x0.625/MERRA2/2019/07/MERRA2.20190701.A3mstC.05x0625.nc4
1593.585,hit,false,0.000,0,128.797,247,GEOS_0.5x0.625/MERRA2/2019/07/MERRA2.20190701.A3mstC.05x0625.nc4
1593.608,hit,false,0.000,0,128.820,247,GEOS_0.5x0.625/MERRA2/2019/07/MERRA2.20190701.A3mstC.05x0625.nc4
1599.593,open,false,-1.000,0,-1.000,423855882,GEOS_0.5x0.625/MERRA2/2019/07/MERRA2.20190701.A3cld.05x0625.nc4
1599.674,uncovered,false,24.308,0,-1.000,0,GEOS_0.5x0.625/MERRA2/2019/07/MERRA2.20190701.A3cld.05x0625.nc4
1624.062,hit,false,0.000,0,-1.000,0,GEOS_0.5x0.625/MERRA2/2019/07/MERRA2.20190701.A3cld.05x0625.nc4
1624.091,hit,false,0.000,0,-1.000,0,GEOS_0.5x0.625/MERRA2/2019/07/MERRA2.20190701.A3cld.05x0625.nc4
1624.186,hit,false,0.000,0,-1.000,0,GEOS_0.5x0.625/MERRA2/2019/07/MERRA2.20190701.A3cld.05x0625.nc4
1624.237,hit,false,0.000,0,-1.000,0,GEOS_0.5x0.625/MERRA2/2019/07/MERRA2.20190701.A3cld.05x0625.nc4
1624.293,hit,false,0.000,0,-1.000,0,GEOS_0.5x0.625/MERRA2/2019/07/MERRA2.20190701.A3cld.05x0625.nc4
1624.342,hit,false,0.000,0,-1.000,0,GEOS_0.5x0.625/MERRA2/2019/07/MERRA2.20190701.A3cld.05x0625.nc4
1624.392,hit,false,0.000,0,-1.000,0,GEOS_0.5x0.625/MERRA2/2019/07/MERRA2.20190701.A3cld.05x0625.nc4
1624.445,uncovered,false,24.641,0,-1.000,1,GEOS_0.5x0.625/MERRA2/2019/07/MERRA2.20190701.A3cld.05x0625.nc4
1624.502,uncovered,false,24.645,0,-1.000,1,GEOS_0.5x0.625/MERRA2/2019/07/MERRA2.20190701.A3cld.05x0625.nc4
1649.170,hit,false,0.000,0,-1.000,1,GEOS_0.5x0.625/MERRA2/2019/07/MERRA2.20190701.A3cld.05x0625.nc4
1649.228,hit,false,0.000,0,-1.000,1,GEOS_0.5x0.625/MERRA2/2019/07/MERRA2.20190701.A3cld.05x0625.nc4
1649.248,hit,false,0.000,0,-1.000,1,GEOS_0.5x0.625/MERRA2/2019/07/MERRA2.20190701.A3cld.05x0625.nc4
1649.305,hit,false,0.000,0,-1.000,1,GEOS_0.5x0.625/MERRA2/2019/07/MERRA2.20190701.A3cld.05x0625.nc4
1649.329,hit,false,0.000,0,-1.000,1,GEOS_0.5x0.625/MERRA2/2019/07/MERRA2.20190701.A3cld.05x0625.nc4
1649.367,hit,false,0.000,0,-1.000,1,GEOS_0.5x0.625/MERRA2/2019/07/MERRA2.20190701.A3cld.05x0625.nc4
1649.401,uncovered,false,21.283,0,-1.000,2,GEOS_0.5x0.625/MERRA2/2019/07/MERRA2.20190701.A3cld.05x0625.nc4
1649.436,uncovered,false,21.320,0,-1.000,2,GEOS_0.5x0.625/MERRA2/2019/07/MERRA2.20190701.A3cld.05x0625.nc4
1670.769,hit,false,0.000,0,-1.000,2,GEOS_0.5x0.625/MERRA2/2019/07/MERRA2.20190701.A3cld.05x0625.nc4
1670.835,hit,false,0.000,0,-1.000,2,GEOS_0.5x0.625/MERRA2/2019/07/MERRA2.20190701.A3cld.05x0625.nc4
1670.862,hit,false,0.000,0,-1.000,2,GEOS_0.5x0.625/MERRA2/2019/07/MERRA2.20190701.A3cld.05x0625.nc4
1670.904,hit,false,0.000,0,-1.000,2,GEOS_0.5x0.625/MERRA2/2019/07/MERRA2.20190701.A3cld.05x0625.nc4
1670.934,hit,false,0.000,0,-1.000,2,GEOS_0.5x0.625/MERRA2/2019/07/MERRA2.20190701.A3cld.05x0625.nc4
1670.975,hit,false,0.000,0,-1.000,2,GEOS_0.5x0.625/MERRA2/2019/07/MERRA2.20190701.A3cld.05x0625.nc4
1671.005,uncovered,false,30.666,0,-1.000,3,GEOS_0.5x0.625/MERRA2/2019/07/MERRA2.20190701.A3cld.05x0625.nc4
1671.049,uncovered,false,30.691,0,-1.000,3,GEOS_0.5x0.625/MERRA2/2019/07/MERRA2.20190701.A3cld.05x0625.nc4
1701.765,hit,false,0.000,0,-1.000,3,GEOS_0.5x0.625/MERRA2/2019/07/MERRA2.20190701.A3cld.05x0625.nc4
1701.818,hit,false,0.000,0,-1.000,3,GEOS_0.5x0.625/MERRA2/2019/07/MERRA2.20190701.A3cld.05x0625.nc4
1701.842,hit,false,0.000,0,-1.000,3,GEOS_0.5x0.625/MERRA2/2019/07/MERRA2.20190701.A3cld.05x0625.nc4
1701.899,hit,false,0.000,0,-1.000,3,GEOS_0.5x0.625/MERRA2/2019/07/MERRA2.20190701.A3cld.05x0625.nc4
1701.920,hit,false,0.000,0,-1.000,3,GEOS_0.5x0.625/MERRA2/2019/07/MERRA2.20190701.A3cld.05x0625.nc4
1701.967,hit,false,0.000,0,-1.000,3,GEOS_0.5x0.625/MERRA2/2019/07/MERRA2.20190701.A3cld.05x0625.nc4
1701.994,uncovered,false,21.839,0,-1.000,4,GEOS_0.5x0.625/MERRA2/2019/07/MERRA2.20190701.A3cld.05x0625.nc4
1702.031,uncovered,false,21.866,0,-1.000,4,GEOS_0.5x0.625/MERRA2/2019/07/MERRA2.20190701.A3cld.05x0625.nc4
1723.919,hit,false,0.000,0,-1.000,4,GEOS_0.5x0.625/MERRA2/2019/07/MERRA2.20190701.A3cld.05x0625.nc4
1723.968,hit,false,0.000,0,-1.000,4,GEOS_0.5x0.625/MERRA2/2019/07/MERRA2.20190701.A3cld.05x0625.nc4
1723.995,hit,false,0.000,0,-1.000,4,GEOS_0.5x0.625/MERRA2/2019/07/MERRA2.20190701.A3cld.05x0625.nc4
1724.034,hit,false,0.000,0,-1.000,4,GEOS_0.5x0.625/MERRA2/2019/07/MERRA2.20190701.A3cld.05x0625.nc4
1724.081,hit,false,0.000,0,-1.000,4,GEOS_0.5x0.625/MERRA2/2019/07/MERRA2.20190701.A3cld.05x0625.nc4
1724.103,hit,false,0.000,0,-1.000,4,GEOS_0.5x0.625/MERRA2/2019/07/MERRA2.20190701.A3cld.05x0625.nc4
1724.146,uncovered,false,27.243,0,-1.000,5,GEOS_0.5x0.625/MERRA2/2019/07/MERRA2.20190701.A3cld.05x0625.nc4
1724.171,uncovered,false,27.332,0,-1.000,5,GEOS_0.5x0.625/MERRA2/2019/07/MERRA2.20190701.A3cld.05x0625.nc4
1751.471,hit,false,0.000,0,-1.000,5,GEOS_0.5x0.625/MERRA2/2019/07/MERRA2.20190701.A3cld.05x0625.nc4
1751.574,hit,false,0.000,0,-1.000,5,GEOS_0.5x0.625/MERRA2/2019/07/MERRA2.20190701.A3cld.05x0625.nc4
1751.600,hit,false,0.000,0,-1.000,5,GEOS_0.5x0.625/MERRA2/2019/07/MERRA2.20190701.A3cld.05x0625.nc4
1751.645,hit,false,0.000,0,-1.000,5,GEOS_0.5x0.625/MERRA2/2019/07/MERRA2.20190701.A3cld.05x0625.nc4
1751.693,hit,false,0.000,0,-1.000,5,GEOS_0.5x0.625/MERRA2/2019/07/MERRA2.20190701.A3cld.05x0625.nc4
1751.719,hit,false,0.000,0,-1.000,5,GEOS_0.5x0.625/MERRA2/2019/07/MERRA2.20190701.A3cld.05x0625.nc4
1751.752,uncovered,false,32.638,0,-1.000,6,GEOS_0.5x0.625/MERRA2/2019/07/MERRA2.20190701.A3cld.05x0625.nc4
1751.784,uncovered,false,32.677,0,-1.000,6,GEOS_0.5x0.625/MERRA2/2019/07/MERRA2.20190701.A3cld.05x0625.nc4
1784.472,hit,false,0.000,0,-1.000,6,GEOS_0.5x0.625/MERRA2/2019/07/MERRA2.20190701.A3cld.05x0625.nc4
1784.537,hit,false,0.000,0,-1.000,6,GEOS_0.5x0.625/MERRA2/2019/07/MERRA2.20190701.A3cld.05x0625.nc4
1784.646,hit,false,0.000,0,-1.000,6,GEOS_0.5x0.625/MERRA2/2019/07/MERRA2.20190701.A3cld.05x0625.nc4
1784.654,hit,false,0.000,0,-1.000,6,GEOS_0.5x0.625/MERRA2/2019/07/MERRA2.20190701.A3cld.05x0625.nc4
1784.724,hit,false,0.000,0,-1.000,6,GEOS_0.5x0.625/MERRA2/2019/07/MERRA2.20190701.A3cld.05x0625.nc4
1784.747,hit,false,0.000,0,-1.000,6,GEOS_0.5x0.625/MERRA2/2019/07/MERRA2.20190701.A3cld.05x0625.nc4
1784.789,uncovered,false,23.699,0,-1.000,7,GEOS_0.5x0.625/MERRA2/2019/07/MERRA2.20190701.A3cld.05x0625.nc4
1784.815,uncovered,false,23.740,0,-1.000,7,GEOS_0.5x0.625/MERRA2/2019/07/MERRA2.20190701.A3cld.05x0625.nc4
1808.555,hit,false,0.000,0,-1.000,7,GEOS_0.5x0.625/MERRA2/2019/07/MERRA2.20190701.A3cld.05x0625.nc4
1808.626,hit,false,0.000,0,-1.000,7,GEOS_0.5x0.625/MERRA2/2019/07/MERRA2.20190701.A3cld.05x0625.nc4
1808.646,hit,false,0.000,0,-1.000,7,GEOS_0.5x0.625/MERRA2/2019/07/MERRA2.20190701.A3cld.05x0625.nc4
1808.697,hit,false,0.000,0,-1.000,7,GEOS_0.5x0.625/MERRA2/2019/07/MERRA2.20190701.A3cld.05x0625.nc4
1808.762,hit,false,0.000,0,-1.000,7,GEOS_0.5x0.625/MERRA2/2019/07/MERRA2.20190701.A3cld.05x0625.nc4
1808.785,hit,false,0.000,0,-1.000,7,GEOS_0.5x0.625/MERRA2/2019/07/MERRA2.20190701.A3cld.05x0625.nc4
1808.820,uncovered,false,28.894,0,-1.000,8,GEOS_0.5x0.625/MERRA2/2019/07/MERRA2.20190701.A3cld.05x0625.nc4
1808.851,uncovered,false,28.951,0,-1.000,8,GEOS_0.5x0.625/MERRA2/2019/07/MERRA2.20190701.A3cld.05x0625.nc4
1837.804,hit,false,0.000,0,-1.000,8,GEOS_0.5x0.625/MERRA2/2019/07/MERRA2.20190701.A3cld.05x0625.nc4
1837.903,hit,false,0.000,24,-1.000,8,GEOS_0.5x0.625/MERRA2/2019/07/MERRA2.20190701.A3cld.05x0625.nc4
1837.935,hit,false,0.000,25,-1.000,8,GEOS_0.5x0.625/MERRA2/2019/07/MERRA2.20190701.A3cld.05x0625.nc4
1837.976,hit,false,0.000,32,-1.000,8,GEOS_0.5x0.625/MERRA2/2019/07/MERRA2.20190701.A3cld.05x0625.nc4
1838.006,hit,false,0.000,32,-1.000,8,GEOS_0.5x0.625/MERRA2/2019/07/MERRA2.20190701.A3cld.05x0625.nc4
1838.044,hit,false,0.000,32,-1.000,8,GEOS_0.5x0.625/MERRA2/2019/07/MERRA2.20190701.A3cld.05x0625.nc4
1838.091,uncovered,false,49.843,24,-1.000,9,GEOS_0.5x0.625/MERRA2/2019/07/MERRA2.20190701.A3cld.05x0625.nc4
1838.123,uncovered,false,49.884,24,-1.000,9,GEOS_0.5x0.625/MERRA2/2019/07/MERRA2.20190701.A3cld.05x0625.nc4
1888.022,hit,false,0.000,24,-1.000,9,GEOS_0.5x0.625/MERRA2/2019/07/MERRA2.20190701.A3cld.05x0625.nc4
1888.091,hit,false,0.000,24,-1.000,9,GEOS_0.5x0.625/MERRA2/2019/07/MERRA2.20190701.A3cld.05x0625.nc4
1888.123,hit,false,0.000,24,-1.000,9,GEOS_0.5x0.625/MERRA2/2019/07/MERRA2.20190701.A3cld.05x0625.nc4
1888.159,hit,false,0.000,24,-1.000,9,GEOS_0.5x0.625/MERRA2/2019/07/MERRA2.20190701.A3cld.05x0625.nc4
1888.205,hit,false,0.000,24,-1.000,9,GEOS_0.5x0.625/MERRA2/2019/07/MERRA2.20190701.A3cld.05x0625.nc4
1888.228,hit,false,0.000,24,-1.000,9,GEOS_0.5x0.625/MERRA2/2019/07/MERRA2.20190701.A3cld.05x0625.nc4
1888.263,uncovered,false,31.037,7,-1.000,10,GEOS_0.5x0.625/MERRA2/2019/07/MERRA2.20190701.A3cld.05x0625.nc4
1888.308,uncovered,false,31.047,7,-1.000,10,GEOS_0.5x0.625/MERRA2/2019/07/MERRA2.20190701.A3cld.05x0625.nc4
1919.397,hit,false,0.000,7,-1.000,10,GEOS_0.5x0.625/MERRA2/2019/07/MERRA2.20190701.A3cld.05x0625.nc4
1919.436,hit,false,0.000,7,-1.000,10,GEOS_0.5x0.625/MERRA2/2019/07/MERRA2.20190701.A3cld.05x0625.nc4
1919.471,hit,false,0.000,7,-1.000,10,GEOS_0.5x0.625/MERRA2/2019/07/MERRA2.20190701.A3cld.05x0625.nc4
1919.507,hit,false,0.000,7,-1.000,10,GEOS_0.5x0.625/MERRA2/2019/07/MERRA2.20190701.A3cld.05x0625.nc4
1919.537,hit,false,0.000,7,-1.000,10,GEOS_0.5x0.625/MERRA2/2019/07/MERRA2.20190701.A3cld.05x0625.nc4
1919.565,hit,false,0.000,7,-1.000,10,GEOS_0.5x0.625/MERRA2/2019/07/MERRA2.20190701.A3cld.05x0625.nc4
1919.609,uncovered,false,26.353,1,-1.000,11,GEOS_0.5x0.625/MERRA2/2019/07/MERRA2.20190701.A3cld.05x0625.nc4
1919.646,uncovered,false,26.376,1,-1.000,11,GEOS_0.5x0.625/MERRA2/2019/07/MERRA2.20190701.A3cld.05x0625.nc4
1946.045,hit,false,0.000,1,-1.000,11,GEOS_0.5x0.625/MERRA2/2019/07/MERRA2.20190701.A3cld.05x0625.nc4
1946.101,hit,false,0.000,1,-1.000,11,GEOS_0.5x0.625/MERRA2/2019/07/MERRA2.20190701.A3cld.05x0625.nc4
1946.127,hit,false,0.000,1,-1.000,11,GEOS_0.5x0.625/MERRA2/2019/07/MERRA2.20190701.A3cld.05x0625.nc4
1946.168,hit,false,0.000,1,-1.000,11,GEOS_0.5x0.625/MERRA2/2019/07/MERRA2.20190701.A3cld.05x0625.nc4
1946.198,hit,false,0.000,1,-1.000,11,GEOS_0.5x0.625/MERRA2/2019/07/MERRA2.20190701.A3cld.05x0625.nc4
1946.227,hit,false,0.000,1,-1.000,11,GEOS_0.5x0.625/MERRA2/2019/07/MERRA2.20190701.A3cld.05x0625.nc4
1946.285,uncovered,false,23.221,0,-1.000,12,GEOS_0.5x0.625/MERRA2/2019/07/MERRA2.20190701.A3cld.05x0625.nc4
1946.315,uncovered,false,23.207,0,-1.000,12,GEOS_0.5x0.625/MERRA2/2019/07/MERRA2.20190701.A3cld.05x0625.nc4
1969.586,hit,false,0.000,0,-1.000,12,GEOS_0.5x0.625/MERRA2/2019/07/MERRA2.20190701.A3cld.05x0625.nc4
1969.605,hit,false,0.000,0,-1.000,12,GEOS_0.5x0.625/MERRA2/2019/07/MERRA2.20190701.A3cld.05x0625.nc4
1969.653,hit,false,0.000,0,-1.000,12,GEOS_0.5x0.625/MERRA2/2019/07/MERRA2.20190701.A3cld.05x0625.nc4
1969.742,hit,false,0.000,0,-1.000,12,GEOS_0.5x0.625/MERRA2/2019/07/MERRA2.20190701.A3cld.05x0625.nc4
1969.748,hit,false,0.000,0,-1.000,12,GEOS_0.5x0.625/MERRA2/2019/07/MERRA2.20190701.A3cld.05x0625.nc4
1969.806,hit,false,0.000,0,-1.000,12,GEOS_0.5x0.625/MERRA2/2019/07/MERRA2.20190701.A3cld.05x0625.nc4
1969.826,uncovered,false,25.361,0,-1.000,13,GEOS_0.5x0.625/MERRA2/2019/07/MERRA2.20190701.A3cld.05x0625.nc4
1969.871,uncovered,false,25.384,0,-1.000,13,GEOS_0.5x0.625/MERRA2/2019/07/MERRA2.20190701.A3cld.05x0625.nc4
1995.287,hit,false,0.000,0,-1.000,13,GEOS_0.5x0.625/MERRA2/2019/07/MERRA2.20190701.A3cld.05x0625.nc4
1995.332,hit,false,0.000,0,-1.000,13,GEOS_0.5x0.625/MERRA2/2019/07/MERRA2.20190701.A3cld.05x0625.nc4
1995.357,hit,false,0.000,0,-1.000,13,GEOS_0.5x0.625/MERRA2/2019/07/MERRA2.20190701.A3cld.05x0625.nc4
1995.398,hit,false,0.000,0,-1.000,13,GEOS_0.5x0.625/MERRA2/2019/07/MERRA2.20190701.A3cld.05x0625.nc4
1995.422,hit,false,0.000,0,-1.000,13,GEOS_0.5x0.625/MERRA2/2019/07/MERRA2.20190701.A3cld.05x0625.nc4
1995.457,hit,false,0.000,0,-1.000,13,GEOS_0.5x0.625/MERRA2/2019/07/MERRA2.20190701.A3cld.05x0625.nc4
1995.524,uncovered,false,27.183,0,-1.000,14,GEOS_0.5x0.625/MERRA2/2019/07/MERRA2.20190701.A3cld.05x0625.nc4
1995.555,uncovered,false,27.225,0,-1.000,14,GEOS_0.5x0.625/MERRA2/2019/07/MERRA2.20190701.A3cld.05x0625.nc4
2022.785,hit,false,0.000,0,-1.000,14,GEOS_0.5x0.625/MERRA2/2019/07/MERRA2.20190701.A3cld.05x0625.nc4
2022.852,hit,false,0.000,0,-1.000,14,GEOS_0.5x0.625/MERRA2/2019/07/MERRA2.20190701.A3cld.05x0625.nc4
2022.877,hit,false,0.000,0,-1.000,14,GEOS_0.5x0.625/MERRA2/2019/07/MERRA2.20190701.A3cld.05x0625.nc4
2022.919,hit,false,0.000,0,-1.000,14,GEOS_0.5x0.625/MERRA2/2019/07/MERRA2.20190701.A3cld.05x0625.nc4
2022.940,hit,false,0.000,0,-1.000,14,GEOS_0.5x0.625/MERRA2/2019/07/MERRA2.20190701.A3cld.05x0625.nc4
2022.983,hit,false,0.000,0,-1.000,14,GEOS_0.5x0.625/MERRA2/2019/07/MERRA2.20190701.A3cld.05x0625.nc4
2023.005,uncovered,false,23.350,0,-1.000,15,GEOS_0.5x0.625/MERRA2/2019/07/MERRA2.20190701.A3cld.05x0625.nc4
2023.050,uncovered,false,23.361,0,-1.000,15,GEOS_0.5x0.625/MERRA2/2019/07/MERRA2.20190701.A3cld.05x0625.nc4
2046.431,hit,false,0.000,0,-1.000,15,GEOS_0.5x0.625/MERRA2/2019/07/MERRA2.20190701.A3cld.05x0625.nc4
2046.485,hit,false,0.000,0,-1.000,15,GEOS_0.5x0.625/MERRA2/2019/07/MERRA2.20190701.A3cld.05x0625.nc4
2046.512,hit,false,0.000,0,-1.000,15,GEOS_0.5x0.625/MERRA2/2019/07/MERRA2.20190701.A3cld.05x0625.nc4
2046.547,hit,false,0.000,0,-1.000,15,GEOS_0.5x0.625/MERRA2/2019/07/MERRA2.20190701.A3cld.05x0625.nc4
2046.585,hit,false,0.000,0,-1.000,15,GEOS_0.5x0.625/MERRA2/2019/07/MERRA2.20190701.A3cld.05x0625.nc4
2046.605,hit,false,0.000,0,-1.000,15,GEOS_0.5x0.625/MERRA2/2019/07/MERRA2.20190701.A3cld.05x0625.nc4
2046.648,hit,false,0.000,0,208.847,16,GEOS_0.5x0.625/MERRA2/2019/07/MERRA2.20190701.A3cld.05x0625.nc4
2046.677,hit,false,0.000,0,208.876,16,GEOS_0.5x0.625/MERRA2/2019/07/MERRA2.20190701.A3cld.05x0625.nc4
2046.726,hit,false,0.000,24,208.925,16,GEOS_0.5x0.625/MERRA2/2019/07/MERRA2.20190701.A3cld.05x0625.nc4
2046.748,hit,false,0.000,34,208.947,16,GEOS_0.5x0.625/MERRA2/2019/07/MERRA2.20190701.A3cld.05x0625.nc4
2046.782,hit,false,0.000,40,208.981,16,GEOS_0.5x0.625/MERRA2/2019/07/MERRA2.20190701.A3cld.05x0625.nc4
2046.808,hit,false,0.000,40,209.007,16,GEOS_0.5x0.625/MERRA2/2019/07/MERRA2.20190701.A3cld.05x0625.nc4
2046.840,hit,false,0.000,40,209.039,16,GEOS_0.5x0.625/MERRA2/2019/07/MERRA2.20190701.A3cld.05x0625.nc4
2046.866,hit,false,0.000,40,209.065,16,GEOS_0.5x0.625/MERRA2/2019/07/MERRA2.20190701.A3cld.05x0625.nc4
2046.898,hit,false,0.000,40,209.094,17,GEOS_0.5x0.625/MERRA2/2019/07/MERRA2.20190701.A3cld.05x0625.nc4
2046.928,hit,false,0.000,40,209.124,17,GEOS_0.5x0.625/MERRA2/2019/07/MERRA2.20190701.A3cld.05x0625.nc4
2046.950,hit,false,0.000,40,209.146,17,GEOS_0.5x0.625/MERRA2/2019/07/MERRA2.20190701.A3cld.05x0625.nc4
2046.995,hit,false,0.000,40,209.191,17,GEOS_0.5x0.625/MERRA2/2019/07/MERRA2.20190701.A3cld.05x0625.nc4
2047.018,hit,false,0.000,40,209.214,17,GEOS_0.5x0.625/MERRA2/2019/07/MERRA2.20190701.A3cld.05x0625.nc4
2047.054,hit,false,0.000,40,209.250,17,GEOS_0.5x0.625/MERRA2/2019/07/MERRA2.20190701.A3cld.05x0625.nc4
2047.084,hit,false,0.000,40,209.280,17,GEOS_0.5x0.625/MERRA2/2019/07/MERRA2.20190701.A3cld.05x0625.nc4
2047.116,hit,false,0.000,40,209.313,17,GEOS_0.5x0.625/MERRA2/2019/07/MERRA2.20190701.A3cld.05x0625.nc4
2047.224,hit,false,0.000,40,209.419,18,GEOS_0.5x0.625/MERRA2/2019/07/MERRA2.20190701.A3cld.05x0625.nc4
2047.251,hit,false,0.000,40,209.445,18,GEOS_0.5x0.625/MERRA2/2019/07/MERRA2.20190701.A3cld.05x0625.nc4
2047.284,hit,false,0.000,40,209.479,18,GEOS_0.5x0.625/MERRA2/2019/07/MERRA2.20190701.A3cld.05x0625.nc4
2047.315,hit,false,0.000,40,209.509,18,GEOS_0.5x0.625/MERRA2/2019/07/MERRA2.20190701.A3cld.05x0625.nc4
2047.338,hit,false,0.000,40,209.532,18,GEOS_0.5x0.625/MERRA2/2019/07/MERRA2.20190701.A3cld.05x0625.nc4
2047.373,hit,false,0.000,40,209.567,18,GEOS_0.5x0.625/MERRA2/2019/07/MERRA2.20190701.A3cld.05x0625.nc4
2047.402,hit,false,0.000,40,209.596,18,GEOS_0.5x0.625/MERRA2/2019/07/MERRA2.20190701.A3cld.05x0625.nc4
2047.431,hit,false,0.000,40,209.625,18,GEOS_0.5x0.625/MERRA2/2019/07/MERRA2.20190701.A3cld.05x0625.nc4
2047.461,hit,false,0.000,40,209.654,19,GEOS_0.5x0.625/MERRA2/2019/07/MERRA2.20190701.A3cld.05x0625.nc4
2047.487,hit,false,0.000,40,209.679,19,GEOS_0.5x0.625/MERRA2/2019/07/MERRA2.20190701.A3cld.05x0625.nc4
2047.526,hit,false,0.000,40,209.718,19,GEOS_0.5x0.625/MERRA2/2019/07/MERRA2.20190701.A3cld.05x0625.nc4
2047.549,hit,false,0.000,40,209.741,19,GEOS_0.5x0.625/MERRA2/2019/07/MERRA2.20190701.A3cld.05x0625.nc4
2047.590,hit,false,0.000,40,209.783,19,GEOS_0.5x0.625/MERRA2/2019/07/MERRA2.20190701.A3cld.05x0625.nc4
2047.613,hit,false,0.000,40,209.805,19,GEOS_0.5x0.625/MERRA2/2019/07/MERRA2.20190701.A3cld.05x0625.nc4
2047.654,hit,false,0.000,40,209.846,19,GEOS_0.5x0.625/MERRA2/2019/07/MERRA2.20190701.A3cld.05x0625.nc4
2047.675,hit,false,0.000,40,209.867,19,GEOS_0.5x0.625/MERRA2/2019/07/MERRA2.20190701.A3cld.05x0625.nc4
2047.720,hit,false,0.000,40,209.910,20,GEOS_0.5x0.625/MERRA2/2019/07/MERRA2.20190701.A3cld.05x0625.nc4
2047.746,hit,false,0.000,40,209.936,20,GEOS_0.5x0.625/MERRA2/2019/07/MERRA2.20190701.A3cld.05x0625.nc4
2047.783,hit,false,0.000,40,209.972,20,GEOS_0.5x0.625/MERRA2/2019/07/MERRA2.20190701.A3cld.05x0625.nc4
2047.809,hit,false,0.000,40,209.998,20,GEOS_0.5x0.625/MERRA2/2019/07/MERRA2.20190701.A3cld.05x0625.nc4
2047.842,hit,false,0.000,40,210.031,20,GEOS_0.5x0.625/MERRA2/2019/07/MERRA2.20190701.A3cld.05x0625.nc4
2047.865,hit,false,0.000,40,210.055,20,GEOS_0.5x0.625/MERRA2/2019/07/MERRA2.20190701.A3cld.05x0625.nc4
2047.903,hit,false,0.000,40,210.092,20,GEOS_0.5x0.625/MERRA2/2019/07/MERRA2.20190701.A3cld.05x0625.nc4
2047.927,hit,false,0.000,40,210.117,20,GEOS_0.5x0.625/MERRA2/2019/07/MERRA2.20190701.A3cld.05x0625.nc4
2048.039,hit,false,0.000,40,210.227,21,GEOS_0.5x0.625/MERRA2/2019/07/MERRA2.20190701.A3cld.05x0625.nc4
2048.066,hit,false,0.000,40,210.254,21,GEOS_0.5x0.625/MERRA2/2019/07/MERRA2.20190701.A3cld.05x0625.nc4
2048.103,hit,false,0.000,40,210.291,21,GEOS_0.5x0.625/MERRA2/2019/07/MERRA2.20190701.A3cld.05x0625.nc4
2048.128,hit,false,0.000,40,210.316,21,GEOS_0.5x0.625/MERRA2/2019/07/MERRA2.20190701.A3cld.05x0625.nc4
2048.162,hit,false,0.000,40,210.350,21,GEOS_0.5x0.625/MERRA2/2019/07/MERRA2.20190701.A3cld.05x0625.nc4
2048.186,hit,false,0.000,40,210.374,21,GEOS_0.5x0.625/MERRA2/2019/07/MERRA2.20190701.A3cld.05x0625.nc4
2048.220,hit,false,0.000,40,210.408,21,GEOS_0.5x0.625/MERRA2/2019/07/MERRA2.20190701.A3cld.05x0625.nc4
2048.246,hit,false,0.000,40,210.434,21,GEOS_0.5x0.625/MERRA2/2019/07/MERRA2.20190701.A3cld.05x0625.nc4
2048.279,hit,false,0.000,40,210.465,22,GEOS_0.5x0.625/MERRA2/2019/07/MERRA2.20190701.A3cld.05x0625.nc4
2048.312,hit,false,0.000,40,210.498,22,GEOS_0.5x0.625/MERRA2/2019/07/MERRA2.20190701.A3cld.05x0625.nc4
2048.342,hit,false,0.000,40,210.528,22,GEOS_0.5x0.625/MERRA2/2019/07/MERRA2.20190701.A3cld.05x0625.nc4
2048.372,hit,false,0.000,40,210.558,22,GEOS_0.5x0.625/MERRA2/2019/07/MERRA2.20190701.A3cld.05x0625.nc4
2048.404,hit,false,0.000,40,210.590,22,GEOS_0.5x0.625/MERRA2/2019/07/MERRA2.20190701.A3cld.05x0625.nc4
2048.429,hit,false,0.000,40,210.615,22,GEOS_0.5x0.625/MERRA2/2019/07/MERRA2.20190701.A3cld.05x0625.nc4
2048.459,hit,false,0.000,40,210.645,22,GEOS_0.5x0.625/MERRA2/2019/07/MERRA2.20190701.A3cld.05x0625.nc4
2048.484,hit,false,0.000,40,210.670,22,GEOS_0.5x0.625/MERRA2/2019/07/MERRA2.20190701.A3cld.05x0625.nc4
2048.515,hit,false,0.000,40,210.700,23,GEOS_0.5x0.625/MERRA2/2019/07/MERRA2.20190701.A3cld.05x0625.nc4
2048.543,hit,false,0.000,40,210.727,23,GEOS_0.5x0.625/MERRA2/2019/07/MERRA2.20190701.A3cld.05x0625.nc4
2048.577,hit,false,0.000,40,210.761,23,GEOS_0.5x0.625/MERRA2/2019/07/MERRA2.20190701.A3cld.05x0625.nc4
2048.601,hit,false,0.000,40,210.786,23,GEOS_0.5x0.625/MERRA2/2019/07/MERRA2.20190701.A3cld.05x0625.nc4
2048.636,hit,false,0.000,40,210.821,23,GEOS_0.5x0.625/MERRA2/2019/07/MERRA2.20190701.A3cld.05x0625.nc4
2048.666,hit,false,0.000,40,210.851,23,GEOS_0.5x0.625/MERRA2/2019/07/MERRA2.20190701.A3cld.05x0625.nc4
2048.697,hit,false,0.000,40,210.882,23,GEOS_0.5x0.625/MERRA2/2019/07/MERRA2.20190701.A3cld.05x0625.nc4
2048.725,hit,false,0.000,40,210.910,23,GEOS_0.5x0.625/MERRA2/2019/07/MERRA2.20190701.A3cld.05x0625.nc4
2048.756,hit,false,0.000,40,210.933,24,GEOS_0.5x0.625/MERRA2/2019/07/MERRA2.20190701.A3cld.05x0625.nc4
2048.789,hit,false,0.000,40,210.965,24,GEOS_0.5x0.625/MERRA2/2019/07/MERRA2.20190701.A3cld.05x0625.nc4
2048.829,hit,false,0.000,65,211.005,24,GEOS_0.5x0.625/MERRA2/2019/07/MERRA2.20190701.A3cld.05x0625.nc4
2048.853,hit,false,0.000,74,211.029,24,GEOS_0.5x0.625/MERRA2/2019/07/MERRA2.20190701.A3cld.05x0625.nc4
2048.885,hit,false,0.000,80,211.061,24,GEOS_0.5x0.625/MERRA2/2019/07/MERRA2.20190701.A3cld.05x0625.nc4
2048.912,hit,false,0.000,80,211.088,24,GEOS_0.5x0.625/MERRA2/2019/07/MERRA2.20190701.A3cld.05x0625.nc4
2048.942,hit,false,0.000,80,211.118,24,GEOS_0.5x0.625/MERRA2/2019/07/MERRA2.20190701.A3cld.05x0625.nc4
2048.968,hit,false,0.000,80,211.145,24,GEOS_0.5x0.625/MERRA2/2019/07/MERRA2.20190701.A3cld.05x0625.nc4
2049.000,hit,false,0.000,80,211.174,25,GEOS_0.5x0.625/MERRA2/2019/07/MERRA2.20190701.A3cld.05x0625.nc4
2049.030,hit,false,0.000,80,211.203,25,GEOS_0.5x0.625/MERRA2/2019/07/MERRA2.20190701.A3cld.05x0625.nc4
2049.059,hit,false,0.000,80,211.232,25,GEOS_0.5x0.625/MERRA2/2019/07/MERRA2.20190701.A3cld.05x0625.nc4
2049.089,hit,false,0.000,80,211.263,25,GEOS_0.5x0.625/MERRA2/2019/07/MERRA2.20190701.A3cld.05x0625.nc4
2049.112,hit,false,0.000,80,211.286,25,GEOS_0.5x0.625/MERRA2/2019/07/MERRA2.20190701.A3cld.05x0625.nc4
2049.161,hit,false,0.000,80,211.335,25,GEOS_0.5x0.625/MERRA2/2019/07/MERRA2.20190701.A3cld.05x0625.nc4
2049.186,hit,false,0.000,80,211.359,25,GEOS_0.5x0.625/MERRA2/2019/07/MERRA2.20190701.A3cld.05x0625.nc4
2049.227,hit,false,0.000,80,211.401,25,GEOS_0.5x0.625/MERRA2/2019/07/MERRA2.20190701.A3cld.05x0625.nc4
2049.252,hit,false,0.000,80,211.422,26,GEOS_0.5x0.625/MERRA2/2019/07/MERRA2.20190701.A3cld.05x0625.nc4
2049.292,hit,false,0.000,80,211.462,26,GEOS_0.5x0.625/MERRA2/2019/07/MERRA2.20190701.A3cld.05x0625.nc4
2049.315,hit,false,0.000,80,211.485,26,GEOS_0.5x0.625/MERRA2/2019/07/MERRA2.20190701.A3cld.05x0625.nc4
2049.345,hit,false,0.000,80,211.516,26,GEOS_0.5x0.625/MERRA2/2019/07/MERRA2.20190701.A3cld.05x0625.nc4
2049.371,hit,false,0.000,80,211.541,26,GEOS_0.5x0.625/MERRA2/2019/07/MERRA2.20190701.A3cld.05x0625.nc4
2049.403,hit,false,0.000,80,211.573,26,GEOS_0.5x0.625/MERRA2/2019/07/MERRA2.20190701.A3cld.05x0625.nc4
2049.448,hit,false,0.000,80,211.618,26,GEOS_0.5x0.625/MERRA2/2019/07/MERRA2.20190701.A3cld.05x0625.nc4
2049.470,hit,false,0.000,80,211.640,26,GEOS_0.5x0.625/MERRA2/2019/07/MERRA2.20190701.A3cld.05x0625.nc4
2049.502,hit,false,0.000,80,211.671,27,GEOS_0.5x0.625/MERRA2/2019/07/MERRA2.20190701.A3cld.05x0625.nc4
2049.531,hit,false,0.000,80,211.699,27,GEOS_0.5x0.625/MERRA2/2019/07/MERRA2.20190701.A3cld.05x0625.nc4
2049.562,hit,false,0.000,80,211.731,27,GEOS_0.5x0.625/MERRA2/2019/07/MERRA2.20190701.A3cld.05x0625.nc4
2049.592,hit,false,0.000,80,211.760,27,GEOS_0.5x0.625/MERRA2/2019/07/MERRA2.20190701.A3cld.05x0625.nc4
2049.615,hit,false,0.000,80,211.784,27,GEOS_0.5x0.625/MERRA2/2019/07/MERRA2.20190701.A3cld.05x0625.nc4
2049.646,hit,false,0.000,80,211.815,27,GEOS_0.5x0.625/MERRA2/2019/07/MERRA2.20190701.A3cld.05x0625.nc4
2049.672,hit,false,0.000,80,211.841,27,GEOS_0.5x0.625/MERRA2/2019/07/MERRA2.20190701.A3cld.05x0625.nc4
2049.703,hit,false,0.000,80,211.871,27,GEOS_0.5x0.625/MERRA2/2019/07/MERRA2.20190701.A3cld.05x0625.nc4
2049.732,hit,false,0.000,80,211.899,28,GEOS_0.5x0.625/MERRA2/2019/07/MERRA2.20190701.A3cld.05x0625.nc4
2049.768,hit,false,0.000,80,211.935,28,GEOS_0.5x0.625/MERRA2/2019/07/MERRA2.20190701.A3cld.05x0625.nc4
2049.792,hit,false,0.000,80,211.959,28,GEOS_0.5x0.625/MERRA2/2019/07/MERRA2.20190701.A3cld.05x0625.nc4
2049.829,hit,false,0.000,80,211.996,28,GEOS_0.5x0.625/MERRA2/2019/07/MERRA2.20190701.A3cld.05x0625.nc4
2049.853,hit,false,0.000,80,212.020,28,GEOS_0.5x0.625/MERRA2/2019/07/MERRA2.20190701.A3cld.05x0625.nc4
2049.886,hit,false,0.000,80,212.053,28,GEOS_0.5x0.625/MERRA2/2019/07/MERRA2.20190701.A3cld.05x0625.nc4
2049.953,hit,false,0.000,80,212.120,28,GEOS_0.5x0.625/MERRA2/2019/07/MERRA2.20190701.A3cld.05x0625.nc4
2049.978,hit,false,0.000,80,212.145,28,GEOS_0.5x0.625/MERRA2/2019/07/MERRA2.20190701.A3cld.05x0625.nc4
2050.011,hit,false,0.000,80,212.176,29,GEOS_0.5x0.625/MERRA2/2019/07/MERRA2.20190701.A3cld.05x0625.nc4
2050.037,hit,false,0.000,80,212.202,29,GEOS_0.5x0.625/MERRA2/2019/07/MERRA2.20190701.A3cld.05x0625.nc4
2050.070,hit,false,0.000,80,212.235,29,GEOS_0.5x0.625/MERRA2/2019/07/MERRA2.20190701.A3cld.05x0625.nc4
2050.095,hit,false,0.000,80,212.260,29,GEOS_0.5x0.625/MERRA2/2019/07/MERRA2.20190701.A3cld.05x0625.nc4
2050.141,hit,false,0.000,80,212.306,29,GEOS_0.5x0.625/MERRA2/2019/07/MERRA2.20190701.A3cld.05x0625.nc4
2050.164,hit,false,0.000,80,212.329,29,GEOS_0.5x0.625/MERRA2/2019/07/MERRA2.20190701.A3cld.05x0625.nc4
2050.201,hit,false,0.000,80,212.366,29,GEOS_0.5x0.625/MERRA2/2019/07/MERRA2.20190701.A3cld.05x0625.nc4
2050.226,hit,false,0.000,80,212.391,29,GEOS_0.5x0.625/MERRA2/2019/07/MERRA2.20190701.A3cld.05x0625.nc4
2050.259,hit,false,0.000,80,212.423,30,GEOS_0.5x0.625/MERRA2/2019/07/MERRA2.20190701.A3cld.05x0625.nc4
2050.292,hit,false,0.000,80,212.455,30,GEOS_0.5x0.625/MERRA2/2019/07/MERRA2.20190701.A3cld.05x0625.nc4
2050.314,hit,false,0.000,80,212.478,30,GEOS_0.5x0.625/MERRA2/2019/07/MERRA2.20190701.A3cld.05x0625.nc4
2050.353,hit,false,0.000,80,212.516,30,GEOS_0.5x0.625/MERRA2/2019/07/MERRA2.20190701.A3cld.05x0625.nc4
2050.376,hit,false,0.000,80,212.540,30,GEOS_0.5x0.625/MERRA2/2019/07/MERRA2.20190701.A3cld.05x0625.nc4
2050.410,hit,false,0.000,80,212.573,30,GEOS_0.5x0.625/MERRA2/2019/07/MERRA2.20190701.A3cld.05x0625.nc4
2050.437,hit,false,0.000,80,212.601,30,GEOS_0.5x0.625/MERRA2/2019/07/MERRA2.20190701.A3cld.05x0625.nc4
2050.466,hit,false,0.000,80,212.629,30,GEOS_0.5x0.625/MERRA2/2019/07/MERRA2.20190701.A3cld.05x0625.nc4
2050.495,hit,false,0.000,80,212.658,31,GEOS_0.5x0.625/MERRA2/2019/07/MERRA2.20190701.A3cld.05x0625.nc4
2050.528,hit,false,0.000,80,212.690,31,GEOS_0.5x0.625/MERRA2/2019/07/MERRA2.20190701.A3cld.05x0625.nc4
2050.555,hit,false,0.000,80,212.717,31,GEOS_0.5x0.625/MERRA2/2019/07/MERRA2.20190701.A3cld.05x0625.nc4
2050.586,hit,false,0.000,80,212.748,31,GEOS_0.5x0.625/MERRA2/2019/07/MERRA2.20190701.A3cld.05x0625.nc4
2050.615,hit,false,0.000,80,212.778,31,GEOS_0.5x0.625/MERRA2/2019/07/MERRA2.20190701.A3cld.05x0625.nc4
2050.644,hit,false,0.000,80,212.806,31,GEOS_0.5x0.625/MERRA2/2019/07/MERRA2.20190701.A3cld.05x0625.nc4
2050.675,hit,false,0.000,80,212.837,31,GEOS_0.5x0.625/MERRA2/2019/07/MERRA2.20190701.A3cld.05x0625.nc4
2050.705,hit,false,0.000,80,212.868,31,GEOS_0.5x0.625/MERRA2/2019/07/MERRA2.20190701.A3cld.05x0625.nc4
2050.735,hit,false,0.000,80,212.884,32,GEOS_0.5x0.625/MERRA2/2019/07/MERRA2.20190701.A3cld.05x0625.nc4
2050.767,hit,false,0.000,80,212.916,32,GEOS_0.5x0.625/MERRA2/2019/07/MERRA2.20190701.A3cld.05x0625.nc4
2050.815,hit,false,0.000,110,212.964,32,GEOS_0.5x0.625/MERRA2/2019/07/MERRA2.20190701.A3cld.05x0625.nc4
2050.837,hit,false,0.000,120,212.986,32,GEOS_0.5x0.625/MERRA2/2019/07/MERRA2.20190701.A3cld.05x0625.nc4
2050.878,hit,false,0.000,120,213.026,32,GEOS_0.5x0.625/MERRA2/2019/07/MERRA2.20190701.A3cld.05x0625.nc4
2050.900,hit,false,0.000,120,213.049,32,GEOS_0.5x0.625/MERRA2/2019/07/MERRA2.20190701.A3cld.05x0625.nc4
2051.037,hit,false,0.000,120,213.186,32,GEOS_0.5x0.625/MERRA2/2019/07/MERRA2.20190701.A3cld.05x0625.nc4
2051.060,hit,false,0.000,120,213.208,32,GEOS_0.5x0.625/MERRA2/2019/07/MERRA2.20190701.A3cld.05x0625.nc4
2051.105,hit,false,0.000,120,213.179,33,GEOS_0.5x0.625/MERRA2/2019/07/MERRA2.20190701.A3cld.05x0625.nc4
2051.131,hit,false,0.000,120,213.205,33,GEOS_0.5x0.625/MERRA2/2019/07/MERRA2.20190701.A3cld.05x0625.nc4
2051.164,hit,false,0.000,120,213.238,33,GEOS_0.5x0.625/MERRA2/2019/07/MERRA2.20190701.A3cld.05x0625.nc4
2051.186,hit,false,0.000,120,213.260,33,GEOS_0.5x0.625/MERRA2/2019/07/MERRA2.20190701.A3cld.05x0625.nc4
2051.220,hit,false,0.000,120,213.294,33,GEOS_0.5x0.625/MERRA2/2019/07/MERRA2.20190701.A3cld.05x0625.nc4
2051.246,hit,false,0.000,120,213.320,33,GEOS_0.5x0.625/MERRA2/2019/07/MERRA2.20190701.A3cld.05x0625.nc4
2051.279,hit,false,0.000,120,213.354,33,GEOS_0.5x0.625/MERRA2/2019/07/MERRA2.20190701.A3cld.05x0625.nc4
2051.305,hit,false,0.000,120,213.379,33,GEOS_0.5x0.625/MERRA2/2019/07/MERRA2.20190701.A3cld.05x0625.nc4
2051.336,hit,false,0.000,120,213.408,34,GEOS_0.5x0.625/MERRA2/2019/07/MERRA2.20190701.A3cld.05x0625.nc4
2051.363,hit,false,0.000,120,213.435,34,GEOS_0.5x0.625/MERRA2/2019/07/MERRA2.20190701.A3cld.05x0625.nc4
2051.395,hit,false,0.000,120,213.467,34,GEOS_0.5x0.625/MERRA2/2019/07/MERRA2.20190701.A3cld.05x0625.nc4
2051.420,hit,false,0.000,120,213.492,34,GEOS_0.5x0.625/MERRA2/2019/07/MERRA2.20190701.A3cld.05x0625.nc4
2051.452,hit,false,0.000,120,213.524,34,GEOS_0.5x0.625/MERRA2/2019/07/MERRA2.20190701.A3cld.05x0625.nc4
2051.481,hit,false,0.000,120,213.553,34,GEOS_0.5x0.625/MERRA2/2019/07/MERRA2.20190701.A3cld.05x0625.nc4
2051.510,hit,false,0.000,120,213.582,34,GEOS_0.5x0.625/MERRA2/2019/07/MERRA2.20190701.A3cld.05x0625.nc4
2051.541,hit,false,0.000,120,213.613,34,GEOS_0.5x0.625/MERRA2/2019/07/MERRA2.20190701.A3cld.05x0625.nc4
2051.563,hit,false,0.000,120,213.634,35,GEOS_0.5x0.625/MERRA2/2019/07/MERRA2.20190701.A3cld.05x0625.nc4
2051.600,hit,false,0.000,120,213.670,35,GEOS_0.5x0.625/MERRA2/2019/07/MERRA2.20190701.A3cld.05x0625.nc4
2051.626,hit,false,0.000,120,213.696,35,GEOS_0.5x0.625/MERRA2/2019/07/MERRA2.20190701.A3cld.05x0625.nc4
2051.663,hit,false,0.000,120,213.733,35,GEOS_0.5x0.625/MERRA2/2019/07/MERRA2.20190701.A3cld.05x0625.nc4
2051.688,hit,false,0.000,120,213.758,35,GEOS_0.5x0.625/MERRA2/2019/07/MERRA2.20190701.A3cld.05x0625.nc4
2051.731,hit,false,0.000,120,213.801,35,GEOS_0.5x0.625/MERRA2/2019/07/MERRA2.20190701.A3cld.05x0625.nc4
2051.753,hit,false,0.000,120,213.824,35,GEOS_0.5x0.625/MERRA2/2019/07/MERRA2.20190701.A3cld.05x0625.nc4
2051.785,hit,false,0.000,120,213.856,35,GEOS_0.5x0.625/MERRA2/2019/07/MERRA2.20190701.A3cld.05x0625.nc4
2051.812,hit,false,0.000,120,213.881,36,GEOS_0.5x0.625/MERRA2/2019/07/MERRA2.20190701.A3cld.05x0625.nc4
2051.846,hit,false,0.000,120,213.915,36,GEOS_0.5x0.625/MERRA2/2019/07/MERRA2.20190701.A3cld.05x0625.nc4
2051.874,hit,false,0.000,120,213.944,36,GEOS_0.5x0.625/MERRA2/2019/07/MERRA2.20190701.A3cld.05x0625.nc4
2051.899,hit,false,0.000,120,213.968,36,GEOS_0.5x0.625/MERRA2/2019/07/MERRA2.20190701.A3cld.05x0625.nc4
2051.930,hit,false,0.000,120,213.999,36,GEOS_0.5x0.625/MERRA2/2019/07/MERRA2.20190701.A3cld.05x0625.nc4
2051.958,hit,false,0.000,120,214.028,36,GEOS_0.5x0.625/MERRA2/2019/07/MERRA2.20190701.A3cld.05x0625.nc4
2051.987,hit,false,0.000,120,214.056,36,GEOS_0.5x0.625/MERRA2/2019/07/MERRA2.20190701.A3cld.05x0625.nc4
2052.010,hit,false,0.000,120,214.079,36,GEOS_0.5x0.625/MERRA2/2019/07/MERRA2.20190701.A3cld.05x0625.nc4
2052.047,hit,false,0.000,120,214.114,37,GEOS_0.5x0.625/MERRA2/2019/07/MERRA2.20190701.A3cld.05x0625.nc4
2052.073,hit,false,0.000,120,214.140,37,GEOS_0.5x0.625/MERRA2/2019/07/MERRA2.20190701.A3cld.05x0625.nc4
2052.105,hit,false,0.000,120,214.173,37,GEOS_0.5x0.625/MERRA2/2019/07/MERRA2.20190701.A3cld.05x0625.nc4
2052.136,hit,false,0.000,120,214.203,37,GEOS_0.5x0.625/MERRA2/2019/07/MERRA2.20190701.A3cld.05x0625.nc4
2052.160,hit,false,0.000,120,214.227,37,GEOS_0.5x0.625/MERRA2/2019/07/MERRA2.20190701.A3cld.05x0625.nc4
2052.194,hit,false,0.000,120,214.261,37,GEOS_0.5x0.625/MERRA2/2019/07/MERRA2.20190701.A3cld.05x0625.nc4
2052.218,hit,false,0.000,120,214.285,37,GEOS_0.5x0.625/MERRA2/2019/07/MERRA2.20190701.A3cld.05x0625.nc4
2052.250,hit,false,0.000,120,214.318,37,GEOS_0.5x0.625/MERRA2/2019/07/MERRA2.20190701.A3cld.05x0625.nc4
2052.275,hit,false,0.000,120,214.341,38,GEOS_0.5x0.625/MERRA2/2019/07/MERRA2.20190701.A3cld.05x0625.nc4
2052.311,hit,false,0.000,120,214.377,38,GEOS_0.5x0.625/MERRA2/2019/07/MERRA2.20190701.A3cld.05x0625.nc4
2052.341,hit,false,0.000,120,214.407,38,GEOS_0.5x0.625/MERRA2/2019/07/MERRA2.20190701.A3cld.05x0625.nc4
2052.366,hit,false,0.000,120,214.432,38,GEOS_0.5x0.625/MERRA2/2019/07/MERRA2.20190701.A3cld.05x0625.nc4
2052.398,hit,false,0.000,120,214.463,38,GEOS_0.5x0.625/MERRA2/2019/07/MERRA2.20190701.A3cld.05x0625.nc4
2052.424,hit,false,0.000,120,214.490,38,GEOS_0.5x0.625/MERRA2/2019/07/MERRA2.20190701.A3cld.05x0625.nc4
2052.456,hit,false,0.000,120,214.522,38,GEOS_0.5x0.625/MERRA2/2019/07/MERRA2.20190701.A3cld.05x0625.nc4
2052.485,hit,false,0.000,120,214.551,38,GEOS_0.5x0.625/MERRA2/2019/07/MERRA2.20190701.A3cld.05x0625.nc4
2052.515,hit,false,0.000,120,214.579,39,GEOS_0.5x0.625/MERRA2/2019/07/MERRA2.20190701.A3cld.05x0625.nc4
2052.542,hit,false,0.000,120,214.605,39,GEOS_0.5x0.625/MERRA2/2019/07/MERRA2.20190701.A3cld.05x0625.nc4
2052.573,hit,false,0.000,120,214.637,39,GEOS_0.5x0.625/MERRA2/2019/07/MERRA2.20190701.A3cld.05x0625.nc4
2052.600,hit,false,0.000,120,214.664,39,GEOS_0.5x0.625/MERRA2/2019/07/MERRA2.20190701.A3cld.05x0625.nc4
2052.630,hit,false,0.000,120,214.694,39,GEOS_0.5x0.625/MERRA2/2019/07/MERRA2.20190701.A3cld.05x0625.nc4
2052.653,hit,false,0.000,120,214.717,39,GEOS_0.5x0.625/MERRA2/2019/07/MERRA2.20190701.A3cld.05x0625.nc4
2052.691,hit,false,0.000,120,214.755,39,GEOS_0.5x0.625/MERRA2/2019/07/MERRA2.20190701.A3cld.05x0625.nc4
2052.714,hit,false,0.000,120,214.778,39,GEOS_0.5x0.625/MERRA2/2019/07/MERRA2.20190701.A3cld.05x0625.nc4
2052.748,hit,false,0.000,120,214.890,40,GEOS_0.5x0.625/MERRA2/2019/07/MERRA2.20190701.A3cld.05x0625.nc4
2052.778,hit,false,0.000,120,214.920,40,GEOS_0.5x0.625/MERRA2/2019/07/MERRA2.20190701.A3cld.05x0625.nc4
2052.825,hit,false,0.000,148,214.967,40,GEOS_0.5x0.625/MERRA2/2019/07/MERRA2.20190701.A3cld.05x0625.nc4
2052.846,hit,false,0.000,160,214.988,40,GEOS_0.5x0.625/MERRA2/2019/07/MERRA2.20190701.A3cld.05x0625.nc4
2052.893,hit,false,0.000,160,215.035,40,GEOS_0.5x0.625/MERRA2/2019/07/MERRA2.20190701.A3cld.05x0625.nc4
2052.997,hit,false,0.000,160,215.139,40,GEOS_0.5x0.625/MERRA2/2019/07/MERRA2.20190701.A3cld.05x0625.nc4
2053.019,hit,false,0.000,160,215.161,40,GEOS_0.5x0.625/MERRA2/2019/07/MERRA2.20190701.A3cld.05x0625.nc4
2053.069,hit,false,0.000,160,215.211,40,GEOS_0.5x0.625/MERRA2/2019/07/MERRA2.20190701.A3cld.05x0625.nc4
2053.092,hit,false,0.000,160,215.228,41,GEOS_0.5x0.625/MERRA2/2019/07/MERRA2.20190701.A3cld.05x0625.nc4
2053.132,hit,false,0.000,160,215.268,41,GEOS_0.5x0.625/MERRA2/2019/07/MERRA2.20190701.A3cld.05x0625.nc4
2053.167,hit,false,0.000,160,215.303,41,GEOS_0.5x0.625/MERRA2/2019/07/MERRA2.20190701.A3cld.05x0625.nc4
2053.192,hit,false,0.000,160,215.328,41,GEOS_0.5x0.625/MERRA2/2019/07/MERRA2.20190701.A3cld.05x0625.nc4
2053.237,hit,false,0.000,160,215.373,41,GEOS_0.5x0.625/MERRA2/2019/07/MERRA2.20190701.A3cld.05x0625.nc4
2053.259,hit,false,0.000,160,215.395,41,GEOS_0.5x0.625/MERRA2/2019/07/MERRA2.20190701.A3cld.05x0625.nc4
2053.296,hit,false,0.000,160,215.432,41,GEOS_0.5x0.625/MERRA2/2019/07/MERRA2.20190701.A3cld.05x0625.nc4
2053.320,hit,false,0.000,160,215.455,41,GEOS_0.5x0.625/MERRA2/2019/07/MERRA2.20190701.A3cld.05x0625.nc4
2053.351,hit,false,0.000,160,215.484,42,GEOS_0.5x0.625/MERRA2/2019/07/MERRA2.20190701.A3cld.05x0625.nc4
2053.378,hit,false,0.000,160,215.512,42,GEOS_0.5x0.625/MERRA2/2019/07/MERRA2.20190701.A3cld.05x0625.nc4
2053.410,hit,false,0.000,160,215.543,42,GEOS_0.5x0.625/MERRA2/2019/07/MERRA2.20190701.A3cld.05x0625.nc4
2053.439,hit,false,0.000,160,215.572,42,GEOS_0.5x0.625/MERRA2/2019/07/MERRA2.20190701.A3cld.05x0625.nc4
2053.470,hit,false,0.000,160,215.603,42,GEOS_0.5x0.625/MERRA2/2019/07/MERRA2.20190701.A3cld.05x0625.nc4
2053.495,hit,false,0.000,160,215.628,42,GEOS_0.5x0.625/MERRA2/2019/07/MERRA2.20190701.A3cld.05x0625.nc4
2053.525,hit,false,0.000,160,215.658,42,GEOS_0.5x0.625/MERRA2/2019/07/MERRA2.20190701.A3cld.05x0625.nc4
2053.553,hit,false,0.000,160,215.687,42,GEOS_0.5x0.625/MERRA2/2019/07/MERRA2.20190701.A3cld.05x0625.nc4
2053.597,hit,false,0.000,160,215.728,43,GEOS_0.5x0.625/MERRA2/2019/07/MERRA2.20190701.A3cld.05x0625.nc4
2053.622,hit,false,0.000,160,215.753,43,GEOS_0.5x0.625/MERRA2/2019/07/MERRA2.20190701.A3cld.05x0625.nc4
2053.660,hit,false,0.000,160,215.792,43,GEOS_0.5x0.625/MERRA2/2019/07/MERRA2.20190701.A3cld.05x0625.nc4
2053.682,hit,false,0.000,160,215.814,43,GEOS_0.5x0.625/MERRA2/2019/07/MERRA2.20190701.A3cld.05x0625.nc4
2053.723,hit,false,0.000,160,215.855,43,GEOS_0.5x0.625/MERRA2/2019/07/MERRA2.20190701.A3cld.05x0625.nc4
2053.745,hit,false,0.000,160,215.877,43,GEOS_0.5x0.625/MERRA2/2019/07/MERRA2.20190701.A3cld.05x0625.nc4
2053.782,hit,false,0.000,160,215.913,43,GEOS_0.5x0.625/MERRA2/2019/07/MERRA2.20190701.A3cld.05x0625.nc4
2053.805,hit,false,0.000,160,215.936,43,GEOS_0.5x0.625/MERRA2/2019/07/MERRA2.20190701.A3cld.05x0625.nc4
2053.838,hit,false,0.000,160,215.967,44,GEOS_0.5x0.625/MERRA2/2019/07/MERRA2.20190701.A3cld.05x0625.nc4
2053.866,hit,false,0.000,160,215.996,44,GEOS_0.5x0.625/MERRA2/2019/07/MERRA2.20190701.A3cld.05x0625.nc4
2053.897,hit,false,0.000,160,216.027,44,GEOS_0.5x0.625/MERRA2/2019/07/MERRA2.20190701.A3cld.05x0625.nc4
2053.927,hit,false,0.000,160,216.057,44,GEOS_0.5x0.625/MERRA2/2019/07/MERRA2.20190701.A3cld.05x0625.nc4
2053.953,hit,false,0.000,160,216.082,44,GEOS_0.5x0.625/MERRA2/2019/07/MERRA2.20190701.A3cld.05x0625.nc4
2053.981,hit,false,0.000,160,216.111,44,GEOS_0.5x0.625/MERRA2/2019/07/MERRA2.20190701.A3cld.05x0625.nc4
2054.007,hit,false,0.000,160,216.137,44,GEOS_0.5x0.625/MERRA2/2019/07/MERRA2.20190701.A3cld.05x0625.nc4
2054.036,hit,false,0.000,160,216.166,44,GEOS_0.5x0.625/MERRA2/2019/07/MERRA2.20190701.A3cld.05x0625.nc4
2054.062,hit,false,0.000,160,216.189,45,GEOS_0.5x0.625/MERRA2/2019/07/MERRA2.20190701.A3cld.05x0625.nc4
2054.099,hit,false,0.000,160,216.226,45,GEOS_0.5x0.625/MERRA2/2019/07/MERRA2.20190701.A3cld.05x0625.nc4
2054.125,hit,false,0.000,160,216.252,45,GEOS_0.5x0.625/MERRA2/2019/07/MERRA2.20190701.A3cld.05x0625.nc4
2054.160,hit,false,0.000,160,216.287,45,GEOS_0.5x0.625/MERRA2/2019/07/MERRA2.20190701.A3cld.05x0625.nc4
2054.185,hit,false,0.000,160,216.313,45,GEOS_0.5x0.625/MERRA2/2019/07/MERRA2.20190701.A3cld.05x0625.nc4
2054.218,hit,false,0.000,160,216.346,45,GEOS_0.5x0.625/MERRA2/2019/07/MERRA2.20190701.A3cld.05x0625.nc4
2054.244,hit,false,0.000,160,216.372,45,GEOS_0.5x0.625/MERRA2/2019/07/MERRA2.20190701.A3cld.05x0625.nc4
2054.276,hit,false,0.000,160,216.404,45,GEOS_0.5x0.625/MERRA2/2019/07/MERRA2.20190701.A3cld.05x0625.nc4
2054.299,hit,false,0.000,160,216.425,46,GEOS_0.5x0.625/MERRA2/2019/07/MERRA2.20190701.A3cld.05x0625.nc4
2054.338,hit,false,0.000,160,216.464,46,GEOS_0.5x0.625/MERRA2/2019/07/MERRA2.20190701.A3cld.05x0625.nc4
2054.362,hit,false,0.000,160,216.488,46,GEOS_0.5x0.625/MERRA2/2019/07/MERRA2.20190701.A3cld.05x0625.nc4
2054.396,hit,false,0.000,160,216.522,46,GEOS_0.5x0.625/MERRA2/2019/07/MERRA2.20190701.A3cld.05x0625.nc4
2054.421,hit,false,0.000,160,216.547,46,GEOS_0.5x0.625/MERRA2/2019/07/MERRA2.20190701.A3cld.05x0625.nc4
2054.458,hit,false,0.000,160,216.584,46,GEOS_0.5x0.625/MERRA2/2019/07/MERRA2.20190701.A3cld.05x0625.nc4
2054.482,hit,false,0.000,160,216.608,46,GEOS_0.5x0.625/MERRA2/2019/07/MERRA2.20190701.A3cld.05x0625.nc4
2054.515,hit,false,0.000,160,216.641,46,GEOS_0.5x0.625/MERRA2/2019/07/MERRA2.20190701.A3cld.05x0625.nc4
2054.543,hit,false,0.000,160,216.667,47,GEOS_0.5x0.625/MERRA2/2019/07/MERRA2.20190701.A3cld.05x0625.nc4
2054.573,hit,false,0.000,160,216.698,47,GEOS_0.5x0.625/MERRA2/2019/07/MERRA2.20190701.A3cld.05x0625.nc4
2054.604,hit,false,0.000,160,216.729,47,GEOS_0.5x0.625/MERRA2/2019/07/MERRA2.20190701.A3cld.05x0625.nc4
2054.626,hit,false,0.000,160,216.751,47,GEOS_0.5x0.625/MERRA2/2019/07/MERRA2.20190701.A3cld.05x0625.nc4
2054.661,hit,false,0.000,160,216.786,47,GEOS_0.5x0.625/MERRA2/2019/07/MERRA2.20190701.A3cld.05x0625.nc4
2054.689,hit,false,0.000,160,216.813,47,GEOS_0.5x0.625/MERRA2/2019/07/MERRA2.20190701.A3cld.05x0625.nc4
2054.720,hit,false,0.000,160,216.845,47,GEOS_0.5x0.625/MERRA2/2019/07/MERRA2.20190701.A3cld.05x0625.nc4
2054.743,hit,false,0.000,160,216.868,47,GEOS_0.5x0.625/MERRA2/2019/07/MERRA2.20190701.A3cld.05x0625.nc4
2054.781,uncovered,false,19.753,151,8.096,48,GEOS_0.5x0.625/MERRA2/2019/07/MERRA2.20190701.A3cld.05x0625.nc4
2054.808,uncovered,false,19.716,151,8.123,48,GEOS_0.5x0.625/MERRA2/2019/07/MERRA2.20190701.A3cld.05x0625.nc4
2074.653,hit,false,0.000,175,27.968,48,GEOS_0.5x0.625/MERRA2/2019/07/MERRA2.20190701.A3cld.05x0625.nc4
2074.699,hit,false,0.000,175,28.013,48,GEOS_0.5x0.625/MERRA2/2019/07/MERRA2.20190701.A3cld.05x0625.nc4
2074.781,hit,false,0.000,183,28.096,48,GEOS_0.5x0.625/MERRA2/2019/07/MERRA2.20190701.A3cld.05x0625.nc4
2074.822,hit,false,0.000,191,28.137,48,GEOS_0.5x0.625/MERRA2/2019/07/MERRA2.20190701.A3cld.05x0625.nc4
2074.898,hit,false,0.000,191,28.213,48,GEOS_0.5x0.625/MERRA2/2019/07/MERRA2.20190701.A3cld.05x0625.nc4
2074.971,hit,false,0.000,191,28.285,48,GEOS_0.5x0.625/MERRA2/2019/07/MERRA2.20190701.A3cld.05x0625.nc4
2075.010,uncovered,false,5.978,182,28.322,49,GEOS_0.5x0.625/MERRA2/2019/07/MERRA2.20190701.A3cld.05x0625.nc4
2075.106,uncovered,false,5.865,182,28.418,49,GEOS_0.5x0.625/MERRA2/2019/07/MERRA2.20190701.A3cld.05x0625.nc4
2081.117,hit,false,0.000,182,34.429,49,GEOS_0.5x0.625/MERRA2/2019/07/MERRA2.20190701.A3cld.05x0625.nc4
2081.153,hit,false,0.000,182,34.465,49,GEOS_0.5x0.625/MERRA2/2019/07/MERRA2.20190701.A3cld.05x0625.nc4
2081.204,hit,false,0.000,182,34.516,49,GEOS_0.5x0.625/MERRA2/2019/07/MERRA2.20190701.A3cld.05x0625.nc4
2081.232,hit,false,0.000,182,34.543,49,GEOS_0.5x0.625/MERRA2/2019/07/MERRA2.20190701.A3cld.05x0625.nc4
2081.287,hit,false,0.000,182,34.598,49,GEOS_0.5x0.625/MERRA2/2019/07/MERRA2.20190701.A3cld.05x0625.nc4
2081.320,hit,false,0.000,182,34.632,49,GEOS_0.5x0.625/MERRA2/2019/07/MERRA2.20190701.A3cld.05x0625.nc4
2081.374,uncovered,false,10.204,165,34.684,50,GEOS_0.5x0.625/MERRA2/2019/07/MERRA2.20190701.A3cld.05x0625.nc4
2081.419,uncovered,false,10.141,165,34.728,50,GEOS_0.5x0.625/MERRA2/2019/07/MERRA2.20190701.A3cld.05x0625.nc4
2091.691,hit,false,0.000,165,45.001,50,GEOS_0.5x0.625/MERRA2/2019/07/MERRA2.20190701.A3cld.05x0625.nc4
2091.718,hit,false,0.000,165,45.027,50,GEOS_0.5x0.625/MERRA2/2019/07/MERRA2.20190701.A3cld.05x0625.nc4
2091.768,hit,false,0.000,165,45.078,50,GEOS_0.5x0.625/MERRA2/2019/07/MERRA2.20190701.A3cld.05x0625.nc4
2091.796,hit,false,0.000,165,45.106,50,GEOS_0.5x0.625/MERRA2/2019/07/MERRA2.20190701.A3cld.05x0625.nc4
2091.876,hit,false,0.000,165,45.185,50,GEOS_0.5x0.625/MERRA2/2019/07/MERRA2.20190701.A3cld.05x0625.nc4
2091.901,hit,false,0.000,165,45.210,50,GEOS_0.5x0.625/MERRA2/2019/07/MERRA2.20190701.A3cld.05x0625.nc4
2091.950,uncovered,false,9.488,146,45.257,51,GEOS_0.5x0.625/MERRA2/2019/07/MERRA2.20190701.A3cld.05x0625.nc4
2091.987,uncovered,false,9.388,146,45.294,51,GEOS_0.5x0.625/MERRA2/2019/07/MERRA2.20190701.A3cld.05x0625.nc4
2101.625,hit,false,0.000,146,54.933,51,GEOS_0.5x0.625/MERRA2/2019/07/MERRA2.20190701.A3cld.05x0625.nc4
2101.655,hit,false,0.000,146,54.962,51,GEOS_0.5x0.625/MERRA2/2019/07/MERRA2.20190701.A3cld.05x0625.nc4
2101.725,hit,false,0.000,146,55.033,51,GEOS_0.5x0.625/MERRA2/2019/07/MERRA2.20190701.A3cld.05x0625.nc4
2101.751,hit,false,0.000,146,55.058,51,GEOS_0.5x0.625/MERRA2/2019/07/MERRA2.20190701.A3cld.05x0625.nc4
2101.826,hit,false,0.000,146,55.133,51,GEOS_0.5x0.625/MERRA2/2019/07/MERRA2.20190701.A3cld.05x0625.nc4
2101.847,hit,false,0.000,146,55.154,51,GEOS_0.5x0.625/MERRA2/2019/07/MERRA2.20190701.A3cld.05x0625.nc4
2101.904,uncovered,false,11.011,129,55.209,52,GEOS_0.5x0.625/MERRA2/2019/07/MERRA2.20190701.A3cld.05x0625.nc4
2101.966,uncovered,false,10.914,129,55.272,52,GEOS_0.5x0.625/MERRA2/2019/07/MERRA2.20190701.A3cld.05x0625.nc4
2113.038,hit,false,0.000,129,66.343,52,GEOS_0.5x0.625/MERRA2/2019/07/MERRA2.20190701.A3cld.05x0625.nc4
2113.079,hit,false,0.000,129,66.385,52,GEOS_0.5x0.625/MERRA2/2019/07/MERRA2.20190701.A3cld.05x0625.nc4
2113.119,hit,false,0.000,129,66.424,52,GEOS_0.5x0.625/MERRA2/2019/07/MERRA2.20190701.A3cld.05x0625.nc4
2113.164,hit,false,0.000,129,66.470,52,GEOS_0.5x0.625/MERRA2/2019/07/MERRA2.20190701.A3cld.05x0625.nc4
2113.198,hit,false,0.000,129,66.503,52,GEOS_0.5x0.625/MERRA2/2019/07/MERRA2.20190701.A3cld.05x0625.nc4
2113.218,hit,false,0.000,129,66.524,52,GEOS_0.5x0.625/MERRA2/2019/07/MERRA2.20190701.A3cld.05x0625.nc4
2113.285,uncovered,false,19.747,94,66.586,53,GEOS_0.5x0.625/MERRA2/2019/07/MERRA2.20190701.A3cld.05x0625.nc4
2113.310,uncovered,false,19.726,94,66.611,53,GEOS_0.5x0.625/MERRA2/2019/07/MERRA2.20190701.A3cld.05x0625.nc4
2133.188,hit,false,0.000,94,86.489,53,GEOS_0.5x0.625/MERRA2/2019/07/MERRA2.20190701.A3cld.05x0625.nc4
2133.221,hit,false,0.000,94,86.522,53,GEOS_0.5x0.625/MERRA2/2019/07/MERRA2.20190701.A3cld.05x0625.nc4
2133.323,hit,false,0.000,94,86.623,53,GEOS_0.5x0.625/MERRA2/2019/07/MERRA2.20190701.A3cld.05x0625.nc4
2133.354,hit,false,0.000,94,86.654,53,GEOS_0.5x0.625/MERRA2/2019/07/MERRA2.20190701.A3cld.05x0625.nc4
2133.423,hit,false,0.000,94,86.724,53,GEOS_0.5x0.625/MERRA2/2019/07/MERRA2.20190701.A3cld.05x0625.nc4
2133.450,hit,false,0.000,93,86.750,53,GEOS_0.5x0.625/MERRA2/2019/07/MERRA2.20190701.A3cld.05x0625.nc4
2133.510,uncovered,false,14.856,65,86.808,54,GEOS_0.5x0.625/MERRA2/2019/07/MERRA2.20190701.A3cld.05x0625.nc4
2133.563,uncovered,false,14.769,65,86.861,54,GEOS_0.5x0.625/MERRA2/2019/07/MERRA2.20190701.A3cld.05x0625.nc4
2148.508,hit,false,0.000,65,101.806,54,GEOS_0.5x0.625/MERRA2/2019/07/MERRA2.20190701.A3cld.05x0625.nc4
2148.541,hit,false,0.000,65,101.839,54,GEOS_0.5x0.625/MERRA2/2019/07/MERRA2.20190701.A3cld.05x0625.nc4
2148.588,hit,false,0.000,64,101.886,54,GEOS_0.5x0.625/MERRA2/2019/07/MERRA2.20190701.A3cld.05x0625.nc4
2148.642,hit,false,0.000,64,101.940,54,GEOS_0.5x0.625/MERRA2/2019/07/MERRA2.20190701.A3cld.05x0625.nc4
2148.679,hit,false,0.000,64,101.977,54,GEOS_0.5x0.625/MERRA2/2019/07/MERRA2.20190701.A3cld.05x0625.nc4
2148.728,hit,false,0.000,64,102.026,54,GEOS_0.5x0.625/MERRA2/2019/07/MERRA2.20190701.A3cld.05x0625.nc4
2148.766,uncovered,false,13.577,37,102.062,55,GEOS_0.5x0.625/MERRA2/2019/07/MERRA2.20190701.A3cld.05x0625.nc4
2148.825,uncovered,false,13.556,37,102.121,55,GEOS_0.5x0.625/MERRA2/2019/07/MERRA2.20190701.A3cld.05x0625.nc4
2162.463,hit,false,0.000,37,115.759,55,GEOS_0.5x0.625/MERRA2/2019/07/MERRA2.20190701.A3cld.05x0625.nc4
2162.530,hit,false,0.000,37,115.826,55,GEOS_0.5x0.625/MERRA2/2019/07/MERRA2.20190701.A3cld.05x0625.nc4
2162.569,hit,false,0.000,37,115.865,55,GEOS_0.5x0.625/MERRA2/2019/07/MERRA2.20190701.A3cld.05x0625.nc4
2162.618,hit,false,0.000,37,115.915,55,GEOS_0.5x0.625/MERRA2/2019/07/MERRA2.20190701.A3cld.05x0625.nc4
2162.659,hit,false,0.000,37,115.955,55,GEOS_0.5x0.625/MERRA2/2019/07/MERRA2.20190701.A3cld.05x0625.nc4
2162.699,hit,false,0.000,37,115.995,55,GEOS_0.5x0.625/MERRA2/2019/07/MERRA2.20190701.A3cld.05x0625.nc4
2162.727,hit,false,0.000,37,116.046,56,GEOS_0.5x0.625/MERRA2/2019/07/MERRA2.20190701.A3cld.05x0625.nc4
2162.775,hit,false,0.000,37,116.094,56,GEOS_0.5x0.625/MERRA2/2019/07/MERRA2.20190701.A3cld.05x0625.nc4
2162.823,hit,false,0.000,60,116.142,56,GEOS_0.5x0.625/MERRA2/2019/07/MERRA2.20190701.A3cld.05x0625.nc4
2162.850,hit,false,0.000,60,116.168,56,GEOS_0.5x0.625/MERRA2/2019/07/MERRA2.20190701.A3cld.05x0625.nc4
2162.890,hit,false,0.000,65,116.208,56,GEOS_0.5x0.625/MERRA2/2019/07/MERRA2.20190701.A3cld.05x0625.nc4
2162.914,hit,false,0.000,65,116.232,56,GEOS_0.5x0.625/MERRA2/2019/07/MERRA2.20190701.A3cld.05x0625.nc4
2162.969,hit,false,0.000,65,116.288,56,GEOS_0.5x0.625/MERRA2/2019/07/MERRA2.20190701.A3cld.05x0625.nc4
2162.994,hit,false,0.000,69,116.312,56,GEOS_0.5x0.625/MERRA2/2019/07/MERRA2.20190701.A3cld.05x0625.nc4
2163.059,hit,false,0.000,77,116.372,57,GEOS_0.5x0.625/MERRA2/2019/07/MERRA2.20190701.A3cld.05x0625.nc4
2163.108,hit,false,0.000,77,116.422,57,GEOS_0.5x0.625/MERRA2/2019/07/MERRA2.20190701.A3cld.05x0625.nc4
2163.148,hit,false,0.000,77,116.461,57,GEOS_0.5x0.625/MERRA2/2019/07/MERRA2.20190701.A3cld.05x0625.nc4
2163.201,hit,false,0.000,77,116.514,57,GEOS_0.5x0.625/MERRA2/2019/07/MERRA2.20190701.A3cld.05x0625.nc4
2163.221,hit,false,0.000,77,116.535,57,GEOS_0.5x0.625/MERRA2/2019/07/MERRA2.20190701.A3cld.05x0625.nc4
2163.265,hit,false,0.000,77,116.578,57,GEOS_0.5x0.625/MERRA2/2019/07/MERRA2.20190701.A3cld.05x0625.nc4
2163.312,hit,false,0.000,77,116.626,57,GEOS_0.5x0.625/MERRA2/2019/07/MERRA2.20190701.A3cld.05x0625.nc4
2163.334,hit,false,0.000,77,116.648,57,GEOS_0.5x0.625/MERRA2/2019/07/MERRA2.20190701.A3cld.05x0625.nc4
2163.380,hit,false,0.000,77,116.691,58,GEOS_0.5x0.625/MERRA2/2019/07/MERRA2.20190701.A3cld.05x0625.nc4
2163.409,hit,false,0.000,77,116.720,58,GEOS_0.5x0.625/MERRA2/2019/07/MERRA2.20190701.A3cld.05x0625.nc4
2163.456,hit,false,0.000,77,116.768,58,GEOS_0.5x0.625/MERRA2/2019/07/MERRA2.20190701.A3cld.05x0625.nc4
2163.480,hit,false,0.000,77,116.791,58,GEOS_0.5x0.625/MERRA2/2019/07/MERRA2.20190701.A3cld.05x0625.nc4
2163.520,hit,false,0.000,77,116.831,58,GEOS_0.5x0.625/MERRA2/2019/07/MERRA2.20190701.A3cld.05x0625.nc4
2163.546,hit,false,0.000,77,116.857,58,GEOS_0.5x0.625/MERRA2/2019/07/MERRA2.20190701.A3cld.05x0625.nc4
2163.582,hit,false,0.000,77,116.894,58,GEOS_0.5x0.625/MERRA2/2019/07/MERRA2.20190701.A3cld.05x0625.nc4
2163.609,hit,false,0.000,77,116.920,58,GEOS_0.5x0.625/MERRA2/2019/07/MERRA2.20190701.A3cld.05x0625.nc4
2163.649,hit,false,0.000,77,116.958,59,GEOS_0.5x0.625/MERRA2/2019/07/MERRA2.20190701.A3cld.05x0625.nc4
2163.676,hit,false,0.000,77,116.984,59,GEOS_0.5x0.625/MERRA2/2019/07/MERRA2.20190701.A3cld.05x0625.nc4
2163.727,hit,false,0.000,77,117.036,59,GEOS_0.5x0.625/MERRA2/2019/07/MERRA2.20190701.A3cld.05x0625.nc4
2163.749,hit,false,0.000,77,117.058,59,GEOS_0.5x0.625/MERRA2/2019/07/MERRA2.20190701.A3cld.05x0625.nc4
2163.793,hit,false,0.000,77,117.102,59,GEOS_0.5x0.625/MERRA2/2019/07/MERRA2.20190701.A3cld.05x0625.nc4
2163.821,hit,false,0.000,77,117.129,59,GEOS_0.5x0.625/MERRA2/2019/07/MERRA2.20190701.A3cld.05x0625.nc4
2163.859,hit,false,0.000,77,117.167,59,GEOS_0.5x0.625/MERRA2/2019/07/MERRA2.20190701.A3cld.05x0625.nc4
2163.885,hit,false,0.000,77,117.194,59,GEOS_0.5x0.625/MERRA2/2019/07/MERRA2.20190701.A3cld.05x0625.nc4
2163.929,hit,false,0.000,77,117.236,60,GEOS_0.5x0.625/MERRA2/2019/07/MERRA2.20190701.A3cld.05x0625.nc4
2163.955,hit,false,0.000,77,117.261,60,GEOS_0.5x0.625/MERRA2/2019/07/MERRA2.20190701.A3cld.05x0625.nc4
2164.000,hit,false,0.000,77,117.307,60,GEOS_0.5x0.625/MERRA2/2019/07/MERRA2.20190701.A3cld.05x0625.nc4
2164.026,hit,false,0.000,77,117.332,60,GEOS_0.5x0.625/MERRA2/2019/07/MERRA2.20190701.A3cld.05x0625.nc4
2164.060,hit,false,0.000,77,117.366,60,GEOS_0.5x0.625/MERRA2/2019/07/MERRA2.20190701.A3cld.05x0625.nc4
2164.161,hit,false,0.000,76,117.468,60,GEOS_0.5x0.625/MERRA2/2019/07/MERRA2.20190701.A3cld.05x0625.nc4
2164.185,hit,false,0.000,76,117.491,60,GEOS_0.5x0.625/MERRA2/2019/07/MERRA2.20190701.A3cld.05x0625.nc4
2164.231,hit,false,0.000,76,117.537,60,GEOS_0.5x0.625/MERRA2/2019/07/MERRA2.20190701.A3cld.05x0625.nc4
2164.257,hit,false,0.000,76,117.562,61,GEOS_0.5x0.625/MERRA2/2019/07/MERRA2.20190701.A3cld.05x0625.nc4
2164.294,hit,false,0.000,76,117.598,61,GEOS_0.5x0.625/MERRA2/2019/07/MERRA2.20190701.A3cld.05x0625.nc4
2164.334,hit,false,0.000,76,117.639,61,GEOS_0.5x0.625/MERRA2/2019/07/MERRA2.20190701.A3cld.05x0625.nc4
2164.367,hit,false,0.000,76,117.671,61,GEOS_0.5x0.625/MERRA2/2019/07/MERRA2.20190701.A3cld.05x0625.nc4
2164.429,hit,false,0.000,75,117.733,61,GEOS_0.5x0.625/MERRA2/2019/07/MERRA2.20190701.A3cld.05x0625.nc4
2164.460,hit,false,0.000,75,117.765,61,GEOS_0.5x0.625/MERRA2/2019/07/MERRA2.20190701.A3cld.05x0625.nc4
2164.491,hit,false,0.000,75,117.796,61,GEOS_0.5x0.625/MERRA2/2019/07/MERRA2.20190701.A3cld.05x0625.nc4
2164.559,hit,false,0.000,75,117.863,61,GEOS_0.5x0.625/MERRA2/2019/07/MERRA2.20190701.A3cld.05x0625.nc4
2164.579,hit,false,0.000,75,117.882,62,GEOS_0.5x0.625/MERRA2/2019/07/MERRA2.20190701.A3cld.05x0625.nc4
2164.623,hit,false,0.000,75,117.926,62,GEOS_0.5x0.625/MERRA2/2019/07/MERRA2.20190701.A3cld.05x0625.nc4
2164.678,hit,false,0.000,75,117.981,62,GEOS_0.5x0.625/MERRA2/2019/07/MERRA2.20190701.A3cld.05x0625.nc4
2164.701,hit,false,0.000,75,118.004,62,GEOS_0.5x0.625/MERRA2/2019/07/MERRA2.20190701.A3cld.05x0625.nc4
2164.754,hit,false,0.000,75,118.057,62,GEOS_0.5x0.625/MERRA2/2019/07/MERRA2.20190701.A3cld.05x0625.nc4
2164.780,hit,false,0.000,75,118.083,62,GEOS_0.5x0.625/MERRA2/2019/07/MERRA2.20190701.A3cld.05x0625.nc4
2164.815,hit,false,0.000,75,118.118,62,GEOS_0.5x0.625/MERRA2/2019/07/MERRA2.20190701.A3cld.05x0625.nc4
2164.892,hit,false,0.000,75,118.195,62,GEOS_0.5x0.625/MERRA2/2019/07/MERRA2.20190701.A3cld.05x0625.nc4
2164.909,hit,false,0.000,75,118.210,63,GEOS_0.5x0.625/MERRA2/2019/07/MERRA2.20190701.A3cld.05x0625.nc4
2164.958,hit,false,0.000,75,118.259,63,GEOS_0.5x0.625/MERRA2/2019/07/MERRA2.20190701.A3cld.05x0625.nc4
2164.990,hit,false,0.000,75,118.290,63,GEOS_0.5x0.625/MERRA2/2019/07/MERRA2.20190701.A3cld.05x0625.nc4
2165.038,hit,false,0.000,75,118.339,63,GEOS_0.5x0.625/MERRA2/2019/07/MERRA2.20190701.A3cld.05x0625.nc4
2165.060,hit,false,0.000,75,118.361,63,GEOS_0.5x0.625/MERRA2/2019/07/MERRA2.20190701.A3cld.05x0625.nc4
2165.100,hit,false,0.000,75,118.401,63,GEOS_0.5x0.625/MERRA2/2019/07/MERRA2.20190701.A3cld.05x0625.nc4
2165.128,hit,false,0.000,75,118.428,63,GEOS_0.5x0.625/MERRA2/2019/07/MERRA2.20190701.A3cld.05x0625.nc4
2165.159,hit,false,0.000,75,118.459,63,GEOS_0.5x0.625/MERRA2/2019/07/MERRA2.20190701.A3cld.05x0625.nc4
2165.215,hit,false,0.000,74,118.516,64,GEOS_0.5x0.625/MERRA2/2019/07/MERRA2.20190701.A3cld.05x0625.nc4
2165.242,hit,false,0.000,74,118.544,64,GEOS_0.5x0.625/MERRA2/2019/07/MERRA2.20190701.A3cld.05x0625.nc4
2165.303,hit,false,0.000,74,118.604,64,GEOS_0.5x0.625/MERRA2/2019/07/MERRA2.20190701.A3cld.05x0625.nc4
2165.322,hit,false,0.000,82,118.624,64,GEOS_0.5x0.625/MERRA2/2019/07/MERRA2.20190701.A3cld.05x0625.nc4
2165.368,hit,false,0.000,82,118.670,64,GEOS_0.5x0.625/MERRA2/2019/07/MERRA2.20190701.A3cld.05x0625.nc4
2165.395,hit,false,0.000,81,118.696,64,GEOS_0.5x0.625/MERRA2/2019/07/MERRA2.20190701.A3cld.05x0625.nc4
2165.428,hit,false,0.000,81,118.729,64,GEOS_0.5x0.625/MERRA2/2019/07/MERRA2.20190701.A3cld.05x0625.nc4
2165.502,hit,false,0.000,88,118.803,64,GEOS_0.5x0.625/MERRA2/2019/07/MERRA2.20190701.A3cld.05x0625.nc4
2165.522,hit,false,0.000,89,118.820,65,GEOS_0.5x0.625/MERRA2/2019/07/MERRA2.20190701.A3cld.05x0625.nc4
2165.575,hit,false,0.000,95,118.872,65,GEOS_0.5x0.625/MERRA2/2019/07/MERRA2.20190701.A3cld.05x0625.nc4
2165.596,hit,false,0.000,101,118.894,65,GEOS_0.5x0.625/MERRA2/2019/07/MERRA2.20190701.A3cld.05x0625.nc4
2165.644,hit,false,0.000,103,118.942,65,GEOS_0.5x0.625/MERRA2/2019/07/MERRA2.20190701.A3cld.05x0625.nc4
2165.665,hit,false,0.000,111,118.963,65,GEOS_0.5x0.625/MERRA2/2019/07/MERRA2.20190701.A3cld.05x0625.nc4
2165.706,hit,false,0.000,111,119.004,65,GEOS_0.5x0.625/MERRA2/2019/07/MERRA2.20190701.A3cld.05x0625.nc4
2165.736,hit,false,0.000,111,119.033,65,GEOS_0.5x0.625/MERRA2/2019/07/MERRA2.20190701.A3cld.05x0625.nc4
2165.769,hit,false,0.000,111,119.067,65,GEOS_0.5x0.625/MERRA2/2019/07/MERRA2.20190701.A3cld.05x0625.nc4
2165.801,hit,false,0.000,111,119.096,66,GEOS_0.5x0.625/MERRA2/2019/07/MERRA2.20190701.A3cld.05x0625.nc4
2165.826,hit,false,0.000,111,119.121,66,GEOS_0.5x0.625/MERRA2/2019/07/MERRA2.20190701.A3cld.05x0625.nc4
2165.862,hit,false,0.000,111,119.157,66,GEOS_0.5x0.625/MERRA2/2019/07/MERRA2.20190701.A3cld.05x0625.nc4
2165.897,hit,false,0.000,111,119.192,66,GEOS_0.5x0.625/MERRA2/2019/07/MERRA2.20190701.A3cld.05x0625.nc4
2165.920,hit,false,0.000,111,119.215,66,GEOS_0.5x0.625/MERRA2/2019/07/MERRA2.20190701.A3cld.05x0625.nc4
2165.961,hit,false,0.000,111,119.256,66,GEOS_0.5x0.625/MERRA2/2019/07/MERRA2.20190701.A3cld.05x0625.nc4
2165.988,hit,false,0.000,111,119.283,66,GEOS_0.5x0.625/MERRA2/2019/07/MERRA2.20190701.A3cld.05x0625.nc4
2166.031,hit,false,0.000,111,119.326,66,GEOS_0.5x0.625/MERRA2/2019/07/MERRA2.20190701.A3cld.05x0625.nc4
2166.049,hit,false,0.000,111,119.342,67,GEOS_0.5x0.625/MERRA2/2019/07/MERRA2.20190701.A3cld.05x0625.nc4
2166.100,hit,false,0.000,111,119.393,67,GEOS_0.5x0.625/MERRA2/2019/07/MERRA2.20190701.A3cld.05x0625.nc4
2166.125,hit,false,0.000,111,119.417,67,GEOS_0.5x0.625/MERRA2/2019/07/MERRA2.20190701.A3cld.05x0625.nc4
2166.164,hit,false,0.000,111,119.457,67,GEOS_0.5x0.625/MERRA2/2019/07/MERRA2.20190701.A3cld.05x0625.nc4
2166.222,hit,false,0.000,111,119.515,67,GEOS_0.5x0.625/MERRA2/2019/07/MERRA2.20190701.A3cld.05x0625.nc4
2166.247,hit,false,0.000,111,119.540,67,GEOS_0.5x0.625/MERRA2/2019/07/MERRA2.20190701.A3cld.05x0625.nc4
2166.335,hit,false,0.000,111,119.628,67,GEOS_0.5x0.625/MERRA2/2019/07/MERRA2.20190701.A3cld.05x0625.nc4
2166.361,hit,false,0.000,111,119.653,67,GEOS_0.5x0.625/MERRA2/2019/07/MERRA2.20190701.A3cld.05x0625.nc4
2166.395,hit,false,0.000,111,119.686,68,GEOS_0.5x0.625/MERRA2/2019/07/MERRA2.20190701.A3cld.05x0625.nc4
2166.444,hit,false,0.000,111,119.734,68,GEOS_0.5x0.625/MERRA2/2019/07/MERRA2.20190701.A3cld.05x0625.nc4
2166.468,hit,false,0.000,111,119.759,68,GEOS_0.5x0.625/MERRA2/2019/07/MERRA2.20190701.A3cld.05x0625.nc4
2166.508,hit,false,0.000,111,119.799,68,GEOS_0.5x0.625/MERRA2/2019/07/MERRA2.20190701.A3cld.05x0625.nc4
2166.626,hit,false,0.000,111,119.916,68,GEOS_0.5x0.625/MERRA2/2019/07/MERRA2.20190701.A3cld.05x0625.nc4
2166.651,hit,false,0.000,111,119.941,68,GEOS_0.5x0.625/MERRA2/2019/07/MERRA2.20190701.A3cld.05x0625.nc4
2166.713,hit,false,0.000,111,120.003,68,GEOS_0.5x0.625/MERRA2/2019/07/MERRA2.20190701.A3cld.05x0625.nc4
2166.736,hit,false,0.000,111,120.026,68,GEOS_0.5x0.625/MERRA2/2019/07/MERRA2.20190701.A3cld.05x0625.nc4
2166.803,hit,false,0.000,110,120.092,69,GEOS_0.5x0.625/MERRA2/2019/07/MERRA2.20190701.A3cld.05x0625.nc4
2166.964,hit,false,0.000,110,120.253,69,GEOS_0.5x0.625/MERRA2/2019/07/MERRA2.20190701.A3cld.05x0625.nc4
2167.017,hit,false,0.000,109,120.305,69,GEOS_0.5x0.625/MERRA2/2019/07/MERRA2.20190701.A3cld.05x0625.nc4
2167.128,hit,false,0.000,109,120.416,69,GEOS_0.5x0.625/MERRA2/2019/07/MERRA2.20190701.A3cld.05x0625.nc4
2167.138,hit,false,0.000,109,120.427,69,GEOS_0.5x0.625/MERRA2/2019/07/MERRA2.20190701.A3cld.05x0625.nc4
2167.272,hit,false,0.000,109,120.560,69,GEOS_0.5x0.625/MERRA2/2019/07/MERRA2.20190701.A3cld.05x0625.nc4
2167.290,hit,false,0.000,109,120.579,69,GEOS_0.5x0.625/MERRA2/2019/07/MERRA2.20190701.A3cld.05x0625.nc4
2167.392,hit,false,0.000,109,120.681,69,GEOS_0.5x0.625/MERRA2/2019/07/MERRA2.20190701.A3cld.05x0625.nc4
2167.432,hit,false,0.000,109,120.719,70,GEOS_0.5x0.625/MERRA2/2019/07/MERRA2.20190701.A3cld.05x0625.nc4
2167.503,hit,false,0.000,109,120.790,70,GEOS_0.5x0.625/MERRA2/2019/07/MERRA2.20190701.A3cld.05x0625.nc4
2167.524,hit,false,0.000,109,120.811,70,GEOS_0.5x0.625/MERRA2/2019/07/MERRA2.20190701.A3cld.05x0625.nc4
2167.583,hit,false,0.000,109,120.869,70,GEOS_0.5x0.625/MERRA2/2019/07/MERRA2.20190701.A3cld.05x0625.nc4
2167.635,hit,false,0.000,109,120.922,70,GEOS_0.5x0.625/MERRA2/2019/07/MERRA2.20190701.A3cld.05x0625.nc4
2168.026,hit,false,0.000,109,121.313,70,GEOS_0.5x0.625/MERRA2/2019/07/MERRA2.20190701.A3cld.05x0625.nc4
2168.057,hit,false,0.000,108,121.344,70,GEOS_0.5x0.625/MERRA2/2019/07/MERRA2.20190701.A3cld.05x0625.nc4
2168.129,hit,false,0.000,107,121.416,70,GEOS_0.5x0.625/MERRA2/2019/07/MERRA2.20190701.A3cld.05x0625.nc4
2168.197,hit,false,0.000,107,121.482,71,GEOS_0.5x0.625/MERRA2/2019/07/MERRA2.20190701.A3cld.05x0625.nc4
2168.226,hit,false,0.000,107,121.511,71,GEOS_0.5x0.625/MERRA2/2019/07/MERRA2.20190701.A3cld.05x0625.nc4
2168.271,hit,false,0.000,107,121.555,71,GEOS_0.5x0.625/MERRA2/2019/07/MERRA2.20190701.A3cld.05x0625.nc4
2168.306,hit,false,0.000,107,121.591,71,GEOS_0.5x0.625/MERRA2/2019/07/MERRA2.20190701.A3cld.05x0625.nc4
2168.335,hit,false,0.000,107,121.620,71,GEOS_0.5x0.625/MERRA2/2019/07/MERRA2.20190701.A3cld.05x0625.nc4
2168.371,hit,false,0.000,107,121.656,71,GEOS_0.5x0.625/MERRA2/2019/07/MERRA2.20190701.A3cld.05x0625.nc4
2168.398,hit,false,0.000,107,121.683,71,GEOS_0.5x0.625/MERRA2/2019/07/MERRA2.20190701.A3cld.05x0625.nc4
2168.431,hit,false,0.000,107,121.716,71,GEOS_0.5x0.625/MERRA2/2019/07/MERRA2.20190701.A3cld.05x0625.nc4
2168.467,hit,false,0.000,107,121.755,72,GEOS_0.5x0.625/MERRA2/2019/07/MERRA2.20190701.A3cld.05x0625.nc4
2168.506,hit,false,0.000,107,121.794,72,GEOS_0.5x0.625/MERRA2/2019/07/MERRA2.20190701.A3cld.05x0625.nc4
2168.544,hit,false,0.000,118,121.832,72,GEOS_0.5x0.625/MERRA2/2019/07/MERRA2.20190701.A3cld.05x0625.nc4
2168.579,hit,false,0.000,133,121.867,72,GEOS_0.5x0.625/MERRA2/2019/07/MERRA2.20190701.A3cld.05x0625.nc4
2168.603,hit,false,0.000,140,121.891,72,GEOS_0.5x0.625/MERRA2/2019/07/MERRA2.20190701.A3cld.05x0625.nc4
2168.664,hit,false,0.000,145,121.952,72,GEOS_0.5x0.625/MERRA2/2019/07/MERRA2.20190701.A3cld.05x0625.nc4
2168.687,hit,false,0.000,146,121.975,72,GEOS_0.5x0.625/MERRA2/2019/07/MERRA2.20190701.A3cld.05x0625.nc4
2168.727,hit,false,0.000,146,122.015,72,GEOS_0.5x0.625/MERRA2/2019/07/MERRA2.20190701.A3cld.05x0625.nc4
2168.787,hit,false,0.000,146,122.071,73,GEOS_0.5x0.625/MERRA2/2019/07/MERRA2.20190701.A3cld.05x0625.nc4
2168.824,hit,false,0.000,146,122.107,73,GEOS_0.5x0.625/MERRA2/2019/07/MERRA2.20190701.A3cld.05x0625.nc4
2168.853,hit,false,0.000,146,122.137,73,GEOS_0.5x0.625/MERRA2/2019/07/MERRA2.20190701.A3cld.05x0625.nc4
2168.902,hit,false,0.000,146,122.185,73,GEOS_0.5x0.625/MERRA2/2019/07/MERRA2.20190701.A3cld.05x0625.nc4
2168.924,hit,false,0.000,146,122.208,73,GEOS_0.5x0.625/MERRA2/2019/07/MERRA2.20190701.A3cld.05x0625.nc4
2168.975,hit,false,0.000,146,122.259,73,GEOS_0.5x0.625/MERRA2/2019/07/MERRA2.20190701.A3cld.05x0625.nc4
2169.004,hit,false,0.000,146,122.288,73,GEOS_0.5x0.625/MERRA2/2019/07/MERRA2.20190701.A3cld.05x0625.nc4
2169.033,hit,false,0.000,146,122.317,73,GEOS_0.5x0.625/MERRA2/2019/07/MERRA2.20190701.A3cld.05x0625.nc4
2169.065,hit,false,0.000,146,122.347,74,GEOS_0.5x0.625/MERRA2/2019/07/MERRA2.20190701.A3cld.05x0625.nc4
2169.093,hit,false,0.000,146,122.375,74,GEOS_0.5x0.625/MERRA2/2019/07/MERRA2.20190701.A3cld.05x0625.nc4
2169.130,hit,false,0.000,146,122.411,74,GEOS_0.5x0.625/MERRA2/2019/07/MERRA2.20190701.A3cld.05x0625.nc4
2169.155,hit,false,0.000,146,122.437,74,GEOS_0.5x0.625/MERRA2/2019/07/MERRA2.20190701.A3cld.05x0625.nc4
2169.186,hit,false,0.000,146,122.467,74,GEOS_0.5x0.625/MERRA2/2019/07/MERRA2.20190701.A3cld.05x0625.nc4
2169.217,hit,false,0.000,146,122.499,74,GEOS_0.5x0.625/MERRA2/2019/07/MERRA2.20190701.A3cld.05x0625.nc4
2169.243,hit,false,0.000,146,122.524,74,GEOS_0.5x0.625/MERRA2/2019/07/MERRA2.20190701.A3cld.05x0625.nc4
2169.277,hit,false,0.000,146,122.558,74,GEOS_0.5x0.625/MERRA2/2019/07/MERRA2.20190701.A3cld.05x0625.nc4
2169.306,hit,false,0.000,146,122.586,75,GEOS_0.5x0.625/MERRA2/2019/07/MERRA2.20190701.A3cld.05x0625.nc4
2169.389,hit,false,0.000,146,122.668,75,GEOS_0.5x0.625/MERRA2/2019/07/MERRA2.20190701.A3cld.05x0625.nc4
2169.410,hit,false,0.000,146,122.689,75,GEOS_0.5x0.625/MERRA2/2019/07/MERRA2.20190701.A3cld.05x0625.nc4
2169.450,hit,false,0.000,146,122.730,75,GEOS_0.5x0.625/MERRA2/2019/07/MERRA2.20190701.A3cld.05x0625.nc4
2169.477,hit,false,0.000,146,122.757,75,GEOS_0.5x0.625/MERRA2/2019/07/MERRA2.20190701.A3cld.05x0625.nc4
2169.511,hit,false,0.000,146,122.791,75,GEOS_0.5x0.625/MERRA2/2019/07/MERRA2.20190701.A3cld.05x0625.nc4
2169.538,hit,false,0.000,146,122.818,75,GEOS_0.5x0.625/MERRA2/2019/07/MERRA2.20190701.A3cld.05x0625.nc4
2169.570,hit,false,0.000,146,122.850,75,GEOS_0.5x0.625/MERRA2/2019/07/MERRA2.20190701.A3cld.05x0625.nc4
2169.599,hit,false,0.000,146,122.875,76,GEOS_0.5x0.625/MERRA2/2019/07/MERRA2.20190701.A3cld.05x0625.nc4
2169.634,hit,false,0.000,146,122.911,76,GEOS_0.5x0.625/MERRA2/2019/07/MERRA2.20190701.A3cld.05x0625.nc4
2169.667,hit,false,0.000,146,122.943,76,GEOS_0.5x0.625/MERRA2/2019/07/MERRA2.20190701.A3cld.05x0625.nc4
2169.700,hit,false,0.000,146,122.976,76,GEOS_0.5x0.625/MERRA2/2019/07/MERRA2.20190701.A3cld.05x0625.nc4
2169.726,hit,false,0.000,146,123.002,76,GEOS_0.5x0.625/MERRA2/2019/07/MERRA2.20190701.A3cld.05x0625.nc4
2169.755,hit,false,0.000,146,123.031,76,GEOS_0.5x0.625/MERRA2/2019/07/MERRA2.20190701.A3cld.05x0625.nc4
2169.780,hit,false,0.000,146,123.056,76,GEOS_0.5x0.625/MERRA2/2019/07/MERRA2.20190701.A3cld.05x0625.nc4
2169.881,hit,false,0.000,146,123.157,76,GEOS_0.5x0.625/MERRA2/2019/07/MERRA2.20190701.A3cld.05x0625.nc4
2169.906,hit,false,0.000,146,123.180,77,GEOS_0.5x0.625/MERRA2/2019/07/MERRA2.20190701.A3cld.05x0625.nc4
2169.942,hit,false,0.000,146,123.216,77,GEOS_0.5x0.625/MERRA2/2019/07/MERRA2.20190701.A3cld.05x0625.nc4
2169.968,hit,false,0.000,146,123.242,77,GEOS_0.5x0.625/MERRA2/2019/07/MERRA2.20190701.A3cld.05x0625.nc4
2169.998,hit,false,0.000,146,123.272,77,GEOS_0.5x0.625/MERRA2/2019/07/MERRA2.20190701.A3cld.05x0625.nc4
2170.023,hit,false,0.000,146,123.297,77,GEOS_0.5x0.625/MERRA2/2019/07/MERRA2.20190701.A3cld.05x0625.nc4
2170.059,hit,false,0.000,146,123.333,77,GEOS_0.5x0.625/MERRA2/2019/07/MERRA2.20190701.A3cld.05x0625.nc4
2170.084,hit,false,0.000,146,123.358,77,GEOS_0.5x0.625/MERRA2/2019/07/MERRA2.20190701.A3cld.05x0625.nc4
2170.116,hit,false,0.000,146,123.390,77,GEOS_0.5x0.625/MERRA2/2019/07/MERRA2.20190701.A3cld.05x0625.nc4
2170.141,hit,false,0.000,146,123.413,78,GEOS_0.5x0.625/MERRA2/2019/07/MERRA2.20190701.A3cld.05x0625.nc4
2170.174,hit,false,0.000,146,123.447,78,GEOS_0.5x0.625/MERRA2/2019/07/MERRA2.20190701.A3cld.05x0625.nc4
2170.244,hit,false,0.000,146,123.516,78,GEOS_0.5x0.625/MERRA2/2019/07/MERRA2.20190701.A3cld.05x0625.nc4
2170.266,hit,false,0.000,146,123.538,78,GEOS_0.5x0.625/MERRA2/2019/07/MERRA2.20190701.A3cld.05x0625.nc4
2170.301,hit,false,0.000,146,123.574,78,GEOS_0.5x0.625/MERRA2/2019/07/MERRA2.20190701.A3cld.05x0625.nc4
2170.331,hit,false,0.000,146,123.603,78,GEOS_0.5x0.625/MERRA2/2019/07/MERRA2.20190701.A3cld.05x0625.nc4
2170.361,hit,false,0.000,145,123.634,78,GEOS_0.5x0.625/MERRA2/2019/07/MERRA2.20190701.A3cld.05x0625.nc4
2170.387,hit,false,0.000,145,123.659,78,GEOS_0.5x0.625/MERRA2/2019/07/MERRA2.20190701.A3cld.05x0625.nc4
2170.462,hit,false,0.000,144,123.732,79,GEOS_0.5x0.625/MERRA2/2019/07/MERRA2.20190701.A3cld.05x0625.nc4
2170.486,hit,false,0.000,144,123.756,79,GEOS_0.5x0.625/MERRA2/2019/07/MERRA2.20190701.A3cld.05x0625.nc4
2170.523,hit,false,0.000,144,123.794,79,GEOS_0.5x0.625/MERRA2/2019/07/MERRA2.20190701.A3cld.05x0625.nc4
2170.549,hit,false,0.000,144,123.819,79,GEOS_0.5x0.625/MERRA2/2019/07/MERRA2.20190701.A3cld.05x0625.nc4
2170.580,hit,false,0.000,144,123.850,79,GEOS_0.5x0.625/MERRA2/2019/07/MERRA2.20190701.A3cld.05x0625.nc4
2170.608,hit,false,0.000,144,123.878,79,GEOS_0.5x0.625/MERRA2/2019/07/MERRA2.20190701.A3cld.05x0625.nc4
2170.641,hit,false,0.000,144,123.911,79,GEOS_0.5x0.625/MERRA2/2019/07/MERRA2.20190701.A3cld.05x0625.nc4
2170.663,hit,false,0.000,144,123.934,79,GEOS_0.5x0.625/MERRA2/2019/07/MERRA2.20190701.A3cld.05x0625.nc4
2170.696,hit,false,0.000,144,123.966,80,GEOS_0.5x0.625/MERRA2/2019/07/MERRA2.20190701.A3cld.05x0625.nc4
2170.725,hit,false,0.000,144,123.995,80,GEOS_0.5x0.625/MERRA2/2019/07/MERRA2.20190701.A3cld.05x0625.nc4
2170.791,hit,false,0.000,168,124.061,80,GEOS_0.5x0.625/MERRA2/2019/07/MERRA2.20190701.A3cld.05x0625.nc4
2170.822,hit,false,0.000,173,124.091,80,GEOS_0.5x0.625/MERRA2/2019/07/MERRA2.20190701.A3cld.05x0625.nc4
2170.850,hit,false,0.000,173,124.120,80,GEOS_0.5x0.625/MERRA2/2019/07/MERRA2.20190701.A3cld.05x0625.nc4
2170.875,hit,false,0.000,173,124.144,80,GEOS_0.5x0.625/MERRA2/2019/07/MERRA2.20190701.A3cld.05x0625.nc4
2170.966,hit,false,0.000,181,124.235,80,GEOS_0.5x0.625/MERRA2/2019/07/MERRA2.20190701.A3cld.05x0625.nc4
2171.003,hit,false,0.000,180,124.273,80,GEOS_0.5x0.625/MERRA2/2019/07/MERRA2.20190701.A3cld.05x0625.nc4
2171.043,hit,false,0.000,180,124.309,81,GEOS_0.5x0.625/MERRA2/2019/07/MERRA2.20190701.A3cld.05x0625.nc4
2171.114,hit,false,0.000,180,124.380,81,GEOS_0.5x0.625/MERRA2/2019/07/MERRA2.20190701.A3cld.05x0625.nc4
2171.135,hit,false,0.000,180,124.401,81,GEOS_0.5x0.625/MERRA2/2019/07/MERRA2.20190701.A3cld.05x0625.nc4
2171.176,hit,false,0.000,179,124.442,81,GEOS_0.5x0.625/MERRA2/2019/07/MERRA2.20190701.A3cld.05x0625.nc4
2171.204,hit,false,0.000,179,124.470,81,GEOS_0.5x0.625/MERRA2/2019/07/MERRA2.20190701.A3cld.05x0625.nc4
2171.239,hit,false,0.000,179,124.505,81,GEOS_0.5x0.625/MERRA2/2019/07/MERRA2.20190701.A3cld.05x0625.nc4
2171.273,hit,false,0.000,179,124.538,81,GEOS_0.5x0.625/MERRA2/2019/07/MERRA2.20190701.A3cld.05x0625.nc4
2171.303,hit,false,0.000,178,124.568,81,GEOS_0.5x0.625/MERRA2/2019/07/MERRA2.20190701.A3cld.05x0625.nc4
2171.329,hit,false,0.000,178,124.593,82,GEOS_0.5x0.625/MERRA2/2019/07/MERRA2.20190701.A3cld.05x0625.nc4
2171.364,hit,false,0.000,178,124.628,82,GEOS_0.5x0.625/MERRA2/2019/07/MERRA2.20190701.A3cld.05x0625.nc4
2171.387,hit,false,0.000,178,124.651,82,GEOS_0.5x0.625/MERRA2/2019/07/MERRA2.20190701.A3cld.05x0625.nc4
2171.442,hit,false,0.000,178,124.705,82,GEOS_0.5x0.625/MERRA2/2019/07/MERRA2.20190701.A3cld.05x0625.nc4
2171.457,hit,false,0.000,178,124.721,82,GEOS_0.5x0.625/MERRA2/2019/07/MERRA2.20190701.A3cld.05x0625.nc4
2171.505,hit,false,0.000,178,124.769,82,GEOS_0.5x0.625/MERRA2/2019/07/MERRA2.20190701.A3cld.05x0625.nc4
2171.527,hit,false,0.000,178,124.790,82,GEOS_0.5x0.625/MERRA2/2019/07/MERRA2.20190701.A3cld.05x0625.nc4
2171.565,hit,false,0.000,178,124.829,82,GEOS_0.5x0.625/MERRA2/2019/07/MERRA2.20190701.A3cld.05x0625.nc4
2171.589,hit,false,0.000,178,124.850,83,GEOS_0.5x0.625/MERRA2/2019/07/MERRA2.20190701.A3cld.05x0625.nc4
2171.624,hit,false,0.000,178,124.885,83,GEOS_0.5x0.625/MERRA2/2019/07/MERRA2.20190701.A3cld.05x0625.nc4
2171.650,hit,false,0.000,178,124.912,83,GEOS_0.5x0.625/MERRA2/2019/07/MERRA2.20190701.A3cld.05x0625.nc4
2171.697,hit,false,0.000,178,124.958,83,GEOS_0.5x0.625/MERRA2/2019/07/MERRA2.20190701.A3cld.05x0625.nc4
2171.722,hit,false,0.000,178,124.984,83,GEOS_0.5x0.625/MERRA2/2019/07/MERRA2.20190701.A3cld.05x0625.nc4
2171.764,hit,false,0.000,178,125.026,83,GEOS_0.5x0.625/MERRA2/2019/07/MERRA2.20190701.A3cld.05x0625.nc4
2171.788,hit,false,0.000,177,125.050,83,GEOS_0.5x0.625/MERRA2/2019/07/MERRA2.20190701.A3cld.05x0625.nc4
2171.824,hit,false,0.000,176,125.086,83,GEOS_0.5x0.625/MERRA2/2019/07/MERRA2.20190701.A3cld.05x0625.nc4
2171.858,hit,false,0.000,176,125.117,84,GEOS_0.5x0.625/MERRA2/2019/07/MERRA2.20190701.A3cld.05x0625.nc4
2171.897,hit,false,0.000,176,125.156,84,GEOS_0.5x0.625/MERRA2/2019/07/MERRA2.20190701.A3cld.05x0625.nc4
2171.935,hit,false,0.000,176,125.195,84,GEOS_0.5x0.625/MERRA2/2019/07/MERRA2.20190701.A3cld.05x0625.nc4
2171.959,hit,false,0.000,176,125.218,84,GEOS_0.5x0.625/MERRA2/2019/07/MERRA2.20190701.A3cld.05x0625.nc4
2171.993,hit,false,0.000,176,125.252,84,GEOS_0.5x0.625/MERRA2/2019/07/MERRA2.20190701.A3cld.05x0625.nc4
2172.101,hit,false,0.000,175,125.360,84,GEOS_0.5x0.625/MERRA2/2019/07/MERRA2.20190701.A3cld.05x0625.nc4
2172.123,hit,false,0.000,175,125.383,84,GEOS_0.5x0.625/MERRA2/2019/07/MERRA2.20190701.A3cld.05x0625.nc4
2172.159,hit,false,0.000,175,125.419,84,GEOS_0.5x0.625/MERRA2/2019/07/MERRA2.20190701.A3cld.05x0625.nc4
2172.182,hit,false,0.000,175,125.439,85,GEOS_0.5x0.625/MERRA2/2019/07/MERRA2.20190701.A3cld.05x0625.nc4
2172.218,hit,false,0.000,175,125.474,85,GEOS_0.5x0.625/MERRA2/2019/07/MERRA2.20190701.A3cld.05x0625.nc4
2172.247,hit,false,0.000,175,125.504,85,GEOS_0.5x0.625/MERRA2/2019/07/MERRA2.20190701.A3cld.05x0625.nc4
2172.273,hit,false,0.000,175,125.529,85,GEOS_0.5x0.625/MERRA2/2019/07/MERRA2.20190701.A3cld.05x0625.nc4
2172.305,hit,false,0.000,175,125.561,85,GEOS_0.5x0.625/MERRA2/2019/07/MERRA2.20190701.A3cld.05x0625.nc4
2172.343,hit,false,0.000,175,125.599,85,GEOS_0.5x0.625/MERRA2/2019/07/MERRA2.20190701.A3cld.05x0625.nc4
2172.370,hit,false,0.000,175,125.627,85,GEOS_0.5x0.625/MERRA2/2019/07/MERRA2.20190701.A3cld.05x0625.nc4
2172.404,hit,false,0.000,175,125.661,85,GEOS_0.5x0.625/MERRA2/2019/07/MERRA2.20190701.A3cld.05x0625.nc4
2172.429,hit,false,0.000,175,125.684,86,GEOS_0.5x0.625/MERRA2/2019/07/MERRA2.20190701.A3cld.05x0625.nc4
2172.465,hit,false,0.000,175,125.720,86,GEOS_0.5x0.625/MERRA2/2019/07/MERRA2.20190701.A3cld.05x0625.nc4
2172.495,hit,false,0.000,175,125.750,86,GEOS_0.5x0.625/MERRA2/2019/07/MERRA2.20190701.A3cld.05x0625.nc4
2172.526,hit,false,0.000,175,125.781,86,GEOS_0.5x0.625/MERRA2/2019/07/MERRA2.20190701.A3cld.05x0625.nc4
2172.568,hit,false,0.000,175,125.822,86,GEOS_0.5x0.625/MERRA2/2019/07/MERRA2.20190701.A3cld.05x0625.nc4
2172.590,hit,false,0.000,175,125.845,86,GEOS_0.5x0.625/MERRA2/2019/07/MERRA2.20190701.A3cld.05x0625.nc4
2172.626,hit,false,0.000,175,125.881,86,GEOS_0.5x0.625/MERRA2/2019/07/MERRA2.20190701.A3cld.05x0625.nc4
2172.652,hit,false,0.000,175,125.907,86,GEOS_0.5x0.625/MERRA2/2019/07/MERRA2.20190701.A3cld.05x0625.nc4
2172.684,hit,false,0.000,175,125.937,87,GEOS_0.5x0.625/MERRA2/2019/07/MERRA2.20190701.A3cld.05x0625.nc4
2172.733,hit,false,0.000,175,125.986,87,GEOS_0.5x0.625/MERRA2/2019/07/MERRA2.20190701.A3cld.05x0625.nc4
2172.755,hit,false,0.000,175,126.008,87,GEOS_0.5x0.625/MERRA2/2019/07/MERRA2.20190701.A3cld.05x0625.nc4
2172.803,hit,false,0.000,175,126.057,87,GEOS_0.5x0.625/MERRA2/2019/07/MERRA2.20190701.A3cld.05x0625.nc4
2172.826,hit,false,0.000,175,126.079,87,GEOS_0.5x0.625/MERRA2/2019/07/MERRA2.20190701.A3cld.05x0625.nc4
2172.860,hit,false,0.000,175,126.114,87,GEOS_0.5x0.625/MERRA2/2019/07/MERRA2.20190701.A3cld.05x0625.nc4
2172.884,hit,false,0.000,175,126.137,87,GEOS_0.5x0.625/MERRA2/2019/07/MERRA2.20190701.A3cld.05x0625.nc4
2172.917,hit,false,0.000,175,126.170,87,GEOS_0.5x0.625/MERRA2/2019/07/MERRA2.20190701.A3cld.05x0625.nc4
2172.941,hit,false,0.000,175,124.159,88,GEOS_0.5x0.625/MERRA2/2019/07/MERRA2.20190701.A3cld.05x0625.nc4
2172.984,hit,false,0.000,175,124.202,88,GEOS_0.5x0.625/MERRA2/2019/07/MERRA2.20190701.A3cld.05x0625.nc4
2173.013,hit,false,0.000,175,124.231,88,GEOS_0.5x0.625/MERRA2/2019/07/MERRA2.20190701.A3cld.05x0625.nc4
2173.058,hit,false,0.000,175,124.276,88,GEOS_0.5x0.625/MERRA2/2019/07/MERRA2.20190701.A3cld.05x0625.nc4
2173.081,hit,false,0.000,175,124.299,88,GEOS_0.5x0.625/MERRA2/2019/07/MERRA2.20190701.A3cld.05x0625.nc4
2173.115,hit,false,0.000,174,124.333,88,GEOS_0.5x0.625/MERRA2/2019/07/MERRA2.20190701.A3cld.05x0625.nc4
2173.147,hit,false,0.000,174,124.365,88,GEOS_0.5x0.625/MERRA2/2019/07/MERRA2.20190701.A3cld.05x0625.nc4
2173.174,hit,false,0.000,174,124.392,88,GEOS_0.5x0.625/MERRA2/2019/07/MERRA2.20190701.A3cld.05x0625.nc4
2173.220,hit,false,0.000,174,124.435,89,GEOS_0.5x0.625/MERRA2/2019/07/MERRA2.20190701.A3cld.05x0625.nc4
2173.245,hit,false,0.000,173,124.460,89,GEOS_0.5x0.625/MERRA2/2019/07/MERRA2.20190701.A3cld.05x0625.nc4
2173.279,hit,false,0.000,173,124.494,89,GEOS_0.5x0.625/MERRA2/2019/07/MERRA2.20190701.A3cld.05x0625.nc4
2173.305,hit,false,0.000,173,124.520,89,GEOS_0.5x0.625/MERRA2/2019/07/MERRA2.20190701.A3cld.05x0625.nc4
2173.336,hit,false,0.000,173,124.552,89,GEOS_0.5x0.625/MERRA2/2019/07/MERRA2.20190701.A3cld.05x0625.nc4
2173.370,hit,false,0.000,173,124.585,89,GEOS_0.5x0.625/MERRA2/2019/07/MERRA2.20190701.A3cld.05x0625.nc4
2173.395,hit,false,0.000,173,124.611,89,GEOS_0.5x0.625/MERRA2/2019/07/MERRA2.20190701.A3cld.05x0625.nc4
2173.427,hit,false,0.000,173,124.643,89,GEOS_0.5x0.625/MERRA2/2019/07/MERRA2.20190701.A3cld.05x0625.nc4
2173.450,hit,false,0.000,173,124.665,90,GEOS_0.5x0.625/MERRA2/2019/07/MERRA2.20190701.A3cld.05x0625.nc4
2173.501,hit,false,0.000,173,124.715,90,GEOS_0.5x0.625/MERRA2/2019/07/MERRA2.20190701.A3cld.05x0625.nc4
2173.523,hit,false,0.000,173,124.738,90,GEOS_0.5x0.625/MERRA2/2019/07/MERRA2.20190701.A3cld.05x0625.nc4
2173.556,hit,false,0.000,173,124.770,90,GEOS_0.5x0.625/MERRA2/2019/07/MERRA2.20190701.A3cld.05x0625.nc4
2173.584,hit,false,0.000,173,124.798,90,GEOS_0.5x0.625/MERRA2/2019/07/MERRA2.20190701.A3cld.05x0625.nc4
2173.613,hit,false,0.000,172,124.827,90,GEOS_0.5x0.625/MERRA2/2019/07/MERRA2.20190701.A3cld.05x0625.nc4
2173.644,hit,false,0.000,172,124.858,90,GEOS_0.5x0.625/MERRA2/2019/07/MERRA2.20190701.A3cld.05x0625.nc4
2173.673,hit,false,0.000,172,124.887,90,GEOS_0.5x0.625/MERRA2/2019/07/MERRA2.20190701.A3cld.05x0625.nc4
2173.704,hit,false,0.000,172,124.916,91,GEOS_0.5x0.625/MERRA2/2019/07/MERRA2.20190701.A3cld.05x0625.nc4
2173.740,hit,false,0.000,172,124.952,91,GEOS_0.5x0.625/MERRA2/2019/07/MERRA2.20190701.A3cld.05x0625.nc4
2173.764,hit,false,0.000,172,124.977,91,GEOS_0.5x0.625/MERRA2/2019/07/MERRA2.20190701.A3cld.05x0625.nc4
2173.805,hit,false,0.000,172,125.018,91,GEOS_0.5x0.625/MERRA2/2019/07/MERRA2.20190701.A3cld.05x0625.nc4
2173.828,hit,false,0.000,172,125.041,91,GEOS_0.5x0.625/MERRA2/2019/07/MERRA2.20190701.A3cld.05x0625.nc4
2173.868,hit,false,0.000,172,125.081,91,GEOS_0.5x0.625/MERRA2/2019/07/MERRA2.20190701.A3cld.05x0625.nc4
2173.890,hit,false,0.000,172,125.103,91,GEOS_0.5x0.625/MERRA2/2019/07/MERRA2.20190701.A3cld.05x0625.nc4
2173.930,hit,false,0.000,172,125.142,91,GEOS_0.5x0.625/MERRA2/2019/07/MERRA2.20190701.A3cld.05x0625.nc4
2173.953,hit,false,0.000,172,125.164,92,GEOS_0.5x0.625/MERRA2/2019/07/MERRA2.20190701.A3cld.05x0625.nc4
2173.992,hit,false,0.000,172,125.203,92,GEOS_0.5x0.625/MERRA2/2019/07/MERRA2.20190701.A3cld.05x0625.nc4
2174.015,hit,false,0.000,172,125.226,92,GEOS_0.5x0.625/MERRA2/2019/07/MERRA2.20190701.A3cld.05x0625.nc4
2174.052,hit,false,0.000,172,125.263,92,GEOS_0.5x0.625/MERRA2/2019/07/MERRA2.20190701.A3cld.05x0625.nc4
2174.143,hit,false,0.000,171,125.354,92,GEOS_0.5x0.625/MERRA2/2019/07/MERRA2.20190701.A3cld.05x0625.nc4
2174.166,hit,false,0.000,171,125.377,92,GEOS_0.5x0.625/MERRA2/2019/07/MERRA2.20190701.A3cld.05x0625.nc4
2174.204,hit,false,0.000,171,125.415,92,GEOS_0.5x0.625/MERRA2/2019/07/MERRA2.20190701.A3cld.05x0625.nc4
2174.226,hit,false,0.000,171,125.437,92,GEOS_0.5x0.625/MERRA2/2019/07/MERRA2.20190701.A3cld.05x0625.nc4
2174.264,hit,false,0.000,171,125.473,93,GEOS_0.5x0.625/MERRA2/2019/07/MERRA2.20190701.A3cld.05x0625.nc4
2174.288,hit,false,0.000,171,125.498,93,GEOS_0.5x0.625/MERRA2/2019/07/MERRA2.20190701.A3cld.05x0625.nc4
2174.323,hit,false,0.000,171,125.533,93,GEOS_0.5x0.625/MERRA2/2019/07/MERRA2.20190701.A3cld.05x0625.nc4
2174.346,hit,false,0.000,171,125.556,93,GEOS_0.5x0.625/MERRA2/2019/07/MERRA2.20190701.A3cld.05x0625.nc4
2174.377,hit,false,0.000,171,125.587,93,GEOS_0.5x0.625/MERRA2/2019/07/MERRA2.20190701.A3cld.05x0625.nc4
2174.402,hit,false,0.000,171,125.611,93,GEOS_0.5x0.625/MERRA2/2019/07/MERRA2.20190701.A3cld.05x0625.nc4
2174.435,hit,false,0.000,171,125.645,93,GEOS_0.5x0.625/MERRA2/2019/07/MERRA2.20190701.A3cld.05x0625.nc4
2174.463,hit,false,0.000,171,125.672,93,GEOS_0.5x0.625/MERRA2/2019/07/MERRA2.20190701.A3cld.05x0625.nc4
2174.493,hit,false,0.000,171,125.701,94,GEOS_0.5x0.625/MERRA2/2019/07/MERRA2.20190701.A3cld.05x0625.nc4
2174.527,hit,false,0.000,171,125.735,94,GEOS_0.5x0.625/MERRA2/2019/07/MERRA2.20190701.A3cld.05x0625.nc4
2174.572,hit,false,0.000,171,125.780,94,GEOS_0.5x0.625/MERRA2/2019/07/MERRA2.20190701.A3cld.05x0625.nc4
2174.595,hit,false,0.000,171,125.802,94,GEOS_0.5x0.625/MERRA2/2019/07/MERRA2.20190701.A3cld.05x0625.nc4
2174.629,hit,false,0.000,171,125.836,94,GEOS_0.5x0.625/MERRA2/2019/07/MERRA2.20190701.A3cld.05x0625.nc4
2174.653,hit,false,0.000,171,125.861,94,GEOS_0.5x0.625/MERRA2/2019/07/MERRA2.20190701.A3cld.05x0625.nc4
2174.689,hit,false,0.000,171,125.897,94,GEOS_0.5x0.625/MERRA2/2019/07/MERRA2.20190701.A3cld.05x0625.nc4
2174.712,hit,false,0.000,171,125.920,94,GEOS_0.5x0.625/MERRA2/2019/07/MERRA2.20190701.A3cld.05x0625.nc4
2174.753,hit,false,0.000,171,125.958,95,GEOS_0.5x0.625/MERRA2/2019/07/MERRA2.20190701.A3cld.05x0625.nc4
2174.778,hit,false,0.000,171,125.984,95,GEOS_0.5x0.625/MERRA2/2019/07/MERRA2.20190701.A3cld.05x0625.nc4
2174.811,hit,false,0.000,171,126.017,95,GEOS_0.5x0.625/MERRA2/2019/07/MERRA2.20190701.A3cld.05x0625.nc4
2174.835,hit,false,0.000,171,126.041,95,GEOS_0.5x0.625/MERRA2/2019/07/MERRA2.20190701.A3cld.05x0625.nc4
2174.867,hit,false,0.000,171,126.073,95,GEOS_0.5x0.625/MERRA2/2019/07/MERRA2.20190701.A3cld.05x0625.nc4
2174.895,hit,false,0.000,171,126.101,95,GEOS_0.5x0.625/MERRA2/2019/07/MERRA2.20190701.A3cld.05x0625.nc4
2174.926,hit,false,0.000,171,126.132,95,GEOS_0.5x0.625/MERRA2/2019/07/MERRA2.20190701.A3cld.05x0625.nc4
2174.955,hit,false,0.000,171,126.161,95,GEOS_0.5x0.625/MERRA2/2019/07/MERRA2.20190701.A3cld.05x0625.nc4
2174.984,hit,false,0.000,171,126.181,96,GEOS_0.5x0.625/MERRA2/2019/07/MERRA2.20190701.A3cld.05x0625.nc4
2175.016,hit,false,0.000,171,126.212,96,GEOS_0.5x0.625/MERRA2/2019/07/MERRA2.20190701.A3cld.05x0625.nc4
2175.077,hit,false,0.000,171,126.273,96,GEOS_0.5x0.625/MERRA2/2019/07/MERRA2.20190701.A3cld.05x0625.nc4
2175.098,hit,false,0.000,171,126.294,96,GEOS_0.5x0.625/MERRA2/2019/07/MERRA2.20190701.A3cld.05x0625.nc4
2175.140,hit,false,0.000,171,126.336,96,GEOS_0.5x0.625/MERRA2/2019/07/MERRA2.20190701.A3cld.05x0625.nc4
2175.163,hit,false,0.000,171,126.359,96,GEOS_0.5x0.625/MERRA2/2019/07/MERRA2.20190701.A3cld.05x0625.nc4
2175.198,hit,false,0.000,171,126.394,96,GEOS_0.5x0.625/MERRA2/2019/07/MERRA2.20190701.A3cld.05x0625.nc4
2175.225,hit,false,0.000,171,126.422,96,GEOS_0.5x0.625/MERRA2/2019/07/MERRA2.20190701.A3cld.05x0625.nc4
2175.256,hit,false,0.000,171,126.449,97,GEOS_0.5x0.625/MERRA2/2019/07/MERRA2.20190701.A3cld.05x0625.nc4
2175.282,hit,false,0.000,171,126.475,97,GEOS_0.5x0.625/MERRA2/2019/07/MERRA2.20190701.A3cld.05x0625.nc4
2175.313,hit,false,0.000,171,126.507,97,GEOS_0.5x0.625/MERRA2/2019/07/MERRA2.20190701.A3cld.05x0625.nc4
2175.339,hit,false,0.000,171,126.532,97,GEOS_0.5x0.625/MERRA2/2019/07/MERRA2.20190701.A3cld.05x0625.nc4
2175.369,hit,false,0.000,171,126.563,97,GEOS_0.5x0.625/MERRA2/2019/07/MERRA2.20190701.A3cld.05x0625.nc4
2175.397,hit,false,0.000,171,126.590,97,GEOS_0.5x0.625/MERRA2/2019/07/MERRA2.20190701.A3cld.05x0625.nc4
2175.433,hit,false,0.000,171,126.626,97,GEOS_0.5x0.625/MERRA2/2019/07/MERRA2.20190701.A3cld.05x0625.nc4
2175.466,hit,false,0.000,171,126.659,97,GEOS_0.5x0.625/MERRA2/2019/07/MERRA2.20190701.A3cld.05x0625.nc4
2175.490,hit,false,0.000,171,126.680,98,GEOS_0.5x0.625/MERRA2/2019/07/MERRA2.20190701.A3cld.05x0625.nc4
2175.525,hit,false,0.000,171,126.716,98,GEOS_0.5x0.625/MERRA2/2019/07/MERRA2.20190701.A3cld.05x0625.nc4
2175.550,hit,false,0.000,170,126.741,98,GEOS_0.5x0.625/MERRA2/2019/07/MERRA2.20190701.A3cld.05x0625.nc4
2175.581,hit,false,0.000,169,126.772,98,GEOS_0.5x0.625/MERRA2/2019/07/MERRA2.20190701.A3cld.05x0625.nc4
2175.605,hit,false,0.000,169,126.796,98,GEOS_0.5x0.625/MERRA2/2019/07/MERRA2.20190701.A3cld.05x0625.nc4
2175.638,hit,false,0.000,169,126.829,98,GEOS_0.5x0.625/MERRA2/2019/07/MERRA2.20190701.A3cld.05x0625.nc4
2175.664,hit,false,0.000,169,126.855,98,GEOS_0.5x0.625/MERRA2/2019/07/MERRA2.20190701.A3cld.05x0625.nc4
2175.698,hit,false,0.000,169,126.889,98,GEOS_0.5x0.625/MERRA2/2019/07/MERRA2.20190701.A3cld.05x0625.nc4
2175.724,hit,false,0.000,169,126.913,99,GEOS_0.5x0.625/MERRA2/2019/07/MERRA2.20190701.A3cld.05x0625.nc4
2175.755,hit,false,0.000,169,126.943,99,GEOS_0.5x0.625/MERRA2/2019/07/MERRA2.20190701.A3cld.05x0625.nc4
2175.785,hit,false,0.000,169,126.973,99,GEOS_0.5x0.625/MERRA2/2019/07/MERRA2.20190701.A3cld.05x0625.nc4
2175.814,hit,false,0.000,169,127.002,99,GEOS_0.5x0.625/MERRA2/2019/07/MERRA2.20190701.A3cld.05x0625.nc4
2175.845,hit,false,0.000,168,127.033,99,GEOS_0.5x0.625/MERRA2/2019/07/MERRA2.20190701.A3cld.05x0625.nc4
2175.873,hit,false,0.000,168,127.061,99,GEOS_0.5x0.625/MERRA2/2019/07/MERRA2.20190701.A3cld.05x0625.nc4
2175.903,hit,false,0.000,168,127.091,99,GEOS_0.5x0.625/MERRA2/2019/07/MERRA2.20190701.A3cld.05x0625.nc4
2175.925,hit,false,0.000,168,127.114,99,GEOS_0.5x0.625/MERRA2/2019/07/MERRA2.20190701.A3cld.05x0625.nc4
2175.958,hit,false,0.000,168,127.146,100,GEOS_0.5x0.625/MERRA2/2019/07/MERRA2.20190701.A3cld.05x0625.nc4
2175.985,hit,false,0.000,168,127.173,100,GEOS_0.5x0.625/MERRA2/2019/07/MERRA2.20190701.A3cld.05x0625.nc4
2176.017,hit,false,0.000,168,127.205,100,GEOS_0.5x0.625/MERRA2/2019/07/MERRA2.20190701.A3cld.05x0625.nc4
2176.114,hit,false,0.000,168,127.301,100,GEOS_0.5x0.625/MERRA2/2019/07/MERRA2.20190701.A3cld.05x0625.nc4
2176.136,hit,false,0.000,168,127.324,100,GEOS_0.5x0.625/MERRA2/2019/07/MERRA2.20190701.A3cld.05x0625.nc4
2176.170,hit,false,0.000,168,127.357,100,GEOS_0.5x0.625/MERRA2/2019/07/MERRA2.20190701.A3cld.05x0625.nc4
2176.195,hit,false,0.000,168,127.382,100,GEOS_0.5x0.625/MERRA2/2019/07/MERRA2.20190701.A3cld.05x0625.nc4
2176.227,hit,false,0.000,168,127.414,100,GEOS_0.5x0.625/MERRA2/2019/07/MERRA2.20190701.A3cld.05x0625.nc4
2176.255,hit,false,0.000,168,127.440,101,GEOS_0.5x0.625/MERRA2/2019/07/MERRA2.20190701.A3cld.05x0625.nc4
2176.287,hit,false,0.000,168,127.472,101,GEOS_0.5x0.625/MERRA2/2019/07/MERRA2.20190701.A3cld.05x0625.nc4
2176.317,hit,false,0.000,168,127.502,101,GEOS_0.5x0.625/MERRA2/2019/07/MERRA2.20190701.A3cld.05x0625.nc4
2176.346,hit,false,0.000,168,127.531,101,GEOS_0.5x0.625/MERRA2/2019/07/MERRA2.20190701.A3cld.05x0625.nc4
2176.376,hit,false,0.000,168,127.561,101,GEOS_0.5x0.625/MERRA2/2019/07/MERRA2.20190701.A3cld.05x0625.nc4
2176.404,hit,false,0.000,168,127.589,101,GEOS_0.5x0.625/MERRA2/2019/07/MERRA2.20190701.A3cld.05x0625.nc4
2176.438,hit,false,0.000,168,127.623,101,GEOS_0.5x0.625/MERRA2/2019/07/MERRA2.20190701.A3cld.05x0625.nc4
2176.461,hit,false,0.000,168,127.646,101,GEOS_0.5x0.625/MERRA2/2019/07/MERRA2.20190701.A3cld.05x0625.nc4
2176.493,hit,false,0.000,168,127.676,102,GEOS_0.5x0.625/MERRA2/2019/07/MERRA2.20190701.A3cld.05x0625.nc4
2176.518,hit,false,0.000,168,127.701,102,GEOS_0.5x0.625/MERRA2/2019/07/MERRA2.20190701.A3cld.05x0625.nc4
2176.552,hit,false,0.000,168,127.735,102,GEOS_0.5x0.625/MERRA2/2019/07/MERRA2.20190701.A3cld.05x0625.nc4
2176.578,hit,false,0.000,168,127.761,102,GEOS_0.5x0.625/MERRA2/2019/07/MERRA2.20190701.A3cld.05x0625.nc4
2176.610,hit,false,0.000,168,127.793,102,GEOS_0.5x0.625/MERRA2/2019/07/MERRA2.20190701.A3cld.05x0625.nc4
2176.638,hit,false,0.000,168,127.821,102,GEOS_0.5x0.625/MERRA2/2019/07/MERRA2.20190701.A3cld.05x0625.nc4
2176.676,hit,false,0.000,168,127.860,102,GEOS_0.5x0.625/MERRA2/2019/07/MERRA2.20190701.A3cld.05x0625.nc4
2176.699,hit,false,0.000,168,127.882,102,GEOS_0.5x0.625/MERRA2/2019/07/MERRA2.20190701.A3cld.05x0625.nc4
2176.732,hit,false,0.000,168,127.914,103,GEOS_0.5x0.625/MERRA2/2019/07/MERRA2.20190701.A3cld.05x0625.nc4
2176.760,hit,false,0.000,168,127.941,103,GEOS_0.5x0.625/MERRA2/2019/07/MERRA2.20190701.A3cld.05x0625.nc4
2176.791,hit,false,0.000,168,127.973,103,GEOS_0.5x0.625/MERRA2/2019/07/MERRA2.20190701.A3cld.05x0625.nc4
2176.819,hit,false,0.000,168,128.000,103,GEOS_0.5x0.625/MERRA2/2019/07/MERRA2.20190701.A3cld.05x0625.nc4
2176.850,hit,false,0.000,168,128.031,103,GEOS_0.5x0.625/MERRA2/2019/07/MERRA2.20190701.A3cld.05x0625.nc4
2176.873,hit,false,0.000,168,128.055,103,GEOS_0.5x0.625/MERRA2/2019/07/MERRA2.20190701.A3cld.05x0625.nc4
2176.906,hit,false,0.000,168,128.088,103,GEOS_0.5x0.625/MERRA2/2019/07/MERRA2.20190701.A3cld.05x0625.nc4
2176.931,hit,false,0.000,168,128.112,103,GEOS_0.5x0.625/MERRA2/2019/07/MERRA2.20190701.A3cld.05x0625.nc4
2176.963,hit,false,0.000,168,128.171,104,GEOS_0.5x0.625/MERRA2/2019/07/MERRA2.20190701.A3cld.05x0625.nc4
2176.989,hit,false,0.000,168,128.197,104,GEOS_0.5x0.625/MERRA2/2019/07/MERRA2.20190701.A3cld.05x0625.nc4
2177.043,hit,false,0.000,168,128.252,104,GEOS_0.5x0.625/MERRA2/2019/07/MERRA2.20190701.A3cld.05x0625.nc4
2177.066,hit,false,0.000,168,128.274,104,GEOS_0.5x0.625/MERRA2/2019/07/MERRA2.20190701.A3cld.05x0625.nc4
2177.100,hit,false,0.000,168,128.308,104,GEOS_0.5x0.625/MERRA2/2019/07/MERRA2.20190701.A3cld.05x0625.nc4
2177.124,hit,false,0.000,168,128.332,104,GEOS_0.5x0.625/MERRA2/2019/07/MERRA2.20190701.A3cld.05x0625.nc4
2177.156,hit,false,0.000,168,128.365,104,GEOS_0.5x0.625/MERRA2/2019/07/MERRA2.20190701.A3cld.05x0625.nc4
2177.181,hit,false,0.000,168,128.390,104,GEOS_0.5x0.625/MERRA2/2019/07/MERRA2.20190701.A3cld.05x0625.nc4
2177.213,hit,false,0.000,168,128.418,105,GEOS_0.5x0.625/MERRA2/2019/07/MERRA2.20190701.A3cld.05x0625.nc4
2177.238,hit,false,0.000,168,128.443,105,GEOS_0.5x0.625/MERRA2/2019/07/MERRA2.20190701.A3cld.05x0625.nc4
2177.271,hit,false,0.000,168,128.477,105,GEOS_0.5x0.625/MERRA2/2019/07/MERRA2.20190701.A3cld.05x0625.nc4
2177.297,hit,false,0.000,168,128.502,105,GEOS_0.5x0.625/MERRA2/2019/07/MERRA2.20190701.A3cld.05x0625.nc4
2177.327,hit,false,0.000,168,128.532,105,GEOS_0.5x0.625/MERRA2/2019/07/MERRA2.20190701.A3cld.05x0625.nc4
2177.356,hit,false,0.000,168,128.561,105,GEOS_0.5x0.625/MERRA2/2019/07/MERRA2.20190701.A3cld.05x0625.nc4
2177.387,hit,false,0.000,168,128.592,105,GEOS_0.5x0.625/MERRA2/2019/07/MERRA2.20190701.A3cld.05x0625.nc4
2177.410,hit,false,0.000,168,128.616,105,GEOS_0.5x0.625/MERRA2/2019/07/MERRA2.20190701.A3cld.05x0625.nc4
2177.446,hit,false,0.000,168,128.649,106,GEOS_0.5x0.625/MERRA2/2019/07/MERRA2.20190701.A3cld.05x0625.nc4
2177.470,hit,false,0.000,168,128.673,106,GEOS_0.5x0.625/MERRA2/2019/07/MERRA2.20190701.A3cld.05x0625.nc4
2177.505,hit,false,0.000,168,128.708,106,GEOS_0.5x0.625/MERRA2/2019/07/MERRA2.20190701.A3cld.05x0625.nc4
2177.529,hit,false,0.000,168,128.733,106,GEOS_0.5x0.625/MERRA2/2019/07/MERRA2.20190701.A3cld.05x0625.nc4
2177.563,hit,false,0.000,168,128.767,106,GEOS_0.5x0.625/MERRA2/2019/07/MERRA2.20190701.A3cld.05x0625.nc4
2177.594,hit,false,0.000,168,128.797,106,GEOS_0.5x0.625/MERRA2/2019/07/MERRA2.20190701.A3cld.05x0625.nc4
2177.621,hit,false,0.000,168,128.824,106,GEOS_0.5x0.625/MERRA2/2019/07/MERRA2.20190701.A3cld.05x0625.nc4
2177.651,hit,false,0.000,168,128.855,106,GEOS_0.5x0.625/MERRA2/2019/07/MERRA2.20190701.A3cld.05x0625.nc4
2177.685,hit,false,0.000,168,128.886,107,GEOS_0.5x0.625/MERRA2/2019/07/MERRA2.20190701.A3cld.05x0625.nc4
2177.713,hit,false,0.000,168,128.913,107,GEOS_0.5x0.625/MERRA2/2019/07/MERRA2.20190701.A3cld.05x0625.nc4
2177.744,hit,false,0.000,168,128.944,107,GEOS_0.5x0.625/MERRA2/2019/07/MERRA2.20190701.A3cld.05x0625.nc4
2177.766,hit,false,0.000,168,128.967,107,GEOS_0.5x0.625/MERRA2/2019/07/MERRA2.20190701.A3cld.05x0625.nc4
2177.800,hit,false,0.000,168,129.000,107,GEOS_0.5x0.625/MERRA2/2019/07/MERRA2.20190701.A3cld.05x0625.nc4
2177.825,hit,false,0.000,168,129.025,107,GEOS_0.5x0.625/MERRA2/2019/07/MERRA2.20190701.A3cld.05x0625.nc4
2177.856,hit,false,0.000,168,129.056,107,GEOS_0.5x0.625/MERRA2/2019/07/MERRA2.20190701.A3cld.05x0625.nc4
2177.881,hit,false,0.000,168,129.082,107,GEOS_0.5x0.625/MERRA2/2019/07/MERRA2.20190701.A3cld.05x0625.nc4
2177.909,hit,false,0.000,168,129.108,108,GEOS_0.5x0.625/MERRA2/2019/07/MERRA2.20190701.A3cld.05x0625.nc4
2177.941,hit,false,0.000,168,129.140,108,GEOS_0.5x0.625/MERRA2/2019/07/MERRA2.20190701.A3cld.05x0625.nc4
2178.043,hit,false,0.000,168,129.242,108,GEOS_0.5x0.625/MERRA2/2019/07/MERRA2.20190701.A3cld.05x0625.nc4
2178.066,hit,false,0.000,168,129.264,108,GEOS_0.5x0.625/MERRA2/2019/07/MERRA2.20190701.A3cld.05x0625.nc4
2178.106,hit,false,0.000,168,129.305,108,GEOS_0.5x0.625/MERRA2/2019/07/MERRA2.20190701.A3cld.05x0625.nc4
2178.128,hit,false,0.000,168,129.326,108,GEOS_0.5x0.625/MERRA2/2019/07/MERRA2.20190701.A3cld.05x0625.nc4
2178.166,hit,false,0.000,167,129.365,108,GEOS_0.5x0.625/MERRA2/2019/07/MERRA2.20190701.A3cld.05x0625.nc4
2178.192,hit,false,0.000,167,129.391,108,GEOS_0.5x0.625/MERRA2/2019/07/MERRA2.20190701.A3cld.05x0625.nc4
2178.229,hit,false,0.000,167,129.426,109,GEOS_0.5x0.625/MERRA2/2019/07/MERRA2.20190701.A3cld.05x0625.nc4
2178.265,hit,false,0.000,167,129.462,109,GEOS_0.5x0.625/MERRA2/2019/07/MERRA2.20190701.A3cld.05x0625.nc4
2178.289,hit,false,0.000,167,129.486,109,GEOS_0.5x0.625/MERRA2/2019/07/MERRA2.20190701.A3cld.05x0625.nc4
2178.335,hit,false,0.000,167,129.532,109,GEOS_0.5x0.625/MERRA2/2019/07/MERRA2.20190701.A3cld.05x0625.nc4
2178.360,hit,false,0.000,167,129.557,109,GEOS_0.5x0.625/MERRA2/2019/07/MERRA2.20190701.A3cld.05x0625.nc4
2178.393,hit,false,0.000,167,129.591,109,GEOS_0.5x0.625/MERRA2/2019/07/MERRA2.20190701.A3cld.05x0625.nc4
2178.430,hit,false,0.000,167,129.627,109,GEOS_0.5x0.625/MERRA2/2019/07/MERRA2.20190701.A3cld.05x0625.nc4
2178.456,hit,false,0.000,167,129.653,109,GEOS_0.5x0.625/MERRA2/2019/07/MERRA2.20190701.A3cld.05x0625.nc4
2178.494,hit,false,0.000,167,129.689,110,GEOS_0.5x0.625/MERRA2/2019/07/MERRA2.20190701.A3cld.05x0625.nc4
2178.527,hit,false,0.000,167,129.722,110,GEOS_0.5x0.625/MERRA2/2019/07/MERRA2.20190701.A3cld.05x0625.nc4
2178.555,hit,false,0.000,167,129.751,110,GEOS_0.5x0.625/MERRA2/2019/07/MERRA2.20190701.A3cld.05x0625.nc4
2178.589,hit,false,0.000,167,129.784,110,GEOS_0.5x0.625/MERRA2/2019/07/MERRA2.20190701.A3cld.05x0625.nc4
2178.616,hit,false,0.000,167,129.812,110,GEOS_0.5x0.625/MERRA2/2019/07/MERRA2.20190701.A3cld.05x0625.nc4
2178.648,hit,false,0.000,167,129.843,110,GEOS_0.5x0.625/MERRA2/2019/07/MERRA2.20190701.A3cld.05x0625.nc4
2178.672,hit,false,0.000,167,129.868,110,GEOS_0.5x0.625/MERRA2/2019/07/MERRA2.20190701.A3cld.05x0625.nc4
2178.705,hit,false,0.000,167,129.900,110,GEOS_0.5x0.625/MERRA2/2019/07/MERRA2.20190701.A3cld.05x0625.nc4
2178.730,hit,false,0.000,167,129.923,111,GEOS_0.5x0.625/MERRA2/2019/07/MERRA2.20190701.A3cld.05x0625.nc4
2178.761,hit,false,0.000,167,129.954,111,GEOS_0.5x0.625/MERRA2/2019/07/MERRA2.20190701.A3cld.05x0625.nc4
2178.792,hit,false,0.000,167,129.985,111,GEOS_0.5x0.625/MERRA2/2019/07/MERRA2.20190701.A3cld.05x0625.nc4
2178.816,hit,false,0.000,167,130.009,111,GEOS_0.5x0.625/MERRA2/2019/07/MERRA2.20190701.A3cld.05x0625.nc4
2178.852,hit,false,0.000,167,130.046,111,GEOS_0.5x0.625/MERRA2/2019/07/MERRA2.20190701.A3cld.05x0625.nc4
2178.880,hit,false,0.000,167,130.073,111,GEOS_0.5x0.625/MERRA2/2019/07/MERRA2.20190701.A3cld.05x0625.nc4
2178.912,hit,false,0.000,167,130.106,111,GEOS_0.5x0.625/MERRA2/2019/07/MERRA2.20190701.A3cld.05x0625.nc4
2178.935,hit,false,0.000,167,130.128,111,GEOS_0.5x0.625/MERRA2/2019/07/MERRA2.20190701.A3cld.05x0625.nc4
2178.969,hit,false,0.000,167,130.155,112,GEOS_0.5x0.625/MERRA2/2019/07/MERRA2.20190701.A3cld.05x0625.nc4
2179.002,hit,false,0.000,167,130.189,112,GEOS_0.5x0.625/MERRA2/2019/07/MERRA2.20190701.A3cld.05x0625.nc4
2179.038,hit,false,0.000,167,130.225,112,GEOS_0.5x0.625/MERRA2/2019/07/MERRA2.20190701.A3cld.05x0625.nc4
2179.062,hit,false,0.000,167,130.249,112,GEOS_0.5x0.625/MERRA2/2019/07/MERRA2.20190701.A3cld.05x0625.nc4
2179.105,hit,false,0.000,167,130.291,112,GEOS_0.5x0.625/MERRA2/2019/07/MERRA2.20190701.A3cld.05x0625.nc4
2179.128,hit,false,0.000,167,130.314,112,GEOS_0.5x0.625/MERRA2/2019/07/MERRA2.20190701.A3cld.05x0625.nc4
2179.163,hit,false,0.000,167,130.349,112,GEOS_0.5x0.625/MERRA2/2019/07/MERRA2.20190701.A3cld.05x0625.nc4
2179.188,hit,false,0.000,167,130.375,112,GEOS_0.5x0.625/MERRA2/2019/07/MERRA2.20190701.A3cld.05x0625.nc4
2179.218,hit,false,0.000,167,130.402,113,GEOS_0.5x0.625/MERRA2/2019/07/MERRA2.20190701.A3cld.05x0625.nc4
2179.244,hit,false,0.000,167,130.428,113,GEOS_0.5x0.625/MERRA2/2019/07/MERRA2.20190701.A3cld.05x0625.nc4
2179.277,hit,false,0.000,167,130.462,113,GEOS_0.5x0.625/MERRA2/2019/07/MERRA2.20190701.A3cld.05x0625.nc4
2179.303,hit,false,0.000,167,130.488,113,GEOS_0.5x0.625/MERRA2/2019/07/MERRA2.20190701.A3cld.05x0625.nc4
2179.333,hit,false,0.000,167,130.517,113,GEOS_0.5x0.625/MERRA2/2019/07/MERRA2.20190701.A3cld.05x0625.nc4
2179.369,hit,false,0.000,167,130.553,113,GEOS_0.5x0.625/MERRA2/2019/07/MERRA2.20190701.A3cld.05x0625.nc4
2179.390,hit,false,0.000,167,130.574,113,GEOS_0.5x0.625/MERRA2/2019/07/MERRA2.20190701.A3cld.05x0625.nc4
2179.435,hit,false,0.000,167,130.619,113,GEOS_0.5x0.625/MERRA2/2019/07/MERRA2.20190701.A3cld.05x0625.nc4
2179.455,hit,false,0.000,167,130.637,114,GEOS_0.5x0.625/MERRA2/2019/07/MERRA2.20190701.A3cld.05x0625.nc4
2179.491,hit,false,0.000,167,130.673,114,GEOS_0.5x0.625/MERRA2/2019/07/MERRA2.20190701.A3cld.05x0625.nc4
2179.518,hit,false,0.000,167,130.700,114,GEOS_0.5x0.625/MERRA2/2019/07/MERRA2.20190701.A3cld.05x0625.nc4
2179.550,hit,false,0.000,167,130.732,114,GEOS_0.5x0.625/MERRA2/2019/07/MERRA2.20190701.A3cld.05x0625.nc4
2179.578,hit,false,0.000,167,130.760,114,GEOS_0.5x0.625/MERRA2/2019/07/MERRA2.20190701.A3cld.05x0625.nc4
2179.609,hit,false,0.000,167,130.791,114,GEOS_0.5x0.625/MERRA2/2019/07/MERRA2.20190701.A3cld.05x0625.nc4
2179.637,hit,false,0.000,167,130.819,114,GEOS_0.5x0.625/MERRA2/2019/07/MERRA2.20190701.A3cld.05x0625.nc4
2179.666,hit,false,0.000,167,130.848,114,GEOS_0.5x0.625/MERRA2/2019/07/MERRA2.20190701.A3cld.05x0625.nc4
2179.694,hit,false,0.000,167,130.874,115,GEOS_0.5x0.625/MERRA2/2019/07/MERRA2.20190701.A3cld.05x0625.nc4
2179.726,hit,false,0.000,167,130.907,115,GEOS_0.5x0.625/MERRA2/2019/07/MERRA2.20190701.A3cld.05x0625.nc4
2179.748,hit,false,0.000,167,130.929,115,GEOS_0.5x0.625/MERRA2/2019/07/MERRA2.20190701.A3cld.05x0625.nc4
2179.785,hit,false,0.000,167,130.966,115,GEOS_0.5x0.625/MERRA2/2019/07/MERRA2.20190701.A3cld.05x0625.nc4
2179.809,hit,false,0.000,167,130.989,115,GEOS_0.5x0.625/MERRA2/2019/07/MERRA2.20190701.A3cld.05x0625.nc4
2179.841,hit,false,0.000,167,131.021,115,GEOS_0.5x0.625/MERRA2/2019/07/MERRA2.20190701.A3cld.05x0625.nc4
2179.866,hit,false,0.000,167,131.046,115,GEOS_0.5x0.625/MERRA2/2019/07/MERRA2.20190701.A3cld.05x0625.nc4
2179.899,hit,false,0.000,167,131.079,115,GEOS_0.5x0.625/MERRA2/2019/07/MERRA2.20190701.A3cld.05x0625.nc4
2179.927,hit,false,0.000,167,131.104,116,GEOS_0.5x0.625/MERRA2/2019/07/MERRA2.20190701.A3cld.05x0625.nc4
2180.032,hit,false,0.000,167,131.209,116,GEOS_0.5x0.625/MERRA2/2019/07/MERRA2.20190701.A3cld.05x0625.nc4
2180.057,hit,false,0.000,167,131.234,116,GEOS_0.5x0.625/MERRA2/2019/07/MERRA2.20190701.A3cld.05x0625.nc4
2180.089,hit,false,0.000,167,131.266,116,GEOS_0.5x0.625/MERRA2/2019/07/MERRA2.20190701.A3cld.05x0625.nc4
2180.113,hit,false,0.000,167,131.291,116,GEOS_0.5x0.625/MERRA2/2019/07/MERRA2.20190701.A3cld.05x0625.nc4
2180.145,hit,false,0.000,167,131.323,116,GEOS_0.5x0.625/MERRA2/2019/07/MERRA2.20190701.A3cld.05x0625.nc4
2180.174,hit,false,0.000,167,131.351,116,GEOS_0.5x0.625/MERRA2/2019/07/MERRA2.20190701.A3cld.05x0625.nc4
2180.203,hit,false,0.000,167,131.381,116,GEOS_0.5x0.625/MERRA2/2019/07/MERRA2.20190701.A3cld.05x0625.nc4
2180.238,hit,false,0.000,167,131.413,117,GEOS_0.5x0.625/MERRA2/2019/07/MERRA2.20190701.A3cld.05x0625.nc4
2180.264,hit,false,0.000,167,131.439,117,GEOS_0.5x0.625/MERRA2/2019/07/MERRA2.20190701.A3cld.05x0625.nc4
2180.296,hit,false,0.000,167,131.471,117,GEOS_0.5x0.625/MERRA2/2019/07/MERRA2.20190701.A3cld.05x0625.nc4
2180.326,hit,false,0.000,167,131.501,117,GEOS_0.5x0.625/MERRA2/2019/07/MERRA2.20190701.A3cld.05x0625.nc4
2180.356,hit,false,0.000,167,131.532,117,GEOS_0.5x0.625/MERRA2/2019/07/MERRA2.20190701.A3cld.05x0625.nc4
2180.386,hit,false,0.000,166,131.562,117,GEOS_0.5x0.625/MERRA2/2019/07/MERRA2.20190701.A3cld.05x0625.nc4
2180.414,hit,false,0.000,166,131.590,117,GEOS_0.5x0.625/MERRA2/2019/07/MERRA2.20190701.A3cld.05x0625.nc4
2180.445,hit,false,0.000,166,131.621,117,GEOS_0.5x0.625/MERRA2/2019/07/MERRA2.20190701.A3cld.05x0625.nc4
2180.474,hit,false,0.000,166,131.647,118,GEOS_0.5x0.625/MERRA2/2019/07/MERRA2.20190701.A3cld.05x0625.nc4
2180.505,hit,false,0.000,166,131.678,118,GEOS_0.5x0.625/MERRA2/2019/07/MERRA2.20190701.A3cld.05x0625.nc4
2180.535,hit,false,0.000,166,131.708,118,GEOS_0.5x0.625/MERRA2/2019/07/MERRA2.20190701.A3cld.05x0625.nc4
2180.564,hit,false,0.000,166,131.738,118,GEOS_0.5x0.625/MERRA2/2019/07/MERRA2.20190701.A3cld.05x0625.nc4
2180.593,hit,false,0.000,166,131.766,118,GEOS_0.5x0.625/MERRA2/2019/07/MERRA2.20190701.A3cld.05x0625.nc4
2180.623,hit,false,0.000,166,131.796,118,GEOS_0.5x0.625/MERRA2/2019/07/MERRA2.20190701.A3cld.05x0625.nc4
2180.650,hit,false,0.000,165,131.824,118,GEOS_0.5x0.625/MERRA2/2019/07/MERRA2.20190701.A3cld.05x0625.nc4
2180.681,hit,false,0.000,165,131.854,118,GEOS_0.5x0.625/MERRA2/2019/07/MERRA2.20190701.A3cld.05x0625.nc4
2180.707,hit,false,0.000,165,131.879,119,GEOS_0.5x0.625/MERRA2/2019/07/MERRA2.20190701.A3cld.05x0625.nc4
2180.741,hit,false,0.000,165,131.913,119,GEOS_0.5x0.625/MERRA2/2019/07/MERRA2.20190701.A3cld.05x0625.nc4
2180.774,hit,false,0.000,165,131.946,119,GEOS_0.5x0.625/MERRA2/2019/07/MERRA2.20190701.A3cld.05x0625.nc4
2180.798,hit,false,0.000,165,131.970,119,GEOS_0.5x0.625/MERRA2/2019/07/MERRA2.20190701.A3cld.05x0625.nc4
2180.850,hit,false,0.000,165,132.023,119,GEOS_0.5x0.625/MERRA2/2019/07/MERRA2.20190701.A3cld.05x0625.nc4
2180.872,hit,false,0.000,165,132.044,119,GEOS_0.5x0.625/MERRA2/2019/07/MERRA2.20190701.A3cld.05x0625.nc4
2180.911,hit,false,0.000,165,132.083,119,GEOS_0.5x0.625/MERRA2/2019/07/MERRA2.20190701.A3cld.05x0625.nc4
2180.934,hit,false,0.000,165,132.106,119,GEOS_0.5x0.625/MERRA2/2019/07/MERRA2.20190701.A3cld.05x0625.nc4
2180.976,hit,false,0.000,164,132.147,120,GEOS_0.5x0.625/MERRA2/2019/07/MERRA2.20190701.A3cld.05x0625.nc4
2181.004,hit,false,0.000,164,132.175,120,GEOS_0.5x0.625/MERRA2/2019/07/MERRA2.20190701.A3cld.05x0625.nc4
2181.063,hit,false,0.000,164,132.234,120,GEOS_0.5x0.625/MERRA2/2019/07/MERRA2.20190701.A3cld.05x0625.nc4
2181.084,hit,false,0.000,164,132.256,120,GEOS_0.5x0.625/MERRA2/2019/07/MERRA2.20190701.A3cld.05x0625.nc4
2181.119,hit,false,0.000,164,132.290,120,GEOS_0.5x0.625/MERRA2/2019/07/MERRA2.20190701.A3cld.05x0625.nc4
2181.146,hit,false,0.000,164,132.318,120,GEOS_0.5x0.625/MERRA2/2019/07/MERRA2.20190701.A3cld.05x0625.nc4
2181.174,hit,false,0.000,164,132.345,120,GEOS_0.5x0.625/MERRA2/2019/07/MERRA2.20190701.A3cld.05x0625.nc4
2181.206,hit,false,0.000,164,132.377,120,GEOS_0.5x0.625/MERRA2/2019/07/MERRA2.20190701.A3cld.05x0625.nc4
2181.235,hit,false,0.000,164,132.402,121,GEOS_0.5x0.625/MERRA2/2019/07/MERRA2.20190701.A3cld.05x0625.nc4
2181.267,hit,false,0.000,164,132.434,121,GEOS_0.5x0.625/MERRA2/2019/07/MERRA2.20190701.A3cld.05x0625.nc4
2181.301,hit,false,0.000,164,132.468,121,GEOS_0.5x0.625/MERRA2/2019/07/MERRA2.20190701.A3cld.05x0625.nc4
2181.329,hit,false,0.000,164,132.496,121,GEOS_0.5x0.625/MERRA2/2019/07/MERRA2.20190701.A3cld.05x0625.nc4
2181.361,hit,false,0.000,164,132.527,121,GEOS_0.5x0.625/MERRA2/2019/07/MERRA2.20190701.A3cld.05x0625.nc4
2181.389,hit,false,0.000,164,132.556,121,GEOS_0.5x0.625/MERRA2/2019/07/MERRA2.20190701.A3cld.05x0625.nc4
2181.417,hit,false,0.000,164,132.584,121,GEOS_0.5x0.625/MERRA2/2019/07/MERRA2.20190701.A3cld.05x0625.nc4
2181.446,hit,false,0.000,164,132.613,121,GEOS_0.5x0.625/MERRA2/2019/07/MERRA2.20190701.A3cld.05x0625.nc4
2181.470,hit,false,0.000,164,132.634,122,GEOS_0.5x0.625/MERRA2/2019/07/MERRA2.20190701.A3cld.05x0625.nc4
2181.504,hit,false,0.000,164,132.668,122,GEOS_0.5x0.625/MERRA2/2019/07/MERRA2.20190701.A3cld.05x0625.nc4
2181.529,hit,false,0.000,164,132.693,122,GEOS_0.5x0.625/MERRA2/2019/07/MERRA2.20190701.A3cld.05x0625.nc4
2181.558,hit,false,0.000,164,132.722,122,GEOS_0.5x0.625/MERRA2/2019/07/MERRA2.20190701.A3cld.05x0625.nc4
2181.582,hit,false,0.000,164,132.746,122,GEOS_0.5x0.625/MERRA2/2019/07/MERRA2.20190701.A3cld.05x0625.nc4
2181.614,hit,false,0.000,164,132.779,122,GEOS_0.5x0.625/MERRA2/2019/07/MERRA2.20190701.A3cld.05x0625.nc4
2181.638,hit,false,0.000,164,132.802,122,GEOS_0.5x0.625/MERRA2/2019/07/MERRA2.20190701.A3cld.05x0625.nc4
2181.670,hit,false,0.000,164,132.834,122,GEOS_0.5x0.625/MERRA2/2019/07/MERRA2.20190701.A3cld.05x0625.nc4
2181.695,hit,false,0.000,164,132.857,123,GEOS_0.5x0.625/MERRA2/2019/07/MERRA2.20190701.A3cld.05x0625.nc4
2181.730,hit,false,0.000,164,132.891,123,GEOS_0.5x0.625/MERRA2/2019/07/MERRA2.20190701.A3cld.05x0625.nc4
2181.757,hit,false,0.000,164,132.918,123,GEOS_0.5x0.625/MERRA2/2019/07/MERRA2.20190701.A3cld.05x0625.nc4
2181.897,hit,false,0.000,164,133.058,123,GEOS_0.5x0.625/MERRA2/2019/07/MERRA2.20190701.A3cld.05x0625.nc4
2181.983,hit,false,0.000,164,133.145,123,GEOS_0.5x0.625/MERRA2/2019/07/MERRA2.20190701.A3cld.05x0625.nc4
2182.004,hit,false,0.000,164,133.166,123,GEOS_0.5x0.625/MERRA2/2019/07/MERRA2.20190701.A3cld.05x0625.nc4
2182.047,hit,false,0.000,164,133.209,123,GEOS_0.5x0.625/MERRA2/2019/07/MERRA2.20190701.A3cld.05x0625.nc4
2182.068,hit,false,0.000,164,133.230,123,GEOS_0.5x0.625/MERRA2/2019/07/MERRA2.20190701.A3cld.05x0625.nc4
2182.180,hit,false,0.000,164,133.339,124,GEOS_0.5x0.625/MERRA2/2019/07/MERRA2.20190701.A3cld.05x0625.nc4
2182.202,hit,false,0.000,164,133.362,124,GEOS_0.5x0.625/MERRA2/2019/07/MERRA2.20190701.A3cld.05x0625.nc4
2182.248,hit,false,0.000,164,133.407,124,GEOS_0.5x0.625/MERRA2/2019/07/MERRA2.20190701.A3cld.05x0625.nc4
2182.270,hit,false,0.000,164,133.430,124,GEOS_0.5x0.625/MERRA2/2019/07/MERRA2.20190701.A3cld.05x0625.nc4
2182.304,hit,false,0.000,164,133.463,124,GEOS_0.5x0.625/MERRA2/2019/07/MERRA2.20190701.A3cld.05x0625.nc4
2182.339,hit,false,0.000,164,133.498,124,GEOS_0.5x0.625/MERRA2/2019/07/MERRA2.20190701.A3cld.05x0625.nc4
2182.361,hit,false,0.000,164,133.521,124,GEOS_0.5x0.625/MERRA2/2019/07/MERRA2.20190701.A3cld.05x0625.nc4
2182.400,hit,false,0.000,164,133.559,124,GEOS_0.5x0.625/MERRA2/2019/07/MERRA2.20190701.A3cld.05x0625.nc4
2182.425,hit,false,0.000,164,133.582,125,GEOS_0.5x0.625/MERRA2/2019/07/MERRA2.20190701.A3cld.05x0625.nc4
2182.460,hit,false,0.000,164,133.617,125,GEOS_0.5x0.625/MERRA2/2019/07/MERRA2.20190701.A3cld.05x0625.nc4
2182.498,hit,false,0.000,164,133.656,125,GEOS_0.5x0.625/MERRA2/2019/07/MERRA2.20190701.A3cld.05x0625.nc4
2182.529,hit,false,0.000,164,133.686,125,GEOS_0.5x0.625/MERRA2/2019/07/MERRA2.20190701.A3cld.05x0625.nc4
2182.557,hit,false,0.000,164,133.714,125,GEOS_0.5x0.625/MERRA2/2019/07/MERRA2.20190701.A3cld.05x0625.nc4
2182.595,hit,false,0.000,164,133.753,125,GEOS_0.5x0.625/MERRA2/2019/07/MERRA2.20190701.A3cld.05x0625.nc4
2182.619,hit,false,0.000,164,133.776,125,GEOS_0.5x0.625/MERRA2/2019/07/MERRA2.20190701.A3cld.05x0625.nc4
2182.653,hit,false,0.000,164,133.811,125,GEOS_0.5x0.625/MERRA2/2019/07/MERRA2.20190701.A3cld.05x0625.nc4
2182.683,hit,false,0.000,164,133.839,126,GEOS_0.5x0.625/MERRA2/2019/07/MERRA2.20190701.A3cld.05x0625.nc4
2182.716,hit,false,0.000,164,133.871,126,GEOS_0.5x0.625/MERRA2/2019/07/MERRA2.20190701.A3cld.05x0625.nc4
2182.743,hit,false,0.000,164,133.899,126,GEOS_0.5x0.625/MERRA2/2019/07/MERRA2.20190701.A3cld.05x0625.nc4
2182.794,hit,false,0.000,164,133.950,126,GEOS_0.5x0.625/MERRA2/2019/07/MERRA2.20190701.A3cld.05x0625.nc4
2182.816,hit,false,0.000,164,133.972,126,GEOS_0.5x0.625/MERRA2/2019/07/MERRA2.20190701.A3cld.05x0625.nc4
2182.854,hit,false,0.000,164,134.010,126,GEOS_0.5x0.625/MERRA2/2019/07/MERRA2.20190701.A3cld.05x0625.nc4
2182.881,hit,false,0.000,164,134.037,126,GEOS_0.5x0.625/MERRA2/2019/07/MERRA2.20190701.A3cld.05x0625.nc4
2182.910,hit,false,0.000,164,134.066,126,GEOS_0.5x0.625/MERRA2/2019/07/MERRA2.20190701.A3cld.05x0625.nc4
2182.939,hit,false,0.000,164,134.094,127,GEOS_0.5x0.625/MERRA2/2019/07/MERRA2.20190701.A3cld.05x0625.nc4
2182.965,hit,false,0.000,164,134.119,127,GEOS_0.5x0.625/MERRA2/2019/07/MERRA2.20190701.A3cld.05x0625.nc4
2183.007,hit,false,0.000,164,134.162,127,GEOS_0.5x0.625/MERRA2/2019/07/MERRA2.20190701.A3cld.05x0625.nc4
2183.035,hit,false,0.000,164,134.189,127,GEOS_0.5x0.625/MERRA2/2019/07/MERRA2.20190701.A3cld.05x0625.nc4
2183.062,hit,false,0.000,164,134.217,127,GEOS_0.5x0.625/MERRA2/2019/07/MERRA2.20190701.A3cld.05x0625.nc4
2183.100,hit,false,0.000,164,134.254,127,GEOS_0.5x0.625/MERRA2/2019/07/MERRA2.20190701.A3cld.05x0625.nc4
2183.128,hit,false,0.000,164,134.282,127,GEOS_0.5x0.625/MERRA2/2019/07/MERRA2.20190701.A3cld.05x0625.nc4
2183.158,hit,false,0.000,164,134.312,127,GEOS_0.5x0.625/MERRA2/2019/07/MERRA2.20190701.A3cld.05x0625.nc4
2183.187,hit,false,0.000,164,132.395,128,GEOS_0.5x0.625/MERRA2/2019/07/MERRA2.20190701.A3cld.05x0625.nc4
2183.216,hit,false,0.000,164,132.424,128,GEOS_0.5x0.625/MERRA2/2019/07/MERRA2.20190701.A3cld.05x0625.nc4
2183.263,hit,false,0.000,164,132.471,128,GEOS_0.5x0.625/MERRA2/2019/07/MERRA2.20190701.A3cld.05x0625.nc4
2183.284,hit,false,0.000,164,132.492,128,GEOS_0.5x0.625/MERRA2/2019/07/MERRA2.20190701.A3cld.05x0625.nc4
2183.319,hit,false,0.000,164,132.527,128,GEOS_0.5x0.625/MERRA2/2019/07/MERRA2.20190701.A3cld.05x0625.nc4
2183.346,hit,false,0.000,164,132.554,128,GEOS_0.5x0.625/MERRA2/2019/07/MERRA2.20190701.A3cld.05x0625.nc4
2183.379,hit,false,0.000,164,132.586,128,GEOS_0.5x0.625/MERRA2/2019/07/MERRA2.20190701.A3cld.05x0625.nc4
2183.407,hit,false,0.000,164,132.615,128,GEOS_0.5x0.625/MERRA2/2019/07/MERRA2.20190701.A3cld.05x0625.nc4
2183.438,hit,false,0.000,163,132.642,129,GEOS_0.5x0.625/MERRA2/2019/07/MERRA2.20190701.A3cld.05x0625.nc4
2183.470,hit,false,0.000,163,132.675,129,GEOS_0.5x0.625/MERRA2/2019/07/MERRA2.20190701.A3cld.05x0625.nc4
2183.499,hit,false,0.000,163,132.704,129,GEOS_0.5x0.625/MERRA2/2019/07/MERRA2.20190701.A3cld.05x0625.nc4
2183.531,hit,false,0.000,163,132.736,129,GEOS_0.5x0.625/MERRA2/2019/07/MERRA2.20190701.A3cld.05x0625.nc4
2183.572,hit,false,0.000,163,132.777,129,GEOS_0.5x0.625/MERRA2/2019/07/MERRA2.20190701.A3cld.05x0625.nc4
2183.595,hit,false,0.000,163,132.800,129,GEOS_0.5x0.625/MERRA2/2019/07/MERRA2.20190701.A3cld.05x0625.nc4
2183.634,hit,false,0.000,163,132.839,129,GEOS_0.5x0.625/MERRA2/2019/07/MERRA2.20190701.A3cld.05x0625.nc4
2183.660,hit,false,0.000,163,132.865,129,GEOS_0.5x0.625/MERRA2/2019/07/MERRA2.20190701.A3cld.05x0625.nc4
2183.694,hit,false,0.000,163,132.897,130,GEOS_0.5x0.625/MERRA2/2019/07/MERRA2.20190701.A3cld.05x0625.nc4
2183.738,hit,false,0.000,163,132.940,130,GEOS_0.5x0.625/MERRA2/2019/07/MERRA2.20190701.A3cld.05x0625.nc4
2183.760,hit,false,0.000,163,132.962,130,GEOS_0.5x0.625/MERRA2/2019/07/MERRA2.20190701.A3cld.05x0625.nc4
2183.793,hit,false,0.000,163,132.995,130,GEOS_0.5x0.625/MERRA2/2019/07/MERRA2.20190701.A3cld.05x0625.nc4
2183.818,hit,false,0.000,163,133.021,130,GEOS_0.5x0.625/MERRA2/2019/07/MERRA2.20190701.A3cld.05x0625.nc4
2183.849,hit,false,0.000,163,133.051,130,GEOS_0.5x0.625/MERRA2/2019/07/MERRA2.20190701.A3cld.05x0625.nc4
2183.887,hit,false,0.000,163,133.089,130,GEOS_0.5x0.625/MERRA2/2019/07/MERRA2.20190701.A3cld.05x0625.nc4
2183.909,hit,false,0.000,163,133.112,130,GEOS_0.5x0.625/MERRA2/2019/07/MERRA2.20190701.A3cld.05x0625.nc4
2183.947,hit,false,0.000,163,133.148,131,GEOS_0.5x0.625/MERRA2/2019/07/MERRA2.20190701.A3cld.05x0625.nc4
2183.972,hit,false,0.000,163,133.172,131,GEOS_0.5x0.625/MERRA2/2019/07/MERRA2.20190701.A3cld.05x0625.nc4
2184.007,hit,false,0.000,163,133.207,131,GEOS_0.5x0.625/MERRA2/2019/07/MERRA2.20190701.A3cld.05x0625.nc4
2184.035,hit,false,0.000,163,133.235,131,GEOS_0.5x0.625/MERRA2/2019/07/MERRA2.20190701.A3cld.05x0625.nc4
2184.067,hit,false,0.000,163,133.267,131,GEOS_0.5x0.625/MERRA2/2019/07/MERRA2.20190701.A3cld.05x0625.nc4
2184.092,hit,false,0.000,163,133.292,131,GEOS_0.5x0.625/MERRA2/2019/07/MERRA2.20190701.A3cld.05x0625.nc4
2184.125,hit,false,0.000,163,133.326,131,GEOS_0.5x0.625/MERRA2/2019/07/MERRA2.20190701.A3cld.05x0625.nc4
2184.217,hit,false,0.000,163,133.417,131,GEOS_0.5x0.625/MERRA2/2019/07/MERRA2.20190701.A3cld.05x0625.nc4
2184.240,hit,false,0.000,163,133.438,132,GEOS_0.5x0.625/MERRA2/2019/07/MERRA2.20190701.A3cld.05x0625.nc4
2184.278,hit,false,0.000,163,133.476,132,GEOS_0.5x0.625/MERRA2/2019/07/MERRA2.20190701.A3cld.05x0625.nc4
2184.301,hit,false,0.000,163,133.499,132,GEOS_0.5x0.625/MERRA2/2019/07/MERRA2.20190701.A3cld.05x0625.nc4
2184.335,hit,false,0.000,163,133.533,132,GEOS_0.5x0.625/MERRA2/2019/07/MERRA2.20190701.A3cld.05x0625.nc4
2184.360,hit,false,0.000,163,133.558,132,GEOS_0.5x0.625/MERRA2/2019/07/MERRA2.20190701.A3cld.05x0625.nc4
2184.392,hit,false,0.000,163,133.590,132,GEOS_0.5x0.625/MERRA2/2019/07/MERRA2.20190701.A3cld.05x0625.nc4
2184.420,hit,false,0.000,163,133.618,132,GEOS_0.5x0.625/MERRA2/2019/07/MERRA2.20190701.A3cld.05x0625.nc4
2184.451,hit,false,0.000,163,133.649,132,GEOS_0.5x0.625/MERRA2/2019/07/MERRA2.20190701.A3cld.05x0625.nc4
2184.478,hit,false,0.000,163,133.674,133,GEOS_0.5x0.625/MERRA2/2019/07/MERRA2.20190701.A3cld.05x0625.nc4
2184.539,hit,false,0.000,163,133.735,133,GEOS_0.5x0.625/MERRA2/2019/07/MERRA2.20190701.A3cld.05x0625.nc4
2184.560,hit,false,0.000,163,133.756,133,GEOS_0.5x0.625/MERRA2/2019/07/MERRA2.20190701.A3cld.05x0625.nc4
2184.594,hit,false,0.000,163,133.790,133,GEOS_0.5x0.625/MERRA2/2019/07/MERRA2.20190701.A3cld.05x0625.nc4
2184.621,hit,false,0.000,163,133.817,133,GEOS_0.5x0.625/MERRA2/2019/07/MERRA2.20190701.A3cld.05x0625.nc4
2184.652,hit,false,0.000,163,133.847,133,GEOS_0.5x0.625/MERRA2/2019/07/MERRA2.20190701.A3cld.05x0625.nc4
2184.692,hit,false,0.000,163,133.887,133,GEOS_0.5x0.625/MERRA2/2019/07/MERRA2.20190701.A3cld.05x0625.nc4
2184.714,hit,false,0.000,163,133.910,133,GEOS_0.5x0.625/MERRA2/2019/07/MERRA2.20190701.A3cld.05x0625.nc4
2184.747,hit,false,0.000,163,133.941,134,GEOS_0.5x0.625/MERRA2/2019/07/MERRA2.20190701.A3cld.05x0625.nc4
2184.796,hit,false,0.000,163,133.990,134,GEOS_0.5x0.625/MERRA2/2019/07/MERRA2.20190701.A3cld.05x0625.nc4
2184.806,hit,false,0.000,163,134.000,134,GEOS_0.5x0.625/MERRA2/2019/07/MERRA2.20190701.A3cld.05x0625.nc4
2184.868,hit,false,0.000,163,134.062,134,GEOS_0.5x0.625/MERRA2/2019/07/MERRA2.20190701.A3cld.05x0625.nc4
2184.890,hit,false,0.000,163,134.084,134,GEOS_0.5x0.625/MERRA2/2019/07/MERRA2.20190701.A3cld.05x0625.nc4
2184.926,hit,false,0.000,163,134.119,134,GEOS_0.5x0.625/MERRA2/2019/07/MERRA2.20190701.A3cld.05x0625.nc4
2184.948,hit,false,0.000,163,134.142,134,GEOS_0.5x0.625/MERRA2/2019/07/MERRA2.20190701.A3cld.05x0625.nc4
2184.983,hit,false,0.000,163,134.177,134,GEOS_0.5x0.625/MERRA2/2019/07/MERRA2.20190701.A3cld.05x0625.nc4
2185.005,hit,false,0.000,163,134.197,135,GEOS_0.5x0.625/MERRA2/2019/07/MERRA2.20190701.A3cld.05x0625.nc4
2185.041,hit,false,0.000,163,134.233,135,GEOS_0.5x0.625/MERRA2/2019/07/MERRA2.20190701.A3cld.05x0625.nc4
2185.067,hit,false,0.000,163,134.258,135,GEOS_0.5x0.625/MERRA2/2019/07/MERRA2.20190701.A3cld.05x0625.nc4
2185.097,hit,false,0.000,163,134.289,135,GEOS_0.5x0.625/MERRA2/2019/07/MERRA2.20190701.A3cld.05x0625.nc4
2185.127,hit,false,0.000,163,134.319,135,GEOS_0.5x0.625/MERRA2/2019/07/MERRA2.20190701.A3cld.05x0625.nc4
2185.160,hit,false,0.000,163,134.352,135,GEOS_0.5x0.625/MERRA2/2019/07/MERRA2.20190701.A3cld.05x0625.nc4
2185.188,hit,false,0.000,163,134.380,135,GEOS_0.5x0.625/MERRA2/2019/07/MERRA2.20190701.A3cld.05x0625.nc4
2185.218,hit,false,0.000,163,134.410,135,GEOS_0.5x0.625/MERRA2/2019/07/MERRA2.20190701.A3cld.05x0625.nc4
2185.241,hit,false,0.000,163,134.478,136,GEOS_0.5x0.625/MERRA2/2019/07/MERRA2.20190701.A3cld.05x0625.nc4
2185.282,hit,false,0.000,163,134.518,136,GEOS_0.5x0.625/MERRA2/2019/07/MERRA2.20190701.A3cld.05x0625.nc4
2185.329,hit,false,0.000,162,134.565,136,GEOS_0.5x0.625/MERRA2/2019/07/MERRA2.20190701.A3cld.05x0625.nc4
2185.349,hit,false,0.000,162,134.586,136,GEOS_0.5x0.625/MERRA2/2019/07/MERRA2.20190701.A3cld.05x0625.nc4
2185.387,hit,false,0.000,162,134.624,136,GEOS_0.5x0.625/MERRA2/2019/07/MERRA2.20190701.A3cld.05x0625.nc4
2185.411,hit,false,0.000,162,134.648,136,GEOS_0.5x0.625/MERRA2/2019/07/MERRA2.20190701.A3cld.05x0625.nc4
2185.452,hit,false,0.000,162,134.688,136,GEOS_0.5x0.625/MERRA2/2019/07/MERRA2.20190701.A3cld.05x0625.nc4
2185.473,hit,false,0.000,162,134.709,136,GEOS_0.5x0.625/MERRA2/2019/07/MERRA2.20190701.A3cld.05x0625.nc4
2185.524,hit,false,0.000,162,134.759,137,GEOS_0.5x0.625/MERRA2/2019/07/MERRA2.20190701.A3cld.05x0625.nc4
2185.548,hit,false,0.000,162,134.783,137,GEOS_0.5x0.625/MERRA2/2019/07/MERRA2.20190701.A3cld.05x0625.nc4
2185.582,hit,false,0.000,162,134.816,137,GEOS_0.5x0.625/MERRA2/2019/07/MERRA2.20190701.A3cld.05x0625.nc4
2185.607,hit,false,0.000,162,134.841,137,GEOS_0.5x0.625/MERRA2/2019/07/MERRA2.20190701.A3cld.05x0625.nc4
2185.638,hit,false,0.000,162,134.872,137,GEOS_0.5x0.625/MERRA2/2019/07/MERRA2.20190701.A3cld.05x0625.nc4
2185.669,hit,false,0.000,162,134.903,137,GEOS_0.5x0.625/MERRA2/2019/07/MERRA2.20190701.A3cld.05x0625.nc4
2185.699,hit,false,0.000,162,134.934,137,GEOS_0.5x0.625/MERRA2/2019/07/MERRA2.20190701.A3cld.05x0625.nc4
2185.722,hit,false,0.000,161,134.957,137,GEOS_0.5x0.625/MERRA2/2019/07/MERRA2.20190701.A3cld.05x0625.nc4
2185.768,hit,false,0.000,161,135.001,138,GEOS_0.5x0.625/MERRA2/2019/07/MERRA2.20190701.A3cld.05x0625.nc4
2185.785,hit,false,0.000,161,135.018,138,GEOS_0.5x0.625/MERRA2/2019/07/MERRA2.20190701.A3cld.05x0625.nc4
2185.851,hit,false,0.000,161,135.084,138,GEOS_0.5x0.625/MERRA2/2019/07/MERRA2.20190701.A3cld.05x0625.nc4
2185.878,hit,false,0.000,161,135.111,138,GEOS_0.5x0.625/MERRA2/2019/07/MERRA2.20190701.A3cld.05x0625.nc4
2185.907,hit,false,0.000,161,135.140,138,GEOS_0.5x0.625/MERRA2/2019/07/MERRA2.20190701.A3cld.05x0625.nc4
2185.936,hit,false,0.000,161,135.169,138,GEOS_0.5x0.625/MERRA2/2019/07/MERRA2.20190701.A3cld.05x0625.nc4
2185.966,hit,false,0.000,161,135.199,138,GEOS_0.5x0.625/MERRA2/2019/07/MERRA2.20190701.A3cld.05x0625.nc4
2185.994,hit,false,0.000,161,135.227,138,GEOS_0.5x0.625/MERRA2/2019/07/MERRA2.20190701.A3cld.05x0625.nc4
2186.024,hit,false,0.000,161,135.255,139,GEOS_0.5x0.625/MERRA2/2019/07/MERRA2.20190701.A3cld.05x0625.nc4
2186.049,hit,false,0.000,161,135.280,139,GEOS_0.5x0.625/MERRA2/2019/07/MERRA2.20190701.A3cld.05x0625.nc4
2186.081,hit,false,0.000,161,135.312,139,GEOS_0.5x0.625/MERRA2/2019/07/MERRA2.20190701.A3cld.05x0625.nc4
2186.112,hit,false,0.000,161,135.343,139,GEOS_0.5x0.625/MERRA2/2019/07/MERRA2.20190701.A3cld.05x0625.nc4
2186.135,hit,false,0.000,161,135.367,139,GEOS_0.5x0.625/MERRA2/2019/07/MERRA2.20190701.A3cld.05x0625.nc4
2186.166,hit,false,0.000,161,135.398,139,GEOS_0.5x0.625/MERRA2/2019/07/MERRA2.20190701.A3cld.05x0625.nc4
2186.268,hit,false,0.000,160,135.500,139,GEOS_0.5x0.625/MERRA2/2019/07/MERRA2.20190701.A3cld.05x0625.nc4
2186.291,hit,false,0.000,160,135.523,139,GEOS_0.5x0.625/MERRA2/2019/07/MERRA2.20190701.A3cld.05x0625.nc4
2186.327,hit,false,0.000,160,135.556,140,GEOS_0.5x0.625/MERRA2/2019/07/MERRA2.20190701.A3cld.05x0625.nc4
2186.361,hit,false,0.000,160,135.590,140,GEOS_0.5x0.625/MERRA2/2019/07/MERRA2.20190701.A3cld.05x0625.nc4
2186.390,hit,false,0.000,160,135.619,140,GEOS_0.5x0.625/MERRA2/2019/07/MERRA2.20190701.A3cld.05x0625.nc4
2186.419,hit,false,0.000,160,135.648,140,GEOS_0.5x0.625/MERRA2/2019/07/MERRA2.20190701.A3cld.05x0625.nc4
2186.451,hit,false,0.000,160,135.680,140,GEOS_0.5x0.625/MERRA2/2019/07/MERRA2.20190701.A3cld.05x0625.nc4
2186.472,hit,false,0.000,160,135.701,140,GEOS_0.5x0.625/MERRA2/2019/07/MERRA2.20190701.A3cld.05x0625.nc4
2186.508,hit,false,0.000,160,135.737,140,GEOS_0.5x0.625/MERRA2/2019/07/MERRA2.20190701.A3cld.05x0625.nc4
2186.533,hit,false,0.000,160,135.762,140,GEOS_0.5x0.625/MERRA2/2019/07/MERRA2.20190701.A3cld.05x0625.nc4
2186.563,hit,false,0.000,160,135.790,141,GEOS_0.5x0.625/MERRA2/2019/07/MERRA2.20190701.A3cld.05x0625.nc4
2186.597,hit,false,0.000,160,135.824,141,GEOS_0.5x0.625/MERRA2/2019/07/MERRA2.20190701.A3cld.05x0625.nc4
2186.643,hit,false,0.000,160,135.871,141,GEOS_0.5x0.625/MERRA2/2019/07/MERRA2.20190701.A3cld.05x0625.nc4
2186.665,hit,false,0.000,160,135.892,141,GEOS_0.5x0.625/MERRA2/2019/07/MERRA2.20190701.A3cld.05x0625.nc4
2186.704,hit,false,0.000,160,135.932,141,GEOS_0.5x0.625/MERRA2/2019/07/MERRA2.20190701.A3cld.05x0625.nc4
2186.736,hit,false,0.000,160,135.963,141,GEOS_0.5x0.625/MERRA2/2019/07/MERRA2.20190701.A3cld.05x0625.nc4
2186.763,hit,false,0.000,160,135.990,141,GEOS_0.5x0.625/MERRA2/2019/07/MERRA2.20190701.A3cld.05x0625.nc4
2186.807,hit,false,0.000,160,136.034,141,GEOS_0.5x0.625/MERRA2/2019/07/MERRA2.20190701.A3cld.05x0625.nc4
2186.831,hit,false,0.000,160,136.056,142,GEOS_0.5x0.625/MERRA2/2019/07/MERRA2.20190701.A3cld.05x0625.nc4
2186.866,hit,false,0.000,160,136.092,142,GEOS_0.5x0.625/MERRA2/2019/07/MERRA2.20190701.A3cld.05x0625.nc4
2186.901,hit,false,0.000,160,136.126,142,GEOS_0.5x0.625/MERRA2/2019/07/MERRA2.20190701.A3cld.05x0625.nc4
2186.926,hit,false,0.000,160,136.151,142,GEOS_0.5x0.625/MERRA2/2019/07/MERRA2.20190701.A3cld.05x0625.nc4
2186.957,hit,false,0.000,160,136.182,142,GEOS_0.5x0.625/MERRA2/2019/07/MERRA2.20190701.A3cld.05x0625.nc4
2186.988,hit,false,0.000,160,136.213,142,GEOS_0.5x0.625/MERRA2/2019/07/MERRA2.20190701.A3cld.05x0625.nc4
2187.014,hit,false,0.000,160,136.240,142,GEOS_0.5x0.625/MERRA2/2019/07/MERRA2.20190701.A3cld.05x0625.nc4
2187.044,hit,false,0.000,160,136.269,142,GEOS_0.5x0.625/MERRA2/2019/07/MERRA2.20190701.A3cld.05x0625.nc4
2187.095,hit,false,0.000,160,136.313,143,GEOS_0.5x0.625/MERRA2/2019/07/MERRA2.20190701.A3cld.05x0625.nc4
2187.134,hit,false,0.000,160,136.352,143,GEOS_0.5x0.625/MERRA2/2019/07/MERRA2.20190701.A3cld.05x0625.nc4
2187.157,hit,false,0.000,160,136.376,143,GEOS_0.5x0.625/MERRA2/2019/07/MERRA2.20190701.A3cld.05x0625.nc4
2187.192,hit,false,0.000,160,136.410,143,GEOS_0.5x0.625/MERRA2/2019/07/MERRA2.20190701.A3cld.05x0625.nc4
2187.214,hit,false,0.000,160,136.433,143,GEOS_0.5x0.625/MERRA2/2019/07/MERRA2.20190701.A3cld.05x0625.nc4
2187.250,hit,false,0.000,160,136.468,143,GEOS_0.5x0.625/MERRA2/2019/07/MERRA2.20190701.A3cld.05x0625.nc4
2187.277,hit,false,0.000,160,136.496,143,GEOS_0.5x0.625/MERRA2/2019/07/MERRA2.20190701.A3cld.05x0625.nc4
2187.311,hit,false,0.000,160,136.530,143,GEOS_0.5x0.625/MERRA2/2019/07/MERRA2.20190701.A3cld.05x0625.nc4
2187.336,hit,false,0.000,160,136.562,144,GEOS_0.5x0.625/MERRA2/2019/07/MERRA2.20190701.A3cld.05x0625.nc4
2187.372,hit,false,0.000,160,136.597,144,GEOS_0.5x0.625/MERRA2/2019/07/MERRA2.20190701.A3cld.05x0625.nc4
2187.420,hit,false,0.000,160,136.646,144,GEOS_0.5x0.625/MERRA2/2019/07/MERRA2.20190701.A3cld.05x0625.nc4
2187.450,hit,false,0.000,160,136.676,144,GEOS_0.5x0.625/MERRA2/2019/07/MERRA2.20190701.A3cld.05x0625.nc4
2187.490,hit,false,0.000,160,136.716,144,GEOS_0.5x0.625/MERRA2/2019/07/MERRA2.20190701.A3cld.05x0625.nc4
2187.534,hit,false,0.000,160,136.760,144,GEOS_0.5x0.625/MERRA2/2019/07/MERRA2.20190701.A3cld.05x0625.nc4
2187.555,hit,false,0.000,160,136.781,144,GEOS_0.5x0.625/MERRA2/2019/07/MERRA2.20190701.A3cld.05x0625.nc4
2187.592,hit,false,0.000,160,136.818,144,GEOS_0.5x0.625/MERRA2/2019/07/MERRA2.20190701.A3cld.05x0625.nc4
2187.616,hit,false,0.000,160,136.838,145,GEOS_0.5x0.625/MERRA2/2019/07/MERRA2.20190701.A3cld.05x0625.nc4
2187.671,hit,false,0.000,160,136.892,145,GEOS_0.5x0.625/MERRA2/2019/07/MERRA2.20190701.A3cld.05x0625.nc4
2187.694,hit,false,0.000,160,136.915,145,GEOS_0.5x0.625/MERRA2/2019/07/MERRA2.20190701.A3cld.05x0625.nc4
2187.735,hit,false,0.000,160,136.956,145,GEOS_0.5x0.625/MERRA2/2019/07/MERRA2.20190701.A3cld.05x0625.nc4
2187.759,hit,false,0.000,160,136.980,145,GEOS_0.5x0.625/MERRA2/2019/07/MERRA2.20190701.A3cld.05x0625.nc4
2187.795,hit,false,0.000,160,137.016,145,GEOS_0.5x0.625/MERRA2/2019/07/MERRA2.20190701.A3cld.05x0625.nc4
2187.829,hit,false,0.000,160,137.050,145,GEOS_0.5x0.625/MERRA2/2019/07/MERRA2.20190701.A3cld.05x0625.nc4
2187.873,hit,false,0.000,160,137.094,145,GEOS_0.5x0.625/MERRA2/2019/07/MERRA2.20190701.A3cld.05x0625.nc4
2187.897,hit,false,0.000,160,137.115,146,GEOS_0.5x0.625/MERRA2/2019/07/MERRA2.20190701.A3cld.05x0625.nc4
2187.934,hit,false,0.000,160,137.153,146,GEOS_0.5x0.625/MERRA2/2019/07/MERRA2.20190701.A3cld.05x0625.nc4
2187.959,hit,false,0.000,160,137.178,146,GEOS_0.5x0.625/MERRA2/2019/07/MERRA2.20190701.A3cld.05x0625.nc4
2188.007,hit,false,0.000,160,137.226,146,GEOS_0.5x0.625/MERRA2/2019/07/MERRA2.20190701.A3cld.05x0625.nc4
2188.032,hit,false,0.000,160,137.251,146,GEOS_0.5x0.625/MERRA2/2019/07/MERRA2.20190701.A3cld.05x0625.nc4
2188.080,hit,false,0.000,160,137.299,146,GEOS_0.5x0.625/MERRA2/2019/07/MERRA2.20190701.A3cld.05x0625.nc4
2188.103,hit,false,0.000,160,137.321,146,GEOS_0.5x0.625/MERRA2/2019/07/MERRA2.20190701.A3cld.05x0625.nc4
2188.138,hit,false,0.000,160,137.356,146,GEOS_0.5x0.625/MERRA2/2019/07/MERRA2.20190701.A3cld.05x0625.nc4
2188.173,hit,false,0.000,160,137.389,147,GEOS_0.5x0.625/MERRA2/2019/07/MERRA2.20190701.A3cld.05x0625.nc4
2188.199,hit,false,0.000,159,137.416,147,GEOS_0.5x0.625/MERRA2/2019/07/MERRA2.20190701.A3cld.05x0625.nc4
2188.238,hit,false,0.000,159,137.455,147,GEOS_0.5x0.625/MERRA2/2019/07/MERRA2.20190701.A3cld.05x0625.nc4
2188.265,hit,false,0.000,159,137.482,147,GEOS_0.5x0.625/MERRA2/2019/07/MERRA2.20190701.A3cld.05x0625.nc4
2188.297,hit,false,0.000,159,137.514,147,GEOS_0.5x0.625/MERRA2/2019/07/MERRA2.20190701.A3cld.05x0625.nc4
2188.399,hit,false,0.000,159,137.616,147,GEOS_0.5x0.625/MERRA2/2019/07/MERRA2.20190701.A3cld.05x0625.nc4
2188.422,hit,false,0.000,159,137.638,147,GEOS_0.5x0.625/MERRA2/2019/07/MERRA2.20190701.A3cld.05x0625.nc4
2188.462,hit,false,0.000,159,137.679,147,GEOS_0.5x0.625/MERRA2/2019/07/MERRA2.20190701.A3cld.05x0625.nc4
2188.487,hit,false,0.000,159,137.701,148,GEOS_0.5x0.625/MERRA2/2019/07/MERRA2.20190701.A3cld.05x0625.nc4
2188.526,hit,false,0.000,159,137.741,148,GEOS_0.5x0.625/MERRA2/2019/07/MERRA2.20190701.A3cld.05x0625.nc4
2188.554,hit,false,0.000,159,137.768,148,GEOS_0.5x0.625/MERRA2/2019/07/MERRA2.20190701.A3cld.05x0625.nc4
2188.612,hit,false,0.000,158,137.827,148,GEOS_0.5x0.625/MERRA2/2019/07/MERRA2.20190701.A3cld.05x0625.nc4
2188.633,hit,false,0.000,158,137.848,148,GEOS_0.5x0.625/MERRA2/2019/07/MERRA2.20190701.A3cld.05x0625.nc4
2188.673,hit,false,0.000,158,137.888,148,GEOS_0.5x0.625/MERRA2/2019/07/MERRA2.20190701.A3cld.05x0625.nc4
2188.697,hit,false,0.000,158,137.911,148,GEOS_0.5x0.625/MERRA2/2019/07/MERRA2.20190701.A3cld.05x0625.nc4
2188.733,hit,false,0.000,158,137.947,148,GEOS_0.5x0.625/MERRA2/2019/07/MERRA2.20190701.A3cld.05x0625.nc4
2188.780,hit,false,0.000,158,137.993,149,GEOS_0.5x0.625/MERRA2/2019/07/MERRA2.20190701.A3cld.05x0625.nc4
2188.803,hit,false,0.000,158,138.015,149,GEOS_0.5x0.625/MERRA2/2019/07/MERRA2.20190701.A3cld.05x0625.nc4
2188.843,hit,false,0.000,158,138.056,149,GEOS_0.5x0.625/MERRA2/2019/07/MERRA2.20190701.A3cld.05x0625.nc4
2188.866,hit,false,0.000,157,138.079,149,GEOS_0.5x0.625/MERRA2/2019/07/MERRA2.20190701.A3cld.05x0625.nc4
2188.904,hit,false,0.000,157,138.117,149,GEOS_0.5x0.625/MERRA2/2019/07/MERRA2.20190701.A3cld.05x0625.nc4
2188.927,hit,false,0.000,157,138.140,149,GEOS_0.5x0.625/MERRA2/2019/07/MERRA2.20190701.A3cld.05x0625.nc4
2188.963,hit,false,0.000,157,138.175,149,GEOS_0.5x0.625/MERRA2/2019/07/MERRA2.20190701.A3cld.05x0625.nc4
2188.986,hit,false,0.000,157,138.198,149,GEOS_0.5x0.625/MERRA2/2019/07/MERRA2.20190701.A3cld.05x0625.nc4
2189.019,hit,false,0.000,157,138.230,150,GEOS_0.5x0.625/MERRA2/2019/07/MERRA2.20190701.A3cld.05x0625.nc4
2189.045,hit,false,0.000,157,138.256,150,GEOS_0.5x0.625/MERRA2/2019/07/MERRA2.20190701.A3cld.05x0625.nc4
2189.076,hit,false,0.000,157,138.287,150,GEOS_0.5x0.625/MERRA2/2019/07/MERRA2.20190701.A3cld.05x0625.nc4
2189.101,hit,false,0.000,157,138.311,150,GEOS_0.5x0.625/MERRA2/2019/07/MERRA2.20190701.A3cld.05x0625.nc4
2189.132,hit,false,0.000,157,138.343,150,GEOS_0.5x0.625/MERRA2/2019/07/MERRA2.20190701.A3cld.05x0625.nc4
2189.163,hit,false,0.000,157,138.374,150,GEOS_0.5x0.625/MERRA2/2019/07/MERRA2.20190701.A3cld.05x0625.nc4
2189.192,hit,false,0.000,157,138.403,150,GEOS_0.5x0.625/MERRA2/2019/07/MERRA2.20190701.A3cld.05x0625.nc4
2189.222,hit,false,0.000,157,138.433,150,GEOS_0.5x0.625/MERRA2/2019/07/MERRA2.20190701.A3cld.05x0625.nc4
2189.249,hit,false,0.000,157,138.458,151,GEOS_0.5x0.625/MERRA2/2019/07/MERRA2.20190701.A3cld.05x0625.nc4
2189.282,hit,false,0.000,157,138.491,151,GEOS_0.5x0.625/MERRA2/2019/07/MERRA2.20190701.A3cld.05x0625.nc4
2189.305,hit,false,0.000,157,138.514,151,GEOS_0.5x0.625/MERRA2/2019/07/MERRA2.20190701.A3cld.05x0625.nc4
2189.339,hit,false,0.000,156,138.548,151,GEOS_0.5x0.625/MERRA2/2019/07/MERRA2.20190701.A3cld.05x0625.nc4
2189.370,hit,false,0.000,156,138.579,151,GEOS_0.5x0.625/MERRA2/2019/07/MERRA2.20190701.A3cld.05x0625.nc4
2189.398,hit,false,0.000,156,138.607,151,GEOS_0.5x0.625/MERRA2/2019/07/MERRA2.20190701.A3cld.05x0625.nc4
2189.427,hit,false,0.000,156,138.636,151,GEOS_0.5x0.625/MERRA2/2019/07/MERRA2.20190701.A3cld.05x0625.nc4
2189.470,hit,false,0.000,156,138.678,151,GEOS_0.5x0.625/MERRA2/2019/07/MERRA2.20190701.A3cld.05x0625.nc4
2189.484,hit,false,0.000,156,138.701,152,GEOS_0.5x0.625/MERRA2/2019/07/MERRA2.20190701.A3cld.05x0625.nc4
2189.531,hit,false,0.000,156,138.748,152,GEOS_0.5x0.625/MERRA2/2019/07/MERRA2.20190701.A3cld.05x0625.nc4
2189.555,hit,false,0.000,156,138.772,152,GEOS_0.5x0.625/MERRA2/2019/07/MERRA2.20190701.A3cld.05x0625.nc4
2189.591,hit,false,0.000,156,138.808,152,GEOS_0.5x0.625/MERRA2/2019/07/MERRA2.20190701.A3cld.05x0625.nc4
2189.612,hit,false,0.000,156,138.829,152,GEOS_0.5x0.625/MERRA2/2019/07/MERRA2.20190701.A3cld.05x0625.nc4
2189.665,hit,false,0.000,156,138.882,152,GEOS_0.5x0.625/MERRA2/2019/07/MERRA2.20190701.A3cld.05x0625.nc4
2189.686,hit,false,0.000,156,138.903,152,GEOS_0.5x0.625/MERRA2/2019/07/MERRA2.20190701.A3cld.05x0625.nc4
2189.725,hit,false,0.000,156,138.942,152,GEOS_0.5x0.625/MERRA2/2019/07/MERRA2.20190701.A3cld.05x0625.nc4
2189.748,hit,false,0.000,155,138.963,153,GEOS_0.5x0.625/MERRA2/2019/07/MERRA2.20190701.A3cld.05x0625.nc4
2189.789,hit,false,0.000,155,139.004,153,GEOS_0.5x0.625/MERRA2/2019/07/MERRA2.20190701.A3cld.05x0625.nc4
2189.813,hit,false,0.000,155,139.028,153,GEOS_0.5x0.625/MERRA2/2019/07/MERRA2.20190701.A3cld.05x0625.nc4
2189.853,hit,false,0.000,155,139.068,153,GEOS_0.5x0.625/MERRA2/2019/07/MERRA2.20190701.A3cld.05x0625.nc4
2189.881,hit,false,0.000,155,139.096,153,GEOS_0.5x0.625/MERRA2/2019/07/MERRA2.20190701.A3cld.05x0625.nc4
2189.913,hit,false,0.000,155,139.128,153,GEOS_0.5x0.625/MERRA2/2019/07/MERRA2.20190701.A3cld.05x0625.nc4
2189.937,hit,false,0.000,155,139.152,153,GEOS_0.5x0.625/MERRA2/2019/07/MERRA2.20190701.A3cld.05x0625.nc4
2189.979,hit,false,0.000,155,139.194,153,GEOS_0.5x0.625/MERRA2/2019/07/MERRA2.20190701.A3cld.05x0625.nc4
2190.001,hit,false,0.000,155,139.215,154,GEOS_0.5x0.625/MERRA2/2019/07/MERRA2.20190701.A3cld.05x0625.nc4
2190.043,hit,false,0.000,155,139.256,154,GEOS_0.5x0.625/MERRA2/2019/07/MERRA2.20190701.A3cld.05x0625.nc4
2190.066,hit,false,0.000,155,139.279,154,GEOS_0.5x0.625/MERRA2/2019/07/MERRA2.20190701.A3cld.05x0625.nc4
2190.100,hit,false,0.000,155,139.313,154,GEOS_0.5x0.625/MERRA2/2019/07/MERRA2.20190701.A3cld.05x0625.nc4
2190.126,hit,false,0.000,155,139.339,154,GEOS_0.5x0.625/MERRA2/2019/07/MERRA2.20190701.A3cld.05x0625.nc4
2190.159,hit,false,0.000,155,139.372,154,GEOS_0.5x0.625/MERRA2/2019/07/MERRA2.20190701.A3cld.05x0625.nc4
2190.188,hit,false,0.000,155,139.401,154,GEOS_0.5x0.625/MERRA2/2019/07/MERRA2.20190701.A3cld.05x0625.nc4
2190.221,hit,false,0.000,155,139.434,154,GEOS_0.5x0.625/MERRA2/2019/07/MERRA2.20190701.A3cld.05x0625.nc4
2190.244,hit,false,0.000,155,139.456,155,GEOS_0.5x0.625/MERRA2/2019/07/MERRA2.20190701.A3cld.05x0625.nc4
2190.277,hit,false,0.000,155,139.489,155,GEOS_0.5x0.625/MERRA2/2019/07/MERRA2.20190701.A3cld.05x0625.nc4
2190.306,hit,false,0.000,155,139.517,155,GEOS_0.5x0.625/MERRA2/2019/07/MERRA2.20190701.A3cld.05x0625.nc4
2190.345,hit,false,0.000,155,139.557,155,GEOS_0.5x0.625/MERRA2/2019/07/MERRA2.20190701.A3cld.05x0625.nc4
2190.437,hit,false,0.000,155,139.649,155,GEOS_0.5x0.625/MERRA2/2019/07/MERRA2.20190701.A3cld.05x0625.nc4
2190.459,hit,false,0.000,155,139.670,155,GEOS_0.5x0.625/MERRA2/2019/07/MERRA2.20190701.A3cld.05x0625.nc4
2190.494,hit,false,0.000,155,139.706,155,GEOS_0.5x0.625/MERRA2/2019/07/MERRA2.20190701.A3cld.05x0625.nc4
2190.520,hit,false,0.000,155,139.732,155,GEOS_0.5x0.625/MERRA2/2019/07/MERRA2.20190701.A3cld.05x0625.nc4
2190.552,hit,false,0.000,155,139.763,156,GEOS_0.5x0.625/MERRA2/2019/07/MERRA2.20190701.A3cld.05x0625.nc4
2190.582,hit,false,0.000,155,139.792,156,GEOS_0.5x0.625/MERRA2/2019/07/MERRA2.20190701.A3cld.05x0625.nc4
2190.634,hit,false,0.000,155,139.844,156,GEOS_0.5x0.625/MERRA2/2019/07/MERRA2.20190701.A3cld.05x0625.nc4
2190.656,hit,false,0.000,155,139.866,156,GEOS_0.5x0.625/MERRA2/2019/07/MERRA2.20190701.A3cld.05x0625.nc4
2190.693,hit,false,0.000,155,139.903,156,GEOS_0.5x0.625/MERRA2/2019/07/MERRA2.20190701.A3cld.05x0625.nc4
2190.716,hit,false,0.000,155,139.926,156,GEOS_0.5x0.625/MERRA2/2019/07/MERRA2.20190701.A3cld.05x0625.nc4
2190.752,hit,false,0.000,155,139.962,156,GEOS_0.5x0.625/MERRA2/2019/07/MERRA2.20190701.A3cld.05x0625.nc4
2190.775,hit,false,0.000,155,139.986,156,GEOS_0.5x0.625/MERRA2/2019/07/MERRA2.20190701.A3cld.05x0625.nc4
2190.824,hit,false,0.000,155,140.032,157,GEOS_0.5x0.625/MERRA2/2019/07/MERRA2.20190701.A3cld.05x0625.nc4
2190.846,hit,false,0.000,155,140.054,157,GEOS_0.5x0.625/MERRA2/2019/07/MERRA2.20190701.A3cld.05x0625.nc4
2190.884,hit,false,0.000,154,140.091,157,GEOS_0.5x0.625/MERRA2/2019/07/MERRA2.20190701.A3cld.05x0625.nc4
2190.907,hit,false,0.000,154,140.115,157,GEOS_0.5x0.625/MERRA2/2019/07/MERRA2.20190701.A3cld.05x0625.nc4
2190.955,hit,false,0.000,154,140.162,157,GEOS_0.5x0.625/MERRA2/2019/07/MERRA2.20190701.A3cld.05x0625.nc4
2190.979,hit,false,0.000,154,140.187,157,GEOS_0.5x0.625/MERRA2/2019/07/MERRA2.20190701.A3cld.05x0625.nc4
2191.016,hit,false,0.000,154,140.223,157,GEOS_0.5x0.625/MERRA2/2019/07/MERRA2.20190701.A3cld.05x0625.nc4
2191.040,hit,false,0.000,154,140.247,157,GEOS_0.5x0.625/MERRA2/2019/07/MERRA2.20190701.A3cld.05x0625.nc4
2191.083,hit,false,0.000,154,140.289,158,GEOS_0.5x0.625/MERRA2/2019/07/MERRA2.20190701.A3cld.05x0625.nc4
2191.107,hit,false,0.000,154,140.313,158,GEOS_0.5x0.625/MERRA2/2019/07/MERRA2.20190701.A3cld.05x0625.nc4
2191.161,hit,false,0.000,154,140.367,158,GEOS_0.5x0.625/MERRA2/2019/07/MERRA2.20190701.A3cld.05x0625.nc4
2191.183,hit,false,0.000,154,140.389,158,GEOS_0.5x0.625/MERRA2/2019/07/MERRA2.20190701.A3cld.05x0625.nc4
2191.223,hit,false,0.000,154,140.429,158,GEOS_0.5x0.625/MERRA2/2019/07/MERRA2.20190701.A3cld.05x0625.nc4
2191.246,hit,false,0.000,154,140.452,158,GEOS_0.5x0.625/MERRA2/2019/07/MERRA2.20190701.A3cld.05x0625.nc4
2191.282,hit,false,0.000,154,140.488,158,GEOS_0.5x0.625/MERRA2/2019/07/MERRA2.20190701.A3cld.05x0625.nc4
2191.311,hit,false,0.000,154,140.517,158,GEOS_0.5x0.625/MERRA2/2019/07/MERRA2.20190701.A3cld.05x0625.nc4
2191.343,hit,false,0.000,154,140.547,159,GEOS_0.5x0.625/MERRA2/2019/07/MERRA2.20190701.A3cld.05x0625.nc4
2191.369,hit,false,0.000,154,140.574,159,GEOS_0.5x0.625/MERRA2/2019/07/MERRA2.20190701.A3cld.05x0625.nc4
2191.401,hit,false,0.000,154,140.606,159,GEOS_0.5x0.625/MERRA2/2019/07/MERRA2.20190701.A3cld.05x0625.nc4
2191.428,hit,false,0.000,154,140.632,159,GEOS_0.5x0.625/MERRA2/2019/07/MERRA2.20190701.A3cld.05x0625.nc4
2191.460,hit,false,0.000,154,140.664,159,GEOS_0.5x0.625/MERRA2/2019/07/MERRA2.20190701.A3cld.05x0625.nc4
2191.485,hit,false,0.000,154,140.689,159,GEOS_0.5x0.625/MERRA2/2019/07/MERRA2.20190701.A3cld.05x0625.nc4
2191.515,hit,false,0.000,154,140.719,159,GEOS_0.5x0.625/MERRA2/2019/07/MERRA2.20190701.A3cld.05x0625.nc4
2191.541,hit,false,0.000,154,140.745,159,GEOS_0.5x0.625/MERRA2/2019/07/MERRA2.20190701.A3cld.05x0625.nc4
2191.572,hit,false,0.000,154,140.769,160,GEOS_0.5x0.625/MERRA2/2019/07/MERRA2.20190701.A3cld.05x0625.nc4
2191.601,hit,false,0.000,154,140.798,160,GEOS_0.5x0.625/MERRA2/2019/07/MERRA2.20190701.A3cld.05x0625.nc4
2191.646,hit,false,0.000,154,140.843,160,GEOS_0.5x0.625/MERRA2/2019/07/MERRA2.20190701.A3cld.05x0625.nc4
2191.666,hit,false,0.000,154,140.863,160,GEOS_0.5x0.625/MERRA2/2019/07/MERRA2.20190701.A3cld.05x0625.nc4
2191.713,hit,false,0.000,154,140.910,160,GEOS_0.5x0.625/MERRA2/2019/07/MERRA2.20190701.A3cld.05x0625.nc4
2191.737,hit,false,0.000,154,140.934,160,GEOS_0.5x0.625/MERRA2/2019/07/MERRA2.20190701.A3cld.05x0625.nc4
2191.770,hit,false,0.000,154,140.967,160,GEOS_0.5x0.625/MERRA2/2019/07/MERRA2.20190701.A3cld.05x0625.nc4
2191.799,hit,false,0.000,154,140.996,160,GEOS_0.5x0.625/MERRA2/2019/07/MERRA2.20190701.A3cld.05x0625.nc4
2191.829,hit,false,0.000,154,141.024,161,GEOS_0.5x0.625/MERRA2/2019/07/MERRA2.20190701.A3cld.05x0625.nc4
2191.876,hit,false,0.000,154,141.071,161,GEOS_0.5x0.625/MERRA2/2019/07/MERRA2.20190701.A3cld.05x0625.nc4
2191.899,hit,false,0.000,154,141.093,161,GEOS_0.5x0.625/MERRA2/2019/07/MERRA2.20190701.A3cld.05x0625.nc4
2191.929,hit,false,0.000,153,141.123,161,GEOS_0.5x0.625/MERRA2/2019/07/MERRA2.20190701.A3cld.05x0625.nc4
2191.956,hit,false,0.000,153,141.150,161,GEOS_0.5x0.625/MERRA2/2019/07/MERRA2.20190701.A3cld.05x0625.nc4
2191.998,hit,false,0.000,153,141.193,161,GEOS_0.5x0.625/MERRA2/2019/07/MERRA2.20190701.A3cld.05x0625.nc4
2192.019,hit,false,0.000,153,141.213,161,GEOS_0.5x0.625/MERRA2/2019/07/MERRA2.20190701.A3cld.05x0625.nc4
2192.105,hit,false,0.000,152,141.299,161,GEOS_0.5x0.625/MERRA2/2019/07/MERRA2.20190701.A3cld.05x0625.nc4
2192.131,hit,false,0.000,152,141.324,162,GEOS_0.5x0.625/MERRA2/2019/07/MERRA2.20190701.A3cld.05x0625.nc4
2192.168,hit,false,0.000,151,141.361,162,GEOS_0.5x0.625/MERRA2/2019/07/MERRA2.20190701.A3cld.05x0625.nc4
2192.197,hit,false,0.000,151,141.389,162,GEOS_0.5x0.625/MERRA2/2019/07/MERRA2.20190701.A3cld.05x0625.nc4
2192.248,hit,false,0.000,151,141.440,162,GEOS_0.5x0.625/MERRA2/2019/07/MERRA2.20190701.A3cld.05x0625.nc4
2192.273,hit,false,0.000,151,141.466,162,GEOS_0.5x0.625/MERRA2/2019/07/MERRA2.20190701.A3cld.05x0625.nc4
2192.315,hit,false,0.000,151,141.507,162,GEOS_0.5x0.625/MERRA2/2019/07/MERRA2.20190701.A3cld.05x0625.nc4
2192.338,hit,false,0.000,151,141.530,162,GEOS_0.5x0.625/MERRA2/2019/07/MERRA2.20190701.A3cld.05x0625.nc4
2192.373,hit,false,0.000,151,141.565,162,GEOS_0.5x0.625/MERRA2/2019/07/MERRA2.20190701.A3cld.05x0625.nc4
2192.399,hit,false,0.000,151,141.590,163,GEOS_0.5x0.625/MERRA2/2019/07/MERRA2.20190701.A3cld.05x0625.nc4
2192.439,hit,false,0.000,151,141.629,163,GEOS_0.5x0.625/MERRA2/2019/07/MERRA2.20190701.A3cld.05x0625.nc4
2192.467,hit,false,0.000,151,141.657,163,GEOS_0.5x0.625/MERRA2/2019/07/MERRA2.20190701.A3cld.05x0625.nc4
2192.584,hit,false,0.000,151,141.774,163,GEOS_0.5x0.625/MERRA2/2019/07/MERRA2.20190701.A3cld.05x0625.nc4
2192.642,hit,false,0.000,151,141.832,163,GEOS_0.5x0.625/MERRA2/2019/07/MERRA2.20190701.A3cld.05x0625.nc4
2192.658,hit,false,0.000,151,141.849,163,GEOS_0.5x0.625/MERRA2/2019/07/MERRA2.20190701.A3cld.05x0625.nc4
2192.729,hit,false,0.000,151,141.920,163,GEOS_0.5x0.625/MERRA2/2019/07/MERRA2.20190701.A3cld.05x0625.nc4
2192.731,hit,false,0.000,151,141.922,163,GEOS_0.5x0.625/MERRA2/2019/07/MERRA2.20190701.A3cld.05x0625.nc4
2192.795,hit,false,0.000,151,141.983,164,GEOS_0.5x0.625/MERRA2/2019/07/MERRA2.20190701.A3cld.05x0625.nc4
2192.819,hit,false,0.000,151,142.008,164,GEOS_0.5x0.625/MERRA2/2019/07/MERRA2.20190701.A3cld.05x0625.nc4
2192.886,hit,false,0.000,151,142.075,164,GEOS_0.5x0.625/MERRA2/2019/07/MERRA2.20190701.A3cld.05x0625.nc4
2192.918,hit,false,0.000,151,142.107,164,GEOS_0.5x0.625/MERRA2/2019/07/MERRA2.20190701.A3cld.05x0625.nc4
2192.953,hit,false,0.000,151,142.141,164,GEOS_0.5x0.625/MERRA2/2019/07/MERRA2.20190701.A3cld.05x0625.nc4
2193.023,hit,false,0.000,151,142.211,164,GEOS_0.5x0.625/MERRA2/2019/07/MERRA2.20190701.A3cld.05x0625.nc4
2193.052,hit,false,0.000,151,142.241,164,GEOS_0.5x0.625/MERRA2/2019/07/MERRA2.20190701.A3cld.05x0625.nc4
2193.089,hit,false,0.000,151,142.278,164,GEOS_0.5x0.625/MERRA2/2019/07/MERRA2.20190701.A3cld.05x0625.nc4
2193.144,hit,false,0.000,151,142.331,165,GEOS_0.5x0.625/MERRA2/2019/07/MERRA2.20190701.A3cld.05x0625.nc4
2193.165,hit,false,0.000,151,142.352,165,GEOS_0.5x0.625/MERRA2/2019/07/MERRA2.20190701.A3cld.05x0625.nc4
2193.220,hit,false,0.000,151,142.407,165,GEOS_0.5x0.625/MERRA2/2019/07/MERRA2.20190701.A3cld.05x0625.nc4
2193.243,hit,false,0.000,151,142.430,165,GEOS_0.5x0.625/MERRA2/2019/07/MERRA2.20190701.A3cld.05x0625.nc4
2193.278,hit,false,0.000,150,142.465,165,GEOS_0.5x0.625/MERRA2/2019/07/MERRA2.20190701.A3cld.05x0625.nc4
2193.309,hit,false,0.000,150,142.496,165,GEOS_0.5x0.625/MERRA2/2019/07/MERRA2.20190701.A3cld.05x0625.nc4
2193.355,hit,false,0.000,150,142.542,165,GEOS_0.5x0.625/MERRA2/2019/07/MERRA2.20190701.A3cld.05x0625.nc4
2193.477,hit,false,0.000,150,142.664,165,GEOS_0.5x0.625/MERRA2/2019/07/MERRA2.20190701.A3cld.05x0625.nc4
2193.509,hit,false,0.000,150,142.695,166,GEOS_0.5x0.625/MERRA2/2019/07/MERRA2.20190701.A3cld.05x0625.nc4
2193.542,hit,false,0.000,150,142.727,166,GEOS_0.5x0.625/MERRA2/2019/07/MERRA2.20190701.A3cld.05x0625.nc4
2193.584,hit,false,0.000,150,142.770,166,GEOS_0.5x0.625/MERRA2/2019/07/MERRA2.20190701.A3cld.05x0625.nc4
2193.605,hit,false,0.000,150,142.791,166,GEOS_0.5x0.625/MERRA2/2019/07/MERRA2.20190701.A3cld.05x0625.nc4
2193.654,hit,false,0.000,150,142.840,166,GEOS_0.5x0.625/MERRA2/2019/07/MERRA2.20190701.A3cld.05x0625.nc4
2193.676,hit,false,0.000,150,142.861,166,GEOS_0.5x0.625/MERRA2/2019/07/MERRA2.20190701.A3cld.05x0625.nc4
2193.710,hit,false,0.000,150,142.895,166,GEOS_0.5x0.625/MERRA2/2019/07/MERRA2.20190701.A3cld.05x0625.nc4
2193.741,hit,false,0.000,150,142.926,166,GEOS_0.5x0.625/MERRA2/2019/07/MERRA2.20190701.A3cld.05x0625.nc4
2193.771,hit,false,0.000,150,142.954,167,GEOS_0.5x0.625/MERRA2/2019/07/MERRA2.20190701.A3cld.05x0625.nc4
2193.805,hit,false,0.000,150,142.989,167,GEOS_0.5x0.625/MERRA2/2019/07/MERRA2.20190701.A3cld.05x0625.nc4
2193.846,hit,false,0.000,150,143.030,167,GEOS_0.5x0.625/MERRA2/2019/07/MERRA2.20190701.A3cld.05x0625.nc4
2193.883,hit,false,0.000,150,143.067,167,GEOS_0.5x0.625/MERRA2/2019/07/MERRA2.20190701.A3cld.05x0625.nc4
2193.916,hit,false,0.000,150,143.099,167,GEOS_0.5x0.625/MERRA2/2019/07/MERRA2.20190701.A3cld.05x0625.nc4
2193.942,hit,false,0.000,150,143.126,167,GEOS_0.5x0.625/MERRA2/2019/07/MERRA2.20190701.A3cld.05x0625.nc4
2193.974,hit,false,0.000,150,143.158,167,GEOS_0.5x0.625/MERRA2/2019/07/MERRA2.20190701.A3cld.05x0625.nc4
2194.005,hit,false,0.000,150,143.188,167,GEOS_0.5x0.625/MERRA2/2019/07/MERRA2.20190701.A3cld.05x0625.nc4
2194.031,hit,false,0.000,150,141.254,168,GEOS_0.5x0.625/MERRA2/2019/07/MERRA2.20190701.A3cld.05x0625.nc4
2194.071,hit,false,0.000,150,141.294,168,GEOS_0.5x0.625/MERRA2/2019/07/MERRA2.20190701.A3cld.05x0625.nc4
2194.112,hit,false,0.000,149,141.336,168,GEOS_0.5x0.625/MERRA2/2019/07/MERRA2.20190701.A3cld.05x0625.nc4
2194.134,hit,false,0.000,149,141.358,168,GEOS_0.5x0.625/MERRA2/2019/07/MERRA2.20190701.A3cld.05x0625.nc4
2194.173,hit,false,0.000,149,141.397,168,GEOS_0.5x0.625/MERRA2/2019/07/MERRA2.20190701.A3cld.05x0625.nc4
2194.195,hit,false,0.000,149,141.419,168,GEOS_0.5x0.625/MERRA2/2019/07/MERRA2.20190701.A3cld.05x0625.nc4
2194.241,hit,false,0.000,149,141.465,168,GEOS_0.5x0.625/MERRA2/2019/07/MERRA2.20190701.A3cld.05x0625.nc4
2194.265,hit,false,0.000,149,141.488,168,GEOS_0.5x0.625/MERRA2/2019/07/MERRA2.20190701.A3cld.05x0625.nc4
2194.299,hit,false,0.000,149,141.520,169,GEOS_0.5x0.625/MERRA2/2019/07/MERRA2.20190701.A3cld.05x0625.nc4
2194.330,hit,false,0.000,149,141.551,169,GEOS_0.5x0.625/MERRA2/2019/07/MERRA2.20190701.A3cld.05x0625.nc4
2194.358,hit,false,0.000,149,141.579,169,GEOS_0.5x0.625/MERRA2/2019/07/MERRA2.20190701.A3cld.05x0625.nc4
2194.390,hit,false,0.000,149,141.611,169,GEOS_0.5x0.625/MERRA2/2019/07/MERRA2.20190701.A3cld.05x0625.nc4
2194.415,hit,false,0.000,149,141.636,169,GEOS_0.5x0.625/MERRA2/2019/07/MERRA2.20190701.A3cld.05x0625.nc4
2194.448,hit,false,0.000,149,141.669,169,GEOS_0.5x0.625/MERRA2/2019/07/MERRA2.20190701.A3cld.05x0625.nc4
2194.477,hit,false,0.000,149,141.698,169,GEOS_0.5x0.625/MERRA2/2019/07/MERRA2.20190701.A3cld.05x0625.nc4
2194.582,hit,false,0.000,149,141.803,169,GEOS_0.5x0.625/MERRA2/2019/07/MERRA2.20190701.A3cld.05x0625.nc4
2194.605,hit,false,0.000,149,141.824,170,GEOS_0.5x0.625/MERRA2/2019/07/MERRA2.20190701.A3cld.05x0625.nc4
2194.648,hit,false,0.000,149,141.867,170,GEOS_0.5x0.625/MERRA2/2019/07/MERRA2.20190701.A3cld.05x0625.nc4
2194.672,hit,false,0.000,149,141.891,170,GEOS_0.5x0.625/MERRA2/2019/07/MERRA2.20190701.A3cld.05x0625.nc4
2194.714,hit,false,0.000,149,141.933,170,GEOS_0.5x0.625/MERRA2/2019/07/MERRA2.20190701.A3cld.05x0625.nc4
2194.736,hit,false,0.000,149,141.955,170,GEOS_0.5x0.625/MERRA2/2019/07/MERRA2.20190701.A3cld.05x0625.nc4
2194.776,hit,false,0.000,149,141.995,170,GEOS_0.5x0.625/MERRA2/2019/07/MERRA2.20190701.A3cld.05x0625.nc4
2194.802,hit,false,0.000,149,142.021,170,GEOS_0.5x0.625/MERRA2/2019/07/MERRA2.20190701.A3cld.05x0625.nc4
2194.834,hit,false,0.000,149,142.053,170,GEOS_0.5x0.625/MERRA2/2019/07/MERRA2.20190701.A3cld.05x0625.nc4
2194.863,hit,false,0.000,149,142.080,171,GEOS_0.5x0.625/MERRA2/2019/07/MERRA2.20190701.A3cld.05x0625.nc4
2194.895,hit,false,0.000,149,142.113,171,GEOS_0.5x0.625/MERRA2/2019/07/MERRA2.20190701.A3cld.05x0625.nc4
2194.924,hit,false,0.000,149,142.141,171,GEOS_0.5x0.625/MERRA2/2019/07/MERRA2.20190701.A3cld.05x0625.nc4
2194.955,hit,false,0.000,149,142.173,171,GEOS_0.5x0.625/MERRA2/2019/07/MERRA2.20190701.A3cld.05x0625.nc4
2194.980,hit,false,0.000,149,142.198,171,GEOS_0.5x0.625/MERRA2/2019/07/MERRA2.20190701.A3cld.05x0625.nc4
2195.008,hit,false,0.000,149,142.226,171,GEOS_0.5x0.625/MERRA2/2019/07/MERRA2.20190701.A3cld.05x0625.nc4
2195.036,hit,false,0.000,149,142.253,171,GEOS_0.5x0.625/MERRA2/2019/07/MERRA2.20190701.A3cld.05x0625.nc4
2195.065,hit,false,0.000,149,142.282,171,GEOS_0.5x0.625/MERRA2/2019/07/MERRA2.20190701.A3cld.05x0625.nc4
2195.096,hit,false,0.000,149,142.307,172,GEOS_0.5x0.625/MERRA2/2019/07/MERRA2.20190701.A3cld.05x0625.nc4
2195.140,hit,false,0.000,149,142.351,172,GEOS_0.5x0.625/MERRA2/2019/07/MERRA2.20190701.A3cld.05x0625.nc4
2195.162,hit,false,0.000,149,142.373,172,GEOS_0.5x0.625/MERRA2/2019/07/MERRA2.20190701.A3cld.05x0625.nc4
2195.201,hit,false,0.000,149,142.412,172,GEOS_0.5x0.625/MERRA2/2019/07/MERRA2.20190701.A3cld.05x0625.nc4
2195.230,hit,false,0.000,149,142.440,172,GEOS_0.5x0.625/MERRA2/2019/07/MERRA2.20190701.A3cld.05x0625.nc4
2195.260,hit,false,0.000,149,142.470,172,GEOS_0.5x0.625/MERRA2/2019/07/MERRA2.20190701.A3cld.05x0625.nc4
2195.291,hit,false,0.000,149,142.502,172,GEOS_0.5x0.625/MERRA2/2019/07/MERRA2.20190701.A3cld.05x0625.nc4
2195.319,hit,false,0.000,149,142.530,172,GEOS_0.5x0.625/MERRA2/2019/07/MERRA2.20190701.A3cld.05x0625.nc4
2195.351,hit,false,0.000,149,142.560,173,GEOS_0.5x0.625/MERRA2/2019/07/MERRA2.20190701.A3cld.05x0625.nc4
2195.380,hit,false,0.000,149,142.589,173,GEOS_0.5x0.625/MERRA2/2019/07/MERRA2.20190701.A3cld.05x0625.nc4
2195.422,hit,false,0.000,149,142.631,173,GEOS_0.5x0.625/MERRA2/2019/07/MERRA2.20190701.A3cld.05x0625.nc4
2195.444,hit,false,0.000,149,142.653,173,GEOS_0.5x0.625/MERRA2/2019/07/MERRA2.20190701.A3cld.05x0625.nc4
2195.483,hit,false,0.000,149,142.692,173,GEOS_0.5x0.625/MERRA2/2019/07/MERRA2.20190701.A3cld.05x0625.nc4
2195.508,hit,false,0.000,148,142.717,173,GEOS_0.5x0.625/MERRA2/2019/07/MERRA2.20190701.A3cld.05x0625.nc4
2195.543,hit,false,0.000,148,142.752,173,GEOS_0.5x0.625/MERRA2/2019/07/MERRA2.20190701.A3cld.05x0625.nc4
2195.568,hit,false,0.000,148,142.777,173,GEOS_0.5x0.625/MERRA2/2019/07/MERRA2.20190701.A3cld.05x0625.nc4
2195.602,hit,false,0.000,148,142.809,174,GEOS_0.5x0.625/MERRA2/2019/07/MERRA2.20190701.A3cld.05x0625.nc4
2195.632,hit,false,0.000,148,142.839,174,GEOS_0.5x0.625/MERRA2/2019/07/MERRA2.20190701.A3cld.05x0625.nc4
2195.668,hit,false,0.000,148,142.876,174,GEOS_0.5x0.625/MERRA2/2019/07/MERRA2.20190701.A3cld.05x0625.nc4
2195.691,hit,false,0.000,148,142.899,174,GEOS_0.5x0.625/MERRA2/2019/07/MERRA2.20190701.A3cld.05x0625.nc4
2195.728,hit,false,0.000,148,142.935,174,GEOS_0.5x0.625/MERRA2/2019/07/MERRA2.20190701.A3cld.05x0625.nc4
2195.759,hit,false,0.000,148,142.967,174,GEOS_0.5x0.625/MERRA2/2019/07/MERRA2.20190701.A3cld.05x0625.nc4
2195.789,hit,false,0.000,147,142.996,174,GEOS_0.5x0.625/MERRA2/2019/07/MERRA2.20190701.A3cld.05x0625.nc4
2195.829,hit,false,0.000,147,143.036,174,GEOS_0.5x0.625/MERRA2/2019/07/MERRA2.20190701.A3cld.05x0625.nc4
2195.851,hit,false,0.000,147,143.056,175,GEOS_0.5x0.625/MERRA2/2019/07/MERRA2.20190701.A3cld.05x0625.nc4
2195.889,hit,false,0.000,147,143.094,175,GEOS_0.5x0.625/MERRA2/2019/07/MERRA2.20190701.A3cld.05x0625.nc4
2195.912,hit,false,0.000,147,143.117,175,GEOS_0.5x0.625/MERRA2/2019/07/MERRA2.20190701.A3cld.05x0625.nc4
2195.947,hit,false,0.000,147,143.152,175,GEOS_0.5x0.625/MERRA2/2019/07/MERRA2.20190701.A3cld.05x0625.nc4
2195.970,hit,false,0.000,147,143.176,175,GEOS_0.5x0.625/MERRA2/2019/07/MERRA2.20190701.A3cld.05x0625.nc4
2196.019,hit,false,0.000,147,143.224,175,GEOS_0.5x0.625/MERRA2/2019/07/MERRA2.20190701.A3cld.05x0625.nc4
2196.037,hit,false,0.000,147,143.243,175,GEOS_0.5x0.625/MERRA2/2019/07/MERRA2.20190701.A3cld.05x0625.nc4
2196.089,hit,false,0.000,147,143.294,175,GEOS_0.5x0.625/MERRA2/2019/07/MERRA2.20190701.A3cld.05x0625.nc4
2196.112,hit,false,0.000,147,143.306,176,GEOS_0.5x0.625/MERRA2/2019/07/MERRA2.20190701.A3cld.05x0625.nc4
2196.152,hit,false,0.000,146,143.346,176,GEOS_0.5x0.625/MERRA2/2019/07/MERRA2.20190701.A3cld.05x0625.nc4
2196.195,hit,false,0.000,146,143.389,176,GEOS_0.5x0.625/MERRA2/2019/07/MERRA2.20190701.A3cld.05x0625.nc4
2196.220,hit,false,0.000,146,143.414,176,GEOS_0.5x0.625/MERRA2/2019/07/MERRA2.20190701.A3cld.05x0625.nc4
2196.270,hit,false,0.000,146,143.464,176,GEOS_0.5x0.625/MERRA2/2019/07/MERRA2.20190701.A3cld.05x0625.nc4
2196.294,hit,false,0.000,146,143.488,176,GEOS_0.5x0.625/MERRA2/2019/07/MERRA2.20190701.A3cld.05x0625.nc4
2196.329,hit,false,0.000,146,143.523,176,GEOS_0.5x0.625/MERRA2/2019/07/MERRA2.20190701.A3cld.05x0625.nc4
2196.358,hit,false,0.000,146,143.552,176,GEOS_0.5x0.625/MERRA2/2019/07/MERRA2.20190701.A3cld.05x0625.nc4
2196.392,hit,false,0.000,146,143.582,177,GEOS_0.5x0.625/MERRA2/2019/07/MERRA2.20190701.A3cld.05x0625.nc4
2196.423,hit,false,0.000,146,143.614,177,GEOS_0.5x0.625/MERRA2/2019/07/MERRA2.20190701.A3cld.05x0625.nc4
2196.453,hit,false,0.000,146,143.644,177,GEOS_0.5x0.625/MERRA2/2019/07/MERRA2.20190701.A3cld.05x0625.nc4
2196.484,hit,false,0.000,146,143.674,177,GEOS_0.5x0.625/MERRA2/2019/07/MERRA2.20190701.A3cld.05x0625.nc4
2196.519,hit,false,0.000,146,143.710,177,GEOS_0.5x0.625/MERRA2/2019/07/MERRA2.20190701.A3cld.05x0625.nc4
2196.545,hit,false,0.000,146,143.736,177,GEOS_0.5x0.625/MERRA2/2019/07/MERRA2.20190701.A3cld.05x0625.nc4
2196.652,hit,false,0.000,146,143.843,177,GEOS_0.5x0.625/MERRA2/2019/07/MERRA2.20190701.A3cld.05x0625.nc4
2196.674,hit,false,0.000,146,143.864,177,GEOS_0.5x0.625/MERRA2/2019/07/MERRA2.20190701.A3cld.05x0625.nc4
2196.709,hit,false,0.000,146,143.898,178,GEOS_0.5x0.625/MERRA2/2019/07/MERRA2.20190701.A3cld.05x0625.nc4
2196.740,hit,false,0.000,146,143.928,178,GEOS_0.5x0.625/MERRA2/2019/07/MERRA2.20190701.A3cld.05x0625.nc4
2196.773,hit,false,0.000,146,143.962,178,GEOS_0.5x0.625/MERRA2/2019/07/MERRA2.20190701.A3cld.05x0625.nc4
2196.797,hit,false,0.000,146,143.985,178,GEOS_0.5x0.625/MERRA2/2019/07/MERRA2.20190701.A3cld.05x0625.nc4
2196.838,hit,false,0.000,146,144.026,178,GEOS_0.5x0.625/MERRA2/2019/07/MERRA2.20190701.A3cld.05x0625.nc4
2196.865,hit,false,0.000,146,144.054,178,GEOS_0.5x0.625/MERRA2/2019/07/MERRA2.20190701.A3cld.05x0625.nc4
2196.898,hit,false,0.000,146,144.086,178,GEOS_0.5x0.625/MERRA2/2019/07/MERRA2.20190701.A3cld.05x0625.nc4
2196.934,hit,false,0.000,146,144.122,178,GEOS_0.5x0.625/MERRA2/2019/07/MERRA2.20190701.A3cld.05x0625.nc4
2196.958,hit,false,0.000,146,144.143,179,GEOS_0.5x0.625/MERRA2/2019/07/MERRA2.20190701.A3cld.05x0625.nc4
2196.995,hit,false,0.000,146,144.180,179,GEOS_0.5x0.625/MERRA2/2019/07/MERRA2.20190701.A3cld.05x0625.nc4
2197.020,hit,false,0.000,146,144.205,179,GEOS_0.5x0.625/MERRA2/2019/07/MERRA2.20190701.A3cld.05x0625.nc4
2197.054,hit,false,0.000,146,144.239,179,GEOS_0.5x0.625/MERRA2/2019/07/MERRA2.20190701.A3cld.05x0625.nc4
2197.087,hit,false,0.000,146,144.272,179,GEOS_0.5x0.625/MERRA2/2019/07/MERRA2.20190701.A3cld.05x0625.nc4
2197.114,hit,false,0.000,146,144.299,179,GEOS_0.5x0.625/MERRA2/2019/07/MERRA2.20190701.A3cld.05x0625.nc4
2197.147,hit,false,0.000,146,144.332,179,GEOS_0.5x0.625/MERRA2/2019/07/MERRA2.20190701.A3cld.05x0625.nc4
2197.176,hit,false,0.000,146,144.361,179,GEOS_0.5x0.625/MERRA2/2019/07/MERRA2.20190701.A3cld.05x0625.nc4
2197.205,hit,false,0.000,146,144.388,180,GEOS_0.5x0.625/MERRA2/2019/07/MERRA2.20190701.A3cld.05x0625.nc4
2197.251,hit,false,0.000,146,144.434,180,GEOS_0.5x0.625/MERRA2/2019/07/MERRA2.20190701.A3cld.05x0625.nc4
2197.274,hit,false,0.000,146,144.458,180,GEOS_0.5x0.625/MERRA2/2019/07/MERRA2.20190701.A3cld.05x0625.nc4
2197.317,hit,false,0.000,146,144.500,180,GEOS_0.5x0.625/MERRA2/2019/07/MERRA2.20190701.A3cld.05x0625.nc4
2197.340,hit,false,0.000,146,144.523,180,GEOS_0.5x0.625/MERRA2/2019/07/MERRA2.20190701.A3cld.05x0625.nc4
2197.375,hit,false,0.000,146,144.558,180,GEOS_0.5x0.625/MERRA2/2019/07/MERRA2.20190701.A3cld.05x0625.nc4
2197.413,hit,false,0.000,146,144.596,180,GEOS_0.5x0.625/MERRA2/2019/07/MERRA2.20190701.A3cld.05x0625.nc4
2197.438,hit,false,0.000,146,144.621,180,GEOS_0.5x0.625/MERRA2/2019/07/MERRA2.20190701.A3cld.05x0625.nc4
2197.479,hit,false,0.000,146,144.660,181,GEOS_0.5x0.625/MERRA2/2019/07/MERRA2.20190701.A3cld.05x0625.nc4
2197.506,hit,false,0.000,146,144.688,181,GEOS_0.5x0.625/MERRA2/2019/07/MERRA2.20190701.A3cld.05x0625.nc4
2197.538,hit,false,0.000,146,144.719,181,GEOS_0.5x0.625/MERRA2/2019/07/MERRA2.20190701.A3cld.05x0625.nc4
2197.570,hit,false,0.000,146,144.751,181,GEOS_0.5x0.625/MERRA2/2019/07/MERRA2.20190701.A3cld.05x0625.nc4
2197.595,hit,false,0.000,146,144.776,181,GEOS_0.5x0.625/MERRA2/2019/07/MERRA2.20190701.A3cld.05x0625.nc4
2197.626,hit,false,0.000,146,144.807,181,GEOS_0.5x0.625/MERRA2/2019/07/MERRA2.20190701.A3cld.05x0625.nc4
2197.652,hit,false,0.000,146,144.834,181,GEOS_0.5x0.625/MERRA2/2019/07/MERRA2.20190701.A3cld.05x0625.nc4
2197.695,hit,false,0.000,146,144.876,181,GEOS_0.5x0.625/MERRA2/2019/07/MERRA2.20190701.A3cld.05x0625.nc4
2197.710,hit,false,0.000,146,144.888,182,GEOS_0.5x0.625/MERRA2/2019/07/MERRA2.20190701.A3cld.05x0625.nc4
2197.777,hit,false,0.000,146,144.956,182,GEOS_0.5x0.625/MERRA2/2019/07/MERRA2.20190701.A3cld.05x0625.nc4
2197.799,hit,false,0.000,146,144.977,182,GEOS_0.5x0.625/MERRA2/2019/07/MERRA2.20190701.A3cld.05x0625.nc4
2197.844,hit,false,0.000,146,145.023,182,GEOS_0.5x0.625/MERRA2/2019/07/MERRA2.20190701.A3cld.05x0625.nc4
2197.864,hit,false,0.000,146,145.043,182,GEOS_0.5x0.625/MERRA2/2019/07/MERRA2.20190701.A3cld.05x0625.nc4
2197.923,hit,false,0.000,146,145.102,182,GEOS_0.5x0.625/MERRA2/2019/07/MERRA2.20190701.A3cld.05x0625.nc4
2197.940,hit,false,0.000,146,145.119,182,GEOS_0.5x0.625/MERRA2/2019/07/MERRA2.20190701.A3cld.05x0625.nc4
2197.997,hit,false,0.000,146,145.176,182,GEOS_0.5x0.625/MERRA2/2019/07/MERRA2.20190701.A3cld.05x0625.nc4
2198.025,hit,false,0.000,146,145.202,183,GEOS_0.5x0.625/MERRA2/2019/07/MERRA2.20190701.A3cld.05x0625.nc4
2198.055,hit,false,0.000,146,145.232,183,GEOS_0.5x0.625/MERRA2/2019/07/MERRA2.20190701.A3cld.05x0625.nc4
2198.091,hit,false,0.000,146,145.268,183,GEOS_0.5x0.625/MERRA2/2019/07/MERRA2.20190701.A3cld.05x0625.nc4
2198.114,hit,false,0.000,146,145.291,183,GEOS_0.5x0.625/MERRA2/2019/07/MERRA2.20190701.A3cld.05x0625.nc4
2198.148,hit,false,0.000,145,145.324,183,GEOS_0.5x0.625/MERRA2/2019/07/MERRA2.20190701.A3cld.05x0625.nc4
2198.180,hit,false,0.000,145,145.357,183,GEOS_0.5x0.625/MERRA2/2019/07/MERRA2.20190701.A3cld.05x0625.nc4
2198.205,hit,false,0.000,145,145.381,183,GEOS_0.5x0.625/MERRA2/2019/07/MERRA2.20190701.A3cld.05x0625.nc4
2198.246,hit,false,0.000,145,145.422,183,GEOS_0.5x0.625/MERRA2/2019/07/MERRA2.20190701.A3cld.05x0625.nc4
2198.270,hit,false,0.000,145,145.477,184,GEOS_0.5x0.625/MERRA2/2019/07/MERRA2.20190701.A3cld.05x0625.nc4
2198.305,hit,false,0.000,145,145.512,184,GEOS_0.5x0.625/MERRA2/2019/07/MERRA2.20190701.A3cld.05x0625.nc4
2198.375,hit,false,0.000,145,145.582,184,GEOS_0.5x0.625/MERRA2/2019/07/MERRA2.20190701.A3cld.05x0625.nc4
2198.399,hit,false,0.000,145,145.606,184,GEOS_0.5x0.625/MERRA2/2019/07/MERRA2.20190701.A3cld.05x0625.nc4
2198.439,hit,false,0.000,144,145.646,184,GEOS_0.5x0.625/MERRA2/2019/07/MERRA2.20190701.A3cld.05x0625.nc4
2198.464,hit,false,0.000,144,145.671,184,GEOS_0.5x0.625/MERRA2/2019/07/MERRA2.20190701.A3cld.05x0625.nc4
2198.495,hit,false,0.000,144,145.702,184,GEOS_0.5x0.625/MERRA2/2019/07/MERRA2.20190701.A3cld.05x0625.nc4
2198.520,hit,false,0.000,144,145.727,184,GEOS_0.5x0.625/MERRA2/2019/07/MERRA2.20190701.A3cld.05x0625.nc4
2198.551,hit,false,0.000,144,145.756,185,GEOS_0.5x0.625/MERRA2/2019/07/MERRA2.20190701.A3cld.05x0625.nc4
2198.583,hit,false,0.000,144,145.788,185,GEOS_0.5x0.625/MERRA2/2019/07/MERRA2.20190701.A3cld.05x0625.nc4
2198.617,hit,false,0.000,144,145.821,185,GEOS_0.5x0.625/MERRA2/2019/07/MERRA2.20190701.A3cld.05x0625.nc4
2198.638,hit,false,0.000,144,145.843,185,GEOS_0.5x0.625/MERRA2/2019/07/MERRA2.20190701.A3cld.05x0625.nc4
2198.684,hit,false,0.000,144,145.889,185,GEOS_0.5x0.625/MERRA2/2019/07/MERRA2.20190701.A3cld.05x0625.nc4
2198.780,hit,false,0.000,143,145.984,185,GEOS_0.5x0.625/MERRA2/2019/07/MERRA2.20190701.A3cld.05x0625.nc4
2198.803,hit,false,0.000,143,146.008,185,GEOS_0.5x0.625/MERRA2/2019/07/MERRA2.20190701.A3cld.05x0625.nc4
2198.837,hit,false,0.000,143,146.041,185,GEOS_0.5x0.625/MERRA2/2019/07/MERRA2.20190701.A3cld.05x0625.nc4
2198.863,hit,false,0.000,143,146.065,186,GEOS_0.5x0.625/MERRA2/2019/07/MERRA2.20190701.A3cld.05x0625.nc4
2198.899,hit,false,0.000,143,146.101,186,GEOS_0.5x0.625/MERRA2/2019/07/MERRA2.20190701.A3cld.05x0625.nc4
2198.923,hit,false,0.000,143,146.125,186,GEOS_0.5x0.625/MERRA2/2019/07/MERRA2.20190701.A3cld.05x0625.nc4
2198.960,hit,false,0.000,143,146.161,186,GEOS_0.5x0.625/MERRA2/2019/07/MERRA2.20190701.A3cld.05x0625.nc4
2198.983,hit,false,0.000,143,146.184,186,GEOS_0.5x0.625/MERRA2/2019/07/MERRA2.20190701.A3cld.05x0625.nc4
2199.043,hit,false,0.000,143,146.245,186,GEOS_0.5x0.625/MERRA2/2019/07/MERRA2.20190701.A3cld.05x0625.nc4
2199.067,hit,false,0.000,142,146.268,186,GEOS_0.5x0.625/MERRA2/2019/07/MERRA2.20190701.A3cld.05x0625.nc4
2199.109,hit,false,0.000,142,146.310,186,GEOS_0.5x0.625/MERRA2/2019/07/MERRA2.20190701.A3cld.05x0625.nc4
2199.138,hit,false,0.000,142,146.337,187,GEOS_0.5x0.625/MERRA2/2019/07/MERRA2.20190701.A3cld.05x0625.nc4
2199.166,hit,false,0.000,142,146.365,187,GEOS_0.5x0.625/MERRA2/2019/07/MERRA2.20190701.A3cld.05x0625.nc4
2199.198,hit,false,0.000,142,146.397,187,GEOS_0.5x0.625/MERRA2/2019/07/MERRA2.20190701.A3cld.05x0625.nc4
2199.231,hit,false,0.000,142,146.430,187,GEOS_0.5x0.625/MERRA2/2019/07/MERRA2.20190701.A3cld.05x0625.nc4
2199.256,hit,false,0.000,142,146.455,187,GEOS_0.5x0.625/MERRA2/2019/07/MERRA2.20190701.A3cld.05x0625.nc4
2199.286,hit,false,0.000,142,146.485,187,GEOS_0.5x0.625/MERRA2/2019/07/MERRA2.20190701.A3cld.05x0625.nc4
2199.311,hit,false,0.000,142,146.511,187,GEOS_0.5x0.625/MERRA2/2019/07/MERRA2.20190701.A3cld.05x0625.nc4
2199.344,hit,false,0.000,142,146.543,187,GEOS_0.5x0.625/MERRA2/2019/07/MERRA2.20190701.A3cld.05x0625.nc4
2199.370,hit,false,0.000,142,146.568,188,GEOS_0.5x0.625/MERRA2/2019/07/MERRA2.20190701.A3cld.05x0625.nc4
2199.404,hit,false,0.000,142,146.602,188,GEOS_0.5x0.625/MERRA2/2019/07/MERRA2.20190701.A3cld.05x0625.nc4
2199.428,hit,false,0.000,142,146.625,188,GEOS_0.5x0.625/MERRA2/2019/07/MERRA2.20190701.A3cld.05x0625.nc4
2199.460,hit,false,0.000,141,146.658,188,GEOS_0.5x0.625/MERRA2/2019/07/MERRA2.20190701.A3cld.05x0625.nc4
2199.487,hit,false,0.000,141,146.685,188,GEOS_0.5x0.625/MERRA2/2019/07/MERRA2.20190701.A3cld.05x0625.nc4
2199.519,hit,false,0.000,141,146.717,188,GEOS_0.5x0.625/MERRA2/2019/07/MERRA2.20190701.A3cld.05x0625.nc4
2199.543,hit,false,0.000,141,146.741,188,GEOS_0.5x0.625/MERRA2/2019/07/MERRA2.20190701.A3cld.05x0625.nc4
2199.573,hit,false,0.000,141,146.771,188,GEOS_0.5x0.625/MERRA2/2019/07/MERRA2.20190701.A3cld.05x0625.nc4
2199.598,hit,false,0.000,141,146.794,189,GEOS_0.5x0.625/MERRA2/2019/07/MERRA2.20190701.A3cld.05x0625.nc4
2199.633,hit,false,0.000,141,146.829,189,GEOS_0.5x0.625/MERRA2/2019/07/MERRA2.20190701.A3cld.05x0625.nc4
2199.658,hit,false,0.000,141,146.854,189,GEOS_0.5x0.625/MERRA2/2019/07/MERRA2.20190701.A3cld.05x0625.nc4
2199.701,hit,false,0.000,141,146.897,189,GEOS_0.5x0.625/MERRA2/2019/07/MERRA2.20190701.A3cld.05x0625.nc4
2199.721,hit,false,0.000,141,146.917,189,GEOS_0.5x0.625/MERRA2/2019/07/MERRA2.20190701.A3cld.05x0625.nc4
2199.778,hit,false,0.000,141,146.975,189,GEOS_0.5x0.625/MERRA2/2019/07/MERRA2.20190701.A3cld.05x0625.nc4
2199.793,hit,false,0.000,141,146.989,189,GEOS_0.5x0.625/MERRA2/2019/07/MERRA2.20190701.A3cld.05x0625.nc4
2199.845,hit,false,0.000,141,147.041,189,GEOS_0.5x0.625/MERRA2/2019/07/MERRA2.20190701.A3cld.05x0625.nc4
2199.878,hit,false,0.000,141,147.072,190,GEOS_0.5x0.625/MERRA2/2019/07/MERRA2.20190701.A3cld.05x0625.nc4
2199.906,hit,false,0.000,141,147.101,190,GEOS_0.5x0.625/MERRA2/2019/07/MERRA2.20190701.A3cld.05x0625.nc4
2199.941,hit,false,0.000,141,147.136,190,GEOS_0.5x0.625/MERRA2/2019/07/MERRA2.20190701.A3cld.05x0625.nc4
2199.967,hit,false,0.000,141,147.161,190,GEOS_0.5x0.625/MERRA2/2019/07/MERRA2.20190701.A3cld.05x0625.nc4
2200.000,hit,false,0.000,141,147.194,190,GEOS_0.5x0.625/MERRA2/2019/07/MERRA2.20190701.A3cld.05x0625.nc4
2200.027,hit,false,0.000,141,147.221,190,GEOS_0.5x0.625/MERRA2/2019/07/MERRA2.20190701.A3cld.05x0625.nc4
2200.065,hit,false,0.000,141,147.259,190,GEOS_0.5x0.625/MERRA2/2019/07/MERRA2.20190701.A3cld.05x0625.nc4
2200.095,hit,false,0.000,141,147.289,190,GEOS_0.5x0.625/MERRA2/2019/07/MERRA2.20190701.A3cld.05x0625.nc4
2200.139,hit,false,0.000,141,147.331,191,GEOS_0.5x0.625/MERRA2/2019/07/MERRA2.20190701.A3cld.05x0625.nc4
2200.162,hit,false,0.000,141,147.354,191,GEOS_0.5x0.625/MERRA2/2019/07/MERRA2.20190701.A3cld.05x0625.nc4
2200.216,hit,false,0.000,141,147.408,191,GEOS_0.5x0.625/MERRA2/2019/07/MERRA2.20190701.A3cld.05x0625.nc4
2200.239,hit,false,0.000,141,147.432,191,GEOS_0.5x0.625/MERRA2/2019/07/MERRA2.20190701.A3cld.05x0625.nc4
2200.284,hit,false,0.000,141,147.476,191,GEOS_0.5x0.625/MERRA2/2019/07/MERRA2.20190701.A3cld.05x0625.nc4
2200.307,hit,false,0.000,141,147.500,191,GEOS_0.5x0.625/MERRA2/2019/07/MERRA2.20190701.A3cld.05x0625.nc4
2200.348,hit,false,0.000,141,147.540,191,GEOS_0.5x0.625/MERRA2/2019/07/MERRA2.20190701.A3cld.05x0625.nc4
2200.373,hit,false,0.000,141,147.565,191,GEOS_0.5x0.625/MERRA2/2019/07/MERRA2.20190701.A3cld.05x0625.nc4
2200.408,hit,false,0.000,141,147.610,192,GEOS_0.5x0.625/MERRA2/2019/07/MERRA2.20190701.A3cld.05x0625.nc4
2200.439,hit,false,0.000,141,147.641,192,GEOS_0.5x0.625/MERRA2/2019/07/MERRA2.20190701.A3cld.05x0625.nc4
2200.480,hit,false,0.000,141,147.682,192,GEOS_0.5x0.625/MERRA2/2019/07/MERRA2.20190701.A3cld.05x0625.nc4
2200.505,hit,false,0.000,141,147.707,192,GEOS_0.5x0.625/MERRA2/2019/07/MERRA2.20190701.A3cld.05x0625.nc4
2200.538,hit,false,0.000,141,147.740,192,GEOS_0.5x0.625/MERRA2/2019/07/MERRA2.20190701.A3cld.05x0625.nc4
2200.561,hit,false,0.000,141,147.763,192,GEOS_0.5x0.625/MERRA2/2019/07/MERRA2.20190701.A3cld.05x0625.nc4
2200.612,hit,false,0.000,141,147.814,192,GEOS_0.5x0.625/MERRA2/2019/07/MERRA2.20190701.A3cld.05x0625.nc4
2200.633,hit,false,0.000,141,147.835,192,GEOS_0.5x0.625/MERRA2/2019/07/MERRA2.20190701.A3cld.05x0625.nc4
2200.676,hit,false,0.000,141,147.870,193,GEOS_0.5x0.625/MERRA2/2019/07/MERRA2.20190701.A3cld.05x0625.nc4
2200.700,hit,false,0.000,141,147.895,193,GEOS_0.5x0.625/MERRA2/2019/07/MERRA2.20190701.A3cld.05x0625.nc4
2200.742,hit,false,0.000,141,147.937,193,GEOS_0.5x0.625/MERRA2/2019/07/MERRA2.20190701.A3cld.05x0625.nc4
2200.765,hit,false,0.000,141,147.960,193,GEOS_0.5x0.625/MERRA2/2019/07/MERRA2.20190701.A3cld.05x0625.nc4
2200.875,hit,false,0.000,141,148.069,193,GEOS_0.5x0.625/MERRA2/2019/07/MERRA2.20190701.A3cld.05x0625.nc4
2200.897,hit,false,0.000,140,148.092,193,GEOS_0.5x0.625/MERRA2/2019/07/MERRA2.20190701.A3cld.05x0625.nc4
2200.950,hit,false,0.000,140,148.145,193,GEOS_0.5x0.625/MERRA2/2019/07/MERRA2.20190701.A3cld.05x0625.nc4
2200.977,hit,false,0.000,140,148.171,193,GEOS_0.5x0.625/MERRA2/2019/07/MERRA2.20190701.A3cld.05x0625.nc4
2201.020,hit,false,0.000,140,148.212,194,GEOS_0.5x0.625/MERRA2/2019/07/MERRA2.20190701.A3cld.05x0625.nc4
2201.045,hit,false,0.000,140,148.237,194,GEOS_0.5x0.625/MERRA2/2019/07/MERRA2.20190701.A3cld.05x0625.nc4
2201.086,hit,false,0.000,140,148.278,194,GEOS_0.5x0.625/MERRA2/2019/07/MERRA2.20190701.A3cld.05x0625.nc4
2201.109,hit,false,0.000,140,148.301,194,GEOS_0.5x0.625/MERRA2/2019/07/MERRA2.20190701.A3cld.05x0625.nc4
2201.146,hit,false,0.000,140,148.338,194,GEOS_0.5x0.625/MERRA2/2019/07/MERRA2.20190701.A3cld.05x0625.nc4
2201.169,hit,false,0.000,140,148.361,194,GEOS_0.5x0.625/MERRA2/2019/07/MERRA2.20190701.A3cld.05x0625.nc4
2201.210,hit,false,0.000,140,148.402,194,GEOS_0.5x0.625/MERRA2/2019/07/MERRA2.20190701.A3cld.05x0625.nc4
2201.234,hit,false,0.000,140,148.426,194,GEOS_0.5x0.625/MERRA2/2019/07/MERRA2.20190701.A3cld.05x0625.nc4
2201.269,hit,false,0.000,140,148.458,195,GEOS_0.5x0.625/MERRA2/2019/07/MERRA2.20190701.A3cld.05x0625.nc4
2201.297,hit,false,0.000,140,148.486,195,GEOS_0.5x0.625/MERRA2/2019/07/MERRA2.20190701.A3cld.05x0625.nc4
2201.331,hit,false,0.000,140,148.520,195,GEOS_0.5x0.625/MERRA2/2019/07/MERRA2.20190701.A3cld.05x0625.nc4
2201.358,hit,false,0.000,140,148.548,195,GEOS_0.5x0.625/MERRA2/2019/07/MERRA2.20190701.A3cld.05x0625.nc4
2201.424,hit,false,0.000,140,148.613,195,GEOS_0.5x0.625/MERRA2/2019/07/MERRA2.20190701.A3cld.05x0625.nc4
2201.444,hit,false,0.000,140,148.633,195,GEOS_0.5x0.625/MERRA2/2019/07/MERRA2.20190701.A3cld.05x0625.nc4
2201.495,hit,false,0.000,140,148.685,195,GEOS_0.5x0.625/MERRA2/2019/07/MERRA2.20190701.A3cld.05x0625.nc4
2201.519,hit,false,0.000,140,148.708,195,GEOS_0.5x0.625/MERRA2/2019/07/MERRA2.20190701.A3cld.05x0625.nc4
2201.558,hit,false,0.000,140,148.746,196,GEOS_0.5x0.625/MERRA2/2019/07/MERRA2.20190701.A3cld.05x0625.nc4
2201.589,hit,false,0.000,140,148.776,196,GEOS_0.5x0.625/MERRA2/2019/07/MERRA2.20190701.A3cld.05x0625.nc4
2201.634,hit,false,0.000,140,148.822,196,GEOS_0.5x0.625/MERRA2/2019/07/MERRA2.20190701.A3cld.05x0625.nc4
2201.665,hit,false,0.000,140,148.853,196,GEOS_0.5x0.625/MERRA2/2019/07/MERRA2.20190701.A3cld.05x0625.nc4
2201.689,hit,false,0.000,140,148.876,196,GEOS_0.5x0.625/MERRA2/2019/07/MERRA2.20190701.A3cld.05x0625.nc4
2201.723,hit,false,0.000,140,148.911,196,GEOS_0.5x0.625/MERRA2/2019/07/MERRA2.20190701.A3cld.05x0625.nc4
2201.750,hit,false,0.000,140,148.938,196,GEOS_0.5x0.625/MERRA2/2019/07/MERRA2.20190701.A3cld.05x0625.nc4
2201.780,hit,false,0.000,140,148.968,196,GEOS_0.5x0.625/MERRA2/2019/07/MERRA2.20190701.A3cld.05x0625.nc4
2201.812,hit,false,0.000,140,148.999,197,GEOS_0.5x0.625/MERRA2/2019/07/MERRA2.20190701.A3cld.05x0625.nc4
2201.843,hit,false,0.000,140,149.030,197,GEOS_0.5x0.625/MERRA2/2019/07/MERRA2.20190701.A3cld.05x0625.nc4
2201.876,hit,false,0.000,140,149.062,197,GEOS_0.5x0.625/MERRA2/2019/07/MERRA2.20190701.A3cld.05x0625.nc4
2201.899,hit,false,0.000,140,149.086,197,GEOS_0.5x0.625/MERRA2/2019/07/MERRA2.20190701.A3cld.05x0625.nc4
2201.932,hit,false,0.000,140,149.118,197,GEOS_0.5x0.625/MERRA2/2019/07/MERRA2.20190701.A3cld.05x0625.nc4
2201.970,hit,false,0.000,140,149.156,197,GEOS_0.5x0.625/MERRA2/2019/07/MERRA2.20190701.A3cld.05x0625.nc4
2201.994,hit,false,0.000,139,149.181,197,GEOS_0.5x0.625/MERRA2/2019/07/MERRA2.20190701.A3cld.05x0625.nc4
2202.053,hit,false,0.000,139,149.240,197,GEOS_0.5x0.625/MERRA2/2019/07/MERRA2.20190701.A3cld.05x0625.nc4
2202.086,hit,false,0.000,138,149.270,198,GEOS_0.5x0.625/MERRA2/2019/07/MERRA2.20190701.A3cld.05x0625.nc4
2202.114,hit,false,0.000,138,149.298,198,GEOS_0.5x0.625/MERRA2/2019/07/MERRA2.20190701.A3cld.05x0625.nc4
2202.145,hit,false,0.000,138,149.329,198,GEOS_0.5x0.625/MERRA2/2019/07/MERRA2.20190701.A3cld.05x0625.nc4
2202.169,hit,false,0.000,138,149.353,198,GEOS_0.5x0.625/MERRA2/2019/07/MERRA2.20190701.A3cld.05x0625.nc4
2202.202,hit,false,0.000,138,149.387,198,GEOS_0.5x0.625/MERRA2/2019/07/MERRA2.20190701.A3cld.05x0625.nc4
2202.228,hit,false,0.000,138,149.412,198,GEOS_0.5x0.625/MERRA2/2019/07/MERRA2.20190701.A3cld.05x0625.nc4
2202.261,hit,false,0.000,138,149.445,198,GEOS_0.5x0.625/MERRA2/2019/07/MERRA2.20190701.A3cld.05x0625.nc4
2202.285,hit,false,0.000,138,149.469,198,GEOS_0.5x0.625/MERRA2/2019/07/MERRA2.20190701.A3cld.05x0625.nc4
2202.319,hit,false,0.000,138,149.501,199,GEOS_0.5x0.625/MERRA2/2019/07/MERRA2.20190701.A3cld.05x0625.nc4
2202.352,hit,false,0.000,137,149.534,199,GEOS_0.5x0.625/MERRA2/2019/07/MERRA2.20190701.A3cld.05x0625.nc4
2202.378,hit,false,0.000,137,149.561,199,GEOS_0.5x0.625/MERRA2/2019/07/MERRA2.20190701.A3cld.05x0625.nc4
2202.437,hit,false,0.000,137,149.619,199,GEOS_0.5x0.625/MERRA2/2019/07/MERRA2.20190701.A3cld.05x0625.nc4
2202.463,hit,false,0.000,137,149.646,199,GEOS_0.5x0.625/MERRA2/2019/07/MERRA2.20190701.A3cld.05x0625.nc4
2202.495,hit,false,0.000,137,149.678,199,GEOS_0.5x0.625/MERRA2/2019/07/MERRA2.20190701.A3cld.05x0625.nc4
2202.538,hit,false,0.000,137,149.721,199,GEOS_0.5x0.625/MERRA2/2019/07/MERRA2.20190701.A3cld.05x0625.nc4
2202.562,hit,false,0.000,137,149.745,199,GEOS_0.5x0.625/MERRA2/2019/07/MERRA2.20190701.A3cld.05x0625.nc4
2202.594,hit,false,0.000,137,149.774,200,GEOS_0.5x0.625/MERRA2/2019/07/MERRA2.20190701.A3cld.05x0625.nc4
2202.646,hit,false,0.000,137,149.826,200,GEOS_0.5x0.625/MERRA2/2019/07/MERRA2.20190701.A3cld.05x0625.nc4
2202.668,hit,false,0.000,137,149.848,200,GEOS_0.5x0.625/MERRA2/2019/07/MERRA2.20190701.A3cld.05x0625.nc4
2202.714,hit,false,0.000,137,149.894,200,GEOS_0.5x0.625/MERRA2/2019/07/MERRA2.20190701.A3cld.05x0625.nc4
2202.737,hit,false,0.000,137,149.917,200,GEOS_0.5x0.625/MERRA2/2019/07/MERRA2.20190701.A3cld.05x0625.nc4
2202.770,hit,false,0.000,137,149.950,200,GEOS_0.5x0.625/MERRA2/2019/07/MERRA2.20190701.A3cld.05x0625.nc4
2202.806,hit,false,0.000,137,149.986,200,GEOS_0.5x0.625/MERRA2/2019/07/MERRA2.20190701.A3cld.05x0625.nc4
2202.828,hit,false,0.000,137,150.008,200,GEOS_0.5x0.625/MERRA2/2019/07/MERRA2.20190701.A3cld.05x0625.nc4
2202.876,hit,false,0.000,137,150.053,201,GEOS_0.5x0.625/MERRA2/2019/07/MERRA2.20190701.A3cld.05x0625.nc4
2202.899,hit,false,0.000,137,150.076,201,GEOS_0.5x0.625/MERRA2/2019/07/MERRA2.20190701.A3cld.05x0625.nc4
2202.935,hit,false,0.000,137,150.111,201,GEOS_0.5x0.625/MERRA2/2019/07/MERRA2.20190701.A3cld.05x0625.nc4
2203.031,hit,false,0.000,137,150.208,201,GEOS_0.5x0.625/MERRA2/2019/07/MERRA2.20190701.A3cld.05x0625.nc4
2203.051,hit,false,0.000,137,150.227,201,GEOS_0.5x0.625/MERRA2/2019/07/MERRA2.20190701.A3cld.05x0625.nc4
2203.099,hit,false,0.000,137,150.276,201,GEOS_0.5x0.625/MERRA2/2019/07/MERRA2.20190701.A3cld.05x0625.nc4
2203.126,hit,false,0.000,137,150.303,201,GEOS_0.5x0.625/MERRA2/2019/07/MERRA2.20190701.A3cld.05x0625.nc4
2203.163,hit,false,0.000,137,150.340,201,GEOS_0.5x0.625/MERRA2/2019/07/MERRA2.20190701.A3cld.05x0625.nc4
2203.187,hit,false,0.000,137,150.362,202,GEOS_0.5x0.625/MERRA2/2019/07/MERRA2.20190701.A3cld.05x0625.nc4
2203.253,hit,false,0.000,137,150.428,202,GEOS_0.5x0.625/MERRA2/2019/07/MERRA2.20190701.A3cld.05x0625.nc4
2203.275,hit,false,0.000,137,150.451,202,GEOS_0.5x0.625/MERRA2/2019/07/MERRA2.20190701.A3cld.05x0625.nc4
2203.309,hit,false,0.000,137,150.484,202,GEOS_0.5x0.625/MERRA2/2019/07/MERRA2.20190701.A3cld.05x0625.nc4
2203.334,hit,false,0.000,137,150.509,202,GEOS_0.5x0.625/MERRA2/2019/07/MERRA2.20190701.A3cld.05x0625.nc4
2203.373,hit,false,0.000,137,150.548,202,GEOS_0.5x0.625/MERRA2/2019/07/MERRA2.20190701.A3cld.05x0625.nc4
2203.407,hit,false,0.000,137,150.582,202,GEOS_0.5x0.625/MERRA2/2019/07/MERRA2.20190701.A3cld.05x0625.nc4
2203.450,hit,false,0.000,137,150.625,202,GEOS_0.5x0.625/MERRA2/2019/07/MERRA2.20190701.A3cld.05x0625.nc4
2203.471,hit,false,0.000,137,150.645,203,GEOS_0.5x0.625/MERRA2/2019/07/MERRA2.20190701.A3cld.05x0625.nc4
2203.525,hit,false,0.000,136,150.699,203,GEOS_0.5x0.625/MERRA2/2019/07/MERRA2.20190701.A3cld.05x0625.nc4
2203.541,hit,false,0.000,136,150.714,203,GEOS_0.5x0.625/MERRA2/2019/07/MERRA2.20190701.A3cld.05x0625.nc4
2203.611,hit,false,0.000,135,150.784,203,GEOS_0.5x0.625/MERRA2/2019/07/MERRA2.20190701.A3cld.05x0625.nc4
2203.632,hit,false,0.000,135,150.805,203,GEOS_0.5x0.625/MERRA2/2019/07/MERRA2.20190701.A3cld.05x0625.nc4
2203.674,hit,false,0.000,135,150.848,203,GEOS_0.5x0.625/MERRA2/2019/07/MERRA2.20190701.A3cld.05x0625.nc4
2203.696,hit,false,0.000,135,150.870,203,GEOS_0.5x0.625/MERRA2/2019/07/MERRA2.20190701.A3cld.05x0625.nc4
2203.738,hit,false,0.000,135,150.912,203,GEOS_0.5x0.625/MERRA2/2019/07/MERRA2.20190701.A3cld.05x0625.nc4
2203.760,hit,false,0.000,135,150.932,204,GEOS_0.5x0.625/MERRA2/2019/07/MERRA2.20190701.A3cld.05x0625.nc4
2203.807,hit,false,0.000,135,150.978,204,GEOS_0.5x0.625/MERRA2/2019/07/MERRA2.20190701.A3cld.05x0625.nc4
2203.830,hit,false,0.000,135,151.001,204,GEOS_0.5x0.625/MERRA2/2019/07/MERRA2.20190701.A3cld.05x0625.nc4
2203.867,hit,false,0.000,135,151.039,204,GEOS_0.5x0.625/MERRA2/2019/07/MERRA2.20190701.A3cld.05x0625.nc4
2203.892,hit,false,0.000,135,151.063,204,GEOS_0.5x0.625/MERRA2/2019/07/MERRA2.20190701.A3cld.05x0625.nc4
2203.924,hit,false,0.000,135,151.096,204,GEOS_0.5x0.625/MERRA2/2019/07/MERRA2.20190701.A3cld.05x0625.nc4
2203.950,hit,false,0.000,134,151.121,204,GEOS_0.5x0.625/MERRA2/2019/07/MERRA2.20190701.A3cld.05x0625.nc4
2203.980,hit,false,0.000,134,151.152,204,GEOS_0.5x0.625/MERRA2/2019/07/MERRA2.20190701.A3cld.05x0625.nc4
2204.009,hit,false,0.000,134,151.179,205,GEOS_0.5x0.625/MERRA2/2019/07/MERRA2.20190701.A3cld.05x0625.nc4
2204.043,hit,false,0.000,134,151.213,205,GEOS_0.5x0.625/MERRA2/2019/07/MERRA2.20190701.A3cld.05x0625.nc4
2204.083,hit,false,0.000,134,151.253,205,GEOS_0.5x0.625/MERRA2/2019/07/MERRA2.20190701.A3cld.05x0625.nc4
2204.109,hit,false,0.000,134,151.279,205,GEOS_0.5x0.625/MERRA2/2019/07/MERRA2.20190701.A3cld.05x0625.nc4
2204.172,hit,false,0.000,134,151.341,205,GEOS_0.5x0.625/MERRA2/2019/07/MERRA2.20190701.A3cld.05x0625.nc4
2204.198,hit,false,0.000,134,151.368,205,GEOS_0.5x0.625/MERRA2/2019/07/MERRA2.20190701.A3cld.05x0625.nc4
2204.231,hit,false,0.000,134,151.400,205,GEOS_0.5x0.625/MERRA2/2019/07/MERRA2.20190701.A3cld.05x0625.nc4
2204.255,hit,false,0.000,134,151.425,205,GEOS_0.5x0.625/MERRA2/2019/07/MERRA2.20190701.A3cld.05x0625.nc4
2204.288,hit,false,0.000,134,151.456,206,GEOS_0.5x0.625/MERRA2/2019/07/MERRA2.20190701.A3cld.05x0625.nc4
2204.329,hit,false,0.000,134,151.497,206,GEOS_0.5x0.625/MERRA2/2019/07/MERRA2.20190701.A3cld.05x0625.nc4
2204.354,hit,false,0.000,134,151.522,206,GEOS_0.5x0.625/MERRA2/2019/07/MERRA2.20190701.A3cld.05x0625.nc4
2204.404,hit,false,0.000,134,151.571,206,GEOS_0.5x0.625/MERRA2/2019/07/MERRA2.20190701.A3cld.05x0625.nc4
2204.426,hit,false,0.000,134,151.594,206,GEOS_0.5x0.625/MERRA2/2019/07/MERRA2.20190701.A3cld.05x0625.nc4
2204.465,hit,false,0.000,134,151.633,206,GEOS_0.5x0.625/MERRA2/2019/07/MERRA2.20190701.A3cld.05x0625.nc4
2204.495,hit,false,0.000,134,151.663,206,GEOS_0.5x0.625/MERRA2/2019/07/MERRA2.20190701.A3cld.05x0625.nc4
2204.523,hit,false,0.000,134,151.691,206,GEOS_0.5x0.625/MERRA2/2019/07/MERRA2.20190701.A3cld.05x0625.nc4
2204.551,hit,false,0.000,134,151.717,207,GEOS_0.5x0.625/MERRA2/2019/07/MERRA2.20190701.A3cld.05x0625.nc4
2204.579,hit,false,0.000,134,151.745,207,GEOS_0.5x0.625/MERRA2/2019/07/MERRA2.20190701.A3cld.05x0625.nc4
2204.611,hit,false,0.000,134,151.778,207,GEOS_0.5x0.625/MERRA2/2019/07/MERRA2.20190701.A3cld.05x0625.nc4
2204.643,hit,false,0.000,133,151.809,207,GEOS_0.5x0.625/MERRA2/2019/07/MERRA2.20190701.A3cld.05x0625.nc4
2204.666,hit,false,0.000,133,151.833,207,GEOS_0.5x0.625/MERRA2/2019/07/MERRA2.20190701.A3cld.05x0625.nc4
2204.700,hit,false,0.000,133,151.866,207,GEOS_0.5x0.625/MERRA2/2019/07/MERRA2.20190701.A3cld.05x0625.nc4
2204.726,hit,false,0.000,133,151.893,207,GEOS_0.5x0.625/MERRA2/2019/07/MERRA2.20190701.A3cld.05x0625.nc4
2204.756,hit,false,0.000,133,151.923,207,GEOS_0.5x0.625/MERRA2/2019/07/MERRA2.20190701.A3cld.05x0625.nc4
2204.788,hit,false,0.000,133,130.241,208,GEOS_0.5x0.625/MERRA2/2019/07/MERRA2.20190701.A3cld.05x0625.nc4
2204.819,hit,false,0.000,133,130.272,208,GEOS_0.5x0.625/MERRA2/2019/07/MERRA2.20190701.A3cld.05x0625.nc4
2204.865,hit,false,0.000,133,130.318,208,GEOS_0.5x0.625/MERRA2/2019/07/MERRA2.20190701.A3cld.05x0625.nc4
2204.895,hit,false,0.000,133,130.349,208,GEOS_0.5x0.625/MERRA2/2019/07/MERRA2.20190701.A3cld.05x0625.nc4
2204.924,hit,false,0.000,132,130.377,208,GEOS_0.5x0.625/MERRA2/2019/07/MERRA2.20190701.A3cld.05x0625.nc4
2204.980,hit,false,0.000,132,130.434,208,GEOS_0.5x0.625/MERRA2/2019/07/MERRA2.20190701.A3cld.05x0625.nc4
2204.999,hit,false,0.000,132,130.453,208,GEOS_0.5x0.625/MERRA2/2019/07/MERRA2.20190701.A3cld.05x0625.nc4
2205.044,hit,false,0.000,132,130.498,208,GEOS_0.5x0.625/MERRA2/2019/07/MERRA2.20190701.A3cld.05x0625.nc4
2205.067,hit,false,0.000,132,130.517,209,GEOS_0.5x0.625/MERRA2/2019/07/MERRA2.20190701.A3cld.05x0625.nc4
2205.108,hit,false,0.000,132,130.558,209,GEOS_0.5x0.625/MERRA2/2019/07/MERRA2.20190701.A3cld.05x0625.nc4
2205.224,hit,false,0.000,132,130.674,209,GEOS_0.5x0.625/MERRA2/2019/07/MERRA2.20190701.A3cld.05x0625.nc4
2205.246,hit,false,0.000,132,130.697,209,GEOS_0.5x0.625/MERRA2/2019/07/MERRA2.20190701.A3cld.05x0625.nc4
2205.287,hit,false,0.000,131,130.738,209,GEOS_0.5x0.625/MERRA2/2019/07/MERRA2.20190701.A3cld.05x0625.nc4
2205.313,hit,false,0.000,131,130.764,209,GEOS_0.5x0.625/MERRA2/2019/07/MERRA2.20190701.A3cld.05x0625.nc4
2205.347,hit,false,0.000,131,130.797,209,GEOS_0.5x0.625/MERRA2/2019/07/MERRA2.20190701.A3cld.05x0625.nc4
2205.374,hit,false,0.000,131,130.824,209,GEOS_0.5x0.625/MERRA2/2019/07/MERRA2.20190701.A3cld.05x0625.nc4
2205.405,hit,false,0.000,131,130.852,210,GEOS_0.5x0.625/MERRA2/2019/07/MERRA2.20190701.A3cld.05x0625.nc4
2205.431,hit,false,0.000,131,130.878,210,GEOS_0.5x0.625/MERRA2/2019/07/MERRA2.20190701.A3cld.05x0625.nc4
2205.464,hit,false,0.000,131,130.911,210,GEOS_0.5x0.625/MERRA2/2019/07/MERRA2.20190701.A3cld.05x0625.nc4
2205.488,hit,false,0.000,131,130.935,210,GEOS_0.5x0.625/MERRA2/2019/07/MERRA2.20190701.A3cld.05x0625.nc4
2205.519,hit,false,0.000,131,130.966,210,GEOS_0.5x0.625/MERRA2/2019/07/MERRA2.20190701.A3cld.05x0625.nc4
2205.544,hit,false,0.000,131,130.991,210,GEOS_0.5x0.625/MERRA2/2019/07/MERRA2.20190701.A3cld.05x0625.nc4
2205.578,hit,false,0.000,131,131.025,210,GEOS_0.5x0.625/MERRA2/2019/07/MERRA2.20190701.A3cld.05x0625.nc4
2205.607,hit,false,0.000,131,131.054,210,GEOS_0.5x0.625/MERRA2/2019/07/MERRA2.20190701.A3cld.05x0625.nc4
2205.650,hit,false,0.000,131,131.095,211,GEOS_0.5x0.625/MERRA2/2019/07/MERRA2.20190701.A3cld.05x0625.nc4
2205.676,hit,false,0.000,131,131.120,211,GEOS_0.5x0.625/MERRA2/2019/07/MERRA2.20190701.A3cld.05x0625.nc4
2205.710,hit,false,0.000,131,131.155,211,GEOS_0.5x0.625/MERRA2/2019/07/MERRA2.20190701.A3cld.05x0625.nc4
2205.736,hit,false,0.000,131,131.180,211,GEOS_0.5x0.625/MERRA2/2019/07/MERRA2.20190701.A3cld.05x0625.nc4
2205.768,hit,false,0.000,131,131.212,211,GEOS_0.5x0.625/MERRA2/2019/07/MERRA2.20190701.A3cld.05x0625.nc4
2205.800,hit,false,0.000,131,131.245,211,GEOS_0.5x0.625/MERRA2/2019/07/MERRA2.20190701.A3cld.05x0625.nc4
2205.827,hit,false,0.000,131,131.271,211,GEOS_0.5x0.625/MERRA2/2019/07/MERRA2.20190701.A3cld.05x0625.nc4
2205.860,hit,false,0.000,131,131.304,211,GEOS_0.5x0.625/MERRA2/2019/07/MERRA2.20190701.A3cld.05x0625.nc4
2205.890,hit,false,0.000,131,131.326,212,GEOS_0.5x0.625/MERRA2/2019/07/MERRA2.20190701.A3cld.05x0625.nc4
2205.921,hit,false,0.000,130,131.356,212,GEOS_0.5x0.625/MERRA2/2019/07/MERRA2.20190701.A3cld.05x0625.nc4
2205.958,hit,false,0.000,130,131.394,212,GEOS_0.5x0.625/MERRA2/2019/07/MERRA2.20190701.A3cld.05x0625.nc4
2205.986,hit,false,0.000,130,131.421,212,GEOS_0.5x0.625/MERRA2/2019/07/MERRA2.20190701.A3cld.05x0625.nc4
2206.017,hit,false,0.000,130,131.452,212,GEOS_0.5x0.625/MERRA2/2019/07/MERRA2.20190701.A3cld.05x0625.nc4
2206.043,hit,false,0.000,130,131.479,212,GEOS_0.5x0.625/MERRA2/2019/07/MERRA2.20190701.A3cld.05x0625.nc4
2206.078,hit,false,0.000,130,131.513,212,GEOS_0.5x0.625/MERRA2/2019/07/MERRA2.20190701.A3cld.05x0625.nc4
2206.118,hit,false,0.000,130,131.553,212,GEOS_0.5x0.625/MERRA2/2019/07/MERRA2.20190701.A3cld.05x0625.nc4
2206.141,hit,false,0.000,130,131.574,213,GEOS_0.5x0.625/MERRA2/2019/07/MERRA2.20190701.A3cld.05x0625.nc4
2206.179,hit,false,0.000,130,131.613,213,GEOS_0.5x0.625/MERRA2/2019/07/MERRA2.20190701.A3cld.05x0625.nc4
2206.203,hit,false,0.000,130,131.636,213,GEOS_0.5x0.625/MERRA2/2019/07/MERRA2.20190701.A3cld.05x0625.nc4
2206.244,hit,false,0.000,130,131.678,213,GEOS_0.5x0.625/MERRA2/2019/07/MERRA2.20190701.A3cld.05x0625.nc4
2206.269,hit,false,0.000,130,131.702,213,GEOS_0.5x0.625/MERRA2/2019/07/MERRA2.20190701.A3cld.05x0625.nc4
2206.310,hit,false,0.000,130,131.743,213,GEOS_0.5x0.625/MERRA2/2019/07/MERRA2.20190701.A3cld.05x0625.nc4
2206.332,hit,false,0.000,130,131.765,213,GEOS_0.5x0.625/MERRA2/2019/07/MERRA2.20190701.A3cld.05x0625.nc4
2206.364,hit,false,0.000,130,131.797,213,GEOS_0.5x0.625/MERRA2/2019/07/MERRA2.20190701.A3cld.05x0625.nc4
2206.389,hit,false,0.000,130,131.821,214,GEOS_0.5x0.625/MERRA2/2019/07/MERRA2.20190701.A3cld.05x0625.nc4
2206.425,hit,false,0.000,130,131.856,214,GEOS_0.5x0.625/MERRA2/2019/07/MERRA2.20190701.A3cld.05x0625.nc4
2206.453,hit,false,0.000,130,131.885,214,GEOS_0.5x0.625/MERRA2/2019/07/MERRA2.20190701.A3cld.05x0625.nc4
2206.486,hit,false,0.000,130,131.918,214,GEOS_0.5x0.625/MERRA2/2019/07/MERRA2.20190701.A3cld.05x0625.nc4
2206.509,hit,false,0.000,130,131.940,214,GEOS_0.5x0.625/MERRA2/2019/07/MERRA2.20190701.A3cld.05x0625.nc4
2206.564,hit,false,0.000,130,131.995,214,GEOS_0.5x0.625/MERRA2/2019/07/MERRA2.20190701.A3cld.05x0625.nc4
2206.588,hit,false,0.000,130,132.019,214,GEOS_0.5x0.625/MERRA2/2019/07/MERRA2.20190701.A3cld.05x0625.nc4
2206.641,hit,false,0.000,130,132.072,214,GEOS_0.5x0.625/MERRA2/2019/07/MERRA2.20190701.A3cld.05x0625.nc4
2206.666,hit,false,0.000,130,132.095,215,GEOS_0.5x0.625/MERRA2/2019/07/MERRA2.20190701.A3cld.05x0625.nc4
2206.700,hit,false,0.000,130,132.129,215,GEOS_0.5x0.625/MERRA2/2019/07/MERRA2.20190701.A3cld.05x0625.nc4
2206.737,hit,false,0.000,130,132.166,215,GEOS_0.5x0.625/MERRA2/2019/07/MERRA2.20190701.A3cld.05x0625.nc4
2206.760,hit,false,0.000,130,132.189,215,GEOS_0.5x0.625/MERRA2/2019/07/MERRA2.20190701.A3cld.05x0625.nc4
2206.799,hit,false,0.000,130,132.227,215,GEOS_0.5x0.625/MERRA2/2019/07/MERRA2.20190701.A3cld.05x0625.nc4
2206.823,hit,false,0.000,130,132.252,215,GEOS_0.5x0.625/MERRA2/2019/07/MERRA2.20190701.A3cld.05x0625.nc4
2206.856,hit,false,0.000,130,132.285,215,GEOS_0.5x0.625/MERRA2/2019/07/MERRA2.20190701.A3cld.05x0625.nc4
2206.885,hit,false,0.000,130,132.313,215,GEOS_0.5x0.625/MERRA2/2019/07/MERRA2.20190701.A3cld.05x0625.nc4
2206.915,hit,false,0.000,130,132.360,216,GEOS_0.5x0.625/MERRA2/2019/07/MERRA2.20190701.A3cld.05x0625.nc4
2206.946,hit,false,0.000,130,132.391,216,GEOS_0.5x0.625/MERRA2/2019/07/MERRA2.20190701.A3cld.05x0625.nc4
2206.993,hit,false,0.000,130,132.438,216,GEOS_0.5x0.625/MERRA2/2019/07/MERRA2.20190701.A3cld.05x0625.nc4
2207.015,hit,false,0.000,130,132.460,216,GEOS_0.5x0.625/MERRA2/2019/07/MERRA2.20190701.A3cld.05x0625.nc4
2207.058,hit,false,0.000,130,132.503,216,GEOS_0.5x0.625/MERRA2/2019/07/MERRA2.20190701.A3cld.05x0625.nc4
2207.089,hit,false,0.000,130,132.534,216,GEOS_0.5x0.625/MERRA2/2019/07/MERRA2.20190701.A3cld.05x0625.nc4
2207.138,hit,false,0.000,130,132.583,216,GEOS_0.5x0.625/MERRA2/2019/07/MERRA2.20190701.A3cld.05x0625.nc4
2207.159,hit,false,0.000,130,132.604,216,GEOS_0.5x0.625/MERRA2/2019/07/MERRA2.20190701.A3cld.05x0625.nc4
2207.198,hit,false,0.000,130,132.638,217,GEOS_0.5x0.625/MERRA2/2019/07/MERRA2.20190701.A3cld.05x0625.nc4
2207.306,hit,false,0.000,130,132.746,217,GEOS_0.5x0.625/MERRA2/2019/07/MERRA2.20190701.A3cld.05x0625.nc4
2207.342,hit,false,0.000,130,132.782,217,GEOS_0.5x0.625/MERRA2/2019/07/MERRA2.20190701.A3cld.05x0625.nc4
2207.375,hit,false,0.000,130,132.815,217,GEOS_0.5x0.625/MERRA2/2019/07/MERRA2.20190701.A3cld.05x0625.nc4
2207.405,hit,false,0.000,130,132.846,217,GEOS_0.5x0.625/MERRA2/2019/07/MERRA2.20190701.A3cld.05x0625.nc4
2207.433,hit,false,0.000,130,132.874,217,GEOS_0.5x0.625/MERRA2/2019/07/MERRA2.20190701.A3cld.05x0625.nc4
2207.461,hit,false,0.000,130,132.901,217,GEOS_0.5x0.625/MERRA2/2019/07/MERRA2.20190701.A3cld.05x0625.nc4
2207.494,hit,false,0.000,130,132.935,217,GEOS_0.5x0.625/MERRA2/2019/07/MERRA2.20190701.A3cld.05x0625.nc4
2207.538,hit,false,0.000,130,132.976,218,GEOS_0.5x0.625/MERRA2/2019/07/MERRA2.20190701.A3cld.05x0625.nc4
2207.563,hit,false,0.000,130,133.001,218,GEOS_0.5x0.625/MERRA2/2019/07/MERRA2.20190701.A3cld.05x0625.nc4
2207.624,hit,false,0.000,130,133.062,218,GEOS_0.5x0.625/MERRA2/2019/07/MERRA2.20190701.A3cld.05x0625.nc4
2207.648,hit,false,0.000,130,133.085,218,GEOS_0.5x0.625/MERRA2/2019/07/MERRA2.20190701.A3cld.05x0625.nc4
2207.682,hit,false,0.000,130,133.119,218,GEOS_0.5x0.625/MERRA2/2019/07/MERRA2.20190701.A3cld.05x0625.nc4
2207.703,hit,false,0.000,130,133.141,218,GEOS_0.5x0.625/MERRA2/2019/07/MERRA2.20190701.A3cld.05x0625.nc4
2207.763,hit,false,0.000,130,133.201,218,GEOS_0.5x0.625/MERRA2/2019/07/MERRA2.20190701.A3cld.05x0625.nc4
2207.780,hit,false,0.000,130,133.218,218,GEOS_0.5x0.625/MERRA2/2019/07/MERRA2.20190701.A3cld.05x0625.nc4
2207.829,hit,false,0.000,130,133.265,219,GEOS_0.5x0.625/MERRA2/2019/07/MERRA2.20190701.A3cld.05x0625.nc4
2207.854,hit,false,0.000,130,133.290,219,GEOS_0.5x0.625/MERRA2/2019/07/MERRA2.20190701.A3cld.05x0625.nc4
2207.890,hit,false,0.000,130,133.326,219,GEOS_0.5x0.625/MERRA2/2019/07/MERRA2.20190701.A3cld.05x0625.nc4
2207.922,hit,false,0.000,130,133.358,219,GEOS_0.5x0.625/MERRA2/2019/07/MERRA2.20190701.A3cld.05x0625.nc4
2207.947,hit,false,0.000,130,133.382,219,GEOS_0.5x0.625/MERRA2/2019/07/MERRA2.20190701.A3cld.05x0625.nc4
2207.990,hit,false,0.000,130,133.425,219,GEOS_0.5x0.625/MERRA2/2019/07/MERRA2.20190701.A3cld.05x0625.nc4
2208.015,hit,false,0.000,130,133.451,219,GEOS_0.5x0.625/MERRA2/2019/07/MERRA2.20190701.A3cld.05x0625.nc4
2208.047,hit,false,0.000,130,133.483,219,GEOS_0.5x0.625/MERRA2/2019/07/MERRA2.20190701.A3cld.05x0625.nc4
2208.092,hit,false,0.000,130,133.525,220,GEOS_0.5x0.625/MERRA2/2019/07/MERRA2.20190701.A3cld.05x0625.nc4
2208.113,hit,false,0.000,130,133.547,220,GEOS_0.5x0.625/MERRA2/2019/07/MERRA2.20190701.A3cld.05x0625.nc4
2208.165,hit,false,0.000,130,133.599,220,GEOS_0.5x0.625/MERRA2/2019/07/MERRA2.20190701.A3cld.05x0625.nc4
2208.194,hit,false,0.000,130,133.628,220,GEOS_0.5x0.625/MERRA2/2019/07/MERRA2.20190701.A3cld.05x0625.nc4
2208.230,hit,false,0.000,130,133.664,220,GEOS_0.5x0.625/MERRA2/2019/07/MERRA2.20190701.A3cld.05x0625.nc4
2208.260,hit,false,0.000,130,133.694,220,GEOS_0.5x0.625/MERRA2/2019/07/MERRA2.20190701.A3cld.05x0625.nc4
2208.294,hit,false,0.000,130,133.728,220,GEOS_0.5x0.625/MERRA2/2019/07/MERRA2.20190701.A3cld.05x0625.nc4
2208.340,hit,false,0.000,130,133.773,220,GEOS_0.5x0.625/MERRA2/2019/07/MERRA2.20190701.A3cld.05x0625.nc4
2208.354,hit,false,0.000,130,133.780,221,GEOS_0.5x0.625/MERRA2/2019/07/MERRA2.20190701.A3cld.05x0625.nc4
2208.407,hit,false,0.000,130,133.833,221,GEOS_0.5x0.625/MERRA2/2019/07/MERRA2.20190701.A3cld.05x0625.nc4
2208.429,hit,false,0.000,130,133.855,221,GEOS_0.5x0.625/MERRA2/2019/07/MERRA2.20190701.A3cld.05x0625.nc4
2208.471,hit,false,0.000,130,133.897,221,GEOS_0.5x0.625/MERRA2/2019/07/MERRA2.20190701.A3cld.05x0625.nc4
2208.494,hit,false,0.000,130,133.921,221,GEOS_0.5x0.625/MERRA2/2019/07/MERRA2.20190701.A3cld.05x0625.nc4
2208.526,hit,false,0.000,130,133.952,221,GEOS_0.5x0.625/MERRA2/2019/07/MERRA2.20190701.A3cld.05x0625.nc4
2208.553,hit,false,0.000,130,133.979,221,GEOS_0.5x0.625/MERRA2/2019/07/MERRA2.20190701.A3cld.05x0625.nc4
2208.574,hit,false,0.000,130,134.000,221,GEOS_0.5x0.625/MERRA2/2019/07/MERRA2.20190701.A3cld.05x0625.nc4
2208.614,hit,false,0.000,130,134.038,222,GEOS_0.5x0.625/MERRA2/2019/07/MERRA2.20190701.A3cld.05x0625.nc4
2208.639,hit,false,0.000,130,134.063,222,GEOS_0.5x0.625/MERRA2/2019/07/MERRA2.20190701.A3cld.05x0625.nc4
2208.669,hit,false,0.000,130,134.093,222,GEOS_0.5x0.625/MERRA2/2019/07/MERRA2.20190701.A3cld.05x0625.nc4
2208.695,hit,false,0.000,130,134.119,222,GEOS_0.5x0.625/MERRA2/2019/07/MERRA2.20190701.A3cld.05x0625.nc4
2208.722,hit,false,0.000,130,134.146,222,GEOS_0.5x0.625/MERRA2/2019/07/MERRA2.20190701.A3cld.05x0625.nc4
2208.753,hit,false,0.000,130,134.177,222,GEOS_0.5x0.625/MERRA2/2019/07/MERRA2.20190701.A3cld.05x0625.nc4
2208.779,hit,false,0.000,130,134.203,222,GEOS_0.5x0.625/MERRA2/2019/07/MERRA2.20190701.A3cld.05x0625.nc4
2208.811,hit,false,0.000,130,134.235,222,GEOS_0.5x0.625/MERRA2/2019/07/MERRA2.20190701.A3cld.05x0625.nc4
2208.839,hit,false,0.000,130,134.261,223,GEOS_0.5x0.625/MERRA2/2019/07/MERRA2.20190701.A3cld.05x0625.nc4
2208.893,hit,false,0.000,130,134.315,223,GEOS_0.5x0.625/MERRA2/2019/07/MERRA2.20190701.A3cld.05x0625.nc4
2208.915,hit,false,0.000,130,134.337,223,GEOS_0.5x0.625/MERRA2/2019/07/MERRA2.20190701.A3cld.05x0625.nc4
2208.947,hit,false,0.000,130,134.369,223,GEOS_0.5x0.625/MERRA2/2019/07/MERRA2.20190701.A3cld.05x0625.nc4
2208.974,hit,false,0.000,130,134.396,223,GEOS_0.5x0.625/MERRA2/2019/07/MERRA2.20190701.A3cld.05x0625.nc4
2209.003,hit,false,0.000,130,134.424,223,GEOS_0.5x0.625/MERRA2/2019/07/MERRA2.20190701.A3cld.05x0625.nc4
2209.056,hit,false,0.000,129,134.478,223,GEOS_0.5x0.625/MERRA2/2019/07/MERRA2.20190701.A3cld.05x0625.nc4
2209.081,hit,false,0.000,129,134.503,223,GEOS_0.5x0.625/MERRA2/2019/07/MERRA2.20190701.A3cld.05x0625.nc4
2209.111,hit,false,0.000,129,134.537,224,GEOS_0.5x0.625/MERRA2/2019/07/MERRA2.20190701.A3cld.05x0625.nc4
2209.159,hit,false,0.000,129,134.585,224,GEOS_0.5x0.625/MERRA2/2019/07/MERRA2.20190701.A3cld.05x0625.nc4
2209.194,hit,false,0.000,127,134.620,224,GEOS_0.5x0.625/MERRA2/2019/07/MERRA2.20190701.A3cld.05x0625.nc4
2209.217,hit,false,0.000,127,134.644,224,GEOS_0.5x0.625/MERRA2/2019/07/MERRA2.20190701.A3cld.05x0625.nc4
2209.253,hit,false,0.000,127,134.680,224,GEOS_0.5x0.625/MERRA2/2019/07/MERRA2.20190701.A3cld.05x0625.nc4
2209.279,hit,false,0.000,127,134.705,224,GEOS_0.5x0.625/MERRA2/2019/07/MERRA2.20190701.A3cld.05x0625.nc4
2209.311,hit,false,0.000,127,134.738,224,GEOS_0.5x0.625/MERRA2/2019/07/MERRA2.20190701.A3cld.05x0625.nc4
2209.338,hit,false,0.000,127,134.765,224,GEOS_0.5x0.625/MERRA2/2019/07/MERRA2.20190701.A3cld.05x0625.nc4
2209.444,hit,false,0.000,126,134.866,225,GEOS_0.5x0.625/MERRA2/2019/07/MERRA2.20190701.A3cld.05x0625.nc4
2209.470,hit,false,0.000,126,134.892,225,GEOS_0.5x0.625/MERRA2/2019/07/MERRA2.20190701.A3cld.05x0625.nc4
2209.507,hit,false,0.000,126,134.929,225,GEOS_0.5x0.625/MERRA2/2019/07/MERRA2.20190701.A3cld.05x0625.nc4
2209.530,hit,false,0.000,126,134.952,225,GEOS_0.5x0.625/MERRA2/2019/07/MERRA2.20190701.A3cld.05x0625.nc4
2209.567,hit,false,0.000,126,134.989,225,GEOS_0.5x0.625/MERRA2/2019/07/MERRA2.20190701.A3cld.05x0625.nc4
2209.598,hit,false,0.000,126,135.021,225,GEOS_0.5x0.625/MERRA2/2019/07/MERRA2.20190701.A3cld.05x0625.nc4
2209.628,hit,false,0.000,126,135.050,225,GEOS_0.5x0.625/MERRA2/2019/07/MERRA2.20190701.A3cld.05x0625.nc4
2209.656,hit,false,0.000,126,135.078,225,GEOS_0.5x0.625/MERRA2/2019/07/MERRA2.20190701.A3cld.05x0625.nc4
2209.686,hit,false,0.000,126,135.055,226,GEOS_0.5x0.625/MERRA2/2019/07/MERRA2.20190701.A3cld.05x0625.nc4
2209.716,hit,false,0.000,126,135.085,226,GEOS_0.5x0.625/MERRA2/2019/07/MERRA2.20190701.A3cld.05x0625.nc4
2209.765,hit,false,0.000,126,135.135,226,GEOS_0.5x0.625/MERRA2/2019/07/MERRA2.20190701.A3cld.05x0625.nc4
2209.787,hit,false,0.000,126,135.156,226,GEOS_0.5x0.625/MERRA2/2019/07/MERRA2.20190701.A3cld.05x0625.nc4
2209.821,hit,false,0.000,126,135.190,226,GEOS_0.5x0.625/MERRA2/2019/07/MERRA2.20190701.A3cld.05x0625.nc4
2209.846,hit,false,0.000,126,135.215,226,GEOS_0.5x0.625/MERRA2/2019/07/MERRA2.20190701.A3cld.05x0625.nc4
2209.877,hit,false,0.000,126,135.246,226,GEOS_0.5x0.625/MERRA2/2019/07/MERRA2.20190701.A3cld.05x0625.nc4
2209.902,hit,false,0.000,126,135.271,226,GEOS_0.5x0.625/MERRA2/2019/07/MERRA2.20190701.A3cld.05x0625.nc4
2209.942,hit,false,0.000,126,135.310,227,GEOS_0.5x0.625/MERRA2/2019/07/MERRA2.20190701.A3cld.05x0625.nc4
2209.967,hit,false,0.000,126,135.335,227,GEOS_0.5x0.625/MERRA2/2019/07/MERRA2.20190701.A3cld.05x0625.nc4
2209.998,hit,false,0.000,126,135.365,227,GEOS_0.5x0.625/MERRA2/2019/07/MERRA2.20190701.A3cld.05x0625.nc4
2210.025,hit,false,0.000,126,135.393,227,GEOS_0.5x0.625/MERRA2/2019/07/MERRA2.20190701.A3cld.05x0625.nc4
2210.055,hit,false,0.000,126,135.423,227,GEOS_0.5x0.625/MERRA2/2019/07/MERRA2.20190701.A3cld.05x0625.nc4
2210.083,hit,false,0.000,126,135.450,227,GEOS_0.5x0.625/MERRA2/2019/07/MERRA2.20190701.A3cld.05x0625.nc4
2210.111,hit,false,0.000,126,135.479,227,GEOS_0.5x0.625/MERRA2/2019/07/MERRA2.20190701.A3cld.05x0625.nc4
2210.152,hit,false,0.000,125,135.519,227,GEOS_0.5x0.625/MERRA2/2019/07/MERRA2.20190701.A3cld.05x0625.nc4
2210.175,hit,false,0.000,125,135.541,228,GEOS_0.5x0.625/MERRA2/2019/07/MERRA2.20190701.A3cld.05x0625.nc4
2210.211,hit,false,0.000,125,135.577,228,GEOS_0.5x0.625/MERRA2/2019/07/MERRA2.20190701.A3cld.05x0625.nc4
2210.240,hit,false,0.000,124,135.605,228,GEOS_0.5x0.625/MERRA2/2019/07/MERRA2.20190701.A3cld.05x0625.nc4
2210.270,hit,false,0.000,124,135.636,228,GEOS_0.5x0.625/MERRA2/2019/07/MERRA2.20190701.A3cld.05x0625.nc4
2210.299,hit,false,0.000,124,135.665,228,GEOS_0.5x0.625/MERRA2/2019/07/MERRA2.20190701.A3cld.05x0625.nc4
2210.331,hit,false,0.000,124,135.696,228,GEOS_0.5x0.625/MERRA2/2019/07/MERRA2.20190701.A3cld.05x0625.nc4
2210.355,hit,false,0.000,124,135.721,228,GEOS_0.5x0.625/MERRA2/2019/07/MERRA2.20190701.A3cld.05x0625.nc4
2210.391,hit,false,0.000,124,135.757,228,GEOS_0.5x0.625/MERRA2/2019/07/MERRA2.20190701.A3cld.05x0625.nc4
2210.413,hit,false,0.000,124,135.777,229,GEOS_0.5x0.625/MERRA2/2019/07/MERRA2.20190701.A3cld.05x0625.nc4
2210.454,hit,false,0.000,124,135.818,229,GEOS_0.5x0.625/MERRA2/2019/07/MERRA2.20190701.A3cld.05x0625.nc4
2210.478,hit,false,0.000,124,135.842,229,GEOS_0.5x0.625/MERRA2/2019/07/MERRA2.20190701.A3cld.05x0625.nc4
2210.509,hit,false,0.000,124,135.874,229,GEOS_0.5x0.625/MERRA2/2019/07/MERRA2.20190701.A3cld.05x0625.nc4
2210.532,hit,false,0.000,124,135.896,229,GEOS_0.5x0.625/MERRA2/2019/07/MERRA2.20190701.A3cld.05x0625.nc4
2210.567,hit,false,0.000,124,135.931,229,GEOS_0.5x0.625/MERRA2/2019/07/MERRA2.20190701.A3cld.05x0625.nc4
2210.589,hit,false,0.000,124,135.954,229,GEOS_0.5x0.625/MERRA2/2019/07/MERRA2.20190701.A3cld.05x0625.nc4
2210.621,hit,false,0.000,124,135.985,229,GEOS_0.5x0.625/MERRA2/2019/07/MERRA2.20190701.A3cld.05x0625.nc4
2210.647,hit,false,0.000,124,136.010,230,GEOS_0.5x0.625/MERRA2/2019/07/MERRA2.20190701.A3cld.05x0625.nc4
2210.671,hit,false,0.000,124,136.034,230,GEOS_0.5x0.625/MERRA2/2019/07/MERRA2.20190701.A3cld.05x0625.nc4
2210.706,hit,false,0.000,124,136.069,230,GEOS_0.5x0.625/MERRA2/2019/07/MERRA2.20190701.A3cld.05x0625.nc4
2210.728,hit,false,0.000,124,136.091,230,GEOS_0.5x0.625/MERRA2/2019/07/MERRA2.20190701.A3cld.05x0625.nc4
2210.759,hit,false,0.000,124,136.122,230,GEOS_0.5x0.625/MERRA2/2019/07/MERRA2.20190701.A3cld.05x0625.nc4
2210.784,hit,false,0.000,124,136.147,230,GEOS_0.5x0.625/MERRA2/2019/07/MERRA2.20190701.A3cld.05x0625.nc4
2210.816,hit,false,0.000,124,136.179,230,GEOS_0.5x0.625/MERRA2/2019/07/MERRA2.20190701.A3cld.05x0625.nc4
2210.847,hit,false,0.000,124,136.210,230,GEOS_0.5x0.625/MERRA2/2019/07/MERRA2.20190701.A3cld.05x0625.nc4
2210.873,hit,false,0.000,124,136.234,231,GEOS_0.5x0.625/MERRA2/2019/07/MERRA2.20190701.A3cld.05x0625.nc4
2210.898,hit,false,0.000,124,136.259,231,GEOS_0.5x0.625/MERRA2/2019/07/MERRA2.20190701.A3cld.05x0625.nc4
2210.931,hit,false,0.000,124,136.292,231,GEOS_0.5x0.625/MERRA2/2019/07/MERRA2.20190701.A3cld.05x0625.nc4
2210.968,hit,false,0.000,124,136.329,231,GEOS_0.5x0.625/MERRA2/2019/07/MERRA2.20190701.A3cld.05x0625.nc4
2211.002,hit,false,0.000,124,136.363,231,GEOS_0.5x0.625/MERRA2/2019/07/MERRA2.20190701.A3cld.05x0625.nc4
2211.031,hit,false,0.000,124,136.392,231,GEOS_0.5x0.625/MERRA2/2019/07/MERRA2.20190701.A3cld.05x0625.nc4
2211.076,hit,false,0.000,124,136.437,231,GEOS_0.5x0.625/MERRA2/2019/07/MERRA2.20190701.A3cld.05x0625.nc4
2211.097,hit,false,0.000,124,136.458,231,GEOS_0.5x0.625/MERRA2/2019/07/MERRA2.20190701.A3cld.05x0625.nc4
2211.145,hit,false,0.000,124,136.589,232,GEOS_0.5x0.625/MERRA2/2019/07/MERRA2.20190701.A3cld.05x0625.nc4
2211.169,hit,false,0.000,124,136.613,232,GEOS_0.5x0.625/MERRA2/2019/07/MERRA2.20190701.A3cld.05x0625.nc4
2211.224,hit,false,0.000,124,136.668,232,GEOS_0.5x0.625/MERRA2/2019/07/MERRA2.20190701.A3cld.05x0625.nc4
2211.246,hit,false,0.000,124,136.690,232,GEOS_0.5x0.625/MERRA2/2019/07/MERRA2.20190701.A3cld.05x0625.nc4
2211.287,hit,false,0.000,124,136.731,232,GEOS_0.5x0.625/MERRA2/2019/07/MERRA2.20190701.A3cld.05x0625.nc4
2211.314,hit,false,0.000,124,136.758,232,GEOS_0.5x0.625/MERRA2/2019/07/MERRA2.20190701.A3cld.05x0625.nc4
2211.349,hit,false,0.000,124,136.793,232,GEOS_0.5x0.625/MERRA2/2019/07/MERRA2.20190701.A3cld.05x0625.nc4
2211.458,hit,false,0.000,124,136.901,232,GEOS_0.5x0.625/MERRA2/2019/07/MERRA2.20190701.A3cld.05x0625.nc4
2211.481,hit,false,0.000,124,136.921,233,GEOS_0.5x0.625/MERRA2/2019/07/MERRA2.20190701.A3cld.05x0625.nc4
2211.516,hit,false,0.000,124,136.956,233,GEOS_0.5x0.625/MERRA2/2019/07/MERRA2.20190701.A3cld.05x0625.nc4
2211.545,hit,false,0.000,123,136.985,233,GEOS_0.5x0.625/MERRA2/2019/07/MERRA2.20190701.A3cld.05x0625.nc4
2211.573,hit,false,0.000,123,137.013,233,GEOS_0.5x0.625/MERRA2/2019/07/MERRA2.20190701.A3cld.05x0625.nc4
2211.606,hit,false,0.000,123,137.046,233,GEOS_0.5x0.625/MERRA2/2019/07/MERRA2.20190701.A3cld.05x0625.nc4
2211.631,hit,false,0.000,123,137.071,233,GEOS_0.5x0.625/MERRA2/2019/07/MERRA2.20190701.A3cld.05x0625.nc4
2211.662,hit,false,0.000,123,137.102,233,GEOS_0.5x0.625/MERRA2/2019/07/MERRA2.20190701.A3cld.05x0625.nc4
2211.699,hit,false,0.000,123,137.139,233,GEOS_0.5x0.625/MERRA2/2019/07/MERRA2.20190701.A3cld.05x0625.nc4
2211.731,hit,false,0.000,123,137.168,234,GEOS_0.5x0.625/MERRA2/2019/07/MERRA2.20190701.A3cld.05x0625.nc4
2211.760,hit,false,0.000,123,137.198,234,GEOS_0.5x0.625/MERRA2/2019/07/MERRA2.20190701.A3cld.05x0625.nc4
2211.803,hit,false,0.000,123,137.240,234,GEOS_0.5x0.625/MERRA2/2019/07/MERRA2.20190701.A3cld.05x0625.nc4
2211.824,hit,false,0.000,122,137.262,234,GEOS_0.5x0.625/MERRA2/2019/07/MERRA2.20190701.A3cld.05x0625.nc4
2211.874,hit,false,0.000,122,137.312,234,GEOS_0.5x0.625/MERRA2/2019/07/MERRA2.20190701.A3cld.05x0625.nc4
2211.901,hit,false,0.000,122,137.338,234,GEOS_0.5x0.625/MERRA2/2019/07/MERRA2.20190701.A3cld.05x0625.nc4
2211.971,hit,false,0.000,122,137.408,234,GEOS_0.5x0.625/MERRA2/2019/07/MERRA2.20190701.A3cld.05x0625.nc4
2212.008,hit,false,0.000,122,137.446,234,GEOS_0.5x0.625/MERRA2/2019/07/MERRA2.20190701.A3cld.05x0625.nc4
2212.089,hit,false,0.000,122,137.524,235,GEOS_0.5x0.625/MERRA2/2019/07/MERRA2.20190701.A3cld.05x0625.nc4
2212.119,hit,false,0.000,122,137.555,235,GEOS_0.5x0.625/MERRA2/2019/07/MERRA2.20190701.A3cld.05x0625.nc4
2212.152,hit,false,0.000,122,137.588,235,GEOS_0.5x0.625/MERRA2/2019/07/MERRA2.20190701.A3cld.05x0625.nc4
2212.182,hit,false,0.000,122,137.618,235,GEOS_0.5x0.625/MERRA2/2019/07/MERRA2.20190701.A3cld.05x0625.nc4
2212.215,hit,false,0.000,122,137.651,235,GEOS_0.5x0.625/MERRA2/2019/07/MERRA2.20190701.A3cld.05x0625.nc4
2212.249,hit,false,0.000,122,137.684,235,GEOS_0.5x0.625/MERRA2/2019/07/MERRA2.20190701.A3cld.05x0625.nc4
2212.273,hit,false,0.000,122,137.708,235,GEOS_0.5x0.625/MERRA2/2019/07/MERRA2.20190701.A3cld.05x0625.nc4
2212.306,hit,false,0.000,122,137.741,235,GEOS_0.5x0.625/MERRA2/2019/07/MERRA2.20190701.A3cld.05x0625.nc4
2212.336,hit,false,0.000,122,137.769,236,GEOS_0.5x0.625/MERRA2/2019/07/MERRA2.20190701.A3cld.05x0625.nc4
2212.371,hit,false,0.000,122,137.804,236,GEOS_0.5x0.625/MERRA2/2019/07/MERRA2.20190701.A3cld.05x0625.nc4
2212.412,hit,false,0.000,122,137.845,236,GEOS_0.5x0.625/MERRA2/2019/07/MERRA2.20190701.A3cld.05x0625.nc4
2212.439,hit,false,0.000,121,137.872,236,GEOS_0.5x0.625/MERRA2/2019/07/MERRA2.20190701.A3cld.05x0625.nc4
2212.473,hit,false,0.000,121,137.906,236,GEOS_0.5x0.625/MERRA2/2019/07/MERRA2.20190701.A3cld.05x0625.nc4
2212.496,hit,false,0.000,121,137.929,236,GEOS_0.5x0.625/MERRA2/2019/07/MERRA2.20190701.A3cld.05x0625.nc4
2212.533,hit,false,0.000,121,137.966,236,GEOS_0.5x0.625/MERRA2/2019/07/MERRA2.20190701.A3cld.05x0625.nc4
2212.561,hit,false,0.000,121,137.993,236,GEOS_0.5x0.625/MERRA2/2019/07/MERRA2.20190701.A3cld.05x0625.nc4
2212.595,hit,false,0.000,121,138.026,237,GEOS_0.5x0.625/MERRA2/2019/07/MERRA2.20190701.A3cld.05x0625.nc4
2212.621,hit,false,0.000,121,138.052,237,GEOS_0.5x0.625/MERRA2/2019/07/MERRA2.20190701.A3cld.05x0625.nc4
2212.657,hit,false,0.000,121,138.088,237,GEOS_0.5x0.625/MERRA2/2019/07/MERRA2.20190701.A3cld.05x0625.nc4
2212.684,hit,false,0.000,121,138.115,237,GEOS_0.5x0.625/MERRA2/2019/07/MERRA2.20190701.A3cld.05x0625.nc4
2212.716,hit,false,0.000,121,138.147,237,GEOS_0.5x0.625/MERRA2/2019/07/MERRA2.20190701.A3cld.05x0625.nc4
2212.745,hit,false,0.000,121,138.176,237,GEOS_0.5x0.625/MERRA2/2019/07/MERRA2.20190701.A3cld.05x0625.nc4
2212.802,hit,false,0.000,121,138.233,237,GEOS_0.5x0.625/MERRA2/2019/07/MERRA2.20190701.A3cld.05x0625.nc4
2212.824,hit,false,0.000,121,138.255,237,GEOS_0.5x0.625/MERRA2/2019/07/MERRA2.20190701.A3cld.05x0625.nc4
2212.864,hit,false,0.000,121,138.292,238,GEOS_0.5x0.625/MERRA2/2019/07/MERRA2.20190701.A3cld.05x0625.nc4
2212.892,hit,false,0.000,121,138.320,238,GEOS_0.5x0.625/MERRA2/2019/07/MERRA2.20190701.A3cld.05x0625.nc4
2212.926,hit,false,0.000,121,138.354,238,GEOS_0.5x0.625/MERRA2/2019/07/MERRA2.20190701.A3cld.05x0625.nc4
2212.961,hit,false,0.000,120,138.390,238,GEOS_0.5x0.625/MERRA2/2019/07/MERRA2.20190701.A3cld.05x0625.nc4
2212.989,hit,false,0.000,120,138.418,238,GEOS_0.5x0.625/MERRA2/2019/07/MERRA2.20190701.A3cld.05x0625.nc4
2213.022,hit,false,0.000,120,138.451,238,GEOS_0.5x0.625/MERRA2/2019/07/MERRA2.20190701.A3cld.05x0625.nc4
2213.049,hit,false,0.000,120,138.477,238,GEOS_0.5x0.625/MERRA2/2019/07/MERRA2.20190701.A3cld.05x0625.nc4
2213.148,hit,false,0.000,120,138.576,238,GEOS_0.5x0.625/MERRA2/2019/07/MERRA2.20190701.A3cld.05x0625.nc4
2213.172,hit,false,0.000,120,138.598,239,GEOS_0.5x0.625/MERRA2/2019/07/MERRA2.20190701.A3cld.05x0625.nc4
2213.208,hit,false,0.000,120,138.635,239,GEOS_0.5x0.625/MERRA2/2019/07/MERRA2.20190701.A3cld.05x0625.nc4
2213.235,hit,false,0.000,120,138.661,239,GEOS_0.5x0.625/MERRA2/2019/07/MERRA2.20190701.A3cld.05x0625.nc4
2213.268,hit,false,0.000,120,138.694,239,GEOS_0.5x0.625/MERRA2/2019/07/MERRA2.20190701.A3cld.05x0625.nc4
2213.291,hit,false,0.000,120,138.717,239,GEOS_0.5x0.625/MERRA2/2019/07/MERRA2.20190701.A3cld.05x0625.nc4
2213.348,hit,false,0.000,120,138.774,239,GEOS_0.5x0.625/MERRA2/2019/07/MERRA2.20190701.A3cld.05x0625.nc4
2213.372,hit,false,0.000,120,138.798,239,GEOS_0.5x0.625/MERRA2/2019/07/MERRA2.20190701.A3cld.05x0625.nc4
2213.410,hit,false,0.000,120,138.837,239,GEOS_0.5x0.625/MERRA2/2019/07/MERRA2.20190701.A3cld.05x0625.nc4
2213.435,hit,false,0.000,120,138.854,240,GEOS_0.5x0.625/MERRA2/2019/07/MERRA2.20190701.A3cld.05x0625.nc4
2213.468,hit,false,0.000,120,138.887,240,GEOS_0.5x0.625/MERRA2/2019/07/MERRA2.20190701.A3cld.05x0625.nc4
2213.512,hit,false,0.000,120,138.931,240,GEOS_0.5x0.625/MERRA2/2019/07/MERRA2.20190701.A3cld.05x0625.nc4
2213.535,hit,false,0.000,120,138.954,240,GEOS_0.5x0.625/MERRA2/2019/07/MERRA2.20190701.A3cld.05x0625.nc4
2213.568,hit,false,0.000,119,138.987,240,GEOS_0.5x0.625/MERRA2/2019/07/MERRA2.20190701.A3cld.05x0625.nc4
2213.596,hit,false,0.000,119,139.015,240,GEOS_0.5x0.625/MERRA2/2019/07/MERRA2.20190701.A3cld.05x0625.nc4
2213.627,hit,false,0.000,119,139.046,240,GEOS_0.5x0.625/MERRA2/2019/07/MERRA2.20190701.A3cld.05x0625.nc4
2213.652,hit,false,0.000,119,139.071,240,GEOS_0.5x0.625/MERRA2/2019/07/MERRA2.20190701.A3cld.05x0625.nc4
2213.683,hit,false,0.000,119,138.878,241,GEOS_0.5x0.625/MERRA2/2019/07/MERRA2.20190701.A3cld.05x0625.nc4
2213.709,hit,false,0.000,119,138.905,241,GEOS_0.5x0.625/MERRA2/2019/07/MERRA2.20190701.A3cld.05x0625.nc4
2213.741,hit,false,0.000,119,138.937,241,GEOS_0.5x0.625/MERRA2/2019/07/MERRA2.20190701.A3cld.05x0625.nc4
2213.769,hit,false,0.000,119,138.964,241,GEOS_0.5x0.625/MERRA2/2019/07/MERRA2.20190701.A3cld.05x0625.nc4
2213.797,hit,false,0.000,119,138.993,241,GEOS_0.5x0.625/MERRA2/2019/07/MERRA2.20190701.A3cld.05x0625.nc4
2213.827,hit,false,0.000,119,139.023,241,GEOS_0.5x0.625/MERRA2/2019/07/MERRA2.20190701.A3cld.05x0625.nc4
2213.859,hit,false,0.000,119,139.054,241,GEOS_0.5x0.625/MERRA2/2019/07/MERRA2.20190701.A3cld.05x0625.nc4
2213.886,hit,false,0.000,119,139.082,241,GEOS_0.5x0.625/MERRA2/2019/07/MERRA2.20190701.A3cld.05x0625.nc4
2213.929,hit,false,0.000,118,139.119,242,GEOS_0.5x0.625/MERRA2/2019/07/MERRA2.20190701.A3cld.05x0625.nc4
2213.961,hit,false,0.000,118,139.152,242,GEOS_0.5x0.625/MERRA2/2019/07/MERRA2.20190701.A3cld.05x0625.nc4
2213.992,hit,false,0.000,118,139.182,242,GEOS_0.5x0.625/MERRA2/2019/07/MERRA2.20190701.A3cld.05x0625.nc4
2214.038,hit,false,0.000,118,139.229,242,GEOS_0.5x0.625/MERRA2/2019/07/MERRA2.20190701.A3cld.05x0625.nc4
2214.058,hit,false,0.000,118,139.249,242,GEOS_0.5x0.625/MERRA2/2019/07/MERRA2.20190701.A3cld.05x0625.nc4
2214.109,hit,false,0.000,118,139.299,242,GEOS_0.5x0.625/MERRA2/2019/07/MERRA2.20190701.A3cld.05x0625.nc4
2214.133,hit,false,0.000,118,139.323,242,GEOS_0.5x0.625/MERRA2/2019/07/MERRA2.20190701.A3cld.05x0625.nc4
2214.164,hit,false,0.000,118,139.355,242,GEOS_0.5x0.625/MERRA2/2019/07/MERRA2.20190701.A3cld.05x0625.nc4
2214.189,hit,false,0.000,118,139.377,243,GEOS_0.5x0.625/MERRA2/2019/07/MERRA2.20190701.A3cld.05x0625.nc4
2214.225,hit,false,0.000,118,139.413,243,GEOS_0.5x0.625/MERRA2/2019/07/MERRA2.20190701.A3cld.05x0625.nc4
2214.249,hit,false,0.000,118,139.438,243,GEOS_0.5x0.625/MERRA2/2019/07/MERRA2.20190701.A3cld.05x0625.nc4
2214.282,hit,false,0.000,118,139.471,243,GEOS_0.5x0.625/MERRA2/2019/07/MERRA2.20190701.A3cld.05x0625.nc4
2214.309,hit,false,0.000,118,139.497,243,GEOS_0.5x0.625/MERRA2/2019/07/MERRA2.20190701.A3cld.05x0625.nc4
2214.338,hit,false,0.000,118,139.526,243,GEOS_0.5x0.625/MERRA2/2019/07/MERRA2.20190701.A3cld.05x0625.nc4
2214.369,hit,false,0.000,118,139.557,243,GEOS_0.5x0.625/MERRA2/2019/07/MERRA2.20190701.A3cld.05x0625.nc4
2214.398,hit,false,0.000,117,139.586,243,GEOS_0.5x0.625/MERRA2/2019/07/MERRA2.20190701.A3cld.05x0625.nc4
2214.430,hit,false,0.000,117,139.613,244,GEOS_0.5x0.625/MERRA2/2019/07/MERRA2.20190701.A3cld.05x0625.nc4
2214.455,hit,false,0.000,117,139.638,244,GEOS_0.5x0.625/MERRA2/2019/07/MERRA2.20190701.A3cld.05x0625.nc4
2214.489,hit,false,0.000,117,139.672,244,GEOS_0.5x0.625/MERRA2/2019/07/MERRA2.20190701.A3cld.05x0625.nc4
2214.516,hit,false,0.000,117,139.699,244,GEOS_0.5x0.625/MERRA2/2019/07/MERRA2.20190701.A3cld.05x0625.nc4
2214.550,hit,false,0.000,117,139.732,244,GEOS_0.5x0.625/MERRA2/2019/07/MERRA2.20190701.A3cld.05x0625.nc4
2214.575,hit,false,0.000,117,139.758,244,GEOS_0.5x0.625/MERRA2/2019/07/MERRA2.20190701.A3cld.05x0625.nc4
2214.610,hit,false,0.000,117,139.793,244,GEOS_0.5x0.625/MERRA2/2019/07/MERRA2.20190701.A3cld.05x0625.nc4
2214.636,hit,false,0.000,117,139.819,244,GEOS_0.5x0.625/MERRA2/2019/07/MERRA2.20190701.A3cld.05x0625.nc4
2214.676,hit,false,0.000,117,139.857,245,GEOS_0.5x0.625/MERRA2/2019/07/MERRA2.20190701.A3cld.05x0625.nc4
2214.701,hit,false,0.000,117,139.882,245,GEOS_0.5x0.625/MERRA2/2019/07/MERRA2.20190701.A3cld.05x0625.nc4
2214.743,hit,false,0.000,117,139.925,245,GEOS_0.5x0.625/MERRA2/2019/07/MERRA2.20190701.A3cld.05x0625.nc4
2214.761,hit,false,0.000,117,139.942,245,GEOS_0.5x0.625/MERRA2/2019/07/MERRA2.20190701.A3cld.05x0625.nc4
2214.819,hit,false,0.000,117,140.000,245,GEOS_0.5x0.625/MERRA2/2019/07/MERRA2.20190701.A3cld.05x0625.nc4
2214.841,hit,false,0.000,117,140.022,245,GEOS_0.5x0.625/MERRA2/2019/07/MERRA2.20190701.A3cld.05x0625.nc4
2214.881,hit,false,0.000,117,140.062,245,GEOS_0.5x0.625/MERRA2/2019/07/MERRA2.20190701.A3cld.05x0625.nc4
2214.905,hit,false,0.000,117,140.086,245,GEOS_0.5x0.625/MERRA2/2019/07/MERRA2.20190701.A3cld.05x0625.nc4
2214.938,hit,false,0.000,117,140.117,246,GEOS_0.5x0.625/MERRA2/2019/07/MERRA2.20190701.A3cld.05x0625.nc4
2214.968,hit,false,0.000,117,140.147,246,GEOS_0.5x0.625/MERRA2/2019/07/MERRA2.20190701.A3cld.05x0625.nc4
2214.993,hit,false,0.000,117,140.172,246,GEOS_0.5x0.625/MERRA2/2019/07/MERRA2.20190701.A3cld.05x0625.nc4
2215.023,hit,false,0.000,117,140.202,246,GEOS_0.5x0.625/MERRA2/2019/07/MERRA2.20190701.A3cld.05x0625.nc4
2215.051,hit,false,0.000,117,140.230,246,GEOS_0.5x0.625/MERRA2/2019/07/MERRA2.20190701.A3cld.05x0625.nc4
2215.092,hit,false,0.000,117,140.271,246,GEOS_0.5x0.625/MERRA2/2019/07/MERRA2.20190701.A3cld.05x0625.nc4
2215.191,hit,false,0.000,117,140.370,246,GEOS_0.5x0.625/MERRA2/2019/07/MERRA2.20190701.A3cld.05x0625.nc4
2215.213,hit,false,0.000,117,140.392,246,GEOS_0.5x0.625/MERRA2/2019/07/MERRA2.20190701.A3cld.05x0625.nc4
2215.252,hit,false,0.000,117,140.429,247,GEOS_0.5x0.625/MERRA2/2019/07/MERRA2.20190701.A3cld.05x0625.nc4
2215.277,hit,false,0.000,117,140.454,247,GEOS_0.5x0.625/MERRA2/2019/07/MERRA2.20190701.A3cld.05x0625.nc4
2215.311,hit,false,0.000,117,140.489,247,GEOS_0.5x0.625/MERRA2/2019/07/MERRA2.20190701.A3cld.05x0625.nc4
2215.342,hit,false,0.000,117,140.519,247,GEOS_0.5x0.625/MERRA2/2019/07/MERRA2.20190701.A3cld.05x0625.nc4
2215.371,hit,false,0.000,117,140.548,247,GEOS_0.5x0.625/MERRA2/2019/07/MERRA2.20190701.A3cld.05x0625.nc4
2215.400,hit,false,0.000,117,140.577,247,GEOS_0.5x0.625/MERRA2/2019/07/MERRA2.20190701.A3cld.05x0625.nc4
2215.426,hit,false,0.000,117,140.603,247,GEOS_0.5x0.625/MERRA2/2019/07/MERRA2.20190701.A3cld.05x0625.nc4
2215.455,hit,false,0.000,117,140.632,247,GEOS_0.5x0.625/MERRA2/2019/07/MERRA2.20190701.A3cld.05x0625.nc4
2215.486,hit,false,0.000,117,52.708,248,GEOS_0.5x0.625/MERRA2/2019/07/MERRA2.20190701.A3cld.05x0625.nc4
2215.517,hit,false,0.000,117,52.739,248,GEOS_0.5x0.625/MERRA2/2019/07/MERRA2.20190701.A3cld.05x0625.nc4
2215.558,hit,false,0.000,116,52.779,248,GEOS_0.5x0.625/MERRA2/2019/07/MERRA2.20190701.A3cld.05x0625.nc4
2215.582,hit,false,0.000,116,52.804,248,GEOS_0.5x0.625/MERRA2/2019/07/MERRA2.20190701.A3cld.05x0625.nc4
2215.612,hit,false,0.000,116,52.834,248,GEOS_0.5x0.625/MERRA2/2019/07/MERRA2.20190701.A3cld.05x0625.nc4
2215.659,hit,false,0.000,116,52.881,248,GEOS_0.5x0.625/MERRA2/2019/07/MERRA2.20190701.A3cld.05x0625.nc4
2215.681,hit,false,0.000,116,52.903,248,GEOS_0.5x0.625/MERRA2/2019/07/MERRA2.20190701.A3cld.05x0625.nc4
2215.714,hit,false,0.000,116,52.936,248,GEOS_0.5x0.625/MERRA2/2019/07/MERRA2.20190701.A3cld.05x0625.nc4
2215.756,hit,false,0.000,116,52.974,249,GEOS_0.5x0.625/MERRA2/2019/07/MERRA2.20190701.A3cld.05x0625.nc4
2215.774,hit,false,0.000,116,52.992,249,GEOS_0.5x0.625/MERRA2/2019/07/MERRA2.20190701.A3cld.05x0625.nc4
2215.819,hit,false,0.000,116,53.037,249,GEOS_0.5x0.625/MERRA2/2019/07/MERRA2.20190701.A3cld.05x0625.nc4
2215.847,hit,false,0.000,116,53.065,249,GEOS_0.5x0.625/MERRA2/2019/07/MERRA2.20190701.A3cld.05x0625.nc4
2215.877,hit,false,0.000,116,53.095,249,GEOS_0.5x0.625/MERRA2/2019/07/MERRA2.20190701.A3cld.05x0625.nc4
2215.908,hit,false,0.000,116,53.125,249,GEOS_0.5x0.625/MERRA2/2019/07/MERRA2.20190701.A3cld.05x0625.nc4
2215.940,hit,false,0.000,116,53.157,249,GEOS_0.5x0.625/MERRA2/2019/07/MERRA2.20190701.A3cld.05x0625.nc4
2215.964,hit,false,0.000,116,53.182,249,GEOS_0.5x0.625/MERRA2/2019/07/MERRA2.20190701.A3cld.05x0625.nc4
2216.001,uncovered,false,6.871,97,53.215,250,GEOS_0.5x0.625/MERRA2/2019/07/MERRA2.20190701.A3cld.05x0625.nc4
2216.027,uncovered,false,6.799,97,53.241,250,GEOS_0.5x0.625/MERRA2/2019/07/MERRA2.20190701.A3cld.05x0625.nc4
2222.959,hit,false,0.000,97,60.173,250,GEOS_0.5x0.625/MERRA2/2019/07/MERRA2.20190701.A3cld.05x0625.nc4
2222.982,hit,false,0.000,97,60.196,250,GEOS_0.5x0.625/MERRA2/2019/07/MERRA2.20190701.A3cld.05x0625.nc4
2223.042,hit,false,0.000,97,60.256,250,GEOS_0.5x0.625/MERRA2/2019/07/MERRA2.20190701.A3cld.05x0625.nc4
2223.062,hit,false,0.000,97,60.276,250,GEOS_0.5x0.625/MERRA2/2019/07/MERRA2.20190701.A3cld.05x0625.nc4
2223.126,hit,false,0.000,97,60.340,250,GEOS_0.5x0.625/MERRA2/2019/07/MERRA2.20190701.A3cld.05x0625.nc4
2223.151,hit,false,0.000,97,60.365,250,GEOS_0.5x0.625/MERRA2/2019/07/MERRA2.20190701.A3cld.05x0625.nc4
2223.193,uncovered,false,8.767,87,60.405,251,GEOS_0.5x0.625/MERRA2/2019/07/MERRA2.20190701.A3cld.05x0625.nc4
2223.226,uncovered,false,8.634,87,60.438,251,GEOS_0.5x0.625/MERRA2/2019/07/MERRA2.20190701.A3cld.05x0625.nc4
2232.212,hit,false,0.000,87,69.424,251,GEOS_0.5x0.625/MERRA2/2019/07/MERRA2.20190701.A3cld.05x0625.nc4
2232.242,hit,false,0.000,86,69.454,251,GEOS_0.5x0.625/MERRA2/2019/07/MERRA2.20190701.A3cld.05x0625.nc4
2232.285,hit,false,0.000,85,69.497,251,GEOS_0.5x0.625/MERRA2/2019/07/MERRA2.20190701.A3cld.05x0625.nc4
2232.314,hit,false,0.000,85,69.526,251,GEOS_0.5x0.625/MERRA2/2019/07/MERRA2.20190701.A3cld.05x0625.nc4
2232.377,hit,false,0.000,85,69.589,251,GEOS_0.5x0.625/MERRA2/2019/07/MERRA2.20190701.A3cld.05x0625.nc4
2232.439,hit,false,0.000,85,69.651,251,GEOS_0.5x0.625/MERRA2/2019/07/MERRA2.20190701.A3cld.05x0625.nc4
2232.492,uncovered,false,7.692,73,69.702,252,GEOS_0.5x0.625/MERRA2/2019/07/MERRA2.20190701.A3cld.05x0625.nc4
2232.532,uncovered,false,7.607,73,69.742,252,GEOS_0.5x0.625/MERRA2/2019/07/MERRA2.20190701.A3cld.05x0625.nc4
2240.268,hit,false,0.000,73,77.478,252,GEOS_0.5x0.625/MERRA2/2019/07/MERRA2.20190701.A3cld.05x0625.nc4
2240.289,hit,false,0.000,73,77.499,252,GEOS_0.5x0.625/MERRA2/2019/07/MERRA2.20190701.A3cld.05x0625.nc4
2240.349,hit,false,0.000,73,77.560,252,GEOS_0.5x0.625/MERRA2/2019/07/MERRA2.20190701.A3cld.05x0625.nc4
2240.372,hit,false,0.000,73,77.582,252,GEOS_0.5x0.625/MERRA2/2019/07/MERRA2.20190701.A3cld.05x0625.nc4
2240.431,hit,false,0.000,72,77.641,252,GEOS_0.5x0.625/MERRA2/2019/07/MERRA2.20190701.A3cld.05x0625.nc4
2240.450,hit,false,0.000,72,77.660,252,GEOS_0.5x0.625/MERRA2/2019/07/MERRA2.20190701.A3cld.05x0625.nc4
2240.492,uncovered,false,7.912,56,77.700,253,GEOS_0.5x0.625/MERRA2/2019/07/MERRA2.20190701.A3cld.05x0625.nc4
2240.587,uncovered,false,7.819,56,77.794,253,GEOS_0.5x0.625/MERRA2/2019/07/MERRA2.20190701.A3cld.05x0625.nc4
2248.514,hit,false,0.000,56,85.722,253,GEOS_0.5x0.625/MERRA2/2019/07/MERRA2.20190701.A3cld.05x0625.nc4
2248.544,hit,false,0.000,56,85.752,253,GEOS_0.5x0.625/MERRA2/2019/07/MERRA2.20190701.A3cld.05x0625.nc4
2248.584,hit,false,0.000,56,85.792,253,GEOS_0.5x0.625/MERRA2/2019/07/MERRA2.20190701.A3cld.05x0625.nc4
2248.629,hit,false,0.000,56,85.837,253,GEOS_0.5x0.625/MERRA2/2019/07/MERRA2.20190701.A3cld.05x0625.nc4
2248.654,hit,false,0.000,56,85.862,253,GEOS_0.5x0.625/MERRA2/2019/07/MERRA2.20190701.A3cld.05x0625.nc4
2248.694,hit,false,0.000,56,85.901,253,GEOS_0.5x0.625/MERRA2/2019/07/MERRA2.20190701.A3cld.05x0625.nc4
2248.719,uncovered,false,5.743,44,85.925,254,GEOS_0.5x0.625/MERRA2/2019/07/MERRA2.20190701.A3cld.05x0625.nc4
2248.757,uncovered,false,5.640,44,85.962,254,GEOS_0.5x0.625/MERRA2/2019/07/MERRA2.20190701.A3cld.05x0625.nc4
2254.539,hit,false,0.000,44,91.745,254,GEOS_0.5x0.625/MERRA2/2019/07/MERRA2.20190701.A3cld.05x0625.nc4
2254.569,hit,false,0.000,44,91.774,254,GEOS_0.5x0.625/MERRA2/2019/07/MERRA2.20190701.A3cld.05x0625.nc4
2254.602,hit,false,0.000,44,91.807,254,GEOS_0.5x0.625/MERRA2/2019/07/MERRA2.20190701.A3cld.05x0625.nc4
2254.680,hit,false,0.000,42,91.885,254,GEOS_0.5x0.625/MERRA2/2019/07/MERRA2.20190701.A3cld.05x0625.nc4
2254.705,hit,false,0.000,42,91.910,254,GEOS_0.5x0.625/MERRA2/2019/07/MERRA2.20190701.A3cld.05x0625.nc4
2254.753,hit,false,0.000,42,91.959,254,GEOS_0.5x0.625/MERRA2/2019/07/MERRA2.20190701.A3cld.05x0625.nc4
2254.775,uncovered,false,4.207,36,91.979,255,GEOS_0.5x0.625/MERRA2/2019/07/MERRA2.20190701.A3cld.05x0625.nc4
2254.823,uncovered,false,4.162,36,92.027,255,GEOS_0.5x0.625/MERRA2/2019/07/MERRA2.20190701.A3cld.05x0625.nc4
2259.061,hit,false,0.000,36,96.264,255,GEOS_0.5x0.625/MERRA2/2019/07/MERRA2.20190701.A3cld.05x0625.nc4
2259.108,hit,false,0.000,35,96.312,255,GEOS_0.5x0.625/MERRA2/2019/07/MERRA2.20190701.A3cld.05x0625.nc4
2259.134,hit,false,0.000,35,96.338,255,GEOS_0.5x0.625/MERRA2/2019/07/MERRA2.20190701.A3cld.05x0625.nc4
2259.175,hit,false,0.000,35,96.379,255,GEOS_0.5x0.625/MERRA2/2019/07/MERRA2.20190701.A3cld.05x0625.nc4
2259.202,hit,false,0.000,35,96.406,255,GEOS_0.5x0.625/MERRA2/2019/07/MERRA2.20190701.A3cld.05x0625.nc4
2259.232,hit,false,0.000,35,96.435,255,GEOS_0.5x0.625/MERRA2/2019/07/MERRA2.20190701.A3cld.05x0625.nc4
2259.274,hit,false,0.000,35,96.506,256,GEOS_0.5x0.625/MERRA2/2019/07/MERRA2.20190701.A3cld.05x0625.nc4
2259.297,hit,false,0.000,35,96.529,256,GEOS_0.5x0.625/MERRA2/2019/07/MERRA2.20190701.A3cld.05x0625.nc4
2259.354,hit,false,0.000,35,96.586,256,GEOS_0.5x0.625/MERRA2/2019/07/MERRA2.20190701.A3cld.05x0625.nc4
2259.377,hit,false,0.000,35,96.609,256,GEOS_0.5x0.625/MERRA2/2019/07/MERRA2.20190701.A3cld.05x0625.nc4
2259.414,hit,false,0.000,34,96.646,256,GEOS_0.5x0.625/MERRA2/2019/07/MERRA2.20190701.A3cld.05x0625.nc4
2259.437,hit,false,0.000,34,96.669,256,GEOS_0.5x0.625/MERRA2/2019/07/MERRA2.20190701.A3cld.05x0625.nc4
2259.475,hit,false,0.000,34,96.707,256,GEOS_0.5x0.625/MERRA2/2019/07/MERRA2.20190701.A3cld.05x0625.nc4
2259.495,hit,false,0.000,34,96.728,256,GEOS_0.5x0.625/MERRA2/2019/07/MERRA2.20190701.A3cld.05x0625.nc4
2259.538,hit,false,0.000,34,96.767,257,GEOS_0.5x0.625/MERRA2/2019/07/MERRA2.20190701.A3cld.05x0625.nc4
2259.635,hit,false,0.000,34,96.864,257,GEOS_0.5x0.625/MERRA2/2019/07/MERRA2.20190701.A3cld.05x0625.nc4
2259.657,hit,false,0.000,33,96.886,257,GEOS_0.5x0.625/MERRA2/2019/07/MERRA2.20190701.A3cld.05x0625.nc4
2259.699,hit,false,0.000,33,96.927,257,GEOS_0.5x0.625/MERRA2/2019/07/MERRA2.20190701.A3cld.05x0625.nc4
2259.718,hit,false,0.000,33,96.947,257,GEOS_0.5x0.625/MERRA2/2019/07/MERRA2.20190701.A3cld.05x0625.nc4
2259.761,hit,false,0.000,33,96.990,257,GEOS_0.5x0.625/MERRA2/2019/07/MERRA2.20190701.A3cld.05x0625.nc4
2259.784,hit,false,0.000,33,97.013,257,GEOS_0.5x0.625/MERRA2/2019/07/MERRA2.20190701.A3cld.05x0625.nc4
2259.836,hit,false,0.000,32,97.064,257,GEOS_0.5x0.625/MERRA2/2019/07/MERRA2.20190701.A3cld.05x0625.nc4
2259.859,hit,false,0.000,32,97.086,258,GEOS_0.5x0.625/MERRA2/2019/07/MERRA2.20190701.A3cld.05x0625.nc4
2259.901,hit,false,0.000,31,97.127,258,GEOS_0.5x0.625/MERRA2/2019/07/MERRA2.20190701.A3cld.05x0625.nc4
2259.935,hit,false,0.000,31,97.161,258,GEOS_0.5x0.625/MERRA2/2019/07/MERRA2.20190701.A3cld.05x0625.nc4
2259.959,hit,false,0.000,31,97.185,258,GEOS_0.5x0.625/MERRA2/2019/07/MERRA2.20190701.A3cld.05x0625.nc4
2259.993,hit,false,0.000,31,97.219,258,GEOS_0.5x0.625/MERRA2/2019/07/MERRA2.20190701.A3cld.05x0625.nc4
2260.020,hit,false,0.000,31,97.246,258,GEOS_0.5x0.625/MERRA2/2019/07/MERRA2.20190701.A3cld.05x0625.nc4
2260.050,hit,false,0.000,30,97.277,258,GEOS_0.5x0.625/MERRA2/2019/07/MERRA2.20190701.A3cld.05x0625.nc4
2260.094,hit,false,0.000,30,97.320,258,GEOS_0.5x0.625/MERRA2/2019/07/MERRA2.20190701.A3cld.05x0625.nc4
2260.118,hit,false,0.000,30,97.341,259,GEOS_0.5x0.625/MERRA2/2019/07/MERRA2.20190701.A3cld.05x0625.nc4
2260.153,hit,false,0.000,30,97.376,259,GEOS_0.5x0.625/MERRA2/2019/07/MERRA2.20190701.A3cld.05x0625.nc4
2260.179,hit,false,0.000,30,97.401,259,GEOS_0.5x0.625/MERRA2/2019/07/MERRA2.20190701.A3cld.05x0625.nc4
2260.211,hit,false,0.000,30,97.433,259,GEOS_0.5x0.625/MERRA2/2019/07/MERRA2.20190701.A3cld.05x0625.nc4
2260.241,hit,false,0.000,30,97.464,259,GEOS_0.5x0.625/MERRA2/2019/07/MERRA2.20190701.A3cld.05x0625.nc4
2260.273,hit,false,0.000,30,97.496,259,GEOS_0.5x0.625/MERRA2/2019/07/MERRA2.20190701.A3cld.05x0625.nc4
2260.305,hit,false,0.000,30,97.528,259,GEOS_0.5x0.625/MERRA2/2019/07/MERRA2.20190701.A3cld.05x0625.nc4
2260.329,hit,false,0.000,30,97.552,259,GEOS_0.5x0.625/MERRA2/2019/07/MERRA2.20190701.A3cld.05x0625.nc4
2260.363,hit,false,0.000,30,97.584,260,GEOS_0.5x0.625/MERRA2/2019/07/MERRA2.20190701.A3cld.05x0625.nc4
2260.401,hit,false,0.000,30,97.621,260,GEOS_0.5x0.625/MERRA2/2019/07/MERRA2.20190701.A3cld.05x0625.nc4
2260.425,hit,false,0.000,30,97.645,260,GEOS_0.5x0.625/MERRA2/2019/07/MERRA2.20190701.A3cld.05x0625.nc4
2260.457,hit,false,0.000,30,97.677,260,GEOS_0.5x0.625/MERRA2/2019/07/MERRA2.20190701.A3cld.05x0625.nc4
2260.481,hit,false,0.000,30,97.701,260,GEOS_0.5x0.625/MERRA2/2019/07/MERRA2.20190701.A3cld.05x0625.nc4
2260.514,hit,false,0.000,30,97.734,260,GEOS_0.5x0.625/MERRA2/2019/07/MERRA2.20190701.A3cld.05x0625.nc4
2260.555,hit,false,0.000,30,97.775,260,GEOS_0.5x0.625/MERRA2/2019/07/MERRA2.20190701.A3cld.05x0625.nc4
2260.576,hit,false,0.000,30,97.796,260,GEOS_0.5x0.625/MERRA2/2019/07/MERRA2.20190701.A3cld.05x0625.nc4
2260.609,uncovered,false,1.062,29,97.827,261,GEOS_0.5x0.625/MERRA2/2019/07/MERRA2.20190701.A3cld.05x0625.nc4
2260.638,uncovered,false,1.023,29,97.855,261,GEOS_0.5x0.625/MERRA2/2019/07/MERRA2.20190701.A3cld.05x0625.nc4
2261.740,hit,false,0.000,29,98.957,261,GEOS_0.5x0.625/MERRA2/2019/07/MERRA2.20190701.A3cld.05x0625.nc4
2261.762,hit,false,0.000,29,98.979,261,GEOS_0.5x0.625/MERRA2/2019/07/MERRA2.20190701.A3cld.05x0625.nc4
2261.798,hit,false,0.000,29,99.015,261,GEOS_0.5x0.625/MERRA2/2019/07/MERRA2.20190701.A3cld.05x0625.nc4
2261.826,hit,false,0.000,29,99.043,261,GEOS_0.5x0.625/MERRA2/2019/07/MERRA2.20190701.A3cld.05x0625.nc4
2261.857,hit,false,0.000,29,99.074,261,GEOS_0.5x0.625/MERRA2/2019/07/MERRA2.20190701.A3cld.05x0625.nc4
2261.889,hit,false,0.000,29,99.106,261,GEOS_0.5x0.625/MERRA2/2019/07/MERRA2.20190701.A3cld.05x0625.nc4
2261.914,uncovered,false,3.515,20,99.127,262,GEOS_0.5x0.625/MERRA2/2019/07/MERRA2.20190701.A3cld.05x0625.nc4
2261.948,uncovered,false,3.455,20,99.162,262,GEOS_0.5x0.625/MERRA2/2019/07/MERRA2.20190701.A3cld.05x0625.nc4
2265.502,hit,false,0.000,20,102.716,262,GEOS_0.5x0.625/MERRA2/2019/07/MERRA2.20190701.A3cld.05x0625.nc4
2265.524,hit,false,0.000,20,102.737,262,GEOS_0.5x0.625/MERRA2/2019/07/MERRA2.20190701.A3cld.05x0625.nc4
2265.563,hit,false,0.000,20,102.777,262,GEOS_0.5x0.625/MERRA2/2019/07/MERRA2.20190701.A3cld.05x0625.nc4
2265.595,hit,false,0.000,20,102.809,262,GEOS_0.5x0.625/MERRA2/2019/07/MERRA2.20190701.A3cld.05x0625.nc4
2265.625,hit,false,0.000,20,102.839,262,GEOS_0.5x0.625/MERRA2/2019/07/MERRA2.20190701.A3cld.05x0625.nc4
2265.669,hit,false,0.000,20,102.882,262,GEOS_0.5x0.625/MERRA2/2019/07/MERRA2.20190701.A3cld.05x0625.nc4
2265.692,uncovered,false,1.868,16,102.903,263,GEOS_0.5x0.625/MERRA2/2019/07/MERRA2.20190701.A3cld.05x0625.nc4
2265.727,uncovered,false,1.837,16,102.938,263,GEOS_0.5x0.625/MERRA2/2019/07/MERRA2.20190701.A3cld.05x0625.nc4
2267.633,hit,false,0.000,16,104.845,263,GEOS_0.5x0.625/MERRA2/2019/07/MERRA2.20190701.A3cld.05x0625.nc4
2267.659,hit,false,0.000,16,104.871,263,GEOS_0.5x0.625/MERRA2/2019/07/MERRA2.20190701.A3cld.05x0625.nc4
2267.698,hit,false,0.000,16,104.910,263,GEOS_0.5x0.625/MERRA2/2019/07/MERRA2.20190701.A3cld.05x0625.nc4
2267.723,hit,false,0.000,16,104.934,263,GEOS_0.5x0.625/MERRA2/2019/07/MERRA2.20190701.A3cld.05x0625.nc4
2267.754,hit,false,0.000,16,104.965,263,GEOS_0.5x0.625/MERRA2/2019/07/MERRA2.20190701.A3cld.05x0625.nc4
2267.781,hit,false,0.000,15,104.992,263,GEOS_0.5x0.625/MERRA2/2019/07/MERRA2.20190701.A3cld.05x0625.nc4
2267.808,hit,false,0.000,15,105.023,264,GEOS_0.5x0.625/MERRA2/2019/07/MERRA2.20190701.A3cld.05x0625.nc4
2267.843,hit,false,0.000,15,105.058,264,GEOS_0.5x0.625/MERRA2/2019/07/MERRA2.20190701.A3cld.05x0625.nc4
2267.888,hit,false,0.000,15,105.103,264,GEOS_0.5x0.625/MERRA2/2019/07/MERRA2.20190701.A3cld.05x0625.nc4
2267.908,hit,false,0.000,15,105.124,264,GEOS_0.5x0.625/MERRA2/2019/07/MERRA2.20190701.A3cld.05x0625.nc4
2267.950,hit,false,0.000,15,105.166,264,GEOS_0.5x0.625/MERRA2/2019/07/MERRA2.20190701.A3cld.05x0625.nc4
2267.972,hit,false,0.000,15,105.187,264,GEOS_0.5x0.625/MERRA2/2019/07/MERRA2.20190701.A3cld.05x0625.nc4
2268.011,hit,false,0.000,15,105.227,264,GEOS_0.5x0.625/MERRA2/2019/07/MERRA2.20190701.A3cld.05x0625.nc4
2268.034,hit,false,0.000,15,105.249,264,GEOS_0.5x0.625/MERRA2/2019/07/MERRA2.20190701.A3cld.05x0625.nc4
2268.138,hit,false,0.000,15,105.349,265,GEOS_0.5x0.625/MERRA2/2019/07/MERRA2.20190701.A3cld.05x0625.nc4
2268.164,hit,false,0.000,15,105.375,265,GEOS_0.5x0.625/MERRA2/2019/07/MERRA2.20190701.A3cld.05x0625.nc4
2268.198,hit,false,0.000,15,105.409,265,GEOS_0.5x0.625/MERRA2/2019/07/MERRA2.20190701.A3cld.05x0625.nc4
2268.230,hit,false,0.000,15,105.441,265,GEOS_0.5x0.625/MERRA2/2019/07/MERRA2.20190701.A3cld.05x0625.nc4
2268.253,hit,false,0.000,15,105.464,265,GEOS_0.5x0.625/MERRA2/2019/07/MERRA2.20190701.A3cld.05x0625.nc4
2268.287,hit,false,0.000,15,105.498,265,GEOS_0.5x0.625/MERRA2/2019/07/MERRA2.20190701.A3cld.05x0625.nc4
2268.314,hit,false,0.000,15,105.524,265,GEOS_0.5x0.625/MERRA2/2019/07/MERRA2.20190701.A3cld.05x0625.nc4
2268.354,hit,false,0.000,15,105.564,265,GEOS_0.5x0.625/MERRA2/2019/07/MERRA2.20190701.A3cld.05x0625.nc4
2268.376,hit,false,0.000,15,105.583,266,GEOS_0.5x0.625/MERRA2/2019/07/MERRA2.20190701.A3cld.05x0625.nc4
2268.415,hit,false,0.000,15,105.622,266,GEOS_0.5x0.625/MERRA2/2019/07/MERRA2.20190701.A3cld.05x0625.nc4
2268.439,hit,false,0.000,15,105.647,266,GEOS_0.5x0.625/MERRA2/2019/07/MERRA2.20190701.A3cld.05x0625.nc4
2268.478,hit,false,0.000,15,105.686,266,GEOS_0.5x0.625/MERRA2/2019/07/MERRA2.20190701.A3cld.05x0625.nc4
2268.500,hit,false,0.000,15,105.708,266,GEOS_0.5x0.625/MERRA2/2019/07/MERRA2.20190701.A3cld.05x0625.nc4
2268.541,hit,false,0.000,15,105.748,266,GEOS_0.5x0.625/MERRA2/2019/07/MERRA2.20190701.A3cld.05x0625.nc4
2268.569,hit,false,0.000,15,105.776,266,GEOS_0.5x0.625/MERRA2/2019/07/MERRA2.20190701.A3cld.05x0625.nc4
2268.598,hit,false,0.000,15,105.806,266,GEOS_0.5x0.625/MERRA2/2019/07/MERRA2.20190701.A3cld.05x0625.nc4
2268.650,hit,false,0.000,15,105.855,267,GEOS_0.5x0.625/MERRA2/2019/07/MERRA2.20190701.A3cld.05x0625.nc4
2268.662,hit,false,0.000,15,105.866,267,GEOS_0.5x0.625/MERRA2/2019/07/MERRA2.20190701.A3cld.05x0625.nc4
2268.727,hit,false,0.000,15,105.932,267,GEOS_0.5x0.625/MERRA2/2019/07/MERRA2.20190701.A3cld.05x0625.nc4
2268.751,hit,false,0.000,15,105.955,267,GEOS_0.5x0.625/MERRA2/2019/07/MERRA2.20190701.A3cld.05x0625.nc4
2268.786,hit,false,0.000,15,105.990,267,GEOS_0.5x0.625/MERRA2/2019/07/MERRA2.20190701.A3cld.05x0625.nc4
2268.809,hit,false,0.000,15,106.014,267,GEOS_0.5x0.625/MERRA2/2019/07/MERRA2.20190701.A3cld.05x0625.nc4
2268.847,hit,false,0.000,15,106.052,267,GEOS_0.5x0.625/MERRA2/2019/07/MERRA2.20190701.A3cld.05x0625.nc4
2268.868,hit,false,0.000,15,106.073,267,GEOS_0.5x0.625/MERRA2/2019/07/MERRA2.20190701.A3cld.05x0625.nc4
2268.921,hit,false,0.000,15,106.123,268,GEOS_0.5x0.625/MERRA2/2019/07/MERRA2.20190701.A3cld.05x0625.nc4
2268.945,hit,false,0.000,15,106.147,268,GEOS_0.5x0.625/MERRA2/2019/07/MERRA2.20190701.A3cld.05x0625.nc4
2268.982,hit,false,0.000,15,106.184,268,GEOS_0.5x0.625/MERRA2/2019/07/MERRA2.20190701.A3cld.05x0625.nc4
2269.006,hit,false,0.000,15,106.208,268,GEOS_0.5x0.625/MERRA2/2019/07/MERRA2.20190701.A3cld.05x0625.nc4
2269.039,hit,false,0.000,14,106.242,268,GEOS_0.5x0.625/MERRA2/2019/07/MERRA2.20190701.A3cld.05x0625.nc4
2269.066,hit,false,0.000,14,106.268,268,GEOS_0.5x0.625/MERRA2/2019/07/MERRA2.20190701.A3cld.05x0625.nc4
2269.099,hit,false,0.000,14,106.301,268,GEOS_0.5x0.625/MERRA2/2019/07/MERRA2.20190701.A3cld.05x0625.nc4
2269.128,hit,false,0.000,14,106.331,268,GEOS_0.5x0.625/MERRA2/2019/07/MERRA2.20190701.A3cld.05x0625.nc4
2269.153,hit,false,0.000,13,106.353,269,GEOS_0.5x0.625/MERRA2/2019/07/MERRA2.20190701.A3cld.05x0625.nc4
2269.188,hit,false,0.000,13,106.389,269,GEOS_0.5x0.625/MERRA2/2019/07/MERRA2.20190701.A3cld.05x0625.nc4
2269.214,hit,false,0.000,13,106.415,269,GEOS_0.5x0.625/MERRA2/2019/07/MERRA2.20190701.A3cld.05x0625.nc4
2269.246,hit,false,0.000,13,106.446,269,GEOS_0.5x0.625/MERRA2/2019/07/MERRA2.20190701.A3cld.05x0625.nc4
2269.270,hit,false,0.000,12,106.470,269,GEOS_0.5x0.625/MERRA2/2019/07/MERRA2.20190701.A3cld.05x0625.nc4
2269.302,hit,false,0.000,12,106.503,269,GEOS_0.5x0.625/MERRA2/2019/07/MERRA2.20190701.A3cld.05x0625.nc4
2269.331,hit,false,0.000,12,106.532,269,GEOS_0.5x0.625/MERRA2/2019/07/MERRA2.20190701.A3cld.05x0625.nc4
2269.369,hit,false,0.000,12,106.569,269,GEOS_0.5x0.625/MERRA2/2019/07/MERRA2.20190701.A3cld.05x0625.nc4
2269.399,hit,false,0.000,12,106.597,270,GEOS_0.5x0.625/MERRA2/2019/07/MERRA2.20190701.A3cld.05x0625.nc4
2269.424,hit,false,0.000,12,106.622,270,GEOS_0.5x0.625/MERRA2/2019/07/MERRA2.20190701.A3cld.05x0625.nc4
2269.459,hit,false,0.000,12,106.657,270,GEOS_0.5x0.625/MERRA2/2019/07/MERRA2.20190701.A3cld.05x0625.nc4
2269.486,hit,false,0.000,12,106.684,270,GEOS_0.5x0.625/MERRA2/2019/07/MERRA2.20190701.A3cld.05x0625.nc4
2269.516,hit,false,0.000,12,106.714,270,GEOS_0.5x0.625/MERRA2/2019/07/MERRA2.20190701.A3cld.05x0625.nc4
2269.551,hit,false,0.000,12,106.749,270,GEOS_0.5x0.625/MERRA2/2019/07/MERRA2.20190701.A3cld.05x0625.nc4
2269.574,hit,false,0.000,12,106.772,270,GEOS_0.5x0.625/MERRA2/2019/07/MERRA2.20190701.A3cld.05x0625.nc4
2269.604,hit,false,0.000,12,106.802,270,GEOS_0.5x0.625/MERRA2/2019/07/MERRA2.20190701.A3cld.05x0625.nc4
2269.630,uncovered,false,2.180,9,106.827,271,GEOS_0.5x0.625/MERRA2/2019/07/MERRA2.20190701.A3cld.05x0625.nc4
2269.664,uncovered,false,2.195,9,106.861,271,GEOS_0.5x0.625/MERRA2/2019/07/MERRA2.20190701.A3cld.05x0625.nc4
2271.879,hit,false,0.000,9,109.076,271,GEOS_0.5x0.625/MERRA2/2019/07/MERRA2.20190701.A3cld.05x0625.nc4
2271.926,hit,false,0.000,8,109.122,271,GEOS_0.5x0.625/MERRA2/2019/07/MERRA2.20190701.A3cld.05x0625.nc4
2271.947,hit,false,0.000,7,109.144,271,GEOS_0.5x0.625/MERRA2/2019/07/MERRA2.20190701.A3cld.05x0625.nc4
2271.989,hit,false,0.000,7,109.186,271,GEOS_0.5x0.625/MERRA2/2019/07/MERRA2.20190701.A3cld.05x0625.nc4
2272.013,hit,false,0.000,7,109.209,271,GEOS_0.5x0.625/MERRA2/2019/07/MERRA2.20190701.A3cld.05x0625.nc4
2272.044,hit,false,0.000,7,109.241,271,GEOS_0.5x0.625/MERRA2/2019/07/MERRA2.20190701.A3cld.05x0625.nc4
2272.068,hit,false,0.000,7,109.287,272,GEOS_0.5x0.625/MERRA2/2019/07/MERRA2.20190701.A3cld.05x0625.nc4
2272.102,hit,false,0.000,7,109.320,272,GEOS_0.5x0.625/MERRA2/2019/07/MERRA2.20190701.A3cld.05x0625.nc4
2272.143,hit,false,0.000,7,109.361,272,GEOS_0.5x0.625/MERRA2/2019/07/MERRA2.20190701.A3cld.05x0625.nc4
2272.165,hit,false,0.000,7,109.384,272,GEOS_0.5x0.625/MERRA2/2019/07/MERRA2.20190701.A3cld.05x0625.nc4
2272.199,hit,false,0.000,7,109.418,272,GEOS_0.5x0.625/MERRA2/2019/07/MERRA2.20190701.A3cld.05x0625.nc4
2272.224,hit,false,0.000,7,109.443,272,GEOS_0.5x0.625/MERRA2/2019/07/MERRA2.20190701.A3cld.05x0625.nc4
2272.260,hit,false,0.000,7,109.478,272,GEOS_0.5x0.625/MERRA2/2019/07/MERRA2.20190701.A3cld.05x0625.nc4
2272.368,hit,false,0.000,7,109.586,272,GEOS_0.5x0.625/MERRA2/2019/07/MERRA2.20190701.A3cld.05x0625.nc4
2272.390,hit,false,0.000,7,109.583,273,GEOS_0.5x0.625/MERRA2/2019/07/MERRA2.20190701.A3cld.05x0625.nc4
2272.435,hit,false,0.000,7,109.628,273,GEOS_0.5x0.625/MERRA2/2019/07/MERRA2.20190701.A3cld.05x0625.nc4
2272.457,hit,false,0.000,7,109.650,273,GEOS_0.5x0.625/MERRA2/2019/07/MERRA2.20190701.A3cld.05x0625.nc4
2272.504,hit,false,0.000,7,109.697,273,GEOS_0.5x0.625/MERRA2/2019/07/MERRA2.20190701.A3cld.05x0625.nc4
2272.526,hit,false,0.000,7,109.719,273,GEOS_0.5x0.625/MERRA2/2019/07/MERRA2.20190701.A3cld.05x0625.nc4
2272.566,hit,false,0.000,7,109.759,273,GEOS_0.5x0.625/MERRA2/2019/07/MERRA2.20190701.A3cld.05x0625.nc4
2272.590,hit,false,0.000,7,109.783,273,GEOS_0.5x0.625/MERRA2/2019/07/MERRA2.20190701.A3cld.05x0625.nc4
2272.623,hit,false,0.000,7,109.816,273,GEOS_0.5x0.625/MERRA2/2019/07/MERRA2.20190701.A3cld.05x0625.nc4
2272.652,hit,false,0.000,7,109.843,274,GEOS_0.5x0.625/MERRA2/2019/07/MERRA2.20190701.A3cld.05x0625.nc4
2272.684,hit,false,0.000,7,109.875,274,GEOS_0.5x0.625/MERRA2/2019/07/MERRA2.20190701.A3cld.05x0625.nc4
2272.716,hit,false,0.000,7,109.907,274,GEOS_0.5x0.625/MERRA2/2019/07/MERRA2.20190701.A3cld.05x0625.nc4
2272.748,hit,false,0.000,7,109.939,274,GEOS_0.5x0.625/MERRA2/2019/07/MERRA2.20190701.A3cld.05x0625.nc4
2272.780,hit,false,0.000,7,109.971,274,GEOS_0.5x0.625/MERRA2/2019/07/MERRA2.20190701.A3cld.05x0625.nc4
2272.806,hit,false,0.000,7,109.997,274,GEOS_0.5x0.625/MERRA2/2019/07/MERRA2.20190701.A3cld.05x0625.nc4
2272.860,hit,false,0.000,7,110.051,274,GEOS_0.5x0.625/MERRA2/2019/07/MERRA2.20190701.A3cld.05x0625.nc4
2272.883,hit,false,0.000,7,110.074,274,GEOS_0.5x0.625/MERRA2/2019/07/MERRA2.20190701.A3cld.05x0625.nc4
2272.914,hit,false,0.000,7,110.103,275,GEOS_0.5x0.625/MERRA2/2019/07/MERRA2.20190701.A3cld.05x0625.nc4
2272.949,hit,false,0.000,7,110.138,275,GEOS_0.5x0.625/MERRA2/2019/07/MERRA2.20190701.A3cld.05x0625.nc4
2272.972,hit,false,0.000,7,110.161,275,GEOS_0.5x0.625/MERRA2/2019/07/MERRA2.20190701.A3cld.05x0625.nc4
2273.003,hit,false,0.000,7,110.192,275,GEOS_0.5x0.625/MERRA2/2019/07/MERRA2.20190701.A3cld.05x0625.nc4
2273.027,hit,false,0.000,7,110.216,275,GEOS_0.5x0.625/MERRA2/2019/07/MERRA2.20190701.A3cld.05x0625.nc4
2273.059,hit,false,0.000,7,110.248,275,GEOS_0.5x0.625/MERRA2/2019/07/MERRA2.20190701.A3cld.05x0625.nc4
2273.083,hit,false,0.000,7,110.272,275,GEOS_0.5x0.625/MERRA2/2019/07/MERRA2.20190701.A3cld.05x0625.nc4
2273.114,hit,false,0.000,7,110.303,275,GEOS_0.5x0.625/MERRA2/2019/07/MERRA2.20190701.A3cld.05x0625.nc4
2273.137,hit,false,0.000,7,110.323,276,GEOS_0.5x0.625/MERRA2/2019/07/MERRA2.20190701.A3cld.05x0625.nc4
2273.173,hit,false,0.000,7,110.359,276,GEOS_0.5x0.625/MERRA2/2019/07/MERRA2.20190701.A3cld.05x0625.nc4
2273.199,hit,false,0.000,7,110.386,276,GEOS_0.5x0.625/MERRA2/2019/07/MERRA2.20190701.A3cld.05x0625.nc4
2273.232,hit,false,0.000,7,110.419,276,GEOS_0.5x0.625/MERRA2/2019/07/MERRA2.20190701.A3cld.05x0625.nc4
2273.260,hit,false,0.000,7,110.447,276,GEOS_0.5x0.625/MERRA2/2019/07/MERRA2.20190701.A3cld.05x0625.nc4
2273.293,hit,false,0.000,7,110.480,276,GEOS_0.5x0.625/MERRA2/2019/07/MERRA2.20190701.A3cld.05x0625.nc4
2273.315,hit,false,0.000,7,110.502,276,GEOS_0.5x0.625/MERRA2/2019/07/MERRA2.20190701.A3cld.05x0625.nc4
2273.353,hit,false,0.000,7,110.539,276,GEOS_0.5x0.625/MERRA2/2019/07/MERRA2.20190701.A3cld.05x0625.nc4
2273.380,hit,false,0.000,7,110.565,277,GEOS_0.5x0.625/MERRA2/2019/07/MERRA2.20190701.A3cld.05x0625.nc4
2273.412,hit,false,0.000,7,110.597,277,GEOS_0.5x0.625/MERRA2/2019/07/MERRA2.20190701.A3cld.05x0625.nc4
2273.446,hit,false,0.000,7,110.631,277,GEOS_0.5x0.625/MERRA2/2019/07/MERRA2.20190701.A3cld.05x0625.nc4
2273.469,hit,false,0.000,7,110.654,277,GEOS_0.5x0.625/MERRA2/2019/07/MERRA2.20190701.A3cld.05x0625.nc4
2273.505,hit,false,0.000,7,110.690,277,GEOS_0.5x0.625/MERRA2/2019/07/MERRA2.20190701.A3cld.05x0625.nc4
2273.527,hit,false,0.000,7,110.712,277,GEOS_0.5x0.625/MERRA2/2019/07/MERRA2.20190701.A3cld.05x0625.nc4
2273.565,hit,false,0.000,7,110.750,277,GEOS_0.5x0.625/MERRA2/2019/07/MERRA2.20190701.A3cld.05x0625.nc4
2273.587,hit,false,0.000,7,110.773,277,GEOS_0.5x0.625/MERRA2/2019/07/MERRA2.20190701.A3cld.05x0625.nc4
2273.640,hit,false,0.000,7,110.823,278,GEOS_0.5x0.625/MERRA2/2019/07/MERRA2.20190701.A3cld.05x0625.nc4
2273.663,hit,false,0.000,6,110.846,278,GEOS_0.5x0.625/MERRA2/2019/07/MERRA2.20190701.A3cld.05x0625.nc4
2273.703,hit,false,0.000,6,110.886,278,GEOS_0.5x0.625/MERRA2/2019/07/MERRA2.20190701.A3cld.05x0625.nc4
2273.730,hit,false,0.000,6,110.913,278,GEOS_0.5x0.625/MERRA2/2019/07/MERRA2.20190701.A3cld.05x0625.nc4
2273.759,hit,false,0.000,6,110.942,278,GEOS_0.5x0.625/MERRA2/2019/07/MERRA2.20190701.A3cld.05x0625.nc4
2273.787,hit,false,0.000,6,110.970,278,GEOS_0.5x0.625/MERRA2/2019/07/MERRA2.20190701.A3cld.05x0625.nc4
2273.817,hit,false,0.000,6,111.001,278,GEOS_0.5x0.625/MERRA2/2019/07/MERRA2.20190701.A3cld.05x0625.nc4
2273.841,hit,false,0.000,6,111.024,278,GEOS_0.5x0.625/MERRA2/2019/07/MERRA2.20190701.A3cld.05x0625.nc4
2273.871,hit,false,0.000,6,111.053,279,GEOS_0.5x0.625/MERRA2/2019/07/MERRA2.20190701.A3cld.05x0625.nc4
2273.899,hit,false,0.000,6,111.080,279,GEOS_0.5x0.625/MERRA2/2019/07/MERRA2.20190701.A3cld.05x0625.nc4
2273.930,hit,false,0.000,6,111.112,279,GEOS_0.5x0.625/MERRA2/2019/07/MERRA2.20190701.A3cld.05x0625.nc4
2273.953,hit,false,0.000,6,111.135,279,GEOS_0.5x0.625/MERRA2/2019/07/MERRA2.20190701.A3cld.05x0625.nc4
2273.991,hit,false,0.000,6,111.173,279,GEOS_0.5x0.625/MERRA2/2019/07/MERRA2.20190701.A3cld.05x0625.nc4
2274.013,hit,false,0.000,6,111.195,279,GEOS_0.5x0.625/MERRA2/2019/07/MERRA2.20190701.A3cld.05x0625.nc4
2274.045,hit,false,0.000,6,111.227,279,GEOS_0.5x0.625/MERRA2/2019/07/MERRA2.20190701.A3cld.05x0625.nc4
2274.070,hit,false,0.000,6,111.252,279,GEOS_0.5x0.625/MERRA2/2019/07/MERRA2.20190701.A3cld.05x0625.nc4
2274.099,hit,false,0.000,6,111.311,280,GEOS_0.5x0.625/MERRA2/2019/07/MERRA2.20190701.A3cld.05x0625.nc4
2274.142,hit,false,0.000,6,111.354,280,GEOS_0.5x0.625/MERRA2/2019/07/MERRA2.20190701.A3cld.05x0625.nc4
2274.190,hit,false,0.000,6,111.402,280,GEOS_0.5x0.625/MERRA2/2019/07/MERRA2.20190701.A3cld.05x0625.nc4
2274.219,hit,false,0.000,6,111.430,280,GEOS_0.5x0.625/MERRA2/2019/07/MERRA2.20190701.A3cld.05x0625.nc4
2274.248,hit,false,0.000,6,111.460,280,GEOS_0.5x0.625/MERRA2/2019/07/MERRA2.20190701.A3cld.05x0625.nc4
2274.277,hit,false,0.000,6,111.489,280,GEOS_0.5x0.625/MERRA2/2019/07/MERRA2.20190701.A3cld.05x0625.nc4
2274.382,hit,false,0.000,6,111.594,280,GEOS_0.5x0.625/MERRA2/2019/07/MERRA2.20190701.A3cld.05x0625.nc4
2274.402,hit,false,0.000,6,111.614,280,GEOS_0.5x0.625/MERRA2/2019/07/MERRA2.20190701.A3cld.05x0625.nc4
2274.445,hit,false,0.000,6,111.649,281,GEOS_0.5x0.625/MERRA2/2019/07/MERRA2.20190701.A3cld.05x0625.nc4
2274.468,hit,false,0.000,6,111.672,281,GEOS_0.5x0.625/MERRA2/2019/07/MERRA2.20190701.A3cld.05x0625.nc4
2274.502,hit,false,0.000,6,111.706,281,GEOS_0.5x0.625/MERRA2/2019/07/MERRA2.20190701.A3cld.05x0625.nc4
2274.527,hit,false,0.000,6,111.731,281,GEOS_0.5x0.625/MERRA2/2019/07/MERRA2.20190701.A3cld.05x0625.nc4
2274.558,hit,false,0.000,6,111.762,281,GEOS_0.5x0.625/MERRA2/2019/07/MERRA2.20190701.A3cld.05x0625.nc4
2274.586,hit,false,0.000,6,111.790,281,GEOS_0.5x0.625/MERRA2/2019/07/MERRA2.20190701.A3cld.05x0625.nc4
2274.618,hit,false,0.000,6,111.822,281,GEOS_0.5x0.625/MERRA2/2019/07/MERRA2.20190701.A3cld.05x0625.nc4
2274.643,hit,false,0.000,6,111.847,281,GEOS_0.5x0.625/MERRA2/2019/07/MERRA2.20190701.A3cld.05x0625.nc4
2274.674,hit,false,0.000,5,111.876,282,GEOS_0.5x0.625/MERRA2/2019/07/MERRA2.20190701.A3cld.05x0625.nc4
2274.702,hit,false,0.000,5,111.903,282,GEOS_0.5x0.625/MERRA2/2019/07/MERRA2.20190701.A3cld.05x0625.nc4
2274.736,hit,false,0.000,5,111.937,282,GEOS_0.5x0.625/MERRA2/2019/07/MERRA2.20190701.A3cld.05x0625.nc4
2274.759,hit,false,0.000,5,111.961,282,GEOS_0.5x0.625/MERRA2/2019/07/MERRA2.20190701.A3cld.05x0625.nc4
2274.790,hit,false,0.000,5,111.992,282,GEOS_0.5x0.625/MERRA2/2019/07/MERRA2.20190701.A3cld.05x0625.nc4
2274.816,hit,false,0.000,5,112.017,282,GEOS_0.5x0.625/MERRA2/2019/07/MERRA2.20190701.A3cld.05x0625.nc4
2274.852,hit,false,0.000,5,112.054,282,GEOS_0.5x0.625/MERRA2/2019/07/MERRA2.20190701.A3cld.05x0625.nc4
2274.875,hit,false,0.000,5,112.077,282,GEOS_0.5x0.625/MERRA2/2019/07/MERRA2.20190701.A3cld.05x0625.nc4
2274.908,hit,false,0.000,5,112.107,283,GEOS_0.5x0.625/MERRA2/2019/07/MERRA2.20190701.A3cld.05x0625.nc4
2274.934,hit,false,0.000,5,112.133,283,GEOS_0.5x0.625/MERRA2/2019/07/MERRA2.20190701.A3cld.05x0625.nc4
2274.969,hit,false,0.000,5,112.168,283,GEOS_0.5x0.625/MERRA2/2019/07/MERRA2.20190701.A3cld.05x0625.nc4
2274.992,hit,false,0.000,5,112.191,283,GEOS_0.5x0.625/MERRA2/2019/07/MERRA2.20190701.A3cld.05x0625.nc4
2275.023,hit,false,0.000,5,112.222,283,GEOS_0.5x0.625/MERRA2/2019/07/MERRA2.20190701.A3cld.05x0625.nc4
2275.048,hit,false,0.000,5,112.247,283,GEOS_0.5x0.625/MERRA2/2019/07/MERRA2.20190701.A3cld.05x0625.nc4
2275.082,hit,false,0.000,5,112.281,283,GEOS_0.5x0.625/MERRA2/2019/07/MERRA2.20190701.A3cld.05x0625.nc4
2275.115,hit,false,0.000,5,112.314,283,GEOS_0.5x0.625/MERRA2/2019/07/MERRA2.20190701.A3cld.05x0625.nc4
2275.138,hit,false,0.000,5,112.335,284,GEOS_0.5x0.625/MERRA2/2019/07/MERRA2.20190701.A3cld.05x0625.nc4
2275.175,hit,false,0.000,4,112.372,284,GEOS_0.5x0.625/MERRA2/2019/07/MERRA2.20190701.A3cld.05x0625.nc4
2275.206,hit,false,0.000,4,112.403,284,GEOS_0.5x0.625/MERRA2/2019/07/MERRA2.20190701.A3cld.05x0625.nc4
2275.248,hit,false,0.000,4,112.445,284,GEOS_0.5x0.625/MERRA2/2019/07/MERRA2.20190701.A3cld.05x0625.nc4
2275.271,hit,false,0.000,4,112.468,284,GEOS_0.5x0.625/MERRA2/2019/07/MERRA2.20190701.A3cld.05x0625.nc4
2275.310,hit,false,0.000,4,112.507,284,GEOS_0.5x0.625/MERRA2/2019/07/MERRA2.20190701.A3cld.05x0625.nc4
2275.332,hit,false,0.000,4,112.529,284,GEOS_0.5x0.625/MERRA2/2019/07/MERRA2.20190701.A3cld.05x0625.nc4
2275.370,hit,false,0.000,4,112.566,284,GEOS_0.5x0.625/MERRA2/2019/07/MERRA2.20190701.A3cld.05x0625.nc4
2275.392,hit,false,0.000,4,112.586,285,GEOS_0.5x0.625/MERRA2/2019/07/MERRA2.20190701.A3cld.05x0625.nc4
2275.425,hit,false,0.000,4,112.619,285,GEOS_0.5x0.625/MERRA2/2019/07/MERRA2.20190701.A3cld.05x0625.nc4
2275.451,hit,false,0.000,4,112.645,285,GEOS_0.5x0.625/MERRA2/2019/07/MERRA2.20190701.A3cld.05x0625.nc4
2275.479,hit,false,0.000,4,112.673,285,GEOS_0.5x0.625/MERRA2/2019/07/MERRA2.20190701.A3cld.05x0625.nc4
2275.514,hit,false,0.000,4,112.708,285,GEOS_0.5x0.625/MERRA2/2019/07/MERRA2.20190701.A3cld.05x0625.nc4
2275.537,hit,false,0.000,4,112.731,285,GEOS_0.5x0.625/MERRA2/2019/07/MERRA2.20190701.A3cld.05x0625.nc4
2275.568,hit,false,0.000,4,112.762,285,GEOS_0.5x0.625/MERRA2/2019/07/MERRA2.20190701.A3cld.05x0625.nc4
2275.593,hit,false,0.000,4,112.788,285,GEOS_0.5x0.625/MERRA2/2019/07/MERRA2.20190701.A3cld.05x0625.nc4
2275.621,hit,false,0.000,4,112.814,286,GEOS_0.5x0.625/MERRA2/2019/07/MERRA2.20190701.A3cld.05x0625.nc4
2275.665,hit,false,0.000,4,112.857,286,GEOS_0.5x0.625/MERRA2/2019/07/MERRA2.20190701.A3cld.05x0625.nc4
2275.687,hit,false,0.000,4,112.879,286,GEOS_0.5x0.625/MERRA2/2019/07/MERRA2.20190701.A3cld.05x0625.nc4
2275.719,hit,false,0.000,4,112.911,286,GEOS_0.5x0.625/MERRA2/2019/07/MERRA2.20190701.A3cld.05x0625.nc4
2275.745,hit,false,0.000,4,112.937,286,GEOS_0.5x0.625/MERRA2/2019/07/MERRA2.20190701.A3cld.05x0625.nc4
2275.771,hit,false,0.000,4,112.963,286,GEOS_0.5x0.625/MERRA2/2019/07/MERRA2.20190701.A3cld.05x0625.nc4
2275.807,hit,false,0.000,3,112.999,286,GEOS_0.5x0.625/MERRA2/2019/07/MERRA2.20190701.A3cld.05x0625.nc4
2275.829,hit,false,0.000,3,113.021,286,GEOS_0.5x0.625/MERRA2/2019/07/MERRA2.20190701.A3cld.05x0625.nc4
2275.859,hit,false,0.000,3,113.049,287,GEOS_0.5x0.625/MERRA2/2019/07/MERRA2.20190701.A3cld.05x0625.nc4
2275.885,hit,false,0.000,3,113.076,287,GEOS_0.5x0.625/MERRA2/2019/07/MERRA2.20190701.A3cld.05x0625.nc4
2275.913,hit,false,0.000,3,113.104,287,GEOS_0.5x0.625/MERRA2/2019/07/MERRA2.20190701.A3cld.05x0625.nc4
2275.936,hit,false,0.000,3,113.127,287,GEOS_0.5x0.625/MERRA2/2019/07/MERRA2.20190701.A3cld.05x0625.nc4
2275.974,hit,false,0.000,3,113.165,287,GEOS_0.5x0.625/MERRA2/2019/07/MERRA2.20190701.A3cld.05x0625.nc4
2275.997,hit,false,0.000,3,113.188,287,GEOS_0.5x0.625/MERRA2/2019/07/MERRA2.20190701.A3cld.05x0625.nc4
2276.026,hit,false,0.000,3,113.217,287,GEOS_0.5x0.625/MERRA2/2019/07/MERRA2.20190701.A3cld.05x0625.nc4
2276.052,hit,false,0.000,3,113.243,287,GEOS_0.5x0.625/MERRA2/2019/07/MERRA2.20190701.A3cld.05x0625.nc4
2276.082,hit,false,0.000,3,110.814,288,GEOS_0.5x0.625/MERRA2/2019/07/MERRA2.20190701.A3cld.05x0625.nc4
2276.116,hit,false,0.000,3,110.848,288,GEOS_0.5x0.625/MERRA2/2019/07/MERRA2.20190701.A3cld.05x0625.nc4
2276.168,hit,false,0.000,3,110.900,288,GEOS_0.5x0.625/MERRA2/2019/07/MERRA2.20190701.A3cld.05x0625.nc4
2276.189,hit,false,0.000,3,110.921,288,GEOS_0.5x0.625/MERRA2/2019/07/MERRA2.20190701.A3cld.05x0625.nc4
2276.242,hit,false,0.000,3,110.974,288,GEOS_0.5x0.625/MERRA2/2019/07/MERRA2.20190701.A3cld.05x0625.nc4
2276.337,hit,false,0.000,3,111.069,288,GEOS_0.5x0.625/MERRA2/2019/07/MERRA2.20190701.A3cld.05x0625.nc4
2276.358,hit,false,0.000,3,111.090,288,GEOS_0.5x0.625/MERRA2/2019/07/MERRA2.20190701.A3cld.05x0625.nc4
2276.392,hit,false,0.000,3,111.124,288,GEOS_0.5x0.625/MERRA2/2019/07/MERRA2.20190701.A3cld.05x0625.nc4
2276.418,hit,false,0.000,3,111.147,289,GEOS_0.5x0.625/MERRA2/2019/07/MERRA2.20190701.A3cld.05x0625.nc4
2276.450,hit,false,0.000,3,111.180,289,GEOS_0.5x0.625/MERRA2/2019/07/MERRA2.20190701.A3cld.05x0625.nc4
2276.475,hit,false,0.000,3,111.205,289,GEOS_0.5x0.625/MERRA2/2019/07/MERRA2.20190701.A3cld.05x0625.nc4
2276.506,hit,false,0.000,3,111.236,289,GEOS_0.5x0.625/MERRA2/2019/07/MERRA2.20190701.A3cld.05x0625.nc4
2276.529,hit,false,0.000,3,111.259,289,GEOS_0.5x0.625/MERRA2/2019/07/MERRA2.20190701.A3cld.05x0625.nc4
2276.564,hit,false,0.000,3,111.293,289,GEOS_0.5x0.625/MERRA2/2019/07/MERRA2.20190701.A3cld.05x0625.nc4
2276.589,hit,false,0.000,3,111.318,289,GEOS_0.5x0.625/MERRA2/2019/07/MERRA2.20190701.A3cld.05x0625.nc4
2276.620,hit,false,0.000,3,111.349,289,GEOS_0.5x0.625/MERRA2/2019/07/MERRA2.20190701.A3cld.05x0625.nc4
2276.649,hit,false,0.000,3,111.375,290,GEOS_0.5x0.625/MERRA2/2019/07/MERRA2.20190701.A3cld.05x0625.nc4
2276.679,hit,false,0.000,3,111.405,290,GEOS_0.5x0.625/MERRA2/2019/07/MERRA2.20190701.A3cld.05x0625.nc4
2276.706,hit,false,0.000,3,111.433,290,GEOS_0.5x0.625/MERRA2/2019/07/MERRA2.20190701.A3cld.05x0625.nc4
2276.735,hit,false,0.000,3,111.461,290,GEOS_0.5x0.625/MERRA2/2019/07/MERRA2.20190701.A3cld.05x0625.nc4
2276.766,hit,false,0.000,3,111.492,290,GEOS_0.5x0.625/MERRA2/2019/07/MERRA2.20190701.A3cld.05x0625.nc4
2276.795,hit,false,0.000,3,111.521,290,GEOS_0.5x0.625/MERRA2/2019/07/MERRA2.20190701.A3cld.05x0625.nc4
2276.824,hit,false,0.000,3,111.550,290,GEOS_0.5x0.625/MERRA2/2019/07/MERRA2.20190701.A3cld.05x0625.nc4
2276.854,hit,false,0.000,3,111.580,290,GEOS_0.5x0.625/MERRA2/2019/07/MERRA2.20190701.A3cld.05x0625.nc4
2276.882,hit,false,0.000,3,111.605,291,GEOS_0.5x0.625/MERRA2/2019/07/MERRA2.20190701.A3cld.05x0625.nc4
2276.912,hit,false,0.000,3,111.635,291,GEOS_0.5x0.625/MERRA2/2019/07/MERRA2.20190701.A3cld.05x0625.nc4
2276.942,hit,false,0.000,3,111.665,291,GEOS_0.5x0.625/MERRA2/2019/07/MERRA2.20190701.A3cld.05x0625.nc4
2276.964,hit,false,0.000,3,111.687,291,GEOS_0.5x0.625/MERRA2/2019/07/MERRA2.20190701.A3cld.05x0625.nc4
2277.012,hit,false,0.000,3,111.735,291,GEOS_0.5x0.625/MERRA2/2019/07/MERRA2.20190701.A3cld.05x0625.nc4
2277.033,hit,false,0.000,3,111.756,291,GEOS_0.5x0.625/MERRA2/2019/07/MERRA2.20190701.A3cld.05x0625.nc4
2277.068,hit,false,0.000,3,111.791,291,GEOS_0.5x0.625/MERRA2/2019/07/MERRA2.20190701.A3cld.05x0625.nc4
2277.094,hit,false,0.000,3,111.817,291,GEOS_0.5x0.625/MERRA2/2019/07/MERRA2.20190701.A3cld.05x0625.nc4
2277.124,hit,false,0.000,3,111.845,292,GEOS_0.5x0.625/MERRA2/2019/07/MERRA2.20190701.A3cld.05x0625.nc4
2277.155,hit,false,0.000,3,111.876,292,GEOS_0.5x0.625/MERRA2/2019/07/MERRA2.20190701.A3cld.05x0625.nc4
2277.184,hit,false,0.000,3,111.905,292,GEOS_0.5x0.625/MERRA2/2019/07/MERRA2.20190701.A3cld.05x0625.nc4
2277.212,hit,false,0.000,3,111.933,292,GEOS_0.5x0.625/MERRA2/2019/07/MERRA2.20190701.A3cld.05x0625.nc4
2277.240,hit,false,0.000,3,111.961,292,GEOS_0.5x0.625/MERRA2/2019/07/MERRA2.20190701.A3cld.05x0625.nc4
2277.270,hit,false,0.000,3,111.991,292,GEOS_0.5x0.625/MERRA2/2019/07/MERRA2.20190701.A3cld.05x0625.nc4
2277.299,hit,false,0.000,3,112.021,292,GEOS_0.5x0.625/MERRA2/2019/07/MERRA2.20190701.A3cld.05x0625.nc4
2277.323,hit,false,0.000,3,112.044,292,GEOS_0.5x0.625/MERRA2/2019/07/MERRA2.20190701.A3cld.05x0625.nc4
2277.354,hit,false,0.000,2,112.070,293,GEOS_0.5x0.625/MERRA2/2019/07/MERRA2.20190701.A3cld.05x0625.nc4
2277.383,hit,false,0.000,2,112.099,293,GEOS_0.5x0.625/MERRA2/2019/07/MERRA2.20190701.A3cld.05x0625.nc4
2277.413,hit,false,0.000,2,112.128,293,GEOS_0.5x0.625/MERRA2/2019/07/MERRA2.20190701.A3cld.05x0625.nc4
2277.457,hit,false,0.000,2,112.173,293,GEOS_0.5x0.625/MERRA2/2019/07/MERRA2.20190701.A3cld.05x0625.nc4
2277.478,hit,false,0.000,2,112.194,293,GEOS_0.5x0.625/MERRA2/2019/07/MERRA2.20190701.A3cld.05x0625.nc4
2277.524,hit,false,0.000,2,112.239,293,GEOS_0.5x0.625/MERRA2/2019/07/MERRA2.20190701.A3cld.05x0625.nc4
2277.546,hit,false,0.000,2,112.261,293,GEOS_0.5x0.625/MERRA2/2019/07/MERRA2.20190701.A3cld.05x0625.nc4
2277.585,hit,false,0.000,2,112.301,293,GEOS_0.5x0.625/MERRA2/2019/07/MERRA2.20190701.A3cld.05x0625.nc4
2277.616,hit,false,0.000,2,112.329,294,GEOS_0.5x0.625/MERRA2/2019/07/MERRA2.20190701.A3cld.05x0625.nc4
2277.645,hit,false,0.000,2,112.359,294,GEOS_0.5x0.625/MERRA2/2019/07/MERRA2.20190701.A3cld.05x0625.nc4
2277.675,hit,false,0.000,2,112.388,294,GEOS_0.5x0.625/MERRA2/2019/07/MERRA2.20190701.A3cld.05x0625.nc4
2277.704,hit,false,0.000,2,112.418,294,GEOS_0.5x0.625/MERRA2/2019/07/MERRA2.20190701.A3cld.05x0625.nc4
2277.732,hit,false,0.000,2,112.446,294,GEOS_0.5x0.625/MERRA2/2019/07/MERRA2.20190701.A3cld.05x0625.nc4
2277.783,hit,false,0.000,2,112.497,294,GEOS_0.5x0.625/MERRA2/2019/07/MERRA2.20190701.A3cld.05x0625.nc4
2277.806,hit,false,0.000,2,112.519,294,GEOS_0.5x0.625/MERRA2/2019/07/MERRA2.20190701.A3cld.05x0625.nc4
2277.838,hit,false,0.000,2,112.552,294,GEOS_0.5x0.625/MERRA2/2019/07/MERRA2.20190701.A3cld.05x0625.nc4
2277.869,hit,false,0.000,2,112.580,295,GEOS_0.5x0.625/MERRA2/2019/07/MERRA2.20190701.A3cld.05x0625.nc4
2277.898,hit,false,0.000,2,112.609,295,GEOS_0.5x0.625/MERRA2/2019/07/MERRA2.20190701.A3cld.05x0625.nc4
2277.929,hit,false,0.000,2,112.640,295,GEOS_0.5x0.625/MERRA2/2019/07/MERRA2.20190701.A3cld.05x0625.nc4
2277.957,hit,false,0.000,2,112.668,295,GEOS_0.5x0.625/MERRA2/2019/07/MERRA2.20190701.A3cld.05x0625.nc4
2277.984,hit,false,0.000,2,112.696,295,GEOS_0.5x0.625/MERRA2/2019/07/MERRA2.20190701.A3cld.05x0625.nc4
2278.017,hit,false,0.000,2,112.728,295,GEOS_0.5x0.625/MERRA2/2019/07/MERRA2.20190701.A3cld.05x0625.nc4
2278.048,hit,false,0.000,2,112.760,295,GEOS_0.5x0.625/MERRA2/2019/07/MERRA2.20190701.A3cld.05x0625.nc4
2278.070,hit,false,0.000,2,112.782,295,GEOS_0.5x0.625/MERRA2/2019/07/MERRA2.20190701.A3cld.05x0625.nc4
2278.103,hit,false,0.000,2,112.842,296,GEOS_0.5x0.625/MERRA2/2019/07/MERRA2.20190701.A3cld.05x0625.nc4
2278.131,hit,false,0.000,2,112.870,296,GEOS_0.5x0.625/MERRA2/2019/07/MERRA2.20190701.A3cld.05x0625.nc4
2278.185,hit,false,0.000,2,112.923,296,GEOS_0.5x0.625/MERRA2/2019/07/MERRA2.20190701.A3cld.05x0625.nc4
2278.205,hit,false,0.000,2,112.944,296,GEOS_0.5x0.625/MERRA2/2019/07/MERRA2.20190701.A3cld.05x0625.nc4
2278.321,hit,false,0.000,1,113.059,296,GEOS_0.5x0.625/MERRA2/2019/07/MERRA2.20190701.A3cld.05x0625.nc4
2278.343,hit,false,0.000,1,113.082,296,GEOS_0.5x0.625/MERRA2/2019/07/MERRA2.20190701.A3cld.05x0625.nc4
2278.381,hit,false,0.000,1,113.119,296,GEOS_0.5x0.625/MERRA2/2019/07/MERRA2.20190701.A3cld.05x0625.nc4
2278.404,hit,false,0.000,1,113.143,296,GEOS_0.5x0.625/MERRA2/2019/07/MERRA2.20190701.A3cld.05x0625.nc4
2278.437,hit,false,0.000,1,113.172,297,GEOS_0.5x0.625/MERRA2/2019/07/MERRA2.20190701.A3cld.05x0625.nc4
2278.463,hit,false,0.000,1,113.199,297,GEOS_0.5x0.625/MERRA2/2019/07/MERRA2.20190701.A3cld.05x0625.nc4
2278.497,hit,false,0.000,1,113.232,297,GEOS_0.5x0.625/MERRA2/2019/07/MERRA2.20190701.A3cld.05x0625.nc4
2278.522,hit,false,0.000,1,113.258,297,GEOS_0.5x0.625/MERRA2/2019/07/MERRA2.20190701.A3cld.05x0625.nc4
2278.555,hit,false,0.000,1,113.291,297,GEOS_0.5x0.625/MERRA2/2019/07/MERRA2.20190701.A3cld.05x0625.nc4
2278.584,hit,false,0.000,1,113.320,297,GEOS_0.5x0.625/MERRA2/2019/07/MERRA2.20190701.A3cld.05x0625.nc4
2278.616,hit,false,0.000,1,113.352,297,GEOS_0.5x0.625/MERRA2/2019/07/MERRA2.20190701.A3cld.05x0625.nc4
2278.641,hit,false,0.000,1,113.377,297,GEOS_0.5x0.625/MERRA2/2019/07/MERRA2.20190701.A3cld.05x0625.nc4
2278.673,hit,false,0.000,1,113.403,298,GEOS_0.5x0.625/MERRA2/2019/07/MERRA2.20190701.A3cld.05x0625.nc4
2278.703,hit,false,0.000,1,113.433,298,GEOS_0.5x0.625/MERRA2/2019/07/MERRA2.20190701.A3cld.05x0625.nc4
2278.735,hit,false,0.000,1,113.465,298,GEOS_0.5x0.625/MERRA2/2019/07/MERRA2.20190701.A3cld.05x0625.nc4
2278.762,hit,false,0.000,1,113.492,298,GEOS_0.5x0.625/MERRA2/2019/07/MERRA2.20190701.A3cld.05x0625.nc4
2278.791,hit,false,0.000,1,113.521,298,GEOS_0.5x0.625/MERRA2/2019/07/MERRA2.20190701.A3cld.05x0625.nc4
2278.822,hit,false,0.000,1,113.552,298,GEOS_0.5x0.625/MERRA2/2019/07/MERRA2.20190701.A3cld.05x0625.nc4
2278.855,hit,false,0.000,1,113.585,298,GEOS_0.5x0.625/MERRA2/2019/07/MERRA2.20190701.A3cld.05x0625.nc4
2278.879,hit,false,0.000,1,113.610,298,GEOS_0.5x0.625/MERRA2/2019/07/MERRA2.20190701.A3cld.05x0625.nc4
2278.911,hit,false,0.000,1,113.639,299,GEOS_0.5x0.625/MERRA2/2019/07/MERRA2.20190701.A3cld.05x0625.nc4
2278.937,hit,false,0.000,1,113.664,299,GEOS_0.5x0.625/MERRA2/2019/07/MERRA2.20190701.A3cld.05x0625.nc4
2278.971,hit,false,0.000,1,113.698,299,GEOS_0.5x0.625/MERRA2/2019/07/MERRA2.20190701.A3cld.05x0625.nc4
2278.994,hit,false,0.000,1,113.722,299,GEOS_0.5x0.625/MERRA2/2019/07/MERRA2.20190701.A3cld.05x0625.nc4
2279.027,hit,false,0.000,1,113.755,299,GEOS_0.5x0.625/MERRA2/2019/07/MERRA2.20190701.A3cld.05x0625.nc4
2279.051,hit,false,0.000,1,113.779,299,GEOS_0.5x0.625/MERRA2/2019/07/MERRA2.20190701.A3cld.05x0625.nc4
2279.098,hit,false,0.000,1,113.826,299,GEOS_0.5x0.625/MERRA2/2019/07/MERRA2.20190701.A3cld.05x0625.nc4
2279.120,hit,false,0.000,1,113.847,299,GEOS_0.5x0.625/MERRA2/2019/07/MERRA2.20190701.A3cld.05x0625.nc4
2279.160,hit,false,0.000,1,113.865,300,GEOS_0.5x0.625/MERRA2/2019/07/MERRA2.20190701.A3cld.05x0625.nc4
2279.186,hit,false,0.000,1,113.891,300,GEOS_0.5x0.625/MERRA2/2019/07/MERRA2.20190701.A3cld.05x0625.nc4
2279.219,hit,false,0.000,1,113.925,300,GEOS_0.5x0.625/MERRA2/2019/07/MERRA2.20190701.A3cld.05x0625.nc4
2279.245,hit,false,0.000,1,113.951,300,GEOS_0.5x0.625/MERRA2/2019/07/MERRA2.20190701.A3cld.05x0625.nc4
2279.276,hit,false,0.000,1,113.982,300,GEOS_0.5x0.625/MERRA2/2019/07/MERRA2.20190701.A3cld.05x0625.nc4
2279.304,hit,false,0.000,1,114.010,300,GEOS_0.5x0.625/MERRA2/2019/07/MERRA2.20190701.A3cld.05x0625.nc4
2279.336,hit,false,0.000,1,114.042,300,GEOS_0.5x0.625/MERRA2/2019/07/MERRA2.20190701.A3cld.05x0625.nc4
2279.366,hit,false,0.000,1,114.071,300,GEOS_0.5x0.625/MERRA2/2019/07/MERRA2.20190701.A3cld.05x0625.nc4
2279.393,hit,false,0.000,1,114.097,301,GEOS_0.5x0.625/MERRA2/2019/07/MERRA2.20190701.A3cld.05x0625.nc4
2279.429,hit,false,0.000,1,114.133,301,GEOS_0.5x0.625/MERRA2/2019/07/MERRA2.20190701.A3cld.05x0625.nc4
2279.455,hit,false,0.000,1,114.159,301,GEOS_0.5x0.625/MERRA2/2019/07/MERRA2.20190701.A3cld.05x0625.nc4
2279.486,hit,false,0.000,1,114.190,301,GEOS_0.5x0.625/MERRA2/2019/07/MERRA2.20190701.A3cld.05x0625.nc4
2279.512,hit,false,0.000,1,114.215,301,GEOS_0.5x0.625/MERRA2/2019/07/MERRA2.20190701.A3cld.05x0625.nc4
2279.543,hit,false,0.000,1,114.247,301,GEOS_0.5x0.625/MERRA2/2019/07/MERRA2.20190701.A3cld.05x0625.nc4
2279.572,hit,false,0.000,1,114.276,301,GEOS_0.5x0.625/MERRA2/2019/07/MERRA2.20190701.A3cld.05x0625.nc4
2279.598,hit,false,0.000,1,114.301,301,GEOS_0.5x0.625/MERRA2/2019/07/MERRA2.20190701.A3cld.05x0625.nc4
2279.629,hit,false,0.000,1,114.330,302,GEOS_0.5x0.625/MERRA2/2019/07/MERRA2.20190701.A3cld.05x0625.nc4
2279.654,hit,false,0.000,0,114.355,302,GEOS_0.5x0.625/MERRA2/2019/07/MERRA2.20190701.A3cld.05x0625.nc4
2279.685,hit,false,0.000,0,114.386,302,GEOS_0.5x0.625/MERRA2/2019/07/MERRA2.20190701.A3cld.05x0625.nc4
2279.709,hit,false,0.000,0,114.410,302,GEOS_0.5x0.625/MERRA2/2019/07/MERRA2.20190701.A3cld.05x0625.nc4
2279.740,hit,false,0.000,0,114.441,302,GEOS_0.5x0.625/MERRA2/2019/07/MERRA2.20190701.A3cld.05x0625.nc4
2279.791,hit,false,0.000,0,114.492,302,GEOS_0.5x0.625/MERRA2/2019/07/MERRA2.20190701.A3cld.05x0625.nc4
2279.811,hit,false,0.000,0,114.512,302,GEOS_0.5x0.625/MERRA2/2019/07/MERRA2.20190701.A3cld.05x0625.nc4
2279.851,hit,false,0.000,0,114.552,302,GEOS_0.5x0.625/MERRA2/2019/07/MERRA2.20190701.A3cld.05x0625.nc4
2279.872,hit,false,0.000,0,114.572,303,GEOS_0.5x0.625/MERRA2/2019/07/MERRA2.20190701.A3cld.05x0625.nc4
2279.908,hit,false,0.000,0,114.607,303,GEOS_0.5x0.625/MERRA2/2019/07/MERRA2.20190701.A3cld.05x0625.nc4
2279.933,hit,false,0.000,0,114.633,303,GEOS_0.5x0.625/MERRA2/2019/07/MERRA2.20190701.A3cld.05x0625.nc4
2279.964,hit,false,0.000,0,114.663,303,GEOS_0.5x0.625/MERRA2/2019/07/MERRA2.20190701.A3cld.05x0625.nc4
2279.988,hit,false,0.000,0,114.687,303,GEOS_0.5x0.625/MERRA2/2019/07/MERRA2.20190701.A3cld.05x0625.nc4
2280.018,hit,false,0.000,0,114.717,303,GEOS_0.5x0.625/MERRA2/2019/07/MERRA2.20190701.A3cld.05x0625.nc4
2280.051,hit,false,0.000,0,114.751,303,GEOS_0.5x0.625/MERRA2/2019/07/MERRA2.20190701.A3cld.05x0625.nc4
2280.073,hit,false,0.000,0,114.772,303,GEOS_0.5x0.625/MERRA2/2019/07/MERRA2.20190701.A3cld.05x0625.nc4
2280.114,hit,false,0.000,0,114.850,304,GEOS_0.5x0.625/MERRA2/2019/07/MERRA2.20190701.A3cld.05x0625.nc4
2280.137,hit,false,0.000,0,114.873,304,GEOS_0.5x0.625/MERRA2/2019/07/MERRA2.20190701.A3cld.05x0625.nc4
2280.193,hit,false,0.000,0,114.929,304,GEOS_0.5x0.625/MERRA2/2019/07/MERRA2.20190701.A3cld.05x0625.nc4
2280.286,hit,false,0.000,0,115.022,304,GEOS_0.5x0.625/MERRA2/2019/07/MERRA2.20190701.A3cld.05x0625.nc4
2280.307,hit,false,0.000,0,115.043,304,GEOS_0.5x0.625/MERRA2/2019/07/MERRA2.20190701.A3cld.05x0625.nc4
2280.344,hit,false,0.000,0,115.080,304,GEOS_0.5x0.625/MERRA2/2019/07/MERRA2.20190701.A3cld.05x0625.nc4
2280.369,hit,false,0.000,0,115.105,304,GEOS_0.5x0.625/MERRA2/2019/07/MERRA2.20190701.A3cld.05x0625.nc4
2280.399,hit,false,0.000,0,115.135,304,GEOS_0.5x0.625/MERRA2/2019/07/MERRA2.20190701.A3cld.05x0625.nc4
2280.428,hit,false,0.000,0,115.161,305,GEOS_0.5x0.625/MERRA2/2019/07/MERRA2.20190701.A3cld.05x0625.nc4
2280.453,hit,false,0.000,0,115.186,305,GEOS_0.5x0.625/MERRA2/2019/07/MERRA2.20190701.A3cld.05x0625.nc4
2280.487,hit,false,0.000,0,115.219,305,GEOS_0.5x0.625/MERRA2/2019/07/MERRA2.20190701.A3cld.05x0625.nc4
2280.518,hit,false,0.000,0,115.251,305,GEOS_0.5x0.625/MERRA2/2019/07/MERRA2.20190701.A3cld.05x0625.nc4
2280.546,hit,false,0.000,0,115.278,305,GEOS_0.5x0.625/MERRA2/2019/07/MERRA2.20190701.A3cld.05x0625.nc4
2280.569,hit,false,0.000,0,115.301,305,GEOS_0.5x0.625/MERRA2/2019/07/MERRA2.20190701.A3cld.05x0625.nc4
2280.606,hit,false,0.000,0,115.339,305,GEOS_0.5x0.625/MERRA2/2019/07/MERRA2.20190701.A3cld.05x0625.nc4
2280.628,hit,false,0.000,0,115.361,305,GEOS_0.5x0.625/MERRA2/2019/07/MERRA2.20190701.A3cld.05x0625.nc4
2280.669,hit,false,0.000,0,115.400,306,GEOS_0.5x0.625/MERRA2/2019/07/MERRA2.20190701.A3cld.05x0625.nc4
2280.694,hit,false,0.000,0,115.424,306,GEOS_0.5x0.625/MERRA2/2019/07/MERRA2.20190701.A3cld.05x0625.nc4
2280.728,hit,false,0.000,0,115.458,306,GEOS_0.5x0.625/MERRA2/2019/07/MERRA2.20190701.A3cld.05x0625.nc4
2280.753,hit,false,0.000,0,115.484,306,GEOS_0.5x0.625/MERRA2/2019/07/MERRA2.20190701.A3cld.05x0625.nc4
2280.784,hit,false,0.000,0,115.514,306,GEOS_0.5x0.625/MERRA2/2019/07/MERRA2.20190701.A3cld.05x0625.nc4
2280.812,hit,false,0.000,0,115.542,306,GEOS_0.5x0.625/MERRA2/2019/07/MERRA2.20190701.A3cld.05x0625.nc4
2280.841,hit,false,0.000,0,115.572,306,GEOS_0.5x0.625/MERRA2/2019/07/MERRA2.20190701.A3cld.05x0625.nc4
2280.865,hit,false,0.000,0,115.595,306,GEOS_0.5x0.625/MERRA2/2019/07/MERRA2.20190701.A3cld.05x0625.nc4
2280.898,hit,false,0.000,0,115.626,307,GEOS_0.5x0.625/MERRA2/2019/07/MERRA2.20190701.A3cld.05x0625.nc4
2280.924,hit,false,0.000,0,115.651,307,GEOS_0.5x0.625/MERRA2/2019/07/MERRA2.20190701.A3cld.05x0625.nc4
2280.972,hit,false,0.000,0,115.700,307,GEOS_0.5x0.625/MERRA2/2019/07/MERRA2.20190701.A3cld.05x0625.nc4
2281.000,hit,false,0.000,0,115.727,307,GEOS_0.5x0.625/MERRA2/2019/07/MERRA2.20190701.A3cld.05x0625.nc4
2281.029,hit,false,0.000,0,115.756,307,GEOS_0.5x0.625/MERRA2/2019/07/MERRA2.20190701.A3cld.05x0625.nc4
2281.058,hit,false,0.000,0,115.785,307,GEOS_0.5x0.625/MERRA2/2019/07/MERRA2.20190701.A3cld.05x0625.nc4
2281.086,hit,false,0.000,0,115.813,307,GEOS_0.5x0.625/MERRA2/2019/07/MERRA2.20190701.A3cld.05x0625.nc4
2281.116,hit,false,0.000,0,115.843,307,GEOS_0.5x0.625/MERRA2/2019/07/MERRA2.20190701.A3cld.05x0625.nc4
2281.144,hit,false,0.000,0,115.870,308,GEOS_0.5x0.625/MERRA2/2019/07/MERRA2.20190701.A3cld.05x0625.nc4
2281.175,hit,false,0.000,0,115.900,308,GEOS_0.5x0.625/MERRA2/2019/07/MERRA2.20190701.A3cld.05x0625.nc4
2281.206,hit,false,0.000,0,115.932,308,GEOS_0.5x0.625/MERRA2/2019/07/MERRA2.20190701.A3cld.05x0625.nc4
2281.229,hit,false,0.000,0,115.955,308,GEOS_0.5x0.625/MERRA2/2019/07/MERRA2.20190701.A3cld.05x0625.nc4
2281.263,hit,false,0.000,0,115.989,308,GEOS_0.5x0.625/MERRA2/2019/07/MERRA2.20190701.A3cld.05x0625.nc4
2281.286,hit,false,0.000,0,116.012,308,GEOS_0.5x0.625/MERRA2/2019/07/MERRA2.20190701.A3cld.05x0625.nc4
2281.321,hit,false,0.000,0,116.047,308,GEOS_0.5x0.625/MERRA2/2019/07/MERRA2.20190701.A3cld.05x0625.nc4
2281.344,hit,false,0.000,0,116.069,308,GEOS_0.5x0.625/MERRA2/2019/07/MERRA2.20190701.A3cld.05x0625.nc4
2281.384,hit,false,0.000,0,116.108,309,GEOS_0.5x0.625/MERRA2/2019/07/MERRA2.20190701.A3cld.05x0625.nc4
2281.409,hit,false,0.000,0,116.133,309,GEOS_0.5x0.625/MERRA2/2019/07/MERRA2.20190701.A3cld.05x0625.nc4
2281.446,hit,false,0.000,0,116.169,309,GEOS_0.5x0.625/MERRA2/2019/07/MERRA2.20190701.A3cld.05x0625.nc4
2281.471,hit,false,0.000,0,116.195,309,GEOS_0.5x0.625/MERRA2/2019/07/MERRA2.20190701.A3cld.05x0625.nc4
2281.502,hit,false,0.000,0,116.226,309,GEOS_0.5x0.625/MERRA2/2019/07/MERRA2.20190701.A3cld.05x0625.nc4
2281.527,hit,false,0.000,0,116.250,309,GEOS_0.5x0.625/MERRA2/2019/07/MERRA2.20190701.A3cld.05x0625.nc4
2281.560,hit,false,0.000,0,116.284,309,GEOS_0.5x0.625/MERRA2/2019/07/MERRA2.20190701.A3cld.05x0625.nc4
2281.589,hit,false,0.000,0,116.312,309,GEOS_0.5x0.625/MERRA2/2019/07/MERRA2.20190701.A3cld.05x0625.nc4
2281.616,hit,false,0.000,0,116.338,310,GEOS_0.5x0.625/MERRA2/2019/07/MERRA2.20190701.A3cld.05x0625.nc4
2281.647,hit,false,0.000,0,116.369,310,GEOS_0.5x0.625/MERRA2/2019/07/MERRA2.20190701.A3cld.05x0625.nc4
2281.684,hit,false,0.000,0,116.406,310,GEOS_0.5x0.625/MERRA2/2019/07/MERRA2.20190701.A3cld.05x0625.nc4
2281.706,hit,false,0.000,0,116.428,310,GEOS_0.5x0.625/MERRA2/2019/07/MERRA2.20190701.A3cld.05x0625.nc4
2281.743,hit,false,0.000,0,116.465,310,GEOS_0.5x0.625/MERRA2/2019/07/MERRA2.20190701.A3cld.05x0625.nc4
2281.766,hit,false,0.000,0,116.488,310,GEOS_0.5x0.625/MERRA2/2019/07/MERRA2.20190701.A3cld.05x0625.nc4
2281.798,hit,false,0.000,0,116.520,310,GEOS_0.5x0.625/MERRA2/2019/07/MERRA2.20190701.A3cld.05x0625.nc4
2281.827,hit,false,0.000,0,116.548,310,GEOS_0.5x0.625/MERRA2/2019/07/MERRA2.20190701.A3cld.05x0625.nc4
2281.849,hit,false,0.000,0,116.569,311,GEOS_0.5x0.625/MERRA2/2019/07/MERRA2.20190701.A3cld.05x0625.nc4
2281.888,hit,false,0.000,0,116.607,311,GEOS_0.5x0.625/MERRA2/2019/07/MERRA2.20190701.A3cld.05x0625.nc4
2281.910,hit,false,0.000,0,116.630,311,GEOS_0.5x0.625/MERRA2/2019/07/MERRA2.20190701.A3cld.05x0625.nc4
2281.942,hit,false,0.000,0,116.661,311,GEOS_0.5x0.625/MERRA2/2019/07/MERRA2.20190701.A3cld.05x0625.nc4
2281.968,hit,false,0.000,0,116.687,311,GEOS_0.5x0.625/MERRA2/2019/07/MERRA2.20190701.A3cld.05x0625.nc4
2281.998,hit,false,0.000,0,116.718,311,GEOS_0.5x0.625/MERRA2/2019/07/MERRA2.20190701.A3cld.05x0625.nc4
2282.025,hit,false,0.000,0,116.745,311,GEOS_0.5x0.625/MERRA2/2019/07/MERRA2.20190701.A3cld.05x0625.nc4
2282.054,hit,false,0.000,0,116.774,311,GEOS_0.5x0.625/MERRA2/2019/07/MERRA2.20190701.A3cld.05x0625.nc4
2282.084,hit,false,0.000,0,116.807,312,GEOS_0.5x0.625/MERRA2/2019/07/MERRA2.20190701.A3cld.05x0625.nc4
2282.113,hit,false,0.000,0,116.837,312,GEOS_0.5x0.625/MERRA2/2019/07/MERRA2.20190701.A3cld.05x0625.nc4
2282.231,hit,false,0.000,0,116.955,312,GEOS_0.5x0.625/MERRA2/2019/07/MERRA2.20190701.A3cld.05x0625.nc4
2282.252,hit,false,0.000,0,116.975,312,GEOS_0.5x0.625/MERRA2/2019/07/MERRA2.20190701.A3cld.05x0625.nc4
2282.287,hit,false,0.000,0,117.010,312,GEOS_0.5x0.625/MERRA2/2019/07/MERRA2.20190701.A3cld.05x0625.nc4
2282.312,hit,false,0.000,0,117.036,312,GEOS_0.5x0.625/MERRA2/2019/07/MERRA2.20190701.A3cld.05x0625.nc4
2282.342,hit,false,0.000,0,117.066,312,GEOS_0.5x0.625/MERRA2/2019/07/MERRA2.20190701.A3cld.05x0625.nc4
2282.369,hit,false,0.000,0,117.093,312,GEOS_0.5x0.625/MERRA2/2019/07/MERRA2.20190701.A3cld.05x0625.nc4
2282.399,hit,false,0.000,0,117.118,313,GEOS_0.5x0.625/MERRA2/2019/07/MERRA2.20190701.A3cld.05x0625.nc4
2282.432,hit,false,0.000,0,117.151,313,GEOS_0.5x0.625/MERRA2/2019/07/MERRA2.20190701.A3cld.05x0625.nc4
2282.461,hit,false,0.000,0,117.180,313,GEOS_0.5x0.625/MERRA2/2019/07/MERRA2.20190701.A3cld.05x0625.nc4
2282.492,hit,false,0.000,0,117.211,313,GEOS_0.5x0.625/MERRA2/2019/07/MERRA2.20190701.A3cld.05x0625.nc4
2282.515,hit,false,0.000,0,117.234,313,GEOS_0.5x0.625/MERRA2/2019/07/MERRA2.20190701.A3cld.05x0625.nc4
2282.556,hit,false,0.000,0,117.276,313,GEOS_0.5x0.625/MERRA2/2019/07/MERRA2.20190701.A3cld.05x0625.nc4
2282.579,hit,false,0.000,0,117.299,313,GEOS_0.5x0.625/MERRA2/2019/07/MERRA2.20190701.A3cld.05x0625.nc4
2282.610,hit,false,0.000,0,117.329,313,GEOS_0.5x0.625/MERRA2/2019/07/MERRA2.20190701.A3cld.05x0625.nc4
2282.637,hit,false,0.000,0,117.354,314,GEOS_0.5x0.625/MERRA2/2019/07/MERRA2.20190701.A3cld.05x0625.nc4
2282.670,hit,false,0.000,0,117.387,314,GEOS_0.5x0.625/MERRA2/2019/07/MERRA2.20190701.A3cld.05x0625.nc4
2282.693,hit,false,0.000,0,117.410,314,GEOS_0.5x0.625/MERRA2/2019/07/MERRA2.20190701.A3cld.05x0625.nc4
2282.729,hit,false,0.000,0,117.445,314,GEOS_0.5x0.625/MERRA2/2019/07/MERRA2.20190701.A3cld.05x0625.nc4
2282.751,hit,false,0.000,0,117.467,314,GEOS_0.5x0.625/MERRA2/2019/07/MERRA2.20190701.A3cld.05x0625.nc4
2282.787,hit,false,0.000,0,117.504,314,GEOS_0.5x0.625/MERRA2/2019/07/MERRA2.20190701.A3cld.05x0625.nc4
2282.810,hit,false,0.000,0,117.527,314,GEOS_0.5x0.625/MERRA2/2019/07/MERRA2.20190701.A3cld.05x0625.nc4
2282.850,hit,false,0.000,0,117.567,314,GEOS_0.5x0.625/MERRA2/2019/07/MERRA2.20190701.A3cld.05x0625.nc4
2282.873,hit,false,0.000,0,117.587,315,GEOS_0.5x0.625/MERRA2/2019/07/MERRA2.20190701.A3cld.05x0625.nc4
2282.908,hit,false,0.000,0,117.622,315,GEOS_0.5x0.625/MERRA2/2019/07/MERRA2.20190701.A3cld.05x0625.nc4
2282.933,hit,false,0.000,0,117.648,315,GEOS_0.5x0.625/MERRA2/2019/07/MERRA2.20190701.A3cld.05x0625.nc4
2282.965,hit,false,0.000,0,117.679,315,GEOS_0.5x0.625/MERRA2/2019/07/MERRA2.20190701.A3cld.05x0625.nc4
2282.989,hit,false,0.000,0,117.704,315,GEOS_0.5x0.625/MERRA2/2019/07/MERRA2.20190701.A3cld.05x0625.nc4
2283.021,hit,false,0.000,0,117.735,315,GEOS_0.5x0.625/MERRA2/2019/07/MERRA2.20190701.A3cld.05x0625.nc4
2283.044,hit,false,0.000,0,117.759,315,GEOS_0.5x0.625/MERRA2/2019/07/MERRA2.20190701.A3cld.05x0625.nc4
2283.084,hit,false,0.000,0,117.798,315,GEOS_0.5x0.625/MERRA2/2019/07/MERRA2.20190701.A3cld.05x0625.nc4
2283.108,hit,false,0.000,0,117.820,316,GEOS_0.5x0.625/MERRA2/2019/07/MERRA2.20190701.A3cld.05x0625.nc4
2283.144,hit,false,0.000,0,117.856,316,GEOS_0.5x0.625/MERRA2/2019/07/MERRA2.20190701.A3cld.05x0625.nc4
2283.167,hit,false,0.000,0,117.879,316,GEOS_0.5x0.625/MERRA2/2019/07/MERRA2.20190701.A3cld.05x0625.nc4
2283.199,hit,false,0.000,0,117.911,316,GEOS_0.5x0.625/MERRA2/2019/07/MERRA2.20190701.A3cld.05x0625.nc4
2283.224,hit,false,0.000,0,117.936,316,GEOS_0.5x0.625/MERRA2/2019/07/MERRA2.20190701.A3cld.05x0625.nc4
2283.252,hit,false,0.000,0,117.964,316,GEOS_0.5x0.625/MERRA2/2019/07/MERRA2.20190701.A3cld.05x0625.nc4
2283.283,hit,false,0.000,0,117.994,316,GEOS_0.5x0.625/MERRA2/2019/07/MERRA2.20190701.A3cld.05x0625.nc4
2283.309,hit,false,0.000,0,118.020,316,GEOS_0.5x0.625/MERRA2/2019/07/MERRA2.20190701.A3cld.05x0625.nc4
2283.339,hit,false,0.000,0,118.048,317,GEOS_0.5x0.625/MERRA2/2019/07/MERRA2.20190701.A3cld.05x0625.nc4
2283.367,hit,false,0.000,0,118.076,317,GEOS_0.5x0.625/MERRA2/2019/07/MERRA2.20190701.A3cld.05x0625.nc4
2283.398,hit,false,0.000,0,118.107,317,GEOS_0.5x0.625/MERRA2/2019/07/MERRA2.20190701.A3cld.05x0625.nc4
2283.422,hit,false,0.000,0,118.131,317,GEOS_0.5x0.625/MERRA2/2019/07/MERRA2.20190701.A3cld.05x0625.nc4
2283.453,hit,false,0.000,0,118.161,317,GEOS_0.5x0.625/MERRA2/2019/07/MERRA2.20190701.A3cld.05x0625.nc4
2283.476,hit,false,0.000,0,118.184,317,GEOS_0.5x0.625/MERRA2/2019/07/MERRA2.20190701.A3cld.05x0625.nc4
2283.512,hit,false,0.000,0,118.221,317,GEOS_0.5x0.625/MERRA2/2019/07/MERRA2.20190701.A3cld.05x0625.nc4
2283.534,hit,false,0.000,0,118.243,317,GEOS_0.5x0.625/MERRA2/2019/07/MERRA2.20190701.A3cld.05x0625.nc4
2283.567,hit,false,0.000,0,118.274,318,GEOS_0.5x0.625/MERRA2/2019/07/MERRA2.20190701.A3cld.05x0625.nc4
2283.594,hit,false,0.000,0,118.301,318,GEOS_0.5x0.625/MERRA2/2019/07/MERRA2.20190701.A3cld.05x0625.nc4
2283.625,hit,false,0.000,0,118.332,318,GEOS_0.5x0.625/MERRA2/2019/07/MERRA2.20190701.A3cld.05x0625.nc4
2283.649,hit,false,0.000,0,118.356,318,GEOS_0.5x0.625/MERRA2/2019/07/MERRA2.20190701.A3cld.05x0625.nc4
2283.682,hit,false,0.000,0,118.389,318,GEOS_0.5x0.625/MERRA2/2019/07/MERRA2.20190701.A3cld.05x0625.nc4
2283.705,hit,false,0.000,0,118.412,318,GEOS_0.5x0.625/MERRA2/2019/07/MERRA2.20190701.A3cld.05x0625.nc4
2283.737,hit,false,0.000,0,118.444,318,GEOS_0.5x0.625/MERRA2/2019/07/MERRA2.20190701.A3cld.05x0625.nc4
2283.763,hit,false,0.000,0,118.470,318,GEOS_0.5x0.625/MERRA2/2019/07/MERRA2.20190701.A3cld.05x0625.nc4
2283.794,hit,false,0.000,0,118.499,319,GEOS_0.5x0.625/MERRA2/2019/07/MERRA2.20190701.A3cld.05x0625.nc4
2283.819,hit,false,0.000,0,118.524,319,GEOS_0.5x0.625/MERRA2/2019/07/MERRA2.20190701.A3cld.05x0625.nc4
2283.855,hit,false,0.000,0,118.559,319,GEOS_0.5x0.625/MERRA2/2019/07/MERRA2.20190701.A3cld.05x0625.nc4
2283.877,hit,false,0.000,0,118.582,319,GEOS_0.5x0.625/MERRA2/2019/07/MERRA2.20190701.A3cld.05x0625.nc4
2283.908,hit,false,0.000,0,118.613,319,GEOS_0.5x0.625/MERRA2/2019/07/MERRA2.20190701.A3cld.05x0625.nc4
2283.933,hit,false,0.000,0,118.638,319,GEOS_0.5x0.625/MERRA2/2019/07/MERRA2.20190701.A3cld.05x0625.nc4
2283.964,hit,false,0.000,0,118.668,319,GEOS_0.5x0.625/MERRA2/2019/07/MERRA2.20190701.A3cld.05x0625.nc4
2283.991,hit,false,0.000,0,118.696,319,GEOS_0.5x0.625/MERRA2/2019/07/MERRA2.20190701.A3cld.05x0625.nc4
2284.020,hit,false,0.000,0,118.748,320,GEOS_0.5x0.625/MERRA2/2019/07/MERRA2.20190701.A3cld.05x0625.nc4
2284.125,hit,false,0.000,0,118.853,320,GEOS_0.5x0.625/MERRA2/2019/07/MERRA2.20190701.A3cld.05x0625.nc4
2284.146,hit,false,0.000,0,118.874,320,GEOS_0.5x0.625/MERRA2/2019/07/MERRA2.20190701.A3cld.05x0625.nc4
2284.180,hit,false,0.000,0,118.908,320,GEOS_0.5x0.625/MERRA2/2019/07/MERRA2.20190701.A3cld.05x0625.nc4
2284.205,hit,false,0.000,0,118.933,320,GEOS_0.5x0.625/MERRA2/2019/07/MERRA2.20190701.A3cld.05x0625.nc4
2284.239,hit,false,0.000,0,118.967,320,GEOS_0.5x0.625/MERRA2/2019/07/MERRA2.20190701.A3cld.05x0625.nc4
2284.265,hit,false,0.000,0,118.993,320,GEOS_0.5x0.625/MERRA2/2019/07/MERRA2.20190701.A3cld.05x0625.nc4
2284.297,hit,false,0.000,0,119.025,320,GEOS_0.5x0.625/MERRA2/2019/07/MERRA2.20190701.A3cld.05x0625.nc4
2284.326,hit,false,0.000,0,119.050,321,GEOS_0.5x0.625/MERRA2/2019/07/MERRA2.20190701.A3cld.05x0625.nc4
2284.356,hit,false,0.000,0,119.080,321,GEOS_0.5x0.625/MERRA2/2019/07/MERRA2.20190701.A3cld.05x0625.nc4
2284.387,hit,false,0.000,0,119.111,321,GEOS_0.5x0.625/MERRA2/2019/07/MERRA2.20190701.A3cld.05x0625.nc4
2284.409,hit,false,0.000,0,119.133,321,GEOS_0.5x0.625/MERRA2/2019/07/MERRA2.20190701.A3cld.05x0625.nc4
2284.447,hit,false,0.000,0,119.171,321,GEOS_0.5x0.625/MERRA2/2019/07/MERRA2.20190701.A3cld.05x0625.nc4
2284.469,hit,false,0.000,0,119.193,321,GEOS_0.5x0.625/MERRA2/2019/07/MERRA2.20190701.A3cld.05x0625.nc4
2284.508,hit,false,0.000,0,119.232,321,GEOS_0.5x0.625/MERRA2/2019/07/MERRA2.20190701.A3cld.05x0625.nc4
2284.530,hit,false,0.000,0,119.254,321,GEOS_0.5x0.625/MERRA2/2019/07/MERRA2.20190701.A3cld.05x0625.nc4
2284.563,hit,false,0.000,0,119.283,322,GEOS_0.5x0.625/MERRA2/2019/07/MERRA2.20190701.A3cld.05x0625.nc4
2284.590,hit,false,0.000,0,119.310,322,GEOS_0.5x0.625/MERRA2/2019/07/MERRA2.20190701.A3cld.05x0625.nc4
2284.622,hit,false,0.000,0,119.343,322,GEOS_0.5x0.625/MERRA2/2019/07/MERRA2.20190701.A3cld.05x0625.nc4
2284.646,hit,false,0.000,0,119.366,322,GEOS_0.5x0.625/MERRA2/2019/07/MERRA2.20190701.A3cld.05x0625.nc4
2284.676,hit,false,0.000,0,119.397,322,GEOS_0.5x0.625/MERRA2/2019/07/MERRA2.20190701.A3cld.05x0625.nc4
2284.700,hit,false,0.000,0,119.421,322,GEOS_0.5x0.625/MERRA2/2019/07/MERRA2.20190701.A3cld.05x0625.nc4
2284.732,hit,false,0.000,0,119.453,322,GEOS_0.5x0.625/MERRA2/2019/07/MERRA2.20190701.A3cld.05x0625.nc4
2284.754,hit,false,0.000,0,119.475,322,GEOS_0.5x0.625/MERRA2/2019/07/MERRA2.20190701.A3cld.05x0625.nc4
2284.792,hit,false,0.000,0,119.511,323,GEOS_0.5x0.625/MERRA2/2019/07/MERRA2.20190701.A3cld.05x0625.nc4
2284.818,hit,false,0.000,0,119.537,323,GEOS_0.5x0.625/MERRA2/2019/07/MERRA2.20190701.A3cld.05x0625.nc4
2284.854,hit,false,0.000,0,119.573,323,GEOS_0.5x0.625/MERRA2/2019/07/MERRA2.20190701.A3cld.05x0625.nc4
2284.882,hit,false,0.000,0,119.601,323,GEOS_0.5x0.625/MERRA2/2019/07/MERRA2.20190701.A3cld.05x0625.nc4
2284.912,hit,false,0.000,0,119.631,323,GEOS_0.5x0.625/MERRA2/2019/07/MERRA2.20190701.A3cld.05x0625.nc4
2284.940,hit,false,0.000,0,119.659,323,GEOS_0.5x0.625/MERRA2/2019/07/MERRA2.20190701.A3cld.05x0625.nc4
2284.969,hit,false,0.000,0,119.688,323,GEOS_0.5x0.625/MERRA2/2019/07/MERRA2.20190701.A3cld.05x0625.nc4
2284.998,hit,false,0.000,0,119.717,323,GEOS_0.5x0.625/MERRA2/2019/07/MERRA2.20190701.A3cld.05x0625.nc4
2285.026,hit,false,0.000,0,119.743,324,GEOS_0.5x0.625/MERRA2/2019/07/MERRA2.20190701.A3cld.05x0625.nc4
2285.058,hit,false,0.000,0,119.774,324,GEOS_0.5x0.625/MERRA2/2019/07/MERRA2.20190701.A3cld.05x0625.nc4
2285.087,hit,false,0.000,0,119.803,324,GEOS_0.5x0.625/MERRA2/2019/07/MERRA2.20190701.A3cld.05x0625.nc4
2285.115,hit,false,0.000,0,119.831,324,GEOS_0.5x0.625/MERRA2/2019/07/MERRA2.20190701.A3cld.05x0625.nc4
2285.143,hit,false,0.000,0,119.859,324,GEOS_0.5x0.625/MERRA2/2019/07/MERRA2.20190701.A3cld.05x0625.nc4
2285.172,hit,false,0.000,0,119.888,324,GEOS_0.5x0.625/MERRA2/2019/07/MERRA2.20190701.A3cld.05x0625.nc4
2285.200,hit,false,0.000,0,119.916,324,GEOS_0.5x0.625/MERRA2/2019/07/MERRA2.20190701.A3cld.05x0625.nc4
2285.230,hit,false,0.000,0,119.946,324,GEOS_0.5x0.625/MERRA2/2019/07/MERRA2.20190701.A3cld.05x0625.nc4
2285.257,hit,false,0.000,0,119.971,325,GEOS_0.5x0.625/MERRA2/2019/07/MERRA2.20190701.A3cld.05x0625.nc4
2285.289,hit,false,0.000,0,120.004,325,GEOS_0.5x0.625/MERRA2/2019/07/MERRA2.20190701.A3cld.05x0625.nc4
2285.320,hit,false,0.000,0,120.034,325,GEOS_0.5x0.625/MERRA2/2019/07/MERRA2.20190701.A3cld.05x0625.nc4
2285.347,hit,false,0.000,0,120.062,325,GEOS_0.5x0.625/MERRA2/2019/07/MERRA2.20190701.A3cld.05x0625.nc4
2285.376,hit,false,0.000,0,120.090,325,GEOS_0.5x0.625/MERRA2/2019/07/MERRA2.20190701.A3cld.05x0625.nc4
2285.403,hit,false,0.000,0,120.118,325,GEOS_0.5x0.625/MERRA2/2019/07/MERRA2.20190701.A3cld.05x0625.nc4
2285.434,hit,false,0.000,0,120.149,325,GEOS_0.5x0.625/MERRA2/2019/07/MERRA2.20190701.A3cld.05x0625.nc4
2285.458,hit,false,0.000,0,120.173,325,GEOS_0.5x0.625/MERRA2/2019/07/MERRA2.20190701.A3cld.05x0625.nc4
2285.488,hit,false,0.000,0,120.200,326,GEOS_0.5x0.625/MERRA2/2019/07/MERRA2.20190701.A3cld.05x0625.nc4
2285.515,hit,false,0.000,0,120.227,326,GEOS_0.5x0.625/MERRA2/2019/07/MERRA2.20190701.A3cld.05x0625.nc4
2285.547,hit,false,0.000,0,120.259,326,GEOS_0.5x0.625/MERRA2/2019/07/MERRA2.20190701.A3cld.05x0625.nc4
2285.570,hit,false,0.000,0,120.282,326,GEOS_0.5x0.625/MERRA2/2019/07/MERRA2.20190701.A3cld.05x0625.nc4
2285.601,hit,false,0.000,0,120.313,326,GEOS_0.5x0.625/MERRA2/2019/07/MERRA2.20190701.A3cld.05x0625.nc4
2285.625,hit,false,0.000,0,120.337,326,GEOS_0.5x0.625/MERRA2/2019/07/MERRA2.20190701.A3cld.05x0625.nc4
2285.659,hit,false,0.000,0,120.371,326,GEOS_0.5x0.625/MERRA2/2019/07/MERRA2.20190701.A3cld.05x0625.nc4
2285.682,hit,false,0.000,0,120.394,326,GEOS_0.5x0.625/MERRA2/2019/07/MERRA2.20190701.A3cld.05x0625.nc4
2285.716,hit,false,0.000,0,120.426,327,GEOS_0.5x0.625/MERRA2/2019/07/MERRA2.20190701.A3cld.05x0625.nc4
2285.746,hit,false,0.000,0,120.457,327,GEOS_0.5x0.625/MERRA2/2019/07/MERRA2.20190701.A3cld.05x0625.nc4
2285.777,hit,false,0.000,0,120.488,327,GEOS_0.5x0.625/MERRA2/2019/07/MERRA2.20190701.A3cld.05x0625.nc4
2285.801,hit,false,0.000,0,120.511,327,GEOS_0.5x0.625/MERRA2/2019/07/MERRA2.20190701.A3cld.05x0625.nc4
2285.833,hit,false,0.000,0,120.543,327,GEOS_0.5x0.625/MERRA2/2019/07/MERRA2.20190701.A3cld.05x0625.nc4
2285.859,hit,false,0.000,0,120.569,327,GEOS_0.5x0.625/MERRA2/2019/07/MERRA2.20190701.A3cld.05x0625.nc4
2285.888,hit,false,0.000,0,120.598,327,GEOS_0.5x0.625/MERRA2/2019/07/MERRA2.20190701.A3cld.05x0625.nc4
2285.918,hit,false,0.000,0,120.628,327,GEOS_0.5x0.625/MERRA2/2019/07/MERRA2.20190701.A3cld.05x0625.nc4
2286.010,hit,false,0.000,0,117.504,328,GEOS_0.5x0.625/MERRA2/2019/07/MERRA2.20190701.A3cld.05x0625.nc4
2286.035,hit,false,0.000,0,117.529,328,GEOS_0.5x0.625/MERRA2/2019/07/MERRA2.20190701.A3cld.05x0625.nc4
2286.083,hit,false,0.000,0,117.577,328,GEOS_0.5x0.625/MERRA2/2019/07/MERRA2.20190701.A3cld.05x0625.nc4
2286.104,hit,false,0.000,0,117.598,328,GEOS_0.5x0.625/MERRA2/2019/07/MERRA2.20190701.A3cld.05x0625.nc4
2286.142,hit,false,0.000,0,117.637,328,GEOS_0.5x0.625/MERRA2/2019/07/MERRA2.20190701.A3cld.05x0625.nc4
2286.166,hit,false,0.000,0,117.660,328,GEOS_0.5x0.625/MERRA2/2019/07/MERRA2.20190701.A3cld.05x0625.nc4
2286.203,hit,false,0.000,0,117.697,328,GEOS_0.5x0.625/MERRA2/2019/07/MERRA2.20190701.A3cld.05x0625.nc4
2286.225,hit,false,0.000,0,117.719,328,GEOS_0.5x0.625/MERRA2/2019/07/MERRA2.20190701.A3cld.05x0625.nc4
2286.265,hit,false,0.000,0,117.754,329,GEOS_0.5x0.625/MERRA2/2019/07/MERRA2.20190701.A3cld.05x0625.nc4
2286.291,hit,false,0.000,0,117.780,329,GEOS_0.5x0.625/MERRA2/2019/07/MERRA2.20190701.A3cld.05x0625.nc4
2286.331,hit,false,0.000,0,117.820,329,GEOS_0.5x0.625/MERRA2/2019/07/MERRA2.20190701.A3cld.05x0625.nc4
2286.354,hit,false,0.000,0,117.843,329,GEOS_0.5x0.625/MERRA2/2019/07/MERRA2.20190701.A3cld.05x0625.nc4
2286.387,hit,false,0.000,0,117.876,329,GEOS_0.5x0.625/MERRA2/2019/07/MERRA2.20190701.A3cld.05x0625.nc4
2286.410,hit,false,0.000,0,117.899,329,GEOS_0.5x0.625/MERRA2/2019/07/MERRA2.20190701.A3cld.05x0625.nc4
2286.444,hit,false,0.000,0,117.933,329,GEOS_0.5x0.625/MERRA2/2019/07/MERRA2.20190701.A3cld.05x0625.nc4
2286.466,hit,false,0.000,0,117.955,329,GEOS_0.5x0.625/MERRA2/2019/07/MERRA2.20190701.A3cld.05x0625.nc4
2286.504,hit,false,0.000,0,117.991,330,GEOS_0.5x0.625/MERRA2/2019/07/MERRA2.20190701.A3cld.05x0625.nc4
2286.529,hit,false,0.000,0,118.016,330,GEOS_0.5x0.625/MERRA2/2019/07/MERRA2.20190701.A3cld.05x0625.nc4
2286.566,hit,false,0.000,0,118.053,330,GEOS_0.5x0.625/MERRA2/2019/07/MERRA2.20190701.A3cld.05x0625.nc4
2286.589,hit,false,0.000,0,118.076,330,GEOS_0.5x0.625/MERRA2/2019/07/MERRA2.20190701.A3cld.05x0625.nc4
2286.622,hit,false,0.000,0,118.109,330,GEOS_0.5x0.625/MERRA2/2019/07/MERRA2.20190701.A3cld.05x0625.nc4
2286.646,hit,false,0.000,0,118.132,330,GEOS_0.5x0.625/MERRA2/2019/07/MERRA2.20190701.A3cld.05x0625.nc4
2286.677,hit,false,0.000,0,118.163,330,GEOS_0.5x0.625/MERRA2/2019/07/MERRA2.20190701.A3cld.05x0625.nc4
2286.703,hit,false,0.000,0,118.190,330,GEOS_0.5x0.625/MERRA2/2019/07/MERRA2.20190701.A3cld.05x0625.nc4
2286.732,hit,false,0.000,0,118.217,331,GEOS_0.5x0.625/MERRA2/2019/07/MERRA2.20190701.A3cld.05x0625.nc4
2286.758,hit,false,0.000,0,118.242,331,GEOS_0.5x0.625/MERRA2/2019/07/MERRA2.20190701.A3cld.05x0625.nc4
2286.790,hit,false,0.000,0,118.275,331,GEOS_0.5x0.625/MERRA2/2019/07/MERRA2.20190701.A3cld.05x0625.nc4
2286.814,hit,false,0.000,0,118.299,331,GEOS_0.5x0.625/MERRA2/2019/07/MERRA2.20190701.A3cld.05x0625.nc4
2286.843,hit,false,0.000,0,118.327,331,GEOS_0.5x0.625/MERRA2/2019/07/MERRA2.20190701.A3cld.05x0625.nc4
2286.874,hit,false,0.000,0,118.358,331,GEOS_0.5x0.625/MERRA2/2019/07/MERRA2.20190701.A3cld.05x0625.nc4
2286.896,hit,false,0.000,0,118.381,331,GEOS_0.5x0.625/MERRA2/2019/07/MERRA2.20190701.A3cld.05x0625.nc4
2286.927,hit,false,0.000,0,118.411,331,GEOS_0.5x0.625/MERRA2/2019/07/MERRA2.20190701.A3cld.05x0625.nc4
2286.952,hit,false,0.000,0,118.434,332,GEOS_0.5x0.625/MERRA2/2019/07/MERRA2.20190701.A3cld.05x0625.nc4
2286.989,hit,false,0.000,0,118.471,332,GEOS_0.5x0.625/MERRA2/2019/07/MERRA2.20190701.A3cld.05x0625.nc4
2287.014,hit,false,0.000,0,118.497,332,GEOS_0.5x0.625/MERRA2/2019/07/MERRA2.20190701.A3cld.05x0625.nc4
2287.047,hit,false,0.000,0,118.530,332,GEOS_0.5x0.625/MERRA2/2019/07/MERRA2.20190701.A3cld.05x0625.nc4
2287.083,hit,false,0.000,0,118.566,332,GEOS_0.5x0.625/MERRA2/2019/07/MERRA2.20190701.A3cld.05x0625.nc4
2287.114,hit,false,0.000,0,118.597,332,GEOS_0.5x0.625/MERRA2/2019/07/MERRA2.20190701.A3cld.05x0625.nc4
2287.144,hit,false,0.000,0,118.626,332,GEOS_0.5x0.625/MERRA2/2019/07/MERRA2.20190701.A3cld.05x0625.nc4
2287.173,hit,false,0.000,0,118.655,332,GEOS_0.5x0.625/MERRA2/2019/07/MERRA2.20190701.A3cld.05x0625.nc4
2287.201,hit,false,0.000,0,118.682,333,GEOS_0.5x0.625/MERRA2/2019/07/MERRA2.20190701.A3cld.05x0625.nc4
2287.234,hit,false,0.000,0,118.714,333,GEOS_0.5x0.625/MERRA2/2019/07/MERRA2.20190701.A3cld.05x0625.nc4
2287.262,hit,false,0.000,0,118.743,333,GEOS_0.5x0.625/MERRA2/2019/07/MERRA2.20190701.A3cld.05x0625.nc4
2287.291,hit,false,0.000,0,118.771,333,GEOS_0.5x0.625/MERRA2/2019/07/MERRA2.20190701.A3cld.05x0625.nc4
2287.320,hit,false,0.000,0,118.800,333,GEOS_0.5x0.625/MERRA2/2019/07/MERRA2.20190701.A3cld.05x0625.nc4
2287.349,hit,false,0.000,0,118.829,333,GEOS_0.5x0.625/MERRA2/2019/07/MERRA2.20190701.A3cld.05x0625.nc4
2287.377,hit,false,0.000,0,118.857,333,GEOS_0.5x0.625/MERRA2/2019/07/MERRA2.20190701.A3cld.05x0625.nc4
2287.423,hit,false,0.000,0,118.903,333,GEOS_0.5x0.625/MERRA2/2019/07/MERRA2.20190701.A3cld.05x0625.nc4
2287.445,hit,false,0.000,0,118.924,334,GEOS_0.5x0.625/MERRA2/2019/07/MERRA2.20190701.A3cld.05x0625.nc4
2287.485,hit,false,0.000,0,118.963,334,GEOS_0.5x0.625/MERRA2/2019/07/MERRA2.20190701.A3cld.05x0625.nc4
2287.508,hit,false,0.000,0,118.987,334,GEOS_0.5x0.625/MERRA2/2019/07/MERRA2.20190701.A3cld.05x0625.nc4
2287.551,hit,false,0.000,0,119.030,334,GEOS_0.5x0.625/MERRA2/2019/07/MERRA2.20190701.A3cld.05x0625.nc4
2287.575,hit,false,0.000,0,119.054,334,GEOS_0.5x0.625/MERRA2/2019/07/MERRA2.20190701.A3cld.05x0625.nc4
2287.616,hit,false,0.000,0,119.094,334,GEOS_0.5x0.625/MERRA2/2019/07/MERRA2.20190701.A3cld.05x0625.nc4
2287.638,hit,false,0.000,0,119.116,334,GEOS_0.5x0.625/MERRA2/2019/07/MERRA2.20190701.A3cld.05x0625.nc4
2287.677,hit,false,0.000,0,119.155,334,GEOS_0.5x0.625/MERRA2/2019/07/MERRA2.20190701.A3cld.05x0625.nc4
2287.700,hit,false,0.000,0,119.177,335,GEOS_0.5x0.625/MERRA2/2019/07/MERRA2.20190701.A3cld.05x0625.nc4
2287.738,hit,false,0.000,0,119.214,335,GEOS_0.5x0.625/MERRA2/2019/07/MERRA2.20190701.A3cld.05x0625.nc4
2287.770,hit,false,0.000,0,119.247,335,GEOS_0.5x0.625/MERRA2/2019/07/MERRA2.20190701.A3cld.05x0625.nc4
2287.792,hit,false,0.000,0,119.269,335,GEOS_0.5x0.625/MERRA2/2019/07/MERRA2.20190701.A3cld.05x0625.nc4
2287.834,hit,false,0.000,0,119.311,335,GEOS_0.5x0.625/MERRA2/2019/07/MERRA2.20190701.A3cld.05x0625.nc4
2287.855,hit,false,0.000,0,119.331,335,GEOS_0.5x0.625/MERRA2/2019/07/MERRA2.20190701.A3cld.05x0625.nc4
2287.895,hit,false,0.000,0,119.372,335,GEOS_0.5x0.625/MERRA2/2019/07/MERRA2.20190701.A3cld.05x0625.nc4
2287.993,hit,false,0.000,0,119.470,335,GEOS_0.5x0.625/MERRA2/2019/07/MERRA2.20190701.A3cld.05x0625.nc4
2288.014,hit,false,0.000,0,119.507,336,GEOS_0.5x0.625/MERRA2/2019/07/MERRA2.20190701.A3cld.05x0625.nc4
2288.057,hit,false,0.000,0,119.549,336,GEOS_0.5x0.625/MERRA2/2019/07/MERRA2.20190701.A3cld.05x0625.nc4
2288.084,hit,false,0.000,0,119.577,336,GEOS_0.5x0.625/MERRA2/2019/07/MERRA2.20190701.A3cld.05x0625.nc4
2288.116,hit,false,0.000,0,119.609,336,GEOS_0.5x0.625/MERRA2/2019/07/MERRA2.20190701.A3cld.05x0625.nc4
2288.142,hit,false,0.000,0,119.635,336,GEOS_0.5x0.625/MERRA2/2019/07/MERRA2.20190701.A3cld.05x0625.nc4
2288.174,hit,false,0.000,0,119.667,336,GEOS_0.5x0.625/MERRA2/2019/07/MERRA2.20190701.A3cld.05x0625.nc4
2288.199,hit,false,0.000,0,119.692,336,GEOS_0.5x0.625/MERRA2/2019/07/MERRA2.20190701.A3cld.05x0625.nc4
2288.230,hit,false,0.000,0,119.723,336,GEOS_0.5x0.625/MERRA2/2019/07/MERRA2.20190701.A3cld.05x0625.nc4
2288.260,hit,false,0.000,0,119.749,337,GEOS_0.5x0.625/MERRA2/2019/07/MERRA2.20190701.A3cld.05x0625.nc4
2288.291,hit,false,0.000,0,119.780,337,GEOS_0.5x0.625/MERRA2/2019/07/MERRA2.20190701.A3cld.05x0625.nc4
2288.323,hit,false,0.000,0,119.812,337,GEOS_0.5x0.625/MERRA2/2019/07/MERRA2.20190701.A3cld.05x0625.nc4
2288.349,hit,false,0.000,0,119.839,337,GEOS_0.5x0.625/MERRA2/2019/07/MERRA2.20190701.A3cld.05x0625.nc4
2288.380,hit,false,0.000,0,119.869,337,GEOS_0.5x0.625/MERRA2/2019/07/MERRA2.20190701.A3cld.05x0625.nc4
2288.408,hit,false,0.000,0,119.897,337,GEOS_0.5x0.625/MERRA2/2019/07/MERRA2.20190701.A3cld.05x0625.nc4
2288.439,hit,false,0.000,0,119.929,337,GEOS_0.5x0.625/MERRA2/2019/07/MERRA2.20190701.A3cld.05x0625.nc4
2288.467,hit,false,0.000,0,119.957,337,GEOS_0.5x0.625/MERRA2/2019/07/MERRA2.20190701.A3cld.05x0625.nc4
2288.497,hit,false,0.000,0,119.984,338,GEOS_0.5x0.625/MERRA2/2019/07/MERRA2.20190701.A3cld.05x0625.nc4
2288.529,hit,false,0.000,0,120.016,338,GEOS_0.5x0.625/MERRA2/2019/07/MERRA2.20190701.A3cld.05x0625.nc4
2288.562,hit,false,0.000,0,120.050,338,GEOS_0.5x0.625/MERRA2/2019/07/MERRA2.20190701.A3cld.05x0625.nc4
2288.587,hit,false,0.000,0,120.075,338,GEOS_0.5x0.625/MERRA2/2019/07/MERRA2.20190701.A3cld.05x0625.nc4
2288.620,hit,false,0.000,0,120.108,338,GEOS_0.5x0.625/MERRA2/2019/07/MERRA2.20190701.A3cld.05x0625.nc4
2288.644,hit,false,0.000,0,120.132,338,GEOS_0.5x0.625/MERRA2/2019/07/MERRA2.20190701.A3cld.05x0625.nc4
2288.677,hit,false,0.000,0,120.165,338,GEOS_0.5x0.625/MERRA2/2019/07/MERRA2.20190701.A3cld.05x0625.nc4
2288.702,hit,false,0.000,0,120.190,338,GEOS_0.5x0.625/MERRA2/2019/07/MERRA2.20190701.A3cld.05x0625.nc4
2288.733,hit,false,0.000,0,120.218,339,GEOS_0.5x0.625/MERRA2/2019/07/MERRA2.20190701.A3cld.05x0625.nc4
2288.762,hit,false,0.000,0,120.248,339,GEOS_0.5x0.625/MERRA2/2019/07/MERRA2.20190701.A3cld.05x0625.nc4
2288.793,hit,false,0.000,0,120.278,339,GEOS_0.5x0.625/MERRA2/2019/07/MERRA2.20190701.A3cld.05x0625.nc4
2288.822,hit,false,0.000,0,120.307,339,GEOS_0.5x0.625/MERRA2/2019/07/MERRA2.20190701.A3cld.05x0625.nc4
2288.853,hit,false,0.000,0,120.339,339,GEOS_0.5x0.625/MERRA2/2019/07/MERRA2.20190701.A3cld.05x0625.nc4
2288.882,hit,false,0.000,0,120.368,339,GEOS_0.5x0.625/MERRA2/2019/07/MERRA2.20190701.A3cld.05x0625.nc4
2288.911,hit,false,0.000,0,120.396,339,GEOS_0.5x0.625/MERRA2/2019/07/MERRA2.20190701.A3cld.05x0625.nc4
2288.941,hit,false,0.000,0,120.426,339,GEOS_0.5x0.625/MERRA2/2019/07/MERRA2.20190701.A3cld.05x0625.nc4
2288.970,hit,false,0.000,0,120.454,340,GEOS_0.5x0.625/MERRA2/2019/07/MERRA2.20190701.A3cld.05x0625.nc4
2289.001,hit,false,0.000,0,120.485,340,GEOS_0.5x0.625/MERRA2/2019/07/MERRA2.20190701.A3cld.05x0625.nc4
2289.030,hit,false,0.000,0,120.514,340,GEOS_0.5x0.625/MERRA2/2019/07/MERRA2.20190701.A3cld.05x0625.nc4
2289.060,hit,false,0.000,0,120.544,340,GEOS_0.5x0.625/MERRA2/2019/07/MERRA2.20190701.A3cld.05x0625.nc4
2289.088,hit,false,0.000,0,120.572,340,GEOS_0.5x0.625/MERRA2/2019/07/MERRA2.20190701.A3cld.05x0625.nc4
2289.118,hit,false,0.000,0,120.602,340,GEOS_0.5x0.625/MERRA2/2019/07/MERRA2.20190701.A3cld.05x0625.nc4
2289.145,hit,false,0.000,0,120.629,340,GEOS_0.5x0.625/MERRA2/2019/07/MERRA2.20190701.A3cld.05x0625.nc4
2289.175,hit,false,0.000,0,120.659,340,GEOS_0.5x0.625/MERRA2/2019/07/MERRA2.20190701.A3cld.05x0625.nc4
2289.205,hit,false,0.000,0,120.687,341,GEOS_0.5x0.625/MERRA2/2019/07/MERRA2.20190701.A3cld.05x0625.nc4
2289.234,hit,false,0.000,0,120.716,341,GEOS_0.5x0.625/MERRA2/2019/07/MERRA2.20190701.A3cld.05x0625.nc4
2289.264,hit,false,0.000,0,120.746,341,GEOS_0.5x0.625/MERRA2/2019/07/MERRA2.20190701.A3cld.05x0625.nc4
2289.292,hit,false,0.000,0,120.774,341,GEOS_0.5x0.625/MERRA2/2019/07/MERRA2.20190701.A3cld.05x0625.nc4
2289.322,hit,false,0.000,0,120.804,341,GEOS_0.5x0.625/MERRA2/2019/07/MERRA2.20190701.A3cld.05x0625.nc4
2289.345,hit,false,0.000,0,120.827,341,GEOS_0.5x0.625/MERRA2/2019/07/MERRA2.20190701.A3cld.05x0625.nc4
2289.376,hit,false,0.000,0,120.858,341,GEOS_0.5x0.625/MERRA2/2019/07/MERRA2.20190701.A3cld.05x0625.nc4
2289.402,hit,false,0.000,0,120.884,341,GEOS_0.5x0.625/MERRA2/2019/07/MERRA2.20190701.A3cld.05x0625.nc4
2289.433,hit,false,0.000,0,120.912,342,GEOS_0.5x0.625/MERRA2/2019/07/MERRA2.20190701.A3cld.05x0625.nc4
2289.464,hit,false,0.000,0,120.943,342,GEOS_0.5x0.625/MERRA2/2019/07/MERRA2.20190701.A3cld.05x0625.nc4
2289.491,hit,false,0.000,0,120.971,342,GEOS_0.5x0.625/MERRA2/2019/07/MERRA2.20190701.A3cld.05x0625.nc4
2289.529,hit,false,0.000,0,121.009,342,GEOS_0.5x0.625/MERRA2/2019/07/MERRA2.20190701.A3cld.05x0625.nc4
2289.553,hit,false,0.000,0,121.032,342,GEOS_0.5x0.625/MERRA2/2019/07/MERRA2.20190701.A3cld.05x0625.nc4
2289.588,hit,false,0.000,0,121.067,342,GEOS_0.5x0.625/MERRA2/2019/07/MERRA2.20190701.A3cld.05x0625.nc4
2289.610,hit,false,0.000,0,121.090,342,GEOS_0.5x0.625/MERRA2/2019/07/MERRA2.20190701.A3cld.05x0625.nc4
2289.644,hit,false,0.000,0,121.124,342,GEOS_0.5x0.625/MERRA2/2019/07/MERRA2.20190701.A3cld.05x0625.nc4
2289.667,hit,false,0.000,0,121.145,343,GEOS_0.5x0.625/MERRA2/2019/07/MERRA2.20190701.A3cld.05x0625.nc4
2289.704,hit,false,0.000,0,121.181,343,GEOS_0.5x0.625/MERRA2/2019/07/MERRA2.20190701.A3cld.05x0625.nc4
2289.729,hit,false,0.000,0,121.207,343,GEOS_0.5x0.625/MERRA2/2019/07/MERRA2.20190701.A3cld.05x0625.nc4
2289.761,hit,false,0.000,0,121.239,343,GEOS_0.5x0.625/MERRA2/2019/07/MERRA2.20190701.A3cld.05x0625.nc4
2289.786,hit,false,0.000,0,121.263,343,GEOS_0.5x0.625/MERRA2/2019/07/MERRA2.20190701.A3cld.05x0625.nc4
2289.819,hit,false,0.000,0,121.296,343,GEOS_0.5x0.625/MERRA2/2019/07/MERRA2.20190701.A3cld.05x0625.nc4
2289.916,hit,false,0.000,0,121.393,343,GEOS_0.5x0.625/MERRA2/2019/07/MERRA2.20190701.A3cld.05x0625.nc4
2289.935,hit,false,0.000,0,121.413,343,GEOS_0.5x0.625/MERRA2/2019/07/MERRA2.20190701.A3cld.05x0625.nc4
2289.975,hit,false,0.000,0,121.450,344,GEOS_0.5x0.625/MERRA2/2019/07/MERRA2.20190701.A3cld.05x0625.nc4
2289.999,hit,false,0.000,0,121.474,344,GEOS_0.5x0.625/MERRA2/2019/07/MERRA2.20190701.A3cld.05x0625.nc4
2290.056,hit,false,0.000,0,121.531,344,GEOS_0.5x0.625/MERRA2/2019/07/MERRA2.20190701.A3cld.05x0625.nc4
2290.076,hit,false,0.000,0,121.551,344,GEOS_0.5x0.625/MERRA2/2019/07/MERRA2.20190701.A3cld.05x0625.nc4
2290.112,hit,false,0.000,0,121.587,344,GEOS_0.5x0.625/MERRA2/2019/07/MERRA2.20190701.A3cld.05x0625.nc4
2290.138,hit,false,0.000,0,121.612,344,GEOS_0.5x0.625/MERRA2/2019/07/MERRA2.20190701.A3cld.05x0625.nc4
2290.170,hit,false,0.000,0,121.645,344,GEOS_0.5x0.625/MERRA2/2019/07/MERRA2.20190701.A3cld.05x0625.nc4
2290.195,hit,false,0.000,0,121.669,344,GEOS_0.5x0.625/MERRA2/2019/07/MERRA2.20190701.A3cld.05x0625.nc4
2290.225,hit,false,0.000,0,121.695,345,GEOS_0.5x0.625/MERRA2/2019/07/MERRA2.20190701.A3cld.05x0625.nc4
2290.257,hit,false,0.000,0,121.727,345,GEOS_0.5x0.625/MERRA2/2019/07/MERRA2.20190701.A3cld.05x0625.nc4
2290.287,hit,false,0.000,0,121.757,345,GEOS_0.5x0.625/MERRA2/2019/07/MERRA2.20190701.A3cld.05x0625.nc4
2290.317,hit,false,0.000,0,121.787,345,GEOS_0.5x0.625/MERRA2/2019/07/MERRA2.20190701.A3cld.05x0625.nc4
2290.345,hit,false,0.000,0,121.816,345,GEOS_0.5x0.625/MERRA2/2019/07/MERRA2.20190701.A3cld.05x0625.nc4
2290.379,hit,false,0.000,0,121.849,345,GEOS_0.5x0.625/MERRA2/2019/07/MERRA2.20190701.A3cld.05x0625.nc4
2290.402,hit,false,0.000,0,121.872,345,GEOS_0.5x0.625/MERRA2/2019/07/MERRA2.20190701.A3cld.05x0625.nc4
2290.437,hit,false,0.000,0,121.907,345,GEOS_0.5x0.625/MERRA2/2019/07/MERRA2.20190701.A3cld.05x0625.nc4
2290.459,hit,false,0.000,0,121.926,346,GEOS_0.5x0.625/MERRA2/2019/07/MERRA2.20190701.A3cld.05x0625.nc4
2290.499,hit,false,0.000,0,121.967,346,GEOS_0.5x0.625/MERRA2/2019/07/MERRA2.20190701.A3cld.05x0625.nc4
2290.521,hit,false,0.000,0,121.989,346,GEOS_0.5x0.625/MERRA2/2019/07/MERRA2.20190701.A3cld.05x0625.nc4
2290.555,hit,false,0.000,0,122.023,346,GEOS_0.5x0.625/MERRA2/2019/07/MERRA2.20190701.A3cld.05x0625.nc4
2290.580,hit,false,0.000,0,122.048,346,GEOS_0.5x0.625/MERRA2/2019/07/MERRA2.20190701.A3cld.05x0625.nc4
2290.614,hit,false,0.000,0,122.082,346,GEOS_0.5x0.625/MERRA2/2019/07/MERRA2.20190701.A3cld.05x0625.nc4
2290.638,hit,false,0.000,0,122.105,346,GEOS_0.5x0.625/MERRA2/2019/07/MERRA2.20190701.A3cld.05x0625.nc4
2290.670,hit,false,0.000,0,122.138,346,GEOS_0.5x0.625/MERRA2/2019/07/MERRA2.20190701.A3cld.05x0625.nc4
2290.696,hit,false,0.000,0,122.161,347,GEOS_0.5x0.625/MERRA2/2019/07/MERRA2.20190701.A3cld.05x0625.nc4
2290.730,hit,false,0.000,0,122.196,347,GEOS_0.5x0.625/MERRA2/2019/07/MERRA2.20190701.A3cld.05x0625.nc4
2290.757,hit,false,0.000,0,122.223,347,GEOS_0.5x0.625/MERRA2/2019/07/MERRA2.20190701.A3cld.05x0625.nc4
2290.791,hit,false,0.000,0,122.257,347,GEOS_0.5x0.625/MERRA2/2019/07/MERRA2.20190701.A3cld.05x0625.nc4
2290.815,hit,false,0.000,0,122.281,347,GEOS_0.5x0.625/MERRA2/2019/07/MERRA2.20190701.A3cld.05x0625.nc4
2290.849,hit,false,0.000,0,122.314,347,GEOS_0.5x0.625/MERRA2/2019/07/MERRA2.20190701.A3cld.05x0625.nc4
2290.874,hit,false,0.000,0,122.340,347,GEOS_0.5x0.625/MERRA2/2019/07/MERRA2.20190701.A3cld.05x0625.nc4
2290.906,hit,false,0.000,0,122.372,347,GEOS_0.5x0.625/MERRA2/2019/07/MERRA2.20190701.A3cld.05x0625.nc4
2290.945,hit,false,0.000,0,122.409,348,GEOS_0.5x0.625/MERRA2/2019/07/MERRA2.20190701.A3cld.05x0625.nc4
2290.979,hit,false,0.000,0,122.443,348,GEOS_0.5x0.625/MERRA2/2019/07/MERRA2.20190701.A3cld.05x0625.nc4
2291.007,hit,false,0.000,0,122.471,348,GEOS_0.5x0.625/MERRA2/2019/07/MERRA2.20190701.A3cld.05x0625.nc4
2291.039,hit,false,0.000,0,122.503,348,GEOS_0.5x0.625/MERRA2/2019/07/MERRA2.20190701.A3cld.05x0625.nc4
2291.066,hit,false,0.000,0,122.530,348,GEOS_0.5x0.625/MERRA2/2019/07/MERRA2.20190701.A3cld.05x0625.nc4
2291.106,hit,false,0.000,0,122.570,348,GEOS_0.5x0.625/MERRA2/2019/07/MERRA2.20190701.A3cld.05x0625.nc4
2291.136,hit,false,0.000,0,122.600,348,GEOS_0.5x0.625/MERRA2/2019/07/MERRA2.20190701.A3cld.05x0625.nc4
2291.165,hit,false,0.000,0,122.629,348,GEOS_0.5x0.625/MERRA2/2019/07/MERRA2.20190701.A3cld.05x0625.nc4
2291.194,hit,false,0.000,0,122.656,349,GEOS_0.5x0.625/MERRA2/2019/07/MERRA2.20190701.A3cld.05x0625.nc4
2291.224,hit,false,0.000,0,122.687,349,GEOS_0.5x0.625/MERRA2/2019/07/MERRA2.20190701.A3cld.05x0625.nc4
2291.256,hit,false,0.000,0,122.718,349,GEOS_0.5x0.625/MERRA2/2019/07/MERRA2.20190701.A3cld.05x0625.nc4
2291.285,hit,false,0.000,0,122.747,349,GEOS_0.5x0.625/MERRA2/2019/07/MERRA2.20190701.A3cld.05x0625.nc4
2291.313,hit,false,0.000,0,122.775,349,GEOS_0.5x0.625/MERRA2/2019/07/MERRA2.20190701.A3cld.05x0625.nc4
2291.347,hit,false,0.000,0,122.810,349,GEOS_0.5x0.625/MERRA2/2019/07/MERRA2.20190701.A3cld.05x0625.nc4
2291.373,hit,false,0.000,0,122.835,349,GEOS_0.5x0.625/MERRA2/2019/07/MERRA2.20190701.A3cld.05x0625.nc4
2291.405,hit,false,0.000,0,122.867,349,GEOS_0.5x0.625/MERRA2/2019/07/MERRA2.20190701.A3cld.05x0625.nc4
2291.428,hit,false,0.000,0,122.888,350,GEOS_0.5x0.625/MERRA2/2019/07/MERRA2.20190701.A3cld.05x0625.nc4
2291.464,hit,false,0.000,0,122.924,350,GEOS_0.5x0.625/MERRA2/2019/07/MERRA2.20190701.A3cld.05x0625.nc4
2291.489,hit,false,0.000,0,122.949,350,GEOS_0.5x0.625/MERRA2/2019/07/MERRA2.20190701.A3cld.05x0625.nc4
2291.521,hit,false,0.000,0,122.981,350,GEOS_0.5x0.625/MERRA2/2019/07/MERRA2.20190701.A3cld.05x0625.nc4
2291.544,hit,false,0.000,0,123.004,350,GEOS_0.5x0.625/MERRA2/2019/07/MERRA2.20190701.A3cld.05x0625.nc4
2291.577,hit,false,0.000,0,123.038,350,GEOS_0.5x0.625/MERRA2/2019/07/MERRA2.20190701.A3cld.05x0625.nc4
2291.603,hit,false,0.000,0,123.064,350,GEOS_0.5x0.625/MERRA2/2019/07/MERRA2.20190701.A3cld.05x0625.nc4
2291.633,hit,false,0.000,0,123.093,350,GEOS_0.5x0.625/MERRA2/2019/07/MERRA2.20190701.A3cld.05x0625.nc4
2291.662,hit,false,0.000,0,123.120,351,GEOS_0.5x0.625/MERRA2/2019/07/MERRA2.20190701.A3cld.05x0625.nc4
2291.687,hit,false,0.000,0,123.145,351,GEOS_0.5x0.625/MERRA2/2019/07/MERRA2.20190701.A3cld.05x0625.nc4
2291.721,hit,false,0.000,0,123.180,351,GEOS_0.5x0.625/MERRA2/2019/07/MERRA2.20190701.A3cld.05x0625.nc4
2291.747,hit,false,0.000,0,123.205,351,GEOS_0.5x0.625/MERRA2/2019/07/MERRA2.20190701.A3cld.05x0625.nc4
2291.777,hit,false,0.000,0,123.235,351,GEOS_0.5x0.625/MERRA2/2019/07/MERRA2.20190701.A3cld.05x0625.nc4
2291.879,hit,false,0.000,0,123.337,351,GEOS_0.5x0.625/MERRA2/2019/07/MERRA2.20190701.A3cld.05x0625.nc4
2291.900,hit,false,0.000,0,123.358,351,GEOS_0.5x0.625/MERRA2/2019/07/MERRA2.20190701.A3cld.05x0625.nc4
2291.934,hit,false,0.000,0,123.393,351,GEOS_0.5x0.625/MERRA2/2019/07/MERRA2.20190701.A3cld.05x0625.nc4
2291.962,hit,false,0.000,0,123.431,352,GEOS_0.5x0.625/MERRA2/2019/07/MERRA2.20190701.A3cld.05x0625.nc4
2291.995,hit,false,0.000,0,123.464,352,GEOS_0.5x0.625/MERRA2/2019/07/MERRA2.20190701.A3cld.05x0625.nc4
2292.039,hit,false,0.000,0,123.508,352,GEOS_0.5x0.625/MERRA2/2019/07/MERRA2.20190701.A3cld.05x0625.nc4
2292.061,hit,false,0.000,0,123.530,352,GEOS_0.5x0.625/MERRA2/2019/07/MERRA2.20190701.A3cld.05x0625.nc4
2292.095,hit,false,0.000,0,123.563,352,GEOS_0.5x0.625/MERRA2/2019/07/MERRA2.20190701.A3cld.05x0625.nc4
2292.120,hit,false,0.000,0,123.589,352,GEOS_0.5x0.625/MERRA2/2019/07/MERRA2.20190701.A3cld.05x0625.nc4
2292.149,hit,false,0.000,0,123.618,352,GEOS_0.5x0.625/MERRA2/2019/07/MERRA2.20190701.A3cld.05x0625.nc4
2292.176,hit,false,0.000,0,123.645,352,GEOS_0.5x0.625/MERRA2/2019/07/MERRA2.20190701.A3cld.05x0625.nc4
2292.207,hit,false,0.000,0,123.671,353,GEOS_0.5x0.625/MERRA2/2019/07/MERRA2.20190701.A3cld.05x0625.nc4
2292.233,hit,false,0.000,0,123.697,353,GEOS_0.5x0.625/MERRA2/2019/07/MERRA2.20190701.A3cld.05x0625.nc4
2292.269,hit,false,0.000,0,123.733,353,GEOS_0.5x0.625/MERRA2/2019/07/MERRA2.20190701.A3cld.05x0625.nc4
2292.291,hit,false,0.000,0,123.755,353,GEOS_0.5x0.625/MERRA2/2019/07/MERRA2.20190701.A3cld.05x0625.nc4
2292.321,hit,false,0.000,0,123.786,353,GEOS_0.5x0.625/MERRA2/2019/07/MERRA2.20190701.A3cld.05x0625.nc4
2292.346,hit,false,0.000,0,123.811,353,GEOS_0.5x0.625/MERRA2/2019/07/MERRA2.20190701.A3cld.05x0625.nc4
2292.382,hit,false,0.000,0,123.846,353,GEOS_0.5x0.625/MERRA2/2019/07/MERRA2.20190701.A3cld.05x0625.nc4
2292.405,hit,false,0.000,0,123.869,353,GEOS_0.5x0.625/MERRA2/2019/07/MERRA2.20190701.A3cld.05x0625.nc4
2292.436,hit,false,0.000,0,123.898,354,GEOS_0.5x0.625/MERRA2/2019/07/MERRA2.20190701.A3cld.05x0625.nc4
2292.470,hit,false,0.000,0,123.932,354,GEOS_0.5x0.625/MERRA2/2019/07/MERRA2.20190701.A3cld.05x0625.nc4
2292.493,hit,false,0.000,0,123.955,354,GEOS_0.5x0.625/MERRA2/2019/07/MERRA2.20190701.A3cld.05x0625.nc4
2292.533,hit,false,0.000,0,123.995,354,GEOS_0.5x0.625/MERRA2/2019/07/MERRA2.20190701.A3cld.05x0625.nc4
2292.556,hit,false,0.000,0,124.018,354,GEOS_0.5x0.625/MERRA2/2019/07/MERRA2.20190701.A3cld.05x0625.nc4
2292.590,hit,false,0.000,0,124.052,354,GEOS_0.5x0.625/MERRA2/2019/07/MERRA2.20190701.A3cld.05x0625.nc4
2292.614,hit,false,0.000,0,124.076,354,GEOS_0.5x0.625/MERRA2/2019/07/MERRA2.20190701.A3cld.05x0625.nc4
2292.646,hit,false,0.000,0,124.108,354,GEOS_0.5x0.625/MERRA2/2019/07/MERRA2.20190701.A3cld.05x0625.nc4
2292.669,hit,false,0.000,0,124.129,355,GEOS_0.5x0.625/MERRA2/2019/07/MERRA2.20190701.A3cld.05x0625.nc4
2292.712,hit,false,0.000,0,124.172,355,GEOS_0.5x0.625/MERRA2/2019/07/MERRA2.20190701.A3cld.05x0625.nc4
2292.734,hit,false,0.000,0,124.194,355,GEOS_0.5x0.625/MERRA2/2019/07/MERRA2.20190701.A3cld.05x0625.nc4
2292.768,hit,false,0.000,0,124.228,355,GEOS_0.5x0.625/MERRA2/2019/07/MERRA2.20190701.A3cld.05x0625.nc4
2292.794,hit,false,0.000,0,124.253,355,GEOS_0.5x0.625/MERRA2/2019/07/MERRA2.20190701.A3cld.05x0625.nc4
2292.823,hit,false,0.000,0,124.283,355,GEOS_0.5x0.625/MERRA2/2019/07/MERRA2.20190701.A3cld.05x0625.nc4
2292.854,hit,false,0.000,0,124.314,355,GEOS_0.5x0.625/MERRA2/2019/07/MERRA2.20190701.A3cld.05x0625.nc4
2292.886,hit,false,0.000,0,124.346,355,GEOS_0.5x0.625/MERRA2/2019/07/MERRA2.20190701.A3cld.05x0625.nc4
2292.911,hit,false,0.000,0,124.368,356,GEOS_0.5x0.625/MERRA2/2019/07/MERRA2.20190701.A3cld.05x0625.nc4
2292.945,hit,false,0.000,0,124.402,356,GEOS_0.5x0.625/MERRA2/2019/07/MERRA2.20190701.A3cld.05x0625.nc4
2292.968,hit,false,0.000,0,124.425,356,GEOS_0.5x0.625/MERRA2/2019/07/MERRA2.20190701.A3cld.05x0625.nc4
2293.001,hit,false,0.000,0,124.458,356,GEOS_0.5x0.625/MERRA2/2019/07/MERRA2.20190701.A3cld.05x0625.nc4
2293.026,hit,false,0.000,0,124.483,356,GEOS_0.5x0.625/MERRA2/2019/07/MERRA2.20190701.A3cld.05x0625.nc4
2293.057,hit,false,0.000,0,124.515,356,GEOS_0.5x0.625/MERRA2/2019/07/MERRA2.20190701.A3cld.05x0625.nc4
2293.080,hit,false,0.000,0,124.537,356,GEOS_0.5x0.625/MERRA2/2019/07/MERRA2.20190701.A3cld.05x0625.nc4
2293.113,hit,false,0.000,0,124.570,356,GEOS_0.5x0.625/MERRA2/2019/07/MERRA2.20190701.A3cld.05x0625.nc4
2293.140,hit,false,0.000,0,124.595,357,GEOS_0.5x0.625/MERRA2/2019/07/MERRA2.20190701.A3cld.05x0625.nc4
2293.172,hit,false,0.000,0,124.627,357,GEOS_0.5x0.625/MERRA2/2019/07/MERRA2.20190701.A3cld.05x0625.nc4
2293.195,hit,false,0.000,0,124.650,357,GEOS_0.5x0.625/MERRA2/2019/07/MERRA2.20190701.A3cld.05x0625.nc4
2293.230,hit,false,0.000,0,124.686,357,GEOS_0.5x0.625/MERRA2/2019/07/MERRA2.20190701.A3cld.05x0625.nc4
2293.259,hit,false,0.000,0,124.714,357,GEOS_0.5x0.625/MERRA2/2019/07/MERRA2.20190701.A3cld.05x0625.nc4
2293.290,hit,false,0.000,0,124.746,357,GEOS_0.5x0.625/MERRA2/2019/07/MERRA2.20190701.A3cld.05x0625.nc4
2293.313,hit,false,0.000,0,124.769,357,GEOS_0.5x0.625/MERRA2/2019/07/MERRA2.20190701.A3cld.05x0625.nc4
2293.346,hit,false,0.000,0,124.801,357,GEOS_0.5x0.625/MERRA2/2019/07/MERRA2.20190701.A3cld.05x0625.nc4
2293.371,hit,false,0.000,0,124.824,358,GEOS_0.5x0.625/MERRA2/2019/07/MERRA2.20190701.A3cld.05x0625.nc4
2293.406,hit,false,0.000,0,124.859,358,GEOS_0.5x0.625/MERRA2/2019/07/MERRA2.20190701.A3cld.05x0625.nc4
2293.430,hit,false,0.000,0,124.884,358,GEOS_0.5x0.625/MERRA2/2019/07/MERRA2.20190701.A3cld.05x0625.nc4
2293.463,hit,false,0.000,0,124.917,358,GEOS_0.5x0.625/MERRA2/2019/07/MERRA2.20190701.A3cld.05x0625.nc4
2293.488,hit,false,0.000,0,124.941,358,GEOS_0.5x0.625/MERRA2/2019/07/MERRA2.20190701.A3cld.05x0625.nc4
2293.519,hit,false,0.000,0,124.973,358,GEOS_0.5x0.625/MERRA2/2019/07/MERRA2.20190701.A3cld.05x0625.nc4
2293.545,hit,false,0.000,0,124.998,358,GEOS_0.5x0.625/MERRA2/2019/07/MERRA2.20190701.A3cld.05x0625.nc4
2293.574,hit,false,0.000,0,125.028,358,GEOS_0.5x0.625/MERRA2/2019/07/MERRA2.20190701.A3cld.05x0625.nc4
2293.603,hit,false,0.000,0,125.055,359,GEOS_0.5x0.625/MERRA2/2019/07/MERRA2.20190701.A3cld.05x0625.nc4
2293.635,hit,false,0.000,0,125.087,359,GEOS_0.5x0.625/MERRA2/2019/07/MERRA2.20190701.A3cld.05x0625.nc4
2293.664,hit,false,0.000,0,125.115,359,GEOS_0.5x0.625/MERRA2/2019/07/MERRA2.20190701.A3cld.05x0625.nc4
2293.697,hit,false,0.000,0,125.148,359,GEOS_0.5x0.625/MERRA2/2019/07/MERRA2.20190701.A3cld.05x0625.nc4
2293.791,hit,false,0.000,0,125.243,359,GEOS_0.5x0.625/MERRA2/2019/07/MERRA2.20190701.A3cld.05x0625.nc4
2293.812,hit,false,0.000,0,125.263,359,GEOS_0.5x0.625/MERRA2/2019/07/MERRA2.20190701.A3cld.05x0625.nc4
2293.854,hit,false,0.000,0,125.305,359,GEOS_0.5x0.625/MERRA2/2019/07/MERRA2.20190701.A3cld.05x0625.nc4
2293.876,hit,false,0.000,0,125.328,359,GEOS_0.5x0.625/MERRA2/2019/07/MERRA2.20190701.A3cld.05x0625.nc4
2293.912,hit,false,0.000,0,125.376,360,GEOS_0.5x0.625/MERRA2/2019/07/MERRA2.20190701.A3cld.05x0625.nc4
2293.938,hit,false,0.000,0,125.402,360,GEOS_0.5x0.625/MERRA2/2019/07/MERRA2.20190701.A3cld.05x0625.nc4
2294.009,hit,false,0.000,0,125.473,360,GEOS_0.5x0.625/MERRA2/2019/07/MERRA2.20190701.A3cld.05x0625.nc4
2294.031,hit,false,0.000,0,125.496,360,GEOS_0.5x0.625/MERRA2/2019/07/MERRA2.20190701.A3cld.05x0625.nc4
2294.064,hit,false,0.000,0,125.528,360,GEOS_0.5x0.625/MERRA2/2019/07/MERRA2.20190701.A3cld.05x0625.nc4
2294.088,hit,false,0.000,0,125.552,360,GEOS_0.5x0.625/MERRA2/2019/07/MERRA2.20190701.A3cld.05x0625.nc4
2294.120,hit,false,0.000,0,125.584,360,GEOS_0.5x0.625/MERRA2/2019/07/MERRA2.20190701.A3cld.05x0625.nc4
2294.150,hit,false,0.000,0,125.615,360,GEOS_0.5x0.625/MERRA2/2019/07/MERRA2.20190701.A3cld.05x0625.nc4
2294.178,hit,false,0.000,0,125.640,361,GEOS_0.5x0.625/MERRA2/2019/07/MERRA2.20190701.A3cld.05x0625.nc4
2294.211,hit,false,0.000,0,125.672,361,GEOS_0.5x0.625/MERRA2/2019/07/MERRA2.20190701.A3cld.05x0625.nc4
2294.239,hit,false,0.000,0,125.700,361,GEOS_0.5x0.625/MERRA2/2019/07/MERRA2.20190701.A3cld.05x0625.nc4
2294.267,hit,false,0.000,0,125.728,361,GEOS_0.5x0.625/MERRA2/2019/07/MERRA2.20190701.A3cld.05x0625.nc4
2294.294,hit,false,0.000,0,125.755,361,GEOS_0.5x0.625/MERRA2/2019/07/MERRA2.20190701.A3cld.05x0625.nc4
2294.323,hit,false,0.000,0,125.785,361,GEOS_0.5x0.625/MERRA2/2019/07/MERRA2.20190701.A3cld.05x0625.nc4
2294.350,hit,false,0.000,0,125.811,361,GEOS_0.5x0.625/MERRA2/2019/07/MERRA2.20190701.A3cld.05x0625.nc4
2294.381,hit,false,0.000,0,125.843,361,GEOS_0.5x0.625/MERRA2/2019/07/MERRA2.20190701.A3cld.05x0625.nc4
2294.405,hit,false,0.000,0,125.863,362,GEOS_0.5x0.625/MERRA2/2019/07/MERRA2.20190701.A3cld.05x0625.nc4
2294.438,hit,false,0.000,0,125.896,362,GEOS_0.5x0.625/MERRA2/2019/07/MERRA2.20190701.A3cld.05x0625.nc4
2294.463,hit,false,0.000,0,125.921,362,GEOS_0.5x0.625/MERRA2/2019/07/MERRA2.20190701.A3cld.05x0625.nc4
2294.493,hit,false,0.000,0,125.951,362,GEOS_0.5x0.625/MERRA2/2019/07/MERRA2.20190701.A3cld.05x0625.nc4
2294.520,hit,false,0.000,0,125.978,362,GEOS_0.5x0.625/MERRA2/2019/07/MERRA2.20190701.A3cld.05x0625.nc4
2294.550,hit,false,0.000,0,126.008,362,GEOS_0.5x0.625/MERRA2/2019/07/MERRA2.20190701.A3cld.05x0625.nc4
2294.575,hit,false,0.000,0,126.033,362,GEOS_0.5x0.625/MERRA2/2019/07/MERRA2.20190701.A3cld.05x0625.nc4
2294.605,hit,false,0.000,0,126.063,362,GEOS_0.5x0.625/MERRA2/2019/07/MERRA2.20190701.A3cld.05x0625.nc4
2294.630,hit,false,0.000,0,126.086,363,GEOS_0.5x0.625/MERRA2/2019/07/MERRA2.20190701.A3cld.05x0625.nc4
2294.660,hit,false,0.000,0,126.116,363,GEOS_0.5x0.625/MERRA2/2019/07/MERRA2.20190701.A3cld.05x0625.nc4
2294.692,hit,false,0.000,0,126.148,363,GEOS_0.5x0.625/MERRA2/2019/07/MERRA2.20190701.A3cld.05x0625.nc4
2294.714,hit,false,0.000,0,126.170,363,GEOS_0.5x0.625/MERRA2/2019/07/MERRA2.20190701.A3cld.05x0625.nc4
2294.751,hit,false,0.000,0,126.207,363,GEOS_0.5x0.625/MERRA2/2019/07/MERRA2.20190701.A3cld.05x0625.nc4
2294.776,hit,false,0.000,0,126.232,363,GEOS_0.5x0.625/MERRA2/2019/07/MERRA2.20190701.A3cld.05x0625.nc4
2294.806,hit,false,0.000,0,126.261,363,GEOS_0.5x0.625/MERRA2/2019/07/MERRA2.20190701.A3cld.05x0625.nc4
2294.833,hit,false,0.000,0,126.288,363,GEOS_0.5x0.625/MERRA2/2019/07/MERRA2.20190701.A3cld.05x0625.nc4
2294.861,hit,false,0.000,0,126.315,364,GEOS_0.5x0.625/MERRA2/2019/07/MERRA2.20190701.A3cld.05x0625.nc4
2294.890,hit,false,0.000,0,126.344,364,GEOS_0.5x0.625/MERRA2/2019/07/MERRA2.20190701.A3cld.05x0625.nc4
2294.919,hit,false,0.000,0,126.373,364,GEOS_0.5x0.625/MERRA2/2019/07/MERRA2.20190701.A3cld.05x0625.nc4
2294.947,hit,false,0.000,0,126.401,364,GEOS_0.5x0.625/MERRA2/2019/07/MERRA2.20190701.A3cld.05x0625.nc4
2294.975,hit,false,0.000,0,126.429,364,GEOS_0.5x0.625/MERRA2/2019/07/MERRA2.20190701.A3cld.05x0625.nc4
2295.003,hit,false,0.000,0,126.457,364,GEOS_0.5x0.625/MERRA2/2019/07/MERRA2.20190701.A3cld.05x0625.nc4
2295.030,hit,false,0.000,0,126.484,364,GEOS_0.5x0.625/MERRA2/2019/07/MERRA2.20190701.A3cld.05x0625.nc4
2295.060,hit,false,0.000,0,126.514,364,GEOS_0.5x0.625/MERRA2/2019/07/MERRA2.20190701.A3cld.05x0625.nc4
2295.087,hit,false,0.000,0,126.540,365,GEOS_0.5x0.625/MERRA2/2019/07/MERRA2.20190701.A3cld.05x0625.nc4
2295.123,hit,false,0.000,0,126.576,365,GEOS_0.5x0.625/MERRA2/2019/07/MERRA2.20190701.A3cld.05x0625.nc4
2295.149,hit,false,0.000,0,126.601,365,GEOS_0.5x0.625/MERRA2/2019/07/MERRA2.20190701.A3cld.05x0625.nc4
2295.180,hit,false,0.000,0,126.632,365,GEOS_0.5x0.625/MERRA2/2019/07/MERRA2.20190701.A3cld.05x0625.nc4
2295.210,hit,false,0.000,0,126.662,365,GEOS_0.5x0.625/MERRA2/2019/07/MERRA2.20190701.A3cld.05x0625.nc4
2295.238,hit,false,0.000,0,126.690,365,GEOS_0.5x0.625/MERRA2/2019/07/MERRA2.20190701.A3cld.05x0625.nc4
2295.268,hit,false,0.000,0,126.721,365,GEOS_0.5x0.625/MERRA2/2019/07/MERRA2.20190701.A3cld.05x0625.nc4
2295.295,hit,false,0.000,0,126.748,365,GEOS_0.5x0.625/MERRA2/2019/07/MERRA2.20190701.A3cld.05x0625.nc4
2295.325,hit,false,0.000,0,126.776,366,GEOS_0.5x0.625/MERRA2/2019/07/MERRA2.20190701.A3cld.05x0625.nc4
2295.356,hit,false,0.000,0,126.806,366,GEOS_0.5x0.625/MERRA2/2019/07/MERRA2.20190701.A3cld.05x0625.nc4
2295.386,hit,false,0.000,0,126.837,366,GEOS_0.5x0.625/MERRA2/2019/07/MERRA2.20190701.A3cld.05x0625.nc4
2295.410,hit,false,0.000,0,126.860,366,GEOS_0.5x0.625/MERRA2/2019/07/MERRA2.20190701.A3cld.05x0625.nc4
2295.453,hit,false,0.000,0,126.903,366,GEOS_0.5x0.625/MERRA2/2019/07/MERRA2.20190701.A3cld.05x0625.nc4
2295.476,hit,false,0.000,0,126.926,366,GEOS_0.5x0.625/MERRA2/2019/07/MERRA2.20190701.A3cld.05x0625.nc4
2295.508,hit,false,0.000,0,126.958,366,GEOS_0.5x0.625/MERRA2/2019/07/MERRA2.20190701.A3cld.05x0625.nc4
2295.533,hit,false,0.000,0,126.983,366,GEOS_0.5x0.625/MERRA2/2019/07/MERRA2.20190701.A3cld.05x0625.nc4
2295.563,hit,false,0.000,0,127.011,367,GEOS_0.5x0.625/MERRA2/2019/07/MERRA2.20190701.A3cld.05x0625.nc4
2295.593,hit,false,0.000,0,127.042,367,GEOS_0.5x0.625/MERRA2/2019/07/MERRA2.20190701.A3cld.05x0625.nc4
2295.622,hit,false,0.000,0,127.071,367,GEOS_0.5x0.625/MERRA2/2019/07/MERRA2.20190701.A3cld.05x0625.nc4
2295.721,hit,false,0.000,0,127.170,367,GEOS_0.5x0.625/MERRA2/2019/07/MERRA2.20190701.A3cld.05x0625.nc4
2295.746,hit,false,0.000,0,127.195,367,GEOS_0.5x0.625/MERRA2/2019/07/MERRA2.20190701.A3cld.05x0625.nc4
2295.777,hit,false,0.000,0,127.225,367,GEOS_0.5x0.625/MERRA2/2019/07/MERRA2.20190701.A3cld.05x0625.nc4
2295.804,hit,false,0.000,0,127.253,367,GEOS_0.5x0.625/MERRA2/2019/07/MERRA2.20190701.A3cld.05x0625.nc4
2295.834,hit,false,0.000,0,127.282,367,GEOS_0.5x0.625/MERRA2/2019/07/MERRA2.20190701.A3cld.05x0625.nc4
2295.860,hit,false,0.000,0,125.124,368,GEOS_0.5x0.625/MERRA2/2019/07/MERRA2.20190701.A3cld.05x0625.nc4
2295.894,hit,false,0.000,0,125.157,368,GEOS_0.5x0.625/MERRA2/2019/07/MERRA2.20190701.A3cld.05x0625.nc4
2295.931,hit,false,0.000,0,125.194,368,GEOS_0.5x0.625/MERRA2/2019/07/MERRA2.20190701.A3cld.05x0625.nc4
2295.952,hit,false,0.000,0,125.216,368,GEOS_0.5x0.625/MERRA2/2019/07/MERRA2.20190701.A3cld.05x0625.nc4
2295.986,hit,false,0.000,0,125.250,368,GEOS_0.5x0.625/MERRA2/2019/07/MERRA2.20190701.A3cld.05x0625.nc4
2296.012,hit,false,0.000,0,125.275,368,GEOS_0.5x0.625/MERRA2/2019/07/MERRA2.20190701.A3cld.05x0625.nc4
2296.042,hit,false,0.000,0,125.306,368,GEOS_0.5x0.625/MERRA2/2019/07/MERRA2.20190701.A3cld.05x0625.nc4
2296.067,hit,false,0.000,0,125.331,368,GEOS_0.5x0.625/MERRA2/2019/07/MERRA2.20190701.A3cld.05x0625.nc4
2296.098,hit,false,0.000,0,125.359,369,GEOS_0.5x0.625/MERRA2/2019/07/MERRA2.20190701.A3cld.05x0625.nc4
2296.126,hit,false,0.000,0,125.386,369,GEOS_0.5x0.625/MERRA2/2019/07/MERRA2.20190701.A3cld.05x0625.nc4
2296.157,hit,false,0.000,0,125.418,369,GEOS_0.5x0.625/MERRA2/2019/07/MERRA2.20190701.A3cld.05x0625.nc4
2296.186,hit,false,0.000,0,125.447,369,GEOS_0.5x0.625/MERRA2/2019/07/MERRA2.20190701.A3cld.05x0625.nc4
2296.216,hit,false,0.000,0,125.477,369,GEOS_0.5x0.625/MERRA2/2019/07/MERRA2.20190701.A3cld.05x0625.nc4
2296.243,hit,false,0.000,0,125.504,369,GEOS_0.5x0.625/MERRA2/2019/07/MERRA2.20190701.A3cld.05x0625.nc4
2296.275,hit,false,0.000,0,125.536,369,GEOS_0.5x0.625/MERRA2/2019/07/MERRA2.20190701.A3cld.05x0625.nc4
2296.298,hit,false,0.000,0,125.559,369,GEOS_0.5x0.625/MERRA2/2019/07/MERRA2.20190701.A3cld.05x0625.nc4
2296.330,hit,false,0.000,0,125.587,370,GEOS_0.5x0.625/MERRA2/2019/07/MERRA2.20190701.A3cld.05x0625.nc4
2296.357,hit,false,0.000,0,125.614,370,GEOS_0.5x0.625/MERRA2/2019/07/MERRA2.20190701.A3cld.05x0625.nc4
2296.388,hit,false,0.000,0,125.645,370,GEOS_0.5x0.625/MERRA2/2019/07/MERRA2.20190701.A3cld.05x0625.nc4
2296.416,hit,false,0.000,0,125.673,370,GEOS_0.5x0.625/MERRA2/2019/07/MERRA2.20190701.A3cld.05x0625.nc4
2296.445,hit,false,0.000,0,125.702,370,GEOS_0.5x0.625/MERRA2/2019/07/MERRA2.20190701.A3cld.05x0625.nc4
2296.473,hit,false,0.000,0,125.731,370,GEOS_0.5x0.625/MERRA2/2019/07/MERRA2.20190701.A3cld.05x0625.nc4
2296.503,hit,false,0.000,0,125.760,370,GEOS_0.5x0.625/MERRA2/2019/07/MERRA2.20190701.A3cld.05x0625.nc4
2296.531,hit,false,0.000,0,125.789,370,GEOS_0.5x0.625/MERRA2/2019/07/MERRA2.20190701.A3cld.05x0625.nc4
2296.559,hit,false,0.000,0,125.813,371,GEOS_0.5x0.625/MERRA2/2019/07/MERRA2.20190701.A3cld.05x0625.nc4
2296.590,hit,false,0.000,0,125.845,371,GEOS_0.5x0.625/MERRA2/2019/07/MERRA2.20190701.A3cld.05x0625.nc4
2296.619,hit,false,0.000,0,125.874,371,GEOS_0.5x0.625/MERRA2/2019/07/MERRA2.20190701.A3cld.05x0625.nc4
2296.650,hit,false,0.000,0,125.904,371,GEOS_0.5x0.625/MERRA2/2019/07/MERRA2.20190701.A3cld.05x0625.nc4
2296.677,hit,false,0.000,0,125.931,371,GEOS_0.5x0.625/MERRA2/2019/07/MERRA2.20190701.A3cld.05x0625.nc4
2296.704,hit,false,0.000,0,125.959,371,GEOS_0.5x0.625/MERRA2/2019/07/MERRA2.20190701.A3cld.05x0625.nc4
2296.727,hit,false,0.000,0,125.981,371,GEOS_0.5x0.625/MERRA2/2019/07/MERRA2.20190701.A3cld.05x0625.nc4
2296.762,hit,false,0.000,0,126.017,371,GEOS_0.5x0.625/MERRA2/2019/07/MERRA2.20190701.A3cld.05x0625.nc4
2296.785,hit,false,0.000,0,126.035,372,GEOS_0.5x0.625/MERRA2/2019/07/MERRA2.20190701.A3cld.05x0625.nc4
2296.818,hit,false,0.000,0,126.068,372,GEOS_0.5x0.625/MERRA2/2019/07/MERRA2.20190701.A3cld.05x0625.nc4
2296.841,hit,false,0.000,0,126.091,372,GEOS_0.5x0.625/MERRA2/2019/07/MERRA2.20190701.A3cld.05x0625.nc4
2296.872,hit,false,0.000,0,126.122,372,GEOS_0.5x0.625/MERRA2/2019/07/MERRA2.20190701.A3cld.05x0625.nc4
2296.895,hit,false,0.000,0,126.145,372,GEOS_0.5x0.625/MERRA2/2019/07/MERRA2.20190701.A3cld.05x0625.nc4
2296.924,hit,false,0.000,0,126.174,372,GEOS_0.5x0.625/MERRA2/2019/07/MERRA2.20190701.A3cld.05x0625.nc4
2296.947,hit,false,0.000,0,126.197,372,GEOS_0.5x0.625/MERRA2/2019/07/MERRA2.20190701.A3cld.05x0625.nc4
2296.977,hit,false,0.000,0,126.227,372,GEOS_0.5x0.625/MERRA2/2019/07/MERRA2.20190701.A3cld.05x0625.nc4
2297.004,hit,false,0.000,0,126.252,373,GEOS_0.5x0.625/MERRA2/2019/07/MERRA2.20190701.A3cld.05x0625.nc4
2297.036,hit,false,0.000,0,126.284,373,GEOS_0.5x0.625/MERRA2/2019/07/MERRA2.20190701.A3cld.05x0625.nc4
2297.065,hit,false,0.000,0,126.312,373,GEOS_0.5x0.625/MERRA2/2019/07/MERRA2.20190701.A3cld.05x0625.nc4
2297.087,hit,false,0.000,0,126.335,373,GEOS_0.5x0.625/MERRA2/2019/07/MERRA2.20190701.A3cld.05x0625.nc4
2297.123,hit,false,0.000,0,126.371,373,GEOS_0.5x0.625/MERRA2/2019/07/MERRA2.20190701.A3cld.05x0625.nc4
2297.145,hit,false,0.000,0,126.393,373,GEOS_0.5x0.625/MERRA2/2019/07/MERRA2.20190701.A3cld.05x0625.nc4
2297.175,hit,false,0.000,0,126.423,373,GEOS_0.5x0.625/MERRA2/2019/07/MERRA2.20190701.A3cld.05x0625.nc4
2297.201,hit,false,0.000,0,126.449,373,GEOS_0.5x0.625/MERRA2/2019/07/MERRA2.20190701.A3cld.05x0625.nc4
2297.229,hit,false,0.000,0,126.474,374,GEOS_0.5x0.625/MERRA2/2019/07/MERRA2.20190701.A3cld.05x0625.nc4
2297.256,hit,false,0.000,0,126.501,374,GEOS_0.5x0.625/MERRA2/2019/07/MERRA2.20190701.A3cld.05x0625.nc4
2297.285,hit,false,0.000,0,126.531,374,GEOS_0.5x0.625/MERRA2/2019/07/MERRA2.20190701.A3cld.05x0625.nc4
2297.312,hit,false,0.000,0,126.557,374,GEOS_0.5x0.625/MERRA2/2019/07/MERRA2.20190701.A3cld.05x0625.nc4
2297.334,hit,false,0.000,0,126.580,374,GEOS_0.5x0.625/MERRA2/2019/07/MERRA2.20190701.A3cld.05x0625.nc4
2297.365,hit,false,0.000,0,126.611,374,GEOS_0.5x0.625/MERRA2/2019/07/MERRA2.20190701.A3cld.05x0625.nc4
2297.392,hit,false,0.000,0,126.637,374,GEOS_0.5x0.625/MERRA2/2019/07/MERRA2.20190701.A3cld.05x0625.nc4
2297.415,hit,false,0.000,0,126.661,374,GEOS_0.5x0.625/MERRA2/2019/07/MERRA2.20190701.A3cld.05x0625.nc4
2297.454,hit,false,0.000,0,126.697,375,GEOS_0.5x0.625/MERRA2/2019/07/MERRA2.20190701.A3cld.05x0625.nc4
2297.478,hit,false,0.000,0,126.721,375,GEOS_0.5x0.625/MERRA2/2019/07/MERRA2.20190701.A3cld.05x0625.nc4
2297.585,hit,false,0.000,0,126.828,375,GEOS_0.5x0.625/MERRA2/2019/07/MERRA2.20190701.A3cld.05x0625.nc4
2297.607,hit,false,0.000,0,126.850,375,GEOS_0.5x0.625/MERRA2/2019/07/MERRA2.20190701.A3cld.05x0625.nc4
2297.643,hit,false,0.000,0,126.886,375,GEOS_0.5x0.625/MERRA2/2019/07/MERRA2.20190701.A3cld.05x0625.nc4
2297.666,hit,false,0.000,0,126.909,375,GEOS_0.5x0.625/MERRA2/2019/07/MERRA2.20190701.A3cld.05x0625.nc4
2297.700,hit,false,0.000,0,126.943,375,GEOS_0.5x0.625/MERRA2/2019/07/MERRA2.20190701.A3cld.05x0625.nc4
2297.722,hit,false,0.000,0,126.965,375,GEOS_0.5x0.625/MERRA2/2019/07/MERRA2.20190701.A3cld.05x0625.nc4
2297.754,hit,false,0.000,0,127.021,376,GEOS_0.5x0.625/MERRA2/2019/07/MERRA2.20190701.A3cld.05x0625.nc4
2297.781,hit,false,0.000,0,127.049,376,GEOS_0.5x0.625/MERRA2/2019/07/MERRA2.20190701.A3cld.05x0625.nc4
2297.829,hit,false,0.000,0,127.096,376,GEOS_0.5x0.625/MERRA2/2019/07/MERRA2.20190701.A3cld.05x0625.nc4
2297.851,hit,false,0.000,0,127.118,376,GEOS_0.5x0.625/MERRA2/2019/07/MERRA2.20190701.A3cld.05x0625.nc4
2297.885,hit,false,0.000,0,127.152,376,GEOS_0.5x0.625/MERRA2/2019/07/MERRA2.20190701.A3cld.05x0625.nc4
2297.911,hit,false,0.000,0,127.178,376,GEOS_0.5x0.625/MERRA2/2019/07/MERRA2.20190701.A3cld.05x0625.nc4
2297.944,hit,false,0.000,0,127.211,376,GEOS_0.5x0.625/MERRA2/2019/07/MERRA2.20190701.A3cld.05x0625.nc4
2297.968,hit,false,0.000,0,127.235,376,GEOS_0.5x0.625/MERRA2/2019/07/MERRA2.20190701.A3cld.05x0625.nc4
2298.002,hit,false,0.000,0,127.264,377,GEOS_0.5x0.625/MERRA2/2019/07/MERRA2.20190701.A3cld.05x0625.nc4
2298.027,hit,false,0.000,0,127.290,377,GEOS_0.5x0.625/MERRA2/2019/07/MERRA2.20190701.A3cld.05x0625.nc4
2298.059,hit,false,0.000,0,127.321,377,GEOS_0.5x0.625/MERRA2/2019/07/MERRA2.20190701.A3cld.05x0625.nc4
2298.083,hit,false,0.000,0,127.346,377,GEOS_0.5x0.625/MERRA2/2019/07/MERRA2.20190701.A3cld.05x0625.nc4
2298.114,hit,false,0.000,0,127.377,377,GEOS_0.5x0.625/MERRA2/2019/07/MERRA2.20190701.A3cld.05x0625.nc4
2298.142,hit,false,0.000,0,127.404,377,GEOS_0.5x0.625/MERRA2/2019/07/MERRA2.20190701.A3cld.05x0625.nc4
2298.174,hit,false,0.000,0,127.436,377,GEOS_0.5x0.625/MERRA2/2019/07/MERRA2.20190701.A3cld.05x0625.nc4
2298.198,hit,false,0.000,0,127.460,377,GEOS_0.5x0.625/MERRA2/2019/07/MERRA2.20190701.A3cld.05x0625.nc4
2298.241,hit,false,0.000,0,127.501,378,GEOS_0.5x0.625/MERRA2/2019/07/MERRA2.20190701.A3cld.05x0625.nc4
2298.265,hit,false,0.000,0,127.525,378,GEOS_0.5x0.625/MERRA2/2019/07/MERRA2.20190701.A3cld.05x0625.nc4
2298.305,hit,false,0.000,0,127.565,378,GEOS_0.5x0.625/MERRA2/2019/07/MERRA2.20190701.A3cld.05x0625.nc4
2298.328,hit,false,0.000,0,127.588,378,GEOS_0.5x0.625/MERRA2/2019/07/MERRA2.20190701.A3cld.05x0625.nc4
2298.364,hit,false,0.000,0,127.624,378,GEOS_0.5x0.625/MERRA2/2019/07/MERRA2.20190701.A3cld.05x0625.nc4
2298.388,hit,false,0.000,0,127.648,378,GEOS_0.5x0.625/MERRA2/2019/07/MERRA2.20190701.A3cld.05x0625.nc4
2298.421,hit,false,0.000,0,127.681,378,GEOS_0.5x0.625/MERRA2/2019/07/MERRA2.20190701.A3cld.05x0625.nc4
2298.446,hit,false,0.000,0,127.706,378,GEOS_0.5x0.625/MERRA2/2019/07/MERRA2.20190701.A3cld.05x0625.nc4
2298.476,hit,false,0.000,0,127.735,379,GEOS_0.5x0.625/MERRA2/2019/07/MERRA2.20190701.A3cld.05x0625.nc4
2298.505,hit,false,0.000,0,127.763,379,GEOS_0.5x0.625/MERRA2/2019/07/MERRA2.20190701.A3cld.05x0625.nc4
2298.536,hit,false,0.000,0,127.794,379,GEOS_0.5x0.625/MERRA2/2019/07/MERRA2.20190701.A3cld.05x0625.nc4
2298.565,hit,false,0.000,0,127.823,379,GEOS_0.5x0.625/MERRA2/2019/07/MERRA2.20190701.A3cld.05x0625.nc4
2298.594,hit,false,0.000,0,127.853,379,GEOS_0.5x0.625/MERRA2/2019/07/MERRA2.20190701.A3cld.05x0625.nc4
2298.623,hit,false,0.000,0,127.881,379,GEOS_0.5x0.625/MERRA2/2019/07/MERRA2.20190701.A3cld.05x0625.nc4
2298.655,hit,false,0.000,0,127.913,379,GEOS_0.5x0.625/MERRA2/2019/07/MERRA2.20190701.A3cld.05x0625.nc4
2298.677,hit,false,0.000,0,127.935,379,GEOS_0.5x0.625/MERRA2/2019/07/MERRA2.20190701.A3cld.05x0625.nc4
2298.712,hit,false,0.000,0,127.967,380,GEOS_0.5x0.625/MERRA2/2019/07/MERRA2.20190701.A3cld.05x0625.nc4
2298.738,hit,false,0.000,0,127.994,380,GEOS_0.5x0.625/MERRA2/2019/07/MERRA2.20190701.A3cld.05x0625.nc4
2298.773,hit,false,0.000,0,128.028,380,GEOS_0.5x0.625/MERRA2/2019/07/MERRA2.20190701.A3cld.05x0625.nc4
2298.801,hit,false,0.000,0,128.056,380,GEOS_0.5x0.625/MERRA2/2019/07/MERRA2.20190701.A3cld.05x0625.nc4
2298.832,hit,false,0.000,0,128.087,380,GEOS_0.5x0.625/MERRA2/2019/07/MERRA2.20190701.A3cld.05x0625.nc4
2298.859,hit,false,0.000,0,128.115,380,GEOS_0.5x0.625/MERRA2/2019/07/MERRA2.20190701.A3cld.05x0625.nc4
2298.891,hit,false,0.000,0,128.146,380,GEOS_0.5x0.625/MERRA2/2019/07/MERRA2.20190701.A3cld.05x0625.nc4
2298.913,hit,false,0.000,0,128.168,380,GEOS_0.5x0.625/MERRA2/2019/07/MERRA2.20190701.A3cld.05x0625.nc4
2298.945,hit,false,0.000,0,128.198,381,GEOS_0.5x0.625/MERRA2/2019/07/MERRA2.20190701.A3cld.05x0625.nc4
2298.972,hit,false,0.000,0,128.226,381,GEOS_0.5x0.625/MERRA2/2019/07/MERRA2.20190701.A3cld.05x0625.nc4
2299.004,hit,false,0.000,0,128.257,381,GEOS_0.5x0.625/MERRA2/2019/07/MERRA2.20190701.A3cld.05x0625.nc4
2299.027,hit,false,0.000,0,128.280,381,GEOS_0.5x0.625/MERRA2/2019/07/MERRA2.20190701.A3cld.05x0625.nc4
2299.062,hit,false,0.000,0,128.316,381,GEOS_0.5x0.625/MERRA2/2019/07/MERRA2.20190701.A3cld.05x0625.nc4
2299.091,hit,false,0.000,0,128.345,381,GEOS_0.5x0.625/MERRA2/2019/07/MERRA2.20190701.A3cld.05x0625.nc4
2299.123,hit,false,0.000,0,128.376,381,GEOS_0.5x0.625/MERRA2/2019/07/MERRA2.20190701.A3cld.05x0625.nc4
2299.148,hit,false,0.000,0,128.401,381,GEOS_0.5x0.625/MERRA2/2019/07/MERRA2.20190701.A3cld.05x0625.nc4
2299.178,hit,false,0.000,0,128.429,382,GEOS_0.5x0.625/MERRA2/2019/07/MERRA2.20190701.A3cld.05x0625.nc4
2299.207,hit,false,0.000,0,128.459,382,GEOS_0.5x0.625/MERRA2/2019/07/MERRA2.20190701.A3cld.05x0625.nc4
2299.236,hit,false,0.000,0,128.488,382,GEOS_0.5x0.625/MERRA2/2019/07/MERRA2.20190701.A3cld.05x0625.nc4
2299.263,hit,false,0.000,0,128.515,382,GEOS_0.5x0.625/MERRA2/2019/07/MERRA2.20190701.A3cld.05x0625.nc4
2299.296,hit,false,0.000,0,128.548,382,GEOS_0.5x0.625/MERRA2/2019/07/MERRA2.20190701.A3cld.05x0625.nc4
2299.320,hit,false,0.000,0,128.571,382,GEOS_0.5x0.625/MERRA2/2019/07/MERRA2.20190701.A3cld.05x0625.nc4
2299.355,hit,false,0.000,0,128.606,382,GEOS_0.5x0.625/MERRA2/2019/07/MERRA2.20190701.A3cld.05x0625.nc4
2299.378,hit,false,0.000,0,128.629,382,GEOS_0.5x0.625/MERRA2/2019/07/MERRA2.20190701.A3cld.05x0625.nc4
2299.415,hit,false,0.000,0,128.665,383,GEOS_0.5x0.625/MERRA2/2019/07/MERRA2.20190701.A3cld.05x0625.nc4
2299.511,hit,false,0.000,0,128.761,383,GEOS_0.5x0.625/MERRA2/2019/07/MERRA2.20190701.A3cld.05x0625.nc4
2299.533,hit,false,0.000,0,128.783,383,GEOS_0.5x0.625/MERRA2/2019/07/MERRA2.20190701.A3cld.05x0625.nc4
2299.565,hit,false,0.000,0,128.815,383,GEOS_0.5x0.625/MERRA2/2019/07/MERRA2.20190701.A3cld.05x0625.nc4
2299.591,hit,false,0.000,0,128.840,383,GEOS_0.5x0.625/MERRA2/2019/07/MERRA2.20190701.A3cld.05x0625.nc4
2299.619,hit,false,0.000,0,128.869,383,GEOS_0.5x0.625/MERRA2/2019/07/MERRA2.20190701.A3cld.05x0625.nc4
2299.643,hit,false,0.000,0,128.892,383,GEOS_0.5x0.625/MERRA2/2019/07/MERRA2.20190701.A3cld.05x0625.nc4
2299.674,hit,false,0.000,0,128.923,383,GEOS_0.5x0.625/MERRA2/2019/07/MERRA2.20190701.A3cld.05x0625.nc4
2299.699,hit,false,0.000,0,128.969,384,GEOS_0.5x0.625/MERRA2/2019/07/MERRA2.20190701.A3cld.05x0625.nc4
2299.732,hit,false,0.000,0,129.003,384,GEOS_0.5x0.625/MERRA2/2019/07/MERRA2.20190701.A3cld.05x0625.nc4
2299.788,hit,false,0.000,0,129.059,384,GEOS_0.5x0.625/MERRA2/2019/07/MERRA2.20190701.A3cld.05x0625.nc4
2299.810,hit,false,0.000,0,129.080,384,GEOS_0.5x0.625/MERRA2/2019/07/MERRA2.20190701.A3cld.05x0625.nc4
2299.850,hit,false,0.000,0,129.120,384,GEOS_0.5x0.625/MERRA2/2019/07/MERRA2.20190701.A3cld.05x0625.nc4
2299.871,hit,false,0.000,0,129.141,384,GEOS_0.5x0.625/MERRA2/2019/07/MERRA2.20190701.A3cld.05x0625.nc4
2299.909,hit,false,0.000,0,129.180,384,GEOS_0.5x0.625/MERRA2/2019/07/MERRA2.20190701.A3cld.05x0625.nc4
2299.931,hit,false,0.000,0,129.202,384,GEOS_0.5x0.625/MERRA2/2019/07/MERRA2.20190701.A3cld.05x0625.nc4
2299.969,hit,false,0.000,0,129.236,385,GEOS_0.5x0.625/MERRA2/2019/07/MERRA2.20190701.A3cld.05x0625.nc4
2299.994,hit,false,0.000,0,129.261,385,GEOS_0.5x0.625/MERRA2/2019/07/MERRA2.20190701.A3cld.05x0625.nc4
2300.027,hit,false,0.000,0,129.294,385,GEOS_0.5x0.625/MERRA2/2019/07/MERRA2.20190701.A3cld.05x0625.nc4
2300.052,hit,false,0.000,0,129.319,385,GEOS_0.5x0.625/MERRA2/2019/07/MERRA2.20190701.A3cld.05x0625.nc4
2300.083,hit,false,0.000,0,129.350,385,GEOS_0.5x0.625/MERRA2/2019/07/MERRA2.20190701.A3cld.05x0625.nc4
2300.105,hit,false,0.000,0,129.372,385,GEOS_0.5x0.625/MERRA2/2019/07/MERRA2.20190701.A3cld.05x0625.nc4
2300.152,hit,false,0.000,0,129.419,385,GEOS_0.5x0.625/MERRA2/2019/07/MERRA2.20190701.A3cld.05x0625.nc4
2300.170,hit,false,0.000,0,129.437,385,GEOS_0.5x0.625/MERRA2/2019/07/MERRA2.20190701.A3cld.05x0625.nc4
2300.213,hit,false,0.000,0,129.478,386,GEOS_0.5x0.625/MERRA2/2019/07/MERRA2.20190701.A3cld.05x0625.nc4
2300.237,hit,false,0.000,0,129.502,386,GEOS_0.5x0.625/MERRA2/2019/07/MERRA2.20190701.A3cld.05x0625.nc4
2300.270,hit,false,0.000,0,129.535,386,GEOS_0.5x0.625/MERRA2/2019/07/MERRA2.20190701.A3cld.05x0625.nc4
2300.296,hit,false,0.000,0,129.561,386,GEOS_0.5x0.625/MERRA2/2019/07/MERRA2.20190701.A3cld.05x0625.nc4
2300.326,hit,false,0.000,0,129.591,386,GEOS_0.5x0.625/MERRA2/2019/07/MERRA2.20190701.A3cld.05x0625.nc4
2300.354,hit,false,0.000,0,129.618,386,GEOS_0.5x0.625/MERRA2/2019/07/MERRA2.20190701.A3cld.05x0625.nc4
2300.382,hit,false,0.000,0,129.647,386,GEOS_0.5x0.625/MERRA2/2019/07/MERRA2.20190701.A3cld.05x0625.nc4
2300.412,hit,false,0.000,0,129.677,386,GEOS_0.5x0.625/MERRA2/2019/07/MERRA2.20190701.A3cld.05x0625.nc4
2300.434,hit,false,0.000,0,129.695,387,GEOS_0.5x0.625/MERRA2/2019/07/MERRA2.20190701.A3cld.05x0625.nc4
2300.477,hit,false,0.000,0,129.738,387,GEOS_0.5x0.625/MERRA2/2019/07/MERRA2.20190701.A3cld.05x0625.nc4
2300.500,hit,false,0.000,0,129.761,387,GEOS_0.5x0.625/MERRA2/2019/07/MERRA2.20190701.A3cld.05x0625.nc4
2300.532,hit,false,0.000,0,129.793,387,GEOS_0.5x0.625/MERRA2/2019/07/MERRA2.20190701.A3cld.05x0625.nc4
2300.556,hit,false,0.000,0,129.818,387,GEOS_0.5x0.625/MERRA2/2019/07/MERRA2.20190701.A3cld.05x0625.nc4
2300.585,hit,false,0.000,0,129.846,387,GEOS_0.5x0.625/MERRA2/2019/07/MERRA2.20190701.A3cld.05x0625.nc4
2300.614,hit,false,0.000,0,129.875,387,GEOS_0.5x0.625/MERRA2/2019/07/MERRA2.20190701.A3cld.05x0625.nc4
2300.635,hit,false,0.000,0,129.897,387,GEOS_0.5x0.625/MERRA2/2019/07/MERRA2.20190701.A3cld.05x0625.nc4
2300.671,hit,false,0.000,0,129.931,388,GEOS_0.5x0.625/MERRA2/2019/07/MERRA2.20190701.A3cld.05x0625.nc4
2300.695,hit,false,0.000,0,129.954,388,GEOS_0.5x0.625/MERRA2/2019/07/MERRA2.20190701.A3cld.05x0625.nc4
2300.730,hit,false,0.000,0,129.990,388,GEOS_0.5x0.625/MERRA2/2019/07/MERRA2.20190701.A3cld.05x0625.nc4
2300.752,hit,false,0.000,0,130.012,388,GEOS_0.5x0.625/MERRA2/2019/07/MERRA2.20190701.A3cld.05x0625.nc4
2300.787,hit,false,0.000,0,130.046,388,GEOS_0.5x0.625/MERRA2/2019/07/MERRA2.20190701.A3cld.05x0625.nc4
2300.810,hit,false,0.000,0,130.069,388,GEOS_0.5x0.625/MERRA2/2019/07/MERRA2.20190701.A3cld.05x0625.nc4
2300.841,hit,false,0.000,0,130.101,388,GEOS_0.5x0.625/MERRA2/2019/07/MERRA2.20190701.A3cld.05x0625.nc4
2300.865,hit,false,0.000,0,130.124,388,GEOS_0.5x0.625/MERRA2/2019/07/MERRA2.20190701.A3cld.05x0625.nc4
2300.894,hit,false,0.000,0,130.152,389,GEOS_0.5x0.625/MERRA2/2019/07/MERRA2.20190701.A3cld.05x0625.nc4
2300.920,hit,false,0.000,0,130.177,389,GEOS_0.5x0.625/MERRA2/2019/07/MERRA2.20190701.A3cld.05x0625.nc4
2300.966,hit,false,0.000,0,130.223,389,GEOS_0.5x0.625/MERRA2/2019/07/MERRA2.20190701.A3cld.05x0625.nc4
2300.989,hit,false,0.000,0,130.247,389,GEOS_0.5x0.625/MERRA2/2019/07/MERRA2.20190701.A3cld.05x0625.nc4
2301.026,hit,false,0.000,0,130.283,389,GEOS_0.5x0.625/MERRA2/2019/07/MERRA2.20190701.A3cld.05x0625.nc4
2301.049,hit,false,0.000,0,130.306,389,GEOS_0.5x0.625/MERRA2/2019/07/MERRA2.20190701.A3cld.05x0625.nc4
2301.081,hit,false,0.000,0,130.339,389,GEOS_0.5x0.625/MERRA2/2019/07/MERRA2.20190701.A3cld.05x0625.nc4
2301.105,hit,false,0.000,0,130.363,389,GEOS_0.5x0.625/MERRA2/2019/07/MERRA2.20190701.A3cld.05x0625.nc4
2301.134,hit,false,0.000,0,130.389,390,GEOS_0.5x0.625/MERRA2/2019/07/MERRA2.20190701.A3cld.05x0625.nc4
2301.164,hit,false,0.000,0,130.418,390,GEOS_0.5x0.625/MERRA2/2019/07/MERRA2.20190701.A3cld.05x0625.nc4
2301.187,hit,false,0.000,0,130.442,390,GEOS_0.5x0.625/MERRA2/2019/07/MERRA2.20190701.A3cld.05x0625.nc4
2301.221,hit,false,0.000,0,130.476,390,GEOS_0.5x0.625/MERRA2/2019/07/MERRA2.20190701.A3cld.05x0625.nc4
2301.243,hit,false,0.000,0,130.498,390,GEOS_0.5x0.625/MERRA2/2019/07/MERRA2.20190701.A3cld.05x0625.nc4
2301.274,hit,false,0.000,0,130.529,390,GEOS_0.5x0.625/MERRA2/2019/07/MERRA2.20190701.A3cld.05x0625.nc4
2301.302,hit,false,0.000,0,130.557,390,GEOS_0.5x0.625/MERRA2/2019/07/MERRA2.20190701.A3cld.05x0625.nc4
2301.325,hit,false,0.000,0,130.579,390,GEOS_0.5x0.625/MERRA2/2019/07/MERRA2.20190701.A3cld.05x0625.nc4
2301.425,hit,false,0.000,0,130.663,391,GEOS_0.5x0.625/MERRA2/2019/07/MERRA2.20190701.A3cld.05x0625.nc4
2301.450,hit,false,0.000,0,130.687,391,GEOS_0.5x0.625/MERRA2/2019/07/MERRA2.20190701.A3cld.05x0625.nc4
2301.480,hit,false,0.000,0,130.717,391,GEOS_0.5x0.625/MERRA2/2019/07/MERRA2.20190701.A3cld.05x0625.nc4
2301.504,hit,false,0.000,0,130.742,391,GEOS_0.5x0.625/MERRA2/2019/07/MERRA2.20190701.A3cld.05x0625.nc4
2301.534,hit,false,0.000,0,130.771,391,GEOS_0.5x0.625/MERRA2/2019/07/MERRA2.20190701.A3cld.05x0625.nc4
2301.558,hit,false,0.000,0,130.796,391,GEOS_0.5x0.625/MERRA2/2019/07/MERRA2.20190701.A3cld.05x0625.nc4
2301.587,hit,false,0.000,0,130.825,391,GEOS_0.5x0.625/MERRA2/2019/07/MERRA2.20190701.A3cld.05x0625.nc4
2301.610,hit,false,0.000,0,130.847,391,GEOS_0.5x0.625/MERRA2/2019/07/MERRA2.20190701.A3cld.05x0625.nc4
2301.646,hit,false,0.000,0,130.906,392,GEOS_0.5x0.625/MERRA2/2019/07/MERRA2.20190701.A3cld.05x0625.nc4
2301.670,hit,false,0.000,0,130.930,392,GEOS_0.5x0.625/MERRA2/2019/07/MERRA2.20190701.A3cld.05x0625.nc4
2301.734,hit,false,0.000,0,130.994,392,GEOS_0.5x0.625/MERRA2/2019/07/MERRA2.20190701.A3cld.05x0625.nc4
2301.756,hit,false,0.000,0,131.016,392,GEOS_0.5x0.625/MERRA2/2019/07/MERRA2.20190701.A3cld.05x0625.nc4
2301.788,hit,false,0.000,0,131.048,392,GEOS_0.5x0.625/MERRA2/2019/07/MERRA2.20190701.A3cld.05x0625.nc4
2301.813,hit,false,0.000,0,131.073,392,GEOS_0.5x0.625/MERRA2/2019/07/MERRA2.20190701.A3cld.05x0625.nc4
2301.842,hit,false,0.000,0,131.102,392,GEOS_0.5x0.625/MERRA2/2019/07/MERRA2.20190701.A3cld.05x0625.nc4
2301.868,hit,false,0.000,0,131.128,392,GEOS_0.5x0.625/MERRA2/2019/07/MERRA2.20190701.A3cld.05x0625.nc4
2301.898,hit,false,0.000,0,131.153,393,GEOS_0.5x0.625/MERRA2/2019/07/MERRA2.20190701.A3cld.05x0625.nc4
2301.924,hit,false,0.000,0,131.179,393,GEOS_0.5x0.625/MERRA2/2019/07/MERRA2.20190701.A3cld.05x0625.nc4
2301.957,hit,false,0.000,0,131.212,393,GEOS_0.5x0.625/MERRA2/2019/07/MERRA2.20190701.A3cld.05x0625.nc4
2301.981,hit,false,0.000,0,131.236,393,GEOS_0.5x0.625/MERRA2/2019/07/MERRA2.20190701.A3cld.05x0625.nc4
2302.017,hit,false,0.000,0,131.272,393,GEOS_0.5x0.625/MERRA2/2019/07/MERRA2.20190701.A3cld.05x0625.nc4
2302.042,hit,false,0.000,0,131.297,393,GEOS_0.5x0.625/MERRA2/2019/07/MERRA2.20190701.A3cld.05x0625.nc4
2302.076,hit,false,0.000,0,131.331,393,GEOS_0.5x0.625/MERRA2/2019/07/MERRA2.20190701.A3cld.05x0625.nc4
2302.102,hit,false,0.000,0,131.357,393,GEOS_0.5x0.625/MERRA2/2019/07/MERRA2.20190701.A3cld.05x0625.nc4
2302.135,hit,false,0.000,0,131.387,394,GEOS_0.5x0.625/MERRA2/2019/07/MERRA2.20190701.A3cld.05x0625.nc4
2302.161,hit,false,0.000,0,131.413,394,GEOS_0.5x0.625/MERRA2/2019/07/MERRA2.20190701.A3cld.05x0625.nc4
2302.214,hit,false,0.000,0,131.466,394,GEOS_0.5x0.625/MERRA2/2019/07/MERRA2.20190701.A3cld.05x0625.nc4
2302.240,hit,false,0.000,0,131.492,394,GEOS_0.5x0.625/MERRA2/2019/07/MERRA2.20190701.A3cld.05x0625.nc4
2302.275,hit,false,0.000,0,131.527,394,GEOS_0.5x0.625/MERRA2/2019/07/MERRA2.20190701.A3cld.05x0625.nc4
2302.303,hit,false,0.000,0,131.555,394,GEOS_0.5x0.625/MERRA2/2019/07/MERRA2.20190701.A3cld.05x0625.nc4
2302.338,hit,false,0.000,0,131.590,394,GEOS_0.5x0.625/MERRA2/2019/07/MERRA2.20190701.A3cld.05x0625.nc4
2302.360,hit,false,0.000,0,131.612,394,GEOS_0.5x0.625/MERRA2/2019/07/MERRA2.20190701.A3cld.05x0625.nc4
2302.394,hit,false,0.000,0,131.645,395,GEOS_0.5x0.625/MERRA2/2019/07/MERRA2.20190701.A3cld.05x0625.nc4
2302.422,hit,false,0.000,0,131.673,395,GEOS_0.5x0.625/MERRA2/2019/07/MERRA2.20190701.A3cld.05x0625.nc4
2302.458,hit,false,0.000,0,131.708,395,GEOS_0.5x0.625/MERRA2/2019/07/MERRA2.20190701.A3cld.05x0625.nc4
2302.486,hit,false,0.000,0,131.736,395,GEOS_0.5x0.625/MERRA2/2019/07/MERRA2.20190701.A3cld.05x0625.nc4
2302.527,hit,false,0.000,0,131.777,395,GEOS_0.5x0.625/MERRA2/2019/07/MERRA2.20190701.A3cld.05x0625.nc4
2302.551,hit,false,0.000,0,131.801,395,GEOS_0.5x0.625/MERRA2/2019/07/MERRA2.20190701.A3cld.05x0625.nc4
2302.587,hit,false,0.000,0,131.837,395,GEOS_0.5x0.625/MERRA2/2019/07/MERRA2.20190701.A3cld.05x0625.nc4
2302.612,hit,false,0.000,0,131.862,395,GEOS_0.5x0.625/MERRA2/2019/07/MERRA2.20190701.A3cld.05x0625.nc4
2302.649,hit,false,0.000,0,131.896,396,GEOS_0.5x0.625/MERRA2/2019/07/MERRA2.20190701.A3cld.05x0625.nc4
2302.677,hit,false,0.000,0,131.925,396,GEOS_0.5x0.625/MERRA2/2019/07/MERRA2.20190701.A3cld.05x0625.nc4
2302.711,hit,false,0.000,0,131.959,396,GEOS_0.5x0.625/MERRA2/2019/07/MERRA2.20190701.A3cld.05x0625.nc4
2302.735,hit,false,0.000,0,131.982,396,GEOS_0.5x0.625/MERRA2/2019/07/MERRA2.20190701.A3cld.05x0625.nc4
2302.769,hit,false,0.000,0,132.016,396,GEOS_0.5x0.625/MERRA2/2019/07/MERRA2.20190701.A3cld.05x0625.nc4
2302.792,hit,false,0.000,0,132.040,396,GEOS_0.5x0.625/MERRA2/2019/07/MERRA2.20190701.A3cld.05x0625.nc4
2302.851,hit,false,0.000,0,132.098,396,GEOS_0.5x0.625/MERRA2/2019/07/MERRA2.20190701.A3cld.05x0625.nc4
2302.872,hit,false,0.000,0,132.119,396,GEOS_0.5x0.625/MERRA2/2019/07/MERRA2.20190701.A3cld.05x0625.nc4
2302.910,hit,false,0.000,0,132.155,397,GEOS_0.5x0.625/MERRA2/2019/07/MERRA2.20190701.A3cld.05x0625.nc4
2302.936,hit,false,0.000,0,132.181,397,GEOS_0.5x0.625/MERRA2/2019/07/MERRA2.20190701.A3cld.05x0625.nc4
2302.972,hit,false,0.000,0,132.217,397,GEOS_0.5x0.625/MERRA2/2019/07/MERRA2.20190701.A3cld.05x0625.nc4
2302.996,hit,false,0.000,0,132.241,397,GEOS_0.5x0.625/MERRA2/2019/07/MERRA2.20190701.A3cld.05x0625.nc4
2303.029,hit,false,0.000,0,132.274,397,GEOS_0.5x0.625/MERRA2/2019/07/MERRA2.20190701.A3cld.05x0625.nc4
2303.055,hit,false,0.000,0,132.300,397,GEOS_0.5x0.625/MERRA2/2019/07/MERRA2.20190701.A3cld.05x0625.nc4
2303.094,hit,false,0.000,0,132.339,397,GEOS_0.5x0.625/MERRA2/2019/07/MERRA2.20190701.A3cld.05x0625.nc4
2303.129,hit,false,0.000,0,132.374,397,GEOS_0.5x0.625/MERRA2/2019/07/MERRA2.20190701.A3cld.05x0625.nc4
2303.164,hit,false,0.000,0,132.406,398,GEOS_0.5x0.625/MERRA2/2019/07/MERRA2.20190701.A3cld.05x0625.nc4
2303.190,hit,false,0.000,0,132.432,398,GEOS_0.5x0.625/MERRA2/2019/07/MERRA2.20190701.A3cld.05x0625.nc4
2303.224,hit,false,0.000,0,132.467,398,GEOS_0.5x0.625/MERRA2/2019/07/MERRA2.20190701.A3cld.05x0625.nc4
2303.254,hit,false,0.000,0,132.496,398,GEOS_0.5x0.625/MERRA2/2019/07/MERRA2.20190701.A3cld.05x0625.nc4
2303.289,hit,false,0.000,0,132.532,398,GEOS_0.5x0.625/MERRA2/2019/07/MERRA2.20190701.A3cld.05x0625.nc4
2303.317,hit,false,0.000,0,132.560,398,GEOS_0.5x0.625/MERRA2/2019/07/MERRA2.20190701.A3cld.05x0625.nc4
2303.351,hit,false,0.000,0,132.594,398,GEOS_0.5x0.625/MERRA2/2019/07/MERRA2.20190701.A3cld.05x0625.nc4
2303.444,hit,false,0.000,0,132.687,398,GEOS_0.5x0.625/MERRA2/2019/07/MERRA2.20190701.A3cld.05x0625.nc4
2303.466,hit,false,0.000,0,132.707,399,GEOS_0.5x0.625/MERRA2/2019/07/MERRA2.20190701.A3cld.05x0625.nc4
2303.506,hit,false,0.000,0,132.747,399,GEOS_0.5x0.625/MERRA2/2019/07/MERRA2.20190701.A3cld.05x0625.nc4
2303.536,hit,false,0.000,0,132.776,399,GEOS_0.5x0.625/MERRA2/2019/07/MERRA2.20190701.A3cld.05x0625.nc4
2303.567,hit,false,0.000,0,132.808,399,GEOS_0.5x0.625/MERRA2/2019/07/MERRA2.20190701.A3cld.05x0625.nc4
2303.601,hit,false,0.000,0,132.841,399,GEOS_0.5x0.625/MERRA2/2019/07/MERRA2.20190701.A3cld.05x0625.nc4
2303.627,hit,false,0.000,0,132.867,399,GEOS_0.5x0.625/MERRA2/2019/07/MERRA2.20190701.A3cld.05x0625.nc4
2303.660,hit,false,0.000,0,132.901,399,GEOS_0.5x0.625/MERRA2/2019/07/MERRA2.20190701.A3cld.05x0625.nc4
2303.686,hit,false,0.000,0,132.927,399,GEOS_0.5x0.625/MERRA2/2019/07/MERRA2.20190701.A3cld.05x0625.nc4
2303.719,hit,false,0.000,0,132.973,400,GEOS_0.5x0.625/MERRA2/2019/07/MERRA2.20190701.A3cld.05x0625.nc4
2303.750,hit,false,0.000,0,133.004,400,GEOS_0.5x0.625/MERRA2/2019/07/MERRA2.20190701.A3cld.05x0625.nc4
2303.805,hit,false,0.000,0,133.058,400,GEOS_0.5x0.625/MERRA2/2019/07/MERRA2.20190701.A3cld.05x0625.nc4
2303.826,hit,false,0.000,0,133.080,400,GEOS_0.5x0.625/MERRA2/2019/07/MERRA2.20190701.A3cld.05x0625.nc4
2303.869,hit,false,0.000,0,133.123,400,GEOS_0.5x0.625/MERRA2/2019/07/MERRA2.20190701.A3cld.05x0625.nc4
2303.890,hit,false,0.000,0,133.144,400,GEOS_0.5x0.625/MERRA2/2019/07/MERRA2.20190701.A3cld.05x0625.nc4
2303.932,hit,false,0.000,0,133.186,400,GEOS_0.5x0.625/MERRA2/2019/07/MERRA2.20190701.A3cld.05x0625.nc4
2303.953,hit,false,0.000,0,133.207,400,GEOS_0.5x0.625/MERRA2/2019/07/MERRA2.20190701.A3cld.05x0625.nc4
2303.987,hit,false,0.000,0,133.236,401,GEOS_0.5x0.625/MERRA2/2019/07/MERRA2.20190701.A3cld.05x0625.nc4
2304.013,hit,false,0.000,0,133.262,401,GEOS_0.5x0.625/MERRA2/2019/07/MERRA2.20190701.A3cld.05x0625.nc4
2304.048,hit,false,0.000,0,133.297,401,GEOS_0.5x0.625/MERRA2/2019/07/MERRA2.20190701.A3cld.05x0625.nc4
2304.073,hit,false,0.000,0,133.322,401,GEOS_0.5x0.625/MERRA2/2019/07/MERRA2.20190701.A3cld.05x0625.nc4
2304.105,hit,false,0.000,0,133.354,401,GEOS_0.5x0.625/MERRA2/2019/07/MERRA2.20190701.A3cld.05x0625.nc4
2304.130,hit,false,0.000,0,133.379,401,GEOS_0.5x0.625/MERRA2/2019/07/MERRA2.20190701.A3cld.05x0625.nc4
2304.164,hit,false,0.000,0,133.413,401,GEOS_0.5x0.625/MERRA2/2019/07/MERRA2.20190701.A3cld.05x0625.nc4
2304.189,hit,false,0.000,0,133.438,401,GEOS_0.5x0.625/MERRA2/2019/07/MERRA2.20190701.A3cld.05x0625.nc4
2304.223,hit,false,0.000,0,133.469,402,GEOS_0.5x0.625/MERRA2/2019/07/MERRA2.20190701.A3cld.05x0625.nc4
2304.248,hit,false,0.000,0,133.494,402,GEOS_0.5x0.625/MERRA2/2019/07/MERRA2.20190701.A3cld.05x0625.nc4
2304.296,hit,false,0.000,0,133.542,402,GEOS_0.5x0.625/MERRA2/2019/07/MERRA2.20190701.A3cld.05x0625.nc4
2304.320,hit,false,0.000,0,133.566,402,GEOS_0.5x0.625/MERRA2/2019/07/MERRA2.20190701.A3cld.05x0625.nc4
2304.354,hit,false,0.000,0,133.600,402,GEOS_0.5x0.625/MERRA2/2019/07/MERRA2.20190701.A3cld.05x0625.nc4
2304.377,hit,false,0.000,0,133.624,402,GEOS_0.5x0.625/MERRA2/2019/07/MERRA2.20190701.A3cld.05x0625.nc4
2304.409,hit,false,0.000,0,133.655,402,GEOS_0.5x0.625/MERRA2/2019/07/MERRA2.20190701.A3cld.05x0625.nc4
2304.434,hit,false,0.000,0,133.680,402,GEOS_0.5x0.625/MERRA2/2019/07/MERRA2.20190701.A3cld.05x0625.nc4
2304.468,hit,false,0.000,0,133.712,403,GEOS_0.5x0.625/MERRA2/2019/07/MERRA2.20190701.A3cld.05x0625.nc4
2304.495,hit,false,0.000,0,133.739,403,GEOS_0.5x0.625/MERRA2/2019/07/MERRA2.20190701.A3cld.05x0625.nc4
2304.529,hit,false,0.000,0,133.773,403,GEOS_0.5x0.625/MERRA2/2019/07/MERRA2.20190701.A3cld.05x0625.nc4
2304.552,hit,false,0.000,0,133.796,403,GEOS_0.5x0.625/MERRA2/2019/07/MERRA2.20190701.A3cld.05x0625.nc4
2304.586,hit,false,0.000,0,133.829,403,GEOS_0.5x0.625/MERRA2/2019/07/MERRA2.20190701.A3cld.05x0625.nc4
2304.610,hit,false,0.000,0,133.854,403,GEOS_0.5x0.625/MERRA2/2019/07/MERRA2.20190701.A3cld.05x0625.nc4
2304.669,hit,false,0.000,0,133.913,403,GEOS_0.5x0.625/MERRA2/2019/07/MERRA2.20190701.A3cld.05x0625.nc4
2304.691,hit,false,0.000,0,133.934,403,GEOS_0.5x0.625/MERRA2/2019/07/MERRA2.20190701.A3cld.05x0625.nc4
2304.732,hit,false,0.000,0,133.973,404,GEOS_0.5x0.625/MERRA2/2019/07/MERRA2.20190701.A3cld.05x0625.nc4
2304.759,hit,false,0.000,0,134.000,404,GEOS_0.5x0.625/MERRA2/2019/07/MERRA2.20190701.A3cld.05x0625.nc4
