ms,kind,prefetched,wait_ms,inflight,lag_ms,chunk,key
908.702,open,false,-1.000,0,-1.000,259688793,GEOS_0.5x0.625/MERRA2/2019/07/MERRA2.20190701.A3mstC.05x0625.nc4
908.834,uncovered,false,32.190,0,-1.000,0,GEOS_0.5x0.625/MERRA2/2019/07/MERRA2.20190701.A3mstC.05x0625.nc4
941.188,hit,false,0.000,0,-1.000,0,GEOS_0.5x0.625/MERRA2/2019/07/MERRA2.20190701.A3mstC.05x0625.nc4
941.242,hit,false,0.000,0,-1.000,0,GEOS_0.5x0.625/MERRA2/2019/07/MERRA2.20190701.A3mstC.05x0625.nc4
941.337,hit,false,0.000,0,-1.000,0,GEOS_0.5x0.625/MERRA2/2019/07/MERRA2.20190701.A3mstC.05x0625.nc4
941.390,hit,false,0.000,0,-1.000,0,GEOS_0.5x0.625/MERRA2/2019/07/MERRA2.20190701.A3mstC.05x0625.nc4
941.455,hit,false,0.000,0,-1.000,0,GEOS_0.5x0.625/MERRA2/2019/07/MERRA2.20190701.A3mstC.05x0625.nc4
941.498,hit,false,0.000,0,-1.000,0,GEOS_0.5x0.625/MERRA2/2019/07/MERRA2.20190701.A3mstC.05x0625.nc4
941.573,hit,false,0.000,0,-1.000,0,GEOS_0.5x0.625/MERRA2/2019/07/MERRA2.20190701.A3mstC.05x0625.nc4
941.626,uncovered,false,26.677,0,-1.000,1,GEOS_0.5x0.625/MERRA2/2019/07/MERRA2.20190701.A3mstC.05x0625.nc4
941.684,uncovered,false,26.675,0,-1.000,1,GEOS_0.5x0.625/MERRA2/2019/07/MERRA2.20190701.A3mstC.05x0625.nc4
968.390,hit,false,0.000,0,-1.000,1,GEOS_0.5x0.625/MERRA2/2019/07/MERRA2.20190701.A3mstC.05x0625.nc4
968.455,hit,false,0.000,0,-1.000,1,GEOS_0.5x0.625/MERRA2/2019/07/MERRA2.20190701.A3mstC.05x0625.nc4
968.467,hit,false,0.000,0,-1.000,1,GEOS_0.5x0.625/MERRA2/2019/07/MERRA2.20190701.A3mstC.05x0625.nc4
968.517,hit,false,0.000,0,-1.000,1,GEOS_0.5x0.625/MERRA2/2019/07/MERRA2.20190701.A3mstC.05x0625.nc4
968.540,hit,false,0.000,0,-1.000,1,GEOS_0.5x0.625/MERRA2/2019/07/MERRA2.20190701.A3mstC.05x0625.nc4
968.580,hit,false,0.000,0,-1.000,1,GEOS_0.5x0.625/MERRA2/2019/07/MERRA2.20190701.A3mstC.05x0625.nc4
968.603,uncovered,false,22.612,0,-1.000,2,GEOS_0.5x0.625/MERRA2/2019/07/MERRA2.20190701.A3mstC.05x0625.nc4
968.644,uncovered,false,22.625,0,-1.000,2,GEOS_0.5x0.625/MERRA2/2019/07/MERRA2.20190701.A3mstC.05x0625.nc4
991.308,hit,false,0.000,0,-1.000,2,GEOS_0.5x0.625/MERRA2/2019/07/MERRA2.20190701.A3mstC.05x0625.nc4
991.348,hit,false,0.000,0,-1.000,2,GEOS_0.5x0.625/MERRA2/2019/07/MERRA2.20190701.A3mstC.05x0625.nc4
991.384,hit,false,0.000,0,-1.000,2,GEOS_0.5x0.625/MERRA2/2019/07/MERRA2.20190701.A3mstC.05x0625.nc4
991.411,hit,false,0.000,0,-1.000,2,GEOS_0.5x0.625/MERRA2/2019/07/MERRA2.20190701.A3mstC.05x0625.nc4
991.443,hit,false,0.000,0,-1.000,2,GEOS_0.5x0.625/MERRA2/2019/07/MERRA2.20190701.A3mstC.05x0625.nc4
991.466,hit,false,0.000,0,-1.000,2,GEOS_0.5x0.625/MERRA2/2019/07/MERRA2.20190701.A3mstC.05x0625.nc4
991.506,uncovered,false,31.554,0,-1.000,3,GEOS_0.5x0.625/MERRA2/2019/07/MERRA2.20190701.A3mstC.05x0625.nc4
991.531,uncovered,false,31.597,0,-1.000,3,GEOS_0.5x0.625/MERRA2/2019/07/MERRA2.20190701.A3mstC.05x0625.nc4
1023.147,hit,false,0.000,0,-1.000,3,GEOS_0.5x0.625/MERRA2/2019/07/MERRA2.20190701.A3mstC.05x0625.nc4
1023.206,hit,false,0.000,0,-1.000,3,GEOS_0.5x0.625/MERRA2/2019/07/MERRA2.20190701.A3mstC.05x0625.nc4
1023.235,hit,false,0.000,0,-1.000,3,GEOS_0.5x0.625/MERRA2/2019/07/MERRA2.20190701.A3mstC.05x0625.nc4
1023.275,hit,false,0.000,0,-1.000,3,GEOS_0.5x0.625/MERRA2/2019/07/MERRA2.20190701.A3mstC.05x0625.nc4
1023.297,hit,false,0.000,0,-1.000,3,GEOS_0.5x0.625/MERRA2/2019/07/MERRA2.20190701.A3mstC.05x0625.nc4
1023.338,hit,false,0.000,0,-1.000,3,GEOS_0.5x0.625/MERRA2/2019/07/MERRA2.20190701.A3mstC.05x0625.nc4
1023.362,uncovered,false,33.566,0,-1.000,4,GEOS_0.5x0.625/MERRA2/2019/07/MERRA2.20190701.A3mstC.05x0625.nc4
1023.396,uncovered,false,33.583,0,-1.000,4,GEOS_0.5x0.625/MERRA2/2019/07/MERRA2.20190701.A3mstC.05x0625.nc4
1057.009,hit,false,0.000,0,-1.000,4,GEOS_0.5x0.625/MERRA2/2019/07/MERRA2.20190701.A3mstC.05x0625.nc4
1057.066,hit,false,0.000,0,-1.000,4,GEOS_0.5x0.625/MERRA2/2019/07/MERRA2.20190701.A3mstC.05x0625.nc4
1057.086,hit,false,0.000,0,-1.000,4,GEOS_0.5x0.625/MERRA2/2019/07/MERRA2.20190701.A3mstC.05x0625.nc4
1057.149,hit,false,0.000,0,-1.000,4,GEOS_0.5x0.625/MERRA2/2019/07/MERRA2.20190701.A3mstC.05x0625.nc4
1057.180,hit,false,0.000,0,-1.000,4,GEOS_0.5x0.625/MERRA2/2019/07/MERRA2.20190701.A3mstC.05x0625.nc4
1057.222,hit,false,0.000,0,-1.000,4,GEOS_0.5x0.625/MERRA2/2019/07/MERRA2.20190701.A3mstC.05x0625.nc4
1057.253,uncovered,false,27.595,0,-1.000,5,GEOS_0.5x0.625/MERRA2/2019/07/MERRA2.20190701.A3mstC.05x0625.nc4
1057.321,uncovered,false,27.586,0,-1.000,5,GEOS_0.5x0.625/MERRA2/2019/07/MERRA2.20190701.A3mstC.05x0625.nc4
1084.937,hit,false,0.000,0,-1.000,5,GEOS_0.5x0.625/MERRA2/2019/07/MERRA2.20190701.A3mstC.05x0625.nc4
1084.995,hit,false,0.000,0,-1.000,5,GEOS_0.5x0.625/MERRA2/2019/07/MERRA2.20190701.A3mstC.05x0625.nc4
1085.025,hit,false,0.000,0,-1.000,5,GEOS_0.5x0.625/MERRA2/2019/07/MERRA2.20190701.A3mstC.05x0625.nc4
1085.064,hit,false,0.000,0,-1.000,5,GEOS_0.5x0.625/MERRA2/2019/07/MERRA2.20190701.A3mstC.05x0625.nc4
1085.101,hit,false,0.000,0,-1.000,5,GEOS_0.5x0.625/MERRA2/2019/07/MERRA2.20190701.A3mstC.05x0625.nc4
1085.138,hit,false,0.000,0,-1.000,5,GEOS_0.5x0.625/MERRA2/2019/07/MERRA2.20190701.A3mstC.05x0625.nc4
1085.170,uncovered,false,26.030,0,-1.000,6,GEOS_0.5x0.625/MERRA2/2019/07/MERRA2.20190701.A3mstC.05x0625.nc4
1085.284,uncovered,false,25.970,0,-1.000,6,GEOS_0.5x0.625/MERRA2/2019/07/MERRA2.20190701.A3mstC.05x0625.nc4
1111.313,hit,false,0.000,0,-1.000,6,GEOS_0.5x0.625/MERRA2/2019/07/MERRA2.20190701.A3mstC.05x0625.nc4
1111.339,hit,false,0.000,0,-1.000,6,GEOS_0.5x0.625/MERRA2/2019/07/MERRA2.20190701.A3mstC.05x0625.nc4
1111.406,hit,false,0.000,0,-1.000,6,GEOS_0.5x0.625/MERRA2/2019/07/MERRA2.20190701.A3mstC.05x0625.nc4
1111.436,hit,false,0.000,0,-1.000,6,GEOS_0.5x0.625/MERRA2/2019/07/MERRA2.20190701.A3mstC.05x0625.nc4
1111.479,hit,false,0.000,0,-1.000,6,GEOS_0.5x0.625/MERRA2/2019/07/MERRA2.20190701.A3mstC.05x0625.nc4
1111.512,hit,false,0.000,0,-1.000,6,GEOS_0.5x0.625/MERRA2/2019/07/MERRA2.20190701.A3mstC.05x0625.nc4
1111.550,uncovered,false,27.776,0,-1.000,7,GEOS_0.5x0.625/MERRA2/2019/07/MERRA2.20190701.A3mstC.05x0625.nc4
1111.588,uncovered,false,27.814,0,-1.000,7,GEOS_0.5x0.625/MERRA2/2019/07/MERRA2.20190701.A3mstC.05x0625.nc4
1139.423,hit,false,0.000,0,-1.000,7,GEOS_0.5x0.625/MERRA2/2019/07/MERRA2.20190701.A3mstC.05x0625.nc4
1139.502,hit,false,0.000,0,-1.000,7,GEOS_0.5x0.625/MERRA2/2019/07/MERRA2.20190701.A3mstC.05x0625.nc4
1139.529,hit,false,0.000,0,-1.000,7,GEOS_0.5x0.625/MERRA2/2019/07/MERRA2.20190701.A3mstC.05x0625.nc4
1139.584,hit,false,0.000,0,-1.000,7,GEOS_0.5x0.625/MERRA2/2019/07/MERRA2.20190701.A3mstC.05x0625.nc4
1139.614,hit,false,0.000,0,-1.000,7,GEOS_0.5x0.625/MERRA2/2019/07/MERRA2.20190701.A3mstC.05x0625.nc4
1139.671,hit,false,0.000,0,-1.000,7,GEOS_0.5x0.625/MERRA2/2019/07/MERRA2.20190701.A3mstC.05x0625.nc4
1139.702,uncovered,false,25.958,0,-1.000,8,GEOS_0.5x0.625/MERRA2/2019/07/MERRA2.20190701.A3mstC.05x0625.nc4
1139.865,uncovered,false,25.858,0,-1.000,8,GEOS_0.5x0.625/MERRA2/2019/07/MERRA2.20190701.A3mstC.05x0625.nc4
1165.762,hit,false,0.000,8,-1.000,8,GEOS_0.5x0.625/MERRA2/2019/07/MERRA2.20190701.A3mstC.05x0625.nc4
1165.816,hit,false,0.000,22,-1.000,8,GEOS_0.5x0.625/MERRA2/2019/07/MERRA2.20190701.A3mstC.05x0625.nc4
1165.845,hit,false,0.000,26,-1.000,8,GEOS_0.5x0.625/MERRA2/2019/07/MERRA2.20190701.A3mstC.05x0625.nc4
1165.892,hit,false,0.000,26,-1.000,8,GEOS_0.5x0.625/MERRA2/2019/07/MERRA2.20190701.A3mstC.05x0625.nc4
1165.925,hit,false,0.000,28,-1.000,8,GEOS_0.5x0.625/MERRA2/2019/07/MERRA2.20190701.A3mstC.05x0625.nc4
1165.962,hit,false,0.000,32,-1.000,8,GEOS_0.5x0.625/MERRA2/2019/07/MERRA2.20190701.A3mstC.05x0625.nc4
1165.993,uncovered,false,65.906,22,-1.000,9,GEOS_0.5x0.625/MERRA2/2019/07/MERRA2.20190701.A3mstC.05x0625.nc4
1166.036,uncovered,false,65.911,22,-1.000,9,GEOS_0.5x0.625/MERRA2/2019/07/MERRA2.20190701.A3mstC.05x0625.nc4
1232.107,hit,false,0.000,22,-1.000,9,GEOS_0.5x0.625/MERRA2/2019/07/MERRA2.20190701.A3mstC.05x0625.nc4
1232.108,hit,false,0.000,22,-1.000,9,GEOS_0.5x0.625/MERRA2/2019/07/MERRA2.20190701.A3mstC.05x0625.nc4
1232.208,hit,false,0.000,22,-1.000,9,GEOS_0.5x0.625/MERRA2/2019/07/MERRA2.20190701.A3mstC.05x0625.nc4
1232.248,hit,false,0.000,22,-1.000,9,GEOS_0.5x0.625/MERRA2/2019/07/MERRA2.20190701.A3mstC.05x0625.nc4
1232.308,hit,false,0.000,22,-1.000,9,GEOS_0.5x0.625/MERRA2/2019/07/MERRA2.20190701.A3mstC.05x0625.nc4
1232.356,hit,false,0.000,22,-1.000,9,GEOS_0.5x0.625/MERRA2/2019/07/MERRA2.20190701.A3mstC.05x0625.nc4
1232.394,uncovered,false,259.366,0,-1.000,10,GEOS_0.5x0.625/MERRA2/2019/07/MERRA2.20190701.A3mstC.05x0625.nc4
1232.446,uncovered,false,259.368,0,-1.000,10,GEOS_0.5x0.625/MERRA2/2019/07/MERRA2.20190701.A3mstC.05x0625.nc4
1491.919,hit,false,0.000,0,-1.000,10,GEOS_0.5x0.625/MERRA2/2019/07/MERRA2.20190701.A3mstC.05x0625.nc4
1491.950,hit,false,0.000,0,-1.000,10,GEOS_0.5x0.625/MERRA2/2019/07/MERRA2.20190701.A3mstC.05x0625.nc4
1492.026,hit,false,0.000,0,-1.000,10,GEOS_0.5x0.625/MERRA2/2019/07/MERRA2.20190701.A3mstC.05x0625.nc4
1492.056,hit,false,0.000,0,-1.000,10,GEOS_0.5x0.625/MERRA2/2019/07/MERRA2.20190701.A3mstC.05x0625.nc4
1492.112,hit,false,0.000,0,-1.000,10,GEOS_0.5x0.625/MERRA2/2019/07/MERRA2.20190701.A3mstC.05x0625.nc4
1492.281,hit,false,0.000,0,-1.000,10,GEOS_0.5x0.625/MERRA2/2019/07/MERRA2.20190701.A3mstC.05x0625.nc4
1492.310,uncovered,false,31.431,0,-1.000,11,GEOS_0.5x0.625/MERRA2/2019/07/MERRA2.20190701.A3mstC.05x0625.nc4
1492.362,uncovered,false,31.438,0,-1.000,11,GEOS_0.5x0.625/MERRA2/2019/07/MERRA2.20190701.A3mstC.05x0625.nc4
1523.840,hit,false,0.000,0,-1.000,11,GEOS_0.5x0.625/MERRA2/2019/07/MERRA2.20190701.A3mstC.05x0625.nc4
1523.890,hit,false,0.000,0,-1.000,11,GEOS_0.5x0.625/MERRA2/2019/07/MERRA2.20190701.A3mstC.05x0625.nc4
1523.929,hit,false,0.000,0,-1.000,11,GEOS_0.5x0.625/MERRA2/2019/07/MERRA2.20190701.A3mstC.05x0625.nc4
1523.956,hit,false,0.000,0,-1.000,11,GEOS_0.5x0.625/MERRA2/2019/07/MERRA2.20190701.A3mstC.05x0625.nc4
1524.002,hit,false,0.000,0,-1.000,11,GEOS_0.5x0.625/MERRA2/2019/07/MERRA2.20190701.A3mstC.05x0625.nc4
1524.031,hit,false,0.000,0,-1.000,11,GEOS_0.5x0.625/MERRA2/2019/07/MERRA2.20190701.A3mstC.05x0625.nc4
1524.066,uncovered,false,25.526,0,-1.000,12,GEOS_0.5x0.625/MERRA2/2019/07/MERRA2.20190701.A3mstC.05x0625.nc4
1524.102,uncovered,false,25.545,0,-1.000,12,GEOS_0.5x0.625/MERRA2/2019/07/MERRA2.20190701.A3mstC.05x0625.nc4
1549.688,hit,false,0.000,0,-1.000,12,GEOS_0.5x0.625/MERRA2/2019/07/MERRA2.20190701.A3mstC.05x0625.nc4
1549.730,hit,false,0.000,0,-1.000,12,GEOS_0.5x0.625/MERRA2/2019/07/MERRA2.20190701.A3mstC.05x0625.nc4
1549.764,hit,false,0.000,0,-1.000,12,GEOS_0.5x0.625/MERRA2/2019/07/MERRA2.20190701.A3mstC.05x0625.nc4
1549.796,hit,false,0.000,0,-1.000,12,GEOS_0.5x0.625/MERRA2/2019/07/MERRA2.20190701.A3mstC.05x0625.nc4
1549.831,hit,false,0.000,0,-1.000,12,GEOS_0.5x0.625/MERRA2/2019/07/MERRA2.20190701.A3mstC.05x0625.nc4
1549.866,hit,false,0.000,0,-1.000,12,GEOS_0.5x0.625/MERRA2/2019/07/MERRA2.20190701.A3mstC.05x0625.nc4
1549.897,uncovered,false,27.044,0,-1.000,13,GEOS_0.5x0.625/MERRA2/2019/07/MERRA2.20190701.A3mstC.05x0625.nc4
1549.930,uncovered,false,27.079,0,-1.000,13,GEOS_0.5x0.625/MERRA2/2019/07/MERRA2.20190701.A3mstC.05x0625.nc4
1577.031,hit,false,0.000,0,-1.000,13,GEOS_0.5x0.625/MERRA2/2019/07/MERRA2.20190701.A3mstC.05x0625.nc4
1577.086,hit,false,0.000,0,-1.000,13,GEOS_0.5x0.625/MERRA2/2019/07/MERRA2.20190701.A3mstC.05x0625.nc4
1577.112,hit,false,0.000,0,-1.000,13,GEOS_0.5x0.625/MERRA2/2019/07/MERRA2.20190701.A3mstC.05x0625.nc4
1577.155,hit,false,0.000,0,-1.000,13,GEOS_0.5x0.625/MERRA2/2019/07/MERRA2.20190701.A3mstC.05x0625.nc4
1577.181,hit,false,0.000,0,-1.000,13,GEOS_0.5x0.625/MERRA2/2019/07/MERRA2.20190701.A3mstC.05x0625.nc4
1577.222,hit,false,0.000,0,-1.000,13,GEOS_0.5x0.625/MERRA2/2019/07/MERRA2.20190701.A3mstC.05x0625.nc4
1577.250,uncovered,false,30.714,0,-1.000,14,GEOS_0.5x0.625/MERRA2/2019/07/MERRA2.20190701.A3mstC.05x0625.nc4
1577.291,uncovered,false,30.744,0,-1.000,14,GEOS_0.5x0.625/MERRA2/2019/07/MERRA2.20190701.A3mstC.05x0625.nc4
1608.059,hit,false,0.000,0,-1.000,14,GEOS_0.5x0.625/MERRA2/2019/07/MERRA2.20190701.A3mstC.05x0625.nc4
1608.117,hit,false,0.000,0,-1.000,14,GEOS_0.5x0.625/MERRA2/2019/07/MERRA2.20190701.A3mstC.05x0625.nc4
1608.151,hit,false,0.000,0,-1.000,14,GEOS_0.5x0.625/MERRA2/2019/07/MERRA2.20190701.A3mstC.05x0625.nc4
1608.186,hit,false,0.000,0,-1.000,14,GEOS_0.5x0.625/MERRA2/2019/07/MERRA2.20190701.A3mstC.05x0625.nc4
1608.216,hit,false,0.000,0,-1.000,14,GEOS_0.5x0.625/MERRA2/2019/07/MERRA2.20190701.A3mstC.05x0625.nc4
1608.242,hit,false,0.000,0,-1.000,14,GEOS_0.5x0.625/MERRA2/2019/07/MERRA2.20190701.A3mstC.05x0625.nc4
1608.283,uncovered,false,32.811,0,-1.000,15,GEOS_0.5x0.625/MERRA2/2019/07/MERRA2.20190701.A3mstC.05x0625.nc4
1608.313,uncovered,false,32.852,0,-1.000,15,GEOS_0.5x0.625/MERRA2/2019/07/MERRA2.20190701.A3mstC.05x0625.nc4
1641.181,hit,false,0.000,0,-1.000,15,GEOS_0.5x0.625/MERRA2/2019/07/MERRA2.20190701.A3mstC.05x0625.nc4
1641.255,hit,false,0.000,0,-1.000,15,GEOS_0.5x0.625/MERRA2/2019/07/MERRA2.20190701.A3mstC.05x0625.nc4
1641.273,hit,false,0.000,0,-1.000,15,GEOS_0.5x0.625/MERRA2/2019/07/MERRA2.20190701.A3mstC.05x0625.nc4
1641.328,hit,false,0.000,0,-1.000,15,GEOS_0.5x0.625/MERRA2/2019/07/MERRA2.20190701.A3mstC.05x0625.nc4
1641.352,hit,false,0.000,0,-1.000,15,GEOS_0.5x0.625/MERRA2/2019/07/MERRA2.20190701.A3mstC.05x0625.nc4
1641.398,hit,false,0.000,0,-1.000,15,GEOS_0.5x0.625/MERRA2/2019/07/MERRA2.20190701.A3mstC.05x0625.nc4
1641.427,hit,false,0.000,0,475.691,16,GEOS_0.5x0.625/MERRA2/2019/07/MERRA2.20190701.A3mstC.05x0625.nc4
1641.467,hit,false,0.000,0,475.731,16,GEOS_0.5x0.625/MERRA2/2019/07/MERRA2.20190701.A3mstC.05x0625.nc4
1641.542,hit,false,0.000,19,475.806,16,GEOS_0.5x0.625/MERRA2/2019/07/MERRA2.20190701.A3mstC.05x0625.nc4
1641.569,hit,false,0.000,24,475.833,16,GEOS_0.5x0.625/MERRA2/2019/07/MERRA2.20190701.A3mstC.05x0625.nc4
1641.623,hit,false,0.000,32,475.887,16,GEOS_0.5x0.625/MERRA2/2019/07/MERRA2.20190701.A3mstC.05x0625.nc4
1641.652,hit,false,0.000,32,475.916,16,GEOS_0.5x0.625/MERRA2/2019/07/MERRA2.20190701.A3mstC.05x0625.nc4
1641.701,hit,false,0.000,40,475.965,16,GEOS_0.5x0.625/MERRA2/2019/07/MERRA2.20190701.A3mstC.05x0625.nc4
1641.726,hit,false,0.000,40,475.990,16,GEOS_0.5x0.625/MERRA2/2019/07/MERRA2.20190701.A3mstC.05x0625.nc4
1641.804,hit,false,0.000,40,476.065,17,GEOS_0.5x0.625/MERRA2/2019/07/MERRA2.20190701.A3mstC.05x0625.nc4
1641.843,hit,false,0.000,40,476.104,17,GEOS_0.5x0.625/MERRA2/2019/07/MERRA2.20190701.A3mstC.05x0625.nc4
1641.885,hit,false,0.000,40,476.146,17,GEOS_0.5x0.625/MERRA2/2019/07/MERRA2.20190701.A3mstC.05x0625.nc4
1641.919,hit,false,0.000,40,476.180,17,GEOS_0.5x0.625/MERRA2/2019/07/MERRA2.20190701.A3mstC.05x0625.nc4
1641.960,hit,false,0.000,40,476.221,17,GEOS_0.5x0.625/MERRA2/2019/07/MERRA2.20190701.A3mstC.05x0625.nc4
1641.987,hit,false,0.000,40,476.248,17,GEOS_0.5x0.625/MERRA2/2019/07/MERRA2.20190701.A3mstC.05x0625.nc4
1642.035,hit,false,0.000,40,476.296,17,GEOS_0.5x0.625/MERRA2/2019/07/MERRA2.20190701.A3mstC.05x0625.nc4
1642.098,hit,false,0.000,40,476.359,17,GEOS_0.5x0.625/MERRA2/2019/07/MERRA2.20190701.A3mstC.05x0625.nc4
1642.124,hit,false,0.000,40,476.383,18,GEOS_0.5x0.625/MERRA2/2019/07/MERRA2.20190701.A3mstC.05x0625.nc4
1642.172,hit,false,0.000,40,476.432,18,GEOS_0.5x0.625/MERRA2/2019/07/MERRA2.20190701.A3mstC.05x0625.nc4
1642.201,hit,false,0.000,40,476.461,18,GEOS_0.5x0.625/MERRA2/2019/07/MERRA2.20190701.A3mstC.05x0625.nc4
1642.243,hit,false,0.000,40,476.502,18,GEOS_0.5x0.625/MERRA2/2019/07/MERRA2.20190701.A3mstC.05x0625.nc4
1642.274,hit,false,0.000,40,476.534,18,GEOS_0.5x0.625/MERRA2/2019/07/MERRA2.20190701.A3mstC.05x0625.nc4
1642.313,hit,false,0.000,40,476.572,18,GEOS_0.5x0.625/MERRA2/2019/07/MERRA2.20190701.A3mstC.05x0625.nc4
1642.344,hit,false,0.000,40,476.604,18,GEOS_0.5x0.625/MERRA2/2019/07/MERRA2.20190701.A3mstC.05x0625.nc4
1642.384,hit,false,0.000,40,476.643,18,GEOS_0.5x0.625/MERRA2/2019/07/MERRA2.20190701.A3mstC.05x0625.nc4
1642.415,hit,false,0.000,40,476.673,19,GEOS_0.5x0.625/MERRA2/2019/07/MERRA2.20190701.A3mstC.05x0625.nc4
1642.455,hit,false,0.000,40,476.713,19,GEOS_0.5x0.625/MERRA2/2019/07/MERRA2.20190701.A3mstC.05x0625.nc4
1642.502,hit,false,0.000,40,476.760,19,GEOS_0.5x0.625/MERRA2/2019/07/MERRA2.20190701.A3mstC.05x0625.nc4
1642.529,hit,false,0.000,40,476.787,19,GEOS_0.5x0.625/MERRA2/2019/07/MERRA2.20190701.A3mstC.05x0625.nc4
1642.569,hit,false,0.000,40,476.827,19,GEOS_0.5x0.625/MERRA2/2019/07/MERRA2.20190701.A3mstC.05x0625.nc4
1642.598,hit,false,0.000,40,476.856,19,GEOS_0.5x0.625/MERRA2/2019/07/MERRA2.20190701.A3mstC.05x0625.nc4
1642.638,hit,false,0.000,40,476.896,19,GEOS_0.5x0.625/MERRA2/2019/07/MERRA2.20190701.A3mstC.05x0625.nc4
1642.750,hit,false,0.000,40,477.008,19,GEOS_0.5x0.625/MERRA2/2019/07/MERRA2.20190701.A3mstC.05x0625.nc4
1642.776,hit,false,0.000,40,477.032,20,GEOS_0.5x0.625/MERRA2/2019/07/MERRA2.20190701.A3mstC.05x0625.nc4
1642.822,hit,false,0.000,40,477.078,20,GEOS_0.5x0.625/MERRA2/2019/07/MERRA2.20190701.A3mstC.05x0625.nc4
1642.849,hit,false,0.000,40,477.106,20,GEOS_0.5x0.625/MERRA2/2019/07/MERRA2.20190701.A3mstC.05x0625.nc4
1642.889,hit,false,0.000,40,477.146,20,GEOS_0.5x0.625/MERRA2/2019/07/MERRA2.20190701.A3mstC.05x0625.nc4
1642.918,hit,false,0.000,40,477.175,20,GEOS_0.5x0.625/MERRA2/2019/07/MERRA2.20190701.A3mstC.05x0625.nc4
1642.957,hit,false,0.000,40,477.213,20,GEOS_0.5x0.625/MERRA2/2019/07/MERRA2.20190701.A3mstC.05x0625.nc4
1642.986,hit,false,0.000,40,477.242,20,GEOS_0.5x0.625/MERRA2/2019/07/MERRA2.20190701.A3mstC.05x0625.nc4
1643.026,hit,false,0.000,40,477.283,20,GEOS_0.5x0.625/MERRA2/2019/07/MERRA2.20190701.A3mstC.05x0625.nc4
1643.053,hit,false,0.000,40,477.307,21,GEOS_0.5x0.625/MERRA2/2019/07/MERRA2.20190701.A3mstC.05x0625.nc4
1643.117,hit,false,0.000,40,477.371,21,GEOS_0.5x0.625/MERRA2/2019/07/MERRA2.20190701.A3mstC.05x0625.nc4
1643.144,hit,false,0.000,40,477.398,21,GEOS_0.5x0.625/MERRA2/2019/07/MERRA2.20190701.A3mstC.05x0625.nc4
1643.193,hit,false,0.000,40,477.447,21,GEOS_0.5x0.625/MERRA2/2019/07/MERRA2.20190701.A3mstC.05x0625.nc4
1643.217,hit,false,0.000,40,477.471,21,GEOS_0.5x0.625/MERRA2/2019/07/MERRA2.20190701.A3mstC.05x0625.nc4
1643.271,hit,false,0.000,40,477.525,21,GEOS_0.5x0.625/MERRA2/2019/07/MERRA2.20190701.A3mstC.05x0625.nc4
1643.298,hit,false,0.000,40,477.552,21,GEOS_0.5x0.625/MERRA2/2019/07/MERRA2.20190701.A3mstC.05x0625.nc4
1643.340,hit,false,0.000,40,477.594,21,GEOS_0.5x0.625/MERRA2/2019/07/MERRA2.20190701.A3mstC.05x0625.nc4
1643.369,hit,false,0.000,40,477.622,22,GEOS_0.5x0.625/MERRA2/2019/07/MERRA2.20190701.A3mstC.05x0625.nc4
1643.409,hit,false,0.000,40,477.662,22,GEOS_0.5x0.625/MERRA2/2019/07/MERRA2.20190701.A3mstC.05x0625.nc4
1643.440,hit,false,0.000,40,477.692,22,GEOS_0.5x0.625/MERRA2/2019/07/MERRA2.20190701.A3mstC.05x0625.nc4
1643.485,hit,false,0.000,40,477.738,22,GEOS_0.5x0.625/MERRA2/2019/07/MERRA2.20190701.A3mstC.05x0625.nc4
1643.513,hit,false,0.000,40,477.765,22,GEOS_0.5x0.625/MERRA2/2019/07/MERRA2.20190701.A3mstC.05x0625.nc4
1643.551,hit,false,0.000,40,477.804,22,GEOS_0.5x0.625/MERRA2/2019/07/MERRA2.20190701.A3mstC.05x0625.nc4
1643.578,hit,false,0.000,40,477.831,22,GEOS_0.5x0.625/MERRA2/2019/07/MERRA2.20190701.A3mstC.05x0625.nc4
1643.616,hit,false,0.000,40,477.868,22,GEOS_0.5x0.625/MERRA2/2019/07/MERRA2.20190701.A3mstC.05x0625.nc4
1643.643,hit,false,0.000,40,477.894,23,GEOS_0.5x0.625/MERRA2/2019/07/MERRA2.20190701.A3mstC.05x0625.nc4
1643.685,hit,false,0.000,40,477.936,23,GEOS_0.5x0.625/MERRA2/2019/07/MERRA2.20190701.A3mstC.05x0625.nc4
1643.714,hit,false,0.000,40,477.965,23,GEOS_0.5x0.625/MERRA2/2019/07/MERRA2.20190701.A3mstC.05x0625.nc4
1643.757,hit,false,0.000,40,478.008,23,GEOS_0.5x0.625/MERRA2/2019/07/MERRA2.20190701.A3mstC.05x0625.nc4
1643.783,hit,false,0.000,40,478.034,23,GEOS_0.5x0.625/MERRA2/2019/07/MERRA2.20190701.A3mstC.05x0625.nc4
1643.829,hit,false,0.000,40,478.080,23,GEOS_0.5x0.625/MERRA2/2019/07/MERRA2.20190701.A3mstC.05x0625.nc4
1643.855,hit,false,0.000,40,478.106,23,GEOS_0.5x0.625/MERRA2/2019/07/MERRA2.20190701.A3mstC.05x0625.nc4
1644.029,hit,false,0.000,40,478.280,23,GEOS_0.5x0.625/MERRA2/2019/07/MERRA2.20190701.A3mstC.05x0625.nc4
1644.056,hit,false,0.000,40,478.297,24,GEOS_0.5x0.625/MERRA2/2019/07/MERRA2.20190701.A3mstC.05x0625.nc4
1644.097,hit,false,0.000,40,478.338,24,GEOS_0.5x0.625/MERRA2/2019/07/MERRA2.20190701.A3mstC.05x0625.nc4
1644.146,hit,false,0.000,74,478.387,24,GEOS_0.5x0.625/MERRA2/2019/07/MERRA2.20190701.A3mstC.05x0625.nc4
1644.173,hit,false,0.000,80,478.414,24,GEOS_0.5x0.625/MERRA2/2019/07/MERRA2.20190701.A3mstC.05x0625.nc4
1644.214,hit,false,0.000,80,478.455,24,GEOS_0.5x0.625/MERRA2/2019/07/MERRA2.20190701.A3mstC.05x0625.nc4
1644.243,hit,false,0.000,80,478.484,24,GEOS_0.5x0.625/MERRA2/2019/07/MERRA2.20190701.A3mstC.05x0625.nc4
1644.278,hit,false,0.000,80,478.520,24,GEOS_0.5x0.625/MERRA2/2019/07/MERRA2.20190701.A3mstC.05x0625.nc4
1644.316,hit,false,0.000,80,478.557,24,GEOS_0.5x0.625/MERRA2/2019/07/MERRA2.20190701.A3mstC.05x0625.nc4
1644.357,hit,false,0.000,80,478.592,25,GEOS_0.5x0.625/MERRA2/2019/07/MERRA2.20190701.A3mstC.05x0625.nc4
1644.394,hit,false,0.000,80,478.629,25,GEOS_0.5x0.625/MERRA2/2019/07/MERRA2.20190701.A3mstC.05x0625.nc4
1644.439,hit,false,0.000,80,478.674,25,GEOS_0.5x0.625/MERRA2/2019/07/MERRA2.20190701.A3mstC.05x0625.nc4
1644.467,hit,false,0.000,80,478.702,25,GEOS_0.5x0.625/MERRA2/2019/07/MERRA2.20190701.A3mstC.05x0625.nc4
1644.510,hit,false,0.000,80,478.745,25,GEOS_0.5x0.625/MERRA2/2019/07/MERRA2.20190701.A3mstC.05x0625.nc4
1644.542,hit,false,0.000,80,478.777,25,GEOS_0.5x0.625/MERRA2/2019/07/MERRA2.20190701.A3mstC.05x0625.nc4
1644.579,hit,false,0.000,80,478.814,25,GEOS_0.5x0.625/MERRA2/2019/07/MERRA2.20190701.A3mstC.05x0625.nc4
1644.609,hit,false,0.000,80,478.844,25,GEOS_0.5x0.625/MERRA2/2019/07/MERRA2.20190701.A3mstC.05x0625.nc4
1644.648,hit,false,0.000,80,478.879,26,GEOS_0.5x0.625/MERRA2/2019/07/MERRA2.20190701.A3mstC.05x0625.nc4
1644.685,hit,false,0.000,80,478.916,26,GEOS_0.5x0.625/MERRA2/2019/07/MERRA2.20190701.A3mstC.05x0625.nc4
1644.722,hit,false,0.000,80,478.953,26,GEOS_0.5x0.625/MERRA2/2019/07/MERRA2.20190701.A3mstC.05x0625.nc4
1644.747,hit,false,0.000,80,478.978,26,GEOS_0.5x0.625/MERRA2/2019/07/MERRA2.20190701.A3mstC.05x0625.nc4
1644.790,hit,false,0.000,80,479.021,26,GEOS_0.5x0.625/MERRA2/2019/07/MERRA2.20190701.A3mstC.05x0625.nc4
1644.819,hit,false,0.000,80,479.051,26,GEOS_0.5x0.625/MERRA2/2019/07/MERRA2.20190701.A3mstC.05x0625.nc4
1644.859,hit,false,0.000,80,479.090,26,GEOS_0.5x0.625/MERRA2/2019/07/MERRA2.20190701.A3mstC.05x0625.nc4
1644.889,hit,false,0.000,80,479.121,26,GEOS_0.5x0.625/MERRA2/2019/07/MERRA2.20190701.A3mstC.05x0625.nc4
1644.919,hit,false,0.000,80,479.148,27,GEOS_0.5x0.625/MERRA2/2019/07/MERRA2.20190701.A3mstC.05x0625.nc4
1644.954,hit,false,0.000,80,479.183,27,GEOS_0.5x0.625/MERRA2/2019/07/MERRA2.20190701.A3mstC.05x0625.nc4
1644.988,hit,false,0.000,80,479.217,27,GEOS_0.5x0.625/MERRA2/2019/07/MERRA2.20190701.A3mstC.05x0625.nc4
1645.049,hit,false,0.000,80,479.278,27,GEOS_0.5x0.625/MERRA2/2019/07/MERRA2.20190701.A3mstC.05x0625.nc4
1645.081,hit,false,0.000,80,479.310,27,GEOS_0.5x0.625/MERRA2/2019/07/MERRA2.20190701.A3mstC.05x0625.nc4
1645.115,hit,false,0.000,80,479.344,27,GEOS_0.5x0.625/MERRA2/2019/07/MERRA2.20190701.A3mstC.05x0625.nc4
1645.150,hit,false,0.000,80,479.379,27,GEOS_0.5x0.625/MERRA2/2019/07/MERRA2.20190701.A3mstC.05x0625.nc4
1645.176,hit,false,0.000,80,479.406,27,GEOS_0.5x0.625/MERRA2/2019/07/MERRA2.20190701.A3mstC.05x0625.nc4
1645.220,hit,false,0.000,80,479.444,28,GEOS_0.5x0.625/MERRA2/2019/07/MERRA2.20190701.A3mstC.05x0625.nc4
1645.249,hit,false,0.000,80,479.473,28,GEOS_0.5x0.625/MERRA2/2019/07/MERRA2.20190701.A3mstC.05x0625.nc4
1645.289,hit,false,0.000,80,479.514,28,GEOS_0.5x0.625/MERRA2/2019/07/MERRA2.20190701.A3mstC.05x0625.nc4
1645.317,hit,false,0.000,80,479.542,28,GEOS_0.5x0.625/MERRA2/2019/07/MERRA2.20190701.A3mstC.05x0625.nc4
1645.363,hit,false,0.000,80,479.588,28,GEOS_0.5x0.625/MERRA2/2019/07/MERRA2.20190701.A3mstC.05x0625.nc4
1645.394,hit,false,0.000,80,479.619,28,GEOS_0.5x0.625/MERRA2/2019/07/MERRA2.20190701.A3mstC.05x0625.nc4
1645.430,hit,false,0.000,80,479.655,28,GEOS_0.5x0.625/MERRA2/2019/07/MERRA2.20190701.A3mstC.05x0625.nc4
1645.458,hit,false,0.000,80,479.683,28,GEOS_0.5x0.625/MERRA2/2019/07/MERRA2.20190701.A3mstC.05x0625.nc4
1645.495,hit,false,0.000,80,479.717,29,GEOS_0.5x0.625/MERRA2/2019/07/MERRA2.20190701.A3mstC.05x0625.nc4
1645.532,hit,false,0.000,80,479.754,29,GEOS_0.5x0.625/MERRA2/2019/07/MERRA2.20190701.A3mstC.05x0625.nc4
1645.559,hit,false,0.000,80,479.781,29,GEOS_0.5x0.625/MERRA2/2019/07/MERRA2.20190701.A3mstC.05x0625.nc4
1645.600,hit,false,0.000,80,479.822,29,GEOS_0.5x0.625/MERRA2/2019/07/MERRA2.20190701.A3mstC.05x0625.nc4
1645.626,hit,false,0.000,80,479.848,29,GEOS_0.5x0.625/MERRA2/2019/07/MERRA2.20190701.A3mstC.05x0625.nc4
1645.677,hit,false,0.000,80,479.899,29,GEOS_0.5x0.625/MERRA2/2019/07/MERRA2.20190701.A3mstC.05x0625.nc4
1645.705,hit,false,0.000,80,479.927,29,GEOS_0.5x0.625/MERRA2/2019/07/MERRA2.20190701.A3mstC.05x0625.nc4
1645.743,hit,false,0.000,80,479.965,29,GEOS_0.5x0.625/MERRA2/2019/07/MERRA2.20190701.A3mstC.05x0625.nc4
1645.773,hit,false,0.000,80,479.993,30,GEOS_0.5x0.625/MERRA2/2019/07/MERRA2.20190701.A3mstC.05x0625.nc4
1645.813,hit,false,0.000,80,480.033,30,GEOS_0.5x0.625/MERRA2/2019/07/MERRA2.20190701.A3mstC.05x0625.nc4
1645.842,hit,false,0.000,80,480.062,30,GEOS_0.5x0.625/MERRA2/2019/07/MERRA2.20190701.A3mstC.05x0625.nc4
1645.878,hit,false,0.000,80,480.099,30,GEOS_0.5x0.625/MERRA2/2019/07/MERRA2.20190701.A3mstC.05x0625.nc4
1645.907,hit,false,0.000,80,480.127,30,GEOS_0.5x0.625/MERRA2/2019/07/MERRA2.20190701.A3mstC.05x0625.nc4
1645.946,hit,false,0.000,80,480.166,30,GEOS_0.5x0.625/MERRA2/2019/07/MERRA2.20190701.A3mstC.05x0625.nc4
1645.973,hit,false,0.000,80,480.193,30,GEOS_0.5x0.625/MERRA2/2019/07/MERRA2.20190701.A3mstC.05x0625.nc4
1646.015,hit,false,0.000,80,480.236,30,GEOS_0.5x0.625/MERRA2/2019/07/MERRA2.20190701.A3mstC.05x0625.nc4
1646.042,hit,false,0.000,80,480.260,31,GEOS_0.5x0.625/MERRA2/2019/07/MERRA2.20190701.A3mstC.05x0625.nc4
1646.089,hit,false,0.000,80,480.307,31,GEOS_0.5x0.625/MERRA2/2019/07/MERRA2.20190701.A3mstC.05x0625.nc4
1646.116,hit,false,0.000,80,480.334,31,GEOS_0.5x0.625/MERRA2/2019/07/MERRA2.20190701.A3mstC.05x0625.nc4
1646.153,hit,false,0.000,80,480.371,31,GEOS_0.5x0.625/MERRA2/2019/07/MERRA2.20190701.A3mstC.05x0625.nc4
1646.182,hit,false,0.000,80,480.401,31,GEOS_0.5x0.625/MERRA2/2019/07/MERRA2.20190701.A3mstC.05x0625.nc4
1646.218,hit,false,0.000,80,480.436,31,GEOS_0.5x0.625/MERRA2/2019/07/MERRA2.20190701.A3mstC.05x0625.nc4
1646.354,hit,false,0.000,80,480.572,31,GEOS_0.5x0.625/MERRA2/2019/07/MERRA2.20190701.A3mstC.05x0625.nc4
1646.379,hit,false,0.000,80,480.597,31,GEOS_0.5x0.625/MERRA2/2019/07/MERRA2.20190701.A3mstC.05x0625.nc4
1646.425,hit,false,0.000,80,480.658,32,GEOS_0.5x0.625/MERRA2/2019/07/MERRA2.20190701.A3mstC.05x0625.nc4
1646.453,hit,false,0.000,80,480.686,32,GEOS_0.5x0.625/MERRA2/2019/07/MERRA2.20190701.A3mstC.05x0625.nc4
1646.512,hit,false,0.000,88,480.745,32,GEOS_0.5x0.625/MERRA2/2019/07/MERRA2.20190701.A3mstC.05x0625.nc4
1646.539,hit,false,0.000,96,480.772,32,GEOS_0.5x0.625/MERRA2/2019/07/MERRA2.20190701.A3mstC.05x0625.nc4
1646.585,hit,false,0.000,104,480.818,32,GEOS_0.5x0.625/MERRA2/2019/07/MERRA2.20190701.A3mstC.05x0625.nc4
1646.610,hit,false,0.000,112,480.843,32,GEOS_0.5x0.625/MERRA2/2019/07/MERRA2.20190701.A3mstC.05x0625.nc4
1646.649,hit,false,0.000,117,480.882,32,GEOS_0.5x0.625/MERRA2/2019/07/MERRA2.20190701.A3mstC.05x0625.nc4
1646.679,hit,false,0.000,120,480.911,32,GEOS_0.5x0.625/MERRA2/2019/07/MERRA2.20190701.A3mstC.05x0625.nc4
1646.720,hit,false,0.000,120,480.950,33,GEOS_0.5x0.625/MERRA2/2019/07/MERRA2.20190701.A3mstC.05x0625.nc4
1646.752,hit,false,0.000,120,480.981,33,GEOS_0.5x0.625/MERRA2/2019/07/MERRA2.20190701.A3mstC.05x0625.nc4
1646.801,hit,false,0.000,120,481.030,33,GEOS_0.5x0.625/MERRA2/2019/07/MERRA2.20190701.A3mstC.05x0625.nc4
1646.827,hit,false,0.000,120,481.057,33,GEOS_0.5x0.625/MERRA2/2019/07/MERRA2.20190701.A3mstC.05x0625.nc4
1646.909,hit,false,0.000,120,481.139,33,GEOS_0.5x0.625/MERRA2/2019/07/MERRA2.20190701.A3mstC.05x0625.nc4
1646.918,hit,false,0.000,120,481.147,33,GEOS_0.5x0.625/MERRA2/2019/07/MERRA2.20190701.A3mstC.05x0625.nc4
1646.984,hit,false,0.000,120,481.214,33,GEOS_0.5x0.625/MERRA2/2019/07/MERRA2.20190701.A3mstC.05x0625.nc4
1647.006,hit,false,0.000,120,481.236,33,GEOS_0.5x0.625/MERRA2/2019/07/MERRA2.20190701.A3mstC.05x0625.nc4
1647.064,hit,false,0.000,120,481.291,34,GEOS_0.5x0.625/MERRA2/2019/07/MERRA2.20190701.A3mstC.05x0625.nc4
1647.092,hit,false,0.000,120,481.318,34,GEOS_0.5x0.625/MERRA2/2019/07/MERRA2.20190701.A3mstC.05x0625.nc4
1647.135,hit,false,0.000,120,481.361,34,GEOS_0.5x0.625/MERRA2/2019/07/MERRA2.20190701.A3mstC.05x0625.nc4
1647.161,hit,false,0.000,120,481.387,34,GEOS_0.5x0.625/MERRA2/2019/07/MERRA2.20190701.A3mstC.05x0625.nc4
1647.203,hit,false,0.000,120,481.429,34,GEOS_0.5x0.625/MERRA2/2019/07/MERRA2.20190701.A3mstC.05x0625.nc4
1647.235,hit,false,0.000,120,481.462,34,GEOS_0.5x0.625/MERRA2/2019/07/MERRA2.20190701.A3mstC.05x0625.nc4
1647.289,hit,false,0.000,120,481.516,34,GEOS_0.5x0.625/MERRA2/2019/07/MERRA2.20190701.A3mstC.05x0625.nc4
1647.313,hit,false,0.000,120,481.540,34,GEOS_0.5x0.625/MERRA2/2019/07/MERRA2.20190701.A3mstC.05x0625.nc4
1647.356,hit,false,0.000,120,481.580,35,GEOS_0.5x0.625/MERRA2/2019/07/MERRA2.20190701.A3mstC.05x0625.nc4
1647.385,hit,false,0.000,120,481.610,35,GEOS_0.5x0.625/MERRA2/2019/07/MERRA2.20190701.A3mstC.05x0625.nc4
1647.418,hit,false,0.000,120,481.643,35,GEOS_0.5x0.625/MERRA2/2019/07/MERRA2.20190701.A3mstC.05x0625.nc4
1647.453,hit,false,0.000,120,481.677,35,GEOS_0.5x0.625/MERRA2/2019/07/MERRA2.20190701.A3mstC.05x0625.nc4
1647.488,hit,false,0.000,120,481.712,35,GEOS_0.5x0.625/MERRA2/2019/07/MERRA2.20190701.A3mstC.05x0625.nc4
1647.519,hit,false,0.000,120,481.744,35,GEOS_0.5x0.625/MERRA2/2019/07/MERRA2.20190701.A3mstC.05x0625.nc4
1647.558,hit,false,0.000,120,481.782,35,GEOS_0.5x0.625/MERRA2/2019/07/MERRA2.20190701.A3mstC.05x0625.nc4
1647.591,hit,false,0.000,120,481.816,35,GEOS_0.5x0.625/MERRA2/2019/07/MERRA2.20190701.A3mstC.05x0625.nc4
1647.627,hit,false,0.000,120,481.849,36,GEOS_0.5x0.625/MERRA2/2019/07/MERRA2.20190701.A3mstC.05x0625.nc4
1647.654,hit,false,0.000,120,481.876,36,GEOS_0.5x0.625/MERRA2/2019/07/MERRA2.20190701.A3mstC.05x0625.nc4
1647.689,hit,false,0.000,120,481.911,36,GEOS_0.5x0.625/MERRA2/2019/07/MERRA2.20190701.A3mstC.05x0625.nc4
1647.715,hit,false,0.000,120,481.937,36,GEOS_0.5x0.625/MERRA2/2019/07/MERRA2.20190701.A3mstC.05x0625.nc4
1647.747,hit,false,0.000,120,481.969,36,GEOS_0.5x0.625/MERRA2/2019/07/MERRA2.20190701.A3mstC.05x0625.nc4
1647.774,hit,false,0.000,120,481.996,36,GEOS_0.5x0.625/MERRA2/2019/07/MERRA2.20190701.A3mstC.05x0625.nc4
1647.813,hit,false,0.000,120,482.035,36,GEOS_0.5x0.625/MERRA2/2019/07/MERRA2.20190701.A3mstC.05x0625.nc4
1647.849,hit,false,0.000,120,482.071,36,GEOS_0.5x0.625/MERRA2/2019/07/MERRA2.20190701.A3mstC.05x0625.nc4
1647.884,hit,false,0.000,120,482.104,37,GEOS_0.5x0.625/MERRA2/2019/07/MERRA2.20190701.A3mstC.05x0625.nc4
1647.945,hit,false,0.000,120,482.165,37,GEOS_0.5x0.625/MERRA2/2019/07/MERRA2.20190701.A3mstC.05x0625.nc4
1647.965,hit,false,0.000,120,482.185,37,GEOS_0.5x0.625/MERRA2/2019/07/MERRA2.20190701.A3mstC.05x0625.nc4
1648.026,hit,false,0.000,120,482.246,37,GEOS_0.5x0.625/MERRA2/2019/07/MERRA2.20190701.A3mstC.05x0625.nc4
1648.049,hit,false,0.000,120,482.269,37,GEOS_0.5x0.625/MERRA2/2019/07/MERRA2.20190701.A3mstC.05x0625.nc4
1648.094,hit,false,0.000,120,482.313,37,GEOS_0.5x0.625/MERRA2/2019/07/MERRA2.20190701.A3mstC.05x0625.nc4
1648.118,hit,false,0.000,120,482.338,37,GEOS_0.5x0.625/MERRA2/2019/07/MERRA2.20190701.A3mstC.05x0625.nc4
1648.166,hit,false,0.000,120,482.385,37,GEOS_0.5x0.625/MERRA2/2019/07/MERRA2.20190701.A3mstC.05x0625.nc4
1648.194,hit,false,0.000,120,482.411,38,GEOS_0.5x0.625/MERRA2/2019/07/MERRA2.20190701.A3mstC.05x0625.nc4
1648.245,hit,false,0.000,120,482.463,38,GEOS_0.5x0.625/MERRA2/2019/07/MERRA2.20190701.A3mstC.05x0625.nc4
1648.271,hit,false,0.000,120,482.489,38,GEOS_0.5x0.625/MERRA2/2019/07/MERRA2.20190701.A3mstC.05x0625.nc4
1648.315,hit,false,0.000,120,482.532,38,GEOS_0.5x0.625/MERRA2/2019/07/MERRA2.20190701.A3mstC.05x0625.nc4
1648.358,hit,false,0.000,120,482.576,38,GEOS_0.5x0.625/MERRA2/2019/07/MERRA2.20190701.A3mstC.05x0625.nc4
1648.383,hit,false,0.000,120,482.600,38,GEOS_0.5x0.625/MERRA2/2019/07/MERRA2.20190701.A3mstC.05x0625.nc4
1648.423,hit,false,0.000,120,482.640,38,GEOS_0.5x0.625/MERRA2/2019/07/MERRA2.20190701.A3mstC.05x0625.nc4
1648.450,hit,false,0.000,120,482.667,38,GEOS_0.5x0.625/MERRA2/2019/07/MERRA2.20190701.A3mstC.05x0625.nc4
1648.488,hit,false,0.000,120,482.704,39,GEOS_0.5x0.625/MERRA2/2019/07/MERRA2.20190701.A3mstC.05x0625.nc4
1648.522,hit,false,0.000,120,482.738,39,GEOS_0.5x0.625/MERRA2/2019/07/MERRA2.20190701.A3mstC.05x0625.nc4
1648.557,hit,false,0.000,120,482.773,39,GEOS_0.5x0.625/MERRA2/2019/07/MERRA2.20190701.A3mstC.05x0625.nc4
1648.583,hit,false,0.000,120,482.799,39,GEOS_0.5x0.625/MERRA2/2019/07/MERRA2.20190701.A3mstC.05x0625.nc4
1648.615,hit,false,0.000,120,482.831,39,GEOS_0.5x0.625/MERRA2/2019/07/MERRA2.20190701.A3mstC.05x0625.nc4
1648.746,hit,false,0.000,120,482.962,39,GEOS_0.5x0.625/MERRA2/2019/07/MERRA2.20190701.A3mstC.05x0625.nc4
1648.769,hit,false,0.000,120,482.985,39,GEOS_0.5x0.625/MERRA2/2019/07/MERRA2.20190701.A3mstC.05x0625.nc4
1648.803,hit,false,0.000,120,483.018,39,GEOS_0.5x0.625/MERRA2/2019/07/MERRA2.20190701.A3mstC.05x0625.nc4
1648.829,hit,false,0.000,120,483.059,40,GEOS_0.5x0.625/MERRA2/2019/07/MERRA2.20190701.A3mstC.05x0625.nc4
1648.869,hit,false,0.000,120,483.099,40,GEOS_0.5x0.625/MERRA2/2019/07/MERRA2.20190701.A3mstC.05x0625.nc4
1648.909,hit,false,0.000,144,483.139,40,GEOS_0.5x0.625/MERRA2/2019/07/MERRA2.20190701.A3mstC.05x0625.nc4
1648.932,hit,false,0.000,160,483.162,40,GEOS_0.5x0.625/MERRA2/2019/07/MERRA2.20190701.A3mstC.05x0625.nc4
1648.982,hit,false,0.000,160,483.212,40,GEOS_0.5x0.625/MERRA2/2019/07/MERRA2.20190701.A3mstC.05x0625.nc4
1649.003,hit,false,0.000,160,483.233,40,GEOS_0.5x0.625/MERRA2/2019/07/MERRA2.20190701.A3mstC.05x0625.nc4
1649.051,hit,false,0.000,160,483.280,40,GEOS_0.5x0.625/MERRA2/2019/07/MERRA2.20190701.A3mstC.05x0625.nc4
1649.076,hit,false,0.000,160,483.306,40,GEOS_0.5x0.625/MERRA2/2019/07/MERRA2.20190701.A3mstC.05x0625.nc4
1649.117,hit,false,0.000,160,483.338,41,GEOS_0.5x0.625/MERRA2/2019/07/MERRA2.20190701.A3mstC.05x0625.nc4
1649.151,hit,false,0.000,160,483.372,41,GEOS_0.5x0.625/MERRA2/2019/07/MERRA2.20190701.A3mstC.05x0625.nc4
1649.189,hit,false,0.000,160,483.410,41,GEOS_0.5x0.625/MERRA2/2019/07/MERRA2.20190701.A3mstC.05x0625.nc4
1649.225,hit,false,0.000,160,483.446,41,GEOS_0.5x0.625/MERRA2/2019/07/MERRA2.20190701.A3mstC.05x0625.nc4
1649.261,hit,false,0.000,160,483.481,41,GEOS_0.5x0.625/MERRA2/2019/07/MERRA2.20190701.A3mstC.05x0625.nc4
1649.292,hit,false,0.000,160,483.512,41,GEOS_0.5x0.625/MERRA2/2019/07/MERRA2.20190701.A3mstC.05x0625.nc4
1649.331,hit,false,0.000,160,483.552,41,GEOS_0.5x0.625/MERRA2/2019/07/MERRA2.20190701.A3mstC.05x0625.nc4
1649.361,hit,false,0.000,160,483.582,41,GEOS_0.5x0.625/MERRA2/2019/07/MERRA2.20190701.A3mstC.05x0625.nc4
1649.398,hit,false,0.000,160,483.616,42,GEOS_0.5x0.625/MERRA2/2019/07/MERRA2.20190701.A3mstC.05x0625.nc4
1649.429,hit,false,0.000,160,483.648,42,GEOS_0.5x0.625/MERRA2/2019/07/MERRA2.20190701.A3mstC.05x0625.nc4
1649.465,hit,false,0.000,160,483.683,42,GEOS_0.5x0.625/MERRA2/2019/07/MERRA2.20190701.A3mstC.05x0625.nc4
1649.499,hit,false,0.000,160,483.717,42,GEOS_0.5x0.625/MERRA2/2019/07/MERRA2.20190701.A3mstC.05x0625.nc4
1649.530,hit,false,0.000,160,483.748,42,GEOS_0.5x0.625/MERRA2/2019/07/MERRA2.20190701.A3mstC.05x0625.nc4
1649.560,hit,false,0.000,160,483.778,42,GEOS_0.5x0.625/MERRA2/2019/07/MERRA2.20190701.A3mstC.05x0625.nc4
1649.597,hit,false,0.000,160,483.816,42,GEOS_0.5x0.625/MERRA2/2019/07/MERRA2.20190701.A3mstC.05x0625.nc4
1649.629,hit,false,0.000,160,483.848,42,GEOS_0.5x0.625/MERRA2/2019/07/MERRA2.20190701.A3mstC.05x0625.nc4
1649.678,hit,false,0.000,160,483.895,43,GEOS_0.5x0.625/MERRA2/2019/07/MERRA2.20190701.A3mstC.05x0625.nc4
1649.706,hit,false,0.000,160,483.923,43,GEOS_0.5x0.625/MERRA2/2019/07/MERRA2.20190701.A3mstC.05x0625.nc4
1649.737,hit,false,0.000,160,483.954,43,GEOS_0.5x0.625/MERRA2/2019/07/MERRA2.20190701.A3mstC.05x0625.nc4
1649.762,hit,false,0.000,160,483.979,43,GEOS_0.5x0.625/MERRA2/2019/07/MERRA2.20190701.A3mstC.05x0625.nc4
1649.800,hit,false,0.000,160,484.017,43,GEOS_0.5x0.625/MERRA2/2019/07/MERRA2.20190701.A3mstC.05x0625.nc4
1649.825,hit,false,0.000,160,484.042,43,GEOS_0.5x0.625/MERRA2/2019/07/MERRA2.20190701.A3mstC.05x0625.nc4
1649.858,hit,false,0.000,160,484.075,43,GEOS_0.5x0.625/MERRA2/2019/07/MERRA2.20190701.A3mstC.05x0625.nc4
1649.894,hit,false,0.000,160,484.111,43,GEOS_0.5x0.625/MERRA2/2019/07/MERRA2.20190701.A3mstC.05x0625.nc4
1649.919,hit,false,0.000,160,484.133,44,GEOS_0.5x0.625/MERRA2/2019/07/MERRA2.20190701.A3mstC.05x0625.nc4
1649.955,hit,false,0.000,160,484.169,44,GEOS_0.5x0.625/MERRA2/2019/07/MERRA2.20190701.A3mstC.05x0625.nc4
1649.987,hit,false,0.000,160,484.201,44,GEOS_0.5x0.625/MERRA2/2019/07/MERRA2.20190701.A3mstC.05x0625.nc4
1650.020,hit,false,0.000,160,484.235,44,GEOS_0.5x0.625/MERRA2/2019/07/MERRA2.20190701.A3mstC.05x0625.nc4
1650.052,hit,false,0.000,160,484.266,44,GEOS_0.5x0.625/MERRA2/2019/07/MERRA2.20190701.A3mstC.05x0625.nc4
1650.087,hit,false,0.000,160,484.301,44,GEOS_0.5x0.625/MERRA2/2019/07/MERRA2.20190701.A3mstC.05x0625.nc4
1650.112,hit,false,0.000,160,484.326,44,GEOS_0.5x0.625/MERRA2/2019/07/MERRA2.20190701.A3mstC.05x0625.nc4
1650.155,hit,false,0.000,160,484.370,44,GEOS_0.5x0.625/MERRA2/2019/07/MERRA2.20190701.A3mstC.05x0625.nc4
1650.181,hit,false,0.000,160,484.390,45,GEOS_0.5x0.625/MERRA2/2019/07/MERRA2.20190701.A3mstC.05x0625.nc4
1650.218,hit,false,0.000,160,484.427,45,GEOS_0.5x0.625/MERRA2/2019/07/MERRA2.20190701.A3mstC.05x0625.nc4
1650.244,hit,false,0.000,160,484.453,45,GEOS_0.5x0.625/MERRA2/2019/07/MERRA2.20190701.A3mstC.05x0625.nc4
1650.285,hit,false,0.000,160,484.494,45,GEOS_0.5x0.625/MERRA2/2019/07/MERRA2.20190701.A3mstC.05x0625.nc4
1650.311,hit,false,0.000,160,484.519,45,GEOS_0.5x0.625/MERRA2/2019/07/MERRA2.20190701.A3mstC.05x0625.nc4
1650.354,hit,false,0.000,160,484.563,45,GEOS_0.5x0.625/MERRA2/2019/07/MERRA2.20190701.A3mstC.05x0625.nc4
1650.380,hit,false,0.000,160,484.589,45,GEOS_0.5x0.625/MERRA2/2019/07/MERRA2.20190701.A3mstC.05x0625.nc4
1650.414,hit,false,0.000,160,484.623,45,GEOS_0.5x0.625/MERRA2/2019/07/MERRA2.20190701.A3mstC.05x0625.nc4
1650.441,hit,false,0.000,160,484.648,46,GEOS_0.5x0.625/MERRA2/2019/07/MERRA2.20190701.A3mstC.05x0625.nc4
1650.482,hit,false,0.000,160,484.689,46,GEOS_0.5x0.625/MERRA2/2019/07/MERRA2.20190701.A3mstC.05x0625.nc4
1650.507,hit,false,0.000,160,484.715,46,GEOS_0.5x0.625/MERRA2/2019/07/MERRA2.20190701.A3mstC.05x0625.nc4
1650.541,hit,false,0.000,160,484.748,46,GEOS_0.5x0.625/MERRA2/2019/07/MERRA2.20190701.A3mstC.05x0625.nc4
1650.573,hit,false,0.000,160,484.781,46,GEOS_0.5x0.625/MERRA2/2019/07/MERRA2.20190701.A3mstC.05x0625.nc4
1650.598,hit,false,0.000,160,484.805,46,GEOS_0.5x0.625/MERRA2/2019/07/MERRA2.20190701.A3mstC.05x0625.nc4
1650.632,hit,false,0.000,160,484.840,46,GEOS_0.5x0.625/MERRA2/2019/07/MERRA2.20190701.A3mstC.05x0625.nc4
1650.658,hit,false,0.000,160,484.865,46,GEOS_0.5x0.625/MERRA2/2019/07/MERRA2.20190701.A3mstC.05x0625.nc4
1650.696,hit,false,0.000,160,484.901,47,GEOS_0.5x0.625/MERRA2/2019/07/MERRA2.20190701.A3mstC.05x0625.nc4
1650.722,hit,false,0.000,160,484.927,47,GEOS_0.5x0.625/MERRA2/2019/07/MERRA2.20190701.A3mstC.05x0625.nc4
1650.762,hit,false,0.000,160,484.967,47,GEOS_0.5x0.625/MERRA2/2019/07/MERRA2.20190701.A3mstC.05x0625.nc4
1650.789,hit,false,0.000,160,484.994,47,GEOS_0.5x0.625/MERRA2/2019/07/MERRA2.20190701.A3mstC.05x0625.nc4
1650.951,hit,false,0.000,160,485.156,47,GEOS_0.5x0.625/MERRA2/2019/07/MERRA2.20190701.A3mstC.05x0625.nc4
1650.976,hit,false,0.000,160,485.181,47,GEOS_0.5x0.625/MERRA2/2019/07/MERRA2.20190701.A3mstC.05x0625.nc4
1651.019,hit,false,0.000,160,485.224,47,GEOS_0.5x0.625/MERRA2/2019/07/MERRA2.20190701.A3mstC.05x0625.nc4
1651.043,hit,false,0.000,160,485.248,47,GEOS_0.5x0.625/MERRA2/2019/07/MERRA2.20190701.A3mstC.05x0625.nc4
1651.083,uncovered,false,14.000,159,9.575,48,GEOS_0.5x0.625/MERRA2/2019/07/MERRA2.20190701.A3mstC.05x0625.nc4
1651.111,uncovered,false,13.961,159,9.602,48,GEOS_0.5x0.625/MERRA2/2019/07/MERRA2.20190701.A3mstC.05x0625.nc4
1665.198,hit,false,0.000,183,23.690,48,GEOS_0.5x0.625/MERRA2/2019/07/MERRA2.20190701.A3mstC.05x0625.nc4
1665.280,hit,false,0.000,191,23.772,48,GEOS_0.5x0.625/MERRA2/2019/07/MERRA2.20190701.A3mstC.05x0625.nc4
1665.354,hit,false,0.000,193,23.845,48,GEOS_0.5x0.625/MERRA2/2019/07/MERRA2.20190701.A3mstC.05x0625.nc4
1665.366,hit,false,0.000,199,23.858,48,GEOS_0.5x0.625/MERRA2/2019/07/MERRA2.20190701.A3mstC.05x0625.nc4
1665.431,hit,false,0.000,199,23.922,48,GEOS_0.5x0.625/MERRA2/2019/07/MERRA2.20190701.A3mstC.05x0625.nc4
1665.453,hit,false,0.000,199,23.945,48,GEOS_0.5x0.625/MERRA2/2019/07/MERRA2.20190701.A3mstC.05x0625.nc4
1665.515,uncovered,false,4.798,195,24.003,49,GEOS_0.5x0.625/MERRA2/2019/07/MERRA2.20190701.A3mstC.05x0625.nc4
1665.557,uncovered,false,4.751,195,24.045,49,GEOS_0.5x0.625/MERRA2/2019/07/MERRA2.20190701.A3mstC.05x0625.nc4
1670.428,hit,false,0.000,195,28.915,49,GEOS_0.5x0.625/MERRA2/2019/07/MERRA2.20190701.A3mstC.05x0625.nc4
1670.469,hit,false,0.000,195,28.956,49,GEOS_0.5x0.625/MERRA2/2019/07/MERRA2.20190701.A3mstC.05x0625.nc4
1670.516,hit,false,0.000,195,29.004,49,GEOS_0.5x0.625/MERRA2/2019/07/MERRA2.20190701.A3mstC.05x0625.nc4
1670.556,hit,false,0.000,195,29.044,49,GEOS_0.5x0.625/MERRA2/2019/07/MERRA2.20190701.A3mstC.05x0625.nc4
1670.605,hit,false,0.000,195,29.093,49,GEOS_0.5x0.625/MERRA2/2019/07/MERRA2.20190701.A3mstC.05x0625.nc4
1670.642,hit,false,0.000,195,29.130,49,GEOS_0.5x0.625/MERRA2/2019/07/MERRA2.20190701.A3mstC.05x0625.nc4
1670.678,uncovered,false,6.651,189,29.147,50,GEOS_0.5x0.625/MERRA2/2019/07/MERRA2.20190701.A3mstC.05x0625.nc4
1670.729,uncovered,false,6.600,189,29.198,50,GEOS_0.5x0.625/MERRA2/2019/07/MERRA2.20190701.A3mstC.05x0625.nc4
1677.495,hit,false,0.000,189,35.965,50,GEOS_0.5x0.625/MERRA2/2019/07/MERRA2.20190701.A3mstC.05x0625.nc4
1677.520,hit,false,0.000,189,35.989,50,GEOS_0.5x0.625/MERRA2/2019/07/MERRA2.20190701.A3mstC.05x0625.nc4
1677.590,hit,false,0.000,188,36.060,50,GEOS_0.5x0.625/MERRA2/2019/07/MERRA2.20190701.A3mstC.05x0625.nc4
1677.615,hit,false,0.000,188,36.084,50,GEOS_0.5x0.625/MERRA2/2019/07/MERRA2.20190701.A3mstC.05x0625.nc4
1677.664,hit,false,0.000,187,36.133,50,GEOS_0.5x0.625/MERRA2/2019/07/MERRA2.20190701.A3mstC.05x0625.nc4
1677.696,hit,false,0.000,187,36.165,50,GEOS_0.5x0.625/MERRA2/2019/07/MERRA2.20190701.A3mstC.05x0625.nc4
1677.733,uncovered,false,7.605,183,36.201,51,GEOS_0.5x0.625/MERRA2/2019/07/MERRA2.20190701.A3mstC.05x0625.nc4
1677.767,uncovered,false,7.517,183,36.235,51,GEOS_0.5x0.625/MERRA2/2019/07/MERRA2.20190701.A3mstC.05x0625.nc4
1685.434,hit,false,0.000,182,43.902,51,GEOS_0.5x0.625/MERRA2/2019/07/MERRA2.20190701.A3mstC.05x0625.nc4
1685.463,hit,false,0.000,182,43.930,51,GEOS_0.5x0.625/MERRA2/2019/07/MERRA2.20190701.A3mstC.05x0625.nc4
1685.514,hit,false,0.000,182,43.981,51,GEOS_0.5x0.625/MERRA2/2019/07/MERRA2.20190701.A3mstC.05x0625.nc4
1685.540,hit,false,0.000,182,44.008,51,GEOS_0.5x0.625/MERRA2/2019/07/MERRA2.20190701.A3mstC.05x0625.nc4
1685.686,hit,false,0.000,182,44.153,51,GEOS_0.5x0.625/MERRA2/2019/07/MERRA2.20190701.A3mstC.05x0625.nc4
1685.711,hit,false,0.000,182,44.179,51,GEOS_0.5x0.625/MERRA2/2019/07/MERRA2.20190701.A3mstC.05x0625.nc4
1685.752,uncovered,false,10.180,175,44.218,52,GEOS_0.5x0.625/MERRA2/2019/07/MERRA2.20190701.A3mstC.05x0625.nc4
1685.781,uncovered,false,10.153,175,44.247,52,GEOS_0.5x0.625/MERRA2/2019/07/MERRA2.20190701.A3mstC.05x0625.nc4
1696.016,hit,false,0.000,175,54.482,52,GEOS_0.5x0.625/MERRA2/2019/07/MERRA2.20190701.A3mstC.05x0625.nc4
1696.042,hit,false,0.000,175,54.508,52,GEOS_0.5x0.625/MERRA2/2019/07/MERRA2.20190701.A3mstC.05x0625.nc4
1696.092,hit,false,0.000,175,54.558,52,GEOS_0.5x0.625/MERRA2/2019/07/MERRA2.20190701.A3mstC.05x0625.nc4
1696.108,hit,false,0.000,175,54.574,52,GEOS_0.5x0.625/MERRA2/2019/07/MERRA2.20190701.A3mstC.05x0625.nc4
1696.175,hit,false,0.000,174,54.641,52,GEOS_0.5x0.625/MERRA2/2019/07/MERRA2.20190701.A3mstC.05x0625.nc4
1696.201,hit,false,0.000,174,54.667,52,GEOS_0.5x0.625/MERRA2/2019/07/MERRA2.20190701.A3mstC.05x0625.nc4
1696.233,uncovered,false,11.611,156,54.698,53,GEOS_0.5x0.625/MERRA2/2019/07/MERRA2.20190701.A3mstC.05x0625.nc4
1696.266,uncovered,false,11.527,156,54.731,53,GEOS_0.5x0.625/MERRA2/2019/07/MERRA2.20190701.A3mstC.05x0625.nc4
1707.935,hit,false,0.000,155,66.399,53,GEOS_0.5x0.625/MERRA2/2019/07/MERRA2.20190701.A3mstC.05x0625.nc4
1707.962,hit,false,0.000,155,66.426,53,GEOS_0.5x0.625/MERRA2/2019/07/MERRA2.20190701.A3mstC.05x0625.nc4
1708.024,hit,false,0.000,155,66.489,53,GEOS_0.5x0.625/MERRA2/2019/07/MERRA2.20190701.A3mstC.05x0625.nc4
1708.046,hit,false,0.000,155,66.511,53,GEOS_0.5x0.625/MERRA2/2019/07/MERRA2.20190701.A3mstC.05x0625.nc4
1708.094,hit,false,0.000,155,66.559,53,GEOS_0.5x0.625/MERRA2/2019/07/MERRA2.20190701.A3mstC.05x0625.nc4
1708.119,hit,false,0.000,155,66.583,53,GEOS_0.5x0.625/MERRA2/2019/07/MERRA2.20190701.A3mstC.05x0625.nc4
1708.160,uncovered,false,17.710,132,66.623,54,GEOS_0.5x0.625/MERRA2/2019/07/MERRA2.20190701.A3mstC.05x0625.nc4
1708.188,uncovered,false,17.682,132,66.651,54,GEOS_0.5x0.625/MERRA2/2019/07/MERRA2.20190701.A3mstC.05x0625.nc4
1726.023,hit,false,0.000,131,84.486,54,GEOS_0.5x0.625/MERRA2/2019/07/MERRA2.20190701.A3mstC.05x0625.nc4
1726.041,hit,false,0.000,131,84.504,54,GEOS_0.5x0.625/MERRA2/2019/07/MERRA2.20190701.A3mstC.05x0625.nc4
1726.130,hit,false,0.000,131,84.593,54,GEOS_0.5x0.625/MERRA2/2019/07/MERRA2.20190701.A3mstC.05x0625.nc4
1726.156,hit,false,0.000,131,84.619,54,GEOS_0.5x0.625/MERRA2/2019/07/MERRA2.20190701.A3mstC.05x0625.nc4
1726.220,hit,false,0.000,130,84.684,54,GEOS_0.5x0.625/MERRA2/2019/07/MERRA2.20190701.A3mstC.05x0625.nc4
1726.257,hit,false,0.000,130,84.720,54,GEOS_0.5x0.625/MERRA2/2019/07/MERRA2.20190701.A3mstC.05x0625.nc4
1726.293,uncovered,false,19.250,94,84.755,55,GEOS_0.5x0.625/MERRA2/2019/07/MERRA2.20190701.A3mstC.05x0625.nc4
1726.364,uncovered,false,19.192,94,84.826,55,GEOS_0.5x0.625/MERRA2/2019/07/MERRA2.20190701.A3mstC.05x0625.nc4
1745.702,hit,false,0.000,93,104.164,55,GEOS_0.5x0.625/MERRA2/2019/07/MERRA2.20190701.A3mstC.05x0625.nc4
1745.716,hit,false,0.000,93,104.178,55,GEOS_0.5x0.625/MERRA2/2019/07/MERRA2.20190701.A3mstC.05x0625.nc4
1745.802,hit,false,0.000,93,104.263,55,GEOS_0.5x0.625/MERRA2/2019/07/MERRA2.20190701.A3mstC.05x0625.nc4
1745.809,hit,false,0.000,93,104.271,55,GEOS_0.5x0.625/MERRA2/2019/07/MERRA2.20190701.A3mstC.05x0625.nc4
1745.892,hit,false,0.000,93,104.354,55,GEOS_0.5x0.625/MERRA2/2019/07/MERRA2.20190701.A3mstC.05x0625.nc4
1745.914,hit,false,0.000,93,104.376,55,GEOS_0.5x0.625/MERRA2/2019/07/MERRA2.20190701.A3mstC.05x0625.nc4
1745.961,hit,false,0.000,93,104.493,56,GEOS_0.5x0.625/MERRA2/2019/07/MERRA2.20190701.A3mstC.05x0625.nc4
1745.993,hit,false,0.000,93,104.525,56,GEOS_0.5x0.625/MERRA2/2019/07/MERRA2.20190701.A3mstC.05x0625.nc4
1746.048,hit,false,0.000,93,104.580,56,GEOS_0.5x0.625/MERRA2/2019/07/MERRA2.20190701.A3mstC.05x0625.nc4
1746.073,hit,false,0.000,93,104.605,56,GEOS_0.5x0.625/MERRA2/2019/07/MERRA2.20190701.A3mstC.05x0625.nc4
1746.114,hit,false,0.000,93,104.647,56,GEOS_0.5x0.625/MERRA2/2019/07/MERRA2.20190701.A3mstC.05x0625.nc4
1746.137,hit,false,0.000,93,104.670,56,GEOS_0.5x0.625/MERRA2/2019/07/MERRA2.20190701.A3mstC.05x0625.nc4
1746.176,hit,false,0.000,93,104.708,56,GEOS_0.5x0.625/MERRA2/2019/07/MERRA2.20190701.A3mstC.05x0625.nc4
1746.199,hit,false,0.000,93,104.731,56,GEOS_0.5x0.625/MERRA2/2019/07/MERRA2.20190701.A3mstC.05x0625.nc4
1746.238,hit,false,0.000,93,104.765,57,GEOS_0.5x0.625/MERRA2/2019/07/MERRA2.20190701.A3mstC.05x0625.nc4
1746.265,hit,false,0.000,93,104.793,57,GEOS_0.5x0.625/MERRA2/2019/07/MERRA2.20190701.A3mstC.05x0625.nc4
1746.300,hit,false,0.000,93,104.827,57,GEOS_0.5x0.625/MERRA2/2019/07/MERRA2.20190701.A3mstC.05x0625.nc4
1746.323,hit,false,0.000,93,104.851,57,GEOS_0.5x0.625/MERRA2/2019/07/MERRA2.20190701.A3mstC.05x0625.nc4
1746.368,hit,false,0.000,92,104.896,57,GEOS_0.5x0.625/MERRA2/2019/07/MERRA2.20190701.A3mstC.05x0625.nc4
1746.388,hit,false,0.000,92,104.915,57,GEOS_0.5x0.625/MERRA2/2019/07/MERRA2.20190701.A3mstC.05x0625.nc4
1746.431,hit,false,0.000,92,104.958,57,GEOS_0.5x0.625/MERRA2/2019/07/MERRA2.20190701.A3mstC.05x0625.nc4
1746.453,hit,false,0.000,92,104.981,57,GEOS_0.5x0.625/MERRA2/2019/07/MERRA2.20190701.A3mstC.05x0625.nc4
1746.484,uncovered,false,2.327,87,105.010,58,GEOS_0.5x0.625/MERRA2/2019/07/MERRA2.20190701.A3mstC.05x0625.nc4
1746.514,uncovered,false,2.284,87,105.039,58,GEOS_0.5x0.625/MERRA2/2019/07/MERRA2.20190701.A3mstC.05x0625.nc4
1748.903,hit,false,0.000,87,107.429,58,GEOS_0.5x0.625/MERRA2/2019/07/MERRA2.20190701.A3mstC.05x0625.nc4
1748.921,hit,false,0.000,87,107.447,58,GEOS_0.5x0.625/MERRA2/2019/07/MERRA2.20190701.A3mstC.05x0625.nc4
1748.984,hit,false,0.000,87,107.510,58,GEOS_0.5x0.625/MERRA2/2019/07/MERRA2.20190701.A3mstC.05x0625.nc4
1749.008,hit,false,0.000,87,107.533,58,GEOS_0.5x0.625/MERRA2/2019/07/MERRA2.20190701.A3mstC.05x0625.nc4
1749.053,hit,false,0.000,87,107.579,58,GEOS_0.5x0.625/MERRA2/2019/07/MERRA2.20190701.A3mstC.05x0625.nc4
1749.075,hit,false,0.000,87,107.601,58,GEOS_0.5x0.625/MERRA2/2019/07/MERRA2.20190701.A3mstC.05x0625.nc4
1749.125,uncovered,false,7.866,73,107.649,59,GEOS_0.5x0.625/MERRA2/2019/07/MERRA2.20190701.A3mstC.05x0625.nc4
1749.153,uncovered,false,7.798,73,107.677,59,GEOS_0.5x0.625/MERRA2/2019/07/MERRA2.20190701.A3mstC.05x0625.nc4
1757.076,hit,false,0.000,73,115.601,59,GEOS_0.5x0.625/MERRA2/2019/07/MERRA2.20190701.A3mstC.05x0625.nc4
1757.099,hit,false,0.000,73,115.623,59,GEOS_0.5x0.625/MERRA2/2019/07/MERRA2.20190701.A3mstC.05x0625.nc4
1757.151,hit,false,0.000,73,115.676,59,GEOS_0.5x0.625/MERRA2/2019/07/MERRA2.20190701.A3mstC.05x0625.nc4
1757.167,hit,false,0.000,73,115.691,59,GEOS_0.5x0.625/MERRA2/2019/07/MERRA2.20190701.A3mstC.05x0625.nc4
1757.247,hit,false,0.000,73,115.772,59,GEOS_0.5x0.625/MERRA2/2019/07/MERRA2.20190701.A3mstC.05x0625.nc4
1757.271,hit,false,0.000,73,115.796,59,GEOS_0.5x0.625/MERRA2/2019/07/MERRA2.20190701.A3mstC.05x0625.nc4
1757.309,uncovered,false,7.686,60,115.830,60,GEOS_0.5x0.625/MERRA2/2019/07/MERRA2.20190701.A3mstC.05x0625.nc4
1757.336,uncovered,false,7.591,60,115.858,60,GEOS_0.5x0.625/MERRA2/2019/07/MERRA2.20190701.A3mstC.05x0625.nc4
1765.068,hit,false,0.000,60,123.589,60,GEOS_0.5x0.625/MERRA2/2019/07/MERRA2.20190701.A3mstC.05x0625.nc4
1765.093,hit,false,0.000,60,123.614,60,GEOS_0.5x0.625/MERRA2/2019/07/MERRA2.20190701.A3mstC.05x0625.nc4
1765.139,hit,false,0.000,60,123.660,60,GEOS_0.5x0.625/MERRA2/2019/07/MERRA2.20190701.A3mstC.05x0625.nc4
1765.161,hit,false,0.000,60,123.682,60,GEOS_0.5x0.625/MERRA2/2019/07/MERRA2.20190701.A3mstC.05x0625.nc4
1765.223,hit,false,0.000,60,123.745,60,GEOS_0.5x0.625/MERRA2/2019/07/MERRA2.20190701.A3mstC.05x0625.nc4
1765.247,hit,false,0.000,60,123.768,60,GEOS_0.5x0.625/MERRA2/2019/07/MERRA2.20190701.A3mstC.05x0625.nc4
1765.289,uncovered,false,5.263,49,123.808,61,GEOS_0.5x0.625/MERRA2/2019/07/MERRA2.20190701.A3mstC.05x0625.nc4
1765.316,uncovered,false,5.225,49,123.835,61,GEOS_0.5x0.625/MERRA2/2019/07/MERRA2.20190701.A3mstC.05x0625.nc4
1770.639,hit,false,0.000,48,129.158,61,GEOS_0.5x0.625/MERRA2/2019/07/MERRA2.20190701.A3mstC.05x0625.nc4
1770.671,hit,false,0.000,48,129.190,61,GEOS_0.5x0.625/MERRA2/2019/07/MERRA2.20190701.A3mstC.05x0625.nc4
1770.712,hit,false,0.000,47,129.231,61,GEOS_0.5x0.625/MERRA2/2019/07/MERRA2.20190701.A3mstC.05x0625.nc4
1770.734,hit,false,0.000,47,129.253,61,GEOS_0.5x0.625/MERRA2/2019/07/MERRA2.20190701.A3mstC.05x0625.nc4
1770.783,hit,false,0.000,47,129.302,61,GEOS_0.5x0.625/MERRA2/2019/07/MERRA2.20190701.A3mstC.05x0625.nc4
1770.807,hit,false,0.000,47,129.326,61,GEOS_0.5x0.625/MERRA2/2019/07/MERRA2.20190701.A3mstC.05x0625.nc4
1770.843,uncovered,false,4.405,38,129.360,62,GEOS_0.5x0.625/MERRA2/2019/07/MERRA2.20190701.A3mstC.05x0625.nc4
1770.873,uncovered,false,4.361,38,129.390,62,GEOS_0.5x0.625/MERRA2/2019/07/MERRA2.20190701.A3mstC.05x0625.nc4
1775.328,hit,false,0.000,38,133.845,62,GEOS_0.5x0.625/MERRA2/2019/07/MERRA2.20190701.A3mstC.05x0625.nc4
1775.356,hit,false,0.000,38,133.873,62,GEOS_0.5x0.625/MERRA2/2019/07/MERRA2.20190701.A3mstC.05x0625.nc4
1775.392,hit,false,0.000,38,133.908,62,GEOS_0.5x0.625/MERRA2/2019/07/MERRA2.20190701.A3mstC.05x0625.nc4
1775.418,hit,false,0.000,38,133.935,62,GEOS_0.5x0.625/MERRA2/2019/07/MERRA2.20190701.A3mstC.05x0625.nc4
1775.507,hit,false,0.000,38,134.024,62,GEOS_0.5x0.625/MERRA2/2019/07/MERRA2.20190701.A3mstC.05x0625.nc4
1775.531,hit,false,0.000,38,134.048,62,GEOS_0.5x0.625/MERRA2/2019/07/MERRA2.20190701.A3mstC.05x0625.nc4
1775.565,uncovered,false,4.917,29,134.081,63,GEOS_0.5x0.625/MERRA2/2019/07/MERRA2.20190701.A3mstC.05x0625.nc4
1775.606,uncovered,false,4.925,29,134.122,63,GEOS_0.5x0.625/MERRA2/2019/07/MERRA2.20190701.A3mstC.05x0625.nc4
1780.573,hit,false,0.000,29,139.088,63,GEOS_0.5x0.625/MERRA2/2019/07/MERRA2.20190701.A3mstC.05x0625.nc4
1780.611,hit,false,0.000,29,139.127,63,GEOS_0.5x0.625/MERRA2/2019/07/MERRA2.20190701.A3mstC.05x0625.nc4
1780.660,hit,false,0.000,27,139.175,63,GEOS_0.5x0.625/MERRA2/2019/07/MERRA2.20190701.A3mstC.05x0625.nc4
1780.678,hit,false,0.000,27,139.193,63,GEOS_0.5x0.625/MERRA2/2019/07/MERRA2.20190701.A3mstC.05x0625.nc4
1780.722,hit,false,0.000,27,139.237,63,GEOS_0.5x0.625/MERRA2/2019/07/MERRA2.20190701.A3mstC.05x0625.nc4
1780.749,hit,false,0.000,26,139.264,63,GEOS_0.5x0.625/MERRA2/2019/07/MERRA2.20190701.A3mstC.05x0625.nc4
1780.798,hit,false,0.000,26,139.323,64,GEOS_0.5x0.625/MERRA2/2019/07/MERRA2.20190701.A3mstC.05x0625.nc4
1780.826,hit,false,0.000,26,139.351,64,GEOS_0.5x0.625/MERRA2/2019/07/MERRA2.20190701.A3mstC.05x0625.nc4
1780.873,hit,false,0.000,26,139.398,64,GEOS_0.5x0.625/MERRA2/2019/07/MERRA2.20190701.A3mstC.05x0625.nc4
1780.900,hit,false,0.000,26,139.425,64,GEOS_0.5x0.625/MERRA2/2019/07/MERRA2.20190701.A3mstC.05x0625.nc4
1780.945,hit,false,0.000,25,139.470,64,GEOS_0.5x0.625/MERRA2/2019/07/MERRA2.20190701.A3mstC.05x0625.nc4
1780.970,hit,false,0.000,25,139.495,64,GEOS_0.5x0.625/MERRA2/2019/07/MERRA2.20190701.A3mstC.05x0625.nc4
1781.004,hit,false,0.000,24,139.529,64,GEOS_0.5x0.625/MERRA2/2019/07/MERRA2.20190701.A3mstC.05x0625.nc4
1781.039,hit,false,0.000,24,139.564,64,GEOS_0.5x0.625/MERRA2/2019/07/MERRA2.20190701.A3mstC.05x0625.nc4
1781.064,hit,false,0.000,24,139.586,65,GEOS_0.5x0.625/MERRA2/2019/07/MERRA2.20190701.A3mstC.05x0625.nc4
1781.104,hit,false,0.000,24,139.626,65,GEOS_0.5x0.625/MERRA2/2019/07/MERRA2.20190701.A3mstC.05x0625.nc4
1781.140,hit,false,0.000,24,139.662,65,GEOS_0.5x0.625/MERRA2/2019/07/MERRA2.20190701.A3mstC.05x0625.nc4
1781.167,hit,false,0.000,24,139.689,65,GEOS_0.5x0.625/MERRA2/2019/07/MERRA2.20190701.A3mstC.05x0625.nc4
1781.204,hit,false,0.000,24,139.726,65,GEOS_0.5x0.625/MERRA2/2019/07/MERRA2.20190701.A3mstC.05x0625.nc4
1781.240,hit,false,0.000,24,139.762,65,GEOS_0.5x0.625/MERRA2/2019/07/MERRA2.20190701.A3mstC.05x0625.nc4
1781.270,hit,false,0.000,24,139.791,65,GEOS_0.5x0.625/MERRA2/2019/07/MERRA2.20190701.A3mstC.05x0625.nc4
1781.302,hit,false,0.000,24,139.824,65,GEOS_0.5x0.625/MERRA2/2019/07/MERRA2.20190701.A3mstC.05x0625.nc4
1781.353,hit,false,0.000,24,139.873,66,GEOS_0.5x0.625/MERRA2/2019/07/MERRA2.20190701.A3mstC.05x0625.nc4
1781.390,hit,false,0.000,24,139.910,66,GEOS_0.5x0.625/MERRA2/2019/07/MERRA2.20190701.A3mstC.05x0625.nc4
1781.417,hit,false,0.000,24,139.937,66,GEOS_0.5x0.625/MERRA2/2019/07/MERRA2.20190701.A3mstC.05x0625.nc4
1781.454,hit,false,0.000,24,139.974,66,GEOS_0.5x0.625/MERRA2/2019/07/MERRA2.20190701.A3mstC.05x0625.nc4
1781.484,hit,false,0.000,24,140.004,66,GEOS_0.5x0.625/MERRA2/2019/07/MERRA2.20190701.A3mstC.05x0625.nc4
1781.587,hit,false,0.000,24,140.107,66,GEOS_0.5x0.625/MERRA2/2019/07/MERRA2.20190701.A3mstC.05x0625.nc4
1781.613,hit,false,0.000,24,140.133,66,GEOS_0.5x0.625/MERRA2/2019/07/MERRA2.20190701.A3mstC.05x0625.nc4
1781.645,hit,false,0.000,24,140.165,66,GEOS_0.5x0.625/MERRA2/2019/07/MERRA2.20190701.A3mstC.05x0625.nc4
1781.678,hit,false,0.000,24,140.197,67,GEOS_0.5x0.625/MERRA2/2019/07/MERRA2.20190701.A3mstC.05x0625.nc4
1781.709,hit,false,0.000,24,140.227,67,GEOS_0.5x0.625/MERRA2/2019/07/MERRA2.20190701.A3mstC.05x0625.nc4
1781.740,hit,false,0.000,24,140.259,67,GEOS_0.5x0.625/MERRA2/2019/07/MERRA2.20190701.A3mstC.05x0625.nc4
1781.779,hit,false,0.000,24,140.298,67,GEOS_0.5x0.625/MERRA2/2019/07/MERRA2.20190701.A3mstC.05x0625.nc4
1781.809,hit,false,0.000,24,140.328,67,GEOS_0.5x0.625/MERRA2/2019/07/MERRA2.20190701.A3mstC.05x0625.nc4
1781.841,hit,false,0.000,24,140.360,67,GEOS_0.5x0.625/MERRA2/2019/07/MERRA2.20190701.A3mstC.05x0625.nc4
1781.880,hit,false,0.000,24,140.399,67,GEOS_0.5x0.625/MERRA2/2019/07/MERRA2.20190701.A3mstC.05x0625.nc4
1781.905,hit,false,0.000,24,140.424,67,GEOS_0.5x0.625/MERRA2/2019/07/MERRA2.20190701.A3mstC.05x0625.nc4
1781.939,hit,false,0.000,24,140.455,68,GEOS_0.5x0.625/MERRA2/2019/07/MERRA2.20190701.A3mstC.05x0625.nc4
1781.981,hit,false,0.000,24,140.497,68,GEOS_0.5x0.625/MERRA2/2019/07/MERRA2.20190701.A3mstC.05x0625.nc4
1782.005,hit,false,0.000,24,140.521,68,GEOS_0.5x0.625/MERRA2/2019/07/MERRA2.20190701.A3mstC.05x0625.nc4
1782.041,hit,false,0.000,24,140.557,68,GEOS_0.5x0.625/MERRA2/2019/07/MERRA2.20190701.A3mstC.05x0625.nc4
1782.078,hit,false,0.000,24,140.594,68,GEOS_0.5x0.625/MERRA2/2019/07/MERRA2.20190701.A3mstC.05x0625.nc4
1782.102,hit,false,0.000,24,140.618,68,GEOS_0.5x0.625/MERRA2/2019/07/MERRA2.20190701.A3mstC.05x0625.nc4
1782.136,hit,false,0.000,24,140.652,68,GEOS_0.5x0.625/MERRA2/2019/07/MERRA2.20190701.A3mstC.05x0625.nc4
1782.175,hit,false,0.000,24,140.691,68,GEOS_0.5x0.625/MERRA2/2019/07/MERRA2.20190701.A3mstC.05x0625.nc4
1782.199,hit,false,0.000,23,140.714,69,GEOS_0.5x0.625/MERRA2/2019/07/MERRA2.20190701.A3mstC.05x0625.nc4
1782.238,hit,false,0.000,23,140.752,69,GEOS_0.5x0.625/MERRA2/2019/07/MERRA2.20190701.A3mstC.05x0625.nc4
1782.273,hit,false,0.000,23,140.787,69,GEOS_0.5x0.625/MERRA2/2019/07/MERRA2.20190701.A3mstC.05x0625.nc4
1782.297,hit,false,0.000,23,140.812,69,GEOS_0.5x0.625/MERRA2/2019/07/MERRA2.20190701.A3mstC.05x0625.nc4
1782.336,hit,false,0.000,23,140.850,69,GEOS_0.5x0.625/MERRA2/2019/07/MERRA2.20190701.A3mstC.05x0625.nc4
1782.361,hit,false,0.000,23,140.875,69,GEOS_0.5x0.625/MERRA2/2019/07/MERRA2.20190701.A3mstC.05x0625.nc4
1782.407,hit,false,0.000,23,140.922,69,GEOS_0.5x0.625/MERRA2/2019/07/MERRA2.20190701.A3mstC.05x0625.nc4
1782.428,hit,false,0.000,23,140.943,69,GEOS_0.5x0.625/MERRA2/2019/07/MERRA2.20190701.A3mstC.05x0625.nc4
1782.477,hit,false,0.000,23,140.990,70,GEOS_0.5x0.625/MERRA2/2019/07/MERRA2.20190701.A3mstC.05x0625.nc4
1782.504,hit,false,0.000,23,141.016,70,GEOS_0.5x0.625/MERRA2/2019/07/MERRA2.20190701.A3mstC.05x0625.nc4
1782.542,hit,false,0.000,23,141.054,70,GEOS_0.5x0.625/MERRA2/2019/07/MERRA2.20190701.A3mstC.05x0625.nc4
1782.569,hit,false,0.000,22,141.081,70,GEOS_0.5x0.625/MERRA2/2019/07/MERRA2.20190701.A3mstC.05x0625.nc4
1782.626,hit,false,0.000,22,141.139,70,GEOS_0.5x0.625/MERRA2/2019/07/MERRA2.20190701.A3mstC.05x0625.nc4
1782.651,hit,false,0.000,22,141.163,70,GEOS_0.5x0.625/MERRA2/2019/07/MERRA2.20190701.A3mstC.05x0625.nc4
1782.685,hit,false,0.000,22,141.197,70,GEOS_0.5x0.625/MERRA2/2019/07/MERRA2.20190701.A3mstC.05x0625.nc4
1782.730,hit,false,0.000,22,141.243,70,GEOS_0.5x0.625/MERRA2/2019/07/MERRA2.20190701.A3mstC.05x0625.nc4
1782.756,hit,false,0.000,22,141.266,71,GEOS_0.5x0.625/MERRA2/2019/07/MERRA2.20190701.A3mstC.05x0625.nc4
1782.790,hit,false,0.000,22,141.301,71,GEOS_0.5x0.625/MERRA2/2019/07/MERRA2.20190701.A3mstC.05x0625.nc4
1782.829,hit,false,0.000,22,141.340,71,GEOS_0.5x0.625/MERRA2/2019/07/MERRA2.20190701.A3mstC.05x0625.nc4
1782.854,hit,false,0.000,22,141.365,71,GEOS_0.5x0.625/MERRA2/2019/07/MERRA2.20190701.A3mstC.05x0625.nc4
1782.892,hit,false,0.000,22,141.403,71,GEOS_0.5x0.625/MERRA2/2019/07/MERRA2.20190701.A3mstC.05x0625.nc4
1782.932,hit,false,0.000,22,141.443,71,GEOS_0.5x0.625/MERRA2/2019/07/MERRA2.20190701.A3mstC.05x0625.nc4
1782.958,hit,false,0.000,22,141.468,71,GEOS_0.5x0.625/MERRA2/2019/07/MERRA2.20190701.A3mstC.05x0625.nc4
1782.992,hit,false,0.000,22,141.503,71,GEOS_0.5x0.625/MERRA2/2019/07/MERRA2.20190701.A3mstC.05x0625.nc4
1783.023,hit,false,0.000,21,141.538,72,GEOS_0.5x0.625/MERRA2/2019/07/MERRA2.20190701.A3mstC.05x0625.nc4
1783.052,hit,false,0.000,21,141.567,72,GEOS_0.5x0.625/MERRA2/2019/07/MERRA2.20190701.A3mstC.05x0625.nc4
1783.118,hit,false,0.000,20,141.633,72,GEOS_0.5x0.625/MERRA2/2019/07/MERRA2.20190701.A3mstC.05x0625.nc4
1783.150,hit,false,0.000,20,141.665,72,GEOS_0.5x0.625/MERRA2/2019/07/MERRA2.20190701.A3mstC.05x0625.nc4
1783.186,hit,false,0.000,20,141.701,72,GEOS_0.5x0.625/MERRA2/2019/07/MERRA2.20190701.A3mstC.05x0625.nc4
1783.232,hit,false,0.000,20,141.747,72,GEOS_0.5x0.625/MERRA2/2019/07/MERRA2.20190701.A3mstC.05x0625.nc4
1783.257,hit,false,0.000,20,141.772,72,GEOS_0.5x0.625/MERRA2/2019/07/MERRA2.20190701.A3mstC.05x0625.nc4
1783.292,hit,false,0.000,20,141.807,72,GEOS_0.5x0.625/MERRA2/2019/07/MERRA2.20190701.A3mstC.05x0625.nc4
1783.316,hit,false,0.000,20,141.828,73,GEOS_0.5x0.625/MERRA2/2019/07/MERRA2.20190701.A3mstC.05x0625.nc4
1783.372,hit,false,0.000,20,141.884,73,GEOS_0.5x0.625/MERRA2/2019/07/MERRA2.20190701.A3mstC.05x0625.nc4
1783.395,hit,false,0.000,20,141.907,73,GEOS_0.5x0.625/MERRA2/2019/07/MERRA2.20190701.A3mstC.05x0625.nc4
1783.432,hit,false,0.000,20,141.944,73,GEOS_0.5x0.625/MERRA2/2019/07/MERRA2.20190701.A3mstC.05x0625.nc4
1783.464,hit,false,0.000,20,141.976,73,GEOS_0.5x0.625/MERRA2/2019/07/MERRA2.20190701.A3mstC.05x0625.nc4
1783.489,hit,false,0.000,20,142.001,73,GEOS_0.5x0.625/MERRA2/2019/07/MERRA2.20190701.A3mstC.05x0625.nc4
1783.529,hit,false,0.000,20,142.041,73,GEOS_0.5x0.625/MERRA2/2019/07/MERRA2.20190701.A3mstC.05x0625.nc4
1783.556,hit,false,0.000,20,142.068,73,GEOS_0.5x0.625/MERRA2/2019/07/MERRA2.20190701.A3mstC.05x0625.nc4
1783.599,hit,false,0.000,20,142.109,74,GEOS_0.5x0.625/MERRA2/2019/07/MERRA2.20190701.A3mstC.05x0625.nc4
1783.626,hit,false,0.000,20,142.136,74,GEOS_0.5x0.625/MERRA2/2019/07/MERRA2.20190701.A3mstC.05x0625.nc4
1783.660,hit,false,0.000,20,142.170,74,GEOS_0.5x0.625/MERRA2/2019/07/MERRA2.20190701.A3mstC.05x0625.nc4
1783.693,hit,false,0.000,20,142.202,74,GEOS_0.5x0.625/MERRA2/2019/07/MERRA2.20190701.A3mstC.05x0625.nc4
1783.798,hit,false,0.000,20,142.307,74,GEOS_0.5x0.625/MERRA2/2019/07/MERRA2.20190701.A3mstC.05x0625.nc4
1783.822,hit,false,0.000,20,142.332,74,GEOS_0.5x0.625/MERRA2/2019/07/MERRA2.20190701.A3mstC.05x0625.nc4
1783.867,hit,false,0.000,20,142.377,74,GEOS_0.5x0.625/MERRA2/2019/07/MERRA2.20190701.A3mstC.05x0625.nc4
1783.889,hit,false,0.000,20,142.399,74,GEOS_0.5x0.625/MERRA2/2019/07/MERRA2.20190701.A3mstC.05x0625.nc4
1783.929,hit,false,0.000,20,142.437,75,GEOS_0.5x0.625/MERRA2/2019/07/MERRA2.20190701.A3mstC.05x0625.nc4
1783.955,hit,false,0.000,20,142.463,75,GEOS_0.5x0.625/MERRA2/2019/07/MERRA2.20190701.A3mstC.05x0625.nc4
1783.999,hit,false,0.000,19,142.507,75,GEOS_0.5x0.625/MERRA2/2019/07/MERRA2.20190701.A3mstC.05x0625.nc4
1784.024,hit,false,0.000,19,142.532,75,GEOS_0.5x0.625/MERRA2/2019/07/MERRA2.20190701.A3mstC.05x0625.nc4
1784.061,hit,false,0.000,19,142.569,75,GEOS_0.5x0.625/MERRA2/2019/07/MERRA2.20190701.A3mstC.05x0625.nc4
1784.088,hit,false,0.000,19,142.595,75,GEOS_0.5x0.625/MERRA2/2019/07/MERRA2.20190701.A3mstC.05x0625.nc4
1784.121,hit,false,0.000,19,142.629,75,GEOS_0.5x0.625/MERRA2/2019/07/MERRA2.20190701.A3mstC.05x0625.nc4
1784.151,hit,false,0.000,19,142.659,75,GEOS_0.5x0.625/MERRA2/2019/07/MERRA2.20190701.A3mstC.05x0625.nc4
1784.181,hit,false,0.000,19,142.688,76,GEOS_0.5x0.625/MERRA2/2019/07/MERRA2.20190701.A3mstC.05x0625.nc4
1784.215,hit,false,0.000,18,142.722,76,GEOS_0.5x0.625/MERRA2/2019/07/MERRA2.20190701.A3mstC.05x0625.nc4
1784.246,hit,false,0.000,18,142.753,76,GEOS_0.5x0.625/MERRA2/2019/07/MERRA2.20190701.A3mstC.05x0625.nc4
1784.269,hit,false,0.000,18,142.776,76,GEOS_0.5x0.625/MERRA2/2019/07/MERRA2.20190701.A3mstC.05x0625.nc4
1784.305,hit,false,0.000,18,142.812,76,GEOS_0.5x0.625/MERRA2/2019/07/MERRA2.20190701.A3mstC.05x0625.nc4
1784.329,hit,false,0.000,18,142.836,76,GEOS_0.5x0.625/MERRA2/2019/07/MERRA2.20190701.A3mstC.05x0625.nc4
1784.363,hit,false,0.000,17,142.870,76,GEOS_0.5x0.625/MERRA2/2019/07/MERRA2.20190701.A3mstC.05x0625.nc4
1784.397,hit,false,0.000,17,142.904,76,GEOS_0.5x0.625/MERRA2/2019/07/MERRA2.20190701.A3mstC.05x0625.nc4
1784.424,hit,false,0.000,17,142.929,77,GEOS_0.5x0.625/MERRA2/2019/07/MERRA2.20190701.A3mstC.05x0625.nc4
1784.470,hit,false,0.000,17,142.975,77,GEOS_0.5x0.625/MERRA2/2019/07/MERRA2.20190701.A3mstC.05x0625.nc4
1784.494,hit,false,0.000,17,142.999,77,GEOS_0.5x0.625/MERRA2/2019/07/MERRA2.20190701.A3mstC.05x0625.nc4
1784.531,hit,false,0.000,17,143.035,77,GEOS_0.5x0.625/MERRA2/2019/07/MERRA2.20190701.A3mstC.05x0625.nc4
1784.564,hit,false,0.000,17,143.069,77,GEOS_0.5x0.625/MERRA2/2019/07/MERRA2.20190701.A3mstC.05x0625.nc4
1784.593,hit,false,0.000,17,143.098,77,GEOS_0.5x0.625/MERRA2/2019/07/MERRA2.20190701.A3mstC.05x0625.nc4
1784.623,hit,false,0.000,17,143.128,77,GEOS_0.5x0.625/MERRA2/2019/07/MERRA2.20190701.A3mstC.05x0625.nc4
1784.659,hit,false,0.000,17,143.164,77,GEOS_0.5x0.625/MERRA2/2019/07/MERRA2.20190701.A3mstC.05x0625.nc4
1784.690,hit,false,0.000,17,143.179,78,GEOS_0.5x0.625/MERRA2/2019/07/MERRA2.20190701.A3mstC.05x0625.nc4
1784.725,hit,false,0.000,17,143.214,78,GEOS_0.5x0.625/MERRA2/2019/07/MERRA2.20190701.A3mstC.05x0625.nc4
1784.750,hit,false,0.000,17,143.239,78,GEOS_0.5x0.625/MERRA2/2019/07/MERRA2.20190701.A3mstC.05x0625.nc4
1784.791,hit,false,0.000,17,143.280,78,GEOS_0.5x0.625/MERRA2/2019/07/MERRA2.20190701.A3mstC.05x0625.nc4
1784.815,hit,false,0.000,17,143.304,78,GEOS_0.5x0.625/MERRA2/2019/07/MERRA2.20190701.A3mstC.05x0625.nc4
1784.850,hit,false,0.000,17,143.339,78,GEOS_0.5x0.625/MERRA2/2019/07/MERRA2.20190701.A3mstC.05x0625.nc4
1784.877,hit,false,0.000,17,143.366,78,GEOS_0.5x0.625/MERRA2/2019/07/MERRA2.20190701.A3mstC.05x0625.nc4
1784.908,hit,false,0.000,17,143.397,78,GEOS_0.5x0.625/MERRA2/2019/07/MERRA2.20190701.A3mstC.05x0625.nc4
1784.938,hit,false,0.000,17,143.425,79,GEOS_0.5x0.625/MERRA2/2019/07/MERRA2.20190701.A3mstC.05x0625.nc4
1784.971,hit,false,0.000,17,143.458,79,GEOS_0.5x0.625/MERRA2/2019/07/MERRA2.20190701.A3mstC.05x0625.nc4
1785.003,hit,false,0.000,17,143.490,79,GEOS_0.5x0.625/MERRA2/2019/07/MERRA2.20190701.A3mstC.05x0625.nc4
1785.032,hit,false,0.000,17,143.519,79,GEOS_0.5x0.625/MERRA2/2019/07/MERRA2.20190701.A3mstC.05x0625.nc4
1785.064,hit,false,0.000,17,143.551,79,GEOS_0.5x0.625/MERRA2/2019/07/MERRA2.20190701.A3mstC.05x0625.nc4
1785.087,hit,false,0.000,17,143.574,79,GEOS_0.5x0.625/MERRA2/2019/07/MERRA2.20190701.A3mstC.05x0625.nc4
1785.128,hit,false,0.000,17,143.615,79,GEOS_0.5x0.625/MERRA2/2019/07/MERRA2.20190701.A3mstC.05x0625.nc4
1785.152,hit,false,0.000,17,143.639,79,GEOS_0.5x0.625/MERRA2/2019/07/MERRA2.20190701.A3mstC.05x0625.nc4
1785.188,hit,false,0.000,17,143.672,80,GEOS_0.5x0.625/MERRA2/2019/07/MERRA2.20190701.A3mstC.05x0625.nc4
1785.221,hit,false,0.000,17,143.704,80,GEOS_0.5x0.625/MERRA2/2019/07/MERRA2.20190701.A3mstC.05x0625.nc4
1785.256,hit,false,0.000,17,143.740,80,GEOS_0.5x0.625/MERRA2/2019/07/MERRA2.20190701.A3mstC.05x0625.nc4
1785.279,hit,false,0.000,17,143.763,80,GEOS_0.5x0.625/MERRA2/2019/07/MERRA2.20190701.A3mstC.05x0625.nc4
1785.324,hit,false,0.000,17,143.808,80,GEOS_0.5x0.625/MERRA2/2019/07/MERRA2.20190701.A3mstC.05x0625.nc4
1785.348,hit,false,0.000,17,143.832,80,GEOS_0.5x0.625/MERRA2/2019/07/MERRA2.20190701.A3mstC.05x0625.nc4
1785.382,hit,false,0.000,17,143.866,80,GEOS_0.5x0.625/MERRA2/2019/07/MERRA2.20190701.A3mstC.05x0625.nc4
1785.414,hit,false,0.000,17,143.898,80,GEOS_0.5x0.625/MERRA2/2019/07/MERRA2.20190701.A3mstC.05x0625.nc4
1785.446,hit,false,0.000,17,143.780,81,GEOS_0.5x0.625/MERRA2/2019/07/MERRA2.20190701.A3mstC.05x0625.nc4
1785.473,hit,false,0.000,17,143.808,81,GEOS_0.5x0.625/MERRA2/2019/07/MERRA2.20190701.A3mstC.05x0625.nc4
1785.505,hit,false,0.000,17,143.840,81,GEOS_0.5x0.625/MERRA2/2019/07/MERRA2.20190701.A3mstC.05x0625.nc4
1785.529,hit,false,0.000,16,143.864,81,GEOS_0.5x0.625/MERRA2/2019/07/MERRA2.20190701.A3mstC.05x0625.nc4
1785.569,hit,false,0.000,16,143.904,81,GEOS_0.5x0.625/MERRA2/2019/07/MERRA2.20190701.A3mstC.05x0625.nc4
1785.597,hit,false,0.000,16,143.931,81,GEOS_0.5x0.625/MERRA2/2019/07/MERRA2.20190701.A3mstC.05x0625.nc4
1785.632,hit,false,0.000,16,143.967,81,GEOS_0.5x0.625/MERRA2/2019/07/MERRA2.20190701.A3mstC.05x0625.nc4
1785.662,hit,false,0.000,16,143.997,81,GEOS_0.5x0.625/MERRA2/2019/07/MERRA2.20190701.A3mstC.05x0625.nc4
1785.713,hit,false,0.000,16,144.046,82,GEOS_0.5x0.625/MERRA2/2019/07/MERRA2.20190701.A3mstC.05x0625.nc4
1785.738,hit,false,0.000,16,144.070,82,GEOS_0.5x0.625/MERRA2/2019/07/MERRA2.20190701.A3mstC.05x0625.nc4
1785.782,hit,false,0.000,16,144.115,82,GEOS_0.5x0.625/MERRA2/2019/07/MERRA2.20190701.A3mstC.05x0625.nc4
1785.885,hit,false,0.000,16,144.218,82,GEOS_0.5x0.625/MERRA2/2019/07/MERRA2.20190701.A3mstC.05x0625.nc4
1785.908,hit,false,0.000,16,144.240,82,GEOS_0.5x0.625/MERRA2/2019/07/MERRA2.20190701.A3mstC.05x0625.nc4
1785.952,hit,false,0.000,16,144.285,82,GEOS_0.5x0.625/MERRA2/2019/07/MERRA2.20190701.A3mstC.05x0625.nc4
1785.974,hit,false,0.000,15,144.307,82,GEOS_0.5x0.625/MERRA2/2019/07/MERRA2.20190701.A3mstC.05x0625.nc4
1786.016,hit,false,0.000,15,144.349,82,GEOS_0.5x0.625/MERRA2/2019/07/MERRA2.20190701.A3mstC.05x0625.nc4
1786.036,hit,false,0.000,15,144.367,83,GEOS_0.5x0.625/MERRA2/2019/07/MERRA2.20190701.A3mstC.05x0625.nc4
1786.082,hit,false,0.000,15,144.412,83,GEOS_0.5x0.625/MERRA2/2019/07/MERRA2.20190701.A3mstC.05x0625.nc4
1786.106,hit,false,0.000,15,144.437,83,GEOS_0.5x0.625/MERRA2/2019/07/MERRA2.20190701.A3mstC.05x0625.nc4
1786.142,hit,false,0.000,15,144.472,83,GEOS_0.5x0.625/MERRA2/2019/07/MERRA2.20190701.A3mstC.05x0625.nc4
1786.172,hit,false,0.000,15,144.502,83,GEOS_0.5x0.625/MERRA2/2019/07/MERRA2.20190701.A3mstC.05x0625.nc4
1786.201,hit,false,0.000,15,144.531,83,GEOS_0.5x0.625/MERRA2/2019/07/MERRA2.20190701.A3mstC.05x0625.nc4
1786.232,hit,false,0.000,15,144.563,83,GEOS_0.5x0.625/MERRA2/2019/07/MERRA2.20190701.A3mstC.05x0625.nc4
1786.264,hit,false,0.000,15,144.594,83,GEOS_0.5x0.625/MERRA2/2019/07/MERRA2.20190701.A3mstC.05x0625.nc4
1786.288,hit,false,0.000,15,144.617,84,GEOS_0.5x0.625/MERRA2/2019/07/MERRA2.20190701.A3mstC.05x0625.nc4
1786.326,hit,false,0.000,15,144.655,84,GEOS_0.5x0.625/MERRA2/2019/07/MERRA2.20190701.A3mstC.05x0625.nc4
1786.359,hit,false,0.000,15,144.688,84,GEOS_0.5x0.625/MERRA2/2019/07/MERRA2.20190701.A3mstC.05x0625.nc4
1786.383,hit,false,0.000,15,144.712,84,GEOS_0.5x0.625/MERRA2/2019/07/MERRA2.20190701.A3mstC.05x0625.nc4
1786.415,hit,false,0.000,15,144.744,84,GEOS_0.5x0.625/MERRA2/2019/07/MERRA2.20190701.A3mstC.05x0625.nc4
1786.452,hit,false,0.000,15,144.782,84,GEOS_0.5x0.625/MERRA2/2019/07/MERRA2.20190701.A3mstC.05x0625.nc4
1786.478,hit,false,0.000,15,144.807,84,GEOS_0.5x0.625/MERRA2/2019/07/MERRA2.20190701.A3mstC.05x0625.nc4
1786.510,hit,false,0.000,15,144.839,84,GEOS_0.5x0.625/MERRA2/2019/07/MERRA2.20190701.A3mstC.05x0625.nc4
1786.545,hit,false,0.000,15,144.873,85,GEOS_0.5x0.625/MERRA2/2019/07/MERRA2.20190701.A3mstC.05x0625.nc4
1786.572,hit,false,0.000,15,144.900,85,GEOS_0.5x0.625/MERRA2/2019/07/MERRA2.20190701.A3mstC.05x0625.nc4
1786.605,hit,false,0.000,15,144.933,85,GEOS_0.5x0.625/MERRA2/2019/07/MERRA2.20190701.A3mstC.05x0625.nc4
1786.631,hit,false,0.000,15,144.959,85,GEOS_0.5x0.625/MERRA2/2019/07/MERRA2.20190701.A3mstC.05x0625.nc4
1786.662,hit,false,0.000,15,144.990,85,GEOS_0.5x0.625/MERRA2/2019/07/MERRA2.20190701.A3mstC.05x0625.nc4
1786.687,hit,false,0.000,15,145.015,85,GEOS_0.5x0.625/MERRA2/2019/07/MERRA2.20190701.A3mstC.05x0625.nc4
1786.728,hit,false,0.000,15,145.056,85,GEOS_0.5x0.625/MERRA2/2019/07/MERRA2.20190701.A3mstC.05x0625.nc4
1786.752,hit,false,0.000,15,145.080,85,GEOS_0.5x0.625/MERRA2/2019/07/MERRA2.20190701.A3mstC.05x0625.nc4
1786.803,hit,false,0.000,15,145.130,86,GEOS_0.5x0.625/MERRA2/2019/07/MERRA2.20190701.A3mstC.05x0625.nc4
1786.822,hit,false,0.000,15,145.149,86,GEOS_0.5x0.625/MERRA2/2019/07/MERRA2.20190701.A3mstC.05x0625.nc4
1786.865,hit,false,0.000,15,145.191,86,GEOS_0.5x0.625/MERRA2/2019/07/MERRA2.20190701.A3mstC.05x0625.nc4
1786.890,hit,false,0.000,15,145.216,86,GEOS_0.5x0.625/MERRA2/2019/07/MERRA2.20190701.A3mstC.05x0625.nc4
1786.928,hit,false,0.000,15,145.254,86,GEOS_0.5x0.625/MERRA2/2019/07/MERRA2.20190701.A3mstC.05x0625.nc4
1786.958,hit,false,0.000,15,145.284,86,GEOS_0.5x0.625/MERRA2/2019/07/MERRA2.20190701.A3mstC.05x0625.nc4
1786.988,hit,false,0.000,15,145.315,86,GEOS_0.5x0.625/MERRA2/2019/07/MERRA2.20190701.A3mstC.05x0625.nc4
1787.018,hit,false,0.000,15,145.344,86,GEOS_0.5x0.625/MERRA2/2019/07/MERRA2.20190701.A3mstC.05x0625.nc4
1787.068,hit,false,0.000,15,145.393,87,GEOS_0.5x0.625/MERRA2/2019/07/MERRA2.20190701.A3mstC.05x0625.nc4
1787.101,hit,false,0.000,15,145.426,87,GEOS_0.5x0.625/MERRA2/2019/07/MERRA2.20190701.A3mstC.05x0625.nc4
1787.129,hit,false,0.000,14,145.454,87,GEOS_0.5x0.625/MERRA2/2019/07/MERRA2.20190701.A3mstC.05x0625.nc4
1787.162,hit,false,0.000,14,145.487,87,GEOS_0.5x0.625/MERRA2/2019/07/MERRA2.20190701.A3mstC.05x0625.nc4
1787.194,hit,false,0.000,14,145.519,87,GEOS_0.5x0.625/MERRA2/2019/07/MERRA2.20190701.A3mstC.05x0625.nc4
1787.221,hit,false,0.000,14,145.546,87,GEOS_0.5x0.625/MERRA2/2019/07/MERRA2.20190701.A3mstC.05x0625.nc4
1787.260,hit,false,0.000,14,145.585,87,GEOS_0.5x0.625/MERRA2/2019/07/MERRA2.20190701.A3mstC.05x0625.nc4
1787.283,hit,false,0.000,14,145.608,87,GEOS_0.5x0.625/MERRA2/2019/07/MERRA2.20190701.A3mstC.05x0625.nc4
1787.319,hit,false,0.000,14,143.229,88,GEOS_0.5x0.625/MERRA2/2019/07/MERRA2.20190701.A3mstC.05x0625.nc4
1787.353,hit,false,0.000,14,143.263,88,GEOS_0.5x0.625/MERRA2/2019/07/MERRA2.20190701.A3mstC.05x0625.nc4
1787.399,hit,false,0.000,14,143.308,88,GEOS_0.5x0.625/MERRA2/2019/07/MERRA2.20190701.A3mstC.05x0625.nc4
1787.416,hit,false,0.000,14,143.325,88,GEOS_0.5x0.625/MERRA2/2019/07/MERRA2.20190701.A3mstC.05x0625.nc4
1787.460,hit,false,0.000,14,143.369,88,GEOS_0.5x0.625/MERRA2/2019/07/MERRA2.20190701.A3mstC.05x0625.nc4
1787.493,hit,false,0.000,14,143.402,88,GEOS_0.5x0.625/MERRA2/2019/07/MERRA2.20190701.A3mstC.05x0625.nc4
1787.520,hit,false,0.000,14,143.430,88,GEOS_0.5x0.625/MERRA2/2019/07/MERRA2.20190701.A3mstC.05x0625.nc4
1787.551,hit,false,0.000,14,143.461,88,GEOS_0.5x0.625/MERRA2/2019/07/MERRA2.20190701.A3mstC.05x0625.nc4
1787.578,hit,false,0.000,14,143.483,89,GEOS_0.5x0.625/MERRA2/2019/07/MERRA2.20190701.A3mstC.05x0625.nc4
1787.613,hit,false,0.000,14,143.517,89,GEOS_0.5x0.625/MERRA2/2019/07/MERRA2.20190701.A3mstC.05x0625.nc4
1787.646,hit,false,0.000,14,143.551,89,GEOS_0.5x0.625/MERRA2/2019/07/MERRA2.20190701.A3mstC.05x0625.nc4
1787.674,hit,false,0.000,14,143.579,89,GEOS_0.5x0.625/MERRA2/2019/07/MERRA2.20190701.A3mstC.05x0625.nc4
1787.708,hit,false,0.000,14,143.613,89,GEOS_0.5x0.625/MERRA2/2019/07/MERRA2.20190701.A3mstC.05x0625.nc4
1787.733,hit,false,0.000,14,143.638,89,GEOS_0.5x0.625/MERRA2/2019/07/MERRA2.20190701.A3mstC.05x0625.nc4
1787.771,hit,false,0.000,14,143.676,89,GEOS_0.5x0.625/MERRA2/2019/07/MERRA2.20190701.A3mstC.05x0625.nc4
1787.795,hit,false,0.000,14,143.700,89,GEOS_0.5x0.625/MERRA2/2019/07/MERRA2.20190701.A3mstC.05x0625.nc4
1787.834,hit,false,0.000,14,143.737,90,GEOS_0.5x0.625/MERRA2/2019/07/MERRA2.20190701.A3mstC.05x0625.nc4
1787.871,hit,false,0.000,14,143.773,90,GEOS_0.5x0.625/MERRA2/2019/07/MERRA2.20190701.A3mstC.05x0625.nc4
1787.974,hit,false,0.000,14,143.877,90,GEOS_0.5x0.625/MERRA2/2019/07/MERRA2.20190701.A3mstC.05x0625.nc4
1788.006,hit,false,0.000,14,143.909,90,GEOS_0.5x0.625/MERRA2/2019/07/MERRA2.20190701.A3mstC.05x0625.nc4
1788.033,hit,false,0.000,14,143.935,90,GEOS_0.5x0.625/MERRA2/2019/07/MERRA2.20190701.A3mstC.05x0625.nc4
1788.070,hit,false,0.000,14,143.973,90,GEOS_0.5x0.625/MERRA2/2019/07/MERRA2.20190701.A3mstC.05x0625.nc4
1788.096,hit,false,0.000,14,143.998,90,GEOS_0.5x0.625/MERRA2/2019/07/MERRA2.20190701.A3mstC.05x0625.nc4
1788.130,hit,false,0.000,14,144.032,90,GEOS_0.5x0.625/MERRA2/2019/07/MERRA2.20190701.A3mstC.05x0625.nc4
1788.156,hit,false,0.000,14,144.056,91,GEOS_0.5x0.625/MERRA2/2019/07/MERRA2.20190701.A3mstC.05x0625.nc4
1788.194,hit,false,0.000,14,144.095,91,GEOS_0.5x0.625/MERRA2/2019/07/MERRA2.20190701.A3mstC.05x0625.nc4
1788.218,hit,false,0.000,14,144.119,91,GEOS_0.5x0.625/MERRA2/2019/07/MERRA2.20190701.A3mstC.05x0625.nc4
1788.253,hit,false,0.000,14,144.154,91,GEOS_0.5x0.625/MERRA2/2019/07/MERRA2.20190701.A3mstC.05x0625.nc4
1788.291,hit,false,0.000,14,144.192,91,GEOS_0.5x0.625/MERRA2/2019/07/MERRA2.20190701.A3mstC.05x0625.nc4
1788.315,hit,false,0.000,14,144.216,91,GEOS_0.5x0.625/MERRA2/2019/07/MERRA2.20190701.A3mstC.05x0625.nc4
1788.351,hit,false,0.000,14,144.252,91,GEOS_0.5x0.625/MERRA2/2019/07/MERRA2.20190701.A3mstC.05x0625.nc4
1788.385,hit,false,0.000,14,144.285,91,GEOS_0.5x0.625/MERRA2/2019/07/MERRA2.20190701.A3mstC.05x0625.nc4
1788.411,hit,false,0.000,14,144.310,92,GEOS_0.5x0.625/MERRA2/2019/07/MERRA2.20190701.A3mstC.05x0625.nc4
1788.444,hit,false,0.000,14,144.343,92,GEOS_0.5x0.625/MERRA2/2019/07/MERRA2.20190701.A3mstC.05x0625.nc4
1788.489,hit,false,0.000,14,144.388,92,GEOS_0.5x0.625/MERRA2/2019/07/MERRA2.20190701.A3mstC.05x0625.nc4
1788.513,hit,false,0.000,14,144.412,92,GEOS_0.5x0.625/MERRA2/2019/07/MERRA2.20190701.A3mstC.05x0625.nc4
1788.551,hit,false,0.000,14,144.450,92,GEOS_0.5x0.625/MERRA2/2019/07/MERRA2.20190701.A3mstC.05x0625.nc4
1788.581,hit,false,0.000,14,144.480,92,GEOS_0.5x0.625/MERRA2/2019/07/MERRA2.20190701.A3mstC.05x0625.nc4
1788.612,hit,false,0.000,14,144.511,92,GEOS_0.5x0.625/MERRA2/2019/07/MERRA2.20190701.A3mstC.05x0625.nc4
1788.641,hit,false,0.000,14,144.539,92,GEOS_0.5x0.625/MERRA2/2019/07/MERRA2.20190701.A3mstC.05x0625.nc4
1788.671,hit,false,0.000,14,144.568,93,GEOS_0.5x0.625/MERRA2/2019/07/MERRA2.20190701.A3mstC.05x0625.nc4
1788.702,hit,false,0.000,14,144.598,93,GEOS_0.5x0.625/MERRA2/2019/07/MERRA2.20190701.A3mstC.05x0625.nc4
1788.727,hit,false,0.000,14,144.624,93,GEOS_0.5x0.625/MERRA2/2019/07/MERRA2.20190701.A3mstC.05x0625.nc4
1788.757,hit,false,0.000,14,144.653,93,GEOS_0.5x0.625/MERRA2/2019/07/MERRA2.20190701.A3mstC.05x0625.nc4
1788.786,hit,false,0.000,14,144.683,93,GEOS_0.5x0.625/MERRA2/2019/07/MERRA2.20190701.A3mstC.05x0625.nc4
1788.820,hit,false,0.000,14,144.717,93,GEOS_0.5x0.625/MERRA2/2019/07/MERRA2.20190701.A3mstC.05x0625.nc4
1788.843,hit,false,0.000,14,144.740,93,GEOS_0.5x0.625/MERRA2/2019/07/MERRA2.20190701.A3mstC.05x0625.nc4
1788.877,hit,false,0.000,14,144.773,93,GEOS_0.5x0.625/MERRA2/2019/07/MERRA2.20190701.A3mstC.05x0625.nc4
1788.904,hit,false,0.000,14,144.799,94,GEOS_0.5x0.625/MERRA2/2019/07/MERRA2.20190701.A3mstC.05x0625.nc4
1788.939,hit,false,0.000,14,144.834,94,GEOS_0.5x0.625/MERRA2/2019/07/MERRA2.20190701.A3mstC.05x0625.nc4
1788.966,hit,false,0.000,14,144.861,94,GEOS_0.5x0.625/MERRA2/2019/07/MERRA2.20190701.A3mstC.05x0625.nc4
1789.002,hit,false,0.000,14,144.897,94,GEOS_0.5x0.625/MERRA2/2019/07/MERRA2.20190701.A3mstC.05x0625.nc4
1789.040,hit,false,0.000,14,144.935,94,GEOS_0.5x0.625/MERRA2/2019/07/MERRA2.20190701.A3mstC.05x0625.nc4
1789.071,hit,false,0.000,14,144.966,94,GEOS_0.5x0.625/MERRA2/2019/07/MERRA2.20190701.A3mstC.05x0625.nc4
1789.103,hit,false,0.000,14,144.998,94,GEOS_0.5x0.625/MERRA2/2019/07/MERRA2.20190701.A3mstC.05x0625.nc4
1789.142,hit,false,0.000,14,145.037,94,GEOS_0.5x0.625/MERRA2/2019/07/MERRA2.20190701.A3mstC.05x0625.nc4
1789.167,hit,false,0.000,14,145.061,95,GEOS_0.5x0.625/MERRA2/2019/07/MERRA2.20190701.A3mstC.05x0625.nc4
1789.202,hit,false,0.000,14,145.096,95,GEOS_0.5x0.625/MERRA2/2019/07/MERRA2.20190701.A3mstC.05x0625.nc4
1789.227,hit,false,0.000,14,145.121,95,GEOS_0.5x0.625/MERRA2/2019/07/MERRA2.20190701.A3mstC.05x0625.nc4
1789.262,hit,false,0.000,14,145.155,95,GEOS_0.5x0.625/MERRA2/2019/07/MERRA2.20190701.A3mstC.05x0625.nc4
1789.285,hit,false,0.000,14,145.179,95,GEOS_0.5x0.625/MERRA2/2019/07/MERRA2.20190701.A3mstC.05x0625.nc4
1789.323,hit,false,0.000,14,145.217,95,GEOS_0.5x0.625/MERRA2/2019/07/MERRA2.20190701.A3mstC.05x0625.nc4
1789.348,hit,false,0.000,14,145.242,95,GEOS_0.5x0.625/MERRA2/2019/07/MERRA2.20190701.A3mstC.05x0625.nc4
1789.383,hit,false,0.000,14,145.277,95,GEOS_0.5x0.625/MERRA2/2019/07/MERRA2.20190701.A3mstC.05x0625.nc4
1789.430,hit,false,0.000,14,145.320,96,GEOS_0.5x0.625/MERRA2/2019/07/MERRA2.20190701.A3mstC.05x0625.nc4
1789.457,hit,false,0.000,14,145.348,96,GEOS_0.5x0.625/MERRA2/2019/07/MERRA2.20190701.A3mstC.05x0625.nc4
1789.504,hit,false,0.000,14,145.395,96,GEOS_0.5x0.625/MERRA2/2019/07/MERRA2.20190701.A3mstC.05x0625.nc4
1789.527,hit,false,0.000,14,145.417,96,GEOS_0.5x0.625/MERRA2/2019/07/MERRA2.20190701.A3mstC.05x0625.nc4
1789.566,hit,false,0.000,14,145.456,96,GEOS_0.5x0.625/MERRA2/2019/07/MERRA2.20190701.A3mstC.05x0625.nc4
1789.589,hit,false,0.000,14,145.479,96,GEOS_0.5x0.625/MERRA2/2019/07/MERRA2.20190701.A3mstC.05x0625.nc4
1789.630,hit,false,0.000,14,145.520,96,GEOS_0.5x0.625/MERRA2/2019/07/MERRA2.20190701.A3mstC.05x0625.nc4
1789.653,hit,false,0.000,14,145.543,96,GEOS_0.5x0.625/MERRA2/2019/07/MERRA2.20190701.A3mstC.05x0625.nc4
1789.685,hit,false,0.000,14,145.572,97,GEOS_0.5x0.625/MERRA2/2019/07/MERRA2.20190701.A3mstC.05x0625.nc4
1789.713,hit,false,0.000,14,145.601,97,GEOS_0.5x0.625/MERRA2/2019/07/MERRA2.20190701.A3mstC.05x0625.nc4
1789.745,hit,false,0.000,14,145.632,97,GEOS_0.5x0.625/MERRA2/2019/07/MERRA2.20190701.A3mstC.05x0625.nc4
1789.770,hit,false,0.000,14,145.657,97,GEOS_0.5x0.625/MERRA2/2019/07/MERRA2.20190701.A3mstC.05x0625.nc4
1789.810,hit,false,0.000,14,145.698,97,GEOS_0.5x0.625/MERRA2/2019/07/MERRA2.20190701.A3mstC.05x0625.nc4
1789.836,hit,false,0.000,14,145.723,97,GEOS_0.5x0.625/MERRA2/2019/07/MERRA2.20190701.A3mstC.05x0625.nc4
1789.869,hit,false,0.000,14,145.757,97,GEOS_0.5x0.625/MERRA2/2019/07/MERRA2.20190701.A3mstC.05x0625.nc4
1789.895,hit,false,0.000,14,145.783,97,GEOS_0.5x0.625/MERRA2/2019/07/MERRA2.20190701.A3mstC.05x0625.nc4
1789.931,hit,false,0.000,14,145.817,98,GEOS_0.5x0.625/MERRA2/2019/07/MERRA2.20190701.A3mstC.05x0625.nc4
1790.038,hit,false,0.000,14,145.924,98,GEOS_0.5x0.625/MERRA2/2019/07/MERRA2.20190701.A3mstC.05x0625.nc4
1790.063,hit,false,0.000,14,145.949,98,GEOS_0.5x0.625/MERRA2/2019/07/MERRA2.20190701.A3mstC.05x0625.nc4
1790.098,hit,false,0.000,14,145.984,98,GEOS_0.5x0.625/MERRA2/2019/07/MERRA2.20190701.A3mstC.05x0625.nc4
1790.124,hit,false,0.000,14,146.010,98,GEOS_0.5x0.625/MERRA2/2019/07/MERRA2.20190701.A3mstC.05x0625.nc4
1790.159,hit,false,0.000,14,146.045,98,GEOS_0.5x0.625/MERRA2/2019/07/MERRA2.20190701.A3mstC.05x0625.nc4
1790.185,hit,false,0.000,14,146.070,98,GEOS_0.5x0.625/MERRA2/2019/07/MERRA2.20190701.A3mstC.05x0625.nc4
1790.216,hit,false,0.000,14,146.102,98,GEOS_0.5x0.625/MERRA2/2019/07/MERRA2.20190701.A3mstC.05x0625.nc4
1790.243,hit,false,0.000,13,146.127,99,GEOS_0.5x0.625/MERRA2/2019/07/MERRA2.20190701.A3mstC.05x0625.nc4
1790.275,hit,false,0.000,13,146.159,99,GEOS_0.5x0.625/MERRA2/2019/07/MERRA2.20190701.A3mstC.05x0625.nc4
1790.305,hit,false,0.000,13,146.189,99,GEOS_0.5x0.625/MERRA2/2019/07/MERRA2.20190701.A3mstC.05x0625.nc4
1790.337,hit,false,0.000,13,146.221,99,GEOS_0.5x0.625/MERRA2/2019/07/MERRA2.20190701.A3mstC.05x0625.nc4
1790.360,hit,false,0.000,13,146.244,99,GEOS_0.5x0.625/MERRA2/2019/07/MERRA2.20190701.A3mstC.05x0625.nc4
1790.392,hit,false,0.000,13,146.277,99,GEOS_0.5x0.625/MERRA2/2019/07/MERRA2.20190701.A3mstC.05x0625.nc4
1790.425,hit,false,0.000,13,146.310,99,GEOS_0.5x0.625/MERRA2/2019/07/MERRA2.20190701.A3mstC.05x0625.nc4
1790.452,hit,false,0.000,13,146.337,99,GEOS_0.5x0.625/MERRA2/2019/07/MERRA2.20190701.A3mstC.05x0625.nc4
1790.484,hit,false,0.000,13,146.367,100,GEOS_0.5x0.625/MERRA2/2019/07/MERRA2.20190701.A3mstC.05x0625.nc4
1790.530,hit,false,0.000,13,146.413,100,GEOS_0.5x0.625/MERRA2/2019/07/MERRA2.20190701.A3mstC.05x0625.nc4
1790.553,hit,false,0.000,13,146.436,100,GEOS_0.5x0.625/MERRA2/2019/07/MERRA2.20190701.A3mstC.05x0625.nc4
1790.589,hit,false,0.000,13,146.472,100,GEOS_0.5x0.625/MERRA2/2019/07/MERRA2.20190701.A3mstC.05x0625.nc4
1790.628,hit,false,0.000,13,146.511,100,GEOS_0.5x0.625/MERRA2/2019/07/MERRA2.20190701.A3mstC.05x0625.nc4
1790.652,hit,false,0.000,13,146.535,100,GEOS_0.5x0.625/MERRA2/2019/07/MERRA2.20190701.A3mstC.05x0625.nc4
1790.689,hit,false,0.000,13,146.572,100,GEOS_0.5x0.625/MERRA2/2019/07/MERRA2.20190701.A3mstC.05x0625.nc4
1790.725,hit,false,0.000,13,146.608,100,GEOS_0.5x0.625/MERRA2/2019/07/MERRA2.20190701.A3mstC.05x0625.nc4
1790.749,hit,false,0.000,13,146.630,101,GEOS_0.5x0.625/MERRA2/2019/07/MERRA2.20190701.A3mstC.05x0625.nc4
1790.785,hit,false,0.000,13,146.666,101,GEOS_0.5x0.625/MERRA2/2019/07/MERRA2.20190701.A3mstC.05x0625.nc4
1790.811,hit,false,0.000,13,146.693,101,GEOS_0.5x0.625/MERRA2/2019/07/MERRA2.20190701.A3mstC.05x0625.nc4
1790.844,hit,false,0.000,13,146.725,101,GEOS_0.5x0.625/MERRA2/2019/07/MERRA2.20190701.A3mstC.05x0625.nc4
1790.868,hit,false,0.000,13,146.750,101,GEOS_0.5x0.625/MERRA2/2019/07/MERRA2.20190701.A3mstC.05x0625.nc4
1790.902,hit,false,0.000,13,146.784,101,GEOS_0.5x0.625/MERRA2/2019/07/MERRA2.20190701.A3mstC.05x0625.nc4
1790.928,hit,false,0.000,13,146.810,101,GEOS_0.5x0.625/MERRA2/2019/07/MERRA2.20190701.A3mstC.05x0625.nc4
1790.960,hit,false,0.000,13,146.842,101,GEOS_0.5x0.625/MERRA2/2019/07/MERRA2.20190701.A3mstC.05x0625.nc4
1790.984,hit,false,0.000,13,146.864,102,GEOS_0.5x0.625/MERRA2/2019/07/MERRA2.20190701.A3mstC.05x0625.nc4
1791.018,hit,false,0.000,13,146.898,102,GEOS_0.5x0.625/MERRA2/2019/07/MERRA2.20190701.A3mstC.05x0625.nc4
1791.046,hit,false,0.000,13,146.925,102,GEOS_0.5x0.625/MERRA2/2019/07/MERRA2.20190701.A3mstC.05x0625.nc4
1791.076,hit,false,0.000,13,146.956,102,GEOS_0.5x0.625/MERRA2/2019/07/MERRA2.20190701.A3mstC.05x0625.nc4
1791.103,hit,false,0.000,13,146.983,102,GEOS_0.5x0.625/MERRA2/2019/07/MERRA2.20190701.A3mstC.05x0625.nc4
1791.135,hit,false,0.000,13,147.015,102,GEOS_0.5x0.625/MERRA2/2019/07/MERRA2.20190701.A3mstC.05x0625.nc4
1791.157,hit,false,0.000,13,147.036,102,GEOS_0.5x0.625/MERRA2/2019/07/MERRA2.20190701.A3mstC.05x0625.nc4
1791.193,hit,false,0.000,13,147.073,102,GEOS_0.5x0.625/MERRA2/2019/07/MERRA2.20190701.A3mstC.05x0625.nc4
1791.219,hit,false,0.000,13,147.096,103,GEOS_0.5x0.625/MERRA2/2019/07/MERRA2.20190701.A3mstC.05x0625.nc4
1791.259,hit,false,0.000,13,147.136,103,GEOS_0.5x0.625/MERRA2/2019/07/MERRA2.20190701.A3mstC.05x0625.nc4
1791.282,hit,false,0.000,13,147.159,103,GEOS_0.5x0.625/MERRA2/2019/07/MERRA2.20190701.A3mstC.05x0625.nc4
1791.313,hit,false,0.000,13,147.190,103,GEOS_0.5x0.625/MERRA2/2019/07/MERRA2.20190701.A3mstC.05x0625.nc4
1791.339,hit,false,0.000,13,147.216,103,GEOS_0.5x0.625/MERRA2/2019/07/MERRA2.20190701.A3mstC.05x0625.nc4
1791.368,hit,false,0.000,13,147.246,103,GEOS_0.5x0.625/MERRA2/2019/07/MERRA2.20190701.A3mstC.05x0625.nc4
1791.395,hit,false,0.000,13,147.272,103,GEOS_0.5x0.625/MERRA2/2019/07/MERRA2.20190701.A3mstC.05x0625.nc4
1791.417,hit,false,0.000,13,147.294,103,GEOS_0.5x0.625/MERRA2/2019/07/MERRA2.20190701.A3mstC.05x0625.nc4
1791.452,hit,false,0.000,13,147.355,104,GEOS_0.5x0.625/MERRA2/2019/07/MERRA2.20190701.A3mstC.05x0625.nc4
1791.479,hit,false,0.000,13,147.381,104,GEOS_0.5x0.625/MERRA2/2019/07/MERRA2.20190701.A3mstC.05x0625.nc4
1791.526,hit,false,0.000,13,147.429,104,GEOS_0.5x0.625/MERRA2/2019/07/MERRA2.20190701.A3mstC.05x0625.nc4
1791.549,hit,false,0.000,13,147.452,104,GEOS_0.5x0.625/MERRA2/2019/07/MERRA2.20190701.A3mstC.05x0625.nc4
1791.586,hit,false,0.000,13,147.489,104,GEOS_0.5x0.625/MERRA2/2019/07/MERRA2.20190701.A3mstC.05x0625.nc4
1791.612,hit,false,0.000,13,147.515,104,GEOS_0.5x0.625/MERRA2/2019/07/MERRA2.20190701.A3mstC.05x0625.nc4
1791.646,hit,false,0.000,13,147.548,104,GEOS_0.5x0.625/MERRA2/2019/07/MERRA2.20190701.A3mstC.05x0625.nc4
1791.669,hit,false,0.000,13,147.572,104,GEOS_0.5x0.625/MERRA2/2019/07/MERRA2.20190701.A3mstC.05x0625.nc4
1791.723,hit,false,0.000,13,147.623,105,GEOS_0.5x0.625/MERRA2/2019/07/MERRA2.20190701.A3mstC.05x0625.nc4
1791.758,hit,false,0.000,13,147.658,105,GEOS_0.5x0.625/MERRA2/2019/07/MERRA2.20190701.A3mstC.05x0625.nc4
1791.785,hit,false,0.000,13,147.684,105,GEOS_0.5x0.625/MERRA2/2019/07/MERRA2.20190701.A3mstC.05x0625.nc4
1791.823,hit,false,0.000,13,147.722,105,GEOS_0.5x0.625/MERRA2/2019/07/MERRA2.20190701.A3mstC.05x0625.nc4
1791.846,hit,false,0.000,13,147.746,105,GEOS_0.5x0.625/MERRA2/2019/07/MERRA2.20190701.A3mstC.05x0625.nc4
1791.882,hit,false,0.000,13,147.781,105,GEOS_0.5x0.625/MERRA2/2019/07/MERRA2.20190701.A3mstC.05x0625.nc4
1791.922,hit,false,0.000,13,147.821,105,GEOS_0.5x0.625/MERRA2/2019/07/MERRA2.20190701.A3mstC.05x0625.nc4
1791.954,hit,false,0.000,13,147.853,105,GEOS_0.5x0.625/MERRA2/2019/07/MERRA2.20190701.A3mstC.05x0625.nc4
1792.058,hit,false,0.000,13,147.956,106,GEOS_0.5x0.625/MERRA2/2019/07/MERRA2.20190701.A3mstC.05x0625.nc4
1792.085,hit,false,0.000,13,147.983,106,GEOS_0.5x0.625/MERRA2/2019/07/MERRA2.20190701.A3mstC.05x0625.nc4
1792.121,hit,false,0.000,13,148.019,106,GEOS_0.5x0.625/MERRA2/2019/07/MERRA2.20190701.A3mstC.05x0625.nc4
1792.149,hit,false,0.000,13,148.047,106,GEOS_0.5x0.625/MERRA2/2019/07/MERRA2.20190701.A3mstC.05x0625.nc4
1792.178,hit,false,0.000,13,148.076,106,GEOS_0.5x0.625/MERRA2/2019/07/MERRA2.20190701.A3mstC.05x0625.nc4
1792.206,hit,false,0.000,13,148.104,106,GEOS_0.5x0.625/MERRA2/2019/07/MERRA2.20190701.A3mstC.05x0625.nc4
1792.246,hit,false,0.000,13,148.144,106,GEOS_0.5x0.625/MERRA2/2019/07/MERRA2.20190701.A3mstC.05x0625.nc4
1792.270,hit,false,0.000,13,148.167,106,GEOS_0.5x0.625/MERRA2/2019/07/MERRA2.20190701.A3mstC.05x0625.nc4
1792.300,hit,false,0.000,13,148.196,107,GEOS_0.5x0.625/MERRA2/2019/07/MERRA2.20190701.A3mstC.05x0625.nc4
1792.340,hit,false,0.000,13,148.236,107,GEOS_0.5x0.625/MERRA2/2019/07/MERRA2.20190701.A3mstC.05x0625.nc4
1792.366,hit,false,0.000,13,148.262,107,GEOS_0.5x0.625/MERRA2/2019/07/MERRA2.20190701.A3mstC.05x0625.nc4
1792.398,hit,false,0.000,13,148.294,107,GEOS_0.5x0.625/MERRA2/2019/07/MERRA2.20190701.A3mstC.05x0625.nc4
1792.429,hit,false,0.000,13,148.325,107,GEOS_0.5x0.625/MERRA2/2019/07/MERRA2.20190701.A3mstC.05x0625.nc4
1792.459,hit,false,0.000,13,148.356,107,GEOS_0.5x0.625/MERRA2/2019/07/MERRA2.20190701.A3mstC.05x0625.nc4
1792.489,hit,false,0.000,13,148.385,107,GEOS_0.5x0.625/MERRA2/2019/07/MERRA2.20190701.A3mstC.05x0625.nc4
1792.520,hit,false,0.000,13,148.416,107,GEOS_0.5x0.625/MERRA2/2019/07/MERRA2.20190701.A3mstC.05x0625.nc4
1792.550,hit,false,0.000,13,148.444,108,GEOS_0.5x0.625/MERRA2/2019/07/MERRA2.20190701.A3mstC.05x0625.nc4
1792.582,hit,false,0.000,13,148.476,108,GEOS_0.5x0.625/MERRA2/2019/07/MERRA2.20190701.A3mstC.05x0625.nc4
1792.613,hit,false,0.000,13,148.508,108,GEOS_0.5x0.625/MERRA2/2019/07/MERRA2.20190701.A3mstC.05x0625.nc4
1792.642,hit,false,0.000,13,148.536,108,GEOS_0.5x0.625/MERRA2/2019/07/MERRA2.20190701.A3mstC.05x0625.nc4
1792.672,hit,false,0.000,13,148.567,108,GEOS_0.5x0.625/MERRA2/2019/07/MERRA2.20190701.A3mstC.05x0625.nc4
1792.701,hit,false,0.000,13,148.595,108,GEOS_0.5x0.625/MERRA2/2019/07/MERRA2.20190701.A3mstC.05x0625.nc4
1792.733,hit,false,0.000,13,148.628,108,GEOS_0.5x0.625/MERRA2/2019/07/MERRA2.20190701.A3mstC.05x0625.nc4
1792.758,hit,false,0.000,13,148.652,108,GEOS_0.5x0.625/MERRA2/2019/07/MERRA2.20190701.A3mstC.05x0625.nc4
1792.791,hit,false,0.000,13,148.683,109,GEOS_0.5x0.625/MERRA2/2019/07/MERRA2.20190701.A3mstC.05x0625.nc4
1792.818,hit,false,0.000,13,148.710,109,GEOS_0.5x0.625/MERRA2/2019/07/MERRA2.20190701.A3mstC.05x0625.nc4
1792.850,hit,false,0.000,13,148.743,109,GEOS_0.5x0.625/MERRA2/2019/07/MERRA2.20190701.A3mstC.05x0625.nc4
1792.879,hit,false,0.000,13,148.772,109,GEOS_0.5x0.625/MERRA2/2019/07/MERRA2.20190701.A3mstC.05x0625.nc4
1792.910,hit,false,0.000,13,148.803,109,GEOS_0.5x0.625/MERRA2/2019/07/MERRA2.20190701.A3mstC.05x0625.nc4
1792.940,hit,false,0.000,13,148.832,109,GEOS_0.5x0.625/MERRA2/2019/07/MERRA2.20190701.A3mstC.05x0625.nc4
1792.969,hit,false,0.000,13,148.862,109,GEOS_0.5x0.625/MERRA2/2019/07/MERRA2.20190701.A3mstC.05x0625.nc4
1792.999,hit,false,0.000,13,148.891,109,GEOS_0.5x0.625/MERRA2/2019/07/MERRA2.20190701.A3mstC.05x0625.nc4
1793.027,hit,false,0.000,13,148.918,110,GEOS_0.5x0.625/MERRA2/2019/07/MERRA2.20190701.A3mstC.05x0625.nc4
1793.059,hit,false,0.000,13,148.950,110,GEOS_0.5x0.625/MERRA2/2019/07/MERRA2.20190701.A3mstC.05x0625.nc4
1793.104,hit,false,0.000,13,148.995,110,GEOS_0.5x0.625/MERRA2/2019/07/MERRA2.20190701.A3mstC.05x0625.nc4
1793.128,hit,false,0.000,13,149.019,110,GEOS_0.5x0.625/MERRA2/2019/07/MERRA2.20190701.A3mstC.05x0625.nc4
1793.160,hit,false,0.000,13,149.051,110,GEOS_0.5x0.625/MERRA2/2019/07/MERRA2.20190701.A3mstC.05x0625.nc4
1793.186,hit,false,0.000,13,149.077,110,GEOS_0.5x0.625/MERRA2/2019/07/MERRA2.20190701.A3mstC.05x0625.nc4
1793.216,hit,false,0.000,13,149.107,110,GEOS_0.5x0.625/MERRA2/2019/07/MERRA2.20190701.A3mstC.05x0625.nc4
1793.244,hit,false,0.000,13,149.136,110,GEOS_0.5x0.625/MERRA2/2019/07/MERRA2.20190701.A3mstC.05x0625.nc4
1793.275,hit,false,0.000,13,149.164,111,GEOS_0.5x0.625/MERRA2/2019/07/MERRA2.20190701.A3mstC.05x0625.nc4
1793.306,hit,false,0.000,13,149.196,111,GEOS_0.5x0.625/MERRA2/2019/07/MERRA2.20190701.A3mstC.05x0625.nc4
1793.334,hit,false,0.000,13,149.224,111,GEOS_0.5x0.625/MERRA2/2019/07/MERRA2.20190701.A3mstC.05x0625.nc4
1793.362,hit,false,0.000,13,149.252,111,GEOS_0.5x0.625/MERRA2/2019/07/MERRA2.20190701.A3mstC.05x0625.nc4
1793.392,hit,false,0.000,13,149.282,111,GEOS_0.5x0.625/MERRA2/2019/07/MERRA2.20190701.A3mstC.05x0625.nc4
1793.417,hit,false,0.000,13,149.306,111,GEOS_0.5x0.625/MERRA2/2019/07/MERRA2.20190701.A3mstC.05x0625.nc4
1793.446,hit,false,0.000,13,149.336,111,GEOS_0.5x0.625/MERRA2/2019/07/MERRA2.20190701.A3mstC.05x0625.nc4
1793.473,hit,false,0.000,13,149.363,111,GEOS_0.5x0.625/MERRA2/2019/07/MERRA2.20190701.A3mstC.05x0625.nc4
1793.502,hit,false,0.000,13,149.383,112,GEOS_0.5x0.625/MERRA2/2019/07/MERRA2.20190701.A3mstC.05x0625.nc4
1793.530,hit,false,0.000,13,149.410,112,GEOS_0.5x0.625/MERRA2/2019/07/MERRA2.20190701.A3mstC.05x0625.nc4
1793.585,hit,false,0.000,13,149.465,112,GEOS_0.5x0.625/MERRA2/2019/07/MERRA2.20190701.A3mstC.05x0625.nc4
1793.609,hit,false,0.000,13,149.489,112,GEOS_0.5x0.625/MERRA2/2019/07/MERRA2.20190701.A3mstC.05x0625.nc4
1793.644,hit,false,0.000,13,149.525,112,GEOS_0.5x0.625/MERRA2/2019/07/MERRA2.20190701.A3mstC.05x0625.nc4
1793.668,hit,false,0.000,13,149.548,112,GEOS_0.5x0.625/MERRA2/2019/07/MERRA2.20190701.A3mstC.05x0625.nc4
1793.705,hit,false,0.000,13,149.586,112,GEOS_0.5x0.625/MERRA2/2019/07/MERRA2.20190701.A3mstC.05x0625.nc4
1793.728,hit,false,0.000,13,149.609,112,GEOS_0.5x0.625/MERRA2/2019/07/MERRA2.20190701.A3mstC.05x0625.nc4
1793.765,hit,false,0.000,13,149.643,113,GEOS_0.5x0.625/MERRA2/2019/07/MERRA2.20190701.A3mstC.05x0625.nc4
1793.789,hit,false,0.000,13,149.667,113,GEOS_0.5x0.625/MERRA2/2019/07/MERRA2.20190701.A3mstC.05x0625.nc4
1793.822,hit,false,0.000,13,149.700,113,GEOS_0.5x0.625/MERRA2/2019/07/MERRA2.20190701.A3mstC.05x0625.nc4
1793.848,hit,false,0.000,13,149.726,113,GEOS_0.5x0.625/MERRA2/2019/07/MERRA2.20190701.A3mstC.05x0625.nc4
1793.885,hit,false,0.000,13,149.763,113,GEOS_0.5x0.625/MERRA2/2019/07/MERRA2.20190701.A3mstC.05x0625.nc4
1793.912,hit,false,0.000,13,149.791,113,GEOS_0.5x0.625/MERRA2/2019/07/MERRA2.20190701.A3mstC.05x0625.nc4
1793.941,hit,false,0.000,13,149.819,113,GEOS_0.5x0.625/MERRA2/2019/07/MERRA2.20190701.A3mstC.05x0625.nc4
1794.053,hit,false,0.000,13,149.932,113,GEOS_0.5x0.625/MERRA2/2019/07/MERRA2.20190701.A3mstC.05x0625.nc4
1794.077,hit,false,0.000,13,149.953,114,GEOS_0.5x0.625/MERRA2/2019/07/MERRA2.20190701.A3mstC.05x0625.nc4
1794.118,hit,false,0.000,13,149.994,114,GEOS_0.5x0.625/MERRA2/2019/07/MERRA2.20190701.A3mstC.05x0625.nc4
1794.142,hit,false,0.000,13,150.018,114,GEOS_0.5x0.625/MERRA2/2019/07/MERRA2.20190701.A3mstC.05x0625.nc4
1794.179,hit,false,0.000,13,150.055,114,GEOS_0.5x0.625/MERRA2/2019/07/MERRA2.20190701.A3mstC.05x0625.nc4
1794.203,hit,false,0.000,13,150.079,114,GEOS_0.5x0.625/MERRA2/2019/07/MERRA2.20190701.A3mstC.05x0625.nc4
1794.235,hit,false,0.000,13,150.111,114,GEOS_0.5x0.625/MERRA2/2019/07/MERRA2.20190701.A3mstC.05x0625.nc4
1794.264,hit,false,0.000,13,150.140,114,GEOS_0.5x0.625/MERRA2/2019/07/MERRA2.20190701.A3mstC.05x0625.nc4
1794.293,hit,false,0.000,13,150.169,114,GEOS_0.5x0.625/MERRA2/2019/07/MERRA2.20190701.A3mstC.05x0625.nc4
1794.320,hit,false,0.000,13,150.195,115,GEOS_0.5x0.625/MERRA2/2019/07/MERRA2.20190701.A3mstC.05x0625.nc4
1794.363,hit,false,0.000,13,150.238,115,GEOS_0.5x0.625/MERRA2/2019/07/MERRA2.20190701.A3mstC.05x0625.nc4
1794.387,hit,false,0.000,13,150.262,115,GEOS_0.5x0.625/MERRA2/2019/07/MERRA2.20190701.A3mstC.05x0625.nc4
1794.421,hit,false,0.000,13,150.295,115,GEOS_0.5x0.625/MERRA2/2019/07/MERRA2.20190701.A3mstC.05x0625.nc4
1794.453,hit,false,0.000,13,150.328,115,GEOS_0.5x0.625/MERRA2/2019/07/MERRA2.20190701.A3mstC.05x0625.nc4
1794.479,hit,false,0.000,13,150.354,115,GEOS_0.5x0.625/MERRA2/2019/07/MERRA2.20190701.A3mstC.05x0625.nc4
1794.509,hit,false,0.000,13,150.384,115,GEOS_0.5x0.625/MERRA2/2019/07/MERRA2.20190701.A3mstC.05x0625.nc4
1794.549,hit,false,0.000,13,150.424,115,GEOS_0.5x0.625/MERRA2/2019/07/MERRA2.20190701.A3mstC.05x0625.nc4
1794.573,hit,false,0.000,13,150.447,116,GEOS_0.5x0.625/MERRA2/2019/07/MERRA2.20190701.A3mstC.05x0625.nc4
1794.611,hit,false,0.000,13,150.484,116,GEOS_0.5x0.625/MERRA2/2019/07/MERRA2.20190701.A3mstC.05x0625.nc4
1794.640,hit,false,0.000,13,150.513,116,GEOS_0.5x0.625/MERRA2/2019/07/MERRA2.20190701.A3mstC.05x0625.nc4
1794.670,hit,false,0.000,13,150.543,116,GEOS_0.5x0.625/MERRA2/2019/07/MERRA2.20190701.A3mstC.05x0625.nc4
1794.693,hit,false,0.000,13,150.566,116,GEOS_0.5x0.625/MERRA2/2019/07/MERRA2.20190701.A3mstC.05x0625.nc4
1794.738,hit,false,0.000,13,150.612,116,GEOS_0.5x0.625/MERRA2/2019/07/MERRA2.20190701.A3mstC.05x0625.nc4
1794.761,hit,false,0.000,13,150.634,116,GEOS_0.5x0.625/MERRA2/2019/07/MERRA2.20190701.A3mstC.05x0625.nc4
1794.803,hit,false,0.000,13,150.676,116,GEOS_0.5x0.625/MERRA2/2019/07/MERRA2.20190701.A3mstC.05x0625.nc4
1794.822,hit,false,0.000,13,150.693,117,GEOS_0.5x0.625/MERRA2/2019/07/MERRA2.20190701.A3mstC.05x0625.nc4
1794.863,hit,false,0.000,13,150.735,117,GEOS_0.5x0.625/MERRA2/2019/07/MERRA2.20190701.A3mstC.05x0625.nc4
1794.887,hit,false,0.000,13,150.759,117,GEOS_0.5x0.625/MERRA2/2019/07/MERRA2.20190701.A3mstC.05x0625.nc4
1794.920,hit,false,0.000,13,150.792,117,GEOS_0.5x0.625/MERRA2/2019/07/MERRA2.20190701.A3mstC.05x0625.nc4
1794.945,hit,false,0.000,13,150.817,117,GEOS_0.5x0.625/MERRA2/2019/07/MERRA2.20190701.A3mstC.05x0625.nc4
1794.980,hit,false,0.000,13,150.852,117,GEOS_0.5x0.625/MERRA2/2019/07/MERRA2.20190701.A3mstC.05x0625.nc4
1795.007,hit,false,0.000,13,150.879,117,GEOS_0.5x0.625/MERRA2/2019/07/MERRA2.20190701.A3mstC.05x0625.nc4
1795.037,hit,false,0.000,13,150.909,117,GEOS_0.5x0.625/MERRA2/2019/07/MERRA2.20190701.A3mstC.05x0625.nc4
1795.070,hit,false,0.000,13,150.940,118,GEOS_0.5x0.625/MERRA2/2019/07/MERRA2.20190701.A3mstC.05x0625.nc4
1795.097,hit,false,0.000,13,150.968,118,GEOS_0.5x0.625/MERRA2/2019/07/MERRA2.20190701.A3mstC.05x0625.nc4
1795.131,hit,false,0.000,13,151.002,118,GEOS_0.5x0.625/MERRA2/2019/07/MERRA2.20190701.A3mstC.05x0625.nc4
1795.161,hit,false,0.000,13,151.032,118,GEOS_0.5x0.625/MERRA2/2019/07/MERRA2.20190701.A3mstC.05x0625.nc4
1795.190,hit,false,0.000,13,151.061,118,GEOS_0.5x0.625/MERRA2/2019/07/MERRA2.20190701.A3mstC.05x0625.nc4
1795.219,hit,false,0.000,13,151.089,118,GEOS_0.5x0.625/MERRA2/2019/07/MERRA2.20190701.A3mstC.05x0625.nc4
1795.268,hit,false,0.000,13,151.138,118,GEOS_0.5x0.625/MERRA2/2019/07/MERRA2.20190701.A3mstC.05x0625.nc4
1795.293,hit,false,0.000,13,151.163,118,GEOS_0.5x0.625/MERRA2/2019/07/MERRA2.20190701.A3mstC.05x0625.nc4
1795.325,hit,false,0.000,13,151.194,119,GEOS_0.5x0.625/MERRA2/2019/07/MERRA2.20190701.A3mstC.05x0625.nc4
1795.445,hit,false,0.000,12,151.314,119,GEOS_0.5x0.625/MERRA2/2019/07/MERRA2.20190701.A3mstC.05x0625.nc4
1795.515,hit,false,0.000,12,151.384,119,GEOS_0.5x0.625/MERRA2/2019/07/MERRA2.20190701.A3mstC.05x0625.nc4
1795.629,hit,false,0.000,12,151.498,119,GEOS_0.5x0.625/MERRA2/2019/07/MERRA2.20190701.A3mstC.05x0625.nc4
1795.652,hit,false,0.000,12,151.521,119,GEOS_0.5x0.625/MERRA2/2019/07/MERRA2.20190701.A3mstC.05x0625.nc4
1795.764,hit,false,0.000,12,151.633,119,GEOS_0.5x0.625/MERRA2/2019/07/MERRA2.20190701.A3mstC.05x0625.nc4
1795.785,hit,false,0.000,12,151.654,119,GEOS_0.5x0.625/MERRA2/2019/07/MERRA2.20190701.A3mstC.05x0625.nc4
1795.882,hit,false,0.000,12,151.751,119,GEOS_0.5x0.625/MERRA2/2019/07/MERRA2.20190701.A3mstC.05x0625.nc4
1795.899,hit,false,0.000,12,151.768,120,GEOS_0.5x0.625/MERRA2/2019/07/MERRA2.20190701.A3mstC.05x0625.nc4
1795.962,hit,false,0.000,12,151.830,120,GEOS_0.5x0.625/MERRA2/2019/07/MERRA2.20190701.A3mstC.05x0625.nc4
1796.172,hit,false,0.000,12,152.040,120,GEOS_0.5x0.625/MERRA2/2019/07/MERRA2.20190701.A3mstC.05x0625.nc4
1796.233,hit,false,0.000,12,152.102,120,GEOS_0.5x0.625/MERRA2/2019/07/MERRA2.20190701.A3mstC.05x0625.nc4
1796.257,hit,false,0.000,12,152.126,120,GEOS_0.5x0.625/MERRA2/2019/07/MERRA2.20190701.A3mstC.05x0625.nc4
1796.292,hit,false,0.000,12,152.161,120,GEOS_0.5x0.625/MERRA2/2019/07/MERRA2.20190701.A3mstC.05x0625.nc4
1796.319,hit,false,0.000,12,152.188,120,GEOS_0.5x0.625/MERRA2/2019/07/MERRA2.20190701.A3mstC.05x0625.nc4
1796.351,hit,false,0.000,12,152.220,120,GEOS_0.5x0.625/MERRA2/2019/07/MERRA2.20190701.A3mstC.05x0625.nc4
1796.388,hit,false,0.000,12,152.254,121,GEOS_0.5x0.625/MERRA2/2019/07/MERRA2.20190701.A3mstC.05x0625.nc4
1796.424,hit,false,0.000,12,152.290,121,GEOS_0.5x0.625/MERRA2/2019/07/MERRA2.20190701.A3mstC.05x0625.nc4
1796.451,hit,false,0.000,12,152.317,121,GEOS_0.5x0.625/MERRA2/2019/07/MERRA2.20190701.A3mstC.05x0625.nc4
1796.488,hit,false,0.000,12,152.354,121,GEOS_0.5x0.625/MERRA2/2019/07/MERRA2.20190701.A3mstC.05x0625.nc4
1796.516,hit,false,0.000,12,152.382,121,GEOS_0.5x0.625/MERRA2/2019/07/MERRA2.20190701.A3mstC.05x0625.nc4
1796.547,hit,false,0.000,12,152.413,121,GEOS_0.5x0.625/MERRA2/2019/07/MERRA2.20190701.A3mstC.05x0625.nc4
1796.659,hit,false,0.000,12,152.525,121,GEOS_0.5x0.625/MERRA2/2019/07/MERRA2.20190701.A3mstC.05x0625.nc4
1796.685,hit,false,0.000,12,152.551,121,GEOS_0.5x0.625/MERRA2/2019/07/MERRA2.20190701.A3mstC.05x0625.nc4
1796.719,hit,false,0.000,12,152.584,122,GEOS_0.5x0.625/MERRA2/2019/07/MERRA2.20190701.A3mstC.05x0625.nc4
1796.744,hit,false,0.000,12,152.609,122,GEOS_0.5x0.625/MERRA2/2019/07/MERRA2.20190701.A3mstC.05x0625.nc4
1796.790,hit,false,0.000,11,152.654,122,GEOS_0.5x0.625/MERRA2/2019/07/MERRA2.20190701.A3mstC.05x0625.nc4
1796.814,hit,false,0.000,11,152.678,122,GEOS_0.5x0.625/MERRA2/2019/07/MERRA2.20190701.A3mstC.05x0625.nc4
1796.850,hit,false,0.000,11,152.714,122,GEOS_0.5x0.625/MERRA2/2019/07/MERRA2.20190701.A3mstC.05x0625.nc4
1796.896,hit,false,0.000,11,152.760,122,GEOS_0.5x0.625/MERRA2/2019/07/MERRA2.20190701.A3mstC.05x0625.nc4
1796.927,hit,false,0.000,11,152.792,122,GEOS_0.5x0.625/MERRA2/2019/07/MERRA2.20190701.A3mstC.05x0625.nc4
1796.967,hit,false,0.000,11,152.832,122,GEOS_0.5x0.625/MERRA2/2019/07/MERRA2.20190701.A3mstC.05x0625.nc4
1796.999,hit,false,0.000,11,152.862,123,GEOS_0.5x0.625/MERRA2/2019/07/MERRA2.20190701.A3mstC.05x0625.nc4
1797.034,hit,false,0.000,11,152.896,123,GEOS_0.5x0.625/MERRA2/2019/07/MERRA2.20190701.A3mstC.05x0625.nc4
1797.063,hit,false,0.000,11,152.925,123,GEOS_0.5x0.625/MERRA2/2019/07/MERRA2.20190701.A3mstC.05x0625.nc4
1797.094,hit,false,0.000,11,152.957,123,GEOS_0.5x0.625/MERRA2/2019/07/MERRA2.20190701.A3mstC.05x0625.nc4
1797.117,hit,false,0.000,11,152.980,123,GEOS_0.5x0.625/MERRA2/2019/07/MERRA2.20190701.A3mstC.05x0625.nc4
1797.154,hit,false,0.000,11,153.017,123,GEOS_0.5x0.625/MERRA2/2019/07/MERRA2.20190701.A3mstC.05x0625.nc4
1797.178,hit,false,0.000,11,153.040,123,GEOS_0.5x0.625/MERRA2/2019/07/MERRA2.20190701.A3mstC.05x0625.nc4
1797.209,hit,false,0.000,11,153.072,123,GEOS_0.5x0.625/MERRA2/2019/07/MERRA2.20190701.A3mstC.05x0625.nc4
1797.234,hit,false,0.000,11,153.095,124,GEOS_0.5x0.625/MERRA2/2019/07/MERRA2.20190701.A3mstC.05x0625.nc4
1797.269,hit,false,0.000,11,153.130,124,GEOS_0.5x0.625/MERRA2/2019/07/MERRA2.20190701.A3mstC.05x0625.nc4
1797.303,hit,false,0.000,11,153.164,124,GEOS_0.5x0.625/MERRA2/2019/07/MERRA2.20190701.A3mstC.05x0625.nc4
1797.331,hit,false,0.000,11,153.193,124,GEOS_0.5x0.625/MERRA2/2019/07/MERRA2.20190701.A3mstC.05x0625.nc4
1797.361,hit,false,0.000,11,153.222,124,GEOS_0.5x0.625/MERRA2/2019/07/MERRA2.20190701.A3mstC.05x0625.nc4
1797.391,hit,false,0.000,11,153.252,124,GEOS_0.5x0.625/MERRA2/2019/07/MERRA2.20190701.A3mstC.05x0625.nc4
1797.422,hit,false,0.000,11,153.283,124,GEOS_0.5x0.625/MERRA2/2019/07/MERRA2.20190701.A3mstC.05x0625.nc4
1797.451,hit,false,0.000,11,153.312,124,GEOS_0.5x0.625/MERRA2/2019/07/MERRA2.20190701.A3mstC.05x0625.nc4
1797.483,hit,false,0.000,11,153.342,125,GEOS_0.5x0.625/MERRA2/2019/07/MERRA2.20190701.A3mstC.05x0625.nc4
1797.514,hit,false,0.000,11,153.373,125,GEOS_0.5x0.625/MERRA2/2019/07/MERRA2.20190701.A3mstC.05x0625.nc4
1797.542,hit,false,0.000,11,153.401,125,GEOS_0.5x0.625/MERRA2/2019/07/MERRA2.20190701.A3mstC.05x0625.nc4
1797.572,hit,false,0.000,11,153.431,125,GEOS_0.5x0.625/MERRA2/2019/07/MERRA2.20190701.A3mstC.05x0625.nc4
1797.597,hit,false,0.000,11,153.456,125,GEOS_0.5x0.625/MERRA2/2019/07/MERRA2.20190701.A3mstC.05x0625.nc4
1797.626,hit,false,0.000,11,153.485,125,GEOS_0.5x0.625/MERRA2/2019/07/MERRA2.20190701.A3mstC.05x0625.nc4
1797.654,hit,false,0.000,11,153.514,125,GEOS_0.5x0.625/MERRA2/2019/07/MERRA2.20190701.A3mstC.05x0625.nc4
1797.672,hit,false,0.000,11,153.531,125,GEOS_0.5x0.625/MERRA2/2019/07/MERRA2.20190701.A3mstC.05x0625.nc4
1797.721,hit,false,0.000,11,153.578,126,GEOS_0.5x0.625/MERRA2/2019/07/MERRA2.20190701.A3mstC.05x0625.nc4
1797.746,hit,false,0.000,11,153.604,126,GEOS_0.5x0.625/MERRA2/2019/07/MERRA2.20190701.A3mstC.05x0625.nc4
1797.783,hit,false,0.000,11,153.640,126,GEOS_0.5x0.625/MERRA2/2019/07/MERRA2.20190701.A3mstC.05x0625.nc4
1797.807,hit,false,0.000,11,153.664,126,GEOS_0.5x0.625/MERRA2/2019/07/MERRA2.20190701.A3mstC.05x0625.nc4
1797.840,hit,false,0.000,11,153.697,126,GEOS_0.5x0.625/MERRA2/2019/07/MERRA2.20190701.A3mstC.05x0625.nc4
1797.865,hit,false,0.000,11,153.723,126,GEOS_0.5x0.625/MERRA2/2019/07/MERRA2.20190701.A3mstC.05x0625.nc4
1797.896,hit,false,0.000,11,153.754,126,GEOS_0.5x0.625/MERRA2/2019/07/MERRA2.20190701.A3mstC.05x0625.nc4
1797.926,hit,false,0.000,11,153.784,126,GEOS_0.5x0.625/MERRA2/2019/07/MERRA2.20190701.A3mstC.05x0625.nc4
1797.956,hit,false,0.000,11,153.812,127,GEOS_0.5x0.625/MERRA2/2019/07/MERRA2.20190701.A3mstC.05x0625.nc4
1797.987,hit,false,0.000,11,153.843,127,GEOS_0.5x0.625/MERRA2/2019/07/MERRA2.20190701.A3mstC.05x0625.nc4
1798.012,hit,false,0.000,11,153.868,127,GEOS_0.5x0.625/MERRA2/2019/07/MERRA2.20190701.A3mstC.05x0625.nc4
1798.046,hit,false,0.000,11,153.902,127,GEOS_0.5x0.625/MERRA2/2019/07/MERRA2.20190701.A3mstC.05x0625.nc4
1798.070,hit,false,0.000,11,153.927,127,GEOS_0.5x0.625/MERRA2/2019/07/MERRA2.20190701.A3mstC.05x0625.nc4
1798.104,hit,false,0.000,11,153.960,127,GEOS_0.5x0.625/MERRA2/2019/07/MERRA2.20190701.A3mstC.05x0625.nc4
1798.130,hit,false,0.000,11,153.986,127,GEOS_0.5x0.625/MERRA2/2019/07/MERRA2.20190701.A3mstC.05x0625.nc4
1798.163,hit,false,0.000,11,154.019,127,GEOS_0.5x0.625/MERRA2/2019/07/MERRA2.20190701.A3mstC.05x0625.nc4
1798.188,hit,false,0.000,11,151.718,128,GEOS_0.5x0.625/MERRA2/2019/07/MERRA2.20190701.A3mstC.05x0625.nc4
1798.314,hit,false,0.000,11,151.844,128,GEOS_0.5x0.625/MERRA2/2019/07/MERRA2.20190701.A3mstC.05x0625.nc4
1798.374,hit,false,0.000,11,151.903,128,GEOS_0.5x0.625/MERRA2/2019/07/MERRA2.20190701.A3mstC.05x0625.nc4
1798.395,hit,false,0.000,11,151.925,128,GEOS_0.5x0.625/MERRA2/2019/07/MERRA2.20190701.A3mstC.05x0625.nc4
1798.441,hit,false,0.000,11,151.970,128,GEOS_0.5x0.625/MERRA2/2019/07/MERRA2.20190701.A3mstC.05x0625.nc4
1798.466,hit,false,0.000,11,151.995,128,GEOS_0.5x0.625/MERRA2/2019/07/MERRA2.20190701.A3mstC.05x0625.nc4
1798.500,hit,false,0.000,11,152.030,128,GEOS_0.5x0.625/MERRA2/2019/07/MERRA2.20190701.A3mstC.05x0625.nc4
1798.527,hit,false,0.000,11,152.056,128,GEOS_0.5x0.625/MERRA2/2019/07/MERRA2.20190701.A3mstC.05x0625.nc4
1798.558,hit,false,0.000,11,152.068,129,GEOS_0.5x0.625/MERRA2/2019/07/MERRA2.20190701.A3mstC.05x0625.nc4
1798.587,hit,false,0.000,11,152.097,129,GEOS_0.5x0.625/MERRA2/2019/07/MERRA2.20190701.A3mstC.05x0625.nc4
1798.621,hit,false,0.000,11,152.131,129,GEOS_0.5x0.625/MERRA2/2019/07/MERRA2.20190701.A3mstC.05x0625.nc4
1798.650,hit,false,0.000,11,152.160,129,GEOS_0.5x0.625/MERRA2/2019/07/MERRA2.20190701.A3mstC.05x0625.nc4
1798.686,hit,false,0.000,11,152.196,129,GEOS_0.5x0.625/MERRA2/2019/07/MERRA2.20190701.A3mstC.05x0625.nc4
1798.793,hit,false,0.000,11,152.303,129,GEOS_0.5x0.625/MERRA2/2019/07/MERRA2.20190701.A3mstC.05x0625.nc4
1798.817,hit,false,0.000,11,152.327,129,GEOS_0.5x0.625/MERRA2/2019/07/MERRA2.20190701.A3mstC.05x0625.nc4
1798.850,hit,false,0.000,11,152.359,129,GEOS_0.5x0.625/MERRA2/2019/07/MERRA2.20190701.A3mstC.05x0625.nc4
1798.874,hit,false,0.000,11,152.382,130,GEOS_0.5x0.625/MERRA2/2019/07/MERRA2.20190701.A3mstC.05x0625.nc4
1798.910,hit,false,0.000,11,152.419,130,GEOS_0.5x0.625/MERRA2/2019/07/MERRA2.20190701.A3mstC.05x0625.nc4
1798.934,hit,false,0.000,11,152.442,130,GEOS_0.5x0.625/MERRA2/2019/07/MERRA2.20190701.A3mstC.05x0625.nc4
1798.963,hit,false,0.000,11,152.472,130,GEOS_0.5x0.625/MERRA2/2019/07/MERRA2.20190701.A3mstC.05x0625.nc4
1798.989,hit,false,0.000,11,152.498,130,GEOS_0.5x0.625/MERRA2/2019/07/MERRA2.20190701.A3mstC.05x0625.nc4
1799.018,hit,false,0.000,11,152.527,130,GEOS_0.5x0.625/MERRA2/2019/07/MERRA2.20190701.A3mstC.05x0625.nc4
1799.044,hit,false,0.000,11,152.552,130,GEOS_0.5x0.625/MERRA2/2019/07/MERRA2.20190701.A3mstC.05x0625.nc4
1799.074,hit,false,0.000,11,152.582,130,GEOS_0.5x0.625/MERRA2/2019/07/MERRA2.20190701.A3mstC.05x0625.nc4
1799.106,hit,false,0.000,11,152.613,131,GEOS_0.5x0.625/MERRA2/2019/07/MERRA2.20190701.A3mstC.05x0625.nc4
1799.131,hit,false,0.000,11,152.638,131,GEOS_0.5x0.625/MERRA2/2019/07/MERRA2.20190701.A3mstC.05x0625.nc4
1799.163,hit,false,0.000,11,152.670,131,GEOS_0.5x0.625/MERRA2/2019/07/MERRA2.20190701.A3mstC.05x0625.nc4
1799.190,hit,false,0.000,11,152.697,131,GEOS_0.5x0.625/MERRA2/2019/07/MERRA2.20190701.A3mstC.05x0625.nc4
1799.218,hit,false,0.000,11,152.725,131,GEOS_0.5x0.625/MERRA2/2019/07/MERRA2.20190701.A3mstC.05x0625.nc4
1799.254,hit,false,0.000,11,152.761,131,GEOS_0.5x0.625/MERRA2/2019/07/MERRA2.20190701.A3mstC.05x0625.nc4
1799.285,hit,false,0.000,11,152.792,131,GEOS_0.5x0.625/MERRA2/2019/07/MERRA2.20190701.A3mstC.05x0625.nc4
1799.309,hit,false,0.000,11,152.816,131,GEOS_0.5x0.625/MERRA2/2019/07/MERRA2.20190701.A3mstC.05x0625.nc4
1799.343,hit,false,0.000,11,152.848,132,GEOS_0.5x0.625/MERRA2/2019/07/MERRA2.20190701.A3mstC.05x0625.nc4
1799.372,hit,false,0.000,11,152.877,132,GEOS_0.5x0.625/MERRA2/2019/07/MERRA2.20190701.A3mstC.05x0625.nc4
1799.401,hit,false,0.000,11,152.906,132,GEOS_0.5x0.625/MERRA2/2019/07/MERRA2.20190701.A3mstC.05x0625.nc4
1799.426,hit,false,0.000,11,152.931,132,GEOS_0.5x0.625/MERRA2/2019/07/MERRA2.20190701.A3mstC.05x0625.nc4
1799.460,hit,false,0.000,11,152.965,132,GEOS_0.5x0.625/MERRA2/2019/07/MERRA2.20190701.A3mstC.05x0625.nc4
1799.486,hit,false,0.000,11,152.991,132,GEOS_0.5x0.625/MERRA2/2019/07/MERRA2.20190701.A3mstC.05x0625.nc4
1799.516,hit,false,0.000,11,153.021,132,GEOS_0.5x0.625/MERRA2/2019/07/MERRA2.20190701.A3mstC.05x0625.nc4
1799.548,hit,false,0.000,11,153.053,132,GEOS_0.5x0.625/MERRA2/2019/07/MERRA2.20190701.A3mstC.05x0625.nc4
1799.572,hit,false,0.000,11,153.075,133,GEOS_0.5x0.625/MERRA2/2019/07/MERRA2.20190701.A3mstC.05x0625.nc4
1799.611,hit,false,0.000,11,153.115,133,GEOS_0.5x0.625/MERRA2/2019/07/MERRA2.20190701.A3mstC.05x0625.nc4
1799.634,hit,false,0.000,11,153.138,133,GEOS_0.5x0.625/MERRA2/2019/07/MERRA2.20190701.A3mstC.05x0625.nc4
1799.673,hit,false,0.000,11,153.177,133,GEOS_0.5x0.625/MERRA2/2019/07/MERRA2.20190701.A3mstC.05x0625.nc4
1799.700,hit,false,0.000,11,153.204,133,GEOS_0.5x0.625/MERRA2/2019/07/MERRA2.20190701.A3mstC.05x0625.nc4
1799.729,hit,false,0.000,11,153.233,133,GEOS_0.5x0.625/MERRA2/2019/07/MERRA2.20190701.A3mstC.05x0625.nc4
1799.761,hit,false,0.000,11,153.265,133,GEOS_0.5x0.625/MERRA2/2019/07/MERRA2.20190701.A3mstC.05x0625.nc4
1799.786,hit,false,0.000,11,153.289,133,GEOS_0.5x0.625/MERRA2/2019/07/MERRA2.20190701.A3mstC.05x0625.nc4
1799.818,hit,false,0.000,11,153.320,134,GEOS_0.5x0.625/MERRA2/2019/07/MERRA2.20190701.A3mstC.05x0625.nc4
1799.845,hit,false,0.000,11,153.346,134,GEOS_0.5x0.625/MERRA2/2019/07/MERRA2.20190701.A3mstC.05x0625.nc4
1799.877,hit,false,0.000,11,153.379,134,GEOS_0.5x0.625/MERRA2/2019/07/MERRA2.20190701.A3mstC.05x0625.nc4
1799.903,hit,false,0.000,11,153.404,134,GEOS_0.5x0.625/MERRA2/2019/07/MERRA2.20190701.A3mstC.05x0625.nc4
1799.932,hit,false,0.000,11,153.433,134,GEOS_0.5x0.625/MERRA2/2019/07/MERRA2.20190701.A3mstC.05x0625.nc4
1799.957,hit,false,0.000,11,153.459,134,GEOS_0.5x0.625/MERRA2/2019/07/MERRA2.20190701.A3mstC.05x0625.nc4
1799.988,hit,false,0.000,11,153.489,134,GEOS_0.5x0.625/MERRA2/2019/07/MERRA2.20190701.A3mstC.05x0625.nc4
1800.012,hit,false,0.000,11,153.514,134,GEOS_0.5x0.625/MERRA2/2019/07/MERRA2.20190701.A3mstC.05x0625.nc4
1800.044,hit,false,0.000,11,153.544,135,GEOS_0.5x0.625/MERRA2/2019/07/MERRA2.20190701.A3mstC.05x0625.nc4
1800.072,hit,false,0.000,11,153.573,135,GEOS_0.5x0.625/MERRA2/2019/07/MERRA2.20190701.A3mstC.05x0625.nc4
1800.103,hit,false,0.000,11,153.603,135,GEOS_0.5x0.625/MERRA2/2019/07/MERRA2.20190701.A3mstC.05x0625.nc4
1800.127,hit,false,0.000,11,153.627,135,GEOS_0.5x0.625/MERRA2/2019/07/MERRA2.20190701.A3mstC.05x0625.nc4
1800.168,hit,false,0.000,11,153.668,135,GEOS_0.5x0.625/MERRA2/2019/07/MERRA2.20190701.A3mstC.05x0625.nc4
1800.190,hit,false,0.000,11,153.690,135,GEOS_0.5x0.625/MERRA2/2019/07/MERRA2.20190701.A3mstC.05x0625.nc4
1800.231,hit,false,0.000,11,153.731,135,GEOS_0.5x0.625/MERRA2/2019/07/MERRA2.20190701.A3mstC.05x0625.nc4
1800.255,hit,false,0.000,11,153.755,135,GEOS_0.5x0.625/MERRA2/2019/07/MERRA2.20190701.A3mstC.05x0625.nc4
1800.290,hit,false,0.000,11,153.810,136,GEOS_0.5x0.625/MERRA2/2019/07/MERRA2.20190701.A3mstC.05x0625.nc4
1800.316,hit,false,0.000,11,153.836,136,GEOS_0.5x0.625/MERRA2/2019/07/MERRA2.20190701.A3mstC.05x0625.nc4
1800.362,hit,false,0.000,11,153.882,136,GEOS_0.5x0.625/MERRA2/2019/07/MERRA2.20190701.A3mstC.05x0625.nc4
1800.384,hit,false,0.000,11,153.904,136,GEOS_0.5x0.625/MERRA2/2019/07/MERRA2.20190701.A3mstC.05x0625.nc4
1800.425,hit,false,0.000,11,153.945,136,GEOS_0.5x0.625/MERRA2/2019/07/MERRA2.20190701.A3mstC.05x0625.nc4
1800.449,hit,false,0.000,11,153.969,136,GEOS_0.5x0.625/MERRA2/2019/07/MERRA2.20190701.A3mstC.05x0625.nc4
1800.483,hit,false,0.000,11,154.002,136,GEOS_0.5x0.625/MERRA2/2019/07/MERRA2.20190701.A3mstC.05x0625.nc4
1800.509,hit,false,0.000,11,154.028,136,GEOS_0.5x0.625/MERRA2/2019/07/MERRA2.20190701.A3mstC.05x0625.nc4
1800.541,hit,false,0.000,11,154.039,137,GEOS_0.5x0.625/MERRA2/2019/07/MERRA2.20190701.A3mstC.05x0625.nc4
1800.569,hit,false,0.000,11,154.068,137,GEOS_0.5x0.625/MERRA2/2019/07/MERRA2.20190701.A3mstC.05x0625.nc4
1800.600,hit,false,0.000,11,154.098,137,GEOS_0.5x0.625/MERRA2/2019/07/MERRA2.20190701.A3mstC.05x0625.nc4
1800.631,hit,false,0.000,11,154.129,137,GEOS_0.5x0.625/MERRA2/2019/07/MERRA2.20190701.A3mstC.05x0625.nc4
1800.737,hit,false,0.000,11,154.235,137,GEOS_0.5x0.625/MERRA2/2019/07/MERRA2.20190701.A3mstC.05x0625.nc4
1800.759,hit,false,0.000,11,154.258,137,GEOS_0.5x0.625/MERRA2/2019/07/MERRA2.20190701.A3mstC.05x0625.nc4
1800.798,hit,false,0.000,11,154.296,137,GEOS_0.5x0.625/MERRA2/2019/07/MERRA2.20190701.A3mstC.05x0625.nc4
1800.820,hit,false,0.000,11,154.319,137,GEOS_0.5x0.625/MERRA2/2019/07/MERRA2.20190701.A3mstC.05x0625.nc4
1800.855,hit,false,0.000,11,154.351,138,GEOS_0.5x0.625/MERRA2/2019/07/MERRA2.20190701.A3mstC.05x0625.nc4
1800.883,hit,false,0.000,11,154.379,138,GEOS_0.5x0.625/MERRA2/2019/07/MERRA2.20190701.A3mstC.05x0625.nc4
1800.918,hit,false,0.000,11,154.415,138,GEOS_0.5x0.625/MERRA2/2019/07/MERRA2.20190701.A3mstC.05x0625.nc4
1800.942,hit,false,0.000,11,154.438,138,GEOS_0.5x0.625/MERRA2/2019/07/MERRA2.20190701.A3mstC.05x0625.nc4
1800.976,hit,false,0.000,11,154.472,138,GEOS_0.5x0.625/MERRA2/2019/07/MERRA2.20190701.A3mstC.05x0625.nc4
1801.000,hit,false,0.000,11,154.496,138,GEOS_0.5x0.625/MERRA2/2019/07/MERRA2.20190701.A3mstC.05x0625.nc4
1801.033,hit,false,0.000,11,154.529,138,GEOS_0.5x0.625/MERRA2/2019/07/MERRA2.20190701.A3mstC.05x0625.nc4
1801.057,hit,false,0.000,11,154.553,138,GEOS_0.5x0.625/MERRA2/2019/07/MERRA2.20190701.A3mstC.05x0625.nc4
1801.089,hit,false,0.000,11,154.584,139,GEOS_0.5x0.625/MERRA2/2019/07/MERRA2.20190701.A3mstC.05x0625.nc4
1801.120,hit,false,0.000,11,154.615,139,GEOS_0.5x0.625/MERRA2/2019/07/MERRA2.20190701.A3mstC.05x0625.nc4
1801.150,hit,false,0.000,11,154.645,139,GEOS_0.5x0.625/MERRA2/2019/07/MERRA2.20190701.A3mstC.05x0625.nc4
1801.180,hit,false,0.000,11,154.675,139,GEOS_0.5x0.625/MERRA2/2019/07/MERRA2.20190701.A3mstC.05x0625.nc4
1801.210,hit,false,0.000,11,154.705,139,GEOS_0.5x0.625/MERRA2/2019/07/MERRA2.20190701.A3mstC.05x0625.nc4
1801.239,hit,false,0.000,11,154.734,139,GEOS_0.5x0.625/MERRA2/2019/07/MERRA2.20190701.A3mstC.05x0625.nc4
1801.270,hit,false,0.000,11,154.765,139,GEOS_0.5x0.625/MERRA2/2019/07/MERRA2.20190701.A3mstC.05x0625.nc4
1801.299,hit,false,0.000,11,154.794,139,GEOS_0.5x0.625/MERRA2/2019/07/MERRA2.20190701.A3mstC.05x0625.nc4
1801.329,hit,false,0.000,11,154.806,140,GEOS_0.5x0.625/MERRA2/2019/07/MERRA2.20190701.A3mstC.05x0625.nc4
1801.356,hit,false,0.000,11,154.832,140,GEOS_0.5x0.625/MERRA2/2019/07/MERRA2.20190701.A3mstC.05x0625.nc4
1801.389,hit,false,0.000,11,154.865,140,GEOS_0.5x0.625/MERRA2/2019/07/MERRA2.20190701.A3mstC.05x0625.nc4
1801.415,hit,false,0.000,11,154.891,140,GEOS_0.5x0.625/MERRA2/2019/07/MERRA2.20190701.A3mstC.05x0625.nc4
1801.446,hit,false,0.000,11,154.923,140,GEOS_0.5x0.625/MERRA2/2019/07/MERRA2.20190701.A3mstC.05x0625.nc4
1801.471,hit,false,0.000,11,154.948,140,GEOS_0.5x0.625/MERRA2/2019/07/MERRA2.20190701.A3mstC.05x0625.nc4
1801.504,hit,false,0.000,11,154.980,140,GEOS_0.5x0.625/MERRA2/2019/07/MERRA2.20190701.A3mstC.05x0625.nc4
1801.527,hit,false,0.000,11,155.004,140,GEOS_0.5x0.625/MERRA2/2019/07/MERRA2.20190701.A3mstC.05x0625.nc4
1801.563,hit,false,0.000,11,155.038,141,GEOS_0.5x0.625/MERRA2/2019/07/MERRA2.20190701.A3mstC.05x0625.nc4
1801.588,hit,false,0.000,11,155.063,141,GEOS_0.5x0.625/MERRA2/2019/07/MERRA2.20190701.A3mstC.05x0625.nc4
1801.628,hit,false,0.000,11,155.103,141,GEOS_0.5x0.625/MERRA2/2019/07/MERRA2.20190701.A3mstC.05x0625.nc4
1801.652,hit,false,0.000,11,155.127,141,GEOS_0.5x0.625/MERRA2/2019/07/MERRA2.20190701.A3mstC.05x0625.nc4
1801.683,hit,false,0.000,11,155.158,141,GEOS_0.5x0.625/MERRA2/2019/07/MERRA2.20190701.A3mstC.05x0625.nc4
1801.709,hit,false,0.000,11,155.184,141,GEOS_0.5x0.625/MERRA2/2019/07/MERRA2.20190701.A3mstC.05x0625.nc4
1801.739,hit,false,0.000,11,155.214,141,GEOS_0.5x0.625/MERRA2/2019/07/MERRA2.20190701.A3mstC.05x0625.nc4
1801.763,hit,false,0.000,11,155.238,141,GEOS_0.5x0.625/MERRA2/2019/07/MERRA2.20190701.A3mstC.05x0625.nc4
1801.794,hit,false,0.000,11,155.268,142,GEOS_0.5x0.625/MERRA2/2019/07/MERRA2.20190701.A3mstC.05x0625.nc4
1801.822,hit,false,0.000,11,155.295,142,GEOS_0.5x0.625/MERRA2/2019/07/MERRA2.20190701.A3mstC.05x0625.nc4
1801.854,hit,false,0.000,11,155.327,142,GEOS_0.5x0.625/MERRA2/2019/07/MERRA2.20190701.A3mstC.05x0625.nc4
1801.878,hit,false,0.000,11,155.352,142,GEOS_0.5x0.625/MERRA2/2019/07/MERRA2.20190701.A3mstC.05x0625.nc4
1801.909,hit,false,0.000,11,155.383,142,GEOS_0.5x0.625/MERRA2/2019/07/MERRA2.20190701.A3mstC.05x0625.nc4
1801.933,hit,false,0.000,11,155.406,142,GEOS_0.5x0.625/MERRA2/2019/07/MERRA2.20190701.A3mstC.05x0625.nc4
1801.967,hit,false,0.000,11,155.441,142,GEOS_0.5x0.625/MERRA2/2019/07/MERRA2.20190701.A3mstC.05x0625.nc4
1801.990,hit,false,0.000,11,155.463,142,GEOS_0.5x0.625/MERRA2/2019/07/MERRA2.20190701.A3mstC.05x0625.nc4
1802.025,hit,false,0.000,11,155.497,143,GEOS_0.5x0.625/MERRA2/2019/07/MERRA2.20190701.A3mstC.05x0625.nc4
1802.052,hit,false,0.000,11,155.523,143,GEOS_0.5x0.625/MERRA2/2019/07/MERRA2.20190701.A3mstC.05x0625.nc4
1802.083,hit,false,0.000,11,155.555,143,GEOS_0.5x0.625/MERRA2/2019/07/MERRA2.20190701.A3mstC.05x0625.nc4
1802.107,hit,false,0.000,11,155.578,143,GEOS_0.5x0.625/MERRA2/2019/07/MERRA2.20190701.A3mstC.05x0625.nc4
1802.143,hit,false,0.000,11,155.614,143,GEOS_0.5x0.625/MERRA2/2019/07/MERRA2.20190701.A3mstC.05x0625.nc4
1802.167,hit,false,0.000,11,155.638,143,GEOS_0.5x0.625/MERRA2/2019/07/MERRA2.20190701.A3mstC.05x0625.nc4
1802.203,hit,false,0.000,11,155.675,143,GEOS_0.5x0.625/MERRA2/2019/07/MERRA2.20190701.A3mstC.05x0625.nc4
1802.227,hit,false,0.000,11,155.698,143,GEOS_0.5x0.625/MERRA2/2019/07/MERRA2.20190701.A3mstC.05x0625.nc4
1802.257,hit,false,0.000,11,155.774,144,GEOS_0.5x0.625/MERRA2/2019/07/MERRA2.20190701.A3mstC.05x0625.nc4
1802.286,hit,false,0.000,11,155.802,144,GEOS_0.5x0.625/MERRA2/2019/07/MERRA2.20190701.A3mstC.05x0625.nc4
1802.338,hit,false,0.000,11,155.854,144,GEOS_0.5x0.625/MERRA2/2019/07/MERRA2.20190701.A3mstC.05x0625.nc4
1802.361,hit,false,0.000,11,155.877,144,GEOS_0.5x0.625/MERRA2/2019/07/MERRA2.20190701.A3mstC.05x0625.nc4
1802.393,hit,false,0.000,11,155.910,144,GEOS_0.5x0.625/MERRA2/2019/07/MERRA2.20190701.A3mstC.05x0625.nc4
1802.420,hit,false,0.000,11,155.936,144,GEOS_0.5x0.625/MERRA2/2019/07/MERRA2.20190701.A3mstC.05x0625.nc4
1802.452,hit,false,0.000,11,155.968,144,GEOS_0.5x0.625/MERRA2/2019/07/MERRA2.20190701.A3mstC.05x0625.nc4
1802.478,hit,false,0.000,11,155.994,144,GEOS_0.5x0.625/MERRA2/2019/07/MERRA2.20190701.A3mstC.05x0625.nc4
1802.508,hit,false,0.000,11,155.933,145,GEOS_0.5x0.625/MERRA2/2019/07/MERRA2.20190701.A3mstC.05x0625.nc4
1802.545,hit,false,0.000,11,155.970,145,GEOS_0.5x0.625/MERRA2/2019/07/MERRA2.20190701.A3mstC.05x0625.nc4
1802.569,hit,false,0.000,11,155.995,145,GEOS_0.5x0.625/MERRA2/2019/07/MERRA2.20190701.A3mstC.05x0625.nc4
1802.682,hit,false,0.000,11,156.107,145,GEOS_0.5x0.625/MERRA2/2019/07/MERRA2.20190701.A3mstC.05x0625.nc4
1802.706,hit,false,0.000,11,156.131,145,GEOS_0.5x0.625/MERRA2/2019/07/MERRA2.20190701.A3mstC.05x0625.nc4
1802.738,hit,false,0.000,11,156.163,145,GEOS_0.5x0.625/MERRA2/2019/07/MERRA2.20190701.A3mstC.05x0625.nc4
1802.764,hit,false,0.000,11,156.189,145,GEOS_0.5x0.625/MERRA2/2019/07/MERRA2.20190701.A3mstC.05x0625.nc4
1802.793,hit,false,0.000,11,156.218,145,GEOS_0.5x0.625/MERRA2/2019/07/MERRA2.20190701.A3mstC.05x0625.nc4
1802.817,hit,false,0.000,11,156.240,146,GEOS_0.5x0.625/MERRA2/2019/07/MERRA2.20190701.A3mstC.05x0625.nc4
1802.854,hit,false,0.000,11,156.277,146,GEOS_0.5x0.625/MERRA2/2019/07/MERRA2.20190701.A3mstC.05x0625.nc4
1802.878,hit,false,0.000,11,156.301,146,GEOS_0.5x0.625/MERRA2/2019/07/MERRA2.20190701.A3mstC.05x0625.nc4
1802.915,hit,false,0.000,11,156.338,146,GEOS_0.5x0.625/MERRA2/2019/07/MERRA2.20190701.A3mstC.05x0625.nc4
1802.937,hit,false,0.000,11,156.360,146,GEOS_0.5x0.625/MERRA2/2019/07/MERRA2.20190701.A3mstC.05x0625.nc4
1802.971,hit,false,0.000,11,156.394,146,GEOS_0.5x0.625/MERRA2/2019/07/MERRA2.20190701.A3mstC.05x0625.nc4
1802.996,hit,false,0.000,11,156.419,146,GEOS_0.5x0.625/MERRA2/2019/07/MERRA2.20190701.A3mstC.05x0625.nc4
1803.025,hit,false,0.000,11,156.448,146,GEOS_0.5x0.625/MERRA2/2019/07/MERRA2.20190701.A3mstC.05x0625.nc4
1803.051,hit,false,0.000,11,156.471,147,GEOS_0.5x0.625/MERRA2/2019/07/MERRA2.20190701.A3mstC.05x0625.nc4
1803.082,hit,false,0.000,11,156.502,147,GEOS_0.5x0.625/MERRA2/2019/07/MERRA2.20190701.A3mstC.05x0625.nc4
1803.120,hit,false,0.000,11,156.540,147,GEOS_0.5x0.625/MERRA2/2019/07/MERRA2.20190701.A3mstC.05x0625.nc4
1803.152,hit,false,0.000,11,156.573,147,GEOS_0.5x0.625/MERRA2/2019/07/MERRA2.20190701.A3mstC.05x0625.nc4
1803.182,hit,false,0.000,11,156.602,147,GEOS_0.5x0.625/MERRA2/2019/07/MERRA2.20190701.A3mstC.05x0625.nc4
1803.215,hit,false,0.000,11,156.636,147,GEOS_0.5x0.625/MERRA2/2019/07/MERRA2.20190701.A3mstC.05x0625.nc4
1803.249,hit,false,0.000,11,156.669,147,GEOS_0.5x0.625/MERRA2/2019/07/MERRA2.20190701.A3mstC.05x0625.nc4
1803.279,hit,false,0.000,11,156.700,147,GEOS_0.5x0.625/MERRA2/2019/07/MERRA2.20190701.A3mstC.05x0625.nc4
1803.303,hit,false,0.000,11,156.721,148,GEOS_0.5x0.625/MERRA2/2019/07/MERRA2.20190701.A3mstC.05x0625.nc4
1803.348,hit,false,0.000,11,156.767,148,GEOS_0.5x0.625/MERRA2/2019/07/MERRA2.20190701.A3mstC.05x0625.nc4
1803.371,hit,false,0.000,11,156.790,148,GEOS_0.5x0.625/MERRA2/2019/07/MERRA2.20190701.A3mstC.05x0625.nc4
1803.406,hit,false,0.000,11,156.824,148,GEOS_0.5x0.625/MERRA2/2019/07/MERRA2.20190701.A3mstC.05x0625.nc4
1803.433,hit,false,0.000,11,156.852,148,GEOS_0.5x0.625/MERRA2/2019/07/MERRA2.20190701.A3mstC.05x0625.nc4
1803.466,hit,false,0.000,11,156.885,148,GEOS_0.5x0.625/MERRA2/2019/07/MERRA2.20190701.A3mstC.05x0625.nc4
1803.499,hit,false,0.000,11,156.917,148,GEOS_0.5x0.625/MERRA2/2019/07/MERRA2.20190701.A3mstC.05x0625.nc4
1803.521,hit,false,0.000,11,156.940,148,GEOS_0.5x0.625/MERRA2/2019/07/MERRA2.20190701.A3mstC.05x0625.nc4
1803.559,hit,false,0.000,11,156.977,149,GEOS_0.5x0.625/MERRA2/2019/07/MERRA2.20190701.A3mstC.05x0625.nc4
1803.588,hit,false,0.000,11,157.005,149,GEOS_0.5x0.625/MERRA2/2019/07/MERRA2.20190701.A3mstC.05x0625.nc4
1803.621,hit,false,0.000,11,157.039,149,GEOS_0.5x0.625/MERRA2/2019/07/MERRA2.20190701.A3mstC.05x0625.nc4
1803.652,hit,false,0.000,11,157.070,149,GEOS_0.5x0.625/MERRA2/2019/07/MERRA2.20190701.A3mstC.05x0625.nc4
1803.682,hit,false,0.000,11,157.099,149,GEOS_0.5x0.625/MERRA2/2019/07/MERRA2.20190701.A3mstC.05x0625.nc4
1803.709,hit,false,0.000,11,157.127,149,GEOS_0.5x0.625/MERRA2/2019/07/MERRA2.20190701.A3mstC.05x0625.nc4
1803.740,hit,false,0.000,11,157.157,149,GEOS_0.5x0.625/MERRA2/2019/07/MERRA2.20190701.A3mstC.05x0625.nc4
1803.770,hit,false,0.000,11,157.187,149,GEOS_0.5x0.625/MERRA2/2019/07/MERRA2.20190701.A3mstC.05x0625.nc4
1803.800,hit,false,0.000,11,157.216,150,GEOS_0.5x0.625/MERRA2/2019/07/MERRA2.20190701.A3mstC.05x0625.nc4
1803.831,hit,false,0.000,11,157.247,150,GEOS_0.5x0.625/MERRA2/2019/07/MERRA2.20190701.A3mstC.05x0625.nc4
1803.863,hit,false,0.000,11,157.279,150,GEOS_0.5x0.625/MERRA2/2019/07/MERRA2.20190701.A3mstC.05x0625.nc4
1803.892,hit,false,0.000,11,157.307,150,GEOS_0.5x0.625/MERRA2/2019/07/MERRA2.20190701.A3mstC.05x0625.nc4
1803.923,hit,false,0.000,11,157.339,150,GEOS_0.5x0.625/MERRA2/2019/07/MERRA2.20190701.A3mstC.05x0625.nc4
1803.947,hit,false,0.000,11,157.362,150,GEOS_0.5x0.625/MERRA2/2019/07/MERRA2.20190701.A3mstC.05x0625.nc4
1803.978,hit,false,0.000,11,157.394,150,GEOS_0.5x0.625/MERRA2/2019/07/MERRA2.20190701.A3mstC.05x0625.nc4
1804.006,hit,false,0.000,11,157.421,150,GEOS_0.5x0.625/MERRA2/2019/07/MERRA2.20190701.A3mstC.05x0625.nc4
1804.038,hit,false,0.000,11,157.452,151,GEOS_0.5x0.625/MERRA2/2019/07/MERRA2.20190701.A3mstC.05x0625.nc4
1804.064,hit,false,0.000,11,157.478,151,GEOS_0.5x0.625/MERRA2/2019/07/MERRA2.20190701.A3mstC.05x0625.nc4
1804.098,hit,false,0.000,11,157.512,151,GEOS_0.5x0.625/MERRA2/2019/07/MERRA2.20190701.A3mstC.05x0625.nc4
1804.123,hit,false,0.000,11,157.537,151,GEOS_0.5x0.625/MERRA2/2019/07/MERRA2.20190701.A3mstC.05x0625.nc4
1804.155,hit,false,0.000,11,157.569,151,GEOS_0.5x0.625/MERRA2/2019/07/MERRA2.20190701.A3mstC.05x0625.nc4
1804.180,hit,false,0.000,11,157.594,151,GEOS_0.5x0.625/MERRA2/2019/07/MERRA2.20190701.A3mstC.05x0625.nc4
1804.212,hit,false,0.000,11,157.626,151,GEOS_0.5x0.625/MERRA2/2019/07/MERRA2.20190701.A3mstC.05x0625.nc4
1804.240,hit,false,0.000,11,157.654,151,GEOS_0.5x0.625/MERRA2/2019/07/MERRA2.20190701.A3mstC.05x0625.nc4
1804.272,hit,false,0.000,11,157.672,152,GEOS_0.5x0.625/MERRA2/2019/07/MERRA2.20190701.A3mstC.05x0625.nc4
1804.299,hit,false,0.000,11,157.699,152,GEOS_0.5x0.625/MERRA2/2019/07/MERRA2.20190701.A3mstC.05x0625.nc4
1804.348,hit,false,0.000,11,157.747,152,GEOS_0.5x0.625/MERRA2/2019/07/MERRA2.20190701.A3mstC.05x0625.nc4
1804.370,hit,false,0.000,11,157.769,152,GEOS_0.5x0.625/MERRA2/2019/07/MERRA2.20190701.A3mstC.05x0625.nc4
1804.405,hit,false,0.000,11,157.805,152,GEOS_0.5x0.625/MERRA2/2019/07/MERRA2.20190701.A3mstC.05x0625.nc4
1804.431,hit,false,0.000,11,157.831,152,GEOS_0.5x0.625/MERRA2/2019/07/MERRA2.20190701.A3mstC.05x0625.nc4
1804.472,hit,false,0.000,11,157.872,152,GEOS_0.5x0.625/MERRA2/2019/07/MERRA2.20190701.A3mstC.05x0625.nc4
1804.498,hit,false,0.000,11,157.898,152,GEOS_0.5x0.625/MERRA2/2019/07/MERRA2.20190701.A3mstC.05x0625.nc4
1804.530,hit,false,0.000,11,157.927,153,GEOS_0.5x0.625/MERRA2/2019/07/MERRA2.20190701.A3mstC.05x0625.nc4
1804.556,hit,false,0.000,11,157.953,153,GEOS_0.5x0.625/MERRA2/2019/07/MERRA2.20190701.A3mstC.05x0625.nc4
1804.669,hit,false,0.000,11,158.065,153,GEOS_0.5x0.625/MERRA2/2019/07/MERRA2.20190701.A3mstC.05x0625.nc4
1804.692,hit,false,0.000,11,158.088,153,GEOS_0.5x0.625/MERRA2/2019/07/MERRA2.20190701.A3mstC.05x0625.nc4
1804.728,hit,false,0.000,11,158.125,153,GEOS_0.5x0.625/MERRA2/2019/07/MERRA2.20190701.A3mstC.05x0625.nc4
1804.751,hit,false,0.000,11,158.148,153,GEOS_0.5x0.625/MERRA2/2019/07/MERRA2.20190701.A3mstC.05x0625.nc4
1804.787,hit,false,0.000,11,158.184,153,GEOS_0.5x0.625/MERRA2/2019/07/MERRA2.20190701.A3mstC.05x0625.nc4
1804.810,hit,false,0.000,11,158.207,153,GEOS_0.5x0.625/MERRA2/2019/07/MERRA2.20190701.A3mstC.05x0625.nc4
1804.842,uncovered,false,1.539,10,158.230,154,GEOS_0.5x0.625/MERRA2/2019/07/MERRA2.20190701.A3mstC.05x0625.nc4
1804.870,uncovered,false,1.513,10,158.257,154,GEOS_0.5x0.625/MERRA2/2019/07/MERRA2.20190701.A3mstC.05x0625.nc4
1806.456,hit,false,0.000,10,159.843,154,GEOS_0.5x0.625/MERRA2/2019/07/MERRA2.20190701.A3mstC.05x0625.nc4
1806.482,hit,false,0.000,10,159.869,154,GEOS_0.5x0.625/MERRA2/2019/07/MERRA2.20190701.A3mstC.05x0625.nc4
1806.514,hit,false,0.000,10,159.902,154,GEOS_0.5x0.625/MERRA2/2019/07/MERRA2.20190701.A3mstC.05x0625.nc4
1806.543,hit,false,0.000,10,159.930,154,GEOS_0.5x0.625/MERRA2/2019/07/MERRA2.20190701.A3mstC.05x0625.nc4
1806.573,hit,false,0.000,10,159.960,154,GEOS_0.5x0.625/MERRA2/2019/07/MERRA2.20190701.A3mstC.05x0625.nc4
1806.597,hit,false,0.000,10,159.985,154,GEOS_0.5x0.625/MERRA2/2019/07/MERRA2.20190701.A3mstC.05x0625.nc4
1806.626,uncovered,false,6.865,8,160.012,155,GEOS_0.5x0.625/MERRA2/2019/07/MERRA2.20190701.A3mstC.05x0625.nc4
1806.655,uncovered,false,6.831,8,160.041,155,GEOS_0.5x0.625/MERRA2/2019/07/MERRA2.20190701.A3mstC.05x0625.nc4
1813.561,hit,false,0.000,8,166.947,155,GEOS_0.5x0.625/MERRA2/2019/07/MERRA2.20190701.A3mstC.05x0625.nc4
1813.584,hit,false,0.000,8,166.970,155,GEOS_0.5x0.625/MERRA2/2019/07/MERRA2.20190701.A3mstC.05x0625.nc4
1813.626,hit,false,0.000,8,167.012,155,GEOS_0.5x0.625/MERRA2/2019/07/MERRA2.20190701.A3mstC.05x0625.nc4
1813.647,hit,false,0.000,8,167.033,155,GEOS_0.5x0.625/MERRA2/2019/07/MERRA2.20190701.A3mstC.05x0625.nc4
1813.685,hit,false,0.000,8,167.071,155,GEOS_0.5x0.625/MERRA2/2019/07/MERRA2.20190701.A3mstC.05x0625.nc4
1813.709,hit,false,0.000,8,167.095,155,GEOS_0.5x0.625/MERRA2/2019/07/MERRA2.20190701.A3mstC.05x0625.nc4
1813.743,uncovered,false,10.144,5,167.127,156,GEOS_0.5x0.625/MERRA2/2019/07/MERRA2.20190701.A3mstC.05x0625.nc4
1813.769,uncovered,false,10.106,5,167.153,156,GEOS_0.5x0.625/MERRA2/2019/07/MERRA2.20190701.A3mstC.05x0625.nc4
1823.989,hit,false,0.000,5,177.373,156,GEOS_0.5x0.625/MERRA2/2019/07/MERRA2.20190701.A3mstC.05x0625.nc4
1823.995,hit,false,0.000,5,177.379,156,GEOS_0.5x0.625/MERRA2/2019/07/MERRA2.20190701.A3mstC.05x0625.nc4
1824.067,hit,false,0.000,5,177.451,156,GEOS_0.5x0.625/MERRA2/2019/07/MERRA2.20190701.A3mstC.05x0625.nc4
1824.086,hit,false,0.000,5,177.470,156,GEOS_0.5x0.625/MERRA2/2019/07/MERRA2.20190701.A3mstC.05x0625.nc4
1824.135,hit,false,0.000,5,177.519,156,GEOS_0.5x0.625/MERRA2/2019/07/MERRA2.20190701.A3mstC.05x0625.nc4
1824.155,hit,false,0.000,5,177.540,156,GEOS_0.5x0.625/MERRA2/2019/07/MERRA2.20190701.A3mstC.05x0625.nc4
1824.194,uncovered,false,3.928,3,177.576,157,GEOS_0.5x0.625/MERRA2/2019/07/MERRA2.20190701.A3mstC.05x0625.nc4
1824.222,uncovered,false,3.837,3,177.604,157,GEOS_0.5x0.625/MERRA2/2019/07/MERRA2.20190701.A3mstC.05x0625.nc4
1828.197,hit,false,0.000,3,181.580,157,GEOS_0.5x0.625/MERRA2/2019/07/MERRA2.20190701.A3mstC.05x0625.nc4
1828.222,hit,false,0.000,3,181.604,157,GEOS_0.5x0.625/MERRA2/2019/07/MERRA2.20190701.A3mstC.05x0625.nc4
1828.253,hit,false,0.000,3,181.635,157,GEOS_0.5x0.625/MERRA2/2019/07/MERRA2.20190701.A3mstC.05x0625.nc4
1828.279,hit,false,0.000,3,181.661,157,GEOS_0.5x0.625/MERRA2/2019/07/MERRA2.20190701.A3mstC.05x0625.nc4
1828.315,hit,false,0.000,3,181.698,157,GEOS_0.5x0.625/MERRA2/2019/07/MERRA2.20190701.A3mstC.05x0625.nc4
1828.338,hit,false,0.000,3,181.720,157,GEOS_0.5x0.625/MERRA2/2019/07/MERRA2.20190701.A3mstC.05x0625.nc4
1828.375,uncovered,false,8.804,1,181.756,158,GEOS_0.5x0.625/MERRA2/2019/07/MERRA2.20190701.A3mstC.05x0625.nc4
1828.402,uncovered,false,8.771,1,181.783,158,GEOS_0.5x0.625/MERRA2/2019/07/MERRA2.20190701.A3mstC.05x0625.nc4
1837.300,hit,false,0.000,1,190.681,158,GEOS_0.5x0.625/MERRA2/2019/07/MERRA2.20190701.A3mstC.05x0625.nc4
1837.328,hit,false,0.000,1,190.709,158,GEOS_0.5x0.625/MERRA2/2019/07/MERRA2.20190701.A3mstC.05x0625.nc4
1837.362,hit,false,0.000,1,190.743,158,GEOS_0.5x0.625/MERRA2/2019/07/MERRA2.20190701.A3mstC.05x0625.nc4
1837.393,hit,false,0.000,1,190.774,158,GEOS_0.5x0.625/MERRA2/2019/07/MERRA2.20190701.A3mstC.05x0625.nc4
1837.424,hit,false,0.000,1,190.805,158,GEOS_0.5x0.625/MERRA2/2019/07/MERRA2.20190701.A3mstC.05x0625.nc4
1837.453,hit,false,0.000,1,190.834,158,GEOS_0.5x0.625/MERRA2/2019/07/MERRA2.20190701.A3mstC.05x0625.nc4
1837.482,uncovered,false,6.267,0,190.862,159,GEOS_0.5x0.625/MERRA2/2019/07/MERRA2.20190701.A3mstC.05x0625.nc4
1837.511,uncovered,false,6.287,0,190.891,159,GEOS_0.5x0.625/MERRA2/2019/07/MERRA2.20190701.A3mstC.05x0625.nc4
1843.843,hit,false,0.000,0,197.223,159,GEOS_0.5x0.625/MERRA2/2019/07/MERRA2.20190701.A3mstC.05x0625.nc4
1843.870,hit,false,0.000,0,197.250,159,GEOS_0.5x0.625/MERRA2/2019/07/MERRA2.20190701.A3mstC.05x0625.nc4
1843.911,hit,false,0.000,0,197.291,159,GEOS_0.5x0.625/MERRA2/2019/07/MERRA2.20190701.A3mstC.05x0625.nc4
1843.935,hit,false,0.000,0,197.315,159,GEOS_0.5x0.625/MERRA2/2019/07/MERRA2.20190701.A3mstC.05x0625.nc4
1843.977,hit,false,0.000,0,197.357,159,GEOS_0.5x0.625/MERRA2/2019/07/MERRA2.20190701.A3mstC.05x0625.nc4
1844.000,hit,false,0.000,0,197.380,159,GEOS_0.5x0.625/MERRA2/2019/07/MERRA2.20190701.A3mstC.05x0625.nc4
1844.035,hit,false,0.000,0,197.490,160,GEOS_0.5x0.625/MERRA2/2019/07/MERRA2.20190701.A3mstC.05x0625.nc4
1844.066,hit,false,0.000,0,197.521,160,GEOS_0.5x0.625/MERRA2/2019/07/MERRA2.20190701.A3mstC.05x0625.nc4
1844.114,hit,false,0.000,0,197.570,160,GEOS_0.5x0.625/MERRA2/2019/07/MERRA2.20190701.A3mstC.05x0625.nc4
1844.137,hit,false,0.000,0,197.592,160,GEOS_0.5x0.625/MERRA2/2019/07/MERRA2.20190701.A3mstC.05x0625.nc4
1844.173,hit,false,0.000,0,197.629,160,GEOS_0.5x0.625/MERRA2/2019/07/MERRA2.20190701.A3mstC.05x0625.nc4
1844.202,hit,false,0.000,0,197.658,160,GEOS_0.5x0.625/MERRA2/2019/07/MERRA2.20190701.A3mstC.05x0625.nc4
1844.234,hit,false,0.000,0,197.690,160,GEOS_0.5x0.625/MERRA2/2019/07/MERRA2.20190701.A3mstC.05x0625.nc4
1844.266,hit,false,0.000,0,197.722,160,GEOS_0.5x0.625/MERRA2/2019/07/MERRA2.20190701.A3mstC.05x0625.nc4
1844.296,hit,false,0.000,0,197.748,161,GEOS_0.5x0.625/MERRA2/2019/07/MERRA2.20190701.A3mstC.05x0625.nc4
1844.411,hit,false,0.000,0,197.864,161,GEOS_0.5x0.625/MERRA2/2019/07/MERRA2.20190701.A3mstC.05x0625.nc4
1844.435,hit,false,0.000,0,197.888,161,GEOS_0.5x0.625/MERRA2/2019/07/MERRA2.20190701.A3mstC.05x0625.nc4
1844.469,hit,false,0.000,0,197.922,161,GEOS_0.5x0.625/MERRA2/2019/07/MERRA2.20190701.A3mstC.05x0625.nc4
1844.499,hit,false,0.000,0,197.952,161,GEOS_0.5x0.625/MERRA2/2019/07/MERRA2.20190701.A3mstC.05x0625.nc4
1844.529,hit,false,0.000,0,197.981,161,GEOS_0.5x0.625/MERRA2/2019/07/MERRA2.20190701.A3mstC.05x0625.nc4
1844.558,hit,false,0.000,0,198.011,161,GEOS_0.5x0.625/MERRA2/2019/07/MERRA2.20190701.A3mstC.05x0625.nc4
1844.589,hit,false,0.000,0,198.041,161,GEOS_0.5x0.625/MERRA2/2019/07/MERRA2.20190701.A3mstC.05x0625.nc4
1844.613,hit,false,0.000,0,198.064,162,GEOS_0.5x0.625/MERRA2/2019/07/MERRA2.20190701.A3mstC.05x0625.nc4
1844.649,hit,false,0.000,0,198.100,162,GEOS_0.5x0.625/MERRA2/2019/07/MERRA2.20190701.A3mstC.05x0625.nc4
1844.674,hit,false,0.000,0,198.125,162,GEOS_0.5x0.625/MERRA2/2019/07/MERRA2.20190701.A3mstC.05x0625.nc4
1844.707,hit,false,0.000,0,198.158,162,GEOS_0.5x0.625/MERRA2/2019/07/MERRA2.20190701.A3mstC.05x0625.nc4
1844.734,hit,false,0.000,0,198.185,162,GEOS_0.5x0.625/MERRA2/2019/07/MERRA2.20190701.A3mstC.05x0625.nc4
1844.764,hit,false,0.000,0,198.215,162,GEOS_0.5x0.625/MERRA2/2019/07/MERRA2.20190701.A3mstC.05x0625.nc4
1844.788,hit,false,0.000,0,198.239,162,GEOS_0.5x0.625/MERRA2/2019/07/MERRA2.20190701.A3mstC.05x0625.nc4
1844.820,hit,false,0.000,0,198.271,162,GEOS_0.5x0.625/MERRA2/2019/07/MERRA2.20190701.A3mstC.05x0625.nc4
1844.846,hit,false,0.000,0,198.296,163,GEOS_0.5x0.625/MERRA2/2019/07/MERRA2.20190701.A3mstC.05x0625.nc4
1844.880,hit,false,0.000,0,198.330,163,GEOS_0.5x0.625/MERRA2/2019/07/MERRA2.20190701.A3mstC.05x0625.nc4
1844.904,hit,false,0.000,0,198.353,163,GEOS_0.5x0.625/MERRA2/2019/07/MERRA2.20190701.A3mstC.05x0625.nc4
1844.940,hit,false,0.000,0,198.389,163,GEOS_0.5x0.625/MERRA2/2019/07/MERRA2.20190701.A3mstC.05x0625.nc4
1844.964,hit,false,0.000,0,198.414,163,GEOS_0.5x0.625/MERRA2/2019/07/MERRA2.20190701.A3mstC.05x0625.nc4
1844.996,hit,false,0.000,0,198.446,163,GEOS_0.5x0.625/MERRA2/2019/07/MERRA2.20190701.A3mstC.05x0625.nc4
1845.023,hit,false,0.000,0,198.472,163,GEOS_0.5x0.625/MERRA2/2019/07/MERRA2.20190701.A3mstC.05x0625.nc4
1845.056,hit,false,0.000,0,198.505,163,GEOS_0.5x0.625/MERRA2/2019/07/MERRA2.20190701.A3mstC.05x0625.nc4
1845.082,hit,false,0.000,0,198.530,164,GEOS_0.5x0.625/MERRA2/2019/07/MERRA2.20190701.A3mstC.05x0625.nc4
1845.115,hit,false,0.000,0,198.564,164,GEOS_0.5x0.625/MERRA2/2019/07/MERRA2.20190701.A3mstC.05x0625.nc4
1845.145,hit,false,0.000,0,198.593,164,GEOS_0.5x0.625/MERRA2/2019/07/MERRA2.20190701.A3mstC.05x0625.nc4
1845.169,hit,false,0.000,0,198.617,164,GEOS_0.5x0.625/MERRA2/2019/07/MERRA2.20190701.A3mstC.05x0625.nc4
1845.204,hit,false,0.000,0,198.652,164,GEOS_0.5x0.625/MERRA2/2019/07/MERRA2.20190701.A3mstC.05x0625.nc4
1845.228,hit,false,0.000,0,198.677,164,GEOS_0.5x0.625/MERRA2/2019/07/MERRA2.20190701.A3mstC.05x0625.nc4
1845.263,hit,false,0.000,0,198.711,164,GEOS_0.5x0.625/MERRA2/2019/07/MERRA2.20190701.A3mstC.05x0625.nc4
1845.286,hit,false,0.000,0,198.735,164,GEOS_0.5x0.625/MERRA2/2019/07/MERRA2.20190701.A3mstC.05x0625.nc4
1845.321,hit,false,0.000,0,198.767,165,GEOS_0.5x0.625/MERRA2/2019/07/MERRA2.20190701.A3mstC.05x0625.nc4
1845.350,hit,false,0.000,0,198.797,165,GEOS_0.5x0.625/MERRA2/2019/07/MERRA2.20190701.A3mstC.05x0625.nc4
1845.377,hit,false,0.000,0,198.824,165,GEOS_0.5x0.625/MERRA2/2019/07/MERRA2.20190701.A3mstC.05x0625.nc4
1845.408,hit,false,0.000,0,198.855,165,GEOS_0.5x0.625/MERRA2/2019/07/MERRA2.20190701.A3mstC.05x0625.nc4
1845.432,hit,false,0.000,0,198.879,165,GEOS_0.5x0.625/MERRA2/2019/07/MERRA2.20190701.A3mstC.05x0625.nc4
1845.463,hit,false,0.000,0,198.910,165,GEOS_0.5x0.625/MERRA2/2019/07/MERRA2.20190701.A3mstC.05x0625.nc4
1845.488,hit,false,0.000,0,198.935,165,GEOS_0.5x0.625/MERRA2/2019/07/MERRA2.20190701.A3mstC.05x0625.nc4
1845.518,hit,false,0.000,0,198.964,165,GEOS_0.5x0.625/MERRA2/2019/07/MERRA2.20190701.A3mstC.05x0625.nc4
1845.547,hit,false,0.000,0,198.992,166,GEOS_0.5x0.625/MERRA2/2019/07/MERRA2.20190701.A3mstC.05x0625.nc4
1845.578,hit,false,0.000,0,199.024,166,GEOS_0.5x0.625/MERRA2/2019/07/MERRA2.20190701.A3mstC.05x0625.nc4
1845.608,hit,false,0.000,0,199.054,166,GEOS_0.5x0.625/MERRA2/2019/07/MERRA2.20190701.A3mstC.05x0625.nc4
1845.633,hit,false,0.000,0,199.078,166,GEOS_0.5x0.625/MERRA2/2019/07/MERRA2.20190701.A3mstC.05x0625.nc4
1845.663,hit,false,0.000,0,199.109,166,GEOS_0.5x0.625/MERRA2/2019/07/MERRA2.20190701.A3mstC.05x0625.nc4
1845.689,hit,false,0.000,0,199.134,166,GEOS_0.5x0.625/MERRA2/2019/07/MERRA2.20190701.A3mstC.05x0625.nc4
1845.718,hit,false,0.000,0,199.163,166,GEOS_0.5x0.625/MERRA2/2019/07/MERRA2.20190701.A3mstC.05x0625.nc4
1845.749,hit,false,0.000,0,199.194,166,GEOS_0.5x0.625/MERRA2/2019/07/MERRA2.20190701.A3mstC.05x0625.nc4
1845.772,hit,false,0.000,0,199.216,167,GEOS_0.5x0.625/MERRA2/2019/07/MERRA2.20190701.A3mstC.05x0625.nc4
1845.806,hit,false,0.000,0,199.250,167,GEOS_0.5x0.625/MERRA2/2019/07/MERRA2.20190701.A3mstC.05x0625.nc4
1845.833,hit,false,0.000,0,199.277,167,GEOS_0.5x0.625/MERRA2/2019/07/MERRA2.20190701.A3mstC.05x0625.nc4
1845.862,hit,false,0.000,0,199.306,167,GEOS_0.5x0.625/MERRA2/2019/07/MERRA2.20190701.A3mstC.05x0625.nc4
1845.887,hit,false,0.000,0,199.331,167,GEOS_0.5x0.625/MERRA2/2019/07/MERRA2.20190701.A3mstC.05x0625.nc4
1845.920,hit,false,0.000,0,199.364,167,GEOS_0.5x0.625/MERRA2/2019/07/MERRA2.20190701.A3mstC.05x0625.nc4
1845.946,hit,false,0.000,0,199.390,167,GEOS_0.5x0.625/MERRA2/2019/07/MERRA2.20190701.A3mstC.05x0625.nc4
1845.977,hit,false,0.000,0,199.421,167,GEOS_0.5x0.625/MERRA2/2019/07/MERRA2.20190701.A3mstC.05x0625.nc4
1846.002,hit,false,0.000,0,197.129,168,GEOS_0.5x0.625/MERRA2/2019/07/MERRA2.20190701.A3mstC.05x0625.nc4
1846.038,hit,false,0.000,0,197.165,168,GEOS_0.5x0.625/MERRA2/2019/07/MERRA2.20190701.A3mstC.05x0625.nc4
1846.080,hit,false,0.000,0,197.207,168,GEOS_0.5x0.625/MERRA2/2019/07/MERRA2.20190701.A3mstC.05x0625.nc4
1846.106,hit,false,0.000,0,197.233,168,GEOS_0.5x0.625/MERRA2/2019/07/MERRA2.20190701.A3mstC.05x0625.nc4
1846.139,hit,false,0.000,0,197.266,168,GEOS_0.5x0.625/MERRA2/2019/07/MERRA2.20190701.A3mstC.05x0625.nc4
1846.164,hit,false,0.000,0,197.291,168,GEOS_0.5x0.625/MERRA2/2019/07/MERRA2.20190701.A3mstC.05x0625.nc4
1846.197,hit,false,0.000,0,197.324,168,GEOS_0.5x0.625/MERRA2/2019/07/MERRA2.20190701.A3mstC.05x0625.nc4
1846.221,hit,false,0.000,0,197.348,168,GEOS_0.5x0.625/MERRA2/2019/07/MERRA2.20190701.A3mstC.05x0625.nc4
1846.340,hit,false,0.000,0,197.464,169,GEOS_0.5x0.625/MERRA2/2019/07/MERRA2.20190701.A3mstC.05x0625.nc4
1846.366,hit,false,0.000,0,197.491,169,GEOS_0.5x0.625/MERRA2/2019/07/MERRA2.20190701.A3mstC.05x0625.nc4
1846.401,hit,false,0.000,0,197.525,169,GEOS_0.5x0.625/MERRA2/2019/07/MERRA2.20190701.A3mstC.05x0625.nc4
1846.426,hit,false,0.000,0,197.551,169,GEOS_0.5x0.625/MERRA2/2019/07/MERRA2.20190701.A3mstC.05x0625.nc4
1846.460,hit,false,0.000,0,197.585,169,GEOS_0.5x0.625/MERRA2/2019/07/MERRA2.20190701.A3mstC.05x0625.nc4
1846.486,hit,false,0.000,0,197.610,169,GEOS_0.5x0.625/MERRA2/2019/07/MERRA2.20190701.A3mstC.05x0625.nc4
1846.519,hit,false,0.000,0,197.643,169,GEOS_0.5x0.625/MERRA2/2019/07/MERRA2.20190701.A3mstC.05x0625.nc4
1846.550,hit,false,0.000,0,197.675,169,GEOS_0.5x0.625/MERRA2/2019/07/MERRA2.20190701.A3mstC.05x0625.nc4
1846.580,hit,false,0.000,0,197.703,170,GEOS_0.5x0.625/MERRA2/2019/07/MERRA2.20190701.A3mstC.05x0625.nc4
1846.613,hit,false,0.000,0,197.735,170,GEOS_0.5x0.625/MERRA2/2019/07/MERRA2.20190701.A3mstC.05x0625.nc4
1846.642,hit,false,0.000,0,197.764,170,GEOS_0.5x0.625/MERRA2/2019/07/MERRA2.20190701.A3mstC.05x0625.nc4
1846.675,hit,false,0.000,0,197.797,170,GEOS_0.5x0.625/MERRA2/2019/07/MERRA2.20190701.A3mstC.05x0625.nc4
1846.698,hit,false,0.000,0,197.821,170,GEOS_0.5x0.625/MERRA2/2019/07/MERRA2.20190701.A3mstC.05x0625.nc4
1846.738,hit,false,0.000,0,197.860,170,GEOS_0.5x0.625/MERRA2/2019/07/MERRA2.20190701.A3mstC.05x0625.nc4
1846.762,hit,false,0.000,0,197.884,170,GEOS_0.5x0.625/MERRA2/2019/07/MERRA2.20190701.A3mstC.05x0625.nc4
1846.795,hit,false,0.000,0,197.917,170,GEOS_0.5x0.625/MERRA2/2019/07/MERRA2.20190701.A3mstC.05x0625.nc4
1846.821,hit,false,0.000,0,197.941,171,GEOS_0.5x0.625/MERRA2/2019/07/MERRA2.20190701.A3mstC.05x0625.nc4
1846.856,hit,false,0.000,0,197.976,171,GEOS_0.5x0.625/MERRA2/2019/07/MERRA2.20190701.A3mstC.05x0625.nc4
1846.884,hit,false,0.000,0,198.004,171,GEOS_0.5x0.625/MERRA2/2019/07/MERRA2.20190701.A3mstC.05x0625.nc4
1846.917,hit,false,0.000,0,198.037,171,GEOS_0.5x0.625/MERRA2/2019/07/MERRA2.20190701.A3mstC.05x0625.nc4
1846.940,hit,false,0.000,0,198.061,171,GEOS_0.5x0.625/MERRA2/2019/07/MERRA2.20190701.A3mstC.05x0625.nc4
1846.979,hit,false,0.000,0,198.099,171,GEOS_0.5x0.625/MERRA2/2019/07/MERRA2.20190701.A3mstC.05x0625.nc4
1847.003,hit,false,0.000,0,198.123,171,GEOS_0.5x0.625/MERRA2/2019/07/MERRA2.20190701.A3mstC.05x0625.nc4
1847.039,hit,false,0.000,0,198.160,171,GEOS_0.5x0.625/MERRA2/2019/07/MERRA2.20190701.A3mstC.05x0625.nc4
1847.064,hit,false,0.000,0,198.183,172,GEOS_0.5x0.625/MERRA2/2019/07/MERRA2.20190701.A3mstC.05x0625.nc4
1847.097,hit,false,0.000,0,198.216,172,GEOS_0.5x0.625/MERRA2/2019/07/MERRA2.20190701.A3mstC.05x0625.nc4
1847.123,hit,false,0.000,0,198.242,172,GEOS_0.5x0.625/MERRA2/2019/07/MERRA2.20190701.A3mstC.05x0625.nc4
1847.153,hit,false,0.000,0,198.272,172,GEOS_0.5x0.625/MERRA2/2019/07/MERRA2.20190701.A3mstC.05x0625.nc4
1847.182,hit,false,0.000,0,198.301,172,GEOS_0.5x0.625/MERRA2/2019/07/MERRA2.20190701.A3mstC.05x0625.nc4
1847.213,hit,false,0.000,0,198.332,172,GEOS_0.5x0.625/MERRA2/2019/07/MERRA2.20190701.A3mstC.05x0625.nc4
1847.250,hit,false,0.000,0,198.369,172,GEOS_0.5x0.625/MERRA2/2019/07/MERRA2.20190701.A3mstC.05x0625.nc4
1847.273,hit,false,0.000,0,198.392,172,GEOS_0.5x0.625/MERRA2/2019/07/MERRA2.20190701.A3mstC.05x0625.nc4
1847.306,hit,false,0.000,0,198.424,173,GEOS_0.5x0.625/MERRA2/2019/07/MERRA2.20190701.A3mstC.05x0625.nc4
1847.334,hit,false,0.000,0,198.452,173,GEOS_0.5x0.625/MERRA2/2019/07/MERRA2.20190701.A3mstC.05x0625.nc4
1847.363,hit,false,0.000,0,198.480,173,GEOS_0.5x0.625/MERRA2/2019/07/MERRA2.20190701.A3mstC.05x0625.nc4
1847.396,hit,false,0.000,0,198.514,173,GEOS_0.5x0.625/MERRA2/2019/07/MERRA2.20190701.A3mstC.05x0625.nc4
1847.426,hit,false,0.000,0,198.544,173,GEOS_0.5x0.625/MERRA2/2019/07/MERRA2.20190701.A3mstC.05x0625.nc4
1847.457,hit,false,0.000,0,198.574,173,GEOS_0.5x0.625/MERRA2/2019/07/MERRA2.20190701.A3mstC.05x0625.nc4
1847.486,hit,false,0.000,0,198.603,173,GEOS_0.5x0.625/MERRA2/2019/07/MERRA2.20190701.A3mstC.05x0625.nc4
1847.515,hit,false,0.000,0,198.632,173,GEOS_0.5x0.625/MERRA2/2019/07/MERRA2.20190701.A3mstC.05x0625.nc4
1847.547,hit,false,0.000,0,198.663,174,GEOS_0.5x0.625/MERRA2/2019/07/MERRA2.20190701.A3mstC.05x0625.nc4
1847.575,hit,false,0.000,0,198.691,174,GEOS_0.5x0.625/MERRA2/2019/07/MERRA2.20190701.A3mstC.05x0625.nc4
1847.607,hit,false,0.000,0,198.723,174,GEOS_0.5x0.625/MERRA2/2019/07/MERRA2.20190701.A3mstC.05x0625.nc4
1847.638,hit,false,0.000,0,198.754,174,GEOS_0.5x0.625/MERRA2/2019/07/MERRA2.20190701.A3mstC.05x0625.nc4
1847.668,hit,false,0.000,0,198.784,174,GEOS_0.5x0.625/MERRA2/2019/07/MERRA2.20190701.A3mstC.05x0625.nc4
1847.692,hit,false,0.000,0,198.808,174,GEOS_0.5x0.625/MERRA2/2019/07/MERRA2.20190701.A3mstC.05x0625.nc4
1847.726,hit,false,0.000,0,198.842,174,GEOS_0.5x0.625/MERRA2/2019/07/MERRA2.20190701.A3mstC.05x0625.nc4
1847.751,hit,false,0.000,0,198.867,174,GEOS_0.5x0.625/MERRA2/2019/07/MERRA2.20190701.A3mstC.05x0625.nc4
1847.784,hit,false,0.000,0,198.898,175,GEOS_0.5x0.625/MERRA2/2019/07/MERRA2.20190701.A3mstC.05x0625.nc4
1847.812,hit,false,0.000,0,198.927,175,GEOS_0.5x0.625/MERRA2/2019/07/MERRA2.20190701.A3mstC.05x0625.nc4
1847.845,hit,false,0.000,0,198.959,175,GEOS_0.5x0.625/MERRA2/2019/07/MERRA2.20190701.A3mstC.05x0625.nc4
1847.869,hit,false,0.000,0,198.983,175,GEOS_0.5x0.625/MERRA2/2019/07/MERRA2.20190701.A3mstC.05x0625.nc4
1847.902,hit,false,0.000,0,199.017,175,GEOS_0.5x0.625/MERRA2/2019/07/MERRA2.20190701.A3mstC.05x0625.nc4
1847.930,hit,false,0.000,0,199.044,175,GEOS_0.5x0.625/MERRA2/2019/07/MERRA2.20190701.A3mstC.05x0625.nc4
1847.959,hit,false,0.000,0,199.073,175,GEOS_0.5x0.625/MERRA2/2019/07/MERRA2.20190701.A3mstC.05x0625.nc4
1847.990,hit,false,0.000,0,199.104,175,GEOS_0.5x0.625/MERRA2/2019/07/MERRA2.20190701.A3mstC.05x0625.nc4
1848.016,hit,false,0.000,0,199.152,176,GEOS_0.5x0.625/MERRA2/2019/07/MERRA2.20190701.A3mstC.05x0625.nc4
1848.052,hit,false,0.000,0,199.188,176,GEOS_0.5x0.625/MERRA2/2019/07/MERRA2.20190701.A3mstC.05x0625.nc4
1848.088,hit,false,0.000,0,199.223,176,GEOS_0.5x0.625/MERRA2/2019/07/MERRA2.20190701.A3mstC.05x0625.nc4
1848.112,hit,false,0.000,0,199.248,176,GEOS_0.5x0.625/MERRA2/2019/07/MERRA2.20190701.A3mstC.05x0625.nc4
1848.143,hit,false,0.000,0,199.279,176,GEOS_0.5x0.625/MERRA2/2019/07/MERRA2.20190701.A3mstC.05x0625.nc4
1848.173,hit,false,0.000,0,199.309,176,GEOS_0.5x0.625/MERRA2/2019/07/MERRA2.20190701.A3mstC.05x0625.nc4
1848.202,hit,false,0.000,0,199.338,176,GEOS_0.5x0.625/MERRA2/2019/07/MERRA2.20190701.A3mstC.05x0625.nc4
1848.315,hit,false,0.000,0,199.450,176,GEOS_0.5x0.625/MERRA2/2019/07/MERRA2.20190701.A3mstC.05x0625.nc4
1848.338,hit,false,0.000,0,199.471,177,GEOS_0.5x0.625/MERRA2/2019/07/MERRA2.20190701.A3mstC.05x0625.nc4
1848.385,hit,false,0.000,0,199.519,177,GEOS_0.5x0.625/MERRA2/2019/07/MERRA2.20190701.A3mstC.05x0625.nc4
1848.408,hit,false,0.000,0,199.541,177,GEOS_0.5x0.625/MERRA2/2019/07/MERRA2.20190701.A3mstC.05x0625.nc4
1848.444,hit,false,0.000,0,199.578,177,GEOS_0.5x0.625/MERRA2/2019/07/MERRA2.20190701.A3mstC.05x0625.nc4
1848.472,hit,false,0.000,0,199.605,177,GEOS_0.5x0.625/MERRA2/2019/07/MERRA2.20190701.A3mstC.05x0625.nc4
1848.506,hit,false,0.000,0,199.639,177,GEOS_0.5x0.625/MERRA2/2019/07/MERRA2.20190701.A3mstC.05x0625.nc4
1848.565,hit,false,0.000,0,199.698,177,GEOS_0.5x0.625/MERRA2/2019/07/MERRA2.20190701.A3mstC.05x0625.nc4
1848.589,hit,false,0.000,0,199.722,177,GEOS_0.5x0.625/MERRA2/2019/07/MERRA2.20190701.A3mstC.05x0625.nc4
1848.625,hit,false,0.000,0,199.757,178,GEOS_0.5x0.625/MERRA2/2019/07/MERRA2.20190701.A3mstC.05x0625.nc4
1848.653,hit,false,0.000,0,199.785,178,GEOS_0.5x0.625/MERRA2/2019/07/MERRA2.20190701.A3mstC.05x0625.nc4
1848.688,hit,false,0.000,0,199.819,178,GEOS_0.5x0.625/MERRA2/2019/07/MERRA2.20190701.A3mstC.05x0625.nc4
1848.714,hit,false,0.000,0,199.845,178,GEOS_0.5x0.625/MERRA2/2019/07/MERRA2.20190701.A3mstC.05x0625.nc4
1848.747,hit,false,0.000,0,199.879,178,GEOS_0.5x0.625/MERRA2/2019/07/MERRA2.20190701.A3mstC.05x0625.nc4
1848.773,hit,false,0.000,0,199.905,178,GEOS_0.5x0.625/MERRA2/2019/07/MERRA2.20190701.A3mstC.05x0625.nc4
1848.803,hit,false,0.000,0,199.935,178,GEOS_0.5x0.625/MERRA2/2019/07/MERRA2.20190701.A3mstC.05x0625.nc4
1848.833,hit,false,0.000,0,199.965,178,GEOS_0.5x0.625/MERRA2/2019/07/MERRA2.20190701.A3mstC.05x0625.nc4
1848.864,hit,false,0.000,0,199.994,179,GEOS_0.5x0.625/MERRA2/2019/07/MERRA2.20190701.A3mstC.05x0625.nc4
1848.898,hit,false,0.000,0,200.028,179,GEOS_0.5x0.625/MERRA2/2019/07/MERRA2.20190701.A3mstC.05x0625.nc4
1848.923,hit,false,0.000,0,200.054,179,GEOS_0.5x0.625/MERRA2/2019/07/MERRA2.20190701.A3mstC.05x0625.nc4
1848.956,hit,false,0.000,0,200.086,179,GEOS_0.5x0.625/MERRA2/2019/07/MERRA2.20190701.A3mstC.05x0625.nc4
1848.981,hit,false,0.000,0,200.111,179,GEOS_0.5x0.625/MERRA2/2019/07/MERRA2.20190701.A3mstC.05x0625.nc4
1849.016,hit,false,0.000,0,200.146,179,GEOS_0.5x0.625/MERRA2/2019/07/MERRA2.20190701.A3mstC.05x0625.nc4
1849.040,hit,false,0.000,0,200.170,179,GEOS_0.5x0.625/MERRA2/2019/07/MERRA2.20190701.A3mstC.05x0625.nc4
1849.078,hit,false,0.000,0,200.208,179,GEOS_0.5x0.625/MERRA2/2019/07/MERRA2.20190701.A3mstC.05x0625.nc4
1849.105,hit,false,0.000,0,200.233,180,GEOS_0.5x0.625/MERRA2/2019/07/MERRA2.20190701.A3mstC.05x0625.nc4
1849.139,hit,false,0.000,0,200.267,180,GEOS_0.5x0.625/MERRA2/2019/07/MERRA2.20190701.A3mstC.05x0625.nc4
1849.165,hit,false,0.000,0,200.293,180,GEOS_0.5x0.625/MERRA2/2019/07/MERRA2.20190701.A3mstC.05x0625.nc4
1849.197,hit,false,0.000,0,200.325,180,GEOS_0.5x0.625/MERRA2/2019/07/MERRA2.20190701.A3mstC.05x0625.nc4
1849.222,hit,false,0.000,0,200.350,180,GEOS_0.5x0.625/MERRA2/2019/07/MERRA2.20190701.A3mstC.05x0625.nc4
1849.254,hit,false,0.000,0,200.381,180,GEOS_0.5x0.625/MERRA2/2019/07/MERRA2.20190701.A3mstC.05x0625.nc4
1849.279,hit,false,0.000,0,200.407,180,GEOS_0.5x0.625/MERRA2/2019/07/MERRA2.20190701.A3mstC.05x0625.nc4
1849.311,hit,false,0.000,0,200.438,180,GEOS_0.5x0.625/MERRA2/2019/07/MERRA2.20190701.A3mstC.05x0625.nc4
1849.336,hit,false,0.000,0,200.462,181,GEOS_0.5x0.625/MERRA2/2019/07/MERRA2.20190701.A3mstC.05x0625.nc4
1849.372,hit,false,0.000,0,200.498,181,GEOS_0.5x0.625/MERRA2/2019/07/MERRA2.20190701.A3mstC.05x0625.nc4
1849.397,hit,false,0.000,0,200.523,181,GEOS_0.5x0.625/MERRA2/2019/07/MERRA2.20190701.A3mstC.05x0625.nc4
1849.429,hit,false,0.000,0,200.555,181,GEOS_0.5x0.625/MERRA2/2019/07/MERRA2.20190701.A3mstC.05x0625.nc4
1849.459,hit,false,0.000,0,200.585,181,GEOS_0.5x0.625/MERRA2/2019/07/MERRA2.20190701.A3mstC.05x0625.nc4
1849.487,hit,false,0.000,0,200.612,181,GEOS_0.5x0.625/MERRA2/2019/07/MERRA2.20190701.A3mstC.05x0625.nc4
1849.519,hit,false,0.000,0,200.644,181,GEOS_0.5x0.625/MERRA2/2019/07/MERRA2.20190701.A3mstC.05x0625.nc4
1849.545,hit,false,0.000,0,200.671,181,GEOS_0.5x0.625/MERRA2/2019/07/MERRA2.20190701.A3mstC.05x0625.nc4
1849.577,hit,false,0.000,0,200.702,182,GEOS_0.5x0.625/MERRA2/2019/07/MERRA2.20190701.A3mstC.05x0625.nc4
1849.609,hit,false,0.000,0,200.733,182,GEOS_0.5x0.625/MERRA2/2019/07/MERRA2.20190701.A3mstC.05x0625.nc4
1849.641,hit,false,0.000,0,200.765,182,GEOS_0.5x0.625/MERRA2/2019/07/MERRA2.20190701.A3mstC.05x0625.nc4
1849.673,hit,false,0.000,0,200.797,182,GEOS_0.5x0.625/MERRA2/2019/07/MERRA2.20190701.A3mstC.05x0625.nc4
1849.697,hit,false,0.000,0,200.821,182,GEOS_0.5x0.625/MERRA2/2019/07/MERRA2.20190701.A3mstC.05x0625.nc4
1849.739,hit,false,0.000,0,200.864,182,GEOS_0.5x0.625/MERRA2/2019/07/MERRA2.20190701.A3mstC.05x0625.nc4
1849.763,hit,false,0.000,0,200.887,182,GEOS_0.5x0.625/MERRA2/2019/07/MERRA2.20190701.A3mstC.05x0625.nc4
1849.798,hit,false,0.000,0,200.922,182,GEOS_0.5x0.625/MERRA2/2019/07/MERRA2.20190701.A3mstC.05x0625.nc4
1849.825,hit,false,0.000,0,200.948,183,GEOS_0.5x0.625/MERRA2/2019/07/MERRA2.20190701.A3mstC.05x0625.nc4
1849.858,hit,false,0.000,0,200.981,183,GEOS_0.5x0.625/MERRA2/2019/07/MERRA2.20190701.A3mstC.05x0625.nc4
1849.888,hit,false,0.000,0,201.010,183,GEOS_0.5x0.625/MERRA2/2019/07/MERRA2.20190701.A3mstC.05x0625.nc4
1849.922,hit,false,0.000,0,201.044,183,GEOS_0.5x0.625/MERRA2/2019/07/MERRA2.20190701.A3mstC.05x0625.nc4
1849.950,hit,false,0.000,0,201.073,183,GEOS_0.5x0.625/MERRA2/2019/07/MERRA2.20190701.A3mstC.05x0625.nc4
1849.980,hit,false,0.000,0,201.103,183,GEOS_0.5x0.625/MERRA2/2019/07/MERRA2.20190701.A3mstC.05x0625.nc4
1850.010,hit,false,0.000,0,201.132,183,GEOS_0.5x0.625/MERRA2/2019/07/MERRA2.20190701.A3mstC.05x0625.nc4
1850.041,hit,false,0.000,0,201.163,183,GEOS_0.5x0.625/MERRA2/2019/07/MERRA2.20190701.A3mstC.05x0625.nc4
1850.071,hit,false,0.000,0,201.188,184,GEOS_0.5x0.625/MERRA2/2019/07/MERRA2.20190701.A3mstC.05x0625.nc4
1850.104,hit,false,0.000,0,201.221,184,GEOS_0.5x0.625/MERRA2/2019/07/MERRA2.20190701.A3mstC.05x0625.nc4
1850.138,hit,false,0.000,0,201.255,184,GEOS_0.5x0.625/MERRA2/2019/07/MERRA2.20190701.A3mstC.05x0625.nc4
1850.164,hit,false,0.000,0,201.281,184,GEOS_0.5x0.625/MERRA2/2019/07/MERRA2.20190701.A3mstC.05x0625.nc4
1850.198,hit,false,0.000,0,201.315,184,GEOS_0.5x0.625/MERRA2/2019/07/MERRA2.20190701.A3mstC.05x0625.nc4
1850.228,hit,false,0.000,0,201.345,184,GEOS_0.5x0.625/MERRA2/2019/07/MERRA2.20190701.A3mstC.05x0625.nc4
1850.341,hit,false,0.000,0,201.458,184,GEOS_0.5x0.625/MERRA2/2019/07/MERRA2.20190701.A3mstC.05x0625.nc4
1850.364,hit,false,0.000,0,201.481,184,GEOS_0.5x0.625/MERRA2/2019/07/MERRA2.20190701.A3mstC.05x0625.nc4
1850.401,hit,false,0.000,0,201.516,185,GEOS_0.5x0.625/MERRA2/2019/07/MERRA2.20190701.A3mstC.05x0625.nc4
1850.427,hit,false,0.000,0,201.542,185,GEOS_0.5x0.625/MERRA2/2019/07/MERRA2.20190701.A3mstC.05x0625.nc4
1850.465,hit,false,0.000,0,201.580,185,GEOS_0.5x0.625/MERRA2/2019/07/MERRA2.20190701.A3mstC.05x0625.nc4
1850.490,hit,false,0.000,0,201.604,185,GEOS_0.5x0.625/MERRA2/2019/07/MERRA2.20190701.A3mstC.05x0625.nc4
1850.524,hit,false,0.000,0,201.638,185,GEOS_0.5x0.625/MERRA2/2019/07/MERRA2.20190701.A3mstC.05x0625.nc4
1850.547,hit,false,0.000,0,201.662,185,GEOS_0.5x0.625/MERRA2/2019/07/MERRA2.20190701.A3mstC.05x0625.nc4
1850.582,hit,false,0.000,0,201.696,185,GEOS_0.5x0.625/MERRA2/2019/07/MERRA2.20190701.A3mstC.05x0625.nc4
1850.607,hit,false,0.000,0,201.722,185,GEOS_0.5x0.625/MERRA2/2019/07/MERRA2.20190701.A3mstC.05x0625.nc4
1850.639,hit,false,0.000,0,201.752,186,GEOS_0.5x0.625/MERRA2/2019/07/MERRA2.20190701.A3mstC.05x0625.nc4
1850.670,hit,false,0.000,0,201.783,186,GEOS_0.5x0.625/MERRA2/2019/07/MERRA2.20190701.A3mstC.05x0625.nc4
1850.699,hit,false,0.000,0,201.812,186,GEOS_0.5x0.625/MERRA2/2019/07/MERRA2.20190701.A3mstC.05x0625.nc4
1850.729,hit,false,0.000,0,201.842,186,GEOS_0.5x0.625/MERRA2/2019/07/MERRA2.20190701.A3mstC.05x0625.nc4
1850.752,hit,false,0.000,0,201.865,186,GEOS_0.5x0.625/MERRA2/2019/07/MERRA2.20190701.A3mstC.05x0625.nc4
1850.787,hit,false,0.000,0,201.900,186,GEOS_0.5x0.625/MERRA2/2019/07/MERRA2.20190701.A3mstC.05x0625.nc4
1850.811,hit,false,0.000,0,201.925,186,GEOS_0.5x0.625/MERRA2/2019/07/MERRA2.20190701.A3mstC.05x0625.nc4
1850.842,hit,false,0.000,0,201.955,186,GEOS_0.5x0.625/MERRA2/2019/07/MERRA2.20190701.A3mstC.05x0625.nc4
1850.873,hit,false,0.000,0,201.985,187,GEOS_0.5x0.625/MERRA2/2019/07/MERRA2.20190701.A3mstC.05x0625.nc4
1850.900,hit,false,0.000,0,202.012,187,GEOS_0.5x0.625/MERRA2/2019/07/MERRA2.20190701.A3mstC.05x0625.nc4
1850.931,hit,false,0.000,0,202.042,187,GEOS_0.5x0.625/MERRA2/2019/07/MERRA2.20190701.A3mstC.05x0625.nc4
1850.959,hit,false,0.000,0,202.071,187,GEOS_0.5x0.625/MERRA2/2019/07/MERRA2.20190701.A3mstC.05x0625.nc4
1850.993,hit,false,0.000,0,202.104,187,GEOS_0.5x0.625/MERRA2/2019/07/MERRA2.20190701.A3mstC.05x0625.nc4
1851.016,hit,false,0.000,0,202.128,187,GEOS_0.5x0.625/MERRA2/2019/07/MERRA2.20190701.A3mstC.05x0625.nc4
1851.057,hit,false,0.000,0,202.169,187,GEOS_0.5x0.625/MERRA2/2019/07/MERRA2.20190701.A3mstC.05x0625.nc4
1851.081,hit,false,0.000,0,202.193,187,GEOS_0.5x0.625/MERRA2/2019/07/MERRA2.20190701.A3mstC.05x0625.nc4
1851.114,hit,false,0.000,0,202.224,188,GEOS_0.5x0.625/MERRA2/2019/07/MERRA2.20190701.A3mstC.05x0625.nc4
1851.145,hit,false,0.000,0,202.255,188,GEOS_0.5x0.625/MERRA2/2019/07/MERRA2.20190701.A3mstC.05x0625.nc4
1851.179,hit,false,0.000,0,202.289,188,GEOS_0.5x0.625/MERRA2/2019/07/MERRA2.20190701.A3mstC.05x0625.nc4
1851.204,hit,false,0.000,0,202.314,188,GEOS_0.5x0.625/MERRA2/2019/07/MERRA2.20190701.A3mstC.05x0625.nc4
1851.242,hit,false,0.000,0,202.352,188,GEOS_0.5x0.625/MERRA2/2019/07/MERRA2.20190701.A3mstC.05x0625.nc4
1851.271,hit,false,0.000,0,202.381,188,GEOS_0.5x0.625/MERRA2/2019/07/MERRA2.20190701.A3mstC.05x0625.nc4
1851.302,hit,false,0.000,0,202.413,188,GEOS_0.5x0.625/MERRA2/2019/07/MERRA2.20190701.A3mstC.05x0625.nc4
1851.330,hit,false,0.000,0,202.440,188,GEOS_0.5x0.625/MERRA2/2019/07/MERRA2.20190701.A3mstC.05x0625.nc4
1851.362,hit,false,0.000,0,202.471,189,GEOS_0.5x0.625/MERRA2/2019/07/MERRA2.20190701.A3mstC.05x0625.nc4
1851.396,hit,false,0.000,0,202.505,189,GEOS_0.5x0.625/MERRA2/2019/07/MERRA2.20190701.A3mstC.05x0625.nc4
1851.424,hit,false,0.000,0,202.533,189,GEOS_0.5x0.625/MERRA2/2019/07/MERRA2.20190701.A3mstC.05x0625.nc4
1851.456,hit,false,0.000,0,202.565,189,GEOS_0.5x0.625/MERRA2/2019/07/MERRA2.20190701.A3mstC.05x0625.nc4
1851.486,hit,false,0.000,0,202.595,189,GEOS_0.5x0.625/MERRA2/2019/07/MERRA2.20190701.A3mstC.05x0625.nc4
1851.515,hit,false,0.000,0,202.623,189,GEOS_0.5x0.625/MERRA2/2019/07/MERRA2.20190701.A3mstC.05x0625.nc4
1851.546,hit,false,0.000,0,202.655,189,GEOS_0.5x0.625/MERRA2/2019/07/MERRA2.20190701.A3mstC.05x0625.nc4
1851.575,hit,false,0.000,0,202.684,189,GEOS_0.5x0.625/MERRA2/2019/07/MERRA2.20190701.A3mstC.05x0625.nc4
1851.606,hit,false,0.000,0,202.713,190,GEOS_0.5x0.625/MERRA2/2019/07/MERRA2.20190701.A3mstC.05x0625.nc4
1851.637,hit,false,0.000,0,202.744,190,GEOS_0.5x0.625/MERRA2/2019/07/MERRA2.20190701.A3mstC.05x0625.nc4
1851.669,hit,false,0.000,0,202.776,190,GEOS_0.5x0.625/MERRA2/2019/07/MERRA2.20190701.A3mstC.05x0625.nc4
1851.699,hit,false,0.000,0,202.806,190,GEOS_0.5x0.625/MERRA2/2019/07/MERRA2.20190701.A3mstC.05x0625.nc4
1851.728,hit,false,0.000,0,202.835,190,GEOS_0.5x0.625/MERRA2/2019/07/MERRA2.20190701.A3mstC.05x0625.nc4
1851.760,hit,false,0.000,0,202.868,190,GEOS_0.5x0.625/MERRA2/2019/07/MERRA2.20190701.A3mstC.05x0625.nc4
1851.785,hit,false,0.000,0,202.892,190,GEOS_0.5x0.625/MERRA2/2019/07/MERRA2.20190701.A3mstC.05x0625.nc4
1851.820,hit,false,0.000,0,202.927,190,GEOS_0.5x0.625/MERRA2/2019/07/MERRA2.20190701.A3mstC.05x0625.nc4
1851.844,hit,false,0.000,0,202.950,191,GEOS_0.5x0.625/MERRA2/2019/07/MERRA2.20190701.A3mstC.05x0625.nc4
1851.881,hit,false,0.000,0,202.987,191,GEOS_0.5x0.625/MERRA2/2019/07/MERRA2.20190701.A3mstC.05x0625.nc4
1851.906,hit,false,0.000,0,203.012,191,GEOS_0.5x0.625/MERRA2/2019/07/MERRA2.20190701.A3mstC.05x0625.nc4
1851.938,hit,false,0.000,0,203.043,191,GEOS_0.5x0.625/MERRA2/2019/07/MERRA2.20190701.A3mstC.05x0625.nc4
1851.964,hit,false,0.000,0,203.070,191,GEOS_0.5x0.625/MERRA2/2019/07/MERRA2.20190701.A3mstC.05x0625.nc4
1852.001,hit,false,0.000,0,203.107,191,GEOS_0.5x0.625/MERRA2/2019/07/MERRA2.20190701.A3mstC.05x0625.nc4
1852.025,hit,false,0.000,0,203.131,191,GEOS_0.5x0.625/MERRA2/2019/07/MERRA2.20190701.A3mstC.05x0625.nc4
1852.059,hit,false,0.000,0,203.165,191,GEOS_0.5x0.625/MERRA2/2019/07/MERRA2.20190701.A3mstC.05x0625.nc4
1852.086,hit,false,0.000,0,203.188,192,GEOS_0.5x0.625/MERRA2/2019/07/MERRA2.20190701.A3mstC.05x0625.nc4
1852.196,hit,false,0.000,0,203.298,192,GEOS_0.5x0.625/MERRA2/2019/07/MERRA2.20190701.A3mstC.05x0625.nc4
1852.221,hit,false,0.000,0,203.323,192,GEOS_0.5x0.625/MERRA2/2019/07/MERRA2.20190701.A3mstC.05x0625.nc4
1852.254,hit,false,0.000,0,203.356,192,GEOS_0.5x0.625/MERRA2/2019/07/MERRA2.20190701.A3mstC.05x0625.nc4
1852.279,hit,false,0.000,0,203.381,192,GEOS_0.5x0.625/MERRA2/2019/07/MERRA2.20190701.A3mstC.05x0625.nc4
1852.392,hit,false,0.000,0,203.494,192,GEOS_0.5x0.625/MERRA2/2019/07/MERRA2.20190701.A3mstC.05x0625.nc4
1852.415,hit,false,0.000,0,203.517,192,GEOS_0.5x0.625/MERRA2/2019/07/MERRA2.20190701.A3mstC.05x0625.nc4
1852.454,hit,false,0.000,0,203.556,192,GEOS_0.5x0.625/MERRA2/2019/07/MERRA2.20190701.A3mstC.05x0625.nc4
1852.477,hit,false,0.000,0,203.577,193,GEOS_0.5x0.625/MERRA2/2019/07/MERRA2.20190701.A3mstC.05x0625.nc4
1852.514,hit,false,0.000,0,203.614,193,GEOS_0.5x0.625/MERRA2/2019/07/MERRA2.20190701.A3mstC.05x0625.nc4
1852.539,hit,false,0.000,0,203.638,193,GEOS_0.5x0.625/MERRA2/2019/07/MERRA2.20190701.A3mstC.05x0625.nc4
1852.575,hit,false,0.000,0,203.674,193,GEOS_0.5x0.625/MERRA2/2019/07/MERRA2.20190701.A3mstC.05x0625.nc4
1852.600,hit,false,0.000,0,203.699,193,GEOS_0.5x0.625/MERRA2/2019/07/MERRA2.20190701.A3mstC.05x0625.nc4
1852.637,hit,false,0.000,0,203.737,193,GEOS_0.5x0.625/MERRA2/2019/07/MERRA2.20190701.A3mstC.05x0625.nc4
1852.662,hit,false,0.000,0,203.761,193,GEOS_0.5x0.625/MERRA2/2019/07/MERRA2.20190701.A3mstC.05x0625.nc4
1852.694,hit,false,0.000,0,203.794,193,GEOS_0.5x0.625/MERRA2/2019/07/MERRA2.20190701.A3mstC.05x0625.nc4
1852.721,hit,false,0.000,0,203.819,194,GEOS_0.5x0.625/MERRA2/2019/07/MERRA2.20190701.A3mstC.05x0625.nc4
1852.756,hit,false,0.000,0,203.854,194,GEOS_0.5x0.625/MERRA2/2019/07/MERRA2.20190701.A3mstC.05x0625.nc4
1852.785,hit,false,0.000,0,203.883,194,GEOS_0.5x0.625/MERRA2/2019/07/MERRA2.20190701.A3mstC.05x0625.nc4
1852.818,hit,false,0.000,0,203.915,194,GEOS_0.5x0.625/MERRA2/2019/07/MERRA2.20190701.A3mstC.05x0625.nc4
1852.841,hit,false,0.000,0,203.939,194,GEOS_0.5x0.625/MERRA2/2019/07/MERRA2.20190701.A3mstC.05x0625.nc4
1852.877,hit,false,0.000,0,203.975,194,GEOS_0.5x0.625/MERRA2/2019/07/MERRA2.20190701.A3mstC.05x0625.nc4
1852.901,hit,false,0.000,0,203.999,194,GEOS_0.5x0.625/MERRA2/2019/07/MERRA2.20190701.A3mstC.05x0625.nc4
1852.937,hit,false,0.000,0,204.035,194,GEOS_0.5x0.625/MERRA2/2019/07/MERRA2.20190701.A3mstC.05x0625.nc4
1852.962,hit,false,0.000,0,204.058,195,GEOS_0.5x0.625/MERRA2/2019/07/MERRA2.20190701.A3mstC.05x0625.nc4
1852.999,hit,false,0.000,0,204.094,195,GEOS_0.5x0.625/MERRA2/2019/07/MERRA2.20190701.A3mstC.05x0625.nc4
1853.031,hit,false,0.000,0,204.127,195,GEOS_0.5x0.625/MERRA2/2019/07/MERRA2.20190701.A3mstC.05x0625.nc4
1853.055,hit,false,0.000,0,204.151,195,GEOS_0.5x0.625/MERRA2/2019/07/MERRA2.20190701.A3mstC.05x0625.nc4
1853.107,hit,false,0.000,0,204.203,195,GEOS_0.5x0.625/MERRA2/2019/07/MERRA2.20190701.A3mstC.05x0625.nc4
1853.130,hit,false,0.000,0,204.226,195,GEOS_0.5x0.625/MERRA2/2019/07/MERRA2.20190701.A3mstC.05x0625.nc4
1853.169,hit,false,0.000,0,204.264,195,GEOS_0.5x0.625/MERRA2/2019/07/MERRA2.20190701.A3mstC.05x0625.nc4
1853.193,hit,false,0.000,0,204.288,195,GEOS_0.5x0.625/MERRA2/2019/07/MERRA2.20190701.A3mstC.05x0625.nc4
1853.225,hit,false,0.000,0,204.315,196,GEOS_0.5x0.625/MERRA2/2019/07/MERRA2.20190701.A3mstC.05x0625.nc4
1853.253,hit,false,0.000,0,204.343,196,GEOS_0.5x0.625/MERRA2/2019/07/MERRA2.20190701.A3mstC.05x0625.nc4
1853.284,hit,false,0.000,0,204.374,196,GEOS_0.5x0.625/MERRA2/2019/07/MERRA2.20190701.A3mstC.05x0625.nc4
1853.310,hit,false,0.000,0,204.399,196,GEOS_0.5x0.625/MERRA2/2019/07/MERRA2.20190701.A3mstC.05x0625.nc4
1853.341,hit,false,0.000,0,204.431,196,GEOS_0.5x0.625/MERRA2/2019/07/MERRA2.20190701.A3mstC.05x0625.nc4
1853.368,hit,false,0.000,0,204.457,196,GEOS_0.5x0.625/MERRA2/2019/07/MERRA2.20190701.A3mstC.05x0625.nc4
1853.399,hit,false,0.000,0,204.488,196,GEOS_0.5x0.625/MERRA2/2019/07/MERRA2.20190701.A3mstC.05x0625.nc4
1853.424,hit,false,0.000,0,204.513,196,GEOS_0.5x0.625/MERRA2/2019/07/MERRA2.20190701.A3mstC.05x0625.nc4
1853.455,hit,false,0.000,0,204.544,197,GEOS_0.5x0.625/MERRA2/2019/07/MERRA2.20190701.A3mstC.05x0625.nc4
1853.488,hit,false,0.000,0,204.577,197,GEOS_0.5x0.625/MERRA2/2019/07/MERRA2.20190701.A3mstC.05x0625.nc4
1853.513,hit,false,0.000,0,204.601,197,GEOS_0.5x0.625/MERRA2/2019/07/MERRA2.20190701.A3mstC.05x0625.nc4
1853.549,hit,false,0.000,0,204.637,197,GEOS_0.5x0.625/MERRA2/2019/07/MERRA2.20190701.A3mstC.05x0625.nc4
1853.578,hit,false,0.000,0,204.666,197,GEOS_0.5x0.625/MERRA2/2019/07/MERRA2.20190701.A3mstC.05x0625.nc4
1853.612,hit,false,0.000,0,204.700,197,GEOS_0.5x0.625/MERRA2/2019/07/MERRA2.20190701.A3mstC.05x0625.nc4
1853.637,hit,false,0.000,0,204.725,197,GEOS_0.5x0.625/MERRA2/2019/07/MERRA2.20190701.A3mstC.05x0625.nc4
1853.672,hit,false,0.000,0,204.761,197,GEOS_0.5x0.625/MERRA2/2019/07/MERRA2.20190701.A3mstC.05x0625.nc4
1853.697,hit,false,0.000,0,204.783,198,GEOS_0.5x0.625/MERRA2/2019/07/MERRA2.20190701.A3mstC.05x0625.nc4
1853.733,hit,false,0.000,0,204.819,198,GEOS_0.5x0.625/MERRA2/2019/07/MERRA2.20190701.A3mstC.05x0625.nc4
1853.759,hit,false,0.000,0,204.846,198,GEOS_0.5x0.625/MERRA2/2019/07/MERRA2.20190701.A3mstC.05x0625.nc4
1853.790,hit,false,0.000,0,204.877,198,GEOS_0.5x0.625/MERRA2/2019/07/MERRA2.20190701.A3mstC.05x0625.nc4
1853.820,hit,false,0.000,0,204.906,198,GEOS_0.5x0.625/MERRA2/2019/07/MERRA2.20190701.A3mstC.05x0625.nc4
1853.851,hit,false,0.000,0,204.937,198,GEOS_0.5x0.625/MERRA2/2019/07/MERRA2.20190701.A3mstC.05x0625.nc4
1853.879,hit,false,0.000,0,204.966,198,GEOS_0.5x0.625/MERRA2/2019/07/MERRA2.20190701.A3mstC.05x0625.nc4
1853.913,hit,false,0.000,0,204.999,198,GEOS_0.5x0.625/MERRA2/2019/07/MERRA2.20190701.A3mstC.05x0625.nc4
1853.937,hit,false,0.000,0,205.022,199,GEOS_0.5x0.625/MERRA2/2019/07/MERRA2.20190701.A3mstC.05x0625.nc4
1853.974,hit,false,0.000,0,205.058,199,GEOS_0.5x0.625/MERRA2/2019/07/MERRA2.20190701.A3mstC.05x0625.nc4
1854.001,hit,false,0.000,0,205.086,199,GEOS_0.5x0.625/MERRA2/2019/07/MERRA2.20190701.A3mstC.05x0625.nc4
1854.032,hit,false,0.000,0,205.117,199,GEOS_0.5x0.625/MERRA2/2019/07/MERRA2.20190701.A3mstC.05x0625.nc4
1854.059,hit,false,0.000,0,205.144,199,GEOS_0.5x0.625/MERRA2/2019/07/MERRA2.20190701.A3mstC.05x0625.nc4
1854.089,hit,false,0.000,0,205.174,199,GEOS_0.5x0.625/MERRA2/2019/07/MERRA2.20190701.A3mstC.05x0625.nc4
1854.119,hit,false,0.000,0,205.204,199,GEOS_0.5x0.625/MERRA2/2019/07/MERRA2.20190701.A3mstC.05x0625.nc4
1854.149,hit,false,0.000,0,205.234,199,GEOS_0.5x0.625/MERRA2/2019/07/MERRA2.20190701.A3mstC.05x0625.nc4
1854.177,hit,false,0.000,0,205.273,200,GEOS_0.5x0.625/MERRA2/2019/07/MERRA2.20190701.A3mstC.05x0625.nc4
1854.211,hit,false,0.000,0,205.307,200,GEOS_0.5x0.625/MERRA2/2019/07/MERRA2.20190701.A3mstC.05x0625.nc4
1854.252,hit,false,0.000,0,205.349,200,GEOS_0.5x0.625/MERRA2/2019/07/MERRA2.20190701.A3mstC.05x0625.nc4
1854.276,hit,false,0.000,0,205.372,200,GEOS_0.5x0.625/MERRA2/2019/07/MERRA2.20190701.A3mstC.05x0625.nc4
1854.392,hit,false,0.000,0,205.489,200,GEOS_0.5x0.625/MERRA2/2019/07/MERRA2.20190701.A3mstC.05x0625.nc4
1854.417,hit,false,0.000,0,205.513,200,GEOS_0.5x0.625/MERRA2/2019/07/MERRA2.20190701.A3mstC.05x0625.nc4
1854.449,hit,false,0.000,0,205.545,200,GEOS_0.5x0.625/MERRA2/2019/07/MERRA2.20190701.A3mstC.05x0625.nc4
1854.474,hit,false,0.000,0,205.570,200,GEOS_0.5x0.625/MERRA2/2019/07/MERRA2.20190701.A3mstC.05x0625.nc4
1854.509,hit,false,0.000,0,205.602,201,GEOS_0.5x0.625/MERRA2/2019/07/MERRA2.20190701.A3mstC.05x0625.nc4
1854.537,hit,false,0.000,0,205.629,201,GEOS_0.5x0.625/MERRA2/2019/07/MERRA2.20190701.A3mstC.05x0625.nc4
1854.571,hit,false,0.000,0,205.664,201,GEOS_0.5x0.625/MERRA2/2019/07/MERRA2.20190701.A3mstC.05x0625.nc4
1854.595,hit,false,0.000,0,205.688,201,GEOS_0.5x0.625/MERRA2/2019/07/MERRA2.20190701.A3mstC.05x0625.nc4
1854.629,hit,false,0.000,0,205.722,201,GEOS_0.5x0.625/MERRA2/2019/07/MERRA2.20190701.A3mstC.05x0625.nc4
1854.655,hit,false,0.000,0,205.747,201,GEOS_0.5x0.625/MERRA2/2019/07/MERRA2.20190701.A3mstC.05x0625.nc4
1854.687,hit,false,0.000,0,205.780,201,GEOS_0.5x0.625/MERRA2/2019/07/MERRA2.20190701.A3mstC.05x0625.nc4
1854.713,hit,false,0.000,0,205.806,201,GEOS_0.5x0.625/MERRA2/2019/07/MERRA2.20190701.A3mstC.05x0625.nc4
1854.746,hit,false,0.000,0,205.837,202,GEOS_0.5x0.625/MERRA2/2019/07/MERRA2.20190701.A3mstC.05x0625.nc4
1854.780,hit,false,0.000,0,205.871,202,GEOS_0.5x0.625/MERRA2/2019/07/MERRA2.20190701.A3mstC.05x0625.nc4
1854.817,hit,false,0.000,0,205.908,202,GEOS_0.5x0.625/MERRA2/2019/07/MERRA2.20190701.A3mstC.05x0625.nc4
1854.842,hit,false,0.000,0,205.932,202,GEOS_0.5x0.625/MERRA2/2019/07/MERRA2.20190701.A3mstC.05x0625.nc4
1854.877,hit,false,0.000,0,205.967,202,GEOS_0.5x0.625/MERRA2/2019/07/MERRA2.20190701.A3mstC.05x0625.nc4
1854.902,hit,false,0.000,0,205.993,202,GEOS_0.5x0.625/MERRA2/2019/07/MERRA2.20190701.A3mstC.05x0625.nc4
1854.944,hit,false,0.000,0,206.034,202,GEOS_0.5x0.625/MERRA2/2019/07/MERRA2.20190701.A3mstC.05x0625.nc4
1854.968,hit,false,0.000,0,206.059,202,GEOS_0.5x0.625/MERRA2/2019/07/MERRA2.20190701.A3mstC.05x0625.nc4
1855.001,hit,false,0.000,0,206.089,203,GEOS_0.5x0.625/MERRA2/2019/07/MERRA2.20190701.A3mstC.05x0625.nc4
1855.028,hit,false,0.000,0,206.116,203,GEOS_0.5x0.625/MERRA2/2019/07/MERRA2.20190701.A3mstC.05x0625.nc4
1855.062,hit,false,0.000,0,206.150,203,GEOS_0.5x0.625/MERRA2/2019/07/MERRA2.20190701.A3mstC.05x0625.nc4
1855.088,hit,false,0.000,0,206.176,203,GEOS_0.5x0.625/MERRA2/2019/07/MERRA2.20190701.A3mstC.05x0625.nc4
1855.119,hit,false,0.000,0,206.208,203,GEOS_0.5x0.625/MERRA2/2019/07/MERRA2.20190701.A3mstC.05x0625.nc4
1855.148,hit,false,0.000,0,206.236,203,GEOS_0.5x0.625/MERRA2/2019/07/MERRA2.20190701.A3mstC.05x0625.nc4
1855.179,hit,false,0.000,0,206.267,203,GEOS_0.5x0.625/MERRA2/2019/07/MERRA2.20190701.A3mstC.05x0625.nc4
1855.209,hit,false,0.000,0,206.297,203,GEOS_0.5x0.625/MERRA2/2019/07/MERRA2.20190701.A3mstC.05x0625.nc4
1855.248,hit,false,0.000,0,206.334,204,GEOS_0.5x0.625/MERRA2/2019/07/MERRA2.20190701.A3mstC.05x0625.nc4
1855.274,hit,false,0.000,0,206.360,204,GEOS_0.5x0.625/MERRA2/2019/07/MERRA2.20190701.A3mstC.05x0625.nc4
1855.308,hit,false,0.000,0,206.394,204,GEOS_0.5x0.625/MERRA2/2019/07/MERRA2.20190701.A3mstC.05x0625.nc4
1855.332,hit,false,0.000,0,206.418,204,GEOS_0.5x0.625/MERRA2/2019/07/MERRA2.20190701.A3mstC.05x0625.nc4
1855.368,hit,false,0.000,0,206.454,204,GEOS_0.5x0.625/MERRA2/2019/07/MERRA2.20190701.A3mstC.05x0625.nc4
1855.392,hit,false,0.000,0,206.478,204,GEOS_0.5x0.625/MERRA2/2019/07/MERRA2.20190701.A3mstC.05x0625.nc4
1855.426,hit,false,0.000,0,206.512,204,GEOS_0.5x0.625/MERRA2/2019/07/MERRA2.20190701.A3mstC.05x0625.nc4
1855.452,hit,false,0.000,0,206.538,204,GEOS_0.5x0.625/MERRA2/2019/07/MERRA2.20190701.A3mstC.05x0625.nc4
1855.486,hit,false,0.000,0,206.570,205,GEOS_0.5x0.625/MERRA2/2019/07/MERRA2.20190701.A3mstC.05x0625.nc4
1855.513,hit,false,0.000,0,206.597,205,GEOS_0.5x0.625/MERRA2/2019/07/MERRA2.20190701.A3mstC.05x0625.nc4
1855.547,hit,false,0.000,0,206.631,205,GEOS_0.5x0.625/MERRA2/2019/07/MERRA2.20190701.A3mstC.05x0625.nc4
1855.570,hit,false,0.000,0,206.655,205,GEOS_0.5x0.625/MERRA2/2019/07/MERRA2.20190701.A3mstC.05x0625.nc4
1855.607,hit,false,0.000,0,206.691,205,GEOS_0.5x0.625/MERRA2/2019/07/MERRA2.20190701.A3mstC.05x0625.nc4
1855.630,hit,false,0.000,0,206.714,205,GEOS_0.5x0.625/MERRA2/2019/07/MERRA2.20190701.A3mstC.05x0625.nc4
1855.664,hit,false,0.000,0,206.748,205,GEOS_0.5x0.625/MERRA2/2019/07/MERRA2.20190701.A3mstC.05x0625.nc4
1855.690,hit,false,0.000,0,206.774,205,GEOS_0.5x0.625/MERRA2/2019/07/MERRA2.20190701.A3mstC.05x0625.nc4
1855.721,hit,false,0.000,0,206.803,206,GEOS_0.5x0.625/MERRA2/2019/07/MERRA2.20190701.A3mstC.05x0625.nc4
1855.748,hit,false,0.000,0,206.831,206,GEOS_0.5x0.625/MERRA2/2019/07/MERRA2.20190701.A3mstC.05x0625.nc4
1855.781,hit,false,0.000,0,206.864,206,GEOS_0.5x0.625/MERRA2/2019/07/MERRA2.20190701.A3mstC.05x0625.nc4
1855.829,hit,false,0.000,0,206.911,206,GEOS_0.5x0.625/MERRA2/2019/07/MERRA2.20190701.A3mstC.05x0625.nc4
1855.851,hit,false,0.000,0,206.933,206,GEOS_0.5x0.625/MERRA2/2019/07/MERRA2.20190701.A3mstC.05x0625.nc4
1855.889,hit,false,0.000,0,206.971,206,GEOS_0.5x0.625/MERRA2/2019/07/MERRA2.20190701.A3mstC.05x0625.nc4
1855.913,hit,false,0.000,0,206.995,206,GEOS_0.5x0.625/MERRA2/2019/07/MERRA2.20190701.A3mstC.05x0625.nc4
1855.949,hit,false,0.000,0,207.031,206,GEOS_0.5x0.625/MERRA2/2019/07/MERRA2.20190701.A3mstC.05x0625.nc4
1855.973,hit,false,0.000,0,207.054,207,GEOS_0.5x0.625/MERRA2/2019/07/MERRA2.20190701.A3mstC.05x0625.nc4
1856.012,hit,false,0.000,0,207.093,207,GEOS_0.5x0.625/MERRA2/2019/07/MERRA2.20190701.A3mstC.05x0625.nc4
1856.036,hit,false,0.000,0,207.116,207,GEOS_0.5x0.625/MERRA2/2019/07/MERRA2.20190701.A3mstC.05x0625.nc4
1856.069,hit,false,0.000,0,207.150,207,GEOS_0.5x0.625/MERRA2/2019/07/MERRA2.20190701.A3mstC.05x0625.nc4
1856.093,hit,false,0.000,0,207.173,207,GEOS_0.5x0.625/MERRA2/2019/07/MERRA2.20190701.A3mstC.05x0625.nc4
1856.124,hit,false,0.000,0,207.205,207,GEOS_0.5x0.625/MERRA2/2019/07/MERRA2.20190701.A3mstC.05x0625.nc4
1856.149,hit,false,0.000,0,207.230,207,GEOS_0.5x0.625/MERRA2/2019/07/MERRA2.20190701.A3mstC.05x0625.nc4
1856.180,hit,false,0.000,0,207.260,207,GEOS_0.5x0.625/MERRA2/2019/07/MERRA2.20190701.A3mstC.05x0625.nc4
1856.209,hit,false,0.000,0,191.014,208,GEOS_0.5x0.625/MERRA2/2019/07/MERRA2.20190701.A3mstC.05x0625.nc4
1856.236,hit,false,0.000,0,191.041,208,GEOS_0.5x0.625/MERRA2/2019/07/MERRA2.20190701.A3mstC.05x0625.nc4
1856.281,hit,false,0.000,0,191.085,208,GEOS_0.5x0.625/MERRA2/2019/07/MERRA2.20190701.A3mstC.05x0625.nc4
1856.384,hit,false,0.000,0,191.189,208,GEOS_0.5x0.625/MERRA2/2019/07/MERRA2.20190701.A3mstC.05x0625.nc4
1856.408,hit,false,0.000,0,191.212,208,GEOS_0.5x0.625/MERRA2/2019/07/MERRA2.20190701.A3mstC.05x0625.nc4
1856.441,hit,false,0.000,0,191.245,208,GEOS_0.5x0.625/MERRA2/2019/07/MERRA2.20190701.A3mstC.05x0625.nc4
1856.466,hit,false,0.000,0,191.270,208,GEOS_0.5x0.625/MERRA2/2019/07/MERRA2.20190701.A3mstC.05x0625.nc4
1856.497,hit,false,0.000,0,191.302,208,GEOS_0.5x0.625/MERRA2/2019/07/MERRA2.20190701.A3mstC.05x0625.nc4
1856.529,hit,false,0.000,0,191.328,209,GEOS_0.5x0.625/MERRA2/2019/07/MERRA2.20190701.A3mstC.05x0625.nc4
1856.554,hit,false,0.000,0,191.354,209,GEOS_0.5x0.625/MERRA2/2019/07/MERRA2.20190701.A3mstC.05x0625.nc4
1856.591,hit,false,0.000,0,191.391,209,GEOS_0.5x0.625/MERRA2/2019/07/MERRA2.20190701.A3mstC.05x0625.nc4
1856.619,hit,false,0.000,0,191.419,209,GEOS_0.5x0.625/MERRA2/2019/07/MERRA2.20190701.A3mstC.05x0625.nc4
1856.651,hit,false,0.000,0,191.451,209,GEOS_0.5x0.625/MERRA2/2019/07/MERRA2.20190701.A3mstC.05x0625.nc4
1856.680,hit,false,0.000,0,191.480,209,GEOS_0.5x0.625/MERRA2/2019/07/MERRA2.20190701.A3mstC.05x0625.nc4
1856.709,hit,false,0.000,0,191.509,209,GEOS_0.5x0.625/MERRA2/2019/07/MERRA2.20190701.A3mstC.05x0625.nc4
1856.744,hit,false,0.000,0,191.544,209,GEOS_0.5x0.625/MERRA2/2019/07/MERRA2.20190701.A3mstC.05x0625.nc4
1856.768,hit,false,0.000,0,191.565,210,GEOS_0.5x0.625/MERRA2/2019/07/MERRA2.20190701.A3mstC.05x0625.nc4
1856.807,hit,false,0.000,0,191.604,210,GEOS_0.5x0.625/MERRA2/2019/07/MERRA2.20190701.A3mstC.05x0625.nc4
1856.831,hit,false,0.000,0,191.627,210,GEOS_0.5x0.625/MERRA2/2019/07/MERRA2.20190701.A3mstC.05x0625.nc4
1856.870,hit,false,0.000,0,191.667,210,GEOS_0.5x0.625/MERRA2/2019/07/MERRA2.20190701.A3mstC.05x0625.nc4
1856.894,hit,false,0.000,0,191.691,210,GEOS_0.5x0.625/MERRA2/2019/07/MERRA2.20190701.A3mstC.05x0625.nc4
1856.931,hit,false,0.000,0,191.727,210,GEOS_0.5x0.625/MERRA2/2019/07/MERRA2.20190701.A3mstC.05x0625.nc4
1856.954,hit,false,0.000,0,191.751,210,GEOS_0.5x0.625/MERRA2/2019/07/MERRA2.20190701.A3mstC.05x0625.nc4
1856.987,hit,false,0.000,0,191.783,210,GEOS_0.5x0.625/MERRA2/2019/07/MERRA2.20190701.A3mstC.05x0625.nc4
1857.015,hit,false,0.000,0,191.810,211,GEOS_0.5x0.625/MERRA2/2019/07/MERRA2.20190701.A3mstC.05x0625.nc4
1857.047,hit,false,0.000,0,191.842,211,GEOS_0.5x0.625/MERRA2/2019/07/MERRA2.20190701.A3mstC.05x0625.nc4
1857.077,hit,false,0.000,0,191.871,211,GEOS_0.5x0.625/MERRA2/2019/07/MERRA2.20190701.A3mstC.05x0625.nc4
1857.105,hit,false,0.000,0,191.900,211,GEOS_0.5x0.625/MERRA2/2019/07/MERRA2.20190701.A3mstC.05x0625.nc4
1857.138,hit,false,0.000,0,191.932,211,GEOS_0.5x0.625/MERRA2/2019/07/MERRA2.20190701.A3mstC.05x0625.nc4
1857.161,hit,false,0.000,0,191.955,211,GEOS_0.5x0.625/MERRA2/2019/07/MERRA2.20190701.A3mstC.05x0625.nc4
1857.197,hit,false,0.000,0,191.992,211,GEOS_0.5x0.625/MERRA2/2019/07/MERRA2.20190701.A3mstC.05x0625.nc4
1857.221,hit,false,0.000,0,192.016,211,GEOS_0.5x0.625/MERRA2/2019/07/MERRA2.20190701.A3mstC.05x0625.nc4
1857.253,hit,false,0.000,0,192.046,212,GEOS_0.5x0.625/MERRA2/2019/07/MERRA2.20190701.A3mstC.05x0625.nc4
1857.281,hit,false,0.000,0,192.073,212,GEOS_0.5x0.625/MERRA2/2019/07/MERRA2.20190701.A3mstC.05x0625.nc4
1857.312,hit,false,0.000,0,192.105,212,GEOS_0.5x0.625/MERRA2/2019/07/MERRA2.20190701.A3mstC.05x0625.nc4
1857.338,hit,false,0.000,0,192.131,212,GEOS_0.5x0.625/MERRA2/2019/07/MERRA2.20190701.A3mstC.05x0625.nc4
1857.367,hit,false,0.000,0,192.160,212,GEOS_0.5x0.625/MERRA2/2019/07/MERRA2.20190701.A3mstC.05x0625.nc4
1857.396,hit,false,0.000,0,192.189,212,GEOS_0.5x0.625/MERRA2/2019/07/MERRA2.20190701.A3mstC.05x0625.nc4
1857.425,hit,false,0.000,0,192.218,212,GEOS_0.5x0.625/MERRA2/2019/07/MERRA2.20190701.A3mstC.05x0625.nc4
1857.453,hit,false,0.000,0,192.246,212,GEOS_0.5x0.625/MERRA2/2019/07/MERRA2.20190701.A3mstC.05x0625.nc4
1857.482,hit,false,0.000,0,192.273,213,GEOS_0.5x0.625/MERRA2/2019/07/MERRA2.20190701.A3mstC.05x0625.nc4
1857.509,hit,false,0.000,0,192.300,213,GEOS_0.5x0.625/MERRA2/2019/07/MERRA2.20190701.A3mstC.05x0625.nc4
1857.541,hit,false,0.000,0,192.332,213,GEOS_0.5x0.625/MERRA2/2019/07/MERRA2.20190701.A3mstC.05x0625.nc4
1857.565,hit,false,0.000,0,192.356,213,GEOS_0.5x0.625/MERRA2/2019/07/MERRA2.20190701.A3mstC.05x0625.nc4
1857.597,hit,false,0.000,0,192.387,213,GEOS_0.5x0.625/MERRA2/2019/07/MERRA2.20190701.A3mstC.05x0625.nc4
1857.623,hit,false,0.000,0,192.413,213,GEOS_0.5x0.625/MERRA2/2019/07/MERRA2.20190701.A3mstC.05x0625.nc4
1857.651,hit,false,0.000,0,192.442,213,GEOS_0.5x0.625/MERRA2/2019/07/MERRA2.20190701.A3mstC.05x0625.nc4
1857.682,hit,false,0.000,0,192.472,213,GEOS_0.5x0.625/MERRA2/2019/07/MERRA2.20190701.A3mstC.05x0625.nc4
1857.705,hit,false,0.000,0,192.438,214,GEOS_0.5x0.625/MERRA2/2019/07/MERRA2.20190701.A3mstC.05x0625.nc4
1857.742,hit,false,0.000,0,192.474,214,GEOS_0.5x0.625/MERRA2/2019/07/MERRA2.20190701.A3mstC.05x0625.nc4
1857.765,hit,false,0.000,0,192.498,214,GEOS_0.5x0.625/MERRA2/2019/07/MERRA2.20190701.A3mstC.05x0625.nc4
1857.803,hit,false,0.000,0,192.535,214,GEOS_0.5x0.625/MERRA2/2019/07/MERRA2.20190701.A3mstC.05x0625.nc4
1857.827,hit,false,0.000,0,192.560,214,GEOS_0.5x0.625/MERRA2/2019/07/MERRA2.20190701.A3mstC.05x0625.nc4
1857.858,hit,false,0.000,0,192.590,214,GEOS_0.5x0.625/MERRA2/2019/07/MERRA2.20190701.A3mstC.05x0625.nc4
1857.885,hit,false,0.000,0,192.618,214,GEOS_0.5x0.625/MERRA2/2019/07/MERRA2.20190701.A3mstC.05x0625.nc4
1857.910,hit,false,0.000,0,192.643,214,GEOS_0.5x0.625/MERRA2/2019/07/MERRA2.20190701.A3mstC.05x0625.nc4
1857.943,hit,false,0.000,0,192.670,215,GEOS_0.5x0.625/MERRA2/2019/07/MERRA2.20190701.A3mstC.05x0625.nc4
1857.968,hit,false,0.000,0,192.696,215,GEOS_0.5x0.625/MERRA2/2019/07/MERRA2.20190701.A3mstC.05x0625.nc4
1857.998,hit,false,0.000,0,192.726,215,GEOS_0.5x0.625/MERRA2/2019/07/MERRA2.20190701.A3mstC.05x0625.nc4
1858.024,hit,false,0.000,0,192.752,215,GEOS_0.5x0.625/MERRA2/2019/07/MERRA2.20190701.A3mstC.05x0625.nc4
1858.053,hit,false,0.000,0,192.781,215,GEOS_0.5x0.625/MERRA2/2019/07/MERRA2.20190701.A3mstC.05x0625.nc4
1858.084,hit,false,0.000,0,192.811,215,GEOS_0.5x0.625/MERRA2/2019/07/MERRA2.20190701.A3mstC.05x0625.nc4
1858.107,hit,false,0.000,0,192.834,215,GEOS_0.5x0.625/MERRA2/2019/07/MERRA2.20190701.A3mstC.05x0625.nc4
1858.137,hit,false,0.000,0,192.865,215,GEOS_0.5x0.625/MERRA2/2019/07/MERRA2.20190701.A3mstC.05x0625.nc4
1858.163,hit,false,0.000,0,193.051,216,GEOS_0.5x0.625/MERRA2/2019/07/MERRA2.20190701.A3mstC.05x0625.nc4
1858.196,hit,false,0.000,0,193.084,216,GEOS_0.5x0.625/MERRA2/2019/07/MERRA2.20190701.A3mstC.05x0625.nc4
1858.316,hit,false,0.000,0,193.204,216,GEOS_0.5x0.625/MERRA2/2019/07/MERRA2.20190701.A3mstC.05x0625.nc4
1858.337,hit,false,0.000,0,193.226,216,GEOS_0.5x0.625/MERRA2/2019/07/MERRA2.20190701.A3mstC.05x0625.nc4
1858.378,hit,false,0.000,0,193.266,216,GEOS_0.5x0.625/MERRA2/2019/07/MERRA2.20190701.A3mstC.05x0625.nc4
1858.402,hit,false,0.000,0,193.290,216,GEOS_0.5x0.625/MERRA2/2019/07/MERRA2.20190701.A3mstC.05x0625.nc4
1858.440,hit,false,0.000,0,193.328,216,GEOS_0.5x0.625/MERRA2/2019/07/MERRA2.20190701.A3mstC.05x0625.nc4
1858.463,hit,false,0.000,0,193.351,216,GEOS_0.5x0.625/MERRA2/2019/07/MERRA2.20190701.A3mstC.05x0625.nc4
1858.501,hit,false,0.000,0,193.387,217,GEOS_0.5x0.625/MERRA2/2019/07/MERRA2.20190701.A3mstC.05x0625.nc4
1858.527,hit,false,0.000,0,193.412,217,GEOS_0.5x0.625/MERRA2/2019/07/MERRA2.20190701.A3mstC.05x0625.nc4
1858.561,hit,false,0.000,0,193.446,217,GEOS_0.5x0.625/MERRA2/2019/07/MERRA2.20190701.A3mstC.05x0625.nc4
1858.587,hit,false,0.000,0,193.472,217,GEOS_0.5x0.625/MERRA2/2019/07/MERRA2.20190701.A3mstC.05x0625.nc4
1858.616,hit,false,0.000,0,193.501,217,GEOS_0.5x0.625/MERRA2/2019/07/MERRA2.20190701.A3mstC.05x0625.nc4
1858.646,hit,false,0.000,0,193.532,217,GEOS_0.5x0.625/MERRA2/2019/07/MERRA2.20190701.A3mstC.05x0625.nc4
1858.677,hit,false,0.000,0,193.562,217,GEOS_0.5x0.625/MERRA2/2019/07/MERRA2.20190701.A3mstC.05x0625.nc4
1858.705,hit,false,0.000,0,193.590,217,GEOS_0.5x0.625/MERRA2/2019/07/MERRA2.20190701.A3mstC.05x0625.nc4
1858.736,hit,false,0.000,0,193.619,218,GEOS_0.5x0.625/MERRA2/2019/07/MERRA2.20190701.A3mstC.05x0625.nc4
1858.764,hit,false,0.000,0,193.647,218,GEOS_0.5x0.625/MERRA2/2019/07/MERRA2.20190701.A3mstC.05x0625.nc4
1858.799,hit,false,0.000,0,193.681,218,GEOS_0.5x0.625/MERRA2/2019/07/MERRA2.20190701.A3mstC.05x0625.nc4
1858.824,hit,false,0.000,0,193.706,218,GEOS_0.5x0.625/MERRA2/2019/07/MERRA2.20190701.A3mstC.05x0625.nc4
1858.857,hit,false,0.000,0,193.740,218,GEOS_0.5x0.625/MERRA2/2019/07/MERRA2.20190701.A3mstC.05x0625.nc4
1858.885,hit,false,0.000,0,193.767,218,GEOS_0.5x0.625/MERRA2/2019/07/MERRA2.20190701.A3mstC.05x0625.nc4
1858.917,hit,false,0.000,0,193.799,218,GEOS_0.5x0.625/MERRA2/2019/07/MERRA2.20190701.A3mstC.05x0625.nc4
1858.941,hit,false,0.000,0,193.823,218,GEOS_0.5x0.625/MERRA2/2019/07/MERRA2.20190701.A3mstC.05x0625.nc4
1858.978,hit,false,0.000,0,193.855,219,GEOS_0.5x0.625/MERRA2/2019/07/MERRA2.20190701.A3mstC.05x0625.nc4
1859.003,hit,false,0.000,0,193.880,219,GEOS_0.5x0.625/MERRA2/2019/07/MERRA2.20190701.A3mstC.05x0625.nc4
1859.038,hit,false,0.000,0,193.914,219,GEOS_0.5x0.625/MERRA2/2019/07/MERRA2.20190701.A3mstC.05x0625.nc4
1859.063,hit,false,0.000,0,193.940,219,GEOS_0.5x0.625/MERRA2/2019/07/MERRA2.20190701.A3mstC.05x0625.nc4
1859.095,hit,false,0.000,0,193.972,219,GEOS_0.5x0.625/MERRA2/2019/07/MERRA2.20190701.A3mstC.05x0625.nc4
1859.120,hit,false,0.000,0,193.997,219,GEOS_0.5x0.625/MERRA2/2019/07/MERRA2.20190701.A3mstC.05x0625.nc4
1859.152,hit,false,0.000,0,194.029,219,GEOS_0.5x0.625/MERRA2/2019/07/MERRA2.20190701.A3mstC.05x0625.nc4
1859.176,hit,false,0.000,0,194.053,219,GEOS_0.5x0.625/MERRA2/2019/07/MERRA2.20190701.A3mstC.05x0625.nc4
1859.210,hit,false,0.000,0,194.085,220,GEOS_0.5x0.625/MERRA2/2019/07/MERRA2.20190701.A3mstC.05x0625.nc4
1859.243,hit,false,0.000,0,194.118,220,GEOS_0.5x0.625/MERRA2/2019/07/MERRA2.20190701.A3mstC.05x0625.nc4
1859.280,hit,false,0.000,0,194.155,220,GEOS_0.5x0.625/MERRA2/2019/07/MERRA2.20190701.A3mstC.05x0625.nc4
1859.303,hit,false,0.000,0,194.178,220,GEOS_0.5x0.625/MERRA2/2019/07/MERRA2.20190701.A3mstC.05x0625.nc4
1859.338,hit,false,0.000,0,194.213,220,GEOS_0.5x0.625/MERRA2/2019/07/MERRA2.20190701.A3mstC.05x0625.nc4
1859.364,hit,false,0.000,0,194.239,220,GEOS_0.5x0.625/MERRA2/2019/07/MERRA2.20190701.A3mstC.05x0625.nc4
1859.395,hit,false,0.000,0,194.270,220,GEOS_0.5x0.625/MERRA2/2019/07/MERRA2.20190701.A3mstC.05x0625.nc4
1859.421,hit,false,0.000,0,194.296,220,GEOS_0.5x0.625/MERRA2/2019/07/MERRA2.20190701.A3mstC.05x0625.nc4
1859.451,hit,false,0.000,0,194.325,221,GEOS_0.5x0.625/MERRA2/2019/07/MERRA2.20190701.A3mstC.05x0625.nc4
1859.484,hit,false,0.000,0,194.357,221,GEOS_0.5x0.625/MERRA2/2019/07/MERRA2.20190701.A3mstC.05x0625.nc4
1859.508,hit,false,0.000,0,194.381,221,GEOS_0.5x0.625/MERRA2/2019/07/MERRA2.20190701.A3mstC.05x0625.nc4
1859.541,hit,false,0.000,0,194.414,221,GEOS_0.5x0.625/MERRA2/2019/07/MERRA2.20190701.A3mstC.05x0625.nc4
1859.567,hit,false,0.000,0,194.440,221,GEOS_0.5x0.625/MERRA2/2019/07/MERRA2.20190701.A3mstC.05x0625.nc4
1859.597,hit,false,0.000,0,194.471,221,GEOS_0.5x0.625/MERRA2/2019/07/MERRA2.20190701.A3mstC.05x0625.nc4
1859.622,hit,false,0.000,0,194.496,221,GEOS_0.5x0.625/MERRA2/2019/07/MERRA2.20190701.A3mstC.05x0625.nc4
1859.655,hit,false,0.000,0,194.528,221,GEOS_0.5x0.625/MERRA2/2019/07/MERRA2.20190701.A3mstC.05x0625.nc4
1859.682,hit,false,0.000,0,194.553,222,GEOS_0.5x0.625/MERRA2/2019/07/MERRA2.20190701.A3mstC.05x0625.nc4
1859.715,hit,false,0.000,0,194.587,222,GEOS_0.5x0.625/MERRA2/2019/07/MERRA2.20190701.A3mstC.05x0625.nc4
1859.741,hit,false,0.000,0,194.612,222,GEOS_0.5x0.625/MERRA2/2019/07/MERRA2.20190701.A3mstC.05x0625.nc4
1859.773,hit,false,0.000,0,194.645,222,GEOS_0.5x0.625/MERRA2/2019/07/MERRA2.20190701.A3mstC.05x0625.nc4
1859.798,hit,false,0.000,0,194.669,222,GEOS_0.5x0.625/MERRA2/2019/07/MERRA2.20190701.A3mstC.05x0625.nc4
1859.838,hit,false,0.000,0,194.710,222,GEOS_0.5x0.625/MERRA2/2019/07/MERRA2.20190701.A3mstC.05x0625.nc4
1859.861,hit,false,0.000,0,194.733,222,GEOS_0.5x0.625/MERRA2/2019/07/MERRA2.20190701.A3mstC.05x0625.nc4
1859.896,hit,false,0.000,0,194.768,222,GEOS_0.5x0.625/MERRA2/2019/07/MERRA2.20190701.A3mstC.05x0625.nc4
1859.920,hit,false,0.000,0,194.790,223,GEOS_0.5x0.625/MERRA2/2019/07/MERRA2.20190701.A3mstC.05x0625.nc4
1859.953,hit,false,0.000,0,194.823,223,GEOS_0.5x0.625/MERRA2/2019/07/MERRA2.20190701.A3mstC.05x0625.nc4
1859.979,hit,false,0.000,0,194.849,223,GEOS_0.5x0.625/MERRA2/2019/07/MERRA2.20190701.A3mstC.05x0625.nc4
1860.009,hit,false,0.000,0,194.879,223,GEOS_0.5x0.625/MERRA2/2019/07/MERRA2.20190701.A3mstC.05x0625.nc4
1860.039,hit,false,0.000,0,194.909,223,GEOS_0.5x0.625/MERRA2/2019/07/MERRA2.20190701.A3mstC.05x0625.nc4
1860.068,hit,false,0.000,0,194.938,223,GEOS_0.5x0.625/MERRA2/2019/07/MERRA2.20190701.A3mstC.05x0625.nc4
1860.097,hit,false,0.000,0,194.967,223,GEOS_0.5x0.625/MERRA2/2019/07/MERRA2.20190701.A3mstC.05x0625.nc4
1860.126,hit,false,0.000,0,194.996,223,GEOS_0.5x0.625/MERRA2/2019/07/MERRA2.20190701.A3mstC.05x0625.nc4
1860.154,hit,false,0.000,0,194.985,224,GEOS_0.5x0.625/MERRA2/2019/07/MERRA2.20190701.A3mstC.05x0625.nc4
1860.266,hit,false,0.000,0,195.097,224,GEOS_0.5x0.625/MERRA2/2019/07/MERRA2.20190701.A3mstC.05x0625.nc4
1860.289,hit,false,0.000,0,195.120,224,GEOS_0.5x0.625/MERRA2/2019/07/MERRA2.20190701.A3mstC.05x0625.nc4
1860.325,hit,false,0.000,0,195.156,224,GEOS_0.5x0.625/MERRA2/2019/07/MERRA2.20190701.A3mstC.05x0625.nc4
1860.348,hit,false,0.000,0,195.179,224,GEOS_0.5x0.625/MERRA2/2019/07/MERRA2.20190701.A3mstC.05x0625.nc4
1860.386,hit,false,0.000,0,195.217,224,GEOS_0.5x0.625/MERRA2/2019/07/MERRA2.20190701.A3mstC.05x0625.nc4
1860.409,hit,false,0.000,0,195.240,224,GEOS_0.5x0.625/MERRA2/2019/07/MERRA2.20190701.A3mstC.05x0625.nc4
1860.447,hit,false,0.000,0,195.277,224,GEOS_0.5x0.625/MERRA2/2019/07/MERRA2.20190701.A3mstC.05x0625.nc4
1860.471,hit,false,0.000,0,195.297,225,GEOS_0.5x0.625/MERRA2/2019/07/MERRA2.20190701.A3mstC.05x0625.nc4
1860.504,hit,false,0.000,0,195.330,225,GEOS_0.5x0.625/MERRA2/2019/07/MERRA2.20190701.A3mstC.05x0625.nc4
1860.530,hit,false,0.000,0,195.355,225,GEOS_0.5x0.625/MERRA2/2019/07/MERRA2.20190701.A3mstC.05x0625.nc4
1860.563,hit,false,0.000,0,195.388,225,GEOS_0.5x0.625/MERRA2/2019/07/MERRA2.20190701.A3mstC.05x0625.nc4
1860.588,hit,false,0.000,0,195.413,225,GEOS_0.5x0.625/MERRA2/2019/07/MERRA2.20190701.A3mstC.05x0625.nc4
1860.623,hit,false,0.000,0,195.449,225,GEOS_0.5x0.625/MERRA2/2019/07/MERRA2.20190701.A3mstC.05x0625.nc4
1860.647,hit,false,0.000,0,195.473,225,GEOS_0.5x0.625/MERRA2/2019/07/MERRA2.20190701.A3mstC.05x0625.nc4
1860.686,hit,false,0.000,0,195.511,225,GEOS_0.5x0.625/MERRA2/2019/07/MERRA2.20190701.A3mstC.05x0625.nc4
1860.709,hit,false,0.000,0,195.533,226,GEOS_0.5x0.625/MERRA2/2019/07/MERRA2.20190701.A3mstC.05x0625.nc4
1860.744,hit,false,0.000,0,195.568,226,GEOS_0.5x0.625/MERRA2/2019/07/MERRA2.20190701.A3mstC.05x0625.nc4
1860.771,hit,false,0.000,0,195.595,226,GEOS_0.5x0.625/MERRA2/2019/07/MERRA2.20190701.A3mstC.05x0625.nc4
1860.801,hit,false,0.000,0,195.625,226,GEOS_0.5x0.625/MERRA2/2019/07/MERRA2.20190701.A3mstC.05x0625.nc4
1860.834,hit,false,0.000,0,195.657,226,GEOS_0.5x0.625/MERRA2/2019/07/MERRA2.20190701.A3mstC.05x0625.nc4
1860.863,hit,false,0.000,0,195.687,226,GEOS_0.5x0.625/MERRA2/2019/07/MERRA2.20190701.A3mstC.05x0625.nc4
1860.892,hit,false,0.000,0,195.715,226,GEOS_0.5x0.625/MERRA2/2019/07/MERRA2.20190701.A3mstC.05x0625.nc4
1860.922,hit,false,0.000,0,195.746,226,GEOS_0.5x0.625/MERRA2/2019/07/MERRA2.20190701.A3mstC.05x0625.nc4
1860.954,hit,false,0.000,0,195.776,227,GEOS_0.5x0.625/MERRA2/2019/07/MERRA2.20190701.A3mstC.05x0625.nc4
1860.980,hit,false,0.000,0,195.802,227,GEOS_0.5x0.625/MERRA2/2019/07/MERRA2.20190701.A3mstC.05x0625.nc4
1861.012,hit,false,0.000,0,195.834,227,GEOS_0.5x0.625/MERRA2/2019/07/MERRA2.20190701.A3mstC.05x0625.nc4
1861.038,hit,false,0.000,0,195.861,227,GEOS_0.5x0.625/MERRA2/2019/07/MERRA2.20190701.A3mstC.05x0625.nc4
1861.070,hit,false,0.000,0,195.893,227,GEOS_0.5x0.625/MERRA2/2019/07/MERRA2.20190701.A3mstC.05x0625.nc4
1861.100,hit,false,0.000,0,195.922,227,GEOS_0.5x0.625/MERRA2/2019/07/MERRA2.20190701.A3mstC.05x0625.nc4
1861.129,hit,false,0.000,0,195.952,227,GEOS_0.5x0.625/MERRA2/2019/07/MERRA2.20190701.A3mstC.05x0625.nc4
1861.157,hit,false,0.000,0,195.979,227,GEOS_0.5x0.625/MERRA2/2019/07/MERRA2.20190701.A3mstC.05x0625.nc4
1861.192,hit,false,0.000,0,196.012,228,GEOS_0.5x0.625/MERRA2/2019/07/MERRA2.20190701.A3mstC.05x0625.nc4
1861.224,hit,false,0.000,0,196.044,228,GEOS_0.5x0.625/MERRA2/2019/07/MERRA2.20190701.A3mstC.05x0625.nc4
1861.252,hit,false,0.000,0,196.072,228,GEOS_0.5x0.625/MERRA2/2019/07/MERRA2.20190701.A3mstC.05x0625.nc4
1861.283,hit,false,0.000,0,196.103,228,GEOS_0.5x0.625/MERRA2/2019/07/MERRA2.20190701.A3mstC.05x0625.nc4
1861.316,hit,false,0.000,0,196.136,228,GEOS_0.5x0.625/MERRA2/2019/07/MERRA2.20190701.A3mstC.05x0625.nc4
1861.341,hit,false,0.000,0,196.161,228,GEOS_0.5x0.625/MERRA2/2019/07/MERRA2.20190701.A3mstC.05x0625.nc4
1861.374,hit,false,0.000,0,196.195,228,GEOS_0.5x0.625/MERRA2/2019/07/MERRA2.20190701.A3mstC.05x0625.nc4
1861.399,hit,false,0.000,0,196.219,228,GEOS_0.5x0.625/MERRA2/2019/07/MERRA2.20190701.A3mstC.05x0625.nc4
1861.431,hit,false,0.000,0,196.249,229,GEOS_0.5x0.625/MERRA2/2019/07/MERRA2.20190701.A3mstC.05x0625.nc4
1861.457,hit,false,0.000,0,196.275,229,GEOS_0.5x0.625/MERRA2/2019/07/MERRA2.20190701.A3mstC.05x0625.nc4
1861.491,hit,false,0.000,0,196.309,229,GEOS_0.5x0.625/MERRA2/2019/07/MERRA2.20190701.A3mstC.05x0625.nc4
1861.514,hit,false,0.000,0,196.333,229,GEOS_0.5x0.625/MERRA2/2019/07/MERRA2.20190701.A3mstC.05x0625.nc4
1861.551,hit,false,0.000,0,196.369,229,GEOS_0.5x0.625/MERRA2/2019/07/MERRA2.20190701.A3mstC.05x0625.nc4
1861.574,hit,false,0.000,0,196.392,229,GEOS_0.5x0.625/MERRA2/2019/07/MERRA2.20190701.A3mstC.05x0625.nc4
1861.611,hit,false,0.000,0,196.429,229,GEOS_0.5x0.625/MERRA2/2019/07/MERRA2.20190701.A3mstC.05x0625.nc4
1861.634,hit,false,0.000,0,196.453,229,GEOS_0.5x0.625/MERRA2/2019/07/MERRA2.20190701.A3mstC.05x0625.nc4
1861.667,hit,false,0.000,0,196.484,230,GEOS_0.5x0.625/MERRA2/2019/07/MERRA2.20190701.A3mstC.05x0625.nc4
1861.695,hit,false,0.000,0,196.512,230,GEOS_0.5x0.625/MERRA2/2019/07/MERRA2.20190701.A3mstC.05x0625.nc4
1861.728,hit,false,0.000,0,196.545,230,GEOS_0.5x0.625/MERRA2/2019/07/MERRA2.20190701.A3mstC.05x0625.nc4
1861.760,hit,false,0.000,0,196.577,230,GEOS_0.5x0.625/MERRA2/2019/07/MERRA2.20190701.A3mstC.05x0625.nc4
1861.784,hit,false,0.000,0,196.601,230,GEOS_0.5x0.625/MERRA2/2019/07/MERRA2.20190701.A3mstC.05x0625.nc4
1861.818,hit,false,0.000,0,196.635,230,GEOS_0.5x0.625/MERRA2/2019/07/MERRA2.20190701.A3mstC.05x0625.nc4
1861.844,hit,false,0.000,0,196.661,230,GEOS_0.5x0.625/MERRA2/2019/07/MERRA2.20190701.A3mstC.05x0625.nc4
1861.875,hit,false,0.000,0,196.692,230,GEOS_0.5x0.625/MERRA2/2019/07/MERRA2.20190701.A3mstC.05x0625.nc4
1861.900,hit,false,0.000,0,196.715,231,GEOS_0.5x0.625/MERRA2/2019/07/MERRA2.20190701.A3mstC.05x0625.nc4
1861.936,hit,false,0.000,0,196.751,231,GEOS_0.5x0.625/MERRA2/2019/07/MERRA2.20190701.A3mstC.05x0625.nc4
1861.962,hit,false,0.000,0,196.777,231,GEOS_0.5x0.625/MERRA2/2019/07/MERRA2.20190701.A3mstC.05x0625.nc4
1861.995,hit,false,0.000,0,196.810,231,GEOS_0.5x0.625/MERRA2/2019/07/MERRA2.20190701.A3mstC.05x0625.nc4
1862.020,hit,false,0.000,0,196.835,231,GEOS_0.5x0.625/MERRA2/2019/07/MERRA2.20190701.A3mstC.05x0625.nc4
1862.053,hit,false,0.000,0,196.868,231,GEOS_0.5x0.625/MERRA2/2019/07/MERRA2.20190701.A3mstC.05x0625.nc4
1862.077,hit,false,0.000,0,196.892,231,GEOS_0.5x0.625/MERRA2/2019/07/MERRA2.20190701.A3mstC.05x0625.nc4
1862.109,hit,false,0.000,0,196.924,231,GEOS_0.5x0.625/MERRA2/2019/07/MERRA2.20190701.A3mstC.05x0625.nc4
1862.214,hit,false,0.000,0,197.018,232,GEOS_0.5x0.625/MERRA2/2019/07/MERRA2.20190701.A3mstC.05x0625.nc4
1862.240,hit,false,0.000,0,197.044,232,GEOS_0.5x0.625/MERRA2/2019/07/MERRA2.20190701.A3mstC.05x0625.nc4
1862.287,hit,false,0.000,0,197.091,232,GEOS_0.5x0.625/MERRA2/2019/07/MERRA2.20190701.A3mstC.05x0625.nc4
1862.309,hit,false,0.000,0,197.113,232,GEOS_0.5x0.625/MERRA2/2019/07/MERRA2.20190701.A3mstC.05x0625.nc4
1862.342,hit,false,0.000,0,197.146,232,GEOS_0.5x0.625/MERRA2/2019/07/MERRA2.20190701.A3mstC.05x0625.nc4
1862.367,hit,false,0.000,0,197.171,232,GEOS_0.5x0.625/MERRA2/2019/07/MERRA2.20190701.A3mstC.05x0625.nc4
1862.399,hit,false,0.000,0,197.203,232,GEOS_0.5x0.625/MERRA2/2019/07/MERRA2.20190701.A3mstC.05x0625.nc4
1862.423,hit,false,0.000,0,197.227,232,GEOS_0.5x0.625/MERRA2/2019/07/MERRA2.20190701.A3mstC.05x0625.nc4
1862.462,hit,false,0.000,0,197.264,233,GEOS_0.5x0.625/MERRA2/2019/07/MERRA2.20190701.A3mstC.05x0625.nc4
1862.489,hit,false,0.000,0,197.290,233,GEOS_0.5x0.625/MERRA2/2019/07/MERRA2.20190701.A3mstC.05x0625.nc4
1862.521,hit,false,0.000,0,197.322,233,GEOS_0.5x0.625/MERRA2/2019/07/MERRA2.20190701.A3mstC.05x0625.nc4
1862.551,hit,false,0.000,0,197.352,233,GEOS_0.5x0.625/MERRA2/2019/07/MERRA2.20190701.A3mstC.05x0625.nc4
1862.582,hit,false,0.000,0,197.383,233,GEOS_0.5x0.625/MERRA2/2019/07/MERRA2.20190701.A3mstC.05x0625.nc4
1862.606,hit,false,0.000,0,197.407,233,GEOS_0.5x0.625/MERRA2/2019/07/MERRA2.20190701.A3mstC.05x0625.nc4
1862.643,hit,false,0.000,0,197.445,233,GEOS_0.5x0.625/MERRA2/2019/07/MERRA2.20190701.A3mstC.05x0625.nc4
1862.667,hit,false,0.000,0,197.469,233,GEOS_0.5x0.625/MERRA2/2019/07/MERRA2.20190701.A3mstC.05x0625.nc4
1862.701,hit,false,0.000,0,197.500,234,GEOS_0.5x0.625/MERRA2/2019/07/MERRA2.20190701.A3mstC.05x0625.nc4
1862.729,hit,false,0.000,0,197.528,234,GEOS_0.5x0.625/MERRA2/2019/07/MERRA2.20190701.A3mstC.05x0625.nc4
1862.763,hit,false,0.000,0,197.563,234,GEOS_0.5x0.625/MERRA2/2019/07/MERRA2.20190701.A3mstC.05x0625.nc4
1862.789,hit,false,0.000,0,197.588,234,GEOS_0.5x0.625/MERRA2/2019/07/MERRA2.20190701.A3mstC.05x0625.nc4
1862.821,hit,false,0.000,0,197.621,234,GEOS_0.5x0.625/MERRA2/2019/07/MERRA2.20190701.A3mstC.05x0625.nc4
1862.848,hit,false,0.000,0,197.647,234,GEOS_0.5x0.625/MERRA2/2019/07/MERRA2.20190701.A3mstC.05x0625.nc4
1862.879,hit,false,0.000,0,197.679,234,GEOS_0.5x0.625/MERRA2/2019/07/MERRA2.20190701.A3mstC.05x0625.nc4
1862.905,hit,false,0.000,0,197.705,234,GEOS_0.5x0.625/MERRA2/2019/07/MERRA2.20190701.A3mstC.05x0625.nc4
1862.937,hit,false,0.000,0,197.735,235,GEOS_0.5x0.625/MERRA2/2019/07/MERRA2.20190701.A3mstC.05x0625.nc4
1862.969,hit,false,0.000,0,197.767,235,GEOS_0.5x0.625/MERRA2/2019/07/MERRA2.20190701.A3mstC.05x0625.nc4
1863.002,hit,false,0.000,0,197.799,235,GEOS_0.5x0.625/MERRA2/2019/07/MERRA2.20190701.A3mstC.05x0625.nc4
1863.026,hit,false,0.000,0,197.823,235,GEOS_0.5x0.625/MERRA2/2019/07/MERRA2.20190701.A3mstC.05x0625.nc4
1863.060,hit,false,0.000,0,197.857,235,GEOS_0.5x0.625/MERRA2/2019/07/MERRA2.20190701.A3mstC.05x0625.nc4
1863.093,hit,false,0.000,0,197.891,235,GEOS_0.5x0.625/MERRA2/2019/07/MERRA2.20190701.A3mstC.05x0625.nc4
1863.128,hit,false,0.000,0,197.926,235,GEOS_0.5x0.625/MERRA2/2019/07/MERRA2.20190701.A3mstC.05x0625.nc4
1863.155,hit,false,0.000,0,197.952,235,GEOS_0.5x0.625/MERRA2/2019/07/MERRA2.20190701.A3mstC.05x0625.nc4
1863.188,hit,false,0.000,0,197.853,236,GEOS_0.5x0.625/MERRA2/2019/07/MERRA2.20190701.A3mstC.05x0625.nc4
1863.215,hit,false,0.000,0,197.880,236,GEOS_0.5x0.625/MERRA2/2019/07/MERRA2.20190701.A3mstC.05x0625.nc4
1863.255,hit,false,0.000,0,197.919,236,GEOS_0.5x0.625/MERRA2/2019/07/MERRA2.20190701.A3mstC.05x0625.nc4
1863.280,hit,false,0.000,0,197.945,236,GEOS_0.5x0.625/MERRA2/2019/07/MERRA2.20190701.A3mstC.05x0625.nc4
1863.313,hit,false,0.000,0,197.977,236,GEOS_0.5x0.625/MERRA2/2019/07/MERRA2.20190701.A3mstC.05x0625.nc4
1863.343,hit,false,0.000,0,198.007,236,GEOS_0.5x0.625/MERRA2/2019/07/MERRA2.20190701.A3mstC.05x0625.nc4
1863.372,hit,false,0.000,0,198.037,236,GEOS_0.5x0.625/MERRA2/2019/07/MERRA2.20190701.A3mstC.05x0625.nc4
1863.403,hit,false,0.000,0,198.068,236,GEOS_0.5x0.625/MERRA2/2019/07/MERRA2.20190701.A3mstC.05x0625.nc4
1863.432,hit,false,0.000,0,198.095,237,GEOS_0.5x0.625/MERRA2/2019/07/MERRA2.20190701.A3mstC.05x0625.nc4
1863.465,hit,false,0.000,0,198.128,237,GEOS_0.5x0.625/MERRA2/2019/07/MERRA2.20190701.A3mstC.05x0625.nc4
1863.495,hit,false,0.000,0,198.158,237,GEOS_0.5x0.625/MERRA2/2019/07/MERRA2.20190701.A3mstC.05x0625.nc4
1863.524,hit,false,0.000,0,198.186,237,GEOS_0.5x0.625/MERRA2/2019/07/MERRA2.20190701.A3mstC.05x0625.nc4
1863.554,hit,false,0.000,0,198.217,237,GEOS_0.5x0.625/MERRA2/2019/07/MERRA2.20190701.A3mstC.05x0625.nc4
1863.579,hit,false,0.000,0,198.242,237,GEOS_0.5x0.625/MERRA2/2019/07/MERRA2.20190701.A3mstC.05x0625.nc4
1863.612,hit,false,0.000,0,198.275,237,GEOS_0.5x0.625/MERRA2/2019/07/MERRA2.20190701.A3mstC.05x0625.nc4
1863.640,hit,false,0.000,0,198.302,237,GEOS_0.5x0.625/MERRA2/2019/07/MERRA2.20190701.A3mstC.05x0625.nc4
1863.671,hit,false,0.000,0,198.332,238,GEOS_0.5x0.625/MERRA2/2019/07/MERRA2.20190701.A3mstC.05x0625.nc4
1863.700,hit,false,0.000,0,198.361,238,GEOS_0.5x0.625/MERRA2/2019/07/MERRA2.20190701.A3mstC.05x0625.nc4
1863.731,hit,false,0.000,0,198.392,238,GEOS_0.5x0.625/MERRA2/2019/07/MERRA2.20190701.A3mstC.05x0625.nc4
1863.755,hit,false,0.000,0,198.416,238,GEOS_0.5x0.625/MERRA2/2019/07/MERRA2.20190701.A3mstC.05x0625.nc4
1863.790,hit,false,0.000,0,198.451,238,GEOS_0.5x0.625/MERRA2/2019/07/MERRA2.20190701.A3mstC.05x0625.nc4
1863.813,hit,false,0.000,0,198.474,238,GEOS_0.5x0.625/MERRA2/2019/07/MERRA2.20190701.A3mstC.05x0625.nc4
1863.850,hit,false,0.000,0,198.512,238,GEOS_0.5x0.625/MERRA2/2019/07/MERRA2.20190701.A3mstC.05x0625.nc4
1863.873,hit,false,0.000,0,198.535,238,GEOS_0.5x0.625/MERRA2/2019/07/MERRA2.20190701.A3mstC.05x0625.nc4
1863.905,hit,false,0.000,0,198.564,239,GEOS_0.5x0.625/MERRA2/2019/07/MERRA2.20190701.A3mstC.05x0625.nc4
1863.932,hit,false,0.000,0,198.591,239,GEOS_0.5x0.625/MERRA2/2019/07/MERRA2.20190701.A3mstC.05x0625.nc4
1863.963,hit,false,0.000,0,198.622,239,GEOS_0.5x0.625/MERRA2/2019/07/MERRA2.20190701.A3mstC.05x0625.nc4
1863.990,hit,false,0.000,0,198.650,239,GEOS_0.5x0.625/MERRA2/2019/07/MERRA2.20190701.A3mstC.05x0625.nc4
1864.021,hit,false,0.000,0,198.680,239,GEOS_0.5x0.625/MERRA2/2019/07/MERRA2.20190701.A3mstC.05x0625.nc4
1864.046,hit,false,0.000,0,198.705,239,GEOS_0.5x0.625/MERRA2/2019/07/MERRA2.20190701.A3mstC.05x0625.nc4
1864.077,hit,false,0.000,0,198.736,239,GEOS_0.5x0.625/MERRA2/2019/07/MERRA2.20190701.A3mstC.05x0625.nc4
1864.181,hit,false,0.000,0,198.840,239,GEOS_0.5x0.625/MERRA2/2019/07/MERRA2.20190701.A3mstC.05x0625.nc4
1864.205,hit,false,0.000,0,199.094,240,GEOS_0.5x0.625/MERRA2/2019/07/MERRA2.20190701.A3mstC.05x0625.nc4
1864.243,hit,false,0.000,0,199.132,240,GEOS_0.5x0.625/MERRA2/2019/07/MERRA2.20190701.A3mstC.05x0625.nc4
1864.290,hit,false,0.000,0,199.179,240,GEOS_0.5x0.625/MERRA2/2019/07/MERRA2.20190701.A3mstC.05x0625.nc4
1864.312,hit,false,0.000,0,199.201,240,GEOS_0.5x0.625/MERRA2/2019/07/MERRA2.20190701.A3mstC.05x0625.nc4
1864.350,hit,false,0.000,0,199.239,240,GEOS_0.5x0.625/MERRA2/2019/07/MERRA2.20190701.A3mstC.05x0625.nc4
1864.374,hit,false,0.000,0,199.263,240,GEOS_0.5x0.625/MERRA2/2019/07/MERRA2.20190701.A3mstC.05x0625.nc4
1864.408,hit,false,0.000,0,199.297,240,GEOS_0.5x0.625/MERRA2/2019/07/MERRA2.20190701.A3mstC.05x0625.nc4
1864.434,hit,false,0.000,0,199.323,240,GEOS_0.5x0.625/MERRA2/2019/07/MERRA2.20190701.A3mstC.05x0625.nc4
1864.465,hit,false,0.000,0,199.353,241,GEOS_0.5x0.625/MERRA2/2019/07/MERRA2.20190701.A3mstC.05x0625.nc4
1864.499,hit,false,0.000,0,199.386,241,GEOS_0.5x0.625/MERRA2/2019/07/MERRA2.20190701.A3mstC.05x0625.nc4
1864.516,hit,false,0.000,0,199.403,241,GEOS_0.5x0.625/MERRA2/2019/07/MERRA2.20190701.A3mstC.05x0625.nc4
1864.564,hit,false,0.000,0,199.451,241,GEOS_0.5x0.625/MERRA2/2019/07/MERRA2.20190701.A3mstC.05x0625.nc4
1864.586,hit,false,0.000,0,199.474,241,GEOS_0.5x0.625/MERRA2/2019/07/MERRA2.20190701.A3mstC.05x0625.nc4
1864.621,hit,false,0.000,0,199.508,241,GEOS_0.5x0.625/MERRA2/2019/07/MERRA2.20190701.A3mstC.05x0625.nc4
1864.648,hit,false,0.000,0,199.535,241,GEOS_0.5x0.625/MERRA2/2019/07/MERRA2.20190701.A3mstC.05x0625.nc4
1864.679,hit,false,0.000,0,199.566,241,GEOS_0.5x0.625/MERRA2/2019/07/MERRA2.20190701.A3mstC.05x0625.nc4
1864.708,hit,false,0.000,0,199.592,242,GEOS_0.5x0.625/MERRA2/2019/07/MERRA2.20190701.A3mstC.05x0625.nc4
1864.741,hit,false,0.000,0,199.626,242,GEOS_0.5x0.625/MERRA2/2019/07/MERRA2.20190701.A3mstC.05x0625.nc4
1864.772,hit,false,0.000,0,199.657,242,GEOS_0.5x0.625/MERRA2/2019/07/MERRA2.20190701.A3mstC.05x0625.nc4
1864.796,hit,false,0.000,0,199.680,242,GEOS_0.5x0.625/MERRA2/2019/07/MERRA2.20190701.A3mstC.05x0625.nc4
1864.831,hit,false,0.000,0,199.715,242,GEOS_0.5x0.625/MERRA2/2019/07/MERRA2.20190701.A3mstC.05x0625.nc4
1864.855,hit,false,0.000,0,199.739,242,GEOS_0.5x0.625/MERRA2/2019/07/MERRA2.20190701.A3mstC.05x0625.nc4
1864.888,hit,false,0.000,0,199.772,242,GEOS_0.5x0.625/MERRA2/2019/07/MERRA2.20190701.A3mstC.05x0625.nc4
1864.913,hit,false,0.000,0,199.798,242,GEOS_0.5x0.625/MERRA2/2019/07/MERRA2.20190701.A3mstC.05x0625.nc4
1864.945,hit,false,0.000,0,199.827,243,GEOS_0.5x0.625/MERRA2/2019/07/MERRA2.20190701.A3mstC.05x0625.nc4
1864.977,hit,false,0.000,0,199.859,243,GEOS_0.5x0.625/MERRA2/2019/07/MERRA2.20190701.A3mstC.05x0625.nc4
1865.006,hit,false,0.000,0,199.889,243,GEOS_0.5x0.625/MERRA2/2019/07/MERRA2.20190701.A3mstC.05x0625.nc4
1865.038,hit,false,0.000,0,199.920,243,GEOS_0.5x0.625/MERRA2/2019/07/MERRA2.20190701.A3mstC.05x0625.nc4
1865.069,hit,false,0.000,0,199.952,243,GEOS_0.5x0.625/MERRA2/2019/07/MERRA2.20190701.A3mstC.05x0625.nc4
1865.099,hit,false,0.000,0,199.981,243,GEOS_0.5x0.625/MERRA2/2019/07/MERRA2.20190701.A3mstC.05x0625.nc4
1865.131,hit,false,0.000,0,200.013,243,GEOS_0.5x0.625/MERRA2/2019/07/MERRA2.20190701.A3mstC.05x0625.nc4
1865.155,hit,false,0.000,0,200.038,243,GEOS_0.5x0.625/MERRA2/2019/07/MERRA2.20190701.A3mstC.05x0625.nc4
1865.188,hit,false,0.000,0,200.069,244,GEOS_0.5x0.625/MERRA2/2019/07/MERRA2.20190701.A3mstC.05x0625.nc4
1865.216,hit,false,0.000,0,200.097,244,GEOS_0.5x0.625/MERRA2/2019/07/MERRA2.20190701.A3mstC.05x0625.nc4
1865.249,hit,false,0.000,0,200.130,244,GEOS_0.5x0.625/MERRA2/2019/07/MERRA2.20190701.A3mstC.05x0625.nc4
1865.276,hit,false,0.000,0,200.157,244,GEOS_0.5x0.625/MERRA2/2019/07/MERRA2.20190701.A3mstC.05x0625.nc4
1865.307,hit,false,0.000,0,200.188,244,GEOS_0.5x0.625/MERRA2/2019/07/MERRA2.20190701.A3mstC.05x0625.nc4
1865.332,hit,false,0.000,0,200.213,244,GEOS_0.5x0.625/MERRA2/2019/07/MERRA2.20190701.A3mstC.05x0625.nc4
1865.366,hit,false,0.000,0,200.247,244,GEOS_0.5x0.625/MERRA2/2019/07/MERRA2.20190701.A3mstC.05x0625.nc4
1865.391,hit,false,0.000,0,200.272,244,GEOS_0.5x0.625/MERRA2/2019/07/MERRA2.20190701.A3mstC.05x0625.nc4
1865.424,hit,false,0.000,0,200.303,245,GEOS_0.5x0.625/MERRA2/2019/07/MERRA2.20190701.A3mstC.05x0625.nc4
1865.453,hit,false,0.000,0,200.332,245,GEOS_0.5x0.625/MERRA2/2019/07/MERRA2.20190701.A3mstC.05x0625.nc4
1865.482,hit,false,0.000,0,200.361,245,GEOS_0.5x0.625/MERRA2/2019/07/MERRA2.20190701.A3mstC.05x0625.nc4
1865.514,hit,false,0.000,0,200.393,245,GEOS_0.5x0.625/MERRA2/2019/07/MERRA2.20190701.A3mstC.05x0625.nc4
1865.546,hit,false,0.000,0,200.426,245,GEOS_0.5x0.625/MERRA2/2019/07/MERRA2.20190701.A3mstC.05x0625.nc4
1865.570,hit,false,0.000,0,200.449,245,GEOS_0.5x0.625/MERRA2/2019/07/MERRA2.20190701.A3mstC.05x0625.nc4
1865.604,hit,false,0.000,0,200.483,245,GEOS_0.5x0.625/MERRA2/2019/07/MERRA2.20190701.A3mstC.05x0625.nc4
1865.632,hit,false,0.000,0,200.511,245,GEOS_0.5x0.625/MERRA2/2019/07/MERRA2.20190701.A3mstC.05x0625.nc4
1865.660,hit,false,0.000,0,200.538,246,GEOS_0.5x0.625/MERRA2/2019/07/MERRA2.20190701.A3mstC.05x0625.nc4
1865.695,hit,false,0.000,0,200.573,246,GEOS_0.5x0.625/MERRA2/2019/07/MERRA2.20190701.A3mstC.05x0625.nc4
1865.724,hit,false,0.000,0,200.602,246,GEOS_0.5x0.625/MERRA2/2019/07/MERRA2.20190701.A3mstC.05x0625.nc4
1865.754,hit,false,0.000,0,200.632,246,GEOS_0.5x0.625/MERRA2/2019/07/MERRA2.20190701.A3mstC.05x0625.nc4
1865.782,hit,false,0.000,0,200.660,246,GEOS_0.5x0.625/MERRA2/2019/07/MERRA2.20190701.A3mstC.05x0625.nc4
1865.812,hit,false,0.000,0,200.689,246,GEOS_0.5x0.625/MERRA2/2019/07/MERRA2.20190701.A3mstC.05x0625.nc4
1865.840,hit,false,0.000,0,200.717,246,GEOS_0.5x0.625/MERRA2/2019/07/MERRA2.20190701.A3mstC.05x0625.nc4
1865.868,hit,false,0.000,0,200.746,246,GEOS_0.5x0.625/MERRA2/2019/07/MERRA2.20190701.A3mstC.05x0625.nc4
1865.892,hit,false,0.000,0,200.768,247,GEOS_0.5x0.625/MERRA2/2019/07/MERRA2.20190701.A3mstC.05x0625.nc4
1865.926,hit,false,0.000,0,200.802,247,GEOS_0.5x0.625/MERRA2/2019/07/MERRA2.20190701.A3mstC.05x0625.nc4
1865.951,hit,false,0.000,0,200.827,247,GEOS_0.5x0.625/MERRA2/2019/07/MERRA2.20190701.A3mstC.05x0625.nc4
1865.983,hit,false,0.000,0,200.859,247,GEOS_0.5x0.625/MERRA2/2019/07/MERRA2.20190701.A3mstC.05x0625.nc4
1866.010,hit,false,0.000,0,200.886,247,GEOS_0.5x0.625/MERRA2/2019/07/MERRA2.20190701.A3mstC.05x0625.nc4
1866.055,hit,false,0.000,0,200.931,247,GEOS_0.5x0.625/MERRA2/2019/07/MERRA2.20190701.A3mstC.05x0625.nc4
1872.122,open,false,-1.000,0,-1.000,423855882,GEOS_0.5x0.625/MERRA2/2019/07/MERRA2.20190701.A3cld.05x0625.nc4
1872.198,uncovered,false,26.860,0,-1.000,0,GEOS_0.5x0.625/MERRA2/2019/07/MERRA2.20190701.A3cld.05x0625.nc4
1899.135,hit,false,0.000,0,-1.000,0,GEOS_0.5x0.625/MERRA2/2019/07/MERRA2.20190701.A3cld.05x0625.nc4
1899.169,hit,false,0.000,0,-1.000,0,GEOS_0.5x0.625/MERRA2/2019/07/MERRA2.20190701.A3cld.05x0625.nc4
1899.249,hit,false,0.000,0,-1.000,0,GEOS_0.5x0.625/MERRA2/2019/07/MERRA2.20190701.A3cld.05x0625.nc4
1899.300,hit,false,0.000,0,-1.000,0,GEOS_0.5x0.625/MERRA2/2019/07/MERRA2.20190701.A3cld.05x0625.nc4
1899.349,hit,false,0.000,0,-1.000,0,GEOS_0.5x0.625/MERRA2/2019/07/MERRA2.20190701.A3cld.05x0625.nc4
1899.403,hit,false,0.000,0,-1.000,0,GEOS_0.5x0.625/MERRA2/2019/07/MERRA2.20190701.A3cld.05x0625.nc4
1899.459,hit,false,0.000,0,-1.000,0,GEOS_0.5x0.625/MERRA2/2019/07/MERRA2.20190701.A3cld.05x0625.nc4
1899.510,uncovered,false,32.243,0,-1.000,1,GEOS_0.5x0.625/MERRA2/2019/07/MERRA2.20190701.A3cld.05x0625.nc4
1899.572,uncovered,false,32.236,0,-1.000,1,GEOS_0.5x0.625/MERRA2/2019/07/MERRA2.20190701.A3cld.05x0625.nc4
1931.850,hit,false,0.000,0,-1.000,1,GEOS_0.5x0.625/MERRA2/2019/07/MERRA2.20190701.A3cld.05x0625.nc4
1931.890,hit,false,0.000,0,-1.000,1,GEOS_0.5x0.625/MERRA2/2019/07/MERRA2.20190701.A3cld.05x0625.nc4
1931.926,hit,false,0.000,0,-1.000,1,GEOS_0.5x0.625/MERRA2/2019/07/MERRA2.20190701.A3cld.05x0625.nc4
1931.957,hit,false,0.000,0,-1.000,1,GEOS_0.5x0.625/MERRA2/2019/07/MERRA2.20190701.A3cld.05x0625.nc4
1931.990,hit,false,0.000,0,-1.000,1,GEOS_0.5x0.625/MERRA2/2019/07/MERRA2.20190701.A3cld.05x0625.nc4
1932.019,hit,false,0.000,0,-1.000,1,GEOS_0.5x0.625/MERRA2/2019/07/MERRA2.20190701.A3cld.05x0625.nc4
1932.051,uncovered,false,28.328,0,-1.000,2,GEOS_0.5x0.625/MERRA2/2019/07/MERRA2.20190701.A3cld.05x0625.nc4
1932.081,uncovered,false,28.367,0,-1.000,2,GEOS_0.5x0.625/MERRA2/2019/07/MERRA2.20190701.A3cld.05x0625.nc4
1960.463,hit,false,0.000,0,-1.000,2,GEOS_0.5x0.625/MERRA2/2019/07/MERRA2.20190701.A3cld.05x0625.nc4
1960.527,hit,false,0.000,0,-1.000,2,GEOS_0.5x0.625/MERRA2/2019/07/MERRA2.20190701.A3cld.05x0625.nc4
1960.549,hit,false,0.000,0,-1.000,2,GEOS_0.5x0.625/MERRA2/2019/07/MERRA2.20190701.A3cld.05x0625.nc4
1960.593,hit,false,0.000,0,-1.000,2,GEOS_0.5x0.625/MERRA2/2019/07/MERRA2.20190701.A3cld.05x0625.nc4
1960.617,hit,false,0.000,0,-1.000,2,GEOS_0.5x0.625/MERRA2/2019/07/MERRA2.20190701.A3cld.05x0625.nc4
1960.656,hit,false,0.000,0,-1.000,2,GEOS_0.5x0.625/MERRA2/2019/07/MERRA2.20190701.A3cld.05x0625.nc4
1960.681,uncovered,false,27.260,0,-1.000,3,GEOS_0.5x0.625/MERRA2/2019/07/MERRA2.20190701.A3cld.05x0625.nc4
1960.722,uncovered,false,27.286,0,-1.000,3,GEOS_0.5x0.625/MERRA2/2019/07/MERRA2.20190701.A3cld.05x0625.nc4
1988.026,hit,false,0.000,0,-1.000,3,GEOS_0.5x0.625/MERRA2/2019/07/MERRA2.20190701.A3cld.05x0625.nc4
1988.082,hit,false,0.000,0,-1.000,3,GEOS_0.5x0.625/MERRA2/2019/07/MERRA2.20190701.A3cld.05x0625.nc4
1988.105,hit,false,0.000,0,-1.000,3,GEOS_0.5x0.625/MERRA2/2019/07/MERRA2.20190701.A3cld.05x0625.nc4
1988.139,hit,false,0.000,0,-1.000,3,GEOS_0.5x0.625/MERRA2/2019/07/MERRA2.20190701.A3cld.05x0625.nc4
1988.170,hit,false,0.000,0,-1.000,3,GEOS_0.5x0.625/MERRA2/2019/07/MERRA2.20190701.A3cld.05x0625.nc4
1988.196,hit,false,0.000,0,-1.000,3,GEOS_0.5x0.625/MERRA2/2019/07/MERRA2.20190701.A3cld.05x0625.nc4
1988.227,uncovered,false,50.331,0,-1.000,4,GEOS_0.5x0.625/MERRA2/2019/07/MERRA2.20190701.A3cld.05x0625.nc4
1988.262,uncovered,false,50.370,0,-1.000,4,GEOS_0.5x0.625/MERRA2/2019/07/MERRA2.20190701.A3cld.05x0625.nc4
2038.648,hit,false,0.000,0,-1.000,4,GEOS_0.5x0.625/MERRA2/2019/07/MERRA2.20190701.A3cld.05x0625.nc4
2038.712,hit,false,0.000,0,-1.000,4,GEOS_0.5x0.625/MERRA2/2019/07/MERRA2.20190701.A3cld.05x0625.nc4
2038.736,hit,false,0.000,0,-1.000,4,GEOS_0.5x0.625/MERRA2/2019/07/MERRA2.20190701.A3cld.05x0625.nc4
2038.778,hit,false,0.000,0,-1.000,4,GEOS_0.5x0.625/MERRA2/2019/07/MERRA2.20190701.A3cld.05x0625.nc4
2038.805,hit,false,0.000,0,-1.000,4,GEOS_0.5x0.625/MERRA2/2019/07/MERRA2.20190701.A3cld.05x0625.nc4
2038.844,hit,false,0.000,0,-1.000,4,GEOS_0.5x0.625/MERRA2/2019/07/MERRA2.20190701.A3cld.05x0625.nc4
2038.899,uncovered,false,28.537,0,-1.000,5,GEOS_0.5x0.625/MERRA2/2019/07/MERRA2.20190701.A3cld.05x0625.nc4
2038.957,uncovered,false,28.550,0,-1.000,5,GEOS_0.5x0.625/MERRA2/2019/07/MERRA2.20190701.A3cld.05x0625.nc4
2067.522,hit,false,0.000,0,-1.000,5,GEOS_0.5x0.625/MERRA2/2019/07/MERRA2.20190701.A3cld.05x0625.nc4
2067.580,hit,false,0.000,0,-1.000,5,GEOS_0.5x0.625/MERRA2/2019/07/MERRA2.20190701.A3cld.05x0625.nc4
2067.604,hit,false,0.000,0,-1.000,5,GEOS_0.5x0.625/MERRA2/2019/07/MERRA2.20190701.A3cld.05x0625.nc4
2067.638,hit,false,0.000,0,-1.000,5,GEOS_0.5x0.625/MERRA2/2019/07/MERRA2.20190701.A3cld.05x0625.nc4
2067.668,hit,false,0.000,0,-1.000,5,GEOS_0.5x0.625/MERRA2/2019/07/MERRA2.20190701.A3cld.05x0625.nc4
2067.696,hit,false,0.000,0,-1.000,5,GEOS_0.5x0.625/MERRA2/2019/07/MERRA2.20190701.A3cld.05x0625.nc4
2067.727,uncovered,false,32.376,0,-1.000,6,GEOS_0.5x0.625/MERRA2/2019/07/MERRA2.20190701.A3cld.05x0625.nc4
2067.762,uncovered,false,32.395,0,-1.000,6,GEOS_0.5x0.625/MERRA2/2019/07/MERRA2.20190701.A3cld.05x0625.nc4
2100.215,hit,false,0.000,0,-1.000,6,GEOS_0.5x0.625/MERRA2/2019/07/MERRA2.20190701.A3cld.05x0625.nc4
2100.248,hit,false,0.000,0,-1.000,6,GEOS_0.5x0.625/MERRA2/2019/07/MERRA2.20190701.A3cld.05x0625.nc4
2100.294,hit,false,0.000,0,-1.000,6,GEOS_0.5x0.625/MERRA2/2019/07/MERRA2.20190701.A3cld.05x0625.nc4
2100.319,hit,false,0.000,0,-1.000,6,GEOS_0.5x0.625/MERRA2/2019/07/MERRA2.20190701.A3cld.05x0625.nc4
2100.354,hit,false,0.000,0,-1.000,6,GEOS_0.5x0.625/MERRA2/2019/07/MERRA2.20190701.A3cld.05x0625.nc4
2100.382,hit,false,0.000,0,-1.000,6,GEOS_0.5x0.625/MERRA2/2019/07/MERRA2.20190701.A3cld.05x0625.nc4
2100.414,uncovered,false,25.862,0,-1.000,7,GEOS_0.5x0.625/MERRA2/2019/07/MERRA2.20190701.A3cld.05x0625.nc4
2100.448,uncovered,false,25.896,0,-1.000,7,GEOS_0.5x0.625/MERRA2/2019/07/MERRA2.20190701.A3cld.05x0625.nc4
2126.355,hit,false,0.000,0,-1.000,7,GEOS_0.5x0.625/MERRA2/2019/07/MERRA2.20190701.A3cld.05x0625.nc4
2126.415,hit,false,0.000,0,-1.000,7,GEOS_0.5x0.625/MERRA2/2019/07/MERRA2.20190701.A3cld.05x0625.nc4
2126.439,hit,false,0.000,0,-1.000,7,GEOS_0.5x0.625/MERRA2/2019/07/MERRA2.20190701.A3cld.05x0625.nc4
2126.476,hit,false,0.000,0,-1.000,7,GEOS_0.5x0.625/MERRA2/2019/07/MERRA2.20190701.A3cld.05x0625.nc4
2126.504,hit,false,0.000,0,-1.000,7,GEOS_0.5x0.625/MERRA2/2019/07/MERRA2.20190701.A3cld.05x0625.nc4
2126.534,hit,false,0.000,0,-1.000,7,GEOS_0.5x0.625/MERRA2/2019/07/MERRA2.20190701.A3cld.05x0625.nc4
2126.561,uncovered,false,21.827,0,-1.000,8,GEOS_0.5x0.625/MERRA2/2019/07/MERRA2.20190701.A3cld.05x0625.nc4
2126.590,uncovered,false,21.869,0,-1.000,8,GEOS_0.5x0.625/MERRA2/2019/07/MERRA2.20190701.A3cld.05x0625.nc4
2148.483,hit,false,0.000,16,-1.000,8,GEOS_0.5x0.625/MERRA2/2019/07/MERRA2.20190701.A3cld.05x0625.nc4
2148.535,hit,false,0.000,32,-1.000,8,GEOS_0.5x0.625/MERRA2/2019/07/MERRA2.20190701.A3cld.05x0625.nc4
2148.560,hit,false,0.000,32,-1.000,8,GEOS_0.5x0.625/MERRA2/2019/07/MERRA2.20190701.A3cld.05x0625.nc4
2148.601,hit,false,0.000,32,-1.000,8,GEOS_0.5x0.625/MERRA2/2019/07/MERRA2.20190701.A3cld.05x0625.nc4
2148.628,hit,false,0.000,32,-1.000,8,GEOS_0.5x0.625/MERRA2/2019/07/MERRA2.20190701.A3cld.05x0625.nc4
2148.669,hit,false,0.000,32,-1.000,8,GEOS_0.5x0.625/MERRA2/2019/07/MERRA2.20190701.A3cld.05x0625.nc4
2148.694,uncovered,false,29.675,24,-1.000,9,GEOS_0.5x0.625/MERRA2/2019/07/MERRA2.20190701.A3cld.05x0625.nc4
2148.735,uncovered,false,29.688,24,-1.000,9,GEOS_0.5x0.625/MERRA2/2019/07/MERRA2.20190701.A3cld.05x0625.nc4
2178.453,hit,false,0.000,24,-1.000,9,GEOS_0.5x0.625/MERRA2/2019/07/MERRA2.20190701.A3cld.05x0625.nc4
2178.505,hit,false,0.000,24,-1.000,9,GEOS_0.5x0.625/MERRA2/2019/07/MERRA2.20190701.A3cld.05x0625.nc4
2178.530,hit,false,0.000,24,-1.000,9,GEOS_0.5x0.625/MERRA2/2019/07/MERRA2.20190701.A3cld.05x0625.nc4
2178.564,hit,false,0.000,24,-1.000,9,GEOS_0.5x0.625/MERRA2/2019/07/MERRA2.20190701.A3cld.05x0625.nc4
2178.595,hit,false,0.000,24,-1.000,9,GEOS_0.5x0.625/MERRA2/2019/07/MERRA2.20190701.A3cld.05x0625.nc4
2178.622,hit,false,0.000,24,-1.000,9,GEOS_0.5x0.625/MERRA2/2019/07/MERRA2.20190701.A3cld.05x0625.nc4
2178.654,uncovered,false,27.305,12,-1.000,10,GEOS_0.5x0.625/MERRA2/2019/07/MERRA2.20190701.A3cld.05x0625.nc4
2178.684,uncovered,false,27.330,12,-1.000,10,GEOS_0.5x0.625/MERRA2/2019/07/MERRA2.20190701.A3cld.05x0625.nc4
2206.054,hit,false,0.000,12,-1.000,10,GEOS_0.5x0.625/MERRA2/2019/07/MERRA2.20190701.A3cld.05x0625.nc4
2206.096,hit,false,0.000,12,-1.000,10,GEOS_0.5x0.625/MERRA2/2019/07/MERRA2.20190701.A3cld.05x0625.nc4
2206.131,hit,false,0.000,12,-1.000,10,GEOS_0.5x0.625/MERRA2/2019/07/MERRA2.20190701.A3cld.05x0625.nc4
2206.156,hit,false,0.000,12,-1.000,10,GEOS_0.5x0.625/MERRA2/2019/07/MERRA2.20190701.A3cld.05x0625.nc4
2206.193,hit,false,0.000,12,-1.000,10,GEOS_0.5x0.625/MERRA2/2019/07/MERRA2.20190701.A3cld.05x0625.nc4
2206.219,hit,false,0.000,12,-1.000,10,GEOS_0.5x0.625/MERRA2/2019/07/MERRA2.20190701.A3cld.05x0625.nc4
2206.256,uncovered,false,29.584,4,-1.000,11,GEOS_0.5x0.625/MERRA2/2019/07/MERRA2.20190701.A3cld.05x0625.nc4
2206.284,uncovered,false,29.575,3,-1.000,11,GEOS_0.5x0.625/MERRA2/2019/07/MERRA2.20190701.A3cld.05x0625.nc4
2235.946,hit,false,0.000,3,-1.000,11,GEOS_0.5x0.625/MERRA2/2019/07/MERRA2.20190701.A3cld.05x0625.nc4
2235.981,hit,false,0.000,3,-1.000,11,GEOS_0.5x0.625/MERRA2/2019/07/MERRA2.20190701.A3cld.05x0625.nc4
2236.020,hit,false,0.000,3,-1.000,11,GEOS_0.5x0.625/MERRA2/2019/07/MERRA2.20190701.A3cld.05x0625.nc4
2236.045,hit,false,0.000,3,-1.000,11,GEOS_0.5x0.625/MERRA2/2019/07/MERRA2.20190701.A3cld.05x0625.nc4
2236.084,hit,false,0.000,3,-1.000,11,GEOS_0.5x0.625/MERRA2/2019/07/MERRA2.20190701.A3cld.05x0625.nc4
2236.109,hit,false,0.000,3,-1.000,11,GEOS_0.5x0.625/MERRA2/2019/07/MERRA2.20190701.A3cld.05x0625.nc4
2236.147,uncovered,false,27.909,0,-1.000,12,GEOS_0.5x0.625/MERRA2/2019/07/MERRA2.20190701.A3cld.05x0625.nc4
2236.178,uncovered,false,27.937,0,-1.000,12,GEOS_0.5x0.625/MERRA2/2019/07/MERRA2.20190701.A3cld.05x0625.nc4
2264.147,hit,false,0.000,0,-1.000,12,GEOS_0.5x0.625/MERRA2/2019/07/MERRA2.20190701.A3cld.05x0625.nc4
2264.198,hit,false,0.000,0,-1.000,12,GEOS_0.5x0.625/MERRA2/2019/07/MERRA2.20190701.A3cld.05x0625.nc4
2264.221,hit,false,0.000,0,-1.000,12,GEOS_0.5x0.625/MERRA2/2019/07/MERRA2.20190701.A3cld.05x0625.nc4
2264.264,hit,false,0.000,0,-1.000,12,GEOS_0.5x0.625/MERRA2/2019/07/MERRA2.20190701.A3cld.05x0625.nc4
2264.290,hit,false,0.000,0,-1.000,12,GEOS_0.5x0.625/MERRA2/2019/07/MERRA2.20190701.A3cld.05x0625.nc4
2264.327,hit,false,0.000,0,-1.000,12,GEOS_0.5x0.625/MERRA2/2019/07/MERRA2.20190701.A3cld.05x0625.nc4
2264.353,uncovered,false,29.881,0,-1.000,13,GEOS_0.5x0.625/MERRA2/2019/07/MERRA2.20190701.A3cld.05x0625.nc4
2264.393,uncovered,false,29.912,0,-1.000,13,GEOS_0.5x0.625/MERRA2/2019/07/MERRA2.20190701.A3cld.05x0625.nc4
2294.346,hit,false,0.000,0,-1.000,13,GEOS_0.5x0.625/MERRA2/2019/07/MERRA2.20190701.A3cld.05x0625.nc4
2294.427,hit,false,0.000,0,-1.000,13,GEOS_0.5x0.625/MERRA2/2019/07/MERRA2.20190701.A3cld.05x0625.nc4
2294.449,hit,false,0.000,0,-1.000,13,GEOS_0.5x0.625/MERRA2/2019/07/MERRA2.20190701.A3cld.05x0625.nc4
2294.494,hit,false,0.000,0,-1.000,13,GEOS_0.5x0.625/MERRA2/2019/07/MERRA2.20190701.A3cld.05x0625.nc4
2294.518,hit,false,0.000,0,-1.000,13,GEOS_0.5x0.625/MERRA2/2019/07/MERRA2.20190701.A3cld.05x0625.nc4
2294.559,hit,false,0.000,0,-1.000,13,GEOS_0.5x0.625/MERRA2/2019/07/MERRA2.20190701.A3cld.05x0625.nc4
2294.584,uncovered,false,31.476,0,-1.000,14,GEOS_0.5x0.625/MERRA2/2019/07/MERRA2.20190701.A3cld.05x0625.nc4
2294.637,uncovered,false,31.478,0,-1.000,14,GEOS_0.5x0.625/MERRA2/2019/07/MERRA2.20190701.A3cld.05x0625.nc4
2326.149,hit,false,0.000,0,-1.000,14,GEOS_0.5x0.625/MERRA2/2019/07/MERRA2.20190701.A3cld.05x0625.nc4
2326.185,hit,false,0.000,0,-1.000,14,GEOS_0.5x0.625/MERRA2/2019/07/MERRA2.20190701.A3cld.05x0625.nc4
2326.215,hit,false,0.000,0,-1.000,14,GEOS_0.5x0.625/MERRA2/2019/07/MERRA2.20190701.A3cld.05x0625.nc4
2326.247,hit,false,0.000,0,-1.000,14,GEOS_0.5x0.625/MERRA2/2019/07/MERRA2.20190701.A3cld.05x0625.nc4
2326.277,hit,false,0.000,0,-1.000,14,GEOS_0.5x0.625/MERRA2/2019/07/MERRA2.20190701.A3cld.05x0625.nc4
2326.307,hit,false,0.000,0,-1.000,14,GEOS_0.5x0.625/MERRA2/2019/07/MERRA2.20190701.A3cld.05x0625.nc4
2326.334,uncovered,false,23.236,0,-1.000,15,GEOS_0.5x0.625/MERRA2/2019/07/MERRA2.20190701.A3cld.05x0625.nc4
2326.368,uncovered,false,23.256,0,-1.000,15,GEOS_0.5x0.625/MERRA2/2019/07/MERRA2.20190701.A3cld.05x0625.nc4
2349.648,hit,false,0.000,0,-1.000,15,GEOS_0.5x0.625/MERRA2/2019/07/MERRA2.20190701.A3cld.05x0625.nc4
2349.698,hit,false,0.000,0,-1.000,15,GEOS_0.5x0.625/MERRA2/2019/07/MERRA2.20190701.A3cld.05x0625.nc4
2349.721,hit,false,0.000,0,-1.000,15,GEOS_0.5x0.625/MERRA2/2019/07/MERRA2.20190701.A3cld.05x0625.nc4
2349.754,hit,false,0.000,0,-1.000,15,GEOS_0.5x0.625/MERRA2/2019/07/MERRA2.20190701.A3cld.05x0625.nc4
2349.782,hit,false,0.000,0,-1.000,15,GEOS_0.5x0.625/MERRA2/2019/07/MERRA2.20190701.A3cld.05x0625.nc4
2349.806,hit,false,0.000,0,-1.000,15,GEOS_0.5x0.625/MERRA2/2019/07/MERRA2.20190701.A3cld.05x0625.nc4
2349.846,hit,false,0.000,0,201.390,16,GEOS_0.5x0.625/MERRA2/2019/07/MERRA2.20190701.A3cld.05x0625.nc4
2349.872,hit,false,0.000,0,201.417,16,GEOS_0.5x0.625/MERRA2/2019/07/MERRA2.20190701.A3cld.05x0625.nc4
2349.922,hit,false,0.000,8,201.466,16,GEOS_0.5x0.625/MERRA2/2019/07/MERRA2.20190701.A3cld.05x0625.nc4
2349.944,hit,false,0.000,24,201.488,16,GEOS_0.5x0.625/MERRA2/2019/07/MERRA2.20190701.A3cld.05x0625.nc4
2349.980,hit,false,0.000,32,201.524,16,GEOS_0.5x0.625/MERRA2/2019/07/MERRA2.20190701.A3cld.05x0625.nc4
2350.006,hit,false,0.000,40,201.550,16,GEOS_0.5x0.625/MERRA2/2019/07/MERRA2.20190701.A3cld.05x0625.nc4
2350.040,hit,false,0.000,40,201.585,16,GEOS_0.5x0.625/MERRA2/2019/07/MERRA2.20190701.A3cld.05x0625.nc4
2350.065,hit,false,0.000,40,201.609,16,GEOS_0.5x0.625/MERRA2/2019/07/MERRA2.20190701.A3cld.05x0625.nc4
2350.099,hit,false,0.000,40,201.640,17,GEOS_0.5x0.625/MERRA2/2019/07/MERRA2.20190701.A3cld.05x0625.nc4
2350.129,hit,false,0.000,40,201.670,17,GEOS_0.5x0.625/MERRA2/2019/07/MERRA2.20190701.A3cld.05x0625.nc4
2350.159,hit,false,0.000,40,201.700,17,GEOS_0.5x0.625/MERRA2/2019/07/MERRA2.20190701.A3cld.05x0625.nc4
2350.277,hit,false,0.000,40,201.818,17,GEOS_0.5x0.625/MERRA2/2019/07/MERRA2.20190701.A3cld.05x0625.nc4
2350.300,hit,false,0.000,40,201.841,17,GEOS_0.5x0.625/MERRA2/2019/07/MERRA2.20190701.A3cld.05x0625.nc4
2350.339,hit,false,0.000,40,201.881,17,GEOS_0.5x0.625/MERRA2/2019/07/MERRA2.20190701.A3cld.05x0625.nc4
2350.363,hit,false,0.000,40,201.904,17,GEOS_0.5x0.625/MERRA2/2019/07/MERRA2.20190701.A3cld.05x0625.nc4
2350.396,hit,false,0.000,40,201.938,17,GEOS_0.5x0.625/MERRA2/2019/07/MERRA2.20190701.A3cld.05x0625.nc4
2350.422,hit,false,0.000,40,201.961,18,GEOS_0.5x0.625/MERRA2/2019/07/MERRA2.20190701.A3cld.05x0625.nc4
2350.458,hit,false,0.000,40,201.998,18,GEOS_0.5x0.625/MERRA2/2019/07/MERRA2.20190701.A3cld.05x0625.nc4
2350.483,hit,false,0.000,40,202.022,18,GEOS_0.5x0.625/MERRA2/2019/07/MERRA2.20190701.A3cld.05x0625.nc4
2350.517,hit,false,0.000,40,202.056,18,GEOS_0.5x0.625/MERRA2/2019/07/MERRA2.20190701.A3cld.05x0625.nc4
2350.556,hit,false,0.000,40,202.095,18,GEOS_0.5x0.625/MERRA2/2019/07/MERRA2.20190701.A3cld.05x0625.nc4
2350.580,hit,false,0.000,40,202.120,18,GEOS_0.5x0.625/MERRA2/2019/07/MERRA2.20190701.A3cld.05x0625.nc4
2350.613,hit,false,0.000,40,202.152,18,GEOS_0.5x0.625/MERRA2/2019/07/MERRA2.20190701.A3cld.05x0625.nc4
2350.637,hit,false,0.000,40,202.176,18,GEOS_0.5x0.625/MERRA2/2019/07/MERRA2.20190701.A3cld.05x0625.nc4
2350.669,hit,false,0.000,40,202.206,19,GEOS_0.5x0.625/MERRA2/2019/07/MERRA2.20190701.A3cld.05x0625.nc4
2350.699,hit,false,0.000,40,202.235,19,GEOS_0.5x0.625/MERRA2/2019/07/MERRA2.20190701.A3cld.05x0625.nc4
2350.731,hit,false,0.000,40,202.268,19,GEOS_0.5x0.625/MERRA2/2019/07/MERRA2.20190701.A3cld.05x0625.nc4
2350.755,hit,false,0.000,40,202.291,19,GEOS_0.5x0.625/MERRA2/2019/07/MERRA2.20190701.A3cld.05x0625.nc4
2350.789,hit,false,0.000,40,202.325,19,GEOS_0.5x0.625/MERRA2/2019/07/MERRA2.20190701.A3cld.05x0625.nc4
2350.814,hit,false,0.000,40,202.351,19,GEOS_0.5x0.625/MERRA2/2019/07/MERRA2.20190701.A3cld.05x0625.nc4
2350.844,hit,false,0.000,40,202.380,19,GEOS_0.5x0.625/MERRA2/2019/07/MERRA2.20190701.A3cld.05x0625.nc4
2350.874,hit,false,0.000,40,202.411,19,GEOS_0.5x0.625/MERRA2/2019/07/MERRA2.20190701.A3cld.05x0625.nc4
2350.903,hit,false,0.000,40,202.437,20,GEOS_0.5x0.625/MERRA2/2019/07/MERRA2.20190701.A3cld.05x0625.nc4
2350.933,hit,false,0.000,40,202.468,20,GEOS_0.5x0.625/MERRA2/2019/07/MERRA2.20190701.A3cld.05x0625.nc4
2350.963,hit,false,0.000,40,202.497,20,GEOS_0.5x0.625/MERRA2/2019/07/MERRA2.20190701.A3cld.05x0625.nc4
2350.991,hit,false,0.000,40,202.526,20,GEOS_0.5x0.625/MERRA2/2019/07/MERRA2.20190701.A3cld.05x0625.nc4
2351.024,hit,false,0.000,40,202.558,20,GEOS_0.5x0.625/MERRA2/2019/07/MERRA2.20190701.A3cld.05x0625.nc4
2351.046,hit,false,0.000,40,202.580,20,GEOS_0.5x0.625/MERRA2/2019/07/MERRA2.20190701.A3cld.05x0625.nc4
2351.085,hit,false,0.000,40,202.620,20,GEOS_0.5x0.625/MERRA2/2019/07/MERRA2.20190701.A3cld.05x0625.nc4
2351.108,hit,false,0.000,40,202.643,20,GEOS_0.5x0.625/MERRA2/2019/07/MERRA2.20190701.A3cld.05x0625.nc4
2351.238,hit,false,0.000,40,202.771,21,GEOS_0.5x0.625/MERRA2/2019/07/MERRA2.20190701.A3cld.05x0625.nc4
2351.303,hit,false,0.000,40,202.836,21,GEOS_0.5x0.625/MERRA2/2019/07/MERRA2.20190701.A3cld.05x0625.nc4
2351.322,hit,false,0.000,40,202.856,21,GEOS_0.5x0.625/MERRA2/2019/07/MERRA2.20190701.A3cld.05x0625.nc4
2351.362,hit,false,0.000,40,202.895,21,GEOS_0.5x0.625/MERRA2/2019/07/MERRA2.20190701.A3cld.05x0625.nc4
2351.388,hit,false,0.000,40,202.921,21,GEOS_0.5x0.625/MERRA2/2019/07/MERRA2.20190701.A3cld.05x0625.nc4
2351.425,hit,false,0.000,40,202.958,21,GEOS_0.5x0.625/MERRA2/2019/07/MERRA2.20190701.A3cld.05x0625.nc4
2351.448,hit,false,0.000,40,202.981,21,GEOS_0.5x0.625/MERRA2/2019/07/MERRA2.20190701.A3cld.05x0625.nc4
2351.482,hit,false,0.000,40,203.015,21,GEOS_0.5x0.625/MERRA2/2019/07/MERRA2.20190701.A3cld.05x0625.nc4
2351.506,hit,false,0.000,40,203.037,22,GEOS_0.5x0.625/MERRA2/2019/07/MERRA2.20190701.A3cld.05x0625.nc4
2351.541,hit,false,0.000,40,203.072,22,GEOS_0.5x0.625/MERRA2/2019/07/MERRA2.20190701.A3cld.05x0625.nc4
2351.565,hit,false,0.000,40,203.096,22,GEOS_0.5x0.625/MERRA2/2019/07/MERRA2.20190701.A3cld.05x0625.nc4
2351.597,hit,false,0.000,40,203.128,22,GEOS_0.5x0.625/MERRA2/2019/07/MERRA2.20190701.A3cld.05x0625.nc4
2351.626,hit,false,0.000,40,203.157,22,GEOS_0.5x0.625/MERRA2/2019/07/MERRA2.20190701.A3cld.05x0625.nc4
2351.658,hit,false,0.000,40,203.189,22,GEOS_0.5x0.625/MERRA2/2019/07/MERRA2.20190701.A3cld.05x0625.nc4
2351.686,hit,false,0.000,40,203.217,22,GEOS_0.5x0.625/MERRA2/2019/07/MERRA2.20190701.A3cld.05x0625.nc4
2351.716,hit,false,0.000,40,203.247,22,GEOS_0.5x0.625/MERRA2/2019/07/MERRA2.20190701.A3cld.05x0625.nc4
2351.746,hit,false,0.000,40,203.276,23,GEOS_0.5x0.625/MERRA2/2019/07/MERRA2.20190701.A3cld.05x0625.nc4
2351.780,hit,false,0.000,40,203.309,23,GEOS_0.5x0.625/MERRA2/2019/07/MERRA2.20190701.A3cld.05x0625.nc4
2351.806,hit,false,0.000,40,203.336,23,GEOS_0.5x0.625/MERRA2/2019/07/MERRA2.20190701.A3cld.05x0625.nc4
2351.837,hit,false,0.000,40,203.366,23,GEOS_0.5x0.625/MERRA2/2019/07/MERRA2.20190701.A3cld.05x0625.nc4
2351.865,hit,false,0.000,40,203.395,23,GEOS_0.5x0.625/MERRA2/2019/07/MERRA2.20190701.A3cld.05x0625.nc4
2351.894,hit,false,0.000,40,203.424,23,GEOS_0.5x0.625/MERRA2/2019/07/MERRA2.20190701.A3cld.05x0625.nc4
2351.926,hit,false,0.000,40,203.455,23,GEOS_0.5x0.625/MERRA2/2019/07/MERRA2.20190701.A3cld.05x0625.nc4
2351.949,hit,false,0.000,40,203.478,23,GEOS_0.5x0.625/MERRA2/2019/07/MERRA2.20190701.A3cld.05x0625.nc4
2351.980,hit,false,0.000,40,203.518,24,GEOS_0.5x0.625/MERRA2/2019/07/MERRA2.20190701.A3cld.05x0625.nc4
2352.006,hit,false,0.000,40,203.545,24,GEOS_0.5x0.625/MERRA2/2019/07/MERRA2.20190701.A3cld.05x0625.nc4
2352.055,hit,false,0.000,63,203.594,24,GEOS_0.5x0.625/MERRA2/2019/07/MERRA2.20190701.A3cld.05x0625.nc4
2352.077,hit,false,0.000,75,203.616,24,GEOS_0.5x0.625/MERRA2/2019/07/MERRA2.20190701.A3cld.05x0625.nc4
2352.117,hit,false,0.000,80,203.656,24,GEOS_0.5x0.625/MERRA2/2019/07/MERRA2.20190701.A3cld.05x0625.nc4
2352.139,hit,false,0.000,80,203.678,24,GEOS_0.5x0.625/MERRA2/2019/07/MERRA2.20190701.A3cld.05x0625.nc4
2352.177,hit,false,0.000,80,203.716,24,GEOS_0.5x0.625/MERRA2/2019/07/MERRA2.20190701.A3cld.05x0625.nc4
2352.200,hit,false,0.000,80,203.739,24,GEOS_0.5x0.625/MERRA2/2019/07/MERRA2.20190701.A3cld.05x0625.nc4
2352.236,hit,false,0.000,80,203.772,25,GEOS_0.5x0.625/MERRA2/2019/07/MERRA2.20190701.A3cld.05x0625.nc4
2352.261,hit,false,0.000,80,203.798,25,GEOS_0.5x0.625/MERRA2/2019/07/MERRA2.20190701.A3cld.05x0625.nc4
2352.379,hit,false,0.000,80,203.915,25,GEOS_0.5x0.625/MERRA2/2019/07/MERRA2.20190701.A3cld.05x0625.nc4
2352.404,hit,false,0.000,80,203.941,25,GEOS_0.5x0.625/MERRA2/2019/07/MERRA2.20190701.A3cld.05x0625.nc4
2352.436,hit,false,0.000,80,203.972,25,GEOS_0.5x0.625/MERRA2/2019/07/MERRA2.20190701.A3cld.05x0625.nc4
2352.462,hit,false,0.000,80,203.998,25,GEOS_0.5x0.625/MERRA2/2019/07/MERRA2.20190701.A3cld.05x0625.nc4
2352.491,hit,false,0.000,80,204.028,25,GEOS_0.5x0.625/MERRA2/2019/07/MERRA2.20190701.A3cld.05x0625.nc4
2352.515,hit,false,0.000,80,204.052,25,GEOS_0.5x0.625/MERRA2/2019/07/MERRA2.20190701.A3cld.05x0625.nc4
2352.547,hit,false,0.000,80,204.081,26,GEOS_0.5x0.625/MERRA2/2019/07/MERRA2.20190701.A3cld.05x0625.nc4
2352.575,hit,false,0.000,80,204.109,26,GEOS_0.5x0.625/MERRA2/2019/07/MERRA2.20190701.A3cld.05x0625.nc4
2352.606,hit,false,0.000,80,204.140,26,GEOS_0.5x0.625/MERRA2/2019/07/MERRA2.20190701.A3cld.05x0625.nc4
2352.637,hit,false,0.000,80,204.171,26,GEOS_0.5x0.625/MERRA2/2019/07/MERRA2.20190701.A3cld.05x0625.nc4
2352.665,hit,false,0.000,80,204.199,26,GEOS_0.5x0.625/MERRA2/2019/07/MERRA2.20190701.A3cld.05x0625.nc4
2352.695,hit,false,0.000,80,204.229,26,GEOS_0.5x0.625/MERRA2/2019/07/MERRA2.20190701.A3cld.05x0625.nc4
2352.724,hit,false,0.000,80,204.258,26,GEOS_0.5x0.625/MERRA2/2019/07/MERRA2.20190701.A3cld.05x0625.nc4
2352.753,hit,false,0.000,80,204.287,26,GEOS_0.5x0.625/MERRA2/2019/07/MERRA2.20190701.A3cld.05x0625.nc4
2352.782,hit,false,0.000,80,204.313,27,GEOS_0.5x0.625/MERRA2/2019/07/MERRA2.20190701.A3cld.05x0625.nc4
2352.816,hit,false,0.000,80,204.348,27,GEOS_0.5x0.625/MERRA2/2019/07/MERRA2.20190701.A3cld.05x0625.nc4
2352.838,hit,false,0.000,80,204.370,27,GEOS_0.5x0.625/MERRA2/2019/07/MERRA2.20190701.A3cld.05x0625.nc4
2352.876,hit,false,0.000,80,204.407,27,GEOS_0.5x0.625/MERRA2/2019/07/MERRA2.20190701.A3cld.05x0625.nc4
2352.899,hit,false,0.000,80,204.430,27,GEOS_0.5x0.625/MERRA2/2019/07/MERRA2.20190701.A3cld.05x0625.nc4
2352.932,hit,false,0.000,80,204.464,27,GEOS_0.5x0.625/MERRA2/2019/07/MERRA2.20190701.A3cld.05x0625.nc4
2352.957,hit,false,0.000,80,204.488,27,GEOS_0.5x0.625/MERRA2/2019/07/MERRA2.20190701.A3cld.05x0625.nc4
2352.994,hit,false,0.000,80,204.525,27,GEOS_0.5x0.625/MERRA2/2019/07/MERRA2.20190701.A3cld.05x0625.nc4
2353.018,hit,false,0.000,80,204.548,28,GEOS_0.5x0.625/MERRA2/2019/07/MERRA2.20190701.A3cld.05x0625.nc4
2353.052,hit,false,0.000,80,204.581,28,GEOS_0.5x0.625/MERRA2/2019/07/MERRA2.20190701.A3cld.05x0625.nc4
2353.078,hit,false,0.000,80,204.608,28,GEOS_0.5x0.625/MERRA2/2019/07/MERRA2.20190701.A3cld.05x0625.nc4
2353.119,hit,false,0.000,80,204.649,28,GEOS_0.5x0.625/MERRA2/2019/07/MERRA2.20190701.A3cld.05x0625.nc4
2353.150,hit,false,0.000,80,204.679,28,GEOS_0.5x0.625/MERRA2/2019/07/MERRA2.20190701.A3cld.05x0625.nc4
2353.178,hit,false,0.000,80,204.708,28,GEOS_0.5x0.625/MERRA2/2019/07/MERRA2.20190701.A3cld.05x0625.nc4
2353.210,hit,false,0.000,80,204.740,28,GEOS_0.5x0.625/MERRA2/2019/07/MERRA2.20190701.A3cld.05x0625.nc4
2353.238,hit,false,0.000,80,204.767,28,GEOS_0.5x0.625/MERRA2/2019/07/MERRA2.20190701.A3cld.05x0625.nc4
2353.271,hit,false,0.000,80,204.798,29,GEOS_0.5x0.625/MERRA2/2019/07/MERRA2.20190701.A3cld.05x0625.nc4
2353.296,hit,false,0.000,80,204.824,29,GEOS_0.5x0.625/MERRA2/2019/07/MERRA2.20190701.A3cld.05x0625.nc4
2353.334,hit,false,0.000,80,204.862,29,GEOS_0.5x0.625/MERRA2/2019/07/MERRA2.20190701.A3cld.05x0625.nc4
2353.358,hit,false,0.000,80,204.885,29,GEOS_0.5x0.625/MERRA2/2019/07/MERRA2.20190701.A3cld.05x0625.nc4
2353.394,hit,false,0.000,80,204.921,29,GEOS_0.5x0.625/MERRA2/2019/07/MERRA2.20190701.A3cld.05x0625.nc4
2353.417,hit,false,0.000,80,204.944,29,GEOS_0.5x0.625/MERRA2/2019/07/MERRA2.20190701.A3cld.05x0625.nc4
2353.449,hit,false,0.000,80,204.977,29,GEOS_0.5x0.625/MERRA2/2019/07/MERRA2.20190701.A3cld.05x0625.nc4
2353.475,hit,false,0.000,80,205.003,29,GEOS_0.5x0.625/MERRA2/2019/07/MERRA2.20190701.A3cld.05x0625.nc4
2353.504,hit,false,0.000,80,205.030,30,GEOS_0.5x0.625/MERRA2/2019/07/MERRA2.20190701.A3cld.05x0625.nc4
2353.544,hit,false,0.000,80,205.070,30,GEOS_0.5x0.625/MERRA2/2019/07/MERRA2.20190701.A3cld.05x0625.nc4
2353.567,hit,false,0.000,80,205.093,30,GEOS_0.5x0.625/MERRA2/2019/07/MERRA2.20190701.A3cld.05x0625.nc4
2353.601,hit,false,0.000,80,205.127,30,GEOS_0.5x0.625/MERRA2/2019/07/MERRA2.20190701.A3cld.05x0625.nc4
2353.626,hit,false,0.000,80,205.153,30,GEOS_0.5x0.625/MERRA2/2019/07/MERRA2.20190701.A3cld.05x0625.nc4
2353.658,hit,false,0.000,80,205.184,30,GEOS_0.5x0.625/MERRA2/2019/07/MERRA2.20190701.A3cld.05x0625.nc4
2353.681,hit,false,0.000,80,205.207,30,GEOS_0.5x0.625/MERRA2/2019/07/MERRA2.20190701.A3cld.05x0625.nc4
2353.714,hit,false,0.000,80,205.240,30,GEOS_0.5x0.625/MERRA2/2019/07/MERRA2.20190701.A3cld.05x0625.nc4
2353.739,hit,false,0.000,80,205.264,31,GEOS_0.5x0.625/MERRA2/2019/07/MERRA2.20190701.A3cld.05x0625.nc4
2353.771,hit,false,0.000,80,205.296,31,GEOS_0.5x0.625/MERRA2/2019/07/MERRA2.20190701.A3cld.05x0625.nc4
2353.796,hit,false,0.000,80,205.321,31,GEOS_0.5x0.625/MERRA2/2019/07/MERRA2.20190701.A3cld.05x0625.nc4
2353.825,hit,false,0.000,80,205.350,31,GEOS_0.5x0.625/MERRA2/2019/07/MERRA2.20190701.A3cld.05x0625.nc4
2353.854,hit,false,0.000,80,205.379,31,GEOS_0.5x0.625/MERRA2/2019/07/MERRA2.20190701.A3cld.05x0625.nc4
2353.877,hit,false,0.000,80,205.401,31,GEOS_0.5x0.625/MERRA2/2019/07/MERRA2.20190701.A3cld.05x0625.nc4
2353.912,hit,false,0.000,80,205.437,31,GEOS_0.5x0.625/MERRA2/2019/07/MERRA2.20190701.A3cld.05x0625.nc4
2353.935,hit,false,0.000,80,205.460,31,GEOS_0.5x0.625/MERRA2/2019/07/MERRA2.20190701.A3cld.05x0625.nc4
2353.969,hit,false,0.000,80,205.487,32,GEOS_0.5x0.625/MERRA2/2019/07/MERRA2.20190701.A3cld.05x0625.nc4
2353.996,hit,false,0.000,80,205.515,32,GEOS_0.5x0.625/MERRA2/2019/07/MERRA2.20190701.A3cld.05x0625.nc4
2354.038,hit,false,0.000,96,205.557,32,GEOS_0.5x0.625/MERRA2/2019/07/MERRA2.20190701.A3cld.05x0625.nc4
2354.063,hit,false,0.000,110,205.581,32,GEOS_0.5x0.625/MERRA2/2019/07/MERRA2.20190701.A3cld.05x0625.nc4
2354.096,hit,false,0.000,118,205.614,32,GEOS_0.5x0.625/MERRA2/2019/07/MERRA2.20190701.A3cld.05x0625.nc4
2354.122,hit,false,0.000,118,205.640,32,GEOS_0.5x0.625/MERRA2/2019/07/MERRA2.20190701.A3cld.05x0625.nc4
2354.152,hit,false,0.000,120,205.671,32,GEOS_0.5x0.625/MERRA2/2019/07/MERRA2.20190701.A3cld.05x0625.nc4
2354.178,hit,false,0.000,120,205.696,32,GEOS_0.5x0.625/MERRA2/2019/07/MERRA2.20190701.A3cld.05x0625.nc4
2354.211,hit,false,0.000,120,205.727,33,GEOS_0.5x0.625/MERRA2/2019/07/MERRA2.20190701.A3cld.05x0625.nc4
2354.322,hit,false,0.000,120,205.838,33,GEOS_0.5x0.625/MERRA2/2019/07/MERRA2.20190701.A3cld.05x0625.nc4
2354.344,hit,false,0.000,120,205.860,33,GEOS_0.5x0.625/MERRA2/2019/07/MERRA2.20190701.A3cld.05x0625.nc4
2354.378,hit,false,0.000,120,205.894,33,GEOS_0.5x0.625/MERRA2/2019/07/MERRA2.20190701.A3cld.05x0625.nc4
2354.404,hit,false,0.000,120,205.920,33,GEOS_0.5x0.625/MERRA2/2019/07/MERRA2.20190701.A3cld.05x0625.nc4
2354.434,hit,false,0.000,120,205.950,33,GEOS_0.5x0.625/MERRA2/2019/07/MERRA2.20190701.A3cld.05x0625.nc4
2354.457,hit,false,0.000,120,205.973,33,GEOS_0.5x0.625/MERRA2/2019/07/MERRA2.20190701.A3cld.05x0625.nc4
2354.493,hit,false,0.000,120,206.009,33,GEOS_0.5x0.625/MERRA2/2019/07/MERRA2.20190701.A3cld.05x0625.nc4
2354.516,hit,false,0.000,120,206.029,34,GEOS_0.5x0.625/MERRA2/2019/07/MERRA2.20190701.A3cld.05x0625.nc4
2354.549,hit,false,0.000,120,206.062,34,GEOS_0.5x0.625/MERRA2/2019/07/MERRA2.20190701.A3cld.05x0625.nc4
2354.575,hit,false,0.000,120,206.088,34,GEOS_0.5x0.625/MERRA2/2019/07/MERRA2.20190701.A3cld.05x0625.nc4
2354.607,hit,false,0.000,120,206.120,34,GEOS_0.5x0.625/MERRA2/2019/07/MERRA2.20190701.A3cld.05x0625.nc4
2354.632,hit,false,0.000,120,206.145,34,GEOS_0.5x0.625/MERRA2/2019/07/MERRA2.20190701.A3cld.05x0625.nc4
2354.669,hit,false,0.000,120,206.182,34,GEOS_0.5x0.625/MERRA2/2019/07/MERRA2.20190701.A3cld.05x0625.nc4
2354.691,hit,false,0.000,120,206.204,34,GEOS_0.5x0.625/MERRA2/2019/07/MERRA2.20190701.A3cld.05x0625.nc4
2354.727,hit,false,0.000,120,206.240,34,GEOS_0.5x0.625/MERRA2/2019/07/MERRA2.20190701.A3cld.05x0625.nc4
2354.750,hit,false,0.000,120,206.261,35,GEOS_0.5x0.625/MERRA2/2019/07/MERRA2.20190701.A3cld.05x0625.nc4
2354.785,hit,false,0.000,120,206.296,35,GEOS_0.5x0.625/MERRA2/2019/07/MERRA2.20190701.A3cld.05x0625.nc4
2354.810,hit,false,0.000,120,206.321,35,GEOS_0.5x0.625/MERRA2/2019/07/MERRA2.20190701.A3cld.05x0625.nc4
2354.840,hit,false,0.000,120,206.352,35,GEOS_0.5x0.625/MERRA2/2019/07/MERRA2.20190701.A3cld.05x0625.nc4
2354.865,hit,false,0.000,120,206.377,35,GEOS_0.5x0.625/MERRA2/2019/07/MERRA2.20190701.A3cld.05x0625.nc4
2354.897,hit,false,0.000,120,206.409,35,GEOS_0.5x0.625/MERRA2/2019/07/MERRA2.20190701.A3cld.05x0625.nc4
2354.923,hit,false,0.000,120,206.435,35,GEOS_0.5x0.625/MERRA2/2019/07/MERRA2.20190701.A3cld.05x0625.nc4
2354.953,hit,false,0.000,120,206.464,35,GEOS_0.5x0.625/MERRA2/2019/07/MERRA2.20190701.A3cld.05x0625.nc4
2354.984,hit,false,0.000,120,206.493,36,GEOS_0.5x0.625/MERRA2/2019/07/MERRA2.20190701.A3cld.05x0625.nc4
2355.009,hit,false,0.000,120,206.518,36,GEOS_0.5x0.625/MERRA2/2019/07/MERRA2.20190701.A3cld.05x0625.nc4
2355.041,hit,false,0.000,120,206.550,36,GEOS_0.5x0.625/MERRA2/2019/07/MERRA2.20190701.A3cld.05x0625.nc4
2355.067,hit,false,0.000,120,206.576,36,GEOS_0.5x0.625/MERRA2/2019/07/MERRA2.20190701.A3cld.05x0625.nc4
2355.097,hit,false,0.000,120,206.606,36,GEOS_0.5x0.625/MERRA2/2019/07/MERRA2.20190701.A3cld.05x0625.nc4
2355.128,hit,false,0.000,120,206.638,36,GEOS_0.5x0.625/MERRA2/2019/07/MERRA2.20190701.A3cld.05x0625.nc4
2355.151,hit,false,0.000,120,206.661,36,GEOS_0.5x0.625/MERRA2/2019/07/MERRA2.20190701.A3cld.05x0625.nc4
2355.184,hit,false,0.000,120,206.693,36,GEOS_0.5x0.625/MERRA2/2019/07/MERRA2.20190701.A3cld.05x0625.nc4
2355.212,hit,false,0.000,120,206.720,37,GEOS_0.5x0.625/MERRA2/2019/07/MERRA2.20190701.A3cld.05x0625.nc4
2355.249,hit,false,0.000,120,206.756,37,GEOS_0.5x0.625/MERRA2/2019/07/MERRA2.20190701.A3cld.05x0625.nc4
2355.278,hit,false,0.000,120,206.785,37,GEOS_0.5x0.625/MERRA2/2019/07/MERRA2.20190701.A3cld.05x0625.nc4
2355.310,hit,false,0.000,120,206.817,37,GEOS_0.5x0.625/MERRA2/2019/07/MERRA2.20190701.A3cld.05x0625.nc4
2355.341,hit,false,0.000,120,206.849,37,GEOS_0.5x0.625/MERRA2/2019/07/MERRA2.20190701.A3cld.05x0625.nc4
2355.367,hit,false,0.000,120,206.875,37,GEOS_0.5x0.625/MERRA2/2019/07/MERRA2.20190701.A3cld.05x0625.nc4
2355.399,hit,false,0.000,120,206.907,37,GEOS_0.5x0.625/MERRA2/2019/07/MERRA2.20190701.A3cld.05x0625.nc4
2355.428,hit,false,0.000,120,206.936,37,GEOS_0.5x0.625/MERRA2/2019/07/MERRA2.20190701.A3cld.05x0625.nc4
2355.457,hit,false,0.000,120,206.961,38,GEOS_0.5x0.625/MERRA2/2019/07/MERRA2.20190701.A3cld.05x0625.nc4
2355.492,hit,false,0.000,120,206.996,38,GEOS_0.5x0.625/MERRA2/2019/07/MERRA2.20190701.A3cld.05x0625.nc4
2355.521,hit,false,0.000,120,207.025,38,GEOS_0.5x0.625/MERRA2/2019/07/MERRA2.20190701.A3cld.05x0625.nc4
2355.553,hit,false,0.000,120,207.057,38,GEOS_0.5x0.625/MERRA2/2019/07/MERRA2.20190701.A3cld.05x0625.nc4
2355.582,hit,false,0.000,120,207.086,38,GEOS_0.5x0.625/MERRA2/2019/07/MERRA2.20190701.A3cld.05x0625.nc4
2355.613,hit,false,0.000,120,207.116,38,GEOS_0.5x0.625/MERRA2/2019/07/MERRA2.20190701.A3cld.05x0625.nc4
2355.641,hit,false,0.000,120,207.145,38,GEOS_0.5x0.625/MERRA2/2019/07/MERRA2.20190701.A3cld.05x0625.nc4
2355.671,hit,false,0.000,120,207.175,38,GEOS_0.5x0.625/MERRA2/2019/07/MERRA2.20190701.A3cld.05x0625.nc4
2355.695,hit,false,0.000,120,207.197,39,GEOS_0.5x0.625/MERRA2/2019/07/MERRA2.20190701.A3cld.05x0625.nc4
2355.730,hit,false,0.000,120,207.232,39,GEOS_0.5x0.625/MERRA2/2019/07/MERRA2.20190701.A3cld.05x0625.nc4
2355.756,hit,false,0.000,120,207.258,39,GEOS_0.5x0.625/MERRA2/2019/07/MERRA2.20190701.A3cld.05x0625.nc4
2355.786,hit,false,0.000,120,207.288,39,GEOS_0.5x0.625/MERRA2/2019/07/MERRA2.20190701.A3cld.05x0625.nc4
2355.811,hit,false,0.000,120,207.313,39,GEOS_0.5x0.625/MERRA2/2019/07/MERRA2.20190701.A3cld.05x0625.nc4
2355.842,hit,false,0.000,120,207.344,39,GEOS_0.5x0.625/MERRA2/2019/07/MERRA2.20190701.A3cld.05x0625.nc4
2355.866,hit,false,0.000,120,207.368,39,GEOS_0.5x0.625/MERRA2/2019/07/MERRA2.20190701.A3cld.05x0625.nc4
2355.902,hit,false,0.000,120,207.404,39,GEOS_0.5x0.625/MERRA2/2019/07/MERRA2.20190701.A3cld.05x0625.nc4
2355.926,hit,false,0.000,120,207.418,40,GEOS_0.5x0.625/MERRA2/2019/07/MERRA2.20190701.A3cld.05x0625.nc4
2355.963,hit,false,0.000,120,207.455,40,GEOS_0.5x0.625/MERRA2/2019/07/MERRA2.20190701.A3cld.05x0625.nc4
2355.999,hit,false,0.000,142,207.491,40,GEOS_0.5x0.625/MERRA2/2019/07/MERRA2.20190701.A3cld.05x0625.nc4
2356.022,hit,false,0.000,151,207.515,40,GEOS_0.5x0.625/MERRA2/2019/07/MERRA2.20190701.A3cld.05x0625.nc4
2356.061,hit,false,0.000,152,207.553,40,GEOS_0.5x0.625/MERRA2/2019/07/MERRA2.20190701.A3cld.05x0625.nc4
2356.085,hit,false,0.000,160,207.577,40,GEOS_0.5x0.625/MERRA2/2019/07/MERRA2.20190701.A3cld.05x0625.nc4
2356.120,hit,false,0.000,160,207.612,40,GEOS_0.5x0.625/MERRA2/2019/07/MERRA2.20190701.A3cld.05x0625.nc4
2356.145,hit,false,0.000,160,207.638,40,GEOS_0.5x0.625/MERRA2/2019/07/MERRA2.20190701.A3cld.05x0625.nc4
2356.265,hit,false,0.000,160,207.754,41,GEOS_0.5x0.625/MERRA2/2019/07/MERRA2.20190701.A3cld.05x0625.nc4
2356.291,hit,false,0.000,160,207.780,41,GEOS_0.5x0.625/MERRA2/2019/07/MERRA2.20190701.A3cld.05x0625.nc4
2356.325,hit,false,0.000,160,207.813,41,GEOS_0.5x0.625/MERRA2/2019/07/MERRA2.20190701.A3cld.05x0625.nc4
2356.349,hit,false,0.000,160,207.838,41,GEOS_0.5x0.625/MERRA2/2019/07/MERRA2.20190701.A3cld.05x0625.nc4
2356.380,hit,false,0.000,160,207.869,41,GEOS_0.5x0.625/MERRA2/2019/07/MERRA2.20190701.A3cld.05x0625.nc4
2356.404,hit,false,0.000,160,207.893,41,GEOS_0.5x0.625/MERRA2/2019/07/MERRA2.20190701.A3cld.05x0625.nc4
2356.441,hit,false,0.000,160,207.930,41,GEOS_0.5x0.625/MERRA2/2019/07/MERRA2.20190701.A3cld.05x0625.nc4
2356.464,hit,false,0.000,160,207.952,41,GEOS_0.5x0.625/MERRA2/2019/07/MERRA2.20190701.A3cld.05x0625.nc4
2356.500,hit,false,0.000,160,207.987,42,GEOS_0.5x0.625/MERRA2/2019/07/MERRA2.20190701.A3cld.05x0625.nc4
2356.527,hit,false,0.000,160,208.014,42,GEOS_0.5x0.625/MERRA2/2019/07/MERRA2.20190701.A3cld.05x0625.nc4
2356.559,hit,false,0.000,160,208.046,42,GEOS_0.5x0.625/MERRA2/2019/07/MERRA2.20190701.A3cld.05x0625.nc4
2356.584,hit,false,0.000,160,208.071,42,GEOS_0.5x0.625/MERRA2/2019/07/MERRA2.20190701.A3cld.05x0625.nc4
2356.615,hit,false,0.000,160,208.102,42,GEOS_0.5x0.625/MERRA2/2019/07/MERRA2.20190701.A3cld.05x0625.nc4
2356.644,hit,false,0.000,160,208.131,42,GEOS_0.5x0.625/MERRA2/2019/07/MERRA2.20190701.A3cld.05x0625.nc4
2356.674,hit,false,0.000,160,208.161,42,GEOS_0.5x0.625/MERRA2/2019/07/MERRA2.20190701.A3cld.05x0625.nc4
2356.697,hit,false,0.000,160,208.184,42,GEOS_0.5x0.625/MERRA2/2019/07/MERRA2.20190701.A3cld.05x0625.nc4
2356.734,hit,false,0.000,160,208.219,43,GEOS_0.5x0.625/MERRA2/2019/07/MERRA2.20190701.A3cld.05x0625.nc4
2356.758,hit,false,0.000,160,208.243,43,GEOS_0.5x0.625/MERRA2/2019/07/MERRA2.20190701.A3cld.05x0625.nc4
2356.794,hit,false,0.000,160,208.279,43,GEOS_0.5x0.625/MERRA2/2019/07/MERRA2.20190701.A3cld.05x0625.nc4
2356.818,hit,false,0.000,160,208.303,43,GEOS_0.5x0.625/MERRA2/2019/07/MERRA2.20190701.A3cld.05x0625.nc4
2356.851,hit,false,0.000,160,208.336,43,GEOS_0.5x0.625/MERRA2/2019/07/MERRA2.20190701.A3cld.05x0625.nc4
2356.876,hit,false,0.000,160,208.361,43,GEOS_0.5x0.625/MERRA2/2019/07/MERRA2.20190701.A3cld.05x0625.nc4
2356.907,hit,false,0.000,160,208.392,43,GEOS_0.5x0.625/MERRA2/2019/07/MERRA2.20190701.A3cld.05x0625.nc4
2356.933,hit,false,0.000,160,208.418,43,GEOS_0.5x0.625/MERRA2/2019/07/MERRA2.20190701.A3cld.05x0625.nc4
2356.964,hit,false,0.000,160,208.448,44,GEOS_0.5x0.625/MERRA2/2019/07/MERRA2.20190701.A3cld.05x0625.nc4
2356.992,hit,false,0.000,160,208.476,44,GEOS_0.5x0.625/MERRA2/2019/07/MERRA2.20190701.A3cld.05x0625.nc4
2357.025,hit,false,0.000,160,208.509,44,GEOS_0.5x0.625/MERRA2/2019/07/MERRA2.20190701.A3cld.05x0625.nc4
2357.055,hit,false,0.000,160,208.538,44,GEOS_0.5x0.625/MERRA2/2019/07/MERRA2.20190701.A3cld.05x0625.nc4
2357.084,hit,false,0.000,160,208.567,44,GEOS_0.5x0.625/MERRA2/2019/07/MERRA2.20190701.A3cld.05x0625.nc4
2357.112,hit,false,0.000,160,208.596,44,GEOS_0.5x0.625/MERRA2/2019/07/MERRA2.20190701.A3cld.05x0625.nc4
2357.160,hit,false,0.000,160,208.643,44,GEOS_0.5x0.625/MERRA2/2019/07/MERRA2.20190701.A3cld.05x0625.nc4
2357.181,hit,false,0.000,160,208.665,44,GEOS_0.5x0.625/MERRA2/2019/07/MERRA2.20190701.A3cld.05x0625.nc4
2357.213,hit,false,0.000,160,208.693,45,GEOS_0.5x0.625/MERRA2/2019/07/MERRA2.20190701.A3cld.05x0625.nc4
2357.240,hit,false,0.000,160,208.721,45,GEOS_0.5x0.625/MERRA2/2019/07/MERRA2.20190701.A3cld.05x0625.nc4
2357.268,hit,false,0.000,160,208.748,45,GEOS_0.5x0.625/MERRA2/2019/07/MERRA2.20190701.A3cld.05x0625.nc4
2357.299,hit,false,0.000,160,208.779,45,GEOS_0.5x0.625/MERRA2/2019/07/MERRA2.20190701.A3cld.05x0625.nc4
2357.328,hit,false,0.000,160,208.808,45,GEOS_0.5x0.625/MERRA2/2019/07/MERRA2.20190701.A3cld.05x0625.nc4
2357.359,hit,false,0.000,160,208.839,45,GEOS_0.5x0.625/MERRA2/2019/07/MERRA2.20190701.A3cld.05x0625.nc4
2357.387,hit,false,0.000,160,208.867,45,GEOS_0.5x0.625/MERRA2/2019/07/MERRA2.20190701.A3cld.05x0625.nc4
2357.416,hit,false,0.000,160,208.896,45,GEOS_0.5x0.625/MERRA2/2019/07/MERRA2.20190701.A3cld.05x0625.nc4
2357.441,hit,false,0.000,160,208.920,46,GEOS_0.5x0.625/MERRA2/2019/07/MERRA2.20190701.A3cld.05x0625.nc4
2357.472,hit,false,0.000,160,208.950,46,GEOS_0.5x0.625/MERRA2/2019/07/MERRA2.20190701.A3cld.05x0625.nc4
2357.497,hit,false,0.000,160,208.976,46,GEOS_0.5x0.625/MERRA2/2019/07/MERRA2.20190701.A3cld.05x0625.nc4
2357.527,hit,false,0.000,160,209.006,46,GEOS_0.5x0.625/MERRA2/2019/07/MERRA2.20190701.A3cld.05x0625.nc4
2357.550,hit,false,0.000,160,209.029,46,GEOS_0.5x0.625/MERRA2/2019/07/MERRA2.20190701.A3cld.05x0625.nc4
2357.584,hit,false,0.000,160,209.063,46,GEOS_0.5x0.625/MERRA2/2019/07/MERRA2.20190701.A3cld.05x0625.nc4
2357.608,hit,false,0.000,160,209.087,46,GEOS_0.5x0.625/MERRA2/2019/07/MERRA2.20190701.A3cld.05x0625.nc4
2357.637,hit,false,0.000,160,209.116,46,GEOS_0.5x0.625/MERRA2/2019/07/MERRA2.20190701.A3cld.05x0625.nc4
2357.663,hit,false,0.000,160,209.140,47,GEOS_0.5x0.625/MERRA2/2019/07/MERRA2.20190701.A3cld.05x0625.nc4
2357.694,hit,false,0.000,160,209.171,47,GEOS_0.5x0.625/MERRA2/2019/07/MERRA2.20190701.A3cld.05x0625.nc4
2357.728,hit,false,0.000,160,209.205,47,GEOS_0.5x0.625/MERRA2/2019/07/MERRA2.20190701.A3cld.05x0625.nc4
2357.751,hit,false,0.000,160,209.228,47,GEOS_0.5x0.625/MERRA2/2019/07/MERRA2.20190701.A3cld.05x0625.nc4
2357.782,hit,false,0.000,160,209.259,47,GEOS_0.5x0.625/MERRA2/2019/07/MERRA2.20190701.A3cld.05x0625.nc4
2357.808,hit,false,0.000,160,209.285,47,GEOS_0.5x0.625/MERRA2/2019/07/MERRA2.20190701.A3cld.05x0625.nc4
2357.838,hit,false,0.000,160,209.315,47,GEOS_0.5x0.625/MERRA2/2019/07/MERRA2.20190701.A3cld.05x0625.nc4
2357.861,hit,false,0.000,160,209.338,47,GEOS_0.5x0.625/MERRA2/2019/07/MERRA2.20190701.A3cld.05x0625.nc4
2357.892,uncovered,false,15.846,159,7.970,48,GEOS_0.5x0.625/MERRA2/2019/07/MERRA2.20190701.A3cld.05x0625.nc4
2357.920,uncovered,false,15.759,159,7.999,48,GEOS_0.5x0.625/MERRA2/2019/07/MERRA2.20190701.A3cld.05x0625.nc4
2373.818,hit,false,0.000,176,23.896,48,GEOS_0.5x0.625/MERRA2/2019/07/MERRA2.20190701.A3cld.05x0625.nc4
2373.843,hit,false,0.000,176,23.922,48,GEOS_0.5x0.625/MERRA2/2019/07/MERRA2.20190701.A3cld.05x0625.nc4
2374.077,hit,false,0.000,199,24.155,48,GEOS_0.5x0.625/MERRA2/2019/07/MERRA2.20190701.A3cld.05x0625.nc4
2374.101,hit,false,0.000,199,24.179,48,GEOS_0.5x0.625/MERRA2/2019/07/MERRA2.20190701.A3cld.05x0625.nc4
2374.149,hit,false,0.000,199,24.228,48,GEOS_0.5x0.625/MERRA2/2019/07/MERRA2.20190701.A3cld.05x0625.nc4
2374.245,hit,false,0.000,199,24.323,48,GEOS_0.5x0.625/MERRA2/2019/07/MERRA2.20190701.A3cld.05x0625.nc4
2374.270,uncovered,false,2.587,196,24.345,49,GEOS_0.5x0.625/MERRA2/2019/07/MERRA2.20190701.A3cld.05x0625.nc4
2374.311,uncovered,false,2.544,196,24.386,49,GEOS_0.5x0.625/MERRA2/2019/07/MERRA2.20190701.A3cld.05x0625.nc4
2376.935,hit,false,0.000,196,27.010,49,GEOS_0.5x0.625/MERRA2/2019/07/MERRA2.20190701.A3cld.05x0625.nc4
2376.960,hit,false,0.000,196,27.035,49,GEOS_0.5x0.625/MERRA2/2019/07/MERRA2.20190701.A3cld.05x0625.nc4
2376.994,hit,false,0.000,196,27.069,49,GEOS_0.5x0.625/MERRA2/2019/07/MERRA2.20190701.A3cld.05x0625.nc4
2377.022,hit,false,0.000,196,27.097,49,GEOS_0.5x0.625/MERRA2/2019/07/MERRA2.20190701.A3cld.05x0625.nc4
2377.048,hit,false,0.000,196,27.124,49,GEOS_0.5x0.625/MERRA2/2019/07/MERRA2.20190701.A3cld.05x0625.nc4
2377.081,hit,false,0.000,196,27.156,49,GEOS_0.5x0.625/MERRA2/2019/07/MERRA2.20190701.A3cld.05x0625.nc4
2377.110,uncovered,false,6.456,185,27.183,50,GEOS_0.5x0.625/MERRA2/2019/07/MERRA2.20190701.A3cld.05x0625.nc4
2377.140,uncovered,false,6.436,185,27.213,50,GEOS_0.5x0.625/MERRA2/2019/07/MERRA2.20190701.A3cld.05x0625.nc4
2383.689,hit,false,0.000,185,33.761,50,GEOS_0.5x0.625/MERRA2/2019/07/MERRA2.20190701.A3cld.05x0625.nc4
2383.711,hit,false,0.000,185,33.784,50,GEOS_0.5x0.625/MERRA2/2019/07/MERRA2.20190701.A3cld.05x0625.nc4
2383.788,hit,false,0.000,184,33.861,50,GEOS_0.5x0.625/MERRA2/2019/07/MERRA2.20190701.A3cld.05x0625.nc4
2383.808,hit,false,0.000,184,33.880,50,GEOS_0.5x0.625/MERRA2/2019/07/MERRA2.20190701.A3cld.05x0625.nc4
2383.872,hit,false,0.000,184,33.944,50,GEOS_0.5x0.625/MERRA2/2019/07/MERRA2.20190701.A3cld.05x0625.nc4
2383.887,hit,false,0.000,184,33.960,50,GEOS_0.5x0.625/MERRA2/2019/07/MERRA2.20190701.A3cld.05x0625.nc4
2383.953,uncovered,false,15.945,160,34.023,51,GEOS_0.5x0.625/MERRA2/2019/07/MERRA2.20190701.A3cld.05x0625.nc4
2383.986,uncovered,false,15.857,160,34.056,51,GEOS_0.5x0.625/MERRA2/2019/07/MERRA2.20190701.A3cld.05x0625.nc4
2400.019,hit,false,0.000,159,50.090,51,GEOS_0.5x0.625/MERRA2/2019/07/MERRA2.20190701.A3cld.05x0625.nc4
2400.050,hit,false,0.000,159,50.121,51,GEOS_0.5x0.625/MERRA2/2019/07/MERRA2.20190701.A3cld.05x0625.nc4
2400.108,hit,false,0.000,159,50.178,51,GEOS_0.5x0.625/MERRA2/2019/07/MERRA2.20190701.A3cld.05x0625.nc4
2400.136,hit,false,0.000,159,50.207,51,GEOS_0.5x0.625/MERRA2/2019/07/MERRA2.20190701.A3cld.05x0625.nc4
2400.179,hit,false,0.000,159,50.249,51,GEOS_0.5x0.625/MERRA2/2019/07/MERRA2.20190701.A3cld.05x0625.nc4
2400.252,hit,false,0.000,159,50.323,51,GEOS_0.5x0.625/MERRA2/2019/07/MERRA2.20190701.A3cld.05x0625.nc4
2400.273,uncovered,false,24.577,118,50.341,52,GEOS_0.5x0.625/MERRA2/2019/07/MERRA2.20190701.A3cld.05x0625.nc4
2400.327,uncovered,false,24.516,118,50.395,52,GEOS_0.5x0.625/MERRA2/2019/07/MERRA2.20190701.A3cld.05x0625.nc4
2424.994,hit,false,0.000,117,75.062,52,GEOS_0.5x0.625/MERRA2/2019/07/MERRA2.20190701.A3cld.05x0625.nc4
2425.014,hit,false,0.000,117,75.082,52,GEOS_0.5x0.625/MERRA2/2019/07/MERRA2.20190701.A3cld.05x0625.nc4
2425.117,hit,false,0.000,117,75.185,52,GEOS_0.5x0.625/MERRA2/2019/07/MERRA2.20190701.A3cld.05x0625.nc4
2425.141,hit,false,0.000,117,75.209,52,GEOS_0.5x0.625/MERRA2/2019/07/MERRA2.20190701.A3cld.05x0625.nc4
2425.190,hit,false,0.000,117,75.258,52,GEOS_0.5x0.625/MERRA2/2019/07/MERRA2.20190701.A3cld.05x0625.nc4
2425.212,hit,false,0.000,117,75.279,52,GEOS_0.5x0.625/MERRA2/2019/07/MERRA2.20190701.A3cld.05x0625.nc4
2425.263,uncovered,false,21.074,79,75.329,53,GEOS_0.5x0.625/MERRA2/2019/07/MERRA2.20190701.A3cld.05x0625.nc4
2425.297,uncovered,false,21.015,79,75.363,53,GEOS_0.5x0.625/MERRA2/2019/07/MERRA2.20190701.A3cld.05x0625.nc4
2446.452,hit,false,0.000,79,96.518,53,GEOS_0.5x0.625/MERRA2/2019/07/MERRA2.20190701.A3cld.05x0625.nc4
2446.473,hit,false,0.000,79,96.539,53,GEOS_0.5x0.625/MERRA2/2019/07/MERRA2.20190701.A3cld.05x0625.nc4
2446.538,hit,false,0.000,79,96.604,53,GEOS_0.5x0.625/MERRA2/2019/07/MERRA2.20190701.A3cld.05x0625.nc4
2446.556,hit,false,0.000,79,96.622,53,GEOS_0.5x0.625/MERRA2/2019/07/MERRA2.20190701.A3cld.05x0625.nc4
2446.608,hit,false,0.000,79,96.675,53,GEOS_0.5x0.625/MERRA2/2019/07/MERRA2.20190701.A3cld.05x0625.nc4
2446.636,hit,false,0.000,79,96.702,53,GEOS_0.5x0.625/MERRA2/2019/07/MERRA2.20190701.A3cld.05x0625.nc4
2446.696,uncovered,false,15.957,48,96.760,54,GEOS_0.5x0.625/MERRA2/2019/07/MERRA2.20190701.A3cld.05x0625.nc4
2446.729,uncovered,false,15.909,48,96.793,54,GEOS_0.5x0.625/MERRA2/2019/07/MERRA2.20190701.A3cld.05x0625.nc4
2462.761,hit,false,0.000,48,112.825,54,GEOS_0.5x0.625/MERRA2/2019/07/MERRA2.20190701.A3cld.05x0625.nc4
2462.780,hit,false,0.000,48,112.843,54,GEOS_0.5x0.625/MERRA2/2019/07/MERRA2.20190701.A3cld.05x0625.nc4
2462.845,hit,false,0.000,48,112.909,54,GEOS_0.5x0.625/MERRA2/2019/07/MERRA2.20190701.A3cld.05x0625.nc4
2462.865,hit,false,0.000,48,112.928,54,GEOS_0.5x0.625/MERRA2/2019/07/MERRA2.20190701.A3cld.05x0625.nc4
2462.936,hit,false,0.000,48,113.000,54,GEOS_0.5x0.625/MERRA2/2019/07/MERRA2.20190701.A3cld.05x0625.nc4
2462.942,hit,false,0.000,48,113.006,54,GEOS_0.5x0.625/MERRA2/2019/07/MERRA2.20190701.A3cld.05x0625.nc4
2463.056,uncovered,false,7.653,32,113.118,55,GEOS_0.5x0.625/MERRA2/2019/07/MERRA2.20190701.A3cld.05x0625.nc4
2463.096,uncovered,false,7.613,32,113.158,55,GEOS_0.5x0.625/MERRA2/2019/07/MERRA2.20190701.A3cld.05x0625.nc4
2470.852,hit,false,0.000,32,120.914,55,GEOS_0.5x0.625/MERRA2/2019/07/MERRA2.20190701.A3cld.05x0625.nc4
2470.898,hit,false,0.000,32,120.960,55,GEOS_0.5x0.625/MERRA2/2019/07/MERRA2.20190701.A3cld.05x0625.nc4
2470.970,hit,false,0.000,32,121.031,55,GEOS_0.5x0.625/MERRA2/2019/07/MERRA2.20190701.A3cld.05x0625.nc4
2470.990,hit,false,0.000,32,121.051,55,GEOS_0.5x0.625/MERRA2/2019/07/MERRA2.20190701.A3cld.05x0625.nc4
2471.044,hit,false,0.000,32,121.105,55,GEOS_0.5x0.625/MERRA2/2019/07/MERRA2.20190701.A3cld.05x0625.nc4
2471.075,hit,false,0.000,32,121.137,55,GEOS_0.5x0.625/MERRA2/2019/07/MERRA2.20190701.A3cld.05x0625.nc4
2471.114,hit,false,0.000,32,121.229,56,GEOS_0.5x0.625/MERRA2/2019/07/MERRA2.20190701.A3cld.05x0625.nc4
2471.150,hit,false,0.000,32,121.264,56,GEOS_0.5x0.625/MERRA2/2019/07/MERRA2.20190701.A3cld.05x0625.nc4
2471.212,hit,false,0.000,54,121.326,56,GEOS_0.5x0.625/MERRA2/2019/07/MERRA2.20190701.A3cld.05x0625.nc4
2471.247,hit,false,0.000,54,121.361,56,GEOS_0.5x0.625/MERRA2/2019/07/MERRA2.20190701.A3cld.05x0625.nc4
2471.280,hit,false,0.000,57,121.394,56,GEOS_0.5x0.625/MERRA2/2019/07/MERRA2.20190701.A3cld.05x0625.nc4
2471.332,hit,false,0.000,58,121.446,56,GEOS_0.5x0.625/MERRA2/2019/07/MERRA2.20190701.A3cld.05x0625.nc4
2471.354,hit,false,0.000,66,121.468,56,GEOS_0.5x0.625/MERRA2/2019/07/MERRA2.20190701.A3cld.05x0625.nc4
2471.394,hit,false,0.000,66,121.508,56,GEOS_0.5x0.625/MERRA2/2019/07/MERRA2.20190701.A3cld.05x0625.nc4
2471.419,hit,false,0.000,67,121.531,57,GEOS_0.5x0.625/MERRA2/2019/07/MERRA2.20190701.A3cld.05x0625.nc4
2471.467,hit,false,0.000,71,121.579,57,GEOS_0.5x0.625/MERRA2/2019/07/MERRA2.20190701.A3cld.05x0625.nc4
2471.491,hit,false,0.000,71,121.603,57,GEOS_0.5x0.625/MERRA2/2019/07/MERRA2.20190701.A3cld.05x0625.nc4
2471.523,hit,false,0.000,71,121.635,57,GEOS_0.5x0.625/MERRA2/2019/07/MERRA2.20190701.A3cld.05x0625.nc4
2471.554,hit,false,0.000,71,121.666,57,GEOS_0.5x0.625/MERRA2/2019/07/MERRA2.20190701.A3cld.05x0625.nc4
2471.575,hit,false,0.000,71,121.687,57,GEOS_0.5x0.625/MERRA2/2019/07/MERRA2.20190701.A3cld.05x0625.nc4
2471.618,hit,false,0.000,71,121.730,57,GEOS_0.5x0.625/MERRA2/2019/07/MERRA2.20190701.A3cld.05x0625.nc4
2471.636,hit,false,0.000,71,121.748,57,GEOS_0.5x0.625/MERRA2/2019/07/MERRA2.20190701.A3cld.05x0625.nc4
2471.693,hit,false,0.000,71,121.804,58,GEOS_0.5x0.625/MERRA2/2019/07/MERRA2.20190701.A3cld.05x0625.nc4
2471.719,hit,false,0.000,71,121.829,58,GEOS_0.5x0.625/MERRA2/2019/07/MERRA2.20190701.A3cld.05x0625.nc4
2471.751,hit,false,0.000,71,121.861,58,GEOS_0.5x0.625/MERRA2/2019/07/MERRA2.20190701.A3cld.05x0625.nc4
2471.776,hit,false,0.000,71,121.886,58,GEOS_0.5x0.625/MERRA2/2019/07/MERRA2.20190701.A3cld.05x0625.nc4
2471.807,hit,false,0.000,70,121.917,58,GEOS_0.5x0.625/MERRA2/2019/07/MERRA2.20190701.A3cld.05x0625.nc4
2471.832,hit,false,0.000,70,121.942,58,GEOS_0.5x0.625/MERRA2/2019/07/MERRA2.20190701.A3cld.05x0625.nc4
2471.864,hit,false,0.000,70,121.974,58,GEOS_0.5x0.625/MERRA2/2019/07/MERRA2.20190701.A3cld.05x0625.nc4
2471.890,hit,false,0.000,70,122.000,58,GEOS_0.5x0.625/MERRA2/2019/07/MERRA2.20190701.A3cld.05x0625.nc4
2471.923,hit,false,0.000,70,122.032,59,GEOS_0.5x0.625/MERRA2/2019/07/MERRA2.20190701.A3cld.05x0625.nc4
2471.954,hit,false,0.000,70,122.062,59,GEOS_0.5x0.625/MERRA2/2019/07/MERRA2.20190701.A3cld.05x0625.nc4
2472.001,hit,false,0.000,69,122.109,59,GEOS_0.5x0.625/MERRA2/2019/07/MERRA2.20190701.A3cld.05x0625.nc4
2472.095,hit,false,0.000,69,122.203,59,GEOS_0.5x0.625/MERRA2/2019/07/MERRA2.20190701.A3cld.05x0625.nc4
2472.115,hit,false,0.000,69,122.223,59,GEOS_0.5x0.625/MERRA2/2019/07/MERRA2.20190701.A3cld.05x0625.nc4
2472.159,hit,false,0.000,69,122.268,59,GEOS_0.5x0.625/MERRA2/2019/07/MERRA2.20190701.A3cld.05x0625.nc4
2472.181,hit,false,0.000,69,122.290,59,GEOS_0.5x0.625/MERRA2/2019/07/MERRA2.20190701.A3cld.05x0625.nc4
2472.219,hit,false,0.000,69,122.328,59,GEOS_0.5x0.625/MERRA2/2019/07/MERRA2.20190701.A3cld.05x0625.nc4
2472.264,hit,false,0.000,69,122.370,60,GEOS_0.5x0.625/MERRA2/2019/07/MERRA2.20190701.A3cld.05x0625.nc4
2472.288,hit,false,0.000,69,122.394,60,GEOS_0.5x0.625/MERRA2/2019/07/MERRA2.20190701.A3cld.05x0625.nc4
2472.323,hit,false,0.000,68,122.430,60,GEOS_0.5x0.625/MERRA2/2019/07/MERRA2.20190701.A3cld.05x0625.nc4
2472.356,hit,false,0.000,68,122.463,60,GEOS_0.5x0.625/MERRA2/2019/07/MERRA2.20190701.A3cld.05x0625.nc4
2472.387,hit,false,0.000,68,122.493,60,GEOS_0.5x0.625/MERRA2/2019/07/MERRA2.20190701.A3cld.05x0625.nc4
2472.415,hit,false,0.000,68,122.522,60,GEOS_0.5x0.625/MERRA2/2019/07/MERRA2.20190701.A3cld.05x0625.nc4
2472.456,hit,false,0.000,67,122.563,60,GEOS_0.5x0.625/MERRA2/2019/07/MERRA2.20190701.A3cld.05x0625.nc4
2472.479,hit,false,0.000,67,122.586,60,GEOS_0.5x0.625/MERRA2/2019/07/MERRA2.20190701.A3cld.05x0625.nc4
2472.515,hit,false,0.000,67,122.620,61,GEOS_0.5x0.625/MERRA2/2019/07/MERRA2.20190701.A3cld.05x0625.nc4
2472.547,hit,false,0.000,67,122.652,61,GEOS_0.5x0.625/MERRA2/2019/07/MERRA2.20190701.A3cld.05x0625.nc4
2472.579,hit,false,0.000,67,122.684,61,GEOS_0.5x0.625/MERRA2/2019/07/MERRA2.20190701.A3cld.05x0625.nc4
2472.601,hit,false,0.000,67,122.706,61,GEOS_0.5x0.625/MERRA2/2019/07/MERRA2.20190701.A3cld.05x0625.nc4
2472.633,hit,false,0.000,67,122.738,61,GEOS_0.5x0.625/MERRA2/2019/07/MERRA2.20190701.A3cld.05x0625.nc4
2472.662,hit,false,0.000,67,122.767,61,GEOS_0.5x0.625/MERRA2/2019/07/MERRA2.20190701.A3cld.05x0625.nc4
2472.692,hit,false,0.000,67,122.797,61,GEOS_0.5x0.625/MERRA2/2019/07/MERRA2.20190701.A3cld.05x0625.nc4
2472.720,hit,false,0.000,67,122.825,61,GEOS_0.5x0.625/MERRA2/2019/07/MERRA2.20190701.A3cld.05x0625.nc4
2472.754,hit,false,0.000,66,122.856,62,GEOS_0.5x0.625/MERRA2/2019/07/MERRA2.20190701.A3cld.05x0625.nc4
2472.780,hit,false,0.000,66,122.882,62,GEOS_0.5x0.625/MERRA2/2019/07/MERRA2.20190701.A3cld.05x0625.nc4
2472.814,hit,false,0.000,66,122.916,62,GEOS_0.5x0.625/MERRA2/2019/07/MERRA2.20190701.A3cld.05x0625.nc4
2472.837,hit,false,0.000,66,122.939,62,GEOS_0.5x0.625/MERRA2/2019/07/MERRA2.20190701.A3cld.05x0625.nc4
2472.871,hit,false,0.000,66,122.973,62,GEOS_0.5x0.625/MERRA2/2019/07/MERRA2.20190701.A3cld.05x0625.nc4
2472.894,hit,false,0.000,66,122.996,62,GEOS_0.5x0.625/MERRA2/2019/07/MERRA2.20190701.A3cld.05x0625.nc4
2472.930,hit,false,0.000,66,123.032,62,GEOS_0.5x0.625/MERRA2/2019/07/MERRA2.20190701.A3cld.05x0625.nc4
2472.953,hit,false,0.000,66,123.055,62,GEOS_0.5x0.625/MERRA2/2019/07/MERRA2.20190701.A3cld.05x0625.nc4
2472.985,hit,false,0.000,66,123.084,63,GEOS_0.5x0.625/MERRA2/2019/07/MERRA2.20190701.A3cld.05x0625.nc4
2473.055,hit,false,0.000,66,123.153,63,GEOS_0.5x0.625/MERRA2/2019/07/MERRA2.20190701.A3cld.05x0625.nc4
2473.078,hit,false,0.000,66,123.176,63,GEOS_0.5x0.625/MERRA2/2019/07/MERRA2.20190701.A3cld.05x0625.nc4
2473.125,hit,false,0.000,65,123.224,63,GEOS_0.5x0.625/MERRA2/2019/07/MERRA2.20190701.A3cld.05x0625.nc4
2473.147,hit,false,0.000,65,123.245,63,GEOS_0.5x0.625/MERRA2/2019/07/MERRA2.20190701.A3cld.05x0625.nc4
2473.194,hit,false,0.000,65,123.293,63,GEOS_0.5x0.625/MERRA2/2019/07/MERRA2.20190701.A3cld.05x0625.nc4
2473.221,hit,false,0.000,65,123.319,63,GEOS_0.5x0.625/MERRA2/2019/07/MERRA2.20190701.A3cld.05x0625.nc4
2473.254,hit,false,0.000,65,123.353,63,GEOS_0.5x0.625/MERRA2/2019/07/MERRA2.20190701.A3cld.05x0625.nc4
2473.281,hit,false,0.000,65,123.388,64,GEOS_0.5x0.625/MERRA2/2019/07/MERRA2.20190701.A3cld.05x0625.nc4
2473.329,hit,false,0.000,71,123.436,64,GEOS_0.5x0.625/MERRA2/2019/07/MERRA2.20190701.A3cld.05x0625.nc4
2473.363,hit,false,0.000,97,123.470,64,GEOS_0.5x0.625/MERRA2/2019/07/MERRA2.20190701.A3cld.05x0625.nc4
2473.391,hit,false,0.000,101,123.498,64,GEOS_0.5x0.625/MERRA2/2019/07/MERRA2.20190701.A3cld.05x0625.nc4
2473.424,hit,false,0.000,105,123.531,64,GEOS_0.5x0.625/MERRA2/2019/07/MERRA2.20190701.A3cld.05x0625.nc4
2473.456,hit,false,0.000,105,123.563,64,GEOS_0.5x0.625/MERRA2/2019/07/MERRA2.20190701.A3cld.05x0625.nc4
2473.479,hit,false,0.000,105,123.586,64,GEOS_0.5x0.625/MERRA2/2019/07/MERRA2.20190701.A3cld.05x0625.nc4
2473.522,hit,false,0.000,105,123.629,64,GEOS_0.5x0.625/MERRA2/2019/07/MERRA2.20190701.A3cld.05x0625.nc4
2473.547,hit,false,0.000,105,123.650,65,GEOS_0.5x0.625/MERRA2/2019/07/MERRA2.20190701.A3cld.05x0625.nc4
2473.597,hit,false,0.000,105,123.700,65,GEOS_0.5x0.625/MERRA2/2019/07/MERRA2.20190701.A3cld.05x0625.nc4
2473.620,hit,false,0.000,105,123.723,65,GEOS_0.5x0.625/MERRA2/2019/07/MERRA2.20190701.A3cld.05x0625.nc4
2473.655,hit,false,0.000,105,123.758,65,GEOS_0.5x0.625/MERRA2/2019/07/MERRA2.20190701.A3cld.05x0625.nc4
2473.694,hit,false,0.000,105,123.797,65,GEOS_0.5x0.625/MERRA2/2019/07/MERRA2.20190701.A3cld.05x0625.nc4
2473.718,hit,false,0.000,105,123.821,65,GEOS_0.5x0.625/MERRA2/2019/07/MERRA2.20190701.A3cld.05x0625.nc4
2473.756,hit,false,0.000,105,123.859,65,GEOS_0.5x0.625/MERRA2/2019/07/MERRA2.20190701.A3cld.05x0625.nc4
2473.783,hit,false,0.000,105,123.886,65,GEOS_0.5x0.625/MERRA2/2019/07/MERRA2.20190701.A3cld.05x0625.nc4
2473.817,hit,false,0.000,105,123.917,66,GEOS_0.5x0.625/MERRA2/2019/07/MERRA2.20190701.A3cld.05x0625.nc4
2473.844,hit,false,0.000,105,123.945,66,GEOS_0.5x0.625/MERRA2/2019/07/MERRA2.20190701.A3cld.05x0625.nc4
2473.873,hit,false,0.000,105,123.974,66,GEOS_0.5x0.625/MERRA2/2019/07/MERRA2.20190701.A3cld.05x0625.nc4
2473.902,hit,false,0.000,105,124.002,66,GEOS_0.5x0.625/MERRA2/2019/07/MERRA2.20190701.A3cld.05x0625.nc4
2473.933,hit,false,0.000,105,124.034,66,GEOS_0.5x0.625/MERRA2/2019/07/MERRA2.20190701.A3cld.05x0625.nc4
2473.958,hit,false,0.000,105,124.059,66,GEOS_0.5x0.625/MERRA2/2019/07/MERRA2.20190701.A3cld.05x0625.nc4
2473.989,hit,false,0.000,105,124.090,66,GEOS_0.5x0.625/MERRA2/2019/07/MERRA2.20190701.A3cld.05x0625.nc4
2474.014,hit,false,0.000,105,124.115,66,GEOS_0.5x0.625/MERRA2/2019/07/MERRA2.20190701.A3cld.05x0625.nc4
2474.056,hit,false,0.000,105,124.155,67,GEOS_0.5x0.625/MERRA2/2019/07/MERRA2.20190701.A3cld.05x0625.nc4
2474.082,hit,false,0.000,105,124.182,67,GEOS_0.5x0.625/MERRA2/2019/07/MERRA2.20190701.A3cld.05x0625.nc4
2474.186,hit,false,0.000,105,124.286,67,GEOS_0.5x0.625/MERRA2/2019/07/MERRA2.20190701.A3cld.05x0625.nc4
2474.208,hit,false,0.000,105,124.307,67,GEOS_0.5x0.625/MERRA2/2019/07/MERRA2.20190701.A3cld.05x0625.nc4
2474.254,hit,false,0.000,105,124.353,67,GEOS_0.5x0.625/MERRA2/2019/07/MERRA2.20190701.A3cld.05x0625.nc4
2474.269,hit,false,0.000,105,124.368,67,GEOS_0.5x0.625/MERRA2/2019/07/MERRA2.20190701.A3cld.05x0625.nc4
2474.325,hit,false,0.000,105,124.424,67,GEOS_0.5x0.625/MERRA2/2019/07/MERRA2.20190701.A3cld.05x0625.nc4
2474.350,hit,false,0.000,105,124.449,67,GEOS_0.5x0.625/MERRA2/2019/07/MERRA2.20190701.A3cld.05x0625.nc4
2474.383,hit,false,0.000,105,124.480,68,GEOS_0.5x0.625/MERRA2/2019/07/MERRA2.20190701.A3cld.05x0625.nc4
2474.410,hit,false,0.000,105,124.507,68,GEOS_0.5x0.625/MERRA2/2019/07/MERRA2.20190701.A3cld.05x0625.nc4
2474.448,hit,false,0.000,105,124.545,68,GEOS_0.5x0.625/MERRA2/2019/07/MERRA2.20190701.A3cld.05x0625.nc4
2474.471,hit,false,0.000,105,124.568,68,GEOS_0.5x0.625/MERRA2/2019/07/MERRA2.20190701.A3cld.05x0625.nc4
2474.511,hit,false,0.000,104,124.608,68,GEOS_0.5x0.625/MERRA2/2019/07/MERRA2.20190701.A3cld.05x0625.nc4
2474.534,hit,false,0.000,104,124.631,68,GEOS_0.5x0.625/MERRA2/2019/07/MERRA2.20190701.A3cld.05x0625.nc4
2474.567,hit,false,0.000,104,124.664,68,GEOS_0.5x0.625/MERRA2/2019/07/MERRA2.20190701.A3cld.05x0625.nc4
2474.592,hit,false,0.000,104,124.689,68,GEOS_0.5x0.625/MERRA2/2019/07/MERRA2.20190701.A3cld.05x0625.nc4
2474.627,hit,false,0.000,104,124.722,69,GEOS_0.5x0.625/MERRA2/2019/07/MERRA2.20190701.A3cld.05x0625.nc4
2474.651,hit,false,0.000,104,124.747,69,GEOS_0.5x0.625/MERRA2/2019/07/MERRA2.20190701.A3cld.05x0625.nc4
2474.684,hit,false,0.000,104,124.779,69,GEOS_0.5x0.625/MERRA2/2019/07/MERRA2.20190701.A3cld.05x0625.nc4
2474.709,hit,false,0.000,104,124.804,69,GEOS_0.5x0.625/MERRA2/2019/07/MERRA2.20190701.A3cld.05x0625.nc4
2474.740,hit,false,0.000,104,124.835,69,GEOS_0.5x0.625/MERRA2/2019/07/MERRA2.20190701.A3cld.05x0625.nc4
2474.769,hit,false,0.000,104,124.865,69,GEOS_0.5x0.625/MERRA2/2019/07/MERRA2.20190701.A3cld.05x0625.nc4
2474.792,hit,false,0.000,104,124.888,69,GEOS_0.5x0.625/MERRA2/2019/07/MERRA2.20190701.A3cld.05x0625.nc4
2474.830,hit,false,0.000,103,124.926,69,GEOS_0.5x0.625/MERRA2/2019/07/MERRA2.20190701.A3cld.05x0625.nc4
2474.853,uncovered,false,2.088,99,124.946,70,GEOS_0.5x0.625/MERRA2/2019/07/MERRA2.20190701.A3cld.05x0625.nc4
2474.891,uncovered,false,2.045,99,124.984,70,GEOS_0.5x0.625/MERRA2/2019/07/MERRA2.20190701.A3cld.05x0625.nc4
2477.012,hit,false,0.000,99,127.105,70,GEOS_0.5x0.625/MERRA2/2019/07/MERRA2.20190701.A3cld.05x0625.nc4
2477.036,hit,false,0.000,99,127.129,70,GEOS_0.5x0.625/MERRA2/2019/07/MERRA2.20190701.A3cld.05x0625.nc4
2477.071,hit,false,0.000,99,127.165,70,GEOS_0.5x0.625/MERRA2/2019/07/MERRA2.20190701.A3cld.05x0625.nc4
2477.093,hit,false,0.000,99,127.186,70,GEOS_0.5x0.625/MERRA2/2019/07/MERRA2.20190701.A3cld.05x0625.nc4
2477.132,hit,false,0.000,99,127.226,70,GEOS_0.5x0.625/MERRA2/2019/07/MERRA2.20190701.A3cld.05x0625.nc4
2477.154,hit,false,0.000,99,127.247,70,GEOS_0.5x0.625/MERRA2/2019/07/MERRA2.20190701.A3cld.05x0625.nc4
2477.191,uncovered,false,8.254,91,127.282,71,GEOS_0.5x0.625/MERRA2/2019/07/MERRA2.20190701.A3cld.05x0625.nc4
2477.216,uncovered,false,8.259,91,127.307,71,GEOS_0.5x0.625/MERRA2/2019/07/MERRA2.20190701.A3cld.05x0625.nc4
2485.529,hit,false,0.000,91,135.621,71,GEOS_0.5x0.625/MERRA2/2019/07/MERRA2.20190701.A3cld.05x0625.nc4
2485.553,hit,false,0.000,91,135.645,71,GEOS_0.5x0.625/MERRA2/2019/07/MERRA2.20190701.A3cld.05x0625.nc4
2485.595,hit,false,0.000,91,135.686,71,GEOS_0.5x0.625/MERRA2/2019/07/MERRA2.20190701.A3cld.05x0625.nc4
2485.616,hit,false,0.000,91,135.708,71,GEOS_0.5x0.625/MERRA2/2019/07/MERRA2.20190701.A3cld.05x0625.nc4
2485.656,hit,false,0.000,91,135.747,71,GEOS_0.5x0.625/MERRA2/2019/07/MERRA2.20190701.A3cld.05x0625.nc4
2485.679,hit,false,0.000,91,135.770,71,GEOS_0.5x0.625/MERRA2/2019/07/MERRA2.20190701.A3cld.05x0625.nc4
2485.712,hit,false,0.000,91,135.805,72,GEOS_0.5x0.625/MERRA2/2019/07/MERRA2.20190701.A3cld.05x0625.nc4
2485.739,hit,false,0.000,91,135.832,72,GEOS_0.5x0.625/MERRA2/2019/07/MERRA2.20190701.A3cld.05x0625.nc4
2485.789,hit,false,0.000,99,135.883,72,GEOS_0.5x0.625/MERRA2/2019/07/MERRA2.20190701.A3cld.05x0625.nc4
2485.811,hit,false,0.000,99,135.904,72,GEOS_0.5x0.625/MERRA2/2019/07/MERRA2.20190701.A3cld.05x0625.nc4
2485.847,hit,false,0.000,123,135.941,72,GEOS_0.5x0.625/MERRA2/2019/07/MERRA2.20190701.A3cld.05x0625.nc4
2485.873,hit,false,0.000,123,135.966,72,GEOS_0.5x0.625/MERRA2/2019/07/MERRA2.20190701.A3cld.05x0625.nc4
2485.909,hit,false,0.000,131,136.003,72,GEOS_0.5x0.625/MERRA2/2019/07/MERRA2.20190701.A3cld.05x0625.nc4
2485.935,hit,false,0.000,131,136.028,72,GEOS_0.5x0.625/MERRA2/2019/07/MERRA2.20190701.A3cld.05x0625.nc4
2485.969,hit,false,0.000,131,136.060,73,GEOS_0.5x0.625/MERRA2/2019/07/MERRA2.20190701.A3cld.05x0625.nc4
2485.998,hit,false,0.000,131,136.089,73,GEOS_0.5x0.625/MERRA2/2019/07/MERRA2.20190701.A3cld.05x0625.nc4
2486.029,hit,false,0.000,131,136.120,73,GEOS_0.5x0.625/MERRA2/2019/07/MERRA2.20190701.A3cld.05x0625.nc4
2486.059,hit,false,0.000,131,136.149,73,GEOS_0.5x0.625/MERRA2/2019/07/MERRA2.20190701.A3cld.05x0625.nc4
2486.087,hit,false,0.000,131,136.177,73,GEOS_0.5x0.625/MERRA2/2019/07/MERRA2.20190701.A3cld.05x0625.nc4
2486.121,hit,false,0.000,131,136.211,73,GEOS_0.5x0.625/MERRA2/2019/07/MERRA2.20190701.A3cld.05x0625.nc4
2486.146,hit,false,0.000,131,136.236,73,GEOS_0.5x0.625/MERRA2/2019/07/MERRA2.20190701.A3cld.05x0625.nc4
2486.176,hit,false,0.000,131,136.267,73,GEOS_0.5x0.625/MERRA2/2019/07/MERRA2.20190701.A3cld.05x0625.nc4
2486.205,hit,false,0.000,131,136.293,74,GEOS_0.5x0.625/MERRA2/2019/07/MERRA2.20190701.A3cld.05x0625.nc4
2486.235,hit,false,0.000,131,136.323,74,GEOS_0.5x0.625/MERRA2/2019/07/MERRA2.20190701.A3cld.05x0625.nc4
2486.264,hit,false,0.000,131,136.353,74,GEOS_0.5x0.625/MERRA2/2019/07/MERRA2.20190701.A3cld.05x0625.nc4
2486.292,hit,false,0.000,131,136.381,74,GEOS_0.5x0.625/MERRA2/2019/07/MERRA2.20190701.A3cld.05x0625.nc4
2486.323,hit,false,0.000,131,136.411,74,GEOS_0.5x0.625/MERRA2/2019/07/MERRA2.20190701.A3cld.05x0625.nc4
2486.352,hit,false,0.000,131,136.440,74,GEOS_0.5x0.625/MERRA2/2019/07/MERRA2.20190701.A3cld.05x0625.nc4
2486.380,hit,false,0.000,131,136.469,74,GEOS_0.5x0.625/MERRA2/2019/07/MERRA2.20190701.A3cld.05x0625.nc4
2486.409,hit,false,0.000,131,136.498,74,GEOS_0.5x0.625/MERRA2/2019/07/MERRA2.20190701.A3cld.05x0625.nc4
2486.432,hit,false,0.000,131,136.519,75,GEOS_0.5x0.625/MERRA2/2019/07/MERRA2.20190701.A3cld.05x0625.nc4
2486.540,hit,false,0.000,131,136.627,75,GEOS_0.5x0.625/MERRA2/2019/07/MERRA2.20190701.A3cld.05x0625.nc4
2486.563,hit,false,0.000,131,136.650,75,GEOS_0.5x0.625/MERRA2/2019/07/MERRA2.20190701.A3cld.05x0625.nc4
2486.597,hit,false,0.000,131,136.684,75,GEOS_0.5x0.625/MERRA2/2019/07/MERRA2.20190701.A3cld.05x0625.nc4
2486.639,hit,false,0.000,131,136.726,75,GEOS_0.5x0.625/MERRA2/2019/07/MERRA2.20190701.A3cld.05x0625.nc4
2486.660,hit,false,0.000,131,136.746,75,GEOS_0.5x0.625/MERRA2/2019/07/MERRA2.20190701.A3cld.05x0625.nc4
2486.694,hit,false,0.000,131,136.781,75,GEOS_0.5x0.625/MERRA2/2019/07/MERRA2.20190701.A3cld.05x0625.nc4
2486.719,hit,false,0.000,131,136.806,75,GEOS_0.5x0.625/MERRA2/2019/07/MERRA2.20190701.A3cld.05x0625.nc4
2486.751,hit,false,0.000,131,136.836,76,GEOS_0.5x0.625/MERRA2/2019/07/MERRA2.20190701.A3cld.05x0625.nc4
2486.776,hit,false,0.000,131,136.861,76,GEOS_0.5x0.625/MERRA2/2019/07/MERRA2.20190701.A3cld.05x0625.nc4
2486.811,hit,false,0.000,131,136.896,76,GEOS_0.5x0.625/MERRA2/2019/07/MERRA2.20190701.A3cld.05x0625.nc4
2486.850,hit,false,0.000,131,136.935,76,GEOS_0.5x0.625/MERRA2/2019/07/MERRA2.20190701.A3cld.05x0625.nc4
2486.873,hit,false,0.000,131,136.958,76,GEOS_0.5x0.625/MERRA2/2019/07/MERRA2.20190701.A3cld.05x0625.nc4
2486.912,hit,false,0.000,131,136.997,76,GEOS_0.5x0.625/MERRA2/2019/07/MERRA2.20190701.A3cld.05x0625.nc4
2486.934,hit,false,0.000,131,137.019,76,GEOS_0.5x0.625/MERRA2/2019/07/MERRA2.20190701.A3cld.05x0625.nc4
2486.964,hit,false,0.000,131,137.049,76,GEOS_0.5x0.625/MERRA2/2019/07/MERRA2.20190701.A3cld.05x0625.nc4
2486.990,hit,false,0.000,131,137.073,77,GEOS_0.5x0.625/MERRA2/2019/07/MERRA2.20190701.A3cld.05x0625.nc4
2487.020,hit,false,0.000,131,137.103,77,GEOS_0.5x0.625/MERRA2/2019/07/MERRA2.20190701.A3cld.05x0625.nc4
2487.048,hit,false,0.000,131,137.131,77,GEOS_0.5x0.625/MERRA2/2019/07/MERRA2.20190701.A3cld.05x0625.nc4
2487.080,hit,false,0.000,131,137.163,77,GEOS_0.5x0.625/MERRA2/2019/07/MERRA2.20190701.A3cld.05x0625.nc4
2487.107,hit,false,0.000,131,137.190,77,GEOS_0.5x0.625/MERRA2/2019/07/MERRA2.20190701.A3cld.05x0625.nc4
2487.135,hit,false,0.000,131,137.218,77,GEOS_0.5x0.625/MERRA2/2019/07/MERRA2.20190701.A3cld.05x0625.nc4
2487.166,hit,false,0.000,131,137.249,77,GEOS_0.5x0.625/MERRA2/2019/07/MERRA2.20190701.A3cld.05x0625.nc4
2487.191,hit,false,0.000,131,137.275,77,GEOS_0.5x0.625/MERRA2/2019/07/MERRA2.20190701.A3cld.05x0625.nc4
2487.214,hit,false,0.000,131,137.295,78,GEOS_0.5x0.625/MERRA2/2019/07/MERRA2.20190701.A3cld.05x0625.nc4
2487.263,hit,false,0.000,131,137.345,78,GEOS_0.5x0.625/MERRA2/2019/07/MERRA2.20190701.A3cld.05x0625.nc4
2487.284,hit,false,0.000,131,137.366,78,GEOS_0.5x0.625/MERRA2/2019/07/MERRA2.20190701.A3cld.05x0625.nc4
2487.321,hit,false,0.000,131,137.403,78,GEOS_0.5x0.625/MERRA2/2019/07/MERRA2.20190701.A3cld.05x0625.nc4
2487.346,hit,false,0.000,131,137.428,78,GEOS_0.5x0.625/MERRA2/2019/07/MERRA2.20190701.A3cld.05x0625.nc4
2487.378,hit,false,0.000,131,137.460,78,GEOS_0.5x0.625/MERRA2/2019/07/MERRA2.20190701.A3cld.05x0625.nc4
2487.401,hit,false,0.000,131,137.483,78,GEOS_0.5x0.625/MERRA2/2019/07/MERRA2.20190701.A3cld.05x0625.nc4
2487.432,hit,false,0.000,131,137.514,78,GEOS_0.5x0.625/MERRA2/2019/07/MERRA2.20190701.A3cld.05x0625.nc4
2487.458,hit,false,0.000,131,137.535,79,GEOS_0.5x0.625/MERRA2/2019/07/MERRA2.20190701.A3cld.05x0625.nc4
2487.492,hit,false,0.000,131,137.569,79,GEOS_0.5x0.625/MERRA2/2019/07/MERRA2.20190701.A3cld.05x0625.nc4
2487.515,hit,false,0.000,131,137.592,79,GEOS_0.5x0.625/MERRA2/2019/07/MERRA2.20190701.A3cld.05x0625.nc4
2487.548,hit,false,0.000,131,137.625,79,GEOS_0.5x0.625/MERRA2/2019/07/MERRA2.20190701.A3cld.05x0625.nc4
2487.571,hit,false,0.000,131,137.648,79,GEOS_0.5x0.625/MERRA2/2019/07/MERRA2.20190701.A3cld.05x0625.nc4
2487.607,hit,false,0.000,131,137.684,79,GEOS_0.5x0.625/MERRA2/2019/07/MERRA2.20190701.A3cld.05x0625.nc4
2487.629,hit,false,0.000,131,137.706,79,GEOS_0.5x0.625/MERRA2/2019/07/MERRA2.20190701.A3cld.05x0625.nc4
2487.664,hit,false,0.000,131,137.742,79,GEOS_0.5x0.625/MERRA2/2019/07/MERRA2.20190701.A3cld.05x0625.nc4
2487.688,hit,false,0.000,131,137.764,80,GEOS_0.5x0.625/MERRA2/2019/07/MERRA2.20190701.A3cld.05x0625.nc4
2487.731,hit,false,0.000,133,137.808,80,GEOS_0.5x0.625/MERRA2/2019/07/MERRA2.20190701.A3cld.05x0625.nc4
2487.765,hit,false,0.000,151,137.841,80,GEOS_0.5x0.625/MERRA2/2019/07/MERRA2.20190701.A3cld.05x0625.nc4
2487.793,hit,false,0.000,158,137.870,80,GEOS_0.5x0.625/MERRA2/2019/07/MERRA2.20190701.A3cld.05x0625.nc4
2487.829,hit,false,0.000,166,137.905,80,GEOS_0.5x0.625/MERRA2/2019/07/MERRA2.20190701.A3cld.05x0625.nc4
2487.854,hit,false,0.000,168,137.930,80,GEOS_0.5x0.625/MERRA2/2019/07/MERRA2.20190701.A3cld.05x0625.nc4
2487.886,hit,false,0.000,168,137.962,80,GEOS_0.5x0.625/MERRA2/2019/07/MERRA2.20190701.A3cld.05x0625.nc4
2487.910,hit,false,0.000,168,137.987,80,GEOS_0.5x0.625/MERRA2/2019/07/MERRA2.20190701.A3cld.05x0625.nc4
2487.940,hit,false,0.000,168,138.013,81,GEOS_0.5x0.625/MERRA2/2019/07/MERRA2.20190701.A3cld.05x0625.nc4
2487.976,hit,false,0.000,168,138.049,81,GEOS_0.5x0.625/MERRA2/2019/07/MERRA2.20190701.A3cld.05x0625.nc4
2487.993,hit,false,0.000,168,138.066,81,GEOS_0.5x0.625/MERRA2/2019/07/MERRA2.20190701.A3cld.05x0625.nc4
2488.044,hit,false,0.000,168,138.117,81,GEOS_0.5x0.625/MERRA2/2019/07/MERRA2.20190701.A3cld.05x0625.nc4
2488.067,hit,false,0.000,168,138.140,81,GEOS_0.5x0.625/MERRA2/2019/07/MERRA2.20190701.A3cld.05x0625.nc4
2488.104,hit,false,0.000,168,138.177,81,GEOS_0.5x0.625/MERRA2/2019/07/MERRA2.20190701.A3cld.05x0625.nc4
2488.126,hit,false,0.000,168,138.199,81,GEOS_0.5x0.625/MERRA2/2019/07/MERRA2.20190701.A3cld.05x0625.nc4
2488.160,hit,false,0.000,168,138.233,81,GEOS_0.5x0.625/MERRA2/2019/07/MERRA2.20190701.A3cld.05x0625.nc4
2488.184,hit,false,0.000,168,138.255,82,GEOS_0.5x0.625/MERRA2/2019/07/MERRA2.20190701.A3cld.05x0625.nc4
2488.219,hit,false,0.000,168,138.289,82,GEOS_0.5x0.625/MERRA2/2019/07/MERRA2.20190701.A3cld.05x0625.nc4
2488.247,hit,false,0.000,168,138.318,82,GEOS_0.5x0.625/MERRA2/2019/07/MERRA2.20190701.A3cld.05x0625.nc4
2488.278,hit,false,0.000,168,138.348,82,GEOS_0.5x0.625/MERRA2/2019/07/MERRA2.20190701.A3cld.05x0625.nc4
2488.307,hit,false,0.000,168,138.378,82,GEOS_0.5x0.625/MERRA2/2019/07/MERRA2.20190701.A3cld.05x0625.nc4
2488.335,hit,false,0.000,168,138.406,82,GEOS_0.5x0.625/MERRA2/2019/07/MERRA2.20190701.A3cld.05x0625.nc4
2488.365,hit,false,0.000,168,138.435,82,GEOS_0.5x0.625/MERRA2/2019/07/MERRA2.20190701.A3cld.05x0625.nc4
2488.388,hit,false,0.000,168,138.459,82,GEOS_0.5x0.625/MERRA2/2019/07/MERRA2.20190701.A3cld.05x0625.nc4
2488.492,hit,false,0.000,168,138.561,83,GEOS_0.5x0.625/MERRA2/2019/07/MERRA2.20190701.A3cld.05x0625.nc4
2488.516,hit,false,0.000,167,138.585,83,GEOS_0.5x0.625/MERRA2/2019/07/MERRA2.20190701.A3cld.05x0625.nc4
2488.553,hit,false,0.000,167,138.622,83,GEOS_0.5x0.625/MERRA2/2019/07/MERRA2.20190701.A3cld.05x0625.nc4
2488.575,hit,false,0.000,167,138.644,83,GEOS_0.5x0.625/MERRA2/2019/07/MERRA2.20190701.A3cld.05x0625.nc4
2488.613,hit,false,0.000,167,138.682,83,GEOS_0.5x0.625/MERRA2/2019/07/MERRA2.20190701.A3cld.05x0625.nc4
2488.636,hit,false,0.000,167,138.705,83,GEOS_0.5x0.625/MERRA2/2019/07/MERRA2.20190701.A3cld.05x0625.nc4
2488.667,hit,false,0.000,167,138.736,83,GEOS_0.5x0.625/MERRA2/2019/07/MERRA2.20190701.A3cld.05x0625.nc4
2488.690,hit,false,0.000,167,138.759,83,GEOS_0.5x0.625/MERRA2/2019/07/MERRA2.20190701.A3cld.05x0625.nc4
2488.730,hit,false,0.000,167,138.797,84,GEOS_0.5x0.625/MERRA2/2019/07/MERRA2.20190701.A3cld.05x0625.nc4
2488.755,hit,false,0.000,167,138.822,84,GEOS_0.5x0.625/MERRA2/2019/07/MERRA2.20190701.A3cld.05x0625.nc4
2488.789,hit,false,0.000,167,138.856,84,GEOS_0.5x0.625/MERRA2/2019/07/MERRA2.20190701.A3cld.05x0625.nc4
2488.817,hit,false,0.000,167,138.883,84,GEOS_0.5x0.625/MERRA2/2019/07/MERRA2.20190701.A3cld.05x0625.nc4
2488.846,hit,false,0.000,167,138.913,84,GEOS_0.5x0.625/MERRA2/2019/07/MERRA2.20190701.A3cld.05x0625.nc4
2488.875,hit,false,0.000,167,138.942,84,GEOS_0.5x0.625/MERRA2/2019/07/MERRA2.20190701.A3cld.05x0625.nc4
2488.904,hit,false,0.000,167,138.971,84,GEOS_0.5x0.625/MERRA2/2019/07/MERRA2.20190701.A3cld.05x0625.nc4
2488.931,hit,false,0.000,167,138.998,84,GEOS_0.5x0.625/MERRA2/2019/07/MERRA2.20190701.A3cld.05x0625.nc4
2488.962,hit,false,0.000,167,139.027,85,GEOS_0.5x0.625/MERRA2/2019/07/MERRA2.20190701.A3cld.05x0625.nc4
2488.989,hit,false,0.000,167,139.053,85,GEOS_0.5x0.625/MERRA2/2019/07/MERRA2.20190701.A3cld.05x0625.nc4
2489.020,hit,false,0.000,167,139.085,85,GEOS_0.5x0.625/MERRA2/2019/07/MERRA2.20190701.A3cld.05x0625.nc4
2489.044,hit,false,0.000,167,139.109,85,GEOS_0.5x0.625/MERRA2/2019/07/MERRA2.20190701.A3cld.05x0625.nc4
2489.074,hit,false,0.000,167,139.139,85,GEOS_0.5x0.625/MERRA2/2019/07/MERRA2.20190701.A3cld.05x0625.nc4
2489.098,hit,false,0.000,167,139.163,85,GEOS_0.5x0.625/MERRA2/2019/07/MERRA2.20190701.A3cld.05x0625.nc4
2489.129,hit,false,0.000,167,139.194,85,GEOS_0.5x0.625/MERRA2/2019/07/MERRA2.20190701.A3cld.05x0625.nc4
2489.154,hit,false,0.000,167,139.219,85,GEOS_0.5x0.625/MERRA2/2019/07/MERRA2.20190701.A3cld.05x0625.nc4
2489.185,hit,false,0.000,167,139.248,86,GEOS_0.5x0.625/MERRA2/2019/07/MERRA2.20190701.A3cld.05x0625.nc4
2489.213,hit,false,0.000,167,139.276,86,GEOS_0.5x0.625/MERRA2/2019/07/MERRA2.20190701.A3cld.05x0625.nc4
2489.243,hit,false,0.000,167,139.306,86,GEOS_0.5x0.625/MERRA2/2019/07/MERRA2.20190701.A3cld.05x0625.nc4
2489.273,hit,false,0.000,167,139.336,86,GEOS_0.5x0.625/MERRA2/2019/07/MERRA2.20190701.A3cld.05x0625.nc4
2489.296,hit,false,0.000,167,139.359,86,GEOS_0.5x0.625/MERRA2/2019/07/MERRA2.20190701.A3cld.05x0625.nc4
2489.327,hit,false,0.000,167,139.390,86,GEOS_0.5x0.625/MERRA2/2019/07/MERRA2.20190701.A3cld.05x0625.nc4
2489.352,hit,false,0.000,167,139.415,86,GEOS_0.5x0.625/MERRA2/2019/07/MERRA2.20190701.A3cld.05x0625.nc4
2489.381,hit,false,0.000,167,139.444,86,GEOS_0.5x0.625/MERRA2/2019/07/MERRA2.20190701.A3cld.05x0625.nc4
2489.405,hit,false,0.000,167,139.466,87,GEOS_0.5x0.625/MERRA2/2019/07/MERRA2.20190701.A3cld.05x0625.nc4
2489.439,hit,false,0.000,167,139.500,87,GEOS_0.5x0.625/MERRA2/2019/07/MERRA2.20190701.A3cld.05x0625.nc4
2489.463,hit,false,0.000,167,139.524,87,GEOS_0.5x0.625/MERRA2/2019/07/MERRA2.20190701.A3cld.05x0625.nc4
2489.492,hit,false,0.000,167,139.553,87,GEOS_0.5x0.625/MERRA2/2019/07/MERRA2.20190701.A3cld.05x0625.nc4
2489.517,hit,false,0.000,167,139.578,87,GEOS_0.5x0.625/MERRA2/2019/07/MERRA2.20190701.A3cld.05x0625.nc4
2489.546,hit,false,0.000,167,139.607,87,GEOS_0.5x0.625/MERRA2/2019/07/MERRA2.20190701.A3cld.05x0625.nc4
2489.571,hit,false,0.000,167,139.632,87,GEOS_0.5x0.625/MERRA2/2019/07/MERRA2.20190701.A3cld.05x0625.nc4
2489.601,hit,false,0.000,167,139.662,87,GEOS_0.5x0.625/MERRA2/2019/07/MERRA2.20190701.A3cld.05x0625.nc4
2489.625,hit,false,0.000,167,137.602,88,GEOS_0.5x0.625/MERRA2/2019/07/MERRA2.20190701.A3cld.05x0625.nc4
2489.660,hit,false,0.000,167,137.637,88,GEOS_0.5x0.625/MERRA2/2019/07/MERRA2.20190701.A3cld.05x0625.nc4
2489.701,hit,false,0.000,167,137.679,88,GEOS_0.5x0.625/MERRA2/2019/07/MERRA2.20190701.A3cld.05x0625.nc4
2489.724,hit,false,0.000,167,137.702,88,GEOS_0.5x0.625/MERRA2/2019/07/MERRA2.20190701.A3cld.05x0625.nc4
2489.757,hit,false,0.000,167,137.734,88,GEOS_0.5x0.625/MERRA2/2019/07/MERRA2.20190701.A3cld.05x0625.nc4
2489.782,hit,false,0.000,167,137.759,88,GEOS_0.5x0.625/MERRA2/2019/07/MERRA2.20190701.A3cld.05x0625.nc4
2489.811,hit,false,0.000,167,137.788,88,GEOS_0.5x0.625/MERRA2/2019/07/MERRA2.20190701.A3cld.05x0625.nc4
2489.839,hit,false,0.000,167,137.816,88,GEOS_0.5x0.625/MERRA2/2019/07/MERRA2.20190701.A3cld.05x0625.nc4
2489.871,hit,false,0.000,167,137.846,89,GEOS_0.5x0.625/MERRA2/2019/07/MERRA2.20190701.A3cld.05x0625.nc4
2489.899,hit,false,0.000,167,137.873,89,GEOS_0.5x0.625/MERRA2/2019/07/MERRA2.20190701.A3cld.05x0625.nc4
2489.929,hit,false,0.000,167,137.903,89,GEOS_0.5x0.625/MERRA2/2019/07/MERRA2.20190701.A3cld.05x0625.nc4
2489.961,hit,false,0.000,167,137.935,89,GEOS_0.5x0.625/MERRA2/2019/07/MERRA2.20190701.A3cld.05x0625.nc4
2489.983,hit,false,0.000,167,137.958,89,GEOS_0.5x0.625/MERRA2/2019/07/MERRA2.20190701.A3cld.05x0625.nc4
2490.018,hit,false,0.000,167,137.993,89,GEOS_0.5x0.625/MERRA2/2019/07/MERRA2.20190701.A3cld.05x0625.nc4
2490.043,hit,false,0.000,167,138.018,89,GEOS_0.5x0.625/MERRA2/2019/07/MERRA2.20190701.A3cld.05x0625.nc4
2490.076,hit,false,0.000,167,138.051,89,GEOS_0.5x0.625/MERRA2/2019/07/MERRA2.20190701.A3cld.05x0625.nc4
2490.103,hit,false,0.000,167,138.075,90,GEOS_0.5x0.625/MERRA2/2019/07/MERRA2.20190701.A3cld.05x0625.nc4
2490.136,hit,false,0.000,166,138.109,90,GEOS_0.5x0.625/MERRA2/2019/07/MERRA2.20190701.A3cld.05x0625.nc4
2490.160,hit,false,0.000,166,138.133,90,GEOS_0.5x0.625/MERRA2/2019/07/MERRA2.20190701.A3cld.05x0625.nc4
2490.192,hit,false,0.000,166,138.164,90,GEOS_0.5x0.625/MERRA2/2019/07/MERRA2.20190701.A3cld.05x0625.nc4
2490.218,hit,false,0.000,166,138.190,90,GEOS_0.5x0.625/MERRA2/2019/07/MERRA2.20190701.A3cld.05x0625.nc4
2490.250,hit,false,0.000,166,138.223,90,GEOS_0.5x0.625/MERRA2/2019/07/MERRA2.20190701.A3cld.05x0625.nc4
2490.279,hit,false,0.000,166,138.252,90,GEOS_0.5x0.625/MERRA2/2019/07/MERRA2.20190701.A3cld.05x0625.nc4
2490.381,hit,false,0.000,166,138.353,90,GEOS_0.5x0.625/MERRA2/2019/07/MERRA2.20190701.A3cld.05x0625.nc4
2490.402,hit,false,0.000,166,138.373,91,GEOS_0.5x0.625/MERRA2/2019/07/MERRA2.20190701.A3cld.05x0625.nc4
2490.437,hit,false,0.000,166,138.407,91,GEOS_0.5x0.625/MERRA2/2019/07/MERRA2.20190701.A3cld.05x0625.nc4
2490.461,hit,false,0.000,166,138.432,91,GEOS_0.5x0.625/MERRA2/2019/07/MERRA2.20190701.A3cld.05x0625.nc4
2490.493,hit,false,0.000,166,138.464,91,GEOS_0.5x0.625/MERRA2/2019/07/MERRA2.20190701.A3cld.05x0625.nc4
2490.519,hit,false,0.000,166,138.489,91,GEOS_0.5x0.625/MERRA2/2019/07/MERRA2.20190701.A3cld.05x0625.nc4
2490.550,hit,false,0.000,166,138.520,91,GEOS_0.5x0.625/MERRA2/2019/07/MERRA2.20190701.A3cld.05x0625.nc4
2490.580,hit,false,0.000,166,138.550,91,GEOS_0.5x0.625/MERRA2/2019/07/MERRA2.20190701.A3cld.05x0625.nc4
2490.612,hit,false,0.000,166,138.583,91,GEOS_0.5x0.625/MERRA2/2019/07/MERRA2.20190701.A3cld.05x0625.nc4
2490.642,hit,false,0.000,166,138.611,92,GEOS_0.5x0.625/MERRA2/2019/07/MERRA2.20190701.A3cld.05x0625.nc4
2490.675,hit,false,0.000,166,138.644,92,GEOS_0.5x0.625/MERRA2/2019/07/MERRA2.20190701.A3cld.05x0625.nc4
2490.704,hit,false,0.000,166,138.673,92,GEOS_0.5x0.625/MERRA2/2019/07/MERRA2.20190701.A3cld.05x0625.nc4
2490.733,hit,false,0.000,166,138.702,92,GEOS_0.5x0.625/MERRA2/2019/07/MERRA2.20190701.A3cld.05x0625.nc4
2490.762,hit,false,0.000,166,138.731,92,GEOS_0.5x0.625/MERRA2/2019/07/MERRA2.20190701.A3cld.05x0625.nc4
2490.791,hit,false,0.000,166,138.760,92,GEOS_0.5x0.625/MERRA2/2019/07/MERRA2.20190701.A3cld.05x0625.nc4
2490.815,hit,false,0.000,166,138.784,92,GEOS_0.5x0.625/MERRA2/2019/07/MERRA2.20190701.A3cld.05x0625.nc4
2490.845,hit,false,0.000,166,138.814,92,GEOS_0.5x0.625/MERRA2/2019/07/MERRA2.20190701.A3cld.05x0625.nc4
2490.872,hit,false,0.000,166,138.839,93,GEOS_0.5x0.625/MERRA2/2019/07/MERRA2.20190701.A3cld.05x0625.nc4
2490.904,hit,false,0.000,166,138.870,93,GEOS_0.5x0.625/MERRA2/2019/07/MERRA2.20190701.A3cld.05x0625.nc4
2490.932,hit,false,0.000,166,138.898,93,GEOS_0.5x0.625/MERRA2/2019/07/MERRA2.20190701.A3cld.05x0625.nc4
2490.962,hit,false,0.000,166,138.929,93,GEOS_0.5x0.625/MERRA2/2019/07/MERRA2.20190701.A3cld.05x0625.nc4
2490.991,hit,false,0.000,166,138.958,93,GEOS_0.5x0.625/MERRA2/2019/07/MERRA2.20190701.A3cld.05x0625.nc4
2491.021,hit,false,0.000,166,138.988,93,GEOS_0.5x0.625/MERRA2/2019/07/MERRA2.20190701.A3cld.05x0625.nc4
2491.044,hit,false,0.000,166,139.011,93,GEOS_0.5x0.625/MERRA2/2019/07/MERRA2.20190701.A3cld.05x0625.nc4
2491.078,hit,false,0.000,166,139.045,93,GEOS_0.5x0.625/MERRA2/2019/07/MERRA2.20190701.A3cld.05x0625.nc4
2491.102,hit,false,0.000,166,139.067,94,GEOS_0.5x0.625/MERRA2/2019/07/MERRA2.20190701.A3cld.05x0625.nc4
2491.134,hit,false,0.000,166,139.099,94,GEOS_0.5x0.625/MERRA2/2019/07/MERRA2.20190701.A3cld.05x0625.nc4
2491.157,hit,false,0.000,166,139.122,94,GEOS_0.5x0.625/MERRA2/2019/07/MERRA2.20190701.A3cld.05x0625.nc4
2491.194,hit,false,0.000,166,139.159,94,GEOS_0.5x0.625/MERRA2/2019/07/MERRA2.20190701.A3cld.05x0625.nc4
2491.217,hit,false,0.000,166,139.182,94,GEOS_0.5x0.625/MERRA2/2019/07/MERRA2.20190701.A3cld.05x0625.nc4
2491.256,hit,false,0.000,166,139.222,94,GEOS_0.5x0.625/MERRA2/2019/07/MERRA2.20190701.A3cld.05x0625.nc4
2491.280,hit,false,0.000,166,139.245,94,GEOS_0.5x0.625/MERRA2/2019/07/MERRA2.20190701.A3cld.05x0625.nc4
2491.315,hit,false,0.000,166,139.280,94,GEOS_0.5x0.625/MERRA2/2019/07/MERRA2.20190701.A3cld.05x0625.nc4
2491.339,hit,false,0.000,166,139.302,95,GEOS_0.5x0.625/MERRA2/2019/07/MERRA2.20190701.A3cld.05x0625.nc4
2491.374,hit,false,0.000,166,139.337,95,GEOS_0.5x0.625/MERRA2/2019/07/MERRA2.20190701.A3cld.05x0625.nc4
2491.399,hit,false,0.000,166,139.362,95,GEOS_0.5x0.625/MERRA2/2019/07/MERRA2.20190701.A3cld.05x0625.nc4
2491.432,hit,false,0.000,166,139.395,95,GEOS_0.5x0.625/MERRA2/2019/07/MERRA2.20190701.A3cld.05x0625.nc4
2491.455,hit,false,0.000,166,139.418,95,GEOS_0.5x0.625/MERRA2/2019/07/MERRA2.20190701.A3cld.05x0625.nc4
2491.493,hit,false,0.000,166,139.456,95,GEOS_0.5x0.625/MERRA2/2019/07/MERRA2.20190701.A3cld.05x0625.nc4
2491.518,hit,false,0.000,166,139.481,95,GEOS_0.5x0.625/MERRA2/2019/07/MERRA2.20190701.A3cld.05x0625.nc4
2491.550,hit,false,0.000,166,139.513,95,GEOS_0.5x0.625/MERRA2/2019/07/MERRA2.20190701.A3cld.05x0625.nc4
2491.578,hit,false,0.000,166,139.563,96,GEOS_0.5x0.625/MERRA2/2019/07/MERRA2.20190701.A3cld.05x0625.nc4
2491.624,hit,false,0.000,166,139.610,96,GEOS_0.5x0.625/MERRA2/2019/07/MERRA2.20190701.A3cld.05x0625.nc4
2491.648,hit,false,0.000,166,139.634,96,GEOS_0.5x0.625/MERRA2/2019/07/MERRA2.20190701.A3cld.05x0625.nc4
2491.681,hit,false,0.000,166,139.666,96,GEOS_0.5x0.625/MERRA2/2019/07/MERRA2.20190701.A3cld.05x0625.nc4
2491.705,hit,false,0.000,166,139.690,96,GEOS_0.5x0.625/MERRA2/2019/07/MERRA2.20190701.A3cld.05x0625.nc4
2491.738,hit,false,0.000,166,139.724,96,GEOS_0.5x0.625/MERRA2/2019/07/MERRA2.20190701.A3cld.05x0625.nc4
2491.764,hit,false,0.000,166,139.749,96,GEOS_0.5x0.625/MERRA2/2019/07/MERRA2.20190701.A3cld.05x0625.nc4
2491.803,hit,false,0.000,166,139.788,96,GEOS_0.5x0.625/MERRA2/2019/07/MERRA2.20190701.A3cld.05x0625.nc4
2491.826,hit,false,0.000,166,139.808,97,GEOS_0.5x0.625/MERRA2/2019/07/MERRA2.20190701.A3cld.05x0625.nc4
2491.863,hit,false,0.000,166,139.846,97,GEOS_0.5x0.625/MERRA2/2019/07/MERRA2.20190701.A3cld.05x0625.nc4
2491.886,hit,false,0.000,166,139.869,97,GEOS_0.5x0.625/MERRA2/2019/07/MERRA2.20190701.A3cld.05x0625.nc4
2491.919,hit,false,0.000,166,139.902,97,GEOS_0.5x0.625/MERRA2/2019/07/MERRA2.20190701.A3cld.05x0625.nc4
2491.944,hit,false,0.000,166,139.927,97,GEOS_0.5x0.625/MERRA2/2019/07/MERRA2.20190701.A3cld.05x0625.nc4
2491.974,hit,false,0.000,166,139.957,97,GEOS_0.5x0.625/MERRA2/2019/07/MERRA2.20190701.A3cld.05x0625.nc4
2492.003,hit,false,0.000,166,139.986,97,GEOS_0.5x0.625/MERRA2/2019/07/MERRA2.20190701.A3cld.05x0625.nc4
2492.034,hit,false,0.000,166,140.017,97,GEOS_0.5x0.625/MERRA2/2019/07/MERRA2.20190701.A3cld.05x0625.nc4
2492.057,hit,false,0.000,166,140.039,98,GEOS_0.5x0.625/MERRA2/2019/07/MERRA2.20190701.A3cld.05x0625.nc4
2492.094,hit,false,0.000,166,140.076,98,GEOS_0.5x0.625/MERRA2/2019/07/MERRA2.20190701.A3cld.05x0625.nc4
2492.116,hit,false,0.000,166,140.097,98,GEOS_0.5x0.625/MERRA2/2019/07/MERRA2.20190701.A3cld.05x0625.nc4
2492.150,hit,false,0.000,166,140.132,98,GEOS_0.5x0.625/MERRA2/2019/07/MERRA2.20190701.A3cld.05x0625.nc4
2492.174,hit,false,0.000,166,140.155,98,GEOS_0.5x0.625/MERRA2/2019/07/MERRA2.20190701.A3cld.05x0625.nc4
2492.206,hit,false,0.000,166,140.188,98,GEOS_0.5x0.625/MERRA2/2019/07/MERRA2.20190701.A3cld.05x0625.nc4
2492.303,hit,false,0.000,166,140.284,98,GEOS_0.5x0.625/MERRA2/2019/07/MERRA2.20190701.A3cld.05x0625.nc4
2492.325,hit,false,0.000,166,140.306,98,GEOS_0.5x0.625/MERRA2/2019/07/MERRA2.20190701.A3cld.05x0625.nc4
2492.365,hit,false,0.000,166,140.345,99,GEOS_0.5x0.625/MERRA2/2019/07/MERRA2.20190701.A3cld.05x0625.nc4
2492.388,hit,false,0.000,166,140.368,99,GEOS_0.5x0.625/MERRA2/2019/07/MERRA2.20190701.A3cld.05x0625.nc4
2492.429,hit,false,0.000,166,140.409,99,GEOS_0.5x0.625/MERRA2/2019/07/MERRA2.20190701.A3cld.05x0625.nc4
2492.452,hit,false,0.000,166,140.432,99,GEOS_0.5x0.625/MERRA2/2019/07/MERRA2.20190701.A3cld.05x0625.nc4
2492.484,hit,false,0.000,166,140.464,99,GEOS_0.5x0.625/MERRA2/2019/07/MERRA2.20190701.A3cld.05x0625.nc4
2492.521,hit,false,0.000,166,140.501,99,GEOS_0.5x0.625/MERRA2/2019/07/MERRA2.20190701.A3cld.05x0625.nc4
2492.545,hit,false,0.000,166,140.524,99,GEOS_0.5x0.625/MERRA2/2019/07/MERRA2.20190701.A3cld.05x0625.nc4
2492.581,hit,false,0.000,166,140.561,99,GEOS_0.5x0.625/MERRA2/2019/07/MERRA2.20190701.A3cld.05x0625.nc4
2492.604,hit,false,0.000,166,140.581,100,GEOS_0.5x0.625/MERRA2/2019/07/MERRA2.20190701.A3cld.05x0625.nc4
2492.635,hit,false,0.000,166,140.612,100,GEOS_0.5x0.625/MERRA2/2019/07/MERRA2.20190701.A3cld.05x0625.nc4
2492.659,hit,false,0.000,166,140.636,100,GEOS_0.5x0.625/MERRA2/2019/07/MERRA2.20190701.A3cld.05x0625.nc4
2492.686,hit,false,0.000,166,140.663,100,GEOS_0.5x0.625/MERRA2/2019/07/MERRA2.20190701.A3cld.05x0625.nc4
2492.714,hit,false,0.000,166,140.691,100,GEOS_0.5x0.625/MERRA2/2019/07/MERRA2.20190701.A3cld.05x0625.nc4
2492.742,hit,false,0.000,166,140.719,100,GEOS_0.5x0.625/MERRA2/2019/07/MERRA2.20190701.A3cld.05x0625.nc4
2492.765,hit,false,0.000,166,140.742,100,GEOS_0.5x0.625/MERRA2/2019/07/MERRA2.20190701.A3cld.05x0625.nc4
2492.795,hit,false,0.000,166,140.773,100,GEOS_0.5x0.625/MERRA2/2019/07/MERRA2.20190701.A3cld.05x0625.nc4
2492.820,hit,false,0.000,166,140.795,101,GEOS_0.5x0.625/MERRA2/2019/07/MERRA2.20190701.A3cld.05x0625.nc4
2492.854,hit,false,0.000,166,140.829,101,GEOS_0.5x0.625/MERRA2/2019/07/MERRA2.20190701.A3cld.05x0625.nc4
2492.883,hit,false,0.000,166,140.858,101,GEOS_0.5x0.625/MERRA2/2019/07/MERRA2.20190701.A3cld.05x0625.nc4
2492.913,hit,false,0.000,166,140.888,101,GEOS_0.5x0.625/MERRA2/2019/07/MERRA2.20190701.A3cld.05x0625.nc4
2492.942,hit,false,0.000,166,140.917,101,GEOS_0.5x0.625/MERRA2/2019/07/MERRA2.20190701.A3cld.05x0625.nc4
2492.971,hit,false,0.000,166,140.946,101,GEOS_0.5x0.625/MERRA2/2019/07/MERRA2.20190701.A3cld.05x0625.nc4
2492.995,hit,false,0.000,166,140.970,101,GEOS_0.5x0.625/MERRA2/2019/07/MERRA2.20190701.A3cld.05x0625.nc4
2493.028,hit,false,0.000,166,141.003,101,GEOS_0.5x0.625/MERRA2/2019/07/MERRA2.20190701.A3cld.05x0625.nc4
2493.053,hit,false,0.000,166,141.027,102,GEOS_0.5x0.625/MERRA2/2019/07/MERRA2.20190701.A3cld.05x0625.nc4
2493.100,hit,false,0.000,166,141.074,102,GEOS_0.5x0.625/MERRA2/2019/07/MERRA2.20190701.A3cld.05x0625.nc4
2493.124,hit,false,0.000,166,141.098,102,GEOS_0.5x0.625/MERRA2/2019/07/MERRA2.20190701.A3cld.05x0625.nc4
2493.164,hit,false,0.000,166,141.138,102,GEOS_0.5x0.625/MERRA2/2019/07/MERRA2.20190701.A3cld.05x0625.nc4
2493.187,hit,false,0.000,166,141.161,102,GEOS_0.5x0.625/MERRA2/2019/07/MERRA2.20190701.A3cld.05x0625.nc4
2493.217,hit,false,0.000,166,141.190,102,GEOS_0.5x0.625/MERRA2/2019/07/MERRA2.20190701.A3cld.05x0625.nc4
2493.243,hit,false,0.000,166,141.217,102,GEOS_0.5x0.625/MERRA2/2019/07/MERRA2.20190701.A3cld.05x0625.nc4
2493.272,hit,false,0.000,166,141.246,102,GEOS_0.5x0.625/MERRA2/2019/07/MERRA2.20190701.A3cld.05x0625.nc4
2493.297,hit,false,0.000,166,141.268,103,GEOS_0.5x0.625/MERRA2/2019/07/MERRA2.20190701.A3cld.05x0625.nc4
2493.333,hit,false,0.000,166,141.305,103,GEOS_0.5x0.625/MERRA2/2019/07/MERRA2.20190701.A3cld.05x0625.nc4
2493.357,hit,false,0.000,166,141.329,103,GEOS_0.5x0.625/MERRA2/2019/07/MERRA2.20190701.A3cld.05x0625.nc4
2493.392,hit,false,0.000,166,141.364,103,GEOS_0.5x0.625/MERRA2/2019/07/MERRA2.20190701.A3cld.05x0625.nc4
2493.415,hit,false,0.000,166,141.387,103,GEOS_0.5x0.625/MERRA2/2019/07/MERRA2.20190701.A3cld.05x0625.nc4
2493.450,hit,false,0.000,166,141.421,103,GEOS_0.5x0.625/MERRA2/2019/07/MERRA2.20190701.A3cld.05x0625.nc4
2493.475,hit,false,0.000,166,141.447,103,GEOS_0.5x0.625/MERRA2/2019/07/MERRA2.20190701.A3cld.05x0625.nc4
2493.508,hit,false,0.000,166,141.480,103,GEOS_0.5x0.625/MERRA2/2019/07/MERRA2.20190701.A3cld.05x0625.nc4
2493.533,hit,false,0.000,166,141.499,104,GEOS_0.5x0.625/MERRA2/2019/07/MERRA2.20190701.A3cld.05x0625.nc4
2493.568,hit,false,0.000,166,141.534,104,GEOS_0.5x0.625/MERRA2/2019/07/MERRA2.20190701.A3cld.05x0625.nc4
2493.603,hit,false,0.000,166,141.569,104,GEOS_0.5x0.625/MERRA2/2019/07/MERRA2.20190701.A3cld.05x0625.nc4
2493.628,hit,false,0.000,166,141.594,104,GEOS_0.5x0.625/MERRA2/2019/07/MERRA2.20190701.A3cld.05x0625.nc4
2493.660,hit,false,0.000,166,141.626,104,GEOS_0.5x0.625/MERRA2/2019/07/MERRA2.20190701.A3cld.05x0625.nc4
2493.684,hit,false,0.000,166,141.651,104,GEOS_0.5x0.625/MERRA2/2019/07/MERRA2.20190701.A3cld.05x0625.nc4
2493.718,hit,false,0.000,166,141.684,104,GEOS_0.5x0.625/MERRA2/2019/07/MERRA2.20190701.A3cld.05x0625.nc4
2493.741,hit,false,0.000,166,141.708,104,GEOS_0.5x0.625/MERRA2/2019/07/MERRA2.20190701.A3cld.05x0625.nc4
2493.774,hit,false,0.000,166,141.738,105,GEOS_0.5x0.625/MERRA2/2019/07/MERRA2.20190701.A3cld.05x0625.nc4
2493.801,hit,false,0.000,166,141.765,105,GEOS_0.5x0.625/MERRA2/2019/07/MERRA2.20190701.A3cld.05x0625.nc4
2493.833,hit,false,0.000,166,141.797,105,GEOS_0.5x0.625/MERRA2/2019/07/MERRA2.20190701.A3cld.05x0625.nc4
2493.864,hit,false,0.000,166,141.828,105,GEOS_0.5x0.625/MERRA2/2019/07/MERRA2.20190701.A3cld.05x0625.nc4
2493.893,hit,false,0.000,166,141.857,105,GEOS_0.5x0.625/MERRA2/2019/07/MERRA2.20190701.A3cld.05x0625.nc4
2493.916,hit,false,0.000,166,141.879,105,GEOS_0.5x0.625/MERRA2/2019/07/MERRA2.20190701.A3cld.05x0625.nc4
2493.953,hit,false,0.000,165,141.917,105,GEOS_0.5x0.625/MERRA2/2019/07/MERRA2.20190701.A3cld.05x0625.nc4
2493.976,hit,false,0.000,165,141.940,105,GEOS_0.5x0.625/MERRA2/2019/07/MERRA2.20190701.A3cld.05x0625.nc4
2494.008,hit,false,0.000,165,141.969,106,GEOS_0.5x0.625/MERRA2/2019/07/MERRA2.20190701.A3cld.05x0625.nc4
2494.036,hit,false,0.000,165,141.997,106,GEOS_0.5x0.625/MERRA2/2019/07/MERRA2.20190701.A3cld.05x0625.nc4
2494.067,hit,false,0.000,165,142.029,106,GEOS_0.5x0.625/MERRA2/2019/07/MERRA2.20190701.A3cld.05x0625.nc4
2494.095,hit,false,0.000,165,142.056,106,GEOS_0.5x0.625/MERRA2/2019/07/MERRA2.20190701.A3cld.05x0625.nc4
2494.126,hit,false,0.000,165,142.088,106,GEOS_0.5x0.625/MERRA2/2019/07/MERRA2.20190701.A3cld.05x0625.nc4
2494.224,hit,false,0.000,165,142.185,106,GEOS_0.5x0.625/MERRA2/2019/07/MERRA2.20190701.A3cld.05x0625.nc4
2494.247,hit,false,0.000,165,142.209,106,GEOS_0.5x0.625/MERRA2/2019/07/MERRA2.20190701.A3cld.05x0625.nc4
2494.280,hit,false,0.000,165,142.241,106,GEOS_0.5x0.625/MERRA2/2019/07/MERRA2.20190701.A3cld.05x0625.nc4
2494.305,hit,false,0.000,165,142.265,107,GEOS_0.5x0.625/MERRA2/2019/07/MERRA2.20190701.A3cld.05x0625.nc4
2494.339,hit,false,0.000,165,142.298,107,GEOS_0.5x0.625/MERRA2/2019/07/MERRA2.20190701.A3cld.05x0625.nc4
2494.368,hit,false,0.000,165,142.328,107,GEOS_0.5x0.625/MERRA2/2019/07/MERRA2.20190701.A3cld.05x0625.nc4
2494.398,hit,false,0.000,165,142.358,107,GEOS_0.5x0.625/MERRA2/2019/07/MERRA2.20190701.A3cld.05x0625.nc4
2494.431,hit,false,0.000,165,142.391,107,GEOS_0.5x0.625/MERRA2/2019/07/MERRA2.20190701.A3cld.05x0625.nc4
2494.461,hit,false,0.000,165,142.421,107,GEOS_0.5x0.625/MERRA2/2019/07/MERRA2.20190701.A3cld.05x0625.nc4
2494.489,hit,false,0.000,165,142.449,107,GEOS_0.5x0.625/MERRA2/2019/07/MERRA2.20190701.A3cld.05x0625.nc4
2494.519,hit,false,0.000,165,142.479,107,GEOS_0.5x0.625/MERRA2/2019/07/MERRA2.20190701.A3cld.05x0625.nc4
2494.546,hit,false,0.000,165,142.504,108,GEOS_0.5x0.625/MERRA2/2019/07/MERRA2.20190701.A3cld.05x0625.nc4
2494.580,hit,false,0.000,165,142.538,108,GEOS_0.5x0.625/MERRA2/2019/07/MERRA2.20190701.A3cld.05x0625.nc4
2494.603,hit,false,0.000,165,142.561,108,GEOS_0.5x0.625/MERRA2/2019/07/MERRA2.20190701.A3cld.05x0625.nc4
2494.637,hit,false,0.000,165,142.595,108,GEOS_0.5x0.625/MERRA2/2019/07/MERRA2.20190701.A3cld.05x0625.nc4
2494.660,hit,false,0.000,165,142.618,108,GEOS_0.5x0.625/MERRA2/2019/07/MERRA2.20190701.A3cld.05x0625.nc4
2494.694,hit,false,0.000,165,142.652,108,GEOS_0.5x0.625/MERRA2/2019/07/MERRA2.20190701.A3cld.05x0625.nc4
2494.721,hit,false,0.000,165,142.679,108,GEOS_0.5x0.625/MERRA2/2019/07/MERRA2.20190701.A3cld.05x0625.nc4
2494.750,hit,false,0.000,165,142.708,108,GEOS_0.5x0.625/MERRA2/2019/07/MERRA2.20190701.A3cld.05x0625.nc4
2494.778,hit,false,0.000,165,142.734,109,GEOS_0.5x0.625/MERRA2/2019/07/MERRA2.20190701.A3cld.05x0625.nc4
2494.809,hit,false,0.000,165,142.765,109,GEOS_0.5x0.625/MERRA2/2019/07/MERRA2.20190701.A3cld.05x0625.nc4
2494.839,hit,false,0.000,164,142.796,109,GEOS_0.5x0.625/MERRA2/2019/07/MERRA2.20190701.A3cld.05x0625.nc4
2494.862,hit,false,0.000,164,142.818,109,GEOS_0.5x0.625/MERRA2/2019/07/MERRA2.20190701.A3cld.05x0625.nc4
2494.907,hit,false,0.000,164,142.863,109,GEOS_0.5x0.625/MERRA2/2019/07/MERRA2.20190701.A3cld.05x0625.nc4
2494.921,hit,false,0.000,164,142.877,109,GEOS_0.5x0.625/MERRA2/2019/07/MERRA2.20190701.A3cld.05x0625.nc4
2494.968,hit,false,0.000,164,142.925,109,GEOS_0.5x0.625/MERRA2/2019/07/MERRA2.20190701.A3cld.05x0625.nc4
2494.991,hit,false,0.000,164,142.947,109,GEOS_0.5x0.625/MERRA2/2019/07/MERRA2.20190701.A3cld.05x0625.nc4
2495.029,hit,false,0.000,164,142.982,110,GEOS_0.5x0.625/MERRA2/2019/07/MERRA2.20190701.A3cld.05x0625.nc4
2495.054,hit,false,0.000,164,143.007,110,GEOS_0.5x0.625/MERRA2/2019/07/MERRA2.20190701.A3cld.05x0625.nc4
2495.088,hit,false,0.000,164,143.041,110,GEOS_0.5x0.625/MERRA2/2019/07/MERRA2.20190701.A3cld.05x0625.nc4
2495.112,hit,false,0.000,164,143.066,110,GEOS_0.5x0.625/MERRA2/2019/07/MERRA2.20190701.A3cld.05x0625.nc4
2495.143,hit,false,0.000,164,143.097,110,GEOS_0.5x0.625/MERRA2/2019/07/MERRA2.20190701.A3cld.05x0625.nc4
2495.168,hit,false,0.000,164,143.122,110,GEOS_0.5x0.625/MERRA2/2019/07/MERRA2.20190701.A3cld.05x0625.nc4
2495.202,hit,false,0.000,164,143.155,110,GEOS_0.5x0.625/MERRA2/2019/07/MERRA2.20190701.A3cld.05x0625.nc4
2495.232,hit,false,0.000,164,143.185,110,GEOS_0.5x0.625/MERRA2/2019/07/MERRA2.20190701.A3cld.05x0625.nc4
2495.273,hit,false,0.000,164,143.225,111,GEOS_0.5x0.625/MERRA2/2019/07/MERRA2.20190701.A3cld.05x0625.nc4
2495.298,hit,false,0.000,164,143.250,111,GEOS_0.5x0.625/MERRA2/2019/07/MERRA2.20190701.A3cld.05x0625.nc4
2495.333,hit,false,0.000,164,143.284,111,GEOS_0.5x0.625/MERRA2/2019/07/MERRA2.20190701.A3cld.05x0625.nc4
2495.360,hit,false,0.000,164,143.312,111,GEOS_0.5x0.625/MERRA2/2019/07/MERRA2.20190701.A3cld.05x0625.nc4
2495.391,hit,false,0.000,164,143.343,111,GEOS_0.5x0.625/MERRA2/2019/07/MERRA2.20190701.A3cld.05x0625.nc4
2495.414,hit,false,0.000,164,143.366,111,GEOS_0.5x0.625/MERRA2/2019/07/MERRA2.20190701.A3cld.05x0625.nc4
2495.445,hit,false,0.000,164,143.397,111,GEOS_0.5x0.625/MERRA2/2019/07/MERRA2.20190701.A3cld.05x0625.nc4
2495.471,hit,false,0.000,164,143.422,111,GEOS_0.5x0.625/MERRA2/2019/07/MERRA2.20190701.A3cld.05x0625.nc4
2495.496,hit,false,0.000,164,143.453,112,GEOS_0.5x0.625/MERRA2/2019/07/MERRA2.20190701.A3cld.05x0625.nc4
2495.531,hit,false,0.000,164,143.488,112,GEOS_0.5x0.625/MERRA2/2019/07/MERRA2.20190701.A3cld.05x0625.nc4
2495.569,hit,false,0.000,164,143.526,112,GEOS_0.5x0.625/MERRA2/2019/07/MERRA2.20190701.A3cld.05x0625.nc4
2495.591,hit,false,0.000,164,143.549,112,GEOS_0.5x0.625/MERRA2/2019/07/MERRA2.20190701.A3cld.05x0625.nc4
2495.625,hit,false,0.000,164,143.583,112,GEOS_0.5x0.625/MERRA2/2019/07/MERRA2.20190701.A3cld.05x0625.nc4
2495.649,hit,false,0.000,164,143.607,112,GEOS_0.5x0.625/MERRA2/2019/07/MERRA2.20190701.A3cld.05x0625.nc4
2495.686,hit,false,0.000,164,143.644,112,GEOS_0.5x0.625/MERRA2/2019/07/MERRA2.20190701.A3cld.05x0625.nc4
2495.710,hit,false,0.000,164,143.667,112,GEOS_0.5x0.625/MERRA2/2019/07/MERRA2.20190701.A3cld.05x0625.nc4
2495.746,hit,false,0.000,164,143.701,113,GEOS_0.5x0.625/MERRA2/2019/07/MERRA2.20190701.A3cld.05x0625.nc4
2495.771,hit,false,0.000,164,143.726,113,GEOS_0.5x0.625/MERRA2/2019/07/MERRA2.20190701.A3cld.05x0625.nc4
2495.805,hit,false,0.000,164,143.760,113,GEOS_0.5x0.625/MERRA2/2019/07/MERRA2.20190701.A3cld.05x0625.nc4
2495.828,hit,false,0.000,164,143.783,113,GEOS_0.5x0.625/MERRA2/2019/07/MERRA2.20190701.A3cld.05x0625.nc4
2495.859,hit,false,0.000,164,143.815,113,GEOS_0.5x0.625/MERRA2/2019/07/MERRA2.20190701.A3cld.05x0625.nc4
2495.885,hit,false,0.000,164,143.840,113,GEOS_0.5x0.625/MERRA2/2019/07/MERRA2.20190701.A3cld.05x0625.nc4
2495.916,hit,false,0.000,163,143.871,113,GEOS_0.5x0.625/MERRA2/2019/07/MERRA2.20190701.A3cld.05x0625.nc4
2495.941,hit,false,0.000,163,143.896,113,GEOS_0.5x0.625/MERRA2/2019/07/MERRA2.20190701.A3cld.05x0625.nc4
2495.974,hit,false,0.000,163,143.926,114,GEOS_0.5x0.625/MERRA2/2019/07/MERRA2.20190701.A3cld.05x0625.nc4
2496.000,hit,false,0.000,163,143.953,114,GEOS_0.5x0.625/MERRA2/2019/07/MERRA2.20190701.A3cld.05x0625.nc4
2496.039,hit,false,0.000,163,143.991,114,GEOS_0.5x0.625/MERRA2/2019/07/MERRA2.20190701.A3cld.05x0625.nc4
2496.061,hit,false,0.000,163,144.013,114,GEOS_0.5x0.625/MERRA2/2019/07/MERRA2.20190701.A3cld.05x0625.nc4
2496.168,hit,false,0.000,163,144.120,114,GEOS_0.5x0.625/MERRA2/2019/07/MERRA2.20190701.A3cld.05x0625.nc4
2496.190,hit,false,0.000,163,144.143,114,GEOS_0.5x0.625/MERRA2/2019/07/MERRA2.20190701.A3cld.05x0625.nc4
2496.224,hit,false,0.000,163,144.176,114,GEOS_0.5x0.625/MERRA2/2019/07/MERRA2.20190701.A3cld.05x0625.nc4
2496.248,hit,false,0.000,163,144.201,114,GEOS_0.5x0.625/MERRA2/2019/07/MERRA2.20190701.A3cld.05x0625.nc4
2496.280,hit,false,0.000,163,144.231,115,GEOS_0.5x0.625/MERRA2/2019/07/MERRA2.20190701.A3cld.05x0625.nc4
2496.307,hit,false,0.000,163,144.258,115,GEOS_0.5x0.625/MERRA2/2019/07/MERRA2.20190701.A3cld.05x0625.nc4
2496.342,hit,false,0.000,163,144.293,115,GEOS_0.5x0.625/MERRA2/2019/07/MERRA2.20190701.A3cld.05x0625.nc4
2496.368,hit,false,0.000,163,144.319,115,GEOS_0.5x0.625/MERRA2/2019/07/MERRA2.20190701.A3cld.05x0625.nc4
2496.399,hit,false,0.000,163,144.350,115,GEOS_0.5x0.625/MERRA2/2019/07/MERRA2.20190701.A3cld.05x0625.nc4
2496.422,hit,false,0.000,163,144.373,115,GEOS_0.5x0.625/MERRA2/2019/07/MERRA2.20190701.A3cld.05x0625.nc4
2496.455,hit,false,0.000,163,144.406,115,GEOS_0.5x0.625/MERRA2/2019/07/MERRA2.20190701.A3cld.05x0625.nc4
2496.479,hit,false,0.000,163,144.430,115,GEOS_0.5x0.625/MERRA2/2019/07/MERRA2.20190701.A3cld.05x0625.nc4
2496.516,hit,false,0.000,163,144.463,116,GEOS_0.5x0.625/MERRA2/2019/07/MERRA2.20190701.A3cld.05x0625.nc4
2496.540,hit,false,0.000,163,144.488,116,GEOS_0.5x0.625/MERRA2/2019/07/MERRA2.20190701.A3cld.05x0625.nc4
2496.579,hit,false,0.000,163,144.527,116,GEOS_0.5x0.625/MERRA2/2019/07/MERRA2.20190701.A3cld.05x0625.nc4
2496.601,hit,false,0.000,163,144.549,116,GEOS_0.5x0.625/MERRA2/2019/07/MERRA2.20190701.A3cld.05x0625.nc4
2496.640,hit,false,0.000,163,144.587,116,GEOS_0.5x0.625/MERRA2/2019/07/MERRA2.20190701.A3cld.05x0625.nc4
2496.662,hit,false,0.000,163,144.609,116,GEOS_0.5x0.625/MERRA2/2019/07/MERRA2.20190701.A3cld.05x0625.nc4
2496.700,hit,false,0.000,163,144.647,116,GEOS_0.5x0.625/MERRA2/2019/07/MERRA2.20190701.A3cld.05x0625.nc4
2496.722,hit,false,0.000,163,144.670,116,GEOS_0.5x0.625/MERRA2/2019/07/MERRA2.20190701.A3cld.05x0625.nc4
2496.759,hit,false,0.000,163,144.705,117,GEOS_0.5x0.625/MERRA2/2019/07/MERRA2.20190701.A3cld.05x0625.nc4
2496.785,hit,false,0.000,163,144.731,117,GEOS_0.5x0.625/MERRA2/2019/07/MERRA2.20190701.A3cld.05x0625.nc4
2496.823,hit,false,0.000,163,144.769,117,GEOS_0.5x0.625/MERRA2/2019/07/MERRA2.20190701.A3cld.05x0625.nc4
2496.846,hit,false,0.000,163,144.792,117,GEOS_0.5x0.625/MERRA2/2019/07/MERRA2.20190701.A3cld.05x0625.nc4
2496.880,hit,false,0.000,163,144.826,117,GEOS_0.5x0.625/MERRA2/2019/07/MERRA2.20190701.A3cld.05x0625.nc4
2496.904,hit,false,0.000,163,144.850,117,GEOS_0.5x0.625/MERRA2/2019/07/MERRA2.20190701.A3cld.05x0625.nc4
2496.938,hit,false,0.000,163,144.884,117,GEOS_0.5x0.625/MERRA2/2019/07/MERRA2.20190701.A3cld.05x0625.nc4
2496.962,hit,false,0.000,163,144.908,117,GEOS_0.5x0.625/MERRA2/2019/07/MERRA2.20190701.A3cld.05x0625.nc4
2497.001,hit,false,0.000,163,144.946,118,GEOS_0.5x0.625/MERRA2/2019/07/MERRA2.20190701.A3cld.05x0625.nc4
2497.027,hit,false,0.000,163,144.971,118,GEOS_0.5x0.625/MERRA2/2019/07/MERRA2.20190701.A3cld.05x0625.nc4
2497.061,hit,false,0.000,163,145.005,118,GEOS_0.5x0.625/MERRA2/2019/07/MERRA2.20190701.A3cld.05x0625.nc4
2497.086,hit,false,0.000,163,145.031,118,GEOS_0.5x0.625/MERRA2/2019/07/MERRA2.20190701.A3cld.05x0625.nc4
2497.118,hit,false,0.000,163,145.062,118,GEOS_0.5x0.625/MERRA2/2019/07/MERRA2.20190701.A3cld.05x0625.nc4
2497.141,hit,false,0.000,163,145.086,118,GEOS_0.5x0.625/MERRA2/2019/07/MERRA2.20190701.A3cld.05x0625.nc4
2497.173,hit,false,0.000,163,145.118,118,GEOS_0.5x0.625/MERRA2/2019/07/MERRA2.20190701.A3cld.05x0625.nc4
2497.199,hit,false,0.000,163,145.144,118,GEOS_0.5x0.625/MERRA2/2019/07/MERRA2.20190701.A3cld.05x0625.nc4
2497.230,hit,false,0.000,163,145.173,119,GEOS_0.5x0.625/MERRA2/2019/07/MERRA2.20190701.A3cld.05x0625.nc4
2497.264,hit,false,0.000,163,145.207,119,GEOS_0.5x0.625/MERRA2/2019/07/MERRA2.20190701.A3cld.05x0625.nc4
2497.296,hit,false,0.000,163,145.239,119,GEOS_0.5x0.625/MERRA2/2019/07/MERRA2.20190701.A3cld.05x0625.nc4
2497.323,hit,false,0.000,163,145.266,119,GEOS_0.5x0.625/MERRA2/2019/07/MERRA2.20190701.A3cld.05x0625.nc4
2497.351,hit,false,0.000,163,145.294,119,GEOS_0.5x0.625/MERRA2/2019/07/MERRA2.20190701.A3cld.05x0625.nc4
2497.374,hit,false,0.000,163,145.316,119,GEOS_0.5x0.625/MERRA2/2019/07/MERRA2.20190701.A3cld.05x0625.nc4
2497.407,hit,false,0.000,163,145.350,119,GEOS_0.5x0.625/MERRA2/2019/07/MERRA2.20190701.A3cld.05x0625.nc4
2497.430,hit,false,0.000,163,145.373,119,GEOS_0.5x0.625/MERRA2/2019/07/MERRA2.20190701.A3cld.05x0625.nc4
2497.463,hit,false,0.000,163,145.404,120,GEOS_0.5x0.625/MERRA2/2019/07/MERRA2.20190701.A3cld.05x0625.nc4
2497.491,hit,false,0.000,163,145.432,120,GEOS_0.5x0.625/MERRA2/2019/07/MERRA2.20190701.A3cld.05x0625.nc4
2497.540,hit,false,0.000,163,145.482,120,GEOS_0.5x0.625/MERRA2/2019/07/MERRA2.20190701.A3cld.05x0625.nc4
2497.564,hit,false,0.000,163,145.505,120,GEOS_0.5x0.625/MERRA2/2019/07/MERRA2.20190701.A3cld.05x0625.nc4
2497.597,hit,false,0.000,163,145.539,120,GEOS_0.5x0.625/MERRA2/2019/07/MERRA2.20190701.A3cld.05x0625.nc4
2497.621,hit,false,0.000,163,145.562,120,GEOS_0.5x0.625/MERRA2/2019/07/MERRA2.20190701.A3cld.05x0625.nc4
2497.653,hit,false,0.000,163,145.594,120,GEOS_0.5x0.625/MERRA2/2019/07/MERRA2.20190701.A3cld.05x0625.nc4
2497.679,hit,false,0.000,163,145.620,120,GEOS_0.5x0.625/MERRA2/2019/07/MERRA2.20190701.A3cld.05x0625.nc4
2497.710,hit,false,0.000,162,145.648,121,GEOS_0.5x0.625/MERRA2/2019/07/MERRA2.20190701.A3cld.05x0625.nc4
2497.737,hit,false,0.000,162,145.675,121,GEOS_0.5x0.625/MERRA2/2019/07/MERRA2.20190701.A3cld.05x0625.nc4
2497.771,hit,false,0.000,162,145.709,121,GEOS_0.5x0.625/MERRA2/2019/07/MERRA2.20190701.A3cld.05x0625.nc4
2497.799,hit,false,0.000,162,145.737,121,GEOS_0.5x0.625/MERRA2/2019/07/MERRA2.20190701.A3cld.05x0625.nc4
2497.832,hit,false,0.000,162,145.770,121,GEOS_0.5x0.625/MERRA2/2019/07/MERRA2.20190701.A3cld.05x0625.nc4
2497.855,hit,false,0.000,162,145.793,121,GEOS_0.5x0.625/MERRA2/2019/07/MERRA2.20190701.A3cld.05x0625.nc4
2497.889,hit,false,0.000,162,145.827,121,GEOS_0.5x0.625/MERRA2/2019/07/MERRA2.20190701.A3cld.05x0625.nc4
2497.912,hit,false,0.000,162,145.850,121,GEOS_0.5x0.625/MERRA2/2019/07/MERRA2.20190701.A3cld.05x0625.nc4
2497.945,uncovered,false,107.698,21,145.881,122,GEOS_0.5x0.625/MERRA2/2019/07/MERRA2.20190701.A3cld.05x0625.nc4
2497.972,uncovered,false,107.644,21,145.909,122,GEOS_0.5x0.625/MERRA2/2019/07/MERRA2.20190701.A3cld.05x0625.nc4
2605.776,hit,false,0.000,21,253.713,122,GEOS_0.5x0.625/MERRA2/2019/07/MERRA2.20190701.A3cld.05x0625.nc4
2605.786,hit,false,0.000,21,253.722,122,GEOS_0.5x0.625/MERRA2/2019/07/MERRA2.20190701.A3cld.05x0625.nc4
2605.868,hit,false,0.000,21,253.804,122,GEOS_0.5x0.625/MERRA2/2019/07/MERRA2.20190701.A3cld.05x0625.nc4
2605.886,hit,false,0.000,21,253.823,122,GEOS_0.5x0.625/MERRA2/2019/07/MERRA2.20190701.A3cld.05x0625.nc4
2605.938,hit,false,0.000,21,253.875,122,GEOS_0.5x0.625/MERRA2/2019/07/MERRA2.20190701.A3cld.05x0625.nc4
2605.957,hit,false,0.000,21,253.894,122,GEOS_0.5x0.625/MERRA2/2019/07/MERRA2.20190701.A3cld.05x0625.nc4
2606.005,uncovered,false,4.394,20,253.939,123,GEOS_0.5x0.625/MERRA2/2019/07/MERRA2.20190701.A3cld.05x0625.nc4
2606.041,uncovered,false,4.322,20,253.975,123,GEOS_0.5x0.625/MERRA2/2019/07/MERRA2.20190701.A3cld.05x0625.nc4
2610.558,hit,false,0.000,20,258.492,123,GEOS_0.5x0.625/MERRA2/2019/07/MERRA2.20190701.A3cld.05x0625.nc4
2610.581,hit,false,0.000,20,258.515,123,GEOS_0.5x0.625/MERRA2/2019/07/MERRA2.20190701.A3cld.05x0625.nc4
2610.623,hit,false,0.000,20,258.557,123,GEOS_0.5x0.625/MERRA2/2019/07/MERRA2.20190701.A3cld.05x0625.nc4
2610.642,hit,false,0.000,20,258.576,123,GEOS_0.5x0.625/MERRA2/2019/07/MERRA2.20190701.A3cld.05x0625.nc4
2610.682,hit,false,0.000,20,258.616,123,GEOS_0.5x0.625/MERRA2/2019/07/MERRA2.20190701.A3cld.05x0625.nc4
2610.705,hit,false,0.000,20,258.640,123,GEOS_0.5x0.625/MERRA2/2019/07/MERRA2.20190701.A3cld.05x0625.nc4
2610.738,uncovered,false,8.045,19,258.670,124,GEOS_0.5x0.625/MERRA2/2019/07/MERRA2.20190701.A3cld.05x0625.nc4
2610.767,uncovered,false,8.011,19,258.700,124,GEOS_0.5x0.625/MERRA2/2019/07/MERRA2.20190701.A3cld.05x0625.nc4
2618.861,hit,false,0.000,19,266.794,124,GEOS_0.5x0.625/MERRA2/2019/07/MERRA2.20190701.A3cld.05x0625.nc4
2618.887,hit,false,0.000,19,266.819,124,GEOS_0.5x0.625/MERRA2/2019/07/MERRA2.20190701.A3cld.05x0625.nc4
2618.934,hit,false,0.000,19,266.866,124,GEOS_0.5x0.625/MERRA2/2019/07/MERRA2.20190701.A3cld.05x0625.nc4
2618.958,hit,false,0.000,19,266.890,124,GEOS_0.5x0.625/MERRA2/2019/07/MERRA2.20190701.A3cld.05x0625.nc4
2618.987,hit,false,0.000,19,266.920,124,GEOS_0.5x0.625/MERRA2/2019/07/MERRA2.20190701.A3cld.05x0625.nc4
2619.014,hit,false,0.000,19,266.946,124,GEOS_0.5x0.625/MERRA2/2019/07/MERRA2.20190701.A3cld.05x0625.nc4
2619.049,uncovered,false,10.817,18,266.979,125,GEOS_0.5x0.625/MERRA2/2019/07/MERRA2.20190701.A3cld.05x0625.nc4
2619.080,uncovered,false,10.780,18,267.011,125,GEOS_0.5x0.625/MERRA2/2019/07/MERRA2.20190701.A3cld.05x0625.nc4
2629.943,hit,false,0.000,18,277.873,125,GEOS_0.5x0.625/MERRA2/2019/07/MERRA2.20190701.A3cld.05x0625.nc4
2629.970,hit,false,0.000,18,277.901,125,GEOS_0.5x0.625/MERRA2/2019/07/MERRA2.20190701.A3cld.05x0625.nc4
2630.007,hit,false,0.000,18,277.937,125,GEOS_0.5x0.625/MERRA2/2019/07/MERRA2.20190701.A3cld.05x0625.nc4
2630.027,hit,false,0.000,18,277.958,125,GEOS_0.5x0.625/MERRA2/2019/07/MERRA2.20190701.A3cld.05x0625.nc4
2630.072,hit,false,0.000,18,278.002,125,GEOS_0.5x0.625/MERRA2/2019/07/MERRA2.20190701.A3cld.05x0625.nc4
2630.093,hit,false,0.000,18,278.024,125,GEOS_0.5x0.625/MERRA2/2019/07/MERRA2.20190701.A3cld.05x0625.nc4
2630.132,uncovered,false,7.229,17,278.061,126,GEOS_0.5x0.625/MERRA2/2019/07/MERRA2.20190701.A3cld.05x0625.nc4
2630.243,uncovered,false,7.066,17,278.171,126,GEOS_0.5x0.625/MERRA2/2019/07/MERRA2.20190701.A3cld.05x0625.nc4
2637.435,hit,false,0.000,17,285.364,126,GEOS_0.5x0.625/MERRA2/2019/07/MERRA2.20190701.A3cld.05x0625.nc4
2637.461,hit,false,0.000,17,285.390,126,GEOS_0.5x0.625/MERRA2/2019/07/MERRA2.20190701.A3cld.05x0625.nc4
2637.497,hit,false,0.000,17,285.426,126,GEOS_0.5x0.625/MERRA2/2019/07/MERRA2.20190701.A3cld.05x0625.nc4
2637.522,hit,false,0.000,17,285.451,126,GEOS_0.5x0.625/MERRA2/2019/07/MERRA2.20190701.A3cld.05x0625.nc4
2637.565,hit,false,0.000,17,285.494,126,GEOS_0.5x0.625/MERRA2/2019/07/MERRA2.20190701.A3cld.05x0625.nc4
2637.587,hit,false,0.000,17,285.516,126,GEOS_0.5x0.625/MERRA2/2019/07/MERRA2.20190701.A3cld.05x0625.nc4
2637.625,uncovered,false,6.789,16,285.552,127,GEOS_0.5x0.625/MERRA2/2019/07/MERRA2.20190701.A3cld.05x0625.nc4
2637.654,uncovered,false,6.770,16,285.581,127,GEOS_0.5x0.625/MERRA2/2019/07/MERRA2.20190701.A3cld.05x0625.nc4
2644.489,hit,false,0.000,16,292.417,127,GEOS_0.5x0.625/MERRA2/2019/07/MERRA2.20190701.A3cld.05x0625.nc4
2644.513,hit,false,0.000,16,292.441,127,GEOS_0.5x0.625/MERRA2/2019/07/MERRA2.20190701.A3cld.05x0625.nc4
2644.552,hit,false,0.000,16,292.479,127,GEOS_0.5x0.625/MERRA2/2019/07/MERRA2.20190701.A3cld.05x0625.nc4
2644.573,hit,false,0.000,16,292.500,127,GEOS_0.5x0.625/MERRA2/2019/07/MERRA2.20190701.A3cld.05x0625.nc4
2644.615,hit,false,0.000,16,292.542,127,GEOS_0.5x0.625/MERRA2/2019/07/MERRA2.20190701.A3cld.05x0625.nc4
2644.638,hit,false,0.000,16,292.565,127,GEOS_0.5x0.625/MERRA2/2019/07/MERRA2.20190701.A3cld.05x0625.nc4
2644.669,hit,false,0.000,16,290.634,128,GEOS_0.5x0.625/MERRA2/2019/07/MERRA2.20190701.A3cld.05x0625.nc4
2644.696,hit,false,0.000,16,290.661,128,GEOS_0.5x0.625/MERRA2/2019/07/MERRA2.20190701.A3cld.05x0625.nc4
2644.749,hit,false,0.000,16,290.714,128,GEOS_0.5x0.625/MERRA2/2019/07/MERRA2.20190701.A3cld.05x0625.nc4
2644.771,hit,false,0.000,16,290.736,128,GEOS_0.5x0.625/MERRA2/2019/07/MERRA2.20190701.A3cld.05x0625.nc4
2644.814,hit,false,0.000,16,290.778,128,GEOS_0.5x0.625/MERRA2/2019/07/MERRA2.20190701.A3cld.05x0625.nc4
2644.836,hit,false,0.000,16,290.801,128,GEOS_0.5x0.625/MERRA2/2019/07/MERRA2.20190701.A3cld.05x0625.nc4
2644.875,hit,false,0.000,16,290.840,128,GEOS_0.5x0.625/MERRA2/2019/07/MERRA2.20190701.A3cld.05x0625.nc4
2644.900,hit,false,0.000,16,290.865,128,GEOS_0.5x0.625/MERRA2/2019/07/MERRA2.20190701.A3cld.05x0625.nc4
2644.932,hit,false,0.000,16,290.895,129,GEOS_0.5x0.625/MERRA2/2019/07/MERRA2.20190701.A3cld.05x0625.nc4
2644.963,hit,false,0.000,16,290.925,129,GEOS_0.5x0.625/MERRA2/2019/07/MERRA2.20190701.A3cld.05x0625.nc4
2644.995,hit,false,0.000,16,290.957,129,GEOS_0.5x0.625/MERRA2/2019/07/MERRA2.20190701.A3cld.05x0625.nc4
2645.018,hit,false,0.000,16,290.980,129,GEOS_0.5x0.625/MERRA2/2019/07/MERRA2.20190701.A3cld.05x0625.nc4
2645.048,hit,false,0.000,16,291.010,129,GEOS_0.5x0.625/MERRA2/2019/07/MERRA2.20190701.A3cld.05x0625.nc4
2645.072,hit,false,0.000,16,291.034,129,GEOS_0.5x0.625/MERRA2/2019/07/MERRA2.20190701.A3cld.05x0625.nc4
2645.111,hit,false,0.000,16,291.073,129,GEOS_0.5x0.625/MERRA2/2019/07/MERRA2.20190701.A3cld.05x0625.nc4
2645.175,hit,false,0.000,16,291.135,130,GEOS_0.5x0.625/MERRA2/2019/07/MERRA2.20190701.A3cld.05x0625.nc4
2645.181,hit,false,0.000,16,291.144,129,GEOS_0.5x0.625/MERRA2/2019/07/MERRA2.20190701.A3cld.05x0625.nc4
2645.278,hit,false,0.000,16,291.239,130,GEOS_0.5x0.625/MERRA2/2019/07/MERRA2.20190701.A3cld.05x0625.nc4
2645.301,hit,false,0.000,16,291.261,130,GEOS_0.5x0.625/MERRA2/2019/07/MERRA2.20190701.A3cld.05x0625.nc4
2645.335,hit,false,0.000,16,291.296,130,GEOS_0.5x0.625/MERRA2/2019/07/MERRA2.20190701.A3cld.05x0625.nc4
2645.364,hit,false,0.000,16,291.325,130,GEOS_0.5x0.625/MERRA2/2019/07/MERRA2.20190701.A3cld.05x0625.nc4
2645.392,hit,false,0.000,16,291.352,130,GEOS_0.5x0.625/MERRA2/2019/07/MERRA2.20190701.A3cld.05x0625.nc4
2645.427,hit,false,0.000,16,291.387,130,GEOS_0.5x0.625/MERRA2/2019/07/MERRA2.20190701.A3cld.05x0625.nc4
2645.452,hit,false,0.000,16,291.413,130,GEOS_0.5x0.625/MERRA2/2019/07/MERRA2.20190701.A3cld.05x0625.nc4
2645.485,hit,false,0.000,16,291.444,131,GEOS_0.5x0.625/MERRA2/2019/07/MERRA2.20190701.A3cld.05x0625.nc4
2645.512,hit,false,0.000,16,291.471,131,GEOS_0.5x0.625/MERRA2/2019/07/MERRA2.20190701.A3cld.05x0625.nc4
2645.544,hit,false,0.000,16,291.503,131,GEOS_0.5x0.625/MERRA2/2019/07/MERRA2.20190701.A3cld.05x0625.nc4
2645.568,hit,false,0.000,16,291.527,131,GEOS_0.5x0.625/MERRA2/2019/07/MERRA2.20190701.A3cld.05x0625.nc4
2645.603,hit,false,0.000,16,291.561,131,GEOS_0.5x0.625/MERRA2/2019/07/MERRA2.20190701.A3cld.05x0625.nc4
2645.625,hit,false,0.000,16,291.583,131,GEOS_0.5x0.625/MERRA2/2019/07/MERRA2.20190701.A3cld.05x0625.nc4
2645.659,hit,false,0.000,16,291.618,131,GEOS_0.5x0.625/MERRA2/2019/07/MERRA2.20190701.A3cld.05x0625.nc4
2645.686,hit,false,0.000,16,291.644,131,GEOS_0.5x0.625/MERRA2/2019/07/MERRA2.20190701.A3cld.05x0625.nc4
2645.716,hit,false,0.000,16,291.673,132,GEOS_0.5x0.625/MERRA2/2019/07/MERRA2.20190701.A3cld.05x0625.nc4
2645.748,hit,false,0.000,16,291.705,132,GEOS_0.5x0.625/MERRA2/2019/07/MERRA2.20190701.A3cld.05x0625.nc4
2645.775,hit,false,0.000,16,291.732,132,GEOS_0.5x0.625/MERRA2/2019/07/MERRA2.20190701.A3cld.05x0625.nc4
2645.804,hit,false,0.000,16,291.761,132,GEOS_0.5x0.625/MERRA2/2019/07/MERRA2.20190701.A3cld.05x0625.nc4
2645.827,hit,false,0.000,16,291.784,132,GEOS_0.5x0.625/MERRA2/2019/07/MERRA2.20190701.A3cld.05x0625.nc4
2645.863,hit,false,0.000,16,291.820,132,GEOS_0.5x0.625/MERRA2/2019/07/MERRA2.20190701.A3cld.05x0625.nc4
2645.888,hit,false,0.000,16,291.845,132,GEOS_0.5x0.625/MERRA2/2019/07/MERRA2.20190701.A3cld.05x0625.nc4
2645.918,hit,false,0.000,16,291.875,132,GEOS_0.5x0.625/MERRA2/2019/07/MERRA2.20190701.A3cld.05x0625.nc4
2645.945,hit,false,0.000,16,291.900,133,GEOS_0.5x0.625/MERRA2/2019/07/MERRA2.20190701.A3cld.05x0625.nc4
2645.972,hit,false,0.000,16,291.927,133,GEOS_0.5x0.625/MERRA2/2019/07/MERRA2.20190701.A3cld.05x0625.nc4
2646.002,hit,false,0.000,16,291.956,133,GEOS_0.5x0.625/MERRA2/2019/07/MERRA2.20190701.A3cld.05x0625.nc4
2646.024,hit,false,0.000,15,291.979,133,GEOS_0.5x0.625/MERRA2/2019/07/MERRA2.20190701.A3cld.05x0625.nc4
2646.053,hit,false,0.000,15,292.008,133,GEOS_0.5x0.625/MERRA2/2019/07/MERRA2.20190701.A3cld.05x0625.nc4
2646.079,hit,false,0.000,15,292.034,133,GEOS_0.5x0.625/MERRA2/2019/07/MERRA2.20190701.A3cld.05x0625.nc4
2646.107,hit,false,0.000,15,292.062,133,GEOS_0.5x0.625/MERRA2/2019/07/MERRA2.20190701.A3cld.05x0625.nc4
2646.131,hit,false,0.000,15,292.085,133,GEOS_0.5x0.625/MERRA2/2019/07/MERRA2.20190701.A3cld.05x0625.nc4
2646.233,hit,false,0.000,15,292.187,134,GEOS_0.5x0.625/MERRA2/2019/07/MERRA2.20190701.A3cld.05x0625.nc4
2646.259,hit,false,0.000,15,292.213,134,GEOS_0.5x0.625/MERRA2/2019/07/MERRA2.20190701.A3cld.05x0625.nc4
2646.290,hit,false,0.000,15,292.243,134,GEOS_0.5x0.625/MERRA2/2019/07/MERRA2.20190701.A3cld.05x0625.nc4
2646.325,hit,false,0.000,15,292.278,134,GEOS_0.5x0.625/MERRA2/2019/07/MERRA2.20190701.A3cld.05x0625.nc4
2646.347,hit,false,0.000,15,292.300,134,GEOS_0.5x0.625/MERRA2/2019/07/MERRA2.20190701.A3cld.05x0625.nc4
2646.382,hit,false,0.000,15,292.335,134,GEOS_0.5x0.625/MERRA2/2019/07/MERRA2.20190701.A3cld.05x0625.nc4
2646.404,hit,false,0.000,15,292.357,134,GEOS_0.5x0.625/MERRA2/2019/07/MERRA2.20190701.A3cld.05x0625.nc4
2646.438,hit,false,0.000,15,292.392,134,GEOS_0.5x0.625/MERRA2/2019/07/MERRA2.20190701.A3cld.05x0625.nc4
2646.461,hit,false,0.000,15,292.411,135,GEOS_0.5x0.625/MERRA2/2019/07/MERRA2.20190701.A3cld.05x0625.nc4
2646.494,hit,false,0.000,15,292.444,135,GEOS_0.5x0.625/MERRA2/2019/07/MERRA2.20190701.A3cld.05x0625.nc4
2646.519,hit,false,0.000,15,292.469,135,GEOS_0.5x0.625/MERRA2/2019/07/MERRA2.20190701.A3cld.05x0625.nc4
2646.547,hit,false,0.000,15,292.497,135,GEOS_0.5x0.625/MERRA2/2019/07/MERRA2.20190701.A3cld.05x0625.nc4
2646.569,hit,false,0.000,15,292.519,135,GEOS_0.5x0.625/MERRA2/2019/07/MERRA2.20190701.A3cld.05x0625.nc4
2646.603,hit,false,0.000,15,292.553,135,GEOS_0.5x0.625/MERRA2/2019/07/MERRA2.20190701.A3cld.05x0625.nc4
2646.626,hit,false,0.000,15,292.576,135,GEOS_0.5x0.625/MERRA2/2019/07/MERRA2.20190701.A3cld.05x0625.nc4
2646.655,hit,false,0.000,15,292.605,135,GEOS_0.5x0.625/MERRA2/2019/07/MERRA2.20190701.A3cld.05x0625.nc4
2646.681,hit,false,0.000,15,292.680,136,GEOS_0.5x0.625/MERRA2/2019/07/MERRA2.20190701.A3cld.05x0625.nc4
2646.706,hit,false,0.000,15,292.705,136,GEOS_0.5x0.625/MERRA2/2019/07/MERRA2.20190701.A3cld.05x0625.nc4
2646.759,hit,false,0.000,15,292.758,136,GEOS_0.5x0.625/MERRA2/2019/07/MERRA2.20190701.A3cld.05x0625.nc4
2646.779,hit,false,0.000,15,292.778,136,GEOS_0.5x0.625/MERRA2/2019/07/MERRA2.20190701.A3cld.05x0625.nc4
2646.820,hit,false,0.000,15,292.818,136,GEOS_0.5x0.625/MERRA2/2019/07/MERRA2.20190701.A3cld.05x0625.nc4
2646.844,hit,false,0.000,15,292.843,136,GEOS_0.5x0.625/MERRA2/2019/07/MERRA2.20190701.A3cld.05x0625.nc4
2646.874,hit,false,0.000,15,292.873,136,GEOS_0.5x0.625/MERRA2/2019/07/MERRA2.20190701.A3cld.05x0625.nc4
2646.900,hit,false,0.000,15,292.898,136,GEOS_0.5x0.625/MERRA2/2019/07/MERRA2.20190701.A3cld.05x0625.nc4
2646.929,hit,false,0.000,15,292.925,137,GEOS_0.5x0.625/MERRA2/2019/07/MERRA2.20190701.A3cld.05x0625.nc4
2646.957,hit,false,0.000,15,292.953,137,GEOS_0.5x0.625/MERRA2/2019/07/MERRA2.20190701.A3cld.05x0625.nc4
2646.988,hit,false,0.000,15,292.985,137,GEOS_0.5x0.625/MERRA2/2019/07/MERRA2.20190701.A3cld.05x0625.nc4
2647.014,hit,false,0.000,15,293.010,137,GEOS_0.5x0.625/MERRA2/2019/07/MERRA2.20190701.A3cld.05x0625.nc4
2647.045,hit,false,0.000,15,293.041,137,GEOS_0.5x0.625/MERRA2/2019/07/MERRA2.20190701.A3cld.05x0625.nc4
2647.072,hit,false,0.000,15,293.069,137,GEOS_0.5x0.625/MERRA2/2019/07/MERRA2.20190701.A3cld.05x0625.nc4
2647.104,hit,false,0.000,15,293.100,137,GEOS_0.5x0.625/MERRA2/2019/07/MERRA2.20190701.A3cld.05x0625.nc4
2647.128,hit,false,0.000,15,293.125,137,GEOS_0.5x0.625/MERRA2/2019/07/MERRA2.20190701.A3cld.05x0625.nc4
2647.160,hit,false,0.000,15,293.155,138,GEOS_0.5x0.625/MERRA2/2019/07/MERRA2.20190701.A3cld.05x0625.nc4
2647.196,hit,false,0.000,15,293.190,138,GEOS_0.5x0.625/MERRA2/2019/07/MERRA2.20190701.A3cld.05x0625.nc4
2647.228,hit,false,0.000,15,293.222,138,GEOS_0.5x0.625/MERRA2/2019/07/MERRA2.20190701.A3cld.05x0625.nc4
2647.262,hit,false,0.000,15,293.256,138,GEOS_0.5x0.625/MERRA2/2019/07/MERRA2.20190701.A3cld.05x0625.nc4
2647.283,hit,false,0.000,15,293.278,138,GEOS_0.5x0.625/MERRA2/2019/07/MERRA2.20190701.A3cld.05x0625.nc4
2647.322,hit,false,0.000,15,293.316,138,GEOS_0.5x0.625/MERRA2/2019/07/MERRA2.20190701.A3cld.05x0625.nc4
2647.344,hit,false,0.000,15,293.339,138,GEOS_0.5x0.625/MERRA2/2019/07/MERRA2.20190701.A3cld.05x0625.nc4
2647.378,hit,false,0.000,15,293.373,138,GEOS_0.5x0.625/MERRA2/2019/07/MERRA2.20190701.A3cld.05x0625.nc4
2647.406,hit,false,0.000,15,293.399,139,GEOS_0.5x0.625/MERRA2/2019/07/MERRA2.20190701.A3cld.05x0625.nc4
2647.438,hit,false,0.000,15,293.431,139,GEOS_0.5x0.625/MERRA2/2019/07/MERRA2.20190701.A3cld.05x0625.nc4
2647.469,hit,false,0.000,15,293.462,139,GEOS_0.5x0.625/MERRA2/2019/07/MERRA2.20190701.A3cld.05x0625.nc4
2647.498,hit,false,0.000,15,293.491,139,GEOS_0.5x0.625/MERRA2/2019/07/MERRA2.20190701.A3cld.05x0625.nc4
2647.526,hit,false,0.000,15,293.519,139,GEOS_0.5x0.625/MERRA2/2019/07/MERRA2.20190701.A3cld.05x0625.nc4
2647.558,hit,false,0.000,15,293.551,139,GEOS_0.5x0.625/MERRA2/2019/07/MERRA2.20190701.A3cld.05x0625.nc4
2647.586,hit,false,0.000,15,293.579,139,GEOS_0.5x0.625/MERRA2/2019/07/MERRA2.20190701.A3cld.05x0625.nc4
2647.618,hit,false,0.000,15,293.611,139,GEOS_0.5x0.625/MERRA2/2019/07/MERRA2.20190701.A3cld.05x0625.nc4
2647.646,hit,false,0.000,15,293.637,140,GEOS_0.5x0.625/MERRA2/2019/07/MERRA2.20190701.A3cld.05x0625.nc4
2647.680,hit,false,0.000,15,293.671,140,GEOS_0.5x0.625/MERRA2/2019/07/MERRA2.20190701.A3cld.05x0625.nc4
2647.703,hit,false,0.000,15,293.695,140,GEOS_0.5x0.625/MERRA2/2019/07/MERRA2.20190701.A3cld.05x0625.nc4
2647.738,hit,false,0.000,15,293.729,140,GEOS_0.5x0.625/MERRA2/2019/07/MERRA2.20190701.A3cld.05x0625.nc4
2647.766,hit,false,0.000,15,293.758,140,GEOS_0.5x0.625/MERRA2/2019/07/MERRA2.20190701.A3cld.05x0625.nc4
2647.795,hit,false,0.000,15,293.787,140,GEOS_0.5x0.625/MERRA2/2019/07/MERRA2.20190701.A3cld.05x0625.nc4
2647.824,hit,false,0.000,15,293.815,140,GEOS_0.5x0.625/MERRA2/2019/07/MERRA2.20190701.A3cld.05x0625.nc4
2647.852,hit,false,0.000,15,293.843,140,GEOS_0.5x0.625/MERRA2/2019/07/MERRA2.20190701.A3cld.05x0625.nc4
2647.883,hit,false,0.000,15,293.873,141,GEOS_0.5x0.625/MERRA2/2019/07/MERRA2.20190701.A3cld.05x0625.nc4
2647.909,hit,false,0.000,15,293.899,141,GEOS_0.5x0.625/MERRA2/2019/07/MERRA2.20190701.A3cld.05x0625.nc4
2647.940,hit,false,0.000,15,293.930,141,GEOS_0.5x0.625/MERRA2/2019/07/MERRA2.20190701.A3cld.05x0625.nc4
2647.965,hit,false,0.000,15,293.955,141,GEOS_0.5x0.625/MERRA2/2019/07/MERRA2.20190701.A3cld.05x0625.nc4
2647.994,hit,false,0.000,15,293.984,141,GEOS_0.5x0.625/MERRA2/2019/07/MERRA2.20190701.A3cld.05x0625.nc4
2648.019,hit,false,0.000,15,294.009,141,GEOS_0.5x0.625/MERRA2/2019/07/MERRA2.20190701.A3cld.05x0625.nc4
2648.050,hit,false,0.000,15,294.040,141,GEOS_0.5x0.625/MERRA2/2019/07/MERRA2.20190701.A3cld.05x0625.nc4
2648.155,hit,false,0.000,15,294.144,141,GEOS_0.5x0.625/MERRA2/2019/07/MERRA2.20190701.A3cld.05x0625.nc4
2648.178,hit,false,0.000,15,294.166,142,GEOS_0.5x0.625/MERRA2/2019/07/MERRA2.20190701.A3cld.05x0625.nc4
2648.212,hit,false,0.000,15,294.201,142,GEOS_0.5x0.625/MERRA2/2019/07/MERRA2.20190701.A3cld.05x0625.nc4
2648.236,hit,false,0.000,15,294.224,142,GEOS_0.5x0.625/MERRA2/2019/07/MERRA2.20190701.A3cld.05x0625.nc4
2648.269,hit,false,0.000,15,294.257,142,GEOS_0.5x0.625/MERRA2/2019/07/MERRA2.20190701.A3cld.05x0625.nc4
2648.294,hit,false,0.000,15,294.282,142,GEOS_0.5x0.625/MERRA2/2019/07/MERRA2.20190701.A3cld.05x0625.nc4
2648.326,hit,false,0.000,15,294.314,142,GEOS_0.5x0.625/MERRA2/2019/07/MERRA2.20190701.A3cld.05x0625.nc4
2648.351,hit,false,0.000,15,294.339,142,GEOS_0.5x0.625/MERRA2/2019/07/MERRA2.20190701.A3cld.05x0625.nc4
2648.381,hit,false,0.000,15,294.369,142,GEOS_0.5x0.625/MERRA2/2019/07/MERRA2.20190701.A3cld.05x0625.nc4
2648.409,hit,false,0.000,15,294.395,143,GEOS_0.5x0.625/MERRA2/2019/07/MERRA2.20190701.A3cld.05x0625.nc4
2648.440,hit,false,0.000,15,294.426,143,GEOS_0.5x0.625/MERRA2/2019/07/MERRA2.20190701.A3cld.05x0625.nc4
2648.470,hit,false,0.000,15,294.457,143,GEOS_0.5x0.625/MERRA2/2019/07/MERRA2.20190701.A3cld.05x0625.nc4
2648.498,hit,false,0.000,15,294.484,143,GEOS_0.5x0.625/MERRA2/2019/07/MERRA2.20190701.A3cld.05x0625.nc4
2648.530,hit,false,0.000,15,294.516,143,GEOS_0.5x0.625/MERRA2/2019/07/MERRA2.20190701.A3cld.05x0625.nc4
2648.552,hit,false,0.000,15,294.539,143,GEOS_0.5x0.625/MERRA2/2019/07/MERRA2.20190701.A3cld.05x0625.nc4
2648.587,hit,false,0.000,15,294.573,143,GEOS_0.5x0.625/MERRA2/2019/07/MERRA2.20190701.A3cld.05x0625.nc4
2648.614,hit,false,0.000,15,294.600,143,GEOS_0.5x0.625/MERRA2/2019/07/MERRA2.20190701.A3cld.05x0625.nc4
2648.647,hit,false,0.000,15,294.635,144,GEOS_0.5x0.625/MERRA2/2019/07/MERRA2.20190701.A3cld.05x0625.nc4
2648.672,hit,false,0.000,15,294.660,144,GEOS_0.5x0.625/MERRA2/2019/07/MERRA2.20190701.A3cld.05x0625.nc4
2648.718,hit,false,0.000,15,294.706,144,GEOS_0.5x0.625/MERRA2/2019/07/MERRA2.20190701.A3cld.05x0625.nc4
2648.741,hit,false,0.000,15,294.729,144,GEOS_0.5x0.625/MERRA2/2019/07/MERRA2.20190701.A3cld.05x0625.nc4
2648.773,hit,false,0.000,15,294.761,144,GEOS_0.5x0.625/MERRA2/2019/07/MERRA2.20190701.A3cld.05x0625.nc4
2648.796,hit,false,0.000,15,294.784,144,GEOS_0.5x0.625/MERRA2/2019/07/MERRA2.20190701.A3cld.05x0625.nc4
2648.829,hit,false,0.000,15,294.817,144,GEOS_0.5x0.625/MERRA2/2019/07/MERRA2.20190701.A3cld.05x0625.nc4
2648.856,hit,false,0.000,15,294.844,144,GEOS_0.5x0.625/MERRA2/2019/07/MERRA2.20190701.A3cld.05x0625.nc4
2648.887,hit,false,0.000,15,294.873,145,GEOS_0.5x0.625/MERRA2/2019/07/MERRA2.20190701.A3cld.05x0625.nc4
2648.914,hit,false,0.000,15,294.899,145,GEOS_0.5x0.625/MERRA2/2019/07/MERRA2.20190701.A3cld.05x0625.nc4
2648.945,hit,false,0.000,15,294.930,145,GEOS_0.5x0.625/MERRA2/2019/07/MERRA2.20190701.A3cld.05x0625.nc4
2648.969,hit,false,0.000,15,294.954,145,GEOS_0.5x0.625/MERRA2/2019/07/MERRA2.20190701.A3cld.05x0625.nc4
2649.001,hit,false,0.000,15,294.986,145,GEOS_0.5x0.625/MERRA2/2019/07/MERRA2.20190701.A3cld.05x0625.nc4
2649.028,hit,false,0.000,15,295.014,145,GEOS_0.5x0.625/MERRA2/2019/07/MERRA2.20190701.A3cld.05x0625.nc4
2649.061,hit,false,0.000,15,295.046,145,GEOS_0.5x0.625/MERRA2/2019/07/MERRA2.20190701.A3cld.05x0625.nc4
2649.088,hit,false,0.000,15,295.073,145,GEOS_0.5x0.625/MERRA2/2019/07/MERRA2.20190701.A3cld.05x0625.nc4
2649.118,hit,false,0.000,15,295.101,146,GEOS_0.5x0.625/MERRA2/2019/07/MERRA2.20190701.A3cld.05x0625.nc4
2649.145,hit,false,0.000,15,295.128,146,GEOS_0.5x0.625/MERRA2/2019/07/MERRA2.20190701.A3cld.05x0625.nc4
2649.177,hit,false,0.000,15,295.159,146,GEOS_0.5x0.625/MERRA2/2019/07/MERRA2.20190701.A3cld.05x0625.nc4
2649.201,hit,false,0.000,15,295.184,146,GEOS_0.5x0.625/MERRA2/2019/07/MERRA2.20190701.A3cld.05x0625.nc4
2649.231,hit,false,0.000,15,295.214,146,GEOS_0.5x0.625/MERRA2/2019/07/MERRA2.20190701.A3cld.05x0625.nc4
2649.260,hit,false,0.000,15,295.242,146,GEOS_0.5x0.625/MERRA2/2019/07/MERRA2.20190701.A3cld.05x0625.nc4
2649.288,hit,false,0.000,15,295.270,146,GEOS_0.5x0.625/MERRA2/2019/07/MERRA2.20190701.A3cld.05x0625.nc4
2649.315,hit,false,0.000,15,295.298,146,GEOS_0.5x0.625/MERRA2/2019/07/MERRA2.20190701.A3cld.05x0625.nc4
2649.345,hit,false,0.000,15,295.326,147,GEOS_0.5x0.625/MERRA2/2019/07/MERRA2.20190701.A3cld.05x0625.nc4
2649.376,hit,false,0.000,15,295.356,147,GEOS_0.5x0.625/MERRA2/2019/07/MERRA2.20190701.A3cld.05x0625.nc4
2649.408,hit,false,0.000,15,295.389,147,GEOS_0.5x0.625/MERRA2/2019/07/MERRA2.20190701.A3cld.05x0625.nc4
2649.430,hit,false,0.000,15,295.411,147,GEOS_0.5x0.625/MERRA2/2019/07/MERRA2.20190701.A3cld.05x0625.nc4
2649.464,hit,false,0.000,15,295.445,147,GEOS_0.5x0.625/MERRA2/2019/07/MERRA2.20190701.A3cld.05x0625.nc4
2649.491,hit,false,0.000,15,295.472,147,GEOS_0.5x0.625/MERRA2/2019/07/MERRA2.20190701.A3cld.05x0625.nc4
2649.521,hit,false,0.000,15,295.502,147,GEOS_0.5x0.625/MERRA2/2019/07/MERRA2.20190701.A3cld.05x0625.nc4
2649.550,hit,false,0.000,15,295.531,147,GEOS_0.5x0.625/MERRA2/2019/07/MERRA2.20190701.A3cld.05x0625.nc4
2649.574,hit,false,0.000,15,295.553,148,GEOS_0.5x0.625/MERRA2/2019/07/MERRA2.20190701.A3cld.05x0625.nc4
2649.611,hit,false,0.000,15,295.591,148,GEOS_0.5x0.625/MERRA2/2019/07/MERRA2.20190701.A3cld.05x0625.nc4
2649.636,hit,false,0.000,15,295.615,148,GEOS_0.5x0.625/MERRA2/2019/07/MERRA2.20190701.A3cld.05x0625.nc4
2649.668,hit,false,0.000,15,295.647,148,GEOS_0.5x0.625/MERRA2/2019/07/MERRA2.20190701.A3cld.05x0625.nc4
2649.692,hit,false,0.000,15,295.671,148,GEOS_0.5x0.625/MERRA2/2019/07/MERRA2.20190701.A3cld.05x0625.nc4
2649.723,hit,false,0.000,15,295.702,148,GEOS_0.5x0.625/MERRA2/2019/07/MERRA2.20190701.A3cld.05x0625.nc4
2649.747,hit,false,0.000,15,295.727,148,GEOS_0.5x0.625/MERRA2/2019/07/MERRA2.20190701.A3cld.05x0625.nc4
2649.780,hit,false,0.000,15,295.760,148,GEOS_0.5x0.625/MERRA2/2019/07/MERRA2.20190701.A3cld.05x0625.nc4
2649.807,hit,false,0.000,15,295.785,149,GEOS_0.5x0.625/MERRA2/2019/07/MERRA2.20190701.A3cld.05x0625.nc4
2649.836,hit,false,0.000,15,295.814,149,GEOS_0.5x0.625/MERRA2/2019/07/MERRA2.20190701.A3cld.05x0625.nc4
2649.866,hit,false,0.000,15,295.844,149,GEOS_0.5x0.625/MERRA2/2019/07/MERRA2.20190701.A3cld.05x0625.nc4
2649.888,hit,false,0.000,15,295.866,149,GEOS_0.5x0.625/MERRA2/2019/07/MERRA2.20190701.A3cld.05x0625.nc4
2649.919,hit,false,0.000,15,295.897,149,GEOS_0.5x0.625/MERRA2/2019/07/MERRA2.20190701.A3cld.05x0625.nc4
2649.941,hit,false,0.000,15,295.919,149,GEOS_0.5x0.625/MERRA2/2019/07/MERRA2.20190701.A3cld.05x0625.nc4
2650.073,hit,false,0.000,15,296.051,149,GEOS_0.5x0.625/MERRA2/2019/07/MERRA2.20190701.A3cld.05x0625.nc4
2650.096,hit,false,0.000,15,296.074,149,GEOS_0.5x0.625/MERRA2/2019/07/MERRA2.20190701.A3cld.05x0625.nc4
2650.128,hit,false,0.000,15,296.104,150,GEOS_0.5x0.625/MERRA2/2019/07/MERRA2.20190701.A3cld.05x0625.nc4
2650.154,hit,false,0.000,15,296.130,150,GEOS_0.5x0.625/MERRA2/2019/07/MERRA2.20190701.A3cld.05x0625.nc4
2650.187,hit,false,0.000,15,296.164,150,GEOS_0.5x0.625/MERRA2/2019/07/MERRA2.20190701.A3cld.05x0625.nc4
2650.214,hit,false,0.000,15,296.190,150,GEOS_0.5x0.625/MERRA2/2019/07/MERRA2.20190701.A3cld.05x0625.nc4
2650.244,hit,false,0.000,15,296.221,150,GEOS_0.5x0.625/MERRA2/2019/07/MERRA2.20190701.A3cld.05x0625.nc4
2650.267,hit,false,0.000,15,296.244,150,GEOS_0.5x0.625/MERRA2/2019/07/MERRA2.20190701.A3cld.05x0625.nc4
2650.304,hit,false,0.000,15,296.280,150,GEOS_0.5x0.625/MERRA2/2019/07/MERRA2.20190701.A3cld.05x0625.nc4
2650.348,hit,false,0.000,14,296.324,150,GEOS_0.5x0.625/MERRA2/2019/07/MERRA2.20190701.A3cld.05x0625.nc4
2650.362,hit,false,0.000,14,296.337,151,GEOS_0.5x0.625/MERRA2/2019/07/MERRA2.20190701.A3cld.05x0625.nc4
2650.414,hit,false,0.000,14,296.389,151,GEOS_0.5x0.625/MERRA2/2019/07/MERRA2.20190701.A3cld.05x0625.nc4
2650.435,hit,false,0.000,14,296.410,151,GEOS_0.5x0.625/MERRA2/2019/07/MERRA2.20190701.A3cld.05x0625.nc4
2650.473,hit,false,0.000,14,296.448,151,GEOS_0.5x0.625/MERRA2/2019/07/MERRA2.20190701.A3cld.05x0625.nc4
2650.493,hit,false,0.000,14,296.468,151,GEOS_0.5x0.625/MERRA2/2019/07/MERRA2.20190701.A3cld.05x0625.nc4
2650.532,hit,false,0.000,14,296.507,151,GEOS_0.5x0.625/MERRA2/2019/07/MERRA2.20190701.A3cld.05x0625.nc4
2650.553,hit,false,0.000,14,296.528,151,GEOS_0.5x0.625/MERRA2/2019/07/MERRA2.20190701.A3cld.05x0625.nc4
2650.586,hit,false,0.000,14,296.561,151,GEOS_0.5x0.625/MERRA2/2019/07/MERRA2.20190701.A3cld.05x0625.nc4
2650.612,hit,false,0.000,14,296.584,152,GEOS_0.5x0.625/MERRA2/2019/07/MERRA2.20190701.A3cld.05x0625.nc4
2650.646,hit,false,0.000,14,296.618,152,GEOS_0.5x0.625/MERRA2/2019/07/MERRA2.20190701.A3cld.05x0625.nc4
2650.687,hit,false,0.000,14,296.659,152,GEOS_0.5x0.625/MERRA2/2019/07/MERRA2.20190701.A3cld.05x0625.nc4
2650.709,hit,false,0.000,14,296.681,152,GEOS_0.5x0.625/MERRA2/2019/07/MERRA2.20190701.A3cld.05x0625.nc4
2650.741,hit,false,0.000,14,296.713,152,GEOS_0.5x0.625/MERRA2/2019/07/MERRA2.20190701.A3cld.05x0625.nc4
2650.766,hit,false,0.000,14,296.738,152,GEOS_0.5x0.625/MERRA2/2019/07/MERRA2.20190701.A3cld.05x0625.nc4
2650.795,hit,false,0.000,14,296.767,152,GEOS_0.5x0.625/MERRA2/2019/07/MERRA2.20190701.A3cld.05x0625.nc4
2650.823,hit,false,0.000,14,296.795,152,GEOS_0.5x0.625/MERRA2/2019/07/MERRA2.20190701.A3cld.05x0625.nc4
2650.851,hit,false,0.000,14,296.821,153,GEOS_0.5x0.625/MERRA2/2019/07/MERRA2.20190701.A3cld.05x0625.nc4
2650.884,hit,false,0.000,14,296.854,153,GEOS_0.5x0.625/MERRA2/2019/07/MERRA2.20190701.A3cld.05x0625.nc4
2650.913,hit,false,0.000,14,296.883,153,GEOS_0.5x0.625/MERRA2/2019/07/MERRA2.20190701.A3cld.05x0625.nc4
2650.941,hit,false,0.000,14,296.911,153,GEOS_0.5x0.625/MERRA2/2019/07/MERRA2.20190701.A3cld.05x0625.nc4
2650.972,hit,false,0.000,14,296.942,153,GEOS_0.5x0.625/MERRA2/2019/07/MERRA2.20190701.A3cld.05x0625.nc4
2650.999,hit,false,0.000,14,296.969,153,GEOS_0.5x0.625/MERRA2/2019/07/MERRA2.20190701.A3cld.05x0625.nc4
2651.029,hit,false,0.000,14,296.999,153,GEOS_0.5x0.625/MERRA2/2019/07/MERRA2.20190701.A3cld.05x0625.nc4
2651.056,hit,false,0.000,14,297.026,153,GEOS_0.5x0.625/MERRA2/2019/07/MERRA2.20190701.A3cld.05x0625.nc4
2651.086,hit,false,0.000,14,297.054,154,GEOS_0.5x0.625/MERRA2/2019/07/MERRA2.20190701.A3cld.05x0625.nc4
2651.117,hit,false,0.000,14,297.084,154,GEOS_0.5x0.625/MERRA2/2019/07/MERRA2.20190701.A3cld.05x0625.nc4
2651.147,hit,false,0.000,14,297.115,154,GEOS_0.5x0.625/MERRA2/2019/07/MERRA2.20190701.A3cld.05x0625.nc4
2651.186,hit,false,0.000,14,297.153,154,GEOS_0.5x0.625/MERRA2/2019/07/MERRA2.20190701.A3cld.05x0625.nc4
2651.208,hit,false,0.000,14,297.175,154,GEOS_0.5x0.625/MERRA2/2019/07/MERRA2.20190701.A3cld.05x0625.nc4
2651.245,hit,false,0.000,14,297.212,154,GEOS_0.5x0.625/MERRA2/2019/07/MERRA2.20190701.A3cld.05x0625.nc4
2651.272,hit,false,0.000,14,297.240,154,GEOS_0.5x0.625/MERRA2/2019/07/MERRA2.20190701.A3cld.05x0625.nc4
2651.300,hit,false,0.000,14,297.268,154,GEOS_0.5x0.625/MERRA2/2019/07/MERRA2.20190701.A3cld.05x0625.nc4
2651.329,hit,false,0.000,14,297.295,155,GEOS_0.5x0.625/MERRA2/2019/07/MERRA2.20190701.A3cld.05x0625.nc4
2651.360,hit,false,0.000,14,297.326,155,GEOS_0.5x0.625/MERRA2/2019/07/MERRA2.20190701.A3cld.05x0625.nc4
2651.391,hit,false,0.000,14,297.357,155,GEOS_0.5x0.625/MERRA2/2019/07/MERRA2.20190701.A3cld.05x0625.nc4
2651.420,hit,false,0.000,14,297.386,155,GEOS_0.5x0.625/MERRA2/2019/07/MERRA2.20190701.A3cld.05x0625.nc4
2651.454,hit,false,0.000,14,297.419,155,GEOS_0.5x0.625/MERRA2/2019/07/MERRA2.20190701.A3cld.05x0625.nc4
2651.476,hit,false,0.000,14,297.442,155,GEOS_0.5x0.625/MERRA2/2019/07/MERRA2.20190701.A3cld.05x0625.nc4
2651.510,hit,false,0.000,14,297.476,155,GEOS_0.5x0.625/MERRA2/2019/07/MERRA2.20190701.A3cld.05x0625.nc4
2651.535,hit,false,0.000,14,297.501,155,GEOS_0.5x0.625/MERRA2/2019/07/MERRA2.20190701.A3cld.05x0625.nc4
2651.569,hit,false,0.000,14,297.533,156,GEOS_0.5x0.625/MERRA2/2019/07/MERRA2.20190701.A3cld.05x0625.nc4
2651.597,hit,false,0.000,14,297.561,156,GEOS_0.5x0.625/MERRA2/2019/07/MERRA2.20190701.A3cld.05x0625.nc4
2651.629,hit,false,0.000,14,297.593,156,GEOS_0.5x0.625/MERRA2/2019/07/MERRA2.20190701.A3cld.05x0625.nc4
2651.653,hit,false,0.000,14,297.617,156,GEOS_0.5x0.625/MERRA2/2019/07/MERRA2.20190701.A3cld.05x0625.nc4
2651.684,hit,false,0.000,14,297.648,156,GEOS_0.5x0.625/MERRA2/2019/07/MERRA2.20190701.A3cld.05x0625.nc4
2651.708,hit,false,0.000,14,297.672,156,GEOS_0.5x0.625/MERRA2/2019/07/MERRA2.20190701.A3cld.05x0625.nc4
2651.739,hit,false,0.000,14,297.703,156,GEOS_0.5x0.625/MERRA2/2019/07/MERRA2.20190701.A3cld.05x0625.nc4
2651.767,hit,false,0.000,14,297.730,156,GEOS_0.5x0.625/MERRA2/2019/07/MERRA2.20190701.A3cld.05x0625.nc4
2651.799,hit,false,0.000,14,297.761,157,GEOS_0.5x0.625/MERRA2/2019/07/MERRA2.20190701.A3cld.05x0625.nc4
2651.824,hit,false,0.000,14,297.786,157,GEOS_0.5x0.625/MERRA2/2019/07/MERRA2.20190701.A3cld.05x0625.nc4
2651.858,hit,false,0.000,14,297.820,157,GEOS_0.5x0.625/MERRA2/2019/07/MERRA2.20190701.A3cld.05x0625.nc4
2651.881,hit,false,0.000,14,297.843,157,GEOS_0.5x0.625/MERRA2/2019/07/MERRA2.20190701.A3cld.05x0625.nc4
2651.915,hit,false,0.000,14,297.877,157,GEOS_0.5x0.625/MERRA2/2019/07/MERRA2.20190701.A3cld.05x0625.nc4
2652.007,hit,false,0.000,14,297.969,157,GEOS_0.5x0.625/MERRA2/2019/07/MERRA2.20190701.A3cld.05x0625.nc4
2652.029,hit,false,0.000,14,297.991,157,GEOS_0.5x0.625/MERRA2/2019/07/MERRA2.20190701.A3cld.05x0625.nc4
2652.067,hit,false,0.000,14,298.029,157,GEOS_0.5x0.625/MERRA2/2019/07/MERRA2.20190701.A3cld.05x0625.nc4
2652.090,hit,false,0.000,14,298.050,158,GEOS_0.5x0.625/MERRA2/2019/07/MERRA2.20190701.A3cld.05x0625.nc4
2652.124,hit,false,0.000,14,298.084,158,GEOS_0.5x0.625/MERRA2/2019/07/MERRA2.20190701.A3cld.05x0625.nc4
2652.148,hit,false,0.000,14,298.108,158,GEOS_0.5x0.625/MERRA2/2019/07/MERRA2.20190701.A3cld.05x0625.nc4
2652.179,hit,false,0.000,14,298.140,158,GEOS_0.5x0.625/MERRA2/2019/07/MERRA2.20190701.A3cld.05x0625.nc4
2652.203,hit,false,0.000,14,298.163,158,GEOS_0.5x0.625/MERRA2/2019/07/MERRA2.20190701.A3cld.05x0625.nc4
2652.242,hit,false,0.000,14,298.202,158,GEOS_0.5x0.625/MERRA2/2019/07/MERRA2.20190701.A3cld.05x0625.nc4
2652.264,hit,false,0.000,14,298.224,158,GEOS_0.5x0.625/MERRA2/2019/07/MERRA2.20190701.A3cld.05x0625.nc4
2652.296,hit,false,0.000,14,298.256,158,GEOS_0.5x0.625/MERRA2/2019/07/MERRA2.20190701.A3cld.05x0625.nc4
2652.323,hit,false,0.000,14,298.282,159,GEOS_0.5x0.625/MERRA2/2019/07/MERRA2.20190701.A3cld.05x0625.nc4
2652.356,hit,false,0.000,14,298.315,159,GEOS_0.5x0.625/MERRA2/2019/07/MERRA2.20190701.A3cld.05x0625.nc4
2652.385,hit,false,0.000,14,298.344,159,GEOS_0.5x0.625/MERRA2/2019/07/MERRA2.20190701.A3cld.05x0625.nc4
2652.415,hit,false,0.000,14,298.374,159,GEOS_0.5x0.625/MERRA2/2019/07/MERRA2.20190701.A3cld.05x0625.nc4
2652.447,hit,false,0.000,14,298.405,159,GEOS_0.5x0.625/MERRA2/2019/07/MERRA2.20190701.A3cld.05x0625.nc4
2652.476,hit,false,0.000,14,298.435,159,GEOS_0.5x0.625/MERRA2/2019/07/MERRA2.20190701.A3cld.05x0625.nc4
2652.507,hit,false,0.000,14,298.466,159,GEOS_0.5x0.625/MERRA2/2019/07/MERRA2.20190701.A3cld.05x0625.nc4
2652.532,hit,false,0.000,14,298.491,159,GEOS_0.5x0.625/MERRA2/2019/07/MERRA2.20190701.A3cld.05x0625.nc4
2652.566,hit,false,0.000,14,298.514,160,GEOS_0.5x0.625/MERRA2/2019/07/MERRA2.20190701.A3cld.05x0625.nc4
2652.591,hit,false,0.000,14,298.539,160,GEOS_0.5x0.625/MERRA2/2019/07/MERRA2.20190701.A3cld.05x0625.nc4
2652.640,hit,false,0.000,14,298.588,160,GEOS_0.5x0.625/MERRA2/2019/07/MERRA2.20190701.A3cld.05x0625.nc4
2652.662,hit,false,0.000,14,298.610,160,GEOS_0.5x0.625/MERRA2/2019/07/MERRA2.20190701.A3cld.05x0625.nc4
2652.693,hit,false,0.000,14,298.641,160,GEOS_0.5x0.625/MERRA2/2019/07/MERRA2.20190701.A3cld.05x0625.nc4
2652.719,hit,false,0.000,14,298.667,160,GEOS_0.5x0.625/MERRA2/2019/07/MERRA2.20190701.A3cld.05x0625.nc4
2652.749,hit,false,0.000,14,298.698,160,GEOS_0.5x0.625/MERRA2/2019/07/MERRA2.20190701.A3cld.05x0625.nc4
2652.773,hit,false,0.000,14,298.721,160,GEOS_0.5x0.625/MERRA2/2019/07/MERRA2.20190701.A3cld.05x0625.nc4
2652.804,hit,false,0.000,14,298.749,161,GEOS_0.5x0.625/MERRA2/2019/07/MERRA2.20190701.A3cld.05x0625.nc4
2652.830,hit,false,0.000,14,298.776,161,GEOS_0.5x0.625/MERRA2/2019/07/MERRA2.20190701.A3cld.05x0625.nc4
2652.860,hit,false,0.000,14,298.806,161,GEOS_0.5x0.625/MERRA2/2019/07/MERRA2.20190701.A3cld.05x0625.nc4
2652.885,hit,false,0.000,14,298.831,161,GEOS_0.5x0.625/MERRA2/2019/07/MERRA2.20190701.A3cld.05x0625.nc4
2652.917,hit,false,0.000,14,298.863,161,GEOS_0.5x0.625/MERRA2/2019/07/MERRA2.20190701.A3cld.05x0625.nc4
2652.940,hit,false,0.000,14,298.886,161,GEOS_0.5x0.625/MERRA2/2019/07/MERRA2.20190701.A3cld.05x0625.nc4
2652.976,hit,false,0.000,14,298.922,161,GEOS_0.5x0.625/MERRA2/2019/07/MERRA2.20190701.A3cld.05x0625.nc4
2652.999,hit,false,0.000,14,298.945,161,GEOS_0.5x0.625/MERRA2/2019/07/MERRA2.20190701.A3cld.05x0625.nc4
2653.031,hit,false,0.000,14,298.974,162,GEOS_0.5x0.625/MERRA2/2019/07/MERRA2.20190701.A3cld.05x0625.nc4
2653.058,hit,false,0.000,14,299.002,162,GEOS_0.5x0.625/MERRA2/2019/07/MERRA2.20190701.A3cld.05x0625.nc4
2653.089,hit,false,0.000,14,299.033,162,GEOS_0.5x0.625/MERRA2/2019/07/MERRA2.20190701.A3cld.05x0625.nc4
2653.130,hit,false,0.000,14,299.073,162,GEOS_0.5x0.625/MERRA2/2019/07/MERRA2.20190701.A3cld.05x0625.nc4
2653.154,hit,false,0.000,14,299.097,162,GEOS_0.5x0.625/MERRA2/2019/07/MERRA2.20190701.A3cld.05x0625.nc4
2653.190,hit,false,0.000,14,299.133,162,GEOS_0.5x0.625/MERRA2/2019/07/MERRA2.20190701.A3cld.05x0625.nc4
2653.212,hit,false,0.000,14,299.156,162,GEOS_0.5x0.625/MERRA2/2019/07/MERRA2.20190701.A3cld.05x0625.nc4
2653.249,hit,false,0.000,14,299.192,162,GEOS_0.5x0.625/MERRA2/2019/07/MERRA2.20190701.A3cld.05x0625.nc4
2653.272,hit,false,0.000,14,299.214,163,GEOS_0.5x0.625/MERRA2/2019/07/MERRA2.20190701.A3cld.05x0625.nc4
2653.308,hit,false,0.000,14,299.250,163,GEOS_0.5x0.625/MERRA2/2019/07/MERRA2.20190701.A3cld.05x0625.nc4
2653.334,hit,false,0.000,14,299.276,163,GEOS_0.5x0.625/MERRA2/2019/07/MERRA2.20190701.A3cld.05x0625.nc4
2653.369,hit,false,0.000,14,299.311,163,GEOS_0.5x0.625/MERRA2/2019/07/MERRA2.20190701.A3cld.05x0625.nc4
2653.392,hit,false,0.000,14,299.334,163,GEOS_0.5x0.625/MERRA2/2019/07/MERRA2.20190701.A3cld.05x0625.nc4
2653.426,hit,false,0.000,14,299.368,163,GEOS_0.5x0.625/MERRA2/2019/07/MERRA2.20190701.A3cld.05x0625.nc4
2653.454,hit,false,0.000,14,299.396,163,GEOS_0.5x0.625/MERRA2/2019/07/MERRA2.20190701.A3cld.05x0625.nc4
2653.483,hit,false,0.000,14,299.425,163,GEOS_0.5x0.625/MERRA2/2019/07/MERRA2.20190701.A3cld.05x0625.nc4
2653.514,hit,false,0.000,14,299.454,164,GEOS_0.5x0.625/MERRA2/2019/07/MERRA2.20190701.A3cld.05x0625.nc4
2653.544,hit,false,0.000,14,299.485,164,GEOS_0.5x0.625/MERRA2/2019/07/MERRA2.20190701.A3cld.05x0625.nc4
2653.575,hit,false,0.000,14,299.515,164,GEOS_0.5x0.625/MERRA2/2019/07/MERRA2.20190701.A3cld.05x0625.nc4
2653.597,hit,false,0.000,14,299.538,164,GEOS_0.5x0.625/MERRA2/2019/07/MERRA2.20190701.A3cld.05x0625.nc4
2653.632,hit,false,0.000,14,299.573,164,GEOS_0.5x0.625/MERRA2/2019/07/MERRA2.20190701.A3cld.05x0625.nc4
2653.656,hit,false,0.000,14,299.597,164,GEOS_0.5x0.625/MERRA2/2019/07/MERRA2.20190701.A3cld.05x0625.nc4
2653.689,hit,false,0.000,14,299.630,164,GEOS_0.5x0.625/MERRA2/2019/07/MERRA2.20190701.A3cld.05x0625.nc4
2653.712,hit,false,0.000,14,299.653,164,GEOS_0.5x0.625/MERRA2/2019/07/MERRA2.20190701.A3cld.05x0625.nc4
2653.745,hit,false,0.000,14,299.684,165,GEOS_0.5x0.625/MERRA2/2019/07/MERRA2.20190701.A3cld.05x0625.nc4
2653.771,hit,false,0.000,14,299.710,165,GEOS_0.5x0.625/MERRA2/2019/07/MERRA2.20190701.A3cld.05x0625.nc4
2653.804,hit,false,0.000,14,299.743,165,GEOS_0.5x0.625/MERRA2/2019/07/MERRA2.20190701.A3cld.05x0625.nc4
2653.829,hit,false,0.000,14,299.768,165,GEOS_0.5x0.625/MERRA2/2019/07/MERRA2.20190701.A3cld.05x0625.nc4
2653.934,hit,false,0.000,14,299.873,165,GEOS_0.5x0.625/MERRA2/2019/07/MERRA2.20190701.A3cld.05x0625.nc4
2653.957,hit,false,0.000,14,299.896,165,GEOS_0.5x0.625/MERRA2/2019/07/MERRA2.20190701.A3cld.05x0625.nc4
2653.993,hit,false,0.000,14,299.932,165,GEOS_0.5x0.625/MERRA2/2019/07/MERRA2.20190701.A3cld.05x0625.nc4
2654.016,hit,false,0.000,14,299.955,165,GEOS_0.5x0.625/MERRA2/2019/07/MERRA2.20190701.A3cld.05x0625.nc4
2654.054,hit,false,0.000,14,299.992,166,GEOS_0.5x0.625/MERRA2/2019/07/MERRA2.20190701.A3cld.05x0625.nc4
2654.079,hit,false,0.000,14,300.017,166,GEOS_0.5x0.625/MERRA2/2019/07/MERRA2.20190701.A3cld.05x0625.nc4
2654.112,hit,false,0.000,14,300.049,166,GEOS_0.5x0.625/MERRA2/2019/07/MERRA2.20190701.A3cld.05x0625.nc4
2654.137,hit,false,0.000,14,300.075,166,GEOS_0.5x0.625/MERRA2/2019/07/MERRA2.20190701.A3cld.05x0625.nc4
2654.169,hit,false,0.000,14,300.107,166,GEOS_0.5x0.625/MERRA2/2019/07/MERRA2.20190701.A3cld.05x0625.nc4
2654.191,hit,false,0.000,14,300.129,166,GEOS_0.5x0.625/MERRA2/2019/07/MERRA2.20190701.A3cld.05x0625.nc4
2654.230,hit,false,0.000,14,300.167,166,GEOS_0.5x0.625/MERRA2/2019/07/MERRA2.20190701.A3cld.05x0625.nc4
2654.252,hit,false,0.000,14,300.190,166,GEOS_0.5x0.625/MERRA2/2019/07/MERRA2.20190701.A3cld.05x0625.nc4
2654.284,hit,false,0.000,14,300.220,167,GEOS_0.5x0.625/MERRA2/2019/07/MERRA2.20190701.A3cld.05x0625.nc4
2654.312,hit,false,0.000,14,300.248,167,GEOS_0.5x0.625/MERRA2/2019/07/MERRA2.20190701.A3cld.05x0625.nc4
2654.346,hit,false,0.000,14,300.282,167,GEOS_0.5x0.625/MERRA2/2019/07/MERRA2.20190701.A3cld.05x0625.nc4
2654.381,hit,false,0.000,14,300.317,167,GEOS_0.5x0.625/MERRA2/2019/07/MERRA2.20190701.A3cld.05x0625.nc4
2654.407,hit,false,0.000,14,300.343,167,GEOS_0.5x0.625/MERRA2/2019/07/MERRA2.20190701.A3cld.05x0625.nc4
2654.441,hit,false,0.000,14,300.377,167,GEOS_0.5x0.625/MERRA2/2019/07/MERRA2.20190701.A3cld.05x0625.nc4
2654.464,hit,false,0.000,14,300.400,167,GEOS_0.5x0.625/MERRA2/2019/07/MERRA2.20190701.A3cld.05x0625.nc4
2654.498,hit,false,0.000,14,300.434,167,GEOS_0.5x0.625/MERRA2/2019/07/MERRA2.20190701.A3cld.05x0625.nc4
2654.522,hit,false,0.000,14,298.557,168,GEOS_0.5x0.625/MERRA2/2019/07/MERRA2.20190701.A3cld.05x0625.nc4
2654.556,hit,false,0.000,14,298.591,168,GEOS_0.5x0.625/MERRA2/2019/07/MERRA2.20190701.A3cld.05x0625.nc4
2654.619,hit,false,0.000,14,298.654,168,GEOS_0.5x0.625/MERRA2/2019/07/MERRA2.20190701.A3cld.05x0625.nc4
2654.641,hit,false,0.000,14,298.676,168,GEOS_0.5x0.625/MERRA2/2019/07/MERRA2.20190701.A3cld.05x0625.nc4
2654.678,hit,false,0.000,14,298.713,168,GEOS_0.5x0.625/MERRA2/2019/07/MERRA2.20190701.A3cld.05x0625.nc4
2654.702,hit,false,0.000,14,298.738,168,GEOS_0.5x0.625/MERRA2/2019/07/MERRA2.20190701.A3cld.05x0625.nc4
2654.736,hit,false,0.000,14,298.771,168,GEOS_0.5x0.625/MERRA2/2019/07/MERRA2.20190701.A3cld.05x0625.nc4
2654.760,hit,false,0.000,14,298.795,168,GEOS_0.5x0.625/MERRA2/2019/07/MERRA2.20190701.A3cld.05x0625.nc4
2654.792,hit,false,0.000,14,298.824,169,GEOS_0.5x0.625/MERRA2/2019/07/MERRA2.20190701.A3cld.05x0625.nc4
2654.819,hit,false,0.000,14,298.851,169,GEOS_0.5x0.625/MERRA2/2019/07/MERRA2.20190701.A3cld.05x0625.nc4
2654.851,hit,false,0.000,14,298.883,169,GEOS_0.5x0.625/MERRA2/2019/07/MERRA2.20190701.A3cld.05x0625.nc4
2654.876,hit,false,0.000,14,298.908,169,GEOS_0.5x0.625/MERRA2/2019/07/MERRA2.20190701.A3cld.05x0625.nc4
2654.906,hit,false,0.000,14,298.938,169,GEOS_0.5x0.625/MERRA2/2019/07/MERRA2.20190701.A3cld.05x0625.nc4
2654.934,hit,false,0.000,14,298.966,169,GEOS_0.5x0.625/MERRA2/2019/07/MERRA2.20190701.A3cld.05x0625.nc4
2654.966,hit,false,0.000,14,298.998,169,GEOS_0.5x0.625/MERRA2/2019/07/MERRA2.20190701.A3cld.05x0625.nc4
2654.989,hit,false,0.000,14,299.021,169,GEOS_0.5x0.625/MERRA2/2019/07/MERRA2.20190701.A3cld.05x0625.nc4
2655.021,hit,false,0.000,14,299.051,170,GEOS_0.5x0.625/MERRA2/2019/07/MERRA2.20190701.A3cld.05x0625.nc4
2655.048,hit,false,0.000,14,299.078,170,GEOS_0.5x0.625/MERRA2/2019/07/MERRA2.20190701.A3cld.05x0625.nc4
2655.080,hit,false,0.000,14,299.110,170,GEOS_0.5x0.625/MERRA2/2019/07/MERRA2.20190701.A3cld.05x0625.nc4
2655.109,hit,false,0.000,14,299.139,170,GEOS_0.5x0.625/MERRA2/2019/07/MERRA2.20190701.A3cld.05x0625.nc4
2655.140,hit,false,0.000,14,299.170,170,GEOS_0.5x0.625/MERRA2/2019/07/MERRA2.20190701.A3cld.05x0625.nc4
2655.169,hit,false,0.000,14,299.199,170,GEOS_0.5x0.625/MERRA2/2019/07/MERRA2.20190701.A3cld.05x0625.nc4
2655.200,hit,false,0.000,13,299.230,170,GEOS_0.5x0.625/MERRA2/2019/07/MERRA2.20190701.A3cld.05x0625.nc4
2655.230,hit,false,0.000,13,299.260,170,GEOS_0.5x0.625/MERRA2/2019/07/MERRA2.20190701.A3cld.05x0625.nc4
2655.263,hit,false,0.000,13,299.290,171,GEOS_0.5x0.625/MERRA2/2019/07/MERRA2.20190701.A3cld.05x0625.nc4
2655.291,hit,false,0.000,13,299.319,171,GEOS_0.5x0.625/MERRA2/2019/07/MERRA2.20190701.A3cld.05x0625.nc4
2655.324,hit,false,0.000,13,299.352,171,GEOS_0.5x0.625/MERRA2/2019/07/MERRA2.20190701.A3cld.05x0625.nc4
2655.354,hit,false,0.000,13,299.382,171,GEOS_0.5x0.625/MERRA2/2019/07/MERRA2.20190701.A3cld.05x0625.nc4
2655.388,hit,false,0.000,13,299.415,171,GEOS_0.5x0.625/MERRA2/2019/07/MERRA2.20190701.A3cld.05x0625.nc4
2655.414,hit,false,0.000,13,299.441,171,GEOS_0.5x0.625/MERRA2/2019/07/MERRA2.20190701.A3cld.05x0625.nc4
2655.444,hit,false,0.000,13,299.472,171,GEOS_0.5x0.625/MERRA2/2019/07/MERRA2.20190701.A3cld.05x0625.nc4
2655.473,hit,false,0.000,13,299.500,171,GEOS_0.5x0.625/MERRA2/2019/07/MERRA2.20190701.A3cld.05x0625.nc4
2655.503,hit,false,0.000,13,299.529,172,GEOS_0.5x0.625/MERRA2/2019/07/MERRA2.20190701.A3cld.05x0625.nc4
2655.534,hit,false,0.000,13,299.560,172,GEOS_0.5x0.625/MERRA2/2019/07/MERRA2.20190701.A3cld.05x0625.nc4
2655.563,hit,false,0.000,13,299.589,172,GEOS_0.5x0.625/MERRA2/2019/07/MERRA2.20190701.A3cld.05x0625.nc4
2655.586,hit,false,0.000,13,299.612,172,GEOS_0.5x0.625/MERRA2/2019/07/MERRA2.20190701.A3cld.05x0625.nc4
2655.617,hit,false,0.000,13,299.642,172,GEOS_0.5x0.625/MERRA2/2019/07/MERRA2.20190701.A3cld.05x0625.nc4
2655.642,hit,false,0.000,13,299.668,172,GEOS_0.5x0.625/MERRA2/2019/07/MERRA2.20190701.A3cld.05x0625.nc4
2655.671,hit,false,0.000,13,299.697,172,GEOS_0.5x0.625/MERRA2/2019/07/MERRA2.20190701.A3cld.05x0625.nc4
2655.694,hit,false,0.000,13,299.720,172,GEOS_0.5x0.625/MERRA2/2019/07/MERRA2.20190701.A3cld.05x0625.nc4
2655.726,hit,false,0.000,13,299.750,173,GEOS_0.5x0.625/MERRA2/2019/07/MERRA2.20190701.A3cld.05x0625.nc4
2655.754,hit,false,0.000,13,299.778,173,GEOS_0.5x0.625/MERRA2/2019/07/MERRA2.20190701.A3cld.05x0625.nc4
2655.782,hit,false,0.000,13,299.806,173,GEOS_0.5x0.625/MERRA2/2019/07/MERRA2.20190701.A3cld.05x0625.nc4
2655.885,hit,false,0.000,13,299.910,173,GEOS_0.5x0.625/MERRA2/2019/07/MERRA2.20190701.A3cld.05x0625.nc4
2655.909,hit,false,0.000,13,299.933,173,GEOS_0.5x0.625/MERRA2/2019/07/MERRA2.20190701.A3cld.05x0625.nc4
2655.946,hit,false,0.000,13,299.970,173,GEOS_0.5x0.625/MERRA2/2019/07/MERRA2.20190701.A3cld.05x0625.nc4
2655.967,hit,false,0.000,13,299.992,173,GEOS_0.5x0.625/MERRA2/2019/07/MERRA2.20190701.A3cld.05x0625.nc4
2656.003,hit,false,0.000,13,300.028,173,GEOS_0.5x0.625/MERRA2/2019/07/MERRA2.20190701.A3cld.05x0625.nc4
2656.026,hit,false,0.000,13,300.048,174,GEOS_0.5x0.625/MERRA2/2019/07/MERRA2.20190701.A3cld.05x0625.nc4
2656.059,hit,false,0.000,13,300.081,174,GEOS_0.5x0.625/MERRA2/2019/07/MERRA2.20190701.A3cld.05x0625.nc4
2656.084,hit,false,0.000,13,300.106,174,GEOS_0.5x0.625/MERRA2/2019/07/MERRA2.20190701.A3cld.05x0625.nc4
2656.115,hit,false,0.000,13,300.137,174,GEOS_0.5x0.625/MERRA2/2019/07/MERRA2.20190701.A3cld.05x0625.nc4
2656.140,hit,false,0.000,13,300.162,174,GEOS_0.5x0.625/MERRA2/2019/07/MERRA2.20190701.A3cld.05x0625.nc4
2656.175,hit,false,0.000,13,300.197,174,GEOS_0.5x0.625/MERRA2/2019/07/MERRA2.20190701.A3cld.05x0625.nc4
2656.200,hit,false,0.000,13,300.223,174,GEOS_0.5x0.625/MERRA2/2019/07/MERRA2.20190701.A3cld.05x0625.nc4
2656.231,hit,false,0.000,13,300.254,174,GEOS_0.5x0.625/MERRA2/2019/07/MERRA2.20190701.A3cld.05x0625.nc4
2656.253,hit,false,0.000,13,300.273,175,GEOS_0.5x0.625/MERRA2/2019/07/MERRA2.20190701.A3cld.05x0625.nc4
2656.293,hit,false,0.000,13,300.313,175,GEOS_0.5x0.625/MERRA2/2019/07/MERRA2.20190701.A3cld.05x0625.nc4
2656.316,hit,false,0.000,13,300.336,175,GEOS_0.5x0.625/MERRA2/2019/07/MERRA2.20190701.A3cld.05x0625.nc4
2656.354,hit,false,0.000,13,300.374,175,GEOS_0.5x0.625/MERRA2/2019/07/MERRA2.20190701.A3cld.05x0625.nc4
2656.377,hit,false,0.000,13,300.397,175,GEOS_0.5x0.625/MERRA2/2019/07/MERRA2.20190701.A3cld.05x0625.nc4
2656.407,hit,false,0.000,13,300.427,175,GEOS_0.5x0.625/MERRA2/2019/07/MERRA2.20190701.A3cld.05x0625.nc4
2656.433,hit,false,0.000,13,300.452,175,GEOS_0.5x0.625/MERRA2/2019/07/MERRA2.20190701.A3cld.05x0625.nc4
2656.460,hit,false,0.000,13,300.480,175,GEOS_0.5x0.625/MERRA2/2019/07/MERRA2.20190701.A3cld.05x0625.nc4
2656.492,hit,false,0.000,13,300.534,176,GEOS_0.5x0.625/MERRA2/2019/07/MERRA2.20190701.A3cld.05x0625.nc4
2656.521,hit,false,0.000,13,300.563,176,GEOS_0.5x0.625/MERRA2/2019/07/MERRA2.20190701.A3cld.05x0625.nc4
2656.562,hit,false,0.000,13,300.604,176,GEOS_0.5x0.625/MERRA2/2019/07/MERRA2.20190701.A3cld.05x0625.nc4
2656.584,hit,false,0.000,13,300.625,176,GEOS_0.5x0.625/MERRA2/2019/07/MERRA2.20190701.A3cld.05x0625.nc4
2656.615,hit,false,0.000,13,300.657,176,GEOS_0.5x0.625/MERRA2/2019/07/MERRA2.20190701.A3cld.05x0625.nc4
2656.641,hit,false,0.000,13,300.682,176,GEOS_0.5x0.625/MERRA2/2019/07/MERRA2.20190701.A3cld.05x0625.nc4
2656.670,hit,false,0.000,13,300.712,176,GEOS_0.5x0.625/MERRA2/2019/07/MERRA2.20190701.A3cld.05x0625.nc4
2656.699,hit,false,0.000,13,300.741,176,GEOS_0.5x0.625/MERRA2/2019/07/MERRA2.20190701.A3cld.05x0625.nc4
2656.728,hit,false,0.000,13,300.767,177,GEOS_0.5x0.625/MERRA2/2019/07/MERRA2.20190701.A3cld.05x0625.nc4
2656.758,hit,false,0.000,13,300.797,177,GEOS_0.5x0.625/MERRA2/2019/07/MERRA2.20190701.A3cld.05x0625.nc4
2656.796,hit,false,0.000,13,300.835,177,GEOS_0.5x0.625/MERRA2/2019/07/MERRA2.20190701.A3cld.05x0625.nc4
2656.819,hit,false,0.000,13,300.858,177,GEOS_0.5x0.625/MERRA2/2019/07/MERRA2.20190701.A3cld.05x0625.nc4
2656.853,hit,false,0.000,13,300.892,177,GEOS_0.5x0.625/MERRA2/2019/07/MERRA2.20190701.A3cld.05x0625.nc4
2656.877,hit,false,0.000,13,300.916,177,GEOS_0.5x0.625/MERRA2/2019/07/MERRA2.20190701.A3cld.05x0625.nc4
2656.910,hit,false,0.000,13,300.949,177,GEOS_0.5x0.625/MERRA2/2019/07/MERRA2.20190701.A3cld.05x0625.nc4
2656.936,hit,false,0.000,13,300.975,177,GEOS_0.5x0.625/MERRA2/2019/07/MERRA2.20190701.A3cld.05x0625.nc4
2656.971,hit,false,0.000,13,301.007,178,GEOS_0.5x0.625/MERRA2/2019/07/MERRA2.20190701.A3cld.05x0625.nc4
2656.997,hit,false,0.000,13,301.034,178,GEOS_0.5x0.625/MERRA2/2019/07/MERRA2.20190701.A3cld.05x0625.nc4
2657.030,hit,false,0.000,13,301.066,178,GEOS_0.5x0.625/MERRA2/2019/07/MERRA2.20190701.A3cld.05x0625.nc4
2657.056,hit,false,0.000,13,301.093,178,GEOS_0.5x0.625/MERRA2/2019/07/MERRA2.20190701.A3cld.05x0625.nc4
2657.086,hit,false,0.000,13,301.123,178,GEOS_0.5x0.625/MERRA2/2019/07/MERRA2.20190701.A3cld.05x0625.nc4
2657.109,hit,false,0.000,13,301.146,178,GEOS_0.5x0.625/MERRA2/2019/07/MERRA2.20190701.A3cld.05x0625.nc4
2657.146,hit,false,0.000,13,301.182,178,GEOS_0.5x0.625/MERRA2/2019/07/MERRA2.20190701.A3cld.05x0625.nc4
2657.169,hit,false,0.000,13,301.205,178,GEOS_0.5x0.625/MERRA2/2019/07/MERRA2.20190701.A3cld.05x0625.nc4
2657.199,hit,false,0.000,13,301.234,179,GEOS_0.5x0.625/MERRA2/2019/07/MERRA2.20190701.A3cld.05x0625.nc4
2657.225,hit,false,0.000,13,301.260,179,GEOS_0.5x0.625/MERRA2/2019/07/MERRA2.20190701.A3cld.05x0625.nc4
2657.262,hit,false,0.000,13,301.297,179,GEOS_0.5x0.625/MERRA2/2019/07/MERRA2.20190701.A3cld.05x0625.nc4
2657.286,hit,false,0.000,13,301.321,179,GEOS_0.5x0.625/MERRA2/2019/07/MERRA2.20190701.A3cld.05x0625.nc4
2657.318,hit,false,0.000,13,301.352,179,GEOS_0.5x0.625/MERRA2/2019/07/MERRA2.20190701.A3cld.05x0625.nc4
2657.340,hit,false,0.000,13,301.375,179,GEOS_0.5x0.625/MERRA2/2019/07/MERRA2.20190701.A3cld.05x0625.nc4
2657.372,hit,false,0.000,13,301.407,179,GEOS_0.5x0.625/MERRA2/2019/07/MERRA2.20190701.A3cld.05x0625.nc4
2657.398,hit,false,0.000,13,301.433,179,GEOS_0.5x0.625/MERRA2/2019/07/MERRA2.20190701.A3cld.05x0625.nc4
2657.430,hit,false,0.000,13,301.462,180,GEOS_0.5x0.625/MERRA2/2019/07/MERRA2.20190701.A3cld.05x0625.nc4
2657.465,hit,false,0.000,13,301.497,180,GEOS_0.5x0.625/MERRA2/2019/07/MERRA2.20190701.A3cld.05x0625.nc4
2657.489,hit,false,0.000,13,301.522,180,GEOS_0.5x0.625/MERRA2/2019/07/MERRA2.20190701.A3cld.05x0625.nc4
2657.522,hit,false,0.000,13,301.554,180,GEOS_0.5x0.625/MERRA2/2019/07/MERRA2.20190701.A3cld.05x0625.nc4
2657.544,hit,false,0.000,13,301.576,180,GEOS_0.5x0.625/MERRA2/2019/07/MERRA2.20190701.A3cld.05x0625.nc4
2657.580,hit,false,0.000,13,301.612,180,GEOS_0.5x0.625/MERRA2/2019/07/MERRA2.20190701.A3cld.05x0625.nc4
2657.605,hit,false,0.000,13,301.637,180,GEOS_0.5x0.625/MERRA2/2019/07/MERRA2.20190701.A3cld.05x0625.nc4
2657.637,hit,false,0.000,13,301.669,180,GEOS_0.5x0.625/MERRA2/2019/07/MERRA2.20190701.A3cld.05x0625.nc4
2657.667,hit,false,0.000,13,301.697,181,GEOS_0.5x0.625/MERRA2/2019/07/MERRA2.20190701.A3cld.05x0625.nc4
2657.692,hit,false,0.000,13,301.722,181,GEOS_0.5x0.625/MERRA2/2019/07/MERRA2.20190701.A3cld.05x0625.nc4
2657.796,hit,false,0.000,13,301.826,181,GEOS_0.5x0.625/MERRA2/2019/07/MERRA2.20190701.A3cld.05x0625.nc4
2657.819,hit,false,0.000,13,301.849,181,GEOS_0.5x0.625/MERRA2/2019/07/MERRA2.20190701.A3cld.05x0625.nc4
2657.857,hit,false,0.000,13,301.888,181,GEOS_0.5x0.625/MERRA2/2019/07/MERRA2.20190701.A3cld.05x0625.nc4
2657.880,hit,false,0.000,13,301.910,181,GEOS_0.5x0.625/MERRA2/2019/07/MERRA2.20190701.A3cld.05x0625.nc4
2657.910,hit,false,0.000,13,301.940,181,GEOS_0.5x0.625/MERRA2/2019/07/MERRA2.20190701.A3cld.05x0625.nc4
2657.936,hit,false,0.000,13,301.966,181,GEOS_0.5x0.625/MERRA2/2019/07/MERRA2.20190701.A3cld.05x0625.nc4
2657.967,hit,false,0.000,13,301.996,182,GEOS_0.5x0.625/MERRA2/2019/07/MERRA2.20190701.A3cld.05x0625.nc4
2657.993,hit,false,0.000,13,302.022,182,GEOS_0.5x0.625/MERRA2/2019/07/MERRA2.20190701.A3cld.05x0625.nc4
2658.026,hit,false,0.000,13,302.055,182,GEOS_0.5x0.625/MERRA2/2019/07/MERRA2.20190701.A3cld.05x0625.nc4
2658.052,hit,false,0.000,13,302.081,182,GEOS_0.5x0.625/MERRA2/2019/07/MERRA2.20190701.A3cld.05x0625.nc4
2658.086,hit,false,0.000,13,302.115,182,GEOS_0.5x0.625/MERRA2/2019/07/MERRA2.20190701.A3cld.05x0625.nc4
2658.110,hit,false,0.000,13,302.138,182,GEOS_0.5x0.625/MERRA2/2019/07/MERRA2.20190701.A3cld.05x0625.nc4
2658.149,hit,false,0.000,13,302.178,182,GEOS_0.5x0.625/MERRA2/2019/07/MERRA2.20190701.A3cld.05x0625.nc4
2658.171,hit,false,0.000,13,302.200,182,GEOS_0.5x0.625/MERRA2/2019/07/MERRA2.20190701.A3cld.05x0625.nc4
2658.207,hit,false,0.000,13,302.234,183,GEOS_0.5x0.625/MERRA2/2019/07/MERRA2.20190701.A3cld.05x0625.nc4
2658.235,hit,false,0.000,13,302.262,183,GEOS_0.5x0.625/MERRA2/2019/07/MERRA2.20190701.A3cld.05x0625.nc4
2658.266,hit,false,0.000,13,302.293,183,GEOS_0.5x0.625/MERRA2/2019/07/MERRA2.20190701.A3cld.05x0625.nc4
2658.295,hit,false,0.000,13,302.321,183,GEOS_0.5x0.625/MERRA2/2019/07/MERRA2.20190701.A3cld.05x0625.nc4
2658.324,hit,false,0.000,13,302.351,183,GEOS_0.5x0.625/MERRA2/2019/07/MERRA2.20190701.A3cld.05x0625.nc4
2658.356,hit,false,0.000,13,302.383,183,GEOS_0.5x0.625/MERRA2/2019/07/MERRA2.20190701.A3cld.05x0625.nc4
2658.382,hit,false,0.000,13,302.409,183,GEOS_0.5x0.625/MERRA2/2019/07/MERRA2.20190701.A3cld.05x0625.nc4
2658.414,hit,false,0.000,13,302.441,183,GEOS_0.5x0.625/MERRA2/2019/07/MERRA2.20190701.A3cld.05x0625.nc4
2658.436,hit,false,0.000,13,302.460,184,GEOS_0.5x0.625/MERRA2/2019/07/MERRA2.20190701.A3cld.05x0625.nc4
2658.476,hit,false,0.000,13,302.501,184,GEOS_0.5x0.625/MERRA2/2019/07/MERRA2.20190701.A3cld.05x0625.nc4
2658.507,hit,false,0.000,13,302.531,184,GEOS_0.5x0.625/MERRA2/2019/07/MERRA2.20190701.A3cld.05x0625.nc4
2658.536,hit,false,0.000,13,302.560,184,GEOS_0.5x0.625/MERRA2/2019/07/MERRA2.20190701.A3cld.05x0625.nc4
2658.566,hit,false,0.000,13,302.591,184,GEOS_0.5x0.625/MERRA2/2019/07/MERRA2.20190701.A3cld.05x0625.nc4
2658.593,hit,false,0.000,13,302.617,184,GEOS_0.5x0.625/MERRA2/2019/07/MERRA2.20190701.A3cld.05x0625.nc4
2658.625,hit,false,0.000,13,302.649,184,GEOS_0.5x0.625/MERRA2/2019/07/MERRA2.20190701.A3cld.05x0625.nc4
2658.649,hit,false,0.000,13,302.673,184,GEOS_0.5x0.625/MERRA2/2019/07/MERRA2.20190701.A3cld.05x0625.nc4
2658.682,hit,false,0.000,13,302.704,185,GEOS_0.5x0.625/MERRA2/2019/07/MERRA2.20190701.A3cld.05x0625.nc4
2658.708,hit,false,0.000,13,302.729,185,GEOS_0.5x0.625/MERRA2/2019/07/MERRA2.20190701.A3cld.05x0625.nc4
2658.739,hit,false,0.000,13,302.761,185,GEOS_0.5x0.625/MERRA2/2019/07/MERRA2.20190701.A3cld.05x0625.nc4
2658.764,hit,false,0.000,13,302.785,185,GEOS_0.5x0.625/MERRA2/2019/07/MERRA2.20190701.A3cld.05x0625.nc4
2658.795,hit,false,0.000,13,302.817,185,GEOS_0.5x0.625/MERRA2/2019/07/MERRA2.20190701.A3cld.05x0625.nc4
2658.825,hit,false,0.000,13,302.846,185,GEOS_0.5x0.625/MERRA2/2019/07/MERRA2.20190701.A3cld.05x0625.nc4
2658.853,hit,false,0.000,13,302.875,185,GEOS_0.5x0.625/MERRA2/2019/07/MERRA2.20190701.A3cld.05x0625.nc4
2658.886,hit,false,0.000,13,302.907,185,GEOS_0.5x0.625/MERRA2/2019/07/MERRA2.20190701.A3cld.05x0625.nc4
2658.908,hit,false,0.000,13,302.928,186,GEOS_0.5x0.625/MERRA2/2019/07/MERRA2.20190701.A3cld.05x0625.nc4
2658.949,hit,false,0.000,13,302.969,186,GEOS_0.5x0.625/MERRA2/2019/07/MERRA2.20190701.A3cld.05x0625.nc4
2658.972,hit,false,0.000,13,302.992,186,GEOS_0.5x0.625/MERRA2/2019/07/MERRA2.20190701.A3cld.05x0625.nc4
2659.003,hit,false,0.000,13,303.023,186,GEOS_0.5x0.625/MERRA2/2019/07/MERRA2.20190701.A3cld.05x0625.nc4
2659.030,hit,false,0.000,13,303.049,186,GEOS_0.5x0.625/MERRA2/2019/07/MERRA2.20190701.A3cld.05x0625.nc4
2659.058,hit,false,0.000,13,303.078,186,GEOS_0.5x0.625/MERRA2/2019/07/MERRA2.20190701.A3cld.05x0625.nc4
2659.090,hit,false,0.000,13,303.109,186,GEOS_0.5x0.625/MERRA2/2019/07/MERRA2.20190701.A3cld.05x0625.nc4
2659.113,hit,false,0.000,13,303.132,186,GEOS_0.5x0.625/MERRA2/2019/07/MERRA2.20190701.A3cld.05x0625.nc4
2659.152,hit,false,0.000,13,303.170,187,GEOS_0.5x0.625/MERRA2/2019/07/MERRA2.20190701.A3cld.05x0625.nc4
2659.176,hit,false,0.000,13,303.195,187,GEOS_0.5x0.625/MERRA2/2019/07/MERRA2.20190701.A3cld.05x0625.nc4
2659.209,hit,false,0.000,13,303.227,187,GEOS_0.5x0.625/MERRA2/2019/07/MERRA2.20190701.A3cld.05x0625.nc4
2659.242,hit,false,0.000,13,303.260,187,GEOS_0.5x0.625/MERRA2/2019/07/MERRA2.20190701.A3cld.05x0625.nc4
2659.270,hit,false,0.000,13,303.288,187,GEOS_0.5x0.625/MERRA2/2019/07/MERRA2.20190701.A3cld.05x0625.nc4
2659.297,hit,false,0.000,13,303.316,187,GEOS_0.5x0.625/MERRA2/2019/07/MERRA2.20190701.A3cld.05x0625.nc4
2659.328,hit,false,0.000,13,303.347,187,GEOS_0.5x0.625/MERRA2/2019/07/MERRA2.20190701.A3cld.05x0625.nc4
2659.356,hit,false,0.000,13,303.374,187,GEOS_0.5x0.625/MERRA2/2019/07/MERRA2.20190701.A3cld.05x0625.nc4
2659.384,hit,false,0.000,13,303.400,188,GEOS_0.5x0.625/MERRA2/2019/07/MERRA2.20190701.A3cld.05x0625.nc4
2659.415,hit,false,0.000,13,303.431,188,GEOS_0.5x0.625/MERRA2/2019/07/MERRA2.20190701.A3cld.05x0625.nc4
2659.444,hit,false,0.000,13,303.460,188,GEOS_0.5x0.625/MERRA2/2019/07/MERRA2.20190701.A3cld.05x0625.nc4
2659.473,hit,false,0.000,13,303.490,188,GEOS_0.5x0.625/MERRA2/2019/07/MERRA2.20190701.A3cld.05x0625.nc4
2659.501,hit,false,0.000,13,303.517,188,GEOS_0.5x0.625/MERRA2/2019/07/MERRA2.20190701.A3cld.05x0625.nc4
2659.529,hit,false,0.000,13,303.545,188,GEOS_0.5x0.625/MERRA2/2019/07/MERRA2.20190701.A3cld.05x0625.nc4
2659.558,hit,false,0.000,13,303.574,188,GEOS_0.5x0.625/MERRA2/2019/07/MERRA2.20190701.A3cld.05x0625.nc4
2659.587,hit,false,0.000,13,303.603,188,GEOS_0.5x0.625/MERRA2/2019/07/MERRA2.20190701.A3cld.05x0625.nc4
2659.615,hit,false,0.000,13,303.630,189,GEOS_0.5x0.625/MERRA2/2019/07/MERRA2.20190701.A3cld.05x0625.nc4
2659.720,hit,false,0.000,13,303.734,189,GEOS_0.5x0.625/MERRA2/2019/07/MERRA2.20190701.A3cld.05x0625.nc4
2659.743,hit,false,0.000,13,303.758,189,GEOS_0.5x0.625/MERRA2/2019/07/MERRA2.20190701.A3cld.05x0625.nc4
2659.776,hit,false,0.000,13,303.791,189,GEOS_0.5x0.625/MERRA2/2019/07/MERRA2.20190701.A3cld.05x0625.nc4
2659.800,hit,false,0.000,13,303.815,189,GEOS_0.5x0.625/MERRA2/2019/07/MERRA2.20190701.A3cld.05x0625.nc4
2659.832,hit,false,0.000,13,303.847,189,GEOS_0.5x0.625/MERRA2/2019/07/MERRA2.20190701.A3cld.05x0625.nc4
2659.858,hit,false,0.000,13,303.872,189,GEOS_0.5x0.625/MERRA2/2019/07/MERRA2.20190701.A3cld.05x0625.nc4
2659.890,hit,false,0.000,12,303.904,189,GEOS_0.5x0.625/MERRA2/2019/07/MERRA2.20190701.A3cld.05x0625.nc4
2659.917,hit,false,0.000,12,303.930,190,GEOS_0.5x0.625/MERRA2/2019/07/MERRA2.20190701.A3cld.05x0625.nc4
2659.950,hit,false,0.000,12,303.964,190,GEOS_0.5x0.625/MERRA2/2019/07/MERRA2.20190701.A3cld.05x0625.nc4
2659.979,hit,false,0.000,12,303.992,190,GEOS_0.5x0.625/MERRA2/2019/07/MERRA2.20190701.A3cld.05x0625.nc4
2660.008,hit,false,0.000,12,304.021,190,GEOS_0.5x0.625/MERRA2/2019/07/MERRA2.20190701.A3cld.05x0625.nc4
2660.038,hit,false,0.000,12,304.051,190,GEOS_0.5x0.625/MERRA2/2019/07/MERRA2.20190701.A3cld.05x0625.nc4
2660.067,hit,false,0.000,12,304.080,190,GEOS_0.5x0.625/MERRA2/2019/07/MERRA2.20190701.A3cld.05x0625.nc4
2660.096,hit,false,0.000,12,304.109,190,GEOS_0.5x0.625/MERRA2/2019/07/MERRA2.20190701.A3cld.05x0625.nc4
2660.126,hit,false,0.000,12,304.140,190,GEOS_0.5x0.625/MERRA2/2019/07/MERRA2.20190701.A3cld.05x0625.nc4
2660.154,hit,false,0.000,12,304.165,191,GEOS_0.5x0.625/MERRA2/2019/07/MERRA2.20190701.A3cld.05x0625.nc4
2660.186,hit,false,0.000,12,304.197,191,GEOS_0.5x0.625/MERRA2/2019/07/MERRA2.20190701.A3cld.05x0625.nc4
2660.213,hit,false,0.000,12,304.225,191,GEOS_0.5x0.625/MERRA2/2019/07/MERRA2.20190701.A3cld.05x0625.nc4
2660.243,hit,false,0.000,12,304.254,191,GEOS_0.5x0.625/MERRA2/2019/07/MERRA2.20190701.A3cld.05x0625.nc4
2660.270,hit,false,0.000,12,304.282,191,GEOS_0.5x0.625/MERRA2/2019/07/MERRA2.20190701.A3cld.05x0625.nc4
2660.300,hit,false,0.000,12,304.311,191,GEOS_0.5x0.625/MERRA2/2019/07/MERRA2.20190701.A3cld.05x0625.nc4
2660.328,hit,false,0.000,12,304.340,191,GEOS_0.5x0.625/MERRA2/2019/07/MERRA2.20190701.A3cld.05x0625.nc4
2660.356,hit,false,0.000,12,304.368,191,GEOS_0.5x0.625/MERRA2/2019/07/MERRA2.20190701.A3cld.05x0625.nc4
2660.387,hit,false,0.000,12,304.403,192,GEOS_0.5x0.625/MERRA2/2019/07/MERRA2.20190701.A3cld.05x0625.nc4
2660.417,hit,false,0.000,12,304.433,192,GEOS_0.5x0.625/MERRA2/2019/07/MERRA2.20190701.A3cld.05x0625.nc4
2660.458,hit,false,0.000,12,304.474,192,GEOS_0.5x0.625/MERRA2/2019/07/MERRA2.20190701.A3cld.05x0625.nc4
2660.480,hit,false,0.000,12,304.495,192,GEOS_0.5x0.625/MERRA2/2019/07/MERRA2.20190701.A3cld.05x0625.nc4
2660.515,hit,false,0.000,12,304.530,192,GEOS_0.5x0.625/MERRA2/2019/07/MERRA2.20190701.A3cld.05x0625.nc4
2660.539,hit,false,0.000,12,304.555,192,GEOS_0.5x0.625/MERRA2/2019/07/MERRA2.20190701.A3cld.05x0625.nc4
2660.569,hit,false,0.000,12,304.585,192,GEOS_0.5x0.625/MERRA2/2019/07/MERRA2.20190701.A3cld.05x0625.nc4
2660.591,hit,false,0.000,12,304.607,192,GEOS_0.5x0.625/MERRA2/2019/07/MERRA2.20190701.A3cld.05x0625.nc4
2660.622,hit,false,0.000,12,304.636,193,GEOS_0.5x0.625/MERRA2/2019/07/MERRA2.20190701.A3cld.05x0625.nc4
2660.649,hit,false,0.000,12,304.662,193,GEOS_0.5x0.625/MERRA2/2019/07/MERRA2.20190701.A3cld.05x0625.nc4
2660.677,hit,false,0.000,12,304.691,193,GEOS_0.5x0.625/MERRA2/2019/07/MERRA2.20190701.A3cld.05x0625.nc4
2660.703,hit,false,0.000,12,304.717,193,GEOS_0.5x0.625/MERRA2/2019/07/MERRA2.20190701.A3cld.05x0625.nc4
2660.732,hit,false,0.000,12,304.746,193,GEOS_0.5x0.625/MERRA2/2019/07/MERRA2.20190701.A3cld.05x0625.nc4
2660.760,hit,false,0.000,12,304.773,193,GEOS_0.5x0.625/MERRA2/2019/07/MERRA2.20190701.A3cld.05x0625.nc4
2660.793,hit,false,0.000,12,304.806,193,GEOS_0.5x0.625/MERRA2/2019/07/MERRA2.20190701.A3cld.05x0625.nc4
2660.818,hit,false,0.000,12,304.832,193,GEOS_0.5x0.625/MERRA2/2019/07/MERRA2.20190701.A3cld.05x0625.nc4
2660.872,hit,false,0.000,12,304.883,194,GEOS_0.5x0.625/MERRA2/2019/07/MERRA2.20190701.A3cld.05x0625.nc4
2660.894,hit,false,0.000,12,304.905,194,GEOS_0.5x0.625/MERRA2/2019/07/MERRA2.20190701.A3cld.05x0625.nc4
2660.934,hit,false,0.000,12,304.945,194,GEOS_0.5x0.625/MERRA2/2019/07/MERRA2.20190701.A3cld.05x0625.nc4
2660.957,hit,false,0.000,12,304.967,194,GEOS_0.5x0.625/MERRA2/2019/07/MERRA2.20190701.A3cld.05x0625.nc4
2660.990,hit,false,0.000,12,305.001,194,GEOS_0.5x0.625/MERRA2/2019/07/MERRA2.20190701.A3cld.05x0625.nc4
2661.015,hit,false,0.000,12,305.026,194,GEOS_0.5x0.625/MERRA2/2019/07/MERRA2.20190701.A3cld.05x0625.nc4
2661.055,hit,false,0.000,12,305.066,194,GEOS_0.5x0.625/MERRA2/2019/07/MERRA2.20190701.A3cld.05x0625.nc4
2661.077,hit,false,0.000,12,305.087,194,GEOS_0.5x0.625/MERRA2/2019/07/MERRA2.20190701.A3cld.05x0625.nc4
2661.114,hit,false,0.000,12,305.123,195,GEOS_0.5x0.625/MERRA2/2019/07/MERRA2.20190701.A3cld.05x0625.nc4
2661.138,hit,false,0.000,12,305.147,195,GEOS_0.5x0.625/MERRA2/2019/07/MERRA2.20190701.A3cld.05x0625.nc4
2661.178,hit,false,0.000,12,305.187,195,GEOS_0.5x0.625/MERRA2/2019/07/MERRA2.20190701.A3cld.05x0625.nc4
2661.200,hit,false,0.000,12,305.209,195,GEOS_0.5x0.625/MERRA2/2019/07/MERRA2.20190701.A3cld.05x0625.nc4
2661.232,hit,false,0.000,12,305.241,195,GEOS_0.5x0.625/MERRA2/2019/07/MERRA2.20190701.A3cld.05x0625.nc4
2661.257,hit,false,0.000,12,305.266,195,GEOS_0.5x0.625/MERRA2/2019/07/MERRA2.20190701.A3cld.05x0625.nc4
2661.289,hit,false,0.000,12,305.298,195,GEOS_0.5x0.625/MERRA2/2019/07/MERRA2.20190701.A3cld.05x0625.nc4
2661.312,hit,false,0.000,12,305.321,195,GEOS_0.5x0.625/MERRA2/2019/07/MERRA2.20190701.A3cld.05x0625.nc4
2661.346,hit,false,0.000,12,305.353,196,GEOS_0.5x0.625/MERRA2/2019/07/MERRA2.20190701.A3cld.05x0625.nc4
2661.373,hit,false,0.000,12,305.380,196,GEOS_0.5x0.625/MERRA2/2019/07/MERRA2.20190701.A3cld.05x0625.nc4
2661.408,hit,false,0.000,12,305.415,196,GEOS_0.5x0.625/MERRA2/2019/07/MERRA2.20190701.A3cld.05x0625.nc4
2661.430,hit,false,0.000,12,305.437,196,GEOS_0.5x0.625/MERRA2/2019/07/MERRA2.20190701.A3cld.05x0625.nc4
2661.462,hit,false,0.000,12,305.470,196,GEOS_0.5x0.625/MERRA2/2019/07/MERRA2.20190701.A3cld.05x0625.nc4
2661.486,hit,false,0.000,12,305.494,196,GEOS_0.5x0.625/MERRA2/2019/07/MERRA2.20190701.A3cld.05x0625.nc4
2661.520,hit,false,0.000,12,305.528,196,GEOS_0.5x0.625/MERRA2/2019/07/MERRA2.20190701.A3cld.05x0625.nc4
2661.543,hit,false,0.000,12,305.551,196,GEOS_0.5x0.625/MERRA2/2019/07/MERRA2.20190701.A3cld.05x0625.nc4
2661.646,hit,false,0.000,12,305.652,197,GEOS_0.5x0.625/MERRA2/2019/07/MERRA2.20190701.A3cld.05x0625.nc4
2661.671,hit,false,0.000,12,305.677,197,GEOS_0.5x0.625/MERRA2/2019/07/MERRA2.20190701.A3cld.05x0625.nc4
2661.704,hit,false,0.000,12,305.710,197,GEOS_0.5x0.625/MERRA2/2019/07/MERRA2.20190701.A3cld.05x0625.nc4
2661.729,hit,false,0.000,12,305.735,197,GEOS_0.5x0.625/MERRA2/2019/07/MERRA2.20190701.A3cld.05x0625.nc4
2661.761,hit,false,0.000,12,305.767,197,GEOS_0.5x0.625/MERRA2/2019/07/MERRA2.20190701.A3cld.05x0625.nc4
2661.786,hit,false,0.000,12,305.792,197,GEOS_0.5x0.625/MERRA2/2019/07/MERRA2.20190701.A3cld.05x0625.nc4
2661.817,hit,false,0.000,12,305.824,197,GEOS_0.5x0.625/MERRA2/2019/07/MERRA2.20190701.A3cld.05x0625.nc4
2661.839,hit,false,0.000,12,305.845,197,GEOS_0.5x0.625/MERRA2/2019/07/MERRA2.20190701.A3cld.05x0625.nc4
2661.878,hit,false,0.000,12,305.881,198,GEOS_0.5x0.625/MERRA2/2019/07/MERRA2.20190701.A3cld.05x0625.nc4
2661.901,hit,false,0.000,12,305.905,198,GEOS_0.5x0.625/MERRA2/2019/07/MERRA2.20190701.A3cld.05x0625.nc4
2661.938,hit,false,0.000,12,305.941,198,GEOS_0.5x0.625/MERRA2/2019/07/MERRA2.20190701.A3cld.05x0625.nc4
2661.960,hit,false,0.000,12,305.964,198,GEOS_0.5x0.625/MERRA2/2019/07/MERRA2.20190701.A3cld.05x0625.nc4
2661.994,hit,false,0.000,12,305.998,198,GEOS_0.5x0.625/MERRA2/2019/07/MERRA2.20190701.A3cld.05x0625.nc4
2662.022,hit,false,0.000,12,306.026,198,GEOS_0.5x0.625/MERRA2/2019/07/MERRA2.20190701.A3cld.05x0625.nc4
2662.044,hit,false,0.000,12,306.048,198,GEOS_0.5x0.625/MERRA2/2019/07/MERRA2.20190701.A3cld.05x0625.nc4
2662.081,hit,false,0.000,12,306.085,198,GEOS_0.5x0.625/MERRA2/2019/07/MERRA2.20190701.A3cld.05x0625.nc4
2662.104,hit,false,0.000,12,306.105,199,GEOS_0.5x0.625/MERRA2/2019/07/MERRA2.20190701.A3cld.05x0625.nc4
2662.145,hit,false,0.000,12,306.146,199,GEOS_0.5x0.625/MERRA2/2019/07/MERRA2.20190701.A3cld.05x0625.nc4
2662.167,hit,false,0.000,12,306.169,199,GEOS_0.5x0.625/MERRA2/2019/07/MERRA2.20190701.A3cld.05x0625.nc4
2662.205,hit,false,0.000,12,306.207,199,GEOS_0.5x0.625/MERRA2/2019/07/MERRA2.20190701.A3cld.05x0625.nc4
2662.227,hit,false,0.000,12,306.229,199,GEOS_0.5x0.625/MERRA2/2019/07/MERRA2.20190701.A3cld.05x0625.nc4
2662.261,hit,false,0.000,12,306.263,199,GEOS_0.5x0.625/MERRA2/2019/07/MERRA2.20190701.A3cld.05x0625.nc4
2662.284,hit,false,0.000,12,306.285,199,GEOS_0.5x0.625/MERRA2/2019/07/MERRA2.20190701.A3cld.05x0625.nc4
2662.313,hit,false,0.000,12,306.315,199,GEOS_0.5x0.625/MERRA2/2019/07/MERRA2.20190701.A3cld.05x0625.nc4
2662.339,hit,false,0.000,12,306.343,200,GEOS_0.5x0.625/MERRA2/2019/07/MERRA2.20190701.A3cld.05x0625.nc4
2662.370,hit,false,0.000,12,306.374,200,GEOS_0.5x0.625/MERRA2/2019/07/MERRA2.20190701.A3cld.05x0625.nc4
2662.418,hit,false,0.000,12,306.423,200,GEOS_0.5x0.625/MERRA2/2019/07/MERRA2.20190701.A3cld.05x0625.nc4
2662.439,hit,false,0.000,12,306.444,200,GEOS_0.5x0.625/MERRA2/2019/07/MERRA2.20190701.A3cld.05x0625.nc4
2662.479,hit,false,0.000,12,306.484,200,GEOS_0.5x0.625/MERRA2/2019/07/MERRA2.20190701.A3cld.05x0625.nc4
2662.503,hit,false,0.000,12,306.508,200,GEOS_0.5x0.625/MERRA2/2019/07/MERRA2.20190701.A3cld.05x0625.nc4
2662.536,hit,false,0.000,12,306.541,200,GEOS_0.5x0.625/MERRA2/2019/07/MERRA2.20190701.A3cld.05x0625.nc4
2662.560,hit,false,0.000,12,306.565,200,GEOS_0.5x0.625/MERRA2/2019/07/MERRA2.20190701.A3cld.05x0625.nc4
2662.592,hit,false,0.000,12,306.594,201,GEOS_0.5x0.625/MERRA2/2019/07/MERRA2.20190701.A3cld.05x0625.nc4
2662.619,hit,false,0.000,12,306.621,201,GEOS_0.5x0.625/MERRA2/2019/07/MERRA2.20190701.A3cld.05x0625.nc4
2662.651,hit,false,0.000,12,306.652,201,GEOS_0.5x0.625/MERRA2/2019/07/MERRA2.20190701.A3cld.05x0625.nc4
2662.675,hit,false,0.000,12,306.677,201,GEOS_0.5x0.625/MERRA2/2019/07/MERRA2.20190701.A3cld.05x0625.nc4
2662.707,hit,false,0.000,12,306.709,201,GEOS_0.5x0.625/MERRA2/2019/07/MERRA2.20190701.A3cld.05x0625.nc4
2662.732,hit,false,0.000,12,306.734,201,GEOS_0.5x0.625/MERRA2/2019/07/MERRA2.20190701.A3cld.05x0625.nc4
2662.764,hit,false,0.000,12,306.766,201,GEOS_0.5x0.625/MERRA2/2019/07/MERRA2.20190701.A3cld.05x0625.nc4
2662.789,hit,false,0.000,12,306.791,201,GEOS_0.5x0.625/MERRA2/2019/07/MERRA2.20190701.A3cld.05x0625.nc4
2662.821,hit,false,0.000,12,306.821,202,GEOS_0.5x0.625/MERRA2/2019/07/MERRA2.20190701.A3cld.05x0625.nc4
2662.846,hit,false,0.000,12,306.846,202,GEOS_0.5x0.625/MERRA2/2019/07/MERRA2.20190701.A3cld.05x0625.nc4
2662.881,hit,false,0.000,12,306.881,202,GEOS_0.5x0.625/MERRA2/2019/07/MERRA2.20190701.A3cld.05x0625.nc4
2662.906,hit,false,0.000,12,306.906,202,GEOS_0.5x0.625/MERRA2/2019/07/MERRA2.20190701.A3cld.05x0625.nc4
2662.940,hit,false,0.000,12,306.940,202,GEOS_0.5x0.625/MERRA2/2019/07/MERRA2.20190701.A3cld.05x0625.nc4
2662.962,hit,false,0.000,12,306.962,202,GEOS_0.5x0.625/MERRA2/2019/07/MERRA2.20190701.A3cld.05x0625.nc4
2662.995,hit,false,0.000,12,306.995,202,GEOS_0.5x0.625/MERRA2/2019/07/MERRA2.20190701.A3cld.05x0625.nc4
2663.019,hit,false,0.000,12,307.019,202,GEOS_0.5x0.625/MERRA2/2019/07/MERRA2.20190701.A3cld.05x0625.nc4
2663.050,hit,false,0.000,12,307.048,203,GEOS_0.5x0.625/MERRA2/2019/07/MERRA2.20190701.A3cld.05x0625.nc4
2663.078,hit,false,0.000,12,307.076,203,GEOS_0.5x0.625/MERRA2/2019/07/MERRA2.20190701.A3cld.05x0625.nc4
2663.130,hit,false,0.000,12,307.128,203,GEOS_0.5x0.625/MERRA2/2019/07/MERRA2.20190701.A3cld.05x0625.nc4
2663.151,hit,false,0.000,12,307.149,203,GEOS_0.5x0.625/MERRA2/2019/07/MERRA2.20190701.A3cld.05x0625.nc4
2663.184,hit,false,0.000,12,307.182,203,GEOS_0.5x0.625/MERRA2/2019/07/MERRA2.20190701.A3cld.05x0625.nc4
2663.210,hit,false,0.000,12,307.208,203,GEOS_0.5x0.625/MERRA2/2019/07/MERRA2.20190701.A3cld.05x0625.nc4
2663.244,hit,false,0.000,12,307.242,203,GEOS_0.5x0.625/MERRA2/2019/07/MERRA2.20190701.A3cld.05x0625.nc4
2663.273,hit,false,0.000,12,307.271,203,GEOS_0.5x0.625/MERRA2/2019/07/MERRA2.20190701.A3cld.05x0625.nc4
2663.304,hit,false,0.000,12,307.299,204,GEOS_0.5x0.625/MERRA2/2019/07/MERRA2.20190701.A3cld.05x0625.nc4
2663.336,hit,false,0.000,12,307.332,204,GEOS_0.5x0.625/MERRA2/2019/07/MERRA2.20190701.A3cld.05x0625.nc4
2663.355,hit,false,0.000,12,307.351,204,GEOS_0.5x0.625/MERRA2/2019/07/MERRA2.20190701.A3cld.05x0625.nc4
2663.398,hit,false,0.000,12,307.393,204,GEOS_0.5x0.625/MERRA2/2019/07/MERRA2.20190701.A3cld.05x0625.nc4
2663.419,hit,false,0.000,12,307.415,204,GEOS_0.5x0.625/MERRA2/2019/07/MERRA2.20190701.A3cld.05x0625.nc4
2663.457,hit,false,0.000,12,307.453,204,GEOS_0.5x0.625/MERRA2/2019/07/MERRA2.20190701.A3cld.05x0625.nc4
2663.481,hit,false,0.000,12,307.477,204,GEOS_0.5x0.625/MERRA2/2019/07/MERRA2.20190701.A3cld.05x0625.nc4
2663.581,hit,false,0.000,12,307.577,204,GEOS_0.5x0.625/MERRA2/2019/07/MERRA2.20190701.A3cld.05x0625.nc4
2663.604,hit,false,0.000,12,307.597,205,GEOS_0.5x0.625/MERRA2/2019/07/MERRA2.20190701.A3cld.05x0625.nc4
2663.636,hit,false,0.000,12,307.628,205,GEOS_0.5x0.625/MERRA2/2019/07/MERRA2.20190701.A3cld.05x0625.nc4
2663.662,hit,false,0.000,12,307.654,205,GEOS_0.5x0.625/MERRA2/2019/07/MERRA2.20190701.A3cld.05x0625.nc4
2663.690,hit,false,0.000,12,307.683,205,GEOS_0.5x0.625/MERRA2/2019/07/MERRA2.20190701.A3cld.05x0625.nc4
2663.714,hit,false,0.000,12,307.706,205,GEOS_0.5x0.625/MERRA2/2019/07/MERRA2.20190701.A3cld.05x0625.nc4
2663.753,hit,false,0.000,12,307.745,205,GEOS_0.5x0.625/MERRA2/2019/07/MERRA2.20190701.A3cld.05x0625.nc4
2663.775,hit,false,0.000,12,307.767,205,GEOS_0.5x0.625/MERRA2/2019/07/MERRA2.20190701.A3cld.05x0625.nc4
2663.805,hit,false,0.000,12,307.797,205,GEOS_0.5x0.625/MERRA2/2019/07/MERRA2.20190701.A3cld.05x0625.nc4
2663.830,hit,false,0.000,12,307.821,206,GEOS_0.5x0.625/MERRA2/2019/07/MERRA2.20190701.A3cld.05x0625.nc4
2663.855,hit,false,0.000,12,307.846,206,GEOS_0.5x0.625/MERRA2/2019/07/MERRA2.20190701.A3cld.05x0625.nc4
2663.890,hit,false,0.000,12,307.881,206,GEOS_0.5x0.625/MERRA2/2019/07/MERRA2.20190701.A3cld.05x0625.nc4
2663.914,hit,false,0.000,12,307.905,206,GEOS_0.5x0.625/MERRA2/2019/07/MERRA2.20190701.A3cld.05x0625.nc4
2663.945,hit,false,0.000,12,307.935,206,GEOS_0.5x0.625/MERRA2/2019/07/MERRA2.20190701.A3cld.05x0625.nc4
2663.974,hit,false,0.000,12,307.965,206,GEOS_0.5x0.625/MERRA2/2019/07/MERRA2.20190701.A3cld.05x0625.nc4
2664.003,hit,false,0.000,12,307.994,206,GEOS_0.5x0.625/MERRA2/2019/07/MERRA2.20190701.A3cld.05x0625.nc4
2664.031,hit,false,0.000,12,308.021,206,GEOS_0.5x0.625/MERRA2/2019/07/MERRA2.20190701.A3cld.05x0625.nc4
2664.060,hit,false,0.000,12,308.050,207,GEOS_0.5x0.625/MERRA2/2019/07/MERRA2.20190701.A3cld.05x0625.nc4
2664.085,hit,false,0.000,12,308.075,207,GEOS_0.5x0.625/MERRA2/2019/07/MERRA2.20190701.A3cld.05x0625.nc4
2664.114,hit,false,0.000,12,308.104,207,GEOS_0.5x0.625/MERRA2/2019/07/MERRA2.20190701.A3cld.05x0625.nc4
2664.138,hit,false,0.000,12,308.127,207,GEOS_0.5x0.625/MERRA2/2019/07/MERRA2.20190701.A3cld.05x0625.nc4
2664.168,hit,false,0.000,12,308.158,207,GEOS_0.5x0.625/MERRA2/2019/07/MERRA2.20190701.A3cld.05x0625.nc4
2664.190,hit,false,0.000,12,308.180,207,GEOS_0.5x0.625/MERRA2/2019/07/MERRA2.20190701.A3cld.05x0625.nc4
2664.228,hit,false,0.000,12,308.217,207,GEOS_0.5x0.625/MERRA2/2019/07/MERRA2.20190701.A3cld.05x0625.nc4
2664.249,hit,false,0.000,12,308.239,207,GEOS_0.5x0.625/MERRA2/2019/07/MERRA2.20190701.A3cld.05x0625.nc4
2664.280,hit,false,0.000,12,290.516,208,GEOS_0.5x0.625/MERRA2/2019/07/MERRA2.20190701.A3cld.05x0625.nc4
2664.307,hit,false,0.000,12,290.543,208,GEOS_0.5x0.625/MERRA2/2019/07/MERRA2.20190701.A3cld.05x0625.nc4
2664.350,hit,false,0.000,12,290.587,208,GEOS_0.5x0.625/MERRA2/2019/07/MERRA2.20190701.A3cld.05x0625.nc4
2664.372,hit,false,0.000,12,290.608,208,GEOS_0.5x0.625/MERRA2/2019/07/MERRA2.20190701.A3cld.05x0625.nc4
2664.406,hit,false,0.000,12,290.642,208,GEOS_0.5x0.625/MERRA2/2019/07/MERRA2.20190701.A3cld.05x0625.nc4
2664.431,hit,false,0.000,12,290.667,208,GEOS_0.5x0.625/MERRA2/2019/07/MERRA2.20190701.A3cld.05x0625.nc4
2664.466,hit,false,0.000,12,290.702,208,GEOS_0.5x0.625/MERRA2/2019/07/MERRA2.20190701.A3cld.05x0625.nc4
2664.488,hit,false,0.000,12,290.724,208,GEOS_0.5x0.625/MERRA2/2019/07/MERRA2.20190701.A3cld.05x0625.nc4
2664.521,hit,false,0.000,12,290.754,209,GEOS_0.5x0.625/MERRA2/2019/07/MERRA2.20190701.A3cld.05x0625.nc4
2664.551,hit,false,0.000,12,290.784,209,GEOS_0.5x0.625/MERRA2/2019/07/MERRA2.20190701.A3cld.05x0625.nc4
2664.580,hit,false,0.000,11,290.813,209,GEOS_0.5x0.625/MERRA2/2019/07/MERRA2.20190701.A3cld.05x0625.nc4
2664.608,hit,false,0.000,11,290.842,209,GEOS_0.5x0.625/MERRA2/2019/07/MERRA2.20190701.A3cld.05x0625.nc4
2664.637,hit,false,0.000,11,290.870,209,GEOS_0.5x0.625/MERRA2/2019/07/MERRA2.20190701.A3cld.05x0625.nc4
2664.666,hit,false,0.000,11,290.900,209,GEOS_0.5x0.625/MERRA2/2019/07/MERRA2.20190701.A3cld.05x0625.nc4
2664.690,hit,false,0.000,11,290.924,209,GEOS_0.5x0.625/MERRA2/2019/07/MERRA2.20190701.A3cld.05x0625.nc4
2664.722,hit,false,0.000,11,290.955,209,GEOS_0.5x0.625/MERRA2/2019/07/MERRA2.20190701.A3cld.05x0625.nc4
2664.746,hit,false,0.000,11,290.977,210,GEOS_0.5x0.625/MERRA2/2019/07/MERRA2.20190701.A3cld.05x0625.nc4
2664.784,hit,false,0.000,11,291.015,210,GEOS_0.5x0.625/MERRA2/2019/07/MERRA2.20190701.A3cld.05x0625.nc4
2664.808,hit,false,0.000,11,291.039,210,GEOS_0.5x0.625/MERRA2/2019/07/MERRA2.20190701.A3cld.05x0625.nc4
2664.838,hit,false,0.000,11,291.069,210,GEOS_0.5x0.625/MERRA2/2019/07/MERRA2.20190701.A3cld.05x0625.nc4
2664.863,hit,false,0.000,11,291.094,210,GEOS_0.5x0.625/MERRA2/2019/07/MERRA2.20190701.A3cld.05x0625.nc4
2664.893,hit,false,0.000,11,291.125,210,GEOS_0.5x0.625/MERRA2/2019/07/MERRA2.20190701.A3cld.05x0625.nc4
2664.915,hit,false,0.000,11,291.147,210,GEOS_0.5x0.625/MERRA2/2019/07/MERRA2.20190701.A3cld.05x0625.nc4
2664.947,hit,false,0.000,11,291.178,210,GEOS_0.5x0.625/MERRA2/2019/07/MERRA2.20190701.A3cld.05x0625.nc4
2664.971,hit,false,0.000,11,291.199,211,GEOS_0.5x0.625/MERRA2/2019/07/MERRA2.20190701.A3cld.05x0625.nc4
2665.003,hit,false,0.000,11,291.231,211,GEOS_0.5x0.625/MERRA2/2019/07/MERRA2.20190701.A3cld.05x0625.nc4
2665.026,hit,false,0.000,11,291.254,211,GEOS_0.5x0.625/MERRA2/2019/07/MERRA2.20190701.A3cld.05x0625.nc4
2665.060,hit,false,0.000,11,291.288,211,GEOS_0.5x0.625/MERRA2/2019/07/MERRA2.20190701.A3cld.05x0625.nc4
2665.083,hit,false,0.000,11,291.311,211,GEOS_0.5x0.625/MERRA2/2019/07/MERRA2.20190701.A3cld.05x0625.nc4
2665.115,hit,false,0.000,11,291.342,211,GEOS_0.5x0.625/MERRA2/2019/07/MERRA2.20190701.A3cld.05x0625.nc4
2665.144,hit,false,0.000,11,291.372,211,GEOS_0.5x0.625/MERRA2/2019/07/MERRA2.20190701.A3cld.05x0625.nc4
2665.167,hit,false,0.000,11,291.395,211,GEOS_0.5x0.625/MERRA2/2019/07/MERRA2.20190701.A3cld.05x0625.nc4
2665.197,hit,false,0.000,11,291.422,212,GEOS_0.5x0.625/MERRA2/2019/07/MERRA2.20190701.A3cld.05x0625.nc4
2665.224,hit,false,0.000,11,291.449,212,GEOS_0.5x0.625/MERRA2/2019/07/MERRA2.20190701.A3cld.05x0625.nc4
2665.253,hit,false,0.000,11,291.479,212,GEOS_0.5x0.625/MERRA2/2019/07/MERRA2.20190701.A3cld.05x0625.nc4
2665.278,hit,false,0.000,11,291.503,212,GEOS_0.5x0.625/MERRA2/2019/07/MERRA2.20190701.A3cld.05x0625.nc4
2665.307,hit,false,0.000,11,291.532,212,GEOS_0.5x0.625/MERRA2/2019/07/MERRA2.20190701.A3cld.05x0625.nc4
2665.337,hit,false,0.000,11,291.562,212,GEOS_0.5x0.625/MERRA2/2019/07/MERRA2.20190701.A3cld.05x0625.nc4
2665.430,hit,false,0.000,11,291.655,212,GEOS_0.5x0.625/MERRA2/2019/07/MERRA2.20190701.A3cld.05x0625.nc4
2665.453,hit,false,0.000,11,291.678,212,GEOS_0.5x0.625/MERRA2/2019/07/MERRA2.20190701.A3cld.05x0625.nc4
2665.491,hit,false,0.000,11,291.714,213,GEOS_0.5x0.625/MERRA2/2019/07/MERRA2.20190701.A3cld.05x0625.nc4
2665.514,hit,false,0.000,11,291.737,213,GEOS_0.5x0.625/MERRA2/2019/07/MERRA2.20190701.A3cld.05x0625.nc4
2665.550,hit,false,0.000,11,291.772,213,GEOS_0.5x0.625/MERRA2/2019/07/MERRA2.20190701.A3cld.05x0625.nc4
2665.571,hit,false,0.000,11,291.794,213,GEOS_0.5x0.625/MERRA2/2019/07/MERRA2.20190701.A3cld.05x0625.nc4
2665.604,hit,false,0.000,11,291.826,213,GEOS_0.5x0.625/MERRA2/2019/07/MERRA2.20190701.A3cld.05x0625.nc4
2665.628,hit,false,0.000,11,291.851,213,GEOS_0.5x0.625/MERRA2/2019/07/MERRA2.20190701.A3cld.05x0625.nc4
2665.663,hit,false,0.000,11,291.886,213,GEOS_0.5x0.625/MERRA2/2019/07/MERRA2.20190701.A3cld.05x0625.nc4
2665.685,hit,false,0.000,11,291.908,213,GEOS_0.5x0.625/MERRA2/2019/07/MERRA2.20190701.A3cld.05x0625.nc4
2665.715,hit,false,0.000,11,291.934,214,GEOS_0.5x0.625/MERRA2/2019/07/MERRA2.20190701.A3cld.05x0625.nc4
2665.746,hit,false,0.000,11,291.964,214,GEOS_0.5x0.625/MERRA2/2019/07/MERRA2.20190701.A3cld.05x0625.nc4
2665.768,hit,false,0.000,11,291.986,214,GEOS_0.5x0.625/MERRA2/2019/07/MERRA2.20190701.A3cld.05x0625.nc4
2665.802,hit,false,0.000,11,292.020,214,GEOS_0.5x0.625/MERRA2/2019/07/MERRA2.20190701.A3cld.05x0625.nc4
2665.824,hit,false,0.000,11,292.043,214,GEOS_0.5x0.625/MERRA2/2019/07/MERRA2.20190701.A3cld.05x0625.nc4
2665.856,hit,false,0.000,11,292.074,214,GEOS_0.5x0.625/MERRA2/2019/07/MERRA2.20190701.A3cld.05x0625.nc4
2665.881,hit,false,0.000,11,292.099,214,GEOS_0.5x0.625/MERRA2/2019/07/MERRA2.20190701.A3cld.05x0625.nc4
2665.911,hit,false,0.000,11,292.130,214,GEOS_0.5x0.625/MERRA2/2019/07/MERRA2.20190701.A3cld.05x0625.nc4
2665.934,hit,false,0.000,11,292.150,215,GEOS_0.5x0.625/MERRA2/2019/07/MERRA2.20190701.A3cld.05x0625.nc4
2665.969,hit,false,0.000,11,292.185,215,GEOS_0.5x0.625/MERRA2/2019/07/MERRA2.20190701.A3cld.05x0625.nc4
2665.991,hit,false,0.000,11,292.207,215,GEOS_0.5x0.625/MERRA2/2019/07/MERRA2.20190701.A3cld.05x0625.nc4
2666.022,hit,false,0.000,11,292.239,215,GEOS_0.5x0.625/MERRA2/2019/07/MERRA2.20190701.A3cld.05x0625.nc4
2666.047,hit,false,0.000,11,292.264,215,GEOS_0.5x0.625/MERRA2/2019/07/MERRA2.20190701.A3cld.05x0625.nc4
2666.077,hit,false,0.000,11,292.294,215,GEOS_0.5x0.625/MERRA2/2019/07/MERRA2.20190701.A3cld.05x0625.nc4
2666.105,hit,false,0.000,11,292.321,215,GEOS_0.5x0.625/MERRA2/2019/07/MERRA2.20190701.A3cld.05x0625.nc4
2666.129,hit,false,0.000,11,292.345,215,GEOS_0.5x0.625/MERRA2/2019/07/MERRA2.20190701.A3cld.05x0625.nc4
2666.158,hit,false,0.000,11,292.405,216,GEOS_0.5x0.625/MERRA2/2019/07/MERRA2.20190701.A3cld.05x0625.nc4
2666.188,hit,false,0.000,11,292.435,216,GEOS_0.5x0.625/MERRA2/2019/07/MERRA2.20190701.A3cld.05x0625.nc4
2666.231,hit,false,0.000,11,292.478,216,GEOS_0.5x0.625/MERRA2/2019/07/MERRA2.20190701.A3cld.05x0625.nc4
2666.253,hit,false,0.000,11,292.500,216,GEOS_0.5x0.625/MERRA2/2019/07/MERRA2.20190701.A3cld.05x0625.nc4
2666.286,hit,false,0.000,11,292.533,216,GEOS_0.5x0.625/MERRA2/2019/07/MERRA2.20190701.A3cld.05x0625.nc4
2666.311,hit,false,0.000,11,292.558,216,GEOS_0.5x0.625/MERRA2/2019/07/MERRA2.20190701.A3cld.05x0625.nc4
2666.342,hit,false,0.000,11,292.589,216,GEOS_0.5x0.625/MERRA2/2019/07/MERRA2.20190701.A3cld.05x0625.nc4
2666.368,hit,false,0.000,11,292.615,216,GEOS_0.5x0.625/MERRA2/2019/07/MERRA2.20190701.A3cld.05x0625.nc4
2666.399,hit,false,0.000,11,292.643,217,GEOS_0.5x0.625/MERRA2/2019/07/MERRA2.20190701.A3cld.05x0625.nc4
2666.424,hit,false,0.000,11,292.667,217,GEOS_0.5x0.625/MERRA2/2019/07/MERRA2.20190701.A3cld.05x0625.nc4
2666.462,hit,false,0.000,11,292.705,217,GEOS_0.5x0.625/MERRA2/2019/07/MERRA2.20190701.A3cld.05x0625.nc4
2666.485,hit,false,0.000,11,292.728,217,GEOS_0.5x0.625/MERRA2/2019/07/MERRA2.20190701.A3cld.05x0625.nc4
2666.520,hit,false,0.000,11,292.763,217,GEOS_0.5x0.625/MERRA2/2019/07/MERRA2.20190701.A3cld.05x0625.nc4
2666.542,hit,false,0.000,11,292.785,217,GEOS_0.5x0.625/MERRA2/2019/07/MERRA2.20190701.A3cld.05x0625.nc4
2666.578,hit,false,0.000,11,292.821,217,GEOS_0.5x0.625/MERRA2/2019/07/MERRA2.20190701.A3cld.05x0625.nc4
2666.600,hit,false,0.000,11,292.843,217,GEOS_0.5x0.625/MERRA2/2019/07/MERRA2.20190701.A3cld.05x0625.nc4
2666.637,hit,false,0.000,11,292.878,218,GEOS_0.5x0.625/MERRA2/2019/07/MERRA2.20190701.A3cld.05x0625.nc4
2666.661,hit,false,0.000,11,292.902,218,GEOS_0.5x0.625/MERRA2/2019/07/MERRA2.20190701.A3cld.05x0625.nc4
2666.697,hit,false,0.000,11,292.938,218,GEOS_0.5x0.625/MERRA2/2019/07/MERRA2.20190701.A3cld.05x0625.nc4
2666.719,hit,false,0.000,11,292.960,218,GEOS_0.5x0.625/MERRA2/2019/07/MERRA2.20190701.A3cld.05x0625.nc4
2666.754,hit,false,0.000,11,292.995,218,GEOS_0.5x0.625/MERRA2/2019/07/MERRA2.20190701.A3cld.05x0625.nc4
2666.776,hit,false,0.000,11,293.017,218,GEOS_0.5x0.625/MERRA2/2019/07/MERRA2.20190701.A3cld.05x0625.nc4
2666.809,hit,false,0.000,11,293.049,218,GEOS_0.5x0.625/MERRA2/2019/07/MERRA2.20190701.A3cld.05x0625.nc4
2666.833,hit,false,0.000,11,293.074,218,GEOS_0.5x0.625/MERRA2/2019/07/MERRA2.20190701.A3cld.05x0625.nc4
2666.863,hit,false,0.000,11,293.102,219,GEOS_0.5x0.625/MERRA2/2019/07/MERRA2.20190701.A3cld.05x0625.nc4
2666.889,hit,false,0.000,11,293.128,219,GEOS_0.5x0.625/MERRA2/2019/07/MERRA2.20190701.A3cld.05x0625.nc4
2666.922,hit,false,0.000,11,293.161,219,GEOS_0.5x0.625/MERRA2/2019/07/MERRA2.20190701.A3cld.05x0625.nc4
2666.951,hit,false,0.000,11,293.190,219,GEOS_0.5x0.625/MERRA2/2019/07/MERRA2.20190701.A3cld.05x0625.nc4
2666.983,hit,false,0.000,11,293.222,219,GEOS_0.5x0.625/MERRA2/2019/07/MERRA2.20190701.A3cld.05x0625.nc4
2667.007,hit,false,0.000,11,293.245,219,GEOS_0.5x0.625/MERRA2/2019/07/MERRA2.20190701.A3cld.05x0625.nc4
2667.040,hit,false,0.000,11,293.278,219,GEOS_0.5x0.625/MERRA2/2019/07/MERRA2.20190701.A3cld.05x0625.nc4
2667.062,hit,false,0.000,11,293.301,219,GEOS_0.5x0.625/MERRA2/2019/07/MERRA2.20190701.A3cld.05x0625.nc4
2667.097,hit,false,0.000,11,293.333,220,GEOS_0.5x0.625/MERRA2/2019/07/MERRA2.20190701.A3cld.05x0625.nc4
2667.121,hit,false,0.000,11,293.357,220,GEOS_0.5x0.625/MERRA2/2019/07/MERRA2.20190701.A3cld.05x0625.nc4
2667.153,hit,false,0.000,11,293.389,220,GEOS_0.5x0.625/MERRA2/2019/07/MERRA2.20190701.A3cld.05x0625.nc4
2667.181,hit,false,0.000,11,293.417,220,GEOS_0.5x0.625/MERRA2/2019/07/MERRA2.20190701.A3cld.05x0625.nc4
2667.209,hit,false,0.000,11,293.445,220,GEOS_0.5x0.625/MERRA2/2019/07/MERRA2.20190701.A3cld.05x0625.nc4
2667.314,hit,false,0.000,11,293.550,220,GEOS_0.5x0.625/MERRA2/2019/07/MERRA2.20190701.A3cld.05x0625.nc4
2667.337,hit,false,0.000,11,293.573,220,GEOS_0.5x0.625/MERRA2/2019/07/MERRA2.20190701.A3cld.05x0625.nc4
2667.370,hit,false,0.000,11,293.606,220,GEOS_0.5x0.625/MERRA2/2019/07/MERRA2.20190701.A3cld.05x0625.nc4
2667.395,hit,false,0.000,11,293.628,221,GEOS_0.5x0.625/MERRA2/2019/07/MERRA2.20190701.A3cld.05x0625.nc4
2667.429,hit,false,0.000,11,293.663,221,GEOS_0.5x0.625/MERRA2/2019/07/MERRA2.20190701.A3cld.05x0625.nc4
2667.455,hit,false,0.000,11,293.688,221,GEOS_0.5x0.625/MERRA2/2019/07/MERRA2.20190701.A3cld.05x0625.nc4
2667.485,hit,false,0.000,11,293.719,221,GEOS_0.5x0.625/MERRA2/2019/07/MERRA2.20190701.A3cld.05x0625.nc4
2667.514,hit,false,0.000,11,293.747,221,GEOS_0.5x0.625/MERRA2/2019/07/MERRA2.20190701.A3cld.05x0625.nc4
2667.544,hit,false,0.000,11,293.778,221,GEOS_0.5x0.625/MERRA2/2019/07/MERRA2.20190701.A3cld.05x0625.nc4
2667.575,hit,false,0.000,11,293.808,221,GEOS_0.5x0.625/MERRA2/2019/07/MERRA2.20190701.A3cld.05x0625.nc4
2667.606,hit,false,0.000,11,293.840,221,GEOS_0.5x0.625/MERRA2/2019/07/MERRA2.20190701.A3cld.05x0625.nc4
2667.629,hit,false,0.000,11,293.861,222,GEOS_0.5x0.625/MERRA2/2019/07/MERRA2.20190701.A3cld.05x0625.nc4
2667.663,hit,false,0.000,11,293.895,222,GEOS_0.5x0.625/MERRA2/2019/07/MERRA2.20190701.A3cld.05x0625.nc4
2667.687,hit,false,0.000,11,293.919,222,GEOS_0.5x0.625/MERRA2/2019/07/MERRA2.20190701.A3cld.05x0625.nc4
2667.717,hit,false,0.000,11,293.949,222,GEOS_0.5x0.625/MERRA2/2019/07/MERRA2.20190701.A3cld.05x0625.nc4
2667.742,hit,false,0.000,11,293.974,222,GEOS_0.5x0.625/MERRA2/2019/07/MERRA2.20190701.A3cld.05x0625.nc4
2667.773,hit,false,0.000,11,294.005,222,GEOS_0.5x0.625/MERRA2/2019/07/MERRA2.20190701.A3cld.05x0625.nc4
2667.800,hit,false,0.000,11,294.032,222,GEOS_0.5x0.625/MERRA2/2019/07/MERRA2.20190701.A3cld.05x0625.nc4
2667.831,hit,false,0.000,11,294.063,222,GEOS_0.5x0.625/MERRA2/2019/07/MERRA2.20190701.A3cld.05x0625.nc4
2667.859,hit,false,0.000,11,294.090,223,GEOS_0.5x0.625/MERRA2/2019/07/MERRA2.20190701.A3cld.05x0625.nc4
2667.889,hit,false,0.000,11,294.119,223,GEOS_0.5x0.625/MERRA2/2019/07/MERRA2.20190701.A3cld.05x0625.nc4
2667.918,hit,false,0.000,11,294.148,223,GEOS_0.5x0.625/MERRA2/2019/07/MERRA2.20190701.A3cld.05x0625.nc4
2667.948,hit,false,0.000,11,294.178,223,GEOS_0.5x0.625/MERRA2/2019/07/MERRA2.20190701.A3cld.05x0625.nc4
2667.977,hit,false,0.000,11,294.207,223,GEOS_0.5x0.625/MERRA2/2019/07/MERRA2.20190701.A3cld.05x0625.nc4
2668.007,hit,false,0.000,11,294.237,223,GEOS_0.5x0.625/MERRA2/2019/07/MERRA2.20190701.A3cld.05x0625.nc4
2668.038,hit,false,0.000,11,294.268,223,GEOS_0.5x0.625/MERRA2/2019/07/MERRA2.20190701.A3cld.05x0625.nc4
2668.061,hit,false,0.000,11,294.291,223,GEOS_0.5x0.625/MERRA2/2019/07/MERRA2.20190701.A3cld.05x0625.nc4
2668.094,hit,false,0.000,11,294.340,224,GEOS_0.5x0.625/MERRA2/2019/07/MERRA2.20190701.A3cld.05x0625.nc4
2668.121,hit,false,0.000,11,294.367,224,GEOS_0.5x0.625/MERRA2/2019/07/MERRA2.20190701.A3cld.05x0625.nc4
2668.166,hit,false,0.000,11,294.413,224,GEOS_0.5x0.625/MERRA2/2019/07/MERRA2.20190701.A3cld.05x0625.nc4
2668.187,hit,false,0.000,11,294.434,224,GEOS_0.5x0.625/MERRA2/2019/07/MERRA2.20190701.A3cld.05x0625.nc4
2668.226,hit,false,0.000,11,294.473,224,GEOS_0.5x0.625/MERRA2/2019/07/MERRA2.20190701.A3cld.05x0625.nc4
2668.248,hit,false,0.000,11,294.494,224,GEOS_0.5x0.625/MERRA2/2019/07/MERRA2.20190701.A3cld.05x0625.nc4
2668.290,hit,false,0.000,11,294.537,224,GEOS_0.5x0.625/MERRA2/2019/07/MERRA2.20190701.A3cld.05x0625.nc4
2668.311,hit,false,0.000,11,294.558,224,GEOS_0.5x0.625/MERRA2/2019/07/MERRA2.20190701.A3cld.05x0625.nc4
2668.352,hit,false,0.000,11,294.596,225,GEOS_0.5x0.625/MERRA2/2019/07/MERRA2.20190701.A3cld.05x0625.nc4
2668.375,hit,false,0.000,11,294.619,225,GEOS_0.5x0.625/MERRA2/2019/07/MERRA2.20190701.A3cld.05x0625.nc4
2668.410,hit,false,0.000,11,294.654,225,GEOS_0.5x0.625/MERRA2/2019/07/MERRA2.20190701.A3cld.05x0625.nc4
2668.433,hit,false,0.000,11,294.676,225,GEOS_0.5x0.625/MERRA2/2019/07/MERRA2.20190701.A3cld.05x0625.nc4
2668.465,hit,false,0.000,11,294.709,225,GEOS_0.5x0.625/MERRA2/2019/07/MERRA2.20190701.A3cld.05x0625.nc4
2668.490,hit,false,0.000,11,294.734,225,GEOS_0.5x0.625/MERRA2/2019/07/MERRA2.20190701.A3cld.05x0625.nc4
2668.532,hit,false,0.000,11,294.776,225,GEOS_0.5x0.625/MERRA2/2019/07/MERRA2.20190701.A3cld.05x0625.nc4
2668.554,hit,false,0.000,11,294.798,225,GEOS_0.5x0.625/MERRA2/2019/07/MERRA2.20190701.A3cld.05x0625.nc4
2668.586,hit,false,0.000,11,294.826,226,GEOS_0.5x0.625/MERRA2/2019/07/MERRA2.20190701.A3cld.05x0625.nc4
2668.612,hit,false,0.000,11,294.853,226,GEOS_0.5x0.625/MERRA2/2019/07/MERRA2.20190701.A3cld.05x0625.nc4
2668.644,hit,false,0.000,11,294.884,226,GEOS_0.5x0.625/MERRA2/2019/07/MERRA2.20190701.A3cld.05x0625.nc4
2668.667,hit,false,0.000,11,294.907,226,GEOS_0.5x0.625/MERRA2/2019/07/MERRA2.20190701.A3cld.05x0625.nc4
2668.702,hit,false,0.000,11,294.943,226,GEOS_0.5x0.625/MERRA2/2019/07/MERRA2.20190701.A3cld.05x0625.nc4
2668.729,hit,false,0.000,11,294.970,226,GEOS_0.5x0.625/MERRA2/2019/07/MERRA2.20190701.A3cld.05x0625.nc4
2668.759,hit,false,0.000,11,295.000,226,GEOS_0.5x0.625/MERRA2/2019/07/MERRA2.20190701.A3cld.05x0625.nc4
2668.791,hit,false,0.000,11,295.032,226,GEOS_0.5x0.625/MERRA2/2019/07/MERRA2.20190701.A3cld.05x0625.nc4
2668.819,hit,false,0.000,11,295.058,227,GEOS_0.5x0.625/MERRA2/2019/07/MERRA2.20190701.A3cld.05x0625.nc4
2668.851,hit,false,0.000,11,295.089,227,GEOS_0.5x0.625/MERRA2/2019/07/MERRA2.20190701.A3cld.05x0625.nc4
2668.878,hit,false,0.000,11,295.117,227,GEOS_0.5x0.625/MERRA2/2019/07/MERRA2.20190701.A3cld.05x0625.nc4
2668.911,hit,false,0.000,11,295.150,227,GEOS_0.5x0.625/MERRA2/2019/07/MERRA2.20190701.A3cld.05x0625.nc4
2668.934,hit,false,0.000,11,295.173,227,GEOS_0.5x0.625/MERRA2/2019/07/MERRA2.20190701.A3cld.05x0625.nc4
2668.973,hit,false,0.000,11,295.212,227,GEOS_0.5x0.625/MERRA2/2019/07/MERRA2.20190701.A3cld.05x0625.nc4
2668.997,hit,false,0.000,11,295.236,227,GEOS_0.5x0.625/MERRA2/2019/07/MERRA2.20190701.A3cld.05x0625.nc4
2669.030,hit,false,0.000,11,295.269,227,GEOS_0.5x0.625/MERRA2/2019/07/MERRA2.20190701.A3cld.05x0625.nc4
2669.055,hit,false,0.000,10,295.292,228,GEOS_0.5x0.625/MERRA2/2019/07/MERRA2.20190701.A3cld.05x0625.nc4
2669.090,hit,false,0.000,10,295.327,228,GEOS_0.5x0.625/MERRA2/2019/07/MERRA2.20190701.A3cld.05x0625.nc4
2669.113,hit,false,0.000,10,295.350,228,GEOS_0.5x0.625/MERRA2/2019/07/MERRA2.20190701.A3cld.05x0625.nc4
2669.146,hit,false,0.000,10,295.383,228,GEOS_0.5x0.625/MERRA2/2019/07/MERRA2.20190701.A3cld.05x0625.nc4
2669.241,hit,false,0.000,10,295.478,228,GEOS_0.5x0.625/MERRA2/2019/07/MERRA2.20190701.A3cld.05x0625.nc4
2669.263,hit,false,0.000,10,295.500,228,GEOS_0.5x0.625/MERRA2/2019/07/MERRA2.20190701.A3cld.05x0625.nc4
2669.301,hit,false,0.000,10,295.538,228,GEOS_0.5x0.625/MERRA2/2019/07/MERRA2.20190701.A3cld.05x0625.nc4
2669.324,hit,false,0.000,10,295.561,228,GEOS_0.5x0.625/MERRA2/2019/07/MERRA2.20190701.A3cld.05x0625.nc4
2669.361,hit,false,0.000,10,295.595,229,GEOS_0.5x0.625/MERRA2/2019/07/MERRA2.20190701.A3cld.05x0625.nc4
2669.387,hit,false,0.000,10,295.621,229,GEOS_0.5x0.625/MERRA2/2019/07/MERRA2.20190701.A3cld.05x0625.nc4
2669.419,hit,false,0.000,10,295.653,229,GEOS_0.5x0.625/MERRA2/2019/07/MERRA2.20190701.A3cld.05x0625.nc4
2669.444,hit,false,0.000,10,295.678,229,GEOS_0.5x0.625/MERRA2/2019/07/MERRA2.20190701.A3cld.05x0625.nc4
2669.476,hit,false,0.000,10,295.711,229,GEOS_0.5x0.625/MERRA2/2019/07/MERRA2.20190701.A3cld.05x0625.nc4
2669.500,hit,false,0.000,10,295.734,229,GEOS_0.5x0.625/MERRA2/2019/07/MERRA2.20190701.A3cld.05x0625.nc4
2669.532,hit,false,0.000,10,295.766,229,GEOS_0.5x0.625/MERRA2/2019/07/MERRA2.20190701.A3cld.05x0625.nc4
2669.556,hit,false,0.000,10,295.790,229,GEOS_0.5x0.625/MERRA2/2019/07/MERRA2.20190701.A3cld.05x0625.nc4
2669.588,hit,false,0.000,10,295.820,230,GEOS_0.5x0.625/MERRA2/2019/07/MERRA2.20190701.A3cld.05x0625.nc4
2669.619,hit,false,0.000,10,295.851,230,GEOS_0.5x0.625/MERRA2/2019/07/MERRA2.20190701.A3cld.05x0625.nc4
2669.642,hit,false,0.000,10,295.874,230,GEOS_0.5x0.625/MERRA2/2019/07/MERRA2.20190701.A3cld.05x0625.nc4
2669.674,hit,false,0.000,10,295.907,230,GEOS_0.5x0.625/MERRA2/2019/07/MERRA2.20190701.A3cld.05x0625.nc4
2669.700,hit,false,0.000,10,295.933,230,GEOS_0.5x0.625/MERRA2/2019/07/MERRA2.20190701.A3cld.05x0625.nc4
2669.730,hit,false,0.000,10,295.963,230,GEOS_0.5x0.625/MERRA2/2019/07/MERRA2.20190701.A3cld.05x0625.nc4
2669.752,hit,false,0.000,10,295.985,230,GEOS_0.5x0.625/MERRA2/2019/07/MERRA2.20190701.A3cld.05x0625.nc4
2669.784,hit,false,0.000,10,296.017,230,GEOS_0.5x0.625/MERRA2/2019/07/MERRA2.20190701.A3cld.05x0625.nc4
2669.810,hit,false,0.000,10,296.040,231,GEOS_0.5x0.625/MERRA2/2019/07/MERRA2.20190701.A3cld.05x0625.nc4
2669.843,hit,false,0.000,10,296.073,231,GEOS_0.5x0.625/MERRA2/2019/07/MERRA2.20190701.A3cld.05x0625.nc4
2669.865,hit,false,0.000,10,296.095,231,GEOS_0.5x0.625/MERRA2/2019/07/MERRA2.20190701.A3cld.05x0625.nc4
2669.897,hit,false,0.000,10,296.127,231,GEOS_0.5x0.625/MERRA2/2019/07/MERRA2.20190701.A3cld.05x0625.nc4
2669.922,hit,false,0.000,10,296.152,231,GEOS_0.5x0.625/MERRA2/2019/07/MERRA2.20190701.A3cld.05x0625.nc4
2669.952,hit,false,0.000,10,296.182,231,GEOS_0.5x0.625/MERRA2/2019/07/MERRA2.20190701.A3cld.05x0625.nc4
2669.977,hit,false,0.000,10,296.207,231,GEOS_0.5x0.625/MERRA2/2019/07/MERRA2.20190701.A3cld.05x0625.nc4
2670.010,hit,false,0.000,10,296.240,231,GEOS_0.5x0.625/MERRA2/2019/07/MERRA2.20190701.A3cld.05x0625.nc4
2670.039,hit,false,0.000,10,296.224,232,GEOS_0.5x0.625/MERRA2/2019/07/MERRA2.20190701.A3cld.05x0625.nc4
2670.069,hit,false,0.000,10,296.255,232,GEOS_0.5x0.625/MERRA2/2019/07/MERRA2.20190701.A3cld.05x0625.nc4
2670.112,hit,false,0.000,10,296.297,232,GEOS_0.5x0.625/MERRA2/2019/07/MERRA2.20190701.A3cld.05x0625.nc4
2670.133,hit,false,0.000,10,296.318,232,GEOS_0.5x0.625/MERRA2/2019/07/MERRA2.20190701.A3cld.05x0625.nc4
2670.169,hit,false,0.000,10,296.354,232,GEOS_0.5x0.625/MERRA2/2019/07/MERRA2.20190701.A3cld.05x0625.nc4
2670.191,hit,false,0.000,10,296.377,232,GEOS_0.5x0.625/MERRA2/2019/07/MERRA2.20190701.A3cld.05x0625.nc4
2670.222,hit,false,0.000,10,296.408,232,GEOS_0.5x0.625/MERRA2/2019/07/MERRA2.20190701.A3cld.05x0625.nc4
2670.248,hit,false,0.000,10,296.433,232,GEOS_0.5x0.625/MERRA2/2019/07/MERRA2.20190701.A3cld.05x0625.nc4
2670.277,hit,false,0.000,10,296.398,233,GEOS_0.5x0.625/MERRA2/2019/07/MERRA2.20190701.A3cld.05x0625.nc4
2670.302,hit,false,0.000,10,296.423,233,GEOS_0.5x0.625/MERRA2/2019/07/MERRA2.20190701.A3cld.05x0625.nc4
2670.335,hit,false,0.000,10,296.456,233,GEOS_0.5x0.625/MERRA2/2019/07/MERRA2.20190701.A3cld.05x0625.nc4
2670.361,hit,false,0.000,10,296.482,233,GEOS_0.5x0.625/MERRA2/2019/07/MERRA2.20190701.A3cld.05x0625.nc4
2670.391,hit,false,0.000,10,296.513,233,GEOS_0.5x0.625/MERRA2/2019/07/MERRA2.20190701.A3cld.05x0625.nc4
2670.415,hit,false,0.000,10,296.536,233,GEOS_0.5x0.625/MERRA2/2019/07/MERRA2.20190701.A3cld.05x0625.nc4
2670.447,hit,false,0.000,10,296.569,233,GEOS_0.5x0.625/MERRA2/2019/07/MERRA2.20190701.A3cld.05x0625.nc4
2670.469,hit,false,0.000,10,296.590,233,GEOS_0.5x0.625/MERRA2/2019/07/MERRA2.20190701.A3cld.05x0625.nc4
2670.501,hit,false,0.000,10,296.620,234,GEOS_0.5x0.625/MERRA2/2019/07/MERRA2.20190701.A3cld.05x0625.nc4
2670.528,hit,false,0.000,10,296.648,234,GEOS_0.5x0.625/MERRA2/2019/07/MERRA2.20190701.A3cld.05x0625.nc4
2670.558,hit,false,0.000,10,296.678,234,GEOS_0.5x0.625/MERRA2/2019/07/MERRA2.20190701.A3cld.05x0625.nc4
2670.581,hit,false,0.000,10,296.700,234,GEOS_0.5x0.625/MERRA2/2019/07/MERRA2.20190701.A3cld.05x0625.nc4
2670.612,hit,false,0.000,10,296.732,234,GEOS_0.5x0.625/MERRA2/2019/07/MERRA2.20190701.A3cld.05x0625.nc4
2670.636,hit,false,0.000,10,296.756,234,GEOS_0.5x0.625/MERRA2/2019/07/MERRA2.20190701.A3cld.05x0625.nc4
2670.669,hit,false,0.000,10,296.788,234,GEOS_0.5x0.625/MERRA2/2019/07/MERRA2.20190701.A3cld.05x0625.nc4
2670.694,hit,false,0.000,10,296.813,234,GEOS_0.5x0.625/MERRA2/2019/07/MERRA2.20190701.A3cld.05x0625.nc4
2670.723,hit,false,0.000,10,296.841,235,GEOS_0.5x0.625/MERRA2/2019/07/MERRA2.20190701.A3cld.05x0625.nc4
2670.753,hit,false,0.000,10,296.871,235,GEOS_0.5x0.625/MERRA2/2019/07/MERRA2.20190701.A3cld.05x0625.nc4
2670.783,hit,false,0.000,10,296.901,235,GEOS_0.5x0.625/MERRA2/2019/07/MERRA2.20190701.A3cld.05x0625.nc4
2670.810,hit,false,0.000,10,296.928,235,GEOS_0.5x0.625/MERRA2/2019/07/MERRA2.20190701.A3cld.05x0625.nc4
2670.839,hit,false,0.000,10,296.957,235,GEOS_0.5x0.625/MERRA2/2019/07/MERRA2.20190701.A3cld.05x0625.nc4
2670.868,hit,false,0.000,10,296.986,235,GEOS_0.5x0.625/MERRA2/2019/07/MERRA2.20190701.A3cld.05x0625.nc4
2670.895,hit,false,0.000,10,297.013,235,GEOS_0.5x0.625/MERRA2/2019/07/MERRA2.20190701.A3cld.05x0625.nc4
2670.924,hit,false,0.000,10,297.042,235,GEOS_0.5x0.625/MERRA2/2019/07/MERRA2.20190701.A3cld.05x0625.nc4
2670.951,hit,false,0.000,10,297.065,236,GEOS_0.5x0.625/MERRA2/2019/07/MERRA2.20190701.A3cld.05x0625.nc4
2670.982,hit,false,0.000,10,297.095,236,GEOS_0.5x0.625/MERRA2/2019/07/MERRA2.20190701.A3cld.05x0625.nc4
2671.007,hit,false,0.000,10,297.121,236,GEOS_0.5x0.625/MERRA2/2019/07/MERRA2.20190701.A3cld.05x0625.nc4
2671.106,hit,false,0.000,10,297.220,236,GEOS_0.5x0.625/MERRA2/2019/07/MERRA2.20190701.A3cld.05x0625.nc4
2671.129,hit,false,0.000,10,297.242,236,GEOS_0.5x0.625/MERRA2/2019/07/MERRA2.20190701.A3cld.05x0625.nc4
2671.161,hit,false,0.000,10,297.275,236,GEOS_0.5x0.625/MERRA2/2019/07/MERRA2.20190701.A3cld.05x0625.nc4
2671.189,hit,false,0.000,10,297.303,236,GEOS_0.5x0.625/MERRA2/2019/07/MERRA2.20190701.A3cld.05x0625.nc4
2671.217,hit,false,0.000,10,297.331,236,GEOS_0.5x0.625/MERRA2/2019/07/MERRA2.20190701.A3cld.05x0625.nc4
2671.252,hit,false,0.000,10,297.364,237,GEOS_0.5x0.625/MERRA2/2019/07/MERRA2.20190701.A3cld.05x0625.nc4
2671.282,hit,false,0.000,10,297.394,237,GEOS_0.5x0.625/MERRA2/2019/07/MERRA2.20190701.A3cld.05x0625.nc4
2671.311,hit,false,0.000,10,297.423,237,GEOS_0.5x0.625/MERRA2/2019/07/MERRA2.20190701.A3cld.05x0625.nc4
2671.336,hit,false,0.000,10,297.448,237,GEOS_0.5x0.625/MERRA2/2019/07/MERRA2.20190701.A3cld.05x0625.nc4
2671.368,hit,false,0.000,10,297.480,237,GEOS_0.5x0.625/MERRA2/2019/07/MERRA2.20190701.A3cld.05x0625.nc4
2671.390,hit,false,0.000,10,297.502,237,GEOS_0.5x0.625/MERRA2/2019/07/MERRA2.20190701.A3cld.05x0625.nc4
2671.422,hit,false,0.000,10,297.534,237,GEOS_0.5x0.625/MERRA2/2019/07/MERRA2.20190701.A3cld.05x0625.nc4
2671.447,hit,false,0.000,10,297.559,237,GEOS_0.5x0.625/MERRA2/2019/07/MERRA2.20190701.A3cld.05x0625.nc4
2671.478,hit,false,0.000,10,297.588,238,GEOS_0.5x0.625/MERRA2/2019/07/MERRA2.20190701.A3cld.05x0625.nc4
2671.510,hit,false,0.000,10,297.620,238,GEOS_0.5x0.625/MERRA2/2019/07/MERRA2.20190701.A3cld.05x0625.nc4
2671.537,hit,false,0.000,10,297.647,238,GEOS_0.5x0.625/MERRA2/2019/07/MERRA2.20190701.A3cld.05x0625.nc4
2671.568,hit,false,0.000,10,297.678,238,GEOS_0.5x0.625/MERRA2/2019/07/MERRA2.20190701.A3cld.05x0625.nc4
2671.593,hit,false,0.000,10,297.703,238,GEOS_0.5x0.625/MERRA2/2019/07/MERRA2.20190701.A3cld.05x0625.nc4
2671.630,hit,false,0.000,10,297.740,238,GEOS_0.5x0.625/MERRA2/2019/07/MERRA2.20190701.A3cld.05x0625.nc4
2671.653,hit,false,0.000,10,297.763,238,GEOS_0.5x0.625/MERRA2/2019/07/MERRA2.20190701.A3cld.05x0625.nc4
2671.684,hit,false,0.000,10,297.794,238,GEOS_0.5x0.625/MERRA2/2019/07/MERRA2.20190701.A3cld.05x0625.nc4
2671.708,hit,false,0.000,10,297.816,239,GEOS_0.5x0.625/MERRA2/2019/07/MERRA2.20190701.A3cld.05x0625.nc4
2671.741,hit,false,0.000,10,297.849,239,GEOS_0.5x0.625/MERRA2/2019/07/MERRA2.20190701.A3cld.05x0625.nc4
2671.766,hit,false,0.000,10,297.874,239,GEOS_0.5x0.625/MERRA2/2019/07/MERRA2.20190701.A3cld.05x0625.nc4
2671.798,hit,false,0.000,10,297.906,239,GEOS_0.5x0.625/MERRA2/2019/07/MERRA2.20190701.A3cld.05x0625.nc4
2671.826,hit,false,0.000,10,297.934,239,GEOS_0.5x0.625/MERRA2/2019/07/MERRA2.20190701.A3cld.05x0625.nc4
2671.854,hit,false,0.000,10,297.962,239,GEOS_0.5x0.625/MERRA2/2019/07/MERRA2.20190701.A3cld.05x0625.nc4
2671.880,hit,false,0.000,10,297.988,239,GEOS_0.5x0.625/MERRA2/2019/07/MERRA2.20190701.A3cld.05x0625.nc4
2671.909,hit,false,0.000,10,298.017,239,GEOS_0.5x0.625/MERRA2/2019/07/MERRA2.20190701.A3cld.05x0625.nc4
2671.933,hit,false,0.000,10,298.136,240,GEOS_0.5x0.625/MERRA2/2019/07/MERRA2.20190701.A3cld.05x0625.nc4
2671.965,hit,false,0.000,10,298.168,240,GEOS_0.5x0.625/MERRA2/2019/07/MERRA2.20190701.A3cld.05x0625.nc4
2672.002,hit,false,0.000,10,298.205,240,GEOS_0.5x0.625/MERRA2/2019/07/MERRA2.20190701.A3cld.05x0625.nc4
2672.025,hit,false,0.000,10,298.228,240,GEOS_0.5x0.625/MERRA2/2019/07/MERRA2.20190701.A3cld.05x0625.nc4
2672.057,hit,false,0.000,10,298.260,240,GEOS_0.5x0.625/MERRA2/2019/07/MERRA2.20190701.A3cld.05x0625.nc4
2672.082,hit,false,0.000,10,298.285,240,GEOS_0.5x0.625/MERRA2/2019/07/MERRA2.20190701.A3cld.05x0625.nc4
2672.112,hit,false,0.000,10,298.315,240,GEOS_0.5x0.625/MERRA2/2019/07/MERRA2.20190701.A3cld.05x0625.nc4
2672.136,hit,false,0.000,10,298.339,240,GEOS_0.5x0.625/MERRA2/2019/07/MERRA2.20190701.A3cld.05x0625.nc4
2672.173,hit,false,0.000,10,298.334,241,GEOS_0.5x0.625/MERRA2/2019/07/MERRA2.20190701.A3cld.05x0625.nc4
2672.198,hit,false,0.000,10,298.359,241,GEOS_0.5x0.625/MERRA2/2019/07/MERRA2.20190701.A3cld.05x0625.nc4
2672.234,hit,false,0.000,10,298.396,241,GEOS_0.5x0.625/MERRA2/2019/07/MERRA2.20190701.A3cld.05x0625.nc4
2672.258,hit,false,0.000,10,298.420,241,GEOS_0.5x0.625/MERRA2/2019/07/MERRA2.20190701.A3cld.05x0625.nc4
2672.290,hit,false,0.000,10,298.452,241,GEOS_0.5x0.625/MERRA2/2019/07/MERRA2.20190701.A3cld.05x0625.nc4
2672.315,hit,false,0.000,10,298.476,241,GEOS_0.5x0.625/MERRA2/2019/07/MERRA2.20190701.A3cld.05x0625.nc4
2672.343,hit,false,0.000,10,298.505,241,GEOS_0.5x0.625/MERRA2/2019/07/MERRA2.20190701.A3cld.05x0625.nc4
2672.374,hit,false,0.000,10,298.536,241,GEOS_0.5x0.625/MERRA2/2019/07/MERRA2.20190701.A3cld.05x0625.nc4
2672.397,hit,false,0.000,10,298.557,242,GEOS_0.5x0.625/MERRA2/2019/07/MERRA2.20190701.A3cld.05x0625.nc4
2672.437,hit,false,0.000,10,298.596,242,GEOS_0.5x0.625/MERRA2/2019/07/MERRA2.20190701.A3cld.05x0625.nc4
2672.458,hit,false,0.000,10,298.618,242,GEOS_0.5x0.625/MERRA2/2019/07/MERRA2.20190701.A3cld.05x0625.nc4
2672.493,hit,false,0.000,10,298.652,242,GEOS_0.5x0.625/MERRA2/2019/07/MERRA2.20190701.A3cld.05x0625.nc4
2672.516,hit,false,0.000,10,298.675,242,GEOS_0.5x0.625/MERRA2/2019/07/MERRA2.20190701.A3cld.05x0625.nc4
2672.552,hit,false,0.000,10,298.712,242,GEOS_0.5x0.625/MERRA2/2019/07/MERRA2.20190701.A3cld.05x0625.nc4
2672.576,hit,false,0.000,10,298.736,242,GEOS_0.5x0.625/MERRA2/2019/07/MERRA2.20190701.A3cld.05x0625.nc4
2672.608,hit,false,0.000,10,298.767,242,GEOS_0.5x0.625/MERRA2/2019/07/MERRA2.20190701.A3cld.05x0625.nc4
2672.631,hit,false,0.000,10,298.789,243,GEOS_0.5x0.625/MERRA2/2019/07/MERRA2.20190701.A3cld.05x0625.nc4
2672.669,hit,false,0.000,10,298.826,243,GEOS_0.5x0.625/MERRA2/2019/07/MERRA2.20190701.A3cld.05x0625.nc4
2672.691,hit,false,0.000,10,298.848,243,GEOS_0.5x0.625/MERRA2/2019/07/MERRA2.20190701.A3cld.05x0625.nc4
2672.727,hit,false,0.000,10,298.884,243,GEOS_0.5x0.625/MERRA2/2019/07/MERRA2.20190701.A3cld.05x0625.nc4
2672.749,hit,false,0.000,10,298.907,243,GEOS_0.5x0.625/MERRA2/2019/07/MERRA2.20190701.A3cld.05x0625.nc4
2672.783,hit,false,0.000,10,298.940,243,GEOS_0.5x0.625/MERRA2/2019/07/MERRA2.20190701.A3cld.05x0625.nc4
2672.808,hit,false,0.000,10,298.965,243,GEOS_0.5x0.625/MERRA2/2019/07/MERRA2.20190701.A3cld.05x0625.nc4
2672.838,hit,false,0.000,10,298.996,243,GEOS_0.5x0.625/MERRA2/2019/07/MERRA2.20190701.A3cld.05x0625.nc4
2672.862,hit,false,0.000,10,299.017,244,GEOS_0.5x0.625/MERRA2/2019/07/MERRA2.20190701.A3cld.05x0625.nc4
2672.895,hit,false,0.000,10,299.051,244,GEOS_0.5x0.625/MERRA2/2019/07/MERRA2.20190701.A3cld.05x0625.nc4
2672.988,hit,false,0.000,10,299.143,244,GEOS_0.5x0.625/MERRA2/2019/07/MERRA2.20190701.A3cld.05x0625.nc4
2673.010,hit,false,0.000,10,299.165,244,GEOS_0.5x0.625/MERRA2/2019/07/MERRA2.20190701.A3cld.05x0625.nc4
2673.047,hit,false,0.000,10,299.202,244,GEOS_0.5x0.625/MERRA2/2019/07/MERRA2.20190701.A3cld.05x0625.nc4
2673.069,hit,false,0.000,10,299.225,244,GEOS_0.5x0.625/MERRA2/2019/07/MERRA2.20190701.A3cld.05x0625.nc4
2673.119,hit,false,0.000,10,299.274,244,GEOS_0.5x0.625/MERRA2/2019/07/MERRA2.20190701.A3cld.05x0625.nc4
2673.142,hit,false,0.000,10,299.298,244,GEOS_0.5x0.625/MERRA2/2019/07/MERRA2.20190701.A3cld.05x0625.nc4
2673.186,hit,false,0.000,10,299.339,245,GEOS_0.5x0.625/MERRA2/2019/07/MERRA2.20190701.A3cld.05x0625.nc4
2673.214,hit,false,0.000,10,299.367,245,GEOS_0.5x0.625/MERRA2/2019/07/MERRA2.20190701.A3cld.05x0625.nc4
2673.243,hit,false,0.000,10,299.397,245,GEOS_0.5x0.625/MERRA2/2019/07/MERRA2.20190701.A3cld.05x0625.nc4
2673.266,hit,false,0.000,10,299.420,245,GEOS_0.5x0.625/MERRA2/2019/07/MERRA2.20190701.A3cld.05x0625.nc4
2673.302,hit,false,0.000,10,299.456,245,GEOS_0.5x0.625/MERRA2/2019/07/MERRA2.20190701.A3cld.05x0625.nc4
2673.324,hit,false,0.000,10,299.478,245,GEOS_0.5x0.625/MERRA2/2019/07/MERRA2.20190701.A3cld.05x0625.nc4
2673.357,hit,false,0.000,10,299.510,245,GEOS_0.5x0.625/MERRA2/2019/07/MERRA2.20190701.A3cld.05x0625.nc4
2673.381,hit,false,0.000,10,299.535,245,GEOS_0.5x0.625/MERRA2/2019/07/MERRA2.20190701.A3cld.05x0625.nc4
2673.413,hit,false,0.000,10,299.565,246,GEOS_0.5x0.625/MERRA2/2019/07/MERRA2.20190701.A3cld.05x0625.nc4
2673.440,hit,false,0.000,10,299.592,246,GEOS_0.5x0.625/MERRA2/2019/07/MERRA2.20190701.A3cld.05x0625.nc4
2673.473,hit,false,0.000,10,299.625,246,GEOS_0.5x0.625/MERRA2/2019/07/MERRA2.20190701.A3cld.05x0625.nc4
2673.498,hit,false,0.000,10,299.650,246,GEOS_0.5x0.625/MERRA2/2019/07/MERRA2.20190701.A3cld.05x0625.nc4
2673.530,hit,false,0.000,10,299.682,246,GEOS_0.5x0.625/MERRA2/2019/07/MERRA2.20190701.A3cld.05x0625.nc4
2673.559,hit,false,0.000,10,299.711,246,GEOS_0.5x0.625/MERRA2/2019/07/MERRA2.20190701.A3cld.05x0625.nc4
2673.586,hit,false,0.000,10,299.739,246,GEOS_0.5x0.625/MERRA2/2019/07/MERRA2.20190701.A3cld.05x0625.nc4
2673.616,hit,false,0.000,10,299.768,246,GEOS_0.5x0.625/MERRA2/2019/07/MERRA2.20190701.A3cld.05x0625.nc4
2673.640,hit,false,0.000,10,299.790,247,GEOS_0.5x0.625/MERRA2/2019/07/MERRA2.20190701.A3cld.05x0625.nc4
2673.674,hit,false,0.000,10,299.825,247,GEOS_0.5x0.625/MERRA2/2019/07/MERRA2.20190701.A3cld.05x0625.nc4
2673.702,hit,false,0.000,10,299.852,247,GEOS_0.5x0.625/MERRA2/2019/07/MERRA2.20190701.A3cld.05x0625.nc4
2673.733,hit,false,0.000,10,299.884,247,GEOS_0.5x0.625/MERRA2/2019/07/MERRA2.20190701.A3cld.05x0625.nc4
2673.756,hit,false,0.000,10,299.906,247,GEOS_0.5x0.625/MERRA2/2019/07/MERRA2.20190701.A3cld.05x0625.nc4
2673.791,hit,false,0.000,10,299.942,247,GEOS_0.5x0.625/MERRA2/2019/07/MERRA2.20190701.A3cld.05x0625.nc4
2673.813,hit,false,0.000,10,299.964,247,GEOS_0.5x0.625/MERRA2/2019/07/MERRA2.20190701.A3cld.05x0625.nc4
2673.847,hit,false,0.000,10,299.998,247,GEOS_0.5x0.625/MERRA2/2019/07/MERRA2.20190701.A3cld.05x0625.nc4
2673.870,hit,false,0.000,9,202.726,248,GEOS_0.5x0.625/MERRA2/2019/07/MERRA2.20190701.A3cld.05x0625.nc4
2673.905,hit,false,0.000,9,202.760,248,GEOS_0.5x0.625/MERRA2/2019/07/MERRA2.20190701.A3cld.05x0625.nc4
2673.936,hit,false,0.000,9,202.791,248,GEOS_0.5x0.625/MERRA2/2019/07/MERRA2.20190701.A3cld.05x0625.nc4
2673.959,hit,false,0.000,9,202.814,248,GEOS_0.5x0.625/MERRA2/2019/07/MERRA2.20190701.A3cld.05x0625.nc4
2673.993,hit,false,0.000,9,202.849,248,GEOS_0.5x0.625/MERRA2/2019/07/MERRA2.20190701.A3cld.05x0625.nc4
2674.016,hit,false,0.000,9,202.871,248,GEOS_0.5x0.625/MERRA2/2019/07/MERRA2.20190701.A3cld.05x0625.nc4
2674.049,hit,false,0.000,9,202.904,248,GEOS_0.5x0.625/MERRA2/2019/07/MERRA2.20190701.A3cld.05x0625.nc4
2674.072,hit,false,0.000,9,202.927,248,GEOS_0.5x0.625/MERRA2/2019/07/MERRA2.20190701.A3cld.05x0625.nc4
2674.109,hit,false,0.000,9,202.961,249,GEOS_0.5x0.625/MERRA2/2019/07/MERRA2.20190701.A3cld.05x0625.nc4
2674.134,hit,false,0.000,9,202.986,249,GEOS_0.5x0.625/MERRA2/2019/07/MERRA2.20190701.A3cld.05x0625.nc4
2674.166,hit,false,0.000,9,203.017,249,GEOS_0.5x0.625/MERRA2/2019/07/MERRA2.20190701.A3cld.05x0625.nc4
2674.190,hit,false,0.000,9,203.041,249,GEOS_0.5x0.625/MERRA2/2019/07/MERRA2.20190701.A3cld.05x0625.nc4
2674.219,hit,false,0.000,9,203.070,249,GEOS_0.5x0.625/MERRA2/2019/07/MERRA2.20190701.A3cld.05x0625.nc4
2674.244,hit,false,0.000,9,203.095,249,GEOS_0.5x0.625/MERRA2/2019/07/MERRA2.20190701.A3cld.05x0625.nc4
2674.273,hit,false,0.000,9,203.124,249,GEOS_0.5x0.625/MERRA2/2019/07/MERRA2.20190701.A3cld.05x0625.nc4
2674.298,hit,false,0.000,9,203.149,249,GEOS_0.5x0.625/MERRA2/2019/07/MERRA2.20190701.A3cld.05x0625.nc4
2674.327,hit,false,0.000,9,203.175,250,GEOS_0.5x0.625/MERRA2/2019/07/MERRA2.20190701.A3cld.05x0625.nc4
2674.355,hit,false,0.000,9,203.202,250,GEOS_0.5x0.625/MERRA2/2019/07/MERRA2.20190701.A3cld.05x0625.nc4
2674.385,hit,false,0.000,9,203.232,250,GEOS_0.5x0.625/MERRA2/2019/07/MERRA2.20190701.A3cld.05x0625.nc4
2674.411,hit,false,0.000,9,203.258,250,GEOS_0.5x0.625/MERRA2/2019/07/MERRA2.20190701.A3cld.05x0625.nc4
2674.441,hit,false,0.000,9,203.289,250,GEOS_0.5x0.625/MERRA2/2019/07/MERRA2.20190701.A3cld.05x0625.nc4
2674.466,hit,false,0.000,9,203.313,250,GEOS_0.5x0.625/MERRA2/2019/07/MERRA2.20190701.A3cld.05x0625.nc4
2674.498,hit,false,0.000,9,203.345,250,GEOS_0.5x0.625/MERRA2/2019/07/MERRA2.20190701.A3cld.05x0625.nc4
2674.520,hit,false,0.000,9,203.368,250,GEOS_0.5x0.625/MERRA2/2019/07/MERRA2.20190701.A3cld.05x0625.nc4
2674.551,hit,false,0.000,9,203.396,251,GEOS_0.5x0.625/MERRA2/2019/07/MERRA2.20190701.A3cld.05x0625.nc4
2674.578,hit,false,0.000,9,203.423,251,GEOS_0.5x0.625/MERRA2/2019/07/MERRA2.20190701.A3cld.05x0625.nc4
2674.610,hit,false,0.000,9,203.455,251,GEOS_0.5x0.625/MERRA2/2019/07/MERRA2.20190701.A3cld.05x0625.nc4
2674.743,hit,false,0.000,9,203.589,251,GEOS_0.5x0.625/MERRA2/2019/07/MERRA2.20190701.A3cld.05x0625.nc4
2674.765,hit,false,0.000,9,203.610,251,GEOS_0.5x0.625/MERRA2/2019/07/MERRA2.20190701.A3cld.05x0625.nc4
2674.800,hit,false,0.000,9,203.645,251,GEOS_0.5x0.625/MERRA2/2019/07/MERRA2.20190701.A3cld.05x0625.nc4
2674.826,hit,false,0.000,9,203.671,251,GEOS_0.5x0.625/MERRA2/2019/07/MERRA2.20190701.A3cld.05x0625.nc4
2674.860,hit,false,0.000,9,203.705,251,GEOS_0.5x0.625/MERRA2/2019/07/MERRA2.20190701.A3cld.05x0625.nc4
2674.921,hit,false,0.000,9,203.763,252,GEOS_0.5x0.625/MERRA2/2019/07/MERRA2.20190701.A3cld.05x0625.nc4
2674.995,hit,false,0.000,9,203.838,252,GEOS_0.5x0.625/MERRA2/2019/07/MERRA2.20190701.A3cld.05x0625.nc4
2675.017,hit,false,0.000,9,203.860,252,GEOS_0.5x0.625/MERRA2/2019/07/MERRA2.20190701.A3cld.05x0625.nc4
2675.051,hit,false,0.000,9,203.894,252,GEOS_0.5x0.625/MERRA2/2019/07/MERRA2.20190701.A3cld.05x0625.nc4
2675.078,hit,false,0.000,9,203.920,252,GEOS_0.5x0.625/MERRA2/2019/07/MERRA2.20190701.A3cld.05x0625.nc4
2675.110,hit,false,0.000,9,203.953,252,GEOS_0.5x0.625/MERRA2/2019/07/MERRA2.20190701.A3cld.05x0625.nc4
2675.142,hit,false,0.000,9,203.984,252,GEOS_0.5x0.625/MERRA2/2019/07/MERRA2.20190701.A3cld.05x0625.nc4
2675.167,hit,false,0.000,9,204.010,252,GEOS_0.5x0.625/MERRA2/2019/07/MERRA2.20190701.A3cld.05x0625.nc4
2675.198,hit,false,0.000,9,204.038,253,GEOS_0.5x0.625/MERRA2/2019/07/MERRA2.20190701.A3cld.05x0625.nc4
2675.232,hit,false,0.000,9,204.073,253,GEOS_0.5x0.625/MERRA2/2019/07/MERRA2.20190701.A3cld.05x0625.nc4
2675.263,hit,false,0.000,9,204.103,253,GEOS_0.5x0.625/MERRA2/2019/07/MERRA2.20190701.A3cld.05x0625.nc4
2675.293,hit,false,0.000,9,204.134,253,GEOS_0.5x0.625/MERRA2/2019/07/MERRA2.20190701.A3cld.05x0625.nc4
2675.323,hit,false,0.000,9,204.163,253,GEOS_0.5x0.625/MERRA2/2019/07/MERRA2.20190701.A3cld.05x0625.nc4
2675.351,hit,false,0.000,9,204.192,253,GEOS_0.5x0.625/MERRA2/2019/07/MERRA2.20190701.A3cld.05x0625.nc4
2675.380,hit,false,0.000,9,204.221,253,GEOS_0.5x0.625/MERRA2/2019/07/MERRA2.20190701.A3cld.05x0625.nc4
2675.408,hit,false,0.000,9,204.249,253,GEOS_0.5x0.625/MERRA2/2019/07/MERRA2.20190701.A3cld.05x0625.nc4
2675.436,hit,false,0.000,9,204.275,254,GEOS_0.5x0.625/MERRA2/2019/07/MERRA2.20190701.A3cld.05x0625.nc4
2675.472,hit,false,0.000,9,204.311,254,GEOS_0.5x0.625/MERRA2/2019/07/MERRA2.20190701.A3cld.05x0625.nc4
2675.500,hit,false,0.000,9,204.339,254,GEOS_0.5x0.625/MERRA2/2019/07/MERRA2.20190701.A3cld.05x0625.nc4
2675.545,hit,false,0.000,9,204.384,254,GEOS_0.5x0.625/MERRA2/2019/07/MERRA2.20190701.A3cld.05x0625.nc4
2675.566,hit,false,0.000,9,204.405,254,GEOS_0.5x0.625/MERRA2/2019/07/MERRA2.20190701.A3cld.05x0625.nc4
2675.605,hit,false,0.000,9,204.443,254,GEOS_0.5x0.625/MERRA2/2019/07/MERRA2.20190701.A3cld.05x0625.nc4
2675.626,hit,false,0.000,9,204.465,254,GEOS_0.5x0.625/MERRA2/2019/07/MERRA2.20190701.A3cld.05x0625.nc4
2675.661,hit,false,0.000,9,204.500,254,GEOS_0.5x0.625/MERRA2/2019/07/MERRA2.20190701.A3cld.05x0625.nc4
2675.686,hit,false,0.000,9,204.523,255,GEOS_0.5x0.625/MERRA2/2019/07/MERRA2.20190701.A3cld.05x0625.nc4
2675.719,hit,false,0.000,9,204.555,255,GEOS_0.5x0.625/MERRA2/2019/07/MERRA2.20190701.A3cld.05x0625.nc4
2675.742,hit,false,0.000,9,204.578,255,GEOS_0.5x0.625/MERRA2/2019/07/MERRA2.20190701.A3cld.05x0625.nc4
2675.775,hit,false,0.000,9,204.611,255,GEOS_0.5x0.625/MERRA2/2019/07/MERRA2.20190701.A3cld.05x0625.nc4
2675.800,hit,false,0.000,9,204.636,255,GEOS_0.5x0.625/MERRA2/2019/07/MERRA2.20190701.A3cld.05x0625.nc4
2675.830,hit,false,0.000,9,204.666,255,GEOS_0.5x0.625/MERRA2/2019/07/MERRA2.20190701.A3cld.05x0625.nc4
2675.852,hit,false,0.000,9,204.688,255,GEOS_0.5x0.625/MERRA2/2019/07/MERRA2.20190701.A3cld.05x0625.nc4
2675.887,hit,false,0.000,9,204.723,255,GEOS_0.5x0.625/MERRA2/2019/07/MERRA2.20190701.A3cld.05x0625.nc4
2675.911,hit,false,0.000,9,204.766,256,GEOS_0.5x0.625/MERRA2/2019/07/MERRA2.20190701.A3cld.05x0625.nc4
2675.946,hit,false,0.000,9,204.800,256,GEOS_0.5x0.625/MERRA2/2019/07/MERRA2.20190701.A3cld.05x0625.nc4
2675.980,hit,false,0.000,9,204.834,256,GEOS_0.5x0.625/MERRA2/2019/07/MERRA2.20190701.A3cld.05x0625.nc4
2676.003,hit,false,0.000,9,204.858,256,GEOS_0.5x0.625/MERRA2/2019/07/MERRA2.20190701.A3cld.05x0625.nc4
2676.034,hit,false,0.000,9,204.889,256,GEOS_0.5x0.625/MERRA2/2019/07/MERRA2.20190701.A3cld.05x0625.nc4
2676.060,hit,false,0.000,9,204.914,256,GEOS_0.5x0.625/MERRA2/2019/07/MERRA2.20190701.A3cld.05x0625.nc4
2676.091,hit,false,0.000,9,204.945,256,GEOS_0.5x0.625/MERRA2/2019/07/MERRA2.20190701.A3cld.05x0625.nc4
2676.117,hit,false,0.000,9,204.971,256,GEOS_0.5x0.625/MERRA2/2019/07/MERRA2.20190701.A3cld.05x0625.nc4
2676.147,hit,false,0.000,9,204.995,257,GEOS_0.5x0.625/MERRA2/2019/07/MERRA2.20190701.A3cld.05x0625.nc4
2676.171,hit,false,0.000,9,205.019,257,GEOS_0.5x0.625/MERRA2/2019/07/MERRA2.20190701.A3cld.05x0625.nc4
2676.206,hit,false,0.000,9,205.054,257,GEOS_0.5x0.625/MERRA2/2019/07/MERRA2.20190701.A3cld.05x0625.nc4
2676.229,hit,false,0.000,9,205.077,257,GEOS_0.5x0.625/MERRA2/2019/07/MERRA2.20190701.A3cld.05x0625.nc4
2676.258,hit,false,0.000,9,205.106,257,GEOS_0.5x0.625/MERRA2/2019/07/MERRA2.20190701.A3cld.05x0625.nc4
2676.282,hit,false,0.000,9,205.130,257,GEOS_0.5x0.625/MERRA2/2019/07/MERRA2.20190701.A3cld.05x0625.nc4
2676.321,hit,false,0.000,9,205.169,257,GEOS_0.5x0.625/MERRA2/2019/07/MERRA2.20190701.A3cld.05x0625.nc4
2676.343,hit,false,0.000,9,205.191,257,GEOS_0.5x0.625/MERRA2/2019/07/MERRA2.20190701.A3cld.05x0625.nc4
2676.376,hit,false,0.000,9,205.222,258,GEOS_0.5x0.625/MERRA2/2019/07/MERRA2.20190701.A3cld.05x0625.nc4
2676.400,hit,false,0.000,9,205.246,258,GEOS_0.5x0.625/MERRA2/2019/07/MERRA2.20190701.A3cld.05x0625.nc4
2676.436,hit,false,0.000,9,205.281,258,GEOS_0.5x0.625/MERRA2/2019/07/MERRA2.20190701.A3cld.05x0625.nc4
2676.459,hit,false,0.000,9,205.304,258,GEOS_0.5x0.625/MERRA2/2019/07/MERRA2.20190701.A3cld.05x0625.nc4
2676.489,hit,false,0.000,9,205.334,258,GEOS_0.5x0.625/MERRA2/2019/07/MERRA2.20190701.A3cld.05x0625.nc4
2676.512,hit,false,0.000,9,205.358,258,GEOS_0.5x0.625/MERRA2/2019/07/MERRA2.20190701.A3cld.05x0625.nc4
2676.543,hit,false,0.000,9,205.388,258,GEOS_0.5x0.625/MERRA2/2019/07/MERRA2.20190701.A3cld.05x0625.nc4
2676.568,hit,false,0.000,9,205.413,258,GEOS_0.5x0.625/MERRA2/2019/07/MERRA2.20190701.A3cld.05x0625.nc4
2676.597,hit,false,0.000,9,205.440,259,GEOS_0.5x0.625/MERRA2/2019/07/MERRA2.20190701.A3cld.05x0625.nc4
2676.623,hit,false,0.000,9,205.465,259,GEOS_0.5x0.625/MERRA2/2019/07/MERRA2.20190701.A3cld.05x0625.nc4
2676.653,hit,false,0.000,9,205.496,259,GEOS_0.5x0.625/MERRA2/2019/07/MERRA2.20190701.A3cld.05x0625.nc4
2676.679,hit,false,0.000,9,205.521,259,GEOS_0.5x0.625/MERRA2/2019/07/MERRA2.20190701.A3cld.05x0625.nc4
2676.709,hit,false,0.000,9,205.552,259,GEOS_0.5x0.625/MERRA2/2019/07/MERRA2.20190701.A3cld.05x0625.nc4
2676.733,hit,false,0.000,9,205.576,259,GEOS_0.5x0.625/MERRA2/2019/07/MERRA2.20190701.A3cld.05x0625.nc4
2676.764,hit,false,0.000,9,205.607,259,GEOS_0.5x0.625/MERRA2/2019/07/MERRA2.20190701.A3cld.05x0625.nc4
2676.793,hit,false,0.000,9,205.635,259,GEOS_0.5x0.625/MERRA2/2019/07/MERRA2.20190701.A3cld.05x0625.nc4
2676.886,hit,false,0.000,9,205.726,260,GEOS_0.5x0.625/MERRA2/2019/07/MERRA2.20190701.A3cld.05x0625.nc4
2676.910,hit,false,0.000,9,205.751,260,GEOS_0.5x0.625/MERRA2/2019/07/MERRA2.20190701.A3cld.05x0625.nc4
2676.942,hit,false,0.000,9,205.783,260,GEOS_0.5x0.625/MERRA2/2019/07/MERRA2.20190701.A3cld.05x0625.nc4
2676.968,hit,false,0.000,9,205.808,260,GEOS_0.5x0.625/MERRA2/2019/07/MERRA2.20190701.A3cld.05x0625.nc4
2676.999,hit,false,0.000,9,205.840,260,GEOS_0.5x0.625/MERRA2/2019/07/MERRA2.20190701.A3cld.05x0625.nc4
2677.023,hit,false,0.000,9,205.864,260,GEOS_0.5x0.625/MERRA2/2019/07/MERRA2.20190701.A3cld.05x0625.nc4
2677.059,hit,false,0.000,9,205.900,260,GEOS_0.5x0.625/MERRA2/2019/07/MERRA2.20190701.A3cld.05x0625.nc4
2677.081,hit,false,0.000,9,205.922,260,GEOS_0.5x0.625/MERRA2/2019/07/MERRA2.20190701.A3cld.05x0625.nc4
2677.113,hit,false,0.000,9,205.950,261,GEOS_0.5x0.625/MERRA2/2019/07/MERRA2.20190701.A3cld.05x0625.nc4
2677.140,hit,false,0.000,9,205.977,261,GEOS_0.5x0.625/MERRA2/2019/07/MERRA2.20190701.A3cld.05x0625.nc4
2677.171,hit,false,0.000,9,206.008,261,GEOS_0.5x0.625/MERRA2/2019/07/MERRA2.20190701.A3cld.05x0625.nc4
2677.202,hit,false,0.000,9,206.039,261,GEOS_0.5x0.625/MERRA2/2019/07/MERRA2.20190701.A3cld.05x0625.nc4
2677.230,hit,false,0.000,9,206.067,261,GEOS_0.5x0.625/MERRA2/2019/07/MERRA2.20190701.A3cld.05x0625.nc4
2677.260,hit,false,0.000,9,206.097,261,GEOS_0.5x0.625/MERRA2/2019/07/MERRA2.20190701.A3cld.05x0625.nc4
2677.283,hit,false,0.000,9,206.120,261,GEOS_0.5x0.625/MERRA2/2019/07/MERRA2.20190701.A3cld.05x0625.nc4
2677.314,hit,false,0.000,9,206.151,261,GEOS_0.5x0.625/MERRA2/2019/07/MERRA2.20190701.A3cld.05x0625.nc4
2677.338,hit,false,0.000,9,206.171,262,GEOS_0.5x0.625/MERRA2/2019/07/MERRA2.20190701.A3cld.05x0625.nc4
2677.371,hit,false,0.000,9,206.204,262,GEOS_0.5x0.625/MERRA2/2019/07/MERRA2.20190701.A3cld.05x0625.nc4
2677.394,hit,false,0.000,9,206.228,262,GEOS_0.5x0.625/MERRA2/2019/07/MERRA2.20190701.A3cld.05x0625.nc4
2677.427,hit,false,0.000,9,206.261,262,GEOS_0.5x0.625/MERRA2/2019/07/MERRA2.20190701.A3cld.05x0625.nc4
2677.452,hit,false,0.000,9,206.285,262,GEOS_0.5x0.625/MERRA2/2019/07/MERRA2.20190701.A3cld.05x0625.nc4
2677.482,hit,false,0.000,9,206.315,262,GEOS_0.5x0.625/MERRA2/2019/07/MERRA2.20190701.A3cld.05x0625.nc4
2677.506,hit,false,0.000,9,206.339,262,GEOS_0.5x0.625/MERRA2/2019/07/MERRA2.20190701.A3cld.05x0625.nc4
2677.538,hit,false,0.000,9,206.371,262,GEOS_0.5x0.625/MERRA2/2019/07/MERRA2.20190701.A3cld.05x0625.nc4
2677.563,hit,false,0.000,9,206.394,263,GEOS_0.5x0.625/MERRA2/2019/07/MERRA2.20190701.A3cld.05x0625.nc4
2677.596,hit,false,0.000,9,206.427,263,GEOS_0.5x0.625/MERRA2/2019/07/MERRA2.20190701.A3cld.05x0625.nc4
2677.624,hit,false,0.000,9,206.455,263,GEOS_0.5x0.625/MERRA2/2019/07/MERRA2.20190701.A3cld.05x0625.nc4
2677.653,hit,false,0.000,9,206.485,263,GEOS_0.5x0.625/MERRA2/2019/07/MERRA2.20190701.A3cld.05x0625.nc4
2677.681,hit,false,0.000,9,206.513,263,GEOS_0.5x0.625/MERRA2/2019/07/MERRA2.20190701.A3cld.05x0625.nc4
2677.712,hit,false,0.000,9,206.543,263,GEOS_0.5x0.625/MERRA2/2019/07/MERRA2.20190701.A3cld.05x0625.nc4
2677.739,hit,false,0.000,9,206.571,263,GEOS_0.5x0.625/MERRA2/2019/07/MERRA2.20190701.A3cld.05x0625.nc4
2677.769,hit,false,0.000,9,206.601,263,GEOS_0.5x0.625/MERRA2/2019/07/MERRA2.20190701.A3cld.05x0625.nc4
2677.798,hit,false,0.000,9,206.653,264,GEOS_0.5x0.625/MERRA2/2019/07/MERRA2.20190701.A3cld.05x0625.nc4
2677.830,hit,false,0.000,9,206.685,264,GEOS_0.5x0.625/MERRA2/2019/07/MERRA2.20190701.A3cld.05x0625.nc4
2677.876,hit,false,0.000,9,206.730,264,GEOS_0.5x0.625/MERRA2/2019/07/MERRA2.20190701.A3cld.05x0625.nc4
2677.895,hit,false,0.000,9,206.750,264,GEOS_0.5x0.625/MERRA2/2019/07/MERRA2.20190701.A3cld.05x0625.nc4
2677.934,hit,false,0.000,9,206.789,264,GEOS_0.5x0.625/MERRA2/2019/07/MERRA2.20190701.A3cld.05x0625.nc4
2677.956,hit,false,0.000,9,206.811,264,GEOS_0.5x0.625/MERRA2/2019/07/MERRA2.20190701.A3cld.05x0625.nc4
2677.986,hit,false,0.000,9,206.841,264,GEOS_0.5x0.625/MERRA2/2019/07/MERRA2.20190701.A3cld.05x0625.nc4
2678.010,hit,false,0.000,9,206.865,264,GEOS_0.5x0.625/MERRA2/2019/07/MERRA2.20190701.A3cld.05x0625.nc4
2678.037,hit,false,0.000,9,206.889,265,GEOS_0.5x0.625/MERRA2/2019/07/MERRA2.20190701.A3cld.05x0625.nc4
2678.065,hit,false,0.000,9,206.917,265,GEOS_0.5x0.625/MERRA2/2019/07/MERRA2.20190701.A3cld.05x0625.nc4
2678.095,hit,false,0.000,9,206.947,265,GEOS_0.5x0.625/MERRA2/2019/07/MERRA2.20190701.A3cld.05x0625.nc4
2678.117,hit,false,0.000,9,206.969,265,GEOS_0.5x0.625/MERRA2/2019/07/MERRA2.20190701.A3cld.05x0625.nc4
2678.147,hit,false,0.000,9,206.999,265,GEOS_0.5x0.625/MERRA2/2019/07/MERRA2.20190701.A3cld.05x0625.nc4
2678.172,hit,false,0.000,9,207.024,265,GEOS_0.5x0.625/MERRA2/2019/07/MERRA2.20190701.A3cld.05x0625.nc4
2678.200,hit,false,0.000,9,207.052,265,GEOS_0.5x0.625/MERRA2/2019/07/MERRA2.20190701.A3cld.05x0625.nc4
2678.222,hit,false,0.000,9,207.074,265,GEOS_0.5x0.625/MERRA2/2019/07/MERRA2.20190701.A3cld.05x0625.nc4
2678.256,hit,false,0.000,9,207.105,266,GEOS_0.5x0.625/MERRA2/2019/07/MERRA2.20190701.A3cld.05x0625.nc4
2678.281,hit,false,0.000,9,207.130,266,GEOS_0.5x0.625/MERRA2/2019/07/MERRA2.20190701.A3cld.05x0625.nc4
2678.309,hit,false,0.000,9,207.158,266,GEOS_0.5x0.625/MERRA2/2019/07/MERRA2.20190701.A3cld.05x0625.nc4
2678.334,hit,false,0.000,9,207.183,266,GEOS_0.5x0.625/MERRA2/2019/07/MERRA2.20190701.A3cld.05x0625.nc4
2678.363,hit,false,0.000,9,207.212,266,GEOS_0.5x0.625/MERRA2/2019/07/MERRA2.20190701.A3cld.05x0625.nc4
2678.388,hit,false,0.000,9,207.237,266,GEOS_0.5x0.625/MERRA2/2019/07/MERRA2.20190701.A3cld.05x0625.nc4
2678.417,hit,false,0.000,9,207.266,266,GEOS_0.5x0.625/MERRA2/2019/07/MERRA2.20190701.A3cld.05x0625.nc4
2678.441,hit,false,0.000,9,207.290,266,GEOS_0.5x0.625/MERRA2/2019/07/MERRA2.20190701.A3cld.05x0625.nc4
2678.472,hit,false,0.000,8,207.319,267,GEOS_0.5x0.625/MERRA2/2019/07/MERRA2.20190701.A3cld.05x0625.nc4
2678.500,hit,false,0.000,8,207.347,267,GEOS_0.5x0.625/MERRA2/2019/07/MERRA2.20190701.A3cld.05x0625.nc4
2678.530,hit,false,0.000,8,207.377,267,GEOS_0.5x0.625/MERRA2/2019/07/MERRA2.20190701.A3cld.05x0625.nc4
2678.560,hit,false,0.000,8,207.407,267,GEOS_0.5x0.625/MERRA2/2019/07/MERRA2.20190701.A3cld.05x0625.nc4
2678.585,hit,false,0.000,8,207.432,267,GEOS_0.5x0.625/MERRA2/2019/07/MERRA2.20190701.A3cld.05x0625.nc4
2678.616,hit,false,0.000,8,207.463,267,GEOS_0.5x0.625/MERRA2/2019/07/MERRA2.20190701.A3cld.05x0625.nc4
2678.643,hit,false,0.000,8,207.490,267,GEOS_0.5x0.625/MERRA2/2019/07/MERRA2.20190701.A3cld.05x0625.nc4
2678.746,hit,false,0.000,8,207.593,267,GEOS_0.5x0.625/MERRA2/2019/07/MERRA2.20190701.A3cld.05x0625.nc4
2678.768,hit,false,0.000,8,207.612,268,GEOS_0.5x0.625/MERRA2/2019/07/MERRA2.20190701.A3cld.05x0625.nc4
2678.810,hit,false,0.000,8,207.653,268,GEOS_0.5x0.625/MERRA2/2019/07/MERRA2.20190701.A3cld.05x0625.nc4
2678.831,hit,false,0.000,8,207.674,268,GEOS_0.5x0.625/MERRA2/2019/07/MERRA2.20190701.A3cld.05x0625.nc4
2678.871,hit,false,0.000,8,207.715,268,GEOS_0.5x0.625/MERRA2/2019/07/MERRA2.20190701.A3cld.05x0625.nc4
2678.893,hit,false,0.000,8,207.736,268,GEOS_0.5x0.625/MERRA2/2019/07/MERRA2.20190701.A3cld.05x0625.nc4
2678.928,hit,false,0.000,8,207.771,268,GEOS_0.5x0.625/MERRA2/2019/07/MERRA2.20190701.A3cld.05x0625.nc4
2678.949,hit,false,0.000,8,207.792,268,GEOS_0.5x0.625/MERRA2/2019/07/MERRA2.20190701.A3cld.05x0625.nc4
2678.987,hit,false,0.000,8,207.831,268,GEOS_0.5x0.625/MERRA2/2019/07/MERRA2.20190701.A3cld.05x0625.nc4
2679.009,hit,false,0.000,8,207.850,269,GEOS_0.5x0.625/MERRA2/2019/07/MERRA2.20190701.A3cld.05x0625.nc4
2679.048,hit,false,0.000,8,207.889,269,GEOS_0.5x0.625/MERRA2/2019/07/MERRA2.20190701.A3cld.05x0625.nc4
2679.069,hit,false,0.000,8,207.910,269,GEOS_0.5x0.625/MERRA2/2019/07/MERRA2.20190701.A3cld.05x0625.nc4
2679.108,hit,false,0.000,8,207.949,269,GEOS_0.5x0.625/MERRA2/2019/07/MERRA2.20190701.A3cld.05x0625.nc4
2679.130,hit,false,0.000,8,207.971,269,GEOS_0.5x0.625/MERRA2/2019/07/MERRA2.20190701.A3cld.05x0625.nc4
2679.162,hit,false,0.000,8,208.003,269,GEOS_0.5x0.625/MERRA2/2019/07/MERRA2.20190701.A3cld.05x0625.nc4
2679.186,hit,false,0.000,8,208.027,269,GEOS_0.5x0.625/MERRA2/2019/07/MERRA2.20190701.A3cld.05x0625.nc4
2679.218,hit,false,0.000,8,208.059,269,GEOS_0.5x0.625/MERRA2/2019/07/MERRA2.20190701.A3cld.05x0625.nc4
2679.249,hit,false,0.000,8,208.081,270,GEOS_0.5x0.625/MERRA2/2019/07/MERRA2.20190701.A3cld.05x0625.nc4
2679.285,hit,false,0.000,8,208.117,270,GEOS_0.5x0.625/MERRA2/2019/07/MERRA2.20190701.A3cld.05x0625.nc4
2679.310,hit,false,0.000,8,208.142,270,GEOS_0.5x0.625/MERRA2/2019/07/MERRA2.20190701.A3cld.05x0625.nc4
2679.341,hit,false,0.000,8,208.174,270,GEOS_0.5x0.625/MERRA2/2019/07/MERRA2.20190701.A3cld.05x0625.nc4
2679.363,hit,false,0.000,8,208.196,270,GEOS_0.5x0.625/MERRA2/2019/07/MERRA2.20190701.A3cld.05x0625.nc4
2679.406,hit,false,0.000,8,208.238,270,GEOS_0.5x0.625/MERRA2/2019/07/MERRA2.20190701.A3cld.05x0625.nc4
2679.428,hit,false,0.000,8,208.261,270,GEOS_0.5x0.625/MERRA2/2019/07/MERRA2.20190701.A3cld.05x0625.nc4
2679.463,hit,false,0.000,8,208.295,270,GEOS_0.5x0.625/MERRA2/2019/07/MERRA2.20190701.A3cld.05x0625.nc4
2679.489,hit,false,0.000,8,208.319,271,GEOS_0.5x0.625/MERRA2/2019/07/MERRA2.20190701.A3cld.05x0625.nc4
2679.523,hit,false,0.000,8,208.353,271,GEOS_0.5x0.625/MERRA2/2019/07/MERRA2.20190701.A3cld.05x0625.nc4
2679.540,hit,false,0.000,8,208.371,271,GEOS_0.5x0.625/MERRA2/2019/07/MERRA2.20190701.A3cld.05x0625.nc4
2679.588,hit,false,0.000,8,208.418,271,GEOS_0.5x0.625/MERRA2/2019/07/MERRA2.20190701.A3cld.05x0625.nc4
2679.607,hit,false,0.000,8,208.438,271,GEOS_0.5x0.625/MERRA2/2019/07/MERRA2.20190701.A3cld.05x0625.nc4
2679.645,hit,false,0.000,8,208.476,271,GEOS_0.5x0.625/MERRA2/2019/07/MERRA2.20190701.A3cld.05x0625.nc4
2679.667,hit,false,0.000,8,208.498,271,GEOS_0.5x0.625/MERRA2/2019/07/MERRA2.20190701.A3cld.05x0625.nc4
2679.702,hit,false,0.000,8,208.533,271,GEOS_0.5x0.625/MERRA2/2019/07/MERRA2.20190701.A3cld.05x0625.nc4
2679.725,hit,false,0.000,8,208.578,272,GEOS_0.5x0.625/MERRA2/2019/07/MERRA2.20190701.A3cld.05x0625.nc4
2679.763,hit,false,0.000,8,208.616,272,GEOS_0.5x0.625/MERRA2/2019/07/MERRA2.20190701.A3cld.05x0625.nc4
2679.797,hit,false,0.000,8,208.651,272,GEOS_0.5x0.625/MERRA2/2019/07/MERRA2.20190701.A3cld.05x0625.nc4
2679.822,hit,false,0.000,8,208.675,272,GEOS_0.5x0.625/MERRA2/2019/07/MERRA2.20190701.A3cld.05x0625.nc4
2679.854,hit,false,0.000,8,208.707,272,GEOS_0.5x0.625/MERRA2/2019/07/MERRA2.20190701.A3cld.05x0625.nc4
2679.877,hit,false,0.000,8,208.731,272,GEOS_0.5x0.625/MERRA2/2019/07/MERRA2.20190701.A3cld.05x0625.nc4
2679.911,hit,false,0.000,8,208.764,272,GEOS_0.5x0.625/MERRA2/2019/07/MERRA2.20190701.A3cld.05x0625.nc4
2679.938,hit,false,0.000,8,208.791,272,GEOS_0.5x0.625/MERRA2/2019/07/MERRA2.20190701.A3cld.05x0625.nc4
2679.969,hit,false,0.000,8,208.819,273,GEOS_0.5x0.625/MERRA2/2019/07/MERRA2.20190701.A3cld.05x0625.nc4
2680.003,hit,false,0.000,8,208.853,273,GEOS_0.5x0.625/MERRA2/2019/07/MERRA2.20190701.A3cld.05x0625.nc4
2680.030,hit,false,0.000,8,208.880,273,GEOS_0.5x0.625/MERRA2/2019/07/MERRA2.20190701.A3cld.05x0625.nc4
2680.060,hit,false,0.000,8,208.910,273,GEOS_0.5x0.625/MERRA2/2019/07/MERRA2.20190701.A3cld.05x0625.nc4
2680.090,hit,false,0.000,8,208.940,273,GEOS_0.5x0.625/MERRA2/2019/07/MERRA2.20190701.A3cld.05x0625.nc4
2680.117,hit,false,0.000,8,208.967,273,GEOS_0.5x0.625/MERRA2/2019/07/MERRA2.20190701.A3cld.05x0625.nc4
2680.146,hit,false,0.000,8,208.996,273,GEOS_0.5x0.625/MERRA2/2019/07/MERRA2.20190701.A3cld.05x0625.nc4
2680.176,hit,false,0.000,8,209.025,273,GEOS_0.5x0.625/MERRA2/2019/07/MERRA2.20190701.A3cld.05x0625.nc4
2680.204,hit,false,0.000,8,209.051,274,GEOS_0.5x0.625/MERRA2/2019/07/MERRA2.20190701.A3cld.05x0625.nc4
2680.236,hit,false,0.000,8,209.084,274,GEOS_0.5x0.625/MERRA2/2019/07/MERRA2.20190701.A3cld.05x0625.nc4
2680.260,hit,false,0.000,8,209.107,274,GEOS_0.5x0.625/MERRA2/2019/07/MERRA2.20190701.A3cld.05x0625.nc4
2680.297,hit,false,0.000,8,209.144,274,GEOS_0.5x0.625/MERRA2/2019/07/MERRA2.20190701.A3cld.05x0625.nc4
2680.320,hit,false,0.000,8,209.168,274,GEOS_0.5x0.625/MERRA2/2019/07/MERRA2.20190701.A3cld.05x0625.nc4
2680.352,hit,false,0.000,8,209.200,274,GEOS_0.5x0.625/MERRA2/2019/07/MERRA2.20190701.A3cld.05x0625.nc4
2680.380,hit,false,0.000,8,209.227,274,GEOS_0.5x0.625/MERRA2/2019/07/MERRA2.20190701.A3cld.05x0625.nc4
2680.409,hit,false,0.000,8,209.257,274,GEOS_0.5x0.625/MERRA2/2019/07/MERRA2.20190701.A3cld.05x0625.nc4
2680.437,hit,false,0.000,8,209.259,275,GEOS_0.5x0.625/MERRA2/2019/07/MERRA2.20190701.A3cld.05x0625.nc4
2680.468,hit,false,0.000,8,209.290,275,GEOS_0.5x0.625/MERRA2/2019/07/MERRA2.20190701.A3cld.05x0625.nc4
2680.495,hit,false,0.000,8,209.317,275,GEOS_0.5x0.625/MERRA2/2019/07/MERRA2.20190701.A3cld.05x0625.nc4
2680.523,hit,false,0.000,8,209.345,275,GEOS_0.5x0.625/MERRA2/2019/07/MERRA2.20190701.A3cld.05x0625.nc4
2680.555,hit,false,0.000,8,209.377,275,GEOS_0.5x0.625/MERRA2/2019/07/MERRA2.20190701.A3cld.05x0625.nc4
2680.578,hit,false,0.000,8,209.401,275,GEOS_0.5x0.625/MERRA2/2019/07/MERRA2.20190701.A3cld.05x0625.nc4
2680.685,hit,false,0.000,8,209.507,275,GEOS_0.5x0.625/MERRA2/2019/07/MERRA2.20190701.A3cld.05x0625.nc4
2680.706,hit,false,0.000,8,209.529,275,GEOS_0.5x0.625/MERRA2/2019/07/MERRA2.20190701.A3cld.05x0625.nc4
2680.746,hit,false,0.000,8,209.566,276,GEOS_0.5x0.625/MERRA2/2019/07/MERRA2.20190701.A3cld.05x0625.nc4
2680.772,hit,false,0.000,8,209.593,276,GEOS_0.5x0.625/MERRA2/2019/07/MERRA2.20190701.A3cld.05x0625.nc4
2680.806,hit,false,0.000,8,209.626,276,GEOS_0.5x0.625/MERRA2/2019/07/MERRA2.20190701.A3cld.05x0625.nc4
2680.827,hit,false,0.000,8,209.647,276,GEOS_0.5x0.625/MERRA2/2019/07/MERRA2.20190701.A3cld.05x0625.nc4
2680.861,hit,false,0.000,8,209.681,276,GEOS_0.5x0.625/MERRA2/2019/07/MERRA2.20190701.A3cld.05x0625.nc4
2680.886,hit,false,0.000,8,209.706,276,GEOS_0.5x0.625/MERRA2/2019/07/MERRA2.20190701.A3cld.05x0625.nc4
2680.920,hit,false,0.000,8,209.740,276,GEOS_0.5x0.625/MERRA2/2019/07/MERRA2.20190701.A3cld.05x0625.nc4
2680.942,hit,false,0.000,8,209.762,276,GEOS_0.5x0.625/MERRA2/2019/07/MERRA2.20190701.A3cld.05x0625.nc4
2680.983,hit,false,0.000,8,209.801,277,GEOS_0.5x0.625/MERRA2/2019/07/MERRA2.20190701.A3cld.05x0625.nc4
2681.006,hit,false,0.000,8,209.824,277,GEOS_0.5x0.625/MERRA2/2019/07/MERRA2.20190701.A3cld.05x0625.nc4
2681.045,hit,false,0.000,8,209.863,277,GEOS_0.5x0.625/MERRA2/2019/07/MERRA2.20190701.A3cld.05x0625.nc4
2681.066,hit,false,0.000,8,209.884,277,GEOS_0.5x0.625/MERRA2/2019/07/MERRA2.20190701.A3cld.05x0625.nc4
2681.106,hit,false,0.000,8,209.924,277,GEOS_0.5x0.625/MERRA2/2019/07/MERRA2.20190701.A3cld.05x0625.nc4
2681.127,hit,false,0.000,8,209.945,277,GEOS_0.5x0.625/MERRA2/2019/07/MERRA2.20190701.A3cld.05x0625.nc4
2681.167,hit,false,0.000,8,209.985,277,GEOS_0.5x0.625/MERRA2/2019/07/MERRA2.20190701.A3cld.05x0625.nc4
2681.189,hit,false,0.000,8,210.007,277,GEOS_0.5x0.625/MERRA2/2019/07/MERRA2.20190701.A3cld.05x0625.nc4
2681.227,hit,false,0.000,8,210.043,278,GEOS_0.5x0.625/MERRA2/2019/07/MERRA2.20190701.A3cld.05x0625.nc4
2681.251,hit,false,0.000,8,210.067,278,GEOS_0.5x0.625/MERRA2/2019/07/MERRA2.20190701.A3cld.05x0625.nc4
2681.287,hit,false,0.000,8,210.103,278,GEOS_0.5x0.625/MERRA2/2019/07/MERRA2.20190701.A3cld.05x0625.nc4
2681.309,hit,false,0.000,8,210.125,278,GEOS_0.5x0.625/MERRA2/2019/07/MERRA2.20190701.A3cld.05x0625.nc4
2681.345,hit,false,0.000,8,210.161,278,GEOS_0.5x0.625/MERRA2/2019/07/MERRA2.20190701.A3cld.05x0625.nc4
2681.367,hit,false,0.000,8,210.184,278,GEOS_0.5x0.625/MERRA2/2019/07/MERRA2.20190701.A3cld.05x0625.nc4
2681.405,hit,false,0.000,8,210.222,278,GEOS_0.5x0.625/MERRA2/2019/07/MERRA2.20190701.A3cld.05x0625.nc4
2681.426,hit,false,0.000,8,210.243,278,GEOS_0.5x0.625/MERRA2/2019/07/MERRA2.20190701.A3cld.05x0625.nc4
2681.464,hit,false,0.000,8,210.279,279,GEOS_0.5x0.625/MERRA2/2019/07/MERRA2.20190701.A3cld.05x0625.nc4
2681.489,hit,false,0.000,8,210.304,279,GEOS_0.5x0.625/MERRA2/2019/07/MERRA2.20190701.A3cld.05x0625.nc4
2681.526,hit,false,0.000,8,210.341,279,GEOS_0.5x0.625/MERRA2/2019/07/MERRA2.20190701.A3cld.05x0625.nc4
2681.547,hit,false,0.000,8,210.363,279,GEOS_0.5x0.625/MERRA2/2019/07/MERRA2.20190701.A3cld.05x0625.nc4
2681.581,hit,false,0.000,8,210.396,279,GEOS_0.5x0.625/MERRA2/2019/07/MERRA2.20190701.A3cld.05x0625.nc4
2681.606,hit,false,0.000,8,210.421,279,GEOS_0.5x0.625/MERRA2/2019/07/MERRA2.20190701.A3cld.05x0625.nc4
2681.635,hit,false,0.000,8,210.450,279,GEOS_0.5x0.625/MERRA2/2019/07/MERRA2.20190701.A3cld.05x0625.nc4
2681.660,hit,false,0.000,8,210.475,279,GEOS_0.5x0.625/MERRA2/2019/07/MERRA2.20190701.A3cld.05x0625.nc4
2681.699,hit,false,0.000,8,210.545,280,GEOS_0.5x0.625/MERRA2/2019/07/MERRA2.20190701.A3cld.05x0625.nc4
2681.724,hit,false,0.000,8,210.570,280,GEOS_0.5x0.625/MERRA2/2019/07/MERRA2.20190701.A3cld.05x0625.nc4
2681.767,hit,false,0.000,8,210.613,280,GEOS_0.5x0.625/MERRA2/2019/07/MERRA2.20190701.A3cld.05x0625.nc4
2681.789,hit,false,0.000,8,210.635,280,GEOS_0.5x0.625/MERRA2/2019/07/MERRA2.20190701.A3cld.05x0625.nc4
2681.819,hit,false,0.000,8,210.665,280,GEOS_0.5x0.625/MERRA2/2019/07/MERRA2.20190701.A3cld.05x0625.nc4
2681.844,hit,false,0.000,8,210.690,280,GEOS_0.5x0.625/MERRA2/2019/07/MERRA2.20190701.A3cld.05x0625.nc4
2681.873,hit,false,0.000,8,210.719,280,GEOS_0.5x0.625/MERRA2/2019/07/MERRA2.20190701.A3cld.05x0625.nc4
2681.896,hit,false,0.000,8,210.742,280,GEOS_0.5x0.625/MERRA2/2019/07/MERRA2.20190701.A3cld.05x0625.nc4
2681.929,hit,false,0.000,8,210.771,281,GEOS_0.5x0.625/MERRA2/2019/07/MERRA2.20190701.A3cld.05x0625.nc4
2681.956,hit,false,0.000,8,210.797,281,GEOS_0.5x0.625/MERRA2/2019/07/MERRA2.20190701.A3cld.05x0625.nc4
2681.987,hit,false,0.000,8,210.829,281,GEOS_0.5x0.625/MERRA2/2019/07/MERRA2.20190701.A3cld.05x0625.nc4
2682.018,hit,false,0.000,8,210.859,281,GEOS_0.5x0.625/MERRA2/2019/07/MERRA2.20190701.A3cld.05x0625.nc4
2682.045,hit,false,0.000,8,210.886,281,GEOS_0.5x0.625/MERRA2/2019/07/MERRA2.20190701.A3cld.05x0625.nc4
2682.075,hit,false,0.000,8,210.916,281,GEOS_0.5x0.625/MERRA2/2019/07/MERRA2.20190701.A3cld.05x0625.nc4
2682.102,hit,false,0.000,8,210.943,281,GEOS_0.5x0.625/MERRA2/2019/07/MERRA2.20190701.A3cld.05x0625.nc4
2682.131,hit,false,0.000,8,210.972,281,GEOS_0.5x0.625/MERRA2/2019/07/MERRA2.20190701.A3cld.05x0625.nc4
2682.158,hit,false,0.000,8,210.997,282,GEOS_0.5x0.625/MERRA2/2019/07/MERRA2.20190701.A3cld.05x0625.nc4
2682.190,hit,false,0.000,8,211.029,282,GEOS_0.5x0.625/MERRA2/2019/07/MERRA2.20190701.A3cld.05x0625.nc4
2682.218,hit,false,0.000,8,211.057,282,GEOS_0.5x0.625/MERRA2/2019/07/MERRA2.20190701.A3cld.05x0625.nc4
2682.247,hit,false,0.000,8,211.086,282,GEOS_0.5x0.625/MERRA2/2019/07/MERRA2.20190701.A3cld.05x0625.nc4
2682.274,hit,false,0.000,8,211.113,282,GEOS_0.5x0.625/MERRA2/2019/07/MERRA2.20190701.A3cld.05x0625.nc4
2682.303,hit,false,0.000,8,211.141,282,GEOS_0.5x0.625/MERRA2/2019/07/MERRA2.20190701.A3cld.05x0625.nc4
2682.331,hit,false,0.000,8,211.170,282,GEOS_0.5x0.625/MERRA2/2019/07/MERRA2.20190701.A3cld.05x0625.nc4
2682.356,hit,false,0.000,8,211.195,282,GEOS_0.5x0.625/MERRA2/2019/07/MERRA2.20190701.A3cld.05x0625.nc4
2682.388,hit,false,0.000,8,211.224,283,GEOS_0.5x0.625/MERRA2/2019/07/MERRA2.20190701.A3cld.05x0625.nc4
2682.413,hit,false,0.000,8,211.250,283,GEOS_0.5x0.625/MERRA2/2019/07/MERRA2.20190701.A3cld.05x0625.nc4
2682.446,hit,false,0.000,8,211.282,283,GEOS_0.5x0.625/MERRA2/2019/07/MERRA2.20190701.A3cld.05x0625.nc4
2682.470,hit,false,0.000,8,211.306,283,GEOS_0.5x0.625/MERRA2/2019/07/MERRA2.20190701.A3cld.05x0625.nc4
2682.499,hit,false,0.000,8,211.336,283,GEOS_0.5x0.625/MERRA2/2019/07/MERRA2.20190701.A3cld.05x0625.nc4
2682.595,hit,false,0.000,8,211.432,283,GEOS_0.5x0.625/MERRA2/2019/07/MERRA2.20190701.A3cld.05x0625.nc4
2682.617,hit,false,0.000,8,211.454,283,GEOS_0.5x0.625/MERRA2/2019/07/MERRA2.20190701.A3cld.05x0625.nc4
2682.654,hit,false,0.000,8,211.490,283,GEOS_0.5x0.625/MERRA2/2019/07/MERRA2.20190701.A3cld.05x0625.nc4
2682.677,hit,false,0.000,8,211.511,284,GEOS_0.5x0.625/MERRA2/2019/07/MERRA2.20190701.A3cld.05x0625.nc4
2682.714,hit,false,0.000,8,211.548,284,GEOS_0.5x0.625/MERRA2/2019/07/MERRA2.20190701.A3cld.05x0625.nc4
2682.735,hit,false,0.000,8,211.569,284,GEOS_0.5x0.625/MERRA2/2019/07/MERRA2.20190701.A3cld.05x0625.nc4
2682.772,hit,false,0.000,8,211.606,284,GEOS_0.5x0.625/MERRA2/2019/07/MERRA2.20190701.A3cld.05x0625.nc4
2682.795,hit,false,0.000,8,211.629,284,GEOS_0.5x0.625/MERRA2/2019/07/MERRA2.20190701.A3cld.05x0625.nc4
2682.829,hit,false,0.000,8,211.663,284,GEOS_0.5x0.625/MERRA2/2019/07/MERRA2.20190701.A3cld.05x0625.nc4
2682.853,hit,false,0.000,8,211.687,284,GEOS_0.5x0.625/MERRA2/2019/07/MERRA2.20190701.A3cld.05x0625.nc4
2682.888,hit,false,0.000,8,211.722,284,GEOS_0.5x0.625/MERRA2/2019/07/MERRA2.20190701.A3cld.05x0625.nc4
2682.911,hit,false,0.000,8,211.743,285,GEOS_0.5x0.625/MERRA2/2019/07/MERRA2.20190701.A3cld.05x0625.nc4
2682.946,hit,false,0.000,8,211.777,285,GEOS_0.5x0.625/MERRA2/2019/07/MERRA2.20190701.A3cld.05x0625.nc4
2682.970,hit,false,0.000,8,211.802,285,GEOS_0.5x0.625/MERRA2/2019/07/MERRA2.20190701.A3cld.05x0625.nc4
2683.001,hit,false,0.000,8,211.833,285,GEOS_0.5x0.625/MERRA2/2019/07/MERRA2.20190701.A3cld.05x0625.nc4
2683.024,hit,false,0.000,8,211.856,285,GEOS_0.5x0.625/MERRA2/2019/07/MERRA2.20190701.A3cld.05x0625.nc4
2683.063,hit,false,0.000,8,211.895,285,GEOS_0.5x0.625/MERRA2/2019/07/MERRA2.20190701.A3cld.05x0625.nc4
2683.096,hit,false,0.000,8,211.927,285,GEOS_0.5x0.625/MERRA2/2019/07/MERRA2.20190701.A3cld.05x0625.nc4
2683.136,hit,false,0.000,8,211.968,285,GEOS_0.5x0.625/MERRA2/2019/07/MERRA2.20190701.A3cld.05x0625.nc4
2683.158,hit,false,0.000,8,211.988,286,GEOS_0.5x0.625/MERRA2/2019/07/MERRA2.20190701.A3cld.05x0625.nc4
2683.204,hit,false,0.000,8,212.034,286,GEOS_0.5x0.625/MERRA2/2019/07/MERRA2.20190701.A3cld.05x0625.nc4
2683.231,hit,false,0.000,8,212.061,286,GEOS_0.5x0.625/MERRA2/2019/07/MERRA2.20190701.A3cld.05x0625.nc4
2683.268,hit,false,0.000,8,212.098,286,GEOS_0.5x0.625/MERRA2/2019/07/MERRA2.20190701.A3cld.05x0625.nc4
2683.290,hit,false,0.000,8,212.120,286,GEOS_0.5x0.625/MERRA2/2019/07/MERRA2.20190701.A3cld.05x0625.nc4
2683.325,hit,false,0.000,8,212.154,286,GEOS_0.5x0.625/MERRA2/2019/07/MERRA2.20190701.A3cld.05x0625.nc4
2683.350,hit,false,0.000,8,212.179,286,GEOS_0.5x0.625/MERRA2/2019/07/MERRA2.20190701.A3cld.05x0625.nc4
2683.404,hit,false,0.000,8,212.234,286,GEOS_0.5x0.625/MERRA2/2019/07/MERRA2.20190701.A3cld.05x0625.nc4
2683.411,hit,false,0.000,8,212.239,287,GEOS_0.5x0.625/MERRA2/2019/07/MERRA2.20190701.A3cld.05x0625.nc4
2683.468,hit,false,0.000,8,212.296,287,GEOS_0.5x0.625/MERRA2/2019/07/MERRA2.20190701.A3cld.05x0625.nc4
2683.489,hit,false,0.000,8,212.317,287,GEOS_0.5x0.625/MERRA2/2019/07/MERRA2.20190701.A3cld.05x0625.nc4
2683.528,hit,false,0.000,8,212.356,287,GEOS_0.5x0.625/MERRA2/2019/07/MERRA2.20190701.A3cld.05x0625.nc4
2683.550,hit,false,0.000,8,212.378,287,GEOS_0.5x0.625/MERRA2/2019/07/MERRA2.20190701.A3cld.05x0625.nc4
2683.587,hit,false,0.000,8,212.415,287,GEOS_0.5x0.625/MERRA2/2019/07/MERRA2.20190701.A3cld.05x0625.nc4
2683.612,hit,false,0.000,8,212.440,287,GEOS_0.5x0.625/MERRA2/2019/07/MERRA2.20190701.A3cld.05x0625.nc4
2683.648,hit,false,0.000,8,212.476,287,GEOS_0.5x0.625/MERRA2/2019/07/MERRA2.20190701.A3cld.05x0625.nc4
2683.671,hit,false,0.000,8,210.369,288,GEOS_0.5x0.625/MERRA2/2019/07/MERRA2.20190701.A3cld.05x0625.nc4
2683.714,hit,false,0.000,8,210.413,288,GEOS_0.5x0.625/MERRA2/2019/07/MERRA2.20190701.A3cld.05x0625.nc4
2683.737,hit,false,0.000,8,210.436,288,GEOS_0.5x0.625/MERRA2/2019/07/MERRA2.20190701.A3cld.05x0625.nc4
2683.773,hit,false,0.000,8,210.471,288,GEOS_0.5x0.625/MERRA2/2019/07/MERRA2.20190701.A3cld.05x0625.nc4
2683.794,hit,false,0.000,8,210.492,288,GEOS_0.5x0.625/MERRA2/2019/07/MERRA2.20190701.A3cld.05x0625.nc4
2683.829,hit,false,0.000,8,210.528,288,GEOS_0.5x0.625/MERRA2/2019/07/MERRA2.20190701.A3cld.05x0625.nc4
2683.851,hit,false,0.000,8,210.550,288,GEOS_0.5x0.625/MERRA2/2019/07/MERRA2.20190701.A3cld.05x0625.nc4
2683.881,hit,false,0.000,8,210.579,288,GEOS_0.5x0.625/MERRA2/2019/07/MERRA2.20190701.A3cld.05x0625.nc4
2683.905,hit,false,0.000,8,210.600,289,GEOS_0.5x0.625/MERRA2/2019/07/MERRA2.20190701.A3cld.05x0625.nc4
2683.938,hit,false,0.000,8,210.633,289,GEOS_0.5x0.625/MERRA2/2019/07/MERRA2.20190701.A3cld.05x0625.nc4
2683.962,hit,false,0.000,8,210.657,289,GEOS_0.5x0.625/MERRA2/2019/07/MERRA2.20190701.A3cld.05x0625.nc4
2683.992,hit,false,0.000,8,210.687,289,GEOS_0.5x0.625/MERRA2/2019/07/MERRA2.20190701.A3cld.05x0625.nc4
2684.015,hit,false,0.000,8,210.710,289,GEOS_0.5x0.625/MERRA2/2019/07/MERRA2.20190701.A3cld.05x0625.nc4
2684.046,hit,false,0.000,8,210.741,289,GEOS_0.5x0.625/MERRA2/2019/07/MERRA2.20190701.A3cld.05x0625.nc4
2684.080,hit,false,0.000,8,210.775,289,GEOS_0.5x0.625/MERRA2/2019/07/MERRA2.20190701.A3cld.05x0625.nc4
2684.101,hit,false,0.000,8,210.796,289,GEOS_0.5x0.625/MERRA2/2019/07/MERRA2.20190701.A3cld.05x0625.nc4
2684.137,hit,false,0.000,8,210.829,290,GEOS_0.5x0.625/MERRA2/2019/07/MERRA2.20190701.A3cld.05x0625.nc4
2684.162,hit,false,0.000,8,210.854,290,GEOS_0.5x0.625/MERRA2/2019/07/MERRA2.20190701.A3cld.05x0625.nc4
2684.198,hit,false,0.000,8,210.890,290,GEOS_0.5x0.625/MERRA2/2019/07/MERRA2.20190701.A3cld.05x0625.nc4
2684.219,hit,false,0.000,8,210.911,290,GEOS_0.5x0.625/MERRA2/2019/07/MERRA2.20190701.A3cld.05x0625.nc4
2684.256,hit,false,0.000,8,210.948,290,GEOS_0.5x0.625/MERRA2/2019/07/MERRA2.20190701.A3cld.05x0625.nc4
2684.279,hit,false,0.000,8,210.971,290,GEOS_0.5x0.625/MERRA2/2019/07/MERRA2.20190701.A3cld.05x0625.nc4
2684.312,hit,false,0.000,8,211.004,290,GEOS_0.5x0.625/MERRA2/2019/07/MERRA2.20190701.A3cld.05x0625.nc4
2684.337,hit,false,0.000,8,211.029,290,GEOS_0.5x0.625/MERRA2/2019/07/MERRA2.20190701.A3cld.05x0625.nc4
2684.367,hit,false,0.000,8,211.056,291,GEOS_0.5x0.625/MERRA2/2019/07/MERRA2.20190701.A3cld.05x0625.nc4
2684.394,hit,false,0.000,8,211.083,291,GEOS_0.5x0.625/MERRA2/2019/07/MERRA2.20190701.A3cld.05x0625.nc4
2684.426,hit,false,0.000,8,211.116,291,GEOS_0.5x0.625/MERRA2/2019/07/MERRA2.20190701.A3cld.05x0625.nc4
2684.452,hit,false,0.000,8,211.141,291,GEOS_0.5x0.625/MERRA2/2019/07/MERRA2.20190701.A3cld.05x0625.nc4
2684.553,hit,false,0.000,8,211.242,291,GEOS_0.5x0.625/MERRA2/2019/07/MERRA2.20190701.A3cld.05x0625.nc4
2684.578,hit,false,0.000,8,211.268,291,GEOS_0.5x0.625/MERRA2/2019/07/MERRA2.20190701.A3cld.05x0625.nc4
2684.611,hit,false,0.000,8,211.300,291,GEOS_0.5x0.625/MERRA2/2019/07/MERRA2.20190701.A3cld.05x0625.nc4
2684.633,hit,false,0.000,8,211.322,291,GEOS_0.5x0.625/MERRA2/2019/07/MERRA2.20190701.A3cld.05x0625.nc4
2684.673,hit,false,0.000,8,211.359,292,GEOS_0.5x0.625/MERRA2/2019/07/MERRA2.20190701.A3cld.05x0625.nc4
2684.697,hit,false,0.000,8,211.384,292,GEOS_0.5x0.625/MERRA2/2019/07/MERRA2.20190701.A3cld.05x0625.nc4
2684.731,hit,false,0.000,8,211.418,292,GEOS_0.5x0.625/MERRA2/2019/07/MERRA2.20190701.A3cld.05x0625.nc4
2684.756,hit,false,0.000,8,211.443,292,GEOS_0.5x0.625/MERRA2/2019/07/MERRA2.20190701.A3cld.05x0625.nc4
2684.787,hit,false,0.000,8,211.474,292,GEOS_0.5x0.625/MERRA2/2019/07/MERRA2.20190701.A3cld.05x0625.nc4
2684.819,hit,false,0.000,8,211.506,292,GEOS_0.5x0.625/MERRA2/2019/07/MERRA2.20190701.A3cld.05x0625.nc4
2684.842,hit,false,0.000,8,211.528,292,GEOS_0.5x0.625/MERRA2/2019/07/MERRA2.20190701.A3cld.05x0625.nc4
2684.879,hit,false,0.000,8,211.566,292,GEOS_0.5x0.625/MERRA2/2019/07/MERRA2.20190701.A3cld.05x0625.nc4
2684.901,hit,false,0.000,8,211.586,293,GEOS_0.5x0.625/MERRA2/2019/07/MERRA2.20190701.A3cld.05x0625.nc4
2684.936,hit,false,0.000,8,211.621,293,GEOS_0.5x0.625/MERRA2/2019/07/MERRA2.20190701.A3cld.05x0625.nc4
2684.961,hit,false,0.000,8,211.646,293,GEOS_0.5x0.625/MERRA2/2019/07/MERRA2.20190701.A3cld.05x0625.nc4
2684.992,hit,false,0.000,8,211.677,293,GEOS_0.5x0.625/MERRA2/2019/07/MERRA2.20190701.A3cld.05x0625.nc4
2685.015,hit,false,0.000,8,211.700,293,GEOS_0.5x0.625/MERRA2/2019/07/MERRA2.20190701.A3cld.05x0625.nc4
2685.047,hit,false,0.000,8,211.732,293,GEOS_0.5x0.625/MERRA2/2019/07/MERRA2.20190701.A3cld.05x0625.nc4
2685.072,hit,false,0.000,8,211.757,293,GEOS_0.5x0.625/MERRA2/2019/07/MERRA2.20190701.A3cld.05x0625.nc4
2685.105,hit,false,0.000,8,211.790,293,GEOS_0.5x0.625/MERRA2/2019/07/MERRA2.20190701.A3cld.05x0625.nc4
2685.127,hit,false,0.000,8,211.810,294,GEOS_0.5x0.625/MERRA2/2019/07/MERRA2.20190701.A3cld.05x0625.nc4
2685.165,hit,false,0.000,8,211.849,294,GEOS_0.5x0.625/MERRA2/2019/07/MERRA2.20190701.A3cld.05x0625.nc4
2685.195,hit,false,0.000,8,211.878,294,GEOS_0.5x0.625/MERRA2/2019/07/MERRA2.20190701.A3cld.05x0625.nc4
2685.225,hit,false,0.000,8,211.908,294,GEOS_0.5x0.625/MERRA2/2019/07/MERRA2.20190701.A3cld.05x0625.nc4
2685.254,hit,false,0.000,8,211.937,294,GEOS_0.5x0.625/MERRA2/2019/07/MERRA2.20190701.A3cld.05x0625.nc4
2685.278,hit,false,0.000,8,211.961,294,GEOS_0.5x0.625/MERRA2/2019/07/MERRA2.20190701.A3cld.05x0625.nc4
2685.307,hit,false,0.000,8,211.990,294,GEOS_0.5x0.625/MERRA2/2019/07/MERRA2.20190701.A3cld.05x0625.nc4
2685.331,hit,false,0.000,8,212.014,294,GEOS_0.5x0.625/MERRA2/2019/07/MERRA2.20190701.A3cld.05x0625.nc4
2685.362,hit,false,0.000,8,212.044,295,GEOS_0.5x0.625/MERRA2/2019/07/MERRA2.20190701.A3cld.05x0625.nc4
2685.387,hit,false,0.000,8,212.069,295,GEOS_0.5x0.625/MERRA2/2019/07/MERRA2.20190701.A3cld.05x0625.nc4
2685.419,hit,false,0.000,8,212.101,295,GEOS_0.5x0.625/MERRA2/2019/07/MERRA2.20190701.A3cld.05x0625.nc4
2685.444,hit,false,0.000,8,212.126,295,GEOS_0.5x0.625/MERRA2/2019/07/MERRA2.20190701.A3cld.05x0625.nc4
2685.476,hit,false,0.000,8,212.157,295,GEOS_0.5x0.625/MERRA2/2019/07/MERRA2.20190701.A3cld.05x0625.nc4
2685.505,hit,false,0.000,8,212.187,295,GEOS_0.5x0.625/MERRA2/2019/07/MERRA2.20190701.A3cld.05x0625.nc4
2685.533,hit,false,0.000,8,212.214,295,GEOS_0.5x0.625/MERRA2/2019/07/MERRA2.20190701.A3cld.05x0625.nc4
2685.563,hit,false,0.000,8,212.244,295,GEOS_0.5x0.625/MERRA2/2019/07/MERRA2.20190701.A3cld.05x0625.nc4
2685.587,hit,false,0.000,8,212.285,296,GEOS_0.5x0.625/MERRA2/2019/07/MERRA2.20190701.A3cld.05x0625.nc4
2685.621,hit,false,0.000,8,212.319,296,GEOS_0.5x0.625/MERRA2/2019/07/MERRA2.20190701.A3cld.05x0625.nc4
2685.653,hit,false,0.000,8,212.351,296,GEOS_0.5x0.625/MERRA2/2019/07/MERRA2.20190701.A3cld.05x0625.nc4
2685.678,hit,false,0.000,8,212.376,296,GEOS_0.5x0.625/MERRA2/2019/07/MERRA2.20190701.A3cld.05x0625.nc4
2685.706,hit,false,0.000,8,212.404,296,GEOS_0.5x0.625/MERRA2/2019/07/MERRA2.20190701.A3cld.05x0625.nc4
2685.729,hit,false,0.000,8,212.427,296,GEOS_0.5x0.625/MERRA2/2019/07/MERRA2.20190701.A3cld.05x0625.nc4
2685.759,hit,false,0.000,8,212.457,296,GEOS_0.5x0.625/MERRA2/2019/07/MERRA2.20190701.A3cld.05x0625.nc4
2685.784,hit,false,0.000,8,212.482,296,GEOS_0.5x0.625/MERRA2/2019/07/MERRA2.20190701.A3cld.05x0625.nc4
2685.813,hit,false,0.000,8,212.507,297,GEOS_0.5x0.625/MERRA2/2019/07/MERRA2.20190701.A3cld.05x0625.nc4
2685.842,hit,false,0.000,8,212.537,297,GEOS_0.5x0.625/MERRA2/2019/07/MERRA2.20190701.A3cld.05x0625.nc4
2685.870,hit,false,0.000,8,212.565,297,GEOS_0.5x0.625/MERRA2/2019/07/MERRA2.20190701.A3cld.05x0625.nc4
2685.898,hit,false,0.000,8,212.593,297,GEOS_0.5x0.625/MERRA2/2019/07/MERRA2.20190701.A3cld.05x0625.nc4
2685.926,hit,false,0.000,8,212.621,297,GEOS_0.5x0.625/MERRA2/2019/07/MERRA2.20190701.A3cld.05x0625.nc4
2685.958,hit,false,0.000,8,212.653,297,GEOS_0.5x0.625/MERRA2/2019/07/MERRA2.20190701.A3cld.05x0625.nc4
2685.979,hit,false,0.000,8,212.674,297,GEOS_0.5x0.625/MERRA2/2019/07/MERRA2.20190701.A3cld.05x0625.nc4
2686.016,hit,false,0.000,8,212.710,297,GEOS_0.5x0.625/MERRA2/2019/07/MERRA2.20190701.A3cld.05x0625.nc4
2686.038,hit,false,0.000,8,212.730,298,GEOS_0.5x0.625/MERRA2/2019/07/MERRA2.20190701.A3cld.05x0625.nc4
2686.075,hit,false,0.000,8,212.766,298,GEOS_0.5x0.625/MERRA2/2019/07/MERRA2.20190701.A3cld.05x0625.nc4
2686.096,hit,false,0.000,8,212.788,298,GEOS_0.5x0.625/MERRA2/2019/07/MERRA2.20190701.A3cld.05x0625.nc4
2686.129,hit,false,0.000,8,212.821,298,GEOS_0.5x0.625/MERRA2/2019/07/MERRA2.20190701.A3cld.05x0625.nc4
2686.154,hit,false,0.000,8,212.846,298,GEOS_0.5x0.625/MERRA2/2019/07/MERRA2.20190701.A3cld.05x0625.nc4
2686.185,hit,false,0.000,8,212.876,298,GEOS_0.5x0.625/MERRA2/2019/07/MERRA2.20190701.A3cld.05x0625.nc4
2686.209,hit,false,0.000,8,212.901,298,GEOS_0.5x0.625/MERRA2/2019/07/MERRA2.20190701.A3cld.05x0625.nc4
2686.241,hit,false,0.000,8,212.933,298,GEOS_0.5x0.625/MERRA2/2019/07/MERRA2.20190701.A3cld.05x0625.nc4
2686.268,hit,false,0.000,8,212.957,299,GEOS_0.5x0.625/MERRA2/2019/07/MERRA2.20190701.A3cld.05x0625.nc4
2686.293,hit,false,0.000,8,212.983,299,GEOS_0.5x0.625/MERRA2/2019/07/MERRA2.20190701.A3cld.05x0625.nc4
2686.325,hit,false,0.000,8,213.015,299,GEOS_0.5x0.625/MERRA2/2019/07/MERRA2.20190701.A3cld.05x0625.nc4
2686.425,hit,false,0.000,8,213.114,299,GEOS_0.5x0.625/MERRA2/2019/07/MERRA2.20190701.A3cld.05x0625.nc4
2686.448,hit,false,0.000,8,213.138,299,GEOS_0.5x0.625/MERRA2/2019/07/MERRA2.20190701.A3cld.05x0625.nc4
2686.483,hit,false,0.000,8,213.173,299,GEOS_0.5x0.625/MERRA2/2019/07/MERRA2.20190701.A3cld.05x0625.nc4
2686.506,hit,false,0.000,8,213.196,299,GEOS_0.5x0.625/MERRA2/2019/07/MERRA2.20190701.A3cld.05x0625.nc4
2686.539,hit,false,0.000,8,213.229,299,GEOS_0.5x0.625/MERRA2/2019/07/MERRA2.20190701.A3cld.05x0625.nc4
2686.562,hit,false,0.000,8,213.250,300,GEOS_0.5x0.625/MERRA2/2019/07/MERRA2.20190701.A3cld.05x0625.nc4
2686.599,hit,false,0.000,8,213.287,300,GEOS_0.5x0.625/MERRA2/2019/07/MERRA2.20190701.A3cld.05x0625.nc4
2686.622,hit,false,0.000,8,213.310,300,GEOS_0.5x0.625/MERRA2/2019/07/MERRA2.20190701.A3cld.05x0625.nc4
2686.655,hit,false,0.000,8,213.343,300,GEOS_0.5x0.625/MERRA2/2019/07/MERRA2.20190701.A3cld.05x0625.nc4
2686.678,hit,false,0.000,8,213.366,300,GEOS_0.5x0.625/MERRA2/2019/07/MERRA2.20190701.A3cld.05x0625.nc4
2686.709,hit,false,0.000,8,213.397,300,GEOS_0.5x0.625/MERRA2/2019/07/MERRA2.20190701.A3cld.05x0625.nc4
2686.734,hit,false,0.000,8,213.422,300,GEOS_0.5x0.625/MERRA2/2019/07/MERRA2.20190701.A3cld.05x0625.nc4
2686.762,hit,false,0.000,8,213.451,300,GEOS_0.5x0.625/MERRA2/2019/07/MERRA2.20190701.A3cld.05x0625.nc4
2686.786,hit,false,0.000,8,213.471,301,GEOS_0.5x0.625/MERRA2/2019/07/MERRA2.20190701.A3cld.05x0625.nc4
2686.819,hit,false,0.000,8,213.504,301,GEOS_0.5x0.625/MERRA2/2019/07/MERRA2.20190701.A3cld.05x0625.nc4
2686.843,hit,false,0.000,8,213.528,301,GEOS_0.5x0.625/MERRA2/2019/07/MERRA2.20190701.A3cld.05x0625.nc4
2686.872,hit,false,0.000,8,213.557,301,GEOS_0.5x0.625/MERRA2/2019/07/MERRA2.20190701.A3cld.05x0625.nc4
2686.897,hit,false,0.000,8,213.583,301,GEOS_0.5x0.625/MERRA2/2019/07/MERRA2.20190701.A3cld.05x0625.nc4
2686.928,hit,false,0.000,8,213.614,301,GEOS_0.5x0.625/MERRA2/2019/07/MERRA2.20190701.A3cld.05x0625.nc4
2686.956,hit,false,0.000,8,213.642,301,GEOS_0.5x0.625/MERRA2/2019/07/MERRA2.20190701.A3cld.05x0625.nc4
2686.986,hit,false,0.000,8,213.672,301,GEOS_0.5x0.625/MERRA2/2019/07/MERRA2.20190701.A3cld.05x0625.nc4
2687.010,hit,false,0.000,8,213.694,302,GEOS_0.5x0.625/MERRA2/2019/07/MERRA2.20190701.A3cld.05x0625.nc4
2687.045,hit,false,0.000,8,213.729,302,GEOS_0.5x0.625/MERRA2/2019/07/MERRA2.20190701.A3cld.05x0625.nc4
2687.071,hit,false,0.000,8,213.755,302,GEOS_0.5x0.625/MERRA2/2019/07/MERRA2.20190701.A3cld.05x0625.nc4
2687.102,hit,false,0.000,8,213.785,302,GEOS_0.5x0.625/MERRA2/2019/07/MERRA2.20190701.A3cld.05x0625.nc4
2687.125,hit,false,0.000,8,213.809,302,GEOS_0.5x0.625/MERRA2/2019/07/MERRA2.20190701.A3cld.05x0625.nc4
2687.162,hit,false,0.000,8,213.846,302,GEOS_0.5x0.625/MERRA2/2019/07/MERRA2.20190701.A3cld.05x0625.nc4
2687.184,hit,false,0.000,8,213.868,302,GEOS_0.5x0.625/MERRA2/2019/07/MERRA2.20190701.A3cld.05x0625.nc4
2687.228,hit,false,0.000,8,213.911,302,GEOS_0.5x0.625/MERRA2/2019/07/MERRA2.20190701.A3cld.05x0625.nc4
2687.250,hit,false,0.000,8,213.931,303,GEOS_0.5x0.625/MERRA2/2019/07/MERRA2.20190701.A3cld.05x0625.nc4
2687.292,hit,false,0.000,8,213.973,303,GEOS_0.5x0.625/MERRA2/2019/07/MERRA2.20190701.A3cld.05x0625.nc4
2687.317,hit,false,0.000,8,213.998,303,GEOS_0.5x0.625/MERRA2/2019/07/MERRA2.20190701.A3cld.05x0625.nc4
2687.350,hit,false,0.000,8,214.032,303,GEOS_0.5x0.625/MERRA2/2019/07/MERRA2.20190701.A3cld.05x0625.nc4
2687.376,hit,false,0.000,8,214.057,303,GEOS_0.5x0.625/MERRA2/2019/07/MERRA2.20190701.A3cld.05x0625.nc4
2687.406,hit,false,0.000,8,214.088,303,GEOS_0.5x0.625/MERRA2/2019/07/MERRA2.20190701.A3cld.05x0625.nc4
2687.434,hit,false,0.000,8,214.116,303,GEOS_0.5x0.625/MERRA2/2019/07/MERRA2.20190701.A3cld.05x0625.nc4
2687.465,hit,false,0.000,8,214.146,303,GEOS_0.5x0.625/MERRA2/2019/07/MERRA2.20190701.A3cld.05x0625.nc4
2687.495,hit,false,0.000,8,214.179,304,GEOS_0.5x0.625/MERRA2/2019/07/MERRA2.20190701.A3cld.05x0625.nc4
2687.521,hit,false,0.000,8,214.204,304,GEOS_0.5x0.625/MERRA2/2019/07/MERRA2.20190701.A3cld.05x0625.nc4
2687.568,hit,false,0.000,8,214.252,304,GEOS_0.5x0.625/MERRA2/2019/07/MERRA2.20190701.A3cld.05x0625.nc4
2687.590,hit,false,0.000,8,214.274,304,GEOS_0.5x0.625/MERRA2/2019/07/MERRA2.20190701.A3cld.05x0625.nc4
2687.627,hit,false,0.000,8,214.311,304,GEOS_0.5x0.625/MERRA2/2019/07/MERRA2.20190701.A3cld.05x0625.nc4
2687.650,hit,false,0.000,8,214.333,304,GEOS_0.5x0.625/MERRA2/2019/07/MERRA2.20190701.A3cld.05x0625.nc4
2687.687,hit,false,0.000,8,214.371,304,GEOS_0.5x0.625/MERRA2/2019/07/MERRA2.20190701.A3cld.05x0625.nc4
2687.710,hit,false,0.000,8,214.394,304,GEOS_0.5x0.625/MERRA2/2019/07/MERRA2.20190701.A3cld.05x0625.nc4
2687.747,hit,false,0.000,8,214.427,305,GEOS_0.5x0.625/MERRA2/2019/07/MERRA2.20190701.A3cld.05x0625.nc4
2687.772,hit,false,0.000,8,214.452,305,GEOS_0.5x0.625/MERRA2/2019/07/MERRA2.20190701.A3cld.05x0625.nc4
2687.806,hit,false,0.000,8,214.486,305,GEOS_0.5x0.625/MERRA2/2019/07/MERRA2.20190701.A3cld.05x0625.nc4
2687.831,hit,false,0.000,8,214.510,305,GEOS_0.5x0.625/MERRA2/2019/07/MERRA2.20190701.A3cld.05x0625.nc4
2687.861,hit,false,0.000,8,214.541,305,GEOS_0.5x0.625/MERRA2/2019/07/MERRA2.20190701.A3cld.05x0625.nc4
2687.885,hit,false,0.000,8,214.565,305,GEOS_0.5x0.625/MERRA2/2019/07/MERRA2.20190701.A3cld.05x0625.nc4
2687.917,hit,false,0.000,8,214.597,305,GEOS_0.5x0.625/MERRA2/2019/07/MERRA2.20190701.A3cld.05x0625.nc4
2687.942,hit,false,0.000,8,214.622,305,GEOS_0.5x0.625/MERRA2/2019/07/MERRA2.20190701.A3cld.05x0625.nc4
2687.973,hit,false,0.000,8,214.648,306,GEOS_0.5x0.625/MERRA2/2019/07/MERRA2.20190701.A3cld.05x0625.nc4
2687.998,hit,false,0.000,8,214.674,306,GEOS_0.5x0.625/MERRA2/2019/07/MERRA2.20190701.A3cld.05x0625.nc4
2688.030,hit,false,0.000,8,214.706,306,GEOS_0.5x0.625/MERRA2/2019/07/MERRA2.20190701.A3cld.05x0625.nc4
2688.054,hit,false,0.000,8,214.730,306,GEOS_0.5x0.625/MERRA2/2019/07/MERRA2.20190701.A3cld.05x0625.nc4
2688.084,hit,false,0.000,8,214.760,306,GEOS_0.5x0.625/MERRA2/2019/07/MERRA2.20190701.A3cld.05x0625.nc4
2688.108,hit,false,0.000,8,214.783,306,GEOS_0.5x0.625/MERRA2/2019/07/MERRA2.20190701.A3cld.05x0625.nc4
2688.141,hit,false,0.000,8,214.817,306,GEOS_0.5x0.625/MERRA2/2019/07/MERRA2.20190701.A3cld.05x0625.nc4
2688.164,hit,false,0.000,8,214.839,306,GEOS_0.5x0.625/MERRA2/2019/07/MERRA2.20190701.A3cld.05x0625.nc4
2688.194,hit,false,0.000,8,214.868,307,GEOS_0.5x0.625/MERRA2/2019/07/MERRA2.20190701.A3cld.05x0625.nc4
2688.224,hit,false,0.000,8,214.897,307,GEOS_0.5x0.625/MERRA2/2019/07/MERRA2.20190701.A3cld.05x0625.nc4
2688.324,hit,false,0.000,8,214.997,307,GEOS_0.5x0.625/MERRA2/2019/07/MERRA2.20190701.A3cld.05x0625.nc4
2688.346,hit,false,0.000,8,215.020,307,GEOS_0.5x0.625/MERRA2/2019/07/MERRA2.20190701.A3cld.05x0625.nc4
2688.380,hit,false,0.000,8,215.053,307,GEOS_0.5x0.625/MERRA2/2019/07/MERRA2.20190701.A3cld.05x0625.nc4
2688.409,hit,false,0.000,8,215.082,307,GEOS_0.5x0.625/MERRA2/2019/07/MERRA2.20190701.A3cld.05x0625.nc4
2688.438,hit,false,0.000,8,215.111,307,GEOS_0.5x0.625/MERRA2/2019/07/MERRA2.20190701.A3cld.05x0625.nc4
2688.460,hit,false,0.000,8,215.134,307,GEOS_0.5x0.625/MERRA2/2019/07/MERRA2.20190701.A3cld.05x0625.nc4
2688.495,hit,false,0.000,8,215.166,308,GEOS_0.5x0.625/MERRA2/2019/07/MERRA2.20190701.A3cld.05x0625.nc4
2688.523,hit,false,0.000,8,215.194,308,GEOS_0.5x0.625/MERRA2/2019/07/MERRA2.20190701.A3cld.05x0625.nc4
2688.553,hit,false,0.000,8,215.224,308,GEOS_0.5x0.625/MERRA2/2019/07/MERRA2.20190701.A3cld.05x0625.nc4
2688.575,hit,false,0.000,8,215.247,308,GEOS_0.5x0.625/MERRA2/2019/07/MERRA2.20190701.A3cld.05x0625.nc4
2688.607,hit,false,0.000,8,215.278,308,GEOS_0.5x0.625/MERRA2/2019/07/MERRA2.20190701.A3cld.05x0625.nc4
2688.631,hit,false,0.000,8,215.302,308,GEOS_0.5x0.625/MERRA2/2019/07/MERRA2.20190701.A3cld.05x0625.nc4
2688.662,hit,false,0.000,8,215.333,308,GEOS_0.5x0.625/MERRA2/2019/07/MERRA2.20190701.A3cld.05x0625.nc4
2688.688,hit,false,0.000,8,215.360,308,GEOS_0.5x0.625/MERRA2/2019/07/MERRA2.20190701.A3cld.05x0625.nc4
2688.728,hit,false,0.000,8,215.397,309,GEOS_0.5x0.625/MERRA2/2019/07/MERRA2.20190701.A3cld.05x0625.nc4
2688.752,hit,false,0.000,8,215.420,309,GEOS_0.5x0.625/MERRA2/2019/07/MERRA2.20190701.A3cld.05x0625.nc4
2688.786,hit,false,0.000,8,215.455,309,GEOS_0.5x0.625/MERRA2/2019/07/MERRA2.20190701.A3cld.05x0625.nc4
2688.811,hit,false,0.000,8,215.480,309,GEOS_0.5x0.625/MERRA2/2019/07/MERRA2.20190701.A3cld.05x0625.nc4
2688.842,hit,false,0.000,8,215.510,309,GEOS_0.5x0.625/MERRA2/2019/07/MERRA2.20190701.A3cld.05x0625.nc4
2688.865,hit,false,0.000,8,215.534,309,GEOS_0.5x0.625/MERRA2/2019/07/MERRA2.20190701.A3cld.05x0625.nc4
2688.895,hit,false,0.000,8,215.563,309,GEOS_0.5x0.625/MERRA2/2019/07/MERRA2.20190701.A3cld.05x0625.nc4
2688.923,hit,false,0.000,8,215.592,309,GEOS_0.5x0.625/MERRA2/2019/07/MERRA2.20190701.A3cld.05x0625.nc4
2688.952,hit,false,0.000,8,215.618,310,GEOS_0.5x0.625/MERRA2/2019/07/MERRA2.20190701.A3cld.05x0625.nc4
2688.982,hit,false,0.000,8,215.649,310,GEOS_0.5x0.625/MERRA2/2019/07/MERRA2.20190701.A3cld.05x0625.nc4
2689.006,hit,false,0.000,8,215.673,310,GEOS_0.5x0.625/MERRA2/2019/07/MERRA2.20190701.A3cld.05x0625.nc4
2689.037,hit,false,0.000,8,215.703,310,GEOS_0.5x0.625/MERRA2/2019/07/MERRA2.20190701.A3cld.05x0625.nc4
2689.061,hit,false,0.000,8,215.728,310,GEOS_0.5x0.625/MERRA2/2019/07/MERRA2.20190701.A3cld.05x0625.nc4
2689.090,hit,false,0.000,8,215.757,310,GEOS_0.5x0.625/MERRA2/2019/07/MERRA2.20190701.A3cld.05x0625.nc4
2689.114,hit,false,0.000,8,215.780,310,GEOS_0.5x0.625/MERRA2/2019/07/MERRA2.20190701.A3cld.05x0625.nc4
2689.142,hit,false,0.000,8,215.808,310,GEOS_0.5x0.625/MERRA2/2019/07/MERRA2.20190701.A3cld.05x0625.nc4
2689.169,hit,false,0.000,8,215.834,311,GEOS_0.5x0.625/MERRA2/2019/07/MERRA2.20190701.A3cld.05x0625.nc4
2689.195,hit,false,0.000,8,215.860,311,GEOS_0.5x0.625/MERRA2/2019/07/MERRA2.20190701.A3cld.05x0625.nc4
2689.223,hit,false,0.000,8,215.888,311,GEOS_0.5x0.625/MERRA2/2019/07/MERRA2.20190701.A3cld.05x0625.nc4
2689.247,hit,false,0.000,8,215.911,311,GEOS_0.5x0.625/MERRA2/2019/07/MERRA2.20190701.A3cld.05x0625.nc4
2689.274,hit,false,0.000,8,215.939,311,GEOS_0.5x0.625/MERRA2/2019/07/MERRA2.20190701.A3cld.05x0625.nc4
2689.297,hit,false,0.000,8,215.962,311,GEOS_0.5x0.625/MERRA2/2019/07/MERRA2.20190701.A3cld.05x0625.nc4
2689.330,hit,false,0.000,8,215.995,311,GEOS_0.5x0.625/MERRA2/2019/07/MERRA2.20190701.A3cld.05x0625.nc4
2689.358,hit,false,0.000,8,216.023,311,GEOS_0.5x0.625/MERRA2/2019/07/MERRA2.20190701.A3cld.05x0625.nc4
2689.383,hit,false,0.000,8,216.062,312,GEOS_0.5x0.625/MERRA2/2019/07/MERRA2.20190701.A3cld.05x0625.nc4
2689.414,hit,false,0.000,8,216.094,312,GEOS_0.5x0.625/MERRA2/2019/07/MERRA2.20190701.A3cld.05x0625.nc4
2689.455,hit,false,0.000,8,216.134,312,GEOS_0.5x0.625/MERRA2/2019/07/MERRA2.20190701.A3cld.05x0625.nc4
2689.477,hit,false,0.000,8,216.157,312,GEOS_0.5x0.625/MERRA2/2019/07/MERRA2.20190701.A3cld.05x0625.nc4
2689.514,hit,false,0.000,8,216.193,312,GEOS_0.5x0.625/MERRA2/2019/07/MERRA2.20190701.A3cld.05x0625.nc4
2689.536,hit,false,0.000,8,216.215,312,GEOS_0.5x0.625/MERRA2/2019/07/MERRA2.20190701.A3cld.05x0625.nc4
2689.576,hit,false,0.000,8,216.255,312,GEOS_0.5x0.625/MERRA2/2019/07/MERRA2.20190701.A3cld.05x0625.nc4
2689.598,hit,false,0.000,8,216.277,312,GEOS_0.5x0.625/MERRA2/2019/07/MERRA2.20190701.A3cld.05x0625.nc4
2689.634,hit,false,0.000,8,216.310,313,GEOS_0.5x0.625/MERRA2/2019/07/MERRA2.20190701.A3cld.05x0625.nc4
2689.658,hit,false,0.000,8,216.334,313,GEOS_0.5x0.625/MERRA2/2019/07/MERRA2.20190701.A3cld.05x0625.nc4
2689.695,hit,false,0.000,8,216.371,313,GEOS_0.5x0.625/MERRA2/2019/07/MERRA2.20190701.A3cld.05x0625.nc4
2689.718,hit,false,0.000,8,216.394,313,GEOS_0.5x0.625/MERRA2/2019/07/MERRA2.20190701.A3cld.05x0625.nc4
2689.750,hit,false,0.000,8,216.426,313,GEOS_0.5x0.625/MERRA2/2019/07/MERRA2.20190701.A3cld.05x0625.nc4
2689.779,hit,false,0.000,8,216.455,313,GEOS_0.5x0.625/MERRA2/2019/07/MERRA2.20190701.A3cld.05x0625.nc4
2689.808,hit,false,0.000,8,216.484,313,GEOS_0.5x0.625/MERRA2/2019/07/MERRA2.20190701.A3cld.05x0625.nc4
2689.838,hit,false,0.000,8,216.514,313,GEOS_0.5x0.625/MERRA2/2019/07/MERRA2.20190701.A3cld.05x0625.nc4
2689.863,hit,false,0.000,8,216.537,314,GEOS_0.5x0.625/MERRA2/2019/07/MERRA2.20190701.A3cld.05x0625.nc4
2689.897,hit,false,0.000,8,216.571,314,GEOS_0.5x0.625/MERRA2/2019/07/MERRA2.20190701.A3cld.05x0625.nc4
2689.920,hit,false,0.000,8,216.594,314,GEOS_0.5x0.625/MERRA2/2019/07/MERRA2.20190701.A3cld.05x0625.nc4
2689.957,hit,false,0.000,8,216.631,314,GEOS_0.5x0.625/MERRA2/2019/07/MERRA2.20190701.A3cld.05x0625.nc4
2689.980,hit,false,0.000,8,216.654,314,GEOS_0.5x0.625/MERRA2/2019/07/MERRA2.20190701.A3cld.05x0625.nc4
2690.013,hit,false,0.000,8,216.687,314,GEOS_0.5x0.625/MERRA2/2019/07/MERRA2.20190701.A3cld.05x0625.nc4
2690.039,hit,false,0.000,8,216.713,314,GEOS_0.5x0.625/MERRA2/2019/07/MERRA2.20190701.A3cld.05x0625.nc4
2690.071,hit,false,0.000,8,216.745,314,GEOS_0.5x0.625/MERRA2/2019/07/MERRA2.20190701.A3cld.05x0625.nc4
2690.096,hit,false,0.000,8,216.767,315,GEOS_0.5x0.625/MERRA2/2019/07/MERRA2.20190701.A3cld.05x0625.nc4
2690.200,hit,false,0.000,8,216.872,315,GEOS_0.5x0.625/MERRA2/2019/07/MERRA2.20190701.A3cld.05x0625.nc4
2690.223,hit,false,0.000,8,216.894,315,GEOS_0.5x0.625/MERRA2/2019/07/MERRA2.20190701.A3cld.05x0625.nc4
2690.259,hit,false,0.000,8,216.930,315,GEOS_0.5x0.625/MERRA2/2019/07/MERRA2.20190701.A3cld.05x0625.nc4
2690.280,hit,false,0.000,8,216.952,315,GEOS_0.5x0.625/MERRA2/2019/07/MERRA2.20190701.A3cld.05x0625.nc4
2690.316,hit,false,0.000,8,216.987,315,GEOS_0.5x0.625/MERRA2/2019/07/MERRA2.20190701.A3cld.05x0625.nc4
2690.338,hit,false,0.000,8,217.010,315,GEOS_0.5x0.625/MERRA2/2019/07/MERRA2.20190701.A3cld.05x0625.nc4
2690.371,hit,false,0.000,8,217.043,315,GEOS_0.5x0.625/MERRA2/2019/07/MERRA2.20190701.A3cld.05x0625.nc4
2690.393,hit,false,0.000,8,217.063,316,GEOS_0.5x0.625/MERRA2/2019/07/MERRA2.20190701.A3cld.05x0625.nc4
2690.440,hit,false,0.000,8,217.109,316,GEOS_0.5x0.625/MERRA2/2019/07/MERRA2.20190701.A3cld.05x0625.nc4
2690.462,hit,false,0.000,8,217.132,316,GEOS_0.5x0.625/MERRA2/2019/07/MERRA2.20190701.A3cld.05x0625.nc4
2690.491,hit,false,0.000,8,217.161,316,GEOS_0.5x0.625/MERRA2/2019/07/MERRA2.20190701.A3cld.05x0625.nc4
2690.517,hit,false,0.000,8,217.186,316,GEOS_0.5x0.625/MERRA2/2019/07/MERRA2.20190701.A3cld.05x0625.nc4
2690.545,hit,false,0.000,8,217.214,316,GEOS_0.5x0.625/MERRA2/2019/07/MERRA2.20190701.A3cld.05x0625.nc4
2690.569,hit,false,0.000,8,217.238,316,GEOS_0.5x0.625/MERRA2/2019/07/MERRA2.20190701.A3cld.05x0625.nc4
2690.597,hit,false,0.000,8,217.267,316,GEOS_0.5x0.625/MERRA2/2019/07/MERRA2.20190701.A3cld.05x0625.nc4
2690.621,hit,false,0.000,8,217.288,317,GEOS_0.5x0.625/MERRA2/2019/07/MERRA2.20190701.A3cld.05x0625.nc4
2690.652,hit,false,0.000,8,217.319,317,GEOS_0.5x0.625/MERRA2/2019/07/MERRA2.20190701.A3cld.05x0625.nc4
2690.675,hit,false,0.000,8,217.342,317,GEOS_0.5x0.625/MERRA2/2019/07/MERRA2.20190701.A3cld.05x0625.nc4
2690.705,hit,false,0.000,8,217.372,317,GEOS_0.5x0.625/MERRA2/2019/07/MERRA2.20190701.A3cld.05x0625.nc4
2690.730,hit,false,0.000,8,217.397,317,GEOS_0.5x0.625/MERRA2/2019/07/MERRA2.20190701.A3cld.05x0625.nc4
2690.759,hit,false,0.000,8,217.426,317,GEOS_0.5x0.625/MERRA2/2019/07/MERRA2.20190701.A3cld.05x0625.nc4
2690.791,hit,false,0.000,8,217.458,317,GEOS_0.5x0.625/MERRA2/2019/07/MERRA2.20190701.A3cld.05x0625.nc4
2690.815,hit,false,0.000,8,217.482,317,GEOS_0.5x0.625/MERRA2/2019/07/MERRA2.20190701.A3cld.05x0625.nc4
2690.844,hit,false,0.000,8,217.508,318,GEOS_0.5x0.625/MERRA2/2019/07/MERRA2.20190701.A3cld.05x0625.nc4
2690.872,hit,false,0.000,8,217.536,318,GEOS_0.5x0.625/MERRA2/2019/07/MERRA2.20190701.A3cld.05x0625.nc4
2690.894,hit,false,0.000,8,217.559,318,GEOS_0.5x0.625/MERRA2/2019/07/MERRA2.20190701.A3cld.05x0625.nc4
2690.933,hit,false,0.000,8,217.597,318,GEOS_0.5x0.625/MERRA2/2019/07/MERRA2.20190701.A3cld.05x0625.nc4
2690.956,hit,false,0.000,8,217.620,318,GEOS_0.5x0.625/MERRA2/2019/07/MERRA2.20190701.A3cld.05x0625.nc4
2690.989,hit,false,0.000,8,217.654,318,GEOS_0.5x0.625/MERRA2/2019/07/MERRA2.20190701.A3cld.05x0625.nc4
2691.013,hit,false,0.000,8,217.678,318,GEOS_0.5x0.625/MERRA2/2019/07/MERRA2.20190701.A3cld.05x0625.nc4
2691.047,hit,false,0.000,8,217.712,318,GEOS_0.5x0.625/MERRA2/2019/07/MERRA2.20190701.A3cld.05x0625.nc4
2691.071,hit,false,0.000,8,217.733,319,GEOS_0.5x0.625/MERRA2/2019/07/MERRA2.20190701.A3cld.05x0625.nc4
2691.100,hit,false,0.000,8,217.762,319,GEOS_0.5x0.625/MERRA2/2019/07/MERRA2.20190701.A3cld.05x0625.nc4
2691.124,hit,false,0.000,8,217.786,319,GEOS_0.5x0.625/MERRA2/2019/07/MERRA2.20190701.A3cld.05x0625.nc4
2691.151,hit,false,0.000,8,217.813,319,GEOS_0.5x0.625/MERRA2/2019/07/MERRA2.20190701.A3cld.05x0625.nc4
2691.176,hit,false,0.000,8,217.839,319,GEOS_0.5x0.625/MERRA2/2019/07/MERRA2.20190701.A3cld.05x0625.nc4
2691.198,hit,false,0.000,8,217.861,319,GEOS_0.5x0.625/MERRA2/2019/07/MERRA2.20190701.A3cld.05x0625.nc4
2691.238,hit,false,0.000,8,217.901,319,GEOS_0.5x0.625/MERRA2/2019/07/MERRA2.20190701.A3cld.05x0625.nc4
2691.261,hit,false,0.000,8,217.923,319,GEOS_0.5x0.625/MERRA2/2019/07/MERRA2.20190701.A3cld.05x0625.nc4
2691.297,hit,false,0.000,8,217.965,320,GEOS_0.5x0.625/MERRA2/2019/07/MERRA2.20190701.A3cld.05x0625.nc4
2691.320,hit,false,0.000,8,217.987,320,GEOS_0.5x0.625/MERRA2/2019/07/MERRA2.20190701.A3cld.05x0625.nc4
2691.373,hit,false,0.000,8,218.041,320,GEOS_0.5x0.625/MERRA2/2019/07/MERRA2.20190701.A3cld.05x0625.nc4
2691.395,hit,false,0.000,8,218.062,320,GEOS_0.5x0.625/MERRA2/2019/07/MERRA2.20190701.A3cld.05x0625.nc4
2691.430,hit,false,0.000,8,218.097,320,GEOS_0.5x0.625/MERRA2/2019/07/MERRA2.20190701.A3cld.05x0625.nc4
2691.451,hit,false,0.000,8,218.118,320,GEOS_0.5x0.625/MERRA2/2019/07/MERRA2.20190701.A3cld.05x0625.nc4
2691.485,hit,false,0.000,8,218.152,320,GEOS_0.5x0.625/MERRA2/2019/07/MERRA2.20190701.A3cld.05x0625.nc4
2691.507,hit,false,0.000,8,218.174,320,GEOS_0.5x0.625/MERRA2/2019/07/MERRA2.20190701.A3cld.05x0625.nc4
2691.537,hit,false,0.000,8,218.200,321,GEOS_0.5x0.625/MERRA2/2019/07/MERRA2.20190701.A3cld.05x0625.nc4
2691.563,hit,false,0.000,8,218.227,321,GEOS_0.5x0.625/MERRA2/2019/07/MERRA2.20190701.A3cld.05x0625.nc4
2691.595,hit,false,0.000,8,218.258,321,GEOS_0.5x0.625/MERRA2/2019/07/MERRA2.20190701.A3cld.05x0625.nc4
2691.620,hit,false,0.000,8,218.284,321,GEOS_0.5x0.625/MERRA2/2019/07/MERRA2.20190701.A3cld.05x0625.nc4
2691.653,hit,false,0.000,8,218.316,321,GEOS_0.5x0.625/MERRA2/2019/07/MERRA2.20190701.A3cld.05x0625.nc4
2691.675,hit,false,0.000,8,218.338,321,GEOS_0.5x0.625/MERRA2/2019/07/MERRA2.20190701.A3cld.05x0625.nc4
2691.715,hit,false,0.000,8,218.378,321,GEOS_0.5x0.625/MERRA2/2019/07/MERRA2.20190701.A3cld.05x0625.nc4
2691.737,hit,false,0.000,8,218.400,321,GEOS_0.5x0.625/MERRA2/2019/07/MERRA2.20190701.A3cld.05x0625.nc4
2691.773,hit,false,0.000,8,218.435,322,GEOS_0.5x0.625/MERRA2/2019/07/MERRA2.20190701.A3cld.05x0625.nc4
2691.798,hit,false,0.000,8,218.460,322,GEOS_0.5x0.625/MERRA2/2019/07/MERRA2.20190701.A3cld.05x0625.nc4
2691.829,hit,false,0.000,8,218.490,322,GEOS_0.5x0.625/MERRA2/2019/07/MERRA2.20190701.A3cld.05x0625.nc4
2691.853,hit,false,0.000,8,218.515,322,GEOS_0.5x0.625/MERRA2/2019/07/MERRA2.20190701.A3cld.05x0625.nc4
2691.883,hit,false,0.000,8,218.545,322,GEOS_0.5x0.625/MERRA2/2019/07/MERRA2.20190701.A3cld.05x0625.nc4
2691.909,hit,false,0.000,8,218.571,322,GEOS_0.5x0.625/MERRA2/2019/07/MERRA2.20190701.A3cld.05x0625.nc4
2691.938,hit,false,0.000,8,218.600,322,GEOS_0.5x0.625/MERRA2/2019/07/MERRA2.20190701.A3cld.05x0625.nc4
2691.969,hit,false,0.000,8,218.630,322,GEOS_0.5x0.625/MERRA2/2019/07/MERRA2.20190701.A3cld.05x0625.nc4
2692.072,hit,false,0.000,8,218.732,323,GEOS_0.5x0.625/MERRA2/2019/07/MERRA2.20190701.A3cld.05x0625.nc4
2692.096,hit,false,0.000,8,218.755,323,GEOS_0.5x0.625/MERRA2/2019/07/MERRA2.20190701.A3cld.05x0625.nc4
2692.135,hit,false,0.000,8,218.794,323,GEOS_0.5x0.625/MERRA2/2019/07/MERRA2.20190701.A3cld.05x0625.nc4
2692.157,hit,false,0.000,8,218.816,323,GEOS_0.5x0.625/MERRA2/2019/07/MERRA2.20190701.A3cld.05x0625.nc4
2692.192,hit,false,0.000,8,218.851,323,GEOS_0.5x0.625/MERRA2/2019/07/MERRA2.20190701.A3cld.05x0625.nc4
2692.216,hit,false,0.000,8,218.875,323,GEOS_0.5x0.625/MERRA2/2019/07/MERRA2.20190701.A3cld.05x0625.nc4
2692.247,hit,false,0.000,8,218.906,323,GEOS_0.5x0.625/MERRA2/2019/07/MERRA2.20190701.A3cld.05x0625.nc4
2692.272,hit,false,0.000,8,218.931,323,GEOS_0.5x0.625/MERRA2/2019/07/MERRA2.20190701.A3cld.05x0625.nc4
2692.305,hit,false,0.000,8,218.962,324,GEOS_0.5x0.625/MERRA2/2019/07/MERRA2.20190701.A3cld.05x0625.nc4
2692.334,hit,false,0.000,8,218.991,324,GEOS_0.5x0.625/MERRA2/2019/07/MERRA2.20190701.A3cld.05x0625.nc4
2692.366,hit,false,0.000,8,219.024,324,GEOS_0.5x0.625/MERRA2/2019/07/MERRA2.20190701.A3cld.05x0625.nc4
2692.395,hit,false,0.000,8,219.052,324,GEOS_0.5x0.625/MERRA2/2019/07/MERRA2.20190701.A3cld.05x0625.nc4
2692.424,hit,false,0.000,8,219.081,324,GEOS_0.5x0.625/MERRA2/2019/07/MERRA2.20190701.A3cld.05x0625.nc4
2692.453,hit,false,0.000,8,219.110,324,GEOS_0.5x0.625/MERRA2/2019/07/MERRA2.20190701.A3cld.05x0625.nc4
2692.482,hit,false,0.000,8,219.139,324,GEOS_0.5x0.625/MERRA2/2019/07/MERRA2.20190701.A3cld.05x0625.nc4
2692.512,hit,false,0.000,8,219.169,324,GEOS_0.5x0.625/MERRA2/2019/07/MERRA2.20190701.A3cld.05x0625.nc4
2692.539,hit,false,0.000,8,219.195,325,GEOS_0.5x0.625/MERRA2/2019/07/MERRA2.20190701.A3cld.05x0625.nc4
2692.572,hit,false,0.000,8,219.228,325,GEOS_0.5x0.625/MERRA2/2019/07/MERRA2.20190701.A3cld.05x0625.nc4
2692.596,hit,false,0.000,8,219.252,325,GEOS_0.5x0.625/MERRA2/2019/07/MERRA2.20190701.A3cld.05x0625.nc4
2692.630,hit,false,0.000,8,219.286,325,GEOS_0.5x0.625/MERRA2/2019/07/MERRA2.20190701.A3cld.05x0625.nc4
2692.652,hit,false,0.000,8,219.308,325,GEOS_0.5x0.625/MERRA2/2019/07/MERRA2.20190701.A3cld.05x0625.nc4
2692.688,hit,false,0.000,8,219.343,325,GEOS_0.5x0.625/MERRA2/2019/07/MERRA2.20190701.A3cld.05x0625.nc4
2692.711,hit,false,0.000,8,219.367,325,GEOS_0.5x0.625/MERRA2/2019/07/MERRA2.20190701.A3cld.05x0625.nc4
2692.742,hit,false,0.000,8,219.398,325,GEOS_0.5x0.625/MERRA2/2019/07/MERRA2.20190701.A3cld.05x0625.nc4
2692.767,hit,false,0.000,8,219.420,326,GEOS_0.5x0.625/MERRA2/2019/07/MERRA2.20190701.A3cld.05x0625.nc4
2692.802,hit,false,0.000,8,219.456,326,GEOS_0.5x0.625/MERRA2/2019/07/MERRA2.20190701.A3cld.05x0625.nc4
2692.828,hit,false,0.000,8,219.481,326,GEOS_0.5x0.625/MERRA2/2019/07/MERRA2.20190701.A3cld.05x0625.nc4
2692.858,hit,false,0.000,8,219.512,326,GEOS_0.5x0.625/MERRA2/2019/07/MERRA2.20190701.A3cld.05x0625.nc4
2692.894,hit,false,0.000,8,219.548,326,GEOS_0.5x0.625/MERRA2/2019/07/MERRA2.20190701.A3cld.05x0625.nc4
2692.917,hit,false,0.000,8,219.570,326,GEOS_0.5x0.625/MERRA2/2019/07/MERRA2.20190701.A3cld.05x0625.nc4
2692.953,hit,false,0.000,8,219.606,326,GEOS_0.5x0.625/MERRA2/2019/07/MERRA2.20190701.A3cld.05x0625.nc4
2692.974,hit,false,0.000,8,219.628,326,GEOS_0.5x0.625/MERRA2/2019/07/MERRA2.20190701.A3cld.05x0625.nc4
2693.012,hit,false,0.000,8,219.663,327,GEOS_0.5x0.625/MERRA2/2019/07/MERRA2.20190701.A3cld.05x0625.nc4
2693.036,hit,false,0.000,8,219.687,327,GEOS_0.5x0.625/MERRA2/2019/07/MERRA2.20190701.A3cld.05x0625.nc4
2693.069,hit,false,0.000,8,219.721,327,GEOS_0.5x0.625/MERRA2/2019/07/MERRA2.20190701.A3cld.05x0625.nc4
2693.103,hit,false,0.000,8,219.755,327,GEOS_0.5x0.625/MERRA2/2019/07/MERRA2.20190701.A3cld.05x0625.nc4
2693.136,hit,false,0.000,8,219.788,327,GEOS_0.5x0.625/MERRA2/2019/07/MERRA2.20190701.A3cld.05x0625.nc4
2693.161,hit,false,0.000,8,219.813,327,GEOS_0.5x0.625/MERRA2/2019/07/MERRA2.20190701.A3cld.05x0625.nc4
2693.191,hit,false,0.000,8,219.843,327,GEOS_0.5x0.625/MERRA2/2019/07/MERRA2.20190701.A3cld.05x0625.nc4
2693.215,hit,false,0.000,8,219.867,327,GEOS_0.5x0.625/MERRA2/2019/07/MERRA2.20190701.A3cld.05x0625.nc4
2693.247,uncovered,false,54.649,7,207.433,328,GEOS_0.5x0.625/MERRA2/2019/07/MERRA2.20190701.A3cld.05x0625.nc4
2693.279,uncovered,false,54.582,7,207.465,328,GEOS_0.5x0.625/MERRA2/2019/07/MERRA2.20190701.A3cld.05x0625.nc4
2747.968,hit,false,0.000,7,262.153,328,GEOS_0.5x0.625/MERRA2/2019/07/MERRA2.20190701.A3cld.05x0625.nc4
2747.989,hit,false,0.000,7,262.175,328,GEOS_0.5x0.625/MERRA2/2019/07/MERRA2.20190701.A3cld.05x0625.nc4
2748.025,hit,false,0.000,7,262.211,328,GEOS_0.5x0.625/MERRA2/2019/07/MERRA2.20190701.A3cld.05x0625.nc4
2748.052,hit,false,0.000,7,262.237,328,GEOS_0.5x0.625/MERRA2/2019/07/MERRA2.20190701.A3cld.05x0625.nc4
2748.080,hit,false,0.000,7,262.265,328,GEOS_0.5x0.625/MERRA2/2019/07/MERRA2.20190701.A3cld.05x0625.nc4
2748.108,hit,false,0.000,7,262.294,328,GEOS_0.5x0.625/MERRA2/2019/07/MERRA2.20190701.A3cld.05x0625.nc4
2748.146,uncovered,false,5.652,6,262.328,329,GEOS_0.5x0.625/MERRA2/2019/07/MERRA2.20190701.A3cld.05x0625.nc4
2748.174,uncovered,false,5.602,6,262.356,329,GEOS_0.5x0.625/MERRA2/2019/07/MERRA2.20190701.A3cld.05x0625.nc4
2753.868,hit,false,0.000,6,268.050,329,GEOS_0.5x0.625/MERRA2/2019/07/MERRA2.20190701.A3cld.05x0625.nc4
2753.888,hit,false,0.000,6,268.070,329,GEOS_0.5x0.625/MERRA2/2019/07/MERRA2.20190701.A3cld.05x0625.nc4
2753.931,hit,false,0.000,6,268.112,329,GEOS_0.5x0.625/MERRA2/2019/07/MERRA2.20190701.A3cld.05x0625.nc4
2753.954,hit,false,0.000,6,268.136,329,GEOS_0.5x0.625/MERRA2/2019/07/MERRA2.20190701.A3cld.05x0625.nc4
2753.992,hit,false,0.000,6,268.174,329,GEOS_0.5x0.625/MERRA2/2019/07/MERRA2.20190701.A3cld.05x0625.nc4
2754.015,hit,false,0.000,6,268.197,329,GEOS_0.5x0.625/MERRA2/2019/07/MERRA2.20190701.A3cld.05x0625.nc4
2754.046,uncovered,false,4.801,5,268.226,330,GEOS_0.5x0.625/MERRA2/2019/07/MERRA2.20190701.A3cld.05x0625.nc4
2754.075,uncovered,false,4.708,5,268.254,330,GEOS_0.5x0.625/MERRA2/2019/07/MERRA2.20190701.A3cld.05x0625.nc4
2758.907,hit,false,0.000,5,273.086,330,GEOS_0.5x0.625/MERRA2/2019/07/MERRA2.20190701.A3cld.05x0625.nc4
2758.930,hit,false,0.000,5,273.109,330,GEOS_0.5x0.625/MERRA2/2019/07/MERRA2.20190701.A3cld.05x0625.nc4
2758.967,hit,false,0.000,5,273.147,330,GEOS_0.5x0.625/MERRA2/2019/07/MERRA2.20190701.A3cld.05x0625.nc4
2758.994,hit,false,0.000,5,273.174,330,GEOS_0.5x0.625/MERRA2/2019/07/MERRA2.20190701.A3cld.05x0625.nc4
2759.027,hit,false,0.000,5,273.206,330,GEOS_0.5x0.625/MERRA2/2019/07/MERRA2.20190701.A3cld.05x0625.nc4
2759.122,hit,false,0.000,5,273.301,330,GEOS_0.5x0.625/MERRA2/2019/07/MERRA2.20190701.A3cld.05x0625.nc4
2759.145,uncovered,false,6.027,4,273.321,331,GEOS_0.5x0.625/MERRA2/2019/07/MERRA2.20190701.A3cld.05x0625.nc4
2759.185,uncovered,false,5.973,4,273.361,331,GEOS_0.5x0.625/MERRA2/2019/07/MERRA2.20190701.A3cld.05x0625.nc4
2765.245,hit,false,0.000,4,279.421,331,GEOS_0.5x0.625/MERRA2/2019/07/MERRA2.20190701.A3cld.05x0625.nc4
2765.267,hit,false,0.000,4,279.443,331,GEOS_0.5x0.625/MERRA2/2019/07/MERRA2.20190701.A3cld.05x0625.nc4
2765.302,hit,false,0.000,4,279.478,331,GEOS_0.5x0.625/MERRA2/2019/07/MERRA2.20190701.A3cld.05x0625.nc4
2765.331,hit,false,0.000,4,279.507,331,GEOS_0.5x0.625/MERRA2/2019/07/MERRA2.20190701.A3cld.05x0625.nc4
2765.364,hit,false,0.000,4,279.540,331,GEOS_0.5x0.625/MERRA2/2019/07/MERRA2.20190701.A3cld.05x0625.nc4
2765.389,hit,false,0.000,4,279.566,331,GEOS_0.5x0.625/MERRA2/2019/07/MERRA2.20190701.A3cld.05x0625.nc4
2765.421,uncovered,false,5.795,3,279.594,332,GEOS_0.5x0.625/MERRA2/2019/07/MERRA2.20190701.A3cld.05x0625.nc4
2765.452,uncovered,false,5.738,3,279.625,332,GEOS_0.5x0.625/MERRA2/2019/07/MERRA2.20190701.A3cld.05x0625.nc4
2771.295,hit,false,0.000,3,285.468,332,GEOS_0.5x0.625/MERRA2/2019/07/MERRA2.20190701.A3cld.05x0625.nc4
2771.314,hit,false,0.000,3,285.488,332,GEOS_0.5x0.625/MERRA2/2019/07/MERRA2.20190701.A3cld.05x0625.nc4
2771.363,hit,false,0.000,3,285.537,332,GEOS_0.5x0.625/MERRA2/2019/07/MERRA2.20190701.A3cld.05x0625.nc4
2771.388,hit,false,0.000,3,285.561,332,GEOS_0.5x0.625/MERRA2/2019/07/MERRA2.20190701.A3cld.05x0625.nc4
2771.419,hit,false,0.000,3,285.592,332,GEOS_0.5x0.625/MERRA2/2019/07/MERRA2.20190701.A3cld.05x0625.nc4
2771.444,hit,false,0.000,3,285.617,332,GEOS_0.5x0.625/MERRA2/2019/07/MERRA2.20190701.A3cld.05x0625.nc4
2771.473,uncovered,false,9.282,2,285.643,333,GEOS_0.5x0.625/MERRA2/2019/07/MERRA2.20190701.A3cld.05x0625.nc4
2771.501,uncovered,false,9.215,2,285.671,333,GEOS_0.5x0.625/MERRA2/2019/07/MERRA2.20190701.A3cld.05x0625.nc4
2780.823,hit,false,0.000,2,294.994,333,GEOS_0.5x0.625/MERRA2/2019/07/MERRA2.20190701.A3cld.05x0625.nc4
2780.844,hit,false,0.000,2,295.014,333,GEOS_0.5x0.625/MERRA2/2019/07/MERRA2.20190701.A3cld.05x0625.nc4
2780.881,hit,false,0.000,2,295.051,333,GEOS_0.5x0.625/MERRA2/2019/07/MERRA2.20190701.A3cld.05x0625.nc4
2780.907,hit,false,0.000,2,295.077,333,GEOS_0.5x0.625/MERRA2/2019/07/MERRA2.20190701.A3cld.05x0625.nc4
2780.936,hit,false,0.000,2,295.106,333,GEOS_0.5x0.625/MERRA2/2019/07/MERRA2.20190701.A3cld.05x0625.nc4
2780.964,hit,false,0.000,2,295.135,333,GEOS_0.5x0.625/MERRA2/2019/07/MERRA2.20190701.A3cld.05x0625.nc4
2780.987,uncovered,false,3.971,1,295.156,334,GEOS_0.5x0.625/MERRA2/2019/07/MERRA2.20190701.A3cld.05x0625.nc4
2781.022,uncovered,false,3.875,1,295.190,334,GEOS_0.5x0.625/MERRA2/2019/07/MERRA2.20190701.A3cld.05x0625.nc4
2785.031,hit,false,0.000,1,299.199,334,GEOS_0.5x0.625/MERRA2/2019/07/MERRA2.20190701.A3cld.05x0625.nc4
2785.052,hit,false,0.000,1,299.220,334,GEOS_0.5x0.625/MERRA2/2019/07/MERRA2.20190701.A3cld.05x0625.nc4
2785.083,hit,false,0.000,1,299.252,334,GEOS_0.5x0.625/MERRA2/2019/07/MERRA2.20190701.A3cld.05x0625.nc4
2785.112,hit,false,0.000,1,299.280,334,GEOS_0.5x0.625/MERRA2/2019/07/MERRA2.20190701.A3cld.05x0625.nc4
2785.139,hit,false,0.000,1,299.307,334,GEOS_0.5x0.625/MERRA2/2019/07/MERRA2.20190701.A3cld.05x0625.nc4
2785.169,hit,false,0.000,1,299.337,334,GEOS_0.5x0.625/MERRA2/2019/07/MERRA2.20190701.A3cld.05x0625.nc4
2785.191,uncovered,false,4.432,0,299.357,335,GEOS_0.5x0.625/MERRA2/2019/07/MERRA2.20190701.A3cld.05x0625.nc4
2785.231,uncovered,false,4.446,0,299.398,335,GEOS_0.5x0.625/MERRA2/2019/07/MERRA2.20190701.A3cld.05x0625.nc4
2789.695,hit,false,0.000,0,303.862,335,GEOS_0.5x0.625/MERRA2/2019/07/MERRA2.20190701.A3cld.05x0625.nc4
2789.737,hit,false,0.000,0,303.904,335,GEOS_0.5x0.625/MERRA2/2019/07/MERRA2.20190701.A3cld.05x0625.nc4
2789.760,hit,false,0.000,0,303.927,335,GEOS_0.5x0.625/MERRA2/2019/07/MERRA2.20190701.A3cld.05x0625.nc4
2789.793,hit,false,0.000,0,303.960,335,GEOS_0.5x0.625/MERRA2/2019/07/MERRA2.20190701.A3cld.05x0625.nc4
2789.820,hit,false,0.000,0,303.987,335,GEOS_0.5x0.625/MERRA2/2019/07/MERRA2.20190701.A3cld.05x0625.nc4
2789.849,hit,false,0.000,0,304.015,335,GEOS_0.5x0.625/MERRA2/2019/07/MERRA2.20190701.A3cld.05x0625.nc4
2789.877,hit,false,0.000,0,304.141,336,GEOS_0.5x0.625/MERRA2/2019/07/MERRA2.20190701.A3cld.05x0625.nc4
2789.908,hit,false,0.000,0,304.172,336,GEOS_0.5x0.625/MERRA2/2019/07/MERRA2.20190701.A3cld.05x0625.nc4
2789.948,hit,false,0.000,0,304.212,336,GEOS_0.5x0.625/MERRA2/2019/07/MERRA2.20190701.A3cld.05x0625.nc4
2789.970,hit,false,0.000,0,304.234,336,GEOS_0.5x0.625/MERRA2/2019/07/MERRA2.20190701.A3cld.05x0625.nc4
2790.003,hit,false,0.000,0,304.267,336,GEOS_0.5x0.625/MERRA2/2019/07/MERRA2.20190701.A3cld.05x0625.nc4
2790.032,hit,false,0.000,0,304.296,336,GEOS_0.5x0.625/MERRA2/2019/07/MERRA2.20190701.A3cld.05x0625.nc4
2790.062,hit,false,0.000,0,304.326,336,GEOS_0.5x0.625/MERRA2/2019/07/MERRA2.20190701.A3cld.05x0625.nc4
2790.085,hit,false,0.000,0,304.348,336,GEOS_0.5x0.625/MERRA2/2019/07/MERRA2.20190701.A3cld.05x0625.nc4
2790.115,hit,false,0.000,0,304.375,337,GEOS_0.5x0.625/MERRA2/2019/07/MERRA2.20190701.A3cld.05x0625.nc4
2790.143,hit,false,0.000,0,304.404,337,GEOS_0.5x0.625/MERRA2/2019/07/MERRA2.20190701.A3cld.05x0625.nc4
2790.168,hit,false,0.000,0,304.428,337,GEOS_0.5x0.625/MERRA2/2019/07/MERRA2.20190701.A3cld.05x0625.nc4
2790.197,hit,false,0.000,0,304.457,337,GEOS_0.5x0.625/MERRA2/2019/07/MERRA2.20190701.A3cld.05x0625.nc4
2790.223,hit,false,0.000,0,304.483,337,GEOS_0.5x0.625/MERRA2/2019/07/MERRA2.20190701.A3cld.05x0625.nc4
2790.259,hit,false,0.000,0,304.520,337,GEOS_0.5x0.625/MERRA2/2019/07/MERRA2.20190701.A3cld.05x0625.nc4
2790.281,hit,false,0.000,0,304.542,337,GEOS_0.5x0.625/MERRA2/2019/07/MERRA2.20190701.A3cld.05x0625.nc4
2790.311,hit,false,0.000,0,304.571,337,GEOS_0.5x0.625/MERRA2/2019/07/MERRA2.20190701.A3cld.05x0625.nc4
2790.337,hit,false,0.000,0,304.596,338,GEOS_0.5x0.625/MERRA2/2019/07/MERRA2.20190701.A3cld.05x0625.nc4
2790.376,hit,false,0.000,0,304.635,338,GEOS_0.5x0.625/MERRA2/2019/07/MERRA2.20190701.A3cld.05x0625.nc4
2790.399,hit,false,0.000,0,304.658,338,GEOS_0.5x0.625/MERRA2/2019/07/MERRA2.20190701.A3cld.05x0625.nc4
2790.428,hit,false,0.000,0,304.686,338,GEOS_0.5x0.625/MERRA2/2019/07/MERRA2.20190701.A3cld.05x0625.nc4
2790.454,hit,false,0.000,0,304.712,338,GEOS_0.5x0.625/MERRA2/2019/07/MERRA2.20190701.A3cld.05x0625.nc4
2790.476,hit,false,0.000,0,304.734,338,GEOS_0.5x0.625/MERRA2/2019/07/MERRA2.20190701.A3cld.05x0625.nc4
2790.588,hit,false,0.000,0,304.847,338,GEOS_0.5x0.625/MERRA2/2019/07/MERRA2.20190701.A3cld.05x0625.nc4
2790.611,hit,false,0.000,0,304.870,338,GEOS_0.5x0.625/MERRA2/2019/07/MERRA2.20190701.A3cld.05x0625.nc4
2790.645,hit,false,0.000,0,304.900,339,GEOS_0.5x0.625/MERRA2/2019/07/MERRA2.20190701.A3cld.05x0625.nc4
2790.669,hit,false,0.000,0,304.924,339,GEOS_0.5x0.625/MERRA2/2019/07/MERRA2.20190701.A3cld.05x0625.nc4
2790.698,hit,false,0.000,0,304.953,339,GEOS_0.5x0.625/MERRA2/2019/07/MERRA2.20190701.A3cld.05x0625.nc4
2790.724,hit,false,0.000,0,304.979,339,GEOS_0.5x0.625/MERRA2/2019/07/MERRA2.20190701.A3cld.05x0625.nc4
2790.747,hit,false,0.000,0,305.002,339,GEOS_0.5x0.625/MERRA2/2019/07/MERRA2.20190701.A3cld.05x0625.nc4
2790.778,hit,false,0.000,0,305.033,339,GEOS_0.5x0.625/MERRA2/2019/07/MERRA2.20190701.A3cld.05x0625.nc4
2790.802,hit,false,0.000,0,305.057,339,GEOS_0.5x0.625/MERRA2/2019/07/MERRA2.20190701.A3cld.05x0625.nc4
2790.831,hit,false,0.000,0,305.086,339,GEOS_0.5x0.625/MERRA2/2019/07/MERRA2.20190701.A3cld.05x0625.nc4
2790.854,hit,false,0.000,0,305.107,340,GEOS_0.5x0.625/MERRA2/2019/07/MERRA2.20190701.A3cld.05x0625.nc4
2790.890,hit,false,0.000,0,305.143,340,GEOS_0.5x0.625/MERRA2/2019/07/MERRA2.20190701.A3cld.05x0625.nc4
2790.912,hit,false,0.000,0,305.165,340,GEOS_0.5x0.625/MERRA2/2019/07/MERRA2.20190701.A3cld.05x0625.nc4
2790.952,hit,false,0.000,0,305.205,340,GEOS_0.5x0.625/MERRA2/2019/07/MERRA2.20190701.A3cld.05x0625.nc4
2790.973,hit,false,0.000,0,305.226,340,GEOS_0.5x0.625/MERRA2/2019/07/MERRA2.20190701.A3cld.05x0625.nc4
2791.006,hit,false,0.000,0,305.258,340,GEOS_0.5x0.625/MERRA2/2019/07/MERRA2.20190701.A3cld.05x0625.nc4
2791.029,hit,false,0.000,0,305.282,340,GEOS_0.5x0.625/MERRA2/2019/07/MERRA2.20190701.A3cld.05x0625.nc4
2791.059,hit,false,0.000,0,305.312,340,GEOS_0.5x0.625/MERRA2/2019/07/MERRA2.20190701.A3cld.05x0625.nc4
2791.094,hit,false,0.000,0,305.345,341,GEOS_0.5x0.625/MERRA2/2019/07/MERRA2.20190701.A3cld.05x0625.nc4
2791.120,hit,false,0.000,0,305.371,341,GEOS_0.5x0.625/MERRA2/2019/07/MERRA2.20190701.A3cld.05x0625.nc4
2791.149,hit,false,0.000,0,305.400,341,GEOS_0.5x0.625/MERRA2/2019/07/MERRA2.20190701.A3cld.05x0625.nc4
2791.176,hit,false,0.000,0,305.427,341,GEOS_0.5x0.625/MERRA2/2019/07/MERRA2.20190701.A3cld.05x0625.nc4
2791.211,hit,false,0.000,0,305.462,341,GEOS_0.5x0.625/MERRA2/2019/07/MERRA2.20190701.A3cld.05x0625.nc4
2791.238,hit,false,0.000,0,305.489,341,GEOS_0.5x0.625/MERRA2/2019/07/MERRA2.20190701.A3cld.05x0625.nc4
2791.269,hit,false,0.000,0,305.520,341,GEOS_0.5x0.625/MERRA2/2019/07/MERRA2.20190701.A3cld.05x0625.nc4
2791.295,hit,false,0.000,0,305.546,341,GEOS_0.5x0.625/MERRA2/2019/07/MERRA2.20190701.A3cld.05x0625.nc4
2791.321,hit,false,0.000,0,305.568,342,GEOS_0.5x0.625/MERRA2/2019/07/MERRA2.20190701.A3cld.05x0625.nc4
2791.360,hit,false,0.000,0,305.608,342,GEOS_0.5x0.625/MERRA2/2019/07/MERRA2.20190701.A3cld.05x0625.nc4
2791.383,hit,false,0.000,0,305.631,342,GEOS_0.5x0.625/MERRA2/2019/07/MERRA2.20190701.A3cld.05x0625.nc4
2791.413,hit,false,0.000,0,305.661,342,GEOS_0.5x0.625/MERRA2/2019/07/MERRA2.20190701.A3cld.05x0625.nc4
2791.439,hit,false,0.000,0,305.686,342,GEOS_0.5x0.625/MERRA2/2019/07/MERRA2.20190701.A3cld.05x0625.nc4
2791.461,hit,false,0.000,0,305.709,342,GEOS_0.5x0.625/MERRA2/2019/07/MERRA2.20190701.A3cld.05x0625.nc4
2791.493,hit,false,0.000,0,305.741,342,GEOS_0.5x0.625/MERRA2/2019/07/MERRA2.20190701.A3cld.05x0625.nc4
2791.521,hit,false,0.000,0,305.769,342,GEOS_0.5x0.625/MERRA2/2019/07/MERRA2.20190701.A3cld.05x0625.nc4
2791.555,hit,false,0.000,0,305.799,343,GEOS_0.5x0.625/MERRA2/2019/07/MERRA2.20190701.A3cld.05x0625.nc4
2791.579,hit,false,0.000,0,305.824,343,GEOS_0.5x0.625/MERRA2/2019/07/MERRA2.20190701.A3cld.05x0625.nc4
2791.608,hit,false,0.000,0,305.853,343,GEOS_0.5x0.625/MERRA2/2019/07/MERRA2.20190701.A3cld.05x0625.nc4
2791.634,hit,false,0.000,0,305.878,343,GEOS_0.5x0.625/MERRA2/2019/07/MERRA2.20190701.A3cld.05x0625.nc4
2791.660,hit,false,0.000,0,305.905,343,GEOS_0.5x0.625/MERRA2/2019/07/MERRA2.20190701.A3cld.05x0625.nc4
2791.685,hit,false,0.000,0,305.929,343,GEOS_0.5x0.625/MERRA2/2019/07/MERRA2.20190701.A3cld.05x0625.nc4
2791.715,hit,false,0.000,0,305.959,343,GEOS_0.5x0.625/MERRA2/2019/07/MERRA2.20190701.A3cld.05x0625.nc4
2791.739,hit,false,0.000,0,305.984,343,GEOS_0.5x0.625/MERRA2/2019/07/MERRA2.20190701.A3cld.05x0625.nc4
2791.767,hit,false,0.000,0,305.969,344,GEOS_0.5x0.625/MERRA2/2019/07/MERRA2.20190701.A3cld.05x0625.nc4
2791.794,hit,false,0.000,0,305.996,344,GEOS_0.5x0.625/MERRA2/2019/07/MERRA2.20190701.A3cld.05x0625.nc4
2791.835,hit,false,0.000,0,306.037,344,GEOS_0.5x0.625/MERRA2/2019/07/MERRA2.20190701.A3cld.05x0625.nc4
2791.856,hit,false,0.000,0,306.058,344,GEOS_0.5x0.625/MERRA2/2019/07/MERRA2.20190701.A3cld.05x0625.nc4
2791.893,hit,false,0.000,0,306.095,344,GEOS_0.5x0.625/MERRA2/2019/07/MERRA2.20190701.A3cld.05x0625.nc4
2791.915,hit,false,0.000,0,306.117,344,GEOS_0.5x0.625/MERRA2/2019/07/MERRA2.20190701.A3cld.05x0625.nc4
2791.947,hit,false,0.000,0,306.149,344,GEOS_0.5x0.625/MERRA2/2019/07/MERRA2.20190701.A3cld.05x0625.nc4
2791.973,hit,false,0.000,0,306.175,344,GEOS_0.5x0.625/MERRA2/2019/07/MERRA2.20190701.A3cld.05x0625.nc4
2792.002,hit,false,0.000,0,306.200,345,GEOS_0.5x0.625/MERRA2/2019/07/MERRA2.20190701.A3cld.05x0625.nc4
2792.030,hit,false,0.000,0,306.228,345,GEOS_0.5x0.625/MERRA2/2019/07/MERRA2.20190701.A3cld.05x0625.nc4
2792.069,hit,false,0.000,0,306.267,345,GEOS_0.5x0.625/MERRA2/2019/07/MERRA2.20190701.A3cld.05x0625.nc4
2792.091,hit,false,0.000,0,306.289,345,GEOS_0.5x0.625/MERRA2/2019/07/MERRA2.20190701.A3cld.05x0625.nc4
2792.128,hit,false,0.000,0,306.327,345,GEOS_0.5x0.625/MERRA2/2019/07/MERRA2.20190701.A3cld.05x0625.nc4
2792.150,hit,false,0.000,0,306.348,345,GEOS_0.5x0.625/MERRA2/2019/07/MERRA2.20190701.A3cld.05x0625.nc4
2792.191,hit,false,0.000,0,306.389,345,GEOS_0.5x0.625/MERRA2/2019/07/MERRA2.20190701.A3cld.05x0625.nc4
2792.216,hit,false,0.000,0,306.414,345,GEOS_0.5x0.625/MERRA2/2019/07/MERRA2.20190701.A3cld.05x0625.nc4
2792.249,hit,false,0.000,0,306.444,346,GEOS_0.5x0.625/MERRA2/2019/07/MERRA2.20190701.A3cld.05x0625.nc4
2792.274,hit,false,0.000,0,306.470,346,GEOS_0.5x0.625/MERRA2/2019/07/MERRA2.20190701.A3cld.05x0625.nc4
2792.308,hit,false,0.000,0,306.504,346,GEOS_0.5x0.625/MERRA2/2019/07/MERRA2.20190701.A3cld.05x0625.nc4
2792.334,hit,false,0.000,0,306.529,346,GEOS_0.5x0.625/MERRA2/2019/07/MERRA2.20190701.A3cld.05x0625.nc4
2792.364,hit,false,0.000,0,306.560,346,GEOS_0.5x0.625/MERRA2/2019/07/MERRA2.20190701.A3cld.05x0625.nc4
2792.457,hit,false,0.000,0,306.653,346,GEOS_0.5x0.625/MERRA2/2019/07/MERRA2.20190701.A3cld.05x0625.nc4
2792.480,hit,false,0.000,0,306.676,346,GEOS_0.5x0.625/MERRA2/2019/07/MERRA2.20190701.A3cld.05x0625.nc4
2792.514,hit,false,0.000,0,306.709,346,GEOS_0.5x0.625/MERRA2/2019/07/MERRA2.20190701.A3cld.05x0625.nc4
2792.536,hit,false,0.000,0,306.730,347,GEOS_0.5x0.625/MERRA2/2019/07/MERRA2.20190701.A3cld.05x0625.nc4
2792.575,hit,false,0.000,0,306.769,347,GEOS_0.5x0.625/MERRA2/2019/07/MERRA2.20190701.A3cld.05x0625.nc4
2792.599,hit,false,0.000,0,306.793,347,GEOS_0.5x0.625/MERRA2/2019/07/MERRA2.20190701.A3cld.05x0625.nc4
2792.633,hit,false,0.000,0,306.827,347,GEOS_0.5x0.625/MERRA2/2019/07/MERRA2.20190701.A3cld.05x0625.nc4
2792.658,hit,false,0.000,0,306.852,347,GEOS_0.5x0.625/MERRA2/2019/07/MERRA2.20190701.A3cld.05x0625.nc4
2792.690,hit,false,0.000,0,306.884,347,GEOS_0.5x0.625/MERRA2/2019/07/MERRA2.20190701.A3cld.05x0625.nc4
2792.719,hit,false,0.000,0,306.913,347,GEOS_0.5x0.625/MERRA2/2019/07/MERRA2.20190701.A3cld.05x0625.nc4
2792.748,hit,false,0.000,0,306.942,347,GEOS_0.5x0.625/MERRA2/2019/07/MERRA2.20190701.A3cld.05x0625.nc4
2792.776,hit,false,0.000,0,306.968,348,GEOS_0.5x0.625/MERRA2/2019/07/MERRA2.20190701.A3cld.05x0625.nc4
2792.809,hit,false,0.000,0,307.001,348,GEOS_0.5x0.625/MERRA2/2019/07/MERRA2.20190701.A3cld.05x0625.nc4
2792.836,hit,false,0.000,0,307.028,348,GEOS_0.5x0.625/MERRA2/2019/07/MERRA2.20190701.A3cld.05x0625.nc4
2792.871,hit,false,0.000,0,307.063,348,GEOS_0.5x0.625/MERRA2/2019/07/MERRA2.20190701.A3cld.05x0625.nc4
2792.899,hit,false,0.000,0,307.092,348,GEOS_0.5x0.625/MERRA2/2019/07/MERRA2.20190701.A3cld.05x0625.nc4
2792.930,hit,false,0.000,0,307.122,348,GEOS_0.5x0.625/MERRA2/2019/07/MERRA2.20190701.A3cld.05x0625.nc4
2792.954,hit,false,0.000,0,307.146,348,GEOS_0.5x0.625/MERRA2/2019/07/MERRA2.20190701.A3cld.05x0625.nc4
2792.985,hit,false,0.000,0,307.177,348,GEOS_0.5x0.625/MERRA2/2019/07/MERRA2.20190701.A3cld.05x0625.nc4
2793.010,hit,false,0.000,0,307.200,349,GEOS_0.5x0.625/MERRA2/2019/07/MERRA2.20190701.A3cld.05x0625.nc4
2793.044,hit,false,0.000,0,307.235,349,GEOS_0.5x0.625/MERRA2/2019/07/MERRA2.20190701.A3cld.05x0625.nc4
2793.068,hit,false,0.000,0,307.258,349,GEOS_0.5x0.625/MERRA2/2019/07/MERRA2.20190701.A3cld.05x0625.nc4
2793.112,hit,false,0.000,0,307.302,349,GEOS_0.5x0.625/MERRA2/2019/07/MERRA2.20190701.A3cld.05x0625.nc4
2793.138,hit,false,0.000,0,307.328,349,GEOS_0.5x0.625/MERRA2/2019/07/MERRA2.20190701.A3cld.05x0625.nc4
2793.172,hit,false,0.000,0,307.362,349,GEOS_0.5x0.625/MERRA2/2019/07/MERRA2.20190701.A3cld.05x0625.nc4
2793.196,hit,false,0.000,0,307.387,349,GEOS_0.5x0.625/MERRA2/2019/07/MERRA2.20190701.A3cld.05x0625.nc4
2793.228,hit,false,0.000,0,307.418,349,GEOS_0.5x0.625/MERRA2/2019/07/MERRA2.20190701.A3cld.05x0625.nc4
2793.254,hit,false,0.000,0,307.442,350,GEOS_0.5x0.625/MERRA2/2019/07/MERRA2.20190701.A3cld.05x0625.nc4
2793.287,hit,false,0.000,0,307.476,350,GEOS_0.5x0.625/MERRA2/2019/07/MERRA2.20190701.A3cld.05x0625.nc4
2793.313,hit,false,0.000,0,307.501,350,GEOS_0.5x0.625/MERRA2/2019/07/MERRA2.20190701.A3cld.05x0625.nc4
2793.345,hit,false,0.000,0,307.533,350,GEOS_0.5x0.625/MERRA2/2019/07/MERRA2.20190701.A3cld.05x0625.nc4
2793.368,hit,false,0.000,0,307.556,350,GEOS_0.5x0.625/MERRA2/2019/07/MERRA2.20190701.A3cld.05x0625.nc4
2793.402,hit,false,0.000,0,307.590,350,GEOS_0.5x0.625/MERRA2/2019/07/MERRA2.20190701.A3cld.05x0625.nc4
2793.423,hit,false,0.000,0,307.611,350,GEOS_0.5x0.625/MERRA2/2019/07/MERRA2.20190701.A3cld.05x0625.nc4
2793.462,hit,false,0.000,0,307.650,350,GEOS_0.5x0.625/MERRA2/2019/07/MERRA2.20190701.A3cld.05x0625.nc4
2793.484,hit,false,0.000,0,307.670,351,GEOS_0.5x0.625/MERRA2/2019/07/MERRA2.20190701.A3cld.05x0625.nc4
2793.521,hit,false,0.000,0,307.707,351,GEOS_0.5x0.625/MERRA2/2019/07/MERRA2.20190701.A3cld.05x0625.nc4
2793.543,hit,false,0.000,0,307.729,351,GEOS_0.5x0.625/MERRA2/2019/07/MERRA2.20190701.A3cld.05x0625.nc4
2793.576,hit,false,0.000,0,307.763,351,GEOS_0.5x0.625/MERRA2/2019/07/MERRA2.20190701.A3cld.05x0625.nc4
2793.603,hit,false,0.000,0,307.790,351,GEOS_0.5x0.625/MERRA2/2019/07/MERRA2.20190701.A3cld.05x0625.nc4
2793.635,hit,false,0.000,0,307.822,351,GEOS_0.5x0.625/MERRA2/2019/07/MERRA2.20190701.A3cld.05x0625.nc4
2793.664,hit,false,0.000,0,307.850,351,GEOS_0.5x0.625/MERRA2/2019/07/MERRA2.20190701.A3cld.05x0625.nc4
2793.692,hit,false,0.000,0,307.878,351,GEOS_0.5x0.625/MERRA2/2019/07/MERRA2.20190701.A3cld.05x0625.nc4
2793.724,hit,false,0.000,0,307.905,352,GEOS_0.5x0.625/MERRA2/2019/07/MERRA2.20190701.A3cld.05x0625.nc4
2793.749,hit,false,0.000,0,307.930,352,GEOS_0.5x0.625/MERRA2/2019/07/MERRA2.20190701.A3cld.05x0625.nc4
2793.807,hit,false,0.000,0,307.988,352,GEOS_0.5x0.625/MERRA2/2019/07/MERRA2.20190701.A3cld.05x0625.nc4
2793.828,hit,false,0.000,0,308.009,352,GEOS_0.5x0.625/MERRA2/2019/07/MERRA2.20190701.A3cld.05x0625.nc4
2793.864,hit,false,0.000,0,308.045,352,GEOS_0.5x0.625/MERRA2/2019/07/MERRA2.20190701.A3cld.05x0625.nc4
2793.887,hit,false,0.000,0,308.069,352,GEOS_0.5x0.625/MERRA2/2019/07/MERRA2.20190701.A3cld.05x0625.nc4
2793.920,hit,false,0.000,0,308.102,352,GEOS_0.5x0.625/MERRA2/2019/07/MERRA2.20190701.A3cld.05x0625.nc4
2793.945,hit,false,0.000,0,308.126,352,GEOS_0.5x0.625/MERRA2/2019/07/MERRA2.20190701.A3cld.05x0625.nc4
2793.977,hit,false,0.000,0,308.155,353,GEOS_0.5x0.625/MERRA2/2019/07/MERRA2.20190701.A3cld.05x0625.nc4
2794.005,hit,false,0.000,0,308.183,353,GEOS_0.5x0.625/MERRA2/2019/07/MERRA2.20190701.A3cld.05x0625.nc4
2794.039,hit,false,0.000,0,308.217,353,GEOS_0.5x0.625/MERRA2/2019/07/MERRA2.20190701.A3cld.05x0625.nc4
2794.065,hit,false,0.000,0,308.243,353,GEOS_0.5x0.625/MERRA2/2019/07/MERRA2.20190701.A3cld.05x0625.nc4
2794.098,hit,false,0.000,0,308.275,353,GEOS_0.5x0.625/MERRA2/2019/07/MERRA2.20190701.A3cld.05x0625.nc4
2794.126,hit,false,0.000,0,308.303,353,GEOS_0.5x0.625/MERRA2/2019/07/MERRA2.20190701.A3cld.05x0625.nc4
2794.159,hit,false,0.000,0,308.336,353,GEOS_0.5x0.625/MERRA2/2019/07/MERRA2.20190701.A3cld.05x0625.nc4
2794.185,hit,false,0.000,0,308.362,353,GEOS_0.5x0.625/MERRA2/2019/07/MERRA2.20190701.A3cld.05x0625.nc4
2794.216,hit,false,0.000,0,308.390,354,GEOS_0.5x0.625/MERRA2/2019/07/MERRA2.20190701.A3cld.05x0625.nc4
2794.243,hit,false,0.000,0,308.418,354,GEOS_0.5x0.625/MERRA2/2019/07/MERRA2.20190701.A3cld.05x0625.nc4
2794.276,hit,false,0.000,0,308.451,354,GEOS_0.5x0.625/MERRA2/2019/07/MERRA2.20190701.A3cld.05x0625.nc4
2794.302,hit,false,0.000,0,308.476,354,GEOS_0.5x0.625/MERRA2/2019/07/MERRA2.20190701.A3cld.05x0625.nc4
2794.404,hit,false,0.000,0,308.579,354,GEOS_0.5x0.625/MERRA2/2019/07/MERRA2.20190701.A3cld.05x0625.nc4
2794.426,hit,false,0.000,0,308.600,354,GEOS_0.5x0.625/MERRA2/2019/07/MERRA2.20190701.A3cld.05x0625.nc4
2794.458,hit,false,0.000,0,308.633,354,GEOS_0.5x0.625/MERRA2/2019/07/MERRA2.20190701.A3cld.05x0625.nc4
2794.484,hit,false,0.000,0,308.658,354,GEOS_0.5x0.625/MERRA2/2019/07/MERRA2.20190701.A3cld.05x0625.nc4
2794.513,hit,false,0.000,0,308.685,355,GEOS_0.5x0.625/MERRA2/2019/07/MERRA2.20190701.A3cld.05x0625.nc4
2794.547,hit,false,0.000,0,308.719,355,GEOS_0.5x0.625/MERRA2/2019/07/MERRA2.20190701.A3cld.05x0625.nc4
2794.571,hit,false,0.000,0,308.743,355,GEOS_0.5x0.625/MERRA2/2019/07/MERRA2.20190701.A3cld.05x0625.nc4
2794.616,hit,false,0.000,0,308.789,355,GEOS_0.5x0.625/MERRA2/2019/07/MERRA2.20190701.A3cld.05x0625.nc4
2794.629,hit,false,0.000,0,308.801,355,GEOS_0.5x0.625/MERRA2/2019/07/MERRA2.20190701.A3cld.05x0625.nc4
2794.676,hit,false,0.000,0,308.849,355,GEOS_0.5x0.625/MERRA2/2019/07/MERRA2.20190701.A3cld.05x0625.nc4
2794.698,hit,false,0.000,0,308.870,355,GEOS_0.5x0.625/MERRA2/2019/07/MERRA2.20190701.A3cld.05x0625.nc4
2794.738,hit,false,0.000,0,308.910,355,GEOS_0.5x0.625/MERRA2/2019/07/MERRA2.20190701.A3cld.05x0625.nc4
2794.763,hit,false,0.000,0,308.933,356,GEOS_0.5x0.625/MERRA2/2019/07/MERRA2.20190701.A3cld.05x0625.nc4
2794.795,hit,false,0.000,0,308.965,356,GEOS_0.5x0.625/MERRA2/2019/07/MERRA2.20190701.A3cld.05x0625.nc4
2794.820,hit,false,0.000,0,308.990,356,GEOS_0.5x0.625/MERRA2/2019/07/MERRA2.20190701.A3cld.05x0625.nc4
2794.852,hit,false,0.000,0,309.022,356,GEOS_0.5x0.625/MERRA2/2019/07/MERRA2.20190701.A3cld.05x0625.nc4
2794.880,hit,false,0.000,0,309.050,356,GEOS_0.5x0.625/MERRA2/2019/07/MERRA2.20190701.A3cld.05x0625.nc4
2794.909,hit,false,0.000,0,309.078,356,GEOS_0.5x0.625/MERRA2/2019/07/MERRA2.20190701.A3cld.05x0625.nc4
2794.939,hit,false,0.000,0,309.108,356,GEOS_0.5x0.625/MERRA2/2019/07/MERRA2.20190701.A3cld.05x0625.nc4
2794.967,hit,false,0.000,0,309.137,356,GEOS_0.5x0.625/MERRA2/2019/07/MERRA2.20190701.A3cld.05x0625.nc4
2794.998,hit,false,0.000,0,309.166,357,GEOS_0.5x0.625/MERRA2/2019/07/MERRA2.20190701.A3cld.05x0625.nc4
2795.028,hit,false,0.000,0,309.196,357,GEOS_0.5x0.625/MERRA2/2019/07/MERRA2.20190701.A3cld.05x0625.nc4
2795.060,hit,false,0.000,0,309.227,357,GEOS_0.5x0.625/MERRA2/2019/07/MERRA2.20190701.A3cld.05x0625.nc4
2795.086,hit,false,0.000,0,309.254,357,GEOS_0.5x0.625/MERRA2/2019/07/MERRA2.20190701.A3cld.05x0625.nc4
2795.117,hit,false,0.000,0,309.284,357,GEOS_0.5x0.625/MERRA2/2019/07/MERRA2.20190701.A3cld.05x0625.nc4
2795.144,hit,false,0.000,0,309.312,357,GEOS_0.5x0.625/MERRA2/2019/07/MERRA2.20190701.A3cld.05x0625.nc4
2795.173,hit,false,0.000,0,309.341,357,GEOS_0.5x0.625/MERRA2/2019/07/MERRA2.20190701.A3cld.05x0625.nc4
2795.196,hit,false,0.000,0,309.364,357,GEOS_0.5x0.625/MERRA2/2019/07/MERRA2.20190701.A3cld.05x0625.nc4
2795.234,hit,false,0.000,0,309.400,358,GEOS_0.5x0.625/MERRA2/2019/07/MERRA2.20190701.A3cld.05x0625.nc4
2795.264,hit,false,0.000,0,309.430,358,GEOS_0.5x0.625/MERRA2/2019/07/MERRA2.20190701.A3cld.05x0625.nc4
2795.287,hit,false,0.000,0,309.453,358,GEOS_0.5x0.625/MERRA2/2019/07/MERRA2.20190701.A3cld.05x0625.nc4
2795.316,hit,false,0.000,0,309.483,358,GEOS_0.5x0.625/MERRA2/2019/07/MERRA2.20190701.A3cld.05x0625.nc4
2795.342,hit,false,0.000,0,309.508,358,GEOS_0.5x0.625/MERRA2/2019/07/MERRA2.20190701.A3cld.05x0625.nc4
2795.373,hit,false,0.000,0,309.539,358,GEOS_0.5x0.625/MERRA2/2019/07/MERRA2.20190701.A3cld.05x0625.nc4
2795.395,hit,false,0.000,0,309.561,358,GEOS_0.5x0.625/MERRA2/2019/07/MERRA2.20190701.A3cld.05x0625.nc4
2795.425,hit,false,0.000,0,309.591,358,GEOS_0.5x0.625/MERRA2/2019/07/MERRA2.20190701.A3cld.05x0625.nc4
2795.449,hit,false,0.000,0,309.613,359,GEOS_0.5x0.625/MERRA2/2019/07/MERRA2.20190701.A3cld.05x0625.nc4
2795.480,hit,false,0.000,0,309.644,359,GEOS_0.5x0.625/MERRA2/2019/07/MERRA2.20190701.A3cld.05x0625.nc4
2795.503,hit,false,0.000,0,309.668,359,GEOS_0.5x0.625/MERRA2/2019/07/MERRA2.20190701.A3cld.05x0625.nc4
2795.534,hit,false,0.000,0,309.699,359,GEOS_0.5x0.625/MERRA2/2019/07/MERRA2.20190701.A3cld.05x0625.nc4
2795.561,hit,false,0.000,0,309.726,359,GEOS_0.5x0.625/MERRA2/2019/07/MERRA2.20190701.A3cld.05x0625.nc4
2795.590,hit,false,0.000,0,309.754,359,GEOS_0.5x0.625/MERRA2/2019/07/MERRA2.20190701.A3cld.05x0625.nc4
2795.618,hit,false,0.000,0,309.782,359,GEOS_0.5x0.625/MERRA2/2019/07/MERRA2.20190701.A3cld.05x0625.nc4
2795.641,hit,false,0.000,0,309.806,359,GEOS_0.5x0.625/MERRA2/2019/07/MERRA2.20190701.A3cld.05x0625.nc4
2795.673,hit,false,0.000,0,309.801,360,GEOS_0.5x0.625/MERRA2/2019/07/MERRA2.20190701.A3cld.05x0625.nc4
2795.703,hit,false,0.000,0,309.831,360,GEOS_0.5x0.625/MERRA2/2019/07/MERRA2.20190701.A3cld.05x0625.nc4
2795.750,hit,false,0.000,0,309.878,360,GEOS_0.5x0.625/MERRA2/2019/07/MERRA2.20190701.A3cld.05x0625.nc4
2795.771,hit,false,0.000,0,309.899,360,GEOS_0.5x0.625/MERRA2/2019/07/MERRA2.20190701.A3cld.05x0625.nc4
2795.810,hit,false,0.000,0,309.938,360,GEOS_0.5x0.625/MERRA2/2019/07/MERRA2.20190701.A3cld.05x0625.nc4
2795.832,hit,false,0.000,0,309.960,360,GEOS_0.5x0.625/MERRA2/2019/07/MERRA2.20190701.A3cld.05x0625.nc4
2795.866,hit,false,0.000,0,309.994,360,GEOS_0.5x0.625/MERRA2/2019/07/MERRA2.20190701.A3cld.05x0625.nc4
2795.889,hit,false,0.000,0,310.017,360,GEOS_0.5x0.625/MERRA2/2019/07/MERRA2.20190701.A3cld.05x0625.nc4
2795.927,hit,false,0.000,0,310.051,361,GEOS_0.5x0.625/MERRA2/2019/07/MERRA2.20190701.A3cld.05x0625.nc4
2795.952,hit,false,0.000,0,310.076,361,GEOS_0.5x0.625/MERRA2/2019/07/MERRA2.20190701.A3cld.05x0625.nc4
2795.989,hit,false,0.000,0,310.114,361,GEOS_0.5x0.625/MERRA2/2019/07/MERRA2.20190701.A3cld.05x0625.nc4
2796.015,hit,false,0.000,0,310.139,361,GEOS_0.5x0.625/MERRA2/2019/07/MERRA2.20190701.A3cld.05x0625.nc4
2796.045,hit,false,0.000,0,310.169,361,GEOS_0.5x0.625/MERRA2/2019/07/MERRA2.20190701.A3cld.05x0625.nc4
2796.070,hit,false,0.000,0,310.194,361,GEOS_0.5x0.625/MERRA2/2019/07/MERRA2.20190701.A3cld.05x0625.nc4
2796.100,hit,false,0.000,0,310.224,361,GEOS_0.5x0.625/MERRA2/2019/07/MERRA2.20190701.A3cld.05x0625.nc4
2796.125,hit,false,0.000,0,310.249,361,GEOS_0.5x0.625/MERRA2/2019/07/MERRA2.20190701.A3cld.05x0625.nc4
2796.164,hit,false,0.000,0,310.286,362,GEOS_0.5x0.625/MERRA2/2019/07/MERRA2.20190701.A3cld.05x0625.nc4
2796.189,hit,false,0.000,0,310.311,362,GEOS_0.5x0.625/MERRA2/2019/07/MERRA2.20190701.A3cld.05x0625.nc4
2796.230,hit,false,0.000,0,310.352,362,GEOS_0.5x0.625/MERRA2/2019/07/MERRA2.20190701.A3cld.05x0625.nc4
2796.326,hit,false,0.000,0,310.448,362,GEOS_0.5x0.625/MERRA2/2019/07/MERRA2.20190701.A3cld.05x0625.nc4
2796.349,hit,false,0.000,0,310.471,362,GEOS_0.5x0.625/MERRA2/2019/07/MERRA2.20190701.A3cld.05x0625.nc4
2796.382,hit,false,0.000,0,310.504,362,GEOS_0.5x0.625/MERRA2/2019/07/MERRA2.20190701.A3cld.05x0625.nc4
2796.408,hit,false,0.000,0,310.530,362,GEOS_0.5x0.625/MERRA2/2019/07/MERRA2.20190701.A3cld.05x0625.nc4
2796.439,hit,false,0.000,0,310.561,362,GEOS_0.5x0.625/MERRA2/2019/07/MERRA2.20190701.A3cld.05x0625.nc4
2796.461,hit,false,0.000,0,310.581,363,GEOS_0.5x0.625/MERRA2/2019/07/MERRA2.20190701.A3cld.05x0625.nc4
2796.500,hit,false,0.000,0,310.620,363,GEOS_0.5x0.625/MERRA2/2019/07/MERRA2.20190701.A3cld.05x0625.nc4
2796.522,hit,false,0.000,0,310.642,363,GEOS_0.5x0.625/MERRA2/2019/07/MERRA2.20190701.A3cld.05x0625.nc4
2796.554,hit,false,0.000,0,310.674,363,GEOS_0.5x0.625/MERRA2/2019/07/MERRA2.20190701.A3cld.05x0625.nc4
2796.580,hit,false,0.000,0,310.699,363,GEOS_0.5x0.625/MERRA2/2019/07/MERRA2.20190701.A3cld.05x0625.nc4
2796.610,hit,false,0.000,0,310.730,363,GEOS_0.5x0.625/MERRA2/2019/07/MERRA2.20190701.A3cld.05x0625.nc4
2796.636,hit,false,0.000,0,310.755,363,GEOS_0.5x0.625/MERRA2/2019/07/MERRA2.20190701.A3cld.05x0625.nc4
2796.666,hit,false,0.000,0,310.786,363,GEOS_0.5x0.625/MERRA2/2019/07/MERRA2.20190701.A3cld.05x0625.nc4
2796.690,hit,false,0.000,0,310.808,364,GEOS_0.5x0.625/MERRA2/2019/07/MERRA2.20190701.A3cld.05x0625.nc4
2796.722,hit,false,0.000,0,310.840,364,GEOS_0.5x0.625/MERRA2/2019/07/MERRA2.20190701.A3cld.05x0625.nc4
2796.746,hit,false,0.000,0,310.864,364,GEOS_0.5x0.625/MERRA2/2019/07/MERRA2.20190701.A3cld.05x0625.nc4
2796.775,hit,false,0.000,0,310.893,364,GEOS_0.5x0.625/MERRA2/2019/07/MERRA2.20190701.A3cld.05x0625.nc4
2796.803,hit,false,0.000,0,310.921,364,GEOS_0.5x0.625/MERRA2/2019/07/MERRA2.20190701.A3cld.05x0625.nc4
2796.834,hit,false,0.000,0,310.951,364,GEOS_0.5x0.625/MERRA2/2019/07/MERRA2.20190701.A3cld.05x0625.nc4
2796.856,hit,false,0.000,0,310.974,364,GEOS_0.5x0.625/MERRA2/2019/07/MERRA2.20190701.A3cld.05x0625.nc4
2796.887,hit,false,0.000,0,311.005,364,GEOS_0.5x0.625/MERRA2/2019/07/MERRA2.20190701.A3cld.05x0625.nc4
2796.914,hit,false,0.000,0,311.030,365,GEOS_0.5x0.625/MERRA2/2019/07/MERRA2.20190701.A3cld.05x0625.nc4
2796.946,hit,false,0.000,0,311.062,365,GEOS_0.5x0.625/MERRA2/2019/07/MERRA2.20190701.A3cld.05x0625.nc4
2796.972,hit,false,0.000,0,311.088,365,GEOS_0.5x0.625/MERRA2/2019/07/MERRA2.20190701.A3cld.05x0625.nc4
2797.002,hit,false,0.000,0,311.118,365,GEOS_0.5x0.625/MERRA2/2019/07/MERRA2.20190701.A3cld.05x0625.nc4
2797.030,hit,false,0.000,0,311.147,365,GEOS_0.5x0.625/MERRA2/2019/07/MERRA2.20190701.A3cld.05x0625.nc4
2797.058,hit,false,0.000,0,311.174,365,GEOS_0.5x0.625/MERRA2/2019/07/MERRA2.20190701.A3cld.05x0625.nc4
2797.088,hit,false,0.000,0,311.204,365,GEOS_0.5x0.625/MERRA2/2019/07/MERRA2.20190701.A3cld.05x0625.nc4
2797.118,hit,false,0.000,0,311.234,365,GEOS_0.5x0.625/MERRA2/2019/07/MERRA2.20190701.A3cld.05x0625.nc4
2797.142,hit,false,0.000,0,311.256,366,GEOS_0.5x0.625/MERRA2/2019/07/MERRA2.20190701.A3cld.05x0625.nc4
2797.176,hit,false,0.000,0,311.290,366,GEOS_0.5x0.625/MERRA2/2019/07/MERRA2.20190701.A3cld.05x0625.nc4
2797.201,hit,false,0.000,0,311.315,366,GEOS_0.5x0.625/MERRA2/2019/07/MERRA2.20190701.A3cld.05x0625.nc4
2797.232,hit,false,0.000,0,311.346,366,GEOS_0.5x0.625/MERRA2/2019/07/MERRA2.20190701.A3cld.05x0625.nc4
2797.256,hit,false,0.000,0,311.370,366,GEOS_0.5x0.625/MERRA2/2019/07/MERRA2.20190701.A3cld.05x0625.nc4
2797.296,hit,false,0.000,0,311.410,366,GEOS_0.5x0.625/MERRA2/2019/07/MERRA2.20190701.A3cld.05x0625.nc4
2797.318,hit,false,0.000,0,311.432,366,GEOS_0.5x0.625/MERRA2/2019/07/MERRA2.20190701.A3cld.05x0625.nc4
2797.358,hit,false,0.000,0,311.472,366,GEOS_0.5x0.625/MERRA2/2019/07/MERRA2.20190701.A3cld.05x0625.nc4
2797.385,hit,false,0.000,0,311.497,367,GEOS_0.5x0.625/MERRA2/2019/07/MERRA2.20190701.A3cld.05x0625.nc4
2797.420,hit,false,0.000,0,311.532,367,GEOS_0.5x0.625/MERRA2/2019/07/MERRA2.20190701.A3cld.05x0625.nc4
2797.449,hit,false,0.000,0,311.561,367,GEOS_0.5x0.625/MERRA2/2019/07/MERRA2.20190701.A3cld.05x0625.nc4
2797.481,hit,false,0.000,0,311.593,367,GEOS_0.5x0.625/MERRA2/2019/07/MERRA2.20190701.A3cld.05x0625.nc4
2797.505,hit,false,0.000,0,311.616,367,GEOS_0.5x0.625/MERRA2/2019/07/MERRA2.20190701.A3cld.05x0625.nc4
2797.535,hit,false,0.000,0,311.646,367,GEOS_0.5x0.625/MERRA2/2019/07/MERRA2.20190701.A3cld.05x0625.nc4
2797.560,hit,false,0.000,0,311.672,367,GEOS_0.5x0.625/MERRA2/2019/07/MERRA2.20190701.A3cld.05x0625.nc4
2797.590,hit,false,0.000,0,311.701,367,GEOS_0.5x0.625/MERRA2/2019/07/MERRA2.20190701.A3cld.05x0625.nc4
2797.613,hit,false,0.000,0,309.899,368,GEOS_0.5x0.625/MERRA2/2019/07/MERRA2.20190701.A3cld.05x0625.nc4
2797.651,hit,false,0.000,0,309.937,368,GEOS_0.5x0.625/MERRA2/2019/07/MERRA2.20190701.A3cld.05x0625.nc4
2797.681,hit,false,0.000,0,309.968,368,GEOS_0.5x0.625/MERRA2/2019/07/MERRA2.20190701.A3cld.05x0625.nc4
2797.705,hit,false,0.000,0,309.991,368,GEOS_0.5x0.625/MERRA2/2019/07/MERRA2.20190701.A3cld.05x0625.nc4
2797.736,hit,false,0.000,0,310.023,368,GEOS_0.5x0.625/MERRA2/2019/07/MERRA2.20190701.A3cld.05x0625.nc4
2797.761,hit,false,0.000,0,310.048,368,GEOS_0.5x0.625/MERRA2/2019/07/MERRA2.20190701.A3cld.05x0625.nc4
2797.792,hit,false,0.000,0,310.078,368,GEOS_0.5x0.625/MERRA2/2019/07/MERRA2.20190701.A3cld.05x0625.nc4
2797.817,hit,false,0.000,0,310.103,368,GEOS_0.5x0.625/MERRA2/2019/07/MERRA2.20190701.A3cld.05x0625.nc4
2797.847,hit,false,0.000,0,310.131,369,GEOS_0.5x0.625/MERRA2/2019/07/MERRA2.20190701.A3cld.05x0625.nc4
2797.874,hit,false,0.000,0,310.158,369,GEOS_0.5x0.625/MERRA2/2019/07/MERRA2.20190701.A3cld.05x0625.nc4
2797.904,hit,false,0.000,0,310.188,369,GEOS_0.5x0.625/MERRA2/2019/07/MERRA2.20190701.A3cld.05x0625.nc4
2797.926,hit,false,0.000,0,310.210,369,GEOS_0.5x0.625/MERRA2/2019/07/MERRA2.20190701.A3cld.05x0625.nc4
2797.960,hit,false,0.000,0,310.244,369,GEOS_0.5x0.625/MERRA2/2019/07/MERRA2.20190701.A3cld.05x0625.nc4
2797.982,hit,false,0.000,0,310.266,369,GEOS_0.5x0.625/MERRA2/2019/07/MERRA2.20190701.A3cld.05x0625.nc4
2798.022,hit,false,0.000,0,310.306,369,GEOS_0.5x0.625/MERRA2/2019/07/MERRA2.20190701.A3cld.05x0625.nc4
2798.044,hit,false,0.000,0,310.328,369,GEOS_0.5x0.625/MERRA2/2019/07/MERRA2.20190701.A3cld.05x0625.nc4
2798.083,hit,false,0.000,0,310.366,370,GEOS_0.5x0.625/MERRA2/2019/07/MERRA2.20190701.A3cld.05x0625.nc4
2798.108,hit,false,0.000,0,310.390,370,GEOS_0.5x0.625/MERRA2/2019/07/MERRA2.20190701.A3cld.05x0625.nc4
2798.213,hit,false,0.000,0,310.495,370,GEOS_0.5x0.625/MERRA2/2019/07/MERRA2.20190701.A3cld.05x0625.nc4
2798.235,hit,false,0.000,0,310.517,370,GEOS_0.5x0.625/MERRA2/2019/07/MERRA2.20190701.A3cld.05x0625.nc4
2798.274,hit,false,0.000,0,310.556,370,GEOS_0.5x0.625/MERRA2/2019/07/MERRA2.20190701.A3cld.05x0625.nc4
2798.295,hit,false,0.000,0,310.577,370,GEOS_0.5x0.625/MERRA2/2019/07/MERRA2.20190701.A3cld.05x0625.nc4
2798.336,hit,false,0.000,0,310.618,370,GEOS_0.5x0.625/MERRA2/2019/07/MERRA2.20190701.A3cld.05x0625.nc4
2798.358,hit,false,0.000,0,310.640,370,GEOS_0.5x0.625/MERRA2/2019/07/MERRA2.20190701.A3cld.05x0625.nc4
2798.394,hit,false,0.000,0,310.673,371,GEOS_0.5x0.625/MERRA2/2019/07/MERRA2.20190701.A3cld.05x0625.nc4
2798.420,hit,false,0.000,0,310.698,371,GEOS_0.5x0.625/MERRA2/2019/07/MERRA2.20190701.A3cld.05x0625.nc4
2798.457,hit,false,0.000,0,310.736,371,GEOS_0.5x0.625/MERRA2/2019/07/MERRA2.20190701.A3cld.05x0625.nc4
2798.483,hit,false,0.000,0,310.762,371,GEOS_0.5x0.625/MERRA2/2019/07/MERRA2.20190701.A3cld.05x0625.nc4
2798.518,hit,false,0.000,0,310.796,371,GEOS_0.5x0.625/MERRA2/2019/07/MERRA2.20190701.A3cld.05x0625.nc4
2798.542,hit,false,0.000,0,310.821,371,GEOS_0.5x0.625/MERRA2/2019/07/MERRA2.20190701.A3cld.05x0625.nc4
2798.584,hit,false,0.000,0,310.863,371,GEOS_0.5x0.625/MERRA2/2019/07/MERRA2.20190701.A3cld.05x0625.nc4
2798.605,hit,false,0.000,0,310.884,371,GEOS_0.5x0.625/MERRA2/2019/07/MERRA2.20190701.A3cld.05x0625.nc4
2798.644,hit,false,0.000,0,310.920,372,GEOS_0.5x0.625/MERRA2/2019/07/MERRA2.20190701.A3cld.05x0625.nc4
2798.668,hit,false,0.000,0,310.944,372,GEOS_0.5x0.625/MERRA2/2019/07/MERRA2.20190701.A3cld.05x0625.nc4
2798.704,hit,false,0.000,0,310.980,372,GEOS_0.5x0.625/MERRA2/2019/07/MERRA2.20190701.A3cld.05x0625.nc4
2798.730,hit,false,0.000,0,311.006,372,GEOS_0.5x0.625/MERRA2/2019/07/MERRA2.20190701.A3cld.05x0625.nc4
2798.773,hit,false,0.000,0,311.049,372,GEOS_0.5x0.625/MERRA2/2019/07/MERRA2.20190701.A3cld.05x0625.nc4
2798.794,hit,false,0.000,0,311.070,372,GEOS_0.5x0.625/MERRA2/2019/07/MERRA2.20190701.A3cld.05x0625.nc4
2798.831,hit,false,0.000,0,311.107,372,GEOS_0.5x0.625/MERRA2/2019/07/MERRA2.20190701.A3cld.05x0625.nc4
2798.854,hit,false,0.000,0,311.131,372,GEOS_0.5x0.625/MERRA2/2019/07/MERRA2.20190701.A3cld.05x0625.nc4
2798.895,hit,false,0.000,0,311.169,373,GEOS_0.5x0.625/MERRA2/2019/07/MERRA2.20190701.A3cld.05x0625.nc4
2798.920,hit,false,0.000,0,311.194,373,GEOS_0.5x0.625/MERRA2/2019/07/MERRA2.20190701.A3cld.05x0625.nc4
2798.954,hit,false,0.000,0,311.228,373,GEOS_0.5x0.625/MERRA2/2019/07/MERRA2.20190701.A3cld.05x0625.nc4
2798.984,hit,false,0.000,0,311.258,373,GEOS_0.5x0.625/MERRA2/2019/07/MERRA2.20190701.A3cld.05x0625.nc4
2799.011,hit,false,0.000,0,311.285,373,GEOS_0.5x0.625/MERRA2/2019/07/MERRA2.20190701.A3cld.05x0625.nc4
2799.040,hit,false,0.000,0,311.314,373,GEOS_0.5x0.625/MERRA2/2019/07/MERRA2.20190701.A3cld.05x0625.nc4
2799.066,hit,false,0.000,0,311.340,373,GEOS_0.5x0.625/MERRA2/2019/07/MERRA2.20190701.A3cld.05x0625.nc4
2799.095,hit,false,0.000,0,311.369,373,GEOS_0.5x0.625/MERRA2/2019/07/MERRA2.20190701.A3cld.05x0625.nc4
2799.123,hit,false,0.000,0,311.395,374,GEOS_0.5x0.625/MERRA2/2019/07/MERRA2.20190701.A3cld.05x0625.nc4
2799.157,hit,false,0.000,0,311.429,374,GEOS_0.5x0.625/MERRA2/2019/07/MERRA2.20190701.A3cld.05x0625.nc4
2799.183,hit,false,0.000,0,311.455,374,GEOS_0.5x0.625/MERRA2/2019/07/MERRA2.20190701.A3cld.05x0625.nc4
2799.214,hit,false,0.000,0,311.486,374,GEOS_0.5x0.625/MERRA2/2019/07/MERRA2.20190701.A3cld.05x0625.nc4
2799.244,hit,false,0.000,0,311.516,374,GEOS_0.5x0.625/MERRA2/2019/07/MERRA2.20190701.A3cld.05x0625.nc4
2799.277,hit,false,0.000,0,311.549,374,GEOS_0.5x0.625/MERRA2/2019/07/MERRA2.20190701.A3cld.05x0625.nc4
2799.300,hit,false,0.000,0,311.572,374,GEOS_0.5x0.625/MERRA2/2019/07/MERRA2.20190701.A3cld.05x0625.nc4
2799.337,hit,false,0.000,0,311.609,374,GEOS_0.5x0.625/MERRA2/2019/07/MERRA2.20190701.A3cld.05x0625.nc4
2799.360,hit,false,0.000,0,311.630,375,GEOS_0.5x0.625/MERRA2/2019/07/MERRA2.20190701.A3cld.05x0625.nc4
2799.398,hit,false,0.000,0,311.668,375,GEOS_0.5x0.625/MERRA2/2019/07/MERRA2.20190701.A3cld.05x0625.nc4
2799.421,hit,false,0.000,0,311.691,375,GEOS_0.5x0.625/MERRA2/2019/07/MERRA2.20190701.A3cld.05x0625.nc4
2799.453,hit,false,0.000,0,311.723,375,GEOS_0.5x0.625/MERRA2/2019/07/MERRA2.20190701.A3cld.05x0625.nc4
2799.479,hit,false,0.000,0,311.749,375,GEOS_0.5x0.625/MERRA2/2019/07/MERRA2.20190701.A3cld.05x0625.nc4
2799.509,hit,false,0.000,0,311.779,375,GEOS_0.5x0.625/MERRA2/2019/07/MERRA2.20190701.A3cld.05x0625.nc4
2799.534,hit,false,0.000,0,311.804,375,GEOS_0.5x0.625/MERRA2/2019/07/MERRA2.20190701.A3cld.05x0625.nc4
2799.563,hit,false,0.000,0,311.833,375,GEOS_0.5x0.625/MERRA2/2019/07/MERRA2.20190701.A3cld.05x0625.nc4
2799.588,hit,false,0.000,0,311.850,376,GEOS_0.5x0.625/MERRA2/2019/07/MERRA2.20190701.A3cld.05x0625.nc4
2799.621,hit,false,0.000,0,311.884,376,GEOS_0.5x0.625/MERRA2/2019/07/MERRA2.20190701.A3cld.05x0625.nc4
2799.660,hit,false,0.000,0,311.923,376,GEOS_0.5x0.625/MERRA2/2019/07/MERRA2.20190701.A3cld.05x0625.nc4
2799.683,hit,false,0.000,0,311.946,376,GEOS_0.5x0.625/MERRA2/2019/07/MERRA2.20190701.A3cld.05x0625.nc4
2799.723,hit,false,0.000,0,311.985,376,GEOS_0.5x0.625/MERRA2/2019/07/MERRA2.20190701.A3cld.05x0625.nc4
2799.745,hit,false,0.000,0,312.008,376,GEOS_0.5x0.625/MERRA2/2019/07/MERRA2.20190701.A3cld.05x0625.nc4
2799.781,hit,false,0.000,0,312.043,376,GEOS_0.5x0.625/MERRA2/2019/07/MERRA2.20190701.A3cld.05x0625.nc4
2799.810,hit,false,0.000,0,312.073,376,GEOS_0.5x0.625/MERRA2/2019/07/MERRA2.20190701.A3cld.05x0625.nc4
2799.836,hit,false,0.000,0,312.094,377,GEOS_0.5x0.625/MERRA2/2019/07/MERRA2.20190701.A3cld.05x0625.nc4
2799.870,hit,false,0.000,0,312.129,377,GEOS_0.5x0.625/MERRA2/2019/07/MERRA2.20190701.A3cld.05x0625.nc4
2799.891,hit,false,0.000,0,312.150,377,GEOS_0.5x0.625/MERRA2/2019/07/MERRA2.20190701.A3cld.05x0625.nc4
2799.930,hit,false,0.000,0,312.189,377,GEOS_0.5x0.625/MERRA2/2019/07/MERRA2.20190701.A3cld.05x0625.nc4
2799.951,hit,false,0.000,0,312.210,377,GEOS_0.5x0.625/MERRA2/2019/07/MERRA2.20190701.A3cld.05x0625.nc4
2799.989,hit,false,0.000,0,312.247,377,GEOS_0.5x0.625/MERRA2/2019/07/MERRA2.20190701.A3cld.05x0625.nc4
2800.011,hit,false,0.000,0,312.269,377,GEOS_0.5x0.625/MERRA2/2019/07/MERRA2.20190701.A3cld.05x0625.nc4
2800.041,hit,false,0.000,0,312.300,377,GEOS_0.5x0.625/MERRA2/2019/07/MERRA2.20190701.A3cld.05x0625.nc4
2800.068,hit,false,0.000,0,312.323,378,GEOS_0.5x0.625/MERRA2/2019/07/MERRA2.20190701.A3cld.05x0625.nc4
2800.165,hit,false,0.000,0,312.420,378,GEOS_0.5x0.625/MERRA2/2019/07/MERRA2.20190701.A3cld.05x0625.nc4
2800.187,hit,false,0.000,0,312.443,378,GEOS_0.5x0.625/MERRA2/2019/07/MERRA2.20190701.A3cld.05x0625.nc4
2800.220,hit,false,0.000,0,312.475,378,GEOS_0.5x0.625/MERRA2/2019/07/MERRA2.20190701.A3cld.05x0625.nc4
2800.247,hit,false,0.000,0,312.503,378,GEOS_0.5x0.625/MERRA2/2019/07/MERRA2.20190701.A3cld.05x0625.nc4
2800.275,hit,false,0.000,0,312.531,378,GEOS_0.5x0.625/MERRA2/2019/07/MERRA2.20190701.A3cld.05x0625.nc4
2800.306,hit,false,0.000,0,312.562,378,GEOS_0.5x0.625/MERRA2/2019/07/MERRA2.20190701.A3cld.05x0625.nc4
2800.335,hit,false,0.000,0,312.591,378,GEOS_0.5x0.625/MERRA2/2019/07/MERRA2.20190701.A3cld.05x0625.nc4
2800.364,hit,false,0.000,0,312.617,379,GEOS_0.5x0.625/MERRA2/2019/07/MERRA2.20190701.A3cld.05x0625.nc4
2800.397,hit,false,0.000,0,312.650,379,GEOS_0.5x0.625/MERRA2/2019/07/MERRA2.20190701.A3cld.05x0625.nc4
2800.420,hit,false,0.000,0,312.673,379,GEOS_0.5x0.625/MERRA2/2019/07/MERRA2.20190701.A3cld.05x0625.nc4
2800.456,hit,false,0.000,0,312.709,379,GEOS_0.5x0.625/MERRA2/2019/07/MERRA2.20190701.A3cld.05x0625.nc4
2800.480,hit,false,0.000,0,312.733,379,GEOS_0.5x0.625/MERRA2/2019/07/MERRA2.20190701.A3cld.05x0625.nc4
2800.515,hit,false,0.000,0,312.768,379,GEOS_0.5x0.625/MERRA2/2019/07/MERRA2.20190701.A3cld.05x0625.nc4
2800.537,hit,false,0.000,0,312.790,379,GEOS_0.5x0.625/MERRA2/2019/07/MERRA2.20190701.A3cld.05x0625.nc4
2800.569,hit,false,0.000,0,312.822,379,GEOS_0.5x0.625/MERRA2/2019/07/MERRA2.20190701.A3cld.05x0625.nc4
2800.595,hit,false,0.000,0,312.846,380,GEOS_0.5x0.625/MERRA2/2019/07/MERRA2.20190701.A3cld.05x0625.nc4
2800.626,hit,false,0.000,0,312.877,380,GEOS_0.5x0.625/MERRA2/2019/07/MERRA2.20190701.A3cld.05x0625.nc4
2800.654,hit,false,0.000,0,312.905,380,GEOS_0.5x0.625/MERRA2/2019/07/MERRA2.20190701.A3cld.05x0625.nc4
2800.684,hit,false,0.000,0,312.935,380,GEOS_0.5x0.625/MERRA2/2019/07/MERRA2.20190701.A3cld.05x0625.nc4
2800.715,hit,false,0.000,0,312.965,380,GEOS_0.5x0.625/MERRA2/2019/07/MERRA2.20190701.A3cld.05x0625.nc4
2800.740,hit,false,0.000,0,312.990,380,GEOS_0.5x0.625/MERRA2/2019/07/MERRA2.20190701.A3cld.05x0625.nc4
2800.769,hit,false,0.000,0,313.019,380,GEOS_0.5x0.625/MERRA2/2019/07/MERRA2.20190701.A3cld.05x0625.nc4
2800.794,hit,false,0.000,0,313.044,380,GEOS_0.5x0.625/MERRA2/2019/07/MERRA2.20190701.A3cld.05x0625.nc4
2800.828,hit,false,0.000,0,313.076,381,GEOS_0.5x0.625/MERRA2/2019/07/MERRA2.20190701.A3cld.05x0625.nc4
2800.852,hit,false,0.000,0,313.100,381,GEOS_0.5x0.625/MERRA2/2019/07/MERRA2.20190701.A3cld.05x0625.nc4
2800.890,hit,false,0.000,0,313.137,381,GEOS_0.5x0.625/MERRA2/2019/07/MERRA2.20190701.A3cld.05x0625.nc4
2800.911,hit,false,0.000,0,313.159,381,GEOS_0.5x0.625/MERRA2/2019/07/MERRA2.20190701.A3cld.05x0625.nc4
2800.945,hit,false,0.000,0,313.192,381,GEOS_0.5x0.625/MERRA2/2019/07/MERRA2.20190701.A3cld.05x0625.nc4
2800.969,hit,false,0.000,0,313.217,381,GEOS_0.5x0.625/MERRA2/2019/07/MERRA2.20190701.A3cld.05x0625.nc4
2801.001,hit,false,0.000,0,313.249,381,GEOS_0.5x0.625/MERRA2/2019/07/MERRA2.20190701.A3cld.05x0625.nc4
2801.023,hit,false,0.000,0,313.271,381,GEOS_0.5x0.625/MERRA2/2019/07/MERRA2.20190701.A3cld.05x0625.nc4
2801.056,hit,false,0.000,0,313.301,382,GEOS_0.5x0.625/MERRA2/2019/07/MERRA2.20190701.A3cld.05x0625.nc4
2801.083,hit,false,0.000,0,313.328,382,GEOS_0.5x0.625/MERRA2/2019/07/MERRA2.20190701.A3cld.05x0625.nc4
2801.114,hit,false,0.000,0,313.359,382,GEOS_0.5x0.625/MERRA2/2019/07/MERRA2.20190701.A3cld.05x0625.nc4
2801.137,hit,false,0.000,0,313.381,382,GEOS_0.5x0.625/MERRA2/2019/07/MERRA2.20190701.A3cld.05x0625.nc4
2801.168,hit,false,0.000,0,313.413,382,GEOS_0.5x0.625/MERRA2/2019/07/MERRA2.20190701.A3cld.05x0625.nc4
2801.194,hit,false,0.000,0,313.438,382,GEOS_0.5x0.625/MERRA2/2019/07/MERRA2.20190701.A3cld.05x0625.nc4
2801.222,hit,false,0.000,0,313.467,382,GEOS_0.5x0.625/MERRA2/2019/07/MERRA2.20190701.A3cld.05x0625.nc4
2801.247,hit,false,0.000,0,313.492,382,GEOS_0.5x0.625/MERRA2/2019/07/MERRA2.20190701.A3cld.05x0625.nc4
2801.277,hit,false,0.000,0,313.519,383,GEOS_0.5x0.625/MERRA2/2019/07/MERRA2.20190701.A3cld.05x0625.nc4
2801.303,hit,false,0.000,0,313.546,383,GEOS_0.5x0.625/MERRA2/2019/07/MERRA2.20190701.A3cld.05x0625.nc4
2801.333,hit,false,0.000,0,313.575,383,GEOS_0.5x0.625/MERRA2/2019/07/MERRA2.20190701.A3cld.05x0625.nc4
2801.357,hit,false,0.000,0,313.600,383,GEOS_0.5x0.625/MERRA2/2019/07/MERRA2.20190701.A3cld.05x0625.nc4
2801.386,hit,false,0.000,0,313.629,383,GEOS_0.5x0.625/MERRA2/2019/07/MERRA2.20190701.A3cld.05x0625.nc4
2801.409,hit,false,0.000,0,313.652,383,GEOS_0.5x0.625/MERRA2/2019/07/MERRA2.20190701.A3cld.05x0625.nc4
2801.438,hit,false,0.000,0,313.681,383,GEOS_0.5x0.625/MERRA2/2019/07/MERRA2.20190701.A3cld.05x0625.nc4
2801.464,hit,false,0.000,0,313.706,383,GEOS_0.5x0.625/MERRA2/2019/07/MERRA2.20190701.A3cld.05x0625.nc4
2801.488,hit,false,0.000,0,313.768,384,GEOS_0.5x0.625/MERRA2/2019/07/MERRA2.20190701.A3cld.05x0625.nc4
2801.526,hit,false,0.000,0,313.806,384,GEOS_0.5x0.625/MERRA2/2019/07/MERRA2.20190701.A3cld.05x0625.nc4
2801.554,hit,false,0.000,0,313.835,384,GEOS_0.5x0.625/MERRA2/2019/07/MERRA2.20190701.A3cld.05x0625.nc4
2801.588,hit,false,0.000,0,313.869,384,GEOS_0.5x0.625/MERRA2/2019/07/MERRA2.20190701.A3cld.05x0625.nc4
2801.619,hit,false,0.000,0,313.899,384,GEOS_0.5x0.625/MERRA2/2019/07/MERRA2.20190701.A3cld.05x0625.nc4
2801.648,hit,false,0.000,0,313.928,384,GEOS_0.5x0.625/MERRA2/2019/07/MERRA2.20190701.A3cld.05x0625.nc4
2801.676,hit,false,0.000,0,313.957,384,GEOS_0.5x0.625/MERRA2/2019/07/MERRA2.20190701.A3cld.05x0625.nc4
2801.704,hit,false,0.000,0,313.984,384,GEOS_0.5x0.625/MERRA2/2019/07/MERRA2.20190701.A3cld.05x0625.nc4
2801.734,hit,false,0.000,0,314.011,385,GEOS_0.5x0.625/MERRA2/2019/07/MERRA2.20190701.A3cld.05x0625.nc4
2801.760,hit,false,0.000,0,314.036,385,GEOS_0.5x0.625/MERRA2/2019/07/MERRA2.20190701.A3cld.05x0625.nc4
2801.796,hit,false,0.000,0,314.073,385,GEOS_0.5x0.625/MERRA2/2019/07/MERRA2.20190701.A3cld.05x0625.nc4
2801.819,hit,false,0.000,0,314.095,385,GEOS_0.5x0.625/MERRA2/2019/07/MERRA2.20190701.A3cld.05x0625.nc4
2801.851,hit,false,0.000,0,314.127,385,GEOS_0.5x0.625/MERRA2/2019/07/MERRA2.20190701.A3cld.05x0625.nc4
2801.876,hit,false,0.000,0,314.153,385,GEOS_0.5x0.625/MERRA2/2019/07/MERRA2.20190701.A3cld.05x0625.nc4
2801.912,hit,false,0.000,0,314.188,385,GEOS_0.5x0.625/MERRA2/2019/07/MERRA2.20190701.A3cld.05x0625.nc4
2801.934,hit,false,0.000,0,314.211,385,GEOS_0.5x0.625/MERRA2/2019/07/MERRA2.20190701.A3cld.05x0625.nc4
2802.038,hit,false,0.000,0,314.312,386,GEOS_0.5x0.625/MERRA2/2019/07/MERRA2.20190701.A3cld.05x0625.nc4
2802.063,hit,false,0.000,0,314.337,386,GEOS_0.5x0.625/MERRA2/2019/07/MERRA2.20190701.A3cld.05x0625.nc4
2802.095,hit,false,0.000,0,314.369,386,GEOS_0.5x0.625/MERRA2/2019/07/MERRA2.20190701.A3cld.05x0625.nc4
2802.120,hit,false,0.000,0,314.395,386,GEOS_0.5x0.625/MERRA2/2019/07/MERRA2.20190701.A3cld.05x0625.nc4
2802.152,hit,false,0.000,0,314.427,386,GEOS_0.5x0.625/MERRA2/2019/07/MERRA2.20190701.A3cld.05x0625.nc4
2802.175,hit,false,0.000,0,314.449,386,GEOS_0.5x0.625/MERRA2/2019/07/MERRA2.20190701.A3cld.05x0625.nc4
2802.210,hit,false,0.000,0,314.484,386,GEOS_0.5x0.625/MERRA2/2019/07/MERRA2.20190701.A3cld.05x0625.nc4
2802.238,hit,false,0.000,0,314.512,386,GEOS_0.5x0.625/MERRA2/2019/07/MERRA2.20190701.A3cld.05x0625.nc4
2802.269,hit,false,0.000,0,314.541,387,GEOS_0.5x0.625/MERRA2/2019/07/MERRA2.20190701.A3cld.05x0625.nc4
2802.295,hit,false,0.000,0,314.568,387,GEOS_0.5x0.625/MERRA2/2019/07/MERRA2.20190701.A3cld.05x0625.nc4
2802.333,hit,false,0.000,0,314.605,387,GEOS_0.5x0.625/MERRA2/2019/07/MERRA2.20190701.A3cld.05x0625.nc4
2802.355,hit,false,0.000,0,314.627,387,GEOS_0.5x0.625/MERRA2/2019/07/MERRA2.20190701.A3cld.05x0625.nc4
2802.392,hit,false,0.000,0,314.665,387,GEOS_0.5x0.625/MERRA2/2019/07/MERRA2.20190701.A3cld.05x0625.nc4
2802.414,hit,false,0.000,0,314.687,387,GEOS_0.5x0.625/MERRA2/2019/07/MERRA2.20190701.A3cld.05x0625.nc4
2802.452,hit,false,0.000,0,314.724,387,GEOS_0.5x0.625/MERRA2/2019/07/MERRA2.20190701.A3cld.05x0625.nc4
2802.475,hit,false,0.000,0,314.747,387,GEOS_0.5x0.625/MERRA2/2019/07/MERRA2.20190701.A3cld.05x0625.nc4
2802.509,hit,false,0.000,0,314.779,388,GEOS_0.5x0.625/MERRA2/2019/07/MERRA2.20190701.A3cld.05x0625.nc4
2802.535,hit,false,0.000,0,314.806,388,GEOS_0.5x0.625/MERRA2/2019/07/MERRA2.20190701.A3cld.05x0625.nc4
2802.568,hit,false,0.000,0,314.838,388,GEOS_0.5x0.625/MERRA2/2019/07/MERRA2.20190701.A3cld.05x0625.nc4
2802.593,hit,false,0.000,0,314.864,388,GEOS_0.5x0.625/MERRA2/2019/07/MERRA2.20190701.A3cld.05x0625.nc4
2802.631,hit,false,0.000,0,314.901,388,GEOS_0.5x0.625/MERRA2/2019/07/MERRA2.20190701.A3cld.05x0625.nc4
2802.653,hit,false,0.000,0,314.923,388,GEOS_0.5x0.625/MERRA2/2019/07/MERRA2.20190701.A3cld.05x0625.nc4
2802.687,hit,false,0.000,0,314.957,388,GEOS_0.5x0.625/MERRA2/2019/07/MERRA2.20190701.A3cld.05x0625.nc4
2802.712,hit,false,0.000,0,314.983,388,GEOS_0.5x0.625/MERRA2/2019/07/MERRA2.20190701.A3cld.05x0625.nc4
2802.744,hit,false,0.000,0,315.011,389,GEOS_0.5x0.625/MERRA2/2019/07/MERRA2.20190701.A3cld.05x0625.nc4
2802.774,hit,false,0.000,0,315.042,389,GEOS_0.5x0.625/MERRA2/2019/07/MERRA2.20190701.A3cld.05x0625.nc4
2802.809,hit,false,0.000,0,315.076,389,GEOS_0.5x0.625/MERRA2/2019/07/MERRA2.20190701.A3cld.05x0625.nc4
2802.831,hit,false,0.000,0,315.098,389,GEOS_0.5x0.625/MERRA2/2019/07/MERRA2.20190701.A3cld.05x0625.nc4
2802.866,hit,false,0.000,0,315.134,389,GEOS_0.5x0.625/MERRA2/2019/07/MERRA2.20190701.A3cld.05x0625.nc4
2802.889,hit,false,0.000,0,315.156,389,GEOS_0.5x0.625/MERRA2/2019/07/MERRA2.20190701.A3cld.05x0625.nc4
2802.919,hit,false,0.000,0,315.187,389,GEOS_0.5x0.625/MERRA2/2019/07/MERRA2.20190701.A3cld.05x0625.nc4
2802.943,hit,false,0.000,0,315.211,389,GEOS_0.5x0.625/MERRA2/2019/07/MERRA2.20190701.A3cld.05x0625.nc4
2802.976,hit,false,0.000,0,315.241,390,GEOS_0.5x0.625/MERRA2/2019/07/MERRA2.20190701.A3cld.05x0625.nc4
2803.005,hit,false,0.000,0,315.271,390,GEOS_0.5x0.625/MERRA2/2019/07/MERRA2.20190701.A3cld.05x0625.nc4
2803.037,hit,false,0.000,0,315.303,390,GEOS_0.5x0.625/MERRA2/2019/07/MERRA2.20190701.A3cld.05x0625.nc4
2803.065,hit,false,0.000,0,315.331,390,GEOS_0.5x0.625/MERRA2/2019/07/MERRA2.20190701.A3cld.05x0625.nc4
2803.105,hit,false,0.000,0,315.371,390,GEOS_0.5x0.625/MERRA2/2019/07/MERRA2.20190701.A3cld.05x0625.nc4
2803.128,hit,false,0.000,0,315.393,390,GEOS_0.5x0.625/MERRA2/2019/07/MERRA2.20190701.A3cld.05x0625.nc4
2803.166,hit,false,0.000,0,315.432,390,GEOS_0.5x0.625/MERRA2/2019/07/MERRA2.20190701.A3cld.05x0625.nc4
2803.188,hit,false,0.000,0,315.454,390,GEOS_0.5x0.625/MERRA2/2019/07/MERRA2.20190701.A3cld.05x0625.nc4
2803.220,hit,false,0.000,0,315.484,391,GEOS_0.5x0.625/MERRA2/2019/07/MERRA2.20190701.A3cld.05x0625.nc4
2803.254,hit,false,0.000,0,315.518,391,GEOS_0.5x0.625/MERRA2/2019/07/MERRA2.20190701.A3cld.05x0625.nc4
2803.287,hit,false,0.000,0,315.551,391,GEOS_0.5x0.625/MERRA2/2019/07/MERRA2.20190701.A3cld.05x0625.nc4
2803.311,hit,false,0.000,0,315.575,391,GEOS_0.5x0.625/MERRA2/2019/07/MERRA2.20190701.A3cld.05x0625.nc4
2803.343,hit,false,0.000,0,315.607,391,GEOS_0.5x0.625/MERRA2/2019/07/MERRA2.20190701.A3cld.05x0625.nc4
2803.369,hit,false,0.000,0,315.633,391,GEOS_0.5x0.625/MERRA2/2019/07/MERRA2.20190701.A3cld.05x0625.nc4
2803.400,hit,false,0.000,0,315.663,391,GEOS_0.5x0.625/MERRA2/2019/07/MERRA2.20190701.A3cld.05x0625.nc4
2803.427,hit,false,0.000,0,315.691,391,GEOS_0.5x0.625/MERRA2/2019/07/MERRA2.20190701.A3cld.05x0625.nc4
2803.459,hit,false,0.000,0,315.718,392,GEOS_0.5x0.625/MERRA2/2019/07/MERRA2.20190701.A3cld.05x0625.nc4
2803.485,hit,false,0.000,0,315.744,392,GEOS_0.5x0.625/MERRA2/2019/07/MERRA2.20190701.A3cld.05x0625.nc4
2803.568,hit,false,0.000,0,315.828,392,GEOS_0.5x0.625/MERRA2/2019/07/MERRA2.20190701.A3cld.05x0625.nc4
2803.591,hit,false,0.000,0,315.850,392,GEOS_0.5x0.625/MERRA2/2019/07/MERRA2.20190701.A3cld.05x0625.nc4
2803.622,hit,false,0.000,0,315.881,392,GEOS_0.5x0.625/MERRA2/2019/07/MERRA2.20190701.A3cld.05x0625.nc4
2803.648,hit,false,0.000,0,315.907,392,GEOS_0.5x0.625/MERRA2/2019/07/MERRA2.20190701.A3cld.05x0625.nc4
2803.676,hit,false,0.000,0,315.936,392,GEOS_0.5x0.625/MERRA2/2019/07/MERRA2.20190701.A3cld.05x0625.nc4
2803.707,hit,false,0.000,0,315.967,392,GEOS_0.5x0.625/MERRA2/2019/07/MERRA2.20190701.A3cld.05x0625.nc4
2803.736,hit,false,0.000,0,315.993,393,GEOS_0.5x0.625/MERRA2/2019/07/MERRA2.20190701.A3cld.05x0625.nc4
2803.768,hit,false,0.000,0,316.025,393,GEOS_0.5x0.625/MERRA2/2019/07/MERRA2.20190701.A3cld.05x0625.nc4
2803.796,hit,false,0.000,0,316.053,393,GEOS_0.5x0.625/MERRA2/2019/07/MERRA2.20190701.A3cld.05x0625.nc4
2803.828,hit,false,0.000,0,316.085,393,GEOS_0.5x0.625/MERRA2/2019/07/MERRA2.20190701.A3cld.05x0625.nc4
2803.851,hit,false,0.000,0,316.108,393,GEOS_0.5x0.625/MERRA2/2019/07/MERRA2.20190701.A3cld.05x0625.nc4
2803.883,hit,false,0.000,0,316.140,393,GEOS_0.5x0.625/MERRA2/2019/07/MERRA2.20190701.A3cld.05x0625.nc4
2803.908,hit,false,0.000,0,316.165,393,GEOS_0.5x0.625/MERRA2/2019/07/MERRA2.20190701.A3cld.05x0625.nc4
2804.008,hit,false,0.000,0,316.265,393,GEOS_0.5x0.625/MERRA2/2019/07/MERRA2.20190701.A3cld.05x0625.nc4
2804.031,hit,false,0.000,0,316.286,394,GEOS_0.5x0.625/MERRA2/2019/07/MERRA2.20190701.A3cld.05x0625.nc4
2804.065,hit,false,0.000,0,316.320,394,GEOS_0.5x0.625/MERRA2/2019/07/MERRA2.20190701.A3cld.05x0625.nc4
2804.089,hit,false,0.000,0,316.344,394,GEOS_0.5x0.625/MERRA2/2019/07/MERRA2.20190701.A3cld.05x0625.nc4
2804.122,hit,false,0.000,0,316.377,394,GEOS_0.5x0.625/MERRA2/2019/07/MERRA2.20190701.A3cld.05x0625.nc4
2804.145,hit,false,0.000,0,316.400,394,GEOS_0.5x0.625/MERRA2/2019/07/MERRA2.20190701.A3cld.05x0625.nc4
2804.177,hit,false,0.000,0,316.432,394,GEOS_0.5x0.625/MERRA2/2019/07/MERRA2.20190701.A3cld.05x0625.nc4
2804.203,hit,false,0.000,0,316.458,394,GEOS_0.5x0.625/MERRA2/2019/07/MERRA2.20190701.A3cld.05x0625.nc4
2804.233,hit,false,0.000,0,316.488,394,GEOS_0.5x0.625/MERRA2/2019/07/MERRA2.20190701.A3cld.05x0625.nc4
2804.263,hit,false,0.000,0,316.516,395,GEOS_0.5x0.625/MERRA2/2019/07/MERRA2.20190701.A3cld.05x0625.nc4
2804.297,hit,false,0.000,0,316.550,395,GEOS_0.5x0.625/MERRA2/2019/07/MERRA2.20190701.A3cld.05x0625.nc4
2804.320,hit,false,0.000,0,316.574,395,GEOS_0.5x0.625/MERRA2/2019/07/MERRA2.20190701.A3cld.05x0625.nc4
2804.353,hit,false,0.000,0,316.606,395,GEOS_0.5x0.625/MERRA2/2019/07/MERRA2.20190701.A3cld.05x0625.nc4
2804.384,hit,false,0.000,0,316.637,395,GEOS_0.5x0.625/MERRA2/2019/07/MERRA2.20190701.A3cld.05x0625.nc4
2804.412,hit,false,0.000,0,316.665,395,GEOS_0.5x0.625/MERRA2/2019/07/MERRA2.20190701.A3cld.05x0625.nc4
2804.442,hit,false,0.000,0,316.695,395,GEOS_0.5x0.625/MERRA2/2019/07/MERRA2.20190701.A3cld.05x0625.nc4
2804.471,hit,false,0.000,0,316.724,395,GEOS_0.5x0.625/MERRA2/2019/07/MERRA2.20190701.A3cld.05x0625.nc4
2804.500,hit,false,0.000,0,316.752,396,GEOS_0.5x0.625/MERRA2/2019/07/MERRA2.20190701.A3cld.05x0625.nc4
2804.535,hit,false,0.000,0,316.787,396,GEOS_0.5x0.625/MERRA2/2019/07/MERRA2.20190701.A3cld.05x0625.nc4
2804.563,hit,false,0.000,0,316.814,396,GEOS_0.5x0.625/MERRA2/2019/07/MERRA2.20190701.A3cld.05x0625.nc4
2804.591,hit,false,0.000,0,316.842,396,GEOS_0.5x0.625/MERRA2/2019/07/MERRA2.20190701.A3cld.05x0625.nc4
2804.619,hit,false,0.000,0,316.871,396,GEOS_0.5x0.625/MERRA2/2019/07/MERRA2.20190701.A3cld.05x0625.nc4
2804.655,hit,false,0.000,0,316.906,396,GEOS_0.5x0.625/MERRA2/2019/07/MERRA2.20190701.A3cld.05x0625.nc4
2804.676,hit,false,0.000,0,316.927,396,GEOS_0.5x0.625/MERRA2/2019/07/MERRA2.20190701.A3cld.05x0625.nc4
2804.710,hit,false,0.000,0,316.961,396,GEOS_0.5x0.625/MERRA2/2019/07/MERRA2.20190701.A3cld.05x0625.nc4
2804.735,hit,false,0.000,0,316.985,397,GEOS_0.5x0.625/MERRA2/2019/07/MERRA2.20190701.A3cld.05x0625.nc4
2804.770,hit,false,0.000,0,317.019,397,GEOS_0.5x0.625/MERRA2/2019/07/MERRA2.20190701.A3cld.05x0625.nc4
2804.798,hit,false,0.000,0,317.047,397,GEOS_0.5x0.625/MERRA2/2019/07/MERRA2.20190701.A3cld.05x0625.nc4
2804.828,hit,false,0.000,0,317.077,397,GEOS_0.5x0.625/MERRA2/2019/07/MERRA2.20190701.A3cld.05x0625.nc4
2804.851,hit,false,0.000,0,317.101,397,GEOS_0.5x0.625/MERRA2/2019/07/MERRA2.20190701.A3cld.05x0625.nc4
2804.883,hit,false,0.000,0,317.132,397,GEOS_0.5x0.625/MERRA2/2019/07/MERRA2.20190701.A3cld.05x0625.nc4
2804.908,hit,false,0.000,0,317.157,397,GEOS_0.5x0.625/MERRA2/2019/07/MERRA2.20190701.A3cld.05x0625.nc4
2804.936,hit,false,0.000,0,317.185,397,GEOS_0.5x0.625/MERRA2/2019/07/MERRA2.20190701.A3cld.05x0625.nc4
2804.970,hit,false,0.000,0,317.218,398,GEOS_0.5x0.625/MERRA2/2019/07/MERRA2.20190701.A3cld.05x0625.nc4
2805.001,hit,false,0.000,0,317.248,398,GEOS_0.5x0.625/MERRA2/2019/07/MERRA2.20190701.A3cld.05x0625.nc4
2805.028,hit,false,0.000,0,317.276,398,GEOS_0.5x0.625/MERRA2/2019/07/MERRA2.20190701.A3cld.05x0625.nc4
2805.060,hit,false,0.000,0,317.308,398,GEOS_0.5x0.625/MERRA2/2019/07/MERRA2.20190701.A3cld.05x0625.nc4
2805.086,hit,false,0.000,0,317.334,398,GEOS_0.5x0.625/MERRA2/2019/07/MERRA2.20190701.A3cld.05x0625.nc4
2805.117,hit,false,0.000,0,317.365,398,GEOS_0.5x0.625/MERRA2/2019/07/MERRA2.20190701.A3cld.05x0625.nc4
2805.145,hit,false,0.000,0,317.392,398,GEOS_0.5x0.625/MERRA2/2019/07/MERRA2.20190701.A3cld.05x0625.nc4
2805.174,hit,false,0.000,0,317.421,398,GEOS_0.5x0.625/MERRA2/2019/07/MERRA2.20190701.A3cld.05x0625.nc4
2805.202,hit,false,0.000,0,317.447,399,GEOS_0.5x0.625/MERRA2/2019/07/MERRA2.20190701.A3cld.05x0625.nc4
2805.233,hit,false,0.000,0,317.478,399,GEOS_0.5x0.625/MERRA2/2019/07/MERRA2.20190701.A3cld.05x0625.nc4
2805.262,hit,false,0.000,0,317.507,399,GEOS_0.5x0.625/MERRA2/2019/07/MERRA2.20190701.A3cld.05x0625.nc4
2805.289,hit,false,0.000,0,317.534,399,GEOS_0.5x0.625/MERRA2/2019/07/MERRA2.20190701.A3cld.05x0625.nc4
2805.319,hit,false,0.000,0,317.564,399,GEOS_0.5x0.625/MERRA2/2019/07/MERRA2.20190701.A3cld.05x0625.nc4
2805.341,hit,false,0.000,0,317.586,399,GEOS_0.5x0.625/MERRA2/2019/07/MERRA2.20190701.A3cld.05x0625.nc4
2805.376,hit,false,0.000,0,317.621,399,GEOS_0.5x0.625/MERRA2/2019/07/MERRA2.20190701.A3cld.05x0625.nc4
2805.399,hit,false,0.000,0,317.644,399,GEOS_0.5x0.625/MERRA2/2019/07/MERRA2.20190701.A3cld.05x0625.nc4
2805.432,hit,false,0.000,0,317.679,400,GEOS_0.5x0.625/MERRA2/2019/07/MERRA2.20190701.A3cld.05x0625.nc4
2805.462,hit,false,0.000,0,317.709,400,GEOS_0.5x0.625/MERRA2/2019/07/MERRA2.20190701.A3cld.05x0625.nc4
2805.518,hit,false,0.000,0,317.765,400,GEOS_0.5x0.625/MERRA2/2019/07/MERRA2.20190701.A3cld.05x0625.nc4
2805.540,hit,false,0.000,0,317.787,400,GEOS_0.5x0.625/MERRA2/2019/07/MERRA2.20190701.A3cld.05x0625.nc4
2805.571,hit,false,0.000,0,317.818,400,GEOS_0.5x0.625/MERRA2/2019/07/MERRA2.20190701.A3cld.05x0625.nc4
2805.597,hit,false,0.000,0,317.844,400,GEOS_0.5x0.625/MERRA2/2019/07/MERRA2.20190701.A3cld.05x0625.nc4
2805.628,hit,false,0.000,0,317.875,400,GEOS_0.5x0.625/MERRA2/2019/07/MERRA2.20190701.A3cld.05x0625.nc4
2805.656,hit,false,0.000,0,317.903,400,GEOS_0.5x0.625/MERRA2/2019/07/MERRA2.20190701.A3cld.05x0625.nc4
2805.687,hit,false,0.000,0,317.931,401,GEOS_0.5x0.625/MERRA2/2019/07/MERRA2.20190701.A3cld.05x0625.nc4
2805.715,hit,false,0.000,0,317.958,401,GEOS_0.5x0.625/MERRA2/2019/07/MERRA2.20190701.A3cld.05x0625.nc4
2805.749,hit,false,0.000,0,317.992,401,GEOS_0.5x0.625/MERRA2/2019/07/MERRA2.20190701.A3cld.05x0625.nc4
2805.772,hit,false,0.000,0,318.015,401,GEOS_0.5x0.625/MERRA2/2019/07/MERRA2.20190701.A3cld.05x0625.nc4
2805.805,hit,false,0.000,0,318.048,401,GEOS_0.5x0.625/MERRA2/2019/07/MERRA2.20190701.A3cld.05x0625.nc4
2805.831,hit,false,0.000,0,318.074,401,GEOS_0.5x0.625/MERRA2/2019/07/MERRA2.20190701.A3cld.05x0625.nc4
2805.929,hit,false,0.000,0,318.172,401,GEOS_0.5x0.625/MERRA2/2019/07/MERRA2.20190701.A3cld.05x0625.nc4
2805.951,hit,false,0.000,0,318.194,401,GEOS_0.5x0.625/MERRA2/2019/07/MERRA2.20190701.A3cld.05x0625.nc4
2805.988,hit,false,0.000,0,318.229,402,GEOS_0.5x0.625/MERRA2/2019/07/MERRA2.20190701.A3cld.05x0625.nc4
2806.012,hit,false,0.000,0,318.253,402,GEOS_0.5x0.625/MERRA2/2019/07/MERRA2.20190701.A3cld.05x0625.nc4
2806.048,hit,false,0.000,0,318.289,402,GEOS_0.5x0.625/MERRA2/2019/07/MERRA2.20190701.A3cld.05x0625.nc4
2806.077,hit,false,0.000,0,318.318,402,GEOS_0.5x0.625/MERRA2/2019/07/MERRA2.20190701.A3cld.05x0625.nc4
2806.107,hit,false,0.000,0,318.347,402,GEOS_0.5x0.625/MERRA2/2019/07/MERRA2.20190701.A3cld.05x0625.nc4
2806.135,hit,false,0.000,0,318.376,402,GEOS_0.5x0.625/MERRA2/2019/07/MERRA2.20190701.A3cld.05x0625.nc4
2806.165,hit,false,0.000,0,318.405,402,GEOS_0.5x0.625/MERRA2/2019/07/MERRA2.20190701.A3cld.05x0625.nc4
2806.192,hit,false,0.000,0,318.433,402,GEOS_0.5x0.625/MERRA2/2019/07/MERRA2.20190701.A3cld.05x0625.nc4
2806.225,hit,false,0.000,0,318.463,403,GEOS_0.5x0.625/MERRA2/2019/07/MERRA2.20190701.A3cld.05x0625.nc4
2806.251,hit,false,0.000,0,318.489,403,GEOS_0.5x0.625/MERRA2/2019/07/MERRA2.20190701.A3cld.05x0625.nc4
2806.287,hit,false,0.000,0,318.526,403,GEOS_0.5x0.625/MERRA2/2019/07/MERRA2.20190701.A3cld.05x0625.nc4
2806.310,hit,false,0.000,0,318.548,403,GEOS_0.5x0.625/MERRA2/2019/07/MERRA2.20190701.A3cld.05x0625.nc4
2806.342,hit,false,0.000,0,318.580,403,GEOS_0.5x0.625/MERRA2/2019/07/MERRA2.20190701.A3cld.05x0625.nc4
2806.366,hit,false,0.000,0,318.604,403,GEOS_0.5x0.625/MERRA2/2019/07/MERRA2.20190701.A3cld.05x0625.nc4
2806.398,hit,false,0.000,0,318.637,403,GEOS_0.5x0.625/MERRA2/2019/07/MERRA2.20190701.A3cld.05x0625.nc4
2806.424,hit,false,0.000,0,318.662,403,GEOS_0.5x0.625/MERRA2/2019/07/MERRA2.20190701.A3cld.05x0625.nc4
2806.457,hit,false,0.000,0,318.694,404,GEOS_0.5x0.625/MERRA2/2019/07/MERRA2.20190701.A3cld.05x0625.nc4
2806.488,hit,false,0.000,0,318.724,404,GEOS_0.5x0.625/MERRA2/2019/07/MERRA2.20190701.A3cld.05x0625.nc4
