# lith prefetch trace; block_size=8388608 max_readahead=33 parts_max=37500000 small_file=4194304 coverage_window=16 coverage_min=0.5 evidence_ratio=0
seq,fh,pid,key,size,off,len,blk,gap,path,state_before,state_after,max_window,window,dispatched,peak_window
1,1,2022239,geosfp/GEOSFP.20190701.A3mstC.025x03125.nc,876229026,301674496,131072,35,301674496,window,cold,cold,33,0,0,0
2,1,2022239,geosfp/GEOSFP.20190701.A3mstC.025x03125.nc,876229026,132071424,131072,15,-169734144,window,cold,random,33,0,0,0
3,1,2022239,geosfp/GEOSFP.20190701.A3mstC.025x03125.nc,876229026,250339328,131072,29,118136832,window,random,random,33,0,0,0
4,1,2022239,geosfp/GEOSFP.20190701.A3mstC.025x03125.nc,876229026,86351872,131072,10,-164118528,window,random,random,33,0,0,0
5,1,2022239,geosfp/GEOSFP.20190701.A3mstC.025x03125.nc,876229026,79450112,131072,9,-7032832,window,random,random,33,0,0,0
6,1,2022239,geosfp/GEOSFP.20190701.A3mstC.025x03125.nc,876229026,291786752,131072,34,212205568,window,random,random,33,0,0,0
7,1,2022239,geosfp/GEOSFP.20190701.A3mstC.025x03125.nc,876229026,301338624,131072,35,9420800,window,random,random,33,0,0,0
8,1,2022239,geosfp/GEOSFP.20190701.A3mstC.025x03125.nc,876229026,171995136,131072,20,-129474560,window,random,random,33,0,0,0
9,1,2022239,geosfp/GEOSFP.20190701.A3mstC.025x03125.nc,876229026,449249280,131072,53,277123072,window,random,random,33,0,0,0
10,1,2022239,geosfp/GEOSFP.20190701.A3mstC.025x03125.nc,876229026,173490176,131072,20,-275890176,window,random,random,33,0,0,0
11,1,2022239,geosfp/GEOSFP.20190701.A3mstC.025x03125.nc,876229026,537018368,131072,64,363397120,window,random,random,33,0,0,0
12,1,2022239,geosfp/GEOSFP.20190701.A3mstC.025x03125.nc,876229026,131141632,131072,15,-406007808,window,random,random,33,0,0,0
13,1,2022239,geosfp/GEOSFP.20190701.A3mstC.025x03125.nc,876229026,335978496,131072,40,204705792,window,random,random,33,0,0,0
14,1,2022239,geosfp/GEOSFP.20190701.A3mstC.025x03125.nc,876229026,290136064,131072,34,-45973504,window,random,random,33,0,0,0
15,1,2022239,geosfp/GEOSFP.20190701.A3mstC.025x03125.nc,876229026,401235968,131072,47,110968832,window,random,random,33,0,0,0
16,1,2022239,geosfp/GEOSFP.20190701.A3mstC.025x03125.nc,876229026,388186112,131072,46,-13180928,window,random,random,33,0,0,0
17,1,2022239,geosfp/GEOSFP.20190701.A3mstC.025x03125.nc,876229026,676012032,131072,80,287694848,window,random,random,33,0,0,0
18,1,2022239,geosfp/GEOSFP.20190701.A3mstC.025x03125.nc,876229026,78462976,131072,9,-597680128,window,random,random,33,0,0,0
19,1,2022239,geosfp/GEOSFP.20190701.A3mstC.025x03125.nc,876229026,852787200,131072,101,774193152,window,random,random,33,0,0,0
20,1,2022239,geosfp/GEOSFP.20190701.A3mstC.025x03125.nc,876229026,248311808,131072,29,-604606464,window,random,random,33,0,0,0
21,1,2022239,geosfp/GEOSFP.20190701.A3mstC.025x03125.nc,876229026,478257152,131072,57,229814272,window,random,random,33,0,0,0
22,1,2022239,geosfp/GEOSFP.20190701.A3mstC.025x03125.nc,876229026,493531136,131072,58,15142912,window,random,random,33,0,0,0
23,1,2022239,geosfp/GEOSFP.20190701.A3mstC.025x03125.nc,876229026,865943552,131072,103,372281344,window,random,random,33,0,0,0
24,1,2022239,geosfp/GEOSFP.20190701.A3mstC.025x03125.nc,876229026,700985344,131072,83,-165089280,window,random,random,33,0,0,0
25,1,2022239,geosfp/GEOSFP.20190701.A3mstC.025x03125.nc,876229026,185995264,131072,22,-515121152,window,random,random,33,0,0,0
26,1,2022239,geosfp/GEOSFP.20190701.A3mstC.025x03125.nc,876229026,804904960,131072,95,618778624,window,random,random,33,0,0,0
27,1,2022239,geosfp/GEOSFP.20190701.A3mstC.025x03125.nc,876229026,662331392,131072,78,-142704640,window,random,random,33,0,0,0
28,1,2022239,geosfp/GEOSFP.20190701.A3mstC.025x03125.nc,876229026,466935808,131072,55,-195526656,window,random,random,33,0,0,0
29,1,2022239,geosfp/GEOSFP.20190701.A3mstC.025x03125.nc,876229026,739459072,131072,88,272392192,window,random,random,33,0,0,0
30,1,2022239,geosfp/GEOSFP.20190701.A3mstC.025x03125.nc,876229026,421662720,131072,50,-317927424,window,random,random,33,0,0,0
31,1,2022239,geosfp/GEOSFP.20190701.A3mstC.025x03125.nc,876229026,641327104,131072,76,219533312,window,random,random,33,0,0,0
32,1,2022239,geosfp/GEOSFP.20190701.A3mstC.025x03125.nc,876229026,848449536,131072,101,206991360,window,random,random,33,0,0,0
33,1,2022239,geosfp/GEOSFP.20190701.A3mstC.025x03125.nc,876229026,72818688,131072,8,-775761920,window,random,random,33,0,0,0
34,1,2022239,geosfp/GEOSFP.20190701.A3mstC.025x03125.nc,876229026,300261376,131072,35,227311616,window,random,random,33,0,0,0
35,1,2022239,geosfp/GEOSFP.20190701.A3mstC.025x03125.nc,876229026,79200256,131072,9,-221192192,window,random,random,33,0,0,0
36,1,2022239,geosfp/GEOSFP.20190701.A3mstC.025x03125.nc,876229026,347590656,131072,41,268259328,window,random,random,33,0,0,0
37,1,2022239,geosfp/GEOSFP.20190701.A3mstC.025x03125.nc,876229026,185688064,131072,22,-162033664,window,random,random,33,0,0,0
38,1,2022239,geosfp/GEOSFP.20190701.A3mstC.025x03125.nc,876229026,7254016,131072,0,-178565120,window,random,random,33,0,0,0
39,1,2022239,geosfp/GEOSFP.20190701.A3mstC.025x03125.nc,876229026,497852416,131072,59,490467328,window,random,random,33,0,0,0
40,1,2022239,geosfp/GEOSFP.20190701.A3mstC.025x03125.nc,876229026,630165504,131072,75,132182016,window,random,random,33,0,0,0
41,1,2022239,geosfp/GEOSFP.20190701.A3mstC.025x03125.nc,876229026,384946176,131072,45,-245350400,window,random,random,33,0,0,0
42,1,2022239,geosfp/GEOSFP.20190701.A3mstC.025x03125.nc,876229026,414031872,131072,49,28954624,window,random,random,33,0,0,0
43,1,2022239,geosfp/GEOSFP.20190701.A3mstC.025x03125.nc,876229026,170553344,131072,20,-243609600,window,random,random,33,0,0,0
44,1,2022239,geosfp/GEOSFP.20190701.A3mstC.025x03125.nc,876229026,764448768,131072,91,593764352,window,random,random,33,0,0,0
45,1,2022239,geosfp/GEOSFP.20190701.A3mstC.025x03125.nc,876229026,596905984,131072,71,-167673856,window,random,random,33,0,0,0
46,1,2022239,geosfp/GEOSFP.20190701.A3mstC.025x03125.nc,876229026,405745664,131072,48,-191291392,window,random,random,33,0,0,0
47,1,2022239,geosfp/GEOSFP.20190701.A3mstC.025x03125.nc,876229026,278323200,131072,33,-127553536,window,random,random,33,0,0,0
48,1,2022239,geosfp/GEOSFP.20190701.A3mstC.025x03125.nc,876229026,12820480,131072,1,-265633792,window,random,random,33,0,0,0
49,1,2022239,geosfp/GEOSFP.20190701.A3mstC.025x03125.nc,876229026,221782016,131072,26,208830464,window,random,random,33,0,0,0
50,1,2022239,geosfp/GEOSFP.20190701.A3mstC.025x03125.nc,876229026,145633280,131072,17,-76279808,window,random,random,33,0,0,0
51,1,2022239,geosfp/GEOSFP.20190701.A3mstC.025x03125.nc,876229026,8802304,131072,1,-136962048,window,random,random,33,0,0,0
52,1,2022239,geosfp/GEOSFP.20190701.A3mstC.025x03125.nc,876229026,848678912,131072,101,839745536,window,random,random,33,0,0,0
53,1,2022239,geosfp/GEOSFP.20190701.A3mstC.025x03125.nc,876229026,374386688,131072,44,-474423296,window,random,random,33,0,0,0
54,1,2022239,geosfp/GEOSFP.20190701.A3mstC.025x03125.nc,876229026,10706944,131072,1,-363810816,window,random,random,33,0,0,0
55,1,2022239,geosfp/GEOSFP.20190701.A3mstC.025x03125.nc,876229026,812118016,131072,96,801280000,window,random,random,33,0,0,0
56,1,2022239,geosfp/GEOSFP.20190701.A3mstC.025x03125.nc,876229026,20336640,131072,2,-791912448,window,random,random,33,0,0,0
57,1,2022239,geosfp/GEOSFP.20190701.A3mstC.025x03125.nc,876229026,675024896,131072,80,654557184,window,random,random,33,0,0,0
58,1,2022239,geosfp/GEOSFP.20190701.A3mstC.025x03125.nc,876229026,357376000,131072,42,-317779968,window,random,random,33,0,0,0
59,1,2022239,geosfp/GEOSFP.20190701.A3mstC.025x03125.nc,876229026,365207552,131072,43,7700480,window,random,random,33,0,0,0
60,1,2022239,geosfp/GEOSFP.20190701.A3mstC.025x03125.nc,876229026,221552640,131072,26,-143785984,window,random,random,33,0,0,0
61,1,2022239,geosfp/GEOSFP.20190701.A3mstC.025x03125.nc,876229026,105693184,131072,12,-115990528,window,random,random,33,0,0,0
62,1,2022239,geosfp/GEOSFP.20190701.A3mstC.025x03125.nc,876229026,234893312,131072,28,129069056,window,random,random,33,0,0,0
63,1,2022239,geosfp/GEOSFP.20190701.A3mstC.025x03125.nc,876229026,34779136,131072,4,-200245248,window,random,random,33,0,0,0
64,1,2022239,geosfp/GEOSFP.20190701.A3mstC.025x03125.nc,876229026,321773568,131072,38,286863360,window,random,random,33,0,0,0
65,1,2022239,geosfp/GEOSFP.20190701.A3mstC.025x03125.nc,876229026,396357632,131072,47,74452992,window,random,random,33,0,0,0
66,1,2022239,geosfp/GEOSFP.20190701.A3mstC.025x03125.nc,876229026,102445056,131072,12,-294043648,window,random,random,33,0,0,0
67,1,2022239,geosfp/GEOSFP.20190701.A3mstC.025x03125.nc,876229026,602185728,131072,71,499609600,window,random,random,33,0,0,0
68,1,2022239,geosfp/GEOSFP.20190701.A3mstC.025x03125.nc,876229026,327200768,131072,39,-275116032,window,random,random,33,0,0,0
69,1,2022239,geosfp/GEOSFP.20190701.A3mstC.025x03125.nc,876229026,124289024,131072,14,-203042816,window,random,random,33,0,0,0
70,1,2022239,geosfp/GEOSFP.20190701.A3mstC.025x03125.nc,876229026,780881920,131072,93,656461824,window,random,random,33,0,0,0
71,1,2022239,geosfp/GEOSFP.20190701.A3mstC.025x03125.nc,876229026,516304896,131072,61,-264708096,window,random,random,33,0,0,0
72,1,2022239,geosfp/GEOSFP.20190701.A3mstC.025x03125.nc,876229026,389611520,131072,46,-126824448,window,random,random,33,0,0,0
73,1,2022239,geosfp/GEOSFP.20190701.A3mstC.025x03125.nc,876229026,520400896,131072,62,130658304,window,random,random,33,0,0,0
74,1,2022239,geosfp/GEOSFP.20190701.A3mstC.025x03125.nc,876229026,691220480,131072,82,170688512,window,random,random,33,0,0,0
75,1,2022239,geosfp/GEOSFP.20190701.A3mstC.025x03125.nc,876229026,345645056,131072,41,-345706496,window,random,random,33,0,0,0
76,1,2022239,geosfp/GEOSFP.20190701.A3mstC.025x03125.nc,876229026,291139584,131072,34,-54636544,window,random,random,33,0,0,0
77,1,2022239,geosfp/GEOSFP.20190701.A3mstC.025x03125.nc,876229026,868843520,131072,103,577572864,window,random,random,33,0,0,0
78,1,2022239,geosfp/GEOSFP.20190701.A3mstC.025x03125.nc,876229026,453128192,131072,54,-415846400,window,random,random,33,0,0,0
79,1,2022239,geosfp/GEOSFP.20190701.A3mstC.025x03125.nc,876229026,246472704,131072,29,-206786560,window,random,random,33,0,0,0
80,1,2022239,geosfp/GEOSFP.20190701.A3mstC.025x03125.nc,876229026,859525120,131072,102,612921344,window,random,random,33,0,0,0
81,1,2022239,geosfp/GEOSFP.20190701.A3mstC.025x03125.nc,876229026,263999488,131072,31,-595656704,window,random,random,33,0,0,0
82,1,2022239,geosfp/GEOSFP.20190701.A3mstC.025x03125.nc,876229026,470519808,131072,56,206389248,window,random,random,33,0,0,0
83,1,2022239,geosfp/GEOSFP.20190701.A3mstC.025x03125.nc,876229026,569401344,131072,67,98750464,window,random,random,33,0,0,0
84,1,2022239,geosfp/GEOSFP.20190701.A3mstC.025x03125.nc,876229026,738873344,131072,88,169340928,window,random,random,33,0,0,0
85,1,2022239,geosfp/GEOSFP.20190701.A3mstC.025x03125.nc,876229026,257277952,131072,30,-481726464,window,random,random,33,0,0,0
86,1,2022239,geosfp/GEOSFP.20190701.A3mstC.025x03125.nc,876229026,83476480,131072,9,-173932544,window,random,random,33,0,0,0
87,1,2022239,geosfp/GEOSFP.20190701.A3mstC.025x03125.nc,876229026,159170560,131072,18,75563008,window,random,random,33,0,0,0
88,1,2022239,geosfp/GEOSFP.20190701.A3mstC.025x03125.nc,876229026,747773952,131072,89,588472320,window,random,random,33,0,0,0
89,1,2022239,geosfp/GEOSFP.20190701.A3mstC.025x03125.nc,876229026,308486144,131072,36,-439418880,window,random,random,33,0,0,0
90,1,2022239,geosfp/GEOSFP.20190701.A3mstC.025x03125.nc,876229026,427405312,131072,50,118788096,window,random,random,33,0,0,0
91,1,2022239,geosfp/GEOSFP.20190701.A3mstC.025x03125.nc,876229026,497213440,131072,59,69677056,window,random,random,33,0,0,0
92,1,2022239,geosfp/GEOSFP.20190701.A3mstC.025x03125.nc,876229026,86245376,106496,10,-411099136,window,random,random,33,0,0,0
93,1,2022239,geosfp/GEOSFP.20190701.A3mstC.025x03125.nc,876229026,95813632,131072,11,9461760,window,random,random,33,0,0,0
94,1,2022239,geosfp/GEOSFP.20190701.A3mstC.025x03125.nc,876229026,471814144,131072,56,375869440,window,random,random,33,0,0,0
95,1,2022239,geosfp/GEOSFP.20190701.A3mstC.025x03125.nc,876229026,626364416,131072,74,154419200,window,random,random,33,0,0,0
96,1,2022239,geosfp/GEOSFP.20190701.A3mstC.025x03125.nc,876229026,157741056,131072,18,-468754432,window,random,random,33,0,0,0
97,1,2022239,geosfp/GEOSFP.20190701.A3mstC.025x03125.nc,876229026,533168128,131072,63,375296000,window,random,random,33,0,0,0
98,1,2022239,geosfp/GEOSFP.20190701.A3mstC.025x03125.nc,876229026,228618240,131072,27,-304680960,window,random,random,33,0,0,0
99,1,2022239,geosfp/GEOSFP.20190701.A3mstC.025x03125.nc,876229026,765222912,131072,91,536473600,window,random,random,33,0,0,0
100,1,2022239,geosfp/GEOSFP.20190701.A3mstC.025x03125.nc,876229026,341024768,131072,40,-424329216,window,random,random,33,0,0,0
101,1,2022239,geosfp/GEOSFP.20190701.A3mstC.025x03125.nc,876229026,200515584,131072,23,-140640256,window,random,random,33,0,0,0
102,1,2022239,geosfp/GEOSFP.20190701.A3mstC.025x03125.nc,876229026,445906944,131072,53,245260288,window,random,random,33,0,0,0
103,1,2022239,geosfp/GEOSFP.20190701.A3mstC.025x03125.nc,876229026,116494336,131072,13,-329543680,window,random,random,33,0,0,0
104,1,2022239,geosfp/GEOSFP.20190701.A3mstC.025x03125.nc,876229026,293269504,131072,34,176644096,window,random,random,33,0,0,0
105,1,2022239,geosfp/GEOSFP.20190701.A3mstC.025x03125.nc,876229026,575455232,131072,68,282054656,window,random,random,33,0,0,0
106,1,2022239,geosfp/GEOSFP.20190701.A3mstC.025x03125.nc,876229026,342200320,131072,40,-233385984,window,random,random,33,0,0,0
107,1,2022239,geosfp/GEOSFP.20190701.A3mstC.025x03125.nc,876229026,349569024,131072,41,7237632,window,random,random,33,0,0,0
108,1,2022239,geosfp/GEOSFP.20190701.A3mstC.025x03125.nc,876229026,286904320,131072,34,-62795776,window,random,random,33,0,0,0
109,1,2022239,geosfp/GEOSFP.20190701.A3mstC.025x03125.nc,876229026,114016256,131072,13,-173019136,window,random,random,33,0,0,0
110,1,2022239,geosfp/GEOSFP.20190701.A3mstC.025x03125.nc,876229026,212496384,131072,25,98349056,window,random,random,33,0,0,0
111,1,2022239,geosfp/GEOSFP.20190701.A3mstC.025x03125.nc,876229026,134668288,131072,16,-77959168,window,random,random,33,0,0,0
112,1,2022239,geosfp/GEOSFP.20190701.A3mstC.025x03125.nc,876229026,518111232,131072,61,383311872,window,random,random,33,0,0,0
113,1,2022239,geosfp/GEOSFP.20190701.A3mstC.025x03125.nc,876229026,436637696,131072,52,-81604608,window,random,random,33,0,0,0
114,1,2022239,geosfp/GEOSFP.20190701.A3mstC.025x03125.nc,876229026,448487424,131072,53,11718656,window,random,random,33,0,0,0
115,1,2022239,geosfp/GEOSFP.20190701.A3mstC.025x03125.nc,876229026,340541440,131072,40,-108077056,window,random,random,33,0,0,0
116,1,2022239,geosfp/GEOSFP.20190701.A3mstC.025x03125.nc,876229026,610738176,131072,72,270065664,window,random,random,33,0,0,0
117,1,2022239,geosfp/GEOSFP.20190701.A3mstC.025x03125.nc,876229026,97234944,131072,11,-513634304,window,random,random,33,0,0,0
118,1,2022239,geosfp/GEOSFP.20190701.A3mstC.025x03125.nc,876229026,591892480,131072,70,494526464,window,random,random,33,0,0,0
119,1,2022239,geosfp/GEOSFP.20190701.A3mstC.025x03125.nc,876229026,560705536,131072,66,-31318016,window,random,random,33,0,0,0
120,1,2022239,geosfp/GEOSFP.20190701.A3mstC.025x03125.nc,876229026,380837888,131072,45,-179998720,window,random,random,33,0,0,0
121,1,2022239,geosfp/GEOSFP.20190701.A3mstC.025x03125.nc,876229026,371539968,131072,44,-9428992,window,random,random,33,0,0,0
122,1,2022239,geosfp/GEOSFP.20190701.A3mstC.025x03125.nc,876229026,295358464,131072,35,-76312576,window,random,random,33,0,0,0
123,1,2022239,geosfp/GEOSFP.20190701.A3mstC.025x03125.nc,876229026,472215552,131072,56,176726016,window,random,random,33,0,0,0
124,1,2022239,geosfp/GEOSFP.20190701.A3mstC.025x03125.nc,876229026,644030464,131072,76,171683840,window,random,random,33,0,0,0
125,1,2022239,geosfp/GEOSFP.20190701.A3mstC.025x03125.nc,876229026,413028352,131072,49,-231133184,window,random,random,33,0,0,0
126,1,2022239,geosfp/GEOSFP.20190701.A3mstC.025x03125.nc,876229026,824033280,131072,98,410873856,window,random,random,33,0,0,0
127,1,2022239,geosfp/GEOSFP.20190701.A3mstC.025x03125.nc,876229026,140189696,131072,16,-683974656,window,random,random,33,0,0,0
128,1,2022239,geosfp/GEOSFP.20190701.A3mstC.025x03125.nc,876229026,701980672,131072,83,561659904,window,random,random,33,0,0,0
129,1,2022239,geosfp/GEOSFP.20190701.A3mstC.025x03125.nc,876229026,48758784,131072,5,-653352960,window,random,random,33,0,0,0
130,1,2022239,geosfp/GEOSFP.20190701.A3mstC.025x03125.nc,876229026,534695936,131072,63,485806080,window,random,random,33,0,0,0
131,1,2022239,geosfp/GEOSFP.20190701.A3mstC.025x03125.nc,876229026,687820800,131072,81,152993792,window,random,random,33,0,0,0
132,1,2022239,geosfp/GEOSFP.20190701.A3mstC.025x03125.nc,876229026,46071808,131072,5,-641880064,window,random,random,33,0,0,0
133,1,2022239,geosfp/GEOSFP.20190701.A3mstC.025x03125.nc,876229026,16744448,131072,1,-29458432,window,random,random,33,0,0,0
134,1,2022239,geosfp/GEOSFP.20190701.A3mstC.025x03125.nc,876229026,689389568,131072,82,672514048,window,random,random,33,0,0,0
135,1,2022239,geosfp/GEOSFP.20190701.A3mstC.025x03125.nc,876229026,175992832,131072,20,-513527808,window,random,random,33,0,0,0
136,1,2022239,geosfp/GEOSFP.20190701.A3mstC.025x03125.nc,876229026,1626112,131072,0,-174497792,window,random,random,33,0,0,0
137,1,2022239,geosfp/GEOSFP.20190701.A3mstC.025x03125.nc,876229026,226983936,131072,27,225226752,window,random,random,33,0,0,0
138,1,2022239,geosfp/GEOSFP.20190701.A3mstC.025x03125.nc,876229026,304291840,131072,36,77176832,window,random,random,33,0,0,0
139,1,2022239,geosfp/GEOSFP.20190701.A3mstC.025x03125.nc,876229026,670732288,131072,79,366309376,window,random,random,33,0,0,0
140,1,2022239,geosfp/GEOSFP.20190701.A3mstC.025x03125.nc,876229026,344354816,131072,41,-326508544,window,random,random,33,0,0,0
141,1,2022239,geosfp/GEOSFP.20190701.A3mstC.025x03125.nc,876229026,557465600,131072,66,212979712,window,random,random,33,0,0,0
142,1,2022239,geosfp/GEOSFP.20190701.A3mstC.025x03125.nc,876229026,744734720,131072,88,187138048,window,random,random,33,0,0,0
143,1,2022239,geosfp/GEOSFP.20190701.A3mstC.025x03125.nc,876229026,618553344,131072,73,-126312448,window,random,random,33,0,0,0
144,1,2022239,geosfp/GEOSFP.20190701.A3mstC.025x03125.nc,876229026,298373120,131072,35,-320311296,window,random,random,33,0,0,0
145,1,2022239,geosfp/GEOSFP.20190701.A3mstC.025x03125.nc,876229026,429170688,131072,51,130666496,window,random,random,33,0,0,0
146,1,2022239,geosfp/GEOSFP.20190701.A3mstC.025x03125.nc,876229026,239226880,131072,28,-190074880,window,random,random,33,0,0,0
147,1,2022239,geosfp/GEOSFP.20190701.A3mstC.025x03125.nc,876229026,711299072,131072,84,471941120,window,random,random,33,0,0,0
148,1,2022239,geosfp/GEOSFP.20190701.A3mstC.025x03125.nc,876229026,268640256,131072,32,-442789888,window,random,random,33,0,0,0
149,1,2022239,geosfp/GEOSFP.20190701.A3mstC.025x03125.nc,876229026,704729088,131072,84,435957760,window,random,random,33,0,0,0
150,1,2022239,geosfp/GEOSFP.20190701.A3mstC.025x03125.nc,876229026,355090432,131072,42,-349769728,window,random,random,33,0,0,0
151,1,2022239,geosfp/GEOSFP.20190701.A3mstC.025x03125.nc,876229026,103800832,131072,12,-251420672,window,random,random,33,0,0,0
152,1,2022239,geosfp/GEOSFP.20190701.A3mstC.025x03125.nc,876229026,654077952,131072,77,550146048,window,random,random,33,0,0,0
153,1,2022239,geosfp/GEOSFP.20190701.A3mstC.025x03125.nc,876229026,260132864,131072,31,-394076160,window,random,random,33,0,0,0
154,1,2022239,geosfp/GEOSFP.20190701.A3mstC.025x03125.nc,876229026,791482368,131072,94,531218432,window,random,random,33,0,0,0
155,1,2022239,geosfp/GEOSFP.20190701.A3mstC.025x03125.nc,876229026,98807808,131072,11,-692805632,window,random,random,33,0,0,0
156,1,2022239,geosfp/GEOSFP.20190701.A3mstC.025x03125.nc,876229026,847872000,131072,101,748933120,window,random,random,33,0,0,0
157,1,2022239,geosfp/GEOSFP.20190701.A3mstC.025x03125.nc,876229026,335757312,131072,40,-512245760,window,random,random,33,0,0,0
158,1,2022239,geosfp/GEOSFP.20190701.A3mstC.025x03125.nc,876229026,313081856,131072,37,-22806528,window,random,random,33,0,0,0
159,1,2022239,geosfp/GEOSFP.20190701.A3mstC.025x03125.nc,876229026,854470656,131072,101,541257728,window,random,random,33,0,0,0
160,1,2022239,geosfp/GEOSFP.20190701.A3mstC.025x03125.nc,876229026,628740096,131072,74,-225861632,window,random,random,33,0,0,0
161,1,2022239,geosfp/GEOSFP.20190701.A3mstC.025x03125.nc,876229026,742432768,131072,88,113561600,window,random,random,33,0,0,0
162,1,2022239,geosfp/GEOSFP.20190701.A3mstC.025x03125.nc,876229026,157540352,131072,18,-585023488,window,random,random,33,0,0,0
163,1,2022239,geosfp/GEOSFP.20190701.A3mstC.025x03125.nc,876229026,242520064,131072,28,84848640,window,random,random,33,0,0,0
164,1,2022239,geosfp/GEOSFP.20190701.A3mstC.025x03125.nc,876229026,392744960,131072,46,150093824,window,random,random,33,0,0,0
165,1,2022239,geosfp/GEOSFP.20190701.A3mstC.025x03125.nc,876229026,278659072,131072,33,-114216960,window,random,random,33,0,0,0
166,1,2022239,geosfp/GEOSFP.20190701.A3mstC.025x03125.nc,876229026,543490048,131072,64,264699904,window,random,random,33,0,0,0
167,1,2022239,geosfp/GEOSFP.20190701.A3mstC.025x03125.nc,876229026,83087360,131072,9,-460533760,window,random,random,33,0,0,0
168,1,2022239,geosfp/GEOSFP.20190701.A3mstC.025x03125.nc,876229026,490762240,131072,58,407543808,window,random,random,33,0,0,0
169,1,2022239,geosfp/GEOSFP.20190701.A3mstC.025x03125.nc,876229026,714063872,131072,85,223170560,window,random,random,33,0,0,0
170,1,2022239,geosfp/GEOSFP.20190701.A3mstC.025x03125.nc,876229026,754937856,131072,89,40742912,window,random,random,33,0,0,0
171,1,2022239,geosfp/GEOSFP.20190701.A3mstC.025x03125.nc,876229026,229666816,131072,27,-525402112,window,random,random,33,0,0,0
172,1,2022239,geosfp/GEOSFP.20190701.A3mstC.025x03125.nc,876229026,338444288,131072,40,108646400,window,random,random,33,0,0,0
173,1,2022239,geosfp/GEOSFP.20190701.A3mstC.025x03125.nc,876229026,618803200,131072,73,280227840,window,random,random,33,0,0,0
174,1,2022239,geosfp/GEOSFP.20190701.A3mstC.025x03125.nc,876229026,712093696,131072,84,93159424,window,random,random,33,0,0,0
175,1,2022239,geosfp/GEOSFP.20190701.A3mstC.025x03125.nc,876229026,539725824,131072,64,-172498944,window,random,random,33,0,0,0
176,1,2022239,geosfp/GEOSFP.20190701.A3mstC.025x03125.nc,876229026,59252736,131072,7,-480604160,window,random,random,33,0,0,0
177,1,2022239,geosfp/GEOSFP.20190701.A3mstC.025x03125.nc,876229026,64458752,131072,7,5074944,window,random,random,33,0,0,0
178,1,2022239,geosfp/GEOSFP.20190701.A3mstC.025x03125.nc,876229026,425889792,131072,50,361299968,window,random,random,33,0,0,0
179,1,2022239,geosfp/GEOSFP.20190701.A3mstC.025x03125.nc,876229026,18767872,131072,2,-407252992,window,random,random,33,0,0,0
180,1,2022239,geosfp/GEOSFP.20190701.A3mstC.025x03125.nc,876229026,491880448,131072,58,472981504,window,random,random,33,0,0,0
181,1,2022239,geosfp/GEOSFP.20190701.A3mstC.025x03125.nc,876229026,17440768,131072,2,-474570752,window,random,random,33,0,0,0
182,1,2022239,geosfp/GEOSFP.20190701.A3mstC.025x03125.nc,876229026,331464704,131072,39,313892864,window,random,random,33,0,0,0
183,1,2022239,geosfp/GEOSFP.20190701.A3mstC.025x03125.nc,876229026,375443456,131072,44,43847680,window,random,random,33,0,0,0
184,1,2022239,geosfp/GEOSFP.20190701.A3mstC.025x03125.nc,876229026,317493248,131072,37,-58081280,window,random,random,33,0,0,0
185,1,2022239,geosfp/GEOSFP.20190701.A3mstC.025x03125.nc,876229026,664195072,131072,79,346570752,window,random,random,33,0,0,0
186,1,2022239,geosfp/GEOSFP.20190701.A3mstC.025x03125.nc,876229026,640077824,131072,76,-24248320,window,random,random,33,0,0,0
187,1,2022239,geosfp/GEOSFP.20190701.A3mstC.025x03125.nc,876229026,460275712,131072,54,-179933184,window,random,random,33,0,0,0
188,1,2022239,geosfp/GEOSFP.20190701.A3mstC.025x03125.nc,876229026,648998912,131072,77,188592128,window,random,random,33,0,0,0
189,1,2022239,geosfp/GEOSFP.20190701.A3mstC.025x03125.nc,876229026,371699712,131072,44,-277430272,window,random,random,33,0,0,0
190,1,2022239,geosfp/GEOSFP.20190701.A3mstC.025x03125.nc,876229026,585375744,131072,69,213544960,window,random,random,33,0,0,0
191,1,2022239,geosfp/GEOSFP.20190701.A3mstC.025x03125.nc,876229026,744865792,77824,88,159358976,window,random,random,33,0,0,0
192,1,2022239,geosfp/GEOSFP.20190701.A3mstC.025x03125.nc,876229026,129699840,131072,15,-615243776,window,random,random,33,0,0,0
193,1,2022239,geosfp/GEOSFP.20190701.A3mstC.025x03125.nc,876229026,44810240,131072,5,-85020672,window,random,random,33,0,0,0
194,1,2022239,geosfp/GEOSFP.20190701.A3mstC.025x03125.nc,876229026,599457792,131072,71,554516480,window,random,random,33,0,0,0
195,1,2022239,geosfp/GEOSFP.20190701.A3mstC.025x03125.nc,876229026,537378816,131072,64,-62210048,window,random,random,33,0,0,0
196,1,2022239,geosfp/GEOSFP.20190701.A3mstC.025x03125.nc,876229026,139329536,131072,16,-398180352,window,random,random,33,0,0,0
197,1,2022239,geosfp/GEOSFP.20190701.A3mstC.025x03125.nc,876229026,376004608,131072,44,236544000,window,random,random,33,0,0,0
198,1,2022239,geosfp/GEOSFP.20190701.A3mstC.025x03125.nc,876229026,320667648,131072,38,-55468032,window,random,random,33,0,0,0
199,1,2022239,geosfp/GEOSFP.20190701.A3mstC.025x03125.nc,876229026,460460032,131072,54,139661312,window,random,random,33,0,0,0
200,1,2022239,geosfp/GEOSFP.20190701.A3mstC.025x03125.nc,876229026,385257472,131072,45,-75333632,window,random,random,33,0,0,0
201,1,2022239,geosfp/GEOSFP.20190701.A3mstC.025x03125.nc,876229026,70955008,131072,8,-314433536,window,random,random,33,0,0,0
202,1,2022239,geosfp/GEOSFP.20190701.A3mstC.025x03125.nc,876229026,239562752,131072,28,168476672,window,random,random,33,0,0,0
203,1,2022239,geosfp/GEOSFP.20190701.A3mstC.025x03125.nc,876229026,433553408,131072,51,193859584,window,random,random,33,0,0,0
204,1,2022239,geosfp/GEOSFP.20190701.A3mstC.025x03125.nc,876229026,326815744,131072,38,-106868736,window,random,random,33,0,0,0
205,1,2022239,geosfp/GEOSFP.20190701.A3mstC.025x03125.nc,876229026,748597248,131072,89,421650432,window,random,random,33,0,0,0
206,1,2022239,geosfp/GEOSFP.20190701.A3mstC.025x03125.nc,876229026,292585472,131072,34,-456142848,window,random,random,33,0,0,0
207,1,2022239,geosfp/GEOSFP.20190701.A3mstC.025x03125.nc,876229026,257675264,131072,30,-35041280,window,random,random,33,0,0,0
208,1,2022239,geosfp/GEOSFP.20190701.A3mstC.025x03125.nc,876229026,532819968,131072,63,275013632,window,random,random,33,0,0,0
209,1,2022239,geosfp/GEOSFP.20190701.A3mstC.025x03125.nc,876229026,249417728,131072,29,-283533312,window,random,random,33,0,0,0
210,1,2022239,geosfp/GEOSFP.20190701.A3mstC.025x03125.nc,876229026,191877120,131072,22,-57671680,window,random,random,33,0,0,0
211,1,2022239,geosfp/GEOSFP.20190701.A3mstC.025x03125.nc,876229026,215003136,131072,25,22994944,window,random,random,33,0,0,0
212,1,2022239,geosfp/GEOSFP.20190701.A3mstC.025x03125.nc,876229026,100392960,131072,11,-114741248,window,random,random,33,0,0,0
213,1,2022239,geosfp/GEOSFP.20190701.A3mstC.025x03125.nc,876229026,675229696,131072,80,574705664,window,random,random,33,0,0,0
214,1,2022239,geosfp/GEOSFP.20190701.A3mstC.025x03125.nc,876229026,825655296,131072,98,150294528,window,random,random,33,0,0,0
215,1,2022239,geosfp/GEOSFP.20190701.A3mstC.025x03125.nc,876229026,472608768,131072,56,-353177600,window,random,random,33,0,0,0
216,1,2022239,geosfp/GEOSFP.20190701.A3mstC.025x03125.nc,876229026,539602944,122880,64,66863104,window,random,random,33,0,0,0
217,1,2022239,geosfp/GEOSFP.20190701.A3mstC.025x03125.nc,876229026,684249088,131072,81,144523264,window,random,random,33,0,0,0
218,1,2022239,geosfp/GEOSFP.20190701.A3mstC.025x03125.nc,876229026,204038144,131072,24,-480342016,window,random,random,33,0,0,0
219,1,2022239,geosfp/GEOSFP.20190701.A3mstC.025x03125.nc,876229026,188424192,131072,22,-15745024,window,random,random,33,0,0,0
220,1,2022239,geosfp/GEOSFP.20190701.A3mstC.025x03125.nc,876229026,33898496,131072,4,-154656768,window,random,random,33,0,0,0
221,1,2022239,geosfp/GEOSFP.20190701.A3mstC.025x03125.nc,876229026,459501568,131072,54,425472000,window,random,random,33,0,0,0
222,1,2022239,geosfp/GEOSFP.20190701.A3mstC.025x03125.nc,876229026,841723904,131072,100,382091264,window,random,random,33,0,0,0
223,1,2022239,geosfp/GEOSFP.20190701.A3mstC.025x03125.nc,876229026,129937408,131072,15,-711917568,window,random,random,33,0,0,0
224,1,2022239,geosfp/GEOSFP.20190701.A3mstC.025x03125.nc,876229026,37056512,131072,4,-93011968,window,random,random,33,0,0,0
225,1,2022239,geosfp/GEOSFP.20190701.A3mstC.025x03125.nc,876229026,469815296,131072,56,432627712,window,random,random,33,0,0,0
226,1,2022239,geosfp/GEOSFP.20190701.A3mstC.025x03125.nc,876229026,116002816,131072,13,-353943552,window,random,random,33,0,0,0
227,1,2022239,geosfp/GEOSFP.20190701.A3mstC.025x03125.nc,876229026,855437312,131072,101,739303424,window,random,random,33,0,0,0
228,1,2022239,geosfp/GEOSFP.20190701.A3mstC.025x03125.nc,876229026,724705280,131072,86,-130863104,window,random,random,33,0,0,0
229,1,2022239,geosfp/GEOSFP.20190701.A3mstC.025x03125.nc,876229026,639299584,131072,76,-85536768,window,random,random,33,0,0,0
230,1,2022239,geosfp/GEOSFP.20190701.A3mstC.025x03125.nc,876229026,300699648,131072,35,-338731008,window,random,random,33,0,0,0
231,1,2022239,geosfp/GEOSFP.20190701.A3mstC.025x03125.nc,876229026,337608704,131072,40,36777984,window,random,random,33,0,0,0
232,1,2022239,geosfp/GEOSFP.20190701.A3mstC.025x03125.nc,876229026,640208896,98304,76,302469120,window,random,random,33,0,0,0
233,1,2022239,geosfp/GEOSFP.20190701.A3mstC.025x03125.nc,876229026,649404416,131072,77,9097216,window,random,random,33,0,0,0
234,1,2022239,geosfp/GEOSFP.20190701.A3mstC.025x03125.nc,876229026,650162176,131072,77,626688,window,random,random,33,0,0,0
235,1,2022239,geosfp/GEOSFP.20190701.A3mstC.025x03125.nc,876229026,798101504,131072,95,147808256,window,random,random,33,0,0,0
236,1,2022239,geosfp/GEOSFP.20190701.A3mstC.025x03125.nc,876229026,856236032,131072,102,58003456,window,random,random,33,0,0,0
237,1,2022239,geosfp/GEOSFP.20190701.A3mstC.025x03125.nc,876229026,495558656,131072,59,-360808448,window,random,random,33,0,0,0
238,1,2022239,geosfp/GEOSFP.20190701.A3mstC.025x03125.nc,876229026,724951040,131072,86,229261312,window,random,random,33,0,0,0
239,1,2022239,geosfp/GEOSFP.20190701.A3mstC.025x03125.nc,876229026,320798720,122880,38,-404283392,window,random,random,33,0,0,0
240,1,2022239,geosfp/GEOSFP.20190701.A3mstC.025x03125.nc,876229026,171147264,131072,20,-149774336,window,random,random,33,0,0,0
241,1,2022239,geosfp/GEOSFP.20190701.A3mstC.025x03125.nc,876229026,133509120,131072,15,-37769216,window,random,random,33,0,0,0
242,1,2022239,geosfp/GEOSFP.20190701.A3mstC.025x03125.nc,876229026,324550656,131072,38,190910464,window,random,random,33,0,0,0
243,1,2022239,geosfp/GEOSFP.20190701.A3mstC.025x03125.nc,876229026,637308928,131072,75,312627200,window,random,random,33,0,0,0
244,1,2022239,geosfp/GEOSFP.20190701.A3mstC.025x03125.nc,876229026,487227392,131072,58,-150212608,window,random,random,33,0,0,0
245,1,2022239,geosfp/GEOSFP.20190701.A3mstC.025x03125.nc,876229026,628199424,131072,74,140840960,window,random,random,33,0,0,0
246,1,2022239,geosfp/GEOSFP.20190701.A3mstC.025x03125.nc,876229026,797888512,131072,95,169558016,window,random,random,33,0,0,0
247,1,2022239,geosfp/GEOSFP.20190701.A3mstC.025x03125.nc,876229026,694820864,131072,82,-103198720,window,random,random,33,0,0,0
248,1,2022239,geosfp/GEOSFP.20190701.A3mstC.025x03125.nc,876229026,710352896,131072,84,15400960,window,random,random,33,0,0,0
249,1,2022239,geosfp/GEOSFP.20190701.A3mstC.025x03125.nc,876229026,269774848,131072,32,-440709120,window,random,random,33,0,0,0
250,1,2022239,geosfp/GEOSFP.20190701.A3mstC.025x03125.nc,876229026,707878912,131072,84,437972992,window,random,random,33,0,0,0
251,1,2022239,geosfp/GEOSFP.20190701.A3mstC.025x03125.nc,876229026,234639360,131072,27,-473370624,window,random,random,33,0,0,0
252,1,2022239,geosfp/GEOSFP.20190701.A3mstC.025x03125.nc,876229026,522027008,131072,62,287256576,window,random,random,33,0,0,0
253,1,2022239,geosfp/GEOSFP.20190701.A3mstC.025x03125.nc,876229026,146219008,131072,17,-375939072,window,random,random,33,0,0,0
254,1,2022239,geosfp/GEOSFP.20190701.A3mstC.025x03125.nc,876229026,796815360,131072,94,650465280,window,random,random,33,0,0,0
255,1,2022239,geosfp/GEOSFP.20190701.A3mstC.025x03125.nc,876229026,435359744,131072,51,-361586688,window,random,random,33,0,0,0
256,1,2022239,geosfp/GEOSFP.20190701.A3mstC.025x03125.nc,876229026,659849216,131072,78,224358400,window,random,random,33,0,0,0
257,1,2022239,geosfp/GEOSFP.20190701.A3mstC.025x03125.nc,876229026,210419712,131072,25,-449560576,window,random,random,33,0,0,0
258,1,2022239,geosfp/GEOSFP.20190701.A3mstC.025x03125.nc,876229026,289988608,131072,34,79437824,window,random,random,33,0,0,0
259,1,2022239,geosfp/GEOSFP.20190701.A3mstC.025x03125.nc,876229026,658432000,131072,78,368312320,window,random,random,33,0,0,0
260,1,2022239,geosfp/GEOSFP.20190701.A3mstC.025x03125.nc,876229026,18898944,65536,2,-639664128,window,random,random,33,0,0,0
261,1,2022239,geosfp/GEOSFP.20190701.A3mstC.025x03125.nc,876229026,454463488,131072,54,435499008,window,random,random,33,0,0,0
262,1,2022239,geosfp/GEOSFP.20190701.A3mstC.025x03125.nc,876229026,516775936,131072,61,62181376,window,random,random,33,0,0,0
263,1,2022239,geosfp/GEOSFP.20190701.A3mstC.025x03125.nc,876229026,838492160,131072,99,321585152,window,random,random,33,0,0,0
264,1,2022239,geosfp/GEOSFP.20190701.A3mstC.025x03125.nc,876229026,724045824,131072,86,-114577408,window,random,random,33,0,0,0
265,1,2022239,geosfp/GEOSFP.20190701.A3mstC.025x03125.nc,876229026,754397184,131072,89,30220288,window,random,random,33,0,0,0
266,1,2022239,geosfp/GEOSFP.20190701.A3mstC.025x03125.nc,876229026,809324544,131072,96,54796288,window,random,random,33,0,0,0
267,1,2022239,geosfp/GEOSFP.20190701.A3mstC.025x03125.nc,876229026,353116160,131072,42,-456339456,window,random,random,33,0,0,0
268,1,2022239,geosfp/GEOSFP.20190701.A3mstC.025x03125.nc,876229026,810962944,131072,96,457715712,window,random,random,33,0,0,0
269,1,2022239,geosfp/GEOSFP.20190701.A3mstC.025x03125.nc,876229026,36720640,131072,4,-774373376,window,random,random,33,0,0,0
270,1,2022239,geosfp/GEOSFP.20190701.A3mstC.025x03125.nc,876229026,421511168,131072,50,384659456,window,random,random,33,0,0,0
271,1,2022239,geosfp/GEOSFP.20190701.A3mstC.025x03125.nc,876229026,627773440,131072,74,206131200,window,random,random,33,0,0,0
272,1,2022239,geosfp/GEOSFP.20190701.A3mstC.025x03125.nc,876229026,28352512,131072,3,-599552000,window,random,random,33,0,0,0
273,1,2022239,geosfp/GEOSFP.20190701.A3mstC.025x03125.nc,876229026,750157824,131072,89,721674240,window,random,random,33,0,0,0
274,1,2022239,geosfp/GEOSFP.20190701.A3mstC.025x03125.nc,876229026,665223168,131072,79,-85065728,window,random,random,33,0,0,0
275,1,2022239,geosfp/GEOSFP.20190701.A3mstC.025x03125.nc,876229026,532226048,131072,63,-133128192,window,random,random,33,0,0,0
276,1,2022239,geosfp/GEOSFP.20190701.A3mstC.025x03125.nc,876229026,286621696,131072,34,-245735424,window,random,random,33,0,0,0
277,1,2022239,geosfp/GEOSFP.20190701.A3mstC.025x03125.nc,876229026,195055616,131072,23,-91697152,window,random,random,33,0,0,0
278,1,2022239,geosfp/GEOSFP.20190701.A3mstC.025x03125.nc,876229026,321519616,131072,38,126332928,window,random,random,33,0,0,0
279,1,2022239,geosfp/GEOSFP.20190701.A3mstC.025x03125.nc,876229026,646119424,131072,77,324468736,window,random,random,33,0,0,0
280,1,2022239,geosfp/GEOSFP.20190701.A3mstC.025x03125.nc,876229026,538906624,131072,64,-107343872,window,random,random,33,0,0,0
281,1,2022239,geosfp/GEOSFP.20190701.A3mstC.025x03125.nc,876229026,129114112,131072,15,-409923584,window,random,random,33,0,0,0
282,1,2022239,geosfp/GEOSFP.20190701.A3mstC.025x03125.nc,876229026,232341504,131072,27,103096320,window,random,random,33,0,0,0
283,1,2022239,geosfp/GEOSFP.20190701.A3mstC.025x03125.nc,876229026,193708032,131072,23,-38764544,window,random,random,33,0,0,0
284,1,2022239,geosfp/GEOSFP.20190701.A3mstC.025x03125.nc,876229026,361050112,131072,43,167211008,window,random,random,33,0,0,0
285,1,2022239,geosfp/GEOSFP.20190701.A3mstC.025x03125.nc,876229026,368472064,131072,43,7290880,window,random,random,33,0,0,0
286,1,2022239,geosfp/GEOSFP.20190701.A3mstC.025x03125.nc,876229026,799399936,131072,95,430796800,window,random,random,33,0,0,0
287,1,2022239,geosfp/GEOSFP.20190701.A3mstC.025x03125.nc,876229026,799760384,131072,95,229376,window,random,random,33,0,0,0
288,1,2022239,geosfp/GEOSFP.20190701.A3mstC.025x03125.nc,876229026,282206208,131072,33,-517685248,window,random,random,33,0,0,0
289,1,2022239,geosfp/GEOSFP.20190701.A3mstC.025x03125.nc,876229026,868655104,131072,103,586317824,window,random,random,33,0,0,0
290,1,2022239,geosfp/GEOSFP.20190701.A3mstC.025x03125.nc,876229026,176123904,110592,20,-692662272,window,random,random,33,0,0,0
291,1,2022239,geosfp/GEOSFP.20190701.A3mstC.025x03125.nc,876229026,18288640,131072,2,-157945856,window,random,random,33,0,0,0
292,1,2022239,geosfp/GEOSFP.20190701.A3mstC.025x03125.nc,876229026,499331072,131072,59,480911360,window,random,random,33,0,0,0
293,1,2022239,geosfp/GEOSFP.20190701.A3mstC.025x03125.nc,876229026,445591552,131072,53,-53870592,window,random,random,33,0,0,0
294,1,2022239,geosfp/GEOSFP.20190701.A3mstC.025x03125.nc,876229026,812253184,131072,96,366530560,window,random,random,33,0,0,0
295,1,2022239,geosfp/GEOSFP.20190701.A3mstC.025x03125.nc,876229026,561831936,131072,66,-250552320,window,random,random,33,0,0,0
296,1,2022239,geosfp/GEOSFP.20190701.A3mstC.025x03125.nc,876229026,101261312,131072,12,-460701696,window,random,random,33,0,0,0
297,1,2022239,geosfp/GEOSFP.20190701.A3mstC.025x03125.nc,876229026,667914240,131072,79,566521856,window,random,random,33,0,0,0
298,1,2022239,geosfp/GEOSFP.20190701.A3mstC.025x03125.nc,876229026,287727616,131072,34,-380317696,window,random,random,33,0,0,0
299,1,2022239,geosfp/GEOSFP.20190701.A3mstC.025x03125.nc,876229026,587653120,131072,70,299794432,window,random,random,33,0,0,0
300,1,2022239,geosfp/GEOSFP.20190701.A3mstC.025x03125.nc,876229026,635568128,131072,75,47783936,window,random,random,33,0,0,0
301,1,2022239,geosfp/GEOSFP.20190701.A3mstC.025x03125.nc,876229026,803557376,131072,95,167858176,window,random,random,33,0,0,0
302,1,2022239,geosfp/GEOSFP.20190701.A3mstC.025x03125.nc,876229026,804802560,102400,95,1114112,window,random,random,33,0,0,0
303,1,2022239,geosfp/GEOSFP.20190701.A3mstC.025x03125.nc,876229026,505470976,131072,60,-299433984,window,random,random,33,0,0,0
304,1,2022239,geosfp/GEOSFP.20190701.A3mstC.025x03125.nc,876229026,528257024,131072,62,22654976,window,random,random,33,0,0,0
305,1,2022239,geosfp/GEOSFP.20190701.A3mstC.025x03125.nc,876229026,706637824,131072,84,178249728,window,random,random,33,0,0,0
306,1,2022239,geosfp/GEOSFP.20190701.A3mstC.025x03125.nc,876229026,569716736,131072,67,-137052160,window,random,random,33,0,0,0
307,1,2022239,geosfp/GEOSFP.20190701.A3mstC.025x03125.nc,876229026,339689472,131072,40,-230158336,window,random,random,33,0,0,0
308,1,2022239,geosfp/GEOSFP.20190701.A3mstC.025x03125.nc,876229026,839663616,131072,100,499843072,window,random,random,33,0,0,0
309,1,2022239,geosfp/GEOSFP.20190701.A3mstC.025x03125.nc,876229026,52158464,131072,6,-787636224,window,random,random,33,0,0,0
310,1,2022239,geosfp/GEOSFP.20190701.A3mstC.025x03125.nc,876229026,699469824,131072,83,647180288,window,random,random,33,0,0,0
311,1,2022239,geosfp/GEOSFP.20190701.A3mstC.025x03125.nc,876229026,588980224,131072,70,-110620672,window,random,random,33,0,0,0
312,1,2022239,geosfp/GEOSFP.20190701.A3mstC.025x03125.nc,876229026,829022208,131072,98,239910912,window,random,random,33,0,0,0
313,1,2022239,geosfp/GEOSFP.20190701.A3mstC.025x03125.nc,876229026,615890944,131072,73,-213262336,window,random,random,33,0,0,0
314,1,2022239,geosfp/GEOSFP.20190701.A3mstC.025x03125.nc,876229026,563703808,131072,67,-52318208,window,random,random,33,0,0,0
315,1,2022239,geosfp/GEOSFP.20190701.A3mstC.025x03125.nc,876229026,701509632,131072,83,137674752,window,random,random,33,0,0,0
316,1,2022239,geosfp/GEOSFP.20190701.A3mstC.025x03125.nc,876229026,302743552,131072,36,-398897152,window,random,random,33,0,0,0
317,1,2022239,geosfp/GEOSFP.20190701.A3mstC.025x03125.nc,876229026,677412864,131072,80,374538240,window,random,random,33,0,0,0
318,1,2022239,geosfp/GEOSFP.20190701.A3mstC.025x03125.nc,876229026,7147520,106496,0,-670396416,window,random,random,33,0,0,0
319,1,2022239,geosfp/GEOSFP.20190701.A3mstC.025x03125.nc,876229026,767021056,131072,91,759767040,window,random,random,33,0,0,0
320,1,2022239,geosfp/GEOSFP.20190701.A3mstC.025x03125.nc,876229026,700489728,131072,83,-66662400,window,random,random,33,0,0,0
321,1,2022239,geosfp/GEOSFP.20190701.A3mstC.025x03125.nc,876229026,295489536,102400,35,-405131264,window,random,random,33,0,0,0
322,1,2022239,geosfp/GEOSFP.20190701.A3mstC.025x03125.nc,876229026,13303808,131072,1,-282288128,window,random,random,33,0,0,0
323,1,2022239,geosfp/GEOSFP.20190701.A3mstC.025x03125.nc,876229026,667455488,131072,79,654020608,window,random,random,33,0,0,0
324,1,2022239,geosfp/GEOSFP.20190701.A3mstC.025x03125.nc,876229026,433954816,131072,51,-233631744,window,random,random,33,0,0,0
325,1,2022239,geosfp/GEOSFP.20190701.A3mstC.025x03125.nc,876229026,836120576,131072,99,402034688,window,random,random,33,0,0,0
326,1,2022239,geosfp/GEOSFP.20190701.A3mstC.025x03125.nc,876229026,723668992,131072,86,-112582656,window,random,random,33,0,0,0
327,1,2022239,geosfp/GEOSFP.20190701.A3mstC.025x03125.nc,876229026,307052544,131072,36,-416747520,window,random,random,33,0,0,0
328,1,2022239,geosfp/GEOSFP.20190701.A3mstC.025x03125.nc,876229026,180318208,131072,21,-126865408,window,random,random,33,0,0,0
329,1,2022239,geosfp/GEOSFP.20190701.A3mstC.025x03125.nc,876229026,836657152,131072,99,656207872,window,random,random,33,0,0,0
330,1,2022239,geosfp/GEOSFP.20190701.A3mstC.025x03125.nc,876229026,566374400,131072,67,-270413824,window,random,random,33,0,0,0
331,1,2022239,geosfp/GEOSFP.20190701.A3mstC.025x03125.nc,876229026,347721728,131072,41,-218783744,window,random,random,33,0,0,0
332,1,2022239,geosfp/GEOSFP.20190701.A3mstC.025x03125.nc,876229026,331370496,94208,39,-16482304,window,random,random,33,0,0,0
333,1,2022239,geosfp/GEOSFP.20190701.A3mstC.025x03125.nc,876229026,819384320,131072,97,487919616,window,random,random,33,0,0,0
334,1,2022239,geosfp/GEOSFP.20190701.A3mstC.025x03125.nc,876229026,476516352,131072,56,-342999040,window,random,random,33,0,0,0
335,1,2022239,geosfp/GEOSFP.20190701.A3mstC.025x03125.nc,876229026,485560320,131072,57,8912896,window,random,random,33,0,0,0
336,1,2022239,geosfp/GEOSFP.20190701.A3mstC.025x03125.nc,876229026,557604864,131072,66,71913472,window,random,random,33,0,0,0
337,1,2022239,geosfp/GEOSFP.20190701.A3mstC.025x03125.nc,876229026,297414656,131072,35,-260321280,window,random,random,33,0,0,0
338,1,2022239,geosfp/GEOSFP.20190701.A3mstC.025x03125.nc,876229026,431403008,131072,51,133857280,window,random,random,33,0,0,0
339,1,2022239,geosfp/GEOSFP.20190701.A3mstC.025x03125.nc,876229026,160108544,131072,19,-271425536,window,random,random,33,0,0,0
340,1,2022239,geosfp/GEOSFP.20190701.A3mstC.025x03125.nc,876229026,813240320,131072,96,653000704,window,random,random,33,0,0,0
341,1,2022239,geosfp/GEOSFP.20190701.A3mstC.025x03125.nc,876229026,420024320,131072,50,-393347072,window,random,random,33,0,0,0
342,1,2022239,geosfp/GEOSFP.20190701.A3mstC.025x03125.nc,876229026,529772544,131072,63,109617152,window,random,random,33,0,0,0
343,1,2022239,geosfp/GEOSFP.20190701.A3mstC.025x03125.nc,876229026,288227328,131072,34,-241676288,window,random,random,33,0,0,0
344,1,2022239,geosfp/GEOSFP.20190701.A3mstC.025x03125.nc,876229026,491503616,131072,58,203145216,window,random,random,33,0,0,0
345,1,2022239,geosfp/GEOSFP.20190701.A3mstC.025x03125.nc,876229026,600543232,131072,71,108908544,window,random,random,33,0,0,0
346,1,2022239,geosfp/GEOSFP.20190701.A3mstC.025x03125.nc,876229026,313667584,131072,37,-287006720,window,random,random,33,0,0,0
347,1,2022239,geosfp/GEOSFP.20190701.A3mstC.025x03125.nc,876229026,269623296,131072,32,-44175360,window,random,random,33,0,0,0
348,1,2022239,geosfp/GEOSFP.20190701.A3mstC.025x03125.nc,876229026,799891456,86016,95,530137088,window,random,random,33,0,0,0
349,1,2022239,geosfp/GEOSFP.20190701.A3mstC.025x03125.nc,876229026,669368320,131072,79,-130609152,window,random,random,33,0,0,0
350,1,2022239,geosfp/GEOSFP.20190701.A3mstC.025x03125.nc,876229026,677748736,131072,80,8249344,window,random,random,33,0,0,0
351,1,2022239,geosfp/GEOSFP.20190701.A3mstC.025x03125.nc,876229026,102375424,69632,12,-575504384,window,random,random,33,0,0,0
352,1,2022239,geosfp/GEOSFP.20190701.A3mstC.025x03125.nc,876229026,178216960,131072,21,75771904,window,random,random,33,0,0,0
353,1,2022239,geosfp/GEOSFP.20190701.A3mstC.025x03125.nc,876229026,626667520,131072,74,448319488,window,random,random,33,0,0,0
354,1,2022239,geosfp/GEOSFP.20190701.A3mstC.025x03125.nc,876229026,125231104,131072,14,-501567488,window,random,random,33,0,0,0
355,1,2022239,geosfp/GEOSFP.20190701.A3mstC.025x03125.nc,876229026,817844224,131072,97,692482048,window,random,random,33,0,0,0
356,1,2022239,geosfp/GEOSFP.20190701.A3mstC.025x03125.nc,876229026,417849344,131072,49,-400125952,window,random,random,33,0,0,0
357,1,2022239,geosfp/GEOSFP.20190701.A3mstC.025x03125.nc,876229026,603291648,131072,71,185311232,window,random,random,33,0,0,0
358,1,2022239,geosfp/GEOSFP.20190701.A3mstC.025x03125.nc,876229026,486567936,131072,58,-116854784,window,random,random,33,0,0,0
359,1,2022239,geosfp/GEOSFP.20190701.A3mstC.025x03125.nc,876229026,17977344,131072,2,-468721664,window,random,random,33,0,0,0
360,1,2022239,geosfp/GEOSFP.20190701.A3mstC.025x03125.nc,876229026,200364032,131072,23,182255616,window,random,random,33,0,0,0
361,1,2022239,geosfp/GEOSFP.20190701.A3mstC.025x03125.nc,876229026,387325952,131072,46,186830848,window,random,random,33,0,0,0
362,1,2022239,geosfp/GEOSFP.20190701.A3mstC.025x03125.nc,876229026,59969536,131072,7,-327487488,window,random,random,33,0,0,0
363,1,2022239,geosfp/GEOSFP.20190701.A3mstC.025x03125.nc,876229026,336678912,131072,40,276578304,window,random,random,33,0,0,0
364,1,2022239,geosfp/GEOSFP.20190701.A3mstC.025x03125.nc,876229026,225554432,131072,26,-111255552,window,random,random,33,0,0,0
365,1,2022239,geosfp/GEOSFP.20190701.A3mstC.025x03125.nc,876229026,113287168,131072,13,-112398336,window,random,random,33,0,0,0
366,1,2022239,geosfp/GEOSFP.20190701.A3mstC.025x03125.nc,876229026,369684480,131072,44,256266240,window,random,random,33,0,0,0
367,1,2022239,geosfp/GEOSFP.20190701.A3mstC.025x03125.nc,876229026,577404928,131072,68,207589376,window,random,random,33,0,0,0
368,1,2022239,geosfp/GEOSFP.20190701.A3mstC.025x03125.nc,876229026,836349952,131072,99,258813952,window,random,random,33,0,0,0
369,1,2022239,geosfp/GEOSFP.20190701.A3mstC.025x03125.nc,876229026,853049344,131072,101,16568320,window,random,random,33,0,0,0
370,1,2022239,geosfp/GEOSFP.20190701.A3mstC.025x03125.nc,876229026,264171520,131072,31,-589008896,window,random,random,33,0,0,0
371,1,2022239,geosfp/GEOSFP.20190701.A3mstC.025x03125.nc,876229026,59408384,131072,7,-204894208,window,random,random,33,0,0,0
372,1,2022239,geosfp/GEOSFP.20190701.A3mstC.025x03125.nc,876229026,549728256,131072,65,490188800,window,random,random,33,0,0,0
373,1,2022239,geosfp/GEOSFP.20190701.A3mstC.025x03125.nc,876229026,334577664,131072,39,-215281664,window,random,random,33,0,0,0
374,1,2022239,geosfp/GEOSFP.20190701.A3mstC.025x03125.nc,876229026,384139264,131072,45,49430528,window,random,random,33,0,0,0
375,1,2022239,geosfp/GEOSFP.20190701.A3mstC.025x03125.nc,876229026,76566528,131072,9,-307703808,window,random,random,33,0,0,0
376,1,2022239,geosfp/GEOSFP.20190701.A3mstC.025x03125.nc,876229026,428630016,131072,51,351932416,window,random,random,33,0,0,0
377,1,2022239,geosfp/GEOSFP.20190701.A3mstC.025x03125.nc,876229026,630919168,131072,75,202158080,window,random,random,33,0,0,0
378,1,2022239,geosfp/GEOSFP.20190701.A3mstC.025x03125.nc,876229026,439083008,131072,52,-191967232,window,random,random,33,0,0,0
379,1,2022239,geosfp/GEOSFP.20190701.A3mstC.025x03125.nc,876229026,767168512,131072,91,327954432,window,random,random,33,0,0,0
380,1,2022239,geosfp/GEOSFP.20190701.A3mstC.025x03125.nc,876229026,405327872,131072,48,-361971712,window,random,random,33,0,0,0
381,1,2022239,geosfp/GEOSFP.20190701.A3mstC.025x03125.nc,876229026,856694784,131072,102,451235840,window,random,random,33,0,0,0
382,1,2022239,geosfp/GEOSFP.20190701.A3mstC.025x03125.nc,876229026,437096448,131072,52,-419729408,window,random,random,33,0,0,0
383,1,2022239,geosfp/GEOSFP.20190701.A3mstC.025x03125.nc,876229026,191508480,131072,22,-245719040,window,random,random,33,0,0,0
384,1,2022239,geosfp/GEOSFP.20190701.A3mstC.025x03125.nc,876229026,199282688,131072,23,7643136,window,random,random,33,0,0,0
385,1,2022239,geosfp/GEOSFP.20190701.A3mstC.025x03125.nc,876229026,623263744,131072,74,423849984,window,random,random,33,0,0,0
386,1,2022239,geosfp/GEOSFP.20190701.A3mstC.025x03125.nc,876229026,163074048,131072,19,-460320768,window,random,random,33,0,0,0
387,1,2022239,geosfp/GEOSFP.20190701.A3mstC.025x03125.nc,876229026,695422976,131072,82,532217856,window,random,random,33,0,0,0
388,1,2022239,geosfp/GEOSFP.20190701.A3mstC.025x03125.nc,876229026,283283456,131072,33,-412270592,window,random,random,33,0,0,0
389,1,2022239,geosfp/GEOSFP.20190701.A3mstC.025x03125.nc,876229026,672587776,131072,80,389173248,window,random,random,33,0,0,0
390,1,2022239,geosfp/GEOSFP.20190701.A3mstC.025x03125.nc,876229026,410533888,131072,48,-262184960,window,random,random,33,0,0,0
391,1,2022239,geosfp/GEOSFP.20190701.A3mstC.025x03125.nc,876229026,700272640,131072,83,289607680,window,random,random,33,0,0,0
392,1,2022239,geosfp/GEOSFP.20190701.A3mstC.025x03125.nc,876229026,249323520,94208,29,-451080192,window,random,random,33,0,0,0
393,1,2022239,geosfp/GEOSFP.20190701.A3mstC.025x03125.nc,876229026,405209088,118784,48,155791360,window,random,random,33,0,0,0
394,1,2022239,geosfp/GEOSFP.20190701.A3mstC.025x03125.nc,876229026,322985984,131072,38,-82341888,window,random,random,33,0,0,0
395,1,2022239,geosfp/GEOSFP.20190701.A3mstC.025x03125.nc,876229026,287887360,131072,34,-35229696,window,random,random,33,0,0,0
396,1,2022239,geosfp/GEOSFP.20190701.A3mstC.025x03125.nc,876229026,624902144,131072,74,336883712,window,random,random,33,0,0,0
397,1,2022239,geosfp/GEOSFP.20190701.A3mstC.025x03125.nc,876229026,646922240,131072,77,21889024,window,random,random,33,0,0,0
398,1,2022239,geosfp/GEOSFP.20190701.A3mstC.025x03125.nc,876229026,139546624,131072,16,-507506688,window,random,random,33,0,0,0
399,1,2022239,geosfp/GEOSFP.20190701.A3mstC.025x03125.nc,876229026,724197376,131072,86,584519680,window,random,random,33,0,0,0
400,1,2022239,geosfp/GEOSFP.20190701.A3mstC.025x03125.nc,876229026,639012864,131072,76,-85315584,window,random,random,33,0,0,0
401,1,2022239,geosfp/GEOSFP.20190701.A3mstC.025x03125.nc,876229026,820088832,131072,97,180944896,window,random,random,33,0,0,0
402,1,2022239,geosfp/GEOSFP.20190701.A3mstC.025x03125.nc,876229026,869240832,131072,103,49020928,window,random,random,33,0,0,0
403,1,2022239,geosfp/GEOSFP.20190701.A3mstC.025x03125.nc,876229026,756371456,131072,90,-113000448,window,random,random,33,0,0,0
404,1,2022239,geosfp/GEOSFP.20190701.A3mstC.025x03125.nc,876229026,432160768,131072,51,-324341760,window,random,random,33,0,0,0
405,1,2022239,geosfp/GEOSFP.20190701.A3mstC.025x03125.nc,876229026,863662080,131072,102,431370240,window,random,random,33,0,0,0
406,1,2022239,geosfp/GEOSFP.20190701.A3mstC.025x03125.nc,876229026,482439168,131072,57,-381353984,window,random,random,33,0,0,0
407,1,2022239,geosfp/GEOSFP.20190701.A3mstC.025x03125.nc,876229026,292196352,131072,34,-190373888,window,random,random,33,0,0,0
408,1,2022239,geosfp/GEOSFP.20190701.A3mstC.025x03125.nc,876229026,162193408,131072,19,-130134016,window,random,random,33,0,0,0
409,1,2022239,geosfp/GEOSFP.20190701.A3mstC.025x03125.nc,876229026,824860672,131072,98,662536192,window,random,random,33,0,0,0
410,1,2022239,geosfp/GEOSFP.20190701.A3mstC.025x03125.nc,876229026,165441536,131072,19,-659550208,window,random,random,33,0,0,0
411,1,2022239,geosfp/GEOSFP.20190701.A3mstC.025x03125.nc,876229026,551870464,131072,65,386297856,window,random,random,33,0,0,0
412,1,2022239,geosfp/GEOSFP.20190701.A3mstC.025x03125.nc,876229026,364236800,131072,43,-187764736,window,random,random,33,0,0,0
413,1,2022239,geosfp/GEOSFP.20190701.A3mstC.025x03125.nc,876229026,469204992,131072,55,104837120,window,random,random,33,0,0,0
414,1,2022239,geosfp/GEOSFP.20190701.A3mstC.025x03125.nc,876229026,268353536,131072,31,-200982528,window,random,random,33,0,0,0
415,1,2022239,geosfp/GEOSFP.20190701.A3mstC.025x03125.nc,876229026,447131648,131072,53,178647040,window,random,random,33,0,0,0
416,1,2022239,geosfp/GEOSFP.20190701.A3mstC.025x03125.nc,876229026,818561024,131072,97,371298304,window,random,random,33,0,0,0
417,1,2022239,geosfp/GEOSFP.20190701.A3mstC.025x03125.nc,876229026,538116096,131072,64,-280576000,window,random,random,33,0,0,0
418,1,2022239,geosfp/GEOSFP.20190701.A3mstC.025x03125.nc,876229026,821563392,131072,97,283316224,window,random,random,33,0,0,0
419,1,2022239,geosfp/GEOSFP.20190701.A3mstC.025x03125.nc,876229026,589893632,131072,70,-231800832,window,random,random,33,0,0,0
420,1,2022239,geosfp/GEOSFP.20190701.A3mstC.025x03125.nc,876229026,467140608,131072,55,-122884096,window,random,random,33,0,0,0
421,1,2022239,geosfp/GEOSFP.20190701.A3mstC.025x03125.nc,876229026,610869248,102400,72,143597568,window,random,random,33,0,0,0
422,1,2022239,geosfp/GEOSFP.20190701.A3mstC.025x03125.nc,876229026,786423808,131072,93,175452160,window,random,random,33,0,0,0
423,1,2022239,geosfp/GEOSFP.20190701.A3mstC.025x03125.nc,876229026,66478080,131072,7,-720076800,window,random,random,33,0,0,0
424,1,2022239,geosfp/GEOSFP.20190701.A3mstC.025x03125.nc,876229026,452304896,131072,53,385695744,window,random,random,33,0,0,0
425,1,2022239,geosfp/GEOSFP.20190701.A3mstC.025x03125.nc,876229026,679149568,131072,80,226713600,window,random,random,33,0,0,0
426,1,2022239,geosfp/GEOSFP.20190701.A3mstC.025x03125.nc,876229026,866226176,131072,103,186945536,window,random,random,33,0,0,0
427,1,2022239,geosfp/GEOSFP.20190701.A3mstC.025x03125.nc,876229026,400351232,131072,47,-466006016,window,random,random,33,0,0,0
428,1,2022239,geosfp/GEOSFP.20190701.A3mstC.025x03125.nc,876229026,586608640,131072,69,186126336,window,random,random,33,0,0,0
429,1,2022239,geosfp/GEOSFP.20190701.A3mstC.025x03125.nc,876229026,800460800,131072,95,213721088,window,random,random,33,0,0,0
430,1,2022239,geosfp/GEOSFP.20190701.A3mstC.025x03125.nc,876229026,80134144,131072,9,-720457728,window,random,random,33,0,0,0
431,1,2022239,geosfp/GEOSFP.20190701.A3mstC.025x03125.nc,876229026,697917440,131072,83,617652224,window,random,random,33,0,0,0
432,1,2022239,geosfp/GEOSFP.20190701.A3mstC.025x03125.nc,876229026,174473216,131072,20,-523575296,window,random,random,33,0,0,0
433,1,2022239,geosfp/GEOSFP.20190701.A3mstC.025x03125.nc,876229026,379817984,131072,45,205213696,window,random,random,33,0,0,0
434,1,2022239,geosfp/GEOSFP.20190701.A3mstC.025x03125.nc,876229026,735080448,131072,87,355131392,window,random,random,33,0,0,0
435,1,2022239,geosfp/GEOSFP.20190701.A3mstC.025x03125.nc,876229026,778891264,131072,92,43679744,window,random,random,33,0,0,0
436,1,2022239,geosfp/GEOSFP.20190701.A3mstC.025x03125.nc,876229026,790462464,131072,94,11440128,window,random,random,33,0,0,0
437,1,2022239,geosfp/GEOSFP.20190701.A3mstC.025x03125.nc,876229026,226045952,131072,26,-564547584,window,random,random,33,0,0,0
438,1,2022239,geosfp/GEOSFP.20190701.A3mstC.025x03125.nc,876229026,439676928,131072,52,213499904,window,random,random,33,0,0,0
439,1,2022239,geosfp/GEOSFP.20190701.A3mstC.025x03125.nc,876229026,421163008,131072,50,-18644992,window,random,random,33,0,0,0
440,1,2022239,geosfp/GEOSFP.20190701.A3mstC.025x03125.nc,876229026,322351104,131072,38,-98942976,window,random,random,33,0,0,0
441,1,2022239,geosfp/GEOSFP.20190701.A3mstC.025x03125.nc,876229026,468942848,131072,55,146460672,window,random,random,33,0,0,0
442,1,2022239,geosfp/GEOSFP.20190701.A3mstC.025x03125.nc,876229026,294629376,131072,35,-174444544,window,random,random,33,0,0,0
443,1,2022239,geosfp/GEOSFP.20190701.A3mstC.025x03125.nc,876229026,631832576,131072,75,337072128,window,random,random,33,0,0,0
444,1,2022239,geosfp/GEOSFP.20190701.A3mstC.025x03125.nc,876229026,555544576,131072,66,-76419072,window,random,random,33,0,0,0
445,1,2022239,geosfp/GEOSFP.20190701.A3mstC.025x03125.nc,876229026,813703168,131072,97,258027520,window,random,random,33,0,0,0
446,1,2022239,geosfp/GEOSFP.20190701.A3mstC.025x03125.nc,876229026,11554816,131072,1,-802279424,window,random,random,33,0,0,0
447,1,2022239,geosfp/GEOSFP.20190701.A3mstC.025x03125.nc,876229026,200794112,131072,23,189108224,window,random,random,33,0,0,0
448,1,2022239,geosfp/GEOSFP.20190701.A3mstC.025x03125.nc,876229026,727523328,131072,86,526598144,window,random,random,33,0,0,0
449,1,2022239,geosfp/GEOSFP.20190701.A3mstC.025x03125.nc,876229026,579485696,131072,69,-148168704,window,random,random,33,0,0,0
450,1,2022239,geosfp/GEOSFP.20190701.A3mstC.025x03125.nc,876229026,370716672,131072,44,-208900096,window,random,random,33,0,0,0
451,1,2022239,geosfp/GEOSFP.20190701.A3mstC.025x03125.nc,876229026,448659456,131072,53,77811712,window,random,random,33,0,0,0
452,1,2022239,geosfp/GEOSFP.20190701.A3mstC.025x03125.nc,876229026,441831424,131072,52,-6959104,window,random,random,33,0,0,0
453,1,2022239,geosfp/GEOSFP.20190701.A3mstC.025x03125.nc,876229026,25137152,131072,2,-416825344,window,random,random,33,0,0,0
454,1,2022239,geosfp/GEOSFP.20190701.A3mstC.025x03125.nc,876229026,611823616,131072,72,586555392,window,random,random,33,0,0,0
455,1,2022239,geosfp/GEOSFP.20190701.A3mstC.025x03125.nc,876229026,588472320,131072,70,-23482368,window,random,random,33,0,0,0
456,1,2022239,geosfp/GEOSFP.20190701.A3mstC.025x03125.nc,876229026,863485952,131072,102,274882560,window,random,random,33,0,0,0
457,1,2022239,geosfp/GEOSFP.20190701.A3mstC.025x03125.nc,876229026,464453632,131072,55,-399163392,window,random,random,33,0,0,0
458,1,2022239,geosfp/GEOSFP.20190701.A3mstC.025x03125.nc,876229026,129028096,86016,15,-335556608,window,random,random,33,0,0,0
459,1,2022239,geosfp/GEOSFP.20190701.A3mstC.025x03125.nc,876229026,271433728,131072,32,142319616,window,random,random,33,0,0,0
460,1,2022239,geosfp/GEOSFP.20190701.A3mstC.025x03125.nc,876229026,506642432,131072,60,235077632,window,random,random,33,0,0,0
461,1,2022239,geosfp/GEOSFP.20190701.A3mstC.025x03125.nc,876229026,18583552,131072,2,-488189952,window,random,random,33,0,0,0
462,1,2022239,geosfp/GEOSFP.20190701.A3mstC.025x03125.nc,876229026,837681152,131072,99,818966528,window,random,random,33,0,0,0
463,1,2022239,geosfp/GEOSFP.20190701.A3mstC.025x03125.nc,876229026,34582528,131072,4,-803229696,window,random,random,33,0,0,0
464,1,2022239,geosfp/GEOSFP.20190701.A3mstC.025x03125.nc,876229026,700727296,131072,83,666013696,window,random,random,33,0,0,0
465,1,2022239,geosfp/GEOSFP.20190701.A3mstC.025x03125.nc,876229026,870944768,131072,103,170086400,window,random,random,33,0,0,0
466,1,2022239,geosfp/GEOSFP.20190701.A3mstC.025x03125.nc,876229026,670863360,118784,79,-200212480,window,random,random,33,0,0,0
467,1,2022239,geosfp/GEOSFP.20190701.A3mstC.025x03125.nc,876229026,530026496,131072,63,-140955648,window,random,random,33,0,0,0
468,1,2022239,geosfp/GEOSFP.20190701.A3mstC.025x03125.nc,876229026,422404096,131072,50,-107753472,window,random,random,33,0,0,0
469,1,2022239,geosfp/GEOSFP.20190701.A3mstC.025x03125.nc,876229026,628076544,122880,74,205541376,window,random,random,33,0,0,0
470,1,2022239,geosfp/GEOSFP.20190701.A3mstC.025x03125.nc,876229026,55726080,131072,6,-572473344,window,random,random,33,0,0,0
471,1,2022239,geosfp/GEOSFP.20190701.A3mstC.025x03125.nc,876229026,176320512,131072,21,120463360,window,random,random,33,0,0,0
472,1,2022239,geosfp/GEOSFP.20190701.A3mstC.025x03125.nc,876229026,168714240,131072,20,-7737344,window,random,random,33,0,0,0
473,1,2022239,geosfp/GEOSFP.20190701.A3mstC.025x03125.nc,876229026,222539776,131072,26,53694464,window,random,random,33,0,0,0
474,1,2022239,geosfp/GEOSFP.20190701.A3mstC.025x03125.nc,876229026,309739520,131072,36,87068672,window,random,random,33,0,0,0
475,1,2022239,geosfp/GEOSFP.20190701.A3mstC.025x03125.nc,876229026,802365440,131072,95,492494848,window,random,random,33,0,0,0
476,1,2022239,geosfp/GEOSFP.20190701.A3mstC.025x03125.nc,876229026,299913216,131072,35,-502583296,window,random,random,33,0,0,0
477,1,2022239,geosfp/GEOSFP.20190701.A3mstC.025x03125.nc,876229026,767553536,131072,91,467509248,window,random,random,33,0,0,0
478,1,2022239,geosfp/GEOSFP.20190701.A3mstC.025x03125.nc,876229026,137711616,131072,16,-629972992,window,random,random,33,0,0,0
479,1,2022239,geosfp/GEOSFP.20190701.A3mstC.025x03125.nc,876229026,286752768,106496,34,148910080,window,random,random,33,0,0,0
480,1,2022239,geosfp/GEOSFP.20190701.A3mstC.025x03125.nc,876229026,604741632,131072,72,317882368,window,random,random,33,0,0,0
481,1,2022239,geosfp/GEOSFP.20190701.A3mstC.025x03125.nc,876229026,437370880,131072,52,-167501824,window,random,random,33,0,0,0
482,1,2022239,geosfp/GEOSFP.20190701.A3mstC.025x03125.nc,876229026,712814592,131072,84,275312640,window,random,random,33,0,0,0
483,1,2022239,geosfp/GEOSFP.20190701.A3mstC.025x03125.nc,876229026,705110016,131072,84,-7835648,window,random,random,33,0,0,0
484,1,2022239,geosfp/GEOSFP.20190701.A3mstC.025x03125.nc,876229026,17051648,131072,2,-688189440,window,random,random,33,0,0,0
485,1,2022239,geosfp/GEOSFP.20190701.A3mstC.025x03125.nc,876229026,644968448,131072,76,627785728,window,random,random,33,0,0,0
486,1,2022239,geosfp/GEOSFP.20190701.A3mstC.025x03125.nc,876229026,579354624,131072,69,-65744896,window,random,random,33,0,0,0
487,1,2022239,geosfp/GEOSFP.20190701.A3mstC.025x03125.nc,876229026,107577344,131072,12,-471908352,window,random,random,33,0,0,0
488,1,2022239,geosfp/GEOSFP.20190701.A3mstC.025x03125.nc,876229026,619737088,131072,73,512028672,window,random,random,33,0,0,0
489,1,2022239,geosfp/GEOSFP.20190701.A3mstC.025x03125.nc,876229026,230055936,131072,27,-389812224,window,random,random,33,0,0,0
490,1,2022239,geosfp/GEOSFP.20190701.A3mstC.025x03125.nc,876229026,103305216,131072,12,-126881792,window,random,random,33,0,0,0
491,1,2022239,geosfp/GEOSFP.20190701.A3mstC.025x03125.nc,876229026,632659968,131072,75,529223680,window,random,random,33,0,0,0
492,1,2022239,geosfp/GEOSFP.20190701.A3mstC.025x03125.nc,876229026,523780096,131072,62,-109010944,window,random,random,33,0,0,0
493,1,2022239,geosfp/GEOSFP.20190701.A3mstC.025x03125.nc,876229026,431648768,131072,51,-92262400,window,random,random,33,0,0,0
494,1,2022239,geosfp/GEOSFP.20190701.A3mstC.025x03125.nc,876229026,553529344,131072,65,121749504,window,random,random,33,0,0,0
495,1,2022239,geosfp/GEOSFP.20190701.A3mstC.025x03125.nc,876229026,10301440,131072,1,-543358976,window,random,random,33,0,0,0
496,1,2022239,geosfp/GEOSFP.20190701.A3mstC.025x03125.nc,876229026,492924928,131072,58,482492416,window,random,random,33,0,0,0
497,1,2022239,geosfp/GEOSFP.20190701.A3mstC.025x03125.nc,876229026,192393216,131072,22,-300662784,window,random,random,33,0,0,0
498,1,2022239,geosfp/GEOSFP.20190701.A3mstC.025x03125.nc,876229026,804286464,131072,95,611762176,window,random,random,33,0,0,0
499,1,2022239,geosfp/GEOSFP.20190701.A3mstC.025x03125.nc,876229026,700149760,122880,83,-104267776,window,random,random,33,0,0,0
500,1,2022239,geosfp/GEOSFP.20190701.A3mstC.025x03125.nc,876229026,74387456,131072,8,-625885184,window,random,random,33,0,0,0
501,1,2022239,geosfp/GEOSFP.20190701.A3mstC.025x03125.nc,876229026,221913088,86016,26,147394560,window,random,random,33,0,0,0
502,1,2022239,geosfp/GEOSFP.20190701.A3mstC.025x03125.nc,876229026,734871552,131072,87,512872448,window,random,random,33,0,0,0
503,1,2022239,geosfp/GEOSFP.20190701.A3mstC.025x03125.nc,876229026,666148864,131072,79,-68853760,window,random,random,33,0,0,0
504,1,2022239,geosfp/GEOSFP.20190701.A3mstC.025x03125.nc,876229026,371331072,131072,44,-294948864,window,random,random,33,0,0,0
505,1,2022239,geosfp/GEOSFP.20190701.A3mstC.025x03125.nc,876229026,426557440,131072,50,55095296,window,random,random,33,0,0,0
506,1,2022239,geosfp/GEOSFP.20190701.A3mstC.025x03125.nc,876229026,31522816,131072,3,-395165696,window,random,random,33,0,0,0
507,1,2022239,geosfp/GEOSFP.20190701.A3mstC.025x03125.nc,876229026,679415808,131072,80,647761920,window,random,random,33,0,0,0
508,1,2022239,geosfp/GEOSFP.20190701.A3mstC.025x03125.nc,876229026,128565248,131072,15,-550981632,window,random,random,33,0,0,0
509,1,2022239,geosfp/GEOSFP.20190701.A3mstC.025x03125.nc,876229026,43335680,131072,5,-85360640,window,random,random,33,0,0,0
510,1,2022239,geosfp/GEOSFP.20190701.A3mstC.025x03125.nc,876229026,276848640,131072,33,233381888,window,random,random,33,0,0,0
511,1,2022239,geosfp/GEOSFP.20190701.A3mstC.025x03125.nc,876229026,651968512,131072,77,374988800,window,random,random,33,0,0,0
512,1,2022239,geosfp/GEOSFP.20190701.A3mstC.025x03125.nc,876229026,457453568,131072,54,-194646016,window,random,random,33,0,0,0
513,1,2022239,geosfp/GEOSFP.20190701.A3mstC.025x03125.nc,876229026,293163008,106496,34,-164421632,window,random,random,33,0,0,0
514,1,2022239,geosfp/GEOSFP.20190701.A3mstC.025x03125.nc,876229026,861741056,131072,102,568471552,window,random,random,33,0,0,0
515,1,2022239,geosfp/GEOSFP.20190701.A3mstC.025x03125.nc,876229026,548741120,131072,65,-313131008,window,random,random,33,0,0,0
516,1,2022239,geosfp/GEOSFP.20190701.A3mstC.025x03125.nc,876229026,260755456,131072,31,-288116736,window,random,random,33,0,0,0
517,1,2022239,geosfp/GEOSFP.20190701.A3mstC.025x03125.nc,876229026,232767488,131072,27,-28119040,window,random,random,33,0,0,0
518,1,2022239,geosfp/GEOSFP.20190701.A3mstC.025x03125.nc,876229026,755142656,131072,90,522244096,window,random,random,33,0,0,0
519,1,2022239,geosfp/GEOSFP.20190701.A3mstC.025x03125.nc,876229026,867319808,131072,103,112046080,window,random,random,33,0,0,0
520,1,2022239,geosfp/GEOSFP.20190701.A3mstC.025x03125.nc,876229026,68108288,131072,8,-799342592,window,random,random,33,0,0,0
521,1,2022239,geosfp/GEOSFP.20190701.A3mstC.025x03125.nc,876229026,440377344,131072,52,372137984,window,random,random,33,0,0,0
522,1,2022239,geosfp/GEOSFP.20190701.A3mstC.025x03125.nc,876229026,459718656,131072,54,19210240,window,random,random,33,0,0,0
523,1,2022239,geosfp/GEOSFP.20190701.A3mstC.025x03125.nc,876229026,576249856,131072,68,116400128,window,random,random,33,0,0,0
524,1,2022239,geosfp/GEOSFP.20190701.A3mstC.025x03125.nc,876229026,249802752,131072,29,-326578176,window,random,random,33,0,0,0
525,1,2022239,geosfp/GEOSFP.20190701.A3mstC.025x03125.nc,876229026,657747968,131072,78,407814144,window,random,random,33,0,0,0
526,1,2022239,geosfp/GEOSFP.20190701.A3mstC.025x03125.nc,876229026,465944576,131072,55,-191934464,window,random,random,33,0,0,0
527,1,2022239,geosfp/GEOSFP.20190701.A3mstC.025x03125.nc,876229026,444289024,131072,52,-21786624,window,random,random,33,0,0,0
528,1,2022239,geosfp/GEOSFP.20190701.A3mstC.025x03125.nc,876229026,107479040,98304,12,-336941056,window,random,random,33,0,0,0
529,1,2022239,geosfp/GEOSFP.20190701.A3mstC.025x03125.nc,876229026,762503168,131072,90,654925824,window,random,random,33,0,0,0
530,1,2022239,geosfp/GEOSFP.20190701.A3mstC.025x03125.nc,876229026,730537984,131072,87,-32096256,window,random,random,33,0,0,0
531,1,2022239,geosfp/GEOSFP.20190701.A3mstC.025x03125.nc,876229026,126537728,131072,15,-604131328,window,random,random,33,0,0,0
532,1,2022239,geosfp/GEOSFP.20190701.A3mstC.025x03125.nc,876229026,343203840,131072,40,216535040,window,random,random,33,0,0,0
533,1,2022239,geosfp/GEOSFP.20190701.A3mstC.025x03125.nc,876229026,23293952,131072,2,-320040960,window,random,random,33,0,0,0
534,1,2022239,geosfp/GEOSFP.20190701.A3mstC.025x03125.nc,876229026,171577344,131072,20,148152320,window,random,random,33,0,0,0
535,1,2022239,geosfp/GEOSFP.20190701.A3mstC.025x03125.nc,876229026,465645568,131072,55,293937152,window,random,random,33,0,0,0
536,1,2022239,geosfp/GEOSFP.20190701.A3mstC.025x03125.nc,876229026,826253312,131072,98,360476672,window,random,random,33,0,0,0
537,1,2022239,geosfp/GEOSFP.20190701.A3mstC.025x03125.nc,876229026,693035008,131072,82,-133349376,window,random,random,33,0,0,0
538,1,2022239,geosfp/GEOSFP.20190701.A3mstC.025x03125.nc,876229026,793190400,131072,94,100024320,window,random,random,33,0,0,0
539,1,2022239,geosfp/GEOSFP.20190701.A3mstC.025x03125.nc,876229026,272867328,131072,32,-520454144,window,random,random,33,0,0,0
540,1,2022239,geosfp/GEOSFP.20190701.A3mstC.025x03125.nc,876229026,59613184,131072,7,-213385216,window,random,random,33,0,0,0
541,1,2022239,geosfp/GEOSFP.20190701.A3mstC.025x03125.nc,876229026,289021952,131072,34,229277696,window,random,random,33,0,0,0
542,1,2022239,geosfp/GEOSFP.20190701.A3mstC.025x03125.nc,876229026,863342592,131072,102,574189568,window,random,random,33,0,0,0
543,1,2022239,geosfp/GEOSFP.20190701.A3mstC.025x03125.nc,876229026,712302592,131072,84,-151171072,window,random,random,33,0,0,0
544,1,2022239,geosfp/GEOSFP.20190701.A3mstC.025x03125.nc,876229026,23470080,131072,2,-688963584,window,random,random,33,0,0,0
545,1,2022239,geosfp/GEOSFP.20190701.A3mstC.025x03125.nc,876229026,114208768,131072,13,90607616,window,random,random,33,0,0,0
546,1,2022239,geosfp/GEOSFP.20190701.A3mstC.025x03125.nc,876229026,680562688,131072,81,566222848,window,random,random,33,0,0,0
547,1,2022239,geosfp/GEOSFP.20190701.A3mstC.025x03125.nc,876229026,248893440,131072,29,-431800320,window,random,random,33,0,0,0
548,1,2022239,geosfp/GEOSFP.20190701.A3mstC.025x03125.nc,876229026,772669440,131072,92,523644928,window,random,random,33,0,0,0
549,1,2022239,geosfp/GEOSFP.20190701.A3mstC.025x03125.nc,876229026,591781888,110592,70,-181018624,window,random,random,33,0,0,0
550,1,2022239,geosfp/GEOSFP.20190701.A3mstC.025x03125.nc,876229026,74518528,131072,8,-517373952,window,random,random,33,0,0,0
551,1,2022239,geosfp/GEOSFP.20190701.A3mstC.025x03125.nc,876229026,47235072,131072,5,-27414528,window,random,random,33,0,0,0
552,1,2022239,geosfp/GEOSFP.20190701.A3mstC.025x03125.nc,876229026,158253056,131072,18,110886912,window,random,random,33,0,0,0
553,1,2022239,geosfp/GEOSFP.20190701.A3mstC.025x03125.nc,876229026,467066880,65536,55,308682752,window,random,random,33,0,0,0
554,1,2022239,geosfp/GEOSFP.20190701.A3mstC.025x03125.nc,876229026,755601408,131072,90,288468992,window,random,random,33,0,0,0
555,1,2022239,geosfp/GEOSFP.20190701.A3mstC.025x03125.nc,876229026,263208960,131072,31,-492523520,window,random,random,33,0,0,0
556,1,2022239,geosfp/GEOSFP.20190701.A3mstC.025x03125.nc,876229026,288706560,131072,34,25366528,window,random,random,33,0,0,0
557,1,2022239,geosfp/GEOSFP.20190701.A3mstC.025x03125.nc,876229026,481021952,131072,57,192184320,window,random,random,33,0,0,0
558,1,2022239,geosfp/GEOSFP.20190701.A3mstC.025x03125.nc,876229026,604250112,131072,72,123097088,window,random,random,33,0,0,0
559,1,2022239,geosfp/GEOSFP.20190701.A3mstC.025x03125.nc,876229026,828784640,131072,98,224403456,window,random,random,33,0,0,0
560,1,2022239,geosfp/GEOSFP.20190701.A3mstC.025x03125.nc,876229026,548098048,131072,65,-280817664,window,random,random,33,0,0,0
561,1,2022239,geosfp/GEOSFP.20190701.A3mstC.025x03125.nc,876229026,529547264,131072,63,-18681856,window,random,random,33,0,0,0
562,1,2022239,geosfp/GEOSFP.20190701.A3mstC.025x03125.nc,876229026,583278592,131072,69,53600256,window,random,random,33,0,0,0
563,1,2022239,geosfp/GEOSFP.20190701.A3mstC.025x03125.nc,876229026,5562368,131072,0,-577847296,window,random,random,33,0,0,0
564,1,2022239,geosfp/GEOSFP.20190701.A3mstC.025x03125.nc,876229026,734003200,131072,87,728309760,window,random,random,33,0,0,0
565,1,2022239,geosfp/GEOSFP.20190701.A3mstC.025x03125.nc,876229026,805916672,131072,96,71782400,window,random,random,33,0,0,0
566,1,2022239,geosfp/GEOSFP.20190701.A3mstC.025x03125.nc,876229026,138240000,131072,16,-667807744,window,random,random,33,0,0,0
567,1,2022239,geosfp/GEOSFP.20190701.A3mstC.025x03125.nc,876229026,572825600,131072,68,434454528,window,random,random,33,0,0,0
568,1,2022239,geosfp/GEOSFP.20190701.A3mstC.025x03125.nc,876229026,261234688,131072,31,-311721984,window,random,random,33,0,0,0
569,1,2022239,geosfp/GEOSFP.20190701.A3mstC.025x03125.nc,876229026,303460352,131072,36,42094592,window,random,random,33,0,0,0
570,1,2022239,geosfp/GEOSFP.20190701.A3mstC.025x03125.nc,876229026,842547200,131072,100,538955776,window,random,random,33,0,0,0
571,1,2022239,geosfp/GEOSFP.20190701.A3mstC.025x03125.nc,876229026,463491072,131072,55,-379187200,window,random,random,33,0,0,0
572,1,2022239,geosfp/GEOSFP.20190701.A3mstC.025x03125.nc,876229026,495689728,114688,59,32067584,window,random,random,33,0,0,0
573,1,2022239,geosfp/GEOSFP.20190701.A3mstC.025x03125.nc,876229026,369815552,94208,44,-125988864,window,random,random,33,0,0,0
574,1,2022239,geosfp/GEOSFP.20190701.A3mstC.025x03125.nc,876229026,642392064,131072,76,272482304,window,random,random,33,0,0,0
575,1,2022239,geosfp/GEOSFP.20190701.A3mstC.025x03125.nc,876229026,27848704,131072,3,-614674432,window,random,random,33,0,0,0
576,1,2022239,geosfp/GEOSFP.20190701.A3mstC.025x03125.nc,876229026,857030656,131072,102,829050880,window,random,random,33,0,0,0
577,1,2022239,geosfp/GEOSFP.20190701.A3mstC.025x03125.nc,876229026,850833408,131072,101,-6328320,window,random,random,33,0,0,0
578,1,2022239,geosfp/GEOSFP.20190701.A3mstC.025x03125.nc,876229026,424583168,131072,50,-426381312,window,random,random,33,0,0,0
579,1,2022239,geosfp/GEOSFP.20190701.A3mstC.025x03125.nc,876229026,567373824,131072,67,142659584,window,random,random,33,0,0,0
580,1,2022239,geosfp/GEOSFP.20190701.A3mstC.025x03125.nc,876229026,45191168,131072,5,-522313728,window,random,random,33,0,0,0
581,1,2022239,geosfp/GEOSFP.20190701.A3mstC.025x03125.nc,876229026,410251264,131072,48,364929024,window,random,random,33,0,0,0
582,1,2022239,geosfp/GEOSFP.20190701.A3mstC.025x03125.nc,876229026,407412736,131072,48,-2969600,window,random,random,33,0,0,0
583,1,2022239,geosfp/GEOSFP.20190701.A3mstC.025x03125.nc,876229026,539504640,98304,64,131960832,window,random,random,33,0,0,0
584,1,2022239,geosfp/GEOSFP.20190701.A3mstC.025x03125.nc,876229026,716042240,131072,85,176439296,window,random,random,33,0,0,0
585,1,2022239,geosfp/GEOSFP.20190701.A3mstC.025x03125.nc,876229026,424464384,118784,50,-291708928,window,random,random,33,0,0,0
586,1,2022239,geosfp/GEOSFP.20190701.A3mstC.025x03125.nc,876229026,349458432,110592,41,-75124736,window,random,random,33,0,0,0
587,1,2022239,geosfp/GEOSFP.20190701.A3mstC.025x03125.nc,876229026,296968192,131072,35,-52600832,window,random,random,33,0,0,0
588,1,2022239,geosfp/GEOSFP.20190701.A3mstC.025x03125.nc,876229026,397676544,131072,47,100577280,window,random,random,33,0,0,0
589,1,2022239,geosfp/GEOSFP.20190701.A3mstC.025x03125.nc,876229026,451518464,131072,53,53710848,window,random,random,33,0,0,0
590,1,2022239,geosfp/GEOSFP.20190701.A3mstC.025x03125.nc,876229026,726192128,131072,86,274542592,window,random,random,33,0,0,0
591,1,2022239,geosfp/GEOSFP.20190701.A3mstC.025x03125.nc,876229026,5877760,131072,0,-720445440,window,random,random,33,0,0,0
592,1,2022239,geosfp/GEOSFP.20190701.A3mstC.025x03125.nc,876229026,398483456,131072,47,392474624,window,random,random,33,0,0,0
593,1,2022239,geosfp/GEOSFP.20190701.A3mstC.025x03125.nc,876229026,137555968,131072,16,-261058560,window,random,random,33,0,0,0
594,1,2022239,geosfp/GEOSFP.20190701.A3mstC.025x03125.nc,876229026,722096128,131072,86,584409088,window,random,random,33,0,0,0
595,1,2022239,geosfp/GEOSFP.20190701.A3mstC.025x03125.nc,876229026,37453824,131072,4,-684773376,window,random,random,33,0,0,0
596,1,2022239,geosfp/GEOSFP.20190701.A3mstC.025x03125.nc,876229026,246132736,131072,29,208547840,window,random,random,33,0,0,0
597,1,2022239,geosfp/GEOSFP.20190701.A3mstC.025x03125.nc,876229026,569532416,98304,67,323268608,window,random,random,33,0,0,0
598,1,2022239,geosfp/GEOSFP.20190701.A3mstC.025x03125.nc,876229026,797155328,131072,95,227524608,window,random,random,33,0,0,0
599,1,2022239,geosfp/GEOSFP.20190701.A3mstC.025x03125.nc,876229026,766648320,131072,91,-30638080,window,random,random,33,0,0,0
600,1,2022239,geosfp/GEOSFP.20190701.A3mstC.025x03125.nc,876229026,580919296,131072,69,-185860096,window,random,random,33,0,0,0
601,1,2022239,geosfp/GEOSFP.20190701.A3mstC.025x03125.nc,876229026,389890048,131072,46,-191160320,window,random,random,33,0,0,0
602,1,2022239,geosfp/GEOSFP.20190701.A3mstC.025x03125.nc,876229026,338845696,131072,40,-51175424,window,random,random,33,0,0,0
603,1,2022239,geosfp/GEOSFP.20190701.A3mstC.025x03125.nc,876229026,222851072,131072,26,-116125696,window,random,random,33,0,0,0
604,1,2022239,geosfp/GEOSFP.20190701.A3mstC.025x03125.nc,876229026,682258432,131072,81,459276288,window,random,random,33,0,0,0
605,1,2022239,geosfp/GEOSFP.20190701.A3mstC.025x03125.nc,876229026,404176896,131072,48,-278212608,window,random,random,33,0,0,0
606,1,2022239,geosfp/GEOSFP.20190701.A3mstC.025x03125.nc,876229026,75616256,131072,9,-328691712,window,random,random,33,0,0,0
607,1,2022239,geosfp/GEOSFP.20190701.A3mstC.025x03125.nc,876229026,616468480,131072,73,540721152,window,random,random,33,0,0,0
608,1,2022239,geosfp/GEOSFP.20190701.A3mstC.025x03125.nc,876229026,315830272,131072,37,-300769280,window,random,random,33,0,0,0
609,1,2022239,geosfp/GEOSFP.20190701.A3mstC.025x03125.nc,876229026,182513664,131072,21,-133447680,window,random,random,33,0,0,0
610,1,2022239,geosfp/GEOSFP.20190701.A3mstC.025x03125.nc,876229026,122535936,131072,14,-60108800,window,random,random,33,0,0,0
611,1,2022239,geosfp/GEOSFP.20190701.A3mstC.025x03125.nc,876229026,269213696,131072,32,146546688,window,random,random,33,0,0,0
612,1,2022239,geosfp/GEOSFP.20190701.A3mstC.025x03125.nc,876229026,658165760,131072,78,388820992,window,random,random,33,0,0,0
613,1,2022239,geosfp/GEOSFP.20190701.A3mstC.025x03125.nc,876229026,89686016,131072,10,-568610816,window,random,random,33,0,0,0
614,1,2022239,geosfp/GEOSFP.20190701.A3mstC.025x03125.nc,876229026,690536448,131072,82,600719360,window,random,random,33,0,0,0
615,1,2022239,geosfp/GEOSFP.20190701.A3mstC.025x03125.nc,876229026,321970176,131072,38,-368697344,window,random,random,33,0,0,0
616,1,2022239,geosfp/GEOSFP.20190701.A3mstC.025x03125.nc,876229026,488230912,131072,58,166129664,window,random,random,33,0,0,0
617,1,2022239,geosfp/GEOSFP.20190701.A3mstC.025x03125.nc,876229026,510853120,131072,60,22491136,window,random,random,33,0,0,0
618,1,2022239,geosfp/GEOSFP.20190701.A3mstC.025x03125.nc,876229026,676433920,131072,80,165449728,window,random,random,33,0,0,0
619,1,2022239,geosfp/GEOSFP.20190701.A3mstC.025x03125.nc,876229026,77606912,131072,9,-598958080,window,random,random,33,0,0,0
620,1,2022239,geosfp/GEOSFP.20190701.A3mstC.025x03125.nc,876229026,594567168,131072,70,516829184,window,random,random,33,0,0,0
621,1,2022239,geosfp/GEOSFP.20190701.A3mstC.025x03125.nc,876229026,848035840,131072,101,253337600,window,random,random,33,0,0,0
622,1,2022239,geosfp/GEOSFP.20190701.A3mstC.025x03125.nc,876229026,210235392,131072,25,-637931520,window,random,random,33,0,0,0
623,1,2022239,geosfp/GEOSFP.20190701.A3mstC.025x03125.nc,876229026,703070208,131072,83,492703744,window,random,random,33,0,0,0
624,1,2022239,geosfp/GEOSFP.20190701.A3mstC.025x03125.nc,876229026,334397440,131072,39,-368803840,window,random,random,33,0,0,0
625,1,2022239,geosfp/GEOSFP.20190701.A3mstC.025x03125.nc,876229026,475447296,131072,56,140918784,window,random,random,33,0,0,0
626,1,2022239,geosfp/GEOSFP.20190701.A3mstC.025x03125.nc,876229026,285523968,131072,34,-190054400,window,random,random,33,0,0,0
627,1,2022239,geosfp/GEOSFP.20190701.A3mstC.025x03125.nc,876229026,613093376,131072,73,327438336,window,random,random,33,0,0,0
628,1,2022239,geosfp/GEOSFP.20190701.A3mstC.025x03125.nc,876229026,359641088,131072,42,-253583360,window,random,random,33,0,0,0
629,1,2022239,geosfp/GEOSFP.20190701.A3mstC.025x03125.nc,876229026,478810112,131072,57,119037952,window,random,random,33,0,0,0
630,1,2022239,geosfp/GEOSFP.20190701.A3mstC.025x03125.nc,876229026,774873088,131072,92,295931904,window,random,random,33,0,0,0
631,1,2022239,geosfp/GEOSFP.20190701.A3mstC.025x03125.nc,876229026,174198784,131072,20,-600805376,window,random,random,33,0,0,0
632,1,2022239,geosfp/GEOSFP.20190701.A3mstC.025x03125.nc,876229026,248610816,131072,29,74280960,window,random,random,33,0,0,0
633,1,2022239,geosfp/GEOSFP.20190701.A3mstC.025x03125.nc,876229026,854753280,131072,101,606011392,window,random,random,33,0,0,0
634,1,2022239,geosfp/GEOSFP.20190701.A3mstC.025x03125.nc,876229026,835362816,131072,99,-19521536,window,random,random,33,0,0,0
635,1,2022239,geosfp/GEOSFP.20190701.A3mstC.025x03125.nc,876229026,253038592,131072,30,-582455296,window,random,random,33,0,0,0
636,1,2022239,geosfp/GEOSFP.20190701.A3mstC.025x03125.nc,876229026,150568960,131072,17,-102600704,window,random,random,33,0,0,0
637,1,2022239,geosfp/GEOSFP.20190701.A3mstC.025x03125.nc,876229026,224624640,131072,26,73924608,window,random,random,33,0,0,0
638,1,2022239,geosfp/GEOSFP.20190701.A3mstC.025x03125.nc,876229026,560590848,114688,66,335835136,window,random,random,33,0,0,0
639,1,2022239,geosfp/GEOSFP.20190701.A3mstC.025x03125.nc,876229026,717443072,131072,85,156737536,window,random,random,33,0,0,0
640,1,2022239,geosfp/GEOSFP.20190701.A3mstC.025x03125.nc,876229026,206082048,131072,24,-511492096,window,random,random,33,0,0,0
641,1,2022239,geosfp/GEOSFP.20190701.A3mstC.025x03125.nc,876229026,358555648,131072,42,152342528,window,random,random,33,0,0,0
642,1,2022239,geosfp/GEOSFP.20190701.A3mstC.025x03125.nc,876229026,456421376,131072,54,97734656,window,random,random,33,0,0,0
643,1,2022239,geosfp/GEOSFP.20190701.A3mstC.025x03125.nc,876229026,846577664,131072,100,390025216,window,random,random,33,0,0,0
644,1,2022239,geosfp/GEOSFP.20190701.A3mstC.025x03125.nc,876229026,364756992,131072,43,-481951744,window,random,random,33,0,0,0
645,1,2022239,geosfp/GEOSFP.20190701.A3mstC.025x03125.nc,876229026,558022656,131072,66,193134592,window,random,random,33,0,0,0
646,1,2022239,geosfp/GEOSFP.20190701.A3mstC.025x03125.nc,876229026,411807744,131072,49,-146345984,window,random,random,33,0,0,0
647,1,2022239,geosfp/GEOSFP.20190701.A3mstC.025x03125.nc,876229026,49831936,131072,5,-362106880,window,random,random,33,0,0,0
648,1,2022239,geosfp/GEOSFP.20190701.A3mstC.025x03125.nc,876229026,696692736,131072,83,646729728,window,random,random,33,0,0,0
649,1,2022239,geosfp/GEOSFP.20190701.A3mstC.025x03125.nc,876229026,24653824,131072,2,-672169984,window,random,random,33,0,0,0
650,1,2022239,geosfp/GEOSFP.20190701.A3mstC.025x03125.nc,876229026,622624768,131072,74,597839872,window,random,random,33,0,0,0
651,1,2022239,geosfp/GEOSFP.20190701.A3mstC.025x03125.nc,876229026,663793664,131072,79,41037824,window,random,random,33,0,0,0
652,1,2022239,geosfp/GEOSFP.20190701.A3mstC.025x03125.nc,876229026,425799680,90112,50,-238125056,window,random,random,33,0,0,0
653,1,2022239,geosfp/GEOSFP.20190701.A3mstC.025x03125.nc,876229026,561238016,131072,66,135348224,window,random,random,33,0,0,0
654,1,2022239,geosfp/GEOSFP.20190701.A3mstC.025x03125.nc,876229026,734756864,114688,87,173387776,window,random,random,33,0,0,0
655,1,2022239,geosfp/GEOSFP.20190701.A3mstC.025x03125.nc,876229026,868057088,131072,103,133185536,window,random,random,33,0,0,0
656,1,2022239,geosfp/GEOSFP.20190701.A3mstC.025x03125.nc,876229026,446464000,131072,53,-421724160,window,random,random,33,0,0,0
657,1,2022239,geosfp/GEOSFP.20190701.A3mstC.025x03125.nc,876229026,642797568,131072,76,196202496,window,random,random,33,0,0,0
658,1,2022239,geosfp/GEOSFP.20190701.A3mstC.025x03125.nc,876229026,149176320,131072,17,-493752320,window,random,random,33,0,0,0
659,1,2022239,geosfp/GEOSFP.20190701.A3mstC.025x03125.nc,876229026,505180160,131072,60,355872768,window,random,random,33,0,0,0
660,1,2022239,geosfp/GEOSFP.20190701.A3mstC.025x03125.nc,876229026,737902592,131072,87,232591360,window,random,random,33,0,0,0
661,1,2022239,geosfp/GEOSFP.20190701.A3mstC.025x03125.nc,876229026,429850624,131072,51,-308183040,window,random,random,33,0,0,0
662,1,2022239,geosfp/GEOSFP.20190701.A3mstC.025x03125.nc,876229026,464826368,131072,55,34844672,window,random,random,33,0,0,0
663,1,2022239,geosfp/GEOSFP.20190701.A3mstC.025x03125.nc,876229026,710758400,131072,84,245800960,window,random,random,33,0,0,0
664,1,2022239,geosfp/GEOSFP.20190701.A3mstC.025x03125.nc,876229026,577536000,106496,68,-133353472,window,random,random,33,0,0,0
665,1,2022239,geosfp/GEOSFP.20190701.A3mstC.025x03125.nc,876229026,197521408,131072,23,-380121088,window,random,random,33,0,0,0
666,1,2022239,geosfp/GEOSFP.20190701.A3mstC.025x03125.nc,876229026,547930112,131072,65,350277632,window,random,random,33,0,0,0
667,1,2022239,geosfp/GEOSFP.20190701.A3mstC.025x03125.nc,876229026,434085888,98304,51,-113975296,window,random,random,33,0,0,0
668,1,2022239,geosfp/GEOSFP.20190701.A3mstC.025x03125.nc,876229026,401383424,131072,47,-32800768,window,random,random,33,0,0,0
669,1,2022239,geosfp/GEOSFP.20190701.A3mstC.025x03125.nc,876229026,239476736,86016,28,-162037760,window,random,random,33,0,0,0
670,1,2022239,geosfp/GEOSFP.20190701.A3mstC.025x03125.nc,876229026,771457024,131072,91,531894272,window,random,random,33,0,0,0
671,1,2022239,geosfp/GEOSFP.20190701.A3mstC.025x03125.nc,876229026,169201664,131072,20,-602386432,window,random,random,33,0,0,0
672,1,2022239,geosfp/GEOSFP.20190701.A3mstC.025x03125.nc,876229026,116133888,122880,13,-53198848,window,random,random,33,0,0,0
673,1,2022239,geosfp/GEOSFP.20190701.A3mstC.025x03125.nc,876229026,634044416,131072,75,517787648,window,random,random,33,0,0,0
674,1,2022239,geosfp/GEOSFP.20190701.A3mstC.025x03125.nc,876229026,62173184,131072,7,-572002304,window,random,random,33,0,0,0
675,1,2022239,geosfp/GEOSFP.20190701.A3mstC.025x03125.nc,876229026,155004928,131072,18,92700672,window,random,random,33,0,0,0
676,1,2022239,geosfp/GEOSFP.20190701.A3mstC.025x03125.nc,876229026,46960640,131072,5,-108175360,window,random,random,33,0,0,0
677,1,2022239,geosfp/GEOSFP.20190701.A3mstC.025x03125.nc,876229026,14770176,131072,1,-32321536,window,random,random,33,0,0,0
678,1,2022239,geosfp/GEOSFP.20190701.A3mstC.025x03125.nc,876229026,122904576,131072,14,108003328,window,random,random,33,0,0,0
679,1,2022239,geosfp/GEOSFP.20190701.A3mstC.025x03125.nc,876229026,245616640,131072,29,122580992,window,random,random,33,0,0,0
680,1,2022239,geosfp/GEOSFP.20190701.A3mstC.025x03125.nc,876229026,361521152,131072,43,115773440,window,random,random,33,0,0,0
681,1,2022239,geosfp/GEOSFP.20190701.A3mstC.025x03125.nc,876229026,652492800,131072,77,290840576,window,random,random,33,0,0,0
682,1,2022239,geosfp/GEOSFP.20190701.A3mstC.025x03125.nc,876229026,656904192,131072,78,4280320,window,random,random,33,0,0,0
683,1,2022239,geosfp/GEOSFP.20190701.A3mstC.025x03125.nc,876229026,598986752,131072,71,-58048512,window,random,random,33,0,0,0
684,1,2022239,geosfp/GEOSFP.20190701.A3mstC.025x03125.nc,876229026,624381952,131072,74,25264128,window,random,random,33,0,0,0
685,1,2022239,geosfp/GEOSFP.20190701.A3mstC.025x03125.nc,876229026,563933184,131072,67,-60579840,window,random,random,33,0,0,0
686,1,2022239,geosfp/GEOSFP.20190701.A3mstC.025x03125.nc,876229026,597282816,131072,71,33218560,window,random,random,33,0,0,0
687,1,2022239,geosfp/GEOSFP.20190701.A3mstC.025x03125.nc,876229026,680439808,122880,81,83025920,window,random,random,33,0,0,0
688,1,2022239,geosfp/GEOSFP.20190701.A3mstC.025x03125.nc,876229026,36040704,131072,4,-644521984,window,random,random,33,0,0,0
689,1,2022239,geosfp/GEOSFP.20190701.A3mstC.025x03125.nc,876229026,227598336,131072,27,191426560,window,random,random,33,0,0,0
690,1,2022239,geosfp/GEOSFP.20190701.A3mstC.025x03125.nc,876229026,355385344,131072,42,127655936,window,random,random,33,0,0,0
691,1,2022239,geosfp/GEOSFP.20190701.A3mstC.025x03125.nc,876229026,569012224,131072,67,213495808,window,random,random,33,0,0,0
692,1,2022239,geosfp/GEOSFP.20190701.A3mstC.025x03125.nc,876229026,175362048,131072,20,-393781248,window,random,random,33,0,0,0
693,1,2022239,geosfp/GEOSFP.20190701.A3mstC.025x03125.nc,876229026,386494464,131072,46,211001344,window,random,random,33,0,0,0
694,1,2022239,geosfp/GEOSFP.20190701.A3mstC.025x03125.nc,876229026,109707264,131072,13,-276918272,window,random,random,33,0,0,0
695,1,2022239,geosfp/GEOSFP.20190701.A3mstC.025x03125.nc,876229026,193945600,131072,23,84107264,window,random,random,33,0,0,0
696,1,2022239,geosfp/GEOSFP.20190701.A3mstC.025x03125.nc,876229026,71294976,131072,8,-122781696,window,random,random,33,0,0,0
697,1,2022239,geosfp/GEOSFP.20190701.A3mstC.025x03125.nc,876229026,49291264,131072,5,-22134784,window,random,random,33,0,0,0
698,1,2022239,geosfp/GEOSFP.20190701.A3mstC.025x03125.nc,876229026,135135232,131072,16,85712896,window,random,random,33,0,0,0
699,1,2022239,geosfp/GEOSFP.20190701.A3mstC.025x03125.nc,876229026,126070784,131072,15,-9195520,window,random,random,33,0,0,0
700,1,2022239,geosfp/GEOSFP.20190701.A3mstC.025x03125.nc,876229026,236007424,131072,28,109805568,window,random,random,33,0,0,0
701,1,2022239,geosfp/GEOSFP.20190701.A3mstC.025x03125.nc,876229026,556978176,131072,66,320839680,window,random,random,33,0,0,0
702,1,2022239,geosfp/GEOSFP.20190701.A3mstC.025x03125.nc,876229026,491143168,131072,58,-65966080,window,random,random,33,0,0,0
703,1,2022239,geosfp/GEOSFP.20190701.A3mstC.025x03125.nc,876229026,472817664,131072,56,-18456576,window,random,random,33,0,0,0
704,1,2022239,geosfp/GEOSFP.20190701.A3mstC.025x03125.nc,876229026,183123968,131072,21,-289824768,window,random,random,33,0,0,0
705,1,2022239,geosfp/GEOSFP.20190701.A3mstC.025x03125.nc,876229026,683958272,131072,81,500703232,window,random,random,33,0,0,0
706,1,2022239,geosfp/GEOSFP.20190701.A3mstC.025x03125.nc,876229026,141545472,131072,16,-542543872,window,random,random,33,0,0,0
707,1,2022239,geosfp/GEOSFP.20190701.A3mstC.025x03125.nc,876229026,22343680,131072,2,-119332864,window,random,random,33,0,0,0
708,1,2022239,geosfp/GEOSFP.20190701.A3mstC.025x03125.nc,876229026,498716672,131072,59,476241920,window,random,random,33,0,0,0
709,1,2022239,geosfp/GEOSFP.20190701.A3mstC.025x03125.nc,876229026,159629312,131072,19,-339218432,window,random,random,33,0,0,0
710,1,2022239,geosfp/GEOSFP.20190701.A3mstC.025x03125.nc,876229026,646250496,126976,77,486490112,window,random,random,33,0,0,0
711,1,2022239,geosfp/GEOSFP.20190701.A3mstC.025x03125.nc,876229026,607899648,131072,72,-38477824,window,random,random,33,0,0,0
712,1,2022239,geosfp/GEOSFP.20190701.A3mstC.025x03125.nc,876229026,180895744,131072,21,-427134976,window,random,random,33,0,0,0
713,1,2022239,geosfp/GEOSFP.20190701.A3mstC.025x03125.nc,876229026,549527552,131072,65,368500736,window,random,random,33,0,0,0
714,1,2022239,geosfp/GEOSFP.20190701.A3mstC.025x03125.nc,876229026,382095360,131072,45,-167563264,window,random,random,33,0,0,0
715,1,2022239,geosfp/GEOSFP.20190701.A3mstC.025x03125.nc,876229026,590061568,131072,70,207835136,window,random,random,33,0,0,0
716,1,2022239,geosfp/GEOSFP.20190701.A3mstC.025x03125.nc,876229026,616263680,131072,73,26071040,window,random,random,33,0,0,0
717,1,2022239,geosfp/GEOSFP.20190701.A3mstC.025x03125.nc,876229026,199045120,131072,23,-417349632,window,random,random,33,0,0,0
718,1,2022239,geosfp/GEOSFP.20190701.A3mstC.025x03125.nc,876229026,1146880,131072,0,-198029312,window,random,random,33,0,0,0
719,1,2022239,geosfp/GEOSFP.20190701.A3mstC.025x03125.nc,876229026,313982976,131072,37,312705024,window,random,random,33,0,0,0
720,1,2022239,geosfp/GEOSFP.20190701.A3mstC.025x03125.nc,876229026,19607552,131072,2,-294506496,window,random,random,33,0,0,0
721,1,2022239,geosfp/GEOSFP.20190701.A3mstC.025x03125.nc,876229026,436068352,131072,51,416329728,window,random,random,33,0,0,0
722,1,2022239,geosfp/GEOSFP.20190701.A3mstC.025x03125.nc,876229026,218861568,131072,26,-217337856,window,random,random,33,0,0,0
723,1,2022239,geosfp/GEOSFP.20190701.A3mstC.025x03125.nc,876229026,92471296,131072,11,-126521344,window,random,random,33,0,0,0
724,1,2022239,geosfp/GEOSFP.20190701.A3mstC.025x03125.nc,876229026,265682944,131072,31,173080576,window,random,random,33,0,0,0
725,1,2022239,geosfp/GEOSFP.20190701.A3mstC.025x03125.nc,876229026,452231168,73728,53,186417152,window,random,random,33,0,0,0
726,1,2022239,geosfp/GEOSFP.20190701.A3mstC.025x03125.nc,876229026,487931904,131072,58,35627008,window,random,random,33,0,0,0
727,1,2022239,geosfp/GEOSFP.20190701.A3mstC.025x03125.nc,876229026,426213376,131072,50,-61849600,window,random,random,33,0,0,0
728,1,2022239,geosfp/GEOSFP.20190701.A3mstC.025x03125.nc,876229026,291934208,131072,34,-134410240,window,random,random,33,0,0,0
729,1,2022239,geosfp/GEOSFP.20190701.A3mstC.025x03125.nc,876229026,827461632,131072,98,535396352,window,random,random,33,0,0,0
730,1,2022239,geosfp/GEOSFP.20190701.A3mstC.025x03125.nc,876229026,360001536,131072,42,-467591168,window,random,random,33,0,0,0
731,1,2022239,geosfp/GEOSFP.20190701.A3mstC.025x03125.nc,876229026,365903872,131072,43,5771264,window,random,random,33,0,0,0
732,1,2022239,geosfp/GEOSFP.20190701.A3mstC.025x03125.nc,876229026,865865728,77824,103,499830784,window,random,random,33,0,0,0
733,1,2022239,geosfp/GEOSFP.20190701.A3mstC.025x03125.nc,876229026,435990528,77824,51,-429953024,window,random,random,33,0,0,0
734,1,2022239,geosfp/GEOSFP.20190701.A3mstC.025x03125.nc,876229026,815538176,131072,97,379469824,window,random,random,33,0,0,0
735,1,2022239,geosfp/GEOSFP.20190701.A3mstC.025x03125.nc,876229026,277843968,131072,33,-537825280,window,random,random,33,0,0,0
736,1,2022239,geosfp/GEOSFP.20190701.A3mstC.025x03125.nc,876229026,428892160,131072,51,150917120,window,random,random,33,0,0,0
737,1,2022239,geosfp/GEOSFP.20190701.A3mstC.025x03125.nc,876229026,728076288,131072,86,299053056,window,random,random,33,0,0,0
738,1,2022239,geosfp/GEOSFP.20190701.A3mstC.025x03125.nc,876229026,833892352,131072,99,105684992,window,random,random,33,0,0,0
739,1,2022239,geosfp/GEOSFP.20190701.A3mstC.025x03125.nc,876229026,179986432,131072,21,-654036992,window,random,random,33,0,0,0
740,1,2022239,geosfp/GEOSFP.20190701.A3mstC.025x03125.nc,876229026,395968512,131072,47,215851008,window,random,random,33,0,0,0
741,1,2022239,geosfp/GEOSFP.20190701.A3mstC.025x03125.nc,876229026,325394432,131072,38,-70705152,window,random,random,33,0,0,0
742,1,2022239,geosfp/GEOSFP.20190701.A3mstC.025x03125.nc,876229026,777547776,131072,92,452022272,window,random,random,33,0,0,0
743,1,2022239,geosfp/GEOSFP.20190701.A3mstC.025x03125.nc,876229026,121729024,131072,14,-655949824,window,random,random,33,0,0,0
744,1,2022239,geosfp/GEOSFP.20190701.A3mstC.025x03125.nc,876229026,743391232,131072,88,621531136,window,random,random,33,0,0,0
745,1,2022239,geosfp/GEOSFP.20190701.A3mstC.025x03125.nc,876229026,538652672,131072,64,-204869632,window,random,random,33,0,0,0
746,1,2022239,geosfp/GEOSFP.20190701.A3mstC.025x03125.nc,876229026,544567296,131072,64,5783552,window,random,random,33,0,0,0
747,1,2022239,geosfp/GEOSFP.20190701.A3mstC.025x03125.nc,876229026,729223168,131072,86,184524800,window,random,random,33,0,0,0
748,1,2022239,geosfp/GEOSFP.20190701.A3mstC.025x03125.nc,876229026,477208576,131072,56,-252145664,window,random,random,33,0,0,0
749,1,2022239,geosfp/GEOSFP.20190701.A3mstC.025x03125.nc,876229026,426848256,131072,50,-50491392,window,random,random,33,0,0,0
750,1,2022239,geosfp/GEOSFP.20190701.A3mstC.025x03125.nc,876229026,510062592,131072,60,83083264,window,random,random,33,0,0,0
751,1,2022239,geosfp/GEOSFP.20190701.A3mstC.025x03125.nc,876229026,832602112,131072,99,322408448,window,random,random,33,0,0,0
752,1,2022239,geosfp/GEOSFP.20190701.A3mstC.025x03125.nc,876229026,418074624,131072,49,-414658560,window,random,random,33,0,0,0
753,1,2022239,geosfp/GEOSFP.20190701.A3mstC.025x03125.nc,876229026,850657280,131072,101,432451584,window,random,random,33,0,0,0
754,1,2022239,geosfp/GEOSFP.20190701.A3mstC.025x03125.nc,876229026,798576640,131072,95,-52211712,window,random,random,33,0,0,0
755,1,2022239,geosfp/GEOSFP.20190701.A3mstC.025x03125.nc,876229026,154337280,131072,18,-644370432,window,random,random,33,0,0,0
756,1,2022239,geosfp/GEOSFP.20190701.A3mstC.025x03125.nc,876229026,245465088,131072,29,90996736,window,random,random,33,0,0,0
757,1,2022239,geosfp/GEOSFP.20190701.A3mstC.025x03125.nc,876229026,581484544,131072,69,335888384,window,random,random,33,0,0,0
758,1,2022239,geosfp/GEOSFP.20190701.A3mstC.025x03125.nc,876229026,676933632,131072,80,95318016,window,random,random,33,0,0,0
759,1,2022239,geosfp/GEOSFP.20190701.A3mstC.025x03125.nc,876229026,76042240,131072,9,-601022464,window,random,random,33,0,0,0
760,1,2022239,geosfp/GEOSFP.20190701.A3mstC.025x03125.nc,876229026,425660416,131072,50,349487104,window,random,random,33,0,0,0
761,1,2022239,geosfp/GEOSFP.20190701.A3mstC.025x03125.nc,876229026,822902784,131072,98,397111296,window,random,random,33,0,0,0
762,1,2022239,geosfp/GEOSFP.20190701.A3mstC.025x03125.nc,876229026,798760960,131072,95,-24272896,window,random,random,33,0,0,0
763,1,2022239,geosfp/GEOSFP.20190701.A3mstC.025x03125.nc,876229026,396099584,118784,47,-402792448,window,random,random,33,0,0,0
764,1,2022239,geosfp/GEOSFP.20190701.A3mstC.025x03125.nc,876229026,320397312,131072,38,-75821056,window,random,random,33,0,0,0
765,1,2022239,geosfp/GEOSFP.20190701.A3mstC.025x03125.nc,876229026,419332096,131072,49,98803712,window,random,random,33,0,0,0
766,1,2022239,geosfp/GEOSFP.20190701.A3mstC.025x03125.nc,876229026,745885696,131072,88,326422528,window,random,random,33,0,0,0
767,1,2022239,geosfp/GEOSFP.20190701.A3mstC.025x03125.nc,876229026,871743488,131072,103,125726720,window,random,random,33,0,0,0
768,1,2022239,geosfp/GEOSFP.20190701.A3mstC.025x03125.nc,876229026,407949312,131072,48,-463925248,window,random,random,33,0,0,0
769,1,2022239,geosfp/GEOSFP.20190701.A3mstC.025x03125.nc,876229026,335343616,131072,39,-72736768,window,random,random,33,0,0,0
770,1,2022239,geosfp/GEOSFP.20190701.A3mstC.025x03125.nc,876229026,162054144,131072,19,-173420544,window,random,random,33,0,0,0
771,1,2022239,geosfp/GEOSFP.20190701.A3mstC.025x03125.nc,876229026,8933376,69632,1,-153251840,window,random,random,33,0,0,0
772,1,2022239,geosfp/GEOSFP.20190701.A3mstC.025x03125.nc,876229026,526540800,131072,62,517537792,window,random,random,33,0,0,0
773,1,2022239,geosfp/GEOSFP.20190701.A3mstC.025x03125.nc,876229026,148017152,131072,17,-378654720,window,random,random,33,0,0,0
774,1,2022239,geosfp/GEOSFP.20190701.A3mstC.025x03125.nc,876229026,91234304,131072,10,-56913920,window,random,random,33,0,0,0
775,1,2022239,geosfp/GEOSFP.20190701.A3mstC.025x03125.nc,876229026,242688000,131072,28,151322624,window,random,random,33,0,0,0
776,1,2022239,geosfp/GEOSFP.20190701.A3mstC.025x03125.nc,876229026,579801088,131072,69,336982016,window,random,random,33,0,0,0
777,1,2022239,geosfp/GEOSFP.20190701.A3mstC.025x03125.nc,876229026,143286272,131072,17,-436645888,window,random,random,33,0,0,0
778,1,2022239,geosfp/GEOSFP.20190701.A3mstC.025x03125.nc,876229026,182087680,131072,21,38670336,window,random,random,33,0,0,0
779,1,2022239,geosfp/GEOSFP.20190701.A3mstC.025x03125.nc,876229026,765906944,131072,91,583688192,window,random,random,33,0,0,0
780,1,2022239,geosfp/GEOSFP.20190701.A3mstC.025x03125.nc,876229026,635170816,131072,75,-130867200,window,random,random,33,0,0,0
781,1,2022239,geosfp/GEOSFP.20190701.A3mstC.025x03125.nc,876229026,355917824,131072,42,-279384064,window,random,random,33,0,0,0
782,1,2022239,geosfp/GEOSFP.20190701.A3mstC.025x03125.nc,876229026,223215616,131072,26,-132833280,window,random,random,33,0,0,0
783,1,2022239,geosfp/GEOSFP.20190701.A3mstC.025x03125.nc,876229026,414584832,131072,49,191238144,window,random,random,33,0,0,0
784,1,2022239,geosfp/GEOSFP.20190701.A3mstC.025x03125.nc,876229026,729870336,131072,87,315154432,window,random,random,33,0,0,0
785,1,2022239,geosfp/GEOSFP.20190701.A3mstC.025x03125.nc,876229026,430764032,131072,51,-299237376,window,random,random,33,0,0,0
786,1,2022239,geosfp/GEOSFP.20190701.A3mstC.025x03125.nc,876229026,836964352,131072,99,406069248,window,random,random,33,0,0,0
787,1,2022239,geosfp/GEOSFP.20190701.A3mstC.025x03125.nc,876229026,233590784,131072,27,-603504640,window,random,random,33,0,0,0
788,1,2022239,geosfp/GEOSFP.20190701.A3mstC.025x03125.nc,876229026,100225024,131072,11,-133496832,window,random,random,33,0,0,0
789,1,2022239,geosfp/GEOSFP.20190701.A3mstC.025x03125.nc,876229026,642928640,94208,76,542572544,window,random,random,33,0,0,0
790,1,2022239,geosfp/GEOSFP.20190701.A3mstC.025x03125.nc,876229026,455503872,131072,54,-187518976,window,random,random,33,0,0,0
791,1,2022239,geosfp/GEOSFP.20190701.A3mstC.025x03125.nc,876229026,735731712,131072,87,280096768,window,random,random,33,0,0,0
792,1,2022239,geosfp/GEOSFP.20190701.A3mstC.025x03125.nc,876229026,875315200,131072,104,139452416,window,random,random,33,0,0,0
793,1,2022239,geosfp/GEOSFP.20190701.A3mstC.025x03125.nc,876229026,851873792,131072,101,-23572480,window,random,random,33,0,0,0
794,1,2022239,geosfp/GEOSFP.20190701.A3mstC.025x03125.nc,876229026,388444160,131072,46,-463560704,window,random,random,33,0,0,0
795,1,2022239,geosfp/GEOSFP.20190701.A3mstC.025x03125.nc,876229026,207245312,131072,24,-181329920,window,random,random,33,0,0,0
796,1,2022239,geosfp/GEOSFP.20190701.A3mstC.025x03125.nc,876229026,775409664,131072,92,568033280,window,random,random,33,0,0,0
797,1,2022239,geosfp/GEOSFP.20190701.A3mstC.025x03125.nc,876229026,132370432,131072,15,-643170304,window,random,random,33,0,0,0
798,1,2022239,geosfp/GEOSFP.20190701.A3mstC.025x03125.nc,876229026,129576960,122880,15,-2924544,window,random,random,33,0,0,0
799,1,2022239,geosfp/GEOSFP.20190701.A3mstC.025x03125.nc,876229026,782499840,131072,93,652800000,window,random,random,33,0,0,0
800,1,2022239,geosfp/GEOSFP.20190701.A3mstC.025x03125.nc,876229026,286363648,131072,34,-496267264,window,random,random,33,0,0,0
801,1,2022239,geosfp/GEOSFP.20190701.A3mstC.025x03125.nc,876229026,841011200,131072,100,554516480,window,random,random,33,0,0,0
802,1,2022239,geosfp/GEOSFP.20190701.A3mstC.025x03125.nc,876229026,466632704,131072,55,-374509568,window,random,random,33,0,0,0
803,1,2022239,geosfp/GEOSFP.20190701.A3mstC.025x03125.nc,876229026,338219008,131072,40,-128544768,window,random,random,33,0,0,0
804,1,2022239,geosfp/GEOSFP.20190701.A3mstC.025x03125.nc,876229026,461037568,131072,54,122687488,window,random,random,33,0,0,0
805,1,2022239,geosfp/GEOSFP.20190701.A3mstC.025x03125.nc,876229026,327405568,131072,39,-133763072,window,random,random,33,0,0,0
806,1,2022239,geosfp/GEOSFP.20190701.A3mstC.025x03125.nc,876229026,305610752,131072,36,-21925888,window,random,random,33,0,0,0
807,1,2022239,geosfp/GEOSFP.20190701.A3mstC.025x03125.nc,876229026,851120128,131072,101,545378304,window,random,random,33,0,0,0
808,1,2022239,geosfp/GEOSFP.20190701.A3mstC.025x03125.nc,876229026,779304960,131072,92,-71946240,window,random,random,33,0,0,0
809,1,2022239,geosfp/GEOSFP.20190701.A3mstC.025x03125.nc,876229026,715517952,131072,85,-63918080,window,random,random,33,0,0,0
810,1,2022239,geosfp/GEOSFP.20190701.A3mstC.025x03125.nc,876229026,834752512,131072,99,119103488,window,random,random,33,0,0,0
811,1,2022239,geosfp/GEOSFP.20190701.A3mstC.025x03125.nc,876229026,137285632,131072,16,-697597952,window,random,random,33,0,0,0
812,1,2022239,geosfp/GEOSFP.20190701.A3mstC.025x03125.nc,876229026,661671936,131072,78,524255232,window,random,random,33,0,0,0
813,1,2022239,geosfp/GEOSFP.20190701.A3mstC.025x03125.nc,876229026,767684608,65536,91,105881600,window,random,random,33,0,0,0
814,1,2022239,geosfp/GEOSFP.20190701.A3mstC.025x03125.nc,876229026,651747328,131072,77,-116002816,window,random,random,33,0,0,0
815,1,2022239,geosfp/GEOSFP.20190701.A3mstC.025x03125.nc,876229026,843280384,131072,100,191401984,window,random,random,33,0,0,0
816,1,2022239,geosfp/GEOSFP.20190701.A3mstC.025x03125.nc,876229026,83845120,131072,9,-759566336,window,random,random,33,0,0,0
817,1,2022239,geosfp/GEOSFP.20190701.A3mstC.025x03125.nc,876229026,189276160,131072,22,105299968,window,random,random,33,0,0,0
818,1,2022239,geosfp/GEOSFP.20190701.A3mstC.025x03125.nc,876229026,720093184,131072,85,530685952,window,random,random,33,0,0,0
819,1,2022239,geosfp/GEOSFP.20190701.A3mstC.025x03125.nc,876229026,97611776,131072,11,-622612480,window,random,random,33,0,0,0
820,1,2022239,geosfp/GEOSFP.20190701.A3mstC.025x03125.nc,876229026,823033856,81920,98,725291008,window,random,random,33,0,0,0
821,1,2022239,geosfp/GEOSFP.20190701.A3mstC.025x03125.nc,876229026,250134528,131072,29,-572981248,window,random,random,33,0,0,0
822,1,2022239,geosfp/GEOSFP.20190701.A3mstC.025x03125.nc,876229026,628891648,131072,74,378626048,window,random,random,33,0,0,0
823,1,2022239,geosfp/GEOSFP.20190701.A3mstC.025x03125.nc,876229026,315731968,98304,37,-313290752,window,random,random,33,0,0,0
824,1,2022239,geosfp/GEOSFP.20190701.A3mstC.025x03125.nc,876229026,354545664,131072,42,38715392,window,random,random,33,0,0,0
825,1,2022239,geosfp/GEOSFP.20190701.A3mstC.025x03125.nc,876229026,480522240,131072,57,125845504,window,random,random,33,0,0,0
826,1,2022239,geosfp/GEOSFP.20190701.A3mstC.025x03125.nc,876229026,404959232,131072,48,-75694080,window,random,random,33,0,0,0
827,1,2022239,geosfp/GEOSFP.20190701.A3mstC.025x03125.nc,876229026,544452608,114688,64,139362304,window,random,random,33,0,0,0
828,1,2022239,geosfp/GEOSFP.20190701.A3mstC.025x03125.nc,876229026,643022848,90112,76,98455552,window,random,random,33,0,0,0
829,1,2022239,geosfp/GEOSFP.20190701.A3mstC.025x03125.nc,876229026,652984320,131072,77,9871360,window,random,random,33,0,0,0
830,1,2022239,geosfp/GEOSFP.20190701.A3mstC.025x03125.nc,876229026,593690624,131072,70,-59424768,window,random,random,33,0,0,0
831,1,2022239,geosfp/GEOSFP.20190701.A3mstC.025x03125.nc,876229026,58454016,131072,6,-535367680,window,random,random,33,0,0,0
832,1,2022239,geosfp/GEOSFP.20190701.A3mstC.025x03125.nc,876229026,484528128,131072,57,425943040,window,random,random,33,0,0,0
833,1,2022239,geosfp/GEOSFP.20190701.A3mstC.025x03125.nc,876229026,416415744,131072,49,-68243456,window,random,random,33,0,0,0
834,1,2022239,geosfp/GEOSFP.20190701.A3mstC.025x03125.nc,876229026,741588992,131072,88,325042176,window,random,random,33,0,0,0
835,1,2022239,geosfp/GEOSFP.20190701.A3mstC.025x03125.nc,876229026,204828672,131072,24,-536891392,window,random,random,33,0,0,0
836,1,2022239,geosfp/GEOSFP.20190701.A3mstC.025x03125.nc,876229026,706510848,126976,84,501551104,window,random,random,33,0,0,0
837,1,2022239,geosfp/GEOSFP.20190701.A3mstC.025x03125.nc,876229026,24285184,131072,2,-682352640,window,random,random,33,0,0,0
838,1,2022239,geosfp/GEOSFP.20190701.A3mstC.025x03125.nc,876229026,451682304,131072,53,427266048,window,random,random,33,0,0,0
839,1,2022239,geosfp/GEOSFP.20190701.A3mstC.025x03125.nc,876229026,659353600,131072,78,207540224,window,random,random,33,0,0,0
840,1,2022239,geosfp/GEOSFP.20190701.A3mstC.025x03125.nc,876229026,538279936,131072,64,-121204736,window,random,random,33,0,0,0
841,1,2022239,geosfp/GEOSFP.20190701.A3mstC.025x03125.nc,876229026,772042752,131072,92,233631744,window,random,random,33,0,0,0
842,1,2022239,geosfp/GEOSFP.20190701.A3mstC.025x03125.nc,876229026,201801728,131072,24,-570372096,window,random,random,33,0,0,0
843,1,2022239,geosfp/GEOSFP.20190701.A3mstC.025x03125.nc,876229026,597458944,131072,71,395526144,window,random,random,33,0,0,0
844,1,2022239,geosfp/GEOSFP.20190701.A3mstC.025x03125.nc,876229026,468283392,131072,55,-129306624,window,random,random,33,0,0,0
845,1,2022239,geosfp/GEOSFP.20190701.A3mstC.025x03125.nc,876229026,420798464,131072,50,-47616000,window,random,random,33,0,0,0
846,1,2022239,geosfp/GEOSFP.20190701.A3mstC.025x03125.nc,876229026,136843264,131072,16,-284086272,window,random,random,33,0,0,0
847,1,2022239,geosfp/GEOSFP.20190701.A3mstC.025x03125.nc,876229026,89976832,131072,10,-46997504,window,random,random,33,0,0,0
848,1,2022239,geosfp/GEOSFP.20190701.A3mstC.025x03125.nc,876229026,353513472,131072,42,263405568,window,random,random,33,0,0,0
849,1,2022239,geosfp/GEOSFP.20190701.A3mstC.025x03125.nc,876229026,426385408,131072,50,72740864,window,random,random,33,0,0,0
850,1,2022239,geosfp/GEOSFP.20190701.A3mstC.025x03125.nc,876229026,330039296,131072,39,-96477184,window,random,random,33,0,0,0
851,1,2022239,geosfp/GEOSFP.20190701.A3mstC.025x03125.nc,876229026,633171968,131072,75,303001600,window,random,random,33,0,0,0
852,1,2022239,geosfp/GEOSFP.20190701.A3mstC.025x03125.nc,876229026,43491328,131072,5,-589811712,window,random,random,33,0,0,0
853,1,2022239,geosfp/GEOSFP.20190701.A3mstC.025x03125.nc,876229026,24207360,77824,2,-19415040,window,random,random,33,0,0,0
854,1,2022239,geosfp/GEOSFP.20190701.A3mstC.025x03125.nc,876229026,431165440,131072,51,406880256,window,random,random,33,0,0,0
855,1,2022239,geosfp/GEOSFP.20190701.A3mstC.025x03125.nc,876229026,211693568,131072,25,-219602944,window,random,random,33,0,0,0
856,1,2022239,geosfp/GEOSFP.20190701.A3mstC.025x03125.nc,876229026,696840192,131072,83,485015552,window,random,random,33,0,0,0
857,1,2022239,geosfp/GEOSFP.20190701.A3mstC.025x03125.nc,876229026,620716032,131072,73,-76255232,window,random,random,33,0,0,0
858,1,2022239,geosfp/GEOSFP.20190701.A3mstC.025x03125.nc,876229026,201154560,131072,23,-419692544,window,random,random,33,0,0,0
859,1,2022239,geosfp/GEOSFP.20190701.A3mstC.025x03125.nc,876229026,519708672,131072,61,318423040,window,random,random,33,0,0,0
860,1,2022239,geosfp/GEOSFP.20190701.A3mstC.025x03125.nc,876229026,21966848,131072,2,-497872896,window,random,random,33,0,0,0
861,1,2022239,geosfp/GEOSFP.20190701.A3mstC.025x03125.nc,876229026,630460416,131072,75,608362496,window,random,random,33,0,0,0
862,1,2022239,geosfp/GEOSFP.20190701.A3mstC.025x03125.nc,876229026,583802880,131072,69,-46788608,window,random,random,33,0,0,0
863,1,2022239,geosfp/GEOSFP.20190701.A3mstC.025x03125.nc,876229026,347455488,131072,41,-236478464,window,random,random,33,0,0,0
864,1,2022239,geosfp/GEOSFP.20190701.A3mstC.025x03125.nc,876229026,338083840,131072,40,-9502720,window,random,random,33,0,0,0
865,1,2022239,geosfp/GEOSFP.20190701.A3mstC.025x03125.nc,876229026,696074240,131072,82,357859328,window,random,random,33,0,0,0
866,1,2022239,geosfp/GEOSFP.20190701.A3mstC.025x03125.nc,876229026,300548096,131072,35,-395657216,window,random,random,33,0,0,0
867,1,2022239,geosfp/GEOSFP.20190701.A3mstC.025x03125.nc,876229026,92717056,131072,11,-207962112,window,random,random,33,0,0,0
868,1,2022239,geosfp/GEOSFP.20190701.A3mstC.025x03125.nc,876229026,284921856,131072,33,192073728,window,random,random,33,0,0,0
869,1,2022239,geosfp/GEOSFP.20190701.A3mstC.025x03125.nc,876229026,25288704,131072,3,-259764224,window,random,random,33,0,0,0
870,1,2022239,geosfp/GEOSFP.20190701.A3mstC.025x03125.nc,876229026,316973056,131072,37,291553280,window,random,random,33,0,0,0
871,1,2022239,geosfp/GEOSFP.20190701.A3mstC.025x03125.nc,876229026,216850432,131072,25,-100253696,window,random,random,33,0,0,0
872,1,2022239,geosfp/GEOSFP.20190701.A3mstC.025x03125.nc,876229026,443904000,131072,52,226922496,window,random,random,33,0,0,0
873,1,2022239,geosfp/GEOSFP.20190701.A3mstC.025x03125.nc,876229026,278822912,131072,33,-165212160,window,random,random,33,0,0,0
874,1,2022239,geosfp/GEOSFP.20190701.A3mstC.025x03125.nc,876229026,290750464,131072,34,11796480,window,random,random,33,0,0,0
875,1,2022239,geosfp/GEOSFP.20190701.A3mstC.025x03125.nc,876229026,61968384,131072,7,-228913152,window,random,random,33,0,0,0
876,1,2022239,geosfp/GEOSFP.20190701.A3mstC.025x03125.nc,876229026,786124800,131072,93,724025344,window,random,random,33,0,0,0
877,1,2022239,geosfp/GEOSFP.20190701.A3mstC.025x03125.nc,876229026,599220224,131072,71,-187035648,window,random,random,33,0,0,0
878,1,2022239,geosfp/GEOSFP.20190701.A3mstC.025x03125.nc,876229026,757186560,131072,90,157835264,window,random,random,33,0,0,0
879,1,2022239,geosfp/GEOSFP.20190701.A3mstC.025x03125.nc,876229026,521728000,131072,62,-235589632,window,random,random,33,0,0,0
880,1,2022239,geosfp/GEOSFP.20190701.A3mstC.025x03125.nc,876229026,386838528,131072,46,-135020544,window,random,random,33,0,0,0
881,1,2022239,geosfp/GEOSFP.20190701.A3mstC.025x03125.nc,876229026,243396608,131072,29,-143572992,window,random,random,33,0,0,0
882,1,2022239,geosfp/GEOSFP.20190701.A3mstC.025x03125.nc,876229026,293912576,131072,35,50384896,window,random,random,33,0,0,0
883,1,2022239,geosfp/GEOSFP.20190701.A3mstC.025x03125.nc,876229026,831336448,131072,99,537292800,window,random,random,33,0,0,0
884,1,2022239,geosfp/GEOSFP.20190701.A3mstC.025x03125.nc,876229026,312946688,131072,37,-518520832,window,random,random,33,0,0,0
885,1,2022239,geosfp/GEOSFP.20190701.A3mstC.025x03125.nc,876229026,110784512,131072,13,-202293248,window,random,random,33,0,0,0
886,1,2022239,geosfp/GEOSFP.20190701.A3mstC.025x03125.nc,876229026,183787520,131072,21,72871936,window,random,random,33,0,0,0
887,1,2022239,geosfp/GEOSFP.20190701.A3mstC.025x03125.nc,876229026,42528768,131072,5,-141389824,window,random,random,33,0,0,0
888,1,2022239,geosfp/GEOSFP.20190701.A3mstC.025x03125.nc,876229026,70406144,131072,8,27746304,window,random,random,33,0,0,0
889,1,2022239,geosfp/GEOSFP.20190701.A3mstC.025x03125.nc,876229026,202526720,131072,24,131989504,window,random,random,33,0,0,0
890,1,2022239,geosfp/GEOSFP.20190701.A3mstC.025x03125.nc,876229026,525492224,131072,62,322834432,window,random,random,33,0,0,0
891,1,2022239,geosfp/GEOSFP.20190701.A3mstC.025x03125.nc,876229026,751628288,131072,89,226004992,window,random,random,33,0,0,0
892,1,2022239,geosfp/GEOSFP.20190701.A3mstC.025x03125.nc,876229026,299040768,131072,35,-452718592,window,random,random,33,0,0,0
893,1,2022239,geosfp/GEOSFP.20190701.A3mstC.025x03125.nc,876229026,452575232,131072,53,153403392,window,random,random,33,0,0,0
894,1,2022239,geosfp/GEOSFP.20190701.A3mstC.025x03125.nc,876229026,292065280,131072,34,-160641024,window,random,random,33,0,0,0
895,1,2022239,geosfp/GEOSFP.20190701.A3mstC.025x03125.nc,876229026,32178176,131072,3,-260018176,window,random,random,33,0,0,0
896,1,2022239,geosfp/GEOSFP.20190701.A3mstC.025x03125.nc,876229026,323538944,131072,38,291229696,window,random,random,33,0,0,0
897,1,2022239,geosfp/GEOSFP.20190701.A3mstC.025x03125.nc,876229026,110432256,131072,13,-213237760,window,random,random,33,0,0,0
898,1,2022239,geosfp/GEOSFP.20190701.A3mstC.025x03125.nc,876229026,555307008,131072,66,444743680,window,random,random,33,0,0,0
899,1,2022239,geosfp/GEOSFP.20190701.A3mstC.025x03125.nc,876229026,357081088,131072,42,-198356992,window,random,random,33,0,0,0
900,1,2022239,geosfp/GEOSFP.20190701.A3mstC.025x03125.nc,876229026,723005440,131072,86,365793280,window,random,random,33,0,0,0
901,1,2022239,geosfp/GEOSFP.20190701.A3mstC.025x03125.nc,876229026,482631680,131072,57,-240504832,window,random,random,33,0,0,0
902,1,2022239,geosfp/GEOSFP.20190701.A3mstC.025x03125.nc,876229026,327901184,131072,39,-154861568,window,random,random,33,0,0,0
903,1,2022239,geosfp/GEOSFP.20190701.A3mstC.025x03125.nc,876229026,178348032,110592,21,-149684224,window,random,strided,33,0,0,0
904,1,2022239,geosfp/GEOSFP.20190701.A3mstC.025x03125.nc,876229026,163528704,131072,19,-14929920,window,strided,random,33,0,0,0
905,1,2022239,geosfp/GEOSFP.20190701.A3mstC.025x03125.nc,876229026,426139648,73728,50,262479872,window,random,random,33,0,0,0
906,1,2022239,geosfp/GEOSFP.20190701.A3mstC.025x03125.nc,876229026,726417408,131072,86,300204032,window,random,random,33,0,0,0
907,1,2022239,geosfp/GEOSFP.20190701.A3mstC.025x03125.nc,876229026,655282176,131072,78,-71266304,window,random,random,33,0,0,0
908,1,2022239,geosfp/GEOSFP.20190701.A3mstC.025x03125.nc,876229026,403492864,131072,48,-251920384,window,random,random,33,0,0,0
909,1,2022239,geosfp/GEOSFP.20190701.A3mstC.025x03125.nc,876229026,780271616,131072,93,376647680,window,random,random,33,0,0,0
910,1,2022239,geosfp/GEOSFP.20190701.A3mstC.025x03125.nc,876229026,31416320,106496,3,-748986368,window,random,random,33,0,0,0
911,1,2022239,geosfp/GEOSFP.20190701.A3mstC.025x03125.nc,876229026,376823808,131072,44,345300992,window,random,random,33,0,0,0
912,1,2022239,geosfp/GEOSFP.20190701.A3mstC.025x03125.nc,876229026,172265472,131072,20,-204689408,window,random,random,33,0,0,0
913,1,2022239,geosfp/GEOSFP.20190701.A3mstC.025x03125.nc,876229026,82350080,131072,9,-90046464,window,random,random,33,0,0,0
914,1,2022239,geosfp/GEOSFP.20190701.A3mstC.025x03125.nc,876229026,32423936,131072,3,-50057216,window,random,random,33,0,0,0
915,1,2022239,geosfp/GEOSFP.20190701.A3mstC.025x03125.nc,876229026,665415680,131072,79,632860672,window,random,random,33,0,0,0
916,1,2022239,geosfp/GEOSFP.20190701.A3mstC.025x03125.nc,876229026,359477248,131072,42,-306069504,window,random,random,33,0,0,0
917,1,2022239,geosfp/GEOSFP.20190701.A3mstC.025x03125.nc,876229026,486838272,131072,58,127229952,window,random,random,33,0,0,0
918,1,2022239,geosfp/GEOSFP.20190701.A3mstC.025x03125.nc,876229026,555950080,131072,66,68980736,window,random,random,33,0,0,0
919,1,2022239,geosfp/GEOSFP.20190701.A3mstC.025x03125.nc,876229026,501940224,131072,59,-54140928,window,random,random,33,0,0,0
920,1,2022239,geosfp/GEOSFP.20190701.A3mstC.025x03125.nc,876229026,254001152,131072,30,-248070144,window,random,random,33,0,0,0
921,1,2022239,geosfp/GEOSFP.20190701.A3mstC.025x03125.nc,876229026,155521024,131072,18,-98611200,window,random,random,33,0,0,0
922,1,2022239,geosfp/GEOSFP.20190701.A3mstC.025x03125.nc,876229026,358268928,131072,42,202616832,window,random,random,33,0,0,0
923,1,2022239,geosfp/GEOSFP.20190701.A3mstC.025x03125.nc,876229026,458805248,131072,54,100405248,window,random,random,33,0,0,0
924,1,2022239,geosfp/GEOSFP.20190701.A3mstC.025x03125.nc,876229026,728207360,114688,86,269271040,window,random,random,33,0,0,0
925,1,2022239,geosfp/GEOSFP.20190701.A3mstC.025x03125.nc,876229026,280674304,131072,33,-447647744,window,random,random,33,0,0,0
926,1,2022239,geosfp/GEOSFP.20190701.A3mstC.025x03125.nc,876229026,359772160,65536,42,78966784,window,random,random,33,0,0,0
927,1,2022239,geosfp/GEOSFP.20190701.A3mstC.025x03125.nc,876229026,305467392,131072,36,-54370304,window,random,random,33,0,0,0
928,1,2022239,geosfp/GEOSFP.20190701.A3mstC.025x03125.nc,876229026,151961600,131072,18,-153636864,window,random,random,33,0,0,0
929,1,2022239,geosfp/GEOSFP.20190701.A3mstC.025x03125.nc,876229026,72003584,131072,8,-80089088,window,random,random,33,0,0,0
930,1,2022239,geosfp/GEOSFP.20190701.A3mstC.025x03125.nc,876229026,28942336,131072,3,-43192320,window,random,random,33,0,0,0
931,1,2022239,geosfp/GEOSFP.20190701.A3mstC.025x03125.nc,876229026,144478208,131072,17,115404800,window,random,random,33,0,0,0
932,1,2022239,geosfp/GEOSFP.20190701.A3mstC.025x03125.nc,876229026,255143936,131072,30,110534656,window,random,random,33,0,0,0
933,1,2022239,geosfp/GEOSFP.20190701.A3mstC.025x03125.nc,876229026,422195200,131072,50,166920192,window,random,random,33,0,0,0
934,1,2022239,geosfp/GEOSFP.20190701.A3mstC.025x03125.nc,876229026,373403648,131072,44,-48922624,window,random,random,33,0,0,0
935,1,2022239,geosfp/GEOSFP.20190701.A3mstC.025x03125.nc,876229026,84041728,131072,10,-289492992,window,random,random,33,0,0,0
936,1,2022239,geosfp/GEOSFP.20190701.A3mstC.025x03125.nc,876229026,724373504,131072,86,640200704,window,random,random,33,0,0,0
937,1,2022239,geosfp/GEOSFP.20190701.A3mstC.025x03125.nc,876229026,319029248,131072,38,-405475328,window,random,random,33,0,0,0
938,1,2022239,geosfp/GEOSFP.20190701.A3mstC.025x03125.nc,876229026,730714112,131072,87,411553792,window,random,random,33,0,0,0
939,1,2022239,geosfp/GEOSFP.20190701.A3mstC.025x03125.nc,876229026,60653568,131072,7,-670191616,window,random,random,33,0,0,0
940,1,2022239,geosfp/GEOSFP.20190701.A3mstC.025x03125.nc,876229026,845201408,131072,100,784416768,window,random,random,33,0,0,0
941,1,2022239,geosfp/GEOSFP.20190701.A3mstC.025x03125.nc,876229026,51933184,131072,6,-793399296,window,random,random,33,0,0,0
942,1,2022239,geosfp/GEOSFP.20190701.A3mstC.025x03125.nc,876229026,186687488,131072,22,134623232,window,random,random,33,0,0,0
943,1,2022239,geosfp/GEOSFP.20190701.A3mstC.025x03125.nc,876229026,647782400,131072,77,460963840,window,random,random,33,0,0,0
944,1,2022239,geosfp/GEOSFP.20190701.A3mstC.025x03125.nc,876229026,861581312,131072,102,213667840,window,random,random,33,0,0,0
945,1,2022239,geosfp/GEOSFP.20190701.A3mstC.025x03125.nc,876229026,355221504,73728,42,-506490880,window,random,random,33,0,0,0
946,1,2022239,geosfp/GEOSFP.20190701.A3mstC.025x03125.nc,876229026,809529344,131072,96,454234112,window,random,random,33,0,0,0
947,1,2022239,geosfp/GEOSFP.20190701.A3mstC.025x03125.nc,876229026,3194880,131072,0,-806465536,window,random,random,33,0,0,0
948,1,2022239,geosfp/GEOSFP.20190701.A3mstC.025x03125.nc,876229026,4927488,131072,0,1601536,window,random,random,33,0,0,0
949,1,2022239,geosfp/GEOSFP.20190701.A3mstC.025x03125.nc,876229026,343506944,131072,40,338448384,window,random,random,33,0,0,0
950,1,2022239,geosfp/GEOSFP.20190701.A3mstC.025x03125.nc,876229026,408080384,110592,48,64442368,window,random,random,33,0,0,0
951,1,2022239,geosfp/GEOSFP.20190701.A3mstC.025x03125.nc,876229026,104738816,131072,12,-303452160,window,random,random,33,0,0,0
952,1,2022239,geosfp/GEOSFP.20190701.A3mstC.025x03125.nc,876229026,382234624,131072,45,277364736,window,random,random,33,0,0,0
953,1,2022239,geosfp/GEOSFP.20190701.A3mstC.025x03125.nc,876229026,13897728,131072,1,-368467968,window,random,random,33,0,0,0
954,1,2022239,geosfp/GEOSFP.20190701.A3mstC.025x03125.nc,876229026,773881856,131072,92,759853056,window,random,random,33,0,0,0
955,1,2022239,geosfp/GEOSFP.20190701.A3mstC.025x03125.nc,876229026,596234240,131072,71,-177778688,window,random,random,33,0,0,0
956,1,2022239,geosfp/GEOSFP.20190701.A3mstC.025x03125.nc,876229026,546156544,131072,65,-50208768,window,random,random,33,0,0,0
957,1,2022239,geosfp/GEOSFP.20190701.A3mstC.025x03125.nc,876229026,793788416,131072,94,247500800,window,random,random,33,0,0,0
958,1,2022239,geosfp/GEOSFP.20190701.A3mstC.025x03125.nc,876229026,148500480,131072,17,-645419008,window,random,random,33,0,0,0
959,1,2022239,geosfp/GEOSFP.20190701.A3mstC.025x03125.nc,876229026,228171776,131072,27,79540224,window,random,random,33,0,0,0
960,1,2022239,geosfp/GEOSFP.20190701.A3mstC.025x03125.nc,876229026,491712512,131072,58,263409664,window,random,random,33,0,0,0
961,1,2022239,geosfp/GEOSFP.20190701.A3mstC.025x03125.nc,876229026,338591744,131072,40,-153251840,window,random,random,33,0,0,0
962,1,2022239,geosfp/GEOSFP.20190701.A3mstC.025x03125.nc,876229026,11141120,131072,1,-327581696,window,random,random,33,0,0,0
963,1,2022239,geosfp/GEOSFP.20190701.A3mstC.025x03125.nc,876229026,185401344,131072,22,174129152,window,random,random,33,0,0,0
964,1,2022239,geosfp/GEOSFP.20190701.A3mstC.025x03125.nc,876229026,305852416,131072,36,120320000,window,random,random,33,0,0,0
965,1,2022239,geosfp/GEOSFP.20190701.A3mstC.025x03125.nc,876229026,305745920,106496,36,-237568,window,random,random,33,0,0,0
966,1,2022239,geosfp/GEOSFP.20190701.A3mstC.025x03125.nc,876229026,852480000,131072,101,546627584,window,random,random,33,0,0,0
967,1,2022239,geosfp/GEOSFP.20190701.A3mstC.025x03125.nc,876229026,424886272,131072,50,-427724800,window,random,random,33,0,0,0
968,1,2022239,geosfp/GEOSFP.20190701.A3mstC.025x03125.nc,876229026,550150144,131072,65,125132800,window,random,random,33,0,0,0
969,1,2022239,geosfp/GEOSFP.20190701.A3mstC.025x03125.nc,876229026,227868672,131072,27,-322412544,window,random,random,33,0,0,0
970,1,2022239,geosfp/GEOSFP.20190701.A3mstC.025x03125.nc,876229026,760840192,131072,90,532840448,window,random,random,33,0,0,0
971,1,2022239,geosfp/GEOSFP.20190701.A3mstC.025x03125.nc,876229026,317624320,118784,37,-443346944,window,random,random,33,0,0,0
972,1,2022239,geosfp/GEOSFP.20190701.A3mstC.025x03125.nc,876229026,874409984,131072,104,556666880,window,random,random,33,0,0,0
973,1,2022239,geosfp/GEOSFP.20190701.A3mstC.025x03125.nc,876229026,384270336,118784,45,-490270720,window,random,random,33,0,0,0
974,1,2022239,geosfp/GEOSFP.20190701.A3mstC.025x03125.nc,876229026,844959744,131072,100,460570624,window,random,random,33,0,0,0
975,1,2022239,geosfp/GEOSFP.20190701.A3mstC.025x03125.nc,876229026,718790656,131072,85,-126300160,window,random,random,33,0,0,0
976,1,2022239,geosfp/GEOSFP.20190701.A3mstC.025x03125.nc,876229026,53125120,131072,6,-665796608,window,random,random,33,0,0,0
977,1,2022239,geosfp/GEOSFP.20190701.A3mstC.025x03125.nc,876229026,605913088,131072,72,552656896,window,random,random,33,0,0,0
978,1,2022239,geosfp/GEOSFP.20190701.A3mstC.025x03125.nc,876229026,328450048,131072,39,-277594112,window,random,random,33,0,0,0
979,1,2022239,geosfp/GEOSFP.20190701.A3mstC.025x03125.nc,876229026,656265216,131072,78,327684096,window,random,random,33,0,0,0
980,1,2022239,geosfp/GEOSFP.20190701.A3mstC.025x03125.nc,876229026,19066880,131072,2,-637329408,window,random,random,33,0,0,0
981,1,2022239,geosfp/GEOSFP.20190701.A3mstC.025x03125.nc,876229026,731303936,131072,87,712105984,window,random,random,33,0,0,0
982,1,2022239,geosfp/GEOSFP.20190701.A3mstC.025x03125.nc,876229026,178642944,131072,21,-552792064,window,random,random,33,0,0,0
983,1,2022239,geosfp/GEOSFP.20190701.A3mstC.025x03125.nc,876229026,354983936,106496,42,176209920,window,random,random,33,0,0,0
984,1,2022239,geosfp/GEOSFP.20190701.A3mstC.025x03125.nc,876229026,857477120,131072,102,502386688,window,random,random,33,0,0,0
985,1,2022239,geosfp/GEOSFP.20190701.A3mstC.025x03125.nc,876229026,349708288,131072,41,-507899904,window,random,random,33,0,0,0
986,1,2022239,geosfp/GEOSFP.20190701.A3mstC.025x03125.nc,876229026,517996544,114688,61,168157184,window,random,random,33,0,0,0
987,1,2022239,geosfp/GEOSFP.20190701.A3mstC.025x03125.nc,876229026,269905920,110592,32,-248205312,window,random,random,33,0,0,0
988,1,2022239,geosfp/GEOSFP.20190701.A3mstC.025x03125.nc,876229026,416858112,131072,49,146841600,window,random,random,33,0,0,0
989,1,2022239,geosfp/GEOSFP.20190701.A3mstC.025x03125.nc,876229026,266809344,131072,31,-150179840,window,random,random,33,0,0,0
990,1,2022239,geosfp/GEOSFP.20190701.A3mstC.025x03125.nc,876229026,145465344,131072,17,-121475072,window,random,random,33,0,0,0
991,1,2022239,geosfp/GEOSFP.20190701.A3mstC.025x03125.nc,876229026,533921792,131072,63,388325376,window,random,random,33,0,0,0
992,1,2022239,geosfp/GEOSFP.20190701.A3mstC.025x03125.nc,876229026,480776192,131072,57,-53276672,window,random,random,33,0,0,0
993,1,2022239,geosfp/GEOSFP.20190701.A3mstC.025x03125.nc,876229026,214818816,131072,25,-266088448,window,random,random,33,0,0,0
994,1,2022239,geosfp/GEOSFP.20190701.A3mstC.025x03125.nc,876229026,273203200,131072,32,58253312,window,random,random,33,0,0,0
995,1,2022239,geosfp/GEOSFP.20190701.A3mstC.025x03125.nc,876229026,38817792,131072,4,-234516480,window,random,random,33,0,0,0
996,1,2022239,geosfp/GEOSFP.20190701.A3mstC.025x03125.nc,876229026,23777280,131072,2,-15171584,window,random,random,33,0,0,0
997,1,2022239,geosfp/GEOSFP.20190701.A3mstC.025x03125.nc,876229026,799272960,126976,95,775364608,window,random,random,33,0,0,0
998,1,2022239,geosfp/GEOSFP.20190701.A3mstC.025x03125.nc,876229026,76972032,131072,9,-722427904,window,random,random,33,0,0,0
999,1,2022239,geosfp/GEOSFP.20190701.A3mstC.025x03125.nc,876229026,771665920,131072,91,694562816,window,random,random,33,0,0,0
1000,1,2022239,geosfp/GEOSFP.20190701.A3mstC.025x03125.nc,876229026,43839488,131072,5,-727957504,window,random,random,33,0,0,0
1001,1,2022239,geosfp/GEOSFP.20190701.A3mstC.025x03125.nc,876229026,858042368,131072,102,814071808,window,random,random,33,0,0,0
1002,1,2022239,geosfp/GEOSFP.20190701.A3mstC.025x03125.nc,876229026,377061376,131072,44,-481112064,window,random,random,33,0,0,0
1003,1,2022239,geosfp/GEOSFP.20190701.A3mstC.025x03125.nc,876229026,671207424,131072,80,294014976,window,random,random,33,0,0,0
1004,1,2022239,geosfp/GEOSFP.20190701.A3mstC.025x03125.nc,876229026,826990592,131072,98,155652096,window,random,random,33,0,0,0
1005,1,2022239,geosfp/GEOSFP.20190701.A3mstC.025x03125.nc,876229026,535269376,131072,63,-291852288,window,random,random,33,0,0,0
1006,1,2022239,geosfp/GEOSFP.20190701.A3mstC.025x03125.nc,876229026,776015872,131072,92,240615424,window,random,random,33,0,0,0
1007,1,2022239,geosfp/GEOSFP.20190701.A3mstC.025x03125.nc,876229026,435654656,131072,51,-340492288,window,random,random,33,0,0,0
1008,1,2022239,geosfp/GEOSFP.20190701.A3mstC.025x03125.nc,876229026,136060928,131072,16,-299724800,window,random,random,33,0,0,0
1009,1,2022239,geosfp/GEOSFP.20190701.A3mstC.025x03125.nc,876229026,475578368,114688,56,339386368,window,random,random,33,0,0,0
1010,1,2022239,geosfp/GEOSFP.20190701.A3mstC.025x03125.nc,876229026,450809856,131072,53,-24883200,window,random,random,33,0,0,0
1011,1,2022239,geosfp/GEOSFP.20190701.A3mstC.025x03125.nc,876229026,154935296,69632,18,-296005632,window,random,random,33,0,0,0
1012,1,2022239,geosfp/GEOSFP.20190701.A3mstC.025x03125.nc,876229026,29822976,131072,3,-125181952,window,random,random,33,0,0,0
1013,1,2022239,geosfp/GEOSFP.20190701.A3mstC.025x03125.nc,876229026,612081664,131072,72,582127616,window,random,random,33,0,0,0
1014,1,2022239,geosfp/GEOSFP.20190701.A3mstC.025x03125.nc,876229026,535400448,86016,63,-76812288,window,random,random,33,0,0,0
1015,1,2022239,geosfp/GEOSFP.20190701.A3mstC.025x03125.nc,876229026,452079616,131072,53,-83406848,window,random,random,33,0,0,0
1016,1,2022239,geosfp/GEOSFP.20190701.A3mstC.025x03125.nc,876229026,203407360,131072,24,-248803328,window,random,random,33,0,0,0
1017,1,2022239,geosfp/GEOSFP.20190701.A3mstC.025x03125.nc,876229026,39268352,131072,4,-164270080,window,random,random,33,0,0,0
1018,1,2022239,geosfp/GEOSFP.20190701.A3mstC.025x03125.nc,876229026,858824704,131072,102,819425280,window,random,random,33,0,0,0
1019,1,2022239,geosfp/GEOSFP.20190701.A3mstC.025x03125.nc,876229026,10465280,131072,1,-848490496,window,random,random,33,0,0,0
1020,1,2022239,geosfp/GEOSFP.20190701.A3mstC.025x03125.nc,876229026,594341888,131072,70,583745536,window,random,random,33,0,0,0
1021,1,2022239,geosfp/GEOSFP.20190701.A3mstC.025x03125.nc,876229026,303333376,126976,36,-291139584,window,random,random,33,0,0,0
1022,1,2022239,geosfp/GEOSFP.20190701.A3mstC.025x03125.nc,876229026,118845440,131072,14,-184614912,window,random,random,33,0,0,0
1023,1,2022239,geosfp/GEOSFP.20190701.A3mstC.025x03125.nc,876229026,132210688,131072,15,13234176,window,random,random,33,0,0,0
1024,1,2022239,geosfp/GEOSFP.20190701.A3mstC.025x03125.nc,876229026,811732992,131072,96,679391232,window,random,random,33,0,0,0
1025,1,2022239,geosfp/GEOSFP.20190701.A3mstC.025x03125.nc,876229026,703815680,131072,83,-108048384,window,random,random,33,0,0,0
1026,1,2022239,geosfp/GEOSFP.20190701.A3mstC.025x03125.nc,876229026,766423040,131072,91,62476288,window,random,random,33,0,0,0
1027,1,2022239,geosfp/GEOSFP.20190701.A3mstC.025x03125.nc,876229026,626196480,131072,74,-140357632,window,random,random,33,0,0,0
1028,1,2022239,geosfp/GEOSFP.20190701.A3mstC.025x03125.nc,876229026,367390720,131072,43,-258936832,window,random,random,33,0,0,0
1029,1,2022239,geosfp/GEOSFP.20190701.A3mstC.025x03125.nc,876229026,812793856,131072,96,445272064,window,random,random,33,0,0,0
1030,1,2022239,geosfp/GEOSFP.20190701.A3mstC.025x03125.nc,876229026,204713984,114688,24,-608210944,window,random,random,33,0,0,0
1031,1,2022239,geosfp/GEOSFP.20190701.A3mstC.025x03125.nc,876229026,444801024,131072,53,239972352,window,random,random,33,0,0,0
1032,1,2022239,geosfp/GEOSFP.20190701.A3mstC.025x03125.nc,876229026,340410368,131072,40,-104521728,window,random,random,33,0,0,0
1033,1,2022239,geosfp/GEOSFP.20190701.A3mstC.025x03125.nc,876229026,602386432,131072,71,261844992,window,random,random,33,0,0,0
1034,1,2022239,geosfp/GEOSFP.20190701.A3mstC.025x03125.nc,876229026,188637184,131072,22,-413880320,window,random,random,33,0,0,0
1035,1,2022239,geosfp/GEOSFP.20190701.A3mstC.025x03125.nc,876229026,25509888,131072,3,-163258368,window,random,random,33,0,0,0
1036,1,2022239,geosfp/GEOSFP.20190701.A3mstC.025x03125.nc,876229026,598577152,131072,71,572936192,window,random,random,33,0,0,0
1037,1,2022239,geosfp/GEOSFP.20190701.A3mstC.025x03125.nc,876229026,833040384,131072,99,234332160,window,random,random,33,0,0,0
1038,1,2022239,geosfp/GEOSFP.20190701.A3mstC.025x03125.nc,876229026,868974592,122880,103,35803136,window,random,random,33,0,0,0
1039,1,2022239,geosfp/GEOSFP.20190701.A3mstC.025x03125.nc,876229026,78102528,131072,9,-790994944,window,random,random,33,0,0,0
1040,1,2022239,geosfp/GEOSFP.20190701.A3mstC.025x03125.nc,876229026,74649600,77824,8,-3584000,window,random,random,33,0,0,0
1041,1,2022239,geosfp/GEOSFP.20190701.A3mstC.025x03125.nc,876229026,498282496,131072,59,423555072,window,random,random,33,0,0,0
1042,1,2022239,geosfp/GEOSFP.20190701.A3mstC.025x03125.nc,876229026,704602112,126976,83,206188544,window,random,random,33,0,0,0
1043,1,2022239,geosfp/GEOSFP.20190701.A3mstC.025x03125.nc,876229026,828203008,131072,98,123473920,window,random,random,33,0,0,0
1044,1,2022239,geosfp/GEOSFP.20190701.A3mstC.025x03125.nc,876229026,26390528,131072,3,-801943552,window,random,random,33,0,0,0
1045,1,2022239,geosfp/GEOSFP.20190701.A3mstC.025x03125.nc,876229026,90718208,131072,10,64196608,window,random,random,33,0,0,0
1046,1,2022239,geosfp/GEOSFP.20190701.A3mstC.025x03125.nc,876229026,653115392,73728,77,562266112,window,random,random,33,0,0,0
1047,1,2022239,geosfp/GEOSFP.20190701.A3mstC.025x03125.nc,876229026,268279808,73728,31,-384909312,window,random,random,33,0,0,0
1048,1,2022239,geosfp/GEOSFP.20190701.A3mstC.025x03125.nc,876229026,323809280,131072,38,55455744,window,random,random,33,0,0,0
1049,1,2022239,geosfp/GEOSFP.20190701.A3mstC.025x03125.nc,876229026,858955776,73728,102,535015424,window,random,random,33,0,0,0
1050,1,2022239,geosfp/GEOSFP.20190701.A3mstC.025x03125.nc,876229026,490352640,131072,58,-368676864,window,random,random,33,0,0,0
1051,1,2022239,geosfp/GEOSFP.20190701.A3mstC.025x03125.nc,876229026,34480128,102400,4,-456003584,window,random,random,33,0,0,0
1052,1,2022239,geosfp/GEOSFP.20190701.A3mstC.025x03125.nc,876229026,421793792,65536,50,387211264,window,random,random,33,0,0,0
1053,1,2022239,geosfp/GEOSFP.20190701.A3mstC.025x03125.nc,876229026,475783168,131072,56,53923840,window,random,random,33,0,0,0
1054,1,2022239,geosfp/GEOSFP.20190701.A3mstC.025x03125.nc,876229026,475328512,118784,56,-585728,window,random,random,33,0,0,0
1055,1,2022239,geosfp/GEOSFP.20190701.A3mstC.025x03125.nc,876229026,667377664,77824,79,191930368,window,random,random,33,0,0,0
1056,1,2022239,geosfp/GEOSFP.20190701.A3mstC.025x03125.nc,876229026,701681664,131072,83,34226176,window,random,random,33,0,0,0
1057,1,2022239,geosfp/GEOSFP.20190701.A3mstC.025x03125.nc,876229026,455032832,131072,54,-246779904,window,random,random,33,0,0,0
1058,1,2022239,geosfp/GEOSFP.20190701.A3mstC.025x03125.nc,876229026,456552448,106496,54,1388544,window,random,random,33,0,0,0
1059,1,2022239,geosfp/GEOSFP.20190701.A3mstC.025x03125.nc,876229026,630591488,94208,75,173932544,window,random,random,33,0,0,0
1060,1,2022239,geosfp/GEOSFP.20190701.A3mstC.025x03125.nc,876229026,296767488,131072,35,-333918208,window,random,random,33,0,0,0
1061,1,2022239,geosfp/GEOSFP.20190701.A3mstC.025x03125.nc,876229026,221708288,73728,26,-75190272,window,random,random,33,0,0,0
1062,1,2022239,geosfp/GEOSFP.20190701.A3mstC.025x03125.nc,876229026,574009344,131072,68,352227328,window,random,random,33,0,0,0
1063,1,2022239,geosfp/GEOSFP.20190701.A3mstC.025x03125.nc,876229026,94048256,131072,11,-480092160,window,random,random,33,0,0,0
1064,1,2022239,geosfp/GEOSFP.20190701.A3mstC.025x03125.nc,876229026,362942464,131072,43,268763136,window,random,random,33,0,0,0
1065,1,2022239,geosfp/GEOSFP.20190701.A3mstC.025x03125.nc,876229026,719499264,131072,85,356425728,window,random,random,33,0,0,0
1066,1,2022239,geosfp/GEOSFP.20190701.A3mstC.025x03125.nc,876229026,649613312,131072,77,-70017024,window,random,random,33,0,0,0
1067,1,2022239,geosfp/GEOSFP.20190701.A3mstC.025x03125.nc,876229026,638164992,131072,76,-11579392,window,random,random,33,0,0,0
1068,1,2022239,geosfp/GEOSFP.20190701.A3mstC.025x03125.nc,876229026,74960896,131072,8,-563335168,window,random,random,33,0,0,0
1069,1,2022239,geosfp/GEOSFP.20190701.A3mstC.025x03125.nc,876229026,294506496,122880,35,219414528,window,random,random,33,0,0,0
1070,1,2022239,geosfp/GEOSFP.20190701.A3mstC.025x03125.nc,876229026,356773888,131072,42,62144512,window,random,random,33,0,0,0
1071,1,2022239,geosfp/GEOSFP.20190701.A3mstC.025x03125.nc,876229026,412139520,131072,49,55234560,window,random,strided,33,0,1,0
1072,1,2022239,geosfp/GEOSFP.20190701.A3mstC.025x03125.nc,876229026,267313152,131072,31,-144957440,window,strided,random,33,0,0,0
1073,1,2022239,geosfp/GEOSFP.20190701.A3mstC.025x03125.nc,876229026,356491264,131072,42,89047040,window,random,random,33,0,0,0
1074,1,2022239,geosfp/GEOSFP.20190701.A3mstC.025x03125.nc,876229026,689520640,73728,82,332898304,window,random,random,33,0,0,0
1075,1,2022239,geosfp/GEOSFP.20190701.A3mstC.025x03125.nc,876229026,270274560,131072,32,-419319808,window,random,random,33,0,0,0
1076,1,2022239,geosfp/GEOSFP.20190701.A3mstC.025x03125.nc,876229026,233725952,131072,27,-36679680,window,random,random,33,0,0,0
1077,1,2022239,geosfp/GEOSFP.20190701.A3mstC.025x03125.nc,876229026,547414016,131072,65,313556992,window,random,random,33,0,0,0
1078,1,2022239,geosfp/GEOSFP.20190701.A3mstC.025x03125.nc,876229026,758390784,131072,90,210845696,window,random,random,33,0,0,0
1079,1,2022239,geosfp/GEOSFP.20190701.A3mstC.025x03125.nc,876229026,135626752,131072,16,-622895104,window,random,random,33,0,0,0
1080,1,2022239,geosfp/GEOSFP.20190701.A3mstC.025x03125.nc,876229026,345382912,131072,41,209625088,window,random,random,33,0,0,0
1081,1,2022239,geosfp/GEOSFP.20190701.A3mstC.025x03125.nc,876229026,602316800,69632,71,256802816,window,random,random,33,0,0,0
1082,1,2022239,geosfp/GEOSFP.20190701.A3mstC.025x03125.nc,876229026,183660544,126976,21,-418725888,window,random,random,33,0,0,0
1083,1,2022239,geosfp/GEOSFP.20190701.A3mstC.025x03125.nc,876229026,651550720,131072,77,467763200,window,random,random,33,0,0,0
1084,1,2022239,geosfp/GEOSFP.20190701.A3mstC.025x03125.nc,876229026,516513792,131072,61,-135168000,window,random,random,33,0,0,0
1085,1,2022239,geosfp/GEOSFP.20190701.A3mstC.025x03125.nc,876229026,535928832,131072,63,19283968,window,random,random,33,0,0,0
1086,1,2022239,geosfp/GEOSFP.20190701.A3mstC.025x03125.nc,876229026,864202752,131072,103,328142848,window,random,random,33,0,0,0
1087,1,2022239,geosfp/GEOSFP.20190701.A3mstC.025x03125.nc,876229026,769363968,131072,91,-94969856,window,random,random,33,0,0,0
1088,1,2022239,geosfp/GEOSFP.20190701.A3mstC.025x03125.nc,876229026,796479488,131072,94,26984448,window,random,random,33,0,0,0
1089,1,2022239,geosfp/GEOSFP.20190701.A3mstC.025x03125.nc,876229026,392949760,131072,46,-403660800,window,random,random,33,0,0,0
1090,1,2022239,geosfp/GEOSFP.20190701.A3mstC.025x03125.nc,876229026,517697536,131072,61,124616704,window,random,random,33,0,0,0
1091,1,2022239,geosfp/GEOSFP.20190701.A3mstC.025x03125.nc,876229026,608661504,131072,72,90832896,window,random,random,33,0,0,0
1092,1,2022239,geosfp/GEOSFP.20190701.A3mstC.025x03125.nc,876229026,310820864,131072,37,-297971712,window,random,random,33,0,0,0
1093,1,2022239,geosfp/GEOSFP.20190701.A3mstC.025x03125.nc,876229026,222670848,86016,26,-88281088,window,random,random,33,0,0,0
1094,1,2022239,geosfp/GEOSFP.20190701.A3mstC.025x03125.nc,876229026,651186176,131072,77,428429312,window,random,random,33,0,0,0
1095,1,2022239,geosfp/GEOSFP.20190701.A3mstC.025x03125.nc,876229026,218730496,131072,26,-432586752,window,random,random,33,0,0,0
1096,1,2022239,geosfp/GEOSFP.20190701.A3mstC.025x03125.nc,876229026,487751680,131072,58,268890112,window,random,random,33,0,0,0
1097,1,2022239,geosfp/GEOSFP.20190701.A3mstC.025x03125.nc,876229026,240676864,131072,28,-247205888,window,random,random,33,0,0,0
1098,1,2022239,geosfp/GEOSFP.20190701.A3mstC.025x03125.nc,876229026,231632896,131072,27,-9175040,window,random,random,33,0,0,0
1099,1,2022239,geosfp/GEOSFP.20190701.A3mstC.025x03125.nc,876229026,343703552,131072,40,111939584,window,random,random,33,0,0,0
1100,1,2022239,geosfp/GEOSFP.20190701.A3mstC.025x03125.nc,876229026,661954560,131072,78,318119936,window,random,random,33,0,0,0
1101,1,2022239,geosfp/GEOSFP.20190701.A3mstC.025x03125.nc,876229026,48971776,131072,5,-613113856,window,random,random,33,0,0,0
1102,1,2022239,geosfp/GEOSFP.20190701.A3mstC.025x03125.nc,876229026,481918976,131072,57,432816128,window,random,random,33,0,0,0
1103,1,2022239,geosfp/GEOSFP.20190701.A3mstC.025x03125.nc,876229026,219082752,131072,26,-262967296,window,random,random,33,0,0,0
1104,1,2022239,geosfp/GEOSFP.20190701.A3mstC.025x03125.nc,876229026,266977280,131072,31,47763456,window,random,random,33,0,0,0
1105,1,2022239,geosfp/GEOSFP.20190701.A3mstC.025x03125.nc,876229026,591536128,131072,70,324427776,window,random,random,33,0,0,0
1106,1,2022239,geosfp/GEOSFP.20190701.A3mstC.025x03125.nc,876229026,590987264,131072,70,-679936,window,random,random,33,0,0,0
1107,1,2022239,geosfp/GEOSFP.20190701.A3mstC.025x03125.nc,876229026,84369408,131072,10,-506748928,window,random,random,33,0,0,0
1108,1,2022239,geosfp/GEOSFP.20190701.A3mstC.025x03125.nc,876229026,712642560,131072,84,628142080,window,random,random,33,0,0,0
1109,1,2022239,geosfp/GEOSFP.20190701.A3mstC.025x03125.nc,876229026,15859712,131072,1,-696913920,window,random,random,33,0,0,0
1110,1,2022239,geosfp/GEOSFP.20190701.A3mstC.025x03125.nc,876229026,639954944,122880,76,623964160,window,random,random,33,0,0,0
1111,1,2022239,geosfp/GEOSFP.20190701.A3mstC.025x03125.nc,876229026,272486400,131072,32,-367591424,window,random,random,33,0,0,0
1112,1,2022239,geosfp/GEOSFP.20190701.A3mstC.025x03125.nc,876229026,470028288,131072,56,197410816,window,random,random,33,0,0,0
1113,1,2022239,geosfp/GEOSFP.20190701.A3mstC.025x03125.nc,876229026,399568896,131072,47,-70590464,window,random,random,33,0,0,0
1114,1,2022239,geosfp/GEOSFP.20190701.A3mstC.025x03125.nc,876229026,738754560,118784,88,339054592,window,random,random,33,0,0,0
1115,1,2022239,geosfp/GEOSFP.20190701.A3mstC.025x03125.nc,876229026,683618304,131072,81,-55255040,window,random,random,33,0,0,0
1116,1,2022239,geosfp/GEOSFP.20190701.A3mstC.025x03125.nc,876229026,483729408,131072,57,-200019968,window,random,random,33,0,0,0
1117,1,2022239,geosfp/GEOSFP.20190701.A3mstC.025x03125.nc,876229026,661102592,131072,78,177242112,window,random,random,33,0,0,0
1118,1,2022239,geosfp/GEOSFP.20190701.A3mstC.025x03125.nc,876229026,172826624,131072,20,-488407040,window,random,random,33,0,0,0
1119,1,2022239,geosfp/GEOSFP.20190701.A3mstC.025x03125.nc,876229026,199413760,94208,23,26456064,window,random,random,33,0,0,0
1120,1,2022239,geosfp/GEOSFP.20190701.A3mstC.025x03125.nc,876229026,1277952,86016,0,-198230016,window,random,random,33,0,0,0
1121,1,2022239,geosfp/GEOSFP.20190701.A3mstC.025x03125.nc,876229026,815722496,131072,97,814358528,window,random,random,33,0,0,0
1122,1,2022239,geosfp/GEOSFP.20190701.A3mstC.025x03125.nc,876229026,706768896,106496,84,-109084672,window,random,random,33,0,0,0
1123,1,2022239,geosfp/GEOSFP.20190701.A3mstC.025x03125.nc,876229026,637599744,131072,76,-69275648,window,random,random,33,0,0,0
1124,1,2022239,geosfp/GEOSFP.20190701.A3mstC.025x03125.nc,876229026,112721920,131072,13,-525008896,window,random,random,33,0,0,0
1125,1,2022239,geosfp/GEOSFP.20190701.A3mstC.025x03125.nc,876229026,395366400,131072,47,282513408,window,random,random,33,0,0,0
1126,1,2022239,geosfp/GEOSFP.20190701.A3mstC.025x03125.nc,876229026,93396992,131072,11,-302100480,window,random,random,33,0,0,0
1127,1,2022239,geosfp/GEOSFP.20190701.A3mstC.025x03125.nc,876229026,55615488,110592,6,-37912576,window,random,random,33,0,0,0
1128,1,2022239,geosfp/GEOSFP.20190701.A3mstC.025x03125.nc,876229026,240156672,131072,28,184430592,window,random,random,33,0,0,0
1129,1,2022239,geosfp/GEOSFP.20190701.A3mstC.025x03125.nc,876229026,223821824,131072,26,-16465920,window,random,random,33,0,0,0
1130,1,2022239,geosfp/GEOSFP.20190701.A3mstC.025x03125.nc,876229026,827617280,131072,98,603664384,window,random,random,33,0,0,0
1131,1,2022239,geosfp/GEOSFP.20190701.A3mstC.025x03125.nc,876229026,239693824,131072,28,-588054528,window,random,random,33,0,0,0
1132,1,2022239,geosfp/GEOSFP.20190701.A3mstC.025x03125.nc,876229026,313581568,86016,37,73756672,window,random,random,33,0,0,0
1133,1,2022239,geosfp/GEOSFP.20190701.A3mstC.025x03125.nc,876229026,404856832,102400,48,91189248,window,random,random,33,0,0,0
1134,1,2022239,geosfp/GEOSFP.20190701.A3mstC.025x03125.nc,876229026,37752832,131072,4,-367206400,window,random,random,33,0,0,0
1135,1,2022239,geosfp/GEOSFP.20190701.A3mstC.025x03125.nc,876229026,457187328,131072,54,419303424,window,random,random,33,0,0,0
1136,1,2022239,geosfp/GEOSFP.20190701.A3mstC.025x03125.nc,876229026,652623872,86016,77,195305472,window,random,random,33,0,0,0
1137,1,2022239,geosfp/GEOSFP.20190701.A3mstC.025x03125.nc,876229026,644161536,81920,76,-8548352,window,random,random,33,0,0,0
1138,1,2022239,geosfp/GEOSFP.20190701.A3mstC.025x03125.nc,876229026,391086080,131072,46,-253157376,window,random,random,33,0,0,0
1139,1,2022239,geosfp/GEOSFP.20190701.A3mstC.025x03125.nc,876229026,151089152,131072,18,-240128000,window,random,random,33,0,0,0
1140,1,2022239,geosfp/GEOSFP.20190701.A3mstC.025x03125.nc,876229026,539983872,131072,64,388763648,window,random,random,33,0,0,0
1141,1,2022239,geosfp/GEOSFP.20190701.A3mstC.025x03125.nc,876229026,599351296,106496,71,59236352,window,random,random,33,0,0,0
1142,1,2022239,geosfp/GEOSFP.20190701.A3mstC.025x03125.nc,876229026,468553728,131072,55,-130904064,window,random,random,33,0,0,0
1143,1,2022239,geosfp/GEOSFP.20190701.A3mstC.025x03125.nc,876229026,773722112,131072,92,305037312,window,random,random,33,0,0,0
1144,1,2022239,geosfp/GEOSFP.20190701.A3mstC.025x03125.nc,876229026,488476672,131072,58,-285376512,window,random,random,33,0,0,0
1145,1,2022239,geosfp/GEOSFP.20190701.A3mstC.025x03125.nc,876229026,772431872,131072,92,283824128,window,random,random,33,0,0,0
1146,1,2022239,geosfp/GEOSFP.20190701.A3mstC.025x03125.nc,876229026,17846272,131072,2,-754716672,window,random,random,33,0,0,0
1147,1,2022239,geosfp/GEOSFP.20190701.A3mstC.025x03125.nc,876229026,215539712,131072,25,197562368,window,random,random,33,0,0,0
1148,1,2022239,geosfp/GEOSFP.20190701.A3mstC.025x03125.nc,876229026,615116800,131072,73,399446016,window,random,random,33,0,0,0
1149,1,2022239,geosfp/GEOSFP.20190701.A3mstC.025x03125.nc,876229026,598851584,131072,71,-16396288,window,random,random,33,0,0,0
1150,1,2022239,geosfp/GEOSFP.20190701.A3mstC.025x03125.nc,876229026,466415616,131072,55,-132567040,window,random,random,33,0,0,0
1151,1,2022239,geosfp/GEOSFP.20190701.A3mstC.025x03125.nc,876229026,680280064,131072,81,213733376,window,random,random,33,0,0,0
1152,1,2022239,geosfp/GEOSFP.20190701.A3mstC.025x03125.nc,876229026,773554176,131072,92,93143040,window,random,random,33,0,0,0
1153,1,2022239,geosfp/GEOSFP.20190701.A3mstC.025x03125.nc,876229026,254238720,131072,30,-519446528,window,random,random,33,0,0,0
1154,1,2022239,geosfp/GEOSFP.20190701.A3mstC.025x03125.nc,876229026,598417408,131072,71,344047616,window,random,random,33,0,0,0
1155,1,2022239,geosfp/GEOSFP.20190701.A3mstC.025x03125.nc,876229026,351682560,131072,41,-246865920,window,random,random,33,0,0,0
1156,1,2022239,geosfp/GEOSFP.20190701.A3mstC.025x03125.nc,876229026,247357440,131072,29,-104456192,window,random,random,33,0,0,0
1157,1,2022239,geosfp/GEOSFP.20190701.A3mstC.025x03125.nc,876229026,615276544,131072,73,367788032,window,random,random,33,0,0,0
1158,1,2022239,geosfp/GEOSFP.20190701.A3mstC.025x03125.nc,876229026,21651456,131072,2,-593756160,window,random,random,33,0,0,0
1159,1,2022239,geosfp/GEOSFP.20190701.A3mstC.025x03125.nc,876229026,339947520,131072,40,318164992,window,random,random,33,0,0,0
1160,1,2022239,geosfp/GEOSFP.20190701.A3mstC.025x03125.nc,876229026,549658624,69632,65,209580032,window,random,random,33,0,0,0
1161,1,2022239,geosfp/GEOSFP.20190701.A3mstC.025x03125.nc,876229026,136257536,131072,16,-413470720,window,random,random,33,0,0,0
1162,1,2022239,geosfp/GEOSFP.20190701.A3mstC.025x03125.nc,876229026,692764672,131072,82,556376064,window,random,random,33,0,0,0
1163,1,2022239,geosfp/GEOSFP.20190701.A3mstC.025x03125.nc,876229026,697729024,131072,83,4833280,window,random,random,33,0,0,0
1164,1,2022239,geosfp/GEOSFP.20190701.A3mstC.025x03125.nc,876229026,530837504,131072,63,-167022592,window,random,random,33,0,0,0
1165,1,2022239,geosfp/GEOSFP.20190701.A3mstC.025x03125.nc,876229026,48615424,131072,5,-482353152,window,random,random,33,0,0,0
1166,1,2022239,geosfp/GEOSFP.20190701.A3mstC.025x03125.nc,876229026,647598080,131072,77,598851584,window,random,random,33,0,0,0
1167,1,2022239,geosfp/GEOSFP.20190701.A3mstC.025x03125.nc,876229026,777474048,73728,92,129744896,window,random,random,33,0,0,0
1168,1,2022239,geosfp/GEOSFP.20190701.A3mstC.025x03125.nc,876229026,827154432,131072,98,49606656,window,random,random,33,0,0,0
1169,1,2022239,geosfp/GEOSFP.20190701.A3mstC.025x03125.nc,876229026,111030272,131072,13,-716255232,window,random,random,33,0,0,0
1170,1,2022239,geosfp/GEOSFP.20190701.A3mstC.025x03125.nc,876229026,204234752,131072,24,93073408,window,random,random,33,0,0,0
1171,1,2022239,geosfp/GEOSFP.20190701.A3mstC.025x03125.nc,876229026,503533568,131072,60,299167744,window,random,random,33,0,0,0
1172,1,2022239,geosfp/GEOSFP.20190701.A3mstC.025x03125.nc,876229026,765763584,131072,91,262098944,window,random,random,33,0,0,0
1173,1,2022239,geosfp/GEOSFP.20190701.A3mstC.025x03125.nc,876229026,635457536,110592,75,-130437120,window,random,random,33,0,0,0
1174,1,2022239,geosfp/GEOSFP.20190701.A3mstC.025x03125.nc,876229026,636891136,131072,75,1323008,window,random,random,33,0,0,0
1175,1,2022239,geosfp/GEOSFP.20190701.A3mstC.025x03125.nc,876229026,832114688,131072,99,195092480,window,random,random,33,0,0,0
1176,1,2022239,geosfp/GEOSFP.20190701.A3mstC.025x03125.nc,876229026,164700160,131072,19,-667545600,window,random,random,33,0,0,0
1177,1,2022239,geosfp/GEOSFP.20190701.A3mstC.025x03125.nc,876229026,107163648,131072,12,-57667584,window,random,random,33,0,0,0
1178,1,2022239,geosfp/GEOSFP.20190701.A3mstC.025x03125.nc,876229026,207712256,131072,24,100417536,window,random,random,33,0,0,0
1179,1,2022239,geosfp/GEOSFP.20190701.A3mstC.025x03125.nc,876229026,587784192,81920,70,379940864,window,random,random,33,0,0,0
1180,1,2022239,geosfp/GEOSFP.20190701.A3mstC.025x03125.nc,876229026,391262208,131072,46,-196603904,window,random,random,33,0,0,0
1181,1,2022239,geosfp/GEOSFP.20190701.A3mstC.025x03125.nc,876229026,76288000,131072,9,-315105280,window,random,random,33,0,0,0
1182,1,2022239,geosfp/GEOSFP.20190701.A3mstC.025x03125.nc,876229026,436912128,131072,52,360493056,window,random,random,33,0,0,0
1183,1,2022239,geosfp/GEOSFP.20190701.A3mstC.025x03125.nc,876229026,695275520,131072,82,258232320,window,random,random,33,0,0,0
1184,1,2022239,geosfp/GEOSFP.20190701.A3mstC.025x03125.nc,876229026,512073728,131072,61,-183332864,window,random,random,33,0,0,0
1185,1,2022239,geosfp/GEOSFP.20190701.A3mstC.025x03125.nc,876229026,338722816,81920,40,-173481984,window,random,strided,33,0,0,0
1186,1,2022239,geosfp/GEOSFP.20190701.A3mstC.025x03125.nc,876229026,448253952,131072,53,109449216,window,strided,random,33,0,0,0
1187,1,2022239,geosfp/GEOSFP.20190701.A3mstC.025x03125.nc,876229026,331247616,122880,39,-117137408,window,random,random,33,0,0,0
1188,1,2022239,geosfp/GEOSFP.20190701.A3mstC.025x03125.nc,876229026,837992448,131072,99,506621952,window,random,random,33,0,0,0
1189,1,2022239,geosfp/GEOSFP.20190701.A3mstC.025x03125.nc,876229026,623812608,131072,74,-214310912,window,random,random,33,0,0,0
1190,1,2022239,geosfp/GEOSFP.20190701.A3mstC.025x03125.nc,876229026,497016832,131072,59,-126926848,window,random,random,33,0,0,0
1191,1,2022239,geosfp/GEOSFP.20190701.A3mstC.025x03125.nc,876229026,645779456,131072,76,148631552,window,random,random,33,0,0,0
1192,1,2022239,geosfp/GEOSFP.20190701.A3mstC.025x03125.nc,876229026,818098176,131072,97,172187648,window,random,random,33,0,0,0
1193,1,2022239,geosfp/GEOSFP.20190701.A3mstC.025x03125.nc,876229026,348123136,131072,41,-470106112,window,random,random,33,0,0,0
1194,1,2022239,geosfp/GEOSFP.20190701.A3mstC.025x03125.nc,876229026,320303104,94208,38,-27951104,window,random,random,33,0,0,0
1195,1,2022239,geosfp/GEOSFP.20190701.A3mstC.025x03125.nc,876229026,643112960,102400,76,322715648,window,random,random,33,0,0,0
1196,1,2022239,geosfp/GEOSFP.20190701.A3mstC.025x03125.nc,876229026,834289664,131072,99,191074304,window,random,random,33,0,0,0
1197,1,2022239,geosfp/GEOSFP.20190701.A3mstC.025x03125.nc,876229026,441487360,131072,52,-392933376,window,random,random,33,0,0,0
1198,1,2022239,geosfp/GEOSFP.20190701.A3mstC.025x03125.nc,876229026,235302912,131072,28,-206315520,window,random,random,33,0,0,0
1199,1,2022239,geosfp/GEOSFP.20190701.A3mstC.025x03125.nc,876229026,347942912,131072,41,112508928,window,random,random,33,0,0,0
1200,1,2022239,geosfp/GEOSFP.20190701.A3mstC.025x03125.nc,876229026,722604032,131072,86,374530048,window,random,random,33,0,0,0
1201,1,2022239,geosfp/GEOSFP.20190701.A3mstC.025x03125.nc,876229026,772341760,90112,92,49606656,window,random,random,33,0,0,0
1202,1,2022239,geosfp/GEOSFP.20190701.A3mstC.025x03125.nc,876229026,213463040,131072,25,-558968832,window,random,random,33,0,0,0
1203,1,2022239,geosfp/GEOSFP.20190701.A3mstC.025x03125.nc,876229026,466546688,65536,55,252952576,window,random,random,33,0,0,0
1204,1,2022239,geosfp/GEOSFP.20190701.A3mstC.025x03125.nc,876229026,638296064,114688,76,171683840,window,random,random,33,0,0,0
1205,1,2022239,geosfp/GEOSFP.20190701.A3mstC.025x03125.nc,876229026,168566784,131072,20,-469843968,window,random,random,33,0,0,0
1206,1,2022239,geosfp/GEOSFP.20190701.A3mstC.025x03125.nc,876229026,211218432,131072,25,42520576,window,random,random,33,0,0,0
1207,1,2022239,geosfp/GEOSFP.20190701.A3mstC.025x03125.nc,876229026,578314240,131072,68,366964736,window,random,random,33,0,0,0
1208,1,2022239,geosfp/GEOSFP.20190701.A3mstC.025x03125.nc,876229026,75948032,94208,9,-502497280,window,random,random,33,0,0,0
1209,1,2022239,geosfp/GEOSFP.20190701.A3mstC.025x03125.nc,876229026,641077248,131072,76,565035008,window,random,random,33,0,0,0
1210,1,2022239,geosfp/GEOSFP.20190701.A3mstC.025x03125.nc,876229026,301830144,131072,35,-339378176,window,random,random,33,0,0,0
1211,1,2022239,geosfp/GEOSFP.20190701.A3mstC.025x03125.nc,876229026,795959296,131072,94,493998080,window,random,random,33,0,0,0
1212,1,2022239,geosfp/GEOSFP.20190701.A3mstC.025x03125.nc,876229026,166670336,131072,19,-629420032,window,random,random,33,0,0,0
1213,1,2022239,geosfp/GEOSFP.20190701.A3mstC.025x03125.nc,876229026,547794944,131072,65,380993536,window,random,random,33,0,0,0
1214,1,2022239,geosfp/GEOSFP.20190701.A3mstC.025x03125.nc,876229026,373231616,131072,44,-174694400,window,random,random,33,0,0,0
1215,1,2022239,geosfp/GEOSFP.20190701.A3mstC.025x03125.nc,876229026,120283136,131072,14,-253079552,window,random,random,33,0,0,0
1216,1,2022239,geosfp/GEOSFP.20190701.A3mstC.025x03125.nc,876229026,737320960,131072,87,616906752,window,random,random,33,0,0,0
1217,1,2022239,geosfp/GEOSFP.20190701.A3mstC.025x03125.nc,876229026,666894336,131072,79,-70557696,window,random,random,33,0,0,0
1218,1,2022239,geosfp/GEOSFP.20190701.A3mstC.025x03125.nc,876229026,26841088,131072,3,-640184320,window,random,random,33,0,0,0
1219,1,2022239,geosfp/GEOSFP.20190701.A3mstC.025x03125.nc,876229026,711045120,131072,84,684072960,window,random,random,33,0,0,0
1220,1,2022239,geosfp/GEOSFP.20190701.A3mstC.025x03125.nc,876229026,752037888,131072,89,40861696,window,random,random,33,0,0,0
1221,1,2022239,geosfp/GEOSFP.20190701.A3mstC.025x03125.nc,876229026,614502400,131072,73,-137666560,window,random,random,33,0,0,0
1222,1,2022239,geosfp/GEOSFP.20190701.A3mstC.025x03125.nc,876229026,820297728,131072,97,205664256,window,random,random,33,0,0,0
1223,1,2022239,geosfp/GEOSFP.20190701.A3mstC.025x03125.nc,876229026,827944960,131072,98,7516160,window,random,random,33,0,0,0
1224,1,2022239,geosfp/GEOSFP.20190701.A3mstC.025x03125.nc,876229026,96174080,131072,11,-731901952,window,random,random,33,0,0,0
1225,1,2022239,geosfp/GEOSFP.20190701.A3mstC.025x03125.nc,876229026,782258176,131072,93,685953024,window,random,random,33,0,0,0
1226,1,2022239,geosfp/GEOSFP.20190701.A3mstC.025x03125.nc,876229026,22855680,131072,2,-759533568,window,random,random,33,0,0,0
1227,1,2022239,geosfp/GEOSFP.20190701.A3mstC.025x03125.nc,876229026,638500864,131072,76,615514112,window,random,random,33,0,0,0
1228,1,2022239,geosfp/GEOSFP.20190701.A3mstC.025x03125.nc,876229026,52064256,94208,6,-586567680,window,random,random,33,0,0,0
1229,1,2022239,geosfp/GEOSFP.20190701.A3mstC.025x03125.nc,876229026,716279808,131072,85,664121344,window,random,random,33,0,0,0
1230,1,2022239,geosfp/GEOSFP.20190701.A3mstC.025x03125.nc,876229026,383946752,131072,45,-332464128,window,random,random,33,0,0,0
1231,1,2022239,geosfp/GEOSFP.20190701.A3mstC.025x03125.nc,876229026,749522944,131072,89,365445120,window,random,random,33,0,0,0
1232,1,2022239,geosfp/GEOSFP.20190701.A3mstC.025x03125.nc,876229026,242966528,131072,28,-506687488,window,random,random,33,0,0,0
1233,1,2022239,geosfp/GEOSFP.20190701.A3mstC.025x03125.nc,876229026,324427776,122880,38,81330176,window,random,random,33,0,0,0
1234,1,2022239,geosfp/GEOSFP.20190701.A3mstC.025x03125.nc,876229026,132755456,131072,15,-191795200,window,random,random,33,0,0,0
1235,1,2022239,geosfp/GEOSFP.20190701.A3mstC.025x03125.nc,876229026,425455616,131072,50,292569088,window,random,random,33,0,0,0
1236,1,2022239,geosfp/GEOSFP.20190701.A3mstC.025x03125.nc,876229026,582647808,131072,69,157061120,window,random,random,33,0,0,0
1237,1,2022239,geosfp/GEOSFP.20190701.A3mstC.025x03125.nc,876229026,575287296,131072,68,-7491584,window,random,random,33,0,0,0
1238,1,2022239,geosfp/GEOSFP.20190701.A3mstC.025x03125.nc,876229026,870187008,131072,103,294768640,window,random,random,33,0,0,0
1239,1,2022239,geosfp/GEOSFP.20190701.A3mstC.025x03125.nc,876229026,450654208,131072,53,-419663872,window,random,random,33,0,0,0
1240,1,2022239,geosfp/GEOSFP.20190701.A3mstC.025x03125.nc,876229026,32309248,81920,3,-418476032,window,random,strided,33,0,0,0
1241,1,2022239,geosfp/GEOSFP.20190701.A3mstC.025x03125.nc,876229026,250630144,131072,29,218238976,window,strided,random,33,0,0,0
1242,1,2022239,geosfp/GEOSFP.20190701.A3mstC.025x03125.nc,876229026,694480896,131072,82,443719680,window,random,random,33,0,0,0
1243,1,2022239,geosfp/GEOSFP.20190701.A3mstC.025x03125.nc,876229026,481345536,131072,57,-213266432,window,random,random,33,0,0,0
1244,1,2022239,geosfp/GEOSFP.20190701.A3mstC.025x03125.nc,876229026,250023936,110592,29,-231452672,window,random,random,33,0,0,0
1245,1,2022239,geosfp/GEOSFP.20190701.A3mstC.025x03125.nc,876229026,273612800,131072,32,23478272,window,random,random,33,0,0,0
1246,1,2022239,geosfp/GEOSFP.20190701.A3mstC.025x03125.nc,876229026,205918208,131072,24,-67825664,window,random,random,33,0,0,0
1247,1,2022239,geosfp/GEOSFP.20190701.A3mstC.025x03125.nc,876229026,674234368,131072,80,468185088,window,random,random,33,0,0,0
1248,1,2022239,geosfp/GEOSFP.20190701.A3mstC.025x03125.nc,876229026,622288896,131072,74,-52076544,window,random,random,33,0,0,0
1249,1,2022239,geosfp/GEOSFP.20190701.A3mstC.025x03125.nc,876229026,31911936,131072,3,-590508032,window,random,random,33,0,0,0
1250,1,2022239,geosfp/GEOSFP.20190701.A3mstC.025x03125.nc,876229026,444047360,131072,52,412004352,window,random,random,33,0,0,0
1251,1,2022239,geosfp/GEOSFP.20190701.A3mstC.025x03125.nc,876229026,609792000,131072,72,165613568,window,random,random,33,0,0,0
1252,1,2022239,geosfp/GEOSFP.20190701.A3mstC.025x03125.nc,876229026,461594624,131072,55,-148328448,window,random,random,33,0,0,0
1253,1,2022239,geosfp/GEOSFP.20190701.A3mstC.025x03125.nc,876229026,183480320,131072,21,-278245376,window,random,random,33,0,0,0
1254,1,2022239,geosfp/GEOSFP.20190701.A3mstC.025x03125.nc,876229026,586305536,131072,69,402694144,window,random,random,33,0,0,0
1255,1,2022239,geosfp/GEOSFP.20190701.A3mstC.025x03125.nc,876229026,32960512,131072,3,-553476096,window,random,random,33,0,0,0
1256,1,2022239,geosfp/GEOSFP.20190701.A3mstC.025x03125.nc,876229026,526434304,106496,62,493342720,window,random,random,33,0,0,0
1257,1,2022239,geosfp/GEOSFP.20190701.A3mstC.025x03125.nc,876229026,190824448,131072,22,-335716352,window,random,random,33,0,0,0
1258,1,2022239,geosfp/GEOSFP.20190701.A3mstC.025x03125.nc,876229026,317247488,131072,37,126291968,window,random,random,33,0,0,0
1259,1,2022239,geosfp/GEOSFP.20190701.A3mstC.025x03125.nc,876229026,146382848,131072,17,-170995712,window,random,random,33,0,0,0
1260,1,2022239,geosfp/GEOSFP.20190701.A3mstC.025x03125.nc,876229026,794583040,131072,94,648069120,window,random,random,33,0,0,0
1261,1,2022239,geosfp/GEOSFP.20190701.A3mstC.025x03125.nc,876229026,427159552,131072,50,-367554560,window,random,random,33,0,0,0
1262,1,2022239,geosfp/GEOSFP.20190701.A3mstC.025x03125.nc,876229026,655564800,131072,78,228274176,window,random,random,33,0,0,0
1263,1,2022239,geosfp/GEOSFP.20190701.A3mstC.025x03125.nc,876229026,279203840,131072,33,-376492032,window,random,random,33,0,0,0
1264,1,2022239,geosfp/GEOSFP.20190701.A3mstC.025x03125.nc,876229026,105549824,131072,12,-173785088,window,random,random,33,0,0,0
1265,1,2022239,geosfp/GEOSFP.20190701.A3mstC.025x03125.nc,876229026,584097792,131072,69,478416896,window,random,random,33,0,0,0
1266,1,2022239,geosfp/GEOSFP.20190701.A3mstC.025x03125.nc,876229026,795082752,131072,94,210853888,window,random,random,33,0,0,0
1267,1,2022239,geosfp/GEOSFP.20190701.A3mstC.025x03125.nc,876229026,160563200,131072,19,-634650624,window,random,random,33,0,0,0
1268,1,2022239,geosfp/GEOSFP.20190701.A3mstC.025x03125.nc,876229026,105254912,131072,12,-55439360,window,random,random,33,0,0,0
1269,1,2022239,geosfp/GEOSFP.20190701.A3mstC.025x03125.nc,876229026,134139904,131072,15,28753920,window,random,random,33,0,0,0
1270,1,2022239,geosfp/GEOSFP.20190701.A3mstC.025x03125.nc,876229026,244654080,131072,29,110383104,window,random,random,33,0,0,0
1271,1,2022239,geosfp/GEOSFP.20190701.A3mstC.025x03125.nc,876229026,694706176,114688,82,449921024,window,random,random,33,0,0,0
1272,1,2022239,geosfp/GEOSFP.20190701.A3mstC.025x03125.nc,876229026,746692608,131072,89,51871744,window,random,random,33,0,0,0
1273,1,2022239,geosfp/GEOSFP.20190701.A3mstC.025x03125.nc,876229026,421388288,122880,50,-325435392,window,random,random,33,0,0,0
1274,1,2022239,geosfp/GEOSFP.20190701.A3mstC.025x03125.nc,876229026,325107712,131072,38,-96403456,window,random,random,33,0,0,0
1275,1,2022239,geosfp/GEOSFP.20190701.A3mstC.025x03125.nc,876229026,266129408,131072,31,-59109376,window,random,random,33,0,0,0
1276,1,2022239,geosfp/GEOSFP.20190701.A3mstC.025x03125.nc,876229026,296898560,69632,35,30638080,window,random,random,33,0,0,0
1277,1,2022239,geosfp/GEOSFP.20190701.A3mstC.025x03125.nc,876229026,289198080,131072,34,-7770112,window,random,random,33,0,0,0
1278,1,2022239,geosfp/GEOSFP.20190701.A3mstC.025x03125.nc,876229026,866357248,110592,103,577028096,window,random,random,33,0,0,0
1279,1,2022239,geosfp/GEOSFP.20190701.A3mstC.025x03125.nc,876229026,337752064,131072,40,-528715776,window,random,random,33,0,0,0
1280,1,2022239,geosfp/GEOSFP.20190701.A3mstC.025x03125.nc,876229026,397832192,131072,47,59949056,window,random,random,33,0,0,0
1281,1,2022239,geosfp/GEOSFP.20190701.A3mstC.025x03125.nc,876229026,125952000,118784,15,-272011264,window,random,random,33,0,0,0
1282,1,2022239,geosfp/GEOSFP.20190701.A3mstC.025x03125.nc,876229026,554303488,131072,66,428232704,window,random,random,33,0,0,0
1283,1,2022239,geosfp/GEOSFP.20190701.A3mstC.025x03125.nc,876229026,293593088,131072,34,-260841472,window,random,random,33,0,0,0
1284,1,2022239,geosfp/GEOSFP.20190701.A3mstC.025x03125.nc,876229026,107720704,131072,12,-186003456,window,random,random,33,0,0,0
1285,1,2022239,geosfp/GEOSFP.20190701.A3mstC.025x03125.nc,876229026,153935872,131072,18,46084096,window,random,random,33,0,0,0
1286,1,2022239,geosfp/GEOSFP.20190701.A3mstC.025x03125.nc,876229026,31653888,114688,3,-122413056,window,random,random,33,0,0,0
1287,1,2022239,geosfp/GEOSFP.20190701.A3mstC.025x03125.nc,876229026,268771328,81920,32,237002752,window,random,random,33,0,0,0
1288,1,2022239,geosfp/GEOSFP.20190701.A3mstC.025x03125.nc,876229026,81080320,131072,9,-187772928,window,random,random,33,0,0,0
1289,1,2022239,geosfp/GEOSFP.20190701.A3mstC.025x03125.nc,876229026,648499200,131072,77,567287808,window,random,random,33,0,0,0
1290,1,2022239,geosfp/GEOSFP.20190701.A3mstC.025x03125.nc,876229026,430120960,131072,51,-218509312,window,random,random,33,0,0,0
1291,1,2022239,geosfp/GEOSFP.20190701.A3mstC.025x03125.nc,876229026,525893632,131072,62,95641600,window,random,random,33,0,0,0
1292,1,2022239,geosfp/GEOSFP.20190701.A3mstC.025x03125.nc,876229026,732315648,131072,87,206290944,window,random,random,33,0,0,0
1293,1,2022239,geosfp/GEOSFP.20190701.A3mstC.025x03125.nc,876229026,681529344,131072,81,-50917376,window,random,random,33,0,0,0
1294,1,2022239,geosfp/GEOSFP.20190701.A3mstC.025x03125.nc,876229026,501399552,131072,59,-180260864,window,random,random,33,0,0,0
1295,1,2022239,geosfp/GEOSFP.20190701.A3mstC.025x03125.nc,876229026,773369856,131072,92,271839232,window,random,random,33,0,0,0
1296,1,2022239,geosfp/GEOSFP.20190701.A3mstC.025x03125.nc,876229026,808689664,131072,96,35188736,window,random,random,33,0,0,0
1297,1,2022239,geosfp/GEOSFP.20190701.A3mstC.025x03125.nc,876229026,135307264,131072,16,-673513472,window,random,random,33,0,0,0
1298,1,2022239,geosfp/GEOSFP.20190701.A3mstC.025x03125.nc,876229026,28508160,131072,3,-106930176,window,random,random,33,0,0,0
1299,1,2022239,geosfp/GEOSFP.20190701.A3mstC.025x03125.nc,876229026,87314432,131072,10,58675200,window,random,random,33,0,0,0
1300,1,2022239,geosfp/GEOSFP.20190701.A3mstC.025x03125.nc,876229026,16297984,131072,1,-71147520,window,random,random,33,0,0,0
1301,1,2022239,geosfp/GEOSFP.20190701.A3mstC.025x03125.nc,876229026,723386368,131072,86,706957312,window,random,random,33,0,0,0
1302,1,2022239,geosfp/GEOSFP.20190701.A3mstC.025x03125.nc,876229026,406409216,131072,48,-317108224,window,random,random,33,0,0,0
1303,1,2022239,geosfp/GEOSFP.20190701.A3mstC.025x03125.nc,876229026,222318592,131072,26,-184221696,window,random,random,33,0,0,0
1304,1,2022239,geosfp/GEOSFP.20190701.A3mstC.025x03125.nc,876229026,281178112,131072,33,58728448,window,random,random,33,0,0,0
1305,1,2022239,geosfp/GEOSFP.20190701.A3mstC.025x03125.nc,876229026,206213120,98304,24,-75096064,window,random,random,33,0,0,0
1306,1,2022239,geosfp/GEOSFP.20190701.A3mstC.025x03125.nc,876229026,265531392,131072,31,59219968,window,random,random,33,0,0,0
1307,1,2022239,geosfp/GEOSFP.20190701.A3mstC.025x03125.nc,876229026,634458112,131072,75,368795648,window,random,random,33,0,0,0
1308,1,2022239,geosfp/GEOSFP.20190701.A3mstC.025x03125.nc,876229026,541798400,131072,64,-92790784,window,random,random,33,0,0,0
1309,1,2022239,geosfp/GEOSFP.20190701.A3mstC.025x03125.nc,876229026,224292864,131072,26,-317636608,window,random,random,33,0,0,0
1310,1,2022239,geosfp/GEOSFP.20190701.A3mstC.025x03125.nc,876229026,818876416,131072,97,594452480,window,random,random,33,0,0,0
1311,1,2022239,geosfp/GEOSFP.20190701.A3mstC.025x03125.nc,876229026,100667392,131072,12,-718340096,window,random,random,33,0,0,0
1312,1,2022239,geosfp/GEOSFP.20190701.A3mstC.025x03125.nc,876229026,128696320,86016,15,27897856,window,random,random,33,0,0,0
1313,1,2022239,geosfp/GEOSFP.20190701.A3mstC.025x03125.nc,876229026,412336128,131072,49,283553792,window,random,random,33,0,0,0
1314,1,2022239,geosfp/GEOSFP.20190701.A3mstC.025x03125.nc,876229026,628645888,94208,74,216178688,window,random,random,33,0,0,0
1315,1,2022239,geosfp/GEOSFP.20190701.A3mstC.025x03125.nc,876229026,726323200,94208,86,97583104,window,random,random,33,0,0,0
1316,1,2022239,geosfp/GEOSFP.20190701.A3mstC.025x03125.nc,876229026,178847744,131072,21,-547569664,window,random,random,33,0,0,0
1317,1,2022239,geosfp/GEOSFP.20190701.A3mstC.025x03125.nc,876229026,260292608,131072,31,81313792,window,random,random,33,0,0,0
1318,1,2022239,geosfp/GEOSFP.20190701.A3mstC.025x03125.nc,876229026,48889856,81920,5,-211533824,window,random,random,33,0,0,0
1319,1,2022239,geosfp/GEOSFP.20190701.A3mstC.025x03125.nc,876229026,695648256,131072,82,646676480,window,random,random,33,0,0,0
1320,1,2022239,geosfp/GEOSFP.20190701.A3mstC.025x03125.nc,876229026,668631040,131072,79,-27148288,window,random,random,33,0,0,0
1321,1,2022239,geosfp/GEOSFP.20190701.A3mstC.025x03125.nc,876229026,844484608,131072,100,175722496,window,random,random,33,0,0,0
1322,1,2022239,geosfp/GEOSFP.20190701.A3mstC.025x03125.nc,876229026,668831744,131072,79,-175783936,window,random,random,33,0,0,0
1323,1,2022239,geosfp/GEOSFP.20190701.A3mstC.025x03125.nc,876229026,671350784,131072,80,2387968,window,random,random,33,0,0,0
1324,1,2022239,geosfp/GEOSFP.20190701.A3mstC.025x03125.nc,876229026,193519616,131072,23,-477962240,window,random,random,33,0,0,0
1325,1,2022239,geosfp/GEOSFP.20190701.A3mstC.025x03125.nc,876229026,717824000,131072,85,524173312,window,random,random,33,0,0,0
1326,1,2022239,geosfp/GEOSFP.20190701.A3mstC.025x03125.nc,876229026,36483072,131072,4,-681472000,window,random,random,33,0,0,0
1327,1,2022239,geosfp/GEOSFP.20190701.A3mstC.025x03125.nc,876229026,344264704,90112,41,307650560,window,random,random,33,0,0,0
1328,1,2022239,geosfp/GEOSFP.20190701.A3mstC.025x03125.nc,876229026,95084544,131072,11,-249270272,window,random,random,33,0,0,0
1329,1,2022239,geosfp/GEOSFP.20190701.A3mstC.025x03125.nc,876229026,186146816,131072,22,90931200,window,random,random,33,0,0,0
1330,1,2022239,geosfp/GEOSFP.20190701.A3mstC.025x03125.nc,876229026,534839296,131072,63,348561408,window,random,random,33,0,0,0
1331,1,2022239,geosfp/GEOSFP.20190701.A3mstC.025x03125.nc,876229026,553390080,131072,65,18419712,window,random,random,33,0,0,0
1332,1,2022239,geosfp/GEOSFP.20190701.A3mstC.025x03125.nc,876229026,429633536,131072,51,-123887616,window,random,random,33,0,0,0
1333,1,2022239,geosfp/GEOSFP.20190701.A3mstC.025x03125.nc,876229026,588636160,131072,70,158871552,window,random,random,33,0,0,0
1334,1,2022239,geosfp/GEOSFP.20190701.A3mstC.025x03125.nc,876229026,376188928,131072,44,-212578304,window,random,random,33,0,0,0
1335,1,2022239,geosfp/GEOSFP.20190701.A3mstC.025x03125.nc,876229026,765001728,131072,91,388681728,window,random,random,33,0,0,0
1336,1,2022239,geosfp/GEOSFP.20190701.A3mstC.025x03125.nc,876229026,8704000,98304,1,-756428800,window,random,random,33,0,0,0
1337,1,2022239,geosfp/GEOSFP.20190701.A3mstC.025x03125.nc,876229026,829161472,131072,98,820359168,window,random,random,33,0,0,0
1338,1,2022239,geosfp/GEOSFP.20190701.A3mstC.025x03125.nc,876229026,85557248,131072,10,-743735296,window,random,random,33,0,0,0
1339,1,2022239,geosfp/GEOSFP.20190701.A3mstC.025x03125.nc,876229026,333582336,131072,39,247894016,window,random,random,33,0,0,0
1340,1,2022239,geosfp/GEOSFP.20190701.A3mstC.025x03125.nc,876229026,351043584,131072,41,17330176,window,random,random,33,0,0,0
1341,1,2022239,geosfp/GEOSFP.20190701.A3mstC.025x03125.nc,876229026,822059008,131072,97,470884352,window,random,random,33,0,0,0
1342,1,2022239,geosfp/GEOSFP.20190701.A3mstC.025x03125.nc,876229026,343937024,131072,41,-478253056,window,random,random,33,0,0,0
1343,1,2022239,geosfp/GEOSFP.20190701.A3mstC.025x03125.nc,876229026,170999808,131072,20,-173068288,window,random,random,33,0,0,0
1344,1,2022239,geosfp/GEOSFP.20190701.A3mstC.025x03125.nc,876229026,408748032,131072,48,237617152,window,random,random,33,0,0,0
1345,1,2022239,geosfp/GEOSFP.20190701.A3mstC.025x03125.nc,876229026,453709824,131072,54,44830720,window,random,random,33,0,0,0
1346,1,2022239,geosfp/GEOSFP.20190701.A3mstC.025x03125.nc,876229026,443592704,131072,52,-10248192,window,random,random,33,0,0,0
1347,1,2022239,geosfp/GEOSFP.20190701.A3mstC.025x03125.nc,876229026,137183232,102400,16,-306540544,window,random,random,33,0,0,0
1348,1,2022239,geosfp/GEOSFP.20190701.A3mstC.025x03125.nc,876229026,177299456,131072,21,40013824,window,random,random,33,0,0,0
1349,1,2022239,geosfp/GEOSFP.20190701.A3mstC.025x03125.nc,876229026,303599616,131072,36,126169088,window,random,random,33,0,0,0
1350,1,2022239,geosfp/GEOSFP.20190701.A3mstC.025x03125.nc,876229026,372916224,131072,44,69185536,window,random,random,33,0,0,0
1351,1,2022239,geosfp/GEOSFP.20190701.A3mstC.025x03125.nc,876229026,597663744,131072,71,224616448,window,random,random,33,0,0,0
1352,1,2022239,geosfp/GEOSFP.20190701.A3mstC.025x03125.nc,876229026,418529280,131072,49,-179265536,window,random,random,33,0,0,0
1353,1,2022239,geosfp/GEOSFP.20190701.A3mstC.025x03125.nc,876229026,392368128,131072,46,-26292224,window,random,random,33,0,0,0
1354,1,2022239,geosfp/GEOSFP.20190701.A3mstC.025x03125.nc,876229026,198963200,81920,23,-193536000,window,random,random,33,0,0,0
1355,1,2022239,geosfp/GEOSFP.20190701.A3mstC.025x03125.nc,876229026,345071616,131072,41,146026496,window,random,random,33,0,0,0
1356,1,2022239,geosfp/GEOSFP.20190701.A3mstC.025x03125.nc,876229026,506892288,131072,60,161689600,window,random,random,33,0,0,0
1357,1,2022239,geosfp/GEOSFP.20190701.A3mstC.025x03125.nc,876229026,509919232,131072,60,2895872,window,random,random,33,0,0,0
1358,1,2022239,geosfp/GEOSFP.20190701.A3mstC.025x03125.nc,876229026,742920192,131072,88,232869888,window,random,random,33,0,0,0
1359,1,2022239,geosfp/GEOSFP.20190701.A3mstC.025x03125.nc,876229026,875622400,131072,104,132571136,window,random,random,33,0,0,0
1360,1,2022239,geosfp/GEOSFP.20190701.A3mstC.025x03125.nc,876229026,524677120,131072,62,-351076352,window,random,random,33,0,0,0
1361,1,2022239,geosfp/GEOSFP.20190701.A3mstC.025x03125.nc,876229026,845987840,131072,100,321179648,window,random,random,33,0,0,0
1362,1,2022239,geosfp/GEOSFP.20190701.A3mstC.025x03125.nc,876229026,55443456,131072,6,-790675456,window,random,random,33,0,0,0
1363,1,2022239,geosfp/GEOSFP.20190701.A3mstC.025x03125.nc,876229026,777093120,131072,92,721518592,window,random,random,33,0,0,0
1364,1,2022239,geosfp/GEOSFP.20190701.A3mstC.025x03125.nc,876229026,498438144,131072,59,-278786048,window,random,random,33,0,0,0
1365,1,2022239,geosfp/GEOSFP.20190701.A3mstC.025x03125.nc,876229026,822632448,131072,98,324063232,window,random,random,33,0,0,0
1366,1,2022239,geosfp/GEOSFP.20190701.A3mstC.025x03125.nc,876229026,120762368,131072,14,-702001152,window,random,random,33,0,0,0
1367,1,2022239,geosfp/GEOSFP.20190701.A3mstC.025x03125.nc,876229026,63905792,131072,7,-56987648,window,random,random,33,0,0,0
1368,1,2022239,geosfp/GEOSFP.20190701.A3mstC.025x03125.nc,876229026,368762880,131072,43,304726016,window,random,random,33,0,0,0
1369,1,2022239,geosfp/GEOSFP.20190701.A3mstC.025x03125.nc,876229026,72134656,69632,8,-296759296,window,random,random,33,0,0,0
1370,1,2022239,geosfp/GEOSFP.20190701.A3mstC.025x03125.nc,876229026,126468096,69632,15,54263808,window,random,random,33,0,0,0
1371,1,2022239,geosfp/GEOSFP.20190701.A3mstC.025x03125.nc,876229026,633401344,131072,75,506863616,window,random,random,33,0,0,0
1372,1,2022239,geosfp/GEOSFP.20190701.A3mstC.025x03125.nc,876229026,434184192,90112,51,-199348224,window,random,random,33,0,0,0
1373,1,2022239,geosfp/GEOSFP.20190701.A3mstC.025x03125.nc,876229026,300679168,20480,35,-133595136,window,random,random,33,0,0,0
1374,1,2022239,geosfp/GEOSFP.20190701.A3mstC.025x03125.nc,876229026,55914496,131072,6,-244785152,window,random,random,33,0,0,0
1375,1,2022239,geosfp/GEOSFP.20190701.A3mstC.025x03125.nc,876229026,847429632,131072,101,791384064,window,random,random,33,0,0,0
1376,1,2022239,geosfp/GEOSFP.20190701.A3mstC.025x03125.nc,876229026,283758592,131072,33,-563802112,window,random,random,33,0,0,0
1377,1,2022239,geosfp/GEOSFP.20190701.A3mstC.025x03125.nc,876229026,73027584,131072,8,-210862080,window,random,random,33,0,0,0
1378,1,2022239,geosfp/GEOSFP.20190701.A3mstC.025x03125.nc,876229026,793948160,131072,94,720789504,window,random,random,33,0,0,0
1379,1,2022239,geosfp/GEOSFP.20190701.A3mstC.025x03125.nc,876229026,490647552,114688,58,-303431680,window,random,random,33,0,0,0
1380,1,2022239,geosfp/GEOSFP.20190701.A3mstC.025x03125.nc,876229026,496611328,131072,59,5849088,window,random,random,33,0,0,0
1381,1,2022239,geosfp/GEOSFP.20190701.A3mstC.025x03125.nc,876229026,106602496,131072,12,-390139904,window,random,random,33,0,0,0
1382,1,2022239,geosfp/GEOSFP.20190701.A3mstC.025x03125.nc,876229026,773017600,131072,92,666284032,window,random,random,33,0,0,0
1383,1,2022239,geosfp/GEOSFP.20190701.A3mstC.025x03125.nc,876229026,157671424,69632,18,-615477248,window,random,random,33,0,0,0
1384,1,2022239,geosfp/GEOSFP.20190701.A3mstC.025x03125.nc,876229026,700063744,86016,83,542322688,window,random,random,33,0,0,0
1385,1,2022239,geosfp/GEOSFP.20190701.A3mstC.025x03125.nc,876229026,438185984,131072,52,-261963776,window,random,random,33,0,0,0
1386,1,2022239,geosfp/GEOSFP.20190701.A3mstC.025x03125.nc,876229026,58195968,131072,6,-380121088,window,random,random,33,0,0,0
1387,1,2022239,geosfp/GEOSFP.20190701.A3mstC.025x03125.nc,876229026,744943616,114688,88,686616576,window,random,random,33,0,0,0
1388,1,2022239,geosfp/GEOSFP.20190701.A3mstC.025x03125.nc,876229026,652251136,131072,77,-92807168,window,random,random,33,0,0,0
1389,1,2022239,geosfp/GEOSFP.20190701.A3mstC.025x03125.nc,876229026,233906176,131072,27,-418476032,window,random,random,33,0,0,0
1390,1,2022239,geosfp/GEOSFP.20190701.A3mstC.025x03125.nc,876229026,643461120,131072,76,409423872,window,random,random,33,0,0,0
1391,1,2022239,geosfp/GEOSFP.20190701.A3mstC.025x03125.nc,876229026,446595072,77824,53,-196997120,window,random,random,33,0,0,0
1392,1,2022239,geosfp/GEOSFP.20190701.A3mstC.025x03125.nc,876229026,737476608,131072,87,290803712,window,random,random,33,0,0,0
1393,1,2022239,geosfp/GEOSFP.20190701.A3mstC.025x03125.nc,876229026,36179968,131072,4,-701427712,window,random,random,33,0,0,0
1394,1,2022239,geosfp/GEOSFP.20190701.A3mstC.025x03125.nc,876229026,462376960,131072,55,426065920,window,random,random,33,0,0,0
1395,1,2022239,geosfp/GEOSFP.20190701.A3mstC.025x03125.nc,876229026,261775360,131072,31,-200732672,window,random,random,33,0,0,0
1396,1,2022239,geosfp/GEOSFP.20190701.A3mstC.025x03125.nc,876229026,762634240,98304,90,500727808,window,random,random,33,0,0,0
1397,1,2022239,geosfp/GEOSFP.20190701.A3mstC.025x03125.nc,876229026,334929920,131072,39,-427802624,window,random,random,33,0,0,0
1398,1,2022239,geosfp/GEOSFP.20190701.A3mstC.025x03125.nc,876229026,258166784,131072,30,-76894208,window,random,random,33,0,0,0
1399,1,2022239,geosfp/GEOSFP.20190701.A3mstC.025x03125.nc,876229026,608030720,94208,72,349732864,window,random,random,33,0,0,0
1400,1,2022239,geosfp/GEOSFP.20190701.A3mstC.025x03125.nc,876229026,141889536,131072,16,-466235392,window,random,random,33,0,0,0
1401,1,2022239,geosfp/GEOSFP.20190701.A3mstC.025x03125.nc,876229026,459161600,131072,54,317140992,window,random,random,33,0,0,0
1402,1,2022239,geosfp/GEOSFP.20190701.A3mstC.025x03125.nc,876229026,289538048,131072,34,-169754624,window,random,random,33,0,0,0
1403,1,2022239,geosfp/GEOSFP.20190701.A3mstC.025x03125.nc,876229026,193069056,131072,23,-96600064,window,random,random,33,0,0,0
1404,1,2022239,geosfp/GEOSFP.20190701.A3mstC.025x03125.nc,876229026,513732608,131072,61,320532480,window,random,random,33,0,0,0
1405,1,2022239,geosfp/GEOSFP.20190701.A3mstC.025x03125.nc,876229026,500830208,131072,59,-13033472,window,random,random,33,0,0,0
1406,1,2022239,geosfp/GEOSFP.20190701.A3mstC.025x03125.nc,876229026,168923136,131072,20,-332038144,window,random,random,33,0,0,0
1407,1,2022239,geosfp/GEOSFP.20190701.A3mstC.025x03125.nc,876229026,540114944,114688,64,371060736,window,random,random,33,0,0,0
1408,1,2022239,geosfp/GEOSFP.20190701.A3mstC.025x03125.nc,876229026,0,131072,0,-540229632,window,random,random,33,0,0,0
1409,1,2022239,geosfp/GEOSFP.20190701.A3mstC.025x03125.nc,876229026,677957632,131072,80,677826560,window,random,random,33,0,0,0
1410,1,2022239,geosfp/GEOSFP.20190701.A3mstC.025x03125.nc,876229026,329342976,131072,39,-348745728,window,random,random,33,0,0,0
1411,1,2022239,geosfp/GEOSFP.20190701.A3mstC.025x03125.nc,876229026,676347904,86016,80,346873856,window,random,random,33,0,0,0
1412,1,2022239,geosfp/GEOSFP.20190701.A3mstC.025x03125.nc,876229026,673460224,131072,80,-2973696,window,random,random,33,0,0,0
1413,1,2022239,geosfp/GEOSFP.20190701.A3mstC.025x03125.nc,876229026,613502976,131072,73,-60088320,window,random,random,33,0,0,0
1414,1,2022239,geosfp/GEOSFP.20190701.A3mstC.025x03125.nc,876229026,184725504,131072,22,-428908544,window,random,random,33,0,0,0
1415,1,2022239,geosfp/GEOSFP.20190701.A3mstC.025x03125.nc,876229026,729120768,102400,86,544264192,window,random,random,33,0,0,0
1416,1,2022239,geosfp/GEOSFP.20190701.A3mstC.025x03125.nc,876229026,264699904,131072,31,-464523264,window,random,random,33,0,0,0
1417,1,2022239,geosfp/GEOSFP.20190701.A3mstC.025x03125.nc,876229026,658767872,131072,78,393936896,window,random,random,33,0,0,0
1418,1,2022239,geosfp/GEOSFP.20190701.A3mstC.025x03125.nc,876229026,266547200,131072,31,-392351744,window,random,random,33,0,0,0
1419,1,2022239,geosfp/GEOSFP.20190701.A3mstC.025x03125.nc,876229026,372133888,131072,44,105455616,window,random,random,33,0,0,0
1420,1,2022239,geosfp/GEOSFP.20190701.A3mstC.025x03125.nc,876229026,688226304,131072,82,315961344,window,random,random,33,0,0,0
1421,1,2022239,geosfp/GEOSFP.20190701.A3mstC.025x03125.nc,876229026,618696704,106496,73,-69660672,window,random,random,33,0,0,0
1422,1,2022239,geosfp/GEOSFP.20190701.A3mstC.025x03125.nc,876229026,698707968,131072,83,79904768,window,random,random,33,0,0,0
1423,1,2022239,geosfp/GEOSFP.20190701.A3mstC.025x03125.nc,876229026,343334912,131072,40,-355504128,window,random,random,33,0,0,0
1424,1,2022239,geosfp/GEOSFP.20190701.A3mstC.025x03125.nc,876229026,434393088,131072,51,90927104,window,random,random,33,0,0,0
1425,1,2022239,geosfp/GEOSFP.20190701.A3mstC.025x03125.nc,876229026,683483136,131072,81,248958976,window,random,random,33,0,0,0
1426,1,2022239,geosfp/GEOSFP.20190701.A3mstC.025x03125.nc,876229026,644243456,69632,76,-39370752,window,random,random,33,0,0,0
1427,1,2022239,geosfp/GEOSFP.20190701.A3mstC.025x03125.nc,876229026,306245632,131072,36,-338067456,window,random,random,33,0,0,0
1428,1,2022239,geosfp/GEOSFP.20190701.A3mstC.025x03125.nc,876229026,658001920,131072,78,351625216,window,random,random,33,0,0,0
1429,1,2022239,geosfp/GEOSFP.20190701.A3mstC.025x03125.nc,876229026,733863936,131072,87,75730944,window,random,random,33,0,0,0
1430,1,2022239,geosfp/GEOSFP.20190701.A3mstC.025x03125.nc,876229026,310001664,131072,36,-423993344,window,random,random,33,0,0,0
1431,1,2022239,geosfp/GEOSFP.20190701.A3mstC.025x03125.nc,876229026,482951168,131072,57,172818432,window,random,random,33,0,0,0
1432,1,2022239,geosfp/GEOSFP.20190701.A3mstC.025x03125.nc,876229026,819007488,114688,97,335925248,window,random,random,33,0,0,0
1433,1,2022239,geosfp/GEOSFP.20190701.A3mstC.025x03125.nc,876229026,804093952,131072,95,-15028224,window,random,random,33,0,0,0
1434,1,2022239,geosfp/GEOSFP.20190701.A3mstC.025x03125.nc,876229026,368132096,131072,43,-436092928,window,random,random,33,0,0,0
1435,1,2022239,geosfp/GEOSFP.20190701.A3mstC.025x03125.nc,876229026,771854336,131072,92,403591168,window,random,random,33,0,0,0
1436,1,2022239,geosfp/GEOSFP.20190701.A3mstC.025x03125.nc,876229026,748777472,131072,89,-23207936,window,random,random,33,0,0,0
1437,1,2022239,geosfp/GEOSFP.20190701.A3mstC.025x03125.nc,876229026,493166592,131072,58,-255741952,window,random,random,33,0,0,0
1438,1,2022239,geosfp/GEOSFP.20190701.A3mstC.025x03125.nc,876229026,386752512,86016,46,-106545152,window,random,random,33,0,0,0
1439,1,2022239,geosfp/GEOSFP.20190701.A3mstC.025x03125.nc,876229026,631414784,131072,75,244576256,window,random,random,33,0,0,0
1440,1,2022239,geosfp/GEOSFP.20190701.A3mstC.025x03125.nc,876229026,557359104,106496,66,-74186752,window,random,random,33,0,0,0
1441,1,2022239,geosfp/GEOSFP.20190701.A3mstC.025x03125.nc,876229026,312496128,131072,37,-244969472,window,random,random,33,0,0,0
1442,1,2022239,geosfp/GEOSFP.20190701.A3mstC.025x03125.nc,876229026,292327424,106496,34,-20299776,window,random,random,33,0,0,0
1443,1,2022239,geosfp/GEOSFP.20190701.A3mstC.025x03125.nc,876229026,432410624,131072,51,139976704,window,random,random,33,0,0,0
1444,1,2022239,geosfp/GEOSFP.20190701.A3mstC.025x03125.nc,876229026,242167808,131072,28,-190373888,window,random,random,33,0,0,0
1445,1,2022239,geosfp/GEOSFP.20190701.A3mstC.025x03125.nc,876229026,403058688,131072,48,160759808,window,random,random,33,0,0,0
1446,1,2022239,geosfp/GEOSFP.20190701.A3mstC.025x03125.nc,876229026,224501760,122880,26,-178688000,window,random,random,33,0,0,0
1447,1,2022239,geosfp/GEOSFP.20190701.A3mstC.025x03125.nc,876229026,176930816,131072,21,-47693824,window,random,random,33,0,0,0
1448,1,2022239,geosfp/GEOSFP.20190701.A3mstC.025x03125.nc,876229026,77758464,131072,9,-99303424,window,random,random,33,0,0,0
1449,1,2022239,geosfp/GEOSFP.20190701.A3mstC.025x03125.nc,876229026,172175360,90112,20,94285824,window,random,random,33,0,0,0
1450,1,2022239,geosfp/GEOSFP.20190701.A3mstC.025x03125.nc,876229026,848273408,131072,101,676007936,window,random,random,33,0,0,0
1451,1,2022239,geosfp/GEOSFP.20190701.A3mstC.025x03125.nc,876229026,608878592,131072,72,-239525888,window,random,random,33,0,0,0
1452,1,2022239,geosfp/GEOSFP.20190701.A3mstC.025x03125.nc,876229026,431890432,131072,51,-177119232,window,random,random,33,0,0,0
1453,1,2022239,geosfp/GEOSFP.20190701.A3mstC.025x03125.nc,876229026,159338496,131072,18,-272683008,window,random,random,33,0,0,0
1454,1,2022239,geosfp/GEOSFP.20190701.A3mstC.025x03125.nc,876229026,103034880,131072,12,-56434688,window,random,random,33,0,0,0
1455,1,2022239,geosfp/GEOSFP.20190701.A3mstC.025x03125.nc,876229026,484753408,131072,57,381587456,window,random,random,33,0,0,0
1456,1,2022239,geosfp/GEOSFP.20190701.A3mstC.025x03125.nc,876229026,244379648,131072,29,-240504832,window,random,random,33,0,0,0
1457,1,2022239,geosfp/GEOSFP.20190701.A3mstC.025x03125.nc,876229026,82075648,131072,9,-162435072,window,random,random,33,0,0,0
1458,1,2022239,geosfp/GEOSFP.20190701.A3mstC.025x03125.nc,876229026,388714496,131072,46,306507776,window,random,random,33,0,0,0
1459,1,2022239,geosfp/GEOSFP.20190701.A3mstC.025x03125.nc,876229026,801214464,131072,95,412368896,window,random,random,33,0,0,0
1460,1,2022239,geosfp/GEOSFP.20190701.A3mstC.025x03125.nc,876229026,113586176,131072,13,-687759360,window,random,random,33,0,0,0
1461,1,2022239,geosfp/GEOSFP.20190701.A3mstC.025x03125.nc,876229026,368271360,131072,43,254554112,window,random,random,33,0,0,0
1462,1,2022239,geosfp/GEOSFP.20190701.A3mstC.025x03125.nc,876229026,80896000,131072,9,-287506432,window,random,random,33,0,0,0
1463,1,2022239,geosfp/GEOSFP.20190701.A3mstC.025x03125.nc,876229026,685965312,131072,81,604938240,window,random,random,33,0,0,0
1464,1,2022239,geosfp/GEOSFP.20190701.A3mstC.025x03125.nc,876229026,209244160,131072,24,-476852224,window,random,random,33,0,0,0
1465,1,2022239,geosfp/GEOSFP.20190701.A3mstC.025x03125.nc,876229026,714194944,73728,85,504819712,window,random,random,33,0,0,0
1466,1,2022239,geosfp/GEOSFP.20190701.A3mstC.025x03125.nc,876229026,567140352,131072,67,-147128320,window,random,random,33,0,0,0
1467,1,2022239,geosfp/GEOSFP.20190701.A3mstC.025x03125.nc,876229026,18219008,69632,2,-549052416,window,random,random,33,0,0,0
1468,1,2022239,geosfp/GEOSFP.20190701.A3mstC.025x03125.nc,876229026,418754560,131072,49,400465920,window,random,random,33,0,0,0
1469,1,2022239,geosfp/GEOSFP.20190701.A3mstC.025x03125.nc,876229026,635805696,131072,75,216920064,window,random,random,33,0,0,0
1470,1,2022239,geosfp/GEOSFP.20190701.A3mstC.025x03125.nc,876229026,532664320,131072,63,-103272448,window,random,random,33,0,0,0
1471,1,2022239,geosfp/GEOSFP.20190701.A3mstC.025x03125.nc,876229026,324894720,131072,38,-207900672,window,random,random,33,0,0,0
1472,1,2022239,geosfp/GEOSFP.20190701.A3mstC.025x03125.nc,876229026,387170304,131072,46,62144512,window,random,random,33,0,0,0
1473,1,2022239,geosfp/GEOSFP.20190701.A3mstC.025x03125.nc,876229026,584028160,69632,69,196726784,window,random,random,33,0,0,0
1474,1,2022239,geosfp/GEOSFP.20190701.A3mstC.025x03125.nc,876229026,542732288,131072,64,-41365504,window,random,random,33,0,0,0
1475,1,2022239,geosfp/GEOSFP.20190701.A3mstC.025x03125.nc,876229026,379469824,131072,45,-163393536,window,random,random,33,0,0,0
1476,1,2022239,geosfp/GEOSFP.20190701.A3mstC.025x03125.nc,876229026,36851712,102400,4,-342749184,window,random,random,33,0,0,0
1477,1,2022239,geosfp/GEOSFP.20190701.A3mstC.025x03125.nc,876229026,41426944,131072,4,4472832,window,random,random,33,0,0,0
1478,1,2022239,geosfp/GEOSFP.20190701.A3mstC.025x03125.nc,876229026,804712448,90112,95,763154432,window,random,random,33,0,0,0
1479,1,2022239,geosfp/GEOSFP.20190701.A3mstC.025x03125.nc,876229026,50630656,131072,6,-754171904,window,random,random,33,0,0,0
1480,1,2022239,geosfp/GEOSFP.20190701.A3mstC.025x03125.nc,876229026,677064704,131072,80,626302976,window,random,random,33,0,0,0
1481,1,2022239,geosfp/GEOSFP.20190701.A3mstC.025x03125.nc,876229026,788451328,131072,93,111255552,window,random,random,33,0,0,0
1482,1,2022239,geosfp/GEOSFP.20190701.A3mstC.025x03125.nc,876229026,713940992,122880,85,-74641408,window,random,random,33,0,0,0
1483,1,2022239,geosfp/GEOSFP.20190701.A3mstC.025x03125.nc,876229026,191668224,131072,22,-522395648,window,random,random,33,0,0,0
1484,1,2022239,geosfp/GEOSFP.20190701.A3mstC.025x03125.nc,876229026,350916608,126976,41,159117312,window,random,random,33,0,0,0
1485,1,2022239,geosfp/GEOSFP.20190701.A3mstC.025x03125.nc,876229026,360755200,131072,43,9711616,window,random,random,33,0,0,0
1486,1,2022239,geosfp/GEOSFP.20190701.A3mstC.025x03125.nc,876229026,640790528,131072,76,279904256,window,random,random,33,0,0,0
1487,1,2022239,geosfp/GEOSFP.20190701.A3mstC.025x03125.nc,876229026,803397632,131072,95,162476032,window,random,random,33,0,0,0
1488,1,2022239,geosfp/GEOSFP.20190701.A3mstC.025x03125.nc,876229026,671584256,131072,80,-131944448,window,random,random,33,0,0,0
1489,1,2022239,geosfp/GEOSFP.20190701.A3mstC.025x03125.nc,876229026,804020224,73728,95,132304896,window,random,random,33,0,0,0
1490,1,2022239,geosfp/GEOSFP.20190701.A3mstC.025x03125.nc,876229026,278958080,131072,33,-525135872,window,random,random,33,0,0,0
1491,1,2022239,geosfp/GEOSFP.20190701.A3mstC.025x03125.nc,876229026,613732352,131072,73,334643200,window,random,random,33,0,0,0
1492,1,2022239,geosfp/GEOSFP.20190701.A3mstC.025x03125.nc,876229026,681295872,131072,81,67432448,window,random,random,33,0,0,0
1493,1,2022239,geosfp/GEOSFP.20190701.A3mstC.025x03125.nc,876229026,232136704,131072,27,-449290240,window,random,random,33,0,0,0
1494,1,2022239,geosfp/GEOSFP.20190701.A3mstC.025x03125.nc,876229026,272760832,106496,32,40493056,window,random,random,33,0,0,0
1495,1,2022239,geosfp/GEOSFP.20190701.A3mstC.025x03125.nc,876229026,237080576,131072,28,-35786752,window,random,random,33,0,0,0
1496,1,2022239,geosfp/GEOSFP.20190701.A3mstC.025x03125.nc,876229026,99164160,131072,11,-138047488,window,random,random,33,0,0,0
1497,1,2022239,geosfp/GEOSFP.20190701.A3mstC.025x03125.nc,876229026,54456320,131072,6,-44838912,window,random,random,33,0,0,0
1498,1,2022239,geosfp/GEOSFP.20190701.A3mstC.025x03125.nc,876229026,510447616,131072,60,455860224,window,random,random,33,0,0,0
1499,1,2022239,geosfp/GEOSFP.20190701.A3mstC.025x03125.nc,876229026,250949632,131072,29,-259629056,window,random,random,33,0,0,0
1500,1,2022239,geosfp/GEOSFP.20190701.A3mstC.025x03125.nc,876229026,377511936,131072,45,126431232,window,random,random,33,0,0,0
1501,1,2022239,geosfp/GEOSFP.20190701.A3mstC.025x03125.nc,876229026,500273152,131072,59,122630144,window,random,random,33,0,0,0
1502,1,2022239,geosfp/GEOSFP.20190701.A3mstC.025x03125.nc,876229026,341999616,131072,40,-158404608,window,random,random,33,0,0,0
1503,1,2022239,geosfp/GEOSFP.20190701.A3mstC.025x03125.nc,876229026,251297792,131072,29,-90832896,window,random,random,33,0,0,0
1504,1,2022239,geosfp/GEOSFP.20190701.A3mstC.025x03125.nc,876229026,810012672,131072,96,558583808,window,random,random,33,0,0,0
1505,1,2022239,geosfp/GEOSFP.20190701.A3mstC.025x03125.nc,876229026,601317376,131072,71,-208826368,window,random,random,33,0,0,0
1506,1,2022239,geosfp/GEOSFP.20190701.A3mstC.025x03125.nc,876229026,568324096,131072,67,-33124352,window,random,random,33,0,0,0
1507,1,2022239,geosfp/GEOSFP.20190701.A3mstC.025x03125.nc,876229026,620494848,131072,73,52039680,window,random,random,33,0,0,0
1508,1,2022239,geosfp/GEOSFP.20190701.A3mstC.025x03125.nc,876229026,129830912,106496,15,-490795008,window,random,random,33,0,0,0
1509,1,2022239,geosfp/GEOSFP.20190701.A3mstC.025x03125.nc,876229026,586133504,131072,69,456196096,window,random,random,33,0,0,0
1510,1,2022239,geosfp/GEOSFP.20190701.A3mstC.025x03125.nc,876229026,650350592,131072,77,64086016,window,random,random,33,0,0,0
1511,1,2022239,geosfp/GEOSFP.20190701.A3mstC.025x03125.nc,876229026,6971392,131072,0,-643510272,window,random,random,33,0,0,0
1512,1,2022239,geosfp/GEOSFP.20190701.A3mstC.025x03125.nc,876229026,707600384,131072,84,700497920,window,random,random,33,0,0,0
1513,1,2022239,geosfp/GEOSFP.20190701.A3mstC.025x03125.nc,876229026,6475776,131072,0,-701255680,window,random,random,33,0,0,0
1514,1,2022239,geosfp/GEOSFP.20190701.A3mstC.025x03125.nc,876229026,594878464,131072,70,588271616,window,random,random,33,0,0,0
1515,1,2022239,geosfp/GEOSFP.20190701.A3mstC.025x03125.nc,876229026,875753472,73728,104,280743936,window,random,random,33,0,0,0
1516,1,2022239,geosfp/GEOSFP.20190701.A3mstC.025x03125.nc,876229026,693792768,131072,82,-182034432,window,random,random,33,0,0,0
1517,1,2022239,geosfp/GEOSFP.20190701.A3mstC.025x03125.nc,876229026,800940032,131072,95,107016192,window,random,random,33,0,0,0
1518,1,2022239,geosfp/GEOSFP.20190701.A3mstC.025x03125.nc,876229026,447799296,131072,53,-353271808,window,random,random,33,0,0,0
1519,1,2022239,geosfp/GEOSFP.20190701.A3mstC.025x03125.nc,876229026,672956416,131072,80,225026048,window,random,random,33,0,0,0
1520,1,2022239,geosfp/GEOSFP.20190701.A3mstC.025x03125.nc,876229026,314961920,131072,37,-358125568,window,random,random,33,0,0,0
1521,1,2022239,geosfp/GEOSFP.20190701.A3mstC.025x03125.nc,876229026,388907008,131072,46,73814016,window,random,random,33,0,0,0
1522,1,2022239,geosfp/GEOSFP.20190701.A3mstC.025x03125.nc,876229026,255930368,131072,30,-133107712,window,random,random,33,0,0,0
1523,1,2022239,geosfp/GEOSFP.20190701.A3mstC.025x03125.nc,876229026,601247744,69632,71,345186304,window,random,random,33,0,0,0
1524,1,2022239,geosfp/GEOSFP.20190701.A3mstC.025x03125.nc,876229026,138956800,131072,16,-462360576,window,random,random,33,0,0,0
1525,1,2022239,geosfp/GEOSFP.20190701.A3mstC.025x03125.nc,876229026,205197312,131072,24,66109440,window,random,random,33,0,0,0
1526,1,2022239,geosfp/GEOSFP.20190701.A3mstC.025x03125.nc,876229026,244563968,90112,29,39235584,window,random,random,33,0,0,0
1527,1,2022239,geosfp/GEOSFP.20190701.A3mstC.025x03125.nc,876229026,404307968,106496,48,159653888,window,random,random,33,0,0,0
1528,1,2022239,geosfp/GEOSFP.20190701.A3mstC.025x03125.nc,876229026,533299200,131072,63,128884736,window,random,random,33,0,0,0
1529,1,2022239,geosfp/GEOSFP.20190701.A3mstC.025x03125.nc,876229026,4251648,131072,0,-529178624,window,random,random,33,0,0,0
1530,1,2022239,geosfp/GEOSFP.20190701.A3mstC.025x03125.nc,876229026,560189440,131072,66,555806720,window,random,random,33,0,0,0
1531,1,2022239,geosfp/GEOSFP.20190701.A3mstC.025x03125.nc,876229026,14073856,131072,1,-546246656,window,random,random,33,0,0,0
1532,1,2022239,geosfp/GEOSFP.20190701.A3mstC.025x03125.nc,876229026,413835264,131072,49,399630336,window,random,random,33,0,0,0
1533,1,2022239,geosfp/GEOSFP.20190701.A3mstC.025x03125.nc,876229026,310951936,114688,37,-103014400,window,random,random,33,0,0,0
1534,1,2022239,geosfp/GEOSFP.20190701.A3mstC.025x03125.nc,876229026,860971008,131072,102,549904384,window,random,random,33,0,0,0
1535,1,2022239,geosfp/GEOSFP.20190701.A3mstC.025x03125.nc,876229026,85708800,131072,10,-775393280,window,random,random,33,0,0,0
1536,1,2022239,geosfp/GEOSFP.20190701.A3mstC.025x03125.nc,876229026,502124544,131072,59,416284672,window,random,random,33,0,0,0
1537,1,2022239,geosfp/GEOSFP.20190701.A3mstC.025x03125.nc,876229026,560087040,102400,66,57831424,window,random,random,33,0,0,0
1538,1,2022239,geosfp/GEOSFP.20190701.A3mstC.025x03125.nc,876229026,657051648,131072,78,96862208,window,random,random,33,0,0,0
1539,1,2022239,geosfp/GEOSFP.20190701.A3mstC.025x03125.nc,876229026,725901312,131072,86,68718592,window,random,random,33,0,0,0
1540,1,2022239,geosfp/GEOSFP.20190701.A3mstC.025x03125.nc,876229026,178774016,69632,21,-547258368,window,random,random,33,0,0,0
1541,1,2022239,geosfp/GEOSFP.20190701.A3mstC.025x03125.nc,876229026,231763968,65536,27,52920320,window,random,random,33,0,0,0
1542,1,2022239,geosfp/GEOSFP.20190701.A3mstC.025x03125.nc,876229026,431779840,110592,51,199950336,window,random,random,33,0,0,0
1543,1,2022239,geosfp/GEOSFP.20190701.A3mstC.025x03125.nc,876229026,794091520,131072,94,362201088,window,random,random,33,0,0,0
1544,1,2022239,geosfp/GEOSFP.20190701.A3mstC.025x03125.nc,876229026,763445248,131072,91,-30777344,window,random,random,33,0,0,0
1545,1,2022239,geosfp/GEOSFP.20190701.A3mstC.025x03125.nc,876229026,299577344,131072,35,-463998976,window,random,random,33,0,0,0
1546,1,2022239,geosfp/GEOSFP.20190701.A3mstC.025x03125.nc,876229026,736665600,131072,87,436957184,window,random,random,33,0,0,0
1547,1,2022239,geosfp/GEOSFP.20190701.A3mstC.025x03125.nc,876229026,680861696,131072,81,-55934976,window,random,random,33,0,0,0
1548,1,2022239,geosfp/GEOSFP.20190701.A3mstC.025x03125.nc,876229026,352829440,131072,42,-328163328,window,random,random,33,0,0,0
1549,1,2022239,geosfp/GEOSFP.20190701.A3mstC.025x03125.nc,876229026,545972224,131072,65,193011712,window,random,random,33,0,0,0
1550,1,2022239,geosfp/GEOSFP.20190701.A3mstC.025x03125.nc,876229026,63164416,131072,7,-482938880,window,random,random,33,0,0,0
1551,1,2022239,geosfp/GEOSFP.20190701.A3mstC.025x03125.nc,876229026,826499072,131072,98,763203584,window,random,random,33,0,0,0
1552,1,2022239,geosfp/GEOSFP.20190701.A3mstC.025x03125.nc,876229026,580554752,131072,69,-246075392,window,random,random,33,0,0,0
1553,1,2022239,geosfp/GEOSFP.20190701.A3mstC.025x03125.nc,876229026,353644544,98304,42,-227041280,window,random,random,33,0,0,0
1554,1,2022239,geosfp/GEOSFP.20190701.A3mstC.025x03125.nc,876229026,776663040,131072,92,422920192,window,random,random,33,0,0,0
1555,1,2022239,geosfp/GEOSFP.20190701.A3mstC.025x03125.nc,876229026,196558848,131072,23,-580235264,window,random,random,33,0,0,0
1556,1,2022239,geosfp/GEOSFP.20190701.A3mstC.025x03125.nc,876229026,321179648,131072,38,124489728,window,random,random,33,0,0,0
1557,1,2022239,geosfp/GEOSFP.20190701.A3mstC.025x03125.nc,876229026,808820736,114688,96,487510016,window,random,random,33,0,0,0
1558,1,2022239,geosfp/GEOSFP.20190701.A3mstC.025x03125.nc,876229026,331137024,110592,39,-477798400,window,random,random,33,0,0,0
1559,1,2022239,geosfp/GEOSFP.20190701.A3mstC.025x03125.nc,876229026,566198272,131072,67,234950656,window,random,random,33,0,0,0
1560,1,2022239,geosfp/GEOSFP.20190701.A3mstC.025x03125.nc,876229026,556384256,131072,66,-9945088,window,random,random,33,0,0,0
1561,1,2022239,geosfp/GEOSFP.20190701.A3mstC.025x03125.nc,876229026,834666496,86016,99,278151168,window,random,random,33,0,0,0
1562,1,2022239,geosfp/GEOSFP.20190701.A3mstC.025x03125.nc,876229026,668418048,131072,79,-166334464,window,random,random,33,0,0,0
1563,1,2022239,geosfp/GEOSFP.20190701.A3mstC.025x03125.nc,876229026,94269440,131072,11,-574279680,window,random,random,33,0,0,0
1564,1,2022239,geosfp/GEOSFP.20190701.A3mstC.025x03125.nc,876229026,875065344,131072,104,780664832,window,random,random,33,0,0,0
1565,1,2022239,geosfp/GEOSFP.20190701.A3mstC.025x03125.nc,876229026,661815296,131072,78,-213381120,window,random,random,33,0,0,0
1566,1,2022239,geosfp/GEOSFP.20190701.A3mstC.025x03125.nc,876229026,645926912,131072,77,-16019456,window,random,random,33,0,0,0
1567,1,2022239,geosfp/GEOSFP.20190701.A3mstC.025x03125.nc,876229026,88842240,131072,10,-557215744,window,random,random,33,0,0,0
1568,1,2022239,geosfp/GEOSFP.20190701.A3mstC.025x03125.nc,876229026,575131648,131072,68,486158336,window,random,random,33,0,0,0
1569,1,2022239,geosfp/GEOSFP.20190701.A3mstC.025x03125.nc,876229026,181133312,131072,21,-394129408,window,random,random,33,0,0,0
1570,1,2022239,geosfp/GEOSFP.20190701.A3mstC.025x03125.nc,876229026,606535680,131072,72,425271296,window,random,random,33,0,0,0
1571,1,2022239,geosfp/GEOSFP.20190701.A3mstC.025x03125.nc,876229026,261906432,73728,31,-344760320,window,random,random,33,0,0,0
1572,1,2022239,geosfp/GEOSFP.20190701.A3mstC.025x03125.nc,876229026,284278784,131072,33,22298624,window,random,random,33,0,0,0
1573,1,2022239,geosfp/GEOSFP.20190701.A3mstC.025x03125.nc,876229026,5074944,131072,0,-279334912,window,random,random,33,0,0,0
1574,1,2022239,geosfp/GEOSFP.20190701.A3mstC.025x03125.nc,876229026,212713472,131072,25,207507456,window,random,random,33,0,0,0
1575,1,2022239,geosfp/GEOSFP.20190701.A3mstC.025x03125.nc,876229026,574566400,131072,68,361721856,window,random,random,33,0,0,0
1576,1,2022239,geosfp/GEOSFP.20190701.A3mstC.025x03125.nc,876229026,299356160,131072,35,-275341312,window,random,random,33,0,0,0
1577,1,2022239,geosfp/GEOSFP.20190701.A3mstC.025x03125.nc,876229026,832745472,131072,99,533258240,window,random,random,33,0,0,0
1578,1,2022239,geosfp/GEOSFP.20190701.A3mstC.025x03125.nc,876229026,814116864,131072,97,-18759680,window,random,random,33,0,0,0
1579,1,2022239,geosfp/GEOSFP.20190701.A3mstC.025x03125.nc,876229026,213733376,131072,25,-600514560,window,random,random,33,0,0,0
1580,1,2022239,geosfp/GEOSFP.20190701.A3mstC.025x03125.nc,876229026,797069312,86016,95,583204864,window,random,random,33,0,0,0
1581,1,2022239,geosfp/GEOSFP.20190701.A3mstC.025x03125.nc,876229026,717045760,131072,85,-80109568,window,random,random,33,0,0,0
1582,1,2022239,geosfp/GEOSFP.20190701.A3mstC.025x03125.nc,876229026,756146176,131072,90,38969344,window,random,random,33,0,0,0
1583,1,2022239,geosfp/GEOSFP.20190701.A3mstC.025x03125.nc,876229026,611102720,131072,72,-145174528,window,random,random,33,0,0,0
1584,1,2022239,geosfp/GEOSFP.20190701.A3mstC.025x03125.nc,876229026,735948800,131072,87,124715008,window,random,random,33,0,0,0
1585,1,2022239,geosfp/GEOSFP.20190701.A3mstC.025x03125.nc,876229026,533065728,102400,63,-203014144,window,random,random,33,0,0,0
1586,1,2022239,geosfp/GEOSFP.20190701.A3mstC.025x03125.nc,876229026,224423936,77824,26,-308744192,window,random,random,33,0,0,0
1587,1,2022239,geosfp/GEOSFP.20190701.A3mstC.025x03125.nc,876229026,439914496,131072,52,215412736,window,random,random,33,0,0,0
1588,1,2022239,geosfp/GEOSFP.20190701.A3mstC.025x03125.nc,876229026,789803008,131072,94,349757440,window,random,random,33,0,0,0
1589,1,2022239,geosfp/GEOSFP.20190701.A3mstC.025x03125.nc,876229026,482762752,86016,57,-307171328,window,random,random,33,0,0,0
1590,1,2022239,geosfp/GEOSFP.20190701.A3mstC.025x03125.nc,876229026,856854528,131072,102,374005760,window,random,random,33,0,0,0
1591,1,2022239,geosfp/GEOSFP.20190701.A3mstC.025x03125.nc,876229026,108056576,131072,12,-748929024,window,random,random,33,0,0,0
1592,1,2022239,geosfp/GEOSFP.20190701.A3mstC.025x03125.nc,876229026,564137984,131072,67,455950336,window,random,random,33,0,0,0
1593,1,2022239,geosfp/GEOSFP.20190701.A3mstC.025x03125.nc,876229026,659738624,110592,78,95469568,window,random,random,33,0,0,0
1594,1,2022239,geosfp/GEOSFP.20190701.A3mstC.025x03125.nc,876229026,774742016,131072,92,114892800,window,random,random,33,0,0,0
1595,1,2022239,geosfp/GEOSFP.20190701.A3mstC.025x03125.nc,876229026,425336832,118784,50,-349536256,window,random,random,33,0,0,0
1596,1,2022239,geosfp/GEOSFP.20190701.A3mstC.025x03125.nc,876229026,822325248,131072,98,396869632,window,random,random,33,0,0,0
1597,1,2022239,geosfp/GEOSFP.20190701.A3mstC.025x03125.nc,876229026,428023808,131072,51,-394432512,window,random,random,33,0,0,0
1598,1,2022239,geosfp/GEOSFP.20190701.A3mstC.025x03125.nc,876229026,543174656,131072,64,115019776,window,random,random,33,0,0,0
1599,1,2022239,geosfp/GEOSFP.20190701.A3mstC.025x03125.nc,876229026,528175104,81920,62,-15130624,window,random,random,33,0,0,0
1600,1,2022239,geosfp/GEOSFP.20190701.A3mstC.025x03125.nc,876229026,735862784,86016,87,207605760,window,random,random,33,0,0,0
1601,1,2022239,geosfp/GEOSFP.20190701.A3mstC.025x03125.nc,876229026,165052416,131072,19,-570896384,window,random,random,33,0,0,0
1602,1,2022239,geosfp/GEOSFP.20190701.A3mstC.025x03125.nc,876229026,658296832,126976,78,493113344,window,random,random,33,0,0,0
1603,1,2022239,geosfp/GEOSFP.20190701.A3mstC.025x03125.nc,876229026,55250944,131072,6,-603172864,window,random,random,33,0,0,0
1604,1,2022239,geosfp/GEOSFP.20190701.A3mstC.025x03125.nc,876229026,495804416,81920,59,440422400,window,random,random,33,0,0,0
1605,1,2022239,geosfp/GEOSFP.20190701.A3mstC.025x03125.nc,876229026,592236544,131072,70,96350208,window,random,random,33,0,0,0
1606,1,2022239,geosfp/GEOSFP.20190701.A3mstC.025x03125.nc,876229026,333107200,131072,39,-259260416,window,random,random,33,0,0,0
1607,1,2022239,geosfp/GEOSFP.20190701.A3mstC.025x03125.nc,876229026,698351616,131072,83,365113344,window,random,random,33,0,0,0
1608,1,2022239,geosfp/GEOSFP.20190701.A3mstC.025x03125.nc,876229026,104169472,131072,12,-594313216,window,random,random,33,0,0,0
1609,1,2022239,geosfp/GEOSFP.20190701.A3mstC.025x03125.nc,876229026,204402688,131072,24,100102144,window,random,random,33,0,0,0
1610,1,2022239,geosfp/GEOSFP.20190701.A3mstC.025x03125.nc,876229026,836481024,126976,99,631947264,window,random,random,33,0,0,0
1611,1,2022239,geosfp/GEOSFP.20190701.A3mstC.025x03125.nc,876229026,708788224,131072,84,-127819776,window,random,random,33,0,0,0
1612,1,2022239,geosfp/GEOSFP.20190701.A3mstC.025x03125.nc,876229026,545792000,131072,65,-163127296,window,random,random,33,0,0,0
1613,1,2022239,geosfp/GEOSFP.20190701.A3mstC.025x03125.nc,876229026,423759872,131072,50,-122163200,window,random,random,33,0,0,0
1614,1,2022239,geosfp/GEOSFP.20190701.A3mstC.025x03125.nc,876229026,377233408,131072,44,-46657536,window,random,random,33,0,0,0
1615,1,2022239,geosfp/GEOSFP.20190701.A3mstC.025x03125.nc,876229026,868188160,69632,103,490823680,window,random,random,33,0,0,0
1616,1,2022239,geosfp/GEOSFP.20190701.A3mstC.025x03125.nc,876229026,316182528,131072,37,-552075264,window,random,random,33,0,0,0
1617,1,2022239,geosfp/GEOSFP.20190701.A3mstC.025x03125.nc,876229026,764067840,131072,91,447754240,window,random,random,33,0,0,0
1618,1,2022239,geosfp/GEOSFP.20190701.A3mstC.025x03125.nc,876229026,206913536,131072,24,-557285376,window,random,random,33,0,0,0
1619,1,2022239,geosfp/GEOSFP.20190701.A3mstC.025x03125.nc,876229026,815898624,131072,97,608854016,window,random,random,33,0,0,0
1620,1,2022239,geosfp/GEOSFP.20190701.A3mstC.025x03125.nc,876229026,33468416,131072,3,-782561280,window,random,random,33,0,0,0
1621,1,2022239,geosfp/GEOSFP.20190701.A3mstC.025x03125.nc,876229026,378306560,131072,45,344707072,window,random,random,33,0,0,0
1622,1,2022239,geosfp/GEOSFP.20190701.A3mstC.025x03125.nc,876229026,663924736,69632,79,285487104,window,random,random,33,0,0,0
1623,1,2022239,geosfp/GEOSFP.20190701.A3mstC.025x03125.nc,876229026,702287872,131072,83,38293504,window,random,random,33,0,0,0
1624,1,2022239,geosfp/GEOSFP.20190701.A3mstC.025x03125.nc,876229026,538783744,90112,64,-163635200,window,random,random,33,0,0,0
1625,1,2022239,geosfp/GEOSFP.20190701.A3mstC.025x03125.nc,876229026,297545728,110592,35,-241328128,window,random,random,33,0,0,0
1626,1,2022239,geosfp/GEOSFP.20190701.A3mstC.025x03125.nc,876229026,840916992,94208,100,543260672,window,random,random,33,0,0,0
1627,1,2022239,geosfp/GEOSFP.20190701.A3mstC.025x03125.nc,876229026,872808448,131072,104,31797248,window,random,random,33,0,0,0
1628,1,2022239,geosfp/GEOSFP.20190701.A3mstC.025x03125.nc,876229026,117334016,131072,13,-755605504,window,random,random,33,0,0,0
1629,1,2022239,geosfp/GEOSFP.20190701.A3mstC.025x03125.nc,876229026,302952448,131072,36,185487360,window,random,random,33,0,0,0
1630,1,2022239,geosfp/GEOSFP.20190701.A3mstC.025x03125.nc,876229026,806875136,131072,96,503791616,window,random,random,33,0,0,0
1631,1,2022239,geosfp/GEOSFP.20190701.A3mstC.025x03125.nc,876229026,350490624,131072,41,-456515584,window,random,random,33,0,0,0
1632,1,2022239,geosfp/GEOSFP.20190701.A3mstC.025x03125.nc,876229026,91734016,131072,10,-258887680,window,random,random,33,0,0,0
1633,1,2022239,geosfp/GEOSFP.20190701.A3mstC.025x03125.nc,876229026,571494400,131072,68,479629312,window,random,random,33,0,0,0
1634,1,2022239,geosfp/GEOSFP.20190701.A3mstC.025x03125.nc,876229026,553816064,131072,66,-17809408,window,random,random,33,0,0,0
1635,1,2022239,geosfp/GEOSFP.20190701.A3mstC.025x03125.nc,876229026,243318784,77824,29,-310628352,window,random,random,33,0,0,0
1636,1,2022239,geosfp/GEOSFP.20190701.A3mstC.025x03125.nc,876229026,683393024,90112,81,439996416,window,random,random,33,0,0,0
1637,1,2022239,geosfp/GEOSFP.20190701.A3mstC.025x03125.nc,876229026,830054400,131072,98,146571264,window,random,random,33,0,0,0
1638,1,2022239,geosfp/GEOSFP.20190701.A3mstC.025x03125.nc,876229026,363810816,131072,43,-466374656,window,random,random,33,0,0,0
1639,1,2022239,geosfp/GEOSFP.20190701.A3mstC.025x03125.nc,876229026,223014912,131072,26,-140926976,window,random,random,33,0,0,0
1640,1,2022239,geosfp/GEOSFP.20190701.A3mstC.025x03125.nc,876229026,805601280,131072,96,582455296,window,random,random,33,0,0,0
1641,1,2022239,geosfp/GEOSFP.20190701.A3mstC.025x03125.nc,876229026,839426048,131072,100,33693696,window,random,random,33,0,0,0
1642,1,2022239,geosfp/GEOSFP.20190701.A3mstC.025x03125.nc,876229026,715059200,131072,85,-124497920,window,random,random,33,0,0,0
1643,1,2022239,geosfp/GEOSFP.20190701.A3mstC.025x03125.nc,876229026,167202816,131072,19,-547987456,window,random,random,33,0,0,0
1644,1,2022239,geosfp/GEOSFP.20190701.A3mstC.025x03125.nc,876229026,547196928,131072,65,379863040,window,random,random,33,0,0,0
1645,1,2022239,geosfp/GEOSFP.20190701.A3mstC.025x03125.nc,876229026,5206016,118784,0,-542121984,window,random,random,33,0,0,0
1646,1,2022239,geosfp/GEOSFP.20190701.A3mstC.025x03125.nc,876229026,843935744,131072,100,838610944,window,random,random,33,0,0,0
1647,1,2022239,geosfp/GEOSFP.20190701.A3mstC.025x03125.nc,876229026,669200384,131072,79,-174866432,window,random,random,33,0,0,0
1648,1,2022239,geosfp/GEOSFP.20190701.A3mstC.025x03125.nc,876229026,653524992,131072,77,-15806464,window,random,random,33,0,0,0
1649,1,2022239,geosfp/GEOSFP.20190701.A3mstC.025x03125.nc,876229026,549343232,131072,65,-104312832,window,random,random,33,0,0,0
1650,1,2022239,geosfp/GEOSFP.20190701.A3mstC.025x03125.nc,876229026,737607680,131072,87,188133376,window,random,random,33,0,0,0
1651,1,2022239,geosfp/GEOSFP.20190701.A3mstC.025x03125.nc,876229026,551100416,131072,65,-186638336,window,random,random,33,0,0,0
1652,1,2022239,geosfp/GEOSFP.20190701.A3mstC.025x03125.nc,876229026,481705984,131072,57,-69525504,window,random,random,33,0,0,0
1653,1,2022239,geosfp/GEOSFP.20190701.A3mstC.025x03125.nc,876229026,378515456,131072,45,-103321600,window,random,random,33,0,0,0
1654,1,2022239,geosfp/GEOSFP.20190701.A3mstC.025x03125.nc,876229026,595759104,131072,71,217112576,window,random,random,33,0,0,0
1655,1,2022239,geosfp/GEOSFP.20190701.A3mstC.025x03125.nc,876229026,669704192,131072,79,73814016,window,random,random,33,0,0,0
1656,1,2022239,geosfp/GEOSFP.20190701.A3mstC.025x03125.nc,876229026,663666688,126976,79,-6168576,window,random,random,33,0,0,0
1657,1,2022239,geosfp/GEOSFP.20190701.A3mstC.025x03125.nc,876229026,146726912,131072,17,-517066752,window,random,random,33,0,0,0
1658,1,2022239,geosfp/GEOSFP.20190701.A3mstC.025x03125.nc,876229026,718921728,110592,85,572063744,window,random,random,33,0,0,0
1659,1,2022239,geosfp/GEOSFP.20190701.A3mstC.025x03125.nc,876229026,736980992,131072,87,17948672,window,random,random,33,0,0,0
1660,1,2022239,geosfp/GEOSFP.20190701.A3mstC.025x03125.nc,876229026,490258432,94208,58,-246853632,window,random,random,33,0,0,0
1661,1,2022239,geosfp/GEOSFP.20190701.A3mstC.025x03125.nc,876229026,182419456,94208,21,-307933184,window,random,random,33,0,0,0
1662,1,2022239,geosfp/GEOSFP.20190701.A3mstC.025x03125.nc,876229026,612212736,114688,72,429699072,window,random,random,33,0,0,0
1663,1,2022239,geosfp/GEOSFP.20190701.A3mstC.025x03125.nc,876229026,65028096,131072,7,-547299328,window,random,random,33,0,0,0
1664,1,2022239,geosfp/GEOSFP.20190701.A3mstC.025x03125.nc,876229026,678469632,131072,80,613310464,window,random,random,33,0,0,0
1665,1,2022239,geosfp/GEOSFP.20190701.A3mstC.025x03125.nc,876229026,630030336,131072,75,-48570368,window,random,random,33,0,0,0
1666,1,2022239,geosfp/GEOSFP.20190701.A3mstC.025x03125.nc,876229026,821858304,131072,97,191696896,window,random,random,33,0,0,0
1667,1,2022239,geosfp/GEOSFP.20190701.A3mstC.025x03125.nc,876229026,486412288,131072,57,-335577088,window,random,random,33,0,0,0
1668,1,2022239,geosfp/GEOSFP.20190701.A3mstC.025x03125.nc,876229026,33255424,131072,3,-453287936,window,random,random,33,0,0,0
1669,1,2022239,geosfp/GEOSFP.20190701.A3mstC.025x03125.nc,876229026,803037184,131072,95,769650688,window,random,random,33,0,0,0
1670,1,2022239,geosfp/GEOSFP.20190701.A3mstC.025x03125.nc,876229026,776863744,131072,92,-26304512,window,random,random,33,0,0,0
1671,1,2022239,geosfp/GEOSFP.20190701.A3mstC.025x03125.nc,876229026,779694080,131072,92,2699264,window,random,random,33,0,0,0
1672,1,2022239,geosfp/GEOSFP.20190701.A3mstC.025x03125.nc,876229026,507715584,131072,60,-272109568,window,random,random,33,0,0,0
1673,1,2022239,geosfp/GEOSFP.20190701.A3mstC.025x03125.nc,876229026,593252352,131072,70,85405696,window,random,random,33,0,0,0
1674,1,2022239,geosfp/GEOSFP.20190701.A3mstC.025x03125.nc,876229026,49963008,114688,5,-543420416,window,random,random,33,0,0,0
1675,1,2022239,geosfp/GEOSFP.20190701.A3mstC.025x03125.nc,876229026,587460608,131072,70,537382912,window,random,random,33,0,0,0
1676,1,2022239,geosfp/GEOSFP.20190701.A3mstC.025x03125.nc,876229026,117788672,131072,14,-469803008,window,random,random,33,0,0,0
1677,1,2022239,geosfp/GEOSFP.20190701.A3mstC.025x03125.nc,876229026,870318080,65536,103,752398336,window,random,random,33,0,0,0
1678,1,2022239,geosfp/GEOSFP.20190701.A3mstC.025x03125.nc,876229026,550608896,131072,65,-319774720,window,random,random,33,0,0,0
1679,1,2022239,geosfp/GEOSFP.20190701.A3mstC.025x03125.nc,876229026,429490176,131072,51,-121249792,window,random,random,33,0,0,0
1680,1,2022239,geosfp/GEOSFP.20190701.A3mstC.025x03125.nc,876229026,462864384,131072,55,33243136,window,random,random,33,0,0,0
1681,1,2022239,geosfp/GEOSFP.20190701.A3mstC.025x03125.nc,876229026,841560064,131072,100,378564608,window,random,random,33,0,0,0
1682,1,2022239,geosfp/GEOSFP.20190701.A3mstC.025x03125.nc,876229026,287125504,131072,34,-554565632,window,random,random,33,0,0,0
1683,1,2022239,geosfp/GEOSFP.20190701.A3mstC.025x03125.nc,876229026,503664640,131072,60,216408064,window,random,random,33,0,0,0
1684,1,2022239,geosfp/GEOSFP.20190701.A3mstC.025x03125.nc,876229026,416079872,131072,49,-87715840,window,random,random,33,0,0,0
1685,1,2022239,geosfp/GEOSFP.20190701.A3mstC.025x03125.nc,876229026,78356480,106496,9,-337854464,window,random,random,33,0,0,0
1686,1,2022239,geosfp/GEOSFP.20190701.A3mstC.025x03125.nc,876229026,137043968,131072,16,58580992,window,random,random,33,0,0,0
1687,1,2022239,geosfp/GEOSFP.20190701.A3mstC.025x03125.nc,876229026,803688448,106496,95,666513408,window,random,random,33,0,0,0
1688,1,2022239,geosfp/GEOSFP.20190701.A3mstC.025x03125.nc,876229026,594472960,94208,70,-209321984,window,random,random,33,0,0,0
1689,1,2022239,geosfp/GEOSFP.20190701.A3mstC.025x03125.nc,876229026,335060992,81920,39,-259506176,window,random,random,33,0,0,0
1690,1,2022239,geosfp/GEOSFP.20190701.A3mstC.025x03125.nc,876229026,366034944,131072,43,30892032,window,random,random,33,0,0,0
1691,1,2022239,geosfp/GEOSFP.20190701.A3mstC.025x03125.nc,876229026,593993728,131072,70,227827712,window,random,random,33,0,0,0
1692,1,2022239,geosfp/GEOSFP.20190701.A3mstC.025x03125.nc,876229026,51294208,131072,6,-542830592,window,random,random,33,0,0,0
1693,1,2022239,geosfp/GEOSFP.20190701.A3mstC.025x03125.nc,876229026,372281344,131072,44,320856064,window,random,random,33,0,0,0
1694,1,2022239,geosfp/GEOSFP.20190701.A3mstC.025x03125.nc,876229026,738095104,131072,87,365682688,window,random,random,33,0,0,0
1695,1,2022239,geosfp/GEOSFP.20190701.A3mstC.025x03125.nc,876229026,194195456,131072,23,-544030720,window,random,random,33,0,0,0
1696,1,2022239,geosfp/GEOSFP.20190701.A3mstC.025x03125.nc,876229026,577261568,131072,68,382935040,window,random,random,33,0,0,0
1697,1,2022239,geosfp/GEOSFP.20190701.A3mstC.025x03125.nc,876229026,398131200,131072,47,-179261440,window,random,random,33,0,0,0
1698,1,2022239,geosfp/GEOSFP.20190701.A3mstC.025x03125.nc,876229026,422940672,131072,50,24678400,window,random,random,33,0,0,0
1699,1,2022239,geosfp/GEOSFP.20190701.A3mstC.025x03125.nc,876229026,562196480,131072,67,139124736,window,random,random,33,0,0,0
1700,1,2022239,geosfp/GEOSFP.20190701.A3mstC.025x03125.nc,876229026,104587264,131072,12,-457740288,window,random,random,33,0,0,0
1701,1,2022239,geosfp/GEOSFP.20190701.A3mstC.025x03125.nc,876229026,828112896,90112,98,723394560,window,random,random,33,0,0,0
1702,1,2022239,geosfp/GEOSFP.20190701.A3mstC.025x03125.nc,876229026,867061760,131072,103,38858752,window,random,random,33,0,0,0
1703,1,2022239,geosfp/GEOSFP.20190701.A3mstC.025x03125.nc,876229026,700878848,106496,83,-166313984,window,random,random,33,0,0,0
1704,1,2022239,geosfp/GEOSFP.20190701.A3mstC.025x03125.nc,876229026,862699520,131072,102,161714176,window,random,random,33,0,0,0
1705,1,2022239,geosfp/GEOSFP.20190701.A3mstC.025x03125.nc,876229026,691806208,131072,82,-171024384,window,random,random,33,0,0,0
1706,1,2022239,geosfp/GEOSFP.20190701.A3mstC.025x03125.nc,876229026,694231040,131072,82,2293760,window,random,random,33,0,0,0
1707,1,2022239,geosfp/GEOSFP.20190701.A3mstC.025x03125.nc,876229026,23908352,65536,2,-670453760,window,random,random,33,0,0,0
1708,1,2022239,geosfp/GEOSFP.20190701.A3mstC.025x03125.nc,876229026,769044480,131072,91,745070592,window,random,random,33,0,0,0
1709,1,2022239,geosfp/GEOSFP.20190701.A3mstC.025x03125.nc,876229026,382472192,131072,45,-386703360,window,random,random,33,0,0,0
1710,1,2022239,geosfp/GEOSFP.20190701.A3mstC.025x03125.nc,876229026,402771968,131072,48,20168704,window,random,random,33,0,0,0
1711,1,2022239,geosfp/GEOSFP.20190701.A3mstC.025x03125.nc,876229026,764780544,131072,91,361877504,window,random,random,33,0,0,0
1712,1,2022239,geosfp/GEOSFP.20190701.A3mstC.025x03125.nc,876229026,783839232,131072,93,18927616,window,random,random,33,0,0,0
1713,1,2022239,geosfp/GEOSFP.20190701.A3mstC.025x03125.nc,876229026,198656000,131072,23,-585314304,window,random,random,33,0,0,0
1714,1,2022239,geosfp/GEOSFP.20190701.A3mstC.025x03125.nc,876229026,410693632,131072,48,211906560,window,random,random,33,0,0,0
1715,1,2022239,geosfp/GEOSFP.20190701.A3mstC.025x03125.nc,876229026,852713472,73728,101,441888768,window,random,random,33,0,0,0
1716,1,2022239,geosfp/GEOSFP.20190701.A3mstC.025x03125.nc,876229026,406888448,131072,48,-445898752,window,random,random,33,0,0,0
1717,1,2022239,geosfp/GEOSFP.20190701.A3mstC.025x03125.nc,876229026,52617216,131072,6,-354402304,window,random,random,33,0,0,0
1718,1,2022239,geosfp/GEOSFP.20190701.A3mstC.025x03125.nc,876229026,236195840,131072,28,183447552,window,random,random,33,0,0,0
1719,1,2022239,geosfp/GEOSFP.20190701.A3mstC.025x03125.nc,876229026,140320768,131072,16,-96006144,window,random,random,33,0,0,0
1720,1,2022239,geosfp/GEOSFP.20190701.A3mstC.025x03125.nc,876229026,719941632,131072,85,579489792,window,random,random,33,0,0,0
1721,1,2022239,geosfp/GEOSFP.20190701.A3mstC.025x03125.nc,876229026,729513984,131072,86,9441280,window,random,random,33,0,0,0
1722,1,2022239,geosfp/GEOSFP.20190701.A3mstC.025x03125.nc,876229026,715354112,131072,85,-14290944,window,random,random,33,0,0,0
1723,1,2022239,geosfp/GEOSFP.20190701.A3mstC.025x03125.nc,876229026,770117632,131072,91,54632448,window,random,random,33,0,0,0
1724,1,2022239,geosfp/GEOSFP.20190701.A3mstC.025x03125.nc,876229026,385814528,131072,45,-384434176,window,random,random,33,0,0,0
1725,1,2022239,geosfp/GEOSFP.20190701.A3mstC.025x03125.nc,876229026,250470400,110592,29,-135475200,window,random,random,33,0,0,0
1726,1,2022239,geosfp/GEOSFP.20190701.A3mstC.025x03125.nc,876229026,81362944,131072,9,-169218048,window,random,random,33,0,0,0
1727,1,2022239,geosfp/GEOSFP.20190701.A3mstC.025x03125.nc,876229026,631300096,114688,75,549806080,window,random,random,33,0,0,0
1728,1,2022239,geosfp/GEOSFP.20190701.A3mstC.025x03125.nc,876229026,233721856,4096,27,-397692928,window,random,random,33,0,0,0
1729,1,2022239,geosfp/GEOSFP.20190701.A3mstC.025x03125.nc,876229026,148287488,131072,17,-85438464,window,random,random,33,0,0,0
1730,1,2022239,geosfp/GEOSFP.20190701.A3mstC.025x03125.nc,876229026,390959104,126976,46,242540544,window,random,random,33,0,0,0
1731,1,2022239,geosfp/GEOSFP.20190701.A3mstC.025x03125.nc,876229026,221093888,131072,26,-169992192,window,random,random,33,0,0,0
1732,1,2022239,geosfp/GEOSFP.20190701.A3mstC.025x03125.nc,876229026,207962112,131072,24,-13262848,window,random,random,33,0,0,0
1733,1,2022239,geosfp/GEOSFP.20190701.A3mstC.025x03125.nc,876229026,3420160,131072,0,-204673024,window,random,random,33,0,0,0
1734,1,2022239,geosfp/GEOSFP.20190701.A3mstC.025x03125.nc,876229026,383856640,90112,45,380305408,window,random,random,33,0,0,0
1735,1,2022239,geosfp/GEOSFP.20190701.A3mstC.025x03125.nc,876229026,736579584,86016,87,352632832,window,random,random,33,0,0,0
1736,1,2022239,geosfp/GEOSFP.20190701.A3mstC.025x03125.nc,876229026,226508800,131072,27,-510156800,window,random,random,33,0,0,0
1737,1,2022239,geosfp/GEOSFP.20190701.A3mstC.025x03125.nc,876229026,527384576,131072,62,300744704,window,random,random,33,0,0,0
1738,1,2022239,geosfp/GEOSFP.20190701.A3mstC.025x03125.nc,876229026,614187008,131072,73,86671360,window,random,random,33,0,0,0
1739,1,2022239,geosfp/GEOSFP.20190701.A3mstC.025x03125.nc,876229026,419078144,131072,49,-195239936,window,random,random,33,0,0,0
1740,1,2022239,geosfp/GEOSFP.20190701.A3mstC.025x03125.nc,876229026,504209408,131072,60,85000192,window,random,random,33,0,0,0
1741,1,2022239,geosfp/GEOSFP.20190701.A3mstC.025x03125.nc,876229026,24416256,126976,2,-479924224,window,random,random,33,0,0,0
1742,1,2022239,geosfp/GEOSFP.20190701.A3mstC.025x03125.nc,876229026,716611584,131072,85,692068352,window,random,random,33,0,0,0
1743,1,2022239,geosfp/GEOSFP.20190701.A3mstC.025x03125.nc,876229026,272060416,131072,32,-444682240,window,random,random,33,0,0,0
1744,1,2022239,geosfp/GEOSFP.20190701.A3mstC.025x03125.nc,876229026,203210752,131072,24,-68980736,window,random,random,33,0,0,0
1745,1,2022239,geosfp/GEOSFP.20190701.A3mstC.025x03125.nc,876229026,370933760,131072,44,167591936,window,random,random,33,0,0,0
1746,1,2022239,geosfp/GEOSFP.20190701.A3mstC.025x03125.nc,876229026,209108992,131072,24,-161955840,window,random,random,33,0,0,0
1747,1,2022239,geosfp/GEOSFP.20190701.A3mstC.025x03125.nc,876229026,107388928,90112,12,-101851136,window,random,random,33,0,0,0
1748,1,2022239,geosfp/GEOSFP.20190701.A3mstC.025x03125.nc,876229026,798707712,53248,95,691228672,window,random,random,33,0,0,0
1749,1,2022239,geosfp/GEOSFP.20190701.A3mstC.025x03125.nc,876229026,115191808,131072,13,-683569152,window,random,random,33,0,0,0
1750,1,2022239,geosfp/GEOSFP.20190701.A3mstC.025x03125.nc,876229026,749092864,131072,89,633769984,window,random,random,33,0,0,0
1751,1,2022239,geosfp/GEOSFP.20190701.A3mstC.025x03125.nc,876229026,836816896,131072,99,87592960,window,random,random,33,0,0,0
1752,1,2022239,geosfp/GEOSFP.20190701.A3mstC.025x03125.nc,876229026,353964032,131072,42,-482983936,window,random,random,33,0,0,0
1753,1,2022239,geosfp/GEOSFP.20190701.A3mstC.025x03125.nc,876229026,466075648,65536,55,111980544,window,random,random,33,0,0,0
1754,1,2022239,geosfp/GEOSFP.20190701.A3mstC.025x03125.nc,876229026,665546752,131072,79,199405568,window,random,random,33,0,0,0
1755,1,2022239,geosfp/GEOSFP.20190701.A3mstC.025x03125.nc,876229026,460591104,81920,54,-205086720,window,random,random,33,0,0,0
1756,1,2022239,geosfp/GEOSFP.20190701.A3mstC.025x03125.nc,876229026,287367168,131072,34,-173305856,window,random,random,33,0,0,0
1757,1,2022239,geosfp/GEOSFP.20190701.A3mstC.025x03125.nc,876229026,133251072,131072,15,-154247168,window,random,random,33,0,0,0
1758,1,2022239,geosfp/GEOSFP.20190701.A3mstC.025x03125.nc,876229026,320020480,131072,38,186638336,window,random,random,33,0,0,0
1759,1,2022239,geosfp/GEOSFP.20190701.A3mstC.025x03125.nc,876229026,611729408,94208,72,291577856,window,random,random,33,0,0,0
1760,1,2022239,geosfp/GEOSFP.20190701.A3mstC.025x03125.nc,876229026,625979392,131072,74,14155776,window,random,random,33,0,0,0
1761,1,2022239,geosfp/GEOSFP.20190701.A3mstC.025x03125.nc,876229026,549240832,102400,65,-76869632,window,random,random,33,0,0,0
1762,1,2022239,geosfp/GEOSFP.20190701.A3mstC.025x03125.nc,876229026,72949760,77824,8,-476393472,window,random,random,33,0,0,0
1763,1,2022239,geosfp/GEOSFP.20190701.A3mstC.025x03125.nc,876229026,568766464,131072,67,495738880,window,random,random,33,0,0,0
1764,1,2022239,geosfp/GEOSFP.20190701.A3mstC.025x03125.nc,876229026,666664960,131072,79,97767424,window,random,random,33,0,0,0
1765,1,2022239,geosfp/GEOSFP.20190701.A3mstC.025x03125.nc,876229026,707731456,69632,84,40935424,window,random,random,33,0,0,0
1766,1,2022239,geosfp/GEOSFP.20190701.A3mstC.025x03125.nc,876229026,285339648,131072,34,-422461440,window,random,random,33,0,0,0
1767,1,2022239,geosfp/GEOSFP.20190701.A3mstC.025x03125.nc,876229026,110141440,131072,13,-175329280,window,random,random,33,0,0,0
1768,1,2022239,geosfp/GEOSFP.20190701.A3mstC.025x03125.nc,876229026,506441728,131072,60,396169216,window,random,random,33,0,0,0
1769,1,2022239,geosfp/GEOSFP.20190701.A3mstC.025x03125.nc,876229026,592023552,90112,70,85450752,window,random,random,33,0,0,0
1770,1,2022239,geosfp/GEOSFP.20190701.A3mstC.025x03125.nc,876229026,133894144,131072,15,-458219520,window,random,random,33,0,0,0
1771,1,2022239,geosfp/GEOSFP.20190701.A3mstC.025x03125.nc,876229026,411529216,131072,49,277504000,window,random,random,33,0,0,0
1772,1,2022239,geosfp/GEOSFP.20190701.A3mstC.025x03125.nc,876229026,357212160,65536,42,-54448128,window,random,random,33,0,0,0
1773,1,2022239,geosfp/GEOSFP.20190701.A3mstC.025x03125.nc,876229026,159772672,131072,19,-197505024,window,random,random,33,0,0,0
1774,1,2022239,geosfp/GEOSFP.20190701.A3mstC.025x03125.nc,876229026,805036032,110592,95,645132288,window,random,random,33,0,0,0
1775,1,2022239,geosfp/GEOSFP.20190701.A3mstC.025x03125.nc,876229026,369168384,131072,44,-435978240,window,random,random,33,0,0,0
1776,1,2022239,geosfp/GEOSFP.20190701.A3mstC.025x03125.nc,876229026,135868416,131072,16,-233431040,window,random,random,33,0,0,0
1777,1,2022239,geosfp/GEOSFP.20190701.A3mstC.025x03125.nc,876229026,403267584,131072,48,267268096,window,random,random,33,0,0,0
1778,1,2022239,geosfp/GEOSFP.20190701.A3mstC.025x03125.nc,876229026,455634944,118784,54,52236288,window,random,random,33,0,0,0
1779,1,2022239,geosfp/GEOSFP.20190701.A3mstC.025x03125.nc,876229026,385388544,118784,45,-70365184,window,random,random,33,0,0,0
1780,1,2022239,geosfp/GEOSFP.20190701.A3mstC.025x03125.nc,876229026,578588672,131072,68,193081344,window,random,random,33,0,0,0
1781,1,2022239,geosfp/GEOSFP.20190701.A3mstC.025x03125.nc,876229026,691990528,131072,82,113270784,window,random,random,33,0,0,0
1782,1,2022239,geosfp/GEOSFP.20190701.A3mstC.025x03125.nc,876229026,816676864,131072,97,124555264,window,random,random,33,0,0,0
1783,1,2022239,geosfp/GEOSFP.20190701.A3mstC.025x03125.nc,876229026,362438656,131072,43,-454369280,window,random,random,33,0,0,0
1784,1,2022239,geosfp/GEOSFP.20190701.A3mstC.025x03125.nc,876229026,211824640,131072,25,-150745088,window,random,random,33,0,0,0
1785,1,2022239,geosfp/GEOSFP.20190701.A3mstC.025x03125.nc,876229026,248479744,131072,29,36524032,window,random,random,33,0,0,0
1786,1,2022239,geosfp/GEOSFP.20190701.A3mstC.025x03125.nc,876229026,547000320,131072,65,298389504,window,random,random,33,0,0,0
1787,1,2022239,geosfp/GEOSFP.20190701.A3mstC.025x03125.nc,876229026,669917184,131072,79,122785792,window,random,random,33,0,0,0
1788,1,2022239,geosfp/GEOSFP.20190701.A3mstC.025x03125.nc,876229026,274833408,131072,32,-395214848,window,random,random,33,0,0,0
1789,1,2022239,geosfp/GEOSFP.20190701.A3mstC.025x03125.nc,876229026,198410240,131072,23,-76554240,window,random,random,33,0,0,0
1790,1,2022239,geosfp/GEOSFP.20190701.A3mstC.025x03125.nc,876229026,654520320,131072,78,455979008,window,random,random,33,0,0,0
1791,1,2022239,geosfp/GEOSFP.20190701.A3mstC.025x03125.nc,876229026,870068224,118784,103,215416832,window,random,random,33,0,0,0
1792,1,2022239,geosfp/GEOSFP.20190701.A3mstC.025x03125.nc,876229026,479248384,131072,57,-390938624,window,random,random,33,0,0,0
1793,1,2022239,geosfp/GEOSFP.20190701.A3mstC.025x03125.nc,876229026,682389504,131072,81,203010048,window,random,random,33,0,0,0
1794,1,2022239,geosfp/GEOSFP.20190701.A3mstC.025x03125.nc,876229026,224854016,131072,26,-457666560,window,random,random,33,0,0,0
1795,1,2022239,geosfp/GEOSFP.20190701.A3mstC.025x03125.nc,876229026,229232640,131072,27,4247552,window,random,random,33,0,0,0
1796,1,2022239,geosfp/GEOSFP.20190701.A3mstC.025x03125.nc,876229026,182218752,77824,21,-47144960,window,random,random,33,0,0,0
1797,1,2022239,geosfp/GEOSFP.20190701.A3mstC.025x03125.nc,876229026,279396352,131072,33,97099776,window,random,random,33,0,0,0
1798,1,2022239,geosfp/GEOSFP.20190701.A3mstC.025x03125.nc,876229026,527917056,131072,62,248389632,window,random,random,33,0,0,0
1799,1,2022239,geosfp/GEOSFP.20190701.A3mstC.025x03125.nc,876229026,205795328,122880,24,-322252800,window,random,random,33,0,0,0
1800,1,2022239,geosfp/GEOSFP.20190701.A3mstC.025x03125.nc,876229026,632958976,131072,75,427040768,window,random,random,33,0,0,0
1801,1,2022239,geosfp/GEOSFP.20190701.A3mstC.025x03125.nc,876229026,36356096,126976,4,-596733952,window,random,random,33,0,0,0
1802,1,2022239,geosfp/GEOSFP.20190701.A3mstC.025x03125.nc,876229026,213594112,126976,25,177111040,window,random,random,33,0,0,0
1803,1,2022239,geosfp/GEOSFP.20190701.A3mstC.025x03125.nc,876229026,847757312,114688,101,634036224,window,random,random,33,0,0,0
1804,1,2022239,geosfp/GEOSFP.20190701.A3mstC.025x03125.nc,876229026,494272512,131072,58,-353599488,window,random,random,33,0,0,0
1805,1,2022239,geosfp/GEOSFP.20190701.A3mstC.025x03125.nc,876229026,275193856,131072,32,-219209728,window,random,random,33,0,0,0
1806,1,2022239,geosfp/GEOSFP.20190701.A3mstC.025x03125.nc,876229026,66707456,131072,7,-208617472,window,random,random,33,0,0,0
1807,1,2022239,geosfp/GEOSFP.20190701.A3mstC.025x03125.nc,876229026,504995840,131072,60,438157312,window,random,random,33,0,0,0
1808,1,2022239,geosfp/GEOSFP.20190701.A3mstC.025x03125.nc,876229026,105054208,131072,12,-400072704,window,random,random,33,0,0,0
1809,1,2022239,geosfp/GEOSFP.20190701.A3mstC.025x03125.nc,876229026,405458944,106496,48,300273664,window,random,random,33,0,0,0
1810,1,2022239,geosfp/GEOSFP.20190701.A3mstC.025x03125.nc,876229026,158052352,131072,18,-247513088,window,random,random,33,0,0,0
1811,1,2022239,geosfp/GEOSFP.20190701.A3mstC.025x03125.nc,876229026,345202688,81920,41,187019264,window,random,random,33,0,0,0
1812,1,2022239,geosfp/GEOSFP.20190701.A3mstC.025x03125.nc,876229026,647053312,73728,77,301768704,window,random,random,33,0,0,0
1813,1,2022239,geosfp/GEOSFP.20190701.A3mstC.025x03125.nc,876229026,445808640,98304,53,-201318400,window,random,random,33,0,0,0
1814,1,2022239,geosfp/GEOSFP.20190701.A3mstC.025x03125.nc,876229026,442163200,131072,52,-3743744,window,random,random,33,0,0,0
1815,1,2022239,geosfp/GEOSFP.20190701.A3mstC.025x03125.nc,876229026,51851264,81920,6,-390443008,window,random,random,33,0,0,0
1816,1,2022239,geosfp/GEOSFP.20190701.A3mstC.025x03125.nc,876229026,712433664,102400,84,660500480,window,random,random,33,0,0,0
1817,1,2022239,geosfp/GEOSFP.20190701.A3mstC.025x03125.nc,876229026,819781632,131072,97,107245568,window,random,random,33,0,0,0
1818,1,2022239,geosfp/GEOSFP.20190701.A3mstC.025x03125.nc,876229026,22474752,102400,2,-797437952,window,random,random,33,0,0,0
1819,1,2022239,geosfp/GEOSFP.20190701.A3mstC.025x03125.nc,876229026,380366848,131072,45,357789696,window,random,random,33,0,0,0
1820,1,2022239,geosfp/GEOSFP.20190701.A3mstC.025x03125.nc,876229026,486215680,131072,57,105717760,window,random,random,33,0,0,0
1821,1,2022239,geosfp/GEOSFP.20190701.A3mstC.025x03125.nc,876229026,458539008,131072,54,-27807744,window,random,random,33,0,0,0
1822,1,2022239,geosfp/GEOSFP.20190701.A3mstC.025x03125.nc,876229026,734588928,131072,87,275918848,window,random,random,33,0,0,0
1823,1,2022239,geosfp/GEOSFP.20190701.A3mstC.025x03125.nc,876229026,29343744,131072,3,-705376256,window,random,random,33,0,0,0
1824,1,2022239,geosfp/GEOSFP.20190701.A3mstC.025x03125.nc,876229026,475193344,131072,56,445718528,window,random,random,33,0,0,0
1825,1,2022239,geosfp/GEOSFP.20190701.A3mstC.025x03125.nc,876229026,487071744,131072,58,11747328,window,random,random,33,0,0,0
1826,1,2022239,geosfp/GEOSFP.20190701.A3mstC.025x03125.nc,876229026,143106048,131072,17,-344096768,window,random,random,33,0,0,0
1827,1,2022239,geosfp/GEOSFP.20190701.A3mstC.025x03125.nc,876229026,39047168,131072,4,-104189952,window,random,random,33,0,0,0
1828,1,2022239,geosfp/GEOSFP.20190701.A3mstC.025x03125.nc,876229026,83378176,98304,9,44199936,window,random,random,33,0,0,0
1829,1,2022239,geosfp/GEOSFP.20190701.A3mstC.025x03125.nc,876229026,359354368,122880,42,275877888,window,random,random,33,0,0,0
1830,1,2022239,geosfp/GEOSFP.20190701.A3mstC.025x03125.nc,876229026,424714240,102400,50,65236992,window,random,random,33,0,0,0
1831,1,2022239,geosfp/GEOSFP.20190701.A3mstC.025x03125.nc,876229026,367861760,131072,43,-56954880,window,random,random,33,0,0,0
1832,1,2022239,geosfp/GEOSFP.20190701.A3mstC.025x03125.nc,876229026,14204928,114688,1,-353787904,window,random,random,33,0,0,0
1833,1,2022239,geosfp/GEOSFP.20190701.A3mstC.025x03125.nc,876229026,869638144,131072,103,855318528,window,random,random,33,0,0,0
1834,1,2022239,geosfp/GEOSFP.20190701.A3mstC.025x03125.nc,876229026,85143552,131072,10,-784625664,window,random,random,33,0,0,0
1835,1,2022239,geosfp/GEOSFP.20190701.A3mstC.025x03125.nc,876229026,571731968,131072,68,486457344,window,random,random,33,0,0,0
1836,1,2022239,geosfp/GEOSFP.20190701.A3mstC.025x03125.nc,876229026,115728384,131072,13,-456134656,window,random,random,33,0,0,0
1837,1,2022239,geosfp/GEOSFP.20190701.A3mstC.025x03125.nc,876229026,524808192,65536,62,408948736,window,random,random,33,0,0,0
1838,1,2022239,geosfp/GEOSFP.20190701.A3mstC.025x03125.nc,876229026,545517568,131072,65,20643840,window,random,random,33,0,0,0
1839,1,2022239,geosfp/GEOSFP.20190701.A3mstC.025x03125.nc,876229026,332435456,131072,39,-213213184,window,random,random,33,0,0,0
1840,1,2022239,geosfp/GEOSFP.20190701.A3mstC.025x03125.nc,876229026,399470592,98304,47,66904064,window,random,random,33,0,0,0
1841,1,2022239,geosfp/GEOSFP.20190701.A3mstC.025x03125.nc,876229026,247517184,131072,29,-152051712,window,random,random,33,0,0,0
1842,1,2022239,geosfp/GEOSFP.20190701.A3mstC.025x03125.nc,876229026,256839680,131072,30,9191424,window,random,random,33,0,0,0
1843,1,2022239,geosfp/GEOSFP.20190701.A3mstC.025x03125.nc,876229026,168255488,131072,20,-88715264,window,random,random,33,0,0,0
1844,1,2022239,geosfp/GEOSFP.20190701.A3mstC.025x03125.nc,876229026,615522304,131072,73,447135744,window,random,random,33,0,0,0
1845,1,2022239,geosfp/GEOSFP.20190701.A3mstC.025x03125.nc,876229026,546103296,53248,65,-69550080,window,random,random,33,0,0,0
1846,1,2022239,geosfp/GEOSFP.20190701.A3mstC.025x03125.nc,876229026,614944768,131072,73,68788224,window,random,random,33,0,0,0
1847,1,2022239,geosfp/GEOSFP.20190701.A3mstC.025x03125.nc,876229026,275062784,131072,32,-340013056,window,random,random,33,0,0,0
1848,1,2022239,geosfp/GEOSFP.20190701.A3mstC.025x03125.nc,876229026,211558400,131072,25,-63635456,window,random,random,33,0,0,0
1849,1,2022239,geosfp/GEOSFP.20190701.A3mstC.025x03125.nc,876229026,48254976,131072,5,-163434496,window,random,random,33,0,0,0
1850,1,2022239,geosfp/GEOSFP.20190701.A3mstC.025x03125.nc,876229026,100544512,122880,11,52158464,window,random,random,33,0,0,0
1851,1,2022239,geosfp/GEOSFP.20190701.A3mstC.025x03125.nc,876229026,265285632,131072,31,164618240,window,random,random,33,0,0,0
1852,1,2022239,geosfp/GEOSFP.20190701.A3mstC.025x03125.nc,876229026,431022080,131072,51,165605376,window,random,strided,33,0,1,0
1853,1,2022239,geosfp/GEOSFP.20190701.A3mstC.025x03125.nc,876229026,766062592,131072,91,334909440,window,strided,random,33,0,0,0
1854,1,2022239,geosfp/GEOSFP.20190701.A3mstC.025x03125.nc,876229026,245329920,131072,29,-520863744,window,random,random,33,0,0,0
1855,1,2022239,geosfp/GEOSFP.20190701.A3mstC.025x03125.nc,876229026,517386240,131072,61,271925248,window,random,random,33,0,0,0
1856,1,2022239,geosfp/GEOSFP.20190701.A3mstC.025x03125.nc,876229026,317743104,114688,37,-199774208,window,random,random,33,0,0,0
1857,1,2022239,geosfp/GEOSFP.20190701.A3mstC.025x03125.nc,876229026,860233728,131072,102,542375936,window,random,random,33,0,0,0
1858,1,2022239,geosfp/GEOSFP.20190701.A3mstC.025x03125.nc,876229026,790765568,131072,94,-69599232,window,random,random,33,0,0,0
1859,1,2022239,geosfp/GEOSFP.20190701.A3mstC.025x03125.nc,876229026,395509760,131072,47,-395386880,window,random,random,33,0,0,0
1860,1,2022239,geosfp/GEOSFP.20190701.A3mstC.025x03125.nc,876229026,74727424,126976,8,-320913408,window,random,random,33,0,0,0
1861,1,2022239,geosfp/GEOSFP.20190701.A3mstC.025x03125.nc,876229026,408190976,102400,48,333336576,window,random,random,33,0,0,0
1862,1,2022239,geosfp/GEOSFP.20190701.A3mstC.025x03125.nc,876229026,767803392,131072,91,359510016,window,random,random,33,0,0,0
1863,1,2022239,geosfp/GEOSFP.20190701.A3mstC.025x03125.nc,876229026,680165376,114688,81,-87769088,window,random,random,33,0,0,0
1864,1,2022239,geosfp/GEOSFP.20190701.A3mstC.025x03125.nc,876229026,235888640,118784,28,-444391424,window,random,random,33,0,0,0
1865,1,2022239,geosfp/GEOSFP.20190701.A3mstC.025x03125.nc,876229026,416546816,98304,49,180539392,window,random,random,33,0,0,0
1866,1,2022239,geosfp/GEOSFP.20190701.A3mstC.025x03125.nc,876229026,185016320,131072,22,-231628800,window,random,random,33,0,0,0
1867,1,2022239,geosfp/GEOSFP.20190701.A3mstC.025x03125.nc,876229026,873951232,131072,104,688803840,window,random,random,33,0,0,0
1868,1,2022239,geosfp/GEOSFP.20190701.A3mstC.025x03125.nc,876229026,859365376,131072,102,-14716928,window,random,random,33,0,0,0
1869,1,2022239,geosfp/GEOSFP.20190701.A3mstC.025x03125.nc,876229026,667262976,114688,79,-192233472,window,random,random,33,0,0,0
1870,1,2022239,geosfp/GEOSFP.20190701.A3mstC.025x03125.nc,876229026,74125312,131072,8,-593252352,window,random,random,33,0,0,0
1871,1,2022239,geosfp/GEOSFP.20190701.A3mstC.025x03125.nc,876229026,815239168,131072,97,740982784,window,random,random,33,0,0,0
1872,1,2022239,geosfp/GEOSFP.20190701.A3mstC.025x03125.nc,876229026,768610304,131072,91,-46759936,window,random,random,33,0,0,0
1873,1,2022239,geosfp/GEOSFP.20190701.A3mstC.025x03125.nc,876229026,540831744,131072,64,-227909632,window,random,random,33,0,0,0
1874,1,2022239,geosfp/GEOSFP.20190701.A3mstC.025x03125.nc,876229026,842801152,131072,100,301838336,window,random,random,33,0,0,0
1875,1,2022239,geosfp/GEOSFP.20190701.A3mstC.025x03125.nc,876229026,64200704,131072,7,-778731520,window,random,random,33,0,0,0
1876,1,2022239,geosfp/GEOSFP.20190701.A3mstC.025x03125.nc,876229026,671817728,131072,80,607485952,window,random,random,33,0,0,0
1877,1,2022239,geosfp/GEOSFP.20190701.A3mstC.025x03125.nc,876229026,32088064,90112,3,-639860736,window,random,random,33,0,0,0
1878,1,2022239,geosfp/GEOSFP.20190701.A3mstC.025x03125.nc,876229026,778223616,131072,92,746045440,window,random,random,33,0,0,0
1879,1,2022239,geosfp/GEOSFP.20190701.A3mstC.025x03125.nc,876229026,680706048,131072,81,-97648640,window,random,random,33,0,0,0
1880,1,2022239,geosfp/GEOSFP.20190701.A3mstC.025x03125.nc,876229026,356052992,131072,42,-324784128,window,random,random,33,0,0,0
1881,1,2022239,geosfp/GEOSFP.20190701.A3mstC.025x03125.nc,876229026,639651840,131072,76,283467776,window,random,random,33,0,0,0
1882,1,2022239,geosfp/GEOSFP.20190701.A3mstC.025x03125.nc,876229026,79081472,118784,9,-560701440,window,random,random,33,0,0,0
1883,1,2022239,geosfp/GEOSFP.20190701.A3mstC.025x03125.nc,876229026,816140288,131072,97,736940032,window,random,random,33,0,0,0
1884,1,2022239,geosfp/GEOSFP.20190701.A3mstC.025x03125.nc,876229026,642621440,131072,76,-173649920,window,random,random,33,0,0,0
1885,1,2022239,geosfp/GEOSFP.20190701.A3mstC.025x03125.nc,876229026,517828608,110592,61,-124923904,window,random,random,33,0,0,0
1886,1,2022239,geosfp/GEOSFP.20190701.A3mstC.025x03125.nc,876229026,419557376,131072,50,-98381824,window,random,random,33,0,0,0
1887,1,2022239,geosfp/GEOSFP.20190701.A3mstC.025x03125.nc,876229026,641896448,131072,76,222208000,window,random,random,33,0,0,0
1888,1,2022239,geosfp/GEOSFP.20190701.A3mstC.025x03125.nc,876229026,564510720,131072,67,-77516800,window,random,random,33,0,0,0
1889,1,2022239,geosfp/GEOSFP.20190701.A3mstC.025x03125.nc,876229026,486100992,114688,57,-78540800,window,random,random,33,0,0,0
1890,1,2022239,geosfp/GEOSFP.20190701.A3mstC.025x03125.nc,876229026,432906240,131072,51,-53309440,window,random,random,33,0,0,0
1891,1,2022239,geosfp/GEOSFP.20190701.A3mstC.025x03125.nc,876229026,282136576,69632,33,-150900736,window,random,random,33,0,0,0
1892,1,2022239,geosfp/GEOSFP.20190701.A3mstC.025x03125.nc,876229026,184430592,131072,21,-97775616,window,random,random,33,0,0,0
1893,1,2022239,geosfp/GEOSFP.20190701.A3mstC.025x03125.nc,876229026,317857792,118784,37,133296128,window,random,random,33,0,0,0
1894,1,2022239,geosfp/GEOSFP.20190701.A3mstC.025x03125.nc,876229026,183611392,49152,21,-134365184,window,random,random,33,0,0,0
1895,1,2022239,geosfp/GEOSFP.20190701.A3mstC.025x03125.nc,876229026,88530944,131072,10,-95129600,window,random,random,33,0,0,0
1896,1,2022239,geosfp/GEOSFP.20190701.A3mstC.025x03125.nc,876229026,67612672,131072,8,-21049344,window,random,random,33,0,0,0
1897,1,2022239,geosfp/GEOSFP.20190701.A3mstC.025x03125.nc,876229026,750612480,131072,89,682868736,window,random,random,33,0,0,0
1898,1,2022239,geosfp/GEOSFP.20190701.A3mstC.025x03125.nc,876229026,108187648,131072,12,-642555904,window,random,random,33,0,0,0
1899,1,2022239,geosfp/GEOSFP.20190701.A3mstC.025x03125.nc,876229026,179904512,81920,21,71585792,window,random,random,33,0,0,0
1900,1,2022239,geosfp/GEOSFP.20190701.A3mstC.025x03125.nc,876229026,97853440,131072,11,-82132992,window,random,random,33,0,0,0
1901,1,2022239,geosfp/GEOSFP.20190701.A3mstC.025x03125.nc,876229026,859709440,131072,102,761724928,window,random,random,33,0,0,0
1902,1,2022239,geosfp/GEOSFP.20190701.A3mstC.025x03125.nc,876229026,491274240,131072,58,-368566272,window,random,random,33,0,0,0
1903,1,2022239,geosfp/GEOSFP.20190701.A3mstC.025x03125.nc,876229026,694042624,131072,82,202637312,window,random,random,33,0,0,0
1904,1,2022239,geosfp/GEOSFP.20190701.A3mstC.025x03125.nc,876229026,312414208,81920,37,-381759488,window,random,random,33,0,0,0
1905,1,2022239,geosfp/GEOSFP.20190701.A3mstC.025x03125.nc,876229026,598212608,131072,71,285716480,window,random,random,33,0,0,0
1906,1,2022239,geosfp/GEOSFP.20190701.A3mstC.025x03125.nc,876229026,278089728,131072,33,-320253952,window,random,random,33,0,0,0
1907,1,2022239,geosfp/GEOSFP.20190701.A3mstC.025x03125.nc,876229026,653205504,131072,77,374984704,window,random,random,33,0,0,0
1908,1,2022239,geosfp/GEOSFP.20190701.A3mstC.025x03125.nc,876229026,260927488,131072,31,-392409088,window,random,random,33,0,0,0
1909,1,2022239,geosfp/GEOSFP.20190701.A3mstC.025x03125.nc,876229026,685133824,131072,81,424075264,window,random,random,33,0,0,0
1910,1,2022239,geosfp/GEOSFP.20190701.A3mstC.025x03125.nc,876229026,378175488,131072,45,-307089408,window,random,random,33,0,0,0
1911,1,2022239,geosfp/GEOSFP.20190701.A3mstC.025x03125.nc,876229026,356995072,86016,42,-21311488,window,random,random,33,0,0,0
1912,1,2022239,geosfp/GEOSFP.20190701.A3mstC.025x03125.nc,876229026,111271936,131072,13,-245809152,window,random,random,33,0,0,0
1913,1,2022239,geosfp/GEOSFP.20190701.A3mstC.025x03125.nc,876229026,392011776,131072,46,280608768,window,random,random,33,0,0,0
1914,1,2022239,geosfp/GEOSFP.20190701.A3mstC.025x03125.nc,876229026,219455488,131072,26,-172687360,window,random,random,33,0,0,0
1915,1,2022239,geosfp/GEOSFP.20190701.A3mstC.025x03125.nc,876229026,519565312,131072,61,299978752,window,random,random,33,0,0,0
1916,1,2022239,geosfp/GEOSFP.20190701.A3mstC.025x03125.nc,876229026,797782016,106496,95,278085632,window,random,random,33,0,0,0
1917,1,2022239,geosfp/GEOSFP.20190701.A3mstC.025x03125.nc,876229026,228827136,131072,27,-569061376,window,random,random,33,0,0,0
1918,1,2022239,geosfp/GEOSFP.20190701.A3mstC.025x03125.nc,876229026,704098304,131072,83,475140096,window,random,random,33,0,0,0
1919,1,2022239,geosfp/GEOSFP.20190701.A3mstC.025x03125.nc,876229026,309002240,131072,36,-395227136,window,random,random,33,0,0,0
1920,1,2022239,geosfp/GEOSFP.20190701.A3mstC.025x03125.nc,876229026,482263040,131072,57,173129728,window,random,random,33,0,0,0
1921,1,2022239,geosfp/GEOSFP.20190701.A3mstC.025x03125.nc,876229026,560472064,118784,66,78077952,window,random,random,33,0,0,0
1922,1,2022239,geosfp/GEOSFP.20190701.A3mstC.025x03125.nc,876229026,493756416,131072,58,-66834432,window,random,random,33,0,0,0
1923,1,2022239,geosfp/GEOSFP.20190701.A3mstC.025x03125.nc,876229026,516435968,77824,61,22548480,window,random,random,33,0,0,0
1924,1,2022239,geosfp/GEOSFP.20190701.A3mstC.025x03125.nc,876229026,9945088,131072,1,-506568704,window,random,random,33,0,0,0
1925,1,2022239,geosfp/GEOSFP.20190701.A3mstC.025x03125.nc,876229026,678117376,131072,80,668041216,window,random,random,33,0,0,0
1926,1,2022239,geosfp/GEOSFP.20190701.A3mstC.025x03125.nc,876229026,106835968,131072,12,-571412480,window,random,random,33,0,0,0
1927,1,2022239,geosfp/GEOSFP.20190701.A3mstC.025x03125.nc,876229026,874708992,131072,104,767741952,window,random,random,33,0,0,0
1928,1,2022239,geosfp/GEOSFP.20190701.A3mstC.025x03125.nc,876229026,495468544,90112,59,-379371520,window,random,random,33,0,0,0
1929,1,2022239,geosfp/GEOSFP.20190701.A3mstC.025x03125.nc,876229026,513048576,131072,61,17489920,window,random,random,33,0,0,0
1930,1,2022239,geosfp/GEOSFP.20190701.A3mstC.025x03125.nc,876229026,723152896,131072,86,209973248,window,random,random,33,0,0,0
1931,1,2022239,geosfp/GEOSFP.20190701.A3mstC.025x03125.nc,876229026,588869632,110592,70,-134414336,window,random,random,33,0,0,0
1932,1,2022239,geosfp/GEOSFP.20190701.A3mstC.025x03125.nc,876229026,257191936,86016,30,-331788288,window,random,random,33,0,0,0
1933,1,2022239,geosfp/GEOSFP.20190701.A3mstC.025x03125.nc,876229026,553660416,131072,66,296382464,window,random,random,33,0,0,0
1934,1,2022239,geosfp/GEOSFP.20190701.A3mstC.025x03125.nc,876229026,577007616,131072,68,23216128,window,random,random,33,0,0,0
1935,1,2022239,geosfp/GEOSFP.20190701.A3mstC.025x03125.nc,876229026,426033152,106496,50,-151105536,window,random,random,33,0,0,0
1936,1,2022239,geosfp/GEOSFP.20190701.A3mstC.025x03125.nc,876229026,866697216,131072,103,440557568,window,random,random,33,0,0,0
1937,1,2022239,geosfp/GEOSFP.20190701.A3mstC.025x03125.nc,876229026,223952896,86016,26,-642875392,window,random,random,33,0,0,0
1938,1,2022239,geosfp/GEOSFP.20190701.A3mstC.025x03125.nc,876229026,774164480,131072,92,550125568,window,random,random,33,0,0,0
1939,1,2022239,geosfp/GEOSFP.20190701.A3mstC.025x03125.nc,876229026,617734144,131072,73,-156561408,window,random,random,33,0,0,0
1940,1,2022239,geosfp/GEOSFP.20190701.A3mstC.025x03125.nc,876229026,279527424,131072,33,-338337792,window,random,random,33,0,0,0
1941,1,2022239,geosfp/GEOSFP.20190701.A3mstC.025x03125.nc,876229026,39821312,131072,4,-239837184,window,random,random,33,0,0,0
1942,1,2022239,geosfp/GEOSFP.20190701.A3mstC.025x03125.nc,876229026,409870336,131072,48,369917952,window,random,random,33,0,0,0
1943,1,2022239,geosfp/GEOSFP.20190701.A3mstC.025x03125.nc,876229026,474021888,131072,56,64020480,window,random,random,33,0,0,0
1944,1,2022239,geosfp/GEOSFP.20190701.A3mstC.025x03125.nc,876229026,763215872,131072,90,289062912,window,random,random,33,0,0,0
1945,1,2022239,geosfp/GEOSFP.20190701.A3mstC.025x03125.nc,876229026,306388992,131072,36,-456957952,window,random,random,33,0,0,0
1946,1,2022239,geosfp/GEOSFP.20190701.A3mstC.025x03125.nc,876229026,597594112,69632,71,291074048,window,random,random,33,0,0,0
1947,1,2022239,geosfp/GEOSFP.20190701.A3mstC.025x03125.nc,876229026,434618368,131072,51,-163045376,window,random,random,33,0,0,0
1948,1,2022239,geosfp/GEOSFP.20190701.A3mstC.025x03125.nc,876229026,781152256,131072,93,346402816,window,random,random,33,0,0,0
1949,1,2022239,geosfp/GEOSFP.20190701.A3mstC.025x03125.nc,876229026,369909760,86016,44,-411373568,window,random,random,33,0,0,0
1950,1,2022239,geosfp/GEOSFP.20190701.A3mstC.025x03125.nc,876229026,710270976,81920,84,340275200,window,random,random,33,0,0,0
1951,1,2022239,geosfp/GEOSFP.20190701.A3mstC.025x03125.nc,876229026,36986880,69632,4,-673366016,window,random,random,33,0,0,0
1952,1,2022239,geosfp/GEOSFP.20190701.A3mstC.025x03125.nc,876229026,391565312,131072,46,354508800,window,random,random,33,0,0,0
1953,1,2022239,geosfp/GEOSFP.20190701.A3mstC.025x03125.nc,876229026,700403712,86016,83,308707328,window,random,random,33,0,0,0
1954,1,2022239,geosfp/GEOSFP.20190701.A3mstC.025x03125.nc,876229026,735211520,98304,87,34721792,window,random,random,33,0,0,0
1955,1,2022239,geosfp/GEOSFP.20190701.A3mstC.025x03125.nc,876229026,163942400,131072,19,-571367424,window,random,random,33,0,0,0
1956,1,2022239,geosfp/GEOSFP.20190701.A3mstC.025x03125.nc,876229026,428212224,131072,51,264138752,window,random,random,33,0,0,0
1957,1,2022239,geosfp/GEOSFP.20190701.A3mstC.025x03125.nc,876229026,70807552,131072,8,-357535744,window,random,random,33,0,0,0
1958,1,2022239,geosfp/GEOSFP.20190701.A3mstC.025x03125.nc,876229026,652099584,77824,77,581160960,window,random,random,33,0,0,0
1959,1,2022239,geosfp/GEOSFP.20190701.A3mstC.025x03125.nc,876229026,512204800,94208,61,-139972608,window,random,random,33,0,0,0
1960,1,2022239,geosfp/GEOSFP.20190701.A3mstC.025x03125.nc,876229026,691552256,131072,82,179253248,window,random,random,33,0,0,0
1961,1,2022239,geosfp/GEOSFP.20190701.A3mstC.025x03125.nc,876229026,60928000,131072,7,-630755328,window,random,random,33,0,0,0
1962,1,2022239,geosfp/GEOSFP.20190701.A3mstC.025x03125.nc,876229026,152465408,131072,18,91406336,window,random,random,33,0,0,0
1963,1,2022239,geosfp/GEOSFP.20190701.A3mstC.025x03125.nc,876229026,192524288,81920,22,39927808,window,random,random,33,0,0,0
1964,1,2022239,geosfp/GEOSFP.20190701.A3mstC.025x03125.nc,876229026,227737600,131072,27,35131392,window,random,random,33,0,0,0
1965,1,2022239,geosfp/GEOSFP.20190701.A3mstC.025x03125.nc,876229026,329166848,131072,39,101298176,window,random,random,33,0,0,0
1966,1,2022239,geosfp/GEOSFP.20190701.A3mstC.025x03125.nc,876229026,342437888,131072,40,13139968,window,random,random,33,0,0,0
1967,1,2022239,geosfp/GEOSFP.20190701.A3mstC.025x03125.nc,876229026,642752512,45056,76,300183552,window,random,random,33,0,0,0
1968,1,2022239,geosfp/GEOSFP.20190701.A3mstC.025x03125.nc,876229026,662732800,131072,79,19935232,window,random,random,33,0,0,0
1969,1,2022239,geosfp/GEOSFP.20190701.A3mstC.025x03125.nc,876229026,154742784,131072,18,-508121088,window,random,random,33,0,0,0
1970,1,2022239,geosfp/GEOSFP.20190701.A3mstC.025x03125.nc,876229026,761733120,131072,90,606859264,window,random,random,33,0,0,0
1971,1,2022239,geosfp/GEOSFP.20190701.A3mstC.025x03125.nc,876229026,862629888,69632,102,100765696,window,random,random,33,0,0,0
1972,1,2022239,geosfp/GEOSFP.20190701.A3mstC.025x03125.nc,876229026,118038528,131072,14,-744660992,window,random,random,33,0,0,0
1973,1,2022239,geosfp/GEOSFP.20190701.A3mstC.025x03125.nc,876229026,867450880,73728,103,749281280,window,random,random,33,0,0,0
1974,1,2022239,geosfp/GEOSFP.20190701.A3mstC.025x03125.nc,876229026,660140032,131072,78,-207384576,window,random,random,33,0,0,0
1975,1,2022239,geosfp/GEOSFP.20190701.A3mstC.025x03125.nc,876229026,130940928,131072,15,-529330176,window,random,random,33,0,0,0
1976,1,2022239,geosfp/GEOSFP.20190701.A3mstC.025x03125.nc,876229026,41832448,131072,4,-89239552,window,random,random,33,0,0,0
1977,1,2022239,geosfp/GEOSFP.20190701.A3mstC.025x03125.nc,876229026,263557120,131072,31,221593600,window,random,random,33,0,0,0
1978,1,2022239,geosfp/GEOSFP.20190701.A3mstC.025x03125.nc,876229026,170786816,131072,20,-92901376,window,random,random,33,0,0,0
1979,1,2022239,geosfp/GEOSFP.20190701.A3mstC.025x03125.nc,876229026,464076800,131072,55,293158912,window,random,random,33,0,0,0
1980,1,2022239,geosfp/GEOSFP.20190701.A3mstC.025x03125.nc,876229026,59772928,131072,7,-404434944,window,random,random,33,0,0,0
1981,1,2022239,geosfp/GEOSFP.20190701.A3mstC.025x03125.nc,876229026,138027008,131072,16,78123008,window,random,random,33,0,0,0
1982,1,2022239,geosfp/GEOSFP.20190701.A3mstC.025x03125.nc,876229026,155377664,131072,18,17219584,window,random,random,33,0,0,0
1983,1,2022239,geosfp/GEOSFP.20190701.A3mstC.025x03125.nc,876229026,245596160,20480,29,90087424,window,random,random,33,0,0,0
1984,1,2022239,geosfp/GEOSFP.20190701.A3mstC.025x03125.nc,876229026,467521536,131072,55,221904896,window,random,random,33,0,0,0
1985,1,2022239,geosfp/GEOSFP.20190701.A3mstC.025x03125.nc,876229026,241950720,131072,28,-225701888,window,random,random,33,0,0,0
1986,1,2022239,geosfp/GEOSFP.20190701.A3mstC.025x03125.nc,876229026,318197760,131072,37,76115968,window,random,random,33,0,0,0
1987,1,2022239,geosfp/GEOSFP.20190701.A3mstC.025x03125.nc,876229026,47874048,131072,5,-270454784,window,random,random,33,0,0,0
1988,1,2022239,geosfp/GEOSFP.20190701.A3mstC.025x03125.nc,876229026,584462336,131072,69,536457216,window,random,random,33,0,0,0
1989,1,2022239,geosfp/GEOSFP.20190701.A3mstC.025x03125.nc,876229026,730845184,118784,87,146251776,window,random,random,33,0,0,0
1990,1,2022239,geosfp/GEOSFP.20190701.A3mstC.025x03125.nc,876229026,742297600,131072,88,11333632,window,random,random,33,0,0,0
1991,1,2022239,geosfp/GEOSFP.20190701.A3mstC.025x03125.nc,876229026,791633920,131072,94,49205248,window,random,random,33,0,0,0
1992,1,2022239,geosfp/GEOSFP.20190701.A3mstC.025x03125.nc,876229026,123158528,131072,14,-668606464,window,random,random,33,0,0,0
1993,1,2022239,geosfp/GEOSFP.20190701.A3mstC.025x03125.nc,876229026,541929472,110592,64,418639872,window,random,random,33,0,0,0
1994,1,2022239,geosfp/GEOSFP.20190701.A3mstC.025x03125.nc,876229026,677593088,131072,80,135553024,window,random,random,33,0,0,0
1995,1,2022239,geosfp/GEOSFP.20190701.A3mstC.025x03125.nc,876229026,874082304,122880,104,196358144,window,random,random,33,0,0,0
1996,1,2022239,geosfp/GEOSFP.20190701.A3mstC.025x03125.nc,876229026,629796864,131072,75,-244408320,window,random,random,33,0,0,0
1997,1,2022239,geosfp/GEOSFP.20190701.A3mstC.025x03125.nc,876229026,303132672,131072,36,-326795264,window,random,random,33,0,0,0
1998,1,2022239,geosfp/GEOSFP.20190701.A3mstC.025x03125.nc,876229026,209743872,131072,25,-93519872,window,random,random,33,0,0,0
1999,1,2022239,geosfp/GEOSFP.20190701.A3mstC.025x03125.nc,876229026,610971648,73728,72,401096704,window,random,random,33,0,0,0
2000,1,2022239,geosfp/GEOSFP.20190701.A3mstC.025x03125.nc,876229026,299200512,131072,35,-311844864,window,random,random,33,0,0,0
2001,1,2022239,geosfp/GEOSFP.20190701.A3mstC.025x03125.nc,876229026,639782912,131072,76,340451328,window,random,random,33,0,0,0
2002,1,2022239,geosfp/GEOSFP.20190701.A3mstC.025x03125.nc,876229026,97984512,106496,11,-541929472,window,random,random,33,0,0,0
2003,1,2022239,geosfp/GEOSFP.20190701.A3mstC.025x03125.nc,876229026,639467520,131072,76,541376512,window,random,random,33,0,0,0
2004,1,2022239,geosfp/GEOSFP.20190701.A3mstC.025x03125.nc,876229026,244105216,131072,29,-395493376,window,random,random,33,0,0,0
2005,1,2022239,geosfp/GEOSFP.20190701.A3mstC.025x03125.nc,876229026,108756992,131072,12,-135479296,window,random,random,33,0,0,0
2006,1,2022239,geosfp/GEOSFP.20190701.A3mstC.025x03125.nc,876229026,629374976,131072,75,520486912,window,random,random,33,0,0,0
2007,1,2022239,geosfp/GEOSFP.20190701.A3mstC.025x03125.nc,876229026,736104448,131072,87,106598400,window,random,random,33,0,0,0
2008,1,2022239,geosfp/GEOSFP.20190701.A3mstC.025x03125.nc,876229026,604508160,131072,72,-131727360,window,random,random,33,0,0,0
2009,1,2022239,geosfp/GEOSFP.20190701.A3mstC.025x03125.nc,876229026,98443264,131072,11,-506195968,window,random,random,33,0,0,0
2010,1,2022239,geosfp/GEOSFP.20190701.A3mstC.025x03125.nc,876229026,407580672,131072,48,309006336,window,random,random,33,0,0,0
2011,1,2022239,geosfp/GEOSFP.20190701.A3mstC.025x03125.nc,876229026,95289344,131072,11,-312422400,window,random,random,33,0,0,0
2012,1,2022239,geosfp/GEOSFP.20190701.A3mstC.025x03125.nc,876229026,321310720,114688,38,225890304,window,random,random,33,0,0,0
2013,1,2022239,geosfp/GEOSFP.20190701.A3mstC.025x03125.nc,876229026,524873728,126976,62,203448320,window,random,random,33,0,0,0
2014,1,2022239,geosfp/GEOSFP.20190701.A3mstC.025x03125.nc,876229026,115515392,131072,13,-409485312,window,random,random,33,0,0,0
2015,1,2022239,geosfp/GEOSFP.20190701.A3mstC.025x03125.nc,876229026,354095104,94208,42,238448640,window,random,random,33,0,0,0
2016,1,2022239,geosfp/GEOSFP.20190701.A3mstC.025x03125.nc,876229026,363659264,131072,43,9469952,window,random,random,33,0,0,0
2017,1,2022239,geosfp/GEOSFP.20190701.A3mstC.025x03125.nc,876229026,322252800,98304,38,-41537536,window,random,random,33,0,0,0
2018,1,2022239,geosfp/GEOSFP.20190701.A3mstC.025x03125.nc,876229026,859840512,131072,102,537489408,window,random,random,33,0,0,0
2019,1,2022239,geosfp/GEOSFP.20190701.A3mstC.025x03125.nc,876229026,807251968,131072,96,-52719616,window,random,random,33,0,0,0
2020,1,2022239,geosfp/GEOSFP.20190701.A3mstC.025x03125.nc,876229026,573460480,131072,68,-233922560,window,random,random,33,0,0,0
2021,1,2022239,geosfp/GEOSFP.20190701.A3mstC.025x03125.nc,876229026,676143104,131072,80,102551552,window,random,random,33,0,0,0
2022,1,2022239,geosfp/GEOSFP.20190701.A3mstC.025x03125.nc,876229026,503967744,131072,60,-172306432,window,random,random,33,0,0,0
2023,1,2022239,geosfp/GEOSFP.20190701.A3mstC.025x03125.nc,876229026,49569792,131072,5,-454529024,window,random,random,33,0,0,0
2024,1,2022239,geosfp/GEOSFP.20190701.A3mstC.025x03125.nc,876229026,750010368,131072,89,700309504,window,random,random,33,0,0,0
2025,1,2022239,geosfp/GEOSFP.20190701.A3mstC.025x03125.nc,876229026,276160512,131072,32,-473980928,window,random,random,33,0,0,0
2026,1,2022239,geosfp/GEOSFP.20190701.A3mstC.025x03125.nc,876229026,9482240,131072,1,-266809344,window,random,random,33,0,0,0
2027,1,2022239,geosfp/GEOSFP.20190701.A3mstC.025x03125.nc,876229026,291012608,126976,34,281399296,window,random,random,33,0,0,0
2028,1,2022239,geosfp/GEOSFP.20190701.A3mstC.025x03125.nc,876229026,571891712,131072,68,280752128,window,random,random,33,0,0,0
2029,1,2022239,geosfp/GEOSFP.20190701.A3mstC.025x03125.nc,876229026,730963968,131072,87,158941184,window,random,random,33,0,0,0
2030,1,2022239,geosfp/GEOSFP.20190701.A3mstC.025x03125.nc,876229026,572170240,131072,68,-158924800,window,random,random,33,0,0,0
2031,1,2022239,geosfp/GEOSFP.20190701.A3mstC.025x03125.nc,876229026,799563776,131072,95,227262464,window,random,random,33,0,0,0
2032,1,2022239,geosfp/GEOSFP.20190701.A3mstC.025x03125.nc,876229026,67411968,131072,8,-732282880,window,random,random,33,0,0,0
2033,1,2022239,geosfp/GEOSFP.20190701.A3mstC.025x03125.nc,876229026,802144256,131072,95,734601216,window,random,random,33,0,0,0
2034,1,2022239,geosfp/GEOSFP.20190701.A3mstC.025x03125.nc,876229026,43139072,131072,5,-759136256,window,random,random,33,0,0,0
2035,1,2022239,geosfp/GEOSFP.20190701.A3mstC.025x03125.nc,876229026,324222976,131072,38,280952832,window,random,random,33,0,0,0
2036,1,2022239,geosfp/GEOSFP.20190701.A3mstC.025x03125.nc,876229026,859095040,131072,102,534740992,window,random,random,33,0,0,0
2037,1,2022239,geosfp/GEOSFP.20190701.A3mstC.025x03125.nc,876229026,769871872,131072,91,-89354240,window,random,random,33,0,0,0
2038,1,2022239,geosfp/GEOSFP.20190701.A3mstC.025x03125.nc,876229026,48394240,131072,5,-721608704,window,random,random,33,0,0,0
2039,1,2022239,geosfp/GEOSFP.20190701.A3mstC.025x03125.nc,876229026,280158208,131072,33,231632896,window,random,random,33,0,0,0
2040,1,2022239,geosfp/GEOSFP.20190701.A3mstC.025x03125.nc,876229026,172957696,110592,20,-107331584,window,random,random,33,0,0,0
2041,1,2022239,geosfp/GEOSFP.20190701.A3mstC.025x03125.nc,876229026,859226112,106496,102,686157824,window,random,random,33,0,0,0
2042,1,2022239,geosfp/GEOSFP.20190701.A3mstC.025x03125.nc,876229026,600207360,131072,71,-259125248,window,random,random,33,0,0,0
2043,1,2022239,geosfp/GEOSFP.20190701.A3mstC.025x03125.nc,876229026,25800704,131072,3,-574537728,window,random,random,33,0,0,0
2044,1,2022239,geosfp/GEOSFP.20190701.A3mstC.025x03125.nc,876229026,528863232,131072,63,502931456,window,random,random,33,0,0,0
2045,1,2022239,geosfp/GEOSFP.20190701.A3mstC.025x03125.nc,876229026,760217600,131072,90,231223296,window,random,random,33,0,0,0
2046,1,2022239,geosfp/GEOSFP.20190701.A3mstC.025x03125.nc,876229026,150216704,131072,17,-610131968,window,random,random,33,0,0,0
2047,1,2022239,geosfp/GEOSFP.20190701.A3mstC.025x03125.nc,876229026,781672448,131072,93,631324672,window,random,random,33,0,0,0
2048,1,2022239,geosfp/GEOSFP.20190701.A3mstC.025x03125.nc,876229026,543756288,131072,64,-238047232,window,random,random,33,0,0,0
2049,1,2022239,geosfp/GEOSFP.20190701.A3mstC.025x03125.nc,876229026,209383424,131072,24,-334503936,window,random,random,33,0,0,0
2050,1,2022239,geosfp/GEOSFP.20190701.A3mstC.025x03125.nc,876229026,289427456,110592,34,79912960,window,random,random,33,0,0,0
2051,1,2022239,geosfp/GEOSFP.20190701.A3mstC.025x03125.nc,876229026,62328832,131072,7,-227209216,window,random,random,33,0,0,0
2052,1,2022239,geosfp/GEOSFP.20190701.A3mstC.025x03125.nc,876229026,271192064,131072,32,208732160,window,random,random,33,0,0,0
2053,1,2022239,geosfp/GEOSFP.20190701.A3mstC.025x03125.nc,876229026,650657792,131072,77,379334656,window,random,random,33,0,0,0
2054,1,2022239,geosfp/GEOSFP.20190701.A3mstC.025x03125.nc,876229026,558592000,131072,66,-92196864,window,random,random,33,0,0,0
2055,1,2022239,geosfp/GEOSFP.20190701.A3mstC.025x03125.nc,876229026,831569920,131072,99,272846848,window,random,random,33,0,0,0
2056,1,2022239,geosfp/GEOSFP.20190701.A3mstC.025x03125.nc,876229026,322101248,102400,38,-509599744,window,random,random,33,0,0,0
2057,1,2022239,geosfp/GEOSFP.20190701.A3mstC.025x03125.nc,876229026,328376320,73728,39,6172672,window,random,random,33,0,0,0
2058,1,2022239,geosfp/GEOSFP.20190701.A3mstC.025x03125.nc,876229026,253452288,131072,30,-74997760,window,random,random,33,0,0,0
2059,1,2022239,geosfp/GEOSFP.20190701.A3mstC.025x03125.nc,876229026,253206528,131072,30,-376832,window,random,random,33,0,0,0
2060,1,2022239,geosfp/GEOSFP.20190701.A3mstC.025x03125.nc,876229026,633761792,131072,75,380424192,window,random,random,33,0,0,0
2061,1,2022239,geosfp/GEOSFP.20190701.A3mstC.025x03125.nc,876229026,376479744,131072,44,-257413120,window,random,random,33,0,0,0
2062,1,2022239,geosfp/GEOSFP.20190701.A3mstC.025x03125.nc,876229026,514818048,131072,61,138207232,window,random,random,33,0,0,0
2063,1,2022239,geosfp/GEOSFP.20190701.A3mstC.025x03125.nc,876229026,414244864,131072,49,-100704256,window,random,random,33,0,0,0
2064,1,2022239,geosfp/GEOSFP.20190701.A3mstC.025x03125.nc,876229026,827760640,131072,98,413384704,window,random,random,33,0,0,0
2065,1,2022239,geosfp/GEOSFP.20190701.A3mstC.025x03125.nc,876229026,58933248,131072,7,-768958464,window,random,random,33,0,0,0
2066,1,2022239,geosfp/GEOSFP.20190701.A3mstC.025x03125.nc,876229026,195469312,131072,23,136404992,window,random,random,33,0,0,0
2067,1,2022239,geosfp/GEOSFP.20190701.A3mstC.025x03125.nc,876229026,540299264,131072,64,344698880,window,random,random,33,0,0,0
2068,1,2022239,geosfp/GEOSFP.20190701.A3mstC.025x03125.nc,876229026,597958656,131072,71,57528320,window,random,random,33,0,0,0
2069,1,2022239,geosfp/GEOSFP.20190701.A3mstC.025x03125.nc,876229026,162324480,77824,19,-435765248,window,random,random,33,0,0,0
2070,1,2022239,geosfp/GEOSFP.20190701.A3mstC.025x03125.nc,876229026,308252672,131072,36,145850368,window,random,random,33,0,0,0
2071,1,2022239,geosfp/GEOSFP.20190701.A3mstC.025x03125.nc,876229026,788373504,77824,93,479989760,window,random,random,33,0,0,0
2072,1,2022239,geosfp/GEOSFP.20190701.A3mstC.025x03125.nc,876229026,823689216,131072,98,35237888,window,random,random,33,0,0,0
2073,1,2022239,geosfp/GEOSFP.20190701.A3mstC.025x03125.nc,876229026,216166400,131072,25,-607653888,window,random,random,33,0,0,0
2074,1,2022239,geosfp/GEOSFP.20190701.A3mstC.025x03125.nc,876229026,115363840,131072,13,-100933632,window,random,random,33,0,0,0
2075,1,2022239,geosfp/GEOSFP.20190701.A3mstC.025x03125.nc,876229026,794914816,131072,94,679419904,window,random,random,33,0,0,0
2076,1,2022239,geosfp/GEOSFP.20190701.A3mstC.025x03125.nc,876229026,806047744,126976,96,11001856,window,random,random,33,0,0,0
2077,1,2022239,geosfp/GEOSFP.20190701.A3mstC.025x03125.nc,876229026,774090752,73728,92,-32083968,window,random,random,33,0,0,0
2078,1,2022239,geosfp/GEOSFP.20190701.A3mstC.025x03125.nc,876229026,251097088,131072,29,-523067392,window,random,random,33,0,0,0
2079,1,2022239,geosfp/GEOSFP.20190701.A3mstC.025x03125.nc,876229026,119259136,131072,14,-131969024,window,random,random,33,0,0,0
2080,1,2022239,geosfp/GEOSFP.20190701.A3mstC.025x03125.nc,876229026,824287232,131072,98,704897024,window,random,random,33,0,0,0
2081,1,2022239,geosfp/GEOSFP.20190701.A3mstC.025x03125.nc,876229026,197132288,131072,23,-627286016,window,random,random,33,0,0,0
2082,1,2022239,geosfp/GEOSFP.20190701.A3mstC.025x03125.nc,876229026,345931776,131072,41,148668416,window,random,random,33,0,0,0
2083,1,2022239,geosfp/GEOSFP.20190701.A3mstC.025x03125.nc,876229026,269754368,20480,32,-76308480,window,random,random,33,0,0,0
2084,1,2022239,geosfp/GEOSFP.20190701.A3mstC.025x03125.nc,876229026,75313152,131072,8,-194461696,window,random,random,33,0,0,0
2085,1,2022239,geosfp/GEOSFP.20190701.A3mstC.025x03125.nc,876229026,283889664,90112,33,208445440,window,random,random,33,0,0,0
2086,1,2022239,geosfp/GEOSFP.20190701.A3mstC.025x03125.nc,876229026,685383680,131072,81,401403904,window,random,random,33,0,0,0
2087,1,2022239,geosfp/GEOSFP.20190701.A3mstC.025x03125.nc,876229026,328605696,131072,39,-356909056,window,random,random,33,0,0,0
2088,1,2022239,geosfp/GEOSFP.20190701.A3mstC.025x03125.nc,876229026,659566592,131072,78,330829824,window,random,random,33,0,0,0
2089,1,2022239,geosfp/GEOSFP.20190701.A3mstC.025x03125.nc,876229026,73482240,131072,8,-586215424,window,random,random,33,0,0,0
2090,1,2022239,geosfp/GEOSFP.20190701.A3mstC.025x03125.nc,876229026,747151360,131072,89,673538048,window,random,random,33,0,0,0
2091,1,2022239,geosfp/GEOSFP.20190701.A3mstC.025x03125.nc,876229026,551452672,131072,65,-195829760,window,random,random,33,0,0,0
2092,1,2022239,geosfp/GEOSFP.20190701.A3mstC.025x03125.nc,876229026,847560704,81920,101,295976960,window,random,random,33,0,0,0
2093,1,2022239,geosfp/GEOSFP.20190701.A3mstC.025x03125.nc,876229026,401977344,131072,47,-445665280,window,random,random,33,0,0,0
2094,1,2022239,geosfp/GEOSFP.20190701.A3mstC.025x03125.nc,876229026,527790080,126976,62,125681664,window,random,random,33,0,0,0
2095,1,2022239,geosfp/GEOSFP.20190701.A3mstC.025x03125.nc,876229026,739737600,131072,88,211820544,window,random,random,33,0,0,0
2096,1,2022239,geosfp/GEOSFP.20190701.A3mstC.025x03125.nc,876229026,67203072,131072,8,-672665600,window,random,random,33,0,0,0
2097,1,2022239,geosfp/GEOSFP.20190701.A3mstC.025x03125.nc,876229026,771375104,81920,91,704040960,window,random,random,33,0,0,0
2098,1,2022239,geosfp/GEOSFP.20190701.A3mstC.025x03125.nc,876229026,551583744,118784,65,-219873280,window,random,random,33,0,0,0
2099,1,2022239,geosfp/GEOSFP.20190701.A3mstC.025x03125.nc,876229026,290295808,131072,34,-261406720,window,random,random,33,0,0,0
2100,1,2022239,geosfp/GEOSFP.20190701.A3mstC.025x03125.nc,876229026,684089344,110592,81,393662464,window,random,random,33,0,0,0
2101,1,2022239,geosfp/GEOSFP.20190701.A3mstC.025x03125.nc,876229026,472739840,77824,56,-211460096,window,random,random,33,0,0,0
2102,1,2022239,geosfp/GEOSFP.20190701.A3mstC.025x03125.nc,876229026,205369344,131072,24,-267448320,window,random,random,33,0,0,0
2103,1,2022239,geosfp/GEOSFP.20190701.A3mstC.025x03125.nc,876229026,753704960,131072,89,548204544,window,random,random,33,0,0,0
2104,1,2022239,geosfp/GEOSFP.20190701.A3mstC.025x03125.nc,876229026,107081728,81920,12,-646754304,window,random,random,33,0,0,0
2105,1,2022239,geosfp/GEOSFP.20190701.A3mstC.025x03125.nc,876229026,211456000,102400,25,104292352,window,random,random,33,0,0,0
2106,1,2022239,geosfp/GEOSFP.20190701.A3mstC.025x03125.nc,876229026,655990784,131072,78,444432384,window,random,random,33,0,0,0
2107,1,2022239,geosfp/GEOSFP.20190701.A3mstC.025x03125.nc,876229026,31031296,131072,3,-625090560,window,random,random,33,0,0,0
2108,1,2022239,geosfp/GEOSFP.20190701.A3mstC.025x03125.nc,876229026,72568832,131072,8,41406464,window,random,random,33,0,0,0
2109,1,2022239,geosfp/GEOSFP.20190701.A3mstC.025x03125.nc,876229026,566697984,131072,67,493998080,window,random,random,33,0,0,0
2110,1,2022239,geosfp/GEOSFP.20190701.A3mstC.025x03125.nc,876229026,732446720,126976,87,165617664,window,random,random,33,0,0,0
2111,1,2022239,geosfp/GEOSFP.20190701.A3mstC.025x03125.nc,876229026,655208448,73728,78,-77365248,window,random,random,33,0,0,0
2112,1,2022239,geosfp/GEOSFP.20190701.A3mstC.025x03125.nc,876229026,451448832,69632,53,-203833344,window,random,random,33,0,0,0
2113,1,2022239,geosfp/GEOSFP.20190701.A3mstC.025x03125.nc,876229026,752513024,131072,89,300994560,window,random,random,33,0,0,0
2114,1,2022239,geosfp/GEOSFP.20190701.A3mstC.025x03125.nc,876229026,525078528,131072,62,-227565568,window,random,random,33,0,0,0
2115,1,2022239,geosfp/GEOSFP.20190701.A3mstC.025x03125.nc,876229026,357945344,131072,42,-167264256,window,random,random,33,0,0,0
2116,1,2022239,geosfp/GEOSFP.20190701.A3mstC.025x03125.nc,876229026,673800192,131072,80,315723776,window,random,random,33,0,0,0
2117,1,2022239,geosfp/GEOSFP.20190701.A3mstC.025x03125.nc,876229026,600338432,81920,71,-73592832,window,random,random,33,0,0,0
2118,1,2022239,geosfp/GEOSFP.20190701.A3mstC.025x03125.nc,876229026,686555136,131072,81,86134784,window,random,random,33,0,0,0
2119,1,2022239,geosfp/GEOSFP.20190701.A3mstC.025x03125.nc,876229026,175091712,131072,20,-511594496,window,random,random,33,0,0,0
2120,1,2022239,geosfp/GEOSFP.20190701.A3mstC.025x03125.nc,876229026,330182656,131072,39,154959872,window,random,random,33,0,0,0
2121,1,2022239,geosfp/GEOSFP.20190701.A3mstC.025x03125.nc,876229026,485363712,131072,57,155049984,window,random,random,33,0,0,0
2122,1,2022239,geosfp/GEOSFP.20190701.A3mstC.025x03125.nc,876229026,66838528,114688,7,-418656256,window,random,random,33,0,0,0
2123,1,2022239,geosfp/GEOSFP.20190701.A3mstC.025x03125.nc,876229026,861995008,131072,102,795041792,window,random,random,33,0,0,0
2124,1,2022239,geosfp/GEOSFP.20190701.A3mstC.025x03125.nc,876229026,508674048,131072,60,-353452032,window,random,random,33,0,0,0
2125,1,2022239,geosfp/GEOSFP.20190701.A3mstC.025x03125.nc,876229026,35008512,131072,4,-473796608,window,random,random,33,0,0,0
2126,1,2022239,geosfp/GEOSFP.20190701.A3mstC.025x03125.nc,876229026,769679360,131072,91,734539776,window,random,random,33,0,0,0
2127,1,2022239,geosfp/GEOSFP.20190701.A3mstC.025x03125.nc,876229026,298627072,131072,35,-471183360,window,random,random,33,0,0,0
2128,1,2022239,geosfp/GEOSFP.20190701.A3mstC.025x03125.nc,876229026,414433280,131072,49,115675136,window,random,random,33,0,0,0
2129,1,2022239,geosfp/GEOSFP.20190701.A3mstC.025x03125.nc,876229026,842678272,122880,100,428113920,window,random,random,33,0,0,0
2130,1,2022239,geosfp/GEOSFP.20190701.A3mstC.025x03125.nc,876229026,44941312,106496,5,-797859840,window,random,random,33,0,0,0
2131,1,2022239,geosfp/GEOSFP.20190701.A3mstC.025x03125.nc,876229026,9150464,131072,1,-35897344,window,random,random,33,0,0,0
2132,1,2022239,geosfp/GEOSFP.20190701.A3mstC.025x03125.nc,876229026,447569920,131072,53,438288384,window,random,random,33,0,0,0
2133,1,2022239,geosfp/GEOSFP.20190701.A3mstC.025x03125.nc,876229026,77479936,126976,9,-370221056,window,random,random,33,0,0,0
2134,1,2022239,geosfp/GEOSFP.20190701.A3mstC.025x03125.nc,876229026,326246400,131072,38,248639488,window,random,random,33,0,0,0
2135,1,2022239,geosfp/GEOSFP.20190701.A3mstC.025x03125.nc,876229026,133382144,69632,15,-192995328,window,random,random,33,0,0,0
2136,1,2022239,geosfp/GEOSFP.20190701.A3mstC.025x03125.nc,876229026,255598592,131072,30,122146816,window,random,random,33,0,0,0
2137,1,2022239,geosfp/GEOSFP.20190701.A3mstC.025x03125.nc,876229026,80658432,131072,9,-175071232,window,random,random,33,0,0,0
2138,1,2022239,geosfp/GEOSFP.20190701.A3mstC.025x03125.nc,876229026,35377152,131072,4,-45412352,window,random,random,33,0,0,0
2139,1,2022239,geosfp/GEOSFP.20190701.A3mstC.025x03125.nc,876229026,718594048,131072,85,683085824,window,random,random,33,0,0,0
2140,1,2022239,geosfp/GEOSFP.20190701.A3mstC.025x03125.nc,876229026,659697664,40960,78,-59027456,window,random,random,33,0,0,0
2141,1,2022239,geosfp/GEOSFP.20190701.A3mstC.025x03125.nc,876229026,514342912,131072,61,-145395712,window,random,random,33,0,0,0
2142,1,2022239,geosfp/GEOSFP.20190701.A3mstC.025x03125.nc,876229026,600096768,110592,71,85622784,window,random,random,33,0,0,0
2143,1,2022239,geosfp/GEOSFP.20190701.A3mstC.025x03125.nc,876229026,323715072,94208,38,-276492288,window,random,random,33,0,0,0
2144,1,2022239,geosfp/GEOSFP.20190701.A3mstC.025x03125.nc,876229026,138371072,69632,16,-185438208,window,random,random,33,0,0,0
2145,1,2022239,geosfp/GEOSFP.20190701.A3mstC.025x03125.nc,876229026,22257664,86016,2,-116183040,window,random,random,33,0,0,0
2146,1,2022239,geosfp/GEOSFP.20190701.A3mstC.025x03125.nc,876229026,793493504,131072,94,771149824,window,random,random,33,0,0,0
2147,1,2022239,geosfp/GEOSFP.20190701.A3mstC.025x03125.nc,876229026,500101120,131072,59,-293523456,window,random,random,33,0,0,0
2148,1,2022239,geosfp/GEOSFP.20190701.A3mstC.025x03125.nc,876229026,752844800,131072,89,252612608,window,random,random,33,0,0,0
2149,1,2022239,geosfp/GEOSFP.20190701.A3mstC.025x03125.nc,876229026,304996352,131072,36,-447979520,window,random,random,33,0,0,0
2150,1,2022239,geosfp/GEOSFP.20190701.A3mstC.025x03125.nc,876229026,239079424,131072,28,-66048000,window,random,random,33,0,0,0
2151,1,2022239,geosfp/GEOSFP.20190701.A3mstC.025x03125.nc,876229026,270581760,131072,32,31371264,window,random,random,33,0,0,0
2152,1,2022239,geosfp/GEOSFP.20190701.A3mstC.025x03125.nc,876229026,707317760,131072,84,436604928,window,random,random,33,0,0,0
2153,1,2022239,geosfp/GEOSFP.20190701.A3mstC.025x03125.nc,876229026,636796928,94208,75,-70651904,window,random,random,33,0,0,0
2154,1,2022239,geosfp/GEOSFP.20190701.A3mstC.025x03125.nc,876229026,609280000,131072,72,-27611136,window,random,random,33,0,0,0
2155,1,2022239,geosfp/GEOSFP.20190701.A3mstC.025x03125.nc,876229026,664612864,131072,79,55201792,window,random,random,33,0,0,0
2156,1,2022239,geosfp/GEOSFP.20190701.A3mstC.025x03125.nc,876229026,424054784,131072,50,-240689152,window,random,random,33,0,0,0
2157,1,2022239,geosfp/GEOSFP.20190701.A3mstC.025x03125.nc,876229026,641490944,131072,76,217305088,window,random,random,33,0,0,0
2158,1,2022239,geosfp/GEOSFP.20190701.A3mstC.025x03125.nc,876229026,829292544,131072,98,187670528,window,random,random,33,0,0,0
2159,1,2022239,geosfp/GEOSFP.20190701.A3mstC.025x03125.nc,876229026,865714176,131072,103,36290560,window,random,random,33,0,0,0
2160,1,2022239,geosfp/GEOSFP.20190701.A3mstC.025x03125.nc,876229026,283979776,131072,33,-581865472,window,random,random,33,0,0,0
2161,1,2022239,geosfp/GEOSFP.20190701.A3mstC.025x03125.nc,876229026,449466368,131072,53,165355520,window,random,random,33,0,0,0
2162,1,2022239,geosfp/GEOSFP.20190701.A3mstC.025x03125.nc,876229026,440045568,126976,52,-9551872,window,random,random,33,0,0,0
2163,1,2022239,geosfp/GEOSFP.20190701.A3mstC.025x03125.nc,876229026,188973056,131072,22,-251199488,window,random,random,33,0,0,0
2164,1,2022239,geosfp/GEOSFP.20190701.A3mstC.025x03125.nc,876229026,728969216,131072,86,539865088,window,random,random,33,0,0,0
2165,1,2022239,geosfp/GEOSFP.20190701.A3mstC.025x03125.nc,876229026,338350080,94208,40,-390750208,window,random,random,33,0,0,0
2166,1,2022239,geosfp/GEOSFP.20190701.A3mstC.025x03125.nc,876229026,88367104,131072,10,-250077184,window,random,random,33,0,0,0
2167,1,2022239,geosfp/GEOSFP.20190701.A3mstC.025x03125.nc,876229026,443097088,131072,52,354598912,window,random,random,33,0,0,0
2168,1,2022239,geosfp/GEOSFP.20190701.A3mstC.025x03125.nc,876229026,404557824,131072,48,-38670336,window,random,random,33,0,0,0
2169,1,2022239,geosfp/GEOSFP.20190701.A3mstC.025x03125.nc,876229026,846397440,131072,100,441708544,window,random,random,33,0,0,0
2170,1,2022239,geosfp/GEOSFP.20190701.A3mstC.025x03125.nc,876229026,415526912,131072,49,-431001600,window,random,random,33,0,0,0
2171,1,2022239,geosfp/GEOSFP.20190701.A3mstC.025x03125.nc,876229026,430649344,114688,51,14991360,window,random,random,33,0,0,0
2172,1,2022239,geosfp/GEOSFP.20190701.A3mstC.025x03125.nc,876229026,823214080,131072,98,392450048,window,random,random,33,0,0,0
2173,1,2022239,geosfp/GEOSFP.20190701.A3mstC.025x03125.nc,876229026,321683456,90112,38,-501661696,window,random,random,33,0,0,0
2174,1,2022239,geosfp/GEOSFP.20190701.A3mstC.025x03125.nc,876229026,828489728,131072,98,506716160,window,random,random,33,0,0,0
2175,1,2022239,geosfp/GEOSFP.20190701.A3mstC.025x03125.nc,876229026,642523136,98304,76,-186097664,window,random,random,33,0,0,0
2176,1,2022239,geosfp/GEOSFP.20190701.A3mstC.025x03125.nc,876229026,846929920,131072,100,204308480,window,random,random,33,0,0,0
2177,1,2022239,geosfp/GEOSFP.20190701.A3mstC.025x03125.nc,876229026,219619328,131072,26,-627441664,window,random,random,33,0,0,0
2178,1,2022239,geosfp/GEOSFP.20190701.A3mstC.025x03125.nc,876229026,334184448,131072,39,114434048,window,random,random,33,0,0,0
2179,1,2022239,geosfp/GEOSFP.20190701.A3mstC.025x03125.nc,876229026,824729600,131072,98,490414080,window,random,random,33,0,0,0
2180,1,2022239,geosfp/GEOSFP.20190701.A3mstC.025x03125.nc,876229026,652820480,131072,77,-172040192,window,random,random,33,0,0,0
2181,1,2022239,geosfp/GEOSFP.20190701.A3mstC.025x03125.nc,876229026,131547136,131072,15,-521404416,window,random,random,33,0,0,0
2182,1,2022239,geosfp/GEOSFP.20190701.A3mstC.025x03125.nc,876229026,645369856,131072,76,513691648,window,random,random,33,0,0,0
2183,1,2022239,geosfp/GEOSFP.20190701.A3mstC.025x03125.nc,876229026,847130624,131072,100,201629696,window,random,random,33,0,0,0
2184,1,2022239,geosfp/GEOSFP.20190701.A3mstC.025x03125.nc,876229026,35225600,131072,4,-812036096,window,random,random,33,0,0,0
2185,1,2022239,geosfp/GEOSFP.20190701.A3mstC.025x03125.nc,876229026,872734720,73728,104,837378048,window,random,random,33,0,0,0
2186,1,2022239,geosfp/GEOSFP.20190701.A3mstC.025x03125.nc,876229026,71524352,131072,8,-801284096,window,random,random,33,0,0,0
2187,1,2022239,geosfp/GEOSFP.20190701.A3mstC.025x03125.nc,876229026,414818304,131072,49,343162880,window,random,random,33,0,0,0
2188,1,2022239,geosfp/GEOSFP.20190701.A3mstC.025x03125.nc,876229026,30547968,131072,3,-384401408,window,random,random,33,0,0,0
2189,1,2022239,geosfp/GEOSFP.20190701.A3mstC.025x03125.nc,876229026,113451008,131072,13,82771968,window,random,random,33,0,0,0
2190,1,2022239,geosfp/GEOSFP.20190701.A3mstC.025x03125.nc,876229026,790896640,77824,94,677314560,window,random,random,33,0,0,0
2191,1,2022239,geosfp/GEOSFP.20190701.A3mstC.025x03125.nc,876229026,556843008,131072,66,-234131456,window,random,random,33,0,0,0
2192,1,2022239,geosfp/GEOSFP.20190701.A3mstC.025x03125.nc,876229026,138158080,81920,16,-418816000,window,random,random,33,0,0,0
2193,1,2022239,geosfp/GEOSFP.20190701.A3mstC.025x03125.nc,876229026,98938880,81920,11,-39301120,window,random,random,33,0,0,0
2194,1,2022239,geosfp/GEOSFP.20190701.A3mstC.025x03125.nc,876229026,152612864,131072,18,53592064,window,random,random,33,0,0,0
2195,1,2022239,geosfp/GEOSFP.20190701.A3mstC.025x03125.nc,876229026,467681280,131072,55,314937344,window,random,random,33,0,0,0
2196,1,2022239,geosfp/GEOSFP.20190701.A3mstC.025x03125.nc,876229026,720617472,131072,85,252805120,window,random,random,33,0,0,0
2197,1,2022239,geosfp/GEOSFP.20190701.A3mstC.025x03125.nc,876229026,829906944,131072,98,109158400,window,random,random,33,0,0,0
2198,1,2022239,geosfp/GEOSFP.20190701.A3mstC.025x03125.nc,876229026,867192832,77824,103,37154816,window,random,random,33,0,0,0
2199,1,2022239,geosfp/GEOSFP.20190701.A3mstC.025x03125.nc,876229026,658964480,131072,78,-208306176,window,random,random,33,0,0,0
2200,1,2022239,geosfp/GEOSFP.20190701.A3mstC.025x03125.nc,876229026,456187904,131072,54,-202907648,window,random,random,33,0,0,0
2201,1,2022239,geosfp/GEOSFP.20190701.A3mstC.025x03125.nc,876229026,360157184,131072,42,-96161792,window,random,random,33,0,0,0
2202,1,2022239,geosfp/GEOSFP.20190701.A3mstC.025x03125.nc,876229026,273039360,131072,32,-87248896,window,random,random,33,0,0,0
2203,1,2022239,geosfp/GEOSFP.20190701.A3mstC.025x03125.nc,876229026,500232192,40960,59,227061760,window,random,random,33,0,0,0
2204,1,2022239,geosfp/GEOSFP.20190701.A3mstC.025x03125.nc,876229026,757071872,114688,90,256798720,window,random,random,33,0,0,0
2205,1,2022239,geosfp/GEOSFP.20190701.A3mstC.025x03125.nc,876229026,84848640,131072,10,-672337920,window,random,random,33,0,0,0
2206,1,2022239,geosfp/GEOSFP.20190701.A3mstC.025x03125.nc,876229026,183316480,131072,21,98336768,window,random,random,33,0,0,0
2207,1,2022239,geosfp/GEOSFP.20190701.A3mstC.025x03125.nc,876229026,510283776,131072,60,326836224,window,random,random,33,0,0,0
2208,1,2022239,geosfp/GEOSFP.20190701.A3mstC.025x03125.nc,876229026,701116416,77824,83,190701568,window,random,random,33,0,0,0
2209,1,2022239,geosfp/GEOSFP.20190701.A3mstC.025x03125.nc,876229026,98209792,131072,11,-602984448,window,random,random,33,0,0,0
2210,1,2022239,geosfp/GEOSFP.20190701.A3mstC.025x03125.nc,876229026,261386240,131072,31,163045376,window,random,random,33,0,0,0
2211,1,2022239,geosfp/GEOSFP.20190701.A3mstC.025x03125.nc,876229026,131731456,131072,15,-129785856,window,random,random,33,0,0,0
2212,1,2022239,geosfp/GEOSFP.20190701.A3mstC.025x03125.nc,876229026,591396864,131072,70,459534336,window,random,random,33,0,0,0
2213,1,2022239,geosfp/GEOSFP.20190701.A3mstC.025x03125.nc,876229026,732700672,131072,87,141172736,window,random,random,33,0,0,0
2214,1,2022239,geosfp/GEOSFP.20190701.A3mstC.025x03125.nc,876229026,10194944,106496,1,-722636800,window,random,random,33,0,0,0
2215,1,2022239,geosfp/GEOSFP.20190701.A3mstC.025x03125.nc,876229026,414375936,57344,49,404074496,window,random,random,33,0,0,0
2216,1,2022239,geosfp/GEOSFP.20190701.A3mstC.025x03125.nc,876229026,205045760,131072,24,-209387520,window,random,random,33,0,0,0
2217,1,2022239,geosfp/GEOSFP.20190701.A3mstC.025x03125.nc,876229026,151687168,131072,18,-53489664,window,random,random,33,0,0,0
2218,1,2022239,geosfp/GEOSFP.20190701.A3mstC.025x03125.nc,876229026,522772480,131072,62,370954240,window,random,random,33,0,0,0
2219,1,2022239,geosfp/GEOSFP.20190701.A3mstC.025x03125.nc,876229026,599732224,131072,71,76828672,window,random,random,33,0,0,0
2220,1,2022239,geosfp/GEOSFP.20190701.A3mstC.025x03125.nc,876229026,546779136,131072,65,-53084160,window,random,random,33,0,0,0
2221,1,2022239,geosfp/GEOSFP.20190701.A3mstC.025x03125.nc,876229026,685858816,106496,81,138948608,window,random,random,33,0,0,0
2222,1,2022239,geosfp/GEOSFP.20190701.A3mstC.025x03125.nc,876229026,811909120,131072,96,125943808,window,random,random,33,0,0,0
2223,1,2022239,geosfp/GEOSFP.20190701.A3mstC.025x03125.nc,876229026,16666624,77824,1,-795373568,window,random,random,33,0,0,0
2224,1,2022239,geosfp/GEOSFP.20190701.A3mstC.025x03125.nc,876229026,687276032,131072,81,670531584,window,random,random,33,0,0,0
2225,1,2022239,geosfp/GEOSFP.20190701.A3mstC.025x03125.nc,876229026,2490368,131072,0,-684916736,window,random,random,33,0,0,0
2226,1,2022239,geosfp/GEOSFP.20190701.A3mstC.025x03125.nc,876229026,432590848,131072,51,429969408,window,random,random,33,0,0,0
2227,1,2022239,geosfp/GEOSFP.20190701.A3mstC.025x03125.nc,876229026,629284864,90112,75,196562944,window,random,random,33,0,0,0
2228,1,2022239,geosfp/GEOSFP.20190701.A3mstC.025x03125.nc,876229026,407781376,131072,48,-221593600,window,random,random,33,0,0,0
2229,1,2022239,geosfp/GEOSFP.20190701.A3mstC.025x03125.nc,876229026,549875712,131072,65,141963264,window,random,random,33,0,0,0
2230,1,2022239,geosfp/GEOSFP.20190701.A3mstC.025x03125.nc,876229026,561147904,90112,66,11141120,window,random,random,33,0,0,0
2231,1,2022239,geosfp/GEOSFP.20190701.A3mstC.025x03125.nc,876229026,302612480,131072,36,-258625536,window,random,random,33,0,0,0
2232,1,2022239,geosfp/GEOSFP.20190701.A3mstC.025x03125.nc,876229026,716173312,73728,85,413429760,window,random,random,33,0,0,0
2233,1,2022239,geosfp/GEOSFP.20190701.A3mstC.025x03125.nc,876229026,580321280,131072,69,-135925760,window,random,random,33,0,0,0
2234,1,2022239,geosfp/GEOSFP.20190701.A3mstC.025x03125.nc,876229026,375058432,131072,44,-205393920,window,random,random,33,0,0,0
2235,1,2022239,geosfp/GEOSFP.20190701.A3mstC.025x03125.nc,876229026,301244416,94208,35,-73945088,window,random,random,33,0,0,0
2236,1,2022239,geosfp/GEOSFP.20190701.A3mstC.025x03125.nc,876229026,267886592,131072,31,-33452032,window,random,random,33,0,0,0
2237,1,2022239,geosfp/GEOSFP.20190701.A3mstC.025x03125.nc,876229026,650080256,81920,77,382062592,window,random,random,33,0,0,0
2238,1,2022239,geosfp/GEOSFP.20190701.A3mstC.025x03125.nc,876229026,606138368,131072,72,-44023808,window,random,random,33,0,0,0
2239,1,2022239,geosfp/GEOSFP.20190701.A3mstC.025x03125.nc,876229026,539856896,106496,64,-66412544,window,random,random,33,0,0,0
2240,1,2022239,geosfp/GEOSFP.20190701.A3mstC.025x03125.nc,876229026,384077824,61440,45,-155885568,window,random,random,33,0,0,0
2241,1,2022239,geosfp/GEOSFP.20190701.A3mstC.025x03125.nc,876229026,838754304,131072,99,454615040,window,random,random,33,0,0,0
2242,1,2022239,geosfp/GEOSFP.20190701.A3mstC.025x03125.nc,876229026,174022656,131072,20,-664862720,window,random,random,33,0,0,0
2243,1,2022239,geosfp/GEOSFP.20190701.A3mstC.025x03125.nc,876229026,593477632,131072,70,419323904,window,random,random,33,0,0,0
2244,1,2022239,geosfp/GEOSFP.20190701.A3mstC.025x03125.nc,876229026,839356416,69632,100,245747712,window,random,random,33,0,0,0
2245,1,2022239,geosfp/GEOSFP.20190701.A3mstC.025x03125.nc,876229026,801763328,131072,95,-37662720,window,random,random,33,0,0,0
2246,1,2022239,geosfp/GEOSFP.20190701.A3mstC.025x03125.nc,876229026,396582912,131072,47,-405311488,window,random,random,33,0,0,0
2247,1,2022239,geosfp/GEOSFP.20190701.A3mstC.025x03125.nc,876229026,696217600,131072,82,299503616,window,random,random,33,0,0,0
2248,1,2022239,geosfp/GEOSFP.20190701.A3mstC.025x03125.nc,876229026,316620800,131072,37,-379727872,window,random,random,33,0,0,0
2249,1,2022239,geosfp/GEOSFP.20190701.A3mstC.025x03125.nc,876229026,469700608,114688,55,152948736,window,random,random,33,0,0,0
2250,1,2022239,geosfp/GEOSFP.20190701.A3mstC.025x03125.nc,876229026,68657152,131072,8,-401158144,window,random,random,33,0,0,0
2251,1,2022239,geosfp/GEOSFP.20190701.A3mstC.025x03125.nc,876229026,326389760,131072,38,257601536,window,random,random,33,0,0,0
2252,1,2022239,geosfp/GEOSFP.20190701.A3mstC.025x03125.nc,876229026,765132800,90112,91,438611968,window,random,random,33,0,0,0
2253,1,2022239,geosfp/GEOSFP.20190701.A3mstC.025x03125.nc,876229026,73322496,131072,8,-691900416,window,random,random,33,0,0,0
2254,1,2022239,geosfp/GEOSFP.20190701.A3mstC.025x03125.nc,876229026,155652096,114688,18,82198528,window,random,random,33,0,0,0
2255,1,2022239,geosfp/GEOSFP.20190701.A3mstC.025x03125.nc,876229026,870383616,110592,103,714616832,window,random,random,33,0,0,0
2256,1,2022239,geosfp/GEOSFP.20190701.A3mstC.025x03125.nc,876229026,271781888,131072,32,-598712320,window,random,random,33,0,0,0
2257,1,2022239,geosfp/GEOSFP.20190701.A3mstC.025x03125.nc,876229026,729714688,131072,86,457801728,window,random,random,33,0,0,0
2258,1,2022239,geosfp/GEOSFP.20190701.A3mstC.025x03125.nc,876229026,759189504,131072,90,29343744,window,random,random,33,0,0,0
2259,1,2022239,geosfp/GEOSFP.20190701.A3mstC.025x03125.nc,876229026,747499520,131072,89,-11821056,window,random,random,33,0,0,0
2260,1,2022239,geosfp/GEOSFP.20190701.A3mstC.025x03125.nc,876229026,509669376,131072,60,-237961216,window,random,random,33,0,0,0
2261,1,2022239,geosfp/GEOSFP.20190701.A3mstC.025x03125.nc,876229026,850997248,122880,101,341196800,window,random,random,33,0,0,0
2262,1,2022239,geosfp/GEOSFP.20190701.A3mstC.025x03125.nc,876229026,461860864,131072,55,-389259264,window,random,random,33,0,0,0
2263,1,2022239,geosfp/GEOSFP.20190701.A3mstC.025x03125.nc,876229026,688570368,131072,82,226578432,window,random,random,33,0,0,0
2264,1,2022239,geosfp/GEOSFP.20190701.A3mstC.025x03125.nc,876229026,772861952,131072,92,84160512,window,random,random,33,0,0,0
2265,1,2022239,geosfp/GEOSFP.20190701.A3mstC.025x03125.nc,876229026,609513472,131072,72,-163479552,window,random,random,33,0,0,0
2266,1,2022239,geosfp/GEOSFP.20190701.A3mstC.025x03125.nc,876229026,363335680,131072,43,-246308864,window,random,random,33,0,0,0
2267,1,2022239,geosfp/GEOSFP.20190701.A3mstC.025x03125.nc,876229026,656683008,131072,78,293216256,window,random,random,33,0,0,0
2268,1,2022239,geosfp/GEOSFP.20190701.A3mstC.025x03125.nc,876229026,490184704,73728,58,-166629376,window,random,random,33,0,0,0
2269,1,2022239,geosfp/GEOSFP.20190701.A3mstC.025x03125.nc,876229026,190529536,131072,22,-299728896,window,random,random,33,0,0,0
2270,1,2022239,geosfp/GEOSFP.20190701.A3mstC.025x03125.nc,876229026,506019840,131072,60,315359232,window,random,random,33,0,0,0
2271,1,2022239,geosfp/GEOSFP.20190701.A3mstC.025x03125.nc,876229026,696463360,131072,83,190312448,window,random,random,33,0,0,0
2272,1,2022239,geosfp/GEOSFP.20190701.A3mstC.025x03125.nc,876229026,179761152,131072,21,-516833280,window,random,random,33,0,0,0
2273,1,2022239,geosfp/GEOSFP.20190701.A3mstC.025x03125.nc,876229026,93196288,131072,11,-86695936,window,random,random,33,0,0,0
2274,1,2022239,geosfp/GEOSFP.20190701.A3mstC.025x03125.nc,876229026,668762112,69632,79,575434752,window,random,random,33,0,0,0
2275,1,2022239,geosfp/GEOSFP.20190701.A3mstC.025x03125.nc,876229026,176607232,131072,21,-492224512,window,random,random,33,0,0,0
2276,1,2022239,geosfp/GEOSFP.20190701.A3mstC.025x03125.nc,876229026,279334912,61440,33,102596608,window,random,random,33,0,0,0
2277,1,2022239,geosfp/GEOSFP.20190701.A3mstC.025x03125.nc,876229026,130469888,131072,15,-148926464,window,random,random,33,0,0,0
2278,1,2022239,geosfp/GEOSFP.20190701.A3mstC.025x03125.nc,876229026,16490496,131072,1,-114110464,window,random,random,33,0,0,0
2279,1,2022239,geosfp/GEOSFP.20190701.A3mstC.025x03125.nc,876229026,727433216,90112,86,710811648,window,random,random,33,0,0,0
2280,1,2022239,geosfp/GEOSFP.20190701.A3mstC.025x03125.nc,876229026,103473152,131072,12,-624050176,window,random,random,33,0,0,0
2281,1,2022239,geosfp/GEOSFP.20190701.A3mstC.025x03125.nc,876229026,788881408,131072,94,685277184,window,random,random,33,0,0,0
2282,1,2022239,geosfp/GEOSFP.20190701.A3mstC.025x03125.nc,876229026,591306752,90112,70,-197705728,window,random,random,33,0,0,0
2283,1,2022239,geosfp/GEOSFP.20190701.A3mstC.025x03125.nc,876229026,277975040,69632,33,-313421824,window,random,random,33,0,0,0
2284,1,2022239,geosfp/GEOSFP.20190701.A3mstC.025x03125.nc,876229026,202657792,77824,24,-75386880,window,random,random,33,0,0,0
2285,1,2022239,geosfp/GEOSFP.20190701.A3mstC.025x03125.nc,876229026,686915584,131072,81,484179968,window,random,random,33,0,0,0
2286,1,2022239,geosfp/GEOSFP.20190701.A3mstC.025x03125.nc,876229026,550453248,131072,65,-136593408,window,random,random,33,0,0,0
2287,1,2022239,geosfp/GEOSFP.20190701.A3mstC.025x03125.nc,876229026,330911744,131072,39,-219672576,window,random,random,33,0,0,0
2288,1,2022239,geosfp/GEOSFP.20190701.A3mstC.025x03125.nc,876229026,517238784,131072,61,186195968,window,random,random,33,0,0,0
2289,1,2022239,geosfp/GEOSFP.20190701.A3mstC.025x03125.nc,876229026,596692992,131072,71,79323136,window,random,random,33,0,0,0
2290,1,2022239,geosfp/GEOSFP.20190701.A3mstC.025x03125.nc,876229026,666800128,94208,79,69976064,window,random,random,33,0,0,0
2291,1,2022239,geosfp/GEOSFP.20190701.A3mstC.025x03125.nc,876229026,115646464,81920,13,-551247872,window,random,random,33,0,0,0
2292,1,2022239,geosfp/GEOSFP.20190701.A3mstC.025x03125.nc,876229026,400867328,131072,47,285138944,window,random,random,33,0,0,0
2293,1,2022239,geosfp/GEOSFP.20190701.A3mstC.025x03125.nc,876229026,523976704,131072,62,122978304,window,random,random,33,0,0,0
2294,1,2022239,geosfp/GEOSFP.20190701.A3mstC.025x03125.nc,876229026,371863552,131072,44,-152244224,window,random,random,33,0,0,0
2295,1,2022239,geosfp/GEOSFP.20190701.A3mstC.025x03125.nc,876229026,370372608,131072,44,-1622016,window,random,random,33,0,0,0
2296,1,2022239,geosfp/GEOSFP.20190701.A3mstC.025x03125.nc,876229026,768094208,131072,91,397590528,window,random,random,33,0,0,0
2297,1,2022239,geosfp/GEOSFP.20190701.A3mstC.025x03125.nc,876229026,256196608,131072,30,-512028672,window,random,random,33,0,0,0
2298,1,2022239,geosfp/GEOSFP.20190701.A3mstC.025x03125.nc,876229026,683786240,131072,81,427458560,window,random,random,33,0,0,0
2299,1,2022239,geosfp/GEOSFP.20190701.A3mstC.025x03125.nc,876229026,479592448,131072,57,-204324864,window,random,random,33,0,0,0
2300,1,2022239,geosfp/GEOSFP.20190701.A3mstC.025x03125.nc,876229026,436412416,131072,52,-43311104,window,random,random,33,0,0,0
2301,1,2022239,geosfp/GEOSFP.20190701.A3mstC.025x03125.nc,876229026,13578240,131072,1,-422965248,window,random,random,33,0,0,0
2302,1,2022239,geosfp/GEOSFP.20190701.A3mstC.025x03125.nc,876229026,722227200,94208,86,708517888,window,random,random,33,0,0,0
2303,1,2022239,geosfp/GEOSFP.20190701.A3mstC.025x03125.nc,876229026,262414336,131072,31,-459907072,window,random,random,33,0,0,0
2304,1,2022239,geosfp/GEOSFP.20190701.A3mstC.025x03125.nc,876229026,551014400,86016,65,288468992,window,random,random,33,0,0,0
2305,1,2022239,geosfp/GEOSFP.20190701.A3mstC.025x03125.nc,876229026,21557248,94208,2,-529543168,window,random,random,33,0,0,0
2306,1,2022239,geosfp/GEOSFP.20190701.A3mstC.025x03125.nc,876229026,711176192,94208,84,689524736,window,random,random,33,0,0,0
2307,1,2022239,geosfp/GEOSFP.20190701.A3mstC.025x03125.nc,876229026,203919360,118784,24,-507351040,window,random,random,33,0,0,0
2308,1,2022239,geosfp/GEOSFP.20190701.A3mstC.025x03125.nc,876229026,20934656,131072,2,-183103488,window,random,random,33,0,0,0
2309,1,2022239,geosfp/GEOSFP.20190701.A3mstC.025x03125.nc,876229026,805429248,131072,96,784363520,window,random,random,33,0,0,0
2310,1,2022239,geosfp/GEOSFP.20190701.A3mstC.025x03125.nc,876229026,404430848,126976,48,-401129472,window,random,random,33,0,0,0
2311,1,2022239,geosfp/GEOSFP.20190701.A3mstC.025x03125.nc,876229026,457871360,131072,54,53313536,window,random,random,33,0,0,0
2312,1,2022239,geosfp/GEOSFP.20190701.A3mstC.025x03125.nc,876229026,86519808,131072,10,-371482624,window,random,random,33,0,0,0
2313,1,2022239,geosfp/GEOSFP.20190701.A3mstC.025x03125.nc,876229026,310415360,131072,37,223764480,window,random,random,33,0,0,0
2314,1,2022239,geosfp/GEOSFP.20190701.A3mstC.025x03125.nc,876229026,548503552,131072,65,237957120,window,random,random,33,0,0,0
2315,1,2022239,geosfp/GEOSFP.20190701.A3mstC.025x03125.nc,876229026,690851840,131072,82,142217216,window,random,random,33,0,0,0
2316,1,2022239,geosfp/GEOSFP.20190701.A3mstC.025x03125.nc,876229026,340672512,106496,40,-350310400,window,random,random,33,0,0,0
2317,1,2022239,geosfp/GEOSFP.20190701.A3mstC.025x03125.nc,876229026,434995200,131072,51,94216192,window,random,random,33,0,0,0
2318,1,2022239,geosfp/GEOSFP.20190701.A3mstC.025x03125.nc,876229026,813023232,131072,96,377896960,window,random,random,33,0,0,0
2319,1,2022239,geosfp/GEOSFP.20190701.A3mstC.025x03125.nc,876229026,262176768,131072,31,-550977536,window,random,random,33,0,0,0
2320,1,2022239,geosfp/GEOSFP.20190701.A3mstC.025x03125.nc,876229026,57192448,131072,6,-205115392,window,random,random,33,0,0,0
2321,1,2022239,geosfp/GEOSFP.20190701.A3mstC.025x03125.nc,876229026,135524352,102400,16,78200832,window,random,random,33,0,0,0
2322,1,2022239,geosfp/GEOSFP.20190701.A3mstC.025x03125.nc,876229026,410157056,94208,48,274530304,window,random,random,33,0,0,0
2323,1,2022239,geosfp/GEOSFP.20190701.A3mstC.025x03125.nc,876229026,467271680,126976,55,57020416,window,random,random,33,0,0,0
2324,1,2022239,geosfp/GEOSFP.20190701.A3mstC.025x03125.nc,876229026,195305472,131072,23,-272093184,window,random,random,33,0,0,0
2325,1,2022239,geosfp/GEOSFP.20190701.A3mstC.025x03125.nc,876229026,751300608,131072,89,555864064,window,random,random,33,0,0,0
2326,1,2022239,geosfp/GEOSFP.20190701.A3mstC.025x03125.nc,876229026,671137792,69632,80,-80293888,window,random,random,33,0,0,0
2327,1,2022239,geosfp/GEOSFP.20190701.A3mstC.025x03125.nc,876229026,776994816,98304,92,105787392,window,random,random,33,0,0,0
2328,1,2022239,geosfp/GEOSFP.20190701.A3mstC.025x03125.nc,876229026,783491072,131072,93,6397952,window,random,random,33,0,0,0
2329,1,2022239,geosfp/GEOSFP.20190701.A3mstC.025x03125.nc,876229026,221429760,122880,26,-562192384,window,random,random,33,0,0,0
2330,1,2022239,geosfp/GEOSFP.20190701.A3mstC.025x03125.nc,876229026,67837952,131072,8,-153714688,window,random,random,33,0,0,0
2331,1,2022239,geosfp/GEOSFP.20190701.A3mstC.025x03125.nc,876229026,251228160,69632,29,183259136,window,random,random,33,0,0,0
2332,1,2022239,geosfp/GEOSFP.20190701.A3mstC.025x03125.nc,876229026,156143616,131072,18,-95154176,window,random,random,33,0,0,0
2333,1,2022239,geosfp/GEOSFP.20190701.A3mstC.025x03125.nc,876229026,259141632,131072,30,102866944,window,random,random,33,0,0,0
2334,1,2022239,geosfp/GEOSFP.20190701.A3mstC.025x03125.nc,876229026,442294272,94208,52,183021568,window,random,random,33,0,0,0
2335,1,2022239,geosfp/GEOSFP.20190701.A3mstC.025x03125.nc,876229026,757407744,131072,90,315019264,window,random,random,33,0,0,0
2336,1,2022239,geosfp/GEOSFP.20190701.A3mstC.025x03125.nc,876229026,645681152,98304,76,-111857664,window,random,random,33,0,0,0
2337,1,2022239,geosfp/GEOSFP.20190701.A3mstC.025x03125.nc,876229026,123764736,131072,14,-522014720,window,random,random,33,0,0,0
2338,1,2022239,geosfp/GEOSFP.20190701.A3mstC.025x03125.nc,876229026,87523328,131072,10,-36372480,window,random,random,33,0,0,0
2339,1,2022239,geosfp/GEOSFP.20190701.A3mstC.025x03125.nc,876229026,40783872,131072,4,-46870528,window,random,random,33,0,0,0
2340,1,2022239,geosfp/GEOSFP.20190701.A3mstC.025x03125.nc,876229026,767750144,53248,91,726835200,window,random,random,33,0,0,0
2341,1,2022239,geosfp/GEOSFP.20190701.A3mstC.025x03125.nc,876229026,385945600,94208,46,-381857792,window,random,random,33,0,0,0
2342,1,2022239,geosfp/GEOSFP.20190701.A3mstC.025x03125.nc,876229026,35524608,131072,4,-350515200,window,random,random,33,0,0,0
2343,1,2022239,geosfp/GEOSFP.20190701.A3mstC.025x03125.nc,876229026,17612800,131072,2,-18042880,window,random,random,33,0,0,0
2344,1,2022239,geosfp/GEOSFP.20190701.A3mstC.025x03125.nc,876229026,784171008,131072,93,766427136,window,random,random,33,0,0,0
2345,1,2022239,geosfp/GEOSFP.20190701.A3mstC.025x03125.nc,876229026,340217856,131072,40,-444084224,window,random,random,33,0,0,0
2346,1,2022239,geosfp/GEOSFP.20190701.A3mstC.025x03125.nc,876229026,250806272,131072,29,-89542656,window,random,random,33,0,0,0
2347,1,2022239,geosfp/GEOSFP.20190701.A3mstC.025x03125.nc,876229026,865083392,131072,103,614146048,window,random,random,33,0,0,0
2348,1,2022239,geosfp/GEOSFP.20190701.A3mstC.025x03125.nc,876229026,235212800,90112,28,-630001664,window,random,random,33,0,0,0
2349,1,2022239,geosfp/GEOSFP.20190701.A3mstC.025x03125.nc,876229026,450121728,131072,53,214818816,window,random,random,33,0,0,0
2350,1,2022239,geosfp/GEOSFP.20190701.A3mstC.025x03125.nc,876229026,701218816,131072,83,250966016,window,random,random,33,0,0,0
2351,1,2022239,geosfp/GEOSFP.20190701.A3mstC.025x03125.nc,876229026,801615872,131072,95,100265984,window,random,random,33,0,0,0
2352,1,2022239,geosfp/GEOSFP.20190701.A3mstC.025x03125.nc,876229026,173068288,98304,20,-628678656,window,random,random,33,0,0,0
2353,1,2022239,geosfp/GEOSFP.20190701.A3mstC.025x03125.nc,876229026,387547136,131072,46,214380544,window,random,random,33,0,0,0
2354,1,2022239,geosfp/GEOSFP.20190701.A3mstC.025x03125.nc,876229026,541270016,131072,64,153591808,window,random,random,33,0,0,0
2355,1,2022239,geosfp/GEOSFP.20190701.A3mstC.025x03125.nc,876229026,271912960,106496,32,-269488128,window,random,random,33,0,0,0
2356,1,2022239,geosfp/GEOSFP.20190701.A3mstC.025x03125.nc,876229026,851746816,126976,101,579727360,window,random,random,33,0,0,0
2357,1,2022239,geosfp/GEOSFP.20190701.A3mstC.025x03125.nc,876229026,754126848,131072,89,-97746944,window,random,random,33,0,0,0
2358,1,2022239,geosfp/GEOSFP.20190701.A3mstC.025x03125.nc,876229026,739004416,86016,88,-15253504,window,random,random,33,0,0,0
2359,1,2022239,geosfp/GEOSFP.20190701.A3mstC.025x03125.nc,876229026,124829696,131072,14,-614260736,window,random,random,33,0,0,0
2360,1,2022239,geosfp/GEOSFP.20190701.A3mstC.025x03125.nc,876229026,319287296,131072,38,194326528,window,random,random,33,0,0,0
2361,1,2022239,geosfp/GEOSFP.20190701.A3mstC.025x03125.nc,876229026,463892480,131072,55,144474112,window,random,random,33,0,0,0
2362,1,2022239,geosfp/GEOSFP.20190701.A3mstC.025x03125.nc,876229026,590553088,131072,70,126529536,window,random,random,33,0,0,0
2363,1,2022239,geosfp/GEOSFP.20190701.A3mstC.025x03125.nc,876229026,769187840,131072,91,178503680,window,random,random,33,0,0,0
2364,1,2022239,geosfp/GEOSFP.20190701.A3mstC.025x03125.nc,876229026,147095552,131072,17,-622223360,window,random,random,33,0,0,0
2365,1,2022239,geosfp/GEOSFP.20190701.A3mstC.025x03125.nc,876229026,120090624,131072,14,-27136000,window,random,random,33,0,0,0
2366,1,2022239,geosfp/GEOSFP.20190701.A3mstC.025x03125.nc,876229026,723800064,90112,86,603578368,window,random,random,33,0,0,0
2367,1,2022239,geosfp/GEOSFP.20190701.A3mstC.025x03125.nc,876229026,794386432,131072,94,70496256,window,random,random,33,0,0,0
2368,1,2022239,geosfp/GEOSFP.20190701.A3mstC.025x03125.nc,876229026,784830464,131072,93,-9687040,window,random,random,33,0,0,0
2369,1,2022239,geosfp/GEOSFP.20190701.A3mstC.025x03125.nc,876229026,261517312,131072,31,-523444224,window,random,random,33,0,0,0
2370,1,2022239,geosfp/GEOSFP.20190701.A3mstC.025x03125.nc,876229026,417656832,131072,49,156008448,window,random,random,33,0,0,0
2371,1,2022239,geosfp/GEOSFP.20190701.A3mstC.025x03125.nc,876229026,230330368,131072,27,-187457536,window,random,random,33,0,0,0
2372,1,2022239,geosfp/GEOSFP.20190701.A3mstC.025x03125.nc,876229026,228962304,131072,27,-1499136,window,random,random,33,0,0,0
2373,1,2022239,geosfp/GEOSFP.20190701.A3mstC.025x03125.nc,876229026,664465408,131072,79,435372032,window,random,random,33,0,0,0
2374,1,2022239,geosfp/GEOSFP.20190701.A3mstC.025x03125.nc,876229026,147685376,131072,17,-516911104,window,random,random,33,0,0,0
2375,1,2022239,geosfp/GEOSFP.20190701.A3mstC.025x03125.nc,876229026,92114944,131072,10,-55701504,window,random,random,33,0,0,0
2376,1,2022239,geosfp/GEOSFP.20190701.A3mstC.025x03125.nc,876229026,504340480,69632,60,412094464,window,random,random,33,0,0,0
2377,1,2022239,geosfp/GEOSFP.20190701.A3mstC.025x03125.nc,876229026,531329024,131072,63,26918912,window,random,random,33,0,0,0
2378,1,2022239,geosfp/GEOSFP.20190701.A3mstC.025x03125.nc,876229026,761548800,131072,90,230088704,window,random,random,33,0,0,0
2379,1,2022239,geosfp/GEOSFP.20190701.A3mstC.025x03125.nc,876229026,497778688,73728,59,-263901184,window,random,random,33,0,0,0
2380,1,2022239,geosfp/GEOSFP.20190701.A3mstC.025x03125.nc,876229026,451649536,32768,53,-46202880,window,random,random,33,0,0,0
2381,1,2022239,geosfp/GEOSFP.20190701.A3mstC.025x03125.nc,876229026,98574336,90112,11,-353107968,window,random,random,33,0,0,0
2382,1,2022239,geosfp/GEOSFP.20190701.A3mstC.025x03125.nc,876229026,743968768,131072,88,645304320,window,random,random,33,0,0,0
2383,1,2022239,geosfp/GEOSFP.20190701.A3mstC.025x03125.nc,876229026,583409664,106496,69,-160690176,window,random,random,33,0,0,0
2384,1,2022239,geosfp/GEOSFP.20190701.A3mstC.025x03125.nc,876229026,83218432,94208,9,-500297728,window,random,random,33,0,0,0
2385,1,2022239,geosfp/GEOSFP.20190701.A3mstC.025x03125.nc,876229026,183943168,131072,21,100630528,window,random,random,33,0,0,0
2386,1,2022239,geosfp/GEOSFP.20190701.A3mstC.025x03125.nc,876229026,181952512,131072,21,-2121728,window,random,random,33,0,0,0
2387,1,2022239,geosfp/GEOSFP.20190701.A3mstC.025x03125.nc,876229026,292950016,131072,34,110866432,window,random,random,33,0,0,0
2388,1,2022239,geosfp/GEOSFP.20190701.A3mstC.025x03125.nc,876229026,336179200,131072,40,43098112,window,random,random,33,0,0,0
2389,1,2022239,geosfp/GEOSFP.20190701.A3mstC.025x03125.nc,876229026,559587328,131072,66,223277056,window,random,random,33,0,0,0
2390,1,2022239,geosfp/GEOSFP.20190701.A3mstC.025x03125.nc,876229026,475914240,106496,56,-83804160,window,random,random,33,0,0,0
2391,1,2022239,geosfp/GEOSFP.20190701.A3mstC.025x03125.nc,876229026,329523200,131072,39,-146497536,window,random,random,33,0,0,0
2392,1,2022239,geosfp/GEOSFP.20190701.A3mstC.025x03125.nc,876229026,110272512,73728,13,-219381760,window,random,random,33,0,0,0
2393,1,2022239,geosfp/GEOSFP.20190701.A3mstC.025x03125.nc,876229026,638001152,131072,76,527654912,window,random,random,33,0,0,0
2394,1,2022239,geosfp/GEOSFP.20190701.A3mstC.025x03125.nc,876229026,113790976,131072,13,-524341248,window,random,random,33,0,0,0
2395,1,2022239,geosfp/GEOSFP.20190701.A3mstC.025x03125.nc,876229026,771137536,131072,91,657215488,window,random,random,33,0,0,0
2396,1,2022239,geosfp/GEOSFP.20190701.A3mstC.025x03125.nc,876229026,75100160,131072,8,-696168448,window,random,random,33,0,0,0
2397,1,2022239,geosfp/GEOSFP.20190701.A3mstC.025x03125.nc,876229026,445075456,131072,53,369844224,window,random,random,33,0,0,0
2398,1,2022239,geosfp/GEOSFP.20190701.A3mstC.025x03125.nc,876229026,72499200,69632,8,-372707328,window,random,random,33,0,0,0
2399,1,2022239,geosfp/GEOSFP.20190701.A3mstC.025x03125.nc,876229026,753836032,94208,89,681267200,window,random,random,33,0,0,0
2400,1,2022239,geosfp/GEOSFP.20190701.A3mstC.025x03125.nc,876229026,772218880,122880,92,18288640,window,random,random,33,0,0,0
2401,1,2022239,geosfp/GEOSFP.20190701.A3mstC.025x03125.nc,876229026,587157504,131072,69,-185184256,window,random,random,33,0,0,0
2402,1,2022239,geosfp/GEOSFP.20190701.A3mstC.025x03125.nc,876229026,184156160,131072,21,-403132416,window,random,random,33,0,0,0
2403,1,2022239,geosfp/GEOSFP.20190701.A3mstC.025x03125.nc,876229026,744271872,131072,88,559984640,window,random,random,33,0,0,0
2404,1,2022239,geosfp/GEOSFP.20190701.A3mstC.025x03125.nc,876229026,564969472,131072,67,-179433472,window,random,random,33,0,0,0
2405,1,2022239,geosfp/GEOSFP.20190701.A3mstC.025x03125.nc,876229026,294383616,122880,35,-270716928,window,random,random,33,0,0,0
2406,1,2022239,geosfp/GEOSFP.20190701.A3mstC.025x03125.nc,876229026,741052416,131072,88,446545920,window,random,random,33,0,0,0
2407,1,2022239,geosfp/GEOSFP.20190701.A3mstC.025x03125.nc,876229026,513970176,131072,61,-227213312,window,random,random,33,0,0,0
2408,1,2022239,geosfp/GEOSFP.20190701.A3mstC.025x03125.nc,876229026,625324032,131072,74,111222784,window,random,random,33,0,0,0
2409,1,2022239,geosfp/GEOSFP.20190701.A3mstC.025x03125.nc,876229026,50434048,131072,6,-575021056,window,random,random,33,0,0,0
2410,1,2022239,geosfp/GEOSFP.20190701.A3mstC.025x03125.nc,876229026,199905280,131072,23,149340160,window,random,random,33,0,0,0
2411,1,2022239,geosfp/GEOSFP.20190701.A3mstC.025x03125.nc,876229026,223145984,69632,26,23109632,window,random,random,33,0,0,0
2412,1,2022239,geosfp/GEOSFP.20190701.A3mstC.025x03125.nc,876229026,653844480,131072,77,430628864,window,random,random,33,0,0,0
2413,1,2022239,geosfp/GEOSFP.20190701.A3mstC.025x03125.nc,876229026,171278336,126976,20,-482697216,window,random,random,33,0,0,0
2414,1,2022239,geosfp/GEOSFP.20190701.A3mstC.025x03125.nc,876229026,754257920,65536,89,582852608,window,random,random,33,0,0,0
2415,1,2022239,geosfp/GEOSFP.20190701.A3mstC.025x03125.nc,876229026,29130752,131072,3,-725192704,window,random,random,33,0,0,0
2416,1,2022239,geosfp/GEOSFP.20190701.A3mstC.025x03125.nc,876229026,348663808,131072,41,319401984,window,random,random,33,0,0,0
2417,1,2022239,geosfp/GEOSFP.20190701.A3mstC.025x03125.nc,876229026,382652416,131072,45,33857536,window,random,random,33,0,0,0
2418,1,2022239,geosfp/GEOSFP.20190701.A3mstC.025x03125.nc,876229026,246370304,102400,29,-136413184,window,random,random,33,0,0,0
2419,1,2022239,geosfp/GEOSFP.20190701.A3mstC.025x03125.nc,876229026,114364416,131072,13,-132108288,window,random,strided,33,0,0,0
2420,1,2022239,geosfp/GEOSFP.20190701.A3mstC.025x03125.nc,876229026,518660096,131072,61,404164608,window,strided,random,33,0,0,0
2421,1,2022239,geosfp/GEOSFP.20190701.A3mstC.025x03125.nc,876229026,339095552,131072,40,-179695616,window,random,random,33,0,0,0
2422,1,2022239,geosfp/GEOSFP.20190701.A3mstC.025x03125.nc,876229026,619429888,131072,73,280203264,window,random,random,33,0,0,0
2423,1,2022239,geosfp/GEOSFP.20190701.A3mstC.025x03125.nc,876229026,439214080,73728,52,-180346880,window,random,random,33,0,0,0
2424,1,2022239,geosfp/GEOSFP.20190701.A3mstC.025x03125.nc,876229026,228020224,131072,27,-211267584,window,random,random,33,0,0,0
2425,1,2022239,geosfp/GEOSFP.20190701.A3mstC.025x03125.nc,876229026,363098112,131072,43,134946816,window,random,random,33,0,0,0
2426,1,2022239,geosfp/GEOSFP.20190701.A3mstC.025x03125.nc,876229026,368603136,86016,43,5373952,window,random,random,33,0,0,0
2427,1,2022239,geosfp/GEOSFP.20190701.A3mstC.025x03125.nc,876229026,499462144,106496,59,130772992,window,random,strided,33,0,1,0
2428,1,2022239,geosfp/GEOSFP.20190701.A3mstC.025x03125.nc,876229026,252227584,131072,30,-247341056,window,strided,random,33,0,0,0
2429,1,2022239,geosfp/GEOSFP.20190701.A3mstC.025x03125.nc,876229026,802500608,131072,95,550141952,window,random,random,33,0,0,0
2430,1,2022239,geosfp/GEOSFP.20190701.A3mstC.025x03125.nc,876229026,373600256,131072,44,-429031424,window,random,random,33,0,0,0
2431,1,2022239,geosfp/GEOSFP.20190701.A3mstC.025x03125.nc,876229026,133074944,131072,15,-240656384,window,random,random,33,0,0,0
2432,1,2022239,geosfp/GEOSFP.20190701.A3mstC.025x03125.nc,876229026,572956672,106496,68,439750656,window,random,random,33,0,0,0
2433,1,2022239,geosfp/GEOSFP.20190701.A3mstC.025x03125.nc,876229026,833724416,131072,99,260661248,window,random,random,33,0,0,0
2434,1,2022239,geosfp/GEOSFP.20190701.A3mstC.025x03125.nc,876229026,446046208,131072,53,-387809280,window,random,random,33,0,0,0
2435,1,2022239,geosfp/GEOSFP.20190701.A3mstC.025x03125.nc,876229026,349958144,131072,41,-96219136,window,random,random,33,0,0,0
2436,1,2022239,geosfp/GEOSFP.20190701.A3mstC.025x03125.nc,876229026,89210880,131072,10,-260878336,window,random,random,33,0,0,0
2437,1,2022239,geosfp/GEOSFP.20190701.A3mstC.025x03125.nc,876229026,380968960,106496,45,291627008,window,random,random,33,0,0,0
2438,1,2022239,geosfp/GEOSFP.20190701.A3mstC.025x03125.nc,876229026,522428416,131072,62,141352960,window,random,random,33,0,0,0
2439,1,2022239,geosfp/GEOSFP.20190701.A3mstC.025x03125.nc,876229026,6385664,90112,0,-516173824,window,random,random,33,0,0,0
2440,1,2022239,geosfp/GEOSFP.20190701.A3mstC.025x03125.nc,876229026,876130304,98722,104,869654528,window,random,random,33,0,0,0
2441,1,2022239,geosfp/GEOSFP.20190701.A3mstC.025x03125.nc,876229026,91951104,131072,10,-784277922,window,random,random,33,0,0,0
2442,1,2022239,geosfp/GEOSFP.20190701.A3mstC.025x03125.nc,876229026,447311872,131072,53,355229696,window,random,random,33,0,0,0
2443,1,2022239,geosfp/GEOSFP.20190701.A3mstC.025x03125.nc,876229026,83607552,65536,9,-363835392,window,random,random,33,0,0,0
2444,1,2022239,geosfp/GEOSFP.20190701.A3mstC.025x03125.nc,876229026,502255616,126976,59,418582528,window,random,random,33,0,0,0
2445,1,2022239,geosfp/GEOSFP.20190701.A3mstC.025x03125.nc,876229026,488062976,110592,58,-14319616,window,random,random,33,0,0,0
2446,1,2022239,geosfp/GEOSFP.20190701.A3mstC.025x03125.nc,876229026,671948800,126976,80,183775232,window,random,random,33,0,0,0
2447,1,2022239,geosfp/GEOSFP.20190701.A3mstC.025x03125.nc,876229026,702734336,131072,83,30658560,window,random,random,33,0,0,0
2448,1,2022239,geosfp/GEOSFP.20190701.A3mstC.025x03125.nc,876229026,252059648,131072,30,-450805760,window,random,random,33,0,0,0
2449,1,2022239,geosfp/GEOSFP.20190701.A3mstC.025x03125.nc,876229026,685699072,131072,81,433508352,window,random,random,33,0,0,0
2450,1,2022239,geosfp/GEOSFP.20190701.A3mstC.025x03125.nc,876229026,526995456,131072,62,-158834688,window,random,random,33,0,0,0
2451,1,2022239,geosfp/GEOSFP.20190701.A3mstC.025x03125.nc,876229026,339021824,73728,40,-188104704,window,random,random,33,0,0,0
2452,1,2022239,geosfp/GEOSFP.20190701.A3mstC.025x03125.nc,876229026,584228864,102400,69,245133312,window,random,random,33,0,0,0
2453,1,2022239,geosfp/GEOSFP.20190701.A3mstC.025x03125.nc,876229026,507920384,131072,60,-76410880,window,random,random,33,0,0,0
2454,1,2022239,geosfp/GEOSFP.20190701.A3mstC.025x03125.nc,876229026,871415808,131072,103,363364352,window,random,random,33,0,0,0
2455,1,2022239,geosfp/GEOSFP.20190701.A3mstC.025x03125.nc,876229026,344576000,131072,41,-526970880,window,random,random,33,0,0,0
2456,1,2022239,geosfp/GEOSFP.20190701.A3mstC.025x03125.nc,876229026,46202880,102400,5,-298504192,window,random,random,33,0,0,0
2457,1,2022239,geosfp/GEOSFP.20190701.A3mstC.025x03125.nc,876229026,353824768,131072,42,307519488,window,random,random,33,0,0,0
2458,1,2022239,geosfp/GEOSFP.20190701.A3mstC.025x03125.nc,876229026,163205120,126976,19,-190750720,window,random,random,33,0,0,0
2459,1,2022239,geosfp/GEOSFP.20190701.A3mstC.025x03125.nc,876229026,499585024,131072,59,336252928,window,random,random,33,0,0,0
2460,1,2022239,geosfp/GEOSFP.20190701.A3mstC.025x03125.nc,876229026,428806144,86016,51,-70909952,window,random,random,33,0,0,0
2461,1,2022239,geosfp/GEOSFP.20190701.A3mstC.025x03125.nc,876229026,430252032,118784,51,1359872,window,random,random,33,0,0,0
2462,1,2022239,geosfp/GEOSFP.20190701.A3mstC.025x03125.nc,876229026,12558336,131072,1,-417812480,window,random,random,33,0,0,0
2463,1,2022239,geosfp/GEOSFP.20190701.A3mstC.025x03125.nc,876229026,601726976,131072,71,589037568,window,random,random,33,0,0,0
2464,1,2022239,geosfp/GEOSFP.20190701.A3mstC.025x03125.nc,876229026,796364800,114688,94,194506752,window,random,random,33,0,0,0
2465,1,2022239,geosfp/GEOSFP.20190701.A3mstC.025x03125.nc,876229026,655413248,114688,78,-141066240,window,random,random,33,0,0,0
2466,1,2022239,geosfp/GEOSFP.20190701.A3mstC.025x03125.nc,876229026,27238400,131072,3,-628289536,window,random,random,33,0,0,0
2467,1,2022239,geosfp/GEOSFP.20190701.A3mstC.025x03125.nc,876229026,860844032,126976,102,833474560,window,random,random,33,0,0,0
2468,1,2022239,geosfp/GEOSFP.20190701.A3mstC.025x03125.nc,876229026,198844416,118784,23,-662126592,window,random,random,33,0,0,0
2469,1,2022239,geosfp/GEOSFP.20190701.A3mstC.025x03125.nc,876229026,9711616,131072,1,-189251584,window,random,random,33,0,0,0
2470,1,2022239,geosfp/GEOSFP.20190701.A3mstC.025x03125.nc,876229026,265814016,69632,31,255971328,window,random,random,33,0,0,0
2471,1,2022239,geosfp/GEOSFP.20190701.A3mstC.025x03125.nc,876229026,780181504,90112,93,514297856,window,random,random,33,0,0,0
