t,open_handles,streaming_handles,readahead_window_blocks,prefetch_committed_bytes,prefetch_budget_bytes
0.003,0,0,1024,0,4.981560064e+10
0.204,0,0,1024,0,4.981560064e+10
0.404,0,0,1024,0,4.981560064e+10
0.605,0,0,1024,0,4.981560064e+10
0.806,0,0,1024,0,4.981560064e+10
1.008,112,0,1024,0,4.981560064e+10
1.209,112,0,1024,0,4.981560064e+10
1.410,112,0,1024,0,4.981560064e+10
1.612,112,0,1024,0,4.981560064e+10
1.813,112,0,1024,0,4.981560064e+10
2.014,112,0,1024,0,4.981560064e+10
2.215,112,0,1024,0,4.981560064e+10
2.416,112,0,1024,0,4.981560064e+10
2.617,112,0,1024,0,4.981560064e+10
2.818,112,0,1024,0,4.981560064e+10
3.020,112,0,1024,0,4.981560064e+10
3.221,112,0,1024,0,4.981560064e+10
3.422,112,0,1024,0,4.981560064e+10
3.624,112,0,1024,0,4.981560064e+10
3.825,112,0,1024,0,4.981560064e+10
4.026,112,0,1024,0,4.981560064e+10
4.228,112,0,1024,0,4.981560064e+10
4.429,112,0,1024,0,4.981560064e+10
4.630,112,0,1024,0,4.981560064e+10
4.831,112,3,1024,1.1251764737e+10,4.981560064e+10
5.033,112,6,989,2.258255118e+10,4.981560064e+10
5.235,112,14,424,4.7116242769e+10,4.981560064e+10
5.437,112,24,247,7.8586906836e+10,4.981560064e+10
5.639,112,35,169,9.6999901396e+10,4.981560064e+10
5.841,112,47,126,1.1145347298e+11,4.981560064e+10
6.042,112,62,95,1.25059795156e+11,4.981560064e+10
6.244,112,72,82,1.32408215764e+11,4.981560064e+10
6.446,112,85,69,1.40587108564e+11,4.981560064e+10
6.647,112,99,59,1.48078135508e+11,4.981560064e+10
6.849,112,107,55,1.51903340756e+11,4.981560064e+10
7.051,112,110,53,1.53253906644e+11,4.981560064e+10
7.252,112,111,53,1.53698502868e+11,4.981560064e+10
7.454,112,111,53,1.53698502868e+11,4.981560064e+10
7.655,112,112,53,1.54143099092e+11,4.981560064e+10
7.857,112,112,53,1.54143099092e+11,4.981560064e+10
8.059,112,112,53,1.54143099092e+11,4.981560064e+10
8.261,112,112,53,1.54143099092e+11,4.981560064e+10
8.462,112,112,53,1.54143099092e+11,4.981560064e+10
8.664,112,112,53,1.54143099092e+11,4.981560064e+10
8.865,112,112,53,1.54143099092e+11,4.981560064e+10
9.067,112,112,53,1.54143099092e+11,4.981560064e+10
9.269,112,112,53,1.5414100194e+11,4.981560064e+10
9.470,112,112,53,1.54139953364e+11,4.981560064e+10
9.672,112,112,53,1.54138904788e+11,4.981560064e+10
9.873,112,112,53,1.54137856212e+11,4.981560064e+10
10.075,112,112,53,1.5413575906e+11,4.981560064e+10
10.277,112,112,53,1.5413575906e+11,4.981560064e+10
10.478,112,112,53,1.5413575906e+11,4.981560064e+10
10.680,112,112,53,1.54134710484e+11,4.981560064e+10
10.882,112,112,53,1.54134710484e+11,4.981560064e+10
11.084,112,112,53,1.54132613332e+11,4.981560064e+10
11.285,112,112,53,1.54132613332e+11,4.981560064e+10
11.486,112,112,53,1.54131564756e+11,4.981560064e+10
11.688,112,112,53,1.54131564756e+11,4.981560064e+10
11.890,112,112,53,1.5413051618e+11,4.981560064e+10
12.091,112,112,53,1.5413051618e+11,4.981560064e+10
12.293,112,112,53,1.5413051618e+11,4.981560064e+10
12.494,112,112,53,1.5413051618e+11,4.981560064e+10
12.695,112,112,53,1.5413051618e+11,4.981560064e+10
12.897,112,112,53,1.5413051618e+11,4.981560064e+10
13.098,112,112,53,1.54129467604e+11,4.981560064e+10
13.299,112,112,53,1.54129467604e+11,4.981560064e+10
13.501,112,112,53,1.54129467604e+11,4.981560064e+10
13.702,112,112,53,1.54128419028e+11,4.981560064e+10
13.904,112,112,53,1.54128419028e+11,4.981560064e+10
14.106,112,112,53,1.54127370452e+11,4.981560064e+10
14.307,112,112,53,1.54126321876e+11,4.981560064e+10
14.509,112,112,53,1.54126321876e+11,4.981560064e+10
14.710,112,112,53,1.54126321876e+11,4.981560064e+10
14.911,112,112,53,1.54126321876e+11,4.981560064e+10
15.113,112,112,53,1.54126321876e+11,4.981560064e+10
15.315,112,112,53,1.541252733e+11,4.981560064e+10
15.516,112,112,53,1.54124224724e+11,4.981560064e+10
15.718,112,112,53,1.54124224724e+11,4.981560064e+10
15.920,112,112,53,1.54124224724e+11,4.981560064e+10
16.121,112,112,53,1.54124224724e+11,4.981560064e+10
16.323,112,112,53,1.54124224724e+11,4.981560064e+10
16.525,112,112,53,1.54124224724e+11,4.981560064e+10
16.727,112,112,53,1.54124224724e+11,4.981560064e+10
16.928,112,112,53,1.54123176148e+11,4.981560064e+10
17.130,112,112,53,1.54123176148e+11,4.981560064e+10
17.332,112,112,53,1.54123176148e+11,4.981560064e+10
17.534,112,112,53,1.54123176148e+11,4.981560064e+10
17.735,112,112,53,1.54121078996e+11,4.981560064e+10
17.937,112,112,53,1.54117933268e+11,4.981560064e+10
18.139,112,112,53,1.54116884692e+11,4.981560064e+10
18.341,112,112,53,1.54116884692e+11,4.981560064e+10
18.542,112,112,53,1.54116884692e+11,4.981560064e+10
18.744,112,112,53,1.54115836116e+11,4.981560064e+10
18.946,112,112,53,1.54113738964e+11,4.981560064e+10
19.147,112,112,53,1.54113738964e+11,4.981560064e+10
19.356,112,112,53,1.54112690388e+11,4.981560064e+10
19.558,112,112,53,1.54112690388e+11,4.981560064e+10
19.759,112,112,53,1.54077038804e+11,4.981560064e+10
19.961,112,112,53,1.53979521236e+11,4.981560064e+10
20.163,112,112,53,1.53696405716e+11,4.981560064e+10
20.364,112,112,53,1.53118545123e+11,4.981560064e+10
20.565,112,112,53,1.52287024355e+11,4.981560064e+10
20.767,112,112,53,1.51392589027e+11,4.981560064e+10
20.968,112,112,53,1.50430376114e+11,4.981560064e+10
21.170,112,112,53,1.49401723058e+11,4.981560064e+10
21.371,112,112,53,1.4805640005e+11,4.981560064e+10
21.573,112,112,53,1.46690105522e+11,4.981560064e+10
21.775,112,112,53,1.45485291698e+11,4.981560064e+10
21.976,112,112,53,1.44215466162e+11,4.981560064e+10
22.178,112,112,53,1.4302847813e+11,4.981560064e+10
22.380,112,112,53,1.41699932338e+11,4.981560064e+10
22.581,112,112,53,1.40350475174e+11,4.981560064e+10
22.782,112,112,53,1.39136224166e+11,4.981560064e+10
22.984,112,112,53,1.38070818826e+11,4.981560064e+10
23.185,112,112,53,1.36770584586e+11,4.981560064e+10
23.386,112,112,53,1.35529070602e+11,4.981560064e+10
23.588,112,112,53,1.342742626e+11,4.981560064e+10
23.790,112,112,53,1.33076788808e+11,4.981560064e+10
23.991,112,112,53,1.31835274824e+11,4.981560064e+10
24.193,112,112,53,1.306566754e+11,4.981560064e+10
24.395,112,112,53,1.29428865017e+11,4.981560064e+10
24.596,112,112,53,1.28281722873e+11,4.981560064e+10
24.798,112,112,53,1.26989877241e+11,4.981560064e+10
24.999,112,112,53,1.25642457081e+11,4.981560064e+10
25.201,112,112,53,1.24483630278e+11,4.981560064e+10
25.402,112,112,53,1.23171861702e+11,4.981560064e+10
25.604,112,112,53,1.21985699983e+11,4.981560064e+10
25.806,112,112,53,1.20670785679e+11,4.981560064e+10
26.007,112,112,53,1.19482749071e+11,4.981560064e+10
26.209,112,112,53,1.18315683983e+11,4.981560064e+10
26.411,112,112,53,1.17221396931e+11,4.981560064e+10
26.612,112,112,53,1.15918016963e+11,4.981560064e+10
26.814,112,112,53,1.14760389059e+11,4.981560064e+10
27.015,112,112,53,1.13417163203e+11,4.981560064e+10
27.217,112,112,53,1.12228078019e+11,4.981560064e+10
27.418,112,112,53,1.10998862211e+11,4.981560064e+10
27.620,112,112,53,1.09783562627e+11,4.981560064e+10
27.821,112,112,53,1.08583991683e+11,4.981560064e+10
28.023,112,112,53,1.07349817731e+11,4.981560064e+10
28.225,112,112,53,1.06154688512e+11,4.981560064e+10
28.427,112,112,53,1.04916320256e+11,4.981560064e+10
28.628,112,112,53,1.03842578432e+11,4.981560064e+10
28.830,112,112,53,1.02731087872e+11,4.981560064e+10
29.031,112,112,53,1.01676220416e+11,4.981560064e+10
29.233,112,112,53,1.00486086656e+11,4.981560064e+10
29.435,112,112,53,9.9603185664e+10,4.981560064e+10
29.636,112,112,53,9.958326272e+10,4.981560064e+10
29.837,112,112,53,9.957277696e+10,4.981560064e+10
30.038,112,112,53,9.95622912e+10,4.981560064e+10
30.239,112,112,53,9.9555999744e+10,4.981560064e+10
30.440,112,112,53,9.9537125376e+10,4.981560064e+10
30.641,112,112,53,9.9518251008e+10,4.981560064e+10
30.842,112,112,53,9.9501473792e+10,4.981560064e+10
31.043,112,112,53,9.946267648e+10,4.981560064e+10
31.244,112,112,53,9.94050048e+10,4.981560064e+10
31.445,112,112,53,9.923723264e+10,4.981560064e+10
31.646,112,112,53,9.891217408e+10,4.981560064e+10
31.848,112,112,53,9.8690924544e+10,4.981560064e+10
32.049,112,112,53,9.8480160768e+10,4.981560064e+10
32.250,112,112,53,9.8043953152e+10,4.981560064e+10
32.451,112,112,53,9.7739866112e+10,4.981560064e+10
32.652,112,112,53,9.7458847744e+10,4.981560064e+10
32.853,112,112,53,9.7243889664e+10,4.981560064e+10
33.053,112,112,53,9.682550784e+10,4.981560064e+10
33.254,112,112,53,9.6606355456e+10,4.981560064e+10
33.455,112,112,53,9.6333725696e+10,4.981560064e+10
33.656,112,112,53,9.6088358912e+10,4.981560064e+10
33.857,112,112,53,9.5737085952e+10,4.981560064e+10
34.058,112,112,53,9.5447678976e+10,4.981560064e+10
34.259,112,112,53,9.5232720896e+10,4.981560064e+10
34.460,112,112,53,9.50796288e+10,4.981560064e+10
34.661,112,112,53,9.4746181632e+10,4.981560064e+10
34.862,112,112,53,9.444524032e+10,4.981560064e+10
35.063,112,112,53,9.4274322432e+10,4.981560064e+10
35.263,112,112,53,9.4105501696e+10,4.981560064e+10
35.464,112,112,53,9.3746888704e+10,4.981560064e+10
35.665,112,112,53,9.3605330944e+10,4.981560064e+10
35.866,112,112,53,9.3390372864e+10,4.981560064e+10
36.067,112,112,53,9.3217357824e+10,4.981560064e+10
36.268,112,112,53,9.2978282496e+10,4.981560064e+10
36.469,112,112,53,9.2810510336e+10,4.981560064e+10
36.670,112,112,53,9.2586115072e+10,4.981560064e+10
36.870,112,112,53,9.2396322816e+10,4.981560064e+10
37.071,112,112,53,9.2234842112e+10,4.981560064e+10
37.272,112,112,53,9.2045049856e+10,4.981560064e+10
37.473,112,112,53,9.1791294464e+10,4.981560064e+10
37.674,112,112,53,9.1641348096e+10,4.981560064e+10
37.875,112,112,53,9.144631296e+10,4.981560064e+10
38.077,112,112,53,9.1345649664e+10,4.981560064e+10
38.278,112,112,53,9.1154808832e+10,4.981560064e+10
38.479,112,112,53,9.096921088e+10,4.981560064e+10
38.680,112,112,53,9.0832896e+10,4.981560064e+10
38.881,112,112,53,9.0673512448e+10,4.981560064e+10
39.082,112,112,53,9.0484768768e+10,4.981560064e+10
39.284,112,112,53,9.0332725248e+10,4.981560064e+10
39.485,112,112,53,9.0239401984e+10,4.981560064e+10
39.686,112,112,53,9.0021298176e+10,4.981560064e+10
39.887,112,112,53,8.9872400384e+10,4.981560064e+10
40.088,112,112,53,8.975286272e+10,4.981560064e+10
40.289,112,112,53,8.9538953216e+10,4.981560064e+10
40.491,112,112,53,8.9460310016e+10,4.981560064e+10
40.692,112,112,53,8.9248497664e+10,4.981560064e+10
40.893,112,112,53,8.9163563008e+10,4.981560064e+10
41.094,112,112,53,8.9027248128e+10,4.981560064e+10
41.295,112,112,53,8.892448768e+10,4.981560064e+10
41.496,112,112,53,8.88143872e+10,4.981560064e+10
41.697,112,112,53,8.8664440832e+10,4.981560064e+10
41.898,112,112,53,8.8558534656e+10,4.981560064e+10
42.099,112,112,53,8.8446337024e+10,4.981560064e+10
42.300,112,112,53,8.829534208e+10,4.981560064e+10
42.501,112,112,53,8.8209358848e+10,4.981560064e+10
42.702,112,112,53,8.810135552e+10,4.981560064e+10
42.903,112,112,53,8.7924146176e+10,4.981560064e+10
43.104,112,112,53,8.7857037312e+10,4.981560064e+10
43.305,112,112,53,8.7767908352e+10,4.981560064e+10
43.506,112,112,53,8.7658856448e+10,4.981560064e+10
43.708,112,112,53,8.7556096e+10,4.981560064e+10
43.909,112,112,53,8.7442849792e+10,4.981560064e+10
44.110,112,112,53,8.7326457856e+10,4.981560064e+10
44.311,112,112,53,8.7224745984e+10,4.981560064e+10
44.512,112,112,53,8.701083648e+10,4.981560064e+10
44.713,112,112,53,8.6952116224e+10,4.981560064e+10
44.914,112,112,53,8.6834675712e+10,4.981560064e+10
45.115,112,112,53,8.667529216e+10,4.981560064e+10
45.317,112,112,53,8.6590357504e+10,4.981560064e+10
45.518,112,112,53,8.6454042624e+10,4.981560064e+10
45.719,112,112,53,8.637120512e+10,4.981560064e+10
45.920,112,112,53,8.6263201792e+10,4.981560064e+10
46.121,112,112,53,8.6142615552e+10,4.981560064e+10
46.322,112,112,53,8.6069215232e+10,4.981560064e+10
46.524,112,112,53,8.6008397824e+10,4.981560064e+10
46.725,112,112,53,8.5886763008e+10,4.981560064e+10
46.926,112,112,53,8.578924544e+10,4.981560064e+10
47.127,112,112,53,8.5699067904e+10,4.981560064e+10
47.328,112,112,53,8.5593161728e+10,4.981560064e+10
47.529,112,112,53,8.5412806656e+10,4.981560064e+10
47.731,112,112,53,8.5336260608e+10,4.981560064e+10
47.932,112,112,53,8.5276491776e+10,4.981560064e+10
48.133,112,112,53,8.520204288e+10,4.981560064e+10
48.334,112,112,53,8.5040562176e+10,4.981560064e+10
48.535,112,112,53,8.490319872e+10,4.981560064e+10
48.736,112,112,53,8.489795584e+10,4.981560064e+10
48.938,112,112,53,8.473542656e+10,4.981560064e+10
49.139,112,112,53,8.4655734784e+10,4.981560064e+10
49.340,112,112,53,8.4560314368e+10,4.981560064e+10
49.541,112,112,53,8.4492156928e+10,4.981560064e+10
49.742,112,112,53,8.4365279232e+10,4.981560064e+10
49.943,112,112,53,8.4323336192e+10,4.981560064e+10
50.144,112,112,53,8.4240498688e+10,4.981560064e+10
50.346,112,112,53,8.4149272576e+10,4.981560064e+10
50.547,112,112,53,8.4077969408e+10,4.981560064e+10
50.748,112,112,53,8.39122944e+10,4.981560064e+10
50.949,112,112,53,8.381792256e+10,4.981560064e+10
51.150,112,112,53,8.3751862272e+10,4.981560064e+10
51.351,112,112,53,8.3654344704e+10,4.981560064e+10
51.552,112,112,53,8.355053568e+10,4.981560064e+10
51.754,112,112,53,8.3354451968e+10,4.981560064e+10
51.955,112,112,53,8.3311460352e+10,4.981560064e+10
52.156,112,112,53,8.3223379968e+10,4.981560064e+10
52.357,112,112,53,8.3177242624e+10,4.981560064e+10
52.558,112,112,53,8.2961235968e+10,4.981560064e+10
52.759,112,112,53,8.2913001472e+10,4.981560064e+10
52.960,112,112,53,8.284274688e+10,4.981560064e+10
53.162,112,112,53,8.2736840704e+10,4.981560064e+10
53.363,112,112,53,8.2668683264e+10,4.981560064e+10
53.564,112,112,53,8.259633152e+10,4.981560064e+10
53.765,112,112,53,8.2410733568e+10,4.981560064e+10
53.966,112,112,53,8.2338381824e+10,4.981560064e+10
54.168,112,112,53,8.2283855872e+10,4.981560064e+10
54.369,112,112,53,8.2268127232e+10,4.981560064e+10
54.570,112,112,53,8.2128666624e+10,4.981560064e+10
54.772,112,112,53,8.2048974848e+10,4.981560064e+10
54.973,112,112,53,8.1897979904e+10,4.981560064e+10
55.175,112,112,53,8.1906368512e+10,4.981560064e+10
55.376,112,112,53,8.1871765504e+10,4.981560064e+10
55.578,112,112,53,8.1803608064e+10,4.981560064e+10
55.779,112,112,53,8.16316416e+10,4.981560064e+10
55.980,112,112,53,8.1510006784e+10,4.981560064e+10
56.181,112,112,53,8.1493229568e+10,4.981560064e+10
56.382,112,112,53,8.1472258048e+10,4.981560064e+10
56.584,112,112,53,8.1436606464e+10,4.981560064e+10
56.785,112,112,53,8.1288757248e+10,4.981560064e+10
56.987,112,112,53,8.1110499328e+10,4.981560064e+10
57.188,112,112,53,8.1118887936e+10,4.981560064e+10
57.389,112,112,53,8.1071702016e+10,4.981560064e+10
57.590,112,112,53,8.1011933184e+10,4.981560064e+10
57.791,112,112,53,8.0873521152e+10,4.981560064e+10
57.992,112,112,53,8.0800120832e+10,4.981560064e+10
58.194,112,112,53,8.0733011968e+10,4.981560064e+10
58.395,112,112,53,8.0679534592e+10,4.981560064e+10
58.596,112,112,53,8.0639688704e+10,4.981560064e+10
58.797,112,112,53,8.0497082368e+10,4.981560064e+10
58.999,112,112,53,8.0450945024e+10,4.981560064e+10
59.200,112,112,53,8.0402710528e+10,4.981560064e+10
59.401,112,112,53,8.0349233152e+10,4.981560064e+10
59.602,112,112,53,8.0287367168e+10,4.981560064e+10
59.804,112,112,53,8.0218161152e+10,4.981560064e+10
60.005,112,112,53,8.0131129344e+10,4.981560064e+10
60.206,112,112,53,8.0101769216e+10,4.981560064e+10
60.407,112,112,53,8.0054583296e+10,4.981560064e+10
60.608,112,112,53,7.9970697216e+10,4.981560064e+10
60.809,112,112,53,7.9850110976e+10,4.981560064e+10
61.011,112,112,53,7.980711936e+10,4.981560064e+10
61.212,112,112,53,7.9784050688e+10,4.981560064e+10
61.414,112,112,53,7.9701213184e+10,4.981560064e+10
61.615,112,112,53,7.9668707328e+10,4.981560064e+10
61.816,112,112,53,7.9615229952e+10,4.981560064e+10
62.017,112,112,53,7.9491497984e+10,4.981560064e+10
62.218,112,112,53,7.939293184e+10,4.981560064e+10
62.419,112,112,53,7.9364620288e+10,4.981560064e+10
62.620,112,112,53,7.9354134528e+10,4.981560064e+10
62.821,112,112,53,7.9300657152e+10,4.981560064e+10
63.023,112,112,53,7.9184265216e+10,4.981560064e+10
63.224,112,112,53,7.9144419328e+10,4.981560064e+10
63.425,112,112,53,7.9069970432e+10,4.981560064e+10
63.626,112,112,53,7.900495872e+10,4.981560064e+10
63.828,112,112,53,7.8992375808e+10,4.981560064e+10
64.029,112,112,53,7.8949384192e+10,4.981560064e+10
64.230,112,112,53,7.8802583552e+10,4.981560064e+10
64.432,112,112,53,7.8730231808e+10,4.981560064e+10
64.633,112,112,53,7.8634811392e+10,4.981560064e+10
64.834,112,112,53,7.86694144e+10,4.981560064e+10
65.036,112,112,53,7.8621179904e+10,4.981560064e+10
65.237,112,112,53,7.8576091136e+10,4.981560064e+10
65.438,112,112,53,7.8489059328e+10,4.981560064e+10
65.639,112,112,53,7.8398881792e+10,4.981560064e+10
65.841,112,112,53,7.8314995712e+10,4.981560064e+10
66.042,112,112,53,7.8282489856e+10,4.981560064e+10
66.243,112,112,53,7.8251032576e+10,4.981560064e+10
66.444,112,112,53,7.8224818176e+10,4.981560064e+10
66.645,112,112,53,7.821328384e+10,4.981560064e+10
66.846,112,112,53,7.8088503296e+10,4.981560064e+10
67.048,112,112,53,7.796686848e+10,4.981560064e+10
67.249,112,112,53,7.7943799808e+10,4.981560064e+10
67.450,112,112,53,7.7889273856e+10,4.981560064e+10
67.651,112,112,53,7.7854670848e+10,4.981560064e+10
67.852,112,112,53,7.7842087936e+10,4.981560064e+10
68.053,112,112,53,7.7812727808e+10,4.981560064e+10
68.254,112,112,53,7.7727793152e+10,4.981560064e+10
68.455,112,112,53,7.770472448e+10,4.981560064e+10
68.656,112,112,53,7.7590429696e+10,4.981560064e+10
68.857,112,112,53,7.7548486656e+10,4.981560064e+10
69.058,112,112,53,7.7487669248e+10,4.981560064e+10
69.259,112,112,53,7.7457260544e+10,4.981560064e+10
69.460,112,112,53,7.7439434752e+10,4.981560064e+10
69.662,112,112,53,7.7392248832e+10,4.981560064e+10
69.863,112,112,53,7.729053696e+10,4.981560064e+10
70.065,112,112,53,7.7261176832e+10,4.981560064e+10
70.266,112,112,53,7.7216088064e+10,4.981560064e+10
70.468,112,112,53,7.7137444864e+10,4.981560064e+10
70.669,112,112,53,7.7078724608e+10,4.981560064e+10
70.870,112,112,53,7.7074530304e+10,4.981560064e+10
71.072,112,112,53,7.6982255616e+10,4.981560064e+10
71.273,112,112,53,7.6930875392e+10,4.981560064e+10
71.474,112,112,53,7.6867960832e+10,4.981560064e+10
71.676,112,112,53,7.6768346112e+10,4.981560064e+10
71.878,112,112,53,7.6789317632e+10,4.981560064e+10
72.079,112,112,53,7.6743180288e+10,4.981560064e+10
72.281,112,112,53,7.6673974272e+10,4.981560064e+10
72.482,112,112,53,7.6543950848e+10,4.981560064e+10
72.684,112,112,53,7.6517736448e+10,4.981560064e+10
72.885,112,112,53,7.6454821888e+10,4.981560064e+10
73.087,112,112,53,7.64411904e+10,4.981560064e+10
73.288,112,112,53,7.6386664448e+10,4.981560064e+10
73.489,112,112,53,7.6318507008e+10,4.981560064e+10
73.691,112,112,53,7.6288098304e+10,4.981560064e+10
73.892,112,112,53,7.6256641024e+10,4.981560064e+10
74.094,112,112,53,7.6181143552e+10,4.981560064e+10
74.295,112,112,53,7.6172754944e+10,4.981560064e+10
74.496,112,112,53,7.6117180416e+10,4.981560064e+10
74.697,112,112,53,7.6080480256e+10,4.981560064e+10
74.899,112,112,53,7.5999739904e+10,4.981560064e+10
75.100,112,112,53,7.5947311104e+10,4.981560064e+10
75.301,112,112,53,7.59169024e+10,4.981560064e+10
75.502,112,112,53,7.5855036416e+10,4.981560064e+10
75.703,112,112,53,7.5821481984e+10,4.981560064e+10
75.904,112,112,53,7.579107328e+10,4.981560064e+10
76.105,112,112,53,7.5753324544e+10,4.981560064e+10
76.307,112,112,53,7.568621568e+10,4.981560064e+10
76.508,112,112,53,7.5615961088e+10,4.981560064e+10
76.710,112,112,53,7.5580309504e+10,4.981560064e+10
76.911,112,112,53,7.551320064e+10,4.981560064e+10
77.112,112,112,53,7.5464966144e+10,4.981560064e+10
77.313,112,112,53,7.5447140352e+10,4.981560064e+10
77.514,112,112,53,7.5412537344e+10,4.981560064e+10
77.715,112,112,53,7.5389468672e+10,4.981560064e+10
77.916,112,112,53,7.533494272e+10,4.981560064e+10
78.117,112,112,53,7.5283562496e+10,4.981560064e+10
78.318,112,112,53,7.5184996352e+10,4.981560064e+10
78.519,112,112,53,7.5147247616e+10,4.981560064e+10
78.720,112,112,53,7.5115790336e+10,4.981560064e+10
78.921,112,112,53,7.508852736e+10,4.981560064e+10
79.123,112,112,53,7.5058118656e+10,4.981560064e+10
79.324,112,112,53,7.503609856e+10,4.981560064e+10
79.525,112,112,53,7.4912366592e+10,4.981560064e+10
79.726,112,112,53,7.4898735104e+10,4.981560064e+10
79.927,112,112,53,7.4842112e+10,4.981560064e+10
80.128,112,112,53,7.482114048e+10,4.981560064e+10
80.329,112,112,53,7.480016896e+10,4.981560064e+10
80.530,112,112,53,7.4740400128e+10,4.981560064e+10
80.731,112,112,53,7.4706845696e+10,4.981560064e+10
80.933,112,112,53,7.4617716736e+10,4.981560064e+10
81.134,112,112,53,7.4596745216e+10,4.981560064e+10
81.335,112,112,53,7.4529636352e+10,4.981560064e+10
81.537,112,112,53,7.4489790464e+10,4.981560064e+10
81.738,112,112,53,7.4450993152e+10,4.981560064e+10
81.939,112,112,53,7.4424778752e+10,4.981560064e+10
82.140,112,112,53,7.432306688e+10,4.981560064e+10
82.342,112,112,53,7.4308386816e+10,4.981560064e+10
82.543,112,112,53,7.42653952e+10,4.981560064e+10
82.744,112,112,53,7.4242326528e+10,4.981560064e+10
82.945,112,112,53,7.4194092032e+10,4.981560064e+10
83.146,112,112,53,7.414480896e+10,4.981560064e+10
83.347,112,112,53,7.4135371776e+10,4.981560064e+10
83.548,112,112,53,7.4083991552e+10,4.981560064e+10
83.749,112,112,53,7.4014785536e+10,4.981560064e+10
83.950,112,112,53,7.3978085376e+10,4.981560064e+10
84.151,112,112,53,7.396130816e+10,4.981560064e+10
84.352,112,112,53,7.3932996608e+10,4.981560064e+10
84.553,112,112,53,7.386693632e+10,4.981560064e+10
84.754,112,112,53,7.3888956416e+10,4.981560064e+10
84.955,112,112,53,7.3838624768e+10,4.981560064e+10
85.157,112,112,53,7.3769418752e+10,4.981560064e+10
85.358,112,112,53,7.3644638208e+10,4.981560064e+10
85.560,112,112,53,7.3614229504e+10,4.981560064e+10
85.761,112,112,53,7.3616326656e+10,4.981560064e+10
85.962,112,112,53,7.3580675072e+10,4.981560064e+10
86.163,112,112,53,7.3538732032e+10,4.981560064e+10
86.364,112,112,53,7.3518809088e+10,4.981560064e+10
86.565,112,112,53,7.349469184e+10,4.981560064e+10
86.766,112,112,53,7.3427582976e+10,4.981560064e+10
86.967,112,112,53,7.3366765568e+10,4.981560064e+10
87.168,112,112,53,7.3314336768e+10,4.981560064e+10
87.369,112,112,53,7.3308045312e+10,4.981560064e+10
87.570,112,112,53,7.326400512e+10,4.981560064e+10
87.771,112,112,53,7.3226256384e+10,4.981560064e+10
87.972,112,112,53,7.3179070464e+10,4.981560064e+10
88.174,112,112,53,7.3168584704e+10,4.981560064e+10
88.375,112,112,53,7.3128738816e+10,4.981560064e+10
88.576,112,112,53,7.3036464128e+10,4.981560064e+10
88.778,112,112,53,7.2993472512e+10,4.981560064e+10
88.979,112,112,53,7.2942092288e+10,4.981560064e+10
89.181,112,112,53,7.2883372032e+10,4.981560064e+10
89.382,112,112,53,7.2888614912e+10,4.981560064e+10
89.583,112,112,53,7.287078912e+10,4.981560064e+10
89.785,112,112,53,7.2811020288e+10,4.981560064e+10
89.986,112,112,53,7.275020288e+10,4.981560064e+10
90.188,112,112,53,7.2707211264e+10,4.981560064e+10
90.389,112,112,53,7.2664219648e+10,4.981560064e+10
90.591,112,112,53,7.2604450816e+10,4.981560064e+10
90.792,112,112,53,7.2576139264e+10,4.981560064e+10
90.993,112,112,53,7.2565653504e+10,4.981560064e+10
91.195,112,112,53,7.2548876288e+10,4.981560064e+10
91.396,112,112,53,7.251951616e+10,4.981560064e+10
91.597,112,112,53,7.248805888e+10,4.981560064e+10
91.799,112,112,53,7.2441921536e+10,4.981560064e+10
92.000,112,112,53,7.2403124224e+10,4.981560064e+10
92.202,112,112,53,7.230455808e+10,4.981560064e+10
92.403,112,112,53,7.2256323584e+10,4.981560064e+10
92.605,112,112,53,7.2237449216e+10,4.981560064e+10
92.806,112,112,53,7.223640064e+10,4.981560064e+10
93.007,112,112,53,7.223640064e+10,4.981560064e+10
93.209,112,112,53,7.2122105856e+10,4.981560064e+10
93.410,112,112,53,7.2075968512e+10,4.981560064e+10
93.611,112,112,53,7.2012005376e+10,4.981560064e+10
93.813,112,112,53,7.1964819456e+10,4.981560064e+10
94.014,112,112,53,7.194279936e+10,4.981560064e+10
94.215,112,112,53,7.1939653632e+10,4.981560064e+10
94.417,112,112,53,7.1919730688e+10,4.981560064e+10
94.618,112,112,53,7.1875690496e+10,4.981560064e+10
94.819,112,112,53,7.1818018816e+10,4.981560064e+10
95.021,112,112,53,7.1747764224e+10,4.981560064e+10
95.222,112,112,53,7.168589824e+10,4.981560064e+10
95.423,112,112,53,7.1642906624e+10,4.981560064e+10
95.625,112,112,53,7.1657586688e+10,4.981560064e+10
95.826,112,112,53,7.162822656e+10,4.981560064e+10
96.027,112,112,53,7.1605157888e+10,4.981560064e+10
96.229,112,112,53,7.1588380672e+10,4.981560064e+10
96.430,112,112,53,7.149715456e+10,4.981560064e+10
96.631,112,112,53,7.14604544e+10,4.981560064e+10
96.833,112,112,53,7.1437385728e+10,4.981560064e+10
97.034,112,112,53,7.1419559936e+10,4.981560064e+10
97.235,112,112,53,7.141326848e+10,4.981560064e+10
97.437,112,112,53,7.1367131136e+10,4.981560064e+10
97.638,112,112,53,7.1306313728e+10,4.981560064e+10
97.839,112,112,53,7.1279050752e+10,4.981560064e+10
98.041,112,112,53,7.119306752e+10,4.981560064e+10
98.242,112,112,53,7.1159513088e+10,4.981560064e+10
98.443,112,112,53,7.1143784448e+10,4.981560064e+10
98.645,112,112,53,7.1150075904e+10,4.981560064e+10
98.846,112,112,53,7.1127007232e+10,4.981560064e+10
99.047,112,112,53,7.1089258496e+10,4.981560064e+10
99.249,112,112,53,7.1005372416e+10,4.981560064e+10
99.450,112,112,53,7.0991740928e+10,4.981560064e+10
99.651,112,112,53,7.0927777792e+10,4.981560064e+10
99.853,112,112,53,7.0907854848e+10,4.981560064e+10
100.054,112,112,53,7.087849472e+10,4.981560064e+10
100.255,112,112,53,7.0856474624e+10,4.981560064e+10
100.456,112,112,53,7.0834454528e+10,4.981560064e+10
100.658,112,112,53,7.0808240128e+10,4.981560064e+10
100.859,112,112,53,7.076315136e+10,4.981560064e+10
101.060,112,112,53,7.0714916864e+10,4.981560064e+10
101.262,112,112,53,7.0659342336e+10,4.981560064e+10
101.463,112,112,53,7.0606913536e+10,4.981560064e+10
101.665,112,112,53,7.0561824768e+10,4.981560064e+10
101.866,112,112,53,7.0568116224e+10,4.981560064e+10
102.067,112,112,53,7.0549241856e+10,4.981560064e+10
102.269,112,112,53,7.052197888e+10,4.981560064e+10
102.470,112,112,53,7.0487375872e+10,4.981560064e+10
102.671,112,112,53,7.0437044224e+10,4.981560064e+10
102.873,112,112,53,7.0330089472e+10,4.981560064e+10
103.074,112,112,53,7.030177792e+10,4.981560064e+10
103.276,112,112,53,7.0290243584e+10,4.981560064e+10
103.477,112,112,53,7.026507776e+10,4.981560064e+10
103.678,112,112,53,7.0258786304e+10,4.981560064e+10
103.880,112,112,53,7.0204260352e+10,4.981560064e+10
104.082,112,112,53,7.0176997376e+10,4.981560064e+10
104.283,112,112,53,7.0152880128e+10,4.981560064e+10
104.485,112,112,53,7.0053265408e+10,4.981560064e+10
104.686,112,112,53,7.0046973952e+10,4.981560064e+10
104.887,112,112,53,7.0036488192e+10,4.981560064e+10
105.089,112,112,53,7.0016565248e+10,4.981560064e+10
105.290,112,112,53,6.998196224e+10,4.981560064e+10
105.491,112,112,53,6.9967282176e+10,4.981560064e+10
105.692,112,112,53,6.992429056e+10,4.981560064e+10
105.893,112,112,53,6.986661888e+10,4.981560064e+10
106.094,112,112,53,6.9825724416e+10,4.981560064e+10
106.296,112,112,53,6.9791121408e+10,4.981560064e+10
106.497,112,112,53,6.9785878528e+10,4.981560064e+10
106.698,112,112,53,6.9768052736e+10,4.981560064e+10
106.899,112,112,53,6.9752324096e+10,4.981560064e+10
107.100,112,112,53,6.9707235328e+10,4.981560064e+10
107.301,112,112,53,6.9666340864e+10,4.981560064e+10
107.503,112,112,53,6.9574066176e+10,4.981560064e+10
107.704,112,112,53,6.9543657472e+10,4.981560064e+10
107.905,112,112,53,6.9530025984e+10,4.981560064e+10
108.106,112,112,53,6.9508005888e+10,4.981560064e+10
108.307,112,112,53,6.9511151616e+10,4.981560064e+10
108.508,112,112,53,6.949961728e+10,4.981560064e+10
108.709,112,112,53,6.945767424e+10,4.981560064e+10
108.910,112,112,53,6.9393711104e+10,4.981560064e+10
109.111,112,112,53,6.9374836736e+10,4.981560064e+10
109.312,112,112,53,6.93633024e+10,4.981560064e+10
109.513,112,112,53,6.925320192e+10,4.981560064e+10
109.714,112,112,53,6.9231181824e+10,4.981560064e+10
109.916,112,112,53,6.92584448e+10,4.981560064e+10
110.117,112,112,53,6.924795904e+10,4.981560064e+10
110.318,112,112,53,6.9170364416e+10,4.981560064e+10
110.519,112,112,53,6.9131567104e+10,4.981560064e+10
110.720,112,112,53,6.9096964096e+10,4.981560064e+10
110.921,112,112,53,6.9035098112e+10,4.981560064e+10
111.122,112,112,53,6.8982669312e+10,4.981560064e+10
111.323,112,112,53,6.90225152e+10,4.981560064e+10
111.524,112,112,53,6.8955406336e+10,4.981560064e+10
111.725,112,112,53,6.8913463296e+10,4.981560064e+10
111.926,112,112,53,6.8872568832e+10,4.981560064e+10
112.127,112,112,53,6.8850548736e+10,4.981560064e+10
112.328,112,112,53,6.8820140032e+10,4.981560064e+10
112.529,112,112,53,6.8731011072e+10,4.981560064e+10
112.730,112,112,53,6.8694310912e+10,4.981560064e+10
112.931,112,112,53,6.8696408064e+10,4.981560064e+10
113.132,112,112,53,6.8663902208e+10,4.981560064e+10
113.334,112,112,53,6.8642930688e+10,4.981560064e+10
113.535,112,112,53,6.8604133376e+10,4.981560064e+10
113.736,112,112,53,6.8573724672e+10,4.981560064e+10
113.937,112,112,53,6.854017024e+10,4.981560064e+10
114.138,112,112,53,6.849298432e+10,4.981560064e+10
114.339,112,112,53,6.8449992704e+10,4.981560064e+10
114.540,112,112,53,6.8420632576e+10,4.981560064e+10
114.741,112,112,53,6.8387078144e+10,4.981560064e+10
114.942,112,112,53,6.8399661056e+10,4.981560064e+10
115.143,112,112,53,6.83933696e+10,4.981560064e+10
115.344,112,112,53,6.8292706304e+10,4.981560064e+10
115.545,112,112,53,6.8258103296e+10,4.981560064e+10
115.746,112,112,53,6.8206723072e+10,4.981560064e+10
115.948,112,112,53,6.8190994432e+10,4.981560064e+10
116.149,112,112,53,6.8122836992e+10,4.981560064e+10
116.350,112,112,53,6.8149051392e+10,4.981560064e+10
116.551,112,112,53,6.8121788416e+10,4.981560064e+10
116.752,112,112,53,6.8074602496e+10,4.981560064e+10
116.953,112,112,53,6.7998056448e+10,4.981560064e+10
117.155,112,112,53,6.795821056e+10,4.981560064e+10
117.356,112,112,53,6.795296768e+10,4.981560064e+10
117.557,112,112,53,6.788481024e+10,4.981560064e+10
117.758,112,112,53,6.7877470208e+10,4.981560064e+10
117.959,112,112,53,6.7855450112e+10,4.981560064e+10
118.160,112,112,53,6.78166528e+10,4.981560064e+10
118.361,112,112,53,6.7803021312e+10,4.981560064e+10
118.562,112,112,53,6.7755835392e+10,4.981560064e+10
118.763,112,112,53,6.7709698048e+10,4.981560064e+10
118.965,112,112,53,6.7681386496e+10,4.981560064e+10
119.167,112,112,53,6.7645734912e+10,4.981560064e+10
119.368,112,112,53,6.760169472e+10,4.981560064e+10
119.569,112,112,53,6.7581771776e+10,4.981560064e+10
119.770,112,112,53,6.7525148672e+10,4.981560064e+10
119.971,112,112,53,6.7506274304e+10,4.981560064e+10
120.172,112,112,53,6.7479011328e+10,4.981560064e+10
120.373,112,112,53,6.7467476992e+10,4.981560064e+10
120.574,112,112,53,6.744440832e+10,4.981560064e+10
120.775,112,112,53,6.7359473664e+10,4.981560064e+10
120.976,112,112,53,6.733955072e+10,4.981560064e+10
121.177,112,112,53,6.7282927616e+10,4.981560064e+10
121.378,112,112,53,6.7273490432e+10,4.981560064e+10
121.580,112,112,53,6.7249373184e+10,4.981560064e+10
121.781,112,112,53,6.7220013056e+10,4.981560064e+10
121.982,112,112,53,6.716653568e+10,4.981560064e+10
122.183,112,112,53,6.7125641216e+10,4.981560064e+10
122.384,112,112,53,6.7105718272e+10,4.981560064e+10
122.585,112,112,53,6.7053289472e+10,4.981560064e+10
122.786,112,112,53,6.703546368e+10,4.981560064e+10
122.987,112,112,53,6.7032317952e+10,4.981560064e+10
123.188,112,112,53,6.7005054976e+10,4.981560064e+10
123.389,112,112,53,6.6943188992e+10,4.981560064e+10
123.591,112,112,53,6.6938994688e+10,4.981560064e+10
123.792,112,112,53,6.6879225856e+10,4.981560064e+10
123.993,112,112,53,6.6808971264e+10,4.981560064e+10
124.194,112,112,53,6.6856157184e+10,4.981560064e+10
124.395,112,112,53,6.6838331392e+10,4.981560064e+10
124.596,112,112,53,6.678380544e+10,4.981560064e+10
124.797,112,112,53,6.6748153856e+10,4.981560064e+10
124.998,112,112,53,6.6639101952e+10,4.981560064e+10
125.199,112,112,53,6.6644344832e+10,4.981560064e+10
125.400,112,112,53,6.6640150528e+10,4.981560064e+10
125.601,112,112,53,6.6604498944e+10,4.981560064e+10
125.802,112,112,53,6.6577235968e+10,4.981560064e+10
126.003,112,112,53,6.65321472e+10,4.981560064e+10
126.204,112,112,53,6.6510127104e+10,4.981560064e+10
126.405,112,112,53,6.6468184064e+10,4.981560064e+10
126.606,112,112,53,6.638534656e+10,4.981560064e+10
126.807,112,112,53,6.636961792e+10,4.981560064e+10
127.008,112,112,53,6.6379055104e+10,4.981560064e+10
127.209,112,112,53,6.6331869184e+10,4.981560064e+10
127.411,112,112,53,6.6326626304e+10,4.981560064e+10
127.612,112,112,53,6.6276294656e+10,4.981560064e+10
127.813,112,112,53,6.6235400192e+10,4.981560064e+10
128.014,112,112,53,6.619136e+10,4.981560064e+10
128.215,112,112,53,6.6173534208e+10,4.981560064e+10
128.416,112,112,53,6.61389312e+10,4.981560064e+10
128.617,112,112,53,6.6143125504e+10,4.981560064e+10
128.818,112,112,53,6.6139979776e+10,4.981560064e+10
129.019,112,112,53,6.6121105408e+10,4.981560064e+10
129.220,112,112,53,6.6057142272e+10,4.981560064e+10
129.422,112,112,53,6.6027782144e+10,4.981560064e+10
129.623,112,112,53,6.5987936256e+10,4.981560064e+10
129.824,112,112,53,6.5952284672e+10,4.981560064e+10
130.025,112,112,53,6.5938653184e+10,4.981560064e+10
130.226,112,112,53,6.5942847488e+10,4.981560064e+10
130.428,112,112,53,6.5920827392e+10,4.981560064e+10
130.629,112,112,53,6.5862107136e+10,4.981560064e+10
130.830,112,112,53,6.5833795584e+10,4.981560064e+10
131.031,112,112,53,6.5783463936e+10,4.981560064e+10
131.233,112,112,53,6.5722646528e+10,4.981560064e+10
131.434,112,112,53,6.5738375168e+10,4.981560064e+10
131.635,112,112,53,6.5744666624e+10,4.981560064e+10
131.836,112,112,53,6.5701675008e+10,4.981560064e+10
132.037,112,112,53,6.5676509184e+10,4.981560064e+10
132.238,112,112,53,6.5621983232e+10,4.981560064e+10
132.439,112,112,53,6.5594720256e+10,4.981560064e+10
132.640,112,112,53,6.5565360128e+10,4.981560064e+10
132.841,112,112,53,6.5537048576e+10,4.981560064e+10
133.042,112,112,53,6.547832832e+10,4.981560064e+10
133.244,112,112,53,6.549405696e+10,4.981560064e+10
133.445,112,112,53,6.5463648256e+10,4.981560064e+10
133.646,112,112,53,6.5417510912e+10,4.981560064e+10
133.847,112,112,53,6.5391296512e+10,4.981560064e+10
134.048,112,112,53,6.5354596352e+10,4.981560064e+10
134.249,112,112,53,6.5325236224e+10,4.981560064e+10
134.450,112,112,53,6.530531328e+10,4.981560064e+10
134.651,112,112,53,6.5285390336e+10,4.981560064e+10
134.852,112,112,53,6.5267564544e+10,4.981560064e+10
135.053,112,112,53,6.5236107264e+10,4.981560064e+10
135.255,112,112,53,6.5209892864e+10,4.981560064e+10
135.457,112,112,53,6.518472704e+10,4.981560064e+10
135.658,112,112,53,6.513229824e+10,4.981560064e+10
135.860,112,112,53,6.510084096e+10,4.981560064e+10
136.061,112,112,53,6.5063092224e+10,4.981560064e+10
136.262,112,112,53,6.5051557888e+10,4.981560064e+10
136.464,112,112,53,6.5038974976e+10,4.981560064e+10
136.665,112,112,53,6.4984449024e+10,4.981560064e+10
136.867,112,112,53,6.495404032e+10,4.981560064e+10
137.068,112,112,53,6.493831168e+10,4.981560064e+10
137.270,112,112,53,6.4899514368e+10,4.981560064e+10
137.471,112,112,53,6.4865959936e+10,4.981560064e+10
137.673,112,112,53,6.4852328448e+10,4.981560064e+10
137.874,112,112,53,6.4811433984e+10,4.981560064e+10
138.076,112,112,53,6.4784171008e+10,4.981560064e+10
138.277,112,112,53,6.4727547904e+10,4.981560064e+10
138.479,112,112,53,6.472859648e+10,4.981560064e+10
138.680,112,112,53,6.468665344e+10,4.981560064e+10
138.882,112,112,53,6.4659390464e+10,4.981560064e+10
139.083,112,112,53,6.4625836032e+10,4.981560064e+10
139.284,112,112,53,6.4520978432e+10,4.981560064e+10
139.486,112,112,53,6.4538804224e+10,4.981560064e+10
139.687,112,112,53,6.450839552e+10,4.981560064e+10
139.889,112,112,53,6.450315264e+10,4.981560064e+10
140.090,112,112,53,6.4481132544e+10,4.981560064e+10
140.292,112,112,53,6.4385712128e+10,4.981560064e+10
140.494,112,112,53,6.4400392192e+10,4.981560064e+10
140.695,112,112,53,6.4355303424e+10,4.981560064e+10
140.897,112,112,53,6.4334331904e+10,4.981560064e+10
141.098,112,112,53,6.433538048e+10,4.981560064e+10
141.300,112,112,53,6.4325943296e+10,4.981560064e+10
141.502,112,112,53,6.4289243136e+10,4.981560064e+10
141.703,112,112,53,6.422528e+10,4.981560064e+10
141.905,112,112,53,6.4156073984e+10,4.981560064e+10
142.106,112,112,53,6.4142442496e+10,4.981560064e+10
142.308,112,112,53,6.415187968e+10,4.981560064e+10
142.509,112,112,53,6.4131956736e+10,4.981560064e+10
142.711,112,112,53,6.408372224e+10,4.981560064e+10
142.912,112,112,53,6.403653632e+10,4.981560064e+10
143.114,112,112,53,6.397886464e+10,4.981560064e+10
143.315,112,112,53,6.3955795968e+10,4.981560064e+10
143.517,112,112,53,6.3943213056e+10,4.981560064e+10
143.718,112,112,53,6.392643584e+10,4.981560064e+10
143.920,112,112,53,6.3908610048e+10,4.981560064e+10
144.121,112,112,53,6.3880298496e+10,4.981560064e+10
144.322,112,112,53,6.3856181248e+10,4.981560064e+10
144.524,112,112,53,6.3813189632e+10,4.981560064e+10
144.725,112,112,53,6.3773343744e+10,4.981560064e+10
144.927,112,112,53,6.3761809408e+10,4.981560064e+10
145.129,112,112,53,6.370623488e+10,4.981560064e+10
145.330,112,112,53,6.3704137728e+10,4.981560064e+10
145.532,112,112,53,6.3662194688e+10,4.981560064e+10
145.733,112,112,53,6.3618154496e+10,4.981560064e+10
145.935,112,112,53,6.35437056e+10,4.981560064e+10
146.136,112,112,53,6.3561531392e+10,4.981560064e+10
146.338,112,112,53,6.355419136e+10,4.981560064e+10
146.539,112,112,53,6.3514345472e+10,4.981560064e+10
146.741,112,112,53,6.3462965248e+10,4.981560064e+10
146.942,112,112,53,6.3418925056e+10,4.981560064e+10
147.144,112,112,53,6.3383273472e+10,4.981560064e+10
147.345,112,112,53,6.3351816192e+10,4.981560064e+10
147.547,112,112,53,6.3352864768e+10,4.981560064e+10
147.748,112,112,53,6.3309873152e+10,4.981560064e+10
147.949,112,112,53,6.3296241664e+10,4.981560064e+10
148.151,112,112,53,6.3263735808e+10,4.981560064e+10
148.352,112,112,53,6.3210258432e+10,4.981560064e+10
148.554,112,112,53,6.3148392448e+10,4.981560064e+10
148.755,112,112,53,6.314000384e+10,4.981560064e+10
148.957,112,112,53,6.3115886592e+10,4.981560064e+10
149.159,112,112,53,6.3141052416e+10,4.981560064e+10
149.360,112,112,53,6.3110643712e+10,4.981560064e+10
149.562,112,112,53,6.3069749248e+10,4.981560064e+10
149.763,112,112,53,6.302990336e+10,4.981560064e+10
149.965,112,112,53,6.2939725824e+10,4.981560064e+10
150.166,112,112,53,6.2927142912e+10,4.981560064e+10
150.368,112,112,53,6.2906171392e+10,4.981560064e+10
150.569,112,112,53,6.2910365696e+10,4.981560064e+10
150.770,112,112,53,6.2885199872e+10,4.981560064e+10
150.972,112,112,53,6.2865276928e+10,4.981560064e+10
151.173,112,112,53,6.2760419328e+10,4.981560064e+10
151.375,112,112,53,6.2735253504e+10,4.981560064e+10
151.576,112,112,53,6.2713233408e+10,4.981560064e+10
151.778,112,112,53,6.2730010624e+10,4.981560064e+10
151.979,112,112,53,6.27310592e+10,4.981560064e+10
152.180,112,112,53,6.2692261888e+10,4.981560064e+10
152.382,112,112,53,6.2635638784e+10,4.981560064e+10
152.583,112,112,53,6.2576918528e+10,4.981560064e+10
152.785,112,112,53,6.253707264e+10,4.981560064e+10
152.986,112,112,53,6.2511906816e+10,4.981560064e+10
153.188,112,112,53,6.2519246848e+10,4.981560064e+10
153.389,112,112,53,6.2523441152e+10,4.981560064e+10
153.591,112,112,53,6.2450040832e+10,4.981560064e+10
153.792,112,112,53,6.240075776e+10,4.981560064e+10
153.994,112,112,53,6.2326308864e+10,4.981560064e+10
154.196,112,112,53,6.2349377536e+10,4.981560064e+10
154.397,112,112,53,6.2370349056e+10,4.981560064e+10
154.598,112,112,53,6.233260032e+10,4.981560064e+10
154.800,112,112,53,6.230638592e+10,4.981560064e+10
155.001,112,112,53,6.2272831488e+10,4.981560064e+10
155.203,112,112,53,6.218579968e+10,4.981560064e+10
155.404,112,112,53,6.2165876736e+10,4.981560064e+10
155.606,112,112,53,6.2166925312e+10,4.981560064e+10
155.807,112,112,53,6.2155390976e+10,4.981560064e+10
156.009,112,112,53,6.2127079424e+10,4.981560064e+10
156.210,112,112,53,6.2111350784e+10,4.981560064e+10
156.411,112,112,53,6.2056824832e+10,4.981560064e+10
156.613,112,112,53,6.204424192e+10,4.981560064e+10
156.814,112,112,53,6.206521344e+10,4.981560064e+10
157.016,112,112,53,6.2013833216e+10,4.981560064e+10
157.217,112,112,53,6.1969793024e+10,4.981560064e+10
157.419,112,112,53,6.1950918656e+10,4.981560064e+10
157.620,112,112,53,6.1900587008e+10,4.981560064e+10
157.821,112,112,53,6.1847109632e+10,4.981560064e+10
158.023,112,112,53,6.1851303936e+10,4.981560064e+10
158.224,112,112,53,6.1816700928e+10,4.981560064e+10
158.425,112,112,53,6.1772660736e+10,4.981560064e+10
158.627,112,112,53,6.174015488e+10,4.981560064e+10
158.828,112,112,53,6.1710794752e+10,4.981560064e+10
159.030,112,112,53,6.168772608e+10,4.981560064e+10
159.232,112,112,53,6.1678288896e+10,4.981560064e+10
159.433,112,112,53,6.1674094592e+10,4.981560064e+10
159.635,112,112,53,6.1595451392e+10,4.981560064e+10
159.836,112,112,53,6.1560848384e+10,4.981560064e+10
160.037,112,112,53,6.1558751232e+10,4.981560064e+10
160.239,112,112,53,6.1522051072e+10,4.981560064e+10
160.440,112,112,53,6.1491642368e+10,4.981560064e+10
160.642,112,112,53,6.146228224e+10,4.981560064e+10
160.843,112,112,53,6.1432922112e+10,4.981560064e+10
161.044,112,112,53,6.1422436352e+10,4.981560064e+10
161.246,112,112,53,6.1359521792e+10,4.981560064e+10
161.447,112,112,53,6.1370007552e+10,4.981560064e+10
161.648,112,112,53,6.1340647424e+10,4.981560064e+10
161.850,112,112,53,6.129451008e+10,4.981560064e+10
162.051,112,112,53,6.1267247104e+10,4.981560064e+10
162.252,112,112,53,6.1265149952e+10,4.981560064e+10
162.454,112,112,53,6.1182312448e+10,4.981560064e+10
162.655,112,112,53,6.122110976e+10,4.981560064e+10
162.857,112,112,53,6.1227401216e+10,4.981560064e+10
163.058,112,112,53,6.1125689344e+10,4.981560064e+10
163.259,112,112,53,6.1097377792e+10,4.981560064e+10
163.461,112,112,53,6.1082697728e+10,4.981560064e+10
163.662,112,112,53,6.1050191872e+10,4.981560064e+10
163.863,112,112,53,6.1025026048e+10,4.981560064e+10
164.065,112,112,53,6.0987277312e+10,4.981560064e+10
164.266,112,112,53,6.0949528576e+10,4.981560064e+10
164.468,112,112,53,6.090129408e+10,4.981560064e+10
164.669,112,112,53,6.086459392e+10,4.981560064e+10
164.870,112,112,53,6.0883468288e+10,4.981560064e+10
165.072,112,112,53,6.086459392e+10,4.981560064e+10
165.273,112,112,53,6.0834185216e+10,4.981560064e+10
165.475,112,112,53,6.080692224e+10,4.981560064e+10
165.676,112,112,53,6.0751347712e+10,4.981560064e+10
165.878,112,112,53,6.0678995968e+10,4.981560064e+10
166.079,112,112,53,6.0714647552e+10,4.981560064e+10
166.281,112,112,53,6.0689481728e+10,4.981560064e+10
166.482,112,112,53,6.0692627456e+10,4.981560064e+10
166.684,112,112,53,6.0658024448e+10,4.981560064e+10
166.885,112,112,53,6.0625518592e+10,4.981560064e+10
167.087,112,112,53,6.0559458304e+10,4.981560064e+10
167.288,112,112,53,6.0501786624e+10,4.981560064e+10
167.490,112,112,53,6.0531146752e+10,4.981560064e+10
167.691,112,112,53,6.051332096e+10,4.981560064e+10
167.893,112,112,53,6.0499689472e+10,4.981560064e+10
168.094,112,112,53,6.0475572224e+10,4.981560064e+10
168.295,112,112,53,6.0427337728e+10,4.981560064e+10
168.497,112,112,53,6.0338208768e+10,4.981560064e+10
168.698,112,112,53,6.032982016e+10,4.981560064e+10
168.900,112,112,53,6.0331917312e+10,4.981560064e+10
169.101,112,112,53,6.029836288e+10,4.981560064e+10
169.302,112,112,53,6.028263424e+10,4.981560064e+10
169.504,112,112,53,6.0212379648e+10,4.981560064e+10
169.706,112,112,53,6.0208185344e+10,4.981560064e+10
169.907,112,112,53,6.0166242304e+10,4.981560064e+10
170.108,112,112,53,6.017253376e+10,4.981560064e+10
170.310,112,112,53,6.010437632e+10,4.981560064e+10
170.511,112,112,53,6.0071870464e+10,4.981560064e+10
170.712,112,112,53,6.0061384704e+10,4.981560064e+10
170.914,112,112,53,6.002049024e+10,4.981560064e+10
171.115,112,112,53,5.9981692928e+10,4.981560064e+10
171.317,112,112,53,5.9969110016e+10,4.981560064e+10
171.518,112,112,53,5.9911438336e+10,4.981560064e+10
171.719,112,112,53,5.9943944192e+10,4.981560064e+10
171.921,112,112,53,5.9916681216e+10,4.981560064e+10
172.122,112,112,53,5.9845378048e+10,4.981560064e+10
172.324,112,112,53,5.9820212224e+10,4.981560064e+10
172.525,112,112,53,5.9840135168e+10,4.981560064e+10
172.727,112,112,53,5.982650368e+10,4.981560064e+10
172.928,112,112,53,5.9748909056e+10,4.981560064e+10
173.129,112,112,53,5.971116032e+10,4.981560064e+10
173.331,112,112,53,5.9641954304e+10,4.981560064e+10
173.533,112,112,53,5.9680751616e+10,4.981560064e+10
173.734,112,112,53,5.9661877248e+10,4.981560064e+10
173.935,112,112,53,5.9625177088e+10,4.981560064e+10
174.137,112,112,53,5.960630272e+10,4.981560064e+10
174.338,112,112,53,5.9528708096e+10,4.981560064e+10
174.540,112,112,53,5.94804736e+10,4.981560064e+10
174.742,112,112,53,5.9526610944e+10,4.981560064e+10
174.943,112,112,53,5.9453210624e+10,4.981560064e+10
175.144,112,112,53,5.9479425024e+10,4.981560064e+10
175.346,112,112,53,5.9434336256e+10,4.981560064e+10
175.547,112,112,53,5.9351498752e+10,4.981560064e+10
175.749,112,112,53,5.9341012992e+10,4.981560064e+10
175.950,112,112,53,5.9327381504e+10,4.981560064e+10
176.152,112,112,53,5.9330527232e+10,4.981560064e+10
176.353,112,112,53,5.928648704e+10,4.981560064e+10
176.555,112,112,53,5.9244544e+10,4.981560064e+10
176.756,112,112,53,5.9224621056e+10,4.981560064e+10
176.958,112,112,53,5.9209940992e+10,4.981560064e+10
177.159,112,112,53,5.9193163776e+10,4.981560064e+10
177.361,112,112,53,5.9154366464e+10,4.981560064e+10
177.562,112,112,53,5.9101937664e+10,4.981560064e+10
177.764,112,112,53,5.9062091776e+10,4.981560064e+10
177.965,112,112,53,5.9065237504e+10,4.981560064e+10
178.167,112,112,53,5.9015954432e+10,4.981560064e+10
178.368,112,112,53,5.897191424e+10,4.981560064e+10
178.569,112,112,53,5.8938359808e+10,4.981560064e+10
178.771,112,112,53,5.8968768512e+10,4.981560064e+10
178.972,112,112,53,5.8912145408e+10,4.981560064e+10
179.174,112,112,53,5.8907951104e+10,4.981560064e+10
179.375,112,112,53,5.8859716608e+10,4.981560064e+10
179.577,112,112,53,5.880414208e+10,4.981560064e+10
179.778,112,112,53,5.875695616e+10,4.981560064e+10
179.980,112,112,53,5.8810433536e+10,4.981560064e+10
180.182,112,112,53,5.8770587648e+10,4.981560064e+10
180.383,112,112,53,5.871501312e+10,4.981560064e+10
180.585,112,112,53,5.8713964544e+10,4.981560064e+10
180.786,112,112,53,5.868355584e+10,4.981560064e+10
180.988,112,112,53,5.8603864064e+10,4.981560064e+10
181.189,112,112,53,5.8590232576e+10,4.981560064e+10
181.391,112,112,53,5.861015552e+10,4.981560064e+10
181.592,112,112,53,5.8611204096e+10,4.981560064e+10
181.794,112,112,53,5.8555629568e+10,4.981560064e+10
181.995,112,112,53,5.8508443648e+10,4.981560064e+10
182.197,112,112,53,5.8465452032e+10,4.981560064e+10
182.398,112,112,53,5.8397294592e+10,4.981560064e+10
182.600,112,112,53,5.84056832e+10,4.981560064e+10
182.801,112,112,53,5.8469646336e+10,4.981560064e+10
183.003,112,112,53,5.8428751872e+10,4.981560064e+10
183.205,112,112,53,5.8364788736e+10,4.981560064e+10
183.406,112,112,53,5.825888256e+10,4.981560064e+10
183.608,112,112,53,5.82746112e+10,4.981560064e+10
183.809,112,112,53,5.8275659776e+10,4.981560064e+10
184.011,112,112,53,5.8309214208e+10,4.981560064e+10
184.212,112,112,53,5.8200162304e+10,4.981560064e+10
184.414,112,112,53,5.8146684928e+10,4.981560064e+10
184.615,112,112,53,5.8083770368e+10,4.981560064e+10
184.817,112,112,53,5.8136199168e+10,4.981560064e+10
185.018,112,112,53,5.8130956288e+10,4.981560064e+10
185.220,112,112,53,5.8165559296e+10,4.981560064e+10
185.422,112,112,53,5.8048118784e+10,4.981560064e+10
185.623,112,112,53,5.7997787136e+10,4.981560064e+10
185.824,112,112,53,5.7983107072e+10,4.981560064e+10
186.026,112,112,53,5.799149568e+10,4.981560064e+10
186.228,112,112,53,5.7989398528e+10,4.981560064e+10
186.429,112,112,53,5.7926483968e+10,4.981560064e+10
186.630,112,112,53,5.7882443776e+10,4.981560064e+10
186.832,112,112,53,5.7874055168e+10,4.981560064e+10
187.033,112,112,53,5.7837355008e+10,4.981560064e+10
187.234,112,112,53,5.7817432064e+10,4.981560064e+10
187.436,112,112,53,5.7783877632e+10,4.981560064e+10
187.637,112,112,53,5.7753468928e+10,4.981560064e+10
187.839,112,112,53,5.7749274624e+10,4.981560064e+10
188.040,112,112,53,5.7758711808e+10,4.981560064e+10
188.242,112,112,53,5.7723060224e+10,4.981560064e+10
188.443,112,112,53,5.7686360064e+10,4.981560064e+10
188.645,112,112,53,5.7622396928e+10,4.981560064e+10
188.846,112,112,53,5.759827968e+10,4.981560064e+10
189.047,112,112,53,5.7633931264e+10,4.981560064e+10
189.249,112,112,53,5.7584648192e+10,4.981560064e+10
189.450,112,112,53,5.7521733632e+10,4.981560064e+10
189.651,112,112,53,5.7453576192e+10,4.981560064e+10
189.852,112,112,53,5.743050752e+10,4.981560064e+10
190.054,112,112,53,5.7449381888e+10,4.981560064e+10
190.255,112,112,53,5.74357504e+10,4.981560064e+10
190.457,112,112,53,5.7418973184e+10,4.981560064e+10
190.658,112,112,53,5.7384370176e+10,4.981560064e+10
190.859,112,112,53,5.73308928e+10,4.981560064e+10
191.060,112,112,53,5.7326698496e+10,4.981560064e+10
191.262,112,112,53,5.7259589632e+10,4.981560064e+10
191.463,112,112,53,5.7242812416e+10,4.981560064e+10
191.664,112,112,53,5.7245958144e+10,4.981560064e+10
191.865,112,112,53,5.7237569536e+10,4.981560064e+10
192.066,112,112,53,5.7207160832e+10,4.981560064e+10
192.267,112,112,53,5.718933504e+10,4.981560064e+10
192.468,112,112,53,5.7070845952e+10,4.981560064e+10
192.669,112,112,53,5.7113837568e+10,4.981560064e+10
192.871,112,112,53,5.7118031872e+10,4.981560064e+10
193.072,112,112,53,5.7102303232e+10,4.981560064e+10
193.273,112,112,53,5.7049874432e+10,4.981560064e+10
193.474,112,112,53,5.699534848e+10,4.981560064e+10
193.675,112,112,53,5.7007931392e+10,4.981560064e+10
193.876,112,112,53,5.7015271424e+10,4.981560064e+10
194.077,112,112,53,5.6968085504e+10,4.981560064e+10
194.278,112,112,53,5.6928239616e+10,4.981560064e+10
194.479,112,112,53,5.690621952e+10,4.981560064e+10
194.681,112,112,53,5.6889442304e+10,4.981560064e+10
194.882,112,112,53,5.6898879488e+10,4.981560064e+10
195.083,112,112,53,5.6867422208e+10,4.981560064e+10
195.284,112,112,53,5.6807653376e+10,4.981560064e+10
195.486,112,112,53,5.6765710336e+10,4.981560064e+10
195.687,112,112,53,5.6741593088e+10,4.981560064e+10
195.888,112,112,53,5.6745787392e+10,4.981560064e+10
196.089,112,112,53,5.672271872e+10,4.981560064e+10
196.290,112,112,53,5.6713281536e+10,4.981560064e+10
196.492,112,112,53,5.663883264e+10,4.981560064e+10
196.693,112,112,53,5.6646172672e+10,4.981560064e+10
196.894,112,112,53,5.6630444032e+10,4.981560064e+10
197.095,112,112,53,5.663358976e+10,4.981560064e+10
197.296,112,112,53,5.6618909696e+10,4.981560064e+10
197.498,112,112,53,5.661261824e+10,4.981560064e+10
197.699,112,112,53,5.6500420608e+10,4.981560064e+10
197.900,112,112,53,5.6503566336e+10,4.981560064e+10
198.101,112,112,53,5.6490983424e+10,4.981560064e+10
198.303,112,112,53,5.6468963328e+10,4.981560064e+10
198.504,112,112,53,5.6433311744e+10,4.981560064e+10
198.705,112,112,53,5.6416534528e+10,4.981560064e+10
198.906,112,112,53,5.6405000192e+10,4.981560064e+10
199.107,112,112,53,5.6386125824e+10,4.981560064e+10
199.309,112,112,53,5.6354668544e+10,4.981560064e+10
199.510,112,112,53,5.6286511104e+10,4.981560064e+10
199.712,112,112,53,5.6259248128e+10,4.981560064e+10
199.913,112,112,53,5.6290705408e+10,4.981560064e+10
200.114,112,112,53,5.6262393856e+10,4.981560064e+10
200.316,112,112,53,5.62036736e+10,4.981560064e+10
200.517,112,112,53,5.6228839424e+10,4.981560064e+10
200.718,112,112,53,5.6142856192e+10,4.981560064e+10
200.920,112,112,53,5.6136564736e+10,4.981560064e+10
201.121,112,112,53,5.6153341952e+10,4.981560064e+10
201.322,112,112,53,5.6110350336e+10,4.981560064e+10
201.524,112,112,53,5.6065261568e+10,4.981560064e+10
201.725,112,112,53,5.5977181184e+10,4.981560064e+10
201.926,112,112,53,5.5987666944e+10,4.981560064e+10
202.128,112,112,53,5.5995006976e+10,4.981560064e+10
202.329,112,112,53,5.5992909824e+10,4.981560064e+10
202.530,112,112,53,5.5929995264e+10,4.981560064e+10
202.732,112,112,53,5.5870226432e+10,4.981560064e+10
202.933,112,112,53,5.587861504e+10,4.981560064e+10
203.134,112,112,53,5.5866032128e+10,4.981560064e+10
203.336,112,112,53,5.5867080704e+10,4.981560064e+10
203.537,112,112,53,5.5837720576e+10,4.981560064e+10
203.739,112,112,53,5.5743348736e+10,4.981560064e+10
203.940,112,112,53,5.5754883072e+10,4.981560064e+10
204.141,112,112,53,5.5741251584e+10,4.981560064e+10
204.343,112,112,53,5.5698259968e+10,4.981560064e+10
204.544,112,112,53,5.5729717248e+10,4.981560064e+10
204.746,112,112,53,5.5623811072e+10,4.981560064e+10
204.947,112,112,53,5.5639539712e+10,4.981560064e+10
205.149,112,112,53,5.5580819456e+10,4.981560064e+10
205.350,112,112,53,5.5562993664e+10,4.981560064e+10
205.551,112,112,53,5.5533633536e+10,4.981560064e+10
205.753,112,112,53,5.5539924992e+10,4.981560064e+10
205.954,112,112,53,5.5492739072e+10,4.981560064e+10
206.156,112,112,53,5.5523147776e+10,4.981560064e+10
206.357,112,112,53,5.54696704e+10,4.981560064e+10
206.559,112,112,53,5.5413047296e+10,4.981560064e+10
206.760,112,112,53,5.5435067392e+10,4.981560064e+10
206.962,112,112,53,5.5431921664e+10,4.981560064e+10
207.163,112,112,53,5.5440310272e+10,4.981560064e+10
207.364,112,112,53,5.5358521344e+10,4.981560064e+10
207.565,112,112,53,5.5289315328e+10,4.981560064e+10
207.767,112,112,53,5.529141248e+10,4.981560064e+10
207.968,112,112,53,5.5329161216e+10,4.981560064e+10
208.169,112,112,53,5.529141248e+10,4.981560064e+10
208.371,112,112,53,5.5211720704e+10,4.981560064e+10
208.572,112,112,53,5.5216963584e+10,4.981560064e+10
208.774,112,112,53,5.5185506304e+10,4.981560064e+10
208.975,112,112,53,5.5171874816e+10,4.981560064e+10
209.177,112,112,53,5.5166631936e+10,4.981560064e+10
209.378,112,112,53,5.5136223232e+10,4.981560064e+10
209.580,112,112,53,5.5104765952e+10,4.981560064e+10
209.781,112,112,53,5.5052337152e+10,4.981560064e+10
209.982,112,112,53,5.5042899968e+10,4.981560064e+10
210.184,112,112,53,5.5042899968e+10,4.981560064e+10
210.385,112,112,53,5.50240256e+10,4.981560064e+10
210.587,112,112,53,5.4968451072e+10,4.981560064e+10
210.789,112,112,53,5.496111104e+10,4.981560064e+10
210.991,112,112,53,5.4931750912e+10,4.981560064e+10
211.192,112,112,53,5.4962159616e+10,4.981560064e+10
211.393,112,112,53,5.4901342208e+10,4.981560064e+10
211.595,112,112,53,5.4880370688e+10,4.981560064e+10
211.796,112,112,53,5.4888759296e+10,4.981560064e+10
211.998,112,112,53,5.4827941888e+10,4.981560064e+10
212.199,112,112,53,5.4843670528e+10,4.981560064e+10
212.401,112,112,53,5.479858176e+10,4.981560064e+10
212.602,112,112,53,5.4797533184e+10,4.981560064e+10
212.804,112,112,53,5.4783901696e+10,4.981560064e+10
213.005,112,112,53,5.472518144e+10,4.981560064e+10
213.207,112,112,53,5.4718889984e+10,4.981560064e+10
213.408,112,112,53,5.4706307072e+10,4.981560064e+10
213.610,112,112,53,5.4702112768e+10,4.981560064e+10
213.811,112,112,53,5.4692675584e+10,4.981560064e+10
214.013,112,112,53,5.466750976e+10,4.981560064e+10
214.214,112,112,53,5.4618226688e+10,4.981560064e+10
214.416,112,112,53,5.465178112e+10,4.981560064e+10
214.617,112,112,53,5.4617178112e+10,4.981560064e+10
214.818,112,112,53,5.4607740928e+10,4.981560064e+10
215.019,112,112,53,5.4568943616e+10,4.981560064e+10
215.220,112,112,53,5.4534340608e+10,4.981560064e+10
215.422,112,112,53,5.4537486336e+10,4.981560064e+10
215.623,112,112,53,5.4550069248e+10,4.981560064e+10
215.824,112,112,53,5.4517563392e+10,4.981560064e+10
216.025,112,112,53,5.4506029056e+10,4.981560064e+10
216.226,112,112,53,5.4453600256e+10,4.981560064e+10
216.428,112,112,53,5.4444163072e+10,4.981560064e+10
216.629,112,112,53,5.4428434432e+10,4.981560064e+10
216.831,112,112,53,5.440012288e+10,4.981560064e+10
217.032,112,112,53,5.4382297088e+10,4.981560064e+10
217.233,112,112,53,5.4376005632e+10,4.981560064e+10
217.435,112,112,53,5.4325673984e+10,4.981560064e+10
217.636,112,112,53,5.432147968e+10,4.981560064e+10
217.837,112,112,53,5.4328819712e+10,4.981560064e+10
218.038,112,112,53,5.4308896768e+10,4.981560064e+10
218.239,112,112,53,5.428477952e+10,4.981560064e+10
218.440,112,112,53,5.425856512e+10,4.981560064e+10
218.641,112,112,53,5.4240739328e+10,4.981560064e+10
218.842,112,112,53,5.4247030784e+10,4.981560064e+10
219.044,112,112,53,5.41851648e+10,4.981560064e+10
219.245,112,112,53,5.421662208e+10,4.981560064e+10
219.446,112,112,53,5.4199844864e+10,4.981560064e+10
219.648,112,112,53,5.417467904e+10,4.981560064e+10
219.849,112,112,53,5.415370752e+10,4.981560064e+10
220.050,112,112,53,5.4107570176e+10,4.981560064e+10
220.251,112,112,53,5.411176448e+10,4.981560064e+10
220.453,112,112,53,5.4105473024e+10,4.981560064e+10
220.654,112,112,53,5.4109667328e+10,4.981560064e+10
220.856,112,112,53,5.4070870016e+10,4.981560064e+10
221.057,112,112,53,5.4044655616e+10,4.981560064e+10
221.259,112,112,53,5.3998518272e+10,4.981560064e+10
221.461,112,112,53,5.3981741056e+10,4.981560064e+10
221.663,112,112,53,5.3971255296e+10,4.981560064e+10
221.864,112,112,53,5.3958672384e+10,4.981560064e+10
222.066,112,112,53,5.3994323968e+10,4.981560064e+10
222.267,112,112,53,5.393874944e+10,4.981560064e+10
222.469,112,112,53,5.3899952128e+10,4.981560064e+10
222.670,112,112,53,5.3887369216e+10,4.981560064e+10
222.872,112,112,53,5.3871640576e+10,4.981560064e+10
223.073,112,112,53,5.3835988992e+10,4.981560064e+10
223.275,112,112,53,5.3837037568e+10,4.981560064e+10
223.476,112,112,53,5.3811871744e+10,4.981560064e+10
223.678,112,112,53,5.3737422848e+10,4.981560064e+10
223.879,112,112,53,5.3742665728e+10,4.981560064e+10
224.080,112,112,53,5.376049152e+10,4.981560064e+10
224.282,112,112,53,5.3720645632e+10,4.981560064e+10
224.483,112,112,53,5.3719597056e+10,4.981560064e+10
224.684,112,112,53,5.3714354176e+10,4.981560064e+10
224.886,112,112,53,5.368184832e+10,4.981560064e+10
225.087,112,112,53,5.3664022528e+10,4.981560064e+10
225.289,112,112,53,5.3679751168e+10,4.981560064e+10
225.490,112,112,53,5.3644099584e+10,4.981560064e+10
225.691,112,112,53,5.3647245312e+10,4.981560064e+10
225.892,112,112,53,5.3635710976e+10,4.981560064e+10
226.094,112,112,53,5.356126208e+10,4.981560064e+10
226.295,112,112,53,5.3553922048e+10,4.981560064e+10
226.497,112,112,53,5.3536096256e+10,4.981560064e+10
226.698,112,112,53,5.3502541824e+10,4.981560064e+10
226.899,112,112,53,5.3554970624e+10,4.981560064e+10
227.100,112,112,53,5.349310464e+10,4.981560064e+10
227.302,112,112,53,5.3441724416e+10,4.981560064e+10
227.503,112,112,53,5.3460598784e+10,4.981560064e+10
227.705,112,112,53,5.3452210176e+10,4.981560064e+10
227.906,112,112,53,5.341970432e+10,4.981560064e+10
228.107,112,112,53,5.340397568e+10,4.981560064e+10
228.309,112,112,53,5.3376712704e+10,4.981560064e+10
228.510,112,112,53,5.3347352576e+10,4.981560064e+10
228.711,112,112,53,5.3321138176e+10,4.981560064e+10
228.913,112,112,53,5.3326381056e+10,4.981560064e+10
229.114,112,112,53,5.3337915392e+10,4.981560064e+10
229.315,112,112,53,5.3297020928e+10,4.981560064e+10
229.517,112,112,53,5.3282340864e+10,4.981560064e+10
229.718,112,112,53,5.3234106368e+10,4.981560064e+10
229.919,112,112,53,5.3239349248e+10,4.981560064e+10
230.120,112,112,53,5.3197406208e+10,4.981560064e+10
230.321,112,112,53,5.323096064e+10,4.981560064e+10
230.522,112,112,53,5.31890176e+10,4.981560064e+10
230.724,112,112,53,5.3158608896e+10,4.981560064e+10
230.925,112,112,53,5.3169094656e+10,4.981560064e+10
231.127,112,112,53,5.3158608896e+10,4.981560064e+10
231.328,112,112,53,5.3132394496e+10,4.981560064e+10
231.529,112,112,53,5.311561728e+10,4.981560064e+10
231.731,112,112,53,5.3122957312e+10,4.981560064e+10
231.932,112,112,53,5.3090451456e+10,4.981560064e+10
232.134,112,112,53,5.3054799872e+10,4.981560064e+10
232.335,112,112,53,5.3018099712e+10,4.981560064e+10
232.537,112,112,53,5.30055168e+10,4.981560064e+10
232.738,112,112,53,5.3028585472e+10,4.981560064e+10
232.939,112,112,53,5.3029634048e+10,4.981560064e+10
233.140,112,112,53,5.3029634048e+10,4.981560064e+10
233.342,112,112,53,5.3002371072e+10,4.981560064e+10
233.543,112,112,53,5.298978816e+10,4.981560064e+10
233.745,112,112,53,5.2927922176e+10,4.981560064e+10
233.946,112,112,53,5.2901707776e+10,4.981560064e+10
234.148,112,112,53,5.2913242112e+10,4.981560064e+10
234.349,112,112,53,5.292163072e+10,4.981560064e+10
234.550,112,112,53,5.2904853504e+10,4.981560064e+10
234.752,112,112,53,5.2927922176e+10,4.981560064e+10
234.953,112,112,53,5.2906950656e+10,4.981560064e+10
235.154,112,112,53,5.2831453184e+10,4.981560064e+10
235.356,112,112,53,5.283250176e+10,4.981560064e+10
235.557,112,112,53,5.2797898752e+10,4.981560064e+10
235.759,112,112,53,5.280104448e+10,4.981560064e+10
235.960,112,112,53,5.2817821696e+10,4.981560064e+10
236.162,112,112,53,5.2789510144e+10,4.981560064e+10
236.363,112,112,53,5.2746518528e+10,4.981560064e+10
236.565,112,112,53,5.2714012672e+10,4.981560064e+10
236.766,112,112,53,5.27171584e+10,4.981560064e+10
236.968,112,112,53,5.2704575488e+10,4.981560064e+10
237.169,112,112,53,5.2698284032e+10,4.981560064e+10
237.371,112,112,53,5.271191552e+10,4.981560064e+10
237.572,112,112,53,5.2728692736e+10,4.981560064e+10
237.774,112,112,53,5.2688846848e+10,4.981560064e+10
237.975,112,112,53,5.2639563776e+10,4.981560064e+10
238.177,112,112,53,5.2629078016e+10,4.981560064e+10
238.378,112,112,53,5.263327232e+10,4.981560064e+10
238.580,112,112,53,5.2609155072e+10,4.981560064e+10
238.781,112,112,53,5.2598669312e+10,4.981560064e+10
238.982,112,112,53,5.2629078016e+10,4.981560064e+10
239.184,112,112,53,5.260705792e+10,4.981560064e+10
239.385,112,112,53,5.2539949056e+10,4.981560064e+10
239.587,112,112,53,5.257035776e+10,4.981560064e+10
239.789,112,112,53,5.2527366144e+10,4.981560064e+10
239.990,112,112,53,5.250220032e+10,4.981560064e+10
240.192,112,112,53,5.2480180224e+10,4.981560064e+10
240.393,112,112,53,5.2477034496e+10,4.981560064e+10
240.594,112,112,53,5.2499054592e+10,4.981560064e+10
240.796,112,112,53,5.2510588928e+10,4.981560064e+10
240.997,112,112,53,5.2461305856e+10,4.981560064e+10
241.198,112,112,53,5.24550144e+10,4.981560064e+10
241.400,112,112,53,5.243928576e+10,4.981560064e+10
241.601,112,112,53,5.2442431488e+10,4.981560064e+10
241.803,112,112,53,5.2405731328e+10,4.981560064e+10
242.004,112,112,53,5.2361691136e+10,4.981560064e+10
242.206,112,112,53,5.236588544e+10,4.981560064e+10
242.407,112,112,53,5.2383711232e+10,4.981560064e+10
242.608,112,112,53,5.2384759808e+10,4.981560064e+10
242.810,112,112,53,5.2349108224e+10,4.981560064e+10
243.011,112,112,53,5.233442816e+10,4.981560064e+10
243.212,112,112,53,5.2332331008e+10,4.981560064e+10
243.414,112,112,53,5.2312408064e+10,4.981560064e+10
243.615,112,112,53,5.2249493504e+10,4.981560064e+10
243.816,112,112,53,5.2279902208e+10,4.981560064e+10
244.018,112,112,53,5.2247396352e+10,4.981560064e+10
244.219,112,112,53,5.2262076416e+10,4.981560064e+10
244.421,112,112,53,5.2257882112e+10,4.981560064e+10
244.622,112,112,53,5.222432768e+10,4.981560064e+10
244.824,112,112,53,5.2231667712e+10,4.981560064e+10
245.025,112,112,53,5.2227473408e+10,4.981560064e+10
245.226,112,112,53,5.2178190336e+10,4.981560064e+10
245.428,112,112,53,5.217714176e+10,4.981560064e+10
245.629,112,112,53,5.2157218816e+10,4.981560064e+10
245.830,112,112,53,5.2167704576e+10,4.981560064e+10
246.032,112,112,53,5.2117372928e+10,4.981560064e+10
246.234,112,112,53,5.2118421504e+10,4.981560064e+10
246.435,112,112,53,5.2120518656e+10,4.981560064e+10
246.636,112,112,53,5.2096401408e+10,4.981560064e+10
246.837,112,112,53,5.210374144e+10,4.981560064e+10
247.038,112,112,53,5.208276992e+10,4.981560064e+10
247.239,112,112,53,5.207228416e+10,4.981560064e+10
247.440,112,112,53,5.2076478464e+10,4.981560064e+10
247.641,112,112,53,5.203034112e+10,4.981560064e+10
247.842,112,112,53,5.2026146816e+10,4.981560064e+10
248.043,112,112,53,5.1957989376e+10,4.981560064e+10
248.244,112,112,53,5.2008321024e+10,4.981560064e+10
248.445,112,112,53,5.1989446656e+10,4.981560064e+10
248.646,112,112,53,5.1986300928e+10,4.981560064e+10
248.847,112,112,53,5.194645504e+10,4.981560064e+10
249.048,112,112,53,5.1949600768e+10,4.981560064e+10
249.249,112,112,53,5.1902414848e+10,4.981560064e+10
249.450,112,112,53,5.1880394752e+10,4.981560064e+10
249.652,112,112,53,5.1896123392e+10,4.981560064e+10
249.853,112,112,53,5.189926912e+10,4.981560064e+10
250.055,112,112,53,5.1923386368e+10,4.981560064e+10
250.256,112,112,53,5.1907657728e+10,4.981560064e+10
250.457,112,112,53,5.1833208832e+10,4.981560064e+10
250.658,112,112,53,5.1840548864e+10,4.981560064e+10
250.860,112,112,53,5.1823771648e+10,4.981560064e+10
251.061,112,112,53,5.1803848704e+10,4.981560064e+10
251.262,112,112,53,5.1792314368e+10,4.981560064e+10
251.464,112,112,53,5.179441152e+10,4.981560064e+10
251.665,112,112,53,5.178916864e+10,4.981560064e+10
251.866,112,112,53,5.1772391424e+10,4.981560064e+10
252.067,112,112,53,5.1739885568e+10,4.981560064e+10
252.269,112,112,53,5.1737788416e+10,4.981560064e+10
252.470,112,112,53,5.1728351232e+10,4.981560064e+10
252.671,112,112,53,5.1686408192e+10,4.981560064e+10
252.872,112,112,53,5.1688505344e+10,4.981560064e+10
253.074,112,112,53,5.1662290944e+10,4.981560064e+10
253.275,112,112,53,5.167382528e+10,4.981560064e+10
253.476,112,112,53,5.1680116736e+10,4.981560064e+10
253.678,112,112,53,5.1633979392e+10,4.981560064e+10
253.879,112,112,53,5.160042496e+10,4.981560064e+10
254.080,112,112,53,5.1645513728e+10,4.981560064e+10
254.281,112,112,53,5.1636076544e+10,4.981560064e+10
254.483,112,112,53,5.1620347904e+10,4.981560064e+10
254.684,112,112,53,5.159518208e+10,4.981560064e+10
254.885,112,112,53,5.1601473536e+10,4.981560064e+10
255.087,112,112,53,5.1565821952e+10,4.981560064e+10
255.288,112,112,53,5.1590987776e+10,4.981560064e+10
255.489,112,112,53,5.155848192e+10,4.981560064e+10
255.691,112,112,53,5.152178176e+10,4.981560064e+10
255.892,112,112,53,5.1538558976e+10,4.981560064e+10
256.093,112,112,53,5.1524927488e+10,4.981560064e+10
256.295,112,112,53,5.1509198848e+10,4.981560064e+10
256.496,112,112,53,5.1507101696e+10,4.981560064e+10
256.697,112,112,53,5.1480887296e+10,4.981560064e+10
256.898,112,112,53,5.1503955968e+10,4.981560064e+10
257.099,112,112,53,5.143789568e+10,4.981560064e+10
257.300,112,112,53,5.144313856e+10,4.981560064e+10
257.501,112,112,53,5.1423215616e+10,4.981560064e+10
257.702,112,112,53,5.1417972736e+10,4.981560064e+10
257.904,112,112,53,5.1414827008e+10,4.981560064e+10
258.105,112,112,53,5.1463061504e+10,4.981560064e+10
258.306,112,112,53,5.142740992e+10,4.981560064e+10
258.508,112,112,53,5.1384418304e+10,4.981560064e+10
258.709,112,112,53,5.1350863872e+10,4.981560064e+10
258.910,112,112,53,5.1344572416e+10,4.981560064e+10
259.111,112,112,53,5.13540096e+10,4.981560064e+10
259.312,112,112,53,5.131730944e+10,4.981560064e+10
259.513,112,112,53,5.1329892352e+10,4.981560064e+10
259.714,112,112,53,5.1336183808e+10,4.981560064e+10
259.915,112,112,53,5.1356106752e+10,4.981560064e+10
260.116,112,112,53,5.1337232384e+10,4.981560064e+10
260.317,112,112,53,5.1287949312e+10,4.981560064e+10
260.518,112,112,53,5.1272220672e+10,4.981560064e+10
260.719,112,112,53,5.1241811968e+10,4.981560064e+10
260.920,112,112,53,5.123866624e+10,4.981560064e+10
261.121,112,112,53,5.11967232e+10,4.981560064e+10
261.323,112,112,53,5.1240763392e+10,4.981560064e+10
261.524,112,112,53,5.124390912e+10,4.981560064e+10
261.725,112,112,53,5.11967232e+10,4.981560064e+10
261.927,112,112,53,5.1172605952e+10,4.981560064e+10
262.128,112,112,53,5.1164217344e+10,4.981560064e+10
262.329,112,112,53,5.115478016e+10,4.981560064e+10
262.530,112,112,53,5.1150585856e+10,4.981560064e+10
262.731,112,112,53,5.1138002944e+10,4.981560064e+10
262.933,112,112,53,5.1121225728e+10,4.981560064e+10
263.134,112,112,53,5.1117031424e+10,4.981560064e+10
263.335,112,112,53,5.110235136e+10,4.981560064e+10
263.536,112,112,53,5.1088719872e+10,4.981560064e+10
263.738,112,112,53,5.1072991232e+10,4.981560064e+10
263.939,112,112,53,5.1080331264e+10,4.981560064e+10
264.140,112,112,53,5.1066699776e+10,4.981560064e+10
264.341,112,112,53,5.1050971136e+10,4.981560064e+10
264.542,112,112,53,5.1048873984e+10,4.981560064e+10
264.743,112,112,53,5.1066699776e+10,4.981560064e+10
264.944,112,112,53,5.102370816e+10,4.981560064e+10
265.145,112,112,53,5.0982813696e+10,4.981560064e+10
265.346,112,112,53,5.1016368128e+10,4.981560064e+10
265.547,112,112,53,5.1006930944e+10,4.981560064e+10
265.748,112,112,53,5.0972327936e+10,4.981560064e+10
265.949,112,112,53,5.0970230784e+10,4.981560064e+10
266.150,112,112,53,5.096603648e+10,4.981560064e+10
266.351,112,112,53,5.0974425088e+10,4.981560064e+10
266.552,112,112,53,5.0954502144e+10,4.981560064e+10
266.754,112,112,53,5.0925142016e+10,4.981560064e+10
266.955,112,112,53,5.0925142016e+10,4.981560064e+10
267.156,112,112,53,5.0895781888e+10,4.981560064e+10
267.357,112,112,53,5.090312192e+10,4.981560064e+10
267.558,112,112,53,5.087690752e+10,4.981560064e+10
267.759,112,112,53,5.0883198976e+10,4.981560064e+10
267.960,112,112,53,5.0888441856e+10,4.981560064e+10
268.162,112,112,53,5.089263616e+10,4.981560064e+10
268.363,112,112,53,5.0872713216e+10,4.981560064e+10
268.564,112,112,53,5.0806652928e+10,4.981560064e+10
268.765,112,112,53,5.0812944384e+10,4.981560064e+10
268.966,112,112,53,5.0775195648e+10,4.981560064e+10
269.167,112,112,53,5.0826575872e+10,4.981560064e+10
269.368,112,112,53,5.082447872e+10,4.981560064e+10
269.569,112,112,53,5.0820284416e+10,4.981560064e+10
269.770,112,112,53,5.0836013056e+10,4.981560064e+10
269.971,112,112,53,5.0811895808e+10,4.981560064e+10
270.173,112,112,53,5.0759467008e+10,4.981560064e+10
270.374,112,112,53,5.0742689792e+10,4.981560064e+10
270.575,112,112,53,5.0697601024e+10,4.981560064e+10
270.777,112,112,53,5.0695503872e+10,4.981560064e+10
270.978,112,112,53,5.0728009728e+10,4.981560064e+10
271.180,112,112,53,5.0753175552e+10,4.981560064e+10
271.381,112,112,53,5.0720669696e+10,4.981560064e+10
271.582,112,112,53,5.070913536e+10,4.981560064e+10
271.784,112,112,53,5.0705989632e+10,4.981560064e+10
271.985,112,112,53,5.068292096e+10,4.981560064e+10
272.187,112,112,53,5.0629443584e+10,4.981560064e+10
272.388,112,112,53,5.0587500544e+10,4.981560064e+10
272.590,112,112,53,5.0650415104e+10,4.981560064e+10
272.791,112,112,53,5.0652512256e+10,4.981560064e+10
272.992,112,112,53,5.0633637888e+10,4.981560064e+10
273.194,112,112,53,5.0616860672e+10,4.981560064e+10
273.395,112,112,53,5.0626297856e+10,4.981560064e+10
273.596,112,112,53,5.060952064e+10,4.981560064e+10
273.798,112,112,53,5.0547654656e+10,4.981560064e+10
273.999,112,112,53,5.054660608e+10,4.981560064e+10
274.200,112,112,53,5.0506760192e+10,4.981560064e+10
274.402,112,112,53,5.0540314624e+10,4.981560064e+10
274.603,112,112,53,5.0543460352e+10,4.981560064e+10
274.804,112,112,53,5.0568626176e+10,4.981560064e+10
275.005,112,112,53,5.055184896e+10,4.981560064e+10
275.207,112,112,53,5.0523537408e+10,4.981560064e+10
275.408,112,112,53,5.0500468736e+10,4.981560064e+10
275.609,112,112,53,5.0460622848e+10,4.981560064e+10
275.811,112,112,53,5.0413436928e+10,4.981560064e+10
276.012,112,112,53,5.0438602752e+10,4.981560064e+10
276.213,112,112,53,5.0413436928e+10,4.981560064e+10
276.415,112,112,53,5.0470060032e+10,4.981560064e+10
276.616,112,112,53,5.046796288e+10,4.981560064e+10
276.817,112,112,53,5.045223424e+10,4.981560064e+10
277.018,112,112,53,5.0435457024e+10,4.981560064e+10
277.219,112,112,53,5.0419728384e+10,4.981560064e+10
277.420,112,112,53,5.0381979648e+10,4.981560064e+10
277.621,112,112,53,5.0356813824e+10,4.981560064e+10
277.822,112,112,53,5.03578624e+10,4.981560064e+10
278.023,112,112,53,5.0337939456e+10,4.981560064e+10
278.224,112,112,53,5.037883392e+10,4.981560064e+10
278.425,112,112,53,5.0358910976e+10,4.981560064e+10
278.626,112,112,53,5.0387222528e+10,4.981560064e+10
278.827,112,112,53,5.0376736768e+10,4.981560064e+10
279.028,112,112,53,5.0340036608e+10,4.981560064e+10
279.229,112,112,53,5.0306482176e+10,4.981560064e+10
279.431,112,112,53,5.0283413504e+10,4.981560064e+10
279.632,112,112,53,5.0287607808e+10,4.981560064e+10
279.833,112,112,53,5.0240421888e+10,4.981560064e+10
280.034,112,112,53,5.0262441984e+10,4.981560064e+10
280.235,112,112,53,5.0286559232e+10,4.981560064e+10
280.436,112,112,53,5.0283413504e+10,4.981560064e+10
280.637,112,112,53,5.0259296256e+10,4.981560064e+10
280.838,112,112,53,5.023727616e+10,4.981560064e+10
281.039,112,112,53,5.0208964608e+10,4.981560064e+10
281.240,112,112,53,5.0227838976e+10,4.981560064e+10
281.441,112,112,53,5.0246713344e+10,4.981560064e+10
281.643,112,112,53,5.0176458752e+10,4.981560064e+10
281.844,112,112,53,5.0156535808e+10,4.981560064e+10
282.045,112,112,53,5.0149195776e+10,4.981560064e+10
282.247,112,112,53,5.0191138816e+10,4.981560064e+10
282.448,112,112,53,5.017960448e+10,4.981560064e+10
282.649,112,112,53,5.0164924416e+10,4.981560064e+10
282.850,112,112,53,5.0140807168e+10,4.981560064e+10
283.052,112,112,53,5.0139758592e+10,4.981560064e+10
283.253,112,112,53,5.0126127104e+10,4.981560064e+10
283.454,112,112,53,5.0120884224e+10,4.981560064e+10
283.655,112,112,53,5.0102009856e+10,4.981560064e+10
283.856,112,112,53,5.0087329792e+10,4.981560064e+10
284.057,112,112,53,5.0089426944e+10,4.981560064e+10
284.258,112,112,53,5.0094669824e+10,4.981560064e+10
284.459,112,112,53,5.0088378368e+10,4.981560064e+10
284.660,112,112,53,5.0088378368e+10,4.981560064e+10
284.861,112,112,53,5.0083135488e+10,4.981560064e+10
285.062,112,112,53,5.0025463808e+10,4.981560064e+10
285.263,112,112,53,5.0028609536e+10,4.981560064e+10
285.464,112,112,53,5.0028609536e+10,4.981560064e+10
285.665,112,112,53,5.0019172352e+10,4.981560064e+10
285.866,112,112,53,5.0013929472e+10,4.981560064e+10
286.067,112,112,53,5.0039095296e+10,4.981560064e+10
286.268,112,112,53,5.000658944e+10,4.981560064e+10
286.469,112,112,53,5.0044338176e+10,4.981560064e+10
286.670,112,112,53,5.0024415232e+10,4.981560064e+10
286.871,112,112,53,4.9989812224e+10,4.981560064e+10
287.072,112,112,53,4.9925849088e+10,4.981560064e+10
287.273,112,112,53,4.9930043392e+10,4.981560064e+10
287.475,112,112,53,4.995416064e+10,4.981560064e+10
287.676,112,112,53,4.9973035008e+10,4.981560064e+10
287.877,112,112,53,4.9942626304e+10,4.981560064e+10
288.078,112,112,53,4.9930043392e+10,4.981560064e+10
288.279,112,112,53,4.9940529152e+10,4.981560064e+10
288.480,112,112,53,4.9944723456e+10,4.981560064e+10
288.681,112,112,53,4.9900683264e+10,4.981560064e+10
288.882,112,112,53,4.9890197504e+10,4.981560064e+10
289.083,112,112,53,4.983881728e+10,4.981560064e+10
289.284,112,112,53,4.9847205888e+10,4.981560064e+10
289.485,112,112,53,4.9860837376e+10,4.981560064e+10
289.686,112,112,53,4.9867128832e+10,4.981560064e+10
289.887,112,112,53,4.9867128832e+10,4.981560064e+10
290.088,112,112,53,4.9841963008e+10,4.981560064e+10
290.289,112,112,53,4.9851400192e+10,4.981560064e+10
290.490,112,112,53,4.9831477248e+10,4.981560064e+10
290.691,112,112,53,4.9819942912e+10,4.981560064e+10
290.892,112,112,53,4.9811554304e+10,4.981560064e+10
291.093,112,112,53,4.9795825664e+10,4.981560064e+10
291.294,112,112,53,4.9763319808e+10,4.981560064e+10
291.495,112,112,53,4.977590272e+10,4.981560064e+10
291.696,112,112,53,4.979163136e+10,4.981560064e+10
291.897,112,112,53,4.9772756992e+10,4.981560064e+10
292.099,112,112,53,4.9742348288e+10,4.981560064e+10
292.300,112,112,53,4.9768562688e+10,4.981560064e+10
292.502,112,112,53,4.976017408e+10,4.981560064e+10
292.703,112,112,53,4.9777999872e+10,4.981560064e+10
292.905,112,112,53,4.977065984e+10,4.981560064e+10
293.106,112,112,53,4.9730813952e+10,4.981560064e+10
293.307,112,112,53,4.9685725184e+10,4.981560064e+10
293.509,112,112,53,4.9685725184e+10,4.981560064e+10
293.710,112,112,53,4.9668947968e+10,4.981560064e+10
293.911,112,112,53,4.9680482304e+10,4.981560064e+10
294.113,112,112,53,4.9698308096e+10,4.981560064e+10
294.314,112,112,53,4.9699356672e+10,4.981560064e+10
294.516,112,112,53,4.9722425344e+10,4.981560064e+10
294.717,112,112,53,4.9717182464e+10,4.981560064e+10
294.918,112,112,53,4.9703550976e+10,4.981560064e+10
295.120,112,112,53,4.9661607936e+10,4.981560064e+10
295.321,112,112,53,4.9637490688e+10,4.981560064e+10
295.523,112,112,53,4.9638539264e+10,4.981560064e+10
295.724,112,112,53,4.9603936256e+10,4.981560064e+10
295.926,112,112,53,4.9640636416e+10,4.981560064e+10
296.127,112,112,53,4.9656365056e+10,4.981560064e+10
296.328,112,112,53,4.9640636416e+10,4.981560064e+10
296.530,112,112,53,4.9620713472e+10,4.981560064e+10
296.731,112,112,53,4.9589256192e+10,4.981560064e+10
296.932,112,112,53,4.9588207616e+10,4.981560064e+10
297.134,112,112,53,4.9596596224e+10,4.981560064e+10
297.335,112,112,53,4.9596596224e+10,4.981560064e+10
297.536,112,112,53,4.956094464e+10,4.981560064e+10
297.738,112,112,53,4.956618752e+10,4.981560064e+10
297.940,112,112,53,4.9591353344e+10,4.981560064e+10
298.141,112,112,53,4.9572478976e+10,4.981560064e+10
298.342,112,112,53,4.958191616e+10,4.981560064e+10
298.544,112,112,53,4.9580867584e+10,4.981560064e+10
298.745,112,112,53,4.958715904e+10,4.981560064e+10
298.946,112,112,53,4.9567236096e+10,4.981560064e+10
299.148,112,112,53,4.955045888e+10,4.981560064e+10
299.349,112,112,53,4.9517953024e+10,4.981560064e+10
299.550,112,112,53,4.949803008e+10,4.981560064e+10
299.752,112,112,53,4.9509564416e+10,4.981560064e+10
299.953,112,112,53,4.9538924544e+10,4.981560064e+10
300.155,112,112,53,4.9502224384e+10,4.981560064e+10
300.356,112,112,53,4.9506418688e+10,4.981560064e+10
300.558,112,112,53,4.9525293056e+10,4.981560064e+10
300.759,112,112,53,4.9542070272e+10,4.981560064e+10
300.960,112,112,53,4.9526341632e+10,4.981560064e+10
301.162,112,112,53,4.9502224384e+10,4.981560064e+10
301.363,112,112,53,4.9467621376e+10,4.981560064e+10
301.564,112,112,53,4.9469718528e+10,4.981560064e+10
301.765,112,112,53,4.9459232768e+10,4.981560064e+10
301.967,112,112,53,4.946132992e+10,4.981560064e+10
302.168,112,112,53,4.945608704e+10,4.981560064e+10
302.369,112,112,53,4.9451892736e+10,4.981560064e+10
302.571,112,112,53,4.9430921216e+10,4.981560064e+10
302.772,112,112,53,4.9422532608e+10,4.981560064e+10
302.973,112,112,53,4.9427775488e+10,4.981560064e+10
303.175,112,112,53,4.9437212672e+10,4.981560064e+10
303.376,112,112,53,4.94665728e+10,4.981560064e+10
303.578,112,112,53,4.946132992e+10,4.981560064e+10
303.779,112,112,53,4.9417289728e+10,4.981560064e+10
303.980,112,112,53,4.9376395264e+10,4.981560064e+10
304.182,112,112,53,4.9380589568e+10,4.981560064e+10
304.383,112,112,53,4.9396318208e+10,4.981560064e+10
304.584,112,112,53,4.939317248e+10,4.981560064e+10
304.786,112,112,53,4.9352278016e+10,4.981560064e+10
304.987,112,112,53,4.9343889408e+10,4.981560064e+10
305.189,112,112,53,4.9342840832e+10,4.981560064e+10
305.390,112,112,53,4.9317675008e+10,4.981560064e+10
305.591,112,112,53,4.9364860928e+10,4.981560064e+10
305.793,112,112,53,4.9347035136e+10,4.981560064e+10
305.994,112,112,53,4.9358569472e+10,4.981560064e+10
306.195,112,112,53,4.9344937984e+10,4.981560064e+10
306.397,112,112,53,4.9328160768e+10,4.981560064e+10
306.598,112,112,53,4.9327112192e+10,4.981560064e+10
306.800,112,112,53,4.93355008e+10,4.981560064e+10
307.001,112,112,53,4.9278877696e+10,4.981560064e+10
307.202,112,112,53,4.9265246208e+10,4.981560064e+10
307.404,112,112,53,4.9260003328e+10,4.981560064e+10
307.606,112,112,53,4.9253711872e+10,4.981560064e+10
307.807,112,112,53,4.9275731968e+10,4.981560064e+10
308.009,112,112,53,4.9292509184e+10,4.981560064e+10
308.210,112,112,53,4.9280974848e+10,4.981560064e+10
308.412,112,112,53,4.9278877696e+10,4.981560064e+10
308.613,112,112,53,4.9280974848e+10,4.981560064e+10
308.815,112,112,53,4.92568576e+10,4.981560064e+10
309.016,112,112,53,4.9255809024e+10,4.981560064e+10
309.217,112,112,53,4.9242177536e+10,4.981560064e+10
309.419,112,112,53,4.9242177536e+10,4.981560064e+10
309.621,112,112,53,4.922540032e+10,4.981560064e+10
309.822,112,112,53,4.92044288e+10,4.981560064e+10
310.023,112,112,53,4.9189748736e+10,4.981560064e+10
310.225,112,112,53,4.9184505856e+10,4.981560064e+10
310.426,112,112,53,4.9181360128e+10,4.981560064e+10
310.627,112,112,53,4.9171922944e+10,4.981560064e+10
310.829,112,112,53,4.9176117248e+10,4.981560064e+10
311.030,112,112,53,4.9169825792e+10,4.981560064e+10
311.232,112,112,53,4.916248576e+10,4.981560064e+10
311.433,112,112,53,4.9154097152e+10,4.981560064e+10
311.634,112,112,53,4.915724288e+10,4.981560064e+10
311.836,112,112,53,4.9160388608e+10,4.981560064e+10
312.037,112,112,53,4.9114251264e+10,4.981560064e+10
312.238,112,112,53,4.9123688448e+10,4.981560064e+10
312.440,112,112,53,4.9107959808e+10,4.981560064e+10
312.641,112,112,53,4.9100619776e+10,4.981560064e+10
312.842,112,112,53,4.9134174208e+10,4.981560064e+10
313.043,112,112,53,4.913102848e+10,4.981560064e+10
313.245,112,112,53,4.9102716928e+10,4.981560064e+10
313.446,112,112,53,4.9066016768e+10,4.981560064e+10
313.647,112,112,53,4.9061822464e+10,4.981560064e+10
313.849,112,112,53,4.9084891136e+10,4.981560064e+10
314.050,112,112,53,4.9081745408e+10,4.981560064e+10
314.251,112,112,53,4.906811392e+10,4.981560064e+10
314.452,112,112,53,4.906287104e+10,4.981560064e+10
314.654,112,112,53,4.9011490816e+10,4.981560064e+10
314.855,112,112,53,4.9018830848e+10,4.981560064e+10
315.057,112,112,53,4.9063919616e+10,4.981560064e+10
315.258,112,112,53,4.9064968192e+10,4.981560064e+10
315.459,112,112,53,4.8996810752e+10,4.981560064e+10
315.660,112,112,53,4.9032462336e+10,4.981560064e+10
315.861,112,112,53,4.9035608064e+10,4.981560064e+10
316.062,112,112,53,4.8997859328e+10,4.981560064e+10
316.264,112,112,53,4.9012539392e+10,4.981560064e+10
316.465,112,112,53,4.8992616448e+10,4.981560064e+10
316.666,112,112,53,4.8996810752e+10,4.981560064e+10
316.867,112,112,53,4.8981082112e+10,4.981560064e+10
317.068,112,112,53,4.8940187648e+10,4.981560064e+10
317.269,112,112,53,4.898422784e+10,4.981560064e+10
317.470,112,112,53,4.8972693504e+10,4.981560064e+10
317.671,112,112,53,4.8941236224e+10,4.981560064e+10
317.872,112,112,53,4.894752768e+10,4.981560064e+10
318.073,112,112,53,4.8966402048e+10,4.981560064e+10
318.274,112,112,53,4.8943333376e+10,4.981560064e+10
318.475,112,112,53,4.8944381952e+10,4.981560064e+10
318.677,112,112,53,4.895801344e+10,4.981560064e+10
318.878,112,112,53,4.8918167552e+10,4.981560064e+10
319.079,112,112,53,4.8898244608e+10,4.981560064e+10
319.281,112,112,53,4.8882515968e+10,4.981560064e+10
319.482,112,112,53,4.8893001728e+10,4.981560064e+10
319.683,112,112,53,4.8865738752e+10,4.981560064e+10
319.884,112,112,53,4.8861544448e+10,4.981560064e+10
320.086,112,112,53,4.8855252992e+10,4.981560064e+10
320.287,112,112,53,4.885315584e+10,4.981560064e+10
320.488,112,112,53,4.887412736e+10,4.981560064e+10
320.690,112,112,53,4.8885661696e+10,4.981560064e+10
320.891,112,112,53,4.887412736e+10,4.981560064e+10
321.092,112,112,53,4.8860495872e+10,4.981560064e+10
321.293,112,112,53,4.8856301568e+10,4.981560064e+10
321.494,112,112,53,4.8793387008e+10,4.981560064e+10
321.696,112,112,53,4.8792338432e+10,4.981560064e+10
321.897,112,112,53,4.8812261376e+10,4.981560064e+10
322.098,112,112,53,4.8797581312e+10,4.981560064e+10
322.299,112,112,53,4.8794435584e+10,4.981560064e+10
322.501,112,112,53,4.8789192704e+10,4.981560064e+10
322.702,112,112,53,4.8792338432e+10,4.981560064e+10
322.903,112,112,53,4.8807018496e+10,4.981560064e+10
323.105,112,112,53,4.880072704e+10,4.981560064e+10
323.306,112,112,53,4.8802824192e+10,4.981560064e+10
323.507,112,112,53,4.8786046976e+10,4.981560064e+10
323.709,112,112,53,4.871684096e+10,4.981560064e+10
323.910,112,112,53,4.8694820864e+10,4.981560064e+10
324.111,112,112,53,4.871684096e+10,4.981560064e+10
324.312,112,112,53,4.8735715328e+10,4.981560064e+10
324.513,112,112,53,4.8717889536e+10,4.981560064e+10
324.715,112,112,53,4.8704258048e+10,4.981560064e+10
324.916,112,112,53,4.8713695232e+10,4.981560064e+10
325.117,112,112,53,4.8729423872e+10,4.981560064e+10
325.318,112,112,53,4.8758784e+10,4.981560064e+10
325.520,112,112,53,4.8744103936e+10,4.981560064e+10
325.721,112,112,53,4.8712646656e+10,4.981560064e+10
325.922,112,112,53,4.8657072128e+10,4.981560064e+10
326.124,112,112,53,4.8630857728e+10,4.981560064e+10
326.325,112,112,53,4.8662315008e+10,4.981560064e+10
326.527,112,112,53,4.8652877824e+10,4.981560064e+10
326.728,112,112,53,4.8631906304e+10,4.981560064e+10
326.929,112,112,53,4.8631906304e+10,4.981560064e+10
327.131,112,112,53,4.8642392064e+10,4.981560064e+10
327.332,112,112,53,4.8672800768e+10,4.981560064e+10
327.533,112,112,53,4.8717889536e+10,4.981560064e+10
327.734,112,112,53,4.8707403776e+10,4.981560064e+10
327.936,112,112,53,4.8598351872e+10,4.981560064e+10
328.137,112,112,53,4.85752832e+10,4.981560064e+10
328.338,112,112,53,4.8587866112e+10,4.981560064e+10
328.540,112,112,53,4.8593108992e+10,4.981560064e+10
328.741,112,112,53,4.8576331776e+10,4.981560064e+10
328.943,112,112,53,4.8586817536e+10,4.981560064e+10
329.144,112,112,53,4.8593108992e+10,4.981560064e+10
329.346,112,112,53,4.8584720384e+10,4.981560064e+10
329.547,112,112,53,4.8595206144e+10,4.981560064e+10
329.748,112,112,53,4.858576896e+10,4.981560064e+10
329.949,112,112,53,4.8598351872e+10,4.981560064e+10
330.151,112,112,53,4.8584720384e+10,4.981560064e+10
330.352,112,112,53,4.8540680192e+10,4.981560064e+10
330.554,112,112,53,4.8537534464e+10,4.981560064e+10
330.756,112,112,53,4.8526000128e+10,4.981560064e+10
330.957,112,112,53,4.8511320064e+10,4.981560064e+10
331.158,112,112,53,4.850188288e+10,4.981560064e+10
331.359,112,112,53,4.8503980032e+10,4.981560064e+10
331.561,112,112,53,4.8526000128e+10,4.981560064e+10
331.762,112,112,53,4.8514465792e+10,4.981560064e+10
331.964,112,112,53,4.8526000128e+10,4.981560064e+10
332.165,112,112,53,4.8526000128e+10,4.981560064e+10
332.366,112,112,53,4.8520757248e+10,4.981560064e+10
332.568,112,112,53,4.8523902976e+10,4.981560064e+10
332.769,112,112,53,4.851236864e+10,4.981560064e+10
332.970,112,112,53,4.8466231296e+10,4.981560064e+10
333.172,112,112,53,4.8446308352e+10,4.981560064e+10
333.373,112,112,53,4.842848256e+10,4.981560064e+10
333.574,112,112,53,4.8414851072e+10,4.981560064e+10
333.776,112,112,53,4.8437919744e+10,4.981560064e+10
333.977,112,112,53,4.8431628288e+10,4.981560064e+10
334.179,112,112,53,4.8473571328e+10,4.981560064e+10
334.380,112,112,53,4.8472522752e+10,4.981560064e+10
334.582,112,112,53,4.8447356928e+10,4.981560064e+10
334.783,112,112,53,4.8446308352e+10,4.981560064e+10
334.984,112,112,53,4.8387588096e+10,4.981560064e+10
335.186,112,112,53,4.8395976704e+10,4.981560064e+10
335.387,112,112,53,4.8378150912e+10,4.981560064e+10
335.589,112,112,53,4.835508224e+10,4.981560064e+10
335.790,112,112,53,4.8380248064e+10,4.981560064e+10
335.991,112,112,53,4.8372908032e+10,4.981560064e+10
336.193,112,112,53,4.8361373696e+10,4.981560064e+10
336.394,112,112,53,4.8392830976e+10,4.981560064e+10
336.595,112,112,53,4.8395976704e+10,4.981560064e+10
336.797,112,112,53,4.8388636672e+10,4.981560064e+10
336.998,112,112,53,4.8365568e+10,4.981560064e+10
337.199,112,112,53,4.8352985088e+10,4.981560064e+10
337.401,112,112,53,4.8336207872e+10,4.981560064e+10
337.602,112,112,53,4.8290070528e+10,4.981560064e+10
337.804,112,112,53,4.830265344e+10,4.981560064e+10
338.005,112,112,53,4.8296361984e+10,4.981560064e+10
338.206,112,112,53,4.8303702016e+10,4.981560064e+10
338.407,112,112,53,4.8319430656e+10,4.981560064e+10
338.609,112,112,53,4.8322576384e+10,4.981560064e+10
338.810,112,112,53,4.8325722112e+10,4.981560064e+10
339.011,112,112,53,4.83131392e+10,4.981560064e+10
339.212,112,112,53,4.8305799168e+10,4.981560064e+10
339.414,112,112,53,4.8237641728e+10,4.981560064e+10
339.615,112,112,53,4.8252321792e+10,4.981560064e+10
339.816,112,112,53,4.825546752e+10,4.981560064e+10
340.017,112,112,53,4.8235544576e+10,4.981560064e+10
340.218,112,112,53,4.822401024e+10,4.981560064e+10
340.419,112,112,53,4.8220864512e+10,4.981560064e+10
340.620,112,112,53,4.8235544576e+10,4.981560064e+10
340.821,112,112,53,4.8269099008e+10,4.981560064e+10
341.022,112,112,53,4.829741056e+10,4.981560064e+10
341.223,112,112,53,4.8291119104e+10,4.981560064e+10
341.424,112,112,53,4.8283779072e+10,4.981560064e+10
341.625,112,112,53,4.823973888e+10,4.981560064e+10
341.826,112,112,53,4.8219815936e+10,4.981560064e+10
342.027,112,112,53,4.817158144e+10,4.981560064e+10
342.228,112,112,53,4.8179970048e+10,4.981560064e+10
342.429,112,112,53,4.8188358656e+10,4.981560064e+10
342.630,112,112,53,4.821352448e+10,4.981560064e+10
342.832,112,112,53,4.81558528e+10,4.981560064e+10
343.033,112,112,53,4.8205135872e+10,4.981560064e+10
343.234,112,112,53,4.8196747264e+10,4.981560064e+10
343.435,112,112,53,4.8186261504e+10,4.981560064e+10
343.636,112,112,53,4.8195698688e+10,4.981560064e+10
343.838,112,112,53,4.82082816e+10,4.981560064e+10
344.039,112,112,53,4.8186261504e+10,4.981560064e+10
344.240,112,112,53,4.8184164352e+10,4.981560064e+10
344.442,112,112,53,4.816633856e+10,4.981560064e+10
344.643,112,112,53,4.8135929856e+10,4.981560064e+10
344.844,112,112,53,4.8127541248e+10,4.981560064e+10
345.046,112,112,53,4.812439552e+10,4.981560064e+10
345.247,112,112,53,4.8116006912e+10,4.981560064e+10
345.448,112,112,53,4.809818112e+10,4.981560064e+10
345.650,112,112,53,4.8127541248e+10,4.981560064e+10
345.851,112,112,53,4.8109715456e+10,4.981560064e+10
346.052,112,112,53,4.8141172736e+10,4.981560064e+10
346.253,112,112,53,4.814012416e+10,4.981560064e+10
346.455,112,112,53,4.8103424e+10,4.981560064e+10
346.656,112,112,53,4.8095035392e+10,4.981560064e+10
346.857,112,112,53,4.8095035392e+10,4.981560064e+10
347.059,112,112,53,4.8070918144e+10,4.981560064e+10
347.260,112,112,53,4.80772096e+10,4.981560064e+10
347.462,112,112,53,4.8073015296e+10,4.981560064e+10
347.663,112,112,53,4.8055189504e+10,4.981560064e+10
347.864,112,112,53,4.8068820992e+10,4.981560064e+10
348.066,112,112,53,4.8073015296e+10,4.981560064e+10
348.267,112,112,53,4.8057286656e+10,4.981560064e+10
348.468,112,112,53,4.8025829376e+10,4.981560064e+10
348.670,112,112,53,4.8034217984e+10,4.981560064e+10
348.871,112,112,53,4.8033169408e+10,4.981560064e+10
349.072,112,112,53,4.803526656e+10,4.981560064e+10
349.274,112,112,53,4.8034217984e+10,4.981560064e+10
349.475,112,112,53,4.8039460864e+10,4.981560064e+10
349.677,112,112,53,4.8037363712e+10,4.981560064e+10
349.878,112,112,53,4.801953792e+10,4.981560064e+10
350.079,112,112,53,4.8020586496e+10,4.981560064e+10
350.281,112,112,53,4.8000663552e+10,4.981560064e+10
350.482,112,112,53,4.7984934912e+10,4.981560064e+10
350.683,112,112,53,4.7999614976e+10,4.981560064e+10
350.884,112,112,53,4.8000663552e+10,4.981560064e+10
351.086,112,112,53,4.7994372096e+10,4.981560064e+10
351.287,112,112,53,4.7948234752e+10,4.981560064e+10
351.488,112,112,53,4.7974449152e+10,4.981560064e+10
351.690,112,112,53,4.7984934912e+10,4.981560064e+10
351.891,112,112,53,4.7966060544e+10,4.981560064e+10
352.093,112,112,53,4.7970254848e+10,4.981560064e+10
352.294,112,112,53,4.7966060544e+10,4.981560064e+10
352.495,112,112,53,4.7942991872e+10,4.981560064e+10
352.697,112,112,53,4.7928311808e+10,4.981560064e+10
352.898,112,112,53,4.7926214656e+10,4.981560064e+10
353.099,112,112,53,4.7922020352e+10,4.981560064e+10
353.301,112,112,53,4.7934603264e+10,4.981560064e+10
353.502,112,112,53,4.7942991872e+10,4.981560064e+10
353.703,112,112,53,4.790943744e+10,4.981560064e+10
353.905,112,112,53,4.7905243136e+10,4.981560064e+10
354.106,112,112,53,4.7915728896e+10,4.981560064e+10
354.307,112,112,53,4.7934603264e+10,4.981560064e+10
354.508,112,112,53,4.793040896e+10,4.981560064e+10
354.710,112,112,53,4.7911534592e+10,4.981560064e+10
354.911,112,112,53,4.7880077312e+10,4.981560064e+10
355.112,112,112,53,4.7859105792e+10,4.981560064e+10
355.314,112,112,53,4.7868542976e+10,4.981560064e+10
355.515,112,112,53,4.7840231424e+10,4.981560064e+10
355.716,112,112,53,4.7823454208e+10,4.981560064e+10
355.918,112,112,53,4.7829745664e+10,4.981560064e+10
356.119,112,112,53,4.7827648512e+10,4.981560064e+10
356.320,112,112,53,4.7859105792e+10,4.981560064e+10
356.521,112,112,53,4.785700864e+10,4.981560064e+10
356.722,112,112,53,4.786225152e+10,4.981560064e+10
356.923,112,112,53,4.7865397248e+10,4.981560064e+10
357.124,112,112,53,4.7814017024e+10,4.981560064e+10
357.325,112,112,53,4.78150656e+10,4.981560064e+10
357.527,112,112,53,4.7861202944e+10,4.981560064e+10
357.728,112,112,53,4.7845474304e+10,4.981560064e+10
357.929,112,112,53,4.7829745664e+10,4.981560064e+10
358.130,112,112,53,4.7793045504e+10,4.981560064e+10
358.331,112,112,53,4.7791996928e+10,4.981560064e+10
358.533,112,112,53,4.7784656896e+10,4.981560064e+10
358.734,112,112,53,4.7784656896e+10,4.981560064e+10
358.935,112,112,53,4.7750053888e+10,4.981560064e+10
359.137,112,112,53,4.7754248192e+10,4.981560064e+10
359.338,112,112,53,4.7786754048e+10,4.981560064e+10
359.539,112,112,53,4.7771025408e+10,4.981560064e+10
359.740,112,112,53,4.7759491072e+10,4.981560064e+10
359.941,112,112,53,4.7744811008e+10,4.981560064e+10
360.142,112,112,53,4.7779414016e+10,4.981560064e+10
360.343,112,112,53,4.7763685376e+10,4.981560064e+10
360.544,112,112,53,4.7744811008e+10,4.981560064e+10
360.745,112,112,53,4.7730130944e+10,4.981560064e+10
360.946,112,112,53,4.7701819392e+10,4.981560064e+10
361.147,112,112,53,4.7692382208e+10,4.981560064e+10
361.348,112,112,53,4.7708110848e+10,4.981560064e+10
361.549,112,112,53,4.7733276672e+10,4.981560064e+10
361.750,112,112,53,4.7724888064e+10,4.981560064e+10
361.951,112,112,53,4.7712305152e+10,4.981560064e+10
362.152,112,112,53,4.7685042176e+10,4.981560064e+10
362.353,112,112,53,4.7702867968e+10,4.981560064e+10
362.554,112,112,53,4.7701819392e+10,4.981560064e+10
362.756,112,112,53,4.7695527936e+10,4.981560064e+10
362.957,112,112,53,4.7677702144e+10,4.981560064e+10
363.158,112,112,53,4.7638904832e+10,4.981560064e+10
363.360,112,112,53,4.7659876352e+10,4.981560064e+10
363.561,112,112,53,4.7654633472e+10,4.981560064e+10
363.763,112,112,53,4.7643099136e+10,4.981560064e+10
363.964,112,112,53,4.7638904832e+10,4.981560064e+10
364.165,112,112,53,4.7646244864e+10,4.981560064e+10
364.367,112,112,53,4.7635759104e+10,4.981560064e+10
364.568,112,112,53,4.764729344e+10,4.981560064e+10
364.770,112,112,53,4.7649390592e+10,4.981560064e+10
364.971,112,112,53,4.7630516224e+10,4.981560064e+10
365.173,112,112,53,4.7613739008e+10,4.981560064e+10
365.374,112,112,53,4.7593816064e+10,4.981560064e+10
365.576,112,112,53,4.7603253248e+10,4.981560064e+10
365.777,112,112,53,4.7569698816e+10,4.981560064e+10
365.979,112,112,53,4.7550824448e+10,4.981560064e+10
366.180,112,112,53,4.7548727296e+10,4.981560064e+10
366.381,112,112,53,4.7545581568e+10,4.981560064e+10
366.583,112,112,53,4.7556067328e+10,4.981560064e+10
366.784,112,112,53,4.7559213056e+10,4.981560064e+10
366.986,112,112,53,4.7556067328e+10,4.981560064e+10
367.187,112,112,53,4.7609544704e+10,4.981560064e+10
367.389,112,112,53,4.7611641856e+10,4.981560064e+10
367.590,112,112,53,4.760010752e+10,4.981560064e+10
367.792,112,112,53,4.7562358784e+10,4.981560064e+10
367.993,112,112,53,4.7534047232e+10,4.981560064e+10
368.194,112,112,53,4.7508881408e+10,4.981560064e+10
368.396,112,112,53,4.7491055616e+10,4.981560064e+10
368.597,112,112,53,4.7462744064e+10,4.981560064e+10
368.799,112,112,53,4.746903552e+10,4.981560064e+10
369.000,112,112,53,4.7454355456e+10,4.981560064e+10
369.202,112,112,53,4.7482667008e+10,4.981560064e+10
369.404,112,112,53,4.7491055616e+10,4.981560064e+10
369.605,112,112,53,4.7578087424e+10,4.981560064e+10
369.806,112,112,53,4.7567601664e+10,4.981560064e+10
370.008,112,112,53,4.7585427456e+10,4.981560064e+10
370.209,112,112,53,4.7557115904e+10,4.981560064e+10
370.410,112,112,53,4.7522512896e+10,4.981560064e+10
370.612,112,112,53,4.744282112e+10,4.981560064e+10
370.813,112,112,53,4.7412412416e+10,4.981560064e+10
371.015,112,112,53,4.7414509568e+10,4.981560064e+10
371.216,112,112,53,4.7413460992e+10,4.981560064e+10
371.417,112,112,53,4.7420801024e+10,4.981560064e+10
371.619,112,112,53,4.7452258304e+10,4.981560064e+10
371.820,112,112,53,4.7460646912e+10,4.981560064e+10
372.021,112,112,53,4.7487909888e+10,4.981560064e+10
372.223,112,112,53,4.7471132672e+10,4.981560064e+10
372.424,112,112,53,4.7478472704e+10,4.981560064e+10
372.625,112,112,53,4.744282112e+10,4.981560064e+10
372.827,112,112,53,4.7424995328e+10,4.981560064e+10
373.029,112,112,53,4.7439675392e+10,4.981560064e+10
373.230,112,112,53,4.7439675392e+10,4.981560064e+10
373.431,112,112,53,4.7415558144e+10,4.981560064e+10
373.633,112,112,53,4.7409266688e+10,4.981560064e+10
373.834,112,112,53,4.7430238208e+10,4.981560064e+10
374.036,112,112,53,4.7434432512e+10,4.981560064e+10
374.237,112,112,53,4.7414509568e+10,4.981560064e+10
374.439,112,112,53,4.7397732352e+10,4.981560064e+10
374.640,112,112,53,4.7402975232e+10,4.981560064e+10
374.841,112,112,53,4.7404023808e+10,4.981560064e+10
375.042,112,112,53,4.7394586624e+10,4.981560064e+10
375.244,112,112,53,4.7313846272e+10,4.981560064e+10
375.445,112,112,53,4.7329574912e+10,4.981560064e+10
375.647,112,112,53,4.7354740736e+10,4.981560064e+10
375.848,112,112,53,4.7357886464e+10,4.981560064e+10
376.049,112,112,53,4.7377809408e+10,4.981560064e+10
376.251,112,112,53,4.7375712256e+10,4.981560064e+10
376.452,112,112,53,4.7375712256e+10,4.981560064e+10
376.653,112,112,53,4.7389343744e+10,4.981560064e+10
376.855,112,112,53,4.7371517952e+10,4.981560064e+10
377.057,112,112,53,4.7344254976e+10,4.981560064e+10
377.258,112,112,53,4.7336914944e+10,4.981560064e+10
377.459,112,112,53,4.7289729024e+10,4.981560064e+10
377.660,112,112,53,4.724883456e+10,4.981560064e+10
377.862,112,112,53,4.7293923328e+10,4.981560064e+10
378.063,112,112,53,4.7333769216e+10,4.981560064e+10
378.264,112,112,53,4.7330623488e+10,4.981560064e+10
378.465,112,112,53,4.7328526336e+10,4.981560064e+10
378.667,112,112,53,4.7330623488e+10,4.981560064e+10
378.868,112,112,53,4.7314894848e+10,4.981560064e+10
379.069,112,112,53,4.7310700544e+10,4.981560064e+10
379.271,112,112,53,4.7303360512e+10,4.981560064e+10
379.472,112,112,53,4.7299166208e+10,4.981560064e+10
379.673,112,112,53,4.72907776e+10,4.981560064e+10
379.874,112,112,53,4.7267708928e+10,4.981560064e+10
380.076,112,112,53,4.7250931712e+10,4.981560064e+10
380.277,112,112,53,4.7205842944e+10,4.981560064e+10
380.478,112,112,53,4.7197454336e+10,4.981560064e+10
380.680,112,112,53,4.7228911616e+10,4.981560064e+10
380.881,112,112,53,4.7246737408e+10,4.981560064e+10
381.082,112,112,53,4.7245688832e+10,4.981560064e+10
381.283,112,112,53,4.7279243264e+10,4.981560064e+10
381.485,112,112,53,4.7289729024e+10,4.981560064e+10
381.686,112,112,53,4.728029184e+10,4.981560064e+10
381.888,112,112,53,4.7257223168e+10,4.981560064e+10
382.089,112,112,53,4.7239397376e+10,4.981560064e+10
382.290,112,112,53,4.7228911616e+10,4.981560064e+10
382.491,112,112,53,4.7179628544e+10,4.981560064e+10
382.693,112,112,53,4.7178579968e+10,4.981560064e+10
382.894,112,112,53,4.717019136e+10,4.981560064e+10
383.095,112,112,53,4.7165997056e+10,4.981560064e+10
383.297,112,112,53,4.718067712e+10,4.981560064e+10
383.498,112,112,53,4.7181725696e+10,4.981560064e+10
383.700,112,112,53,4.7202697216e+10,4.981560064e+10
383.901,112,112,53,4.720689152e+10,4.981560064e+10
384.102,112,112,53,4.7197454336e+10,4.981560064e+10
384.304,112,112,53,4.7219474432e+10,4.981560064e+10
384.505,112,112,53,4.7205842944e+10,4.981560064e+10
384.707,112,112,53,4.7141879808e+10,4.981560064e+10
384.908,112,112,53,4.7131394048e+10,4.981560064e+10
385.109,112,112,53,4.7137685504e+10,4.981560064e+10
385.311,112,112,53,4.7134539776e+10,4.981560064e+10
385.512,112,112,53,4.7129296896e+10,4.981560064e+10
385.713,112,112,53,4.7119859712e+10,4.981560064e+10
385.915,112,112,53,4.7125102592e+10,4.981560064e+10
386.116,112,112,53,4.7150268416e+10,4.981560064e+10
386.318,112,112,53,4.7135588352e+10,4.981560064e+10
386.519,112,112,53,4.7145025536e+10,4.981560064e+10
386.720,112,112,53,4.7118811136e+10,4.981560064e+10
386.922,112,112,53,4.7113568256e+10,4.981560064e+10
387.123,112,112,53,4.7092596736e+10,4.981560064e+10
387.325,112,112,53,4.7098888192e+10,4.981560064e+10
387.526,112,112,53,4.7097839616e+10,4.981560064e+10
387.727,112,112,53,4.7116713984e+10,4.981560064e+10
387.929,112,112,53,4.7097839616e+10,4.981560064e+10
388.130,112,112,53,4.704960512e+10,4.981560064e+10
388.331,112,112,53,4.7067430912e+10,4.981560064e+10
388.533,112,112,53,4.7048556544e+10,4.981560064e+10
388.734,112,112,53,4.7082110976e+10,4.981560064e+10
388.935,112,112,53,4.7083159552e+10,4.981560064e+10
389.137,112,112,53,4.7097839616e+10,4.981560064e+10
389.338,112,112,53,4.7062188032e+10,4.981560064e+10
389.539,112,112,53,4.707057664e+10,4.981560064e+10
389.741,112,112,53,4.706009088e+10,4.981560064e+10
389.942,112,112,53,4.7035973632e+10,4.981560064e+10
390.143,112,112,53,4.7034925056e+10,4.981560064e+10
390.345,112,112,53,4.70286336e+10,4.981560064e+10
390.546,112,112,53,4.7015002112e+10,4.981560064e+10
390.747,112,112,53,4.6995079168e+10,4.981560064e+10
390.948,112,112,53,4.7040167936e+10,4.981560064e+10
391.150,112,112,53,4.7046459392e+10,4.981560064e+10
391.351,112,112,53,4.7034925056e+10,4.981560064e+10
391.552,112,112,53,4.700766208e+10,4.981560064e+10
391.754,112,112,53,4.7000322048e+10,4.981560064e+10
391.955,112,112,53,4.6985641984e+10,4.981560064e+10
392.156,112,112,53,4.698669056e+10,4.981560064e+10
392.358,112,112,53,4.7000322048e+10,4.981560064e+10
392.559,112,112,53,4.6983544832e+10,4.981560064e+10
392.760,112,112,53,4.6957330432e+10,4.981560064e+10
392.961,112,112,53,4.6957330432e+10,4.981560064e+10
393.162,112,112,53,4.6942650368e+10,4.981560064e+10
393.364,112,112,53,4.6958379008e+10,4.981560064e+10
393.565,112,112,53,4.6977253376e+10,4.981560064e+10
393.766,112,112,53,4.6995079168e+10,4.981560064e+10
393.968,112,112,53,4.6980399104e+10,4.981560064e+10
394.169,112,112,53,4.6935310336e+10,4.981560064e+10
394.371,112,112,53,4.6947893248e+10,4.981560064e+10
394.572,112,112,53,4.6933213184e+10,4.981560064e+10
394.774,112,112,53,4.6945796096e+10,4.981560064e+10
394.975,112,112,53,4.6933213184e+10,4.981560064e+10
395.177,112,112,53,4.6906998784e+10,4.981560064e+10
395.379,112,112,53,4.6911193088e+10,4.981560064e+10
395.580,112,112,53,4.6915387392e+10,4.981560064e+10
395.781,112,112,53,4.6894415872e+10,4.981560064e+10
395.983,112,112,53,4.6904901632e+10,4.981560064e+10
396.184,112,112,53,4.6899658752e+10,4.981560064e+10
396.385,112,112,53,4.6884978688e+10,4.981560064e+10
396.586,112,112,53,4.687659008e+10,4.981560064e+10
396.788,112,112,53,4.686610432e+10,4.981560064e+10
396.989,112,112,53,4.6869250048e+10,4.981560064e+10
397.190,112,112,53,4.68451328e+10,4.981560064e+10
397.391,112,112,53,4.6879735808e+10,4.981560064e+10
397.592,112,112,53,4.6886027264e+10,4.981560064e+10
397.793,112,112,53,4.6864007168e+10,4.981560064e+10
397.994,112,112,53,4.6872395776e+10,4.981560064e+10
398.196,112,112,53,4.6862958592e+10,4.981560064e+10
398.397,112,112,53,4.6873444352e+10,4.981560064e+10
398.599,112,112,53,4.6861910016e+10,4.981560064e+10
398.800,112,112,53,4.6821015552e+10,4.981560064e+10
399.001,112,112,53,4.6800044032e+10,4.981560064e+10
399.203,112,112,53,4.6821015552e+10,4.981560064e+10
399.404,112,112,53,4.6831501312e+10,4.981560064e+10
399.605,112,112,53,4.6830452736e+10,4.981560064e+10
399.807,112,112,53,4.6854569984e+10,4.981560064e+10
400.008,112,112,53,4.6828355584e+10,4.981560064e+10
400.210,112,112,53,4.6798995456e+10,4.981560064e+10
400.411,112,112,53,4.6791655424e+10,4.981560064e+10
400.613,112,112,53,4.6773829632e+10,4.981560064e+10
400.814,112,112,53,4.6783266816e+10,4.981560064e+10
401.015,112,112,53,4.6768586752e+10,4.981560064e+10
401.217,112,112,53,4.6773829632e+10,4.981560064e+10
401.418,112,112,53,4.6821015552e+10,4.981560064e+10
401.619,112,112,53,4.6809481216e+10,4.981560064e+10
401.821,112,112,53,4.681367552e+10,4.981560064e+10
402.022,112,112,53,4.6768586752e+10,4.981560064e+10
402.223,112,112,53,4.6769635328e+10,4.981560064e+10
402.425,112,112,53,4.6717206528e+10,4.981560064e+10
402.626,112,112,53,4.6741323776e+10,4.981560064e+10
402.827,112,112,53,4.6747615232e+10,4.981560064e+10
403.029,112,112,53,4.6773829632e+10,4.981560064e+10
403.230,112,112,53,4.6768586752e+10,4.981560064e+10
403.431,112,112,53,4.6752858112e+10,4.981560064e+10
403.633,112,112,53,4.6702526464e+10,4.981560064e+10
403.835,112,112,53,4.6716157952e+10,4.981560064e+10
404.037,112,112,53,4.672454656e+10,4.981560064e+10
404.238,112,112,53,4.6731886592e+10,4.981560064e+10
404.439,112,112,53,4.6713012224e+10,4.981560064e+10
404.641,112,112,53,4.6699380736e+10,4.981560064e+10
404.842,112,112,53,4.6699380736e+10,4.981560064e+10
405.043,112,112,53,4.669308928e+10,4.981560064e+10
405.244,112,112,53,4.6713012224e+10,4.981560064e+10
405.445,112,112,53,4.673503232e+10,4.981560064e+10
405.647,112,112,53,4.6744469504e+10,4.981560064e+10
405.848,112,112,53,4.6706720768e+10,4.981560064e+10
406.049,112,112,53,4.670357504e+10,4.981560064e+10
406.251,112,112,53,4.6671069184e+10,4.981560064e+10
406.452,112,112,53,4.6683652096e+10,4.981560064e+10
406.654,112,112,53,4.6673166336e+10,4.981560064e+10
406.855,112,112,53,4.6652194816e+10,4.981560064e+10
407.056,112,112,53,4.6646951936e+10,4.981560064e+10
407.258,112,112,53,4.6657437696e+10,4.981560064e+10
407.459,112,112,53,4.6667923456e+10,4.981560064e+10
407.660,112,112,53,4.6644854784e+10,4.981560064e+10
407.862,112,112,53,4.6637514752e+10,4.981560064e+10
408.063,112,112,53,4.6649049088e+10,4.981560064e+10
408.264,112,112,53,4.6668972032e+10,4.981560064e+10
408.466,112,112,53,4.6671069184e+10,4.981560064e+10
408.667,112,112,53,4.6654291968e+10,4.981560064e+10
408.868,112,112,53,4.6648000512e+10,4.981560064e+10
409.069,112,112,53,4.6653243392e+10,4.981560064e+10
409.271,112,112,53,4.6617591808e+10,4.981560064e+10
409.472,112,112,53,4.6620737536e+10,4.981560064e+10
409.674,112,112,53,4.6600814592e+10,4.981560064e+10
409.875,112,112,53,4.659871744e+10,4.981560064e+10
410.076,112,112,53,4.6580891648e+10,4.981560064e+10
410.278,112,112,53,4.655153152e+10,4.981560064e+10
410.479,112,112,53,4.657250304e+10,4.981560064e+10
410.680,112,112,53,4.6599766016e+10,4.981560064e+10
410.881,112,112,53,4.66354176e+10,4.981560064e+10
411.082,112,112,53,4.664590336e+10,4.981560064e+10
411.284,112,112,53,4.6648000512e+10,4.981560064e+10
411.485,112,112,53,4.6611300352e+10,4.981560064e+10
411.686,112,112,53,4.6587183104e+10,4.981560064e+10
411.888,112,112,53,4.6581940224e+10,4.981560064e+10
412.089,112,112,53,4.6574600192e+10,4.981560064e+10
412.290,112,112,53,4.6534754304e+10,4.981560064e+10
412.492,112,112,53,4.6559920128e+10,4.981560064e+10
412.693,112,112,53,4.6574600192e+10,4.981560064e+10
412.894,112,112,53,4.654628864e+10,4.981560064e+10
413.095,112,112,53,4.653580288e+10,4.981560064e+10
413.296,112,112,53,4.6532657152e+10,4.981560064e+10
413.498,112,112,53,4.6555725824e+10,4.981560064e+10
413.699,112,112,53,4.6569357312e+10,4.981560064e+10
413.900,112,112,53,4.6580891648e+10,4.981560064e+10
414.102,112,112,53,4.6570405888e+10,4.981560064e+10
414.303,112,112,53,4.6568308736e+10,4.981560064e+10
414.505,112,112,53,4.6552580096e+10,4.981560064e+10
414.706,112,112,53,4.6545240064e+10,4.981560064e+10
414.907,112,112,53,4.6558871552e+10,4.981560064e+10
415.109,112,112,53,4.6543142912e+10,4.981560064e+10
415.310,112,112,53,4.6522171392e+10,4.981560064e+10
415.511,112,112,53,4.6481276928e+10,4.981560064e+10
415.713,112,112,53,4.6465548288e+10,4.981560064e+10
415.914,112,112,53,4.6477082624e+10,4.981560064e+10
416.115,112,112,53,4.6486519808e+10,4.981560064e+10
416.316,112,112,53,4.6489665536e+10,4.981560064e+10
416.518,112,112,53,4.6513782784e+10,4.981560064e+10
416.719,112,112,53,4.6508539904e+10,4.981560064e+10
416.920,112,112,53,4.652531712e+10,4.981560064e+10
417.122,112,112,53,4.649910272e+10,4.981560064e+10
417.323,112,112,53,4.651483136e+10,4.981560064e+10
417.524,112,112,53,4.653056e+10,4.981560064e+10
417.725,112,112,53,4.652007424e+10,4.981560064e+10
417.927,112,112,53,4.6479179776e+10,4.981560064e+10
418.128,112,112,53,4.6466596864e+10,4.981560064e+10
418.330,112,112,53,4.6418362368e+10,4.981560064e+10
418.531,112,112,53,4.6437236736e+10,4.981560064e+10
418.732,112,112,53,4.6465548288e+10,4.981560064e+10
418.933,112,112,53,4.6461353984e+10,4.981560064e+10
419.135,112,112,53,4.6468694016e+10,4.981560064e+10
419.336,112,112,53,4.6458208256e+10,4.981560064e+10
419.537,112,112,53,4.6473936896e+10,4.981560064e+10
419.739,112,112,53,4.6461353984e+10,4.981560064e+10
419.940,112,112,53,4.6458208256e+10,4.981560064e+10
420.141,112,112,53,4.646764544e+10,4.981560064e+10
420.343,112,112,53,4.6452965376e+10,4.981560064e+10
420.544,112,112,53,4.6438285312e+10,4.981560064e+10
420.745,112,112,53,4.6406828032e+10,4.981560064e+10
420.947,112,112,53,4.6391099392e+10,4.981560064e+10
421.148,112,112,53,4.6392147968e+10,4.981560064e+10
421.349,112,112,53,4.6381662208e+10,4.981560064e+10
421.551,112,112,53,4.6416265216e+10,4.981560064e+10
421.752,112,112,53,4.643618816e+10,4.981560064e+10
421.954,112,112,53,4.6435139584e+10,4.981560064e+10
422.155,112,112,53,4.642045952e+10,4.981560064e+10
422.356,112,112,53,4.6406828032e+10,4.981560064e+10
422.558,112,112,53,4.638900224e+10,4.981560064e+10
422.759,112,112,53,4.6366982144e+10,4.981560064e+10
422.960,112,112,53,4.6370127872e+10,4.981560064e+10
423.162,112,112,53,4.6387953664e+10,4.981560064e+10
423.363,112,112,53,4.638900224e+10,4.981560064e+10
423.564,112,112,53,4.6366982144e+10,4.981560064e+10
423.766,112,112,53,4.636278784e+10,4.981560064e+10
423.967,112,112,53,4.6355447808e+10,4.981560064e+10
424.169,112,112,53,4.6384807936e+10,4.981560064e+10
424.370,112,112,53,4.638375936e+10,4.981560064e+10
424.571,112,112,53,4.6379565056e+10,4.981560064e+10
424.773,112,112,53,4.6358593536e+10,4.981560064e+10
424.974,112,112,53,4.6346010624e+10,4.981560064e+10
425.175,112,112,53,4.6317699072e+10,4.981560064e+10
425.377,112,112,53,4.6316650496e+10,4.981560064e+10
425.578,112,112,53,4.6330281984e+10,4.981560064e+10
425.779,112,112,53,4.6353350656e+10,4.981560064e+10
425.981,112,112,53,4.6358593536e+10,4.981560064e+10
426.182,112,112,53,4.6365933568e+10,4.981560064e+10
426.383,112,112,53,4.6355447808e+10,4.981560064e+10
426.584,112,112,53,4.633133056e+10,4.981560064e+10
426.785,112,112,53,4.6333427712e+10,4.981560064e+10
426.987,112,112,53,4.6334476288e+10,4.981560064e+10
427.188,112,112,53,4.6327136256e+10,4.981560064e+10
427.389,112,112,53,4.633133056e+10,4.981560064e+10
427.591,112,112,53,4.6307213312e+10,4.981560064e+10
427.792,112,112,53,4.6317699072e+10,4.981560064e+10
427.993,112,112,53,4.6307213312e+10,4.981560064e+10
428.194,112,112,53,4.6304067584e+10,4.981560064e+10
428.396,112,112,53,4.6274707456e+10,4.981560064e+10
428.597,112,112,53,4.6265270272e+10,4.981560064e+10
428.799,112,112,53,4.6304067584e+10,4.981560064e+10
429.000,112,112,53,4.6325039104e+10,4.981560064e+10
429.202,112,112,53,4.6332379136e+10,4.981560064e+10
429.403,112,112,53,4.63208448e+10,4.981560064e+10
429.605,112,112,53,4.6298824704e+10,4.981560064e+10
429.806,112,112,53,4.6267367424e+10,4.981560064e+10
430.007,112,112,53,4.6275756032e+10,4.981560064e+10
430.209,112,112,53,4.6291484672e+10,4.981560064e+10
430.410,112,112,53,4.6277853184e+10,4.981560064e+10
430.611,112,112,53,4.6266318848e+10,4.981560064e+10
430.813,112,112,53,4.6269464576e+10,4.981560064e+10
431.014,112,112,53,4.6265270272e+10,4.981560064e+10
431.215,112,112,53,4.6254784512e+10,4.981560064e+10
431.417,112,112,53,4.6214938624e+10,4.981560064e+10
431.618,112,112,53,4.6255833088e+10,4.981560064e+10
431.819,112,112,53,4.6285193216e+10,4.981560064e+10
432.021,112,112,53,4.6266318848e+10,4.981560064e+10
432.222,112,112,53,4.6241153024e+10,4.981560064e+10
432.423,112,112,53,4.6251638784e+10,4.981560064e+10
432.625,112,112,53,4.6246395904e+10,4.981560064e+10
432.826,112,112,53,4.6222278656e+10,4.981560064e+10
433.027,112,112,53,4.627365888e+10,4.981560064e+10
433.228,112,112,53,4.6266318848e+10,4.981560064e+10
433.430,112,112,53,4.6213890048e+10,4.981560064e+10
433.631,112,112,53,4.6203404288e+10,4.981560064e+10
433.832,112,112,53,4.6196064256e+10,4.981560064e+10
434.034,112,112,53,4.6178238464e+10,4.981560064e+10
434.235,112,112,53,4.6201307136e+10,4.981560064e+10
434.436,112,112,53,4.6224375808e+10,4.981560064e+10
434.637,112,112,53,4.6207598592e+10,4.981560064e+10
434.838,112,112,53,4.6207598592e+10,4.981560064e+10
435.040,112,112,53,4.6232764416e+10,4.981560064e+10
435.242,112,112,53,4.6230667264e+10,4.981560064e+10
435.443,112,112,53,4.6206550016e+10,4.981560064e+10
435.644,112,112,53,4.6206550016e+10,4.981560064e+10
435.845,112,112,53,4.6212841472e+10,4.981560064e+10
436.047,112,112,53,4.620025856e+10,4.981560064e+10
436.248,112,112,53,4.6170898432e+10,4.981560064e+10
436.450,112,112,53,4.6141538304e+10,4.981560064e+10
436.651,112,112,53,4.6128955392e+10,4.981560064e+10
436.852,112,112,53,4.612161536e+10,4.981560064e+10
437.054,112,112,53,4.6161461248e+10,4.981560064e+10
437.255,112,112,53,4.6178238464e+10,4.981560064e+10
437.457,112,112,53,4.6181384192e+10,4.981560064e+10
437.658,112,112,53,4.6165655552e+10,4.981560064e+10
437.859,112,112,53,4.6161461248e+10,4.981560064e+10
438.061,112,112,53,4.6169849856e+10,4.981560064e+10
438.262,112,112,53,4.618452992e+10,4.981560064e+10
438.463,112,112,53,4.6170898432e+10,4.981560064e+10
438.664,112,112,53,4.6162509824e+10,4.981560064e+10
438.866,112,112,53,4.6140489728e+10,4.981560064e+10
439.067,112,112,53,4.6150975488e+10,4.981560064e+10
439.268,112,112,53,4.6097498112e+10,4.981560064e+10
439.470,112,112,53,4.6118469632e+10,4.981560064e+10
439.671,112,112,53,4.6119518208e+10,4.981560064e+10
439.872,112,112,53,4.6106935296e+10,4.981560064e+10
440.073,112,112,53,4.6097498112e+10,4.981560064e+10
440.275,112,112,53,4.6102740992e+10,4.981560064e+10
440.476,112,112,53,4.6123712512e+10,4.981560064e+10
440.677,112,112,53,4.6120566784e+10,4.981560064e+10
440.878,112,112,53,4.6135246848e+10,4.981560064e+10
441.079,112,112,53,4.6128955392e+10,4.981560064e+10
441.281,112,112,53,4.6124761088e+10,4.981560064e+10
441.482,112,112,53,4.6088060928e+10,4.981560064e+10
441.683,112,112,53,4.6066040832e+10,4.981560064e+10
441.884,112,112,53,4.6056603648e+10,4.981560064e+10
442.086,112,112,53,4.6059749376e+10,4.981560064e+10
442.287,112,112,53,4.6099595264e+10,4.981560064e+10
442.488,112,112,53,4.610588672e+10,4.981560064e+10
442.689,112,112,53,4.6080720896e+10,4.981560064e+10
442.891,112,112,53,4.6072332288e+10,4.981560064e+10
443.092,112,112,53,4.6089109504e+10,4.981560064e+10
443.293,112,112,53,4.6106935296e+10,4.981560064e+10
443.495,112,112,53,4.6081769472e+10,4.981560064e+10
443.696,112,112,53,4.60849152e+10,4.981560064e+10
443.897,112,112,53,4.6047166464e+10,4.981560064e+10
444.098,112,112,53,4.601675776e+10,4.981560064e+10
444.300,112,112,53,4.6023049216e+10,4.981560064e+10
444.501,112,112,53,4.6034583552e+10,4.981560064e+10
444.702,112,112,53,4.6034583552e+10,4.981560064e+10
444.903,112,112,53,4.6023049216e+10,4.981560064e+10
445.105,112,112,53,4.6030389248e+10,4.981560064e+10
445.306,112,112,53,4.6030389248e+10,4.981560064e+10
445.507,112,112,53,4.6061846528e+10,4.981560064e+10
445.709,112,112,53,4.6034583552e+10,4.981560064e+10
445.910,112,112,53,4.6067089408e+10,4.981560064e+10
446.111,112,112,53,4.603772928e+10,4.981560064e+10
446.313,112,112,53,4.6025146368e+10,4.981560064e+10
446.514,112,112,53,4.6009417728e+10,4.981560064e+10
446.715,112,112,53,4.6013612032e+10,4.981560064e+10
446.916,112,112,53,4.6007320576e+10,4.981560064e+10
447.118,112,112,53,4.5989494784e+10,4.981560064e+10
447.319,112,112,53,4.5988446208e+10,4.981560064e+10
447.520,112,112,53,4.5977960448e+10,4.981560064e+10
447.722,112,112,53,4.6013612032e+10,4.981560064e+10
447.923,112,112,53,4.6009417728e+10,4.981560064e+10
448.124,112,112,53,4.602200064e+10,4.981560064e+10
448.326,112,112,53,4.5992640512e+10,4.981560064e+10
448.527,112,112,53,4.6004174848e+10,4.981560064e+10
448.729,112,112,53,4.6004174848e+10,4.981560064e+10
448.930,112,112,53,4.5955940352e+10,4.981560064e+10
449.131,112,112,53,4.5956988928e+10,4.981560064e+10
449.333,112,112,53,4.5958037504e+10,4.981560064e+10
449.534,112,112,53,4.5949648896e+10,4.981560064e+10
449.735,112,112,53,4.5940211712e+10,4.981560064e+10
449.937,112,112,53,4.59538432e+10,4.981560064e+10
450.138,112,112,53,4.597481472e+10,4.981560064e+10
450.339,112,112,53,4.5971668992e+10,4.981560064e+10
450.540,112,112,53,4.598530048e+10,4.981560064e+10
450.741,112,112,53,4.5975863296e+10,4.981560064e+10
450.943,112,112,53,4.5966426112e+10,4.981560064e+10
451.144,112,112,53,4.5965377536e+10,4.981560064e+10
451.345,112,112,53,4.5944406016e+10,4.981560064e+10
451.546,112,112,53,4.5888831488e+10,4.981560064e+10
451.748,112,112,53,4.5923434496e+10,4.981560064e+10
451.949,112,112,53,4.5921337344e+10,4.981560064e+10
452.151,112,112,53,4.5915045888e+10,4.981560064e+10
452.352,112,112,53,4.5929725952e+10,4.981560064e+10
452.554,112,112,53,4.5904560128e+10,4.981560064e+10
452.755,112,112,53,4.5940211712e+10,4.981560064e+10
452.956,112,112,53,4.5944406016e+10,4.981560064e+10
453.158,112,112,53,4.59276288e+10,4.981560064e+10
453.359,112,112,53,4.5909803008e+10,4.981560064e+10
453.561,112,112,53,4.5913997312e+10,4.981560064e+10
453.762,112,112,53,4.5925531648e+10,4.981560064e+10
453.963,112,112,53,4.5884637184e+10,4.981560064e+10
454.165,112,112,53,4.5865762816e+10,4.981560064e+10
454.366,112,112,53,4.5868908544e+10,4.981560064e+10
454.567,112,112,53,4.5883588608e+10,4.981560064e+10
454.768,112,112,53,4.590665728e+10,4.981560064e+10
454.970,112,112,53,4.5889880064e+10,4.981560064e+10
455.171,112,112,53,4.5877297152e+10,4.981560064e+10
455.372,112,112,53,4.5852131328e+10,4.981560064e+10
455.574,112,112,53,4.5861568512e+10,4.981560064e+10
455.775,112,112,53,4.5887782912e+10,4.981560064e+10
455.976,112,112,53,4.5879394304e+10,4.981560064e+10
456.178,112,112,53,4.5876248576e+10,4.981560064e+10
456.379,112,112,53,4.585947136e+10,4.981560064e+10
456.581,112,112,53,4.5844791296e+10,4.981560064e+10
456.782,112,112,53,4.5862617088e+10,4.981560064e+10
456.984,112,112,53,4.5850034176e+10,4.981560064e+10
457.185,112,112,53,4.5835354112e+10,4.981560064e+10
457.386,112,112,53,4.5840596992e+10,4.981560064e+10
457.588,112,112,53,4.583325696e+10,4.981560064e+10
457.789,112,112,53,4.5836402688e+10,4.981560064e+10
457.990,112,112,53,4.583325696e+10,4.981560064e+10
458.192,112,112,53,4.581752832e+10,4.981560064e+10
458.393,112,112,53,4.5824868352e+10,4.981560064e+10
458.594,112,112,53,4.581752832e+10,4.981560064e+10
458.796,112,112,53,4.580704256e+10,4.981560064e+10
458.997,112,112,53,4.57965568e+10,4.981560064e+10
459.198,112,112,53,4.582801408e+10,4.981560064e+10
459.400,112,112,53,4.5826965504e+10,4.981560064e+10
459.601,112,112,53,4.5821722624e+10,4.981560064e+10
459.803,112,112,53,4.581752832e+10,4.981560064e+10
460.004,112,112,53,4.5800751104e+10,4.981560064e+10
460.205,112,112,53,4.5805993984e+10,4.981560064e+10
460.406,112,112,53,4.5808091136e+10,4.981560064e+10
460.608,112,112,53,4.5797605376e+10,4.981560064e+10
460.809,112,112,53,4.581752832e+10,4.981560064e+10
461.010,112,112,53,4.5810188288e+10,4.981560064e+10
461.212,112,112,53,4.578082816e+10,4.981560064e+10
461.413,112,112,53,4.576509952e+10,4.981560064e+10
461.614,112,112,53,4.573888512e+10,4.981560064e+10
461.815,112,112,53,4.573364224e+10,4.981560064e+10
462.016,112,112,53,4.5783973888e+10,4.981560064e+10
462.217,112,112,53,4.5777682432e+10,4.981560064e+10
462.418,112,112,53,4.5774536704e+10,4.981560064e+10
462.619,112,112,53,4.5789216768e+10,4.981560064e+10
462.820,112,112,53,4.5755662336e+10,4.981560064e+10
463.022,112,112,53,4.5742030848e+10,4.981560064e+10
463.223,112,112,53,4.5740982272e+10,4.981560064e+10
463.424,112,112,53,4.5794459648e+10,4.981560064e+10
463.625,112,112,53,4.578607104e+10,4.981560064e+10
463.827,112,112,53,4.5785022464e+10,4.981560064e+10
464.028,112,112,53,4.5755662336e+10,4.981560064e+10
464.229,112,112,53,4.5753565184e+10,4.981560064e+10
464.431,112,112,53,4.569694208e+10,4.981560064e+10
464.632,112,112,53,4.5705330688e+10,4.981560064e+10
464.833,112,112,53,4.5724205056e+10,4.981560064e+10
465.035,112,112,53,4.5730496512e+10,4.981560064e+10
465.236,112,112,53,4.5736787968e+10,4.981560064e+10
465.437,112,112,53,4.5716865024e+10,4.981560064e+10
465.639,112,112,53,4.5714767872e+10,4.981560064e+10
465.840,112,112,53,4.5705330688e+10,4.981560064e+10
466.041,112,112,53,4.5713719296e+10,4.981560064e+10
466.242,112,112,53,4.5703233536e+10,4.981560064e+10
466.444,112,112,53,4.5703233536e+10,4.981560064e+10
466.645,112,112,53,4.5703233536e+10,4.981560064e+10
466.846,112,112,53,4.567597056e+10,4.981560064e+10
467.047,112,112,53,4.5645561856e+10,4.981560064e+10
467.249,112,112,53,4.5661290496e+10,4.981560064e+10
467.450,112,112,53,4.5653950464e+10,4.981560064e+10
467.651,112,112,53,4.5668630528e+10,4.981560064e+10
467.852,112,112,53,4.5694844928e+10,4.981560064e+10
468.054,112,112,53,4.5699039232e+10,4.981560064e+10
468.255,112,112,53,4.5695893504e+10,4.981560064e+10
468.456,112,112,53,4.5684359168e+10,4.981560064e+10
468.657,112,112,53,4.5685407744e+10,4.981560064e+10
468.859,112,112,53,4.5690650624e+10,4.981560064e+10
469.060,112,112,53,4.5695893504e+10,4.981560064e+10
469.261,112,112,53,4.567597056e+10,4.981560064e+10
469.462,112,112,53,4.5672824832e+10,4.981560064e+10
469.664,112,112,53,4.5627736064e+10,4.981560064e+10
469.865,112,112,53,4.559732736e+10,4.981560064e+10
470.066,112,112,53,4.5616201728e+10,4.981560064e+10
470.268,112,112,53,4.5630881792e+10,4.981560064e+10
470.469,112,112,53,4.5632978944e+10,4.981560064e+10
470.670,112,112,53,4.5652901888e+10,4.981560064e+10
470.871,112,112,53,4.5648707584e+10,4.981560064e+10
471.072,112,112,53,4.5647659008e+10,4.981560064e+10
471.274,112,112,53,4.5626687488e+10,4.981560064e+10
471.475,112,112,53,4.5648707584e+10,4.981560064e+10
471.677,112,112,53,4.5645561856e+10,4.981560064e+10
471.878,112,112,53,4.5642416128e+10,4.981560064e+10
472.079,112,112,53,4.5598375936e+10,4.981560064e+10
472.280,112,112,53,4.5587890176e+10,4.981560064e+10
472.481,112,112,53,4.5612007424e+10,4.981560064e+10
472.682,112,112,53,4.5596278784e+10,4.981560064e+10
472.884,112,112,53,4.5593133056e+10,4.981560064e+10
473.085,112,112,53,4.559732736e+10,4.981560064e+10
473.286,112,112,53,4.5591035904e+10,4.981560064e+10
473.487,112,112,53,4.5620396032e+10,4.981560064e+10
473.688,112,112,53,4.560257024e+10,4.981560064e+10
473.889,112,112,53,4.5595230208e+10,4.981560064e+10
474.090,112,112,53,4.5562724352e+10,4.981560064e+10
474.291,112,112,53,4.5574258688e+10,4.981560064e+10
474.492,112,112,53,4.559208448e+10,4.981560064e+10
474.694,112,112,53,4.5594181632e+10,4.981560064e+10
474.895,112,112,53,4.5573210112e+10,4.981560064e+10
475.096,112,112,53,4.5573210112e+10,4.981560064e+10
475.298,112,112,53,4.5578452992e+10,4.981560064e+10
475.499,112,112,53,4.5575307264e+10,4.981560064e+10
475.700,112,112,53,4.5542801408e+10,4.981560064e+10
475.902,112,112,53,4.5549092864e+10,4.981560064e+10
476.103,112,112,53,4.5561675776e+10,4.981560064e+10
476.304,112,112,53,4.5548044288e+10,4.981560064e+10
476.506,112,112,53,4.5527072768e+10,4.981560064e+10
476.707,112,112,53,4.551868416e+10,4.981560064e+10
476.909,112,112,53,4.5512392704e+10,4.981560064e+10
477.110,112,112,53,4.5538607104e+10,4.981560064e+10
477.311,112,112,53,4.5533364224e+10,4.981560064e+10
477.513,112,112,53,4.5517635584e+10,4.981560064e+10
477.714,112,112,53,4.5533364224e+10,4.981560064e+10
477.916,112,112,53,4.5535461376e+10,4.981560064e+10
478.117,112,112,53,4.5537558528e+10,4.981560064e+10
478.318,112,112,53,4.5536509952e+10,4.981560064e+10
478.519,112,112,53,4.5537558528e+10,4.981560064e+10
478.720,112,112,53,4.5515538432e+10,4.981560064e+10
478.922,112,112,53,4.5528121344e+10,4.981560064e+10
479.123,112,112,53,4.5516587008e+10,4.981560064e+10
479.324,112,112,53,4.5504004096e+10,4.981560064e+10
479.525,112,112,53,4.5494566912e+10,4.981560064e+10
479.726,112,112,53,4.5469401088e+10,4.981560064e+10
479.928,112,112,53,4.5484081152e+10,4.981560064e+10
480.129,112,112,53,4.5480935424e+10,4.981560064e+10
480.330,112,112,53,4.5496664064e+10,4.981560064e+10
480.531,112,112,53,4.5496664064e+10,4.981560064e+10
480.732,112,112,53,4.5480935424e+10,4.981560064e+10
480.934,112,112,53,4.5501906944e+10,4.981560064e+10
481.135,112,112,53,4.5496664064e+10,4.981560064e+10
481.336,112,112,53,4.5491421184e+10,4.981560064e+10
481.537,112,112,53,4.5469401088e+10,4.981560064e+10
481.738,112,112,53,4.5480935424e+10,4.981560064e+10
481.939,112,112,53,4.5473595392e+10,4.981560064e+10
482.141,112,112,53,4.5467303936e+10,4.981560064e+10
482.342,112,112,53,4.5441089536e+10,4.981560064e+10
482.543,112,112,53,4.5415923712e+10,4.981560064e+10
482.744,112,112,53,4.5425360896e+10,4.981560064e+10
482.945,112,112,53,4.5438992384e+10,4.981560064e+10
483.147,112,112,53,4.5465206784e+10,4.981560064e+10
483.348,112,112,53,4.5451575296e+10,4.981560064e+10
483.549,112,112,53,4.5472546816e+10,4.981560064e+10
483.751,112,112,53,4.5446332416e+10,4.981560064e+10
483.952,112,112,53,4.5446332416e+10,4.981560064e+10
484.154,112,112,53,4.5446332416e+10,4.981560064e+10
484.355,112,112,53,4.5421166592e+10,4.981560064e+10
484.556,112,112,53,4.5426409472e+10,4.981560064e+10
484.758,112,112,53,4.5416972288e+10,4.981560064e+10
484.959,112,112,53,4.5404389376e+10,4.981560064e+10
485.160,112,112,53,4.5378174976e+10,4.981560064e+10
485.361,112,112,53,4.5393903616e+10,4.981560064e+10
485.563,112,112,53,4.539809792e+10,4.981560064e+10
485.764,112,112,53,4.5415923712e+10,4.981560064e+10
485.965,112,112,53,4.5399146496e+10,4.981560064e+10
486.167,112,112,53,4.53771264e+10,4.981560064e+10
486.368,112,112,53,4.539809792e+10,4.981560064e+10
486.569,112,112,53,4.5402292224e+10,4.981560064e+10
486.770,112,112,53,4.5406486528e+10,4.981560064e+10
486.972,112,112,53,4.5420118016e+10,4.981560064e+10
487.173,112,112,53,4.540858368e+10,4.981560064e+10
487.375,112,112,53,4.5381320704e+10,4.981560064e+10
487.576,112,112,53,4.5370834944e+10,4.981560064e+10
487.778,112,112,53,4.5337280512e+10,4.981560064e+10
487.979,112,112,53,4.5353009152e+10,4.981560064e+10
488.180,112,112,53,4.536139776e+10,4.981560064e+10
488.381,112,112,53,4.5364543488e+10,4.981560064e+10
488.583,112,112,53,4.5347766272e+10,4.981560064e+10
488.784,112,112,53,4.5343571968e+10,4.981560064e+10
488.985,112,112,53,4.5351960576e+10,4.981560064e+10
489.187,112,112,53,4.5364543488e+10,4.981560064e+10
489.388,112,112,53,4.5338329088e+10,4.981560064e+10
489.589,112,112,53,4.539285504e+10,4.981560064e+10
489.790,112,112,53,4.5390757888e+10,4.981560064e+10
489.991,112,112,53,4.5379223552e+10,4.981560064e+10
490.193,112,112,53,4.5350912e+10,4.981560064e+10
490.394,112,112,53,4.5326794752e+10,4.981560064e+10
490.596,112,112,53,4.5321551872e+10,4.981560064e+10
490.797,112,112,53,4.5306871808e+10,4.981560064e+10
490.998,112,112,53,4.530896896e+10,4.981560064e+10
491.200,112,112,53,4.5296386048e+10,4.981560064e+10
491.401,112,112,53,4.5328891904e+10,4.981560064e+10
491.603,112,112,53,4.5334134784e+10,4.981560064e+10
491.804,112,112,53,4.5300580352e+10,4.981560064e+10
492.005,112,112,53,4.5325746176e+10,4.981560064e+10
492.207,112,112,53,4.531945472e+10,4.981560064e+10
492.408,112,112,53,4.5372932096e+10,4.981560064e+10
492.609,112,112,53,4.537188352e+10,4.981560064e+10
492.811,112,112,53,4.5362446336e+10,4.981560064e+10
493.012,112,112,53,4.5276463104e+10,4.981560064e+10
493.214,112,112,53,4.5306871808e+10,4.981560064e+10
493.415,112,112,53,4.5294288896e+10,4.981560064e+10
493.616,112,112,53,4.5273317376e+10,4.981560064e+10
493.818,112,112,53,4.52722688e+10,4.981560064e+10
494.019,112,112,53,4.5290094592e+10,4.981560064e+10
494.220,112,112,53,4.528799744e+10,4.981560064e+10
494.422,112,112,53,4.5275414528e+10,4.981560064e+10
494.623,112,112,53,4.5292191744e+10,4.981560064e+10
494.824,112,112,53,4.527751168e+10,4.981560064e+10
495.026,112,112,53,4.5278560256e+10,4.981560064e+10
495.227,112,112,53,4.5273317376e+10,4.981560064e+10
495.428,112,112,53,4.5281705984e+10,4.981560064e+10
495.630,112,112,53,4.5285900288e+10,4.981560064e+10
495.831,112,112,53,4.5295337472e+10,4.981560064e+10
496.032,112,112,53,4.5275414528e+10,4.981560064e+10
496.234,112,112,53,4.5257588736e+10,4.981560064e+10
496.435,112,112,53,4.525654016e+10,4.981560064e+10
496.636,112,112,53,4.5243957248e+10,4.981560064e+10
496.837,112,112,53,4.5254443008e+10,4.981560064e+10
497.038,112,112,53,4.5257588736e+10,4.981560064e+10
497.239,112,112,53,4.525654016e+10,4.981560064e+10
497.441,112,112,53,4.5243957248e+10,4.981560064e+10
497.642,112,112,53,4.5213548544e+10,4.981560064e+10
497.843,112,112,53,4.5248151552e+10,4.981560064e+10
498.044,112,112,53,4.5257588736e+10,4.981560064e+10
498.245,112,112,53,4.5254443008e+10,4.981560064e+10
498.447,112,112,53,4.525129728e+10,4.981560064e+10
498.648,112,112,53,4.5260734464e+10,4.981560064e+10
498.849,112,112,53,4.5252345856e+10,4.981560064e+10
499.051,112,112,53,4.5229277184e+10,4.981560064e+10
499.252,112,112,53,4.5218791424e+10,4.981560064e+10
499.453,112,112,53,4.5218791424e+10,4.981560064e+10
499.655,112,112,53,4.519886848e+10,4.981560064e+10
499.856,112,112,53,4.5196771328e+10,4.981560064e+10
500.057,112,112,53,4.5237665792e+10,4.981560064e+10
500.258,112,112,53,4.5210402816e+10,4.981560064e+10
500.460,112,112,53,4.5222985728e+10,4.981560064e+10
500.661,112,112,53,4.5236617216e+10,4.981560064e+10
500.862,112,112,53,4.5237665792e+10,4.981560064e+10
501.064,112,112,53,4.5221937152e+10,4.981560064e+10
501.265,112,112,53,4.5211451392e+10,4.981560064e+10
501.466,112,112,53,4.5203062784e+10,4.981560064e+10
501.668,112,112,53,4.5206208512e+10,4.981560064e+10
501.869,112,112,53,4.5189431296e+10,4.981560064e+10
502.070,112,112,53,4.5217742848e+10,4.981560064e+10
502.272,112,112,53,4.521984e+10,4.981560064e+10
502.473,112,112,53,4.5200965632e+10,4.981560064e+10
502.674,112,112,53,4.515168256e+10,4.981560064e+10
502.876,112,112,53,4.518313984e+10,4.981560064e+10
503.077,112,112,53,4.517265408e+10,4.981560064e+10
503.278,112,112,53,4.5176848384e+10,4.981560064e+10
503.480,112,112,53,4.5147488256e+10,4.981560064e+10
503.681,112,112,53,4.5164265472e+10,4.981560064e+10
503.883,112,112,53,4.5154828288e+10,4.981560064e+10
504.084,112,112,53,4.5185236992e+10,4.981560064e+10
504.285,112,112,53,4.5184188416e+10,4.981560064e+10
504.487,112,112,53,4.5189431296e+10,4.981560064e+10
504.688,112,112,53,4.515168256e+10,4.981560064e+10
504.889,112,112,53,4.515168256e+10,4.981560064e+10
505.090,112,112,53,4.5118128128e+10,4.981560064e+10
505.292,112,112,53,4.5142245376e+10,4.981560064e+10
505.493,112,112,53,4.5147488256e+10,4.981560064e+10
505.694,112,112,53,4.5133856768e+10,4.981560064e+10
505.895,112,112,53,4.5137002496e+10,4.981560064e+10
506.096,112,112,53,4.5134905344e+10,4.981560064e+10
506.298,112,112,53,4.5144342528e+10,4.981560064e+10
506.499,112,112,53,4.5105545216e+10,4.981560064e+10
506.700,112,112,53,4.5147488256e+10,4.981560064e+10
506.901,112,112,53,4.5153779712e+10,4.981560064e+10
507.103,112,112,53,4.5166362624e+10,4.981560064e+10
507.304,112,112,53,4.512546816e+10,4.981560064e+10
507.506,112,112,53,4.5092962304e+10,4.981560064e+10
507.707,112,112,53,4.5147488256e+10,4.981560064e+10
507.908,112,112,53,4.5129662464e+10,4.981560064e+10
508.109,112,112,53,4.5111836672e+10,4.981560064e+10
508.311,112,112,53,4.5111836672e+10,4.981560064e+10
508.512,112,112,53,4.5107642368e+10,4.981560064e+10
508.713,112,112,53,4.5092962304e+10,4.981560064e+10
508.914,112,112,53,4.509925376e+10,4.981560064e+10
509.115,112,112,53,4.510973952e+10,4.981560064e+10
509.317,112,112,53,4.51149824e+10,4.981560064e+10
509.518,112,112,53,4.5121273856e+10,4.981560064e+10
509.719,112,112,53,4.5082476544e+10,4.981560064e+10
509.920,112,112,53,4.5079330816e+10,4.981560064e+10
510.121,112,112,53,4.5086670848e+10,4.981560064e+10
510.322,112,112,53,4.5091913728e+10,4.981560064e+10
510.523,112,112,53,4.5087719424e+10,4.981560064e+10
510.724,112,112,53,4.5074087936e+10,4.981560064e+10
510.925,112,112,53,4.5088768e+10,4.981560064e+10
511.126,112,112,53,4.5090865152e+10,4.981560064e+10
511.327,112,112,53,4.508352512e+10,4.981560064e+10
511.528,112,112,53,4.5088768e+10,4.981560064e+10
511.729,112,112,53,4.5085622272e+10,4.981560064e+10
511.930,112,112,53,4.5070942208e+10,4.981560064e+10
512.131,112,112,53,4.508352512e+10,4.981560064e+10
512.332,112,112,53,4.508352512e+10,4.981560064e+10
512.533,112,112,53,4.5066747904e+10,4.981560064e+10
512.734,112,112,53,4.5056262144e+10,4.981560064e+10
512.935,112,112,53,4.5058359296e+10,4.981560064e+10
513.136,112,112,53,4.50625536e+10,4.981560064e+10
513.337,112,112,53,4.50625536e+10,4.981560064e+10
513.538,112,112,53,4.5065699328e+10,4.981560064e+10
513.740,112,112,53,4.506779648e+10,4.981560064e+10
513.941,112,112,53,4.5056262144e+10,4.981560064e+10
514.142,112,112,53,4.505206784e+10,4.981560064e+10
514.343,112,112,53,4.5054164992e+10,4.981560064e+10
514.545,112,112,53,4.5066747904e+10,4.981560064e+10
514.746,112,112,53,4.5061505024e+10,4.981560064e+10
514.947,112,112,53,4.505206784e+10,4.981560064e+10
515.148,112,112,53,4.5053116416e+10,4.981560064e+10
515.349,112,112,53,4.5069893632e+10,4.981560064e+10
515.551,112,112,53,4.508352512e+10,4.981560064e+10
515.752,112,112,53,4.5084573696e+10,4.981560064e+10
515.953,112,112,53,4.5026902016e+10,4.981560064e+10
516.154,112,112,53,4.5022707712e+10,4.981560064e+10
516.356,112,112,53,4.503109632e+10,4.981560064e+10
516.557,112,112,53,4.5017464832e+10,4.981560064e+10
516.758,112,112,53,4.5028999168e+10,4.981560064e+10
516.960,112,112,53,4.5044727808e+10,4.981560064e+10
517.161,112,112,53,4.5027950592e+10,4.981560064e+10
517.362,112,112,53,4.5016416256e+10,4.981560064e+10
517.563,112,112,53,4.5016416256e+10,4.981560064e+10
517.764,112,112,53,4.5026902016e+10,4.981560064e+10
517.966,112,112,53,4.5011173376e+10,4.981560064e+10
518.167,112,112,53,4.4988104704e+10,4.981560064e+10
518.368,112,112,53,4.4997541888e+10,4.981560064e+10
518.570,112,112,53,4.4987056128e+10,4.981560064e+10
518.771,112,112,53,4.50363392e+10,4.981560064e+10
518.973,112,112,53,4.5040533504e+10,4.981560064e+10
519.174,112,112,53,4.5023756288e+10,4.981560064e+10
519.375,112,112,53,4.4988104704e+10,4.981560064e+10
519.577,112,112,53,4.4997541888e+10,4.981560064e+10
519.778,112,112,53,4.498915328e+10,4.981560064e+10
519.979,112,112,53,4.4988104704e+10,4.981560064e+10
520.181,112,112,53,4.5012221952e+10,4.981560064e+10
520.382,112,112,53,4.5013270528e+10,4.981560064e+10
520.583,112,112,53,4.4992299008e+10,4.981560064e+10
520.785,112,112,53,4.4982861824e+10,4.981560064e+10
520.986,112,112,53,4.4971327488e+10,4.981560064e+10
521.187,112,112,53,4.4967133184e+10,4.981560064e+10
521.389,112,112,53,4.4955598848e+10,4.981560064e+10
521.590,112,112,53,4.496818176e+10,4.981560064e+10
521.792,112,112,53,4.4966084608e+10,4.981560064e+10
521.993,112,112,53,4.4991250432e+10,4.981560064e+10
522.195,112,112,53,4.4984958976e+10,4.981560064e+10
522.396,112,112,53,4.5001736192e+10,4.981560064e+10
522.598,112,112,53,4.4996493312e+10,4.981560064e+10
522.799,112,112,53,4.4976570368e+10,4.981560064e+10
523.000,112,112,53,4.4959793152e+10,4.981560064e+10
523.202,112,112,53,4.4969230336e+10,4.981560064e+10
523.403,112,112,53,4.4975521792e+10,4.981560064e+10
523.604,112,112,53,4.4969230336e+10,4.981560064e+10
523.806,112,112,53,4.494721024e+10,4.981560064e+10
524.007,112,112,53,4.4940918784e+10,4.981560064e+10
524.208,112,112,53,4.4956647424e+10,4.981560064e+10
524.410,112,112,53,4.495245312e+10,4.981560064e+10
524.611,112,112,53,4.4933578752e+10,4.981560064e+10
524.812,112,112,53,4.4925190144e+10,4.981560064e+10
525.013,112,112,53,4.4950355968e+10,4.981560064e+10
525.215,112,112,53,4.4988104704e+10,4.981560064e+10
525.416,112,112,53,4.5024804864e+10,4.981560064e+10
525.617,112,112,53,4.4974473216e+10,4.981560064e+10
525.819,112,112,53,4.4943015936e+10,4.981560064e+10
526.020,112,112,53,4.4951404544e+10,4.981560064e+10
526.221,112,112,53,4.4945113088e+10,4.981560064e+10
526.423,112,112,53,4.4902121472e+10,4.981560064e+10
526.624,112,112,53,4.490002432e+10,4.981560064e+10
526.825,112,112,53,4.4902121472e+10,4.981560064e+10
527.027,112,112,53,4.4945113088e+10,4.981560064e+10
527.228,112,112,53,4.4971327488e+10,4.981560064e+10
527.429,112,112,53,4.4943015936e+10,4.981560064e+10
527.630,112,112,53,4.490002432e+10,4.981560064e+10
527.832,112,112,53,4.4880101376e+10,4.981560064e+10
528.033,112,112,53,4.4901072896e+10,4.981560064e+10
528.234,112,112,53,4.4924141568e+10,4.981560064e+10
528.435,112,112,53,4.4955598848e+10,4.981560064e+10
528.637,112,112,53,4.4954550272e+10,4.981560064e+10
528.838,112,112,53,4.4945113088e+10,4.981560064e+10
529.039,112,112,53,4.4943015936e+10,4.981560064e+10
529.241,112,112,53,4.4949307392e+10,4.981560064e+10
529.442,112,112,53,4.49052672e+10,4.981560064e+10
529.643,112,112,53,4.4897927168e+10,4.981560064e+10
529.845,112,112,53,4.4869615616e+10,4.981560064e+10
530.046,112,112,53,4.490002432e+10,4.981560064e+10
530.247,112,112,53,4.4912607232e+10,4.981560064e+10
530.448,112,112,53,4.49052672e+10,4.981560064e+10
530.650,112,112,53,4.4891635712e+10,4.981560064e+10
530.851,112,112,53,4.48790528e+10,4.981560064e+10
531.052,112,112,53,4.4882198528e+10,4.981560064e+10
531.253,112,112,53,4.488953856e+10,4.981560064e+10
531.455,112,112,53,4.4917850112e+10,4.981560064e+10
531.656,112,112,53,4.4908412928e+10,4.981560064e+10
531.857,112,112,53,4.4903170048e+10,4.981560064e+10
532.059,112,112,53,4.4871712768e+10,4.981560064e+10
532.260,112,112,53,4.4897927168e+10,4.981560064e+10
532.461,112,112,53,4.489478144e+10,4.981560064e+10
532.662,112,112,53,4.4849692672e+10,4.981560064e+10
532.864,112,112,53,4.4841304064e+10,4.981560064e+10
533.065,112,112,53,4.4841304064e+10,4.981560064e+10
533.266,112,112,53,4.4870664192e+10,4.981560064e+10
533.468,112,112,53,4.4886392832e+10,4.981560064e+10
533.669,112,112,53,4.490002432e+10,4.981560064e+10
533.870,112,112,53,4.4875907072e+10,4.981560064e+10
534.072,112,112,53,4.4866469888e+10,4.981560064e+10
534.273,112,112,53,4.4866469888e+10,4.981560064e+10
534.474,112,112,53,4.4862275584e+10,4.981560064e+10
534.675,112,112,53,4.4875907072e+10,4.981560064e+10
534.877,112,112,53,4.4866469888e+10,4.981560064e+10
535.078,112,112,53,4.4850741248e+10,4.981560064e+10
535.280,112,112,53,4.4833964032e+10,4.981560064e+10
535.481,112,112,53,4.4844449792e+10,4.981560064e+10
535.682,112,112,53,4.4829769728e+10,4.981560064e+10
535.883,112,112,53,4.48528384e+10,4.981560064e+10
536.084,112,112,53,4.481613824e+10,4.981560064e+10
536.286,112,112,53,4.481613824e+10,4.981560064e+10
536.487,112,112,53,4.483186688e+10,4.981560064e+10
536.688,112,112,53,4.4851789824e+10,4.981560064e+10
536.889,112,112,53,4.484759552e+10,4.981560064e+10
537.090,112,112,53,4.4865421312e+10,4.981560064e+10
537.292,112,112,53,4.4850741248e+10,4.981560064e+10
537.493,112,112,53,4.4839206912e+10,4.981560064e+10
537.694,112,112,53,4.4809846784e+10,4.981560064e+10
537.896,112,112,53,4.4849692672e+10,4.981560064e+10
538.097,112,112,53,4.4860178432e+10,4.981560064e+10
538.298,112,112,53,4.4832915456e+10,4.981560064e+10
538.500,112,112,53,4.483186688e+10,4.981560064e+10
538.701,112,112,53,4.4804603904e+10,4.981560064e+10
538.903,112,112,53,4.4797263872e+10,4.981560064e+10
539.104,112,112,53,4.4798312448e+10,4.981560064e+10
539.305,112,112,53,4.4780486656e+10,4.981560064e+10
539.507,112,112,53,4.4778389504e+10,4.981560064e+10
539.708,112,112,53,4.4788875264e+10,4.981560064e+10
539.910,112,112,53,4.4818235392e+10,4.981560064e+10
540.111,112,112,53,4.4783632384e+10,4.981560064e+10
540.313,112,112,53,4.4780486656e+10,4.981560064e+10
540.514,112,112,53,4.477943808e+10,4.981560064e+10
540.715,112,112,53,4.4807749632e+10,4.981560064e+10
540.916,112,112,53,4.4823478272e+10,4.981560064e+10
541.118,112,112,53,4.4812992512e+10,4.981560064e+10
541.319,112,112,53,4.4799361024e+10,4.981560064e+10
541.520,112,112,53,4.4767903744e+10,4.981560064e+10
541.721,112,112,53,4.4755320832e+10,4.981560064e+10
541.923,112,112,53,4.4739592192e+10,4.981560064e+10
542.124,112,112,53,4.4757417984e+10,4.981560064e+10
542.326,112,112,53,4.4752175104e+10,4.981560064e+10
542.527,112,112,53,4.4764758016e+10,4.981560064e+10
542.728,112,112,53,4.4755320832e+10,4.981560064e+10
542.930,112,112,53,4.4759515136e+10,4.981560064e+10
543.131,112,112,53,4.47741952e+10,4.981560064e+10
543.332,112,112,53,4.4790972416e+10,4.981560064e+10
543.534,112,112,53,4.4777340928e+10,4.981560064e+10
543.735,112,112,53,4.4822429696e+10,4.981560064e+10
543.936,112,112,53,4.4809846784e+10,4.981560064e+10
544.137,112,112,53,4.4793069568e+10,4.981560064e+10
544.339,112,112,53,4.4728057856e+10,4.981560064e+10
544.540,112,112,53,4.471652352e+10,4.981560064e+10
544.741,112,112,53,4.4697649152e+10,4.981560064e+10
544.943,112,112,53,4.471652352e+10,4.981560064e+10
545.144,112,112,53,4.4712329216e+10,4.981560064e+10
545.345,112,112,53,4.4707086336e+10,4.981560064e+10
545.546,112,112,53,4.4735397888e+10,4.981560064e+10
545.748,112,112,53,4.472700928e+10,4.981560064e+10
545.949,112,112,53,4.4740640768e+10,4.981560064e+10
546.150,112,112,53,4.47479808e+10,4.981560064e+10
546.352,112,112,53,4.4741689344e+10,4.981560064e+10
546.553,112,112,53,4.4762660864e+10,4.981560064e+10
546.754,112,112,53,4.4782583808e+10,4.981560064e+10
546.955,112,112,53,4.4780486656e+10,4.981560064e+10
547.157,112,112,53,4.4756369408e+10,4.981560064e+10
547.358,112,112,53,4.4743786496e+10,4.981560064e+10
547.560,112,112,53,4.4731203584e+10,4.981560064e+10
547.761,112,112,53,4.4723863552e+10,4.981560064e+10
547.962,112,112,53,4.4709183488e+10,4.981560064e+10
548.164,112,112,53,4.4696600576e+10,4.981560064e+10
548.365,112,112,53,4.4694503424e+10,4.981560064e+10
548.566,112,112,53,4.4692406272e+10,4.981560064e+10
548.767,112,112,53,4.4709183488e+10,4.981560064e+10
548.969,112,112,53,4.4720717824e+10,4.981560064e+10
549.170,112,112,53,4.4719669248e+10,4.981560064e+10
549.371,112,112,53,4.4729106432e+10,4.981560064e+10
549.572,112,112,53,4.4733300736e+10,4.981560064e+10
549.774,112,112,53,4.4720717824e+10,4.981560064e+10
549.975,112,112,53,4.4733300736e+10,4.981560064e+10
550.176,112,112,53,4.473749504e+10,4.981560064e+10
550.378,112,112,53,4.4718620672e+10,4.981560064e+10
550.579,112,112,53,4.4687163392e+10,4.981560064e+10
550.780,112,112,53,4.4689260544e+10,4.981560064e+10
550.981,112,112,53,4.4666191872e+10,4.981560064e+10
551.183,112,112,53,4.4684017664e+10,4.981560064e+10
551.384,112,112,53,4.4692406272e+10,4.981560064e+10
551.585,112,112,53,4.4692406272e+10,4.981560064e+10
551.787,112,112,53,4.4703940608e+10,4.981560064e+10
551.988,112,112,53,4.4696600576e+10,4.981560064e+10
552.190,112,112,53,4.471128064e+10,4.981560064e+10
552.391,112,112,53,4.4701843456e+10,4.981560064e+10
552.592,112,112,53,4.4724912128e+10,4.981560064e+10
552.793,112,112,53,4.471652352e+10,4.981560064e+10
552.995,112,112,53,4.4707086336e+10,4.981560064e+10
553.196,112,112,53,4.4713377792e+10,4.981560064e+10
553.397,112,112,53,4.471128064e+10,4.981560064e+10
553.598,112,112,53,4.471128064e+10,4.981560064e+10
553.800,112,112,53,4.4691357696e+10,4.981560064e+10
554.001,112,112,53,4.4692406272e+10,4.981560064e+10
554.202,112,112,53,4.469030912e+10,4.981560064e+10
554.403,112,112,53,4.4661997568e+10,4.981560064e+10
554.605,112,112,53,4.4684017664e+10,4.981560064e+10
554.806,112,112,53,4.468506624e+10,4.981560064e+10
555.007,112,112,53,4.4678774784e+10,4.981560064e+10
555.208,112,112,53,4.467458048e+10,4.981560064e+10
555.412,112,112,53,4.4712329216e+10,4.981560064e+10
555.613,112,112,53,4.4709183488e+10,4.981560064e+10
555.815,112,112,53,4.4701843456e+10,4.981560064e+10
556.016,112,112,53,4.4691357696e+10,4.981560064e+10
556.217,112,112,53,4.4678774784e+10,4.981560064e+10
556.419,112,112,53,4.469030912e+10,4.981560064e+10
556.620,112,112,53,4.4676677632e+10,4.981560064e+10
556.821,112,112,53,4.4626345984e+10,4.981560064e+10
557.023,112,112,53,4.4641026048e+10,4.981560064e+10
557.224,112,112,53,4.465360896e+10,4.981560064e+10
557.426,112,112,53,4.4670386176e+10,4.981560064e+10
557.627,112,112,53,4.4671434752e+10,4.981560064e+10
557.828,112,112,53,4.4697649152e+10,4.981560064e+10
558.030,112,112,53,4.4720717824e+10,4.981560064e+10
558.231,112,112,53,4.4688211968e+10,4.981560064e+10
558.432,112,112,53,4.4686114816e+10,4.981560064e+10
558.633,112,112,53,4.467982336e+10,4.981560064e+10
558.835,112,112,53,4.467982336e+10,4.981560064e+10
559.036,112,112,53,4.4667240448e+10,4.981560064e+10
559.237,112,112,53,4.463788032e+10,4.981560064e+10
559.438,112,112,53,4.4612714496e+10,4.981560064e+10
559.640,112,112,53,4.4626345984e+10,4.981560064e+10
559.841,112,112,53,4.4612714496e+10,4.981560064e+10
560.043,112,112,53,4.4630540288e+10,4.981560064e+10
560.244,112,112,53,4.4651511808e+10,4.981560064e+10
560.446,112,112,53,4.4663046144e+10,4.981560064e+10
560.647,112,112,53,4.465885184e+10,4.981560064e+10
560.848,112,112,53,4.4704989184e+10,4.981560064e+10
561.050,112,112,53,4.471128064e+10,4.981560064e+10
561.251,112,112,53,4.4681920512e+10,4.981560064e+10
561.453,112,112,53,4.4702892032e+10,4.981560064e+10
561.654,112,112,53,4.468506624e+10,4.981560064e+10
561.856,112,112,53,4.4635783168e+10,4.981560064e+10
562.057,112,112,53,4.4614811648e+10,4.981560064e+10
562.258,112,112,53,4.4584402944e+10,4.981560064e+10
562.460,112,112,53,4.457496576e+10,4.981560064e+10
562.661,112,112,53,4.4562382848e+10,4.981560064e+10
562.862,112,112,53,4.465360896e+10,4.981560064e+10
563.063,112,112,53,4.4639977472e+10,4.981560064e+10
563.264,112,112,53,4.4655706112e+10,4.981560064e+10
563.465,112,112,53,4.4639977472e+10,4.981560064e+10
563.666,112,112,53,4.4655706112e+10,4.981560064e+10
563.867,112,112,53,4.4654657536e+10,4.981560064e+10
564.068,112,112,53,4.4677726208e+10,4.981560064e+10
564.269,112,112,53,4.4676677632e+10,4.981560064e+10
564.470,112,112,53,4.4677726208e+10,4.981560064e+10
564.671,112,112,53,4.4633686016e+10,4.981560064e+10
564.872,112,112,53,4.4609568768e+10,4.981560064e+10
565.073,112,112,53,4.4612714496e+10,4.981560064e+10
565.274,112,112,53,4.460642304e+10,4.981560064e+10
565.475,112,112,53,4.4570771456e+10,4.981560064e+10
565.676,112,112,53,4.4615860224e+10,4.981560064e+10
565.877,112,112,53,4.4609568768e+10,4.981560064e+10
566.078,112,112,53,4.460118016e+10,4.981560064e+10
566.279,112,112,53,4.4629491712e+10,4.981560064e+10
566.480,112,112,53,4.4638928896e+10,4.981560064e+10
566.681,112,112,53,4.4628443136e+10,4.981560064e+10
566.882,112,112,53,4.4614811648e+10,4.981560064e+10
567.083,112,112,53,4.4631588864e+10,4.981560064e+10
567.284,112,112,53,4.4635783168e+10,4.981560064e+10
567.486,112,112,53,4.462215168e+10,4.981560064e+10
567.687,112,112,53,4.4615860224e+10,4.981560064e+10
567.888,112,112,53,4.460642304e+10,4.981560064e+10
568.089,112,112,53,4.4591742976e+10,4.981560064e+10
568.290,112,112,53,4.4592791552e+10,4.981560064e+10
568.491,112,112,53,4.4588597248e+10,4.981560064e+10
568.693,112,112,53,4.4581257216e+10,4.981560064e+10
568.894,112,112,53,4.4584402944e+10,4.981560064e+10
569.095,112,112,53,4.4563431424e+10,4.981560064e+10
569.296,112,112,53,4.4579160064e+10,4.981560064e+10
569.497,112,112,53,4.4592791552e+10,4.981560064e+10
569.698,112,112,53,4.4581257216e+10,4.981560064e+10
569.899,112,112,53,4.4571820032e+10,4.981560064e+10
570.100,112,112,53,4.4613763072e+10,4.981560064e+10
570.301,112,112,53,4.4615860224e+10,4.981560064e+10
570.502,112,112,53,4.4624248832e+10,4.981560064e+10
570.703,112,112,53,4.4617957376e+10,4.981560064e+10
570.904,112,112,53,4.462739456e+10,4.981560064e+10
571.105,112,112,53,4.46169088e+10,4.981560064e+10
571.306,112,112,53,4.4577062912e+10,4.981560064e+10
571.507,112,112,53,4.4560285696e+10,4.981560064e+10
571.708,112,112,53,4.4555042816e+10,4.981560064e+10
571.909,112,112,53,4.4556091392e+10,4.981560064e+10
572.110,112,112,53,4.4562382848e+10,4.981560064e+10
572.311,112,112,53,4.4570771456e+10,4.981560064e+10
572.512,112,112,53,4.4546654208e+10,4.981560064e+10
572.713,112,112,53,4.4557139968e+10,4.981560064e+10
572.914,112,112,53,4.4577062912e+10,4.981560064e+10
573.115,112,112,53,4.460642304e+10,4.981560064e+10
573.316,112,112,53,4.4600131584e+10,4.981560064e+10
573.517,112,112,53,4.4617957376e+10,4.981560064e+10
573.718,112,112,53,4.4608520192e+10,4.981560064e+10
573.919,112,112,53,4.4602228736e+10,4.981560064e+10
574.120,112,112,53,4.4546654208e+10,4.981560064e+10
574.321,112,112,53,4.4565528576e+10,4.981560064e+10
574.522,112,112,53,4.455923712e+10,4.981560064e+10
574.723,112,112,53,4.452253696e+10,4.981560064e+10
574.924,112,112,53,4.4558188544e+10,4.981560064e+10
575.125,112,112,53,4.455399424e+10,4.981560064e+10
575.326,112,112,53,4.4549799936e+10,4.981560064e+10
575.527,112,112,53,4.4526731264e+10,4.981560064e+10
575.727,112,112,53,4.4563431424e+10,4.981560064e+10
575.928,112,112,53,4.4579160064e+10,4.981560064e+10
576.129,112,112,53,4.4578111488e+10,4.981560064e+10
576.330,112,112,53,4.4586500096e+10,4.981560064e+10
576.531,112,112,53,4.4605374464e+10,4.981560064e+10
576.732,112,112,53,4.4586500096e+10,4.981560064e+10
576.933,112,112,53,4.458020864e+10,4.981560064e+10
577.134,112,112,53,4.4545605632e+10,4.981560064e+10
577.335,112,112,53,4.4535119872e+10,4.981560064e+10
577.536,112,112,53,4.4518342656e+10,4.981560064e+10
577.737,112,112,53,4.4528828416e+10,4.981560064e+10
577.939,112,112,53,4.45382656e+10,4.981560064e+10
578.140,112,112,53,4.4513099776e+10,4.981560064e+10
578.341,112,112,53,4.457496576e+10,4.981560064e+10
578.543,112,112,53,4.4568674304e+10,4.981560064e+10
578.744,112,112,53,4.4560285696e+10,4.981560064e+10
578.945,112,112,53,4.4563431424e+10,4.981560064e+10
579.147,112,112,53,4.4552945664e+10,4.981560064e+10
579.348,112,112,53,4.4555042816e+10,4.981560064e+10
579.549,112,112,53,4.4556091392e+10,4.981560064e+10
579.751,112,112,53,4.4551897088e+10,4.981560064e+10
579.952,112,112,53,4.4545605632e+10,4.981560064e+10
580.153,112,112,53,4.4520439808e+10,4.981560064e+10
580.355,112,112,53,4.452253696e+10,4.981560064e+10
580.556,112,112,53,4.451729408e+10,4.981560064e+10
580.757,112,112,53,4.4523585536e+10,4.981560064e+10
580.959,112,112,53,4.453302272e+10,4.981560064e+10
581.160,112,112,53,4.453302272e+10,4.981560064e+10
581.361,112,112,53,4.4520439808e+10,4.981560064e+10
581.562,112,112,53,4.4530925568e+10,4.981560064e+10
581.763,112,112,53,4.4530925568e+10,4.981560064e+10
581.965,112,112,53,4.4540362752e+10,4.981560064e+10
582.166,112,112,53,4.4536168448e+10,4.981560064e+10
582.367,112,112,53,4.4518342656e+10,4.981560064e+10
582.568,112,112,53,4.4492128256e+10,4.981560064e+10
582.770,112,112,53,4.4518342656e+10,4.981560064e+10
582.971,112,112,53,4.4509954048e+10,4.981560064e+10
583.173,112,112,53,4.4528828416e+10,4.981560064e+10
583.374,112,112,53,4.4529876992e+10,4.981560064e+10
583.575,112,112,53,4.4509954048e+10,4.981560064e+10
583.777,112,112,53,4.4529876992e+10,4.981560064e+10
583.978,112,112,53,4.4526731264e+10,4.981560064e+10
584.179,112,112,53,4.4530925568e+10,4.981560064e+10
584.380,112,112,53,4.4502614016e+10,4.981560064e+10
584.582,112,112,53,4.449107968e+10,4.981560064e+10
584.783,112,112,53,4.450680832e+10,4.981560064e+10
584.984,112,112,53,4.4499468288e+10,4.981560064e+10
585.186,112,112,53,4.4499468288e+10,4.981560064e+10
585.387,112,112,53,4.4511002624e+10,4.981560064e+10
585.588,112,112,53,4.4507856896e+10,4.981560064e+10
585.789,112,112,53,4.4486885376e+10,4.981560064e+10
585.991,112,112,53,4.4488982528e+10,4.981560064e+10
586.192,112,112,53,4.4524634112e+10,4.981560064e+10
586.393,112,112,53,4.4536168448e+10,4.981560064e+10
586.594,112,112,53,4.4529876992e+10,4.981560064e+10
586.795,112,112,53,4.4519391232e+10,4.981560064e+10
586.997,112,112,53,4.4518342656e+10,4.981560064e+10
587.198,112,112,53,4.4505759744e+10,4.981560064e+10
587.400,112,112,53,4.4486885376e+10,4.981560064e+10
587.601,112,112,53,4.4492128256e+10,4.981560064e+10
587.802,112,112,53,4.4479545344e+10,4.981560064e+10
588.003,112,112,53,4.4474302464e+10,4.981560064e+10
588.204,112,112,53,4.44596224e+10,4.981560064e+10
588.405,112,112,53,4.4482691072e+10,4.981560064e+10
588.607,112,112,53,4.4494225408e+10,4.981560064e+10
588.808,112,112,53,4.4481642496e+10,4.981560064e+10
589.009,112,112,53,4.4495273984e+10,4.981560064e+10
589.210,112,112,53,4.4471156736e+10,4.981560064e+10
589.412,112,112,53,4.4463816704e+10,4.981560064e+10
589.613,112,112,53,4.452253696e+10,4.981560064e+10
589.814,112,112,53,4.4516245504e+10,4.981560064e+10
590.015,112,112,53,4.4540362752e+10,4.981560064e+10
590.216,112,112,53,4.449632256e+10,4.981560064e+10
590.418,112,112,53,4.4481642496e+10,4.981560064e+10
590.619,112,112,53,4.4457525248e+10,4.981560064e+10
590.820,112,112,53,4.4471156736e+10,4.981560064e+10
591.021,112,112,53,4.4474302464e+10,4.981560064e+10
591.223,112,112,53,4.4494225408e+10,4.981560064e+10
591.424,112,112,53,4.4465913856e+10,4.981560064e+10
591.625,112,112,53,4.4471156736e+10,4.981560064e+10
591.826,112,112,53,4.4469059584e+10,4.981560064e+10
592.027,112,112,53,4.4466962432e+10,4.981560064e+10
592.228,112,112,53,4.4499468288e+10,4.981560064e+10
592.429,112,112,53,4.4500516864e+10,4.981560064e+10
592.630,112,112,53,4.4507856896e+10,4.981560064e+10
592.831,112,112,53,4.4502614016e+10,4.981560064e+10
593.032,112,112,53,4.44858368e+10,4.981560064e+10
593.233,112,112,53,4.4461719552e+10,4.981560064e+10
593.434,112,112,53,4.4425019392e+10,4.981560064e+10
593.635,112,112,53,4.4451233792e+10,4.981560064e+10
593.836,112,112,53,4.445437952e+10,4.981560064e+10
594.037,112,112,53,4.44596224e+10,4.981560064e+10
594.238,112,112,53,4.447535104e+10,4.981560064e+10
594.440,112,112,53,4.448059392e+10,4.981560064e+10
594.641,112,112,53,4.445437952e+10,4.981560064e+10
594.842,112,112,53,4.4421873664e+10,4.981560064e+10
595.044,112,112,53,4.4426067968e+10,4.981560064e+10
595.245,112,112,53,4.4445990912e+10,4.981560064e+10
595.446,112,112,53,4.4458573824e+10,4.981560064e+10
595.648,112,112,53,4.4444942336e+10,4.981560064e+10
595.849,112,112,53,4.4439699456e+10,4.981560064e+10
596.050,112,112,53,4.4423970816e+10,4.981560064e+10
596.252,112,112,53,4.443865088e+10,4.981560064e+10
596.453,112,112,53,4.4462768128e+10,4.981560064e+10
596.654,112,112,53,4.4436553728e+10,4.981560064e+10
596.856,112,112,53,4.4427116544e+10,4.981560064e+10
597.057,112,112,53,4.4461719552e+10,4.981560064e+10
597.259,112,112,53,4.4473253888e+10,4.981560064e+10
597.460,112,112,53,4.4435505152e+10,4.981560064e+10
597.661,112,112,53,4.4425019392e+10,4.981560064e+10
597.863,112,112,53,4.4425019392e+10,4.981560064e+10
598.064,112,112,53,4.4414533632e+10,4.981560064e+10
598.265,112,112,53,4.4425019392e+10,4.981560064e+10
598.467,112,112,53,4.4425019392e+10,4.981560064e+10
598.668,112,112,53,4.4430262272e+10,4.981560064e+10
598.869,112,112,53,4.4420825088e+10,4.981560064e+10
599.071,112,112,53,4.4416630784e+10,4.981560064e+10
599.272,112,112,53,4.4411387904e+10,4.981560064e+10
599.474,112,112,53,4.4409290752e+10,4.981560064e+10
599.675,112,112,53,4.442816512e+10,4.981560064e+10
599.876,112,112,53,4.4427116544e+10,4.981560064e+10
600.078,112,112,53,4.4408242176e+10,4.981560064e+10
600.279,112,112,53,4.4399853568e+10,4.981560064e+10
600.480,112,112,53,4.441243648e+10,4.981560064e+10
600.682,112,112,53,4.4415582208e+10,4.981560064e+10
600.883,112,112,53,4.4411387904e+10,4.981560064e+10
601.084,112,112,53,4.4404047872e+10,4.981560064e+10
601.285,112,112,53,4.4378882048e+10,4.981560064e+10
601.487,112,112,53,4.4390416384e+10,4.981560064e+10
601.688,112,112,53,4.4369444864e+10,4.981560064e+10
601.889,112,112,53,4.4361056256e+10,4.981560064e+10
602.091,112,112,53,4.4394610688e+10,4.981560064e+10
602.292,112,112,53,4.440195072e+10,4.981560064e+10
602.493,112,112,53,4.4406145024e+10,4.981560064e+10
602.695,112,112,53,4.4406145024e+10,4.981560064e+10
602.896,112,112,53,4.4410339328e+10,4.981560064e+10
603.097,112,112,53,4.4397756416e+10,4.981560064e+10
603.298,112,112,53,4.440195072e+10,4.981560064e+10
603.500,112,112,53,4.4431310848e+10,4.981560064e+10
603.701,112,112,53,4.4427116544e+10,4.981560064e+10
603.902,112,112,53,4.44071936e+10,4.981560064e+10
604.103,112,112,53,4.4390416384e+10,4.981560064e+10
604.305,112,112,53,4.439146496e+10,4.981560064e+10
604.506,112,112,53,4.4383076352e+10,4.981560064e+10
604.707,112,112,53,4.4358959104e+10,4.981560064e+10
604.909,112,112,53,4.433903616e+10,4.981560064e+10
605.110,112,112,53,4.4337987584e+10,4.981560064e+10
605.312,112,112,53,4.4377833472e+10,4.981560064e+10
605.513,112,112,53,4.4394610688e+10,4.981560064e+10
605.714,112,112,53,4.4399853568e+10,4.981560064e+10
605.916,112,112,53,4.4388319232e+10,4.981560064e+10
606.117,112,112,53,4.4388319232e+10,4.981560064e+10
606.318,112,112,53,4.4388319232e+10,4.981560064e+10
606.519,112,112,53,4.4372590592e+10,4.981560064e+10
606.721,112,112,53,4.4362104832e+10,4.981560064e+10
606.922,112,112,53,4.437573632e+10,4.981560064e+10
607.123,112,112,53,4.437573632e+10,4.981560064e+10
607.325,112,112,53,4.4355813376e+10,4.981560064e+10
607.526,112,112,53,4.4337987584e+10,4.981560064e+10
607.727,112,112,53,4.4346376192e+10,4.981560064e+10
607.928,112,112,53,4.4352667648e+10,4.981560064e+10
608.130,112,112,53,4.4348473344e+10,4.981560064e+10
608.331,112,112,53,4.437573632e+10,4.981560064e+10
608.532,112,112,53,4.4355813376e+10,4.981560064e+10
608.733,112,112,53,4.4366299136e+10,4.981560064e+10
608.935,112,112,53,4.4358959104e+10,4.981560064e+10
609.136,112,112,53,4.4382027776e+10,4.981560064e+10
609.337,112,112,53,4.4368396288e+10,4.981560064e+10
609.538,112,112,53,4.43809792e+10,4.981560064e+10
609.740,112,112,53,4.4371542016e+10,4.981560064e+10
609.941,112,112,53,4.4352667648e+10,4.981560064e+10
610.142,112,112,53,4.43285504e+10,4.981560064e+10
610.344,112,112,53,4.4327501824e+10,4.981560064e+10
610.545,112,112,53,4.4358959104e+10,4.981560064e+10
610.747,112,112,53,4.4352667648e+10,4.981560064e+10
610.948,112,112,53,4.4342181888e+10,4.981560064e+10
611.149,112,112,53,4.4336939008e+10,4.981560064e+10
611.351,112,112,53,4.4347424768e+10,4.981560064e+10
611.552,112,112,53,4.4356861952e+10,4.981560064e+10
611.754,112,112,53,4.434427904e+10,4.981560064e+10
611.955,112,112,53,4.43547648e+10,4.981560064e+10
612.156,112,112,53,4.4357910528e+10,4.981560064e+10
612.358,112,112,53,4.4336939008e+10,4.981560064e+10
612.559,112,112,53,4.4310724608e+10,4.981560064e+10
612.760,112,112,53,4.4329598976e+10,4.981560064e+10
612.961,112,112,53,4.4329598976e+10,4.981560064e+10
613.162,112,112,53,4.4315967488e+10,4.981560064e+10
613.363,112,112,53,4.431282176e+10,4.981560064e+10
613.564,112,112,53,4.4313870336e+10,4.981560064e+10
613.765,112,112,53,4.4331696128e+10,4.981560064e+10
613.966,112,112,53,4.4322258944e+10,4.981560064e+10
614.167,112,112,53,4.4334841856e+10,4.981560064e+10
614.368,112,112,53,4.4332744704e+10,4.981560064e+10
614.569,112,112,53,4.4334841856e+10,4.981560064e+10
614.770,112,112,53,4.4331696128e+10,4.981560064e+10
614.971,112,112,53,4.434427904e+10,4.981560064e+10
615.172,112,112,53,4.4329598976e+10,4.981560064e+10
615.373,112,112,53,4.4351619072e+10,4.981560064e+10
615.574,112,112,53,4.4324356096e+10,4.981560064e+10
615.776,112,112,53,4.428660736e+10,4.981560064e+10
615.977,112,112,53,4.4279267328e+10,4.981560064e+10
616.178,112,112,53,4.4308627456e+10,4.981560064e+10
616.379,112,112,53,4.4302336e+10,4.981560064e+10
616.580,112,112,53,4.4308627456e+10,4.981560064e+10
616.782,112,112,53,4.4335890432e+10,4.981560064e+10
616.983,112,112,53,4.4314918912e+10,4.981560064e+10
617.184,112,112,53,4.4347424768e+10,4.981560064e+10
617.385,112,112,53,4.4336939008e+10,4.981560064e+10
617.587,112,112,53,4.4277170176e+10,4.981560064e+10
617.788,112,112,53,4.4311773184e+10,4.981560064e+10
617.989,112,112,53,4.4325404672e+10,4.981560064e+10
618.190,112,112,53,4.4314918912e+10,4.981560064e+10
618.392,112,112,53,4.4301287424e+10,4.981560064e+10
618.593,112,112,53,4.4285558784e+10,4.981560064e+10
618.795,112,112,53,4.4237324288e+10,4.981560064e+10
618.996,112,112,53,4.4237324288e+10,4.981560064e+10
619.197,112,112,53,4.4262490112e+10,4.981560064e+10
619.399,112,112,53,4.4301287424e+10,4.981560064e+10
619.600,112,112,53,4.431282176e+10,4.981560064e+10
619.801,112,112,53,4.434427904e+10,4.981560064e+10
620.002,112,112,53,4.4331696128e+10,4.981560064e+10
620.204,112,112,53,4.4272975872e+10,4.981560064e+10
620.405,112,112,53,4.428660736e+10,4.981560064e+10
620.607,112,112,53,4.4289753088e+10,4.981560064e+10
620.808,112,112,53,4.4263538688e+10,4.981560064e+10
621.009,112,112,53,4.4275073024e+10,4.981560064e+10
621.211,112,112,53,4.427087872e+10,4.981560064e+10
621.412,112,112,53,4.4267732992e+10,4.981560064e+10
621.613,112,112,53,4.4240470016e+10,4.981560064e+10
621.814,112,112,53,4.4243615744e+10,4.981560064e+10
622.015,112,112,53,4.4248858624e+10,4.981560064e+10
622.217,112,112,53,4.42761216e+10,4.981560064e+10
622.418,112,112,53,4.4293947392e+10,4.981560064e+10
622.620,112,112,53,4.4303384576e+10,4.981560064e+10
622.821,112,112,53,4.4314918912e+10,4.981560064e+10
623.022,112,112,53,4.4302336e+10,4.981560064e+10
623.224,112,112,53,4.4275073024e+10,4.981560064e+10
623.425,112,112,53,4.4243615744e+10,4.981560064e+10
623.627,112,112,53,4.4250955776e+10,4.981560064e+10
623.828,112,112,53,4.4248858624e+10,4.981560064e+10
624.029,112,112,53,4.4259344384e+10,4.981560064e+10
624.230,112,112,53,4.4237324288e+10,4.981560064e+10
624.432,112,112,53,4.4238372864e+10,4.981560064e+10
624.633,112,112,53,4.4246761472e+10,4.981560064e+10
624.834,112,112,53,4.4229984256e+10,4.981560064e+10
625.036,112,112,53,4.4248858624e+10,4.981560064e+10
625.237,112,112,53,4.4242567168e+10,4.981560064e+10
625.438,112,112,53,4.427087872e+10,4.981560064e+10
625.639,112,112,53,4.4259344384e+10,4.981560064e+10
625.840,112,112,53,4.4266684416e+10,4.981560064e+10
626.042,112,112,53,4.4277170176e+10,4.981560064e+10
626.243,112,112,53,4.4275073024e+10,4.981560064e+10
626.444,112,112,53,4.423942144e+10,4.981560064e+10
626.646,112,112,53,4.4209012736e+10,4.981560064e+10
626.847,112,112,53,4.421844992e+10,4.981560064e+10
627.048,112,112,53,4.4233129984e+10,4.981560064e+10
627.249,112,112,53,4.4215304192e+10,4.981560064e+10
627.451,112,112,53,4.4233129984e+10,4.981560064e+10
627.652,112,112,53,4.4237324288e+10,4.981560064e+10
627.853,112,112,53,4.4210061312e+10,4.981560064e+10
628.054,112,112,53,4.4247810048e+10,4.981560064e+10
628.255,112,112,53,4.4261441536e+10,4.981560064e+10
628.457,112,112,53,4.4250955776e+10,4.981560064e+10
628.658,112,112,53,4.4240470016e+10,4.981560064e+10
628.859,112,112,53,4.4250955776e+10,4.981560064e+10
629.060,112,112,53,4.4237324288e+10,4.981560064e+10
629.262,112,112,53,4.4231032832e+10,4.981560064e+10
629.463,112,112,53,4.42236928e+10,4.981560064e+10
629.664,112,112,53,4.4189089792e+10,4.981560064e+10
629.866,112,112,53,4.4205867008e+10,4.981560064e+10
630.067,112,112,53,4.41974784e+10,4.981560064e+10
630.268,112,112,53,4.418699264e+10,4.981560064e+10
630.469,112,112,53,4.4175458304e+10,4.981560064e+10
630.670,112,112,53,4.4214255616e+10,4.981560064e+10
630.871,112,112,53,4.4222644224e+10,4.981560064e+10
631.072,112,112,53,4.4224741376e+10,4.981560064e+10
631.274,112,112,53,4.424466432e+10,4.981560064e+10
631.476,112,112,53,4.4243615744e+10,4.981560064e+10
631.677,112,112,53,4.423417856e+10,4.981560064e+10
631.878,112,112,53,4.4231032832e+10,4.981560064e+10
632.080,112,112,53,4.4221595648e+10,4.981560064e+10
632.281,112,112,53,4.4190138368e+10,4.981560064e+10
632.482,112,112,53,4.4175458304e+10,4.981560064e+10
632.684,112,112,53,4.4203769856e+10,4.981560064e+10
632.885,112,112,53,4.4210061312e+10,4.981560064e+10
633.086,112,112,53,4.4180701184e+10,4.981560064e+10
633.288,112,112,53,4.418174976e+10,4.981560064e+10
633.489,112,112,53,4.4206915584e+10,4.981560064e+10
633.690,112,112,53,4.4226838528e+10,4.981560064e+10
633.891,112,112,53,4.42499072e+10,4.981560064e+10
634.092,112,112,53,4.423417856e+10,4.981560064e+10
634.294,112,112,53,4.4243615744e+10,4.981560064e+10
634.495,112,112,53,4.423417856e+10,4.981560064e+10
634.696,112,112,53,4.4188041216e+10,4.981560064e+10
634.898,112,112,53,4.4182798336e+10,4.981560064e+10
635.099,112,112,53,4.4179652608e+10,4.981560064e+10
635.300,112,112,53,4.4179652608e+10,4.981560064e+10
635.501,112,112,53,4.4167069696e+10,4.981560064e+10
635.702,112,112,53,4.4152389632e+10,4.981560064e+10
635.904,112,112,53,4.4141903872e+10,4.981560064e+10
636.105,112,112,53,4.4158681088e+10,4.981560064e+10
636.306,112,112,53,4.4201672704e+10,4.981560064e+10
636.508,112,112,53,4.420272128e+10,4.981560064e+10
636.709,112,112,53,4.4206915584e+10,4.981560064e+10
636.910,112,112,53,4.42236928e+10,4.981560064e+10
637.111,112,112,53,4.4214255616e+10,4.981560064e+10
637.312,112,112,53,4.422893568e+10,4.981560064e+10
637.514,112,112,53,4.4205867008e+10,4.981560064e+10
637.715,112,112,53,4.4178604032e+10,4.981560064e+10
637.916,112,112,53,4.4185944064e+10,4.981560064e+10
638.118,112,112,53,4.4178604032e+10,4.981560064e+10
638.319,112,112,53,4.4154486784e+10,4.981560064e+10
638.520,112,112,53,4.41450496e+10,4.981560064e+10
638.722,112,112,53,4.4144001024e+10,4.981560064e+10
638.923,112,112,53,4.4154486784e+10,4.981560064e+10
639.124,112,112,53,4.416077824e+10,4.981560064e+10
639.326,112,112,53,4.4153438208e+10,4.981560064e+10
639.527,112,112,53,4.4184895488e+10,4.981560064e+10
639.728,112,112,53,4.418699264e+10,4.981560064e+10
639.929,112,112,53,4.4204818432e+10,4.981560064e+10
640.131,112,112,53,4.4217401344e+10,4.981560064e+10
640.332,112,112,53,4.4217401344e+10,4.981560064e+10
640.534,112,112,53,4.4245712896e+10,4.981560064e+10
640.735,112,112,53,4.424466432e+10,4.981560064e+10
640.936,112,112,53,4.4204818432e+10,4.981560064e+10
641.138,112,112,53,4.4174409728e+10,4.981560064e+10
641.339,112,112,53,4.4127223808e+10,4.981560064e+10
641.540,112,112,53,4.41188352e+10,4.981560064e+10
641.742,112,112,53,4.4154486784e+10,4.981560064e+10
641.943,112,112,53,4.4162875392e+10,4.981560064e+10
642.144,112,112,53,4.4148195328e+10,4.981560064e+10
642.346,112,112,53,4.413980672e+10,4.981560064e+10
642.547,112,112,53,4.4162875392e+10,4.981560064e+10
642.749,112,112,53,4.4189089792e+10,4.981560064e+10
642.950,112,112,53,4.4183846912e+10,4.981560064e+10
643.151,112,112,53,4.4194332672e+10,4.981560064e+10
643.353,112,112,53,4.4206915584e+10,4.981560064e+10
643.554,112,112,53,4.4201672704e+10,4.981560064e+10
643.755,112,112,53,4.4191186944e+10,4.981560064e+10
643.956,112,112,53,4.4190138368e+10,4.981560064e+10
644.158,112,112,53,4.4172312576e+10,4.981560064e+10
644.359,112,112,53,4.4119883776e+10,4.981560064e+10
644.561,112,112,53,4.409786368e+10,4.981560064e+10
644.762,112,112,53,4.4110446592e+10,4.981560064e+10
644.963,112,112,53,4.4111495168e+10,4.981560064e+10
645.165,112,112,53,4.4136660992e+10,4.981560064e+10
645.366,112,112,53,4.4141903872e+10,4.981560064e+10
645.567,112,112,53,4.4125126656e+10,4.981560064e+10
645.769,112,112,53,4.41450496e+10,4.981560064e+10
645.970,112,112,53,4.4171264e+10,4.981560064e+10
646.172,112,112,53,4.4157632512e+10,4.981560064e+10
646.373,112,112,53,4.4196429824e+10,4.981560064e+10
646.574,112,112,53,4.41974784e+10,4.981560064e+10
646.776,112,112,53,4.4182798336e+10,4.981560064e+10
646.977,112,112,53,4.4179652608e+10,4.981560064e+10
647.179,112,112,53,4.4142952448e+10,4.981560064e+10
647.380,112,112,53,4.4123029504e+10,4.981560064e+10
647.582,112,112,53,4.415029248e+10,4.981560064e+10
647.783,112,112,53,4.4142952448e+10,4.981560064e+10
647.985,112,112,53,4.4119883776e+10,4.981560064e+10
648.186,112,112,53,4.4114640896e+10,4.981560064e+10
648.387,112,112,53,4.4126175232e+10,4.981560064e+10
648.589,112,112,53,4.4173361152e+10,4.981560064e+10
648.790,112,112,53,4.4170215424e+10,4.981560064e+10
648.991,112,112,53,4.4147146752e+10,4.981560064e+10
649.193,112,112,53,4.4142952448e+10,4.981560064e+10
649.394,112,112,53,4.4138758144e+10,4.981560064e+10
649.595,112,112,53,4.4142952448e+10,4.981560064e+10
649.797,112,112,53,4.4119883776e+10,4.981560064e+10
649.998,112,112,53,4.4125126656e+10,4.981560064e+10
650.200,112,112,53,4.413456384e+10,4.981560064e+10
650.401,112,112,53,4.413980672e+10,4.981560064e+10
650.602,112,112,53,4.4130369536e+10,4.981560064e+10
650.804,112,112,53,4.4152389632e+10,4.981560064e+10
651.005,112,112,53,4.4157632512e+10,4.981560064e+10
651.206,112,112,53,4.4128272384e+10,4.981560064e+10
651.407,112,112,53,4.4127223808e+10,4.981560064e+10
651.608,112,112,53,4.4091572224e+10,4.981560064e+10
651.810,112,112,53,4.4121980928e+10,4.981560064e+10
652.011,112,112,53,4.4120932352e+10,4.981560064e+10
652.212,112,112,53,4.4105203712e+10,4.981560064e+10
652.413,112,112,53,4.4093669376e+10,4.981560064e+10
652.615,112,112,53,4.4091572224e+10,4.981560064e+10
652.816,112,112,53,4.40926208e+10,4.981560064e+10
653.018,112,112,53,4.40664064e+10,4.981560064e+10
653.219,112,112,53,4.408737792e+10,4.981560064e+10
653.420,112,112,53,4.411359232e+10,4.981560064e+10
653.622,112,112,53,4.4135612416e+10,4.981560064e+10
653.823,112,112,53,4.4123029504e+10,4.981560064e+10
654.024,112,112,53,4.4094717952e+10,4.981560064e+10
654.226,112,112,53,4.4130369536e+10,4.981560064e+10
654.427,112,112,53,4.4116738048e+10,4.981560064e+10
654.628,112,112,53,4.4102057984e+10,4.981560064e+10
654.830,112,112,53,4.4062212096e+10,4.981560064e+10
655.031,112,112,53,4.407689216e+10,4.981560064e+10
655.232,112,112,53,4.4070600704e+10,4.981560064e+10
655.434,112,112,53,4.4091572224e+10,4.981560064e+10
655.635,112,112,53,4.4105203712e+10,4.981560064e+10
655.837,112,112,53,4.4096815104e+10,4.981560064e+10
656.038,112,112,53,4.4080037888e+10,4.981560064e+10
656.239,112,112,53,4.4088426496e+10,4.981560064e+10
656.441,112,112,53,4.41188352e+10,4.981560064e+10
656.642,112,112,53,4.4147146752e+10,4.981560064e+10
656.844,112,112,53,4.4141903872e+10,4.981560064e+10
657.046,112,112,53,4.4123029504e+10,4.981560064e+10
657.247,112,112,53,4.410834944e+10,4.981560064e+10
657.448,112,112,53,4.4101009408e+10,4.981560064e+10
657.649,112,112,53,4.4072697856e+10,4.981560064e+10
657.851,112,112,53,4.4058017792e+10,4.981560064e+10
658.052,112,112,53,4.407164928e+10,4.981560064e+10
658.253,112,112,53,4.4051726336e+10,4.981560064e+10
658.455,112,112,53,4.4064309248e+10,4.981560064e+10
658.656,112,112,53,4.4083183616e+10,4.981560064e+10
658.857,112,112,53,4.4126175232e+10,4.981560064e+10
659.058,112,112,53,4.4125126656e+10,4.981560064e+10
659.260,112,112,53,4.4105203712e+10,4.981560064e+10
659.461,112,112,53,4.4109398016e+10,4.981560064e+10
659.662,112,112,53,4.412407808e+10,4.981560064e+10
659.863,112,112,53,4.4110446592e+10,4.981560064e+10
660.065,112,112,53,4.4095766528e+10,4.981560064e+10
660.266,112,112,53,4.407689216e+10,4.981560064e+10
660.467,112,112,53,4.4040192e+10,4.981560064e+10
660.669,112,112,53,4.4047532032e+10,4.981560064e+10
660.870,112,112,53,4.4040192e+10,4.981560064e+10
661.071,112,112,53,4.405592064e+10,4.981560064e+10
661.273,112,112,53,4.4073746432e+10,4.981560064e+10
661.474,112,112,53,4.4070600704e+10,4.981560064e+10
661.676,112,112,53,4.4098912256e+10,4.981560064e+10
661.877,112,112,53,4.4099960832e+10,4.981560064e+10
662.079,112,112,53,4.4102057984e+10,4.981560064e+10
662.280,112,112,53,4.4115689472e+10,4.981560064e+10
662.482,112,112,53,4.4111495168e+10,4.981560064e+10
662.683,112,112,53,4.4060114944e+10,4.981560064e+10
662.884,112,112,53,4.4051726336e+10,4.981560064e+10
663.086,112,112,53,4.4041240576e+10,4.981560064e+10
663.287,112,112,53,4.402970624e+10,4.981560064e+10
663.488,112,112,53,4.4046483456e+10,4.981560064e+10
663.690,112,112,53,4.404543488e+10,4.981560064e+10
663.891,112,112,53,4.4028657664e+10,4.981560064e+10
664.093,112,112,53,4.4075843584e+10,4.981560064e+10
664.294,112,112,53,4.408213504e+10,4.981560064e+10
664.495,112,112,53,4.4107300864e+10,4.981560064e+10
664.697,112,112,53,4.4085280768e+10,4.981560064e+10
664.898,112,112,53,4.4072697856e+10,4.981560064e+10
665.099,112,112,53,4.4035997696e+10,4.981560064e+10
665.301,112,112,53,4.4025511936e+10,4.981560064e+10
665.502,112,112,53,4.4048580608e+10,4.981560064e+10
665.703,112,112,53,4.401922048e+10,4.981560064e+10
665.904,112,112,53,4.4041240576e+10,4.981560064e+10
666.106,112,112,53,4.4025511936e+10,4.981560064e+10
666.307,112,112,53,4.4032851968e+10,4.981560064e+10
666.508,112,112,53,4.4069552128e+10,4.981560064e+10
666.709,112,112,53,4.405592064e+10,4.981560064e+10
666.911,112,112,53,4.4069552128e+10,4.981560064e+10
667.112,112,112,53,4.407164928e+10,4.981560064e+10
667.313,112,112,53,4.4078989312e+10,4.981560064e+10
667.514,112,112,53,4.4077940736e+10,4.981560064e+10
667.715,112,112,53,4.4054872064e+10,4.981560064e+10
667.917,112,112,53,4.4033900544e+10,4.981560064e+10
668.118,112,112,53,4.4040192e+10,4.981560064e+10
668.319,112,112,53,4.4051726336e+10,4.981560064e+10
668.520,112,112,53,4.4051726336e+10,4.981560064e+10
668.721,112,112,53,4.4023414784e+10,4.981560064e+10
668.923,112,112,53,4.3995103232e+10,4.981560064e+10
669.124,112,112,53,4.4017123328e+10,4.981560064e+10
669.325,112,112,53,4.4056969216e+10,4.981560064e+10
669.527,112,112,53,4.4056969216e+10,4.981560064e+10
669.728,112,112,53,4.4067454976e+10,4.981560064e+10
669.929,112,112,53,4.4052774912e+10,4.981560064e+10
670.130,112,112,53,4.4064309248e+10,4.981560064e+10
670.331,112,112,53,4.4060114944e+10,4.981560064e+10
670.533,112,112,53,4.4033900544e+10,4.981560064e+10
670.734,112,112,53,4.4052774912e+10,4.981560064e+10
670.935,112,112,53,4.4039143424e+10,4.981560064e+10
671.137,112,112,53,4.4025511936e+10,4.981560064e+10
671.338,112,112,53,4.4020269056e+10,4.981560064e+10
671.539,112,112,53,4.4011880448e+10,4.981560064e+10
671.740,112,112,53,4.4020269056e+10,4.981560064e+10
671.941,112,112,53,4.4002443264e+10,4.981560064e+10
672.143,112,112,53,4.4007686144e+10,4.981560064e+10
672.344,112,112,53,4.4031803392e+10,4.981560064e+10
672.545,112,112,53,4.4048580608e+10,4.981560064e+10
672.746,112,112,53,4.4039143424e+10,4.981560064e+10
672.947,112,112,53,4.405067776e+10,4.981560064e+10
673.149,112,112,53,4.4038094848e+10,4.981560064e+10
673.350,112,112,53,4.4062212096e+10,4.981560064e+10
673.551,112,112,53,4.4059066368e+10,4.981560064e+10
673.753,112,112,53,4.4075843584e+10,4.981560064e+10
673.954,112,112,53,4.4060114944e+10,4.981560064e+10
674.155,112,112,53,4.4063260672e+10,4.981560064e+10
674.357,112,112,53,4.4049629184e+10,4.981560064e+10
674.558,112,112,53,4.4047532032e+10,4.981560064e+10
674.759,112,112,53,4.4022366208e+10,4.981560064e+10
674.961,112,112,53,4.40664064e+10,4.981560064e+10
675.162,112,112,53,4.4062212096e+10,4.981560064e+10
675.363,112,112,53,4.4044386304e+10,4.981560064e+10
675.564,112,112,53,4.4022366208e+10,4.981560064e+10
675.766,112,112,53,4.402446336e+10,4.981560064e+10
675.967,112,112,53,4.4025511936e+10,4.981560064e+10
676.168,112,112,53,4.4039143424e+10,4.981560064e+10
676.369,112,112,53,4.4056969216e+10,4.981560064e+10
676.570,112,112,53,4.4038094848e+10,4.981560064e+10
676.772,112,112,53,4.4041240576e+10,4.981560064e+10
676.973,112,112,53,4.4020269056e+10,4.981560064e+10
677.174,112,112,53,4.4016074752e+10,4.981560064e+10
677.375,112,112,53,4.4004540416e+10,4.981560064e+10
677.577,112,112,53,4.4054872064e+10,4.981560064e+10
677.778,112,112,53,4.4052774912e+10,4.981560064e+10
677.979,112,112,53,4.4068503552e+10,4.981560064e+10
678.180,112,112,53,4.4051726336e+10,4.981560064e+10
678.381,112,112,53,4.4041240576e+10,4.981560064e+10
678.582,112,112,53,4.4031803392e+10,4.981560064e+10
678.784,112,112,53,4.4062212096e+10,4.981560064e+10
678.985,112,112,53,4.4063260672e+10,4.981560064e+10
679.186,112,112,53,4.4042289152e+10,4.981560064e+10
679.388,112,112,53,4.4042289152e+10,4.981560064e+10
679.589,112,112,53,4.4047532032e+10,4.981560064e+10
679.790,112,112,53,4.4047532032e+10,4.981560064e+10
679.992,112,112,53,4.4040192e+10,4.981560064e+10
680.193,112,112,53,4.399824896e+10,4.981560064e+10
680.394,112,112,53,4.3990908928e+10,4.981560064e+10
680.596,112,112,53,4.3999297536e+10,4.981560064e+10
680.797,112,112,53,4.4049629184e+10,4.981560064e+10
680.999,112,112,53,4.4046483456e+10,4.981560064e+10
681.200,112,112,53,4.4047532032e+10,4.981560064e+10
681.401,112,112,53,4.4037046272e+10,4.981560064e+10
681.603,112,112,53,4.4017123328e+10,4.981560064e+10
681.804,112,112,53,4.4005588992e+10,4.981560064e+10
682.005,112,112,53,4.4021317632e+10,4.981560064e+10
682.207,112,112,53,4.402970624e+10,4.981560064e+10
682.408,112,112,53,4.4022366208e+10,4.981560064e+10
682.609,112,112,53,4.405067776e+10,4.981560064e+10
682.811,112,112,53,4.4043337728e+10,4.981560064e+10
683.012,112,112,53,4.4037046272e+10,4.981560064e+10
683.214,112,112,53,4.4020269056e+10,4.981560064e+10
683.415,112,112,53,4.3997200384e+10,4.981560064e+10
683.617,112,112,53,4.3996151808e+10,4.981560064e+10
683.818,112,112,53,4.4048580608e+10,4.981560064e+10
684.019,112,112,53,4.4051726336e+10,4.981560064e+10
684.221,112,112,53,4.4044386304e+10,4.981560064e+10
684.422,112,112,53,4.4058017792e+10,4.981560064e+10
684.623,112,112,53,4.4043337728e+10,4.981560064e+10
684.825,112,112,53,4.4063260672e+10,4.981560064e+10
685.026,112,112,53,4.4056969216e+10,4.981560064e+10
685.227,112,112,53,4.4046483456e+10,4.981560064e+10
685.429,112,112,53,4.4047532032e+10,4.981560064e+10
685.630,112,112,53,4.4046483456e+10,4.981560064e+10
685.831,112,112,53,4.4035997696e+10,4.981560064e+10
686.032,112,112,53,4.4028657664e+10,4.981560064e+10
686.234,112,112,53,4.404543488e+10,4.981560064e+10
686.435,112,112,53,4.4033900544e+10,4.981560064e+10
686.636,112,112,53,4.4007686144e+10,4.981560064e+10
686.838,112,112,53,4.4000346112e+10,4.981560064e+10
687.039,112,112,53,4.3983568896e+10,4.981560064e+10
687.240,112,112,53,4.4028657664e+10,4.981560064e+10
687.441,112,112,53,4.4020269056e+10,4.981560064e+10
687.642,112,112,53,4.4022366208e+10,4.981560064e+10
687.843,112,112,53,4.4038094848e+10,4.981560064e+10
688.044,112,112,53,4.4052774912e+10,4.981560064e+10
688.246,112,112,53,4.4046483456e+10,4.981560064e+10
688.447,112,112,53,4.4044386304e+10,4.981560064e+10
688.649,112,112,53,4.4025511936e+10,4.981560064e+10
688.850,112,112,53,4.4032851968e+10,4.981560064e+10
689.052,112,112,53,4.4012929024e+10,4.981560064e+10
689.253,112,112,53,4.4042289152e+10,4.981560064e+10
689.454,112,112,53,4.4051726336e+10,4.981560064e+10
689.655,112,112,53,4.4063260672e+10,4.981560064e+10
689.856,112,112,53,4.4032851968e+10,4.981560064e+10
690.057,112,112,53,4.4015026176e+10,4.981560064e+10
690.259,112,112,53,4.4005588992e+10,4.981560064e+10
690.460,112,112,53,4.4001394688e+10,4.981560064e+10
690.662,112,112,53,4.4002443264e+10,4.981560064e+10
690.863,112,112,53,4.4009783296e+10,4.981560064e+10
691.064,112,112,53,4.3995103232e+10,4.981560064e+10
691.266,112,112,53,4.4033900544e+10,4.981560064e+10
691.467,112,112,53,4.404543488e+10,4.981560064e+10
691.668,112,112,53,4.4042289152e+10,4.981560064e+10
691.869,112,112,53,4.4025511936e+10,4.981560064e+10
692.071,112,112,53,4.4023414784e+10,4.981560064e+10
692.273,112,112,53,4.4038094848e+10,4.981560064e+10
692.474,112,112,53,4.4041240576e+10,4.981560064e+10
692.675,112,112,53,4.403494912e+10,4.981560064e+10
692.877,112,112,53,4.4007686144e+10,4.981560064e+10
693.078,112,112,53,4.3989860352e+10,4.981560064e+10
693.279,112,112,53,4.3994054656e+10,4.981560064e+10
693.481,112,112,53,4.399824896e+10,4.981560064e+10
693.682,112,112,53,4.4023414784e+10,4.981560064e+10
693.883,112,112,53,4.4040192e+10,4.981560064e+10
694.084,112,112,53,4.4031803392e+10,4.981560064e+10
694.286,112,112,53,4.4053823488e+10,4.981560064e+10
694.487,112,112,53,4.4043337728e+10,4.981560064e+10
694.688,112,112,53,4.402970624e+10,4.981560064e+10
694.890,112,112,53,4.404543488e+10,4.981560064e+10
695.091,112,112,53,4.4037046272e+10,4.981560064e+10
695.292,112,112,53,4.404543488e+10,4.981560064e+10
695.493,112,112,53,4.4047532032e+10,4.981560064e+10
695.695,112,112,53,4.4038094848e+10,4.981560064e+10
695.896,112,112,53,4.3984617472e+10,4.981560064e+10
696.097,112,112,53,4.3983568896e+10,4.981560064e+10
696.299,112,112,53,4.3981471744e+10,4.981560064e+10
696.501,112,112,53,4.4001394688e+10,4.981560064e+10
696.702,112,112,53,4.4017123328e+10,4.981560064e+10
696.903,112,112,53,4.4009783296e+10,4.981560064e+10
697.104,112,112,53,4.4027609088e+10,4.981560064e+10
697.306,112,112,53,4.4022366208e+10,4.981560064e+10
697.507,112,112,53,4.4021317632e+10,4.981560064e+10
697.709,112,112,53,4.4010831872e+10,4.981560064e+10
697.910,112,112,53,4.4012929024e+10,4.981560064e+10
698.112,112,112,53,4.4038094848e+10,4.981560064e+10
698.313,112,112,53,4.4025511936e+10,4.981560064e+10
698.514,112,112,53,4.4016074752e+10,4.981560064e+10
698.716,112,112,53,4.4038094848e+10,4.981560064e+10
698.917,112,112,53,4.4038094848e+10,4.981560064e+10
699.118,112,112,53,4.4025511936e+10,4.981560064e+10
699.320,112,112,53,4.400349184e+10,4.981560064e+10
699.521,112,112,53,4.397203456e+10,4.981560064e+10
699.723,112,112,53,4.4011880448e+10,4.981560064e+10
699.924,112,112,53,4.4000346112e+10,4.981560064e+10
700.125,112,112,53,4.398252032e+10,4.981560064e+10
700.327,112,112,53,4.4025511936e+10,4.981560064e+10
700.528,112,112,53,4.4023414784e+10,4.981560064e+10
700.730,112,112,53,4.4026560512e+10,4.981560064e+10
700.931,112,112,53,4.4039143424e+10,4.981560064e+10
701.132,112,112,53,4.4042289152e+10,4.981560064e+10
701.333,112,112,53,4.401922048e+10,4.981560064e+10
701.535,112,112,53,4.4031803392e+10,4.981560064e+10
701.737,112,112,53,4.4007686144e+10,4.981560064e+10
701.938,112,112,53,4.3980423168e+10,4.981560064e+10
702.139,112,112,53,4.3963645952e+10,4.981560064e+10
702.341,112,112,53,4.3955257344e+10,4.981560064e+10
702.542,112,112,53,4.3995103232e+10,4.981560064e+10
702.744,112,112,53,4.399300608e+10,4.981560064e+10
702.945,112,112,53,4.3986714624e+10,4.981560064e+10
703.147,112,112,53,4.3983568896e+10,4.981560064e+10
703.348,112,112,53,4.4020269056e+10,4.981560064e+10
703.549,112,112,53,4.4041240576e+10,4.981560064e+10
703.751,112,112,53,4.4042289152e+10,4.981560064e+10
703.952,112,112,53,4.4065357824e+10,4.981560064e+10
704.154,112,112,53,4.4065357824e+10,4.981560064e+10
704.355,112,112,53,4.4039143424e+10,4.981560064e+10
704.556,112,112,53,4.3985666048e+10,4.981560064e+10
704.758,112,112,53,4.3983568896e+10,4.981560064e+10
704.959,112,112,53,4.3963645952e+10,4.981560064e+10
705.161,112,112,53,4.3985666048e+10,4.981560064e+10
705.362,112,112,53,4.3979374592e+10,4.981560064e+10
705.563,112,112,53,4.397203456e+10,4.981560064e+10
705.765,112,112,53,4.3984617472e+10,4.981560064e+10
705.966,112,112,53,4.3981471744e+10,4.981560064e+10
706.168,112,112,53,4.3978326016e+10,4.981560064e+10
706.369,112,112,53,4.4021317632e+10,4.981560064e+10
706.571,112,112,53,4.4020269056e+10,4.981560064e+10
706.772,112,112,53,4.4026560512e+10,4.981560064e+10
706.973,112,112,53,4.4040192e+10,4.981560064e+10
707.175,112,112,53,4.4042289152e+10,4.981560064e+10
707.376,112,112,53,4.4022366208e+10,4.981560064e+10
707.578,112,112,53,4.4026560512e+10,4.981560064e+10
707.779,112,112,53,4.4020269056e+10,4.981560064e+10
707.980,112,112,53,4.4005588992e+10,4.981560064e+10
708.182,112,112,53,4.395630592e+10,4.981560064e+10
708.383,112,112,53,4.397203456e+10,4.981560064e+10
708.584,112,112,53,4.3965743104e+10,4.981560064e+10
708.786,112,112,53,4.3968888832e+10,4.981560064e+10
708.987,112,112,53,4.3986714624e+10,4.981560064e+10
709.188,112,112,53,4.3989860352e+10,4.981560064e+10
709.390,112,112,53,4.399300608e+10,4.981560064e+10
709.592,112,112,53,4.400349184e+10,4.981560064e+10
709.793,112,112,53,4.4004540416e+10,4.981560064e+10
709.994,112,112,53,4.40139776e+10,4.981560064e+10
710.195,112,112,53,4.4056969216e+10,4.981560064e+10
710.397,112,112,53,4.4049629184e+10,4.981560064e+10
710.598,112,112,53,4.4023414784e+10,4.981560064e+10
710.799,112,112,53,4.399300608e+10,4.981560064e+10
711.000,112,112,53,4.3980423168e+10,4.981560064e+10
711.202,112,112,53,4.3958403072e+10,4.981560064e+10
711.403,112,112,53,4.3981471744e+10,4.981560064e+10
711.604,112,112,53,4.395106304e+10,4.981560064e+10
711.806,112,112,53,4.3981471744e+10,4.981560064e+10
712.007,112,112,53,4.3963645952e+10,4.981560064e+10
712.208,112,112,53,4.3970985984e+10,4.981560064e+10
712.410,112,112,53,4.4021317632e+10,4.981560064e+10
712.611,112,112,53,4.4011880448e+10,4.981560064e+10
712.813,112,112,53,4.4033900544e+10,4.981560064e+10
713.014,112,112,53,4.401922048e+10,4.981560064e+10
713.215,112,112,53,4.403494912e+10,4.981560064e+10
713.416,112,112,53,4.4018171904e+10,4.981560064e+10
713.618,112,112,53,4.3973083136e+10,4.981560064e+10
713.819,112,112,53,4.3978326016e+10,4.981560064e+10
714.021,112,112,53,4.3968888832e+10,4.981560064e+10
714.222,112,112,53,4.3970985984e+10,4.981560064e+10
714.423,112,112,53,4.3962597376e+10,4.981560064e+10
714.625,112,112,53,4.3976228864e+10,4.981560064e+10
714.826,112,112,53,4.396679168e+10,4.981560064e+10
715.027,112,112,53,4.3962597376e+10,4.981560064e+10
715.229,112,112,53,4.3963645952e+10,4.981560064e+10
715.430,112,112,53,4.4023414784e+10,4.981560064e+10
715.631,112,112,53,4.4026560512e+10,4.981560064e+10
715.832,112,112,53,4.4020269056e+10,4.981560064e+10
716.034,112,112,53,4.405592064e+10,4.981560064e+10
716.235,112,112,53,4.405592064e+10,4.981560064e+10
716.436,112,112,53,4.402446336e+10,4.981560064e+10
716.638,112,112,53,4.3986714624e+10,4.981560064e+10
716.839,112,112,53,4.3984617472e+10,4.981560064e+10
717.041,112,112,53,4.397727744e+10,4.981560064e+10
717.242,112,112,53,4.3960500224e+10,4.981560064e+10
717.444,112,112,53,4.3985666048e+10,4.981560064e+10
717.645,112,112,53,4.3973083136e+10,4.981560064e+10
717.846,112,112,53,4.3978326016e+10,4.981560064e+10
718.048,112,112,53,4.3976228864e+10,4.981560064e+10
718.249,112,112,53,4.3954208768e+10,4.981560064e+10
718.451,112,112,53,4.40139776e+10,4.981560064e+10
718.652,112,112,53,4.400349184e+10,4.981560064e+10
718.853,112,112,53,4.4009783296e+10,4.981560064e+10
719.054,112,112,53,4.4021317632e+10,4.981560064e+10
719.256,112,112,53,4.4016074752e+10,4.981560064e+10
719.457,112,112,53,4.4037046272e+10,4.981560064e+10
719.658,112,112,53,4.4041240576e+10,4.981560064e+10
719.860,112,112,53,4.4009783296e+10,4.981560064e+10
720.061,112,112,53,4.399300608e+10,4.981560064e+10
720.263,112,112,53,4.3954208768e+10,4.981560064e+10
720.464,112,112,53,4.3946868736e+10,4.981560064e+10
720.665,112,112,53,4.3941625856e+10,4.981560064e+10
720.866,112,112,53,4.3953160192e+10,4.981560064e+10
721.068,112,112,53,4.3964694528e+10,4.981560064e+10
721.269,112,112,53,4.3938480128e+10,4.981560064e+10
721.470,112,112,53,4.3960500224e+10,4.981560064e+10
721.671,112,112,53,4.4010831872e+10,4.981560064e+10
721.872,112,112,53,4.4032851968e+10,4.981560064e+10
722.073,112,112,53,4.4030754816e+10,4.981560064e+10
722.274,112,112,53,4.4012929024e+10,4.981560064e+10
722.475,112,112,53,4.3999297536e+10,4.981560064e+10
722.676,112,112,53,4.4004540416e+10,4.981560064e+10
722.877,112,112,53,4.400349184e+10,4.981560064e+10
723.078,112,112,53,4.3996151808e+10,4.981560064e+10
723.279,112,112,53,4.397727744e+10,4.981560064e+10
723.481,112,112,53,4.3937431552e+10,4.981560064e+10
723.682,112,112,53,4.3958403072e+10,4.981560064e+10
723.883,112,112,53,4.395630592e+10,4.981560064e+10
724.085,112,112,53,4.3947917312e+10,4.981560064e+10
724.286,112,112,53,4.3939528704e+10,4.981560064e+10
724.487,112,112,53,4.397727744e+10,4.981560064e+10
724.688,112,112,53,4.399824896e+10,4.981560064e+10
724.889,112,112,53,4.401922048e+10,4.981560064e+10
725.091,112,112,53,4.4023414784e+10,4.981560064e+10
725.292,112,112,53,4.4005588992e+10,4.981560064e+10
725.493,112,112,53,4.4012929024e+10,4.981560064e+10
725.694,112,112,53,4.4006637568e+10,4.981560064e+10
725.896,112,112,53,4.397727744e+10,4.981560064e+10
726.097,112,112,53,4.3960500224e+10,4.981560064e+10
726.298,112,112,53,4.3958403072e+10,4.981560064e+10
726.500,112,112,53,4.3952111616e+10,4.981560064e+10
726.701,112,112,53,4.3950014464e+10,4.981560064e+10
726.902,112,112,53,4.3968888832e+10,4.981560064e+10
727.103,112,112,53,4.3980423168e+10,4.981560064e+10
727.305,112,112,53,4.3958403072e+10,4.981560064e+10
727.506,112,112,53,4.3968888832e+10,4.981560064e+10
727.707,112,112,53,4.4001394688e+10,4.981560064e+10
727.909,112,112,53,4.399300608e+10,4.981560064e+10
728.110,112,112,53,4.3978326016e+10,4.981560064e+10
728.311,112,112,53,4.3969937408e+10,4.981560064e+10
728.512,112,112,53,4.397203456e+10,4.981560064e+10
728.714,112,112,53,4.4028657664e+10,4.981560064e+10
728.915,112,112,53,4.4015026176e+10,4.981560064e+10
729.116,112,112,53,4.4000346112e+10,4.981560064e+10
729.317,112,112,53,4.3934285824e+10,4.981560064e+10
729.519,112,112,53,4.3916460032e+10,4.981560064e+10
729.720,112,112,53,4.394057728e+10,4.981560064e+10
729.922,112,112,53,4.3953160192e+10,4.981560064e+10
730.123,112,112,53,4.3952111616e+10,4.981560064e+10
730.324,112,112,53,4.3931140096e+10,4.981560064e+10
730.525,112,112,53,4.395106304e+10,4.981560064e+10
730.727,112,112,53,4.3974131712e+10,4.981560064e+10
730.928,112,112,53,4.3974131712e+10,4.981560064e+10
731.129,112,112,53,4.4001394688e+10,4.981560064e+10
731.331,112,112,53,4.400349184e+10,4.981560064e+10
731.532,112,112,53,4.399824896e+10,4.981560064e+10
731.733,112,112,53,4.401922048e+10,4.981560064e+10
731.934,112,112,53,4.399300608e+10,4.981560064e+10
732.136,112,112,53,4.4001394688e+10,4.981560064e+10
732.337,112,112,53,4.3959451648e+10,4.981560064e+10
732.538,112,112,53,4.3952111616e+10,4.981560064e+10
732.740,112,112,53,4.3964694528e+10,4.981560064e+10
732.941,112,112,53,4.3947917312e+10,4.981560064e+10
733.142,112,112,53,4.3937431552e+10,4.981560064e+10
733.344,112,112,53,4.3923800064e+10,4.981560064e+10
733.545,112,112,53,4.395106304e+10,4.981560064e+10
733.746,112,112,53,4.3969937408e+10,4.981560064e+10
733.948,112,112,53,4.39877632e+10,4.981560064e+10
734.149,112,112,53,4.3978326016e+10,4.981560064e+10
734.351,112,112,53,4.3988811776e+10,4.981560064e+10
734.552,112,112,53,4.401922048e+10,4.981560064e+10
734.754,112,112,53,4.399824896e+10,4.981560064e+10
734.955,112,112,53,4.3983568896e+10,4.981560064e+10
735.157,112,112,53,4.3947917312e+10,4.981560064e+10
735.358,112,112,53,4.3916460032e+10,4.981560064e+10
735.559,112,112,53,4.390912e+10,4.981560064e+10
735.761,112,112,53,4.39615488e+10,4.981560064e+10
735.962,112,112,53,4.39615488e+10,4.981560064e+10
736.164,112,112,53,4.3960500224e+10,4.981560064e+10
736.365,112,112,53,4.3975180288e+10,4.981560064e+10
736.567,112,112,53,4.3963645952e+10,4.981560064e+10
736.768,112,112,53,4.397727744e+10,4.981560064e+10
736.969,112,112,53,4.3964694528e+10,4.981560064e+10
737.171,112,112,53,4.3959451648e+10,4.981560064e+10
737.372,112,112,53,4.3990908928e+10,4.981560064e+10
737.573,112,112,53,4.400873472e+10,4.981560064e+10
737.775,112,112,53,4.3985666048e+10,4.981560064e+10
737.976,112,112,53,4.3952111616e+10,4.981560064e+10
738.177,112,112,53,4.3963645952e+10,4.981560064e+10
738.379,112,112,53,4.3959451648e+10,4.981560064e+10
738.580,112,112,53,4.394582016e+10,4.981560064e+10
738.781,112,112,53,4.3946868736e+10,4.981560064e+10
738.983,112,112,53,4.3939528704e+10,4.981560064e+10
739.184,112,112,53,4.392484864e+10,4.981560064e+10
739.385,112,112,53,4.3932188672e+10,4.981560064e+10
739.587,112,112,53,4.3950014464e+10,4.981560064e+10
739.788,112,112,53,4.3965743104e+10,4.981560064e+10
739.990,112,112,53,4.3965743104e+10,4.981560064e+10
740.191,112,112,53,4.3976228864e+10,4.981560064e+10
740.392,112,112,53,4.4006637568e+10,4.981560064e+10
740.594,112,112,53,4.4005588992e+10,4.981560064e+10
740.795,112,112,53,4.400873472e+10,4.981560064e+10
740.996,112,112,53,4.3965743104e+10,4.981560064e+10
741.198,112,112,53,4.3973083136e+10,4.981560064e+10
741.399,112,112,53,4.395106304e+10,4.981560064e+10
741.600,112,112,53,4.395106304e+10,4.981560064e+10
741.802,112,112,53,4.3931140096e+10,4.981560064e+10
742.003,112,112,53,4.3922751488e+10,4.981560064e+10
742.204,112,112,53,4.39615488e+10,4.981560064e+10
742.406,112,112,53,4.3960500224e+10,4.981560064e+10
742.607,112,112,53,4.3991957504e+10,4.981560064e+10
742.808,112,112,53,4.3990908928e+10,4.981560064e+10
743.009,112,112,53,4.395106304e+10,4.981560064e+10
743.211,112,112,53,4.396679168e+10,4.981560064e+10
743.412,112,112,53,4.3960500224e+10,4.981560064e+10
743.613,112,112,53,4.3983568896e+10,4.981560064e+10
743.814,112,112,53,4.3979374592e+10,4.981560064e+10
744.016,112,112,53,4.397727744e+10,4.981560064e+10
744.217,112,112,53,4.3920654336e+10,4.981560064e+10
744.418,112,112,53,4.3899682816e+10,4.981560064e+10
744.620,112,112,53,4.3957354496e+10,4.981560064e+10
744.821,112,112,53,4.39615488e+10,4.981560064e+10
745.022,112,112,53,4.3957354496e+10,4.981560064e+10
745.223,112,112,53,4.3954208768e+10,4.981560064e+10
745.425,112,112,53,4.3959451648e+10,4.981560064e+10
745.626,112,112,53,4.3954208768e+10,4.981560064e+10
745.827,112,112,53,4.3962597376e+10,4.981560064e+10
746.028,112,112,53,4.3968888832e+10,4.981560064e+10
746.230,112,112,53,4.3965743104e+10,4.981560064e+10
746.431,112,112,53,4.3973083136e+10,4.981560064e+10
746.632,112,112,53,4.3980423168e+10,4.981560064e+10
746.834,112,112,53,4.3976228864e+10,4.981560064e+10
747.035,112,112,53,4.394582016e+10,4.981560064e+10
747.236,112,112,53,4.3918557184e+10,4.981560064e+10
747.438,112,112,53,4.390912e+10,4.981560064e+10
747.639,112,112,53,4.3910168576e+10,4.981560064e+10
747.841,112,112,53,4.394582016e+10,4.981560064e+10
748.042,112,112,53,4.3965743104e+10,4.981560064e+10
748.243,112,112,53,4.3981471744e+10,4.981560064e+10
748.445,112,112,53,4.394582016e+10,4.981560064e+10
748.646,112,112,53,4.39615488e+10,4.981560064e+10
748.847,112,112,53,4.3965743104e+10,4.981560064e+10
749.049,112,112,53,4.397203456e+10,4.981560064e+10
749.250,112,112,53,4.3948965888e+10,4.981560064e+10
749.451,112,112,53,4.3962597376e+10,4.981560064e+10
749.653,112,112,53,4.3963645952e+10,4.981560064e+10
749.854,112,112,53,4.3941625856e+10,4.981560064e+10
750.056,112,112,53,4.3921702912e+10,4.981560064e+10
750.257,112,112,53,4.3892342784e+10,4.981560064e+10
750.458,112,112,53,4.3931140096e+10,4.981560064e+10
750.660,112,112,53,4.3936382976e+10,4.981560064e+10
750.861,112,112,53,4.394057728e+10,4.981560064e+10
751.063,112,112,53,4.3980423168e+10,4.981560064e+10
751.264,112,112,53,4.3986714624e+10,4.981560064e+10
751.465,112,112,53,4.397203456e+10,4.981560064e+10
751.667,112,112,53,4.3970985984e+10,4.981560064e+10
751.868,112,112,53,4.395106304e+10,4.981560064e+10
752.069,112,112,53,4.3970985984e+10,4.981560064e+10
752.271,112,112,53,4.3950014464e+10,4.981560064e+10
752.472,112,112,53,4.3942674432e+10,4.981560064e+10
752.673,112,112,53,4.3925897216e+10,4.981560064e+10
752.875,112,112,53,4.3902828544e+10,4.981560064e+10
753.076,112,112,53,4.3912265728e+10,4.981560064e+10
753.277,112,112,53,4.3899682816e+10,4.981560064e+10
753.478,112,112,53,4.3948965888e+10,4.981560064e+10
753.680,112,112,53,4.3962597376e+10,4.981560064e+10
753.881,112,112,53,4.3969937408e+10,4.981560064e+10
754.082,112,112,53,4.3978326016e+10,4.981560064e+10
754.284,112,112,53,4.3975180288e+10,4.981560064e+10
754.485,112,112,53,4.3967840256e+10,4.981560064e+10
754.686,112,112,53,4.3958403072e+10,4.981560064e+10
754.888,112,112,53,4.396679168e+10,4.981560064e+10
755.089,112,112,53,4.397203456e+10,4.981560064e+10
755.291,112,112,53,4.3973083136e+10,4.981560064e+10
755.492,112,112,53,4.3938480128e+10,4.981560064e+10
755.693,112,112,53,4.3950014464e+10,4.981560064e+10
755.894,112,112,53,4.3955257344e+10,4.981560064e+10
756.095,112,112,53,4.3934285824e+10,4.981560064e+10
756.297,112,112,53,4.3927994368e+10,4.981560064e+10
756.498,112,112,53,4.3944771584e+10,4.981560064e+10
756.699,112,112,53,4.3964694528e+10,4.981560064e+10
756.900,112,112,53,4.39615488e+10,4.981560064e+10
757.101,112,112,53,4.3985666048e+10,4.981560064e+10
757.302,112,112,53,4.398252032e+10,4.981560064e+10
757.503,112,112,53,4.397727744e+10,4.981560064e+10
757.704,112,112,53,4.3973083136e+10,4.981560064e+10
757.905,112,112,53,4.3939528704e+10,4.981560064e+10
758.106,112,112,53,4.3927994368e+10,4.981560064e+10
758.307,112,112,53,4.3922751488e+10,4.981560064e+10
758.508,112,112,53,4.3944771584e+10,4.981560064e+10
758.709,112,112,53,4.3933237248e+10,4.981560064e+10
758.910,112,112,53,4.3941625856e+10,4.981560064e+10
759.111,112,112,53,4.3916460032e+10,4.981560064e+10
759.312,112,112,53,4.3915411456e+10,4.981560064e+10
759.513,112,112,53,4.3933237248e+10,4.981560064e+10
759.714,112,112,53,4.395106304e+10,4.981560064e+10
759.916,112,112,53,4.3947917312e+10,4.981560064e+10
760.117,112,112,53,4.3939528704e+10,4.981560064e+10
760.318,112,112,53,4.3948965888e+10,4.981560064e+10
760.520,112,112,53,4.395106304e+10,4.981560064e+10
760.721,112,112,53,4.3944771584e+10,4.981560064e+10
760.922,112,112,53,4.3957354496e+10,4.981560064e+10
761.123,112,112,53,4.3947917312e+10,4.981560064e+10
761.325,112,112,53,4.3932188672e+10,4.981560064e+10
761.526,112,112,53,4.3960500224e+10,4.981560064e+10
761.727,112,112,53,4.3950014464e+10,4.981560064e+10
761.928,112,112,53,4.3952111616e+10,4.981560064e+10
762.130,112,112,53,4.394582016e+10,4.981560064e+10
762.331,112,112,53,4.3926945792e+10,4.981560064e+10
762.532,112,112,53,4.39353344e+10,4.981560064e+10
762.733,112,112,53,4.3927994368e+10,4.981560064e+10
762.934,112,112,53,4.3915411456e+10,4.981560064e+10
763.135,112,112,53,4.3916460032e+10,4.981560064e+10
763.337,112,112,53,4.3939528704e+10,4.981560064e+10
763.538,112,112,53,4.3927994368e+10,4.981560064e+10
763.739,112,112,53,4.3947917312e+10,4.981560064e+10
763.940,112,112,53,4.3936382976e+10,4.981560064e+10
764.142,112,112,53,4.3950014464e+10,4.981560064e+10
764.343,112,112,53,4.3963645952e+10,4.981560064e+10
764.544,112,112,53,4.3970200808e+10,4.981560064e+10
764.746,112,112,53,4.3996415208e+10,4.981560064e+10
764.947,112,112,53,4.3979637992e+10,4.981560064e+10
765.148,112,112,53,4.3945034984e+10,4.981560064e+10
765.350,112,112,53,4.3928257768e+10,4.981560064e+10
765.551,112,112,53,4.39355978e+10,4.981560064e+10
765.752,112,112,53,4.3936646376e+10,4.981560064e+10
765.953,112,112,53,4.3942937832e+10,4.981560064e+10
766.155,112,112,53,4.3932452072e+10,4.981560064e+10
766.356,112,112,53,4.3902043368e+10,4.981560064e+10
766.557,112,112,53,4.3906237672e+10,4.981560064e+10
766.758,112,112,53,4.3875828968e+10,4.981560064e+10
766.959,112,112,53,4.3885266152e+10,4.981560064e+10
767.160,112,112,53,4.3875828968e+10,4.981560064e+10
767.361,112,112,53,4.3941889256e+10,4.981560064e+10
767.563,112,112,53,4.3936646376e+10,4.981560064e+10
767.764,112,112,53,4.3931585219e+10,4.981560064e+10
767.965,112,112,53,4.3944168131e+10,4.981560064e+10
768.166,112,112,53,4.3919002307e+10,4.981560064e+10
768.368,112,112,53,4.3925495611e+10,4.981560064e+10
768.570,112,112,53,4.3920252731e+10,4.981560064e+10
768.771,112,112,53,4.3908718395e+10,4.981560064e+10
768.972,112,112,53,4.3929689915e+10,4.981560064e+10
769.174,112,112,53,4.3912912699e+10,4.981560064e+10
769.375,112,112,53,4.3863629627e+10,4.981560064e+10
769.576,112,112,53,4.3863629627e+10,4.981560064e+10
769.778,112,112,53,4.3862581051e+10,4.981560064e+10
769.979,112,112,53,4.3869921083e+10,4.981560064e+10
770.180,112,112,53,4.3867823931e+10,4.981560064e+10
770.382,112,112,53,4.3845803835e+10,4.981560064e+10
770.583,112,112,53,4.3877261115e+10,4.981560064e+10
770.784,112,112,53,4.3883552571e+10,4.981560064e+10
770.985,112,112,53,4.3864678203e+10,4.981560064e+10
771.186,112,112,53,4.3911864123e+10,4.981560064e+10
771.388,112,112,53,4.3925495611e+10,4.981560064e+10
771.589,112,112,53,4.3921301307e+10,4.981560064e+10
771.790,112,112,53,4.3921301307e+10,4.981560064e+10
771.991,112,112,53,4.3898232635e+10,4.981560064e+10
772.193,112,112,53,4.3845803835e+10,4.981560064e+10
772.394,112,112,53,4.3825880891e+10,4.981560064e+10
772.595,112,112,53,4.3830075195e+10,4.981560064e+10
772.796,112,112,53,4.3825880891e+10,4.981560064e+10
772.997,112,112,53,4.3823783739e+10,4.981560064e+10
773.199,112,112,53,4.3834269499e+10,4.981560064e+10
773.400,112,112,53,4.3855241019e+10,4.981560064e+10
773.601,112,112,53,4.3863036894e+10,4.981560064e+10
773.802,112,112,53,4.3868279774e+10,4.981560064e+10
774.003,112,112,53,4.3870376926e+10,4.981560064e+10
774.205,112,112,53,4.3866182622e+10,4.981560064e+10
774.406,112,112,53,4.3867231198e+10,4.981560064e+10
774.608,112,112,53,4.3881911262e+10,4.981560064e+10
774.809,112,112,53,4.3872474078e+10,4.981560064e+10
775.010,112,112,53,4.3838919646e+10,4.981560064e+10
775.212,112,112,53,4.3817948126e+10,4.981560064e+10
775.413,112,112,53,4.3802219486e+10,4.981560064e+10
775.615,112,112,53,4.3808510942e+10,4.981560064e+10
775.816,112,112,53,4.3800122334e+10,4.981560064e+10
776.017,112,112,53,4.3788587998e+10,4.981560064e+10
776.219,112,112,53,4.3793830878e+10,4.981560064e+10
776.420,112,112,53,4.3819986944e+10,4.981560064e+10
776.621,112,112,53,4.3807404032e+10,4.981560064e+10
776.823,112,112,53,4.379482112e+10,4.981560064e+10
777.024,112,112,53,4.382103552e+10,4.981560064e+10
777.225,112,112,53,4.3808452608e+10,4.981560064e+10
777.427,112,112,53,4.3848298496e+10,4.981560064e+10
777.628,112,112,53,4.3844104192e+10,4.981560064e+10
777.829,112,112,53,4.3799015424e+10,4.981560064e+10
778.031,112,112,53,4.3796918272e+10,4.981560064e+10
778.232,112,112,53,4.3785922938e+10,4.981560064e+10
778.433,112,112,53,4.3759708538e+10,4.981560064e+10
778.635,112,112,53,4.373034841e+10,4.981560064e+10
778.836,112,112,53,4.3738737018e+10,4.981560064e+10
779.037,112,112,53,4.3745028474e+10,4.981560064e+10
779.239,112,112,53,4.3759708538e+10,4.981560064e+10
779.440,112,112,53,4.3765999994e+10,4.981560064e+10
779.641,112,112,53,4.3776485754e+10,4.981560064e+10
779.843,112,112,53,4.3801651578e+10,4.981560064e+10
780.044,112,112,53,4.379850585e+10,4.981560064e+10
780.245,112,112,53,4.3756648199e+10,4.981560064e+10
780.447,112,112,53,4.3747211015e+10,4.981560064e+10
780.648,112,112,53,4.3751405319e+10,4.981560064e+10
780.849,112,112,53,4.3707852865e+10,4.981560064e+10
781.051,112,112,53,4.3700512833e+10,4.981560064e+10
781.252,112,112,53,4.3702609985e+10,4.981560064e+10
781.453,112,112,53,4.3679541313e+10,4.981560064e+10
781.655,112,112,53,4.3685214023e+10,4.981560064e+10
781.856,112,112,53,4.3691505479e+10,4.981560064e+10
782.057,112,112,53,4.3684165447e+10,4.981560064e+10
782.259,112,112,53,4.3716671303e+10,4.981560064e+10
782.460,112,112,53,4.3738691399e+10,4.981560064e+10
782.661,112,112,53,4.3713525575e+10,4.981560064e+10
782.863,112,112,53,4.3709331271e+10,4.981560064e+10
783.064,112,112,53,4.3694651207e+10,4.981560064e+10
783.265,112,112,53,4.3690456903e+10,4.981560064e+10
783.467,112,112,53,4.3677873991e+10,4.981560064e+10
783.668,112,112,53,4.3689408327e+10,4.981560064e+10
783.870,112,112,53,4.3682068295e+10,4.981560064e+10
784.071,112,112,53,4.3618105159e+10,4.981560064e+10
784.273,112,112,53,4.3588745031e+10,4.981560064e+10
784.474,112,112,53,4.3592939335e+10,4.981560064e+10
784.676,112,112,53,4.3603425095e+10,4.981560064e+10
784.877,112,112,53,4.3604473671e+10,4.981560064e+10
785.078,112,112,53,4.3616008007e+10,4.981560064e+10
785.280,112,112,53,4.3626493767e+10,4.981560064e+10
785.481,112,112,53,4.3667388231e+10,4.981560064e+10
785.682,112,112,53,4.3666339655e+10,4.981560064e+10
785.884,112,112,53,4.3632785223e+10,4.981560064e+10
786.085,112,112,53,4.3631736647e+10,4.981560064e+10
786.287,112,112,53,4.3603095096e+10,4.981560064e+10
786.488,112,112,53,4.359156076e+10,4.981560064e+10
786.689,112,112,53,4.3538083384e+10,4.981560064e+10
786.890,112,112,53,4.3566394936e+10,4.981560064e+10
787.092,112,112,53,4.3535986232e+10,4.981560064e+10
787.293,112,112,53,4.3509771832e+10,4.981560064e+10
787.494,112,112,53,4.349194604e+10,4.981560064e+10
787.696,112,112,53,4.3488800312e+10,4.981560064e+10
787.897,112,112,53,4.3516063288e+10,4.981560064e+10
788.098,112,112,53,4.3504200476e+10,4.981560064e+10
788.300,112,112,53,4.3540900636e+10,4.981560064e+10
788.501,112,112,53,4.3527269148e+10,4.981560064e+10
788.702,112,112,53,4.351888054e+10,4.981560064e+10
788.904,112,112,53,4.3537598051e+10,4.981560064e+10
789.105,112,112,53,4.3537269956e+10,4.981560064e+10
789.306,112,112,53,4.3523638468e+10,4.981560064e+10
789.508,112,112,53,4.3498472644e+10,4.981560064e+10
789.709,112,112,53,4.3472258244e+10,4.981560064e+10
789.911,112,112,53,4.3454432452e+10,4.981560064e+10
790.112,112,112,53,4.3437655236e+10,4.981560064e+10
790.313,112,112,53,4.3422975172e+10,4.981560064e+10
790.515,112,112,53,4.342087802e+10,4.981560064e+10
790.716,112,112,53,4.3415184043e+10,4.981560064e+10
790.918,112,112,53,4.3410989739e+10,4.981560064e+10
791.119,112,112,53,4.3427766955e+10,4.981560064e+10
791.320,112,112,53,4.3409941163e+10,4.981560064e+10
791.522,112,112,53,4.3410989739e+10,4.981560064e+10
791.723,112,112,53,4.3382678187e+10,4.981560064e+10
791.924,112,112,53,4.3379532459e+10,4.981560064e+10
792.125,112,112,53,4.3369046699e+10,4.981560064e+10
792.326,112,112,53,4.3356463787e+10,4.981560064e+10
792.528,112,112,53,4.3345978027e+10,4.981560064e+10
792.729,112,112,53,4.3353318059e+10,4.981560064e+10
792.930,112,112,53,4.3343880875e+10,4.981560064e+10
793.131,112,112,53,4.3370095275e+10,4.981560064e+10
793.333,112,112,53,4.3359609515e+10,4.981560064e+10
793.534,112,112,53,4.3308093394e+10,4.981560064e+10
793.736,112,112,53,4.3271393234e+10,4.981560064e+10
793.937,112,112,53,4.3260907474e+10,4.981560064e+10
794.138,112,112,53,4.3249373138e+10,4.981560064e+10
794.340,112,112,53,4.3264053202e+10,4.981560064e+10
794.541,112,112,53,4.3233075489e+10,4.981560064e+10
794.742,112,112,53,4.3232026913e+10,4.981560064e+10
794.944,112,112,53,4.322142339e+10,4.981560064e+10
795.145,112,112,53,4.3214083358e+10,4.981560064e+10
795.346,112,112,53,4.3213034782e+10,4.981560064e+10
795.548,112,112,53,4.3176334622e+10,4.981560064e+10
795.749,112,112,53,4.3160605982e+10,4.981560064e+10
795.950,112,112,53,4.315326595e+10,4.981560064e+10
796.152,112,112,53,4.3151168798e+10,4.981560064e+10
796.353,112,112,53,4.3133343006e+10,4.981560064e+10
796.554,112,112,53,4.3160605982e+10,4.981560064e+10
796.756,112,112,53,4.316899459e+10,4.981560064e+10
796.957,112,112,53,4.3117614366e+10,4.981560064e+10
797.159,112,112,53,4.310608003e+10,4.981560064e+10
797.360,112,112,53,4.3073678518e+10,4.981560064e+10
797.561,112,112,53,4.3099892918e+10,4.981560064e+10
797.763,112,112,53,4.3092552886e+10,4.981560064e+10
797.964,112,112,53,4.3088358582e+10,4.981560064e+10
798.166,112,112,53,4.3036978358e+10,4.981560064e+10
798.367,112,112,53,4.3007436531e+10,4.981560064e+10
798.568,112,112,53,4.2974930675e+10,4.981560064e+10
798.770,112,112,53,4.2987513587e+10,4.981560064e+10
798.971,112,112,53,4.3030505203e+10,4.981560064e+10
799.172,112,112,53,4.3028408051e+10,4.981560064e+10
799.374,112,112,53,4.2997999347e+10,4.981560064e+10
799.575,112,112,53,4.2935084787e+10,4.981560064e+10
799.776,112,112,53,4.2934036211e+10,4.981560064e+10
799.978,112,112,53,4.2920404723e+10,4.981560064e+10
800.179,112,112,53,4.2885801715e+10,4.981560064e+10
800.380,112,112,53,4.2865878771e+10,4.981560064e+10
800.582,112,112,53,4.2881607411e+10,4.981560064e+10
800.783,112,112,53,4.2870073075e+10,4.981560064e+10
800.984,112,112,53,4.2858538739e+10,4.981560064e+10
801.185,112,112,53,4.2833372915e+10,4.981560064e+10
801.387,112,112,53,4.2791429875e+10,4.981560064e+10
801.588,112,112,53,4.2788845255e+10,4.981560064e+10
801.789,112,112,53,4.2772068039e+10,4.981560064e+10
801.991,112,112,53,4.2775213767e+10,4.981560064e+10
802.192,112,112,53,4.2761582279e+10,4.981560064e+10
802.393,112,112,53,4.2749152638e+10,4.981560064e+10
802.595,112,112,53,4.2726083966e+10,4.981560064e+10
802.796,112,112,53,4.2700918142e+10,4.981560064e+10
802.997,112,112,53,4.2692529534e+10,4.981560064e+10
803.198,112,112,53,4.269357811e+10,4.981560064e+10
803.399,112,112,53,4.267260659e+10,4.981560064e+10
803.601,112,112,53,4.268833523e+10,4.981560064e+10
803.802,112,112,53,4.266736371e+10,4.981560064e+10
804.004,112,112,53,4.2621226366e+10,4.981560064e+10
804.205,112,112,53,4.2614959372e+10,4.981560064e+10
804.407,112,112,53,4.2626493708e+10,4.981560064e+10
804.608,112,112,53,4.2622299404e+10,4.981560064e+10
804.809,112,112,53,4.2577210636e+10,4.981560064e+10
805.011,112,112,53,4.2532121868e+10,4.981560064e+10
805.212,112,112,53,4.2545753356e+10,4.981560064e+10
805.413,112,112,53,4.2533170444e+10,4.981560064e+10
805.615,112,112,53,4.2514296076e+10,4.981560064e+10
805.816,112,112,53,4.2477595916e+10,4.981560064e+10
806.018,112,112,53,4.2501713164e+10,4.981560064e+10
806.219,112,112,53,4.2490178828e+10,4.981560064e+10
806.420,112,112,53,4.24608187e+10,4.981560064e+10
806.622,112,112,53,4.2454527244e+10,4.981560064e+10
806.823,112,112,53,4.2432507148e+10,4.981560064e+10
807.024,112,112,53,4.2406292748e+10,4.981560064e+10
807.226,112,112,53,4.239266126e+10,4.981560064e+10
807.427,112,112,53,4.2385321228e+10,4.981560064e+10
807.628,112,112,53,4.2341193131e+10,4.981560064e+10
807.829,112,112,53,4.2334901675e+10,4.981560064e+10
808.031,112,112,53,4.2310784427e+10,4.981560064e+10
808.233,112,112,53,4.2324100406e+10,4.981560064e+10
808.434,112,112,53,4.2299983158e+10,4.981560064e+10
808.636,112,112,53,4.2264331574e+10,4.981560064e+10
808.837,112,112,53,4.2247554358e+10,4.981560064e+10
809.038,112,112,53,4.2250700086e+10,4.981560064e+10
809.240,112,112,53,4.2231825718e+10,4.981560064e+10
809.441,112,112,53,4.219722271e+10,4.981560064e+10
809.643,112,112,53,4.2195125558e+10,4.981560064e+10
809.844,112,112,53,4.219197983e+10,4.981560064e+10
810.045,112,112,53,4.2180445494e+10,4.981560064e+10
810.246,112,112,53,4.2161571126e+10,4.981560064e+10
810.448,112,112,53,4.2146891062e+10,4.981560064e+10
810.649,112,112,53,4.2125919542e+10,4.981560064e+10
810.850,112,112,53,4.2128016694e+10,4.981560064e+10
811.052,112,112,53,4.2099705142e+10,4.981560064e+10
811.253,112,112,53,4.2078733622e+10,4.981560064e+10
811.454,112,112,53,4.206090783e+10,4.981560064e+10
811.655,112,112,53,4.2038887734e+10,4.981560064e+10
811.857,112,112,53,4.2038887734e+10,4.981560064e+10
812.058,112,112,53,4.201896479e+10,4.981560064e+10
812.259,112,112,53,4.1993798966e+10,4.981560064e+10
812.461,112,112,53,4.1940637172e+10,4.981560064e+10
812.662,112,112,53,4.192805426e+10,4.981560064e+10
812.863,112,112,53,4.1904862157e+10,4.981560064e+10
813.065,112,112,53,4.1915347917e+10,4.981560064e+10
813.266,112,112,53,4.1932125133e+10,4.981560064e+10
813.468,112,112,53,4.1915287253e+10,4.981560064e+10
813.669,112,112,53,4.1838741205e+10,4.981560064e+10
813.871,112,112,53,4.1819866837e+10,4.981560064e+10
814.072,112,112,53,4.1825109717e+10,4.981560064e+10
814.273,112,112,53,4.1819866837e+10,4.981560064e+10
814.475,112,112,53,4.1781069525e+10,4.981560064e+10
814.676,112,112,53,4.1748350532e+10,4.981560064e+10
814.877,112,112,53,4.172528186e+10,4.981560064e+10
815.079,112,112,53,4.167809594e+10,4.981560064e+10
815.280,112,112,53,4.1669707332e+10,4.981560064e+10
815.481,112,112,53,4.1635104324e+10,4.981560064e+10
815.683,112,112,53,4.1643492932e+10,4.981560064e+10
815.884,112,112,53,4.1639298628e+10,4.981560064e+10
816.085,112,112,53,4.1616229956e+10,4.981560064e+10
816.286,112,112,53,4.1597355588e+10,4.981560064e+10
816.487,112,112,53,4.1578193608e+10,4.981560064e+10
816.688,112,112,53,4.1565610696e+10,4.981560064e+10
816.889,112,112,53,4.1570853576e+10,4.981560064e+10
817.091,112,112,53,4.152786196e+10,4.981560064e+10
817.292,112,112,53,4.1498054586e+10,4.981560064e+10
817.493,112,112,53,4.146554873e+10,4.981560064e+10
817.694,112,112,53,4.1451917242e+10,4.981560064e+10
817.896,112,112,53,4.1424091201e+10,4.981560064e+10
818.097,112,112,53,4.1437722689e+10,4.981560064e+10
818.299,112,112,53,4.1431431233e+10,4.981560064e+10
818.500,112,112,53,4.1386342465e+10,4.981560064e+10
818.701,112,112,53,4.1338107969e+10,4.981560064e+10
818.902,112,112,53,4.1300968119e+10,4.981560064e+10
819.104,112,112,53,4.1251685047e+10,4.981560064e+10
819.305,112,112,53,4.118298868e+10,4.981560064e+10
819.506,112,112,53,4.1169357192e+10,4.981560064e+10
819.707,112,112,53,4.1160968584e+10,4.981560064e+10
819.908,112,112,53,4.1166211464e+10,4.981560064e+10
820.109,112,112,53,4.1134754184e+10,4.981560064e+10
820.310,112,112,53,4.1119025544e+10,4.981560064e+10
820.511,112,112,53,4.1113782664e+10,4.981560064e+10
820.713,112,112,53,4.1071839624e+10,4.981560064e+10
820.914,112,112,53,4.1040382344e+10,4.981560064e+10
821.115,112,112,53,4.10204594e+10,4.981560064e+10
821.317,112,112,53,4.0979564936e+10,4.981560064e+10
821.518,112,112,53,4.0953350536e+10,4.981560064e+10
821.719,112,112,53,4.089463028e+10,4.981560064e+10
821.921,112,112,53,4.0871561608e+10,4.981560064e+10
822.122,112,112,53,4.0828569992e+10,4.981560064e+10
822.324,112,112,53,4.0808647048e+10,4.981560064e+10
822.525,112,112,53,4.0803404168e+10,4.981560064e+10
822.727,112,112,53,4.078977268e+10,4.981560064e+10
822.928,112,112,53,4.0683866504e+10,4.981560064e+10
823.129,112,112,53,4.0675477896e+10,4.981560064e+10
823.331,112,112,53,4.0661485393e+10,4.981560064e+10
823.532,112,112,53,4.0646805329e+10,4.981560064e+10
823.734,112,112,53,4.0644708177e+10,4.981560064e+10
823.935,112,112,53,4.0600667985e+10,4.981560064e+10
824.137,112,112,53,4.0561870673e+10,4.981560064e+10
824.338,112,112,53,4.0500004689e+10,4.981560064e+10
824.539,112,112,53,4.0496858961e+10,4.981560064e+10
824.741,112,112,53,4.0475887441e+10,4.981560064e+10
824.942,112,112,53,4.0405482924e+10,4.981560064e+10
825.144,112,112,53,4.0357314363e+10,4.981560064e+10
825.345,112,112,53,4.0312225595e+10,4.981560064e+10
825.547,112,112,53,4.0272061013e+10,4.981560064e+10
825.748,112,112,53,4.0256332373e+10,4.981560064e+10
825.949,112,112,53,4.0252138069e+10,4.981560064e+10
826.151,112,112,53,4.0254235221e+10,4.981560064e+10
826.352,112,112,53,4.0222777941e+10,4.981560064e+10
826.553,112,112,53,4.0190272085e+10,4.981560064e+10
826.755,112,112,53,4.0158814805e+10,4.981560064e+10
826.956,112,112,53,4.0136794709e+10,4.981560064e+10
827.157,112,112,53,4.0063394389e+10,4.981560064e+10
827.358,112,112,53,4.0005551575e+10,4.981560064e+10
827.560,112,112,53,3.9970186264e+10,4.981560064e+10
827.761,112,112,53,3.9948166168e+10,4.981560064e+10
827.962,112,112,53,3.9899323116e+10,4.981560064e+10
828.163,112,112,53,3.9886740204e+10,4.981560064e+10
828.365,112,112,53,3.984584574e+10,4.981560064e+10
828.566,112,112,53,3.9802671201e+10,4.981560064e+10
828.767,112,112,53,3.9796379745e+10,4.981560064e+10
828.968,112,112,53,3.9721930849e+10,4.981560064e+10
829.170,112,112,53,3.9678939233e+10,4.981560064e+10
829.371,112,112,53,3.9649579105e+10,4.981560064e+10
829.572,112,112,53,3.9560041818e+10,4.981560064e+10
829.774,112,112,53,3.9542216026e+10,4.981560064e+10
829.975,112,112,53,3.9545361754e+10,4.981560064e+10
830.176,112,112,53,3.9518098778e+10,4.981560064e+10
830.377,112,112,53,3.9461631091e+10,4.981560064e+10
830.579,112,112,53,3.9417590899e+10,4.981560064e+10
830.780,112,112,53,3.9397667955e+10,4.981560064e+10
830.981,112,112,53,3.9375647859e+10,4.981560064e+10
831.182,112,112,53,3.928617882e+10,4.981560064e+10
831.384,112,112,53,3.920229274e+10,4.981560064e+10
831.585,112,112,53,3.9183418372e+10,4.981560064e+10
831.787,112,112,53,3.9115055823e+10,4.981560064e+10
831.988,112,112,53,3.9087723011e+10,4.981560064e+10
832.189,112,112,53,3.9035294211e+10,4.981560064e+10
832.391,112,112,53,3.9016419843e+10,4.981560064e+10
832.592,112,112,53,3.9001739779e+10,4.981560064e+10
832.793,112,112,53,3.8886396419e+10,4.981560064e+10
832.995,112,112,53,3.8777375322e+10,4.981560064e+10
833.196,112,112,53,3.8740675162e+10,4.981560064e+10
833.398,112,112,53,3.8689294938e+10,4.981560064e+10
833.599,112,112,53,3.8631623258e+10,4.981560064e+10
833.800,112,112,53,3.8577097306e+10,4.981560064e+10
834.002,112,112,53,3.8495308378e+10,4.981560064e+10
834.203,112,112,53,3.8370527834e+10,4.981560064e+10
834.405,112,112,53,3.8311807578e+10,4.981560064e+10
834.606,112,112,53,3.8260427354e+10,4.981560064e+10
834.808,112,112,53,3.820904713e+10,4.981560064e+10
835.009,112,112,53,3.8144035418e+10,4.981560064e+10
835.211,112,112,53,3.8087412314e+10,4.981560064e+10
835.412,112,112,53,3.8048331764e+10,4.981560064e+10
835.613,112,112,53,3.795301879e+10,4.981560064e+10
835.815,112,112,53,3.7801046693e+10,4.981560064e+10
836.016,112,112,53,3.7754909349e+10,4.981560064e+10
836.218,112,112,53,3.7699334821e+10,4.981560064e+10
836.419,112,112,53,3.7633274533e+10,4.981560064e+10
836.621,112,112,53,3.7541985356e+10,4.981560064e+10
836.822,112,112,53,3.7482216524e+10,4.981560064e+10
837.023,112,112,53,3.740986478e+10,4.981560064e+10
837.225,112,112,53,3.7285932229e+10,4.981560064e+10
837.426,112,112,53,3.7215677637e+10,4.981560064e+10
837.628,112,112,53,3.7135985861e+10,4.981560064e+10
837.829,112,112,53,3.7044759749e+10,4.981560064e+10
838.030,112,112,53,3.6906086387e+10,4.981560064e+10
838.232,112,112,53,3.6694958169e+10,4.981560064e+10
838.433,112,112,53,3.6596927771e+10,4.981560064e+10
838.635,112,112,53,3.6469001499e+10,4.981560064e+10
838.836,112,112,53,3.6360998171e+10,4.981560064e+10
839.038,112,112,53,3.6264529179e+10,4.981560064e+10
839.239,112,112,53,3.6135383001e+10,4.981560064e+10
839.441,112,112,53,3.5943493593e+10,4.981560064e+10
839.642,112,112,53,3.5767332825e+10,4.981560064e+10
839.844,112,112,53,3.5579423497e+10,4.981560064e+10
840.046,112,112,53,3.5435841319e+10,4.981560064e+10
840.247,112,112,53,3.5094005543e+10,4.981560064e+10
840.448,112,112,53,3.5004387269e+10,4.981560064e+10
840.650,112,112,53,3.4781040581e+10,4.981560064e+10
840.851,112,112,53,3.4541938041e+10,4.981560064e+10
841.053,112,112,53,3.4290279801e+10,4.981560064e+10
841.254,112,112,53,3.413105695e+10,4.981560064e+10
841.456,112,112,53,3.3714556796e+10,4.981560064e+10
841.657,112,112,53,3.3319243644e+10,4.981560064e+10
841.859,112,112,53,3.2967970684e+10,4.981560064e+10
842.060,112,112,53,3.263547392e+10,4.981560064e+10
842.261,112,112,53,3.2199256174e+10,4.981560064e+10
842.463,112,112,53,3.1671615754e+10,4.981560064e+10
842.664,112,112,53,3.1259525386e+10,4.981560064e+10
842.866,112,112,53,3.085429174e+10,4.981560064e+10
843.067,112,112,53,3.0163280156e+10,4.981560064e+10
843.269,112,112,53,2.96851295e+10,4.981560064e+10
843.470,112,112,53,2.9158480281e+10,4.981560064e+10
843.672,112,112,53,2.8640828755e+10,4.981560064e+10
843.873,112,112,53,2.8061592146e+10,4.981560064e+10
844.075,112,112,53,2.7575052882e+10,4.981560064e+10
844.277,112,112,53,2.7024550482e+10,4.981560064e+10
844.479,112,112,53,2.6285434039e+10,4.981560064e+10
844.680,112,112,53,2.5765746062e+10,4.981560064e+10
844.882,111,111,53,2.5093784225e+10,4.981560064e+10
845.083,111,111,53,2.4526627502e+10,4.981560064e+10
845.285,111,111,53,2.3883850414e+10,4.981560064e+10
845.486,109,109,54,2.3219451607e+10,4.981560064e+10
845.688,109,109,54,2.2636903012e+10,4.981560064e+10
845.889,109,109,54,2.1810188581e+10,4.981560064e+10
846.091,108,108,54,2.1241404546e+10,4.981560064e+10
846.292,107,107,55,2.0526190325e+10,4.981560064e+10
846.494,107,107,55,1.9739758325e+10,4.981560064e+10
846.695,105,105,56,1.9219994695e+10,4.981560064e+10
846.897,103,103,57,1.8523142752e+10,4.981560064e+10
847.098,100,100,59,1.7924036932e+10,4.981560064e+10
847.300,99,99,59,1.7280368125e+10,4.981560064e+10
847.501,96,96,61,1.6596337706e+10,4.981560064e+10
847.702,95,95,62,1.5916380891e+10,4.981560064e+10
847.903,94,94,63,1.5349329966e+10,4.981560064e+10
848.105,92,92,64,1.4845962172e+10,4.981560064e+10
848.305,90,90,65,1.4362656541e+10,4.981560064e+10
848.507,89,89,66,1.3848601148e+10,4.981560064e+10
848.708,88,88,67,1.3271731077e+10,4.981560064e+10
848.909,88,88,67,1.2773972986e+10,4.981560064e+10
849.110,87,87,68,1.2229762042e+10,4.981560064e+10
849.311,85,85,69,1.1655936052e+10,4.981560064e+10
849.512,85,85,69,1.132878034e+10,4.981560064e+10
849.713,84,84,70,1.0813419875e+10,4.981560064e+10
849.915,83,83,71,1.0252555146e+10,4.981560064e+10
850.116,81,81,73,9.866739907e+09,4.981560064e+10
850.317,79,79,75,9.567423703e+09,4.981560064e+10
850.518,76,76,78,9.082504338e+09,4.981560064e+10
850.719,72,72,82,8.56015973e+09,4.981560064e+10
850.920,69,69,86,8.223212394e+09,4.981560064e+10
851.121,69,69,86,7.724390533e+09,4.981560064e+10
851.323,65,65,91,7.297154963e+09,4.981560064e+10
851.524,64,64,92,6.930665565e+09,4.981560064e+10
851.725,62,62,95,6.468728516e+09,4.981560064e+10
851.926,60,60,98,6.076267146e+09,4.981560064e+10
852.127,58,58,102,5.792996209e+09,4.981560064e+10
852.328,56,56,106,5.481516137e+09,4.981560064e+10
852.530,52,52,114,5.109361059e+09,4.981560064e+10
852.730,49,49,121,4.823156584e+09,4.981560064e+10
852.932,48,48,123,4.537095919e+09,4.981560064e+10
853.132,46,46,129,4.179672993e+09,4.981560064e+10
853.333,43,43,138,3.920313841e+09,4.981560064e+10
853.534,42,42,141,3.666158513e+09,4.981560064e+10
853.735,42,42,141,3.402965937e+09,4.981560064e+10
853.936,42,42,141,3.126141873e+09,4.981560064e+10
854.137,41,41,144,2.907518291e+09,4.981560064e+10
854.338,38,38,156,2.67937465e+09,4.981560064e+10
854.539,36,36,164,2.486322211e+09,4.981560064e+10
854.740,36,36,164,2.304918563e+09,4.981560064e+10
854.941,36,36,164,2.157069347e+09,4.981560064e+10
855.142,34,34,174,1.97356098e+09,4.981560064e+10
855.343,34,34,174,1.80858953e+09,4.981560064e+10
855.544,33,33,179,1.665983194e+09,4.981560064e+10
855.746,29,29,204,1.46604319e+09,4.981560064e+10
855.947,26,26,228,1.364407171e+09,4.981560064e+10
856.148,25,25,237,1.262695299e+09,4.981560064e+10
856.349,23,23,258,1.171362355e+09,4.981560064e+10
856.550,22,22,269,1.105955777e+09,4.981560064e+10
856.751,22,22,269,1.032555457e+09,4.981560064e+10
856.952,20,20,296,9.67251383e+08,4.981560064e+10
857.154,19,19,312,9.18692563e+08,4.981560064e+10
857.355,18,18,329,8.86241188e+08,4.981560064e+10
857.556,17,17,349,8.64920414e+08,4.981560064e+10
857.758,17,17,349,8.40803166e+08,4.981560064e+10
857.959,17,17,349,8.20880222e+08,4.981560064e+10
858.161,17,17,349,8.0305443e+08,4.981560064e+10
858.362,17,17,349,7.8208291e+08,4.981560064e+10
858.563,16,16,371,7.59907392e+08,4.981560064e+10
858.764,16,16,371,7.48373056e+08,4.981560064e+10
858.966,16,16,371,7.34741568e+08,4.981560064e+10
859.167,16,16,371,7.25304384e+08,4.981560064e+10
859.368,15,15,395,7.18846212e+08,4.981560064e+10
859.570,15,15,395,7.17797636e+08,4.981560064e+10
859.771,15,15,395,7.15700484e+08,4.981560064e+10
859.972,15,15,395,7.12554756e+08,4.981560064e+10
860.173,15,15,395,7.07311876e+08,4.981560064e+10
860.375,15,15,395,7.0102042e+08,4.981560064e+10
860.576,15,15,395,6.96826116e+08,4.981560064e+10
860.778,15,15,395,6.96826116e+08,4.981560064e+10
860.979,15,15,395,6.9577754e+08,4.981560064e+10
861.180,15,15,395,6.94728964e+08,4.981560064e+10
861.382,15,15,395,6.91583236e+08,4.981560064e+10
861.583,15,15,395,6.9053466e+08,4.981560064e+10
861.784,15,15,395,6.86340356e+08,4.981560064e+10
861.985,15,15,395,6.82146052e+08,4.981560064e+10
862.186,15,15,395,6.81097476e+08,4.981560064e+10
862.388,15,15,395,6.77951748e+08,4.981560064e+10
862.589,15,15,395,6.7480602e+08,4.981560064e+10
862.790,15,15,395,6.72708868e+08,4.981560064e+10
862.992,15,15,395,6.70611716e+08,4.981560064e+10
863.193,15,15,395,6.68514564e+08,4.981560064e+10
863.394,15,15,395,6.6432026e+08,4.981560064e+10
863.595,15,15,395,6.49640196e+08,4.981560064e+10
863.796,15,15,395,6.37057284e+08,4.981560064e+10
863.998,15,15,395,6.21328644e+08,4.981560064e+10
864.199,15,15,395,6.1189146e+08,4.981560064e+10
864.400,15,15,395,5.97211396e+08,4.981560064e+10
864.601,15,15,395,5.87774212e+08,4.981560064e+10
864.803,15,15,395,5.73094148e+08,4.981560064e+10
865.004,15,15,395,5.62608388e+08,4.981560064e+10
865.205,15,15,395,5.51074052e+08,4.981560064e+10
865.406,15,15,395,5.41636868e+08,4.981560064e+10
865.608,15,15,395,5.30102532e+08,4.981560064e+10
865.809,15,15,395,5.1751962e+08,4.981560064e+10
866.010,15,15,395,5.03888132e+08,4.981560064e+10
866.211,15,15,395,4.92353796e+08,4.981560064e+10
866.412,15,15,395,4.79770884e+08,4.981560064e+10
866.613,15,15,395,4.67187972e+08,4.981560064e+10
866.814,15,15,395,4.53556484e+08,4.981560064e+10
867.015,15,15,395,4.39924996e+08,4.981560064e+10
867.217,15,15,395,4.14759172e+08,4.981560064e+10
867.418,15,15,395,4.04273412e+08,4.981560064e+10
867.619,15,15,395,3.85399044e+08,4.981560064e+10
867.820,15,15,395,3.73864708e+08,4.981560064e+10
868.022,15,15,395,3.59184644e+08,4.981560064e+10
868.223,15,15,395,3.45553156e+08,4.981560064e+10
868.424,15,15,395,3.29824516e+08,4.981560064e+10
868.625,15,15,395,3.17241604e+08,4.981560064e+10
868.826,15,15,395,2.9731866e+08,4.981560064e+10
869.027,15,15,395,2.83687172e+08,4.981560064e+10
869.228,15,15,395,2.70055684e+08,4.981560064e+10
869.429,15,15,395,2.53278468e+08,4.981560064e+10
869.630,14,14,424,2.5105203e+08,4.981560064e+10
869.831,14,14,424,2.5105203e+08,4.981560064e+10
870.032,14,14,424,2.5105203e+08,4.981560064e+10
870.233,14,14,424,2.5105203e+08,4.981560064e+10
870.434,14,14,424,2.5105203e+08,4.981560064e+10
870.635,14,14,424,2.4580915e+08,4.981560064e+10
870.836,14,14,424,2.4580915e+08,4.981560064e+10
871.037,14,14,424,2.44760574e+08,4.981560064e+10
871.238,14,14,424,2.43711998e+08,4.981560064e+10
871.439,14,14,424,2.43711998e+08,4.981560064e+10
871.640,14,14,424,2.43711998e+08,4.981560064e+10
871.841,14,14,424,2.43711998e+08,4.981560064e+10
872.042,14,14,424,2.43711998e+08,4.981560064e+10
872.244,14,14,424,2.43711998e+08,4.981560064e+10
872.445,14,14,424,2.39517694e+08,4.981560064e+10
872.646,14,14,424,2.36371966e+08,4.981560064e+10
872.847,14,14,424,2.3532339e+08,4.981560064e+10
873.048,14,14,424,2.33226238e+08,4.981560064e+10
873.249,14,14,424,2.32177662e+08,4.981560064e+10
873.450,14,14,424,2.29031934e+08,4.981560064e+10
873.651,14,14,424,2.29031934e+08,4.981560064e+10
873.852,14,14,424,2.29031934e+08,4.981560064e+10
874.053,14,14,424,2.27983358e+08,4.981560064e+10
874.254,14,14,424,2.27983358e+08,4.981560064e+10
874.455,14,14,424,2.27983358e+08,4.981560064e+10
874.656,14,14,424,2.26934782e+08,4.981560064e+10
874.856,14,14,424,2.25886206e+08,4.981560064e+10
875.057,14,14,424,2.25886206e+08,4.981560064e+10
875.258,14,14,424,2.22740478e+08,4.981560064e+10
875.459,14,14,424,2.22740478e+08,4.981560064e+10
875.660,14,14,424,2.22740478e+08,4.981560064e+10
875.861,14,14,424,2.22740478e+08,4.981560064e+10
876.062,14,14,424,2.22740478e+08,4.981560064e+10
876.263,14,14,424,2.22740478e+08,4.981560064e+10
876.464,14,14,424,2.21691902e+08,4.981560064e+10
876.665,14,14,424,2.20643326e+08,4.981560064e+10
876.867,14,14,424,2.18546174e+08,4.981560064e+10
877.068,14,14,424,2.18546174e+08,4.981560064e+10
877.269,14,14,424,2.18546174e+08,4.981560064e+10
877.470,14,14,424,2.18546174e+08,4.981560064e+10
877.671,14,14,424,2.18546174e+08,4.981560064e+10
877.872,14,14,424,2.18546174e+08,4.981560064e+10
878.074,14,14,424,2.17497598e+08,4.981560064e+10
878.275,14,14,424,2.16449022e+08,4.981560064e+10
878.476,14,14,424,2.16449022e+08,4.981560064e+10
878.677,14,14,424,2.15400446e+08,4.981560064e+10
878.878,14,14,424,2.1435187e+08,4.981560064e+10
879.079,14,14,424,2.1435187e+08,4.981560064e+10
879.280,14,14,424,2.12254718e+08,4.981560064e+10
879.481,14,14,424,2.10157566e+08,4.981560064e+10
879.682,14,14,424,2.0910899e+08,4.981560064e+10
879.883,14,14,424,2.0910899e+08,4.981560064e+10
880.084,14,14,424,2.08060414e+08,4.981560064e+10
880.285,14,14,424,2.05963262e+08,4.981560064e+10
880.486,14,14,424,2.0386611e+08,4.981560064e+10
880.687,14,14,424,2.00720382e+08,4.981560064e+10
880.888,14,14,424,2.00720382e+08,4.981560064e+10
881.089,14,14,424,2.00720382e+08,4.981560064e+10
881.290,14,14,424,2.00720382e+08,4.981560064e+10
881.491,14,14,424,1.99671806e+08,4.981560064e+10
881.692,14,14,424,1.99671806e+08,4.981560064e+10
881.894,14,14,424,1.9862323e+08,4.981560064e+10
882.095,14,14,424,1.9862323e+08,4.981560064e+10
882.296,14,14,424,1.97574654e+08,4.981560064e+10
882.498,14,14,424,1.97574654e+08,4.981560064e+10
882.699,14,14,424,1.97574654e+08,4.981560064e+10
882.899,14,14,424,1.97574654e+08,4.981560064e+10
883.101,14,14,424,1.97574654e+08,4.981560064e+10
883.302,14,14,424,1.97574654e+08,4.981560064e+10
883.503,14,14,424,1.97574654e+08,4.981560064e+10
883.704,14,14,424,1.97574654e+08,4.981560064e+10
883.905,14,14,424,1.97574654e+08,4.981560064e+10
884.106,14,14,424,1.97574654e+08,4.981560064e+10
884.307,14,14,424,1.97574654e+08,4.981560064e+10
884.509,14,14,424,1.97574654e+08,4.981560064e+10
884.710,14,14,424,1.97574654e+08,4.981560064e+10
884.911,14,14,424,1.96526078e+08,4.981560064e+10
885.112,14,14,424,1.96526078e+08,4.981560064e+10
885.313,14,14,424,1.96526078e+08,4.981560064e+10
885.514,14,14,424,1.96526078e+08,4.981560064e+10
885.715,14,14,424,1.92331774e+08,4.981560064e+10
885.916,14,14,424,1.91283198e+08,4.981560064e+10
886.117,14,14,424,1.90234622e+08,4.981560064e+10
886.319,14,14,424,1.90234622e+08,4.981560064e+10
886.520,14,14,424,1.90234622e+08,4.981560064e+10
886.721,14,14,424,1.90234622e+08,4.981560064e+10
886.922,14,14,424,1.90234622e+08,4.981560064e+10
887.123,14,14,424,1.90234622e+08,4.981560064e+10
887.324,14,14,424,1.90234622e+08,4.981560064e+10
887.525,14,14,424,1.90234622e+08,4.981560064e+10
887.726,14,14,424,1.89186046e+08,4.981560064e+10
887.928,14,14,424,1.8813747e+08,4.981560064e+10
888.129,14,14,424,1.8813747e+08,4.981560064e+10
888.330,14,14,424,1.8813747e+08,4.981560064e+10
888.531,14,14,424,1.8813747e+08,4.981560064e+10
888.732,14,14,424,1.8813747e+08,4.981560064e+10
888.934,14,14,424,1.87088894e+08,4.981560064e+10
889.135,14,14,424,1.6716595e+08,4.981560064e+10
889.336,14,14,424,1.4619443e+08,4.981560064e+10
889.538,14,14,424,1.27320062e+08,4.981560064e+10
889.739,14,14,424,1.06348542e+08,4.981560064e+10
889.940,14,14,424,8.5377022e+07,4.981560064e+10
890.141,14,14,424,7.1745534e+07,4.981560064e+10
890.342,14,14,424,5.4968318e+07,4.981560064e+10
890.543,14,14,424,3.8191102e+07,4.981560064e+10
890.745,13,13,456,2.5165824e+07,4.981560064e+10
890.946,13,13,456,2.5165824e+07,4.981560064e+10
891.147,13,13,456,2.4117248e+07,4.981560064e+10
891.348,13,13,456,2.2020096e+07,4.981560064e+10
891.549,13,13,456,1.8874368e+07,4.981560064e+10
891.750,13,13,456,1.6777216e+07,4.981560064e+10
891.951,13,13,456,1.572864e+07,4.981560064e+10
892.152,13,13,456,1.572864e+07,4.981560064e+10
892.354,13,13,456,1.4680064e+07,4.981560064e+10
892.555,13,13,456,1.4680064e+07,4.981560064e+10
892.756,13,13,456,1.4680064e+07,4.981560064e+10
892.957,13,13,456,1.4680064e+07,4.981560064e+10
893.158,13,13,456,1.4680064e+07,4.981560064e+10
893.360,13,13,456,1.4680064e+07,4.981560064e+10
893.561,13,13,456,1.1534336e+07,4.981560064e+10
893.762,13,13,456,1.048576e+07,4.981560064e+10
893.963,13,13,456,1.048576e+07,4.981560064e+10
894.165,13,13,456,1.048576e+07,4.981560064e+10
894.366,13,13,456,1.048576e+07,4.981560064e+10
894.567,13,13,456,1.048576e+07,4.981560064e+10
894.768,13,13,456,1.048576e+07,4.981560064e+10
894.970,13,13,456,1.048576e+07,4.981560064e+10
895.171,13,13,456,1.048576e+07,4.981560064e+10
895.372,13,13,456,1.048576e+07,4.981560064e+10
895.574,13,13,456,9.437184e+06,4.981560064e+10
895.775,13,13,456,9.437184e+06,4.981560064e+10
895.976,13,13,456,9.437184e+06,4.981560064e+10
896.177,13,13,456,9.437184e+06,4.981560064e+10
896.378,13,13,456,9.437184e+06,4.981560064e+10
896.579,13,13,456,9.437184e+06,4.981560064e+10
896.780,13,13,456,9.437184e+06,4.981560064e+10
896.981,13,13,456,9.437184e+06,4.981560064e+10
897.183,13,13,456,9.437184e+06,4.981560064e+10
897.384,13,13,456,9.437184e+06,4.981560064e+10
897.585,13,13,456,9.437184e+06,4.981560064e+10
897.786,12,12,494,9.437184e+06,4.981560064e+10
897.987,12,12,494,8.388608e+06,4.981560064e+10
898.189,12,12,494,8.388608e+06,4.981560064e+10
898.390,12,12,494,8.388608e+06,4.981560064e+10
898.591,12,12,494,8.388608e+06,4.981560064e+10
898.792,12,12,494,8.388608e+06,4.981560064e+10
898.993,12,12,494,8.388608e+06,4.981560064e+10
899.195,12,12,494,8.388608e+06,4.981560064e+10
899.396,12,12,494,8.388608e+06,4.981560064e+10
899.597,12,12,494,7.340032e+06,4.981560064e+10
899.798,11,11,539,6.291456e+06,4.981560064e+10
900.000,11,11,539,6.291456e+06,4.981560064e+10
900.201,11,11,539,6.291456e+06,4.981560064e+10
900.402,11,11,539,6.291456e+06,4.981560064e+10
900.603,11,11,539,3.145728e+06,4.981560064e+10
900.805,11,11,539,1.048576e+06,4.981560064e+10
901.006,11,11,539,1.048576e+06,4.981560064e+10
901.207,11,11,539,1.048576e+06,4.981560064e+10
901.408,10,10,593,1.048576e+06,4.981560064e+10
901.610,10,10,593,1.048576e+06,4.981560064e+10
901.811,10,10,593,0,4.981560064e+10
902.012,9,9,659,0,4.981560064e+10
902.213,9,9,659,0,4.981560064e+10
902.414,9,9,659,0,4.981560064e+10
902.616,9,9,659,0,4.981560064e+10
902.817,9,9,659,0,4.981560064e+10
903.018,8,8,742,0,4.981560064e+10
903.219,8,8,742,0,4.981560064e+10
903.420,7,7,848,0,4.981560064e+10
903.621,6,6,989,0,4.981560064e+10
903.822,6,6,989,0,4.981560064e+10
904.023,6,6,989,0,4.981560064e+10
904.224,5,5,1024,0,4.981560064e+10
904.425,5,5,1024,0,4.981560064e+10
904.626,5,5,1024,0,4.981560064e+10
904.827,5,5,1024,0,4.981560064e+10
905.028,4,4,1024,0,4.981560064e+10
905.229,4,4,1024,0,4.981560064e+10
905.430,3,3,1024,0,4.981560064e+10
905.630,2,2,1024,0,4.981560064e+10
905.831,2,2,1024,0,4.981560064e+10
906.032,2,2,1024,0,4.981560064e+10
906.233,2,2,1024,0,4.981560064e+10
906.434,2,2,1024,0,4.981560064e+10
906.635,2,2,1024,0,4.981560064e+10
906.835,2,2,1024,0,4.981560064e+10
907.036,2,2,1024,0,4.981560064e+10
907.237,1,1,1024,0,4.981560064e+10
907.438,1,1,1024,0,4.981560064e+10
907.639,1,1,1024,0,4.981560064e+10
907.840,1,1,1024,0,4.981560064e+10
908.041,1,1,1024,0,4.981560064e+10
908.242,1,1,1024,0,4.981560064e+10
908.442,1,1,1024,0,4.981560064e+10
908.643,1,1,1024,0,4.981560064e+10
908.844,1,1,1024,0,4.981560064e+10
