t,open_handles,streaming_handles,readahead_window_blocks,prefetch_committed_bytes,prefetch_budget_bytes
0.005,0,0,1024,0,4.981560064e+10
0.206,0,0,1024,0,4.981560064e+10
0.406,0,0,1024,0,4.981560064e+10
0.607,0,0,1024,0,4.981560064e+10
0.808,0,0,1024,0,4.981560064e+10
1.010,112,0,1024,0,4.981560064e+10
1.211,112,0,1024,0,4.981560064e+10
1.412,112,0,1024,0,4.981560064e+10
1.613,112,0,1024,0,4.981560064e+10
1.814,112,0,1024,0,4.981560064e+10
2.016,112,0,1024,0,4.981560064e+10
2.217,112,0,1024,0,4.981560064e+10
2.418,112,0,1024,0,4.981560064e+10
2.619,112,0,1024,0,4.981560064e+10
2.822,112,0,1024,0,4.981560064e+10
3.023,112,0,1024,0,4.981560064e+10
3.225,112,0,1024,0,4.981560064e+10
3.426,112,0,1024,0,4.981560064e+10
3.627,112,0,1024,0,4.981560064e+10
3.829,112,0,1024,0,4.981560064e+10
4.030,112,0,1024,0,4.981560064e+10
4.232,112,0,1024,0,4.981560064e+10
4.433,112,0,1024,0,4.981560064e+10
4.636,112,2,1024,7.512898764e+09,4.981560064e+10
4.838,112,3,1024,1.1249396832e+10,4.981560064e+10
5.040,112,5,1024,1.8777604604e+10,4.981560064e+10
5.244,112,9,659,3.3747091977e+10,4.981560064e+10
5.446,112,16,371,5.875702361e+10,4.981560064e+10
5.648,112,23,258,7.633115737e+10,4.981560064e+10
5.849,112,31,191,9.088539225e+10,4.981560064e+10
6.051,112,44,134,1.08031707002e+11,4.981560064e+10
6.253,112,54,109,1.18089647994e+11,4.981560064e+10
6.454,112,65,91,1.27199676282e+11,4.981560064e+10
6.656,112,78,76,1.36175486842e+11,4.981560064e+10
6.857,112,89,66,1.4264310361e+11,4.981560064e+10
7.059,112,94,63,1.45352623994e+11,4.981560064e+10
7.271,112,102,58,1.49362378618e+11,4.981560064e+10
7.472,112,106,56,1.51258204026e+11,4.981560064e+10
7.674,112,110,53,1.53070143354e+11,4.981560064e+10
7.876,112,111,53,1.53514739578e+11,4.981560064e+10
8.077,112,111,53,1.53514739578e+11,4.981560064e+10
8.278,112,112,53,1.53959335802e+11,4.981560064e+10
8.480,112,112,53,1.53959335802e+11,4.981560064e+10
8.683,112,112,53,1.53959335802e+11,4.981560064e+10
8.884,112,112,53,1.53959335802e+11,4.981560064e+10
9.086,112,112,53,1.53959335802e+11,4.981560064e+10
9.288,112,112,53,1.53959335802e+11,4.981560064e+10
9.489,112,112,53,1.53959335802e+11,4.981560064e+10
9.691,112,112,53,1.53959335802e+11,4.981560064e+10
9.892,112,112,53,1.53959335802e+11,4.981560064e+10
10.097,112,112,53,1.53959335802e+11,4.981560064e+10
10.298,112,112,53,1.53958287226e+11,4.981560064e+10
10.500,112,112,53,1.53956190074e+11,4.981560064e+10
10.701,112,112,53,1.5395199577e+11,4.981560064e+10
10.903,112,112,53,1.5395199577e+11,4.981560064e+10
11.104,112,112,53,1.5395199577e+11,4.981560064e+10
11.305,112,112,53,1.5395199577e+11,4.981560064e+10
11.507,112,112,53,1.5395199577e+11,4.981560064e+10
11.708,112,112,53,1.5395199577e+11,4.981560064e+10
11.910,112,112,53,1.5395199577e+11,4.981560064e+10
12.112,112,112,53,1.53949898618e+11,4.981560064e+10
12.313,112,112,53,1.53949898618e+11,4.981560064e+10
12.515,112,112,53,1.53948850042e+11,4.981560064e+10
12.717,112,112,53,1.53948850042e+11,4.981560064e+10
12.918,112,112,53,1.53948850042e+11,4.981560064e+10
13.121,112,112,53,1.53947801466e+11,4.981560064e+10
13.324,112,112,53,1.53947801466e+11,4.981560064e+10
13.525,112,112,53,1.53947801466e+11,4.981560064e+10
13.727,112,112,53,1.53947801466e+11,4.981560064e+10
13.929,112,112,53,1.53947801466e+11,4.981560064e+10
14.131,112,112,53,1.5394675289e+11,4.981560064e+10
14.332,112,112,53,1.53945704314e+11,4.981560064e+10
14.534,112,112,53,1.53945704314e+11,4.981560064e+10
14.736,112,112,53,1.53945704314e+11,4.981560064e+10
14.939,112,112,53,1.53945704314e+11,4.981560064e+10
15.140,112,112,53,1.53945704314e+11,4.981560064e+10
15.341,112,112,53,1.53945704314e+11,4.981560064e+10
15.543,112,112,53,1.53945704314e+11,4.981560064e+10
15.744,112,112,53,1.53944655738e+11,4.981560064e+10
15.946,112,112,53,1.53944655738e+11,4.981560064e+10
16.148,112,112,53,1.53944655738e+11,4.981560064e+10
16.349,112,112,53,1.53944655738e+11,4.981560064e+10
16.551,112,112,53,1.53944655738e+11,4.981560064e+10
16.752,112,112,53,1.53944655738e+11,4.981560064e+10
16.954,112,112,53,1.53944655738e+11,4.981560064e+10
17.156,112,112,53,1.53944655738e+11,4.981560064e+10
17.358,112,112,53,1.53944655738e+11,4.981560064e+10
17.559,112,112,53,1.53944655738e+11,4.981560064e+10
17.761,112,112,53,1.53944655738e+11,4.981560064e+10
17.963,112,112,53,1.53944655738e+11,4.981560064e+10
18.164,112,112,53,1.53944655738e+11,4.981560064e+10
18.366,112,112,53,1.53944655738e+11,4.981560064e+10
18.567,112,112,53,1.53944655738e+11,4.981560064e+10
18.769,112,112,53,1.53942558586e+11,4.981560064e+10
18.971,112,112,53,1.53942558586e+11,4.981560064e+10
19.173,112,112,53,1.5394151001e+11,4.981560064e+10
19.375,112,112,53,1.5394151001e+11,4.981560064e+10
19.576,112,112,53,1.53940461434e+11,4.981560064e+10
19.777,112,112,53,1.53940461434e+11,4.981560064e+10
19.979,112,112,53,1.53939412858e+11,4.981560064e+10
20.181,112,112,53,1.53939412858e+11,4.981560064e+10
20.382,112,112,53,1.53939412858e+11,4.981560064e+10
20.584,112,112,53,1.53939412858e+11,4.981560064e+10
20.786,112,112,53,1.53939412858e+11,4.981560064e+10
20.987,112,112,53,1.53939412858e+11,4.981560064e+10
21.189,112,112,53,1.53937315706e+11,4.981560064e+10
21.391,112,112,53,1.53937315706e+11,4.981560064e+10
21.593,112,112,53,1.53937315706e+11,4.981560064e+10
21.794,112,112,53,1.53937315706e+11,4.981560064e+10
21.997,112,112,53,1.53937315706e+11,4.981560064e+10
22.199,112,112,53,1.53937315706e+11,4.981560064e+10
22.400,112,112,53,1.53937315706e+11,4.981560064e+10
22.608,112,112,53,1.53937315706e+11,4.981560064e+10
22.809,112,112,53,1.53937315706e+11,4.981560064e+10
23.010,112,112,53,1.5393626713e+11,4.981560064e+10
23.212,112,112,53,1.5393626713e+11,4.981560064e+10
23.413,112,112,53,1.53927878522e+11,4.981560064e+10
23.615,112,112,53,1.5386810969e+11,4.981560064e+10
23.817,112,112,53,1.53798903674e+11,4.981560064e+10
24.018,112,112,53,1.53722357626e+11,4.981560064e+10
24.220,112,112,53,1.53554585466e+11,4.981560064e+10
24.422,112,112,53,1.53194923898e+11,4.981560064e+10
24.623,112,112,53,1.52699814303e+11,4.981560064e+10
24.825,112,112,53,1.52083251615e+11,4.981560064e+10
25.026,112,112,53,1.51238099359e+11,4.981560064e+10
25.227,112,112,53,1.50328983967e+11,4.981560064e+10
25.429,112,112,53,1.49357284014e+11,4.981560064e+10
25.630,112,112,53,1.48378962606e+11,4.981560064e+10
25.832,112,112,53,1.47405884078e+11,4.981560064e+10
26.034,112,112,53,1.46421271214e+11,4.981560064e+10
26.235,112,112,53,1.45390521006e+11,4.981560064e+10
26.437,112,112,53,1.44410102446e+11,4.981560064e+10
26.639,112,112,53,1.43369915054e+11,4.981560064e+10
26.840,112,112,53,1.42368612768e+11,4.981560064e+10
27.042,112,112,53,1.41360931232e+11,4.981560064e+10
27.244,112,112,53,1.40330181024e+11,4.981560064e+10
27.445,112,112,53,1.3937178256e+11,4.981560064e+10
27.646,112,112,53,1.38389266848e+11,4.981560064e+10
27.848,112,112,53,1.37349079456e+11,4.981560064e+10
28.049,112,112,53,1.36374952352e+11,4.981560064e+10
28.251,112,112,53,1.35332726142e+11,4.981560064e+10
28.453,112,112,53,1.3435545331e+11,4.981560064e+10
28.655,112,112,53,1.33407540606e+11,4.981560064e+10
28.857,112,112,53,1.32356867454e+11,4.981560064e+10
29.058,112,112,53,1.31384837502e+11,4.981560064e+10
29.260,112,112,53,1.30406589448e+11,4.981560064e+10
29.462,112,112,53,1.2943351092e+11,4.981560064e+10
29.663,112,112,53,1.28413246472e+11,4.981560064e+10
29.865,112,112,53,1.27433876488e+11,4.981560064e+10
30.066,112,112,53,1.26379009032e+11,4.981560064e+10
30.268,112,112,53,1.2536503604e+11,4.981560064e+10
30.470,112,112,53,1.2437413172e+11,4.981560064e+10
30.671,112,112,53,1.23343381512e+11,4.981560064e+10
30.873,112,112,53,1.2227173684e+11,4.981560064e+10
31.074,112,112,53,1.21284937073e+11,4.981560064e+10
31.276,112,112,53,1.20295081329e+11,4.981560064e+10
31.478,112,112,53,1.19292878945e+11,4.981560064e+10
31.679,112,112,53,1.18314557537e+11,4.981560064e+10
31.880,112,112,53,1.17297438817e+11,4.981560064e+10
32.082,112,112,53,1.16360372888e+11,4.981560064e+10
32.283,112,112,53,1.15323331224e+11,4.981560064e+10
32.485,112,112,53,1.14288386712e+11,4.981560064e+10
32.686,112,112,53,1.13271267992e+11,4.981560064e+10
32.888,112,112,53,1.12275120792e+11,4.981560064e+10
33.089,112,112,53,1.1132930524e+11,4.981560064e+10
33.290,112,112,53,1.10365663896e+11,4.981560064e+10
33.492,112,112,53,1.09351690904e+11,4.981560064e+10
33.694,112,112,53,1.0831265792e+11,4.981560064e+10
33.895,112,112,53,1.0733223936e+11,4.981560064e+10
34.096,112,112,53,1.06310926336e+11,4.981560064e+10
34.297,112,112,53,1.05331556352e+11,4.981560064e+10
34.499,112,112,53,1.04389935104e+11,4.981560064e+10
34.700,112,112,53,1.03432585216e+11,4.981560064e+10
34.902,112,112,53,1.02429097984e+11,4.981560064e+10
35.103,112,112,53,1.01393104896e+11,4.981560064e+10
35.305,112,112,53,1.00491329536e+11,4.981560064e+10
35.506,112,112,53,9.9649323008e+10,4.981560064e+10
35.707,112,112,53,9.9585359872e+10,4.981560064e+10
35.909,112,112,53,9.9571728384e+10,4.981560064e+10
36.110,112,112,53,9.9549708288e+10,4.981560064e+10
36.312,112,112,53,9.954131968e+10,4.981560064e+10
36.513,112,112,53,9.9535028224e+10,4.981560064e+10
36.714,112,112,53,9.9521396736e+10,4.981560064e+10
36.915,112,112,53,9.9510910976e+10,4.981560064e+10
37.116,112,112,53,9.9465822208e+10,4.981560064e+10
37.318,112,112,53,9.9265544192e+10,4.981560064e+10
37.519,112,112,53,9.8950971392e+10,4.981560064e+10
37.721,112,112,53,9.8698264576e+10,4.981560064e+10
37.922,112,112,53,9.8565095424e+10,4.981560064e+10
38.123,112,112,53,9.8404663296e+10,4.981560064e+10
38.325,112,112,53,9.7998864384e+10,4.981560064e+10
38.526,112,112,53,9.7798586368e+10,4.981560064e+10
38.727,112,112,53,9.75962112e+10,4.981560064e+10
38.928,112,112,53,9.7308901376e+10,4.981560064e+10
39.129,112,112,53,9.6958676992e+10,4.981560064e+10
39.331,112,112,53,9.6640958464e+10,4.981560064e+10
39.532,112,112,53,9.6334774272e+10,4.981560064e+10
39.734,112,112,53,9.6197410816e+10,4.981560064e+10
39.935,112,112,53,9.6048513024e+10,4.981560064e+10
40.136,112,112,53,9.569304576e+10,4.981560064e+10
40.338,112,112,53,9.5248449536e+10,4.981560064e+10
40.539,112,112,53,9.5061803008e+10,4.981560064e+10
40.741,112,112,53,9.4849990656e+10,4.981560064e+10
40.942,112,112,53,9.4447337472e+10,4.981560064e+10
41.143,112,112,53,9.4150590464e+10,4.981560064e+10
41.344,112,112,53,9.3997498368e+10,4.981560064e+10
41.546,112,112,53,9.3776248832e+10,4.981560064e+10
41.747,112,112,53,9.3567582208e+10,4.981560064e+10
41.948,112,112,53,9.3363109888e+10,4.981560064e+10
42.149,112,112,53,9.3212114944e+10,4.981560064e+10
42.351,112,112,53,9.2975136768e+10,4.981560064e+10
42.552,112,112,53,9.2791635968e+10,4.981560064e+10
42.753,112,112,53,9.2628058112e+10,4.981560064e+10
42.955,112,112,53,9.2417294336e+10,4.981560064e+10
43.156,112,112,53,9.230614528e+10,4.981560064e+10
43.357,112,112,53,9.2083847168e+10,4.981560064e+10
43.558,112,112,53,9.1980038144e+10,4.981560064e+10
43.759,112,112,53,9.1722088448e+10,4.981560064e+10
43.960,112,112,53,9.1609890816e+10,4.981560064e+10
44.162,112,112,53,9.14620416e+10,4.981560064e+10
44.363,112,112,53,9.1297415168e+10,4.981560064e+10
44.564,112,112,53,9.107931136e+10,4.981560064e+10
44.766,112,112,53,9.0884276224e+10,4.981560064e+10
44.967,112,112,53,9.0812973056e+10,4.981560064e+10
45.168,112,112,53,9.0683998208e+10,4.981560064e+10
45.369,112,112,53,9.043968e+10,4.981560064e+10
45.570,112,112,53,9.0348453888e+10,4.981560064e+10
45.771,112,112,53,9.0205847552e+10,4.981560064e+10
45.972,112,112,53,9.0046464e+10,4.981560064e+10
46.173,112,112,53,8.9905954816e+10,4.981560064e+10
46.374,112,112,53,8.9839894528e+10,4.981560064e+10
46.575,112,112,53,8.977383424e+10,4.981560064e+10
46.776,112,112,53,8.9618644992e+10,4.981560064e+10
46.978,112,112,53,8.94697472e+10,4.981560064e+10
47.179,112,112,53,8.93648896e+10,4.981560064e+10
47.380,112,112,53,8.9205506048e+10,4.981560064e+10
47.581,112,112,53,8.9061851136e+10,4.981560064e+10
47.783,112,112,53,8.8846893056e+10,4.981560064e+10
47.984,112,112,53,8.8773492736e+10,4.981560064e+10
48.185,112,112,53,8.8689606656e+10,4.981560064e+10
48.386,112,112,53,8.858370048e+10,4.981560064e+10
48.587,112,112,53,8.837398528e+10,4.981560064e+10
48.788,112,112,53,8.8275419136e+10,4.981560064e+10
48.990,112,112,53,8.8203067392e+10,4.981560064e+10
49.191,112,112,53,8.8071995392e+10,4.981560064e+10
49.392,112,112,53,8.7940923392e+10,4.981560064e+10
49.594,112,112,53,8.7840260096e+10,4.981560064e+10
49.795,112,112,53,8.7659905024e+10,4.981560064e+10
49.997,112,112,53,8.7602233344e+10,4.981560064e+10
50.198,112,112,53,8.7361060864e+10,4.981560064e+10
50.399,112,112,53,8.7275077632e+10,4.981560064e+10
50.601,112,112,53,8.7213211648e+10,4.981560064e+10
50.802,112,112,53,8.7114645504e+10,4.981560064e+10
51.004,112,112,53,8.6959456256e+10,4.981560064e+10
51.205,112,112,53,8.6808461312e+10,4.981560064e+10
51.407,112,112,53,8.6758129664e+10,4.981560064e+10
51.608,112,112,53,8.6666903552e+10,4.981560064e+10
51.809,112,112,53,8.6536880128e+10,4.981560064e+10
52.010,112,112,53,8.636596224e+10,4.981560064e+10
52.211,112,112,53,8.6286270464e+10,4.981560064e+10
52.412,112,112,53,8.6232793088e+10,4.981560064e+10
52.613,112,112,53,8.613003264e+10,4.981560064e+10
52.814,112,112,53,8.6007349248e+10,4.981560064e+10
53.015,112,112,53,8.5828042752e+10,4.981560064e+10
53.216,112,112,53,8.5775613952e+10,4.981560064e+10
53.418,112,112,53,8.5690679296e+10,4.981560064e+10
53.619,112,112,53,8.5556461568e+10,4.981560064e+10
53.820,112,112,53,8.5484109824e+10,4.981560064e+10
54.021,112,112,53,8.5398126592e+10,4.981560064e+10
54.222,112,112,53,8.5308997632e+10,4.981560064e+10
54.423,112,112,53,8.5250277376e+10,4.981560064e+10
54.625,112,112,53,8.5106622464e+10,4.981560064e+10
54.826,112,112,53,8.4932558848e+10,4.981560064e+10
55.028,112,112,53,8.4896907264e+10,4.981560064e+10
55.229,112,112,53,8.4785758208e+10,4.981560064e+10
55.431,112,112,53,8.473018368e+10,4.981560064e+10
55.632,112,112,53,8.4580237312e+10,4.981560064e+10
55.834,112,112,53,8.4513128448e+10,4.981560064e+10
56.035,112,112,53,8.4423999488e+10,4.981560064e+10
56.236,112,112,53,8.4344307712e+10,4.981560064e+10
56.438,112,112,53,8.4292927488e+10,4.981560064e+10
56.639,112,112,53,8.4185972736e+10,4.981560064e+10
56.841,112,112,53,8.4025540608e+10,4.981560064e+10
57.042,112,112,53,8.397520896e+10,4.981560064e+10
57.243,112,112,53,8.3909148672e+10,4.981560064e+10
57.445,112,112,53,8.3863011328e+10,4.981560064e+10
57.646,112,112,53,8.3727745024e+10,4.981560064e+10
57.847,112,112,53,8.3712016384e+10,4.981560064e+10
58.048,112,112,53,8.3620790272e+10,4.981560064e+10
58.250,112,112,53,8.3559972864e+10,4.981560064e+10
58.451,112,112,53,8.3476086784e+10,4.981560064e+10
58.652,112,112,53,8.3427852288e+10,4.981560064e+10
58.853,112,112,53,8.3300974592e+10,4.981560064e+10
59.054,112,112,53,8.3245400064e+10,4.981560064e+10
59.255,112,112,53,8.3200311296e+10,4.981560064e+10
59.457,112,112,53,8.3113279488e+10,4.981560064e+10
59.658,112,112,53,8.3024150528e+10,4.981560064e+10
59.859,112,112,53,8.2946555904e+10,4.981560064e+10
60.060,112,112,53,8.294760448e+10,4.981560064e+10
60.261,112,112,53,8.2886787072e+10,4.981560064e+10
60.462,112,112,53,8.2744180736e+10,4.981560064e+10
60.663,112,112,53,8.2700140544e+10,4.981560064e+10
60.864,112,112,53,8.2540756992e+10,4.981560064e+10
61.066,112,112,53,8.2542854144e+10,4.981560064e+10
61.267,112,112,53,8.249147392e+10,4.981560064e+10
61.468,112,112,53,8.2422267904e+10,4.981560064e+10
61.669,112,112,53,8.2285953024e+10,4.981560064e+10
61.870,112,112,53,8.220311552e+10,4.981560064e+10
62.071,112,112,53,8.216641536e+10,4.981560064e+10
62.272,112,112,53,8.2160123904e+10,4.981560064e+10
62.473,112,112,53,8.2067849216e+10,4.981560064e+10
62.675,112,112,53,8.2015420416e+10,4.981560064e+10
62.876,112,112,53,8.1955651584e+10,4.981560064e+10
63.077,112,112,53,8.1801510912e+10,4.981560064e+10
63.279,112,112,53,8.1801510912e+10,4.981560064e+10
63.481,112,112,53,8.1761665024e+10,4.981560064e+10
63.682,112,112,53,8.1711333376e+10,4.981560064e+10
63.883,112,112,53,8.1662050304e+10,4.981560064e+10
64.085,112,112,53,8.153202688e+10,4.981560064e+10
64.286,112,112,53,8.1462820864e+10,4.981560064e+10
64.488,112,112,53,8.13694976e+10,4.981560064e+10
64.689,112,112,53,8.1344331776e+10,4.981560064e+10
64.890,112,112,53,8.1283514368e+10,4.981560064e+10
65.092,112,112,53,8.1276174336e+10,4.981560064e+10
65.293,112,112,53,8.1228988416e+10,4.981560064e+10
65.494,112,112,53,8.1052827648e+10,4.981560064e+10
65.696,112,112,53,8.0990961664e+10,4.981560064e+10
65.897,112,112,53,8.0972087296e+10,4.981560064e+10
66.098,112,112,53,8.0958455808e+10,4.981560064e+10
66.299,112,112,53,8.0878764032e+10,4.981560064e+10
66.501,112,112,53,8.0838918144e+10,4.981560064e+10
66.702,112,112,53,8.0751886336e+10,4.981560064e+10
66.903,112,112,53,8.0690020352e+10,4.981560064e+10
67.105,112,112,53,8.061976576e+10,4.981560064e+10
67.306,112,112,53,8.0591454208e+10,4.981560064e+10
67.507,112,112,53,8.0532733952e+10,4.981560064e+10
67.709,112,112,53,8.0519102464e+10,4.981560064e+10
67.910,112,112,53,8.0413196288e+10,4.981560064e+10
68.112,112,112,53,8.0314630144e+10,4.981560064e+10
68.313,112,112,53,8.0248569856e+10,4.981560064e+10
68.514,112,112,53,8.0238084096e+10,4.981560064e+10
68.716,112,112,53,8.0167829504e+10,4.981560064e+10
68.917,112,112,53,8.0104914944e+10,4.981560064e+10
69.118,112,112,53,8.0076603392e+10,4.981560064e+10
69.320,112,112,53,8.0021028864e+10,4.981560064e+10
69.521,112,112,53,7.9946579968e+10,4.981560064e+10
69.722,112,112,53,7.9895199744e+10,4.981560064e+10
69.924,112,112,53,7.9877373952e+10,4.981560064e+10
70.125,112,112,53,7.9799779328e+10,4.981560064e+10
70.326,112,112,53,7.9757836288e+10,4.981560064e+10
70.528,112,112,53,7.9691776e+10,4.981560064e+10
70.729,112,112,53,7.9658221568e+10,4.981560064e+10
70.930,112,112,53,7.9624667136e+10,4.981560064e+10
71.132,112,112,53,7.9527149568e+10,4.981560064e+10
71.334,112,112,53,7.9491497984e+10,4.981560064e+10
71.535,112,112,53,7.9478915072e+10,4.981560064e+10
71.736,112,112,53,7.9425437696e+10,4.981560064e+10
71.937,112,112,53,7.9352037376e+10,4.981560064e+10
72.138,112,112,53,7.93247744e+10,4.981560064e+10
72.339,112,112,53,7.9280734208e+10,4.981560064e+10
72.541,112,112,53,7.923564544e+10,4.981560064e+10
72.742,112,112,53,7.9199993856e+10,4.981560064e+10
72.944,112,112,53,7.9163293696e+10,4.981560064e+10
73.145,112,112,53,7.9098281984e+10,4.981560064e+10
73.346,112,112,53,7.9037464576e+10,4.981560064e+10
73.548,112,112,53,7.893680128e+10,4.981560064e+10
73.749,112,112,53,7.8923169792e+10,4.981560064e+10
73.951,112,112,53,7.8916878336e+10,4.981560064e+10
74.152,112,112,53,7.88791296e+10,4.981560064e+10
74.353,112,112,53,7.8803632128e+10,4.981560064e+10
74.555,112,112,53,7.8736523264e+10,4.981560064e+10
74.756,112,112,53,7.871660032e+10,4.981560064e+10
74.957,112,112,53,7.8670462976e+10,4.981560064e+10
75.158,112,112,53,7.8608596992e+10,4.981560064e+10
75.359,112,112,53,7.8558265344e+10,4.981560064e+10
75.560,112,112,53,7.851737088e+10,4.981560064e+10
75.761,112,112,53,7.847018496e+10,4.981560064e+10
75.962,112,112,53,7.8424047616e+10,4.981560064e+10
76.163,112,112,53,7.8350647296e+10,4.981560064e+10
76.364,112,112,53,7.8345404416e+10,4.981560064e+10
76.565,112,112,53,7.8282489856e+10,4.981560064e+10
76.766,112,112,53,7.8220623872e+10,4.981560064e+10
76.967,112,112,53,7.8191263744e+10,4.981560064e+10
77.168,112,112,53,7.8110523392e+10,4.981560064e+10
77.369,112,112,53,7.8088503296e+10,4.981560064e+10
77.570,112,112,53,7.8072774656e+10,4.981560064e+10
77.771,112,112,53,7.8022443008e+10,4.981560064e+10
77.972,112,112,53,7.791443968e+10,4.981560064e+10
78.173,112,112,53,7.7854670848e+10,4.981560064e+10
78.374,112,112,53,7.7822164992e+10,4.981560064e+10
78.575,112,112,53,7.7764493312e+10,4.981560064e+10
78.776,112,112,53,7.7740376064e+10,4.981560064e+10
78.977,112,112,53,7.7712064512e+10,4.981560064e+10
79.178,112,112,53,7.7684801536e+10,4.981560064e+10
79.379,112,112,53,7.765753856e+10,4.981560064e+10
79.580,112,112,53,7.7600915456e+10,4.981560064e+10
79.781,112,112,53,7.7524369408e+10,4.981560064e+10
79.982,112,112,53,7.7465649152e+10,4.981560064e+10
80.183,112,112,53,7.7434191872e+10,4.981560064e+10
80.384,112,112,53,7.740063744e+10,4.981560064e+10
80.585,112,112,53,7.7370228736e+10,4.981560064e+10
80.786,112,112,53,7.7299974144e+10,4.981560064e+10
80.987,112,112,53,7.7275856896e+10,4.981560064e+10
81.188,112,112,53,7.7204553728e+10,4.981560064e+10
81.389,112,112,53,7.7093404672e+10,4.981560064e+10
81.590,112,112,53,7.7053558784e+10,4.981560064e+10
81.791,112,112,53,7.704936448e+10,4.981560064e+10
81.993,112,112,53,7.7026295808e+10,4.981560064e+10
82.194,112,112,53,7.6974915584e+10,4.981560064e+10
82.395,112,112,53,7.6925632512e+10,4.981560064e+10
82.596,112,112,53,7.6916195328e+10,4.981560064e+10
82.797,112,112,53,7.689207808e+10,4.981560064e+10
82.998,112,112,53,7.677673472e+10,4.981560064e+10
83.199,112,112,53,7.6706480128e+10,4.981560064e+10
83.400,112,112,53,7.6684460032e+10,4.981560064e+10
83.601,112,112,53,7.6657197056e+10,4.981560064e+10
83.802,112,112,53,7.6642516992e+10,4.981560064e+10
84.004,112,112,53,7.6532416512e+10,4.981560064e+10
84.205,112,112,53,7.6492570624e+10,4.981560064e+10
84.406,112,112,53,7.6440141824e+10,4.981560064e+10
84.607,112,112,53,7.6389810176e+10,4.981560064e+10
84.808,112,112,53,7.6368838656e+10,4.981560064e+10
85.009,112,112,53,7.6369887232e+10,4.981560064e+10
85.211,112,112,53,7.6330041344e+10,4.981560064e+10
85.412,112,112,53,7.626817536e+10,4.981560064e+10
85.613,112,112,53,7.6217843712e+10,4.981560064e+10
85.814,112,112,53,7.6150734848e+10,4.981560064e+10
86.015,112,112,53,7.6127666176e+10,4.981560064e+10
86.216,112,112,53,7.608991744e+10,4.981560064e+10
86.417,112,112,53,7.6049022976e+10,4.981560064e+10
86.618,112,112,53,7.6017565696e+10,4.981560064e+10
86.819,112,112,53,7.5968282624e+10,4.981560064e+10
87.020,112,112,53,7.5944165376e+10,4.981560064e+10
87.222,112,112,53,7.592214528e+10,4.981560064e+10
87.423,112,112,53,7.5849793536e+10,4.981560064e+10
87.624,112,112,53,7.5842453504e+10,4.981560064e+10
87.826,112,112,53,7.581728768e+10,4.981560064e+10
88.027,112,112,53,7.5766956032e+10,4.981560064e+10
88.228,112,112,53,7.575437312e+10,4.981560064e+10
88.430,112,112,53,7.5668389888e+10,4.981560064e+10
88.631,112,112,53,7.55761152e+10,4.981560064e+10
88.832,112,112,53,7.5584503808e+10,4.981560064e+10
89.034,112,112,53,7.5551997952e+10,4.981560064e+10
89.235,112,112,53,7.5519492096e+10,4.981560064e+10
89.436,112,112,53,7.5479646208e+10,4.981560064e+10
89.638,112,112,53,7.5437703168e+10,4.981560064e+10
89.839,112,112,53,7.5383177216e+10,4.981560064e+10
90.041,112,112,53,7.5375837184e+10,4.981560064e+10
90.242,112,112,53,7.5310825472e+10,4.981560064e+10
90.443,112,112,53,7.5260493824e+10,4.981560064e+10
90.644,112,112,53,7.5231133696e+10,4.981560064e+10
90.845,112,112,53,7.5246862336e+10,4.981560064e+10
91.047,112,112,53,7.519338496e+10,4.981560064e+10
91.248,112,112,53,7.5175559168e+10,4.981560064e+10
91.449,112,112,53,7.5124178944e+10,4.981560064e+10
91.650,112,112,53,7.5075944448e+10,4.981560064e+10
91.852,112,112,53,7.500464128e+10,4.981560064e+10
92.053,112,112,53,7.4919706624e+10,4.981560064e+10
92.255,112,112,53,7.4896637952e+10,4.981560064e+10
92.456,112,112,53,7.4858889216e+10,4.981560064e+10
92.657,112,112,53,7.485784064e+10,4.981560064e+10
92.858,112,112,53,7.4830577664e+10,4.981560064e+10
93.060,112,112,53,7.4828480512e+10,4.981560064e+10
93.261,112,112,53,7.4781294592e+10,4.981560064e+10
93.463,112,112,53,7.4725720064e+10,4.981560064e+10
93.664,112,112,53,7.466909696e+10,4.981560064e+10
93.866,112,112,53,7.4587308032e+10,4.981560064e+10
94.067,112,112,53,7.458521088e+10,4.981560064e+10
94.268,112,112,53,7.4579968e+10,4.981560064e+10
94.470,112,112,53,7.4583113728e+10,4.981560064e+10
94.671,112,112,53,7.448559616e+10,4.981560064e+10
94.872,112,112,53,7.4452041728e+10,4.981560064e+10
95.074,112,112,53,7.4394370048e+10,4.981560064e+10
95.275,112,112,53,7.4361864192e+10,4.981560064e+10
95.477,112,112,53,7.4301046784e+10,4.981560064e+10
95.678,112,112,53,7.4276929536e+10,4.981560064e+10
95.879,112,112,53,7.425490944e+10,4.981560064e+10
96.081,112,112,53,7.4242326528e+10,4.981560064e+10
96.282,112,112,53,7.419199488e+10,4.981560064e+10
96.483,112,112,53,7.4137468928e+10,4.981560064e+10
96.684,112,112,53,7.4078748672e+10,4.981560064e+10
96.885,112,112,53,7.406092288e+10,4.981560064e+10
97.086,112,112,53,7.403470848e+10,4.981560064e+10
97.288,112,112,53,7.400849408e+10,4.981560064e+10
97.489,112,112,53,7.3989619712e+10,4.981560064e+10
97.690,112,112,53,7.3948725248e+10,4.981560064e+10
97.891,112,112,53,7.3912025088e+10,4.981560064e+10
98.092,112,112,53,7.3853304832e+10,4.981560064e+10
98.293,112,112,53,7.383547904e+10,4.981560064e+10
98.494,112,112,53,7.3782001664e+10,4.981560064e+10
98.695,112,112,53,7.3732718592e+10,4.981560064e+10
98.896,112,112,53,7.372537856e+10,4.981560064e+10
99.097,112,112,53,7.3702309888e+10,4.981560064e+10
99.298,112,112,53,7.3687629824e+10,4.981560064e+10
99.499,112,112,53,7.3692872704e+10,4.981560064e+10
99.701,112,112,53,7.3675046912e+10,4.981560064e+10
99.902,112,112,53,7.3633103872e+10,4.981560064e+10
100.103,112,112,53,7.3585917952e+10,4.981560064e+10
100.305,112,112,53,7.3535586304e+10,4.981560064e+10
100.506,112,112,53,7.348944896e+10,4.981560064e+10
100.707,112,112,53,7.3429680128e+10,4.981560064e+10
100.908,112,112,53,7.3360474112e+10,4.981560064e+10
101.109,112,112,53,7.3380397056e+10,4.981560064e+10
101.311,112,112,53,7.3380397056e+10,4.981560064e+10
101.512,112,112,53,7.3365716992e+10,4.981560064e+10
101.713,112,112,53,7.334264832e+10,4.981560064e+10
101.914,112,112,53,7.333216256e+10,4.981560064e+10
102.115,112,112,53,7.3287073792e+10,4.981560064e+10
102.317,112,112,53,7.3205284864e+10,4.981560064e+10
102.518,112,112,53,7.3179070464e+10,4.981560064e+10
102.719,112,112,53,7.3140273152e+10,4.981560064e+10
102.920,112,112,53,7.3078407168e+10,4.981560064e+10
103.121,112,112,53,7.3071067136e+10,4.981560064e+10
103.322,112,112,53,7.303856128e+10,4.981560064e+10
103.523,112,112,53,7.3041707008e+10,4.981560064e+10
103.724,112,112,53,7.300186112e+10,4.981560064e+10
103.925,112,112,53,7.2984035328e+10,4.981560064e+10
104.126,112,112,53,7.2951529472e+10,4.981560064e+10
104.328,112,112,53,7.2924266496e+10,4.981560064e+10
104.529,112,112,53,7.2859254784e+10,4.981560064e+10
104.730,112,112,53,7.2827797504e+10,4.981560064e+10
104.932,112,112,53,7.2808923136e+10,4.981560064e+10
105.133,112,112,53,7.2779563008e+10,4.981560064e+10
105.334,112,112,53,7.2782708736e+10,4.981560064e+10
105.535,112,112,53,7.2725037056e+10,4.981560064e+10
105.737,112,112,53,7.2711405568e+10,4.981560064e+10
105.938,112,112,53,7.2688336896e+10,4.981560064e+10
106.139,112,112,53,7.265058816e+10,4.981560064e+10
106.341,112,112,53,7.2620179456e+10,4.981560064e+10
106.542,112,112,53,7.2558313472e+10,4.981560064e+10
106.743,112,112,53,7.254573056e+10,4.981560064e+10
106.944,112,112,53,7.2517419008e+10,4.981560064e+10
107.145,112,112,53,7.2507981824e+10,4.981560064e+10
107.346,112,112,53,7.2482816e+10,4.981560064e+10
107.547,112,112,53,7.2406269952e+10,4.981560064e+10
107.748,112,112,53,7.2329723904e+10,4.981560064e+10
107.949,112,112,53,7.2318189568e+10,4.981560064e+10
108.150,112,112,53,7.2266809344e+10,4.981560064e+10
108.351,112,112,53,7.2244789248e+10,4.981560064e+10
108.552,112,112,53,7.224164352e+10,4.981560064e+10
108.753,112,112,53,7.218397184e+10,4.981560064e+10
108.955,112,112,53,7.2166146048e+10,4.981560064e+10
109.156,112,112,53,7.209484288e+10,4.981560064e+10
109.357,112,112,53,7.2051851264e+10,4.981560064e+10
109.558,112,112,53,7.1997325312e+10,4.981560064e+10
109.759,112,112,53,7.1980548096e+10,4.981560064e+10
109.960,112,112,53,7.1961673728e+10,4.981560064e+10
110.161,112,112,53,7.1967965184e+10,4.981560064e+10
110.362,112,112,53,7.1919730688e+10,4.981560064e+10
110.563,112,112,53,7.1918682112e+10,4.981560064e+10
110.764,112,112,53,7.1918682112e+10,4.981560064e+10
110.965,112,112,53,7.1842136064e+10,4.981560064e+10
111.166,112,112,53,7.1809630208e+10,4.981560064e+10
111.367,112,112,53,7.174356992e+10,4.981560064e+10
111.568,112,112,53,7.1742521344e+10,4.981560064e+10
111.769,112,112,53,7.1715258368e+10,4.981560064e+10
111.970,112,112,53,7.1677509632e+10,4.981560064e+10
112.171,112,112,53,7.165444096e+10,4.981560064e+10
112.372,112,112,53,7.1632420864e+10,4.981560064e+10
112.573,112,112,53,7.1619837952e+10,4.981560064e+10
112.774,112,112,53,7.1611449344e+10,4.981560064e+10
112.975,112,112,53,7.1552729088e+10,4.981560064e+10
113.177,112,112,53,7.1541194752e+10,4.981560064e+10
113.378,112,112,53,7.1453114368e+10,4.981560064e+10
113.579,112,112,53,7.145521152e+10,4.981560064e+10
113.780,112,112,53,7.1432142848e+10,4.981560064e+10
113.981,112,112,53,7.1372374016e+10,4.981560064e+10
114.182,112,112,53,7.1330430976e+10,4.981560064e+10
114.383,112,112,53,7.1328333824e+10,4.981560064e+10
114.585,112,112,53,7.1300022272e+10,4.981560064e+10
114.786,112,112,53,7.1262273536e+10,4.981560064e+10
114.987,112,112,53,7.1231864832e+10,4.981560064e+10
115.188,112,112,53,7.1212990464e+10,4.981560064e+10
115.390,112,112,53,7.1186776064e+10,4.981560064e+10
115.591,112,112,53,7.115636736e+10,4.981560064e+10
115.792,112,112,53,7.1120715776e+10,4.981560064e+10
115.993,112,112,53,7.1107084288e+10,4.981560064e+10
116.194,112,112,53,7.1027392512e+10,4.981560064e+10
116.396,112,112,53,7.1015858176e+10,4.981560064e+10
116.597,112,112,53,7.0987546624e+10,4.981560064e+10
116.798,112,112,53,7.0979158016e+10,4.981560064e+10
116.999,112,112,53,7.096762368e+10,4.981560064e+10
117.200,112,112,53,7.0929874944e+10,4.981560064e+10
117.402,112,112,53,7.0895271936e+10,4.981560064e+10
117.603,112,112,53,7.0864863232e+10,4.981560064e+10
117.804,112,112,53,7.0818725888e+10,4.981560064e+10
118.005,112,112,53,7.07526656e+10,4.981560064e+10
118.206,112,112,53,7.0748471296e+10,4.981560064e+10
118.407,112,112,53,7.07264512e+10,4.981560064e+10
118.608,112,112,53,7.0690799616e+10,4.981560064e+10
118.809,112,112,53,7.0704431104e+10,4.981560064e+10
119.010,112,112,53,7.0680313856e+10,4.981560064e+10
119.211,112,112,53,7.07002368e+10,4.981560064e+10
119.412,112,112,53,7.0685556736e+10,4.981560064e+10
119.613,112,112,53,7.0615302144e+10,4.981560064e+10
119.814,112,112,53,7.0566019072e+10,4.981560064e+10
120.015,112,112,53,7.0502055936e+10,4.981560064e+10
120.216,112,112,53,7.0463258624e+10,4.981560064e+10
120.417,112,112,53,7.045906432e+10,4.981560064e+10
120.618,112,112,53,7.0446481408e+10,4.981560064e+10
120.819,112,112,53,7.0429704192e+10,4.981560064e+10
121.021,112,112,53,7.0415024128e+10,4.981560064e+10
121.222,112,112,53,7.0386712576e+10,4.981560064e+10
121.423,112,112,53,7.032799232e+10,4.981560064e+10
121.624,112,112,53,7.0303875072e+10,4.981560064e+10
121.826,112,112,53,7.0289195008e+10,4.981560064e+10
122.027,112,112,53,7.0201114624e+10,4.981560064e+10
122.228,112,112,53,7.019167744e+10,4.981560064e+10
122.429,112,112,53,7.0185385984e+10,4.981560064e+10
122.630,112,112,53,7.0192726016e+10,4.981560064e+10
122.831,112,112,53,7.0161268736e+10,4.981560064e+10
123.033,112,112,53,7.011827712e+10,4.981560064e+10
123.234,112,112,53,7.0051168256e+10,4.981560064e+10
123.435,112,112,53,7.0043828224e+10,4.981560064e+10
123.636,112,112,53,7.0033342464e+10,4.981560064e+10
123.837,112,112,53,6.9979865088e+10,4.981560064e+10
124.038,112,112,53,6.993477632e+10,4.981560064e+10
124.240,112,112,53,6.9897027584e+10,4.981560064e+10
124.441,112,112,53,6.984564736e+10,4.981560064e+10
124.642,112,112,53,6.98875904e+10,4.981560064e+10
124.843,112,112,53,6.987186176e+10,4.981560064e+10
125.044,112,112,53,6.982467584e+10,4.981560064e+10
125.245,112,112,53,6.9790072832e+10,4.981560064e+10
125.446,112,112,53,6.9778538496e+10,4.981560064e+10
125.647,112,112,53,6.9749178368e+10,4.981560064e+10
125.848,112,112,53,6.9727158272e+10,4.981560064e+10
126.049,112,112,53,6.9707235328e+10,4.981560064e+10
126.250,112,112,53,6.9650612224e+10,4.981560064e+10
126.452,112,112,53,6.9611814912e+10,4.981560064e+10
126.653,112,112,53,6.960971776e+10,4.981560064e+10
126.854,112,112,53,6.9554143232e+10,4.981560064e+10
127.055,112,112,53,6.956253184e+10,4.981560064e+10
127.256,112,112,53,6.95468032e+10,4.981560064e+10
127.457,112,112,53,6.9521637376e+10,4.981560064e+10
127.658,112,112,53,6.9485985792e+10,4.981560064e+10
127.859,112,112,53,6.9479694336e+10,4.981560064e+10
128.060,112,112,53,6.9469208576e+10,4.981560064e+10
128.261,112,112,53,6.9429362688e+10,4.981560064e+10
128.462,112,112,53,6.940524544e+10,4.981560064e+10
128.663,112,112,53,6.9328699392e+10,4.981560064e+10
128.864,112,112,53,6.9312970752e+10,4.981560064e+10
129.065,112,112,53,6.9291999232e+10,4.981560064e+10
129.266,112,112,53,6.9272076288e+10,4.981560064e+10
129.467,112,112,53,6.9271027712e+10,4.981560064e+10
129.668,112,112,53,6.9196578816e+10,4.981560064e+10
129.870,112,112,53,6.9172461568e+10,4.981560064e+10
130.071,112,112,53,6.915883008e+10,4.981560064e+10
130.272,112,112,53,6.9144150016e+10,4.981560064e+10
130.473,112,112,53,6.9124227072e+10,4.981560064e+10
130.675,112,112,53,6.9026709504e+10,4.981560064e+10
130.876,112,112,53,6.9005737984e+10,4.981560064e+10
131.077,112,112,53,6.9023563776e+10,4.981560064e+10
131.278,112,112,53,6.8983717888e+10,4.981560064e+10
131.479,112,112,53,6.8934434816e+10,4.981560064e+10
131.680,112,112,53,6.8899831808e+10,4.981560064e+10
131.881,112,112,53,6.8883054592e+10,4.981560064e+10
132.082,112,112,53,6.884950016e+10,4.981560064e+10
132.283,112,112,53,6.8851597312e+10,4.981560064e+10
132.484,112,112,53,6.880231424e+10,4.981560064e+10
132.685,112,112,53,6.8779245568e+10,4.981560064e+10
132.886,112,112,53,6.8783439872e+10,4.981560064e+10
133.087,112,112,53,6.875512832e+10,4.981560064e+10
133.288,112,112,53,6.869745664e+10,4.981560064e+10
133.489,112,112,53,6.8643979264e+10,4.981560064e+10
133.690,112,112,53,6.8605181952e+10,4.981560064e+10
133.891,112,112,53,6.8609376256e+10,4.981560064e+10
134.092,112,112,53,6.8590501888e+10,4.981560064e+10
134.293,112,112,53,6.8542267392e+10,4.981560064e+10
134.494,112,112,53,6.84982272e+10,4.981560064e+10
134.695,112,112,53,6.8485644288e+10,4.981560064e+10
134.896,112,112,53,6.8520247296e+10,4.981560064e+10
135.097,112,112,53,6.8506615808e+10,4.981560064e+10
135.298,112,112,53,6.8436361216e+10,4.981560064e+10
135.500,112,112,53,6.8370300928e+10,4.981560064e+10
135.701,112,112,53,6.8373446656e+10,4.981560064e+10
135.902,112,112,53,6.8329406464e+10,4.981560064e+10
136.103,112,112,53,6.8307386368e+10,4.981560064e+10
136.304,112,112,53,6.8269637632e+10,4.981560064e+10
136.505,112,112,53,6.8291657728e+10,4.981560064e+10
136.706,112,112,53,6.8273831936e+10,4.981560064e+10
136.907,112,112,53,6.8243423232e+10,4.981560064e+10
137.108,112,112,53,6.8207771648e+10,4.981560064e+10
137.309,112,112,53,6.8168974336e+10,4.981560064e+10
137.510,112,112,53,6.8128079872e+10,4.981560064e+10
137.711,112,112,53,6.8103962624e+10,4.981560064e+10
137.913,112,112,53,6.8048388096e+10,4.981560064e+10
138.114,112,112,53,6.8032659456e+10,4.981560064e+10
138.316,112,112,53,6.8034756608e+10,4.981560064e+10
138.517,112,112,53,6.8019027968e+10,4.981560064e+10
138.718,112,112,53,6.7991764992e+10,4.981560064e+10
138.919,112,112,53,6.7948773376e+10,4.981560064e+10
139.120,112,112,53,6.7918364672e+10,4.981560064e+10
139.321,112,112,53,6.7886907392e+10,4.981560064e+10
139.522,112,112,53,6.785335296e+10,4.981560064e+10
139.723,112,112,53,6.780616704e+10,4.981560064e+10
139.925,112,112,53,6.7764224e+10,4.981560064e+10
140.126,112,112,53,6.7762126848e+10,4.981560064e+10
140.327,112,112,53,6.7768418304e+10,4.981560064e+10
140.528,112,112,53,6.7736961024e+10,4.981560064e+10
140.729,112,112,53,6.7687677952e+10,4.981560064e+10
140.930,112,112,53,6.7668803584e+10,4.981560064e+10
141.131,112,112,53,6.7625811968e+10,4.981560064e+10
141.332,112,112,53,6.7583868928e+10,4.981560064e+10
141.533,112,112,53,6.7561848832e+10,4.981560064e+10
141.734,112,112,53,6.748635136e+10,4.981560064e+10
141.935,112,112,53,6.7467476992e+10,4.981560064e+10
142.136,112,112,53,6.7494739968e+10,4.981560064e+10
142.337,112,112,53,6.7489497088e+10,4.981560064e+10
142.538,112,112,53,6.7494739968e+10,4.981560064e+10
142.739,112,112,53,6.7456991232e+10,4.981560064e+10
142.940,112,112,53,6.7394076672e+10,4.981560064e+10
143.141,112,112,53,6.7375202304e+10,4.981560064e+10
143.342,112,112,53,6.7324870656e+10,4.981560064e+10
143.543,112,112,53,6.7282927616e+10,4.981560064e+10
143.745,112,112,53,6.7261956096e+10,4.981560064e+10
143.946,112,112,53,6.721896448e+10,4.981560064e+10
144.147,112,112,53,6.7221061632e+10,4.981560064e+10
144.348,112,112,53,6.7205332992e+10,4.981560064e+10
144.549,112,112,53,6.7204284416e+10,4.981560064e+10
144.750,112,112,53,6.7189604352e+10,4.981560064e+10
144.951,112,112,53,6.71350784e+10,4.981560064e+10
145.152,112,112,53,6.7063775232e+10,4.981560064e+10
145.353,112,112,53,6.7069018112e+10,4.981560064e+10
145.554,112,112,53,6.7041755136e+10,4.981560064e+10
145.755,112,112,53,6.7012395008e+10,4.981560064e+10
145.956,112,112,53,6.6973597696e+10,4.981560064e+10
146.157,112,112,53,6.6922217472e+10,4.981560064e+10
146.358,112,112,53,6.6933751808e+10,4.981560064e+10
146.560,112,112,53,6.690963456e+10,4.981560064e+10
146.761,112,112,53,6.6863497216e+10,4.981560064e+10
146.962,112,112,53,6.6847768576e+10,4.981560064e+10
147.163,112,112,53,6.6822602752e+10,4.981560064e+10
147.364,112,112,53,6.6793242624e+10,4.981560064e+10
147.565,112,112,53,6.6782756864e+10,4.981560064e+10
147.766,112,112,53,6.671040512e+10,4.981560064e+10
147.968,112,112,53,6.6712502272e+10,4.981560064e+10
148.169,112,112,53,6.6693627904e+10,4.981560064e+10
148.370,112,112,53,6.6654830592e+10,4.981560064e+10
148.571,112,112,53,6.664224768e+10,4.981560064e+10
148.772,112,112,53,6.6618130432e+10,4.981560064e+10
148.973,112,112,53,6.6606596096e+10,4.981560064e+10
149.174,112,112,53,6.6578284544e+10,4.981560064e+10
149.375,112,112,53,6.6527952896e+10,4.981560064e+10
149.576,112,112,53,6.65059328e+10,4.981560064e+10
149.777,112,112,53,6.6446163968e+10,4.981560064e+10
149.978,112,112,53,6.6444066816e+10,4.981560064e+10
150.179,112,112,53,6.6462941184e+10,4.981560064e+10
150.380,112,112,53,6.6466086912e+10,4.981560064e+10
150.581,112,112,53,6.6391638016e+10,4.981560064e+10
150.782,112,112,53,6.639583232e+10,4.981560064e+10
150.983,112,112,53,6.6388492288e+10,4.981560064e+10
151.184,112,112,53,6.635388928e+10,4.981560064e+10
151.385,112,112,53,6.6272100352e+10,4.981560064e+10
151.586,112,112,53,6.6211282944e+10,4.981560064e+10
151.787,112,112,53,6.6202894336e+10,4.981560064e+10
151.989,112,112,53,6.620708864e+10,4.981560064e+10
152.190,112,112,53,6.619660288e+10,4.981560064e+10
152.391,112,112,53,6.6190311424e+10,4.981560064e+10
152.592,112,112,53,6.6110619648e+10,4.981560064e+10
152.793,112,112,53,6.6066579456e+10,4.981560064e+10
152.994,112,112,53,6.6052947968e+10,4.981560064e+10
153.195,112,112,53,6.60078592e+10,4.981560064e+10
153.396,112,112,53,6.5980596224e+10,4.981560064e+10
153.597,112,112,53,6.5979547648e+10,4.981560064e+10
153.798,112,112,53,6.59554304e+10,4.981560064e+10
153.999,112,112,53,6.5951236096e+10,4.981560064e+10
154.200,112,112,53,6.594494464e+10,4.981560064e+10
154.401,112,112,53,6.5886224384e+10,4.981560064e+10
154.602,112,112,53,6.5843232768e+10,4.981560064e+10
154.803,112,112,53,6.58243584e+10,4.981560064e+10
155.004,112,112,53,6.5747812352e+10,4.981560064e+10
155.205,112,112,53,6.5736278016e+10,4.981560064e+10
155.406,112,112,53,6.5717403648e+10,4.981560064e+10
155.608,112,112,53,6.5720549376e+10,4.981560064e+10
155.809,112,112,53,6.568804352e+10,4.981560064e+10
156.010,112,112,53,6.5636663296e+10,4.981560064e+10
156.211,112,112,53,6.561988608e+10,4.981560064e+10
156.412,112,112,53,6.563561472e+10,4.981560064e+10
156.613,112,112,53,6.5580040192e+10,4.981560064e+10
156.814,112,112,53,6.5536e+10,4.981560064e+10
157.015,112,112,53,6.5493008384e+10,4.981560064e+10
157.216,112,112,53,6.544687104e+10,4.981560064e+10
157.417,112,112,53,6.5461551104e+10,4.981560064e+10
157.618,112,112,53,6.5445822464e+10,4.981560064e+10
157.819,112,112,53,6.5433239552e+10,4.981560064e+10
158.020,112,112,53,6.5413316608e+10,4.981560064e+10
158.221,112,112,53,6.5385005056e+10,4.981560064e+10
158.422,112,112,53,6.5256030208e+10,4.981560064e+10
158.623,112,112,53,6.5217232896e+10,4.981560064e+10
158.824,112,112,53,6.5218281472e+10,4.981560064e+10
159.025,112,112,53,6.5220378624e+10,4.981560064e+10
159.226,112,112,53,6.5192067072e+10,4.981560064e+10
159.427,112,112,53,6.5161658368e+10,4.981560064e+10
159.628,112,112,53,6.514802688e+10,4.981560064e+10
159.829,112,112,53,6.5115521024e+10,4.981560064e+10
160.030,112,112,53,6.5057849344e+10,4.981560064e+10
160.231,112,112,53,6.5035829248e+10,4.981560064e+10
160.432,112,112,53,6.5010663424e+10,4.981560064e+10
160.633,112,112,53,6.4982351872e+10,4.981560064e+10
160.834,112,112,53,6.4935165952e+10,4.981560064e+10
161.035,112,112,53,6.4919437312e+10,4.981560064e+10
161.236,112,112,53,6.4895320064e+10,4.981560064e+10
161.437,112,112,53,6.4913145856e+10,4.981560064e+10
161.639,112,112,53,6.4889028608e+10,4.981560064e+10
161.840,112,112,53,6.4814579712e+10,4.981560064e+10
162.041,112,112,53,6.481772544e+10,4.981560064e+10
162.242,112,112,53,6.4777879552e+10,4.981560064e+10
162.443,112,112,53,6.4747470848e+10,4.981560064e+10
162.644,112,112,53,6.4683507712e+10,4.981560064e+10
162.845,112,112,53,6.46709248e+10,4.981560064e+10
163.046,112,112,53,6.4674070528e+10,4.981560064e+10
163.247,112,112,53,6.4685604864e+10,4.981560064e+10
163.448,112,112,53,6.4638418944e+10,4.981560064e+10
163.649,112,112,53,6.4594378752e+10,4.981560064e+10
163.850,112,112,53,6.457655296e+10,4.981560064e+10
164.051,112,112,53,6.45398528e+10,4.981560064e+10
164.252,112,112,53,6.4520978432e+10,4.981560064e+10
164.453,112,112,53,6.4452820992e+10,4.981560064e+10
164.654,112,112,53,6.4474841088e+10,4.981560064e+10
164.855,112,112,53,6.4477986816e+10,4.981560064e+10
165.057,112,112,53,6.4454918144e+10,4.981560064e+10
165.258,112,112,53,6.441926656e+10,4.981560064e+10
165.459,112,112,53,6.4349011968e+10,4.981560064e+10
165.660,112,112,53,6.4343769088e+10,4.981560064e+10
165.861,112,112,53,6.4326991872e+10,4.981560064e+10
166.062,112,112,53,6.426722304e+10,4.981560064e+10
166.263,112,112,53,6.4238911488e+10,4.981560064e+10
166.464,112,112,53,6.4239960064e+10,4.981560064e+10
166.665,112,112,53,6.424100864e+10,4.981560064e+10
166.866,112,112,53,6.4205357056e+10,4.981560064e+10
167.068,112,112,53,6.4168656896e+10,4.981560064e+10
167.269,112,112,53,6.4129859584e+10,4.981560064e+10
167.470,112,112,53,6.4114130944e+10,4.981560064e+10
167.671,112,112,53,6.4060653568e+10,4.981560064e+10
167.872,112,112,53,6.4049119232e+10,4.981560064e+10
168.073,112,112,53,6.4012419072e+10,4.981560064e+10
168.274,112,112,53,6.40155648e+10,4.981560064e+10
168.475,112,112,53,6.402605056e+10,4.981560064e+10
168.676,112,112,53,6.3965233152e+10,4.981560064e+10
168.877,112,112,53,6.3946358784e+10,4.981560064e+10
169.078,112,112,53,6.391595008e+10,4.981560064e+10
169.280,112,112,53,6.3883444224e+10,4.981560064e+10
169.481,112,112,53,6.3838355456e+10,4.981560064e+10
169.682,112,112,53,6.3844646912e+10,4.981560064e+10
169.883,112,112,53,6.3796412416e+10,4.981560064e+10
170.084,112,112,53,6.3827869696e+10,4.981560064e+10
170.285,112,112,53,6.3789072384e+10,4.981560064e+10
170.486,112,112,53,6.3735595008e+10,4.981560064e+10
170.687,112,112,53,6.373244928e+10,4.981560064e+10
170.888,112,112,53,6.3717769216e+10,4.981560064e+10
171.089,112,112,53,6.3635980288e+10,4.981560064e+10
171.290,112,112,53,6.3625494528e+10,4.981560064e+10
171.491,112,112,53,6.3586697216e+10,4.981560064e+10
171.692,112,112,53,6.3583551488e+10,4.981560064e+10
171.893,112,112,53,6.359089152e+10,4.981560064e+10
172.094,112,112,53,6.3549997056e+10,4.981560064e+10
172.295,112,112,53,6.35437056e+10,4.981560064e+10
172.496,112,112,53,6.35174912e+10,4.981560064e+10
172.697,112,112,53,6.3482888192e+10,4.981560064e+10
172.899,112,112,53,6.3438848e+10,4.981560064e+10
173.100,112,112,53,6.3411585024e+10,4.981560064e+10
173.301,112,112,53,6.3400050688e+10,4.981560064e+10
173.502,112,112,53,6.336544768e+10,4.981560064e+10
173.703,112,112,53,6.3369641984e+10,4.981560064e+10
173.904,112,112,53,6.3359156224e+10,4.981560064e+10
174.105,112,112,53,6.3353913344e+10,4.981560064e+10
174.306,112,112,53,6.3289950208e+10,4.981560064e+10
174.507,112,112,53,6.3185092608e+10,4.981560064e+10
174.708,112,112,53,6.317146112e+10,4.981560064e+10
174.909,112,112,53,6.3123226624e+10,4.981560064e+10
175.110,112,112,53,6.314524672e+10,4.981560064e+10
175.311,112,112,53,6.3154683904e+10,4.981560064e+10
175.512,112,112,53,6.3126372352e+10,4.981560064e+10
175.713,112,112,53,6.30718464e+10,4.981560064e+10
175.915,112,112,53,6.304038912e+10,4.981560064e+10
176.116,112,112,53,6.3021514752e+10,4.981560064e+10
176.317,112,112,53,6.2980620288e+10,4.981560064e+10
176.519,112,112,53,6.2969085952e+10,4.981560064e+10
176.720,112,112,53,6.2939725824e+10,4.981560064e+10
176.921,112,112,53,6.291456e+10,4.981560064e+10
177.122,112,112,53,6.2900928512e+10,4.981560064e+10
177.323,112,112,53,6.2860034048e+10,4.981560064e+10
177.524,112,112,53,6.2831722496e+10,4.981560064e+10
177.725,112,112,53,6.283067392e+10,4.981560064e+10
177.926,112,112,53,6.2765662208e+10,4.981560064e+10
178.127,112,112,53,6.2774050816e+10,4.981560064e+10
178.328,112,112,53,6.272581632e+10,4.981560064e+10
178.529,112,112,53,6.2690164736e+10,4.981560064e+10
178.730,112,112,53,6.2675484672e+10,4.981560064e+10
178.931,112,112,53,6.2655561728e+10,4.981560064e+10
179.132,112,112,53,6.2575869952e+10,4.981560064e+10
179.333,112,112,53,6.2583209984e+10,4.981560064e+10
179.534,112,112,53,6.2562238464e+10,4.981560064e+10
179.735,112,112,53,6.2520295424e+10,4.981560064e+10
179.936,112,112,53,6.2436409344e+10,4.981560064e+10
180.137,112,112,53,6.2464720896e+10,4.981560064e+10
180.338,112,112,53,6.242697216e+10,4.981560064e+10
180.539,112,112,53,6.2408097792e+10,4.981560064e+10
180.740,112,112,53,6.2366154752e+10,4.981560064e+10
180.941,112,112,53,6.2392369152e+10,4.981560064e+10
181.142,112,112,53,6.2361960448e+10,4.981560064e+10
181.343,112,112,53,6.2277025792e+10,4.981560064e+10
181.544,112,112,53,6.2263394304e+10,4.981560064e+10
181.745,112,112,53,6.2247665664e+10,4.981560064e+10
181.946,112,112,53,6.2158536704e+10,4.981560064e+10
182.147,112,112,53,6.2172168192e+10,4.981560064e+10
182.348,112,112,53,6.2195236864e+10,4.981560064e+10
182.549,112,112,53,6.2140710912e+10,4.981560064e+10
182.750,112,112,53,6.2108205056e+10,4.981560064e+10
182.951,112,112,53,6.2083039232e+10,4.981560064e+10
183.152,112,112,53,6.203899904e+10,4.981560064e+10
183.354,112,112,53,6.1997056e+10,4.981560064e+10
183.555,112,112,53,6.1964550144e+10,4.981560064e+10
183.756,112,112,53,6.1962452992e+10,4.981560064e+10
183.957,112,112,53,6.1957210112e+10,4.981560064e+10
184.158,112,112,53,6.1937287168e+10,4.981560064e+10
184.359,112,112,53,6.1904781312e+10,4.981560064e+10
184.560,112,112,53,6.1857595392e+10,4.981560064e+10
184.761,112,112,53,6.1825089536e+10,4.981560064e+10
184.962,112,112,53,6.1810409472e+10,4.981560064e+10
185.163,112,112,53,6.180306944e+10,4.981560064e+10
185.364,112,112,53,6.1762174976e+10,4.981560064e+10
185.565,112,112,53,6.1757980672e+10,4.981560064e+10
185.766,112,112,53,6.1714989056e+10,4.981560064e+10
185.967,112,112,53,6.1718134784e+10,4.981560064e+10
186.169,112,112,53,6.16562688e+10,4.981560064e+10
186.370,112,112,53,6.159859712e+10,4.981560064e+10
186.571,112,112,53,6.1617471488e+10,4.981560064e+10
186.772,112,112,53,6.1581819904e+10,4.981560064e+10
186.973,112,112,53,6.1517856768e+10,4.981560064e+10
187.174,112,112,53,6.1516808192e+10,4.981560064e+10
187.376,112,112,53,6.1508419584e+10,4.981560064e+10
187.577,112,112,53,6.1482205184e+10,4.981560064e+10
187.778,112,112,53,6.1424533504e+10,4.981560064e+10
187.979,112,112,53,6.141509632e+10,4.981560064e+10
188.180,112,112,53,6.1393076224e+10,4.981560064e+10
188.382,112,112,53,6.1380493312e+10,4.981560064e+10
188.583,112,112,53,6.1312335872e+10,4.981560064e+10
188.784,112,112,53,6.131023872e+10,4.981560064e+10
188.985,112,112,53,6.1285072896e+10,4.981560064e+10
189.186,112,112,53,6.1267247104e+10,4.981560064e+10
189.387,112,112,53,6.1243129856e+10,4.981560064e+10
189.588,112,112,53,6.1186506752e+10,4.981560064e+10
189.789,112,112,53,6.1148758016e+10,4.981560064e+10
189.990,112,112,53,6.1101572096e+10,4.981560064e+10
190.191,112,112,53,6.1138272256e+10,4.981560064e+10
190.392,112,112,53,6.1129883648e+10,4.981560064e+10
190.593,112,112,53,6.1098426368e+10,4.981560064e+10
190.794,112,112,53,6.1045997568e+10,4.981560064e+10
190.995,112,112,53,6.10009088e+10,4.981560064e+10
191.196,112,112,53,6.099566592e+10,4.981560064e+10
191.397,112,112,53,6.0993568768e+10,4.981560064e+10
191.598,112,112,53,6.0986228736e+10,4.981560064e+10
191.799,112,112,53,6.095372288e+10,4.981560064e+10
192.000,112,112,53,6.0936945664e+10,4.981560064e+10
192.201,112,112,53,6.0882419712e+10,4.981560064e+10
192.402,112,112,53,6.0807970816e+10,4.981560064e+10
192.603,112,112,53,6.0829990912e+10,4.981560064e+10
192.805,112,112,53,6.0824748032e+10,4.981560064e+10
193.006,112,112,53,6.0758687744e+10,4.981560064e+10
193.207,112,112,53,6.0760784896e+10,4.981560064e+10
193.408,112,112,53,6.0714647552e+10,4.981560064e+10
193.609,112,112,53,6.0687384576e+10,4.981560064e+10
193.810,112,112,53,6.0655927296e+10,4.981560064e+10
194.011,112,112,53,6.0648587264e+10,4.981560064e+10
194.212,112,112,53,6.065487872e+10,4.981560064e+10
194.413,112,112,53,6.0632858624e+10,4.981560064e+10
194.614,112,112,53,6.0596158464e+10,4.981560064e+10
194.815,112,112,53,6.0526952448e+10,4.981560064e+10
195.016,112,112,53,6.0500738048e+10,4.981560064e+10
195.217,112,112,53,6.0512272384e+10,4.981560064e+10
195.418,112,112,53,6.0488155136e+10,4.981560064e+10
195.619,112,112,53,6.0478717952e+10,4.981560064e+10
195.820,112,112,53,6.0479766528e+10,4.981560064e+10
196.021,112,112,53,6.0405317632e+10,4.981560064e+10
196.222,112,112,53,6.0407414784e+10,4.981560064e+10
196.423,112,112,53,6.035603456e+10,4.981560064e+10
196.624,112,112,53,6.0328771584e+10,4.981560064e+10
196.825,112,112,53,6.0318285824e+10,4.981560064e+10
197.026,112,112,53,6.0296265728e+10,4.981560064e+10
197.227,112,112,53,6.0281585664e+10,4.981560064e+10
197.428,112,112,53,6.0259565568e+10,4.981560064e+10
197.629,112,112,53,6.023544832e+10,4.981560064e+10
197.830,112,112,53,6.020399104e+10,4.981560064e+10
198.031,112,112,53,6.0166242304e+10,4.981560064e+10
198.232,112,112,53,6.0143173632e+10,4.981560064e+10
198.433,112,112,53,6.0122202112e+10,4.981560064e+10
198.634,112,112,53,6.0105424896e+10,4.981560064e+10
198.835,112,112,53,6.0085501952e+10,4.981560064e+10
199.036,112,112,53,6.0049850368e+10,4.981560064e+10
199.237,112,112,53,6.0038316032e+10,4.981560064e+10
199.438,112,112,53,6.0030976e+10,4.981560064e+10
199.639,112,112,53,5.999427584e+10,4.981560064e+10
199.840,112,112,53,5.998379008e+10,4.981560064e+10
200.041,112,112,53,5.994184704e+10,4.981560064e+10
200.243,112,112,53,5.9906195456e+10,4.981560064e+10
200.444,112,112,53,5.9904098304e+10,4.981560064e+10
200.645,112,112,53,5.9864252416e+10,4.981560064e+10
200.846,112,112,53,5.9853766656e+10,4.981560064e+10
201.047,112,112,53,5.9866349568e+10,4.981560064e+10
201.248,112,112,53,5.9825455104e+10,4.981560064e+10
201.449,112,112,53,5.9797143552e+10,4.981560064e+10
201.650,112,112,53,5.9799240704e+10,4.981560064e+10
201.851,112,112,53,5.9773026304e+10,4.981560064e+10
202.052,112,112,53,5.9715354624e+10,4.981560064e+10
202.253,112,112,53,5.9681800192e+10,4.981560064e+10
202.454,112,112,53,5.9662925824e+10,4.981560064e+10
202.655,112,112,53,5.9634614272e+10,4.981560064e+10
202.856,112,112,53,5.9641954304e+10,4.981560064e+10
203.057,112,112,53,5.9617837056e+10,4.981560064e+10
203.258,112,112,53,5.9625177088e+10,4.981560064e+10
203.459,112,112,53,5.9546533888e+10,4.981560064e+10
203.660,112,112,53,5.9510882304e+10,4.981560064e+10
203.861,112,112,53,5.9478376448e+10,4.981560064e+10
204.062,112,112,53,5.9447967744e+10,4.981560064e+10
204.263,112,112,53,5.9442724864e+10,4.981560064e+10
204.464,112,112,53,5.9466842112e+10,4.981560064e+10
204.665,112,112,53,5.9432239104e+10,4.981560064e+10
204.866,112,112,53,5.9339964416e+10,4.981560064e+10
205.067,112,112,53,5.9304312832e+10,4.981560064e+10
205.268,112,112,53,5.9309555712e+10,4.981560064e+10
205.470,112,112,53,5.9301167104e+10,4.981560064e+10
205.671,112,112,53,5.9310604288e+10,4.981560064e+10
205.872,112,112,53,5.9310604288e+10,4.981560064e+10
206.073,112,112,53,5.9252932608e+10,4.981560064e+10
206.274,112,112,53,5.920260096e+10,4.981560064e+10
206.475,112,112,53,5.91659008e+10,4.981560064e+10
206.676,112,112,53,5.9136540672e+10,4.981560064e+10
206.877,112,112,53,5.9136540672e+10,4.981560064e+10
207.078,112,112,53,5.9138637824e+10,4.981560064e+10
207.279,112,112,53,5.9147026432e+10,4.981560064e+10
207.480,112,112,53,5.9089354752e+10,4.981560064e+10
207.681,112,112,53,5.90610432e+10,4.981560064e+10
207.882,112,112,53,5.90610432e+10,4.981560064e+10
208.083,112,112,53,5.8997080064e+10,4.981560064e+10
208.284,112,112,53,5.8954088448e+10,4.981560064e+10
208.485,112,112,53,5.8963525632e+10,4.981560064e+10
208.687,112,112,53,5.8949894144e+10,4.981560064e+10
208.888,112,112,53,5.8910048256e+10,4.981560064e+10
209.089,112,112,53,5.8881736704e+10,4.981560064e+10
209.290,112,112,53,5.889327104e+10,4.981560064e+10
209.491,112,112,53,5.8874396672e+10,4.981560064e+10
209.692,112,112,53,5.8823016448e+10,4.981560064e+10
209.893,112,112,53,5.8786316288e+10,4.981560064e+10
210.094,112,112,53,5.8773733376e+10,4.981560064e+10
210.295,112,112,53,5.8727596032e+10,4.981560064e+10
210.496,112,112,53,5.8749616128e+10,4.981560064e+10
210.697,112,112,53,5.8719207424e+10,4.981560064e+10
210.898,112,112,53,5.8687750144e+10,4.981560064e+10
211.099,112,112,53,5.8668875776e+10,4.981560064e+10
211.300,112,112,53,5.8647904256e+10,4.981560064e+10
211.501,112,112,53,5.8619592704e+10,4.981560064e+10
211.702,112,112,53,5.8580795392e+10,4.981560064e+10
211.903,112,112,53,5.859966976e+10,4.981560064e+10
212.104,112,112,53,5.8540949504e+10,4.981560064e+10
212.305,112,112,53,5.8519977984e+10,4.981560064e+10
212.506,112,112,53,5.852626944e+10,4.981560064e+10
212.707,112,112,53,5.8462306304e+10,4.981560064e+10
212.908,112,112,53,5.8449723392e+10,4.981560064e+10
213.109,112,112,53,5.8460209152e+10,4.981560064e+10
213.311,112,112,53,5.8414071808e+10,4.981560064e+10
213.511,112,112,53,5.8350108672e+10,4.981560064e+10
213.712,112,112,53,5.8343817216e+10,4.981560064e+10
213.913,112,112,53,5.8338574336e+10,4.981560064e+10
214.114,112,112,53,5.8309214208e+10,4.981560064e+10
214.315,112,112,53,5.8333331456e+10,4.981560064e+10
214.516,112,112,53,5.830606848e+10,4.981560064e+10
214.717,112,112,53,5.8278805504e+10,4.981560064e+10
214.919,112,112,53,5.8249445376e+10,4.981560064e+10
215.120,112,112,53,5.8246299648e+10,4.981560064e+10
215.321,112,112,53,5.815402496e+10,4.981560064e+10
215.522,112,112,53,5.8178142208e+10,4.981560064e+10
215.723,112,112,53,5.8188627968e+10,4.981560064e+10
215.924,112,112,53,5.8132004864e+10,4.981560064e+10
216.125,112,112,53,5.8114179072e+10,4.981560064e+10
216.325,112,112,53,5.8064896e+10,4.981560064e+10
216.526,112,112,53,5.8018758656e+10,4.981560064e+10
216.728,112,112,53,5.799673856e+10,4.981560064e+10
216.929,112,112,53,5.8003030016e+10,4.981560064e+10
217.130,112,112,53,5.7957941248e+10,4.981560064e+10
217.331,112,112,53,5.7936969728e+10,4.981560064e+10
217.532,112,112,53,5.7911803904e+10,4.981560064e+10
217.734,112,112,53,5.7863569408e+10,4.981560064e+10
217.935,112,112,53,5.7859375104e+10,4.981560064e+10
218.136,112,112,53,5.7840500736e+10,4.981560064e+10
218.337,112,112,53,5.7842597888e+10,4.981560064e+10
218.538,112,112,53,5.7811140608e+10,4.981560064e+10
218.739,112,112,53,5.7763954688e+10,4.981560064e+10
218.940,112,112,53,5.7741934592e+10,4.981560064e+10
219.141,112,112,53,5.7741934592e+10,4.981560064e+10
219.342,112,112,53,5.770838016e+10,4.981560064e+10
219.543,112,112,53,5.7711525888e+10,4.981560064e+10
219.744,112,112,53,5.7689505792e+10,4.981560064e+10
219.945,112,112,53,5.7618202624e+10,4.981560064e+10
220.146,112,112,53,5.761400832e+10,4.981560064e+10
220.347,112,112,53,5.7602473984e+10,4.981560064e+10
220.548,112,112,53,5.7602473984e+10,4.981560064e+10
220.749,112,112,53,5.758255104e+10,4.981560064e+10
220.950,112,112,53,5.7552142336e+10,4.981560064e+10
221.152,112,112,53,5.7507053568e+10,4.981560064e+10
221.353,112,112,53,5.749866496e+10,4.981560064e+10
221.554,112,112,53,5.749342208e+10,4.981560064e+10
221.756,112,112,53,5.7494470656e+10,4.981560064e+10
221.957,112,112,53,5.7453576192e+10,4.981560064e+10
222.158,112,112,53,5.7406390272e+10,4.981560064e+10
222.359,112,112,53,5.7385418752e+10,4.981560064e+10
222.561,112,112,53,5.7343475712e+10,4.981560064e+10
222.762,112,112,53,5.7328795648e+10,4.981560064e+10
222.963,112,112,53,5.7359204352e+10,4.981560064e+10
223.165,112,112,53,5.7365495808e+10,4.981560064e+10
223.366,112,112,53,5.7282658304e+10,4.981560064e+10
223.567,112,112,53,5.7250152448e+10,4.981560064e+10
223.768,112,112,53,5.7219743744e+10,4.981560064e+10
223.969,112,112,53,5.7223938048e+10,4.981560064e+10
224.171,112,112,53,5.7243860992e+10,4.981560064e+10
224.372,112,112,53,5.7224986624e+10,4.981560064e+10
224.573,112,112,53,5.7176752128e+10,4.981560064e+10
224.775,112,112,53,5.711593472e+10,4.981560064e+10
224.976,112,112,53,5.7108594688e+10,4.981560064e+10
225.177,112,112,53,5.7076088832e+10,4.981560064e+10
225.378,112,112,53,5.7070845952e+10,4.981560064e+10
225.580,112,112,53,5.7109643264e+10,4.981560064e+10
225.781,112,112,53,5.7082380288e+10,4.981560064e+10
225.982,112,112,53,5.7051971584e+10,4.981560064e+10
226.184,112,112,53,5.7006882816e+10,4.981560064e+10
226.385,112,112,53,5.6954454016e+10,4.981560064e+10
226.586,112,112,53,5.6970182656e+10,4.981560064e+10
226.787,112,112,53,5.695340544e+10,4.981560064e+10
226.989,112,112,53,5.690621952e+10,4.981560064e+10
227.190,112,112,53,5.688000512e+10,4.981560064e+10
227.391,112,112,53,5.6867422208e+10,4.981560064e+10
227.592,112,112,53,5.6854839296e+10,4.981560064e+10
227.794,112,112,53,5.6846450688e+10,4.981560064e+10
227.995,112,112,53,5.6841207808e+10,4.981560064e+10
228.196,112,112,53,5.6800313344e+10,4.981560064e+10
228.398,112,112,53,5.6735301632e+10,4.981560064e+10
228.599,112,112,53,5.6742641664e+10,4.981560064e+10
228.800,112,112,53,5.6723767296e+10,4.981560064e+10
229.002,112,112,53,5.670699008e+10,4.981560064e+10
229.203,112,112,53,5.6702795776e+10,4.981560064e+10
229.404,112,112,53,5.6658755584e+10,4.981560064e+10
229.606,112,112,53,5.6619958272e+10,4.981560064e+10
229.807,112,112,53,5.6598986752e+10,4.981560064e+10
230.008,112,112,53,5.6573820928e+10,4.981560064e+10
230.210,112,112,53,5.6573820928e+10,4.981560064e+10
230.411,112,112,53,5.655494656e+10,4.981560064e+10
230.612,112,112,53,5.6553897984e+10,4.981560064e+10
230.813,112,112,53,5.6504614912e+10,4.981560064e+10
231.015,112,112,53,5.6475254784e+10,4.981560064e+10
231.216,112,112,53,5.6470011904e+10,4.981560064e+10
231.417,112,112,53,5.6438554624e+10,4.981560064e+10
231.619,112,112,53,5.642911744e+10,4.981560064e+10
231.820,112,112,53,5.638193152e+10,4.981560064e+10
232.021,112,112,53,5.6391368704e+10,4.981560064e+10
232.223,112,112,53,5.6368300032e+10,4.981560064e+10
232.424,112,112,53,5.6320065536e+10,4.981560064e+10
232.626,112,112,53,5.6293851136e+10,4.981560064e+10
232.827,112,112,53,5.6291753984e+10,4.981560064e+10
233.029,112,112,53,5.6248762368e+10,4.981560064e+10
233.230,112,112,53,5.6260296704e+10,4.981560064e+10
233.432,112,112,53,5.6243519488e+10,4.981560064e+10
233.633,112,112,53,5.620891648e+10,4.981560064e+10
233.834,112,112,53,5.6170119168e+10,4.981560064e+10
234.036,112,112,53,5.6131321856e+10,4.981560064e+10
234.237,112,112,53,5.614600192e+10,4.981560064e+10
234.439,112,112,53,5.6149147648e+10,4.981560064e+10
234.640,112,112,53,5.6099864576e+10,4.981560064e+10
234.841,112,112,53,5.6084135936e+10,4.981560064e+10
235.043,112,112,53,5.6061067264e+10,4.981560064e+10
235.244,112,112,53,5.6029609984e+10,4.981560064e+10
235.446,112,112,53,5.604114432e+10,4.981560064e+10
235.647,112,112,53,5.603065856e+10,4.981560064e+10
235.849,112,112,53,5.5977181184e+10,4.981560064e+10
236.050,112,112,53,5.595201536e+10,4.981560064e+10
236.251,112,112,53,5.5934189568e+10,4.981560064e+10
236.453,112,112,53,5.5943626752e+10,4.981560064e+10
236.655,112,112,53,5.5879663616e+10,4.981560064e+10
236.856,112,112,53,5.5903780864e+10,4.981560064e+10
237.057,112,112,53,5.5842963456e+10,4.981560064e+10
237.259,112,112,53,5.5828283392e+10,4.981560064e+10
237.460,112,112,53,5.579472896e+10,4.981560064e+10
237.662,112,112,53,5.578948608e+10,4.981560064e+10
237.863,112,112,53,5.5770611712e+10,4.981560064e+10
238.065,112,112,53,5.5791583232e+10,4.981560064e+10
238.266,112,112,53,5.57842432e+10,4.981560064e+10
238.467,112,112,53,5.572132864e+10,4.981560064e+10
238.669,112,112,53,5.5681482752e+10,4.981560064e+10
238.870,112,112,53,5.5615422464e+10,4.981560064e+10
239.071,112,112,53,5.56007424e+10,4.981560064e+10
239.273,112,112,53,5.56793856e+10,4.981560064e+10
239.474,112,112,53,5.5676239872e+10,4.981560064e+10
239.675,112,112,53,5.5613325312e+10,4.981560064e+10
239.877,112,112,53,5.5588159488e+10,4.981560064e+10
240.078,112,112,53,5.5504273408e+10,4.981560064e+10
240.279,112,112,53,5.5513710592e+10,4.981560064e+10
240.481,112,112,53,5.5559847936e+10,4.981560064e+10
240.682,112,112,53,5.5531536384e+10,4.981560064e+10
240.883,112,112,53,5.5462330368e+10,4.981560064e+10
241.085,112,112,53,5.5482253312e+10,4.981560064e+10
241.286,112,112,53,5.5436115968e+10,4.981560064e+10
241.488,112,112,53,5.5392075776e+10,4.981560064e+10
241.689,112,112,53,5.545394176e+10,4.981560064e+10
241.891,112,112,53,5.5431921664e+10,4.981560064e+10
242.092,112,112,53,5.5372152832e+10,4.981560064e+10
242.293,112,112,53,5.534384128e+10,4.981560064e+10
242.494,112,112,53,5.5273586688e+10,4.981560064e+10
242.696,112,112,53,5.5292461056e+10,4.981560064e+10
242.897,112,112,53,5.5299801088e+10,4.981560064e+10
243.099,112,112,53,5.52861696e+10,4.981560064e+10
243.300,112,112,53,5.5225352192e+10,4.981560064e+10
243.501,112,112,53,5.5222206464e+10,4.981560064e+10
243.702,112,112,53,5.5211720704e+10,4.981560064e+10
243.904,112,112,53,5.5222206464e+10,4.981560064e+10
244.105,112,112,53,5.5211720704e+10,4.981560064e+10
244.307,112,112,53,5.5184457728e+10,4.981560064e+10
244.508,112,112,53,5.5178166272e+10,4.981560064e+10
244.710,112,112,53,5.5115251712e+10,4.981560064e+10
244.911,112,112,53,5.5121543168e+10,4.981560064e+10
245.112,112,112,53,5.5132028928e+10,4.981560064e+10
245.314,112,112,53,5.5105814528e+10,4.981560064e+10
245.515,112,112,53,5.5116300288e+10,4.981560064e+10
245.716,112,112,53,5.506596864e+10,4.981560064e+10
245.918,112,112,53,5.5000956928e+10,4.981560064e+10
246.119,112,112,53,5.5021928448e+10,4.981560064e+10
246.321,112,112,53,5.4993616896e+10,4.981560064e+10
246.522,112,112,53,5.5000956928e+10,4.981560064e+10
246.723,112,112,53,5.496635392e+10,4.981560064e+10
246.925,112,112,53,5.49453824e+10,4.981560064e+10
247.126,112,112,53,5.4904487936e+10,4.981560064e+10
247.327,112,112,53,5.4897147904e+10,4.981560064e+10
247.529,112,112,53,5.4895050752e+10,4.981560064e+10
247.730,112,112,53,5.4914973696e+10,4.981560064e+10
247.932,112,112,53,5.4870933504e+10,4.981560064e+10
248.133,112,112,53,5.4858350592e+10,4.981560064e+10
248.334,112,112,53,5.4863593472e+10,4.981560064e+10
248.536,112,112,53,5.4826893312e+10,4.981560064e+10
248.737,112,112,53,5.479858176e+10,4.981560064e+10
248.939,112,112,53,5.4770270208e+10,4.981560064e+10
249.140,112,112,53,5.4773415936e+10,4.981560064e+10
249.341,112,112,53,5.4792290304e+10,4.981560064e+10
249.543,112,112,53,5.4771318784e+10,4.981560064e+10
249.744,112,112,53,5.4696869888e+10,4.981560064e+10
249.945,112,112,53,5.466226688e+10,4.981560064e+10
250.147,112,112,53,5.4624518144e+10,4.981560064e+10
250.348,112,112,53,5.4631858176e+10,4.981560064e+10
250.549,112,112,53,5.4661218304e+10,4.981560064e+10
250.751,112,112,53,5.466750976e+10,4.981560064e+10
250.952,112,112,53,5.4614032384e+10,4.981560064e+10
251.154,112,112,53,5.4580477952e+10,4.981560064e+10
251.355,112,112,53,5.4544826368e+10,4.981560064e+10
251.557,112,112,53,5.4479814656e+10,4.981560064e+10
251.758,112,112,53,5.4469328896e+10,4.981560064e+10
251.960,112,112,53,5.456789504e+10,4.981560064e+10
252.161,112,112,53,5.4550069248e+10,4.981560064e+10
252.363,112,112,53,5.4537486336e+10,4.981560064e+10
252.564,112,112,53,5.4488203264e+10,4.981560064e+10
252.765,112,112,53,5.4450454528e+10,4.981560064e+10
252.967,112,112,53,5.4351888384e+10,4.981560064e+10
253.168,112,112,53,5.4378102784e+10,4.981560064e+10
253.369,112,112,53,5.4388588544e+10,4.981560064e+10
253.571,112,112,53,5.440012288e+10,4.981560064e+10
253.773,112,112,53,5.44210944e+10,4.981560064e+10
253.974,112,112,53,5.4357131264e+10,4.981560064e+10
254.175,112,112,53,5.4303653888e+10,4.981560064e+10
254.377,112,112,53,5.4243885056e+10,4.981560064e+10
254.578,112,112,53,5.4255419392e+10,4.981560064e+10
254.780,112,112,53,5.4243885056e+10,4.981560064e+10
254.981,112,112,53,5.424283648e+10,4.981560064e+10
255.182,112,112,53,5.4245982208e+10,4.981560064e+10
255.384,112,112,53,5.4217670656e+10,4.981560064e+10
255.585,112,112,53,5.4166290432e+10,4.981560064e+10
255.787,112,112,53,5.414322176e+10,4.981560064e+10
255.988,112,112,53,5.4141124608e+10,4.981560064e+10
256.189,112,112,53,5.411176448e+10,4.981560064e+10
256.391,112,112,53,5.4110715904e+10,4.981560064e+10
256.592,112,112,53,5.4081355776e+10,4.981560064e+10
256.794,112,112,53,5.412225024e+10,4.981560064e+10
256.995,112,112,53,5.4097084416e+10,4.981560064e+10
257.197,112,112,53,5.4065627136e+10,4.981560064e+10
257.398,112,112,53,5.4019489792e+10,4.981560064e+10
257.599,112,112,53,5.401739264e+10,4.981560064e+10
257.801,112,112,53,5.400690688e+10,4.981560064e+10
258.002,112,112,53,5.3969158144e+10,4.981560064e+10
258.204,112,112,53,5.3999566848e+10,4.981560064e+10
258.405,112,112,53,5.3979643904e+10,4.981560064e+10
258.606,112,112,53,5.3950283776e+10,4.981560064e+10
258.808,112,112,53,5.3940846592e+10,4.981560064e+10
259.009,112,112,53,5.3913583616e+10,4.981560064e+10
259.211,112,112,53,5.3843329024e+10,4.981560064e+10
259.412,112,112,53,5.387583488e+10,4.981560064e+10
259.614,112,112,53,5.3899952128e+10,4.981560064e+10
259.815,112,112,53,5.3840183296e+10,4.981560064e+10
260.016,112,112,53,5.3822357504e+10,4.981560064e+10
260.218,112,112,53,5.3817114624e+10,4.981560064e+10
260.419,112,112,53,5.3792997376e+10,4.981560064e+10
260.621,112,112,53,5.377097728e+10,4.981560064e+10
260.822,112,112,53,5.3761540096e+10,4.981560064e+10
261.023,112,112,53,5.375000576e+10,4.981560064e+10
261.225,112,112,53,5.3785657344e+10,4.981560064e+10
261.426,112,112,53,5.3778317312e+10,4.981560064e+10
261.627,112,112,53,5.3737422848e+10,4.981560064e+10
261.829,112,112,53,5.3710159872e+10,4.981560064e+10
262.030,112,112,53,5.3704916992e+10,4.981560064e+10
262.232,112,112,53,5.3684994048e+10,4.981560064e+10
262.433,112,112,53,5.3659828224e+10,4.981560064e+10
262.634,112,112,53,5.3670313984e+10,4.981560064e+10
262.836,112,112,53,5.364514816e+10,4.981560064e+10
263.037,112,112,53,5.3654585344e+10,4.981560064e+10
263.238,112,112,53,5.3636759552e+10,4.981560064e+10
263.439,112,112,53,5.3612642304e+10,4.981560064e+10
263.640,112,112,53,5.3585379328e+10,4.981560064e+10
263.841,112,112,53,5.3562310656e+10,4.981560064e+10
264.042,112,112,53,5.3562310656e+10,4.981560064e+10
264.243,112,112,53,5.3570699264e+10,4.981560064e+10
264.444,112,112,53,5.3544484864e+10,4.981560064e+10
264.646,112,112,53,5.350883328e+10,4.981560064e+10
264.847,112,112,53,5.3528756224e+10,4.981560064e+10
265.048,112,112,53,5.3515124736e+10,4.981560064e+10
265.250,112,112,53,5.348261888e+10,4.981560064e+10
265.451,112,112,53,5.3460598784e+10,4.981560064e+10
265.652,112,112,53,5.3473181696e+10,4.981560064e+10
265.854,112,112,53,5.344067584e+10,4.981560064e+10
266.055,112,112,53,5.3415510016e+10,4.981560064e+10
266.257,112,112,53,5.3433335808e+10,4.981560064e+10
266.458,112,112,53,5.3391392768e+10,4.981560064e+10
266.660,112,112,53,5.3392441344e+10,4.981560064e+10
266.861,112,112,53,5.3368324096e+10,4.981560064e+10
267.063,112,112,53,5.338300416e+10,4.981560064e+10
267.264,112,112,53,5.3342109696e+10,4.981560064e+10
267.466,112,112,53,5.334106112e+10,4.981560064e+10
267.667,112,112,53,5.328338944e+10,4.981560064e+10
267.868,112,112,53,5.330436096e+10,4.981560064e+10
268.070,112,112,53,5.330436096e+10,4.981560064e+10
268.271,112,112,53,5.3285486592e+10,4.981560064e+10
268.473,112,112,53,5.326241792e+10,4.981560064e+10
268.674,112,112,53,5.32676608e+10,4.981560064e+10
268.876,112,112,53,5.3259272192e+10,4.981560064e+10
269.077,112,112,53,5.3206843392e+10,4.981560064e+10
269.278,112,112,53,5.3193211904e+10,4.981560064e+10
269.480,112,112,53,5.317853184e+10,4.981560064e+10
269.681,112,112,53,5.3192163328e+10,4.981560064e+10
269.883,112,112,53,5.3158608896e+10,4.981560064e+10
270.084,112,112,53,5.3176434688e+10,4.981560064e+10
270.286,112,112,53,5.3155463168e+10,4.981560064e+10
270.487,112,112,53,5.3121908736e+10,4.981560064e+10
270.688,112,112,53,5.3118763008e+10,4.981560064e+10
270.890,112,112,53,5.3087305728e+10,4.981560064e+10
271.091,112,112,53,5.3062139904e+10,4.981560064e+10
271.293,112,112,53,5.3061091328e+10,4.981560064e+10
271.494,112,112,53,5.3061091328e+10,4.981560064e+10
271.696,112,112,53,5.3083111424e+10,4.981560064e+10
271.897,112,112,53,5.3087305728e+10,4.981560064e+10
272.099,112,112,53,5.3023342592e+10,4.981560064e+10
272.300,112,112,53,5.3004468224e+10,4.981560064e+10
272.501,112,112,53,5.2986642432e+10,4.981560064e+10
272.703,112,112,53,5.2943650816e+10,4.981560064e+10
272.904,112,112,53,5.2933165056e+10,4.981560064e+10
273.106,112,112,53,5.29793024e+10,4.981560064e+10
273.307,112,112,53,5.2973010944e+10,4.981560064e+10
273.508,112,112,53,5.2934213632e+10,4.981560064e+10
273.710,112,112,53,5.2918484992e+10,4.981560064e+10
273.911,112,112,53,5.287968768e+10,4.981560064e+10
274.112,112,112,53,5.2841938944e+10,4.981560064e+10
274.314,112,112,53,5.2828307456e+10,4.981560064e+10
274.515,112,112,53,5.2852424704e+10,4.981560064e+10
274.717,112,112,53,5.2850327552e+10,4.981560064e+10
274.918,112,112,53,5.2825161728e+10,4.981560064e+10
275.119,112,112,53,5.28482304e+10,4.981560064e+10
275.320,112,112,53,5.2818870272e+10,4.981560064e+10
275.522,112,112,53,5.2763295744e+10,4.981560064e+10
275.723,112,112,53,5.2758052864e+10,4.981560064e+10
275.924,112,112,53,5.2744421376e+10,4.981560064e+10
276.126,112,112,53,5.27433728e+10,4.981560064e+10
276.327,112,112,53,5.2742324224e+10,4.981560064e+10
276.528,112,112,53,5.2739178496e+10,4.981560064e+10
276.730,112,112,53,5.2715061248e+10,4.981560064e+10
276.931,112,112,53,5.2693041152e+10,4.981560064e+10
277.132,112,112,53,5.2658438144e+10,4.981560064e+10
277.334,112,112,53,5.26123008e+10,4.981560064e+10
277.535,112,112,53,5.2614397952e+10,4.981560064e+10
277.736,112,112,53,5.2604960768e+10,4.981560064e+10
277.938,112,112,53,5.2623835136e+10,4.981560064e+10
278.139,112,112,53,5.2639563776e+10,4.981560064e+10
278.341,112,112,53,5.262802944e+10,4.981560064e+10
278.542,112,112,53,5.2589232128e+10,4.981560064e+10
278.743,112,112,53,5.2548337664e+10,4.981560064e+10
278.945,112,112,53,5.2534706176e+10,4.981560064e+10
279.146,112,112,53,5.2505346048e+10,4.981560064e+10
279.348,112,112,53,5.2510588928e+10,4.981560064e+10
279.549,112,112,53,5.25074432e+10,4.981560064e+10
279.751,112,112,53,5.2524220416e+10,4.981560064e+10
279.952,112,112,53,5.2498006016e+10,4.981560064e+10
280.154,112,112,53,5.246025728e+10,4.981560064e+10
280.355,112,112,53,5.2459208704e+10,4.981560064e+10
280.557,112,112,53,5.2435091456e+10,4.981560064e+10
280.758,112,112,53,5.2438237184e+10,4.981560064e+10
280.959,112,112,53,5.2396294144e+10,4.981560064e+10
281.161,112,112,53,5.2390002688e+10,4.981560064e+10
281.362,112,112,53,5.2380565504e+10,4.981560064e+10
281.564,112,112,53,5.2366934016e+10,4.981560064e+10
281.765,112,112,53,5.233442816e+10,4.981560064e+10
281.966,112,112,53,5.2330233856e+10,4.981560064e+10
282.168,112,112,53,5.2291436544e+10,4.981560064e+10
282.370,112,112,53,5.2320796672e+10,4.981560064e+10
282.571,112,112,53,5.2274659328e+10,4.981560064e+10
282.772,112,112,53,5.2280950784e+10,4.981560064e+10
282.973,112,112,53,5.2254736384e+10,4.981560064e+10
283.174,112,112,53,5.2274659328e+10,4.981560064e+10
283.376,112,112,53,5.228724224e+10,4.981560064e+10
283.577,112,112,53,5.226102784e+10,4.981560064e+10
283.778,112,112,53,5.2230619136e+10,4.981560064e+10
283.979,112,112,53,5.217714176e+10,4.981560064e+10
284.180,112,112,53,5.221384192e+10,4.981560064e+10
284.381,112,112,53,5.2183433216e+10,4.981560064e+10
284.583,112,112,53,5.2181336064e+10,4.981560064e+10
284.784,112,112,53,5.2186578944e+10,4.981560064e+10
284.986,112,112,53,5.2148830208e+10,4.981560064e+10
285.187,112,112,53,5.2138344448e+10,4.981560064e+10
285.389,112,112,53,5.2128907264e+10,4.981560064e+10
285.590,112,112,53,5.2097449984e+10,4.981560064e+10
285.791,112,112,53,5.208276992e+10,4.981560064e+10
285.993,112,112,53,5.2083818496e+10,4.981560064e+10
286.194,112,112,53,5.206704128e+10,4.981560064e+10
286.395,112,112,53,5.2102692864e+10,4.981560064e+10
286.597,112,112,53,5.2074381312e+10,4.981560064e+10
286.798,112,112,53,5.2057604096e+10,4.981560064e+10
287.000,112,112,53,5.2028243968e+10,4.981560064e+10
287.201,112,112,53,5.2016709632e+10,4.981560064e+10
287.402,112,112,53,5.1982106624e+10,4.981560064e+10
287.604,112,112,53,5.1953795072e+10,4.981560064e+10
287.805,112,112,53,5.1945406464e+10,4.981560064e+10
288.006,112,112,53,5.1944357888e+10,4.981560064e+10
288.207,112,112,53,5.1976863744e+10,4.981560064e+10
288.409,112,112,53,5.1978960896e+10,4.981560064e+10
288.610,112,112,53,5.1992592384e+10,4.981560064e+10
288.812,112,112,53,5.1995738112e+10,4.981560064e+10
289.013,112,112,53,5.1929677824e+10,4.981560064e+10
289.214,112,112,53,5.1874103296e+10,4.981560064e+10
289.416,112,112,53,5.1870957568e+10,4.981560064e+10
289.617,112,112,53,5.1861520384e+10,4.981560064e+10
289.818,112,112,53,5.1853131776e+10,4.981560064e+10
290.020,112,112,53,5.1856277504e+10,4.981560064e+10
290.221,112,112,53,5.1861520384e+10,4.981560064e+10
290.422,112,112,53,5.1872006144e+10,4.981560064e+10
290.624,112,112,53,5.1886686208e+10,4.981560064e+10
290.825,112,112,53,5.1859423232e+10,4.981560064e+10
291.026,112,112,53,5.180489728e+10,4.981560064e+10
291.228,112,112,53,5.181014016e+10,4.981560064e+10
291.429,112,112,53,5.1791265792e+10,4.981560064e+10
291.630,112,112,53,5.1787071488e+10,4.981560064e+10
291.832,112,112,53,5.1784974336e+10,4.981560064e+10
292.033,112,112,53,5.1771342848e+10,4.981560064e+10
292.234,112,112,53,5.177868288e+10,4.981560064e+10
292.436,112,112,53,5.176295424e+10,4.981560064e+10
292.637,112,112,53,5.1727302656e+10,4.981560064e+10
292.839,112,112,53,5.1701088256e+10,4.981560064e+10
293.040,112,112,53,5.1685359616e+10,4.981560064e+10
293.241,112,112,53,5.170003968e+10,4.981560064e+10
293.443,112,112,53,5.1695845376e+10,4.981560064e+10
293.644,112,112,53,5.1713671168e+10,4.981560064e+10
293.846,112,112,53,5.168955392e+10,4.981560064e+10
294.047,112,112,53,5.1666485248e+10,4.981560064e+10
294.249,112,112,53,5.1678019584e+10,4.981560064e+10
294.450,112,112,53,5.1643416576e+10,4.981560064e+10
294.651,112,112,53,5.1629785088e+10,4.981560064e+10
294.853,112,112,53,5.1617202176e+10,4.981560064e+10
295.055,112,112,53,5.1607764992e+10,4.981560064e+10
295.256,112,112,53,5.1608813568e+10,4.981560064e+10
295.458,112,112,53,5.1593084928e+10,4.981560064e+10
295.659,112,112,53,5.1602522112e+10,4.981560064e+10
295.860,112,112,53,5.1606716416e+10,4.981560064e+10
296.062,112,112,53,5.1592036352e+10,4.981560064e+10
296.263,112,112,53,5.1536461824e+10,4.981560064e+10
296.464,112,112,53,5.1528073216e+10,4.981560064e+10
296.666,112,112,53,5.151653888e+10,4.981560064e+10
296.867,112,112,53,5.1544850432e+10,4.981560064e+10
297.069,112,112,53,5.153226752e+10,4.981560064e+10
297.270,112,112,53,5.1523878912e+10,4.981560064e+10
297.472,112,112,53,5.1509198848e+10,4.981560064e+10
297.673,112,112,53,5.1502907392e+10,4.981560064e+10
297.874,112,112,53,5.1486130176e+10,4.981560064e+10
298.076,112,112,53,5.14588672e+10,4.981560064e+10
298.278,112,112,53,5.1446284288e+10,4.981560064e+10
298.479,112,112,53,5.1415875584e+10,4.981560064e+10
298.680,112,112,53,5.1446284288e+10,4.981560064e+10
298.882,112,112,53,5.1459915776e+10,4.981560064e+10
299.083,112,112,53,5.1404341248e+10,4.981560064e+10
299.284,112,112,53,5.14064384e+10,4.981560064e+10
299.486,112,112,53,5.1431604224e+10,4.981560064e+10
299.687,112,112,53,5.1424264192e+10,4.981560064e+10
299.889,112,112,53,5.1382321152e+10,4.981560064e+10
300.090,112,112,53,5.1345620992e+10,4.981560064e+10
300.291,112,112,53,5.1320455168e+10,4.981560064e+10
300.493,112,112,53,5.134352384e+10,4.981560064e+10
300.694,112,112,53,5.1329892352e+10,4.981560064e+10
300.896,112,112,53,5.1330940928e+10,4.981560064e+10
301.097,112,112,53,5.1323600896e+10,4.981560064e+10
301.298,112,112,53,5.1325698048e+10,4.981560064e+10
301.500,112,112,53,5.131730944e+10,4.981560064e+10
301.701,112,112,53,5.1286900736e+10,4.981560064e+10
301.903,112,112,53,5.1248103424e+10,4.981560064e+10
302.104,112,112,53,5.1249152e+10,4.981560064e+10
302.305,112,112,53,5.123866624e+10,4.981560064e+10
302.507,112,112,53,5.1255443456e+10,4.981560064e+10
302.708,112,112,53,5.1225034752e+10,4.981560064e+10
302.909,112,112,53,5.1213500416e+10,4.981560064e+10
303.111,112,112,53,5.1252297728e+10,4.981560064e+10
303.312,112,112,53,5.1234471936e+10,4.981560064e+10
303.513,112,112,53,5.1190431744e+10,4.981560064e+10
303.715,112,112,53,5.1158974464e+10,4.981560064e+10
303.916,112,112,53,5.1177848832e+10,4.981560064e+10
304.118,112,112,53,5.1210354688e+10,4.981560064e+10
304.319,112,112,53,5.1169460224e+10,4.981560064e+10
304.520,112,112,53,5.1138002944e+10,4.981560064e+10
304.722,112,112,53,5.1132760064e+10,4.981560064e+10
304.923,112,112,53,5.1153731584e+10,4.981560064e+10
305.125,112,112,53,5.114953728e+10,4.981560064e+10
305.326,112,112,53,5.1134857216e+10,4.981560064e+10
305.527,112,112,53,5.1084525568e+10,4.981560064e+10
305.729,112,112,53,5.109710848e+10,4.981560064e+10
305.930,112,112,53,5.1069845504e+10,4.981560064e+10
306.131,112,112,53,5.1061456896e+10,4.981560064e+10
306.333,112,112,53,5.1068796928e+10,4.981560064e+10
306.534,112,112,53,5.1085574144e+10,4.981560064e+10
306.736,112,112,53,5.1084525568e+10,4.981560064e+10
306.937,112,112,53,5.1064602624e+10,4.981560064e+10
307.138,112,112,53,5.1021611008e+10,4.981560064e+10
307.340,112,112,53,5.098176512e+10,4.981560064e+10
307.541,112,112,53,5.0964987904e+10,4.981560064e+10
307.743,112,112,53,5.097127936e+10,4.981560064e+10
307.944,112,112,53,5.099749376e+10,4.981560064e+10
308.145,112,112,53,5.0963939328e+10,4.981560064e+10
308.347,112,112,53,5.0983862272e+10,4.981560064e+10
308.548,112,112,53,5.0952404992e+10,4.981560064e+10
308.750,112,112,53,5.0969182208e+10,4.981560064e+10
308.951,112,112,53,5.0963939328e+10,4.981560064e+10
309.152,112,112,53,5.0961842176e+10,4.981560064e+10
309.354,112,112,53,5.0911510528e+10,4.981560064e+10
309.555,112,112,53,5.0910461952e+10,4.981560064e+10
309.757,112,112,53,5.0899976192e+10,4.981560064e+10
309.958,112,112,53,5.0894733312e+10,4.981560064e+10
310.159,112,112,53,5.0874810368e+10,4.981560064e+10
310.360,112,112,53,5.0851741696e+10,4.981560064e+10
310.562,112,112,53,5.082447872e+10,4.981560064e+10
310.763,112,112,53,5.089263616e+10,4.981560064e+10
310.964,112,112,53,5.089263616e+10,4.981560064e+10
311.166,112,112,53,5.0859081728e+10,4.981560064e+10
311.367,112,112,53,5.0831818752e+10,4.981560064e+10
311.569,112,112,53,5.0810847232e+10,4.981560064e+10
311.770,112,112,53,5.0800361472e+10,4.981560064e+10
311.971,112,112,53,5.0765758464e+10,4.981560064e+10
312.173,112,112,53,5.079302144e+10,4.981560064e+10
312.374,112,112,53,5.0752126976e+10,4.981560064e+10
312.575,112,112,53,5.0755272704e+10,4.981560064e+10
312.777,112,112,53,5.0796167168e+10,4.981560064e+10
312.978,112,112,53,5.0801410048e+10,4.981560064e+10
313.179,112,112,53,5.0747932672e+10,4.981560064e+10
313.381,112,112,53,5.0741641216e+10,4.981560064e+10
313.582,112,112,53,5.0738495488e+10,4.981560064e+10
313.783,112,112,53,5.0723815424e+10,4.981560064e+10
313.985,112,112,53,5.065670656e+10,4.981560064e+10
314.186,112,112,53,5.066194944e+10,4.981560064e+10
314.387,112,112,53,5.0673483776e+10,4.981560064e+10
314.589,112,112,53,5.0679775232e+10,4.981560064e+10
314.790,112,112,53,5.0648317952e+10,4.981560064e+10
314.991,112,112,53,5.06724352e+10,4.981560064e+10
315.192,112,112,53,5.0649366528e+10,4.981560064e+10
315.393,112,112,53,5.06200064e+10,4.981560064e+10
315.594,112,112,53,5.0611617792e+10,4.981560064e+10
315.795,112,112,53,5.0600083456e+10,4.981560064e+10
315.997,112,112,53,5.0586451968e+10,4.981560064e+10
316.198,112,112,53,5.0582257664e+10,4.981560064e+10
316.399,112,112,53,5.0600083456e+10,4.981560064e+10
316.601,112,112,53,5.058854912e+10,4.981560064e+10
316.802,112,112,53,5.0569674752e+10,4.981560064e+10
317.003,112,112,53,5.0552897536e+10,4.981560064e+10
317.204,112,112,53,5.0577014784e+10,4.981560064e+10
317.406,112,112,53,5.0580160512e+10,4.981560064e+10
317.607,112,112,53,5.0537168896e+10,4.981560064e+10
317.808,112,112,53,5.0527731712e+10,4.981560064e+10
318.010,112,112,53,5.0506760192e+10,4.981560064e+10
318.211,112,112,53,5.0522488832e+10,4.981560064e+10
318.412,112,112,53,5.0500468736e+10,4.981560064e+10
318.614,112,112,53,5.0489982976e+10,4.981560064e+10
318.815,112,112,53,5.050466304e+10,4.981560064e+10
319.016,112,112,53,5.048369152e+10,4.981560064e+10
319.218,112,112,53,5.0456428544e+10,4.981560064e+10
319.419,112,112,53,5.0422874112e+10,4.981560064e+10
319.620,112,112,53,5.0464817152e+10,4.981560064e+10
319.822,112,112,53,5.0464817152e+10,4.981560064e+10
320.023,112,112,53,5.0434408448e+10,4.981560064e+10
320.224,112,112,53,5.0403999744e+10,4.981560064e+10
320.426,112,112,53,5.0380931072e+10,4.981560064e+10
320.627,112,112,53,5.040504832e+10,4.981560064e+10
320.828,112,112,53,5.0387222528e+10,4.981560064e+10
321.029,112,112,53,5.0413436928e+10,4.981560064e+10
321.231,112,112,53,5.04102912e+10,4.981560064e+10
321.432,112,112,53,5.03840768e+10,4.981560064e+10
321.634,112,112,53,5.0367299584e+10,4.981560064e+10
321.835,112,112,53,5.0330599424e+10,4.981560064e+10
322.036,112,112,53,5.0325356544e+10,4.981560064e+10
322.238,112,112,53,5.0345279488e+10,4.981560064e+10
322.439,112,112,53,5.0372542464e+10,4.981560064e+10
322.640,112,112,53,5.0348425216e+10,4.981560064e+10
322.841,112,112,53,5.0320113664e+10,4.981560064e+10
323.043,112,112,53,5.0292850688e+10,4.981560064e+10
323.244,112,112,53,5.0280267776e+10,4.981560064e+10
323.445,112,112,53,5.0292850688e+10,4.981560064e+10
323.646,112,112,53,5.0301239296e+10,4.981560064e+10
323.848,112,112,53,5.0297044992e+10,4.981560064e+10
324.049,112,112,53,5.0283413504e+10,4.981560064e+10
324.250,112,112,53,5.0277122048e+10,4.981560064e+10
324.451,112,112,53,5.0255101952e+10,4.981560064e+10
324.652,112,112,53,5.0248810496e+10,4.981560064e+10
324.853,112,112,53,5.0217353216e+10,4.981560064e+10
325.054,112,112,53,5.0251956224e+10,4.981560064e+10
325.255,112,112,53,5.0250907648e+10,4.981560064e+10
325.456,112,112,53,5.0245664768e+10,4.981560064e+10
325.657,112,112,53,5.0222596096e+10,4.981560064e+10
325.859,112,112,53,5.0203721728e+10,4.981560064e+10
326.060,112,112,53,5.0215256064e+10,4.981560064e+10
326.261,112,112,53,5.0177507328e+10,4.981560064e+10
326.463,112,112,53,5.0175410176e+10,4.981560064e+10
326.664,112,112,53,5.0196381696e+10,4.981560064e+10
326.866,112,112,53,5.0181701632e+10,4.981560064e+10
327.067,112,112,53,5.0135564288e+10,4.981560064e+10
327.269,112,112,53,5.0167021568e+10,4.981560064e+10
327.470,112,112,53,5.0141855744e+10,4.981560064e+10
327.671,112,112,53,5.0129272832e+10,4.981560064e+10
327.872,112,112,53,5.0112495616e+10,4.981560064e+10
328.074,112,112,53,5.0138710016e+10,4.981560064e+10
328.275,112,112,53,5.0122981376e+10,4.981560064e+10
328.477,112,112,53,5.0129272832e+10,4.981560064e+10
328.678,112,112,53,5.0167021568e+10,4.981560064e+10
328.879,112,112,53,5.0149195776e+10,4.981560064e+10
329.081,112,112,53,5.0109349888e+10,4.981560064e+10
329.282,112,112,53,5.0107252736e+10,4.981560064e+10
329.483,112,112,53,5.010620416e+10,4.981560064e+10
329.685,112,112,53,5.0051678208e+10,4.981560064e+10
329.886,112,112,53,5.007474688e+10,4.981560064e+10
330.088,112,112,53,5.0076844032e+10,4.981560064e+10
330.289,112,112,53,5.0030706688e+10,4.981560064e+10
330.491,112,112,53,5.0034900992e+10,4.981560064e+10
330.692,112,112,53,5.0041192448e+10,4.981560064e+10
330.893,112,112,53,5.0057969664e+10,4.981560064e+10
331.095,112,112,53,5.0066358272e+10,4.981560064e+10
331.296,112,112,53,5.0051678208e+10,4.981560064e+10
331.497,112,112,53,5.0023366656e+10,4.981560064e+10
331.699,112,112,53,4.9994006528e+10,4.981560064e+10
331.900,112,112,53,4.9998200832e+10,4.981560064e+10
332.102,112,112,53,5.0000297984e+10,4.981560064e+10
332.303,112,112,53,5.0003443712e+10,4.981560064e+10
332.504,112,112,53,5.0005540864e+10,4.981560064e+10
332.706,112,112,53,4.99908608e+10,4.981560064e+10
332.907,112,112,53,4.9963597824e+10,4.981560064e+10
333.108,112,112,53,4.99646464e+10,4.981560064e+10
333.309,112,112,53,4.9960452096e+10,4.981560064e+10
333.511,112,112,53,4.9971986432e+10,4.981560064e+10
333.712,112,112,53,4.9967792128e+10,4.981560064e+10
333.914,112,112,53,4.9936334848e+10,4.981560064e+10
334.115,112,112,53,4.9909071872e+10,4.981560064e+10
334.316,112,112,53,4.9945772032e+10,4.981560064e+10
334.518,112,112,53,4.9942626304e+10,4.981560064e+10
334.719,112,112,53,4.9935286272e+10,4.981560064e+10
334.920,112,112,53,4.9918509056e+10,4.981560064e+10
335.122,112,112,53,4.9888100352e+10,4.981560064e+10
335.323,112,112,53,4.9898586112e+10,4.981560064e+10
335.524,112,112,53,4.9899634688e+10,4.981560064e+10
335.725,112,112,53,4.9857691648e+10,4.981560064e+10
335.927,112,112,53,4.9877614592e+10,4.981560064e+10
336.128,112,112,53,4.9873420288e+10,4.981560064e+10
336.329,112,112,53,4.9890197504e+10,4.981560064e+10
336.530,112,112,53,4.9914314752e+10,4.981560064e+10
336.732,112,112,53,4.9861885952e+10,4.981560064e+10
336.933,112,112,53,4.9850351616e+10,4.981560064e+10
337.134,112,112,53,4.9845108736e+10,4.981560064e+10
337.336,112,112,53,4.9819942912e+10,4.981560064e+10
337.537,112,112,53,4.977590272e+10,4.981560064e+10
337.738,112,112,53,4.9761222656e+10,4.981560064e+10
337.939,112,112,53,4.9768562688e+10,4.981560064e+10
338.140,112,112,53,4.9787437056e+10,4.981560064e+10
338.341,112,112,53,4.979687424e+10,4.981560064e+10
338.542,112,112,53,4.9820991488e+10,4.981560064e+10
338.743,112,112,53,4.980736e+10,4.981560064e+10
338.945,112,112,53,4.9793728512e+10,4.981560064e+10
339.146,112,112,53,4.9772756992e+10,4.981560064e+10
339.347,112,112,53,4.977590272e+10,4.981560064e+10
339.549,112,112,53,4.9774854144e+10,4.981560064e+10
339.750,112,112,53,4.973395968e+10,4.981560064e+10
339.951,112,112,53,4.973395968e+10,4.981560064e+10
340.153,112,112,53,4.9731862528e+10,4.981560064e+10
340.354,112,112,53,4.9704599552e+10,4.981560064e+10
340.555,112,112,53,4.9704599552e+10,4.981560064e+10
340.757,112,112,53,4.9708793856e+10,4.981560064e+10
340.958,112,112,53,4.9684676608e+10,4.981560064e+10
341.159,112,112,53,4.9729765376e+10,4.981560064e+10
341.361,112,112,53,4.9720328192e+10,4.981560064e+10
341.562,112,112,53,4.9694113792e+10,4.981560064e+10
341.763,112,112,53,4.9687822336e+10,4.981560064e+10
341.965,112,112,53,4.9679433728e+10,4.981560064e+10
342.166,112,112,53,4.966580224e+10,4.981560064e+10
342.367,112,112,53,4.9637490688e+10,4.981560064e+10
342.569,112,112,53,4.9641684992e+10,4.981560064e+10
342.770,112,112,53,4.9627004928e+10,4.981560064e+10
342.971,112,112,53,4.961337344e+10,4.981560064e+10
343.173,112,112,53,4.9610227712e+10,4.981560064e+10
343.374,112,112,53,4.9612324864e+10,4.981560064e+10
343.575,112,112,53,4.9631199232e+10,4.981560064e+10
343.777,112,112,53,4.9625956352e+10,4.981560064e+10
343.978,112,112,53,4.9616519168e+10,4.981560064e+10
344.179,112,112,53,4.9591353344e+10,4.981560064e+10
344.381,112,112,53,4.9584013312e+10,4.981560064e+10
344.582,112,112,53,4.961337344e+10,4.981560064e+10
344.783,112,112,53,4.9627004928e+10,4.981560064e+10
344.985,112,112,53,4.9624907776e+10,4.981560064e+10
345.186,112,112,53,4.9586110464e+10,4.981560064e+10
345.387,112,112,53,4.9567236096e+10,4.981560064e+10
345.589,112,112,53,4.9556750336e+10,4.981560064e+10
345.790,112,112,53,4.9543118848e+10,4.981560064e+10
345.991,112,112,53,4.9522147328e+10,4.981560064e+10
346.192,112,112,53,4.9507467264e+10,4.981560064e+10
346.393,112,112,53,4.951375872e+10,4.981560064e+10
346.595,112,112,53,4.9516904448e+10,4.981560064e+10
346.796,112,112,53,4.9542070272e+10,4.981560064e+10
346.997,112,112,53,4.9532633088e+10,4.981560064e+10
347.198,112,112,53,4.9543118848e+10,4.981560064e+10
347.400,112,112,53,4.9531584512e+10,4.981560064e+10
347.601,112,112,53,4.950327296e+10,4.981560064e+10
347.802,112,112,53,4.950327296e+10,4.981560064e+10
348.004,112,112,53,4.9483350016e+10,4.981560064e+10
348.205,112,112,53,4.9510612992e+10,4.981560064e+10
348.407,112,112,53,4.9490690048e+10,4.981560064e+10
348.608,112,112,53,4.9472864256e+10,4.981560064e+10
348.809,112,112,53,4.9452941312e+10,4.981560064e+10
349.011,112,112,53,4.9437212672e+10,4.981560064e+10
349.212,112,112,53,4.945084416e+10,4.981560064e+10
349.413,112,112,53,4.9425678336e+10,4.981560064e+10
349.614,112,112,53,4.9415192576e+10,4.981560064e+10
349.816,112,112,53,4.9413095424e+10,4.981560064e+10
350.017,112,112,53,4.9409949696e+10,4.981560064e+10
350.218,112,112,53,4.9423581184e+10,4.981560064e+10
350.420,112,112,53,4.9397366784e+10,4.981560064e+10
350.621,112,112,53,4.9426726912e+10,4.981560064e+10
350.823,112,112,53,4.9438261248e+10,4.981560064e+10
351.024,112,112,53,4.943511552e+10,4.981560064e+10
351.225,112,112,53,4.9416241152e+10,4.981560064e+10
351.427,112,112,53,4.9380589568e+10,4.981560064e+10
351.628,112,112,53,4.9379540992e+10,4.981560064e+10
351.830,112,112,53,4.9371152384e+10,4.981560064e+10
352.031,112,112,53,4.934074368e+10,4.981560064e+10
352.232,112,112,53,4.9318723584e+10,4.981560064e+10
352.434,112,112,53,4.9310334976e+10,4.981560064e+10
352.635,112,112,53,4.9333403648e+10,4.981560064e+10
352.837,112,112,53,4.9329209344e+10,4.981560064e+10
353.038,112,112,53,4.9328160768e+10,4.981560064e+10
353.240,112,112,53,4.933025792e+10,4.981560064e+10
353.441,112,112,53,4.9322917888e+10,4.981560064e+10
353.642,112,112,53,4.9311383552e+10,4.981560064e+10
353.844,112,112,53,4.9296703488e+10,4.981560064e+10
354.045,112,112,53,4.929355776e+10,4.981560064e+10
354.246,112,112,53,4.9294606336e+10,4.981560064e+10
354.448,112,112,53,4.9286217728e+10,4.981560064e+10
354.649,112,112,53,4.9248468992e+10,4.981560064e+10
354.850,112,112,53,4.9252663296e+10,4.981560064e+10
355.051,112,112,53,4.9261051904e+10,4.981560064e+10
355.252,112,112,53,4.9253711872e+10,4.981560064e+10
355.454,112,112,53,4.9242177536e+10,4.981560064e+10
355.655,112,112,53,4.9224351744e+10,4.981560064e+10
355.856,112,112,53,4.9232740352e+10,4.981560064e+10
356.057,112,112,53,4.926734336e+10,4.981560064e+10
356.259,112,112,53,4.924637184e+10,4.981560064e+10
356.460,112,112,53,4.9229594624e+10,4.981560064e+10
356.661,112,112,53,4.9206525952e+10,4.981560064e+10
356.862,112,112,53,4.916248576e+10,4.981560064e+10
357.063,112,112,53,4.9138368512e+10,4.981560064e+10
357.264,112,112,53,4.9156194304e+10,4.981560064e+10
357.465,112,112,53,4.9181360128e+10,4.981560064e+10
357.666,112,112,53,4.916772864e+10,4.981560064e+10
357.868,112,112,53,4.9182408704e+10,4.981560064e+10
358.069,112,112,53,4.9181360128e+10,4.981560064e+10
358.270,112,112,53,4.9191845888e+10,4.981560064e+10
358.471,112,112,53,4.9191845888e+10,4.981560064e+10
358.672,112,112,53,4.9174020096e+10,4.981560064e+10
358.873,112,112,53,4.9153048576e+10,4.981560064e+10
359.075,112,112,53,4.9106911232e+10,4.981560064e+10
359.276,112,112,53,4.9092231168e+10,4.981560064e+10
359.478,112,112,53,4.9086988288e+10,4.981560064e+10
359.679,112,112,53,4.9111105536e+10,4.981560064e+10
359.880,112,112,53,4.911005696e+10,4.981560064e+10
360.082,112,112,53,4.911005696e+10,4.981560064e+10
360.283,112,112,53,4.9106911232e+10,4.981560064e+10
360.484,112,112,53,4.9111105536e+10,4.981560064e+10
360.686,112,112,53,4.9088036864e+10,4.981560064e+10
360.887,112,112,53,4.9080696832e+10,4.981560064e+10
361.088,112,112,53,4.9105862656e+10,4.981560064e+10
361.290,112,112,53,4.9084891136e+10,4.981560064e+10
361.491,112,112,53,4.9082793984e+10,4.981560064e+10
361.692,112,112,53,4.9080696832e+10,4.981560064e+10
361.894,112,112,53,4.9084891136e+10,4.981560064e+10
362.095,112,112,53,4.9102716928e+10,4.981560064e+10
362.297,112,112,53,4.9064968192e+10,4.981560064e+10
362.498,112,112,53,4.9028268032e+10,4.981560064e+10
362.699,112,112,53,4.9028268032e+10,4.981560064e+10
362.901,112,112,53,4.9020928e+10,4.981560064e+10
363.102,112,112,53,4.9007296512e+10,4.981560064e+10
363.303,112,112,53,4.8992616448e+10,4.981560064e+10
363.505,112,112,53,4.8983179264e+10,4.981560064e+10
363.706,112,112,53,4.9002053632e+10,4.981560064e+10
363.907,112,112,53,4.8971644928e+10,4.981560064e+10
364.108,112,112,53,4.9002053632e+10,4.981560064e+10
364.310,112,112,53,4.9001005056e+10,4.981560064e+10
364.511,112,112,53,4.8991567872e+10,4.981560064e+10
364.712,112,112,53,4.8964304896e+10,4.981560064e+10
364.913,112,112,53,4.8967450624e+10,4.981560064e+10
365.115,112,112,53,4.8966402048e+10,4.981560064e+10
365.316,112,112,53,4.897374208e+10,4.981560064e+10
365.517,112,112,53,4.8966402048e+10,4.981560064e+10
365.718,112,112,53,4.8939139072e+10,4.981560064e+10
365.920,112,112,53,4.8948576256e+10,4.981560064e+10
366.121,112,112,53,4.8961159168e+10,4.981560064e+10
366.322,112,112,53,4.892131328e+10,4.981560064e+10
366.524,112,112,53,4.8907681792e+10,4.981560064e+10
366.725,112,112,53,4.8893001728e+10,4.981560064e+10
366.926,112,112,53,4.8889856e+10,4.981560064e+10
367.127,112,112,53,4.8873078784e+10,4.981560064e+10
367.328,112,112,53,4.886888448e+10,4.981560064e+10
367.529,112,112,53,4.8864690176e+10,4.981560064e+10
367.730,112,112,53,4.8890904576e+10,4.981560064e+10
367.931,112,112,53,4.8882515968e+10,4.981560064e+10
368.132,112,112,53,4.8865738752e+10,4.981560064e+10
368.333,112,112,53,4.8869933056e+10,4.981560064e+10
368.534,112,112,53,4.8875175936e+10,4.981560064e+10
368.735,112,112,53,4.8867835904e+10,4.981560064e+10
368.936,112,112,53,4.886888448e+10,4.981560064e+10
369.137,112,112,53,4.8851058688e+10,4.981560064e+10
369.338,112,112,53,4.885839872e+10,4.981560064e+10
369.539,112,112,53,4.8824844288e+10,4.981560064e+10
369.741,112,112,53,4.882694144e+10,4.981560064e+10
369.942,112,112,53,4.8825892864e+10,4.981560064e+10
370.143,112,112,53,4.8810164224e+10,4.981560064e+10
370.344,112,112,53,4.8797581312e+10,4.981560064e+10
370.545,112,112,53,4.8776609792e+10,4.981560064e+10
370.746,112,112,53,4.879548416e+10,4.981560064e+10
370.947,112,112,53,4.8803872768e+10,4.981560064e+10
371.148,112,112,53,4.8799678464e+10,4.981560064e+10
371.349,112,112,53,4.874829824e+10,4.981560064e+10
371.550,112,112,53,4.8751443968e+10,4.981560064e+10
371.751,112,112,53,4.8760881152e+10,4.981560064e+10
371.952,112,112,53,4.8762978304e+10,4.981560064e+10
372.153,112,112,53,4.8747249664e+10,4.981560064e+10
372.354,112,112,53,4.8749346816e+10,4.981560064e+10
372.555,112,112,53,4.8765075456e+10,4.981560064e+10
372.757,112,112,53,4.8799678464e+10,4.981560064e+10
372.958,112,112,53,4.8782901248e+10,4.981560064e+10
373.159,112,112,53,4.8767172608e+10,4.981560064e+10
373.361,112,112,53,4.8721035264e+10,4.981560064e+10
373.562,112,112,53,4.871159808e+10,4.981560064e+10
373.763,112,112,53,4.8699015168e+10,4.981560064e+10
373.965,112,112,53,4.865916928e+10,4.981560064e+10
374.166,112,112,53,4.8639246336e+10,4.981560064e+10
374.368,112,112,53,4.8688529408e+10,4.981560064e+10
374.569,112,112,53,4.8705306624e+10,4.981560064e+10
374.770,112,112,53,4.8721035264e+10,4.981560064e+10
374.971,112,112,53,4.8709500928e+10,4.981560064e+10
375.172,112,112,53,4.8691675136e+10,4.981560064e+10
375.373,112,112,53,4.8688529408e+10,4.981560064e+10
375.575,112,112,53,4.8673849344e+10,4.981560064e+10
375.776,112,112,53,4.8642392064e+10,4.981560064e+10
375.977,112,112,53,4.8629809152e+10,4.981560064e+10
376.179,112,112,53,4.8623517696e+10,4.981560064e+10
376.380,112,112,53,4.8629809152e+10,4.981560064e+10
376.581,112,112,53,4.8603594752e+10,4.981560064e+10
376.782,112,112,53,4.8592060416e+10,4.981560064e+10
376.984,112,112,53,4.8602546176e+10,4.981560064e+10
377.185,112,112,53,4.8594157568e+10,4.981560064e+10
377.386,112,112,53,4.8605691904e+10,4.981560064e+10
377.587,112,112,53,4.86539264e+10,4.981560064e+10
377.789,112,112,53,4.8649732096e+10,4.981560064e+10
377.990,112,112,53,4.8645537792e+10,4.981560064e+10
378.191,112,112,53,4.8627712e+10,4.981560064e+10
378.392,112,112,53,4.8618274816e+10,4.981560064e+10
378.594,112,112,53,4.8589963264e+10,4.981560064e+10
378.795,112,112,53,4.8527048704e+10,4.981560064e+10
378.996,112,112,53,4.8560603136e+10,4.981560064e+10
379.197,112,112,53,4.855431168e+10,4.981560064e+10
379.399,112,112,53,4.8535437312e+10,4.981560064e+10
379.600,112,112,53,4.8555360256e+10,4.981560064e+10
379.801,112,112,53,4.8578428928e+10,4.981560064e+10
380.002,112,112,53,4.8571088896e+10,4.981560064e+10
380.203,112,112,53,4.8587866112e+10,4.981560064e+10
380.404,112,112,53,4.8583671808e+10,4.981560064e+10
380.606,112,112,53,4.853334016e+10,4.981560064e+10
380.807,112,112,53,4.8548020224e+10,4.981560064e+10
381.008,112,112,53,4.8571088896e+10,4.981560064e+10
381.209,112,112,53,4.8532291584e+10,4.981560064e+10
381.411,112,112,53,4.8505028608e+10,4.981560064e+10
381.612,112,112,53,4.8500834304e+10,4.981560064e+10
381.813,112,112,53,4.8495591424e+10,4.981560064e+10
382.015,112,112,53,4.8495591424e+10,4.981560064e+10
382.216,112,112,53,4.8495591424e+10,4.981560064e+10
382.417,112,112,53,4.8532291584e+10,4.981560064e+10
382.619,112,112,53,4.8511320064e+10,4.981560064e+10
382.820,112,112,53,4.851236864e+10,4.981560064e+10
383.021,112,112,53,4.8490348544e+10,4.981560064e+10
383.223,112,112,53,4.8477765632e+10,4.981560064e+10
383.424,112,112,53,4.8483008512e+10,4.981560064e+10
383.626,112,112,53,4.8479862784e+10,4.981560064e+10
383.827,112,112,53,4.8473571328e+10,4.981560064e+10
384.028,112,112,53,4.8473571328e+10,4.981560064e+10
384.230,112,112,53,4.8448405504e+10,4.981560064e+10
384.431,112,112,53,4.8455745536e+10,4.981560064e+10
384.632,112,112,53,4.8473571328e+10,4.981560064e+10
384.833,112,112,53,4.8467279872e+10,4.981560064e+10
385.035,112,112,53,4.8432676864e+10,4.981560064e+10
385.236,112,112,53,4.8405413888e+10,4.981560064e+10
385.437,112,112,53,4.8384442368e+10,4.981560064e+10
385.639,112,112,53,4.840751104e+10,4.981560064e+10
385.840,112,112,53,4.8405413888e+10,4.981560064e+10
386.041,112,112,53,4.8430579712e+10,4.981560064e+10
386.243,112,112,53,4.8436871168e+10,4.981560064e+10
386.444,112,112,53,4.8429531136e+10,4.981560064e+10
386.645,112,112,53,4.844945408e+10,4.981560064e+10
386.847,112,112,53,4.8441065472e+10,4.981560064e+10
387.048,112,112,53,4.8404365312e+10,4.981560064e+10
387.250,112,112,53,4.8392830976e+10,4.981560064e+10
387.451,112,112,53,4.8393879552e+10,4.981560064e+10
387.652,112,112,53,4.8392830976e+10,4.981560064e+10
387.854,112,112,53,4.8406462464e+10,4.981560064e+10
388.055,112,112,53,4.8400171008e+10,4.981560064e+10
388.257,112,112,53,4.8359276544e+10,4.981560064e+10
388.458,112,112,53,4.8347742208e+10,4.981560064e+10
388.659,112,112,53,4.834983936e+10,4.981560064e+10
388.860,112,112,53,4.835508224e+10,4.981560064e+10
389.062,112,112,53,4.8367665152e+10,4.981560064e+10
389.263,112,112,53,4.836032512e+10,4.981560064e+10
389.464,112,112,53,4.8352985088e+10,4.981560064e+10
389.666,112,112,53,4.8356130816e+10,4.981560064e+10
389.867,112,112,53,4.835508224e+10,4.981560064e+10
390.068,112,112,53,4.8319430656e+10,4.981560064e+10
390.270,112,112,53,4.8363470848e+10,4.981560064e+10
390.471,112,112,53,4.8354033664e+10,4.981560064e+10
390.673,112,112,53,4.8340402176e+10,4.981560064e+10
390.874,112,112,53,4.8327819264e+10,4.981560064e+10
391.075,112,112,53,4.83131392e+10,4.981560064e+10
391.277,112,112,53,4.8314187776e+10,4.981560064e+10
391.478,112,112,53,4.831838208e+10,4.981560064e+10
391.679,112,112,53,4.8330964992e+10,4.981560064e+10
391.881,112,112,53,4.8311042048e+10,4.981560064e+10
392.082,112,112,53,4.8252321792e+10,4.981560064e+10
392.283,112,112,53,4.8275390464e+10,4.981560064e+10
392.484,112,112,53,4.828168192e+10,4.981560064e+10
392.685,112,112,53,4.8285876224e+10,4.981560064e+10
392.886,112,112,53,4.8273293312e+10,4.981560064e+10
393.088,112,112,53,4.8294264832e+10,4.981560064e+10
393.289,112,112,53,4.8274341888e+10,4.981560064e+10
393.490,112,112,53,4.82607104e+10,4.981560064e+10
393.692,112,112,53,4.8253370368e+10,4.981560064e+10
393.893,112,112,53,4.8254418944e+10,4.981560064e+10
394.094,112,112,53,4.8259661824e+10,4.981560064e+10
394.295,112,112,53,4.8267001856e+10,4.981560064e+10
394.497,112,112,53,4.8272244736e+10,4.981560064e+10
394.698,112,112,53,4.822401024e+10,4.981560064e+10
394.900,112,112,53,4.8226107392e+10,4.981560064e+10
395.101,112,112,53,4.8209330176e+10,4.981560064e+10
395.302,112,112,53,4.8193601536e+10,4.981560064e+10
395.504,112,112,53,4.8183115776e+10,4.981560064e+10
395.705,112,112,53,4.8177872896e+10,4.981560064e+10
395.906,112,112,53,4.8193601536e+10,4.981560064e+10
396.108,112,112,53,4.8215621632e+10,4.981560064e+10
396.309,112,112,53,4.8221913088e+10,4.981560064e+10
396.510,112,112,53,4.8226107392e+10,4.981560064e+10
396.712,112,112,53,4.8194650112e+10,4.981560064e+10
396.913,112,112,53,4.8178921472e+10,4.981560064e+10
397.114,112,112,53,4.820303872e+10,4.981560064e+10
397.315,112,112,53,4.8214573056e+10,4.981560064e+10
397.517,112,112,53,4.8184164352e+10,4.981560064e+10
397.718,112,112,53,4.8142221312e+10,4.981560064e+10
397.920,112,112,53,4.815060992e+10,4.981560064e+10
398.121,112,112,53,4.8135929856e+10,4.981560064e+10
398.322,112,112,53,4.8125444096e+10,4.981560064e+10
398.523,112,112,53,4.8123346944e+10,4.981560064e+10
398.725,112,112,53,4.8141172736e+10,4.981560064e+10
398.926,112,112,53,4.814012416e+10,4.981560064e+10
399.127,112,112,53,4.8152707072e+10,4.981560064e+10
399.328,112,112,53,4.8143269888e+10,4.981560064e+10
399.530,112,112,53,4.8110764032e+10,4.981560064e+10
399.731,112,112,53,4.8102375424e+10,4.981560064e+10
399.932,112,112,53,4.8100278272e+10,4.981560064e+10
400.134,112,112,53,4.814012416e+10,4.981560064e+10
400.335,112,112,53,4.813488128e+10,4.981560064e+10
400.536,112,112,53,4.8112861184e+10,4.981560064e+10
400.737,112,112,53,4.8103424e+10,4.981560064e+10
400.939,112,112,53,4.808769536e+10,4.981560064e+10
401.140,112,112,53,4.8073015296e+10,4.981560064e+10
401.341,112,112,53,4.8089792512e+10,4.981560064e+10
401.542,112,112,53,4.806672384e+10,4.981560064e+10
401.743,112,112,53,4.8047849472e+10,4.981560064e+10
401.944,112,112,53,4.8058335232e+10,4.981560064e+10
402.145,112,112,53,4.8048898048e+10,4.981560064e+10
402.346,112,112,53,4.8039460864e+10,4.981560064e+10
402.547,112,112,53,4.8047849472e+10,4.981560064e+10
402.748,112,112,53,4.8052043776e+10,4.981560064e+10
402.949,112,112,53,4.804050944e+10,4.981560064e+10
403.150,112,112,53,4.8036315136e+10,4.981560064e+10
403.351,112,112,53,4.8078258176e+10,4.981560064e+10
403.553,112,112,53,4.8086646784e+10,4.981560064e+10
403.754,112,112,53,4.8069869568e+10,4.981560064e+10
403.955,112,112,53,4.8049946624e+10,4.981560064e+10
404.157,112,112,53,4.8023732224e+10,4.981560064e+10
404.358,112,112,53,4.800905216e+10,4.981560064e+10
404.560,112,112,53,4.8008003584e+10,4.981560064e+10
404.761,112,112,53,4.797759488e+10,4.981560064e+10
404.962,112,112,53,4.799332352e+10,4.981560064e+10
405.164,112,112,53,4.7994372096e+10,4.981560064e+10
405.365,112,112,53,4.8022683648e+10,4.981560064e+10
405.567,112,112,53,4.7999614976e+10,4.981560064e+10
405.768,112,112,53,4.800380928e+10,4.981560064e+10
405.970,112,112,53,4.8006955008e+10,4.981560064e+10
406.171,112,112,53,4.7999614976e+10,4.981560064e+10
406.372,112,112,53,4.8002760704e+10,4.981560064e+10
406.574,112,112,53,4.8020586496e+10,4.981560064e+10
406.775,112,112,53,4.8013246464e+10,4.981560064e+10
406.976,112,112,53,4.7971303424e+10,4.981560064e+10
407.178,112,112,53,4.7975497728e+10,4.981560064e+10
407.379,112,112,53,4.7969206272e+10,4.981560064e+10
407.581,112,112,53,4.793565184e+10,4.981560064e+10
407.782,112,112,53,4.788322304e+10,4.981560064e+10
407.984,112,112,53,4.7879028736e+10,4.981560064e+10
408.185,112,112,53,4.7912583168e+10,4.981560064e+10
408.386,112,112,53,4.7924117504e+10,4.981560064e+10
408.588,112,112,53,4.7936700416e+10,4.981560064e+10
408.789,112,112,53,4.7970254848e+10,4.981560064e+10
408.990,112,112,53,4.796186624e+10,4.981560064e+10
409.192,112,112,53,4.7917826048e+10,4.981560064e+10
409.393,112,112,53,4.7918874624e+10,4.981560064e+10
409.595,112,112,53,4.7887417344e+10,4.981560064e+10
409.796,112,112,53,4.789895168e+10,4.981560064e+10
409.997,112,112,53,4.7889514496e+10,4.981560064e+10
410.199,112,112,53,4.7887417344e+10,4.981560064e+10
410.400,112,112,53,4.787273728e+10,4.981560064e+10
410.602,112,112,53,4.787273728e+10,4.981560064e+10
410.803,112,112,53,4.7839182848e+10,4.981560064e+10
411.005,112,112,53,4.7850717184e+10,4.981560064e+10
411.206,112,112,53,4.783603712e+10,4.981560064e+10
411.408,112,112,53,4.7911534592e+10,4.981560064e+10
411.609,112,112,53,4.7913631744e+10,4.981560064e+10
411.810,112,112,53,4.7900000256e+10,4.981560064e+10
412.012,112,112,53,4.78674944e+10,4.981560064e+10
412.213,112,112,53,4.7855960064e+10,4.981560064e+10
412.415,112,112,53,4.7824502784e+10,4.981560064e+10
412.616,112,112,53,4.783603712e+10,4.981560064e+10
412.817,112,112,53,4.7832891392e+10,4.981560064e+10
413.019,112,112,53,4.7821357056e+10,4.981560064e+10
413.220,112,112,53,4.7810871296e+10,4.981560064e+10
413.421,112,112,53,4.7786754048e+10,4.981560064e+10
413.623,112,112,53,4.7775219712e+10,4.981560064e+10
413.824,112,112,53,4.777836544e+10,4.981560064e+10
414.026,112,112,53,4.7771025408e+10,4.981560064e+10
414.227,112,112,53,4.7817162752e+10,4.981560064e+10
414.428,112,112,53,4.779409408e+10,4.981560064e+10
414.630,112,112,53,4.7797239808e+10,4.981560064e+10
414.831,112,112,53,4.779933696e+10,4.981560064e+10
415.032,112,112,53,4.7775219712e+10,4.981560064e+10
415.234,112,112,53,4.7777316864e+10,4.981560064e+10
415.435,112,112,53,4.7737470976e+10,4.981560064e+10
415.636,112,112,53,4.775215104e+10,4.981560064e+10
415.838,112,112,53,4.774690816e+10,4.981560064e+10
416.039,112,112,53,4.7742713856e+10,4.981560064e+10
416.240,112,112,53,4.774166528e+10,4.981560064e+10
416.442,112,112,53,4.7735373824e+10,4.981560064e+10
416.643,112,112,53,4.7744811008e+10,4.981560064e+10
416.844,112,112,53,4.7734325248e+10,4.981560064e+10
417.046,112,112,53,4.7732228096e+10,4.981560064e+10
417.247,112,112,53,4.7753199616e+10,4.981560064e+10
417.448,112,112,53,4.7732228096e+10,4.981560064e+10
417.650,112,112,53,4.7726985216e+10,4.981560064e+10
417.851,112,112,53,4.7700770816e+10,4.981560064e+10
418.052,112,112,53,4.7717548032e+10,4.981560064e+10
418.254,112,112,53,4.772069376e+10,4.981560064e+10
418.455,112,112,53,4.772593664e+10,4.981560064e+10
418.657,112,112,53,4.7710208e+10,4.981560064e+10
418.858,112,112,53,4.7660924928e+10,4.981560064e+10
419.060,112,112,53,4.764729344e+10,4.981560064e+10
419.261,112,112,53,4.7649390592e+10,4.981560064e+10
419.462,112,112,53,4.7654633472e+10,4.981560064e+10
419.664,112,112,53,4.7665119232e+10,4.981560064e+10
419.865,112,112,53,4.7670362112e+10,4.981560064e+10
420.066,112,112,53,4.7676653568e+10,4.981560064e+10
420.267,112,112,53,4.7679799296e+10,4.981560064e+10
420.468,112,112,53,4.7658827776e+10,4.981560064e+10
420.670,112,112,53,4.7670362112e+10,4.981560064e+10
420.871,112,112,53,4.7670362112e+10,4.981560064e+10
421.072,112,112,53,4.7660924928e+10,4.981560064e+10
421.273,112,112,53,4.7644147712e+10,4.981560064e+10
421.474,112,112,53,4.7618981888e+10,4.981560064e+10
421.676,112,112,53,4.7609544704e+10,4.981560064e+10
421.877,112,112,53,4.7595913216e+10,4.981560064e+10
422.078,112,112,53,4.7633661952e+10,4.981560064e+10
422.280,112,112,53,4.7622127616e+10,4.981560064e+10
422.481,112,112,53,4.7617933312e+10,4.981560064e+10
422.682,112,112,53,4.7611641856e+10,4.981560064e+10
422.884,112,112,53,4.7593816064e+10,4.981560064e+10
423.085,112,112,53,4.7617933312e+10,4.981560064e+10
423.286,112,112,53,4.7616884736e+10,4.981560064e+10
423.488,112,112,53,4.7613739008e+10,4.981560064e+10
423.689,112,112,53,4.7612690432e+10,4.981560064e+10
423.890,112,112,53,4.7595913216e+10,4.981560064e+10
424.092,112,112,53,4.7620030464e+10,4.981560064e+10
424.293,112,112,53,4.7586476032e+10,4.981560064e+10
424.495,112,112,53,4.7602204672e+10,4.981560064e+10
424.696,112,112,53,4.755816448e+10,4.981560064e+10
424.897,112,112,53,4.7560261632e+10,4.981560064e+10
425.098,112,112,53,4.756865024e+10,4.981560064e+10
425.299,112,112,53,4.758437888e+10,4.981560064e+10
425.500,112,112,53,4.7541387264e+10,4.981560064e+10
425.702,112,112,53,4.7553970176e+10,4.981560064e+10
425.903,112,112,53,4.7561310208e+10,4.981560064e+10
426.104,112,112,53,4.7538241536e+10,4.981560064e+10
426.306,112,112,53,4.7539290112e+10,4.981560064e+10
426.507,112,112,53,4.755816448e+10,4.981560064e+10
426.708,112,112,53,4.7561310208e+10,4.981560064e+10
426.909,112,112,53,4.7555018752e+10,4.981560064e+10
427.111,112,112,53,4.7535095808e+10,4.981560064e+10
427.312,112,112,53,4.7524610048e+10,4.981560064e+10
427.514,112,112,53,4.7485812736e+10,4.981560064e+10
427.715,112,112,53,4.7519367168e+10,4.981560064e+10
427.916,112,112,53,4.7507832832e+10,4.981560064e+10
428.117,112,112,53,4.751097856e+10,4.981560064e+10
428.319,112,112,53,4.7514124288e+10,4.981560064e+10
428.520,112,112,53,4.7513075712e+10,4.981560064e+10
428.721,112,112,53,4.75004928e+10,4.981560064e+10
428.923,112,112,53,4.751622144e+10,4.981560064e+10
429.124,112,112,53,4.7498395648e+10,4.981560064e+10
429.325,112,112,53,4.7459598336e+10,4.981560064e+10
429.526,112,112,53,4.7497347072e+10,4.981560064e+10
429.728,112,112,53,4.7499444224e+10,4.981560064e+10
429.929,112,112,53,4.7506784256e+10,4.981560064e+10
430.131,112,112,53,4.7497347072e+10,4.981560064e+10
430.332,112,112,53,4.7498395648e+10,4.981560064e+10
430.533,112,112,53,4.7459598336e+10,4.981560064e+10
430.735,112,112,53,4.7460646912e+10,4.981560064e+10
430.936,112,112,53,4.7462744064e+10,4.981560064e+10
431.137,112,112,53,4.7438626816e+10,4.981560064e+10
431.339,112,112,53,4.7455404032e+10,4.981560064e+10
431.540,112,112,53,4.7472181248e+10,4.981560064e+10
431.741,112,112,53,4.747952128e+10,4.981560064e+10
431.943,112,112,53,4.7473229824e+10,4.981560064e+10
432.144,112,112,53,4.7467986944e+10,4.981560064e+10
432.345,112,112,53,4.7456452608e+10,4.981560064e+10
432.547,112,112,53,4.7422898176e+10,4.981560064e+10
432.748,112,112,53,4.7448064e+10,4.981560064e+10
432.949,112,112,53,4.7450161152e+10,4.981560064e+10
433.151,112,112,53,4.7424995328e+10,4.981560064e+10
433.352,112,112,53,4.7417655296e+10,4.981560064e+10
433.553,112,112,53,4.741136384e+10,4.981560064e+10
433.754,112,112,53,4.7414509568e+10,4.981560064e+10
433.956,112,112,53,4.7414509568e+10,4.981560064e+10
434.157,112,112,53,4.7420801024e+10,4.981560064e+10
434.358,112,112,53,4.7409266688e+10,4.981560064e+10
434.559,112,112,53,4.7420801024e+10,4.981560064e+10
434.761,112,112,53,4.740612096e+10,4.981560064e+10
434.962,112,112,53,4.7409266688e+10,4.981560064e+10
435.163,112,112,53,4.7391440896e+10,4.981560064e+10
435.365,112,112,53,4.7412412416e+10,4.981560064e+10
435.566,112,112,53,4.7402975232e+10,4.981560064e+10
435.767,112,112,53,4.7392489472e+10,4.981560064e+10
435.969,112,112,53,4.7405072384e+10,4.981560064e+10
436.170,112,112,53,4.7391440896e+10,4.981560064e+10
436.371,112,112,53,4.73694208e+10,4.981560064e+10
436.573,112,112,53,4.7394586624e+10,4.981560064e+10
436.774,112,112,53,4.7394586624e+10,4.981560064e+10
436.975,112,112,53,4.7407169536e+10,4.981560064e+10
437.177,112,112,53,4.7424995328e+10,4.981560064e+10
437.378,112,112,53,4.7413460992e+10,4.981560064e+10
437.579,112,112,53,4.7335866368e+10,4.981560064e+10
437.781,112,112,53,4.7346352128e+10,4.981560064e+10
437.982,112,112,53,4.7347400704e+10,4.981560064e+10
438.184,112,112,53,4.7349497856e+10,4.981560064e+10
438.385,112,112,53,4.7326429184e+10,4.981560064e+10
438.586,112,112,53,4.7330623488e+10,4.981560064e+10
438.788,112,112,53,4.7339012096e+10,4.981560064e+10
438.989,112,112,53,4.7329574912e+10,4.981560064e+10
439.190,112,112,53,4.7329574912e+10,4.981560064e+10
439.392,112,112,53,4.7329574912e+10,4.981560064e+10
439.593,112,112,53,4.7323283456e+10,4.981560064e+10
439.794,112,112,53,4.735893504e+10,4.981560064e+10
439.996,112,112,53,4.7386198016e+10,4.981560064e+10
440.197,112,112,53,4.738514944e+10,4.981560064e+10
440.398,112,112,53,4.7324332032e+10,4.981560064e+10
440.600,112,112,53,4.7292874752e+10,4.981560064e+10
440.801,112,112,53,4.7288680448e+10,4.981560064e+10
441.002,112,112,53,4.7287631872e+10,4.981560064e+10
441.204,112,112,53,4.730650624e+10,4.981560064e+10
441.405,112,112,53,4.7279243264e+10,4.981560064e+10
441.606,112,112,53,4.7279243264e+10,4.981560064e+10
441.807,112,112,53,4.7277146112e+10,4.981560064e+10
442.009,112,112,53,4.7262466048e+10,4.981560064e+10
442.210,112,112,53,4.7277146112e+10,4.981560064e+10
442.412,112,112,53,4.7282388992e+10,4.981560064e+10
442.613,112,112,53,4.730126336e+10,4.981560064e+10
442.814,112,112,53,4.7300214784e+10,4.981560064e+10
443.016,112,112,53,4.7284486144e+10,4.981560064e+10
443.217,112,112,53,4.7281340416e+10,4.981560064e+10
443.418,112,112,53,4.7263514624e+10,4.981560064e+10
443.620,112,112,53,4.724359168e+10,4.981560064e+10
443.821,112,112,53,4.7256174592e+10,4.981560064e+10
444.022,112,112,53,4.725407744e+10,4.981560064e+10
444.224,112,112,53,4.7249883136e+10,4.981560064e+10
444.425,112,112,53,4.7247785984e+10,4.981560064e+10
444.626,112,112,53,4.7219474432e+10,4.981560064e+10
444.828,112,112,53,4.7210037248e+10,4.981560064e+10
445.029,112,112,53,4.7210037248e+10,4.981560064e+10
445.230,112,112,53,4.7214231552e+10,4.981560064e+10
445.431,112,112,53,4.7231008768e+10,4.981560064e+10
445.633,112,112,53,4.7235203072e+10,4.981560064e+10
445.834,112,112,53,4.7229960192e+10,4.981560064e+10
446.035,112,112,53,4.72383488e+10,4.981560064e+10
446.237,112,112,53,4.720164864e+10,4.981560064e+10
446.438,112,112,53,4.7219474432e+10,4.981560064e+10
446.639,112,112,53,4.7194308608e+10,4.981560064e+10
446.841,112,112,53,4.7157608448e+10,4.981560064e+10
447.042,112,112,53,4.7155511296e+10,4.981560064e+10
447.243,112,112,53,4.7163899904e+10,4.981560064e+10
447.445,112,112,53,4.717019136e+10,4.981560064e+10
447.646,112,112,53,4.7181725696e+10,4.981560064e+10
447.847,112,112,53,4.7189065728e+10,4.981560064e+10
448.048,112,112,53,4.7202697216e+10,4.981560064e+10
448.249,112,112,53,4.7200600064e+10,4.981560064e+10
448.451,112,112,53,4.7171239936e+10,4.981560064e+10
448.652,112,112,53,4.7171239936e+10,4.981560064e+10
448.853,112,112,53,4.718067712e+10,4.981560064e+10
449.055,112,112,53,4.7161802752e+10,4.981560064e+10
449.256,112,112,53,4.71597056e+10,4.981560064e+10
449.457,112,112,53,4.7157608448e+10,4.981560064e+10
449.658,112,112,53,4.7140831232e+10,4.981560064e+10
449.860,112,112,53,4.7110422528e+10,4.981560064e+10
450.061,112,112,53,4.7132442624e+10,4.981560064e+10
450.262,112,112,53,4.7108325376e+10,4.981560064e+10
450.464,112,112,53,4.7145025536e+10,4.981560064e+10
450.665,112,112,53,4.7151316992e+10,4.981560064e+10
450.866,112,112,53,4.7153414144e+10,4.981560064e+10
451.068,112,112,53,4.713873408e+10,4.981560064e+10
451.270,112,112,53,4.7130345472e+10,4.981560064e+10
451.471,112,112,53,4.7150268416e+10,4.981560064e+10
451.672,112,112,53,4.7126151168e+10,4.981560064e+10
451.873,112,112,53,4.7132442624e+10,4.981560064e+10
452.075,112,112,53,4.7109373952e+10,4.981560064e+10
452.276,112,112,53,4.7090499584e+10,4.981560064e+10
452.477,112,112,53,4.7038070784e+10,4.981560064e+10
452.678,112,112,53,4.7103082496e+10,4.981560064e+10
452.879,112,112,53,4.7098888192e+10,4.981560064e+10
453.080,112,112,53,4.7113568256e+10,4.981560064e+10
453.281,112,112,53,4.7094693888e+10,4.981560064e+10
453.482,112,112,53,4.7098888192e+10,4.981560064e+10
453.683,112,112,53,4.7082110976e+10,4.981560064e+10
453.884,112,112,53,4.7109373952e+10,4.981560064e+10
454.085,112,112,53,4.710203392e+10,4.981560064e+10
454.286,112,112,53,4.7111471104e+10,4.981560064e+10
454.487,112,112,53,4.7064285184e+10,4.981560064e+10
454.688,112,112,53,4.7029682176e+10,4.981560064e+10
454.889,112,112,53,4.7031779328e+10,4.981560064e+10
455.090,112,112,53,4.7052750848e+10,4.981560064e+10
455.292,112,112,53,4.7027585024e+10,4.981560064e+10
455.493,112,112,53,4.7029682176e+10,4.981560064e+10
455.694,112,112,53,4.7013953536e+10,4.981560064e+10
455.895,112,112,53,4.706009088e+10,4.981560064e+10
456.096,112,112,53,4.706533376e+10,4.981560064e+10
456.298,112,112,53,4.7066382336e+10,4.981560064e+10
456.498,112,112,53,4.7032827904e+10,4.981560064e+10
456.700,112,112,53,4.7037022208e+10,4.981560064e+10
456.901,112,112,53,4.7047507968e+10,4.981560064e+10
457.102,112,112,53,4.7025487872e+10,4.981560064e+10
457.303,112,112,53,4.7017099264e+10,4.981560064e+10
457.504,112,112,53,4.7020244992e+10,4.981560064e+10
457.705,112,112,53,4.699717632e+10,4.981560064e+10
457.906,112,112,53,4.6961524736e+10,4.981560064e+10
458.107,112,112,53,4.6967816192e+10,4.981560064e+10
458.308,112,112,53,4.6977253376e+10,4.981560064e+10
458.509,112,112,53,4.69762048e+10,4.981560064e+10
458.710,112,112,53,4.6973059072e+10,4.981560064e+10
458.911,112,112,53,4.69762048e+10,4.981560064e+10
459.112,112,112,53,4.6990884864e+10,4.981560064e+10
459.313,112,112,53,4.6984593408e+10,4.981560064e+10
459.514,112,112,53,4.6982496256e+10,4.981560064e+10
459.715,112,112,53,4.699717632e+10,4.981560064e+10
459.916,112,112,53,4.7009759232e+10,4.981560064e+10
460.117,112,112,53,4.6995079168e+10,4.981560064e+10
460.318,112,112,53,4.698669056e+10,4.981560064e+10
460.519,112,112,53,4.6938456064e+10,4.981560064e+10
460.720,112,112,53,4.6911193088e+10,4.981560064e+10
460.921,112,112,53,4.6915387392e+10,4.981560064e+10
461.122,112,112,53,4.691853312e+10,4.981560064e+10
461.323,112,112,53,4.6935310336e+10,4.981560064e+10
461.524,112,112,53,4.6931116032e+10,4.981560064e+10
461.725,112,112,53,4.697096192e+10,4.981560064e+10
461.926,112,112,53,4.6982496256e+10,4.981560064e+10
462.128,112,112,53,4.6962573312e+10,4.981560064e+10
462.329,112,112,53,4.6924824576e+10,4.981560064e+10
462.530,112,112,53,4.6946844672e+10,4.981560064e+10
462.731,112,112,53,4.6951038976e+10,4.981560064e+10
462.932,112,112,53,4.6937407488e+10,4.981560064e+10
463.133,112,112,53,4.6923776e+10,4.981560064e+10
463.334,112,112,53,4.6925873152e+10,4.981560064e+10
463.535,112,112,53,4.6923776e+10,4.981560064e+10
463.736,112,112,53,4.6910144512e+10,4.981560064e+10
463.937,112,112,53,4.6880784384e+10,4.981560064e+10
464.139,112,112,53,4.6884978688e+10,4.981560064e+10
464.340,112,112,53,4.6867152896e+10,4.981560064e+10
464.542,112,112,53,4.6859812864e+10,4.981560064e+10
464.743,112,112,53,4.6856667136e+10,4.981560064e+10
464.944,112,112,53,4.6849327104e+10,4.981560064e+10
465.146,112,112,53,4.6870298624e+10,4.981560064e+10
465.347,112,112,53,4.6874492928e+10,4.981560064e+10
465.548,112,112,53,4.6873444352e+10,4.981560064e+10
465.749,112,112,53,4.6880784384e+10,4.981560064e+10
465.950,112,112,53,4.6882881536e+10,4.981560064e+10
466.152,112,112,53,4.6874492928e+10,4.981560064e+10
466.353,112,112,53,4.6889172992e+10,4.981560064e+10
466.554,112,112,53,4.6904901632e+10,4.981560064e+10
466.755,112,112,53,4.6872395776e+10,4.981560064e+10
466.957,112,112,53,4.6859812864e+10,4.981560064e+10
467.158,112,112,53,4.6864007168e+10,4.981560064e+10
467.359,112,112,53,4.6856667136e+10,4.981560064e+10
467.561,112,112,53,4.6837792768e+10,4.981560064e+10
467.762,112,112,53,4.6812626944e+10,4.981560064e+10
467.963,112,112,53,4.6814724096e+10,4.981560064e+10
468.164,112,112,53,4.680318976e+10,4.981560064e+10
468.366,112,112,53,4.6794801152e+10,4.981560064e+10
468.568,112,112,53,4.6801092608e+10,4.981560064e+10
468.769,112,112,53,4.678746112e+10,4.981560064e+10
468.970,112,112,53,4.682416128e+10,4.981560064e+10
469.171,112,112,53,4.6826258432e+10,4.981560064e+10
469.373,112,112,53,4.6793752576e+10,4.981560064e+10
469.574,112,112,53,4.6823112704e+10,4.981560064e+10
469.775,112,112,53,4.683464704e+10,4.981560064e+10
469.976,112,112,53,4.6836744192e+10,4.981560064e+10
470.178,112,112,53,4.6814724096e+10,4.981560064e+10
470.379,112,112,53,4.6778023936e+10,4.981560064e+10
470.580,112,112,53,4.6778023936e+10,4.981560064e+10
470.782,112,112,53,4.6767538176e+10,4.981560064e+10
470.983,112,112,53,4.6775926784e+10,4.981560064e+10
471.184,112,112,53,4.6802141184e+10,4.981560064e+10
471.385,112,112,53,4.6788509696e+10,4.981560064e+10
471.586,112,112,53,4.677697536e+10,4.981560064e+10
471.788,112,112,53,4.6757052416e+10,4.981560064e+10
471.989,112,112,53,4.6753906688e+10,4.981560064e+10
472.190,112,112,53,4.6784315392e+10,4.981560064e+10
472.392,112,112,53,4.6773829632e+10,4.981560064e+10
472.593,112,112,53,4.67664896e+10,4.981560064e+10
472.794,112,112,53,4.6741323776e+10,4.981560064e+10
472.995,112,112,53,4.6767538176e+10,4.981560064e+10
473.196,112,112,53,4.675600384e+10,4.981560064e+10
473.398,112,112,53,4.677697536e+10,4.981560064e+10
473.599,112,112,53,4.6773829632e+10,4.981560064e+10
473.800,112,112,53,4.6752858112e+10,4.981560064e+10
474.002,112,112,53,4.6742372352e+10,4.981560064e+10
474.203,112,112,53,4.6749712384e+10,4.981560064e+10
474.404,112,112,53,4.675600384e+10,4.981560064e+10
474.606,112,112,53,4.6725595136e+10,4.981560064e+10
474.807,112,112,53,4.67140608e+10,4.981560064e+10
475.008,112,112,53,4.6713012224e+10,4.981560064e+10
475.209,112,112,53,4.6697283584e+10,4.981560064e+10
475.410,112,112,53,4.6709866496e+10,4.981560064e+10
475.612,112,112,53,4.6684700672e+10,4.981560064e+10
475.813,112,112,53,4.67140608e+10,4.981560064e+10
476.014,112,112,53,4.670881792e+10,4.981560064e+10
476.215,112,112,53,4.6720352256e+10,4.981560064e+10
476.417,112,112,53,4.6721400832e+10,4.981560064e+10
476.618,112,112,53,4.6726643712e+10,4.981560064e+10
476.819,112,112,53,4.6725595136e+10,4.981560064e+10
477.020,112,112,53,4.6709866496e+10,4.981560064e+10
477.222,112,112,53,4.6722449408e+10,4.981560064e+10
477.423,112,112,53,4.6706720768e+10,4.981560064e+10
477.624,112,112,53,4.670881792e+10,4.981560064e+10
477.825,112,112,53,4.6683652096e+10,4.981560064e+10
478.027,112,112,53,4.6684700672e+10,4.981560064e+10
478.228,112,112,53,4.6678409216e+10,4.981560064e+10
478.429,112,112,53,4.6664777728e+10,4.981560064e+10
478.630,112,112,53,4.6632271872e+10,4.981560064e+10
478.832,112,112,53,4.6631223296e+10,4.981560064e+10
479.033,112,112,53,4.6623883264e+10,4.981560064e+10
479.234,112,112,53,4.6701477888e+10,4.981560064e+10
479.436,112,112,53,4.6707769344e+10,4.981560064e+10
479.637,112,112,53,4.6705672192e+10,4.981560064e+10
479.838,112,112,53,4.6707769344e+10,4.981560064e+10
480.039,112,112,53,4.6686797824e+10,4.981560064e+10
480.240,112,112,53,4.6686797824e+10,4.981560064e+10
480.441,112,112,53,4.6650097664e+10,4.981560064e+10
480.642,112,112,53,4.6658486272e+10,4.981560064e+10
480.844,112,112,53,4.6660583424e+10,4.981560064e+10
481.045,112,112,53,4.6659534848e+10,4.981560064e+10
481.246,112,112,53,4.6667923456e+10,4.981560064e+10
481.447,112,112,53,4.6622834688e+10,4.981560064e+10
481.649,112,112,53,4.65829888e+10,4.981560064e+10
481.850,112,112,53,4.6587183104e+10,4.981560064e+10
482.051,112,112,53,4.6595571712e+10,4.981560064e+10
482.253,112,112,53,4.6615494656e+10,4.981560064e+10
482.454,112,112,53,4.6616543232e+10,4.981560064e+10
482.655,112,112,53,4.6644854784e+10,4.981560064e+10
482.856,112,112,53,4.6641709056e+10,4.981560064e+10
483.057,112,112,53,4.6655340544e+10,4.981560064e+10
483.259,112,112,53,4.6637514752e+10,4.981560064e+10
483.460,112,112,53,4.6608154624e+10,4.981560064e+10
483.661,112,112,53,4.6623883264e+10,4.981560064e+10
483.862,112,112,53,4.6650097664e+10,4.981560064e+10
484.064,112,112,53,4.6648000512e+10,4.981560064e+10
484.265,112,112,53,4.6574600192e+10,4.981560064e+10
484.466,112,112,53,4.6565163008e+10,4.981560064e+10
484.667,112,112,53,4.6555725824e+10,4.981560064e+10
484.869,112,112,53,4.6544191488e+10,4.981560064e+10
485.070,112,112,53,4.6549434368e+10,4.981560064e+10
485.272,112,112,53,4.6555725824e+10,4.981560064e+10
485.473,112,112,53,4.656201728e+10,4.981560064e+10
485.674,112,112,53,4.6553628672e+10,4.981560064e+10
485.876,112,112,53,4.657774592e+10,4.981560064e+10
486.077,112,112,53,4.6587183104e+10,4.981560064e+10
486.278,112,112,53,4.6578794496e+10,4.981560064e+10
486.480,112,112,53,4.6571454464e+10,4.981560064e+10
486.681,112,112,53,4.6586134528e+10,4.981560064e+10
486.882,112,112,53,4.6555725824e+10,4.981560064e+10
487.084,112,112,53,4.652531712e+10,4.981560064e+10
487.285,112,112,53,4.6534754304e+10,4.981560064e+10
487.486,112,112,53,4.654104576e+10,4.981560064e+10
487.687,112,112,53,4.653056e+10,4.981560064e+10
487.889,112,112,53,4.6513782784e+10,4.981560064e+10
488.090,112,112,53,4.649385984e+10,4.981560064e+10
488.291,112,112,53,4.6506442752e+10,4.981560064e+10
488.492,112,112,53,4.6519025664e+10,4.981560064e+10
488.694,112,112,53,4.653580288e+10,4.981560064e+10
488.895,112,112,53,4.6558871552e+10,4.981560064e+10
489.096,112,112,53,4.6574600192e+10,4.981560064e+10
489.297,112,112,53,4.6552580096e+10,4.981560064e+10
489.499,112,112,53,4.6553628672e+10,4.981560064e+10
489.700,112,112,53,4.6542094336e+10,4.981560064e+10
489.901,112,112,53,4.6547337216e+10,4.981560064e+10
490.102,112,112,53,4.652007424e+10,4.981560064e+10
490.304,112,112,53,4.6495956992e+10,4.981560064e+10
490.505,112,112,53,4.6503297024e+10,4.981560064e+10
490.706,112,112,53,4.6487568384e+10,4.981560064e+10
490.907,112,112,53,4.6429896704e+10,4.981560064e+10
491.109,112,112,53,4.6435139584e+10,4.981560064e+10
491.310,112,112,53,4.6445625344e+10,4.981560064e+10
491.511,112,112,53,4.644143104e+10,4.981560064e+10
491.713,112,112,53,4.6484422656e+10,4.981560064e+10
491.914,112,112,53,4.6477082624e+10,4.981560064e+10
492.115,112,112,53,4.6485471232e+10,4.981560064e+10
492.316,112,112,53,4.6511685632e+10,4.981560064e+10
492.517,112,112,53,4.6501199872e+10,4.981560064e+10
492.719,112,112,53,4.6495956992e+10,4.981560064e+10
492.920,112,112,53,4.6481276928e+10,4.981560064e+10
493.121,112,112,53,4.648337408e+10,4.981560064e+10
493.323,112,112,53,4.6482325504e+10,4.981560064e+10
493.524,112,112,53,4.64781312e+10,4.981560064e+10
493.726,112,112,53,4.6427799552e+10,4.981560064e+10
493.927,112,112,53,4.6438285312e+10,4.981560064e+10
494.128,112,112,53,4.6439333888e+10,4.981560064e+10
494.330,112,112,53,4.6433042432e+10,4.981560064e+10
494.531,112,112,53,4.6448771072e+10,4.981560064e+10
494.732,112,112,53,4.6443528192e+10,4.981560064e+10
494.934,112,112,53,4.6435139584e+10,4.981560064e+10
495.135,112,112,53,4.643094528e+10,4.981560064e+10
495.336,112,112,53,4.6423605248e+10,4.981560064e+10
495.538,112,112,53,4.642045952e+10,4.981560064e+10
495.739,112,112,53,4.6414168064e+10,4.981560064e+10
495.940,112,112,53,4.6396342272e+10,4.981560064e+10
496.142,112,112,53,4.6419410944e+10,4.981560064e+10
496.343,112,112,53,4.644143104e+10,4.981560064e+10
496.544,112,112,53,4.6438285312e+10,4.981560064e+10
496.746,112,112,53,4.641521664e+10,4.981560064e+10
496.947,112,112,53,4.642045952e+10,4.981560064e+10
497.148,112,112,53,4.643094528e+10,4.981560064e+10
497.350,112,112,53,4.6443528192e+10,4.981560064e+10
497.551,112,112,53,4.641521664e+10,4.981560064e+10
497.753,112,112,53,4.6411022336e+10,4.981560064e+10
497.954,112,112,53,4.6408925184e+10,4.981560064e+10
498.155,112,112,53,4.6391099392e+10,4.981560064e+10
498.357,112,112,53,4.6376419328e+10,4.981560064e+10
498.558,112,112,53,4.6396342272e+10,4.981560064e+10
498.759,112,112,53,4.6397390848e+10,4.981560064e+10
498.961,112,112,53,4.6386905088e+10,4.981560064e+10
499.162,112,112,53,4.6384807936e+10,4.981560064e+10
499.363,112,112,53,4.6370127872e+10,4.981560064e+10
499.564,112,112,53,4.6380613632e+10,4.981560064e+10
499.766,112,112,53,4.6343913472e+10,4.981560064e+10
499.967,112,112,53,4.6359642112e+10,4.981560064e+10
500.168,112,112,53,4.639424512e+10,4.981560064e+10
500.369,112,112,53,4.6387953664e+10,4.981560064e+10
500.571,112,112,53,4.6385856512e+10,4.981560064e+10
500.772,112,112,53,4.6365933568e+10,4.981560064e+10
500.974,112,112,53,4.6374322176e+10,4.981560064e+10
501.175,112,112,53,4.637851648e+10,4.981560064e+10
501.376,112,112,53,4.6365933568e+10,4.981560064e+10
501.578,112,112,53,4.6340767744e+10,4.981560064e+10
501.779,112,112,53,4.6333427712e+10,4.981560064e+10
501.980,112,112,53,4.6330281984e+10,4.981560064e+10
502.181,112,112,53,4.6322941952e+10,4.981560064e+10
502.383,112,112,53,4.6311407616e+10,4.981560064e+10
502.584,112,112,53,4.6308261888e+10,4.981560064e+10
502.785,112,112,53,4.6292533248e+10,4.981560064e+10
502.987,112,112,53,4.6296727552e+10,4.981560064e+10
503.188,112,112,53,4.6318747648e+10,4.981560064e+10
503.389,112,112,53,4.6318747648e+10,4.981560064e+10
503.590,112,112,53,4.6343913472e+10,4.981560064e+10
503.792,112,112,53,4.63470592e+10,4.981560064e+10
503.993,112,112,53,4.6323990528e+10,4.981560064e+10
504.195,112,112,53,4.6346010624e+10,4.981560064e+10
504.396,112,112,53,4.6335524864e+10,4.981560064e+10
504.597,112,112,53,4.6337622016e+10,4.981560064e+10
504.798,112,112,53,4.6344962048e+10,4.981560064e+10
504.999,112,112,53,4.6334476288e+10,4.981560064e+10
505.201,112,112,53,4.6304067584e+10,4.981560064e+10
505.402,112,112,53,4.627365888e+10,4.981560064e+10
505.603,112,112,53,4.6274707456e+10,4.981560064e+10
505.805,112,112,53,4.6282047488e+10,4.981560064e+10
506.006,112,112,53,4.6270513152e+10,4.981560064e+10
506.207,112,112,53,4.6279950336e+10,4.981560064e+10
506.409,112,112,53,4.6262124544e+10,4.981560064e+10
506.611,112,112,53,4.6290436096e+10,4.981560064e+10
506.812,112,112,53,4.6295678976e+10,4.981560064e+10
507.014,112,112,53,4.628938752e+10,4.981560064e+10
507.215,112,112,53,4.628938752e+10,4.981560064e+10
507.416,112,112,53,4.6288338944e+10,4.981560064e+10
507.618,112,112,53,4.6256881664e+10,4.981560064e+10
507.819,112,112,53,4.6280998912e+10,4.981560064e+10
508.020,112,112,53,4.6292533248e+10,4.981560064e+10
508.222,112,112,53,4.6283096064e+10,4.981560064e+10
508.423,112,112,53,4.6258978816e+10,4.981560064e+10
508.625,112,112,53,4.6219132928e+10,4.981560064e+10
508.827,112,112,53,4.6219132928e+10,4.981560064e+10
509.028,112,112,53,4.6218084352e+10,4.981560064e+10
509.229,112,112,53,4.622647296e+10,4.981560064e+10
509.430,112,112,53,4.6262124544e+10,4.981560064e+10
509.632,112,112,53,4.6268416e+10,4.981560064e+10
509.833,112,112,53,4.6227521536e+10,4.981560064e+10
510.034,112,112,53,4.6260027392e+10,4.981560064e+10
510.236,112,112,53,4.626317312e+10,4.981560064e+10
510.437,112,112,53,4.6250590208e+10,4.981560064e+10
510.638,112,112,53,4.6246395904e+10,4.981560064e+10
510.839,112,112,53,4.6243250176e+10,4.981560064e+10
511.040,112,112,53,4.623695872e+10,4.981560064e+10
511.242,112,112,53,4.6207598592e+10,4.981560064e+10
511.443,112,112,53,4.6199209984e+10,4.981560064e+10
511.644,112,112,53,4.6209695744e+10,4.981560064e+10
511.845,112,112,53,4.620025856e+10,4.981560064e+10
512.046,112,112,53,4.6203404288e+10,4.981560064e+10
512.247,112,112,53,4.6219132928e+10,4.981560064e+10
512.448,112,112,53,4.6230667264e+10,4.981560064e+10
512.649,112,112,53,4.6214938624e+10,4.981560064e+10
512.850,112,112,53,4.6201307136e+10,4.981560064e+10
513.051,112,112,53,4.6188724224e+10,4.981560064e+10
513.252,112,112,53,4.622123008e+10,4.981560064e+10
513.453,112,112,53,4.62159872e+10,4.981560064e+10
513.654,112,112,53,4.6211792896e+10,4.981560064e+10
513.855,112,112,53,4.6182432768e+10,4.981560064e+10
514.056,112,112,53,4.6176141312e+10,4.981560064e+10
514.257,112,112,53,4.615831552e+10,4.981560064e+10
514.458,112,112,53,4.6140489728e+10,4.981560064e+10
514.660,112,112,53,4.615831552e+10,4.981560064e+10
514.861,112,112,53,4.613210112e+10,4.981560064e+10
515.062,112,112,53,4.6144684032e+10,4.981560064e+10
515.263,112,112,53,4.614782976e+10,4.981560064e+10
515.464,112,112,53,4.615831552e+10,4.981560064e+10
515.665,112,112,53,4.6180335616e+10,4.981560064e+10
515.866,112,112,53,4.615831552e+10,4.981560064e+10
516.067,112,112,53,4.6167752704e+10,4.981560064e+10
516.268,112,112,53,4.6136295424e+10,4.981560064e+10
516.469,112,112,53,4.6113226752e+10,4.981560064e+10
516.670,112,112,53,4.6124761088e+10,4.981560064e+10
516.871,112,112,53,4.6138392576e+10,4.981560064e+10
517.072,112,112,53,4.6138392576e+10,4.981560064e+10
517.273,112,112,53,4.6128955392e+10,4.981560064e+10
517.474,112,112,53,4.6164606976e+10,4.981560064e+10
517.676,112,112,53,4.61635584e+10,4.981560064e+10
517.877,112,112,53,4.6154121216e+10,4.981560064e+10
518.078,112,112,53,4.6117421056e+10,4.981560064e+10
518.279,112,112,53,4.6117421056e+10,4.981560064e+10
518.481,112,112,53,4.6125809664e+10,4.981560064e+10
518.682,112,112,53,4.6115323904e+10,4.981560064e+10
518.883,112,112,53,4.6114275328e+10,4.981560064e+10
519.084,112,112,53,4.61111296e+10,4.981560064e+10
519.286,112,112,53,4.6102740992e+10,4.981560064e+10
519.487,112,112,53,4.6113226752e+10,4.981560064e+10
519.688,112,112,53,4.6081769472e+10,4.981560064e+10
519.890,112,112,53,4.604821504e+10,4.981560064e+10
520.091,112,112,53,4.6076526592e+10,4.981560064e+10
520.292,112,112,53,4.6085963776e+10,4.981560064e+10
520.494,112,112,53,4.6089109504e+10,4.981560064e+10
520.695,112,112,53,4.6066040832e+10,4.981560064e+10
520.896,112,112,53,4.6088060928e+10,4.981560064e+10
521.097,112,112,53,4.6097498112e+10,4.981560064e+10
521.299,112,112,53,4.6093303808e+10,4.981560064e+10
521.500,112,112,53,4.6112178176e+10,4.981560064e+10
521.701,112,112,53,4.6097498112e+10,4.981560064e+10
521.902,112,112,53,4.609015808e+10,4.981560064e+10
522.103,112,112,53,4.6085963776e+10,4.981560064e+10
522.305,112,112,53,4.6082818048e+10,4.981560064e+10
522.506,112,112,53,4.605345792e+10,4.981560064e+10
522.707,112,112,53,4.6068137984e+10,4.981560064e+10
522.909,112,112,53,4.6040875008e+10,4.981560064e+10
523.111,112,112,53,4.6031437824e+10,4.981560064e+10
523.312,112,112,53,4.6044020736e+10,4.981560064e+10
523.513,112,112,53,4.6036680704e+10,4.981560064e+10
523.715,112,112,53,4.6026194944e+10,4.981560064e+10
523.916,112,112,53,4.604297216e+10,4.981560064e+10
524.117,112,112,53,4.6080720896e+10,4.981560064e+10
524.318,112,112,53,4.6068137984e+10,4.981560064e+10
524.520,112,112,53,4.6072332288e+10,4.981560064e+10
524.721,112,112,53,4.6066040832e+10,4.981560064e+10
524.922,112,112,53,4.6023049216e+10,4.981560064e+10
525.124,112,112,53,4.602724352e+10,4.981560064e+10
525.325,112,112,53,4.60324864e+10,4.981560064e+10
525.526,112,112,53,4.6014660608e+10,4.981560064e+10
525.727,112,112,53,4.6017806336e+10,4.981560064e+10
525.929,112,112,53,4.6009417728e+10,4.981560064e+10
526.130,112,112,53,4.5999980544e+10,4.981560064e+10
526.332,112,112,53,4.6006272e+10,4.981560064e+10
526.533,112,112,53,4.6023049216e+10,4.981560064e+10
526.734,112,112,53,4.5992640512e+10,4.981560064e+10
526.935,112,112,53,4.6018854912e+10,4.981560064e+10
527.137,112,112,53,4.6018854912e+10,4.981560064e+10
527.338,112,112,53,4.6018854912e+10,4.981560064e+10
527.539,112,112,53,4.600102912e+10,4.981560064e+10
527.741,112,112,53,4.5994737664e+10,4.981560064e+10
527.942,112,112,53,4.599578624e+10,4.981560064e+10
528.143,112,112,53,4.5997883392e+10,4.981560064e+10
528.344,112,112,53,4.5983203328e+10,4.981560064e+10
528.546,112,112,53,4.5994737664e+10,4.981560064e+10
528.747,112,112,53,4.59800576e+10,4.981560064e+10
528.948,112,112,53,4.5970620416e+10,4.981560064e+10
529.149,112,112,53,4.5971668992e+10,4.981560064e+10
529.351,112,112,53,4.598530048e+10,4.981560064e+10
529.552,112,112,53,4.597481472e+10,4.981560064e+10
529.753,112,112,53,4.5940211712e+10,4.981560064e+10
529.954,112,112,53,4.598530048e+10,4.981560064e+10
530.155,112,112,53,4.5977960448e+10,4.981560064e+10
530.356,112,112,53,4.59800576e+10,4.981560064e+10
530.557,112,112,53,4.5999980544e+10,4.981560064e+10
530.758,112,112,53,4.5976911872e+10,4.981560064e+10
530.959,112,112,53,4.5951746048e+10,4.981560064e+10
531.161,112,112,53,4.591190016e+10,4.981560064e+10
531.362,112,112,53,4.592238592e+10,4.981560064e+10
531.563,112,112,53,4.5926580224e+10,4.981560064e+10
531.764,112,112,53,4.5912948736e+10,4.981560064e+10
531.965,112,112,53,4.5945454592e+10,4.981560064e+10
532.166,112,112,53,4.5942308864e+10,4.981560064e+10
532.367,112,112,53,4.5945454592e+10,4.981560064e+10
532.568,112,112,53,4.5931823104e+10,4.981560064e+10
532.769,112,112,53,4.590665728e+10,4.981560064e+10
532.971,112,112,53,4.5934968832e+10,4.981560064e+10
533.172,112,112,53,4.5955940352e+10,4.981560064e+10
533.373,112,112,53,4.5941260288e+10,4.981560064e+10
533.574,112,112,53,4.5924483072e+10,4.981560064e+10
533.774,112,112,53,4.5910851584e+10,4.981560064e+10
533.975,112,112,53,4.5868908544e+10,4.981560064e+10
534.176,112,112,53,4.5877297152e+10,4.981560064e+10
534.378,112,112,53,4.589617152e+10,4.981560064e+10
534.579,112,112,53,4.5902462976e+10,4.981560064e+10
534.780,112,112,53,4.5873102848e+10,4.981560064e+10
534.981,112,112,53,4.5913997312e+10,4.981560064e+10
535.182,112,112,53,4.59014144e+10,4.981560064e+10
535.383,112,112,53,4.5908754432e+10,4.981560064e+10
535.584,112,112,53,4.5889880064e+10,4.981560064e+10
535.784,112,112,53,4.5902462976e+10,4.981560064e+10
535.986,112,112,53,4.5912948736e+10,4.981560064e+10
536.187,112,112,53,4.58752e+10,4.981560064e+10
536.388,112,112,53,4.588044288e+10,4.981560064e+10
536.589,112,112,53,4.5874151424e+10,4.981560064e+10
536.790,112,112,53,4.588044288e+10,4.981560064e+10
536.991,112,112,53,4.5845839872e+10,4.981560064e+10
537.192,112,112,53,4.5823819776e+10,4.981560064e+10
537.393,112,112,53,4.5839548416e+10,4.981560064e+10
537.594,112,112,53,4.5820674048e+10,4.981560064e+10
537.795,112,112,53,4.5825916928e+10,4.981560064e+10
537.996,112,112,53,4.5882540032e+10,4.981560064e+10
538.197,112,112,53,4.5881491456e+10,4.981560064e+10
538.398,112,112,53,4.5865762816e+10,4.981560064e+10
538.599,112,112,53,4.5853179904e+10,4.981560064e+10
538.800,112,112,53,4.5834305536e+10,4.981560064e+10
539.001,112,112,53,4.5850034176e+10,4.981560064e+10
539.202,112,112,53,4.5836402688e+10,4.981560064e+10
539.403,112,112,53,4.5813334016e+10,4.981560064e+10
539.604,112,112,53,4.5826965504e+10,4.981560064e+10
539.806,112,112,53,4.5805993984e+10,4.981560064e+10
540.007,112,112,53,4.581752832e+10,4.981560064e+10
540.208,112,112,53,4.5810188288e+10,4.981560064e+10
540.410,112,112,53,4.5792362496e+10,4.981560064e+10
540.611,112,112,53,4.5821722624e+10,4.981560064e+10
540.812,112,112,53,4.5811236864e+10,4.981560064e+10
541.013,112,112,53,4.5808091136e+10,4.981560064e+10
541.215,112,112,53,4.5831159808e+10,4.981560064e+10
541.416,112,112,53,4.5811236864e+10,4.981560064e+10
541.618,112,112,53,4.5818576896e+10,4.981560064e+10
541.820,112,112,53,4.5802848256e+10,4.981560064e+10
542.021,112,112,53,4.5799702528e+10,4.981560064e+10
542.222,112,112,53,4.5804945408e+10,4.981560064e+10
542.424,112,112,53,4.5774536704e+10,4.981560064e+10
542.625,112,112,53,4.577558528e+10,4.981560064e+10
542.827,112,112,53,4.576509952e+10,4.981560064e+10
543.028,112,112,53,4.5746225152e+10,4.981560064e+10
543.229,112,112,53,4.5743079424e+10,4.981560064e+10
543.430,112,112,53,4.5739933696e+10,4.981560064e+10
543.632,112,112,53,4.5802848256e+10,4.981560064e+10
543.833,112,112,53,4.5788168192e+10,4.981560064e+10
544.034,112,112,53,4.5781876736e+10,4.981560064e+10
544.235,112,112,53,4.577558528e+10,4.981560064e+10
544.436,112,112,53,4.575985664e+10,4.981560064e+10
544.638,112,112,53,4.5755662336e+10,4.981560064e+10
544.839,112,112,53,4.5729447936e+10,4.981560064e+10
545.040,112,112,53,4.5737836544e+10,4.981560064e+10
545.241,112,112,53,4.5732593664e+10,4.981560064e+10
545.442,112,112,53,4.5724205056e+10,4.981560064e+10
545.643,112,112,53,4.5722107904e+10,4.981560064e+10
545.844,112,112,53,4.5716865024e+10,4.981560064e+10
546.045,112,112,53,4.5693796352e+10,4.981560064e+10
546.246,112,112,53,4.5705330688e+10,4.981560064e+10
546.447,112,112,53,4.5751468032e+10,4.981560064e+10
546.648,112,112,53,4.5748322304e+10,4.981560064e+10
546.849,112,112,53,4.5760905216e+10,4.981560064e+10
547.051,112,112,53,4.5746225152e+10,4.981560064e+10
547.252,112,112,53,4.5725253632e+10,4.981560064e+10
547.453,112,112,53,4.5725253632e+10,4.981560064e+10
547.654,112,112,53,4.57179136e+10,4.981560064e+10
547.856,112,112,53,4.5715816448e+10,4.981560064e+10
548.057,112,112,53,4.5701136384e+10,4.981560064e+10
548.259,112,112,53,4.5684359168e+10,4.981560064e+10
548.460,112,112,53,4.5683310592e+10,4.981560064e+10
548.661,112,112,53,4.5684359168e+10,4.981560064e+10
548.863,112,112,53,4.568645632e+10,4.981560064e+10
549.064,112,112,53,4.567072768e+10,4.981560064e+10
549.265,112,112,53,4.5700087808e+10,4.981560064e+10
549.466,112,112,53,4.5708476416e+10,4.981560064e+10
549.667,112,112,53,4.5714767872e+10,4.981560064e+10
549.868,112,112,53,4.5713719296e+10,4.981560064e+10
550.069,112,112,53,4.572315648e+10,4.981560064e+10
550.271,112,112,53,4.5721059328e+10,4.981560064e+10
550.472,112,112,53,4.5704282112e+10,4.981560064e+10
550.673,112,112,53,4.5697990656e+10,4.981560064e+10
550.874,112,112,53,4.5674921984e+10,4.981560064e+10
551.075,112,112,53,4.563402752e+10,4.981560064e+10
551.276,112,112,53,4.5651853312e+10,4.981560064e+10
551.477,112,112,53,4.5632978944e+10,4.981560064e+10
551.679,112,112,53,4.5677019136e+10,4.981560064e+10
551.880,112,112,53,4.5669679104e+10,4.981560064e+10
552.081,112,112,53,4.567597056e+10,4.981560064e+10
552.282,112,112,53,4.5664436224e+10,4.981560064e+10
552.483,112,112,53,4.5687504896e+10,4.981560064e+10
552.684,112,112,53,4.5678067712e+10,4.981560064e+10
552.885,112,112,53,4.5662339072e+10,4.981560064e+10
553.086,112,112,53,4.5643464704e+10,4.981560064e+10
553.287,112,112,53,4.5663387648e+10,4.981560064e+10
553.488,112,112,53,4.5667581952e+10,4.981560064e+10
553.689,112,112,53,4.5646610432e+10,4.981560064e+10
553.891,112,112,53,4.56392704e+10,4.981560064e+10
554.092,112,112,53,4.5637173248e+10,4.981560064e+10
554.293,112,112,53,4.5658144768e+10,4.981560064e+10
554.495,112,112,53,4.566024192e+10,4.981560064e+10
554.696,112,112,53,4.562354176e+10,4.981560064e+10
554.897,112,112,53,4.560781312e+10,4.981560064e+10
555.098,112,112,53,4.560257024e+10,4.981560064e+10
555.299,112,112,53,4.5625638912e+10,4.981560064e+10
555.500,112,112,53,4.560781312e+10,4.981560064e+10
555.701,112,112,53,4.5615153152e+10,4.981560064e+10
555.902,112,112,53,4.5631930368e+10,4.981560064e+10
556.104,112,112,53,4.56392704e+10,4.981560064e+10
556.305,112,112,53,4.561829888e+10,4.981560064e+10
556.506,112,112,53,4.5663387648e+10,4.981560064e+10
556.707,112,112,53,4.5682262016e+10,4.981560064e+10
556.908,112,112,53,4.5646610432e+10,4.981560064e+10
557.109,112,112,53,4.563402752e+10,4.981560064e+10
557.311,112,112,53,4.5627736064e+10,4.981560064e+10
557.512,112,112,53,4.5619347456e+10,4.981560064e+10
557.713,112,112,53,4.5588938752e+10,4.981560064e+10
557.914,112,112,53,4.5594181632e+10,4.981560064e+10
558.115,112,112,53,4.5567967232e+10,4.981560064e+10
558.316,112,112,53,4.5559578624e+10,4.981560064e+10
558.518,112,112,53,4.5588938752e+10,4.981560064e+10
558.719,112,112,53,4.5588938752e+10,4.981560064e+10
558.920,112,112,53,4.5613056e+10,4.981560064e+10
559.121,112,112,53,4.561829888e+10,4.981560064e+10
559.322,112,112,53,4.5615153152e+10,4.981560064e+10
559.523,112,112,53,4.5600473088e+10,4.981560064e+10
559.724,112,112,53,4.5645561856e+10,4.981560064e+10
559.925,112,112,53,4.5653950464e+10,4.981560064e+10
560.126,112,112,53,4.5613056e+10,4.981560064e+10
560.327,112,112,53,4.55606272e+10,4.981560064e+10
560.528,112,112,53,4.5572161536e+10,4.981560064e+10
560.728,112,112,53,4.5573210112e+10,4.981560064e+10
560.929,112,112,53,4.5531267072e+10,4.981560064e+10
561.130,112,112,53,4.5514489856e+10,4.981560064e+10
561.331,112,112,53,4.5517635584e+10,4.981560064e+10
561.532,112,112,53,4.5541752832e+10,4.981560064e+10
561.733,112,112,53,4.5530218496e+10,4.981560064e+10
561.934,112,112,53,4.5564821504e+10,4.981560064e+10
562.135,112,112,53,4.5552238592e+10,4.981560064e+10
562.337,112,112,53,4.5561675776e+10,4.981560064e+10
562.538,112,112,53,4.5569015808e+10,4.981560064e+10
562.739,112,112,53,4.5578452992e+10,4.981560064e+10
562.940,112,112,53,4.5564821504e+10,4.981560064e+10
563.142,112,112,53,4.5532315648e+10,4.981560064e+10
563.343,112,112,53,4.5510295552e+10,4.981560064e+10
563.544,112,112,53,4.5469401088e+10,4.981560064e+10
563.745,112,112,53,4.5521829888e+10,4.981560064e+10
563.947,112,112,53,4.5514489856e+10,4.981560064e+10
564.148,112,112,53,4.5538607104e+10,4.981560064e+10
564.349,112,112,53,4.555538432e+10,4.981560064e+10
564.550,112,112,53,4.5541752832e+10,4.981560064e+10
564.751,112,112,53,4.5531267072e+10,4.981560064e+10
564.953,112,112,53,4.5521829888e+10,4.981560064e+10
565.154,112,112,53,4.5538607104e+10,4.981560064e+10
565.355,112,112,53,4.5549092864e+10,4.981560064e+10
565.556,112,112,53,4.5532315648e+10,4.981560064e+10
565.757,112,112,53,4.5501906944e+10,4.981560064e+10
565.958,112,112,53,4.5493518336e+10,4.981560064e+10
566.160,112,112,53,4.5489324032e+10,4.981560064e+10
566.361,112,112,53,4.5478838272e+10,4.981560064e+10
566.562,112,112,53,4.547149824e+10,4.981560064e+10
566.763,112,112,53,4.546625536e+10,4.981560064e+10
566.964,112,112,53,4.5489324032e+10,4.981560064e+10
567.165,112,112,53,4.5481984e+10,4.981560064e+10
567.366,112,112,53,4.548722688e+10,4.981560064e+10
567.567,112,112,53,4.5478838272e+10,4.981560064e+10
567.768,112,112,53,4.5490372608e+10,4.981560064e+10
567.969,112,112,53,4.5484081152e+10,4.981560064e+10
568.170,112,112,53,4.546625536e+10,4.981560064e+10
568.371,112,112,53,4.5484081152e+10,4.981560064e+10
568.573,112,112,53,4.549246976e+10,4.981560064e+10
568.774,112,112,53,4.5474643968e+10,4.981560064e+10
568.975,112,112,53,4.5465206784e+10,4.981560064e+10
569.176,112,112,53,4.5477789696e+10,4.981560064e+10
569.377,112,112,53,4.5469401088e+10,4.981560064e+10
569.578,112,112,53,4.547674112e+10,4.981560064e+10
569.779,112,112,53,4.5465206784e+10,4.981560064e+10
569.980,112,112,53,4.5472546816e+10,4.981560064e+10
570.181,112,112,53,4.5485129728e+10,4.981560064e+10
570.382,112,112,53,4.5463109632e+10,4.981560064e+10
570.583,112,112,53,4.5432700928e+10,4.981560064e+10
570.784,112,112,53,4.5409632256e+10,4.981560064e+10
570.985,112,112,53,4.542431232e+10,4.981560064e+10
571.186,112,112,53,4.5411729408e+10,4.981560064e+10
571.387,112,112,53,4.5426409472e+10,4.981560064e+10
571.588,112,112,53,4.5418020864e+10,4.981560064e+10
571.789,112,112,53,4.5431652352e+10,4.981560064e+10
571.990,112,112,53,4.5451575296e+10,4.981560064e+10
572.191,112,112,53,4.5447380992e+10,4.981560064e+10
572.392,112,112,53,4.545052672e+10,4.981560064e+10
572.593,112,112,53,4.5423263744e+10,4.981560064e+10
572.794,112,112,53,4.5425360896e+10,4.981560064e+10
572.995,112,112,53,4.542431232e+10,4.981560064e+10
573.196,112,112,53,4.5435846656e+10,4.981560064e+10
573.397,112,112,53,4.5433749504e+10,4.981560064e+10
573.598,112,112,53,4.541906944e+10,4.981560064e+10
573.799,112,112,53,4.5379223552e+10,4.981560064e+10
574.000,112,112,53,4.5370834944e+10,4.981560064e+10
574.201,112,112,53,4.5405437952e+10,4.981560064e+10
574.403,112,112,53,4.539809792e+10,4.981560064e+10
574.604,112,112,53,4.5401243648e+10,4.981560064e+10
574.805,112,112,53,4.5393903616e+10,4.981560064e+10
575.006,112,112,53,4.541906944e+10,4.981560064e+10
575.207,112,112,53,4.5414875136e+10,4.981560064e+10
575.408,112,112,53,4.540858368e+10,4.981560064e+10
575.609,112,112,53,4.5385515008e+10,4.981560064e+10
575.810,112,112,53,4.5394952192e+10,4.981560064e+10
576.012,112,112,53,4.5388660736e+10,4.981560064e+10
576.213,112,112,53,4.5390757888e+10,4.981560064e+10
576.414,112,112,53,4.5347766272e+10,4.981560064e+10
576.615,112,112,53,4.5368737792e+10,4.981560064e+10
576.816,112,112,53,4.535615488e+10,4.981560064e+10
577.017,112,112,53,4.5363494912e+10,4.981560064e+10
577.218,112,112,53,4.5357203456e+10,4.981560064e+10
577.419,112,112,53,4.5349863424e+10,4.981560064e+10
577.620,112,112,53,4.534566912e+10,4.981560064e+10
577.821,112,112,53,4.5357203456e+10,4.981560064e+10
578.022,112,112,53,4.5338329088e+10,4.981560064e+10
578.223,112,112,53,4.5333086208e+10,4.981560064e+10
578.424,112,112,53,4.5343571968e+10,4.981560064e+10
578.625,112,112,53,4.5346717696e+10,4.981560064e+10
578.826,112,112,53,4.5346717696e+10,4.981560064e+10
579.027,112,112,53,4.5339377664e+10,4.981560064e+10
579.228,112,112,53,4.5365592064e+10,4.981560064e+10
579.429,112,112,53,4.5360349184e+10,4.981560064e+10
579.630,112,112,53,4.5348814848e+10,4.981560064e+10
579.831,112,112,53,4.5316308992e+10,4.981560064e+10
580.032,112,112,53,4.5296386048e+10,4.981560064e+10
580.233,112,112,53,4.52984832e+10,4.981560064e+10
580.434,112,112,53,4.5270171648e+10,4.981560064e+10
580.635,112,112,53,4.5290094592e+10,4.981560064e+10
580.836,112,112,53,4.5274365952e+10,4.981560064e+10
581.037,112,112,53,4.5275414528e+10,4.981560064e+10
581.238,112,112,53,4.5259685888e+10,4.981560064e+10
581.439,112,112,53,4.5254443008e+10,4.981560064e+10
581.640,112,112,53,4.5318406144e+10,4.981560064e+10
581.841,112,112,53,4.5337280512e+10,4.981560064e+10
582.042,112,112,53,4.5355106304e+10,4.981560064e+10
582.243,112,112,53,4.5337280512e+10,4.981560064e+10
582.444,112,112,53,4.534566912e+10,4.981560064e+10
582.645,112,112,53,4.5318406144e+10,4.981560064e+10
582.847,112,112,53,4.5295337472e+10,4.981560064e+10
583.048,112,112,53,4.528275456e+10,4.981560064e+10
583.249,112,112,53,4.5285900288e+10,4.981560064e+10
583.450,112,112,53,4.525654016e+10,4.981560064e+10
583.651,112,112,53,4.5234520064e+10,4.981560064e+10
583.852,112,112,53,4.524081152e+10,4.981560064e+10
584.053,112,112,53,4.5248151552e+10,4.981560064e+10
584.254,112,112,53,4.526178304e+10,4.981560064e+10
584.455,112,112,53,4.52460544e+10,4.981560064e+10
584.656,112,112,53,4.5255491584e+10,4.981560064e+10
584.857,112,112,53,4.5285900288e+10,4.981560064e+10
585.058,112,112,53,4.526702592e+10,4.981560064e+10
585.260,112,112,53,4.5254443008e+10,4.981560064e+10
585.461,112,112,53,4.5292191744e+10,4.981560064e+10
585.663,112,112,53,4.530372608e+10,4.981560064e+10
585.864,112,112,53,4.53246976e+10,4.981560064e+10
586.066,112,112,53,4.5334134784e+10,4.981560064e+10
586.267,112,112,53,4.52460544e+10,4.981560064e+10
586.469,112,112,53,4.51936256e+10,4.981560064e+10
586.670,112,112,53,4.5237665792e+10,4.981560064e+10
586.872,112,112,53,4.5229277184e+10,4.981560064e+10
587.073,112,112,53,4.5218791424e+10,4.981560064e+10
587.274,112,112,53,4.523032576e+10,4.981560064e+10
587.475,112,112,53,4.5236617216e+10,4.981560064e+10
587.677,112,112,53,4.5220888576e+10,4.981560064e+10
587.878,112,112,53,4.5215645696e+10,4.981560064e+10
588.079,112,112,53,4.5228228608e+10,4.981560064e+10
588.281,112,112,53,4.5207257088e+10,4.981560064e+10
588.482,112,112,53,4.5228228608e+10,4.981560064e+10
588.683,112,112,53,4.5238714368e+10,4.981560064e+10
588.884,112,112,53,4.525129728e+10,4.981560064e+10
589.085,112,112,53,4.5237665792e+10,4.981560064e+10
589.286,112,112,53,4.5212499968e+10,4.981560064e+10
589.487,112,112,53,4.5242908672e+10,4.981560064e+10
589.688,112,112,53,4.5232422912e+10,4.981560064e+10
589.890,112,112,53,4.521459712e+10,4.981560064e+10
590.091,112,112,53,4.523032576e+10,4.981560064e+10
590.292,112,112,53,4.5245005824e+10,4.981560064e+10
590.493,112,112,53,4.5232422912e+10,4.981560064e+10
590.694,112,112,53,4.5179994112e+10,4.981560064e+10
590.895,112,112,53,4.5153779712e+10,4.981560064e+10
591.096,112,112,53,4.5145391104e+10,4.981560064e+10
591.297,112,112,53,4.5131759616e+10,4.981560064e+10
591.498,112,112,53,4.5128613888e+10,4.981560064e+10
591.699,112,112,53,4.5168459776e+10,4.981560064e+10
591.901,112,112,53,4.5179994112e+10,4.981560064e+10
592.102,112,112,53,4.5160071168e+10,4.981560064e+10
592.303,112,112,53,4.5208305664e+10,4.981560064e+10
592.504,112,112,53,4.5205159936e+10,4.981560064e+10
592.705,112,112,53,4.521459712e+10,4.981560064e+10
592.907,112,112,53,4.5226131456e+10,4.981560064e+10
593.108,112,112,53,4.5205159936e+10,4.981560064e+10
593.309,112,112,53,4.5231374336e+10,4.981560064e+10
593.511,112,112,53,4.5217742848e+10,4.981560064e+10
593.712,112,112,53,4.5161119744e+10,4.981560064e+10
593.913,112,112,53,4.5140148224e+10,4.981560064e+10
594.114,112,112,53,4.5139099648e+10,4.981560064e+10
594.315,112,112,53,4.514643968e+10,4.981560064e+10
594.516,112,112,53,4.5123371008e+10,4.981560064e+10
594.717,112,112,53,4.5096108032e+10,4.981560064e+10
594.918,112,112,53,4.5096108032e+10,4.981560064e+10
595.119,112,112,53,4.5103448064e+10,4.981560064e+10
595.321,112,112,53,4.5129662464e+10,4.981560064e+10
595.522,112,112,53,4.5166362624e+10,4.981560064e+10
595.723,112,112,53,4.5181042688e+10,4.981560064e+10
595.925,112,112,53,4.5197819904e+10,4.981560064e+10
596.126,112,112,53,4.517265408e+10,4.981560064e+10
596.327,112,112,53,4.5142245376e+10,4.981560064e+10
596.528,112,112,53,4.5145391104e+10,4.981560064e+10
596.729,112,112,53,4.5154828288e+10,4.981560064e+10
596.930,112,112,53,4.5139099648e+10,4.981560064e+10
597.131,112,112,53,4.5127565312e+10,4.981560064e+10
597.332,112,112,53,4.5105545216e+10,4.981560064e+10
597.533,112,112,53,4.5102399488e+10,4.981560064e+10
597.734,112,112,53,4.5110788096e+10,4.981560064e+10
597.935,112,112,53,4.510449664e+10,4.981560064e+10
598.136,112,112,53,4.5087719424e+10,4.981560064e+10
598.337,112,112,53,4.510449664e+10,4.981560064e+10
598.538,112,112,53,4.5107642368e+10,4.981560064e+10
598.739,112,112,53,4.515692544e+10,4.981560064e+10
598.940,112,112,53,4.513071104e+10,4.981560064e+10
599.141,112,112,53,4.51411968e+10,4.981560064e+10
599.342,112,112,53,4.517265408e+10,4.981560064e+10
599.543,112,112,53,4.5178945536e+10,4.981560064e+10
599.744,112,112,53,4.5119176704e+10,4.981560064e+10
599.945,112,112,53,4.5084573696e+10,4.981560064e+10
600.146,112,112,53,4.5092962304e+10,4.981560064e+10
600.347,112,112,53,4.5088768e+10,4.981560064e+10
600.548,112,112,53,4.5048922112e+10,4.981560064e+10
600.749,112,112,53,4.5095059456e+10,4.981560064e+10
600.950,112,112,53,4.5086670848e+10,4.981560064e+10
601.151,112,112,53,4.5102399488e+10,4.981560064e+10
601.352,112,112,53,4.5097156608e+10,4.981560064e+10
601.554,112,112,53,4.5066747904e+10,4.981560064e+10
601.755,112,112,53,4.5098205184e+10,4.981560064e+10
601.956,112,112,53,4.5117079552e+10,4.981560064e+10
602.157,112,112,53,4.5128613888e+10,4.981560064e+10
602.358,112,112,53,4.5119176704e+10,4.981560064e+10
602.559,112,112,53,4.5103448064e+10,4.981560064e+10
602.760,112,112,53,4.5097156608e+10,4.981560064e+10
602.961,112,112,53,4.5075136512e+10,4.981560064e+10
603.162,112,112,53,4.5038436352e+10,4.981560064e+10
603.363,112,112,53,4.5059407872e+10,4.981560064e+10
603.563,112,112,53,4.5075136512e+10,4.981560064e+10
603.764,112,112,53,4.5081427968e+10,4.981560064e+10
603.965,112,112,53,4.5037387776e+10,4.981560064e+10
604.166,112,112,53,4.5013270528e+10,4.981560064e+10
604.367,112,112,53,4.5055213568e+10,4.981560064e+10
604.568,112,112,53,4.5066747904e+10,4.981560064e+10
604.769,112,112,53,4.507303936e+10,4.981560064e+10
604.970,112,112,53,4.5065699328e+10,4.981560064e+10
605.171,112,112,53,4.5056262144e+10,4.981560064e+10
605.372,112,112,53,4.505206784e+10,4.981560064e+10
605.573,112,112,53,4.5058359296e+10,4.981560064e+10
605.774,112,112,53,4.5059407872e+10,4.981560064e+10
605.975,112,112,53,4.5068845056e+10,4.981560064e+10
606.176,112,112,53,4.5060456448e+10,4.981560064e+10
606.377,112,112,53,4.5048922112e+10,4.981560064e+10
606.578,112,112,53,4.5033193472e+10,4.981560064e+10
606.779,112,112,53,4.4995444736e+10,4.981560064e+10
606.980,112,112,53,4.5002784768e+10,4.981560064e+10
607.181,112,112,53,4.5054164992e+10,4.981560064e+10
607.382,112,112,53,4.5054164992e+10,4.981560064e+10
607.583,112,112,53,4.5030047744e+10,4.981560064e+10
607.784,112,112,53,4.5016416256e+10,4.981560064e+10
607.985,112,112,53,4.5028999168e+10,4.981560064e+10
608.185,112,112,53,4.5022707712e+10,4.981560064e+10
608.386,112,112,53,4.5027950592e+10,4.981560064e+10
608.587,112,112,53,4.505206784e+10,4.981560064e+10
608.788,112,112,53,4.5037387776e+10,4.981560064e+10
608.989,112,112,53,4.5027950592e+10,4.981560064e+10
609.190,112,112,53,4.5021659136e+10,4.981560064e+10
609.391,112,112,53,4.5003833344e+10,4.981560064e+10
609.592,112,112,53,4.4996493312e+10,4.981560064e+10
609.793,112,112,53,4.4998590464e+10,4.981560064e+10
609.994,112,112,53,4.4990201856e+10,4.981560064e+10
610.195,112,112,53,4.5026902016e+10,4.981560064e+10
610.396,112,112,53,4.5005930496e+10,4.981560064e+10
610.597,112,112,53,4.501536768e+10,4.981560064e+10
610.798,112,112,53,4.4998590464e+10,4.981560064e+10
610.999,112,112,53,4.502585344e+10,4.981560064e+10
611.200,112,112,53,4.5033193472e+10,4.981560064e+10
611.401,112,112,53,4.4997541888e+10,4.981560064e+10
611.602,112,112,53,4.4970278912e+10,4.981560064e+10
611.803,112,112,53,4.4971327488e+10,4.981560064e+10
612.004,112,112,53,4.4970278912e+10,4.981560064e+10
612.205,112,112,53,4.4972376064e+10,4.981560064e+10
612.406,112,112,53,4.4992299008e+10,4.981560064e+10
612.607,112,112,53,4.5003833344e+10,4.981560064e+10
612.808,112,112,53,4.499963904e+10,4.981560064e+10
613.009,112,112,53,4.5008027648e+10,4.981560064e+10
613.210,112,112,53,4.497866752e+10,4.981560064e+10
613.411,112,112,53,4.4975521792e+10,4.981560064e+10
613.612,112,112,53,4.496293888e+10,4.981560064e+10
613.813,112,112,53,4.4979716096e+10,4.981560064e+10
614.014,112,112,53,4.4986007552e+10,4.981560064e+10
614.216,112,112,53,4.4965036032e+10,4.981560064e+10
614.417,112,112,53,4.4955598848e+10,4.981560064e+10
614.618,112,112,53,4.4945113088e+10,4.981560064e+10
614.819,112,112,53,4.4929384448e+10,4.981560064e+10
615.020,112,112,53,4.4971327488e+10,4.981560064e+10
615.221,112,112,53,4.496818176e+10,4.981560064e+10
615.421,112,112,53,4.4965036032e+10,4.981560064e+10
615.622,112,112,53,4.4948258816e+10,4.981560064e+10
615.823,112,112,53,4.4966084608e+10,4.981560064e+10
616.024,112,112,53,4.4965036032e+10,4.981560064e+10
616.225,112,112,53,4.4961890304e+10,4.981560064e+10
616.426,112,112,53,4.496293888e+10,4.981560064e+10
616.627,112,112,53,4.4933578752e+10,4.981560064e+10
616.828,112,112,53,4.4954550272e+10,4.981560064e+10
617.029,112,112,53,4.4955598848e+10,4.981560064e+10
617.230,112,112,53,4.4959793152e+10,4.981560064e+10
617.431,112,112,53,4.4954550272e+10,4.981560064e+10
617.632,112,112,53,4.4950355968e+10,4.981560064e+10
617.833,112,112,53,4.4954550272e+10,4.981560064e+10
618.034,112,112,53,4.4958744576e+10,4.981560064e+10
618.235,112,112,53,4.4950355968e+10,4.981560064e+10
618.436,112,112,53,4.4955598848e+10,4.981560064e+10
618.637,112,112,53,4.4944064512e+10,4.981560064e+10
618.839,112,112,53,4.4940918784e+10,4.981560064e+10
619.040,112,112,53,4.4933578752e+10,4.981560064e+10
619.241,112,112,53,4.4939870208e+10,4.981560064e+10
619.442,112,112,53,4.4923092992e+10,4.981560064e+10
619.643,112,112,53,4.490002432e+10,4.981560064e+10
619.844,112,112,53,4.492099584e+10,4.981560064e+10
620.045,112,112,53,4.4944064512e+10,4.981560064e+10
620.246,112,112,53,4.4930433024e+10,4.981560064e+10
620.447,112,112,53,4.4932530176e+10,4.981560064e+10
620.648,112,112,53,4.4916801536e+10,4.981560064e+10
620.849,112,112,53,4.4917850112e+10,4.981560064e+10
621.050,112,112,53,4.4951404544e+10,4.981560064e+10
621.251,112,112,53,4.4949307392e+10,4.981560064e+10
621.452,112,112,53,4.4930433024e+10,4.981560064e+10
621.653,112,112,53,4.4930433024e+10,4.981560064e+10
621.854,112,112,53,4.4927287296e+10,4.981560064e+10
622.055,112,112,53,4.49052672e+10,4.981560064e+10
622.256,112,112,53,4.4891635712e+10,4.981560064e+10
622.457,112,112,53,4.4909461504e+10,4.981560064e+10
622.658,112,112,53,4.4925190144e+10,4.981560064e+10
622.859,112,112,53,4.4934627328e+10,4.981560064e+10
623.060,112,112,53,4.4917850112e+10,4.981560064e+10
623.261,112,112,53,4.4916801536e+10,4.981560064e+10
623.462,112,112,53,4.4903170048e+10,4.981560064e+10
623.663,112,112,53,4.4891635712e+10,4.981560064e+10
623.863,112,112,53,4.4914704384e+10,4.981560064e+10
624.064,112,112,53,4.4945113088e+10,4.981560064e+10
624.265,112,112,53,4.4948258816e+10,4.981560064e+10
624.466,112,112,53,4.4948258816e+10,4.981560064e+10
624.667,112,112,53,4.4965036032e+10,4.981560064e+10
624.868,112,112,53,4.4951404544e+10,4.981560064e+10
625.069,112,112,53,4.48790528e+10,4.981560064e+10
625.270,112,112,53,4.4878004224e+10,4.981560064e+10
625.471,112,112,53,4.4869615616e+10,4.981560064e+10
625.672,112,112,53,4.4870664192e+10,4.981560064e+10
625.873,112,112,53,4.4880101376e+10,4.981560064e+10
626.074,112,112,53,4.4897927168e+10,4.981560064e+10
626.275,112,112,53,4.4892684288e+10,4.981560064e+10
626.476,112,112,53,4.4898975744e+10,4.981560064e+10
626.677,112,112,53,4.4876955648e+10,4.981560064e+10
626.878,112,112,53,4.4893732864e+10,4.981560064e+10
627.079,112,112,53,4.4912607232e+10,4.981560064e+10
627.280,112,112,53,4.488953856e+10,4.981560064e+10
627.481,112,112,53,4.4932530176e+10,4.981560064e+10
627.682,112,112,53,4.4918898688e+10,4.981560064e+10
627.883,112,112,53,4.4885344256e+10,4.981560064e+10
628.084,112,112,53,4.4846546944e+10,4.981560064e+10
628.285,112,112,53,4.4846546944e+10,4.981560064e+10
628.486,112,112,53,4.48528384e+10,4.981560064e+10
628.688,112,112,53,4.4871712768e+10,4.981560064e+10
628.889,112,112,53,4.4872761344e+10,4.981560064e+10
629.090,112,112,53,4.4878004224e+10,4.981560064e+10
629.291,112,112,53,4.4869615616e+10,4.981560064e+10
629.492,112,112,53,4.4887441408e+10,4.981560064e+10
629.693,112,112,53,4.49052672e+10,4.981560064e+10
629.895,112,112,53,4.488953856e+10,4.981560064e+10
630.096,112,112,53,4.4878004224e+10,4.981560064e+10
630.298,112,112,53,4.4878004224e+10,4.981560064e+10
630.499,112,112,53,4.4886392832e+10,4.981560064e+10
630.701,112,112,53,4.486332416e+10,4.981560064e+10
630.902,112,112,53,4.4861227008e+10,4.981560064e+10
631.103,112,112,53,4.4844449792e+10,4.981560064e+10
631.305,112,112,53,4.483710976e+10,4.981560064e+10
631.506,112,112,53,4.4853886976e+10,4.981560064e+10
631.707,112,112,53,4.4846546944e+10,4.981560064e+10
631.908,112,112,53,4.4836061184e+10,4.981560064e+10
632.110,112,112,53,4.4820332544e+10,4.981560064e+10
632.311,112,112,53,4.4846546944e+10,4.981560064e+10
632.512,112,112,53,4.4871712768e+10,4.981560064e+10
632.713,112,112,53,4.488953856e+10,4.981560064e+10
632.915,112,112,53,4.489478144e+10,4.981560064e+10
633.116,112,112,53,4.489478144e+10,4.981560064e+10
633.317,112,112,53,4.4878004224e+10,4.981560064e+10
633.519,112,112,53,4.4881149952e+10,4.981560064e+10
633.720,112,112,53,4.4876955648e+10,4.981560064e+10
633.921,112,112,53,4.4844449792e+10,4.981560064e+10
634.123,112,112,53,4.4807749632e+10,4.981560064e+10
634.324,112,112,53,4.4827672576e+10,4.981560064e+10
634.525,112,112,53,4.4851789824e+10,4.981560064e+10
634.727,112,112,53,4.4853886976e+10,4.981560064e+10
634.928,112,112,53,4.4844449792e+10,4.981560064e+10
635.129,112,112,53,4.481089536e+10,4.981560064e+10
635.330,112,112,53,4.4815089664e+10,4.981560064e+10
635.532,112,112,53,4.4828721152e+10,4.981560064e+10
635.733,112,112,53,4.4822429696e+10,4.981560064e+10
635.934,112,112,53,4.4861227008e+10,4.981560064e+10
636.135,112,112,53,4.4850741248e+10,4.981560064e+10
636.336,112,112,53,4.4867518464e+10,4.981560064e+10
636.537,112,112,53,4.4882198528e+10,4.981560064e+10
636.738,112,112,53,4.4869615616e+10,4.981560064e+10
636.940,112,112,53,4.4841304064e+10,4.981560064e+10
637.141,112,112,53,4.4781535232e+10,4.981560064e+10
637.342,112,112,53,4.4820332544e+10,4.981560064e+10
637.543,112,112,53,4.479516672e+10,4.981560064e+10
637.744,112,112,53,4.479516672e+10,4.981560064e+10
637.945,112,112,53,4.4809846784e+10,4.981560064e+10
638.146,112,112,53,4.482138112e+10,4.981560064e+10
638.347,112,112,53,4.4830818304e+10,4.981560064e+10
638.548,112,112,53,4.4772098048e+10,4.981560064e+10
638.749,112,112,53,4.4786778112e+10,4.981560064e+10
638.950,112,112,53,4.4802506752e+10,4.981560064e+10
639.151,112,112,53,4.4818235392e+10,4.981560064e+10
639.352,112,112,53,4.4849692672e+10,4.981560064e+10
639.553,112,112,53,4.483186688e+10,4.981560064e+10
639.754,112,112,53,4.4833964032e+10,4.981560064e+10
639.955,112,112,53,4.479516672e+10,4.981560064e+10
640.156,112,112,53,4.4799361024e+10,4.981560064e+10
640.357,112,112,53,4.4808798208e+10,4.981560064e+10
640.558,112,112,53,4.4815089664e+10,4.981560064e+10
640.759,112,112,53,4.4806701056e+10,4.981560064e+10
640.960,112,112,53,4.4801458176e+10,4.981560064e+10
641.161,112,112,53,4.4788875264e+10,4.981560064e+10
641.362,112,112,53,4.4804603904e+10,4.981560064e+10
641.563,112,112,53,4.4819283968e+10,4.981560064e+10
641.764,112,112,53,4.4812992512e+10,4.981560064e+10
641.965,112,112,53,4.4775243776e+10,4.981560064e+10
642.166,112,112,53,4.4756369408e+10,4.981560064e+10
642.367,112,112,53,4.4786778112e+10,4.981560064e+10
642.568,112,112,53,4.4788875264e+10,4.981560064e+10
642.769,112,112,53,4.4822429696e+10,4.981560064e+10
642.970,112,112,53,4.4808798208e+10,4.981560064e+10
643.171,112,112,53,4.4787826688e+10,4.981560064e+10
643.372,112,112,53,4.4777340928e+10,4.981560064e+10
643.573,112,112,53,4.4775243776e+10,4.981560064e+10
643.774,112,112,53,4.4776292352e+10,4.981560064e+10
643.975,112,112,53,4.4764758016e+10,4.981560064e+10
644.176,112,112,53,4.4777340928e+10,4.981560064e+10
644.377,112,112,53,4.4773146624e+10,4.981560064e+10
644.578,112,112,53,4.475846656e+10,4.981560064e+10
644.780,112,112,53,4.4756369408e+10,4.981560064e+10
644.981,112,112,53,4.475846656e+10,4.981560064e+10
645.182,112,112,53,4.4778389504e+10,4.981560064e+10
645.383,112,112,53,4.4788875264e+10,4.981560064e+10
645.584,112,112,53,4.4801458176e+10,4.981560064e+10
645.785,112,112,53,4.4798312448e+10,4.981560064e+10
645.986,112,112,53,4.476895232e+10,4.981560064e+10
646.188,112,112,53,4.4751126528e+10,4.981560064e+10
646.389,112,112,53,4.474273792e+10,4.981560064e+10
646.590,112,112,53,4.477943808e+10,4.981560064e+10
646.792,112,112,53,4.4786778112e+10,4.981560064e+10
646.993,112,112,53,4.4777340928e+10,4.981560064e+10
647.194,112,112,53,4.477943808e+10,4.981560064e+10
647.395,112,112,53,4.4743786496e+10,4.981560064e+10
647.596,112,112,53,4.4729106432e+10,4.981560064e+10
647.797,112,112,53,4.4717572096e+10,4.981560064e+10
647.998,112,112,53,4.4722814976e+10,4.981560064e+10
648.199,112,112,53,4.4744835072e+10,4.981560064e+10
648.400,112,112,53,4.4730155008e+10,4.981560064e+10
648.601,112,112,53,4.4745883648e+10,4.981560064e+10
648.802,112,112,53,4.4719669248e+10,4.981560064e+10
649.003,112,112,53,4.4729106432e+10,4.981560064e+10
649.204,112,112,53,4.4736446464e+10,4.981560064e+10
649.405,112,112,53,4.4771049472e+10,4.981560064e+10
649.606,112,112,53,4.4785729536e+10,4.981560064e+10
649.807,112,112,53,4.4777340928e+10,4.981560064e+10
650.008,112,112,53,4.4792020992e+10,4.981560064e+10
650.210,112,112,53,4.4796215296e+10,4.981560064e+10
650.411,112,112,53,4.4787826688e+10,4.981560064e+10
650.612,112,112,53,4.4764758016e+10,4.981560064e+10
650.813,112,112,53,4.4751126528e+10,4.981560064e+10
651.014,112,112,53,4.4745883648e+10,4.981560064e+10
651.215,112,112,53,4.47217664e+10,4.981560064e+10
651.416,112,112,53,4.4718620672e+10,4.981560064e+10
651.617,112,112,53,4.47217664e+10,4.981560064e+10
651.818,112,112,53,4.470603776e+10,4.981560064e+10
652.019,112,112,53,4.4714426368e+10,4.981560064e+10
652.220,112,112,53,4.4708134912e+10,4.981560064e+10
652.421,112,112,53,4.4718620672e+10,4.981560064e+10
652.622,112,112,53,4.4713377792e+10,4.981560064e+10
652.823,112,112,53,4.4719669248e+10,4.981560064e+10
653.024,112,112,53,4.473749504e+10,4.981560064e+10
653.225,112,112,53,4.4704989184e+10,4.981560064e+10
653.426,112,112,53,4.47217664e+10,4.981560064e+10
653.627,112,112,53,4.4728057856e+10,4.981560064e+10
653.828,112,112,53,4.4761612288e+10,4.981560064e+10
654.029,112,112,53,4.4782583808e+10,4.981560064e+10
654.230,112,112,53,4.4778389504e+10,4.981560064e+10
654.431,112,112,53,4.473225216e+10,4.981560064e+10
654.632,112,112,53,4.4709183488e+10,4.981560064e+10
654.833,112,112,53,4.4724912128e+10,4.981560064e+10
655.034,112,112,53,4.4710232064e+10,4.981560064e+10
655.235,112,112,53,4.4689260544e+10,4.981560064e+10
655.436,112,112,53,4.4682969088e+10,4.981560064e+10
655.637,112,112,53,4.4692406272e+10,4.981560064e+10
655.838,112,112,53,4.470603776e+10,4.981560064e+10
656.039,112,112,53,4.470079488e+10,4.981560064e+10
656.240,112,112,53,4.4740640768e+10,4.981560064e+10
656.441,112,112,53,4.4720717824e+10,4.981560064e+10
656.642,112,112,53,4.4722814976e+10,4.981560064e+10
656.843,112,112,53,4.4704989184e+10,4.981560064e+10
657.044,112,112,53,4.4693454848e+10,4.981560064e+10
657.245,112,112,53,4.4701843456e+10,4.981560064e+10
657.446,112,112,53,4.4708134912e+10,4.981560064e+10
657.648,112,112,53,4.4710232064e+10,4.981560064e+10
657.849,112,112,53,4.4684017664e+10,4.981560064e+10
658.050,112,112,53,4.4689260544e+10,4.981560064e+10
658.251,112,112,53,4.4708134912e+10,4.981560064e+10
658.452,112,112,53,4.470603776e+10,4.981560064e+10
658.653,112,112,53,4.4698697728e+10,4.981560064e+10
658.854,112,112,53,4.4699746304e+10,4.981560064e+10
659.055,112,112,53,4.4668289024e+10,4.981560064e+10
659.256,112,112,53,4.4692406272e+10,4.981560064e+10
659.457,112,112,53,4.469030912e+10,4.981560064e+10
659.658,112,112,53,4.46693376e+10,4.981560064e+10
659.860,112,112,53,4.4693454848e+10,4.981560064e+10
660.061,112,112,53,4.4693454848e+10,4.981560064e+10
660.262,112,112,53,4.4660948992e+10,4.981560064e+10
660.463,112,112,53,4.4655706112e+10,4.981560064e+10
660.664,112,112,53,4.4668289024e+10,4.981560064e+10
660.865,112,112,53,4.4686114816e+10,4.981560064e+10
661.066,112,112,53,4.469030912e+10,4.981560064e+10
661.267,112,112,53,4.4714426368e+10,4.981560064e+10
661.468,112,112,53,4.4728057856e+10,4.981560064e+10
661.669,112,112,53,4.4708134912e+10,4.981560064e+10
661.870,112,112,53,4.471128064e+10,4.981560064e+10
662.071,112,112,53,4.4682969088e+10,4.981560064e+10
662.272,112,112,53,4.467458048e+10,4.981560064e+10
662.473,112,112,53,4.46693376e+10,4.981560064e+10
662.674,112,112,53,4.467458048e+10,4.981560064e+10
662.875,112,112,53,4.467982336e+10,4.981560064e+10
663.076,112,112,53,4.465360896e+10,4.981560064e+10
663.277,112,112,53,4.46431232e+10,4.981560064e+10
663.478,112,112,53,4.4630540288e+10,4.981560064e+10
663.679,112,112,53,4.4623200256e+10,4.981560064e+10
663.880,112,112,53,4.4686114816e+10,4.981560064e+10
664.081,112,112,53,4.4688211968e+10,4.981560064e+10
664.282,112,112,53,4.4692406272e+10,4.981560064e+10
664.482,112,112,53,4.4699746304e+10,4.981560064e+10
664.683,112,112,53,4.4722814976e+10,4.981560064e+10
664.884,112,112,53,4.46693376e+10,4.981560064e+10
665.086,112,112,53,4.4626345984e+10,4.981560064e+10
665.287,112,112,53,4.462739456e+10,4.981560064e+10
665.488,112,112,53,4.4629491712e+10,4.981560064e+10
665.689,112,112,53,4.4619005952e+10,4.981560064e+10
665.890,112,112,53,4.4629491712e+10,4.981560064e+10
666.091,112,112,53,4.4619005952e+10,4.981560064e+10
666.292,112,112,53,4.461166592e+10,4.981560064e+10
666.493,112,112,53,4.4628443136e+10,4.981560064e+10
666.694,112,112,53,4.4628443136e+10,4.981560064e+10
666.895,112,112,53,4.4661997568e+10,4.981560064e+10
667.096,112,112,53,4.4694503424e+10,4.981560064e+10
667.296,112,112,53,4.4704989184e+10,4.981560064e+10
667.497,112,112,53,4.4692406272e+10,4.981560064e+10
667.698,112,112,53,4.4663046144e+10,4.981560064e+10
667.899,112,112,53,4.4633686016e+10,4.981560064e+10
668.101,112,112,53,4.4625297408e+10,4.981560064e+10
668.301,112,112,53,4.4655706112e+10,4.981560064e+10
668.503,112,112,53,4.4651511808e+10,4.981560064e+10
668.704,112,112,53,4.465360896e+10,4.981560064e+10
668.905,112,112,53,4.4623200256e+10,4.981560064e+10
669.105,112,112,53,4.4614811648e+10,4.981560064e+10
669.306,112,112,53,4.4587548672e+10,4.981560064e+10
669.507,112,112,53,4.4609568768e+10,4.981560064e+10
669.708,112,112,53,4.46169088e+10,4.981560064e+10
669.909,112,112,53,4.4649414656e+10,4.981560064e+10
670.110,112,112,53,4.4652560384e+10,4.981560064e+10
670.311,112,112,53,4.4668289024e+10,4.981560064e+10
670.513,112,112,53,4.4631588864e+10,4.981560064e+10
670.714,112,112,53,4.4645220352e+10,4.981560064e+10
670.915,112,112,53,4.4630540288e+10,4.981560064e+10
671.117,112,112,53,4.4629491712e+10,4.981560064e+10
671.317,112,112,53,4.4609568768e+10,4.981560064e+10
671.518,112,112,53,4.4607471616e+10,4.981560064e+10
671.719,112,112,53,4.4630540288e+10,4.981560064e+10
671.920,112,112,53,4.46169088e+10,4.981560064e+10
672.121,112,112,53,4.4610617344e+10,4.981560064e+10
672.322,112,112,53,4.4638928896e+10,4.981560064e+10
672.523,112,112,53,4.4646268928e+10,4.981560064e+10
672.725,112,112,53,4.4644171776e+10,4.981560064e+10
672.926,112,112,53,4.4634734592e+10,4.981560064e+10
673.127,112,112,53,4.4613763072e+10,4.981560064e+10
673.328,112,112,53,4.4605374464e+10,4.981560064e+10
673.529,112,112,53,4.4588597248e+10,4.981560064e+10
673.730,112,112,53,4.4584402944e+10,4.981560064e+10
673.931,112,112,53,4.4582305792e+10,4.981560064e+10
674.132,112,112,53,4.4573917184e+10,4.981560064e+10
674.333,112,112,53,4.458545152e+10,4.981560064e+10
674.534,112,112,53,4.457496576e+10,4.981560064e+10
674.736,112,112,53,4.4572868608e+10,4.981560064e+10
674.937,112,112,53,4.4573917184e+10,4.981560064e+10
675.138,112,112,53,4.462215168e+10,4.981560064e+10
675.339,112,112,53,4.4615860224e+10,4.981560064e+10
675.540,112,112,53,4.4638928896e+10,4.981560064e+10
675.741,112,112,53,4.4639977472e+10,4.981560064e+10
675.942,112,112,53,4.4628443136e+10,4.981560064e+10
676.143,112,112,53,4.4621103104e+10,4.981560064e+10
676.344,112,112,53,4.4624248832e+10,4.981560064e+10
676.545,112,112,53,4.460118016e+10,4.981560064e+10
676.746,112,112,53,4.4598034432e+10,4.981560064e+10
676.947,112,112,53,4.4579160064e+10,4.981560064e+10
677.148,112,112,53,4.4562382848e+10,4.981560064e+10
677.349,112,112,53,4.452253696e+10,4.981560064e+10
677.551,112,112,53,4.457496576e+10,4.981560064e+10
677.752,112,112,53,4.4571820032e+10,4.981560064e+10
677.953,112,112,53,4.4581257216e+10,4.981560064e+10
678.154,112,112,53,4.4588597248e+10,4.981560064e+10
678.355,112,112,53,4.4570771456e+10,4.981560064e+10
678.556,112,112,53,4.460118016e+10,4.981560064e+10
678.757,112,112,53,4.4605374464e+10,4.981560064e+10
678.958,112,112,53,4.4608520192e+10,4.981560064e+10
679.159,112,112,53,4.4610617344e+10,4.981560064e+10
679.360,112,112,53,4.4587548672e+10,4.981560064e+10
679.561,112,112,53,4.4567625728e+10,4.981560064e+10
679.762,112,112,53,4.4573917184e+10,4.981560064e+10
679.963,112,112,53,4.4561334272e+10,4.981560064e+10
680.165,112,112,53,4.458545152e+10,4.981560064e+10
680.366,112,112,53,4.4586500096e+10,4.981560064e+10
680.567,112,112,53,4.4578111488e+10,4.981560064e+10
680.768,112,112,53,4.4586500096e+10,4.981560064e+10
680.970,112,112,53,4.4539314176e+10,4.981560064e+10
681.171,112,112,53,4.4562382848e+10,4.981560064e+10
681.373,112,112,53,4.4563431424e+10,4.981560064e+10
681.574,112,112,53,4.4562382848e+10,4.981560064e+10
681.775,112,112,53,4.4561334272e+10,4.981560064e+10
681.976,112,112,53,4.4588597248e+10,4.981560064e+10
682.178,112,112,53,4.4573917184e+10,4.981560064e+10
682.379,112,112,53,4.4567625728e+10,4.981560064e+10
682.580,112,112,53,4.4542459904e+10,4.981560064e+10
682.781,112,112,53,4.4550848512e+10,4.981560064e+10
682.982,112,112,53,4.4570771456e+10,4.981560064e+10
683.183,112,112,53,4.4586500096e+10,4.981560064e+10
683.385,112,112,53,4.4568674304e+10,4.981560064e+10
683.586,112,112,53,4.455923712e+10,4.981560064e+10
683.787,112,112,53,4.454350848e+10,4.981560064e+10
683.988,112,112,53,4.4537217024e+10,4.981560064e+10
684.190,112,112,53,4.454875136e+10,4.981560064e+10
684.391,112,112,53,4.4570771456e+10,4.981560064e+10
684.592,112,112,53,4.4562382848e+10,4.981560064e+10
684.793,112,112,53,4.4566577152e+10,4.981560064e+10
684.995,112,112,53,4.4545605632e+10,4.981560064e+10
685.196,112,112,53,4.454875136e+10,4.981560064e+10
685.397,112,112,53,4.4552945664e+10,4.981560064e+10
685.598,112,112,53,4.453302272e+10,4.981560064e+10
685.800,112,112,53,4.4509954048e+10,4.981560064e+10
686.001,112,112,53,4.4524634112e+10,4.981560064e+10
686.202,112,112,53,4.4520439808e+10,4.981560064e+10
686.403,112,112,53,4.454350848e+10,4.981560064e+10
686.605,112,112,53,4.4542459904e+10,4.981560064e+10
686.806,112,112,53,4.4546654208e+10,4.981560064e+10
687.007,112,112,53,4.4540362752e+10,4.981560064e+10
687.208,112,112,53,4.4525682688e+10,4.981560064e+10
687.410,112,112,53,4.4519391232e+10,4.981560064e+10
687.611,112,112,53,4.4518342656e+10,4.981560064e+10
687.812,112,112,53,4.4551897088e+10,4.981560064e+10
688.013,112,112,53,4.455399424e+10,4.981560064e+10
688.214,112,112,53,4.4541411328e+10,4.981560064e+10
688.415,112,112,53,4.4529876992e+10,4.981560064e+10
688.616,112,112,53,4.454875136e+10,4.981560064e+10
688.818,112,112,53,4.4549799936e+10,4.981560064e+10
689.019,112,112,53,4.4518342656e+10,4.981560064e+10
689.220,112,112,53,4.4508905472e+10,4.981560064e+10
689.421,112,112,53,4.4502614016e+10,4.981560064e+10
689.622,112,112,53,4.4521488384e+10,4.981560064e+10
689.823,112,112,53,4.4521488384e+10,4.981560064e+10
690.024,112,112,53,4.4503662592e+10,4.981560064e+10
690.225,112,112,53,4.4494225408e+10,4.981560064e+10
690.426,112,112,53,4.4483739648e+10,4.981560064e+10
690.627,112,112,53,4.4503662592e+10,4.981560064e+10
690.828,112,112,53,4.4498419712e+10,4.981560064e+10
691.029,112,112,53,4.4472205312e+10,4.981560064e+10
691.230,112,112,53,4.4505759744e+10,4.981560064e+10
691.431,112,112,53,4.4524634112e+10,4.981560064e+10
691.632,112,112,53,4.4519391232e+10,4.981560064e+10
691.833,112,112,53,4.4536168448e+10,4.981560064e+10
692.034,112,112,53,4.4542459904e+10,4.981560064e+10
692.235,112,112,53,4.4547702784e+10,4.981560064e+10
692.436,112,112,53,4.4536168448e+10,4.981560064e+10
692.637,112,112,53,4.4545605632e+10,4.981560064e+10
692.838,112,112,53,4.4534071296e+10,4.981560064e+10
693.039,112,112,53,4.4495273984e+10,4.981560064e+10
693.241,112,112,53,4.4495273984e+10,4.981560064e+10
693.442,112,112,53,4.4493176832e+10,4.981560064e+10
693.643,112,112,53,4.4450185216e+10,4.981560064e+10
693.845,112,112,53,4.442292224e+10,4.981560064e+10
694.046,112,112,53,4.4511002624e+10,4.981560064e+10
694.247,112,112,53,4.4515196928e+10,4.981560064e+10
694.448,112,112,53,4.4492128256e+10,4.981560064e+10
694.649,112,112,53,4.4513099776e+10,4.981560064e+10
694.850,112,112,53,4.4518342656e+10,4.981560064e+10
695.051,112,112,53,4.4509954048e+10,4.981560064e+10
695.252,112,112,53,4.4525682688e+10,4.981560064e+10
695.453,112,112,53,4.4519391232e+10,4.981560064e+10
695.654,112,112,53,4.4507856896e+10,4.981560064e+10
695.855,112,112,53,4.452777984e+10,4.981560064e+10
696.056,112,112,53,4.4504711168e+10,4.981560064e+10
696.257,112,112,53,4.4488982528e+10,4.981560064e+10
696.458,112,112,53,4.4456476672e+10,4.981560064e+10
696.659,112,112,53,4.4444942336e+10,4.981560064e+10
696.860,112,112,53,4.4455428096e+10,4.981560064e+10
697.061,112,112,53,4.449632256e+10,4.981560064e+10
697.262,112,112,53,4.4513099776e+10,4.981560064e+10
697.462,112,112,53,4.4507856896e+10,4.981560064e+10
697.664,112,112,53,4.44858368e+10,4.981560064e+10
697.865,112,112,53,4.4499468288e+10,4.981560064e+10
698.066,112,112,53,4.4511002624e+10,4.981560064e+10
698.267,112,112,53,4.44858368e+10,4.981560064e+10
698.468,112,112,53,4.444913664e+10,4.981560064e+10
698.669,112,112,53,4.4472205312e+10,4.981560064e+10
698.870,112,112,53,4.4447039488e+10,4.981560064e+10
699.071,112,112,53,4.4444942336e+10,4.981560064e+10
699.272,112,112,53,4.4455428096e+10,4.981560064e+10
699.473,112,112,53,4.44596224e+10,4.981560064e+10
699.674,112,112,53,4.447010816e+10,4.981560064e+10
699.875,112,112,53,4.4462768128e+10,4.981560064e+10
700.076,112,112,53,4.4487933952e+10,4.981560064e+10
700.277,112,112,53,4.4490031104e+10,4.981560064e+10
700.478,112,112,53,4.4453330944e+10,4.981560064e+10
700.680,112,112,53,4.4478496768e+10,4.981560064e+10
700.881,112,112,53,4.4468011008e+10,4.981560064e+10
701.082,112,112,53,4.4462768128e+10,4.981560064e+10
701.283,112,112,53,4.443865088e+10,4.981560064e+10
701.485,112,112,53,4.4430262272e+10,4.981560064e+10
701.686,112,112,53,4.4429213696e+10,4.981560064e+10
701.887,112,112,53,4.4433408e+10,4.981560064e+10
702.089,112,112,53,4.4429213696e+10,4.981560064e+10
702.290,112,112,53,4.4483739648e+10,4.981560064e+10
702.491,112,112,53,4.4476399616e+10,4.981560064e+10
702.692,112,112,53,4.4471156736e+10,4.981560064e+10
702.894,112,112,53,4.4494225408e+10,4.981560064e+10
703.095,112,112,53,4.444913664e+10,4.981560064e+10
703.297,112,112,53,4.4453330944e+10,4.981560064e+10
703.498,112,112,53,4.4469059584e+10,4.981560064e+10
703.699,112,112,53,4.4477448192e+10,4.981560064e+10
703.900,112,112,53,4.4468011008e+10,4.981560064e+10
704.101,112,112,53,4.4414533632e+10,4.981560064e+10
704.303,112,112,53,4.4453330944e+10,4.981560064e+10
704.504,112,112,53,4.446486528e+10,4.981560064e+10
704.705,112,112,53,4.443865088e+10,4.981560064e+10
704.906,112,112,53,4.441243648e+10,4.981560064e+10
705.107,112,112,53,4.4435505152e+10,4.981560064e+10
705.308,112,112,53,4.4429213696e+10,4.981560064e+10
705.509,112,112,53,4.4440748032e+10,4.981560064e+10
705.710,112,112,53,4.442816512e+10,4.981560064e+10
705.911,112,112,53,4.4421873664e+10,4.981560064e+10
706.112,112,112,53,4.4420825088e+10,4.981560064e+10
706.314,112,112,53,4.4423970816e+10,4.981560064e+10
706.515,112,112,53,4.4445990912e+10,4.981560064e+10
706.716,112,112,53,4.4419776512e+10,4.981560064e+10
706.917,112,112,53,4.4413485056e+10,4.981560064e+10
707.118,112,112,53,4.4436553728e+10,4.981560064e+10
707.319,112,112,53,4.4437602304e+10,4.981560064e+10
707.520,112,112,53,4.4447039488e+10,4.981560064e+10
707.721,112,112,53,4.441767936e+10,4.981560064e+10
707.921,112,112,53,4.4416630784e+10,4.981560064e+10
708.122,112,112,53,4.4413485056e+10,4.981560064e+10
708.323,112,112,53,4.4418727936e+10,4.981560064e+10
708.524,112,112,53,4.4420825088e+10,4.981560064e+10
708.725,112,112,53,4.4415582208e+10,4.981560064e+10
708.926,112,112,53,4.4411387904e+10,4.981560064e+10
709.128,112,112,53,4.4404047872e+10,4.981560064e+10
709.329,112,112,53,4.4406145024e+10,4.981560064e+10
709.530,112,112,53,4.444389376e+10,4.981560064e+10
709.731,112,112,53,4.4442845184e+10,4.981560064e+10
709.932,112,112,53,4.4378882048e+10,4.981560064e+10
710.134,112,112,53,4.4405096448e+10,4.981560064e+10
710.335,112,112,53,4.4395659264e+10,4.981560064e+10
710.536,112,112,53,4.4402999296e+10,4.981560064e+10
710.737,112,112,53,4.440195072e+10,4.981560064e+10
710.938,112,112,53,4.4390416384e+10,4.981560064e+10
711.139,112,112,53,4.4394610688e+10,4.981560064e+10
711.340,112,112,53,4.4415582208e+10,4.981560064e+10
711.541,112,112,53,4.4406145024e+10,4.981560064e+10
711.743,112,112,53,4.4392513536e+10,4.981560064e+10
711.944,112,112,53,4.4390416384e+10,4.981560064e+10
712.145,112,112,53,4.4402999296e+10,4.981560064e+10
712.346,112,112,53,4.4369444864e+10,4.981560064e+10
712.548,112,112,53,4.4379930624e+10,4.981560064e+10
712.749,112,112,53,4.4389367808e+10,4.981560064e+10
712.950,112,112,53,4.438622208e+10,4.981560064e+10
713.152,112,112,53,4.4406145024e+10,4.981560064e+10
713.353,112,112,53,4.4404047872e+10,4.981560064e+10
713.554,112,112,53,4.4384124928e+10,4.981560064e+10
713.756,112,112,53,4.4371542016e+10,4.981560064e+10
713.957,112,112,53,4.4414533632e+10,4.981560064e+10
714.158,112,112,53,4.4390416384e+10,4.981560064e+10
714.359,112,112,53,4.4400902144e+10,4.981560064e+10
714.561,112,112,53,4.4389367808e+10,4.981560064e+10
714.762,112,112,53,4.437573632e+10,4.981560064e+10
714.963,112,112,53,4.4373639168e+10,4.981560064e+10
715.165,112,112,53,4.4376784896e+10,4.981560064e+10
715.366,112,112,53,4.4371542016e+10,4.981560064e+10
715.567,112,112,53,4.4350570496e+10,4.981560064e+10
715.768,112,112,53,4.437049344e+10,4.981560064e+10
715.970,112,112,53,4.4351619072e+10,4.981560064e+10
716.171,112,112,53,4.432330752e+10,4.981560064e+10
716.372,112,112,53,4.4320161792e+10,4.981560064e+10
716.574,112,112,53,4.436000768e+10,4.981560064e+10
716.775,112,112,53,4.437573632e+10,4.981560064e+10
716.976,112,112,53,4.4390416384e+10,4.981560064e+10
717.178,112,112,53,4.4385173504e+10,4.981560064e+10
717.379,112,112,53,4.4395659264e+10,4.981560064e+10
717.580,112,112,53,4.4379930624e+10,4.981560064e+10
717.782,112,112,53,4.43809792e+10,4.981560064e+10
717.983,112,112,53,4.4363153408e+10,4.981560064e+10
718.184,112,112,53,4.4324356096e+10,4.981560064e+10
718.385,112,112,53,4.4309676032e+10,4.981560064e+10
718.587,112,112,53,4.4315967488e+10,4.981560064e+10
718.788,112,112,53,4.4337987584e+10,4.981560064e+10
718.989,112,112,53,4.434427904e+10,4.981560064e+10
719.190,112,112,53,4.434952192e+10,4.981560064e+10
719.392,112,112,53,4.4347424768e+10,4.981560064e+10
719.593,112,112,53,4.436000768e+10,4.981560064e+10
719.794,112,112,53,4.4326453248e+10,4.981560064e+10
719.996,112,112,53,4.4348473344e+10,4.981560064e+10
720.197,112,112,53,4.4367347712e+10,4.981560064e+10
720.398,112,112,53,4.4367347712e+10,4.981560064e+10
720.599,112,112,53,4.4343230464e+10,4.981560064e+10
720.801,112,112,53,4.4330647552e+10,4.981560064e+10
721.002,112,112,53,4.4326453248e+10,4.981560064e+10
721.203,112,112,53,4.4335890432e+10,4.981560064e+10
721.404,112,112,53,4.431282176e+10,4.981560064e+10
721.605,112,112,53,4.4346376192e+10,4.981560064e+10
721.806,112,112,53,4.43285504e+10,4.981560064e+10
722.007,112,112,53,4.4347424768e+10,4.981560064e+10
722.208,112,112,53,4.4324356096e+10,4.981560064e+10
722.409,112,112,53,4.4314918912e+10,4.981560064e+10
722.610,112,112,53,4.4309676032e+10,4.981560064e+10
722.811,112,112,53,4.431282176e+10,4.981560064e+10
723.012,112,112,53,4.4324356096e+10,4.981560064e+10
723.213,112,112,53,4.4325404672e+10,4.981560064e+10
723.414,112,112,53,4.43547648e+10,4.981560064e+10
723.615,112,112,53,4.4361056256e+10,4.981560064e+10
723.816,112,112,53,4.4325404672e+10,4.981560064e+10
724.017,112,112,53,4.4306530304e+10,4.981560064e+10
724.218,112,112,53,4.4308627456e+10,4.981560064e+10
724.419,112,112,53,4.4305481728e+10,4.981560064e+10
724.620,112,112,53,4.4305481728e+10,4.981560064e+10
724.821,112,112,53,4.4302336e+10,4.981560064e+10
725.022,112,112,53,4.428136448e+10,4.981560064e+10
725.223,112,112,53,4.42761216e+10,4.981560064e+10
725.424,112,112,53,4.4300238848e+10,4.981560064e+10
725.625,112,112,53,4.4301287424e+10,4.981560064e+10
725.826,112,112,53,4.4290801664e+10,4.981560064e+10
726.027,112,112,53,4.4310724608e+10,4.981560064e+10
726.228,112,112,53,4.43285504e+10,4.981560064e+10
726.429,112,112,53,4.4325404672e+10,4.981560064e+10
726.630,112,112,53,4.4329598976e+10,4.981560064e+10
726.831,112,112,53,4.4311773184e+10,4.981560064e+10
727.032,112,112,53,4.4294995968e+10,4.981560064e+10
727.233,112,112,53,4.4292898816e+10,4.981560064e+10
727.434,112,112,53,4.4302336e+10,4.981560064e+10
727.635,112,112,53,4.4298141696e+10,4.981560064e+10
727.836,112,112,53,4.4304433152e+10,4.981560064e+10
728.037,112,112,53,4.4283461632e+10,4.981560064e+10
728.238,112,112,53,4.4282413056e+10,4.981560064e+10
728.439,112,112,53,4.4280315904e+10,4.981560064e+10
728.640,112,112,53,4.42761216e+10,4.981560064e+10
728.841,112,112,53,4.4293947392e+10,4.981560064e+10
729.043,112,112,53,4.4290801664e+10,4.981560064e+10
729.244,112,112,53,4.4293947392e+10,4.981560064e+10
729.445,112,112,53,4.4277170176e+10,4.981560064e+10
729.646,112,112,53,4.4266684416e+10,4.981560064e+10
729.847,112,112,53,4.4299190272e+10,4.981560064e+10
730.048,112,112,53,4.4302336e+10,4.981560064e+10
730.249,112,112,53,4.4285558784e+10,4.981560064e+10
730.450,112,112,53,4.4300238848e+10,4.981560064e+10
730.652,112,112,53,4.4303384576e+10,4.981560064e+10
730.853,112,112,53,4.4290801664e+10,4.981560064e+10
731.054,112,112,53,4.4279267328e+10,4.981560064e+10
731.255,112,112,53,4.4271927296e+10,4.981560064e+10
731.456,112,112,53,4.4290801664e+10,4.981560064e+10
731.657,112,112,53,4.4257247232e+10,4.981560064e+10
731.858,112,112,53,4.4268781568e+10,4.981560064e+10
732.060,112,112,53,4.4246761472e+10,4.981560064e+10
732.261,112,112,53,4.4269830144e+10,4.981560064e+10
732.462,112,112,53,4.4266684416e+10,4.981560064e+10
732.663,112,112,53,4.4250955776e+10,4.981560064e+10
732.865,112,112,53,4.4246761472e+10,4.981560064e+10
733.066,112,112,53,4.4264587264e+10,4.981560064e+10
733.267,112,112,53,4.4241518592e+10,4.981560064e+10
733.469,112,112,53,4.4246761472e+10,4.981560064e+10
733.670,112,112,53,4.427087872e+10,4.981560064e+10
733.872,112,112,53,4.426039296e+10,4.981560064e+10
734.073,112,112,53,4.42761216e+10,4.981560064e+10
734.274,112,112,53,4.4268781568e+10,4.981560064e+10
734.476,112,112,53,4.4259344384e+10,4.981560064e+10
734.677,112,112,53,4.4245712896e+10,4.981560064e+10
734.878,112,112,53,4.4271927296e+10,4.981560064e+10
735.079,112,112,53,4.4269830144e+10,4.981560064e+10
735.281,112,112,53,4.4264587264e+10,4.981560064e+10
735.482,112,112,53,4.42499072e+10,4.981560064e+10
735.683,112,112,53,4.4232081408e+10,4.981560064e+10
735.884,112,112,53,4.422893568e+10,4.981560064e+10
736.086,112,112,53,4.422893568e+10,4.981560064e+10
736.287,112,112,53,4.4236275712e+10,4.981560064e+10
736.488,112,112,53,4.4254101504e+10,4.981560064e+10
736.689,112,112,53,4.4262490112e+10,4.981560064e+10
736.891,112,112,53,4.4253052928e+10,4.981560064e+10
737.092,112,112,53,4.42499072e+10,4.981560064e+10
737.293,112,112,53,4.4248858624e+10,4.981560064e+10
737.495,112,112,53,4.4246761472e+10,4.981560064e+10
737.696,112,112,53,4.425515008e+10,4.981560064e+10
737.897,112,112,53,4.4261441536e+10,4.981560064e+10
738.099,112,112,53,4.4262490112e+10,4.981560064e+10
738.300,112,112,53,4.4269830144e+10,4.981560064e+10
738.501,112,112,53,4.4242567168e+10,4.981560064e+10
738.703,112,112,53,4.4219498496e+10,4.981560064e+10
738.904,112,112,53,4.4217401344e+10,4.981560064e+10
739.105,112,112,53,4.4219498496e+10,4.981560064e+10
739.307,112,112,53,4.421844992e+10,4.981560064e+10
739.508,112,112,53,4.4215304192e+10,4.981560064e+10
739.709,112,112,53,4.4233129984e+10,4.981560064e+10
739.910,112,112,53,4.42236928e+10,4.981560064e+10
740.111,112,112,53,4.4200624128e+10,4.981560064e+10
740.312,112,112,53,4.421844992e+10,4.981560064e+10
740.513,112,112,53,4.4210061312e+10,4.981560064e+10
740.714,112,112,53,4.4203769856e+10,4.981560064e+10
740.915,112,112,53,4.4209012736e+10,4.981560064e+10
741.116,112,112,53,4.421844992e+10,4.981560064e+10
741.317,112,112,53,4.4210061312e+10,4.981560064e+10
741.518,112,112,53,4.4240470016e+10,4.981560064e+10
741.719,112,112,53,4.422893568e+10,4.981560064e+10
741.920,112,112,53,4.4233129984e+10,4.981560064e+10
742.121,112,112,53,4.420272128e+10,4.981560064e+10
742.322,112,112,53,4.4204818432e+10,4.981560064e+10
742.523,112,112,53,4.4224741376e+10,4.981560064e+10
742.724,112,112,53,4.4236275712e+10,4.981560064e+10
742.925,112,112,53,4.4224741376e+10,4.981560064e+10
743.126,112,112,53,4.4198526976e+10,4.981560064e+10
743.327,112,112,53,4.4196429824e+10,4.981560064e+10
743.528,112,112,53,4.4169166848e+10,4.981560064e+10
743.729,112,112,53,4.4159729664e+10,4.981560064e+10
743.930,112,112,53,4.4175458304e+10,4.981560064e+10
744.131,112,112,53,4.4177555456e+10,4.981560064e+10
744.332,112,112,53,4.4193284096e+10,4.981560064e+10
744.533,112,112,53,4.4185944064e+10,4.981560064e+10
744.735,112,112,53,4.4206915584e+10,4.981560064e+10
744.936,112,112,53,4.4188041216e+10,4.981560064e+10
745.137,112,112,53,4.4189089792e+10,4.981560064e+10
745.338,112,112,53,4.4211109888e+10,4.981560064e+10
745.539,112,112,53,4.4220547072e+10,4.981560064e+10
745.740,112,112,53,4.421320704e+10,4.981560064e+10
745.942,112,112,53,4.4219498496e+10,4.981560064e+10
746.143,112,112,53,4.4214255616e+10,4.981560064e+10
746.344,112,112,53,4.4169166848e+10,4.981560064e+10
746.545,112,112,53,4.4190138368e+10,4.981560064e+10
746.746,112,112,53,4.419223552e+10,4.981560064e+10
746.947,112,112,53,4.418699264e+10,4.981560064e+10
747.148,112,112,53,4.416077824e+10,4.981560064e+10
747.349,112,112,53,4.4137709568e+10,4.981560064e+10
747.550,112,112,53,4.4178604032e+10,4.981560064e+10
747.751,112,112,53,4.4194332672e+10,4.981560064e+10
747.952,112,112,53,4.4194332672e+10,4.981560064e+10
748.153,112,112,53,4.4178604032e+10,4.981560064e+10
748.354,112,112,53,4.417650688e+10,4.981560064e+10
748.555,112,112,53,4.4190138368e+10,4.981560064e+10
748.757,112,112,53,4.4203769856e+10,4.981560064e+10
748.958,112,112,53,4.4216352768e+10,4.981560064e+10
749.159,112,112,53,4.4212158464e+10,4.981560064e+10
749.360,112,112,53,4.4200624128e+10,4.981560064e+10
749.561,112,112,53,4.4182798336e+10,4.981560064e+10
749.762,112,112,53,4.4149243904e+10,4.981560064e+10
749.963,112,112,53,4.4151341056e+10,4.981560064e+10
750.164,112,112,53,4.4141903872e+10,4.981560064e+10
750.365,112,112,53,4.4142952448e+10,4.981560064e+10
750.566,112,112,53,4.4157632512e+10,4.981560064e+10
750.767,112,112,53,4.41450496e+10,4.981560064e+10
750.968,112,112,53,4.4164972544e+10,4.981560064e+10
751.169,112,112,53,4.415553536e+10,4.981560064e+10
751.370,112,112,53,4.4164972544e+10,4.981560064e+10
751.571,112,112,53,4.4177555456e+10,4.981560064e+10
751.772,112,112,53,4.4182798336e+10,4.981560064e+10
751.973,112,112,53,4.4153438208e+10,4.981560064e+10
752.174,112,112,53,4.4178604032e+10,4.981560064e+10
752.375,112,112,53,4.418174976e+10,4.981560064e+10
752.576,112,112,53,4.4159729664e+10,4.981560064e+10
752.777,112,112,53,4.416077824e+10,4.981560064e+10
752.978,112,112,53,4.4164972544e+10,4.981560064e+10
753.179,112,112,53,4.4153438208e+10,4.981560064e+10
753.380,112,112,53,4.4162875392e+10,4.981560064e+10
753.581,112,112,53,4.4171264e+10,4.981560064e+10
753.782,112,112,53,4.415553536e+10,4.981560064e+10
753.983,112,112,53,4.4138758144e+10,4.981560064e+10
754.184,112,112,53,4.413980672e+10,4.981560064e+10
754.385,112,112,53,4.4151341056e+10,4.981560064e+10
754.586,112,112,53,4.4133515264e+10,4.981560064e+10
754.787,112,112,53,4.413980672e+10,4.981560064e+10
754.988,112,112,53,4.4112543744e+10,4.981560064e+10
755.189,112,112,53,4.4107300864e+10,4.981560064e+10
755.390,112,112,53,4.4112543744e+10,4.981560064e+10
755.591,112,112,53,4.41188352e+10,4.981560064e+10
755.793,112,112,53,4.4125126656e+10,4.981560064e+10
755.994,112,112,53,4.4131418112e+10,4.981560064e+10
756.195,112,112,53,4.417650688e+10,4.981560064e+10
756.396,112,112,53,4.4173361152e+10,4.981560064e+10
756.597,112,112,53,4.4168118272e+10,4.981560064e+10
756.798,112,112,53,4.4154486784e+10,4.981560064e+10
757.000,112,112,53,4.4128272384e+10,4.981560064e+10
757.201,112,112,53,4.4132466688e+10,4.981560064e+10
757.403,112,112,53,4.41450496e+10,4.981560064e+10
757.604,112,112,53,4.413980672e+10,4.981560064e+10
757.805,112,112,53,4.4141903872e+10,4.981560064e+10
758.006,112,112,53,4.4132466688e+10,4.981560064e+10
758.208,112,112,53,4.4117786624e+10,4.981560064e+10
758.409,112,112,53,4.4101009408e+10,4.981560064e+10
758.610,112,112,53,4.4110446592e+10,4.981560064e+10
758.811,112,112,53,4.41188352e+10,4.981560064e+10
759.013,112,112,53,4.4141903872e+10,4.981560064e+10
759.214,112,112,53,4.4158681088e+10,4.981560064e+10
759.415,112,112,53,4.4159729664e+10,4.981560064e+10
759.616,112,112,53,4.4099960832e+10,4.981560064e+10
759.818,112,112,53,4.40926208e+10,4.981560064e+10
760.019,112,112,53,4.4120932352e+10,4.981560064e+10
760.220,112,112,53,4.4127223808e+10,4.981560064e+10
760.421,112,112,53,4.4136660992e+10,4.981560064e+10
760.622,112,112,53,4.4120932352e+10,4.981560064e+10
760.824,112,112,53,4.4121980928e+10,4.981560064e+10
761.025,112,112,53,4.4132466688e+10,4.981560064e+10
761.226,112,112,53,4.4090523648e+10,4.981560064e+10
761.427,112,112,53,4.4083183616e+10,4.981560064e+10
761.628,112,112,53,4.4068503552e+10,4.981560064e+10
761.829,112,112,53,4.4068503552e+10,4.981560064e+10
762.030,112,112,53,4.4094717952e+10,4.981560064e+10
762.231,112,112,53,4.4094717952e+10,4.981560064e+10
762.432,112,112,53,4.4084232192e+10,4.981560064e+10
762.634,112,112,53,4.4123029504e+10,4.981560064e+10
762.835,112,112,53,4.4106252288e+10,4.981560064e+10
763.036,112,112,53,4.4104155136e+10,4.981560064e+10
763.237,112,112,53,4.4127223808e+10,4.981560064e+10
763.438,112,112,53,4.412932096e+10,4.981560064e+10
763.640,112,112,53,4.4109398016e+10,4.981560064e+10
763.841,112,112,53,4.4094717952e+10,4.981560064e+10
764.042,112,112,53,4.4093669376e+10,4.981560064e+10
764.243,112,112,53,4.4089475072e+10,4.981560064e+10
764.444,112,112,53,4.4095766528e+10,4.981560064e+10
764.646,112,112,53,4.408737792e+10,4.981560064e+10
764.847,112,112,53,4.4090523648e+10,4.981560064e+10
765.048,112,112,53,4.408213504e+10,4.981560064e+10
765.249,112,112,53,4.4090523648e+10,4.981560064e+10
765.451,112,112,53,4.40926208e+10,4.981560064e+10
765.652,112,112,53,4.4078989312e+10,4.981560064e+10
765.853,112,112,53,4.408737792e+10,4.981560064e+10
766.054,112,112,53,4.4102057984e+10,4.981560064e+10
766.255,112,112,53,4.410834944e+10,4.981560064e+10
766.455,112,112,53,4.4126175232e+10,4.981560064e+10
766.657,112,112,53,4.4132466688e+10,4.981560064e+10
766.858,112,112,53,4.411359232e+10,4.981560064e+10
767.059,112,112,53,4.4085280768e+10,4.981560064e+10
767.260,112,112,53,4.408737792e+10,4.981560064e+10
767.461,112,112,53,4.4104155136e+10,4.981560064e+10
767.662,112,112,53,4.409786368e+10,4.981560064e+10
767.863,112,112,53,4.4095766528e+10,4.981560064e+10
768.065,112,112,53,4.4088426496e+10,4.981560064e+10
768.266,112,112,53,4.4112543744e+10,4.981560064e+10
768.467,112,112,53,4.4107300864e+10,4.981560064e+10
768.668,112,112,53,4.4115689472e+10,4.981560064e+10
768.869,112,112,53,4.4084232192e+10,4.981560064e+10
769.071,112,112,53,4.411359232e+10,4.981560064e+10
769.272,112,112,53,4.408737792e+10,4.981560064e+10
769.473,112,112,53,4.4052774912e+10,4.981560064e+10
769.674,112,112,53,4.4067454976e+10,4.981560064e+10
769.876,112,112,53,4.4064309248e+10,4.981560064e+10
770.077,112,112,53,4.4081086464e+10,4.981560064e+10
770.278,112,112,53,4.4088426496e+10,4.981560064e+10
770.479,112,112,53,4.409786368e+10,4.981560064e+10
770.681,112,112,53,4.407689216e+10,4.981560064e+10
770.882,112,112,53,4.4091572224e+10,4.981560064e+10
771.083,112,112,53,4.4086329344e+10,4.981560064e+10
771.284,112,112,53,4.4114640896e+10,4.981560064e+10
771.485,112,112,53,4.4123029504e+10,4.981560064e+10
771.687,112,112,53,4.4125126656e+10,4.981560064e+10
771.888,112,112,53,4.4084232192e+10,4.981560064e+10
772.089,112,112,53,4.4080037888e+10,4.981560064e+10
772.290,112,112,53,4.4054872064e+10,4.981560064e+10
772.491,112,112,53,4.403494912e+10,4.981560064e+10
772.693,112,112,53,4.4095766528e+10,4.981560064e+10
772.894,112,112,53,4.4085280768e+10,4.981560064e+10
773.095,112,112,53,4.4086329344e+10,4.981560064e+10
773.296,112,112,53,4.4047532032e+10,4.981560064e+10
773.498,112,112,53,4.4048580608e+10,4.981560064e+10
773.699,112,112,53,4.4091572224e+10,4.981560064e+10
773.901,112,112,53,4.4084232192e+10,4.981560064e+10
774.102,112,112,53,4.4093669376e+10,4.981560064e+10
774.303,112,112,53,4.4115689472e+10,4.981560064e+10
774.504,112,112,53,4.4105203712e+10,4.981560064e+10
774.706,112,112,53,4.4093669376e+10,4.981560064e+10
774.907,112,112,53,4.4084232192e+10,4.981560064e+10
775.108,112,112,53,4.4075843584e+10,4.981560064e+10
775.309,112,112,53,4.4068503552e+10,4.981560064e+10
775.511,112,112,53,4.4069552128e+10,4.981560064e+10
775.712,112,112,53,4.4016074752e+10,4.981560064e+10
775.913,112,112,53,4.4038094848e+10,4.981560064e+10
776.114,112,112,53,4.405067776e+10,4.981560064e+10
776.316,112,112,53,4.4051726336e+10,4.981560064e+10
776.517,112,112,53,4.4056969216e+10,4.981560064e+10
776.718,112,112,53,4.4054872064e+10,4.981560064e+10
776.920,112,112,53,4.403494912e+10,4.981560064e+10
777.121,112,112,53,4.4074795008e+10,4.981560064e+10
777.322,112,112,53,4.4073746432e+10,4.981560064e+10
777.523,112,112,53,4.4117786624e+10,4.981560064e+10
777.725,112,112,53,4.4115689472e+10,4.981560064e+10
777.926,112,112,53,4.4112543744e+10,4.981560064e+10
778.127,112,112,53,4.4085280768e+10,4.981560064e+10
778.329,112,112,53,4.4077940736e+10,4.981560064e+10
778.530,112,112,53,4.4062212096e+10,4.981560064e+10
778.731,112,112,53,4.4040192e+10,4.981560064e+10
778.932,112,112,53,4.404543488e+10,4.981560064e+10
779.134,112,112,53,4.4078989312e+10,4.981560064e+10
779.335,112,112,53,4.4063260672e+10,4.981560064e+10
779.536,112,112,53,4.4054872064e+10,4.981560064e+10
779.738,112,112,53,4.403494912e+10,4.981560064e+10
779.939,112,112,53,4.4027609088e+10,4.981560064e+10
780.140,112,112,53,4.4031803392e+10,4.981560064e+10
780.341,112,112,53,4.4041240576e+10,4.981560064e+10
780.542,112,112,53,4.4056969216e+10,4.981560064e+10
780.744,112,112,53,4.4047532032e+10,4.981560064e+10
780.945,112,112,53,4.4043337728e+10,4.981560064e+10
781.146,112,112,53,4.4091572224e+10,4.981560064e+10
781.347,112,112,53,4.4096815104e+10,4.981560064e+10
781.548,112,112,53,4.40926208e+10,4.981560064e+10
781.750,112,112,53,4.4070600704e+10,4.981560064e+10
781.951,112,112,53,4.4072697856e+10,4.981560064e+10
782.153,112,112,53,4.4053823488e+10,4.981560064e+10
782.354,112,112,53,4.4023414784e+10,4.981560064e+10
782.555,112,112,53,4.401922048e+10,4.981560064e+10
782.756,112,112,53,4.402446336e+10,4.981560064e+10
782.958,112,112,53,4.4007686144e+10,4.981560064e+10
783.159,112,112,53,4.4016074752e+10,4.981560064e+10
783.360,112,112,53,4.4011880448e+10,4.981560064e+10
783.562,112,112,53,4.4046483456e+10,4.981560064e+10
783.763,112,112,53,4.4051726336e+10,4.981560064e+10
783.964,112,112,53,4.405592064e+10,4.981560064e+10
784.165,112,112,53,4.4062212096e+10,4.981560064e+10
784.366,112,112,53,4.4078989312e+10,4.981560064e+10
784.567,112,112,53,4.4096815104e+10,4.981560064e+10
784.769,112,112,53,4.4070600704e+10,4.981560064e+10
784.970,112,112,53,4.4069552128e+10,4.981560064e+10
785.171,112,112,53,4.4026560512e+10,4.981560064e+10
785.372,112,112,53,4.4016074752e+10,4.981560064e+10
785.573,112,112,53,4.3996151808e+10,4.981560064e+10
785.774,112,112,53,4.399300608e+10,4.981560064e+10
785.975,112,112,53,4.399300608e+10,4.981560064e+10
786.176,112,112,53,4.4032851968e+10,4.981560064e+10
786.377,112,112,53,4.4047532032e+10,4.981560064e+10
786.578,112,112,53,4.401922048e+10,4.981560064e+10
786.779,112,112,53,4.4064309248e+10,4.981560064e+10
786.980,112,112,53,4.4072697856e+10,4.981560064e+10
787.181,112,112,53,4.4080037888e+10,4.981560064e+10
787.382,112,112,53,4.4051726336e+10,4.981560064e+10
787.583,112,112,53,4.4048580608e+10,4.981560064e+10
787.784,112,112,53,4.4048580608e+10,4.981560064e+10
787.985,112,112,53,4.402446336e+10,4.981560064e+10
788.186,112,112,53,4.4006637568e+10,4.981560064e+10
788.387,112,112,53,4.3979374592e+10,4.981560064e+10
788.588,112,112,53,4.3965743104e+10,4.981560064e+10
788.789,112,112,53,4.3968888832e+10,4.981560064e+10
788.990,112,112,53,4.3997200384e+10,4.981560064e+10
789.191,112,112,53,4.3980423168e+10,4.981560064e+10
789.393,112,112,53,4.400349184e+10,4.981560064e+10
789.594,112,112,53,4.4021317632e+10,4.981560064e+10
789.795,112,112,53,4.4044386304e+10,4.981560064e+10
789.996,112,112,53,4.4058017792e+10,4.981560064e+10
790.197,112,112,53,4.4054872064e+10,4.981560064e+10
790.399,112,112,53,4.4096815104e+10,4.981560064e+10
790.600,112,112,53,4.4084232192e+10,4.981560064e+10
790.801,112,112,53,4.4052774912e+10,4.981560064e+10
791.002,112,112,53,4.400873472e+10,4.981560064e+10
791.204,112,112,53,4.399824896e+10,4.981560064e+10
791.405,112,112,53,4.3984617472e+10,4.981560064e+10
791.606,112,112,53,4.3990908928e+10,4.981560064e+10
791.807,112,112,53,4.3958403072e+10,4.981560064e+10
792.009,112,112,53,4.3946868736e+10,4.981560064e+10
792.210,112,112,53,4.3975180288e+10,4.981560064e+10
792.412,112,112,53,4.4011880448e+10,4.981560064e+10
792.613,112,112,53,4.40139776e+10,4.981560064e+10
792.814,112,112,53,4.4016074752e+10,4.981560064e+10
793.016,112,112,53,4.4028657664e+10,4.981560064e+10
793.217,112,112,53,4.4048580608e+10,4.981560064e+10
793.418,112,112,53,4.4056969216e+10,4.981560064e+10
793.620,112,112,53,4.4048580608e+10,4.981560064e+10
793.821,112,112,53,4.4026560512e+10,4.981560064e+10
794.022,112,112,53,4.400873472e+10,4.981560064e+10
794.223,112,112,53,4.400349184e+10,4.981560064e+10
794.425,112,112,53,4.398252032e+10,4.981560064e+10
794.626,112,112,53,4.3959451648e+10,4.981560064e+10
794.828,112,112,53,4.3947917312e+10,4.981560064e+10
795.029,112,112,53,4.39615488e+10,4.981560064e+10
795.230,112,112,53,4.3962597376e+10,4.981560064e+10
795.431,112,112,53,4.396679168e+10,4.981560064e+10
795.633,112,112,53,4.3965743104e+10,4.981560064e+10
795.834,112,112,53,4.3976228864e+10,4.981560064e+10
796.035,112,112,53,4.40139776e+10,4.981560064e+10
796.236,112,112,53,4.4006637568e+10,4.981560064e+10
796.438,112,112,53,4.4060114944e+10,4.981560064e+10
796.639,112,112,53,4.405592064e+10,4.981560064e+10
796.840,112,112,53,4.4028657664e+10,4.981560064e+10
797.041,112,112,53,4.39877632e+10,4.981560064e+10
797.243,112,112,53,4.397727744e+10,4.981560064e+10
797.444,112,112,53,4.3974131712e+10,4.981560064e+10
797.645,112,112,53,4.3957354496e+10,4.981560064e+10
797.847,112,112,53,4.3968888832e+10,4.981560064e+10
798.048,112,112,53,4.3958403072e+10,4.981560064e+10
798.249,112,112,53,4.3958403072e+10,4.981560064e+10
798.451,112,112,53,4.39615488e+10,4.981560064e+10
798.652,112,112,53,4.396679168e+10,4.981560064e+10
798.853,112,112,53,4.3988811776e+10,4.981560064e+10
799.054,112,112,53,4.3991957504e+10,4.981560064e+10
799.256,112,112,53,4.3990908928e+10,4.981560064e+10
799.457,112,112,53,4.3984617472e+10,4.981560064e+10
799.658,112,112,53,4.4000346112e+10,4.981560064e+10
799.859,112,112,53,4.3995103232e+10,4.981560064e+10
800.060,112,112,53,4.4020269056e+10,4.981560064e+10
800.261,112,112,53,4.4031803392e+10,4.981560064e+10
800.462,112,112,53,4.3991957504e+10,4.981560064e+10
800.663,112,112,53,4.3976228864e+10,4.981560064e+10
800.864,112,112,53,4.3974131712e+10,4.981560064e+10
801.065,112,112,53,4.3967840256e+10,4.981560064e+10
801.267,112,112,53,4.3991957504e+10,4.981560064e+10
801.468,112,112,53,4.39615488e+10,4.981560064e+10
801.669,112,112,53,4.3913314304e+10,4.981560064e+10
801.871,112,112,53,4.3900731392e+10,4.981560064e+10
802.072,112,112,53,4.392484864e+10,4.981560064e+10
802.274,112,112,53,4.3936382976e+10,4.981560064e+10
802.475,112,112,53,4.3933237248e+10,4.981560064e+10
802.676,112,112,53,4.399300608e+10,4.981560064e+10
802.878,112,112,53,4.3989860352e+10,4.981560064e+10
803.079,112,112,53,4.4004540416e+10,4.981560064e+10
803.280,112,112,53,4.4027609088e+10,4.981560064e+10
803.481,112,112,53,4.4033900544e+10,4.981560064e+10
803.683,112,112,53,4.4017123328e+10,4.981560064e+10
803.884,112,112,53,4.3997200384e+10,4.981560064e+10
804.085,112,112,53,4.3980423168e+10,4.981560064e+10
804.287,112,112,53,4.3975180288e+10,4.981560064e+10
804.489,112,112,53,4.3960500224e+10,4.981560064e+10
804.690,112,112,53,4.3926945792e+10,4.981560064e+10
804.891,112,112,53,4.3892342784e+10,4.981560064e+10
805.092,112,112,53,4.3916460032e+10,4.981560064e+10
805.294,112,112,53,4.3891294208e+10,4.981560064e+10
805.495,112,112,53,4.3911217152e+10,4.981560064e+10
805.696,112,112,53,4.3994054656e+10,4.981560064e+10
805.897,112,112,53,4.3994054656e+10,4.981560064e+10
806.099,112,112,53,4.400873472e+10,4.981560064e+10
806.300,112,112,53,4.400873472e+10,4.981560064e+10
806.501,112,112,53,4.40139776e+10,4.981560064e+10
806.703,112,112,53,4.4006637568e+10,4.981560064e+10
806.904,112,112,53,4.3953160192e+10,4.981560064e+10
807.105,112,112,53,4.3953160192e+10,4.981560064e+10
807.307,112,112,53,4.3963645952e+10,4.981560064e+10
807.508,112,112,53,4.3929042944e+10,4.981560064e+10
807.709,112,112,53,4.3922751488e+10,4.981560064e+10
807.911,112,112,53,4.3918557184e+10,4.981560064e+10
808.112,112,112,53,4.3934285824e+10,4.981560064e+10
808.313,112,112,53,4.3921702912e+10,4.981560064e+10
808.515,112,112,53,4.3948965888e+10,4.981560064e+10
808.716,112,112,53,4.397203456e+10,4.981560064e+10
808.917,112,112,53,4.3990908928e+10,4.981560064e+10
809.118,112,112,53,4.3990908928e+10,4.981560064e+10
809.320,112,112,53,4.3973083136e+10,4.981560064e+10
809.521,112,112,53,4.3969937408e+10,4.981560064e+10
809.723,112,112,53,4.3933237248e+10,4.981560064e+10
809.924,112,112,53,4.3891294208e+10,4.981560064e+10
810.125,112,112,53,4.391436288e+10,4.981560064e+10
810.326,112,112,53,4.3912265728e+10,4.981560064e+10
810.528,112,112,53,4.393009152e+10,4.981560064e+10
810.729,112,112,53,4.3958403072e+10,4.981560064e+10
810.930,112,112,53,4.3968888832e+10,4.981560064e+10
811.132,112,112,53,4.3980423168e+10,4.981560064e+10
811.333,112,112,53,4.397727744e+10,4.981560064e+10
811.534,112,112,53,4.39877632e+10,4.981560064e+10
811.735,112,112,53,4.394582016e+10,4.981560064e+10
811.937,112,112,53,4.3939877958e+10,4.981560064e+10
812.138,112,112,53,4.3946169414e+10,4.981560064e+10
812.339,112,112,53,4.3929392198e+10,4.981560064e+10
812.541,112,112,53,4.3887449158e+10,4.981560064e+10
812.742,112,112,53,4.3885352006e+10,4.981560064e+10
812.943,112,112,53,4.3887449158e+10,4.981560064e+10
813.144,112,112,53,4.388954631e+10,4.981560064e+10
813.346,112,112,53,4.393673223e+10,4.981560064e+10
813.547,112,112,53,4.3951412294e+10,4.981560064e+10
813.748,112,112,53,4.3963995206e+10,4.981560064e+10
813.949,112,112,53,4.3955606598e+10,4.981560064e+10
814.150,112,112,53,4.3966092358e+10,4.981560064e+10
814.352,112,112,53,4.3918906438e+10,4.981560064e+10
814.553,112,112,53,4.3923100742e+10,4.981560064e+10
814.754,112,112,53,4.392100359e+10,4.981560064e+10
814.955,112,112,53,4.3928343622e+10,4.981560064e+10
815.156,112,112,53,4.3916809286e+10,4.981560064e+10
815.358,112,112,53,4.3918906438e+10,4.981560064e+10
815.559,112,112,53,4.3912614982e+10,4.981560064e+10
815.760,112,112,53,4.3895837766e+10,4.981560064e+10
815.961,112,112,53,4.3906323526e+10,4.981560064e+10
816.163,112,112,53,4.3891643462e+10,4.981560064e+10
816.364,112,112,53,4.387906055e+10,4.981560064e+10
816.565,112,112,53,4.3895837766e+10,4.981560064e+10
816.766,112,112,53,4.3892692038e+10,4.981560064e+10
816.968,112,112,53,4.3885352006e+10,4.981560064e+10
817.169,112,112,53,4.3885352006e+10,4.981560064e+10
817.370,112,112,53,4.387906055e+10,4.981560064e+10
817.571,112,112,53,4.3913663558e+10,4.981560064e+10
817.773,112,112,53,4.3937780806e+10,4.981560064e+10
817.974,112,112,53,4.3917857862e+10,4.981560064e+10
818.175,112,112,53,4.3892692038e+10,4.981560064e+10
818.376,112,112,53,4.3891643462e+10,4.981560064e+10
818.578,112,112,53,4.3888497734e+10,4.981560064e+10
818.779,112,112,53,4.3897934918e+10,4.981560064e+10
818.980,112,112,53,4.3866477638e+10,4.981560064e+10
819.181,112,112,53,4.3849700422e+10,4.981560064e+10
819.383,112,112,53,4.3886400582e+10,4.981560064e+10
819.584,112,112,53,4.3880109126e+10,4.981560064e+10
819.785,112,112,53,4.3893740614e+10,4.981560064e+10
819.986,112,112,53,4.3898983494e+10,4.981560064e+10
820.188,112,112,53,4.3872769094e+10,4.981560064e+10
820.389,112,112,53,4.387381767e+10,4.981560064e+10
820.590,112,112,53,4.3885352006e+10,4.981560064e+10
820.791,112,112,53,4.3903177798e+10,4.981560064e+10
820.992,112,112,53,4.3883254854e+10,4.981560064e+10
821.194,112,112,53,4.387906055e+10,4.981560064e+10
821.395,112,112,53,4.3850748998e+10,4.981560064e+10
821.596,112,112,53,4.3878011974e+10,4.981560064e+10
821.797,112,112,53,4.3882206278e+10,4.981560064e+10
821.999,112,112,53,4.3871720518e+10,4.981560064e+10
822.200,112,112,53,4.385808903e+10,4.981560064e+10
822.401,112,112,53,4.3848651846e+10,4.981560064e+10
822.603,112,112,53,4.3866477638e+10,4.981560064e+10
822.804,112,112,53,4.3865429062e+10,4.981560064e+10
823.005,112,112,53,4.3875914822e+10,4.981560064e+10
823.206,112,112,53,4.3853894726e+10,4.981560064e+10
823.407,112,112,53,4.3839214662e+10,4.981560064e+10
823.608,112,112,53,4.386857479e+10,4.981560064e+10
823.810,112,112,53,4.3864380486e+10,4.981560064e+10
824.011,112,112,53,4.3867526214e+10,4.981560064e+10
824.212,112,112,53,4.382663175e+10,4.981560064e+10
824.414,112,112,53,4.3840263238e+10,4.981560064e+10
824.615,112,112,53,4.3860186182e+10,4.981560064e+10
824.816,112,112,53,4.388430343e+10,4.981560064e+10
825.017,112,112,53,4.3865429062e+10,4.981560064e+10
825.219,112,112,53,4.387381767e+10,4.981560064e+10
825.420,112,112,53,4.382138887e+10,4.981560064e+10
825.622,112,112,53,4.3848651846e+10,4.981560064e+10
825.823,112,112,53,4.3840263238e+10,4.981560064e+10
826.024,112,112,53,4.3850748998e+10,4.981560064e+10
826.225,112,112,53,4.3832923206e+10,4.981560064e+10
826.426,112,112,53,4.3825583174e+10,4.981560064e+10
826.628,112,112,53,4.3829777478e+10,4.981560064e+10
826.829,112,112,53,4.3823486022e+10,4.981560064e+10
827.030,112,112,53,4.3860186182e+10,4.981560064e+10
827.231,112,112,53,4.385808903e+10,4.981560064e+10
827.433,112,112,53,4.383187463e+10,4.981560064e+10
827.634,112,112,53,4.3841311814e+10,4.981560064e+10
827.835,112,112,53,4.384760327e+10,4.981560064e+10
828.036,112,112,53,4.3838166086e+10,4.981560064e+10
828.238,112,112,53,4.3851797574e+10,4.981560064e+10
828.439,112,112,53,4.3830826054e+10,4.981560064e+10
828.640,112,112,53,4.383711751e+10,4.981560064e+10
828.841,112,112,53,4.3825583174e+10,4.981560064e+10
829.043,112,112,53,4.380041735e+10,4.981560064e+10
829.244,112,112,53,4.3786785862e+10,4.981560064e+10
829.445,112,112,53,4.3786785862e+10,4.981560064e+10
829.647,112,112,53,4.3818243142e+10,4.981560064e+10
829.848,112,112,53,4.380566023e+10,4.981560064e+10
830.049,112,112,53,4.384236039e+10,4.981560064e+10
830.250,112,112,53,4.3830826054e+10,4.981560064e+10
830.452,112,112,53,4.380041735e+10,4.981560064e+10
830.653,112,112,53,4.381090311e+10,4.981560064e+10
830.854,112,112,53,4.3813000262e+10,4.981560064e+10
831.056,112,112,53,4.3832923206e+10,4.981560064e+10
831.257,112,112,53,4.3835020358e+10,4.981560064e+10
831.458,112,112,53,4.3829777478e+10,4.981560064e+10
831.659,112,112,53,4.3799368774e+10,4.981560064e+10
831.861,112,112,53,4.380566023e+10,4.981560064e+10
832.062,112,112,53,4.381090311e+10,4.981560064e+10
832.264,112,112,53,4.380566023e+10,4.981560064e+10
832.465,112,112,53,4.3806708806e+10,4.981560064e+10
832.666,112,112,53,4.3804611654e+10,4.981560064e+10
832.868,112,112,53,4.3794125894e+10,4.981560064e+10
833.069,112,112,53,4.3790980166e+10,4.981560064e+10
833.270,112,112,53,4.377944583e+10,4.981560064e+10
833.472,112,112,53,4.376896007e+10,4.981560064e+10
833.673,112,112,53,4.3783640134e+10,4.981560064e+10
833.874,112,112,53,4.3799368774e+10,4.981560064e+10
834.075,112,112,53,4.381614599e+10,4.981560064e+10
834.277,112,112,53,4.383187463e+10,4.981560064e+10
834.478,112,112,53,4.3796223046e+10,4.981560064e+10
834.679,112,112,53,4.3766862918e+10,4.981560064e+10
834.880,112,112,53,4.3767911494e+10,4.981560064e+10
835.081,112,112,53,4.3756833001e+10,4.981560064e+10
835.283,112,112,53,4.3775707369e+10,4.981560064e+10
835.484,112,112,53,4.3792484585e+10,4.981560064e+10
835.685,112,112,53,4.3792484585e+10,4.981560064e+10
835.887,112,112,53,4.3778853097e+10,4.981560064e+10
836.088,112,112,53,4.3798776041e+10,4.981560064e+10
836.289,112,112,53,4.3794581737e+10,4.981560064e+10
836.490,112,112,53,4.3783047401e+10,4.981560064e+10
836.691,112,112,53,4.3792484585e+10,4.981560064e+10
836.893,112,112,53,4.3773610217e+10,4.981560064e+10
837.094,112,112,53,4.3762075881e+10,4.981560064e+10
837.295,112,112,53,4.3762075881e+10,4.981560064e+10
837.496,112,112,53,4.3751590121e+10,4.981560064e+10
837.698,112,112,53,4.3778853097e+10,4.981560064e+10
837.899,112,112,53,4.3752638697e+10,4.981560064e+10
838.101,112,112,53,4.3763124457e+10,4.981560064e+10
838.302,112,112,53,4.3775707369e+10,4.981560064e+10
838.503,112,112,53,4.3796678889e+10,4.981560064e+10
838.705,112,112,53,4.3750541545e+10,4.981560064e+10
838.906,112,112,53,4.3744250089e+10,4.981560064e+10
839.107,112,112,53,4.3748444393e+10,4.981560064e+10
839.308,112,112,53,4.3742152937e+10,4.981560064e+10
839.510,112,112,53,4.3769415913e+10,4.981560064e+10
839.711,112,112,53,4.3774658793e+10,4.981560064e+10
839.912,112,112,53,4.3748444393e+10,4.981560064e+10
840.114,112,112,53,4.3766270185e+10,4.981560064e+10
840.315,112,112,53,4.3752638697e+10,4.981560064e+10
840.516,112,112,53,4.3746347241e+10,4.981560064e+10
840.717,112,112,53,4.3749492969e+10,4.981560064e+10
840.919,112,112,53,4.3739007209e+10,4.981560064e+10
841.120,112,112,53,4.3763124457e+10,4.981560064e+10
841.321,112,112,53,4.3766270185e+10,4.981560064e+10
841.522,112,112,53,4.3757881577e+10,4.981560064e+10
841.724,112,112,53,4.3733764329e+10,4.981560064e+10
841.925,112,112,53,4.3733764329e+10,4.981560064e+10
842.126,112,112,53,4.3729570025e+10,4.981560064e+10
842.327,112,112,53,4.3712792809e+10,4.981560064e+10
842.528,112,112,53,4.3725194022e+10,4.981560064e+10
842.729,112,112,53,4.3747214118e+10,4.981560064e+10
842.930,112,112,53,4.3727291174e+10,4.981560064e+10
843.131,112,112,53,4.372833975e+10,4.981560064e+10
843.332,112,112,53,4.3743019814e+10,4.981560064e+10
843.533,112,112,53,4.3706319654e+10,4.981560064e+10
843.734,112,112,53,4.371785399e+10,4.981560064e+10
843.935,112,112,53,4.3737776934e+10,4.981560064e+10
844.136,112,112,53,4.3747214118e+10,4.981560064e+10
844.337,112,112,53,4.3731485478e+10,4.981560064e+10
844.538,112,112,53,4.3698979622e+10,4.981560064e+10
844.739,112,112,53,4.369163959e+10,4.981560064e+10
844.940,112,112,53,4.3664376614e+10,4.981560064e+10
845.141,112,112,53,4.3667522342e+10,4.981560064e+10
845.342,112,112,53,4.368639671e+10,4.981560064e+10
845.543,112,112,53,4.3673813798e+10,4.981560064e+10
845.744,112,112,53,4.3674862374e+10,4.981560064e+10
845.945,112,112,53,4.367591095e+10,4.981560064e+10
846.146,112,112,53,4.3693736742e+10,4.981560064e+10
846.347,112,112,53,4.3689542438e+10,4.981560064e+10
846.548,112,112,53,4.3678008102e+10,4.981560064e+10
846.749,112,112,53,4.371261111e+10,4.981560064e+10
846.950,112,112,53,4.3743019814e+10,4.981560064e+10
847.151,112,112,53,4.3722048294e+10,4.981560064e+10
847.352,112,112,53,4.3690591014e+10,4.981560064e+10
847.553,112,112,53,4.368115383e+10,4.981560064e+10
847.754,112,112,53,4.3684299558e+10,4.981560064e+10
847.955,112,112,53,4.3688493862e+10,4.981560064e+10
848.156,112,112,53,4.366018231e+10,4.981560064e+10
848.357,112,112,53,4.3658085158e+10,4.981560064e+10
848.558,112,112,53,4.3638162214e+10,4.981560064e+10
848.759,112,112,53,4.3641307942e+10,4.981560064e+10
848.960,112,112,53,4.3626627878e+10,4.981560064e+10
849.161,112,112,53,4.3690591014e+10,4.981560064e+10
849.362,112,112,53,4.3685348134e+10,4.981560064e+10
849.563,112,112,53,4.3669619494e+10,4.981560064e+10
849.764,112,112,53,4.3674862374e+10,4.981560064e+10
849.965,112,112,53,4.3657036582e+10,4.981560064e+10
850.166,112,112,53,4.3659133734e+10,4.981560064e+10
850.367,112,112,53,4.3655988006e+10,4.981560064e+10
850.568,112,112,53,4.364445367e+10,4.981560064e+10
850.769,112,112,53,4.3627648659e+10,4.981560064e+10
850.970,112,112,53,4.3624502931e+10,4.981560064e+10
851.171,112,112,53,4.3620308627e+10,4.981560064e+10
851.372,112,112,53,4.3620308627e+10,4.981560064e+10
851.573,112,112,53,4.3628697235e+10,4.981560064e+10
851.775,112,112,53,4.3611920019e+10,4.981560064e+10
851.976,112,112,53,4.3606677139e+10,4.981560064e+10
852.177,112,112,53,4.3603531411e+10,4.981560064e+10
852.378,112,112,53,4.3638134419e+10,4.981560064e+10
852.579,112,112,53,4.3625551507e+10,4.981560064e+10
852.780,112,112,53,4.3634384769e+10,4.981560064e+10
852.981,112,112,53,4.3629141889e+10,4.981560064e+10
853.182,112,112,53,4.3617607553e+10,4.981560064e+10
853.383,112,112,53,4.3595587457e+10,4.981560064e+10
853.584,112,112,53,4.3571470209e+10,4.981560064e+10
853.785,112,112,53,4.3577590531e+10,4.981560064e+10
853.986,112,112,53,4.3571299075e+10,4.981560064e+10
854.187,112,112,53,4.3580736259e+10,4.981560064e+10
854.388,112,112,53,4.3556619011e+10,4.981560064e+10
854.589,112,112,53,4.3589124867e+10,4.981560064e+10
854.790,112,112,53,4.3603804931e+10,4.981560064e+10
854.991,112,112,53,4.3603804931e+10,4.981560064e+10
855.192,112,112,53,4.3597513475e+10,4.981560064e+10
855.393,112,112,53,4.3559764739e+10,4.981560064e+10
855.594,112,112,53,4.3545084675e+10,4.981560064e+10
855.795,112,112,53,4.3538793219e+10,4.981560064e+10
855.996,112,112,53,4.357645405e+10,4.981560064e+10
856.197,112,112,53,4.355023965e+10,4.981560064e+10
856.398,112,112,53,4.3518453894e+10,4.981560064e+10
856.599,112,112,53,4.3507968134e+10,4.981560064e+10
856.800,112,112,53,4.350377383e+10,4.981560064e+10
857.001,112,112,53,4.3494336646e+10,4.981560064e+10
857.203,112,112,53,4.3502725254e+10,4.981560064e+10
857.404,112,112,53,4.3534342067e+10,4.981560064e+10
857.605,112,112,53,4.3540633523e+10,4.981560064e+10
857.806,112,112,53,4.3521759155e+10,4.981560064e+10
858.007,112,112,53,4.3522807731e+10,4.981560064e+10
858.208,112,112,53,4.3511273395e+10,4.981560064e+10
858.409,112,112,53,4.3484010419e+10,4.981560064e+10
858.610,112,112,53,4.3485058995e+10,4.981560064e+10
858.811,112,112,53,4.3489253299e+10,4.981560064e+10
859.012,112,112,53,4.3482961843e+10,4.981560064e+10
859.213,112,112,53,4.3446261683e+10,4.981560064e+10
859.414,112,112,53,4.3442067379e+10,4.981560064e+10
859.615,112,112,53,4.3454650291e+10,4.981560064e+10
859.816,112,112,53,4.3458844595e+10,4.981560064e+10
860.017,112,112,53,4.3455698867e+10,4.981560064e+10
860.218,112,112,53,4.3452553139e+10,4.981560064e+10
860.419,112,112,53,4.3434727347e+10,4.981560064e+10
860.620,112,112,53,4.3436824499e+10,4.981560064e+10
860.821,112,112,53,4.3453601715e+10,4.981560064e+10
861.022,112,112,53,4.3458844595e+10,4.981560064e+10
861.223,112,112,53,4.3429484467e+10,4.981560064e+10
861.424,112,112,53,4.3413468215e+10,4.981560064e+10
861.625,112,112,53,4.3400885303e+10,4.981560064e+10
861.826,112,112,53,4.3401933879e+10,4.981560064e+10
862.026,112,112,53,4.3400885303e+10,4.981560064e+10
862.227,112,112,53,4.3407176759e+10,4.981560064e+10
862.428,112,112,53,4.3339019319e+10,4.981560064e+10
862.629,112,112,53,4.3348456503e+10,4.981560064e+10
862.831,112,112,53,4.3345310775e+10,4.981560064e+10
863.032,112,112,53,4.3334825015e+10,4.981560064e+10
863.233,112,112,53,4.3364185143e+10,4.981560064e+10
863.434,112,112,53,4.3358942263e+10,4.981560064e+10
863.635,112,112,53,4.3351602231e+10,4.981560064e+10
863.837,112,112,53,4.3354747959e+10,4.981560064e+10
864.038,112,112,53,4.3333776439e+10,4.981560064e+10
864.239,112,112,53,4.3330630711e+10,4.981560064e+10
864.441,112,112,53,4.3306513463e+10,4.981560064e+10
864.642,112,112,53,4.3348456503e+10,4.981560064e+10
864.843,112,112,53,4.3339019319e+10,4.981560064e+10
865.045,112,112,53,4.3325387831e+10,4.981560064e+10
865.246,112,112,53,4.3277153335e+10,4.981560064e+10
865.447,112,112,53,4.3257230391e+10,4.981560064e+10
865.649,112,112,53,4.3257230391e+10,4.981560064e+10
865.850,112,112,53,4.3247793207e+10,4.981560064e+10
866.051,112,112,53,4.3242550327e+10,4.981560064e+10
866.252,112,112,53,4.3246744631e+10,4.981560064e+10
866.454,112,112,53,4.3269813303e+10,4.981560064e+10
866.657,112,112,53,4.3264570423e+10,4.981560064e+10
866.858,112,112,53,4.3229967415e+10,4.981560064e+10
867.059,112,112,53,4.3247793207e+10,4.981560064e+10
867.261,112,112,53,4.3249890359e+10,4.981560064e+10
867.462,112,112,53,4.3267716151e+10,4.981560064e+10
867.664,112,112,53,4.3268764727e+10,4.981560064e+10
867.865,112,112,53,4.3215287351e+10,4.981560064e+10
868.066,112,112,53,4.3197141188e+10,4.981560064e+10
868.268,112,112,53,4.318875258e+10,4.981560064e+10
868.469,112,112,53,4.3153100996e+10,4.981560064e+10
868.670,112,112,53,4.315205242e+10,4.981560064e+10
868.872,112,112,53,4.3151003844e+10,4.981560064e+10
869.073,112,112,53,4.314680954e+10,4.981560064e+10
869.274,112,112,53,4.313632378e+10,4.981560064e+10
869.475,112,112,53,4.3124789444e+10,4.981560064e+10
869.676,112,112,53,4.3119641781e+10,4.981560064e+10
869.878,112,112,53,4.3113350325e+10,4.981560064e+10
870.079,112,112,53,4.3135370421e+10,4.981560064e+10
870.280,112,112,53,4.3130127541e+10,4.981560064e+10
870.481,112,112,53,4.3138516149e+10,4.981560064e+10
870.683,112,112,53,4.3123836085e+10,4.981560064e+10
870.884,112,112,53,4.3098670261e+10,4.981560064e+10
871.085,112,112,53,4.3083990197e+10,4.981560064e+10
871.287,112,112,53,4.3047290037e+10,4.981560064e+10
871.488,112,112,53,4.3060921525e+10,4.981560064e+10
871.689,112,112,53,4.3055678645e+10,4.981560064e+10
871.891,112,112,53,4.3046241461e+10,4.981560064e+10
872.092,112,112,53,4.3021075637e+10,4.981560064e+10
872.293,112,112,53,4.3027367093e+10,4.981560064e+10
872.494,112,112,53,4.3022124213e+10,4.981560064e+10
872.696,112,112,53,4.3018978485e+10,4.981560064e+10
872.897,112,112,53,4.3021075637e+10,4.981560064e+10
873.098,112,112,53,4.3001152693e+10,4.981560064e+10
873.299,112,112,53,4.2995909813e+10,4.981560064e+10
873.501,112,112,53,4.2995909813e+10,4.981560064e+10
873.702,112,112,53,4.2979132597e+10,4.981560064e+10
873.903,112,112,53,4.2937189557e+10,4.981560064e+10
874.105,112,112,53,4.2922509493e+10,4.981560064e+10
874.306,112,112,53,4.2928800949e+10,4.981560064e+10
874.507,112,112,53,4.2951869621e+10,4.981560064e+10
874.709,112,112,53,4.2960258229e+10,4.981560064e+10
874.910,112,112,53,4.2943481013e+10,4.981560064e+10
875.111,112,112,53,4.2922509493e+10,4.981560064e+10
875.312,112,112,53,4.2932995253e+10,4.981560064e+10
875.514,112,112,53,4.2916218037e+10,4.981560064e+10
875.715,112,112,53,4.2901537973e+10,4.981560064e+10
875.916,112,112,53,4.2883712181e+10,4.981560064e+10
876.118,112,112,53,4.2880566453e+10,4.981560064e+10
876.319,112,112,53,4.2881615029e+10,4.981560064e+10
876.520,112,112,53,4.2856449205e+10,4.981560064e+10
876.721,112,112,53,4.2866934965e+10,4.981560064e+10
876.923,112,112,53,4.2864837813e+10,4.981560064e+10
877.124,112,112,53,4.2863789237e+10,4.981560064e+10
877.325,112,112,53,4.2848060597e+10,4.981560064e+10
877.527,112,112,53,4.2829186229e+10,4.981560064e+10
877.728,112,112,53,4.2815554741e+10,4.981560064e+10
877.929,112,112,53,4.2804020405e+10,4.981560064e+10
878.131,112,112,53,4.2799826101e+10,4.981560064e+10
878.332,112,112,53,4.2835477685e+10,4.981560064e+10
878.533,112,112,53,4.2810311861e+10,4.981560064e+10
878.735,112,112,53,4.2797728949e+10,4.981560064e+10
878.936,112,112,53,4.2751750733e+10,4.981560064e+10
879.137,112,112,53,4.2764333645e+10,4.981560064e+10
879.338,112,112,53,4.2740216397e+10,4.981560064e+10
879.540,112,112,53,4.2677301837e+10,4.981560064e+10
879.741,112,112,53,4.2660524621e+10,4.981560064e+10
879.942,112,112,53,4.2659476045e+10,4.981560064e+10
880.143,112,112,53,4.2675204685e+10,4.981560064e+10
880.345,112,112,53,4.2687787597e+10,4.981560064e+10
880.546,112,112,53,4.2710856269e+10,4.981560064e+10
880.747,112,112,53,4.2696176205e+10,4.981560064e+10
880.948,112,112,53,4.2692514703e+10,4.981560064e+10
881.150,112,112,53,4.2710340495e+10,4.981560064e+10
881.351,112,112,53,4.2709291919e+10,4.981560064e+10
881.552,112,112,53,4.2674688911e+10,4.981560064e+10
881.753,112,112,53,4.2648474511e+10,4.981560064e+10
881.955,112,112,53,4.2613871503e+10,4.981560064e+10
882.156,112,112,53,4.2584511375e+10,4.981560064e+10
882.357,112,112,53,4.2566685583e+10,4.981560064e+10
882.559,112,112,53,4.2550956943e+10,4.981560064e+10
882.760,112,112,53,4.2553054095e+10,4.981560064e+10
882.961,112,112,53,4.2544665487e+10,4.981560064e+10
883.162,112,112,53,4.2543616911e+10,4.981560064e+10
883.364,112,112,53,4.2545714063e+10,4.981560064e+10
883.565,112,112,53,4.2558296975e+10,4.981560064e+10
883.766,112,112,53,4.2568782735e+10,4.981560064e+10
883.967,112,112,53,4.2540471183e+10,4.981560064e+10
884.168,112,112,53,4.2541519759e+10,4.981560064e+10
884.370,112,112,53,4.2542568335e+10,4.981560064e+10
884.571,112,112,53,4.2553054095e+10,4.981560064e+10
884.772,112,112,53,4.2518451087e+10,4.981560064e+10
884.973,112,112,53,4.2496430991e+10,4.981560064e+10
885.175,112,112,53,4.2463443087e+10,4.981560064e+10
885.376,112,112,53,4.2439325839e+10,4.981560064e+10
885.577,112,112,53,4.2420451471e+10,4.981560064e+10
885.778,112,112,53,4.2438940677e+10,4.981560064e+10
885.979,112,112,53,4.2435430507e+10,4.981560064e+10
886.180,112,112,53,4.2410264683e+10,4.981560064e+10
886.381,112,112,53,4.2401876075e+10,4.981560064e+10
886.582,112,112,53,4.2396633195e+10,4.981560064e+10
886.783,112,112,53,4.2368321643e+10,4.981560064e+10
886.984,112,112,53,4.2359933035e+10,4.981560064e+10
887.185,112,112,53,4.2321108511e+10,4.981560064e+10
887.386,112,112,53,4.2336538264e+10,4.981560064e+10
887.587,112,112,53,4.23218582e+10,4.981560064e+10
887.788,112,112,53,4.229040092e+10,4.981560064e+10
887.989,112,112,53,4.2276769432e+10,4.981560064e+10
888.190,112,112,53,4.2283133622e+10,4.981560064e+10
888.391,112,112,53,4.228103647e+10,4.981560064e+10
888.592,112,112,53,4.2272593381e+10,4.981560064e+10
888.793,112,112,53,4.2255887588e+10,4.981560064e+10
888.994,112,112,53,4.222128458e+10,4.981560064e+10
889.195,112,112,53,4.2174720944e+10,4.981560064e+10
889.396,112,112,53,4.2184158128e+10,4.981560064e+10
889.597,112,112,53,4.2141166512e+10,4.981560064e+10
889.799,112,112,53,4.2090834864e+10,4.981560064e+10
890.000,112,112,53,4.2090834864e+10,4.981560064e+10
890.201,112,112,53,4.2067766192e+10,4.981560064e+10
890.403,112,112,53,4.2084543408e+10,4.981560064e+10
890.604,112,112,53,4.21023692e+10,4.981560064e+10
890.805,112,112,53,4.2056231856e+10,4.981560064e+10
891.007,112,112,53,4.2036308912e+10,4.981560064e+10
891.208,112,112,53,4.2016385968e+10,4.981560064e+10
891.409,112,112,53,4.2025823152e+10,4.981560064e+10
891.611,112,112,53,4.1999608752e+10,4.981560064e+10
891.812,112,112,53,4.1970248624e+10,4.981560064e+10
892.013,112,112,53,4.19712972e+10,4.981560064e+10
892.215,112,112,53,4.1933548464e+10,4.981560064e+10
892.416,112,112,53,4.1898945456e+10,4.981560064e+10
892.617,112,112,53,4.1886362544e+10,4.981560064e+10
892.819,112,112,53,4.1800379312e+10,4.981560064e+10
893.020,112,112,53,4.1801427888e+10,4.981560064e+10
893.222,112,112,53,4.1804573616e+10,4.981560064e+10
893.423,112,112,53,4.1796185008e+10,4.981560064e+10
893.624,112,112,53,4.1791543458e+10,4.981560064e+10
893.826,112,112,53,4.1771620514e+10,4.981560064e+10
894.027,112,112,53,4.1764280482e+10,4.981560064e+10
894.229,112,112,53,4.1772710701e+10,4.981560064e+10
894.430,112,112,53,4.1745447725e+10,4.981560064e+10
894.631,112,112,53,4.1697213229e+10,4.981560064e+10
894.833,112,112,53,4.1674144557e+10,4.981560064e+10
895.034,112,112,53,4.1648978733e+10,4.981560064e+10
895.235,112,112,53,4.1597598509e+10,4.981560064e+10
895.437,112,112,53,4.1564044077e+10,4.981560064e+10
895.638,112,112,53,4.1566141229e+10,4.981560064e+10
895.839,112,112,53,4.1559849773e+10,4.981560064e+10
896.040,112,112,53,4.1516858157e+10,4.981560064e+10
896.241,112,112,53,4.1503226669e+10,4.981560064e+10
896.442,112,112,53,4.1500080941e+10,4.981560064e+10
896.643,112,112,53,4.1451846445e+10,4.981560064e+10
896.844,112,112,53,4.1427729197e+10,4.981560064e+10
897.045,112,112,53,4.1420389165e+10,4.981560064e+10
897.246,112,112,53,4.1397320493e+10,4.981560064e+10
897.448,112,112,53,4.1358523181e+10,4.981560064e+10
897.649,112,112,53,4.1305045805e+10,4.981560064e+10
897.850,112,112,53,4.1289317165e+10,4.981560064e+10
898.051,112,112,53,4.1258908461e+10,4.981560064e+10
898.252,112,112,53,4.1255762733e+10,4.981560064e+10
898.453,112,112,53,4.1244228397e+10,4.981560064e+10
898.655,112,112,53,4.1210673965e+10,4.981560064e+10
898.856,112,112,53,4.1189702445e+10,4.981560064e+10
899.057,112,112,53,4.1177119533e+10,4.981560064e+10
899.258,112,112,53,4.1155099437e+10,4.981560064e+10
899.459,112,112,53,4.1151953709e+10,4.981560064e+10
899.661,112,112,53,4.1114204973e+10,4.981560064e+10
899.862,112,112,53,4.1110010669e+10,4.981560064e+10
900.063,112,112,53,4.1096379181e+10,4.981560064e+10
900.265,112,112,53,4.1069116205e+10,4.981560064e+10
900.466,112,112,53,4.1047079171e+10,4.981560064e+10
900.667,112,112,53,4.1024010499e+10,4.981560064e+10
900.868,112,112,53,4.0986197862e+10,4.981560064e+10
901.070,112,112,53,4.0936396118e+10,4.981560064e+10
901.271,112,112,53,4.0929056086e+10,4.981560064e+10
901.472,112,112,53,4.0897598806e+10,4.981560064e+10
901.674,112,112,53,4.0873481558e+10,4.981560064e+10
901.875,112,112,53,4.084936431e+10,4.981560064e+10
902.076,112,112,53,4.0830489942e+10,4.981560064e+10
902.278,112,112,53,4.080742127e+10,4.981560064e+10
902.479,112,112,53,4.0777012566e+10,4.981560064e+10
902.680,112,112,53,4.0752895318e+10,4.981560064e+10
902.882,112,112,53,4.067110639e+10,4.981560064e+10
903.083,112,112,53,4.0626017622e+10,4.981560064e+10
903.284,112,112,53,4.059158133e+10,4.981560064e+10
903.486,112,112,53,4.0582144146e+10,4.981560064e+10
903.687,112,112,53,4.0572706962e+10,4.981560064e+10
903.888,112,112,53,4.0559075474e+10,4.981560064e+10
904.089,112,112,53,4.0506630581e+10,4.981560064e+10
904.291,112,112,53,4.0490901941e+10,4.981560064e+10
904.492,112,112,53,4.0478319029e+10,4.981560064e+10
904.693,112,112,53,4.0432181685e+10,4.981560064e+10
904.895,112,112,53,4.0393637526e+10,4.981560064e+10
905.096,112,112,53,4.0380006038e+10,4.981560064e+10
905.297,112,112,53,4.0337014422e+10,4.981560064e+10
905.499,112,112,53,4.0285634198e+10,4.981560064e+10
905.700,112,112,53,4.0257322646e+10,4.981560064e+10
905.902,112,112,53,4.0257322646e+10,4.981560064e+10
906.103,112,112,53,4.023005967e+10,4.981560064e+10
906.304,112,112,53,4.0212233878e+10,4.981560064e+10
906.506,112,112,53,4.0189165206e+10,4.981560064e+10
906.707,112,112,53,4.015141647e+10,4.981560064e+10
906.908,112,112,53,4.0121007766e+10,4.981560064e+10
907.109,112,112,53,4.0087453334e+10,4.981560064e+10
907.311,112,112,53,4.0061238934e+10,4.981560064e+10
907.512,112,112,53,4.00296596e+10,4.981560064e+10
907.713,112,112,53,3.999540161e+10,4.981560064e+10
907.915,112,112,53,3.992724417e+10,4.981560064e+10
908.116,112,112,53,3.9884407971e+10,4.981560064e+10
908.317,112,112,53,3.9849804963e+10,4.981560064e+10
908.519,112,112,53,3.9845610659e+10,4.981560064e+10
908.720,112,112,53,3.9821493411e+10,4.981560064e+10
908.921,112,112,53,3.9776404643e+10,4.981560064e+10
909.123,112,112,53,3.9780598947e+10,4.981560064e+10
909.324,112,112,53,3.9763821731e+10,4.981560064e+10
909.525,112,112,53,3.9730267299e+10,4.981560064e+10
909.726,112,112,53,3.9688324259e+10,4.981560064e+10
909.928,112,112,53,3.9683081379e+10,4.981560064e+10
910.129,112,112,53,3.9636944035e+10,4.981560064e+10
910.330,112,112,53,3.9555315808e+10,4.981560064e+10
910.532,112,112,53,3.9496748823e+10,4.981560064e+10
910.733,112,112,53,3.9431737111e+10,4.981560064e+10
910.934,112,112,53,3.9402376983e+10,4.981560064e+10
911.135,112,112,53,3.9370919703e+10,4.981560064e+10
911.337,112,112,53,3.9377340445e+10,4.981560064e+10
911.538,112,112,53,3.9371490937e+10,4.981560064e+10
911.740,112,112,53,3.9303333497e+10,4.981560064e+10
911.941,112,112,53,3.9292847737e+10,4.981560064e+10
912.142,112,112,53,3.9179636891e+10,4.981560064e+10
912.344,112,112,53,3.9151325339e+10,4.981560064e+10
912.545,112,112,53,3.9095750811e+10,4.981560064e+10
912.746,112,112,53,3.9031787675e+10,4.981560064e+10
912.948,112,112,53,3.8965727387e+10,4.981560064e+10
913.149,112,112,53,3.8960484507e+10,4.981560064e+10
913.350,112,112,53,3.8938464411e+10,4.981560064e+10
913.552,112,112,53,3.8903861403e+10,4.981560064e+10
913.753,112,112,53,3.8818926747e+10,4.981560064e+10
913.955,112,112,53,3.8738186395e+10,4.981560064e+10
914.156,112,112,53,3.8631231643e+10,4.981560064e+10
914.358,112,112,53,3.8566219931e+10,4.981560064e+10
914.559,112,112,53,3.8502342184e+10,4.981560064e+10
914.760,112,112,53,3.8496050728e+10,4.981560064e+10
914.962,112,112,53,3.848241924e+10,4.981560064e+10
915.163,112,112,53,3.8426844712e+10,4.981560064e+10
915.364,112,112,53,3.8418456104e+10,4.981560064e+10
915.566,112,112,53,3.831988996e+10,4.981560064e+10
915.767,112,112,53,3.820978948e+10,4.981560064e+10
915.968,112,112,53,3.8189866536e+10,4.981560064e+10
916.170,112,112,53,3.8135340584e+10,4.981560064e+10
916.371,112,112,53,3.808396036e+10,4.981560064e+10
916.572,112,112,53,3.8042909039e+10,4.981560064e+10
916.774,112,112,53,3.7997820271e+10,4.981560064e+10
916.975,112,112,53,3.7971713313e+10,4.981560064e+10
917.177,112,112,53,3.7898874101e+10,4.981560064e+10
917.378,112,112,53,3.7767802101e+10,4.981560064e+10
917.579,112,112,53,3.7734247669e+10,4.981560064e+10
917.781,112,112,53,3.7741587701e+10,4.981560064e+10
917.982,112,112,53,3.7670284533e+10,4.981560064e+10
918.184,112,112,53,3.7609467125e+10,4.981560064e+10
918.385,112,112,53,3.7508803829e+10,4.981560064e+10
918.587,112,112,53,3.7449034997e+10,4.981560064e+10
918.788,112,112,53,3.7369811702e+10,4.981560064e+10
918.989,112,112,53,3.7311491382e+10,4.981560064e+10
919.191,112,112,53,3.7233896758e+10,4.981560064e+10
919.392,112,112,53,3.7159447862e+10,4.981560064e+10
919.593,112,112,53,3.7117504822e+10,4.981560064e+10
919.795,112,112,53,3.7049347382e+10,4.981560064e+10
919.996,112,112,53,3.6978044214e+10,4.981560064e+10
920.198,112,112,53,3.6924566838e+10,4.981560064e+10
920.399,112,112,53,3.6740692719e+10,4.981560064e+10
920.600,112,112,53,3.6720769775e+10,4.981560064e+10
920.802,112,112,53,3.6684069615e+10,4.981560064e+10
921.003,112,112,53,3.6567677679e+10,4.981560064e+10
921.205,112,112,53,3.6466953719e+10,4.981560064e+10
921.406,112,112,53,3.6349513207e+10,4.981560064e+10
921.607,112,112,53,3.6343546075e+10,4.981560064e+10
921.809,112,112,53,3.6297408731e+10,4.981560064e+10
922.010,112,112,53,3.6191502555e+10,4.981560064e+10
922.211,112,112,53,3.6157948123e+10,4.981560064e+10
922.413,112,112,53,3.5996087564e+10,4.981560064e+10
922.614,112,112,53,3.5779613806e+10,4.981560064e+10
922.815,112,112,53,3.5760739438e+10,4.981560064e+10
923.017,112,112,53,3.5724039278e+10,4.981560064e+10
923.218,112,112,53,3.5692581998e+10,4.981560064e+10
923.420,112,112,53,3.545874955e+10,4.981560064e+10
923.621,112,112,53,3.5400029294e+10,4.981560064e+10
923.823,112,112,53,3.5260568686e+10,4.981560064e+10
924.024,112,112,53,3.5193459822e+10,4.981560064e+10
924.226,112,112,53,3.5122156654e+10,4.981560064e+10
924.427,112,112,53,3.5046659182e+10,4.981560064e+10
924.629,112,112,53,3.4921878638e+10,4.981560064e+10
924.830,112,112,53,3.4791855214e+10,4.981560064e+10
925.031,112,112,53,3.4657637486e+10,4.981560064e+10
925.233,112,112,53,3.4506642542e+10,4.981560064e+10
925.434,112,112,53,3.4377667694e+10,4.981560064e+10
925.635,112,112,53,3.4333627502e+10,4.981560064e+10
925.837,112,112,53,3.420570123e+10,4.981560064e+10
926.038,112,112,53,3.4011106114e+10,4.981560064e+10
926.239,112,112,53,3.3966017346e+10,4.981560064e+10
926.440,112,112,53,3.3841646468e+10,4.981560064e+10
926.641,112,112,53,3.3750420356e+10,4.981560064e+10
926.843,112,112,53,3.3574259588e+10,4.981560064e+10
927.044,112,112,53,3.3369787268e+10,4.981560064e+10
927.245,112,112,53,3.3268075396e+10,4.981560064e+10
927.446,112,112,53,3.3220920283e+10,4.981560064e+10
927.647,112,112,53,3.3036370907e+10,4.981560064e+10
927.849,112,112,53,3.2795396703e+10,4.981560064e+10
928.050,112,112,53,3.2639831749e+10,4.981560064e+10
928.252,112,112,53,3.2548036628e+10,4.981560064e+10
928.453,112,112,53,3.2393895956e+10,4.981560064e+10
928.655,112,112,53,3.2097013051e+10,4.981560064e+10
928.856,112,112,53,3.1898832187e+10,4.981560064e+10
929.057,111,111,53,3.1673302493e+10,4.981560064e+10
929.258,111,111,53,3.1338274918e+10,4.981560064e+10
929.459,111,111,53,3.1107588198e+10,4.981560064e+10
929.660,111,111,53,3.0898921574e+10,4.981560064e+10
929.862,111,111,53,3.0576803633e+10,4.981560064e+10
930.063,111,111,53,3.0248599345e+10,4.981560064e+10
930.265,111,111,53,2.9855111509e+10,4.981560064e+10
930.466,111,111,53,2.9395835221e+10,4.981560064e+10
930.668,111,111,53,2.9091748181e+10,4.981560064e+10
930.869,111,111,53,2.8775393811e+10,4.981560064e+10
931.071,111,111,53,2.8318214675e+10,4.981560064e+10
931.272,111,111,53,2.7810703891e+10,4.981560064e+10
931.474,111,111,53,2.7408609969e+10,4.981560064e+10
931.675,110,110,53,2.6870134428e+10,4.981560064e+10
931.877,109,109,54,2.6414942387e+10,4.981560064e+10
932.078,109,109,54,2.6100219662e+10,4.981560064e+10
932.280,108,108,54,2.5627339681e+10,4.981560064e+10
932.481,108,108,54,2.5154431905e+10,4.981560064e+10
932.683,108,108,54,2.4707738529e+10,4.981560064e+10
932.884,108,108,54,2.4277283442e+10,4.981560064e+10
933.086,107,107,55,2.3808001885e+10,4.981560064e+10
933.287,106,106,56,2.3366618535e+10,4.981560064e+10
933.489,106,106,56,2.2937850559e+10,4.981560064e+10
933.690,105,105,56,2.2324709077e+10,4.981560064e+10
933.892,104,104,57,2.1855836072e+10,4.981560064e+10
934.093,103,103,57,2.1444882185e+10,4.981560064e+10
934.294,103,103,57,2.0877997435e+10,4.981560064e+10
934.496,103,103,57,2.0389231601e+10,4.981560064e+10
934.697,102,102,58,1.9908592804e+10,4.981560064e+10
934.899,101,101,58,1.9238672528e+10,4.981560064e+10
935.100,100,100,59,1.8642986143e+10,4.981560064e+10
935.301,100,100,59,1.8094580895e+10,4.981560064e+10
935.502,100,100,59,1.7480400095e+10,4.981560064e+10
935.703,98,98,60,1.6981818194e+10,4.981560064e+10
935.905,98,98,60,1.645857877e+10,4.981560064e+10
936.106,95,95,62,1.603053741e+10,4.981560064e+10
936.307,94,94,63,1.5410283639e+10,4.981560064e+10
936.509,92,92,64,1.4890604024e+10,4.981560064e+10
936.710,90,90,65,1.4442555297e+10,4.981560064e+10
936.912,89,89,66,1.3876677625e+10,4.981560064e+10
937.113,86,86,69,1.3394104659e+10,4.981560064e+10
937.314,82,82,72,1.2976450281e+10,4.981560064e+10
937.516,81,81,73,1.2549529526e+10,4.981560064e+10
937.717,78,78,76,1.1954084855e+10,4.981560064e+10
937.919,77,77,77,1.1527077757e+10,4.981560064e+10
938.120,76,76,78,1.1037815422e+10,4.981560064e+10
938.322,75,75,79,1.053360554e+10,4.981560064e+10
938.523,72,72,82,1.0025583022e+10,4.981560064e+10
938.724,69,69,86,9.548557924e+09,4.981560064e+10
938.926,66,66,89,9.137926697e+09,4.981560064e+10
939.127,64,64,92,8.730818496e+09,4.981560064e+10
939.328,63,63,94,8.300209985e+09,4.981560064e+10
939.529,62,62,95,7.848430586e+09,4.981560064e+10
939.730,60,60,98,7.372464614e+09,4.981560064e+10
939.932,58,58,102,6.976237178e+09,4.981560064e+10
940.133,56,56,106,6.575889577e+09,4.981560064e+10
940.334,54,54,109,6.153049789e+09,4.981560064e+10
940.535,53,53,112,5.80566754e+09,4.981560064e+10
940.736,51,51,116,5.472843499e+09,4.981560064e+10
940.937,50,50,118,5.140957737e+09,4.981560064e+10
941.138,46,46,129,4.790600992e+09,4.981560064e+10
941.339,44,44,134,4.494036314e+09,4.981560064e+10
941.540,43,43,138,4.228267019e+09,4.981560064e+10
941.741,41,41,144,3.959101681e+09,4.981560064e+10
941.942,37,37,160,3.681057792e+09,4.981560064e+10
942.144,35,35,169,3.470394226e+09,4.981560064e+10
942.345,34,34,174,3.269272743e+09,4.981560064e+10
942.546,33,33,179,3.031474682e+09,4.981560064e+10
942.747,33,33,179,2.78820505e+09,4.981560064e+10
942.948,33,33,179,2.63091865e+09,4.981560064e+10
943.149,32,32,185,2.415401308e+09,4.981560064e+10
943.350,30,30,197,2.279272924e+09,4.981560064e+10
943.551,28,28,212,2.15832696e+09,4.981560064e+10
943.752,27,27,219,2.020808082e+09,4.981560064e+10
943.953,27,27,219,1.918047634e+09,4.981560064e+10
944.154,25,25,237,1.804752896e+09,4.981560064e+10
944.355,25,25,237,1.71457536e+09,4.981560064e+10
944.556,24,24,247,1.602639058e+09,4.981560064e+10
944.757,24,24,247,1.470518482e+09,4.981560064e+10
944.958,23,23,258,1.334882203e+09,4.981560064e+10
945.159,22,22,269,1.239461787e+09,4.981560064e+10
945.360,22,22,269,1.125167003e+09,4.981560064e+10
945.561,21,21,282,1.036801883e+09,4.981560064e+10
945.762,20,20,296,9.67201001e+08,4.981560064e+10
945.963,19,19,312,8.97075827e+08,4.981560064e+10
946.164,19,19,312,8.34161267e+08,4.981560064e+10
946.365,18,18,329,7.76437463e+08,4.981560064e+10
946.566,16,16,371,7.37719672e+08,4.981560064e+10
946.767,16,16,371,7.12553848e+08,4.981560064e+10
946.968,16,16,371,6.8319372e+08,4.981560064e+10
947.169,16,16,371,6.47542136e+08,4.981560064e+10
947.370,16,16,371,6.21327736e+08,4.981560064e+10
947.571,16,16,371,5.84627576e+08,4.981560064e+10
947.771,16,16,371,5.573646e+08,4.981560064e+10
947.972,16,16,371,5.29053048e+08,4.981560064e+10
948.173,16,16,371,5.02838648e+08,4.981560064e+10
948.374,16,16,371,4.79769976e+08,4.981560064e+10
948.575,15,15,395,4.58981379e+08,4.981560064e+10
948.776,15,15,395,4.48495619e+08,4.981560064e+10
948.977,15,15,395,4.34864131e+08,4.981560064e+10
949.178,15,15,395,4.19135491e+08,4.981560064e+10
949.379,15,15,395,4.09698307e+08,4.981560064e+10
949.580,15,15,395,3.96066819e+08,4.981560064e+10
949.781,15,15,395,3.79289603e+08,4.981560064e+10
949.982,15,15,395,3.64609539e+08,4.981560064e+10
950.183,15,15,395,3.50978051e+08,4.981560064e+10
950.384,15,15,395,3.36297987e+08,4.981560064e+10
950.585,15,15,395,3.23715075e+08,4.981560064e+10
950.785,15,15,395,3.13229315e+08,4.981560064e+10
950.986,15,15,395,3.02743555e+08,4.981560064e+10
951.187,15,15,395,2.89112067e+08,4.981560064e+10
951.388,15,15,395,2.76529155e+08,4.981560064e+10
951.589,14,14,424,2.68920967e+08,4.981560064e+10
951.790,14,14,424,2.67872391e+08,4.981560064e+10
951.991,14,14,424,2.67872391e+08,4.981560064e+10
952.192,14,14,424,2.67872391e+08,4.981560064e+10
952.393,14,14,424,2.67872391e+08,4.981560064e+10
952.594,14,14,424,2.67872391e+08,4.981560064e+10
952.794,14,14,424,2.67872391e+08,4.981560064e+10
952.995,14,14,424,2.67872391e+08,4.981560064e+10
953.196,14,14,424,2.67872391e+08,4.981560064e+10
953.397,14,14,424,2.67872391e+08,4.981560064e+10
953.598,14,14,424,2.65775239e+08,4.981560064e+10
953.799,14,14,424,2.65775239e+08,4.981560064e+10
954.000,14,14,424,2.65775239e+08,4.981560064e+10
954.200,14,14,424,2.65775239e+08,4.981560064e+10
954.401,14,14,424,2.65775239e+08,4.981560064e+10
954.602,14,14,424,2.65775239e+08,4.981560064e+10
954.803,14,14,424,2.65775239e+08,4.981560064e+10
955.004,14,14,424,2.65775239e+08,4.981560064e+10
955.204,14,14,424,2.65775239e+08,4.981560064e+10
955.405,14,14,424,2.65775239e+08,4.981560064e+10
955.606,14,14,424,2.65775239e+08,4.981560064e+10
955.807,14,14,424,2.62629511e+08,4.981560064e+10
956.008,14,14,424,2.62629511e+08,4.981560064e+10
956.209,14,14,424,2.62629511e+08,4.981560064e+10
956.410,14,14,424,2.62629511e+08,4.981560064e+10
956.611,14,14,424,2.62629511e+08,4.981560064e+10
956.812,14,14,424,2.61580935e+08,4.981560064e+10
957.012,14,14,424,2.61580935e+08,4.981560064e+10
957.213,14,14,424,2.61580935e+08,4.981560064e+10
957.414,14,14,424,2.60532359e+08,4.981560064e+10
957.615,14,14,424,2.60532359e+08,4.981560064e+10
957.816,14,14,424,2.60532359e+08,4.981560064e+10
958.017,14,14,424,2.60532359e+08,4.981560064e+10
958.217,14,14,424,2.60532359e+08,4.981560064e+10
958.418,14,14,424,2.60532359e+08,4.981560064e+10
958.619,14,14,424,2.60532359e+08,4.981560064e+10
958.820,14,14,424,2.60532359e+08,4.981560064e+10
959.021,14,14,424,2.60532359e+08,4.981560064e+10
959.222,14,14,424,2.60532359e+08,4.981560064e+10
959.422,14,14,424,2.60532359e+08,4.981560064e+10
959.623,14,14,424,2.60532359e+08,4.981560064e+10
959.824,14,14,424,2.59483783e+08,4.981560064e+10
960.025,14,14,424,2.59483783e+08,4.981560064e+10
960.226,14,14,424,2.58435207e+08,4.981560064e+10
960.427,14,14,424,2.58435207e+08,4.981560064e+10
960.628,14,14,424,2.58435207e+08,4.981560064e+10
960.829,14,14,424,2.58435207e+08,4.981560064e+10
961.029,14,14,424,2.58435207e+08,4.981560064e+10
961.230,14,14,424,2.58435207e+08,4.981560064e+10
961.431,14,14,424,2.58435207e+08,4.981560064e+10
961.632,14,14,424,2.58435207e+08,4.981560064e+10
961.833,14,14,424,2.58435207e+08,4.981560064e+10
962.034,14,14,424,2.57386631e+08,4.981560064e+10
962.234,14,14,424,2.57386631e+08,4.981560064e+10
962.435,14,14,424,2.57386631e+08,4.981560064e+10
962.636,14,14,424,2.57386631e+08,4.981560064e+10
962.837,14,14,424,2.57386631e+08,4.981560064e+10
963.038,14,14,424,2.57386631e+08,4.981560064e+10
963.239,14,14,424,2.57386631e+08,4.981560064e+10
963.439,14,14,424,2.57386631e+08,4.981560064e+10
963.640,14,14,424,2.57386631e+08,4.981560064e+10
963.841,14,14,424,2.57386631e+08,4.981560064e+10
964.042,14,14,424,2.57386631e+08,4.981560064e+10
964.243,14,14,424,2.57386631e+08,4.981560064e+10
964.444,14,14,424,2.57386631e+08,4.981560064e+10
964.645,14,14,424,2.57386631e+08,4.981560064e+10
964.846,14,14,424,2.56338055e+08,4.981560064e+10
965.046,14,14,424,2.55289479e+08,4.981560064e+10
965.247,14,14,424,2.55289479e+08,4.981560064e+10
965.448,14,14,424,2.54240903e+08,4.981560064e+10
965.649,14,14,424,2.53192327e+08,4.981560064e+10
965.850,14,14,424,2.53192327e+08,4.981560064e+10
966.051,14,14,424,2.52143751e+08,4.981560064e+10
966.252,14,14,424,2.52143751e+08,4.981560064e+10
966.452,14,14,424,2.52143751e+08,4.981560064e+10
966.653,14,14,424,2.52143751e+08,4.981560064e+10
966.854,14,14,424,2.52143751e+08,4.981560064e+10
967.055,14,14,424,2.52143751e+08,4.981560064e+10
967.256,14,14,424,2.51095175e+08,4.981560064e+10
967.457,14,14,424,2.50046599e+08,4.981560064e+10
967.657,14,14,424,2.48998023e+08,4.981560064e+10
967.858,14,14,424,2.48998023e+08,4.981560064e+10
968.059,14,14,424,2.48998023e+08,4.981560064e+10
968.260,14,14,424,2.48998023e+08,4.981560064e+10
968.461,14,14,424,2.48998023e+08,4.981560064e+10
968.662,14,14,424,2.48998023e+08,4.981560064e+10
968.863,14,14,424,2.48998023e+08,4.981560064e+10
969.064,14,14,424,2.48998023e+08,4.981560064e+10
969.265,14,14,424,2.48998023e+08,4.981560064e+10
969.466,14,14,424,2.48998023e+08,4.981560064e+10
969.666,14,14,424,2.48998023e+08,4.981560064e+10
969.867,14,14,424,2.48998023e+08,4.981560064e+10
970.068,14,14,424,2.48998023e+08,4.981560064e+10
970.269,14,14,424,2.47949447e+08,4.981560064e+10
970.470,14,14,424,2.47949447e+08,4.981560064e+10
970.671,14,14,424,2.46900871e+08,4.981560064e+10
970.872,14,14,424,2.45852295e+08,4.981560064e+10
971.073,14,14,424,2.45852295e+08,4.981560064e+10
971.273,14,14,424,2.45852295e+08,4.981560064e+10
971.475,14,14,424,2.45852295e+08,4.981560064e+10
971.676,14,14,424,2.45852295e+08,4.981560064e+10
971.877,14,14,424,2.45852295e+08,4.981560064e+10
972.077,14,14,424,2.45852295e+08,4.981560064e+10
972.278,14,14,424,2.45852295e+08,4.981560064e+10
972.479,14,14,424,2.45852295e+08,4.981560064e+10
972.680,14,14,424,2.45852295e+08,4.981560064e+10
972.881,14,14,424,2.45852295e+08,4.981560064e+10
973.082,14,14,424,2.45852295e+08,4.981560064e+10
973.283,14,14,424,2.45852295e+08,4.981560064e+10
973.483,14,14,424,2.45852295e+08,4.981560064e+10
973.684,14,14,424,2.45852295e+08,4.981560064e+10
973.885,14,14,424,2.45852295e+08,4.981560064e+10
974.086,14,14,424,2.44803719e+08,4.981560064e+10
974.287,14,14,424,2.44803719e+08,4.981560064e+10
974.488,14,14,424,2.42706567e+08,4.981560064e+10
974.688,14,14,424,2.42706567e+08,4.981560064e+10
974.889,14,14,424,2.42706567e+08,4.981560064e+10
975.090,14,14,424,2.42706567e+08,4.981560064e+10
975.291,14,14,424,2.34317959e+08,4.981560064e+10
975.492,14,14,424,2.14395015e+08,4.981560064e+10
975.693,14,14,424,1.98666375e+08,4.981560064e+10
975.894,14,14,424,1.76646279e+08,4.981560064e+10
976.095,14,14,424,1.57771911e+08,4.981560064e+10
976.295,14,14,424,1.38897543e+08,4.981560064e+10
976.496,14,14,424,1.14780295e+08,4.981560064e+10
976.697,14,14,424,1.00100231e+08,4.981560064e+10
976.898,14,14,424,7.8080135e+07,4.981560064e+10
977.099,14,14,424,6.0254343e+07,4.981560064e+10
977.300,14,14,424,3.6137095e+07,4.981560064e+10
977.501,14,14,424,1.0971271e+07,4.981560064e+10
977.702,13,13,456,5.24288e+06,4.981560064e+10
977.903,13,13,456,5.24288e+06,4.981560064e+10
978.104,13,13,456,5.24288e+06,4.981560064e+10
978.305,13,13,456,4.194304e+06,4.981560064e+10
978.506,13,13,456,3.145728e+06,4.981560064e+10
978.707,13,13,456,3.145728e+06,4.981560064e+10
978.908,13,13,456,3.145728e+06,4.981560064e+10
979.109,13,13,456,3.145728e+06,4.981560064e+10
979.309,12,12,494,2.097152e+06,4.981560064e+10
979.510,12,12,494,2.097152e+06,4.981560064e+10
979.711,11,11,539,1.048576e+06,4.981560064e+10
979.912,11,11,539,1.048576e+06,4.981560064e+10
980.113,11,11,539,1.048576e+06,4.981560064e+10
980.314,11,11,539,1.048576e+06,4.981560064e+10
980.515,11,11,539,1.048576e+06,4.981560064e+10
980.716,11,11,539,1.048576e+06,4.981560064e+10
980.917,11,11,539,1.048576e+06,4.981560064e+10
981.118,11,11,539,1.048576e+06,4.981560064e+10
981.319,11,11,539,1.048576e+06,4.981560064e+10
981.520,11,11,539,1.048576e+06,4.981560064e+10
981.720,11,11,539,1.048576e+06,4.981560064e+10
981.921,11,11,539,1.048576e+06,4.981560064e+10
982.122,10,10,593,1.048576e+06,4.981560064e+10
982.323,10,10,593,0,4.981560064e+10
982.524,10,10,593,0,4.981560064e+10
982.725,10,10,593,0,4.981560064e+10
982.926,9,9,659,0,4.981560064e+10
983.127,8,8,742,0,4.981560064e+10
983.328,8,8,742,0,4.981560064e+10
983.529,8,8,742,0,4.981560064e+10
983.730,8,8,742,0,4.981560064e+10
983.931,8,8,742,0,4.981560064e+10
984.132,8,8,742,0,4.981560064e+10
984.332,8,8,742,0,4.981560064e+10
984.533,8,8,742,0,4.981560064e+10
984.734,8,8,742,0,4.981560064e+10
984.935,8,8,742,0,4.981560064e+10
985.136,8,8,742,0,4.981560064e+10
985.337,7,7,848,0,4.981560064e+10
985.538,7,7,848,0,4.981560064e+10
985.739,6,6,989,0,4.981560064e+10
985.939,6,6,989,0,4.981560064e+10
986.140,6,6,989,0,4.981560064e+10
986.341,6,6,989,0,4.981560064e+10
986.542,6,6,989,0,4.981560064e+10
986.743,5,5,1024,0,4.981560064e+10
986.944,5,5,1024,0,4.981560064e+10
987.145,5,5,1024,0,4.981560064e+10
987.346,5,5,1024,0,4.981560064e+10
987.547,5,5,1024,0,4.981560064e+10
987.748,5,5,1024,0,4.981560064e+10
987.948,5,5,1024,0,4.981560064e+10
988.149,4,4,1024,0,4.981560064e+10
988.350,4,4,1024,0,4.981560064e+10
988.551,4,4,1024,0,4.981560064e+10
988.752,4,4,1024,0,4.981560064e+10
988.954,4,4,1024,0,4.981560064e+10
989.155,4,4,1024,0,4.981560064e+10
989.356,4,4,1024,0,4.981560064e+10
989.557,4,4,1024,0,4.981560064e+10
989.758,4,4,1024,0,4.981560064e+10
989.959,4,4,1024,0,4.981560064e+10
990.160,4,4,1024,0,4.981560064e+10
990.361,4,4,1024,0,4.981560064e+10
990.562,4,4,1024,0,4.981560064e+10
990.763,4,4,1024,0,4.981560064e+10
990.964,4,4,1024,0,4.981560064e+10
991.165,4,4,1024,0,4.981560064e+10
991.366,4,4,1024,0,4.981560064e+10
991.567,4,4,1024,0,4.981560064e+10
991.768,4,4,1024,0,4.981560064e+10
991.969,3,3,1024,0,4.981560064e+10
992.170,3,3,1024,0,4.981560064e+10
992.371,3,3,1024,0,4.981560064e+10
992.572,3,3,1024,0,4.981560064e+10
992.772,3,3,1024,0,4.981560064e+10
992.973,3,3,1024,0,4.981560064e+10
993.174,3,3,1024,0,4.981560064e+10
993.375,3,3,1024,0,4.981560064e+10
993.576,3,3,1024,0,4.981560064e+10
993.777,3,3,1024,0,4.981560064e+10
993.978,3,3,1024,0,4.981560064e+10
994.179,3,3,1024,0,4.981560064e+10
994.380,3,3,1024,0,4.981560064e+10
994.581,3,3,1024,0,4.981560064e+10
994.782,3,3,1024,0,4.981560064e+10
994.983,3,3,1024,0,4.981560064e+10
995.184,3,3,1024,0,4.981560064e+10
995.385,3,3,1024,0,4.981560064e+10
995.586,3,3,1024,0,4.981560064e+10
995.787,2,2,1024,0,4.981560064e+10
995.988,2,2,1024,0,4.981560064e+10
996.189,2,2,1024,0,4.981560064e+10
996.390,2,2,1024,0,4.981560064e+10
996.590,2,2,1024,0,4.981560064e+10
996.791,1,1,1024,0,4.981560064e+10
996.992,1,1,1024,0,4.981560064e+10
997.193,1,1,1024,0,4.981560064e+10
997.394,1,1,1024,0,4.981560064e+10
997.594,1,1,1024,0,4.981560064e+10
997.796,1,1,1024,0,4.981560064e+10
997.996,1,1,1024,0,4.981560064e+10
998.197,1,1,1024,0,4.981560064e+10
998.398,1,1,1024,0,4.981560064e+10
998.599,1,1,1024,0,4.981560064e+10
998.800,1,1,1024,0,4.981560064e+10
999.001,1,1,1024,0,4.981560064e+10
999.202,1,1,1024,0,4.981560064e+10
999.402,1,1,1024,0,4.981560064e+10
999.603,1,1,1024,0,4.981560064e+10
999.804,1,1,1024,0,4.981560064e+10
1000.005,1,1,1024,0,4.981560064e+10
1000.205,1,1,1024,0,4.981560064e+10
1000.406,1,1,1024,0,4.981560064e+10
1000.607,1,1,1024,0,4.981560064e+10
1000.808,1,1,1024,0,4.981560064e+10
1001.008,1,1,1024,0,4.981560064e+10
1001.209,1,1,1024,0,4.981560064e+10
1001.410,1,1,1024,0,4.981560064e+10
1001.611,1,1,1024,0,4.981560064e+10
1001.812,1,1,1024,0,4.981560064e+10
1002.012,1,1,1024,0,4.981560064e+10
1002.213,1,1,1024,0,4.981560064e+10
1002.414,1,1,1024,0,4.981560064e+10
1002.615,1,1,1024,0,4.981560064e+10
1002.815,1,1,1024,0,4.981560064e+10
1003.016,1,1,1024,0,4.981560064e+10
